timestamp,open,high,low,close,volume,funding_rate,fear_greed,forecast,confidence,regime,strategy,total_portfolio_value,previous_allocation,allocation_change,approved_rebalance,succcess_execute_portfolio_rebalance,postRebalance_total_value,postRebalance_current_allocation,debug_info.error,debug_info.regime,debug_info.forecast_delta,debug_info.regime_scores,debug_info.regime_margin,debug_info.bars_in_regime,debug_approve_allocation_change.symbol,debug_approve_allocation_change.time,debug_execute_portfolio_rebalance.symbol,debug_execute_portfolio_rebalance.price,debug_execute_portfolio_rebalance.quantity,debug_execute_portfolio_rebalance.trade_type,balances.USDT.free,balances.USDT.locked,balances.BTCUSDT.free,balances.BTCUSDT.locked,postRebalance_balances.USDT.free,postRebalance_balances.USDT.locked,postRebalance_balances.BTCUSDT.free,postRebalance_balances.BTCUSDT.locked,debug_info.components.keltner_lower.last_history_value,debug_info.components.keltner_lower.post_pipeline_value,debug_info.components.keltner_lower.weight_normalized,debug_info.components.keltner_lower.weighted_contribution,debug_approve_allocation_change.controls.max_allocation_change.passed,debug_approve_allocation_change.controls.min_allocation_change.passed
2024-08-01 00:00:00,64628.01,64841.29,64316.55,64645.9,1271.22941,8.208e-05,52,0.0,0.0,NOT_READY,,1000.0,0.0,0.0,,,1000.0,0.0,Strategy not ready,,,,,,,,,,,,960.4736857984426,0.0,0.0,0.0,960.4736857984426,0.0,0.0,0.0,,,,,,
2024-08-01 01:00:00,64645.9,64816.01,64099.0,64202.0,1394.76324,8.208e-05,52,0.0,0.0,NOT_READY,,1000.0,0.0,0.0,,,1000.0,0.0,Strategy not ready,,,,,,,,,,,,960.4736857984426,0.0,0.0,0.0,960.4736857984426,0.0,0.0,0.0,,,,,,
2024-08-01 02:00:00,64202.0,64254.0,63900.0,64110.01,1829.24939,8.208e-05,52,0.0,0.0,NOT_READY,,1000.0,0.0,0.0,,,1000.0,0.0,Strategy not ready,,,,,,,,,,,,960.4736857984426,0.0,0.0,0.0,960.4736857984426,0.0,0.0,0.0,,,,,,
2024-08-01 03:00:00,64110.0,64139.82,63750.0,63936.01,1273.19128,8.208e-05,52,0.0,0.0,NOT_READY,,1000.0,0.0,0.0,,,1000.0,0.0,Strategy not ready,,,,,,,,,,,,960.4736857984426,0.0,0.0,0.0,960.4736857984426,0.0,0.0,0.0,,,,,,
2024-08-01 04:00:00,63936.01,64058.0,63613.33,63740.41,1258.10705,8.208e-05,52,0.0,0.0,NOT_READY,,1000.0,0.0,0.0,,,1000.0,0.0,Strategy not ready,,,,,,,,,,,,960.4736857984426,0.0,0.0,0.0,960.4736857984426,0.0,0.0,0.0,,,,,,
2024-08-01 05:00:00,63740.41,64357.38,63584.0,64303.99,1574.31338,8.208e-05,52,0.0,0.0,NOT_READY,,1000.0,0.0,0.0,,,1000.0,0.0,Strategy not ready,,,,,,,,,,,,960.4736857984426,0.0,0.0,0.0,960.4736857984426,0.0,0.0,0.0,,,,,,
2024-08-01 06:00:00,64304.0,64454.0,64124.0,64226.0,767.67304,8.208e-05,52,0.0,0.0,NOT_READY,,1000.0,0.0,0.0,,,1000.0,0.0,Strategy not ready,,,,,,,,,,,,960.4736857984426,0.0,0.0,0.0,960.4736857984426,0.0,0.0,0.0,,,,,,
2024-08-01 07:00:00,64226.0,64488.0,64216.71,64328.59,507.42839,8.208e-05,52,0.0,0.0,NOT_READY,,1000.0,0.0,0.0,,,1000.0,0.0,Strategy not ready,,,,,,,,,,,,960.4736857984426,0.0,0.0,0.0,960.4736857984426,0.0,0.0,0.0,,,,,,
2024-08-01 08:00:00,64328.6,64560.01,64310.0,64507.17,671.75258,0.0001,52,0.0,0.0,NOT_READY,,1000.0,0.0,0.0,,,1000.0,0.0,Strategy not ready,,,,,,,,,,,,960.4736857984426,0.0,0.0,0.0,960.4736857984426,0.0,0.0,0.0,,,,,,
2024-08-01 09:00:00,64507.18,64701.41,64441.2,64466.0,741.11821,0.0001,52,0.0,0.0,NOT_READY,,1000.0,0.0,0.0,,,1000.0,0.0,Strategy not ready,,,,,,,,,,,,960.4736857984426,0.0,0.0,0.0,960.4736857984426,0.0,0.0,0.0,,,,,,
2024-08-01 10:00:00,64466.01,64610.01,64299.87,64584.55,679.91455,0.0001,52,0.0,0.0,NOT_READY,,1000.0,0.0,0.0,,,1000.0,0.0,Strategy not ready,,,,,,,,,,,,960.4736857984426,0.0,0.0,0.0,960.4736857984426,0.0,0.0,0.0,,,,,,
2024-08-01 11:00:00,64584.54,64690.0,64467.4,64674.25,562.26161,0.0001,52,0.0,0.0,NOT_READY,,1000.0,0.0,0.0,,,1000.0,0.0,Strategy not ready,,,,,,,,,,,,960.4736857984426,0.0,0.0,0.0,960.4736857984426,0.0,0.0,0.0,,,,,,
2024-08-01 12:00:00,64674.26,64926.52,64634.89,64883.98,793.66658,0.0001,52,0.0,0.0,NOT_READY,,1000.0,0.0,0.0,,,1000.0,0.0,Strategy not ready,,,,,,,,,,,,960.4736857984426,0.0,0.0,0.0,960.4736857984426,0.0,0.0,0.0,,,,,,
2024-08-01 13:00:00,64883.99,64949.58,64466.21,64754.03,824.8589,0.0001,52,0.0,0.0,NOT_READY,,1000.0,0.0,0.0,,,1000.0,0.0,Strategy not ready,,,,,,,,,,,,960.4736857984426,0.0,0.0,0.0,960.4736857984426,0.0,0.0,0.0,,,,,,
2024-08-01 14:00:00,64754.02,64776.75,63928.1,63935.83,1520.44035,0.0001,52,0.0,0.0,NOT_READY,,1000.0,0.0,0.0,,,1000.0,0.0,Strategy not ready,,,,,,,,,,,,960.4736857984426,0.0,0.0,0.0,960.4736857984426,0.0,0.0,0.0,,,,,,
2024-08-01 15:00:00,63935.83,63962.0,62666.07,62906.6,4867.57964,0.0001,52,0.0,0.0,NOT_READY,,1000.0,0.0,0.0,,,1000.0,0.0,Strategy not ready,,,,,,,,,,,,960.4736857984426,0.0,0.0,0.0,960.4736857984426,0.0,0.0,0.0,,,,,,
2024-08-01 16:00:00,62907.44,63203.99,62652.55,62908.0,2247.41429,0.0001,52,0.0,0.0,NOT_READY,,1000.0,0.0,0.0,,,1000.0,0.0,Strategy not ready,,,,,,,,,,,,960.4736857984426,0.0,0.0,0.0,960.4736857984426,0.0,0.0,0.0,,,,,,
2024-08-01 17:00:00,62908.01,63254.82,62302.0,63220.0,2830.78277,0.0001,52,0.0,0.0,NOT_READY,,1000.0,0.0,0.0,,,1000.0,0.0,Strategy not ready,,,,,,,,,,,,960.4736857984426,0.0,0.0,0.0,960.4736857984426,0.0,0.0,0.0,,,,,,
2024-08-01 18:00:00,63220.0,63435.75,62811.26,62954.0,2268.81997,0.0001,52,0.0,0.0,NOT_READY,,1000.0,0.0,0.0,,,1000.0,0.0,Strategy not ready,,,,,,,,,,,,960.4736857984426,0.0,0.0,0.0,960.4736857984426,0.0,0.0,0.0,,,,,,
2024-08-01 19:00:00,62953.99,63509.83,62944.01,63422.01,1194.87928,0.0001,52,0.0,0.0,NOT_READY,,1000.0,0.0,0.0,,,1000.0,0.0,Strategy not ready,,,,,,,,,,,,960.4736857984426,0.0,0.0,0.0,960.4736857984426,0.0,0.0,0.0,,,,,,
2024-08-01 20:00:00,63422.01,64776.0,63336.61,64760.0,2346.97089,0.0001,52,0.0,0.0,NOT_READY,,1000.0,0.0,0.0,,,1000.0,0.0,Strategy not ready,,,,,,,,,,,,960.4736857984426,0.0,0.0,0.0,960.4736857984426,0.0,0.0,0.0,,,,,,
2024-08-01 21:00:00,64760.01,65356.0,64628.01,64889.03,1718.44824,0.0001,52,0.0,0.0,NOT_READY,,1000.0,0.0,0.0,,,1000.0,0.0,Strategy not ready,,,,,,,,,,,,960.4736857984426,0.0,0.0,0.0,960.4736857984426,0.0,0.0,0.0,,,,,,
2024-08-01 22:00:00,64889.04,65659.78,64869.49,65184.37,1352.78035,0.0001,52,0.0,0.0,NOT_READY,,1000.0,0.0,0.0,,,1000.0,0.0,Strategy not ready,,,,,,,,,,,,960.4736857984426,0.0,0.0,0.0,960.4736857984426,0.0,0.0,0.0,,,,,,
2024-08-01 23:00:00,65184.37,65470.84,65000.0,65354.02,1044.62515,0.0001,52,0.0,0.0,NOT_READY,,1000.0,0.0,0.0,,,1000.0,0.0,Strategy not ready,,,,,,,,,,,,960.4736857984426,0.0,0.0,0.0,960.4736857984426,0.0,0.0,0.0,,,,,,
2024-08-02 00:00:00,65354.02,65596.14,64895.83,64897.99,882.43436,0.0001,57,0.0,0.0,NOT_READY,,1000.0,0.0,0.0,,,1000.0,0.0,Strategy not ready,,,,,,,,,,,,960.4736857984426,0.0,0.0,0.0,960.4736857984426,0.0,0.0,0.0,,,,,,
2024-08-02 01:00:00,64898.0,64898.0,64548.01,64647.99,936.14981,0.0001,57,0.0,0.0,NOT_READY,,1000.0,0.0,0.0,,,1000.0,0.0,Strategy not ready,,,,,,,,,,,,960.4736857984426,0.0,0.0,0.0,960.4736857984426,0.0,0.0,0.0,,,,,,
2024-08-02 02:00:00,64648.0,64821.99,63668.0,64359.91,1590.23256,0.0001,57,0.0,0.0,NOT_READY,,1000.0,0.0,0.0,,,1000.0,0.0,Strategy not ready,,,,,,,,,,,,960.4736857984426,0.0,0.0,0.0,960.4736857984426,0.0,0.0,0.0,,,,,,
2024-08-02 03:00:00,64359.92,64636.8,64246.0,64609.18,754.34259,0.0001,57,0.0,0.0,NOT_READY,,1000.0,0.0,0.0,,,1000.0,0.0,Strategy not ready,,,,,,,,,,,,960.4736857984426,0.0,0.0,0.0,960.4736857984426,0.0,0.0,0.0,,,,,,
2024-08-02 04:00:00,64609.17,64655.17,64438.0,64531.99,490.12041,0.0001,57,0.0,0.0,NOT_READY,,1000.0,0.0,0.0,,,1000.0,0.0,Strategy not ready,,,,,,,,,,,,960.4736857984426,0.0,0.0,0.0,960.4736857984426,0.0,0.0,0.0,,,,,,
2024-08-02 05:00:00,64531.98,64541.72,64078.0,64170.01,1001.77839,0.0001,57,0.0,0.0,NOT_READY,,1000.0,0.0,0.0,,,1000.0,0.0,Strategy not ready,,,,,,,,,,,,960.4736857984426,0.0,0.0,0.0,960.4736857984426,0.0,0.0,0.0,,,,,,
2024-08-02 06:00:00,64170.01,64640.0,63807.29,64477.21,1386.59857,0.0001,57,0.0,0.0,NOT_READY,,1000.0,0.0,0.0,,,1000.0,0.0,Strategy not ready,,,,,,,,,,,,960.4736857984426,0.0,0.0,0.0,960.4736857984426,0.0,0.0,0.0,,,,,,
2024-08-02 07:00:00,64477.22,64516.01,64124.87,64164.07,944.57984,0.0001,57,0.0,0.0,NOT_READY,,1000.0,0.0,0.0,,,1000.0,0.0,Strategy not ready,,,,,,,,,,,,960.4736857984426,0.0,0.0,0.0,960.4736857984426,0.0,0.0,0.0,,,,,,
2024-08-02 08:00:00,64164.07,64610.0,64044.0,64598.01,1005.20836,0.0001,57,0.0,0.0,NOT_READY,,1000.0,0.0,0.0,,,1000.0,0.0,Strategy not ready,,,,,,,,,,,,960.4736857984426,0.0,0.0,0.0,960.4736857984426,0.0,0.0,0.0,,,,,,
2024-08-02 09:00:00,64598.01,64618.75,64420.8,64511.99,560.78311,0.0001,57,0.0,0.0,NOT_READY,,1000.0,0.0,0.0,,,1000.0,0.0,Strategy not ready,,,,,,,,,,,,960.4736857984426,0.0,0.0,0.0,960.4736857984426,0.0,0.0,0.0,,,,,,
2024-08-02 10:00:00,64512.0,64873.61,64350.0,64764.93,804.0882,0.0001,57,0.0,0.0,NOT_READY,,1000.0,0.0,0.0,,,1000.0,0.0,Strategy not ready,,,,,,,,,,,,960.4736857984426,0.0,0.0,0.0,960.4736857984426,0.0,0.0,0.0,,,,,,
2024-08-02 11:00:00,64764.93,64974.0,64649.96,64660.01,932.49056,0.0001,57,0.0,0.0,NOT_READY,,1000.0,0.0,0.0,,,1000.0,0.0,Strategy not ready,,,,,,,,,,,,960.4736857984426,0.0,0.0,0.0,960.4736857984426,0.0,0.0,0.0,,,,,,
2024-08-02 12:00:00,64660.01,64940.01,64118.6,64846.0,2278.09126,0.0001,57,0.0,0.0,NOT_READY,,1000.0,0.0,0.0,,,1000.0,0.0,Strategy not ready,,,,,,,,,,,,960.4736857984426,0.0,0.0,0.0,960.4736857984426,0.0,0.0,0.0,,,,,,
2024-08-02 13:00:00,64846.0,65524.01,64558.15,65229.99,2709.88702,0.0001,57,0.0,0.0,NOT_READY,,1000.0,0.0,0.0,,,1000.0,0.0,Strategy not ready,,,,,,,,,,,,960.4736857984426,0.0,0.0,0.0,960.4736857984426,0.0,0.0,0.0,,,,,,
2024-08-02 14:00:00,65229.99,65366.01,63102.0,63157.95,4724.50891,0.0001,57,0.0,0.0,NOT_READY,,1000.0,0.0,0.0,,,1000.0,0.0,Strategy not ready,,,,,,,,,,,,960.4736857984426,0.0,0.0,0.0,960.4736857984426,0.0,0.0,0.0,,,,,,
2024-08-02 15:00:00,63157.95,63636.46,62432.9,63416.01,4670.33215,0.0001,57,0.0,0.0,NOT_READY,,1000.0,0.0,0.0,,,1000.0,0.0,Strategy not ready,,,,,,,,,,,,960.4736857984426,0.0,0.0,0.0,960.4736857984426,0.0,0.0,0.0,,,,,,
2024-08-02 16:00:00,63416.0,63611.24,62964.41,63307.38,1657.67588,0.0001,57,0.0,0.0,NOT_READY,,1000.0,0.0,0.0,,,1000.0,0.0,Strategy not ready,,,,,,,,,,,,960.4736857984426,0.0,0.0,0.0,960.4736857984426,0.0,0.0,0.0,,,,,,
2024-08-02 17:00:00,63307.39,63456.01,63066.0,63098.01,743.54298,0.0001,57,0.0,0.0,NOT_READY,,1000.0,0.0,0.0,,,1000.0,0.0,Strategy not ready,,,,,,,,,,,,960.4736857984426,0.0,0.0,0.0,960.4736857984426,0.0,0.0,0.0,,,,,,
2024-08-02 18:00:00,63098.01,63220.0,62784.0,62898.25,1026.49958,0.0001,57,0.0,0.0,NOT_READY,,1000.0,0.0,0.0,,,1000.0,0.0,Strategy not ready,,,,,,,,,,,,960.4736857984426,0.0,0.0,0.0,960.4736857984426,0.0,0.0,0.0,,,,,,
2024-08-02 19:00:00,62898.24,62981.56,62515.0,62633.57,1627.26837,0.0001,57,0.0,0.0,NOT_READY,,1000.0,0.0,0.0,,,1000.0,0.0,Strategy not ready,,,,,,,,,,,,960.4736857984426,0.0,0.0,0.0,960.4736857984426,0.0,0.0,0.0,,,,,,
2024-08-02 20:00:00,62633.58,63187.26,62088.0,62622.01,2476.71591,0.0001,57,0.0,0.0,NOT_READY,,1000.0,0.0,0.0,,,1000.0,0.0,Strategy not ready,,,,,,,,,,,,960.4736857984426,0.0,0.0,0.0,960.4736857984426,0.0,0.0,0.0,,,,,,
2024-08-02 21:00:00,62622.01,62736.01,61286.54,61987.01,2830.77006,0.0001,57,0.0,0.0,NOT_READY,,1000.0,0.0,0.0,,,1000.0,0.0,Strategy not ready,,,,,,,,,,,,960.4736857984426,0.0,0.0,0.0,960.4736857984426,0.0,0.0,0.0,,,,,,
2024-08-02 22:00:00,61987.02,62250.0,61230.01,61386.01,1492.72604,0.0001,57,0.0,0.0,NOT_READY,,1000.0,0.0,0.0,,,1000.0,0.0,Strategy not ready,,,,,,,,,,,,960.4736857984426,0.0,0.0,0.0,960.4736857984426,0.0,0.0,0.0,,,,,,
2024-08-02 23:00:00,61386.01,61782.0,61311.0,61498.33,1293.60445,0.0001,57,0.0,0.0,NOT_READY,,1000.0,0.0,0.0,,,1000.0,0.0,Strategy not ready,,,,,,,,,,,,960.4736857984426,0.0,0.0,0.0,960.4736857984426,0.0,0.0,0.0,,,,,,
2024-08-03 00:00:00,61498.34,61725.78,60903.0,61132.01,2158.32562,0.0001,37,0.0,0.0,NOT_READY,,1000.0,0.0,0.0,,,1000.0,0.0,Strategy not ready,,,,,,,,,,,,960.4736857984426,0.0,0.0,0.0,960.4736857984426,0.0,0.0,0.0,,,,,,
2024-08-03 01:00:00,61132.01,61390.12,60505.0,61342.01,2498.20118,0.0001,37,0.0,0.0,NOT_READY,,1000.0,0.0,0.0,,,1000.0,0.0,Strategy not ready,,,,,,,,,,,,960.4736857984426,0.0,0.0,0.0,960.4736857984426,0.0,0.0,0.0,,,,,,
2024-08-03 02:00:00,61342.01,61614.0,61217.99,61450.01,1235.71624,0.0001,37,0.0,0.0,NOT_READY,,1000.0,0.0,0.0,,,1000.0,0.0,Strategy not ready,,,,,,,,,,,,960.4736857984426,0.0,0.0,0.0,960.4736857984426,0.0,0.0,0.0,,,,,,
2024-08-03 03:00:00,61450.01,61975.0,61310.9,61895.99,1165.23343,0.0001,37,0.0,0.0,NOT_READY,,1000.0,0.0,0.0,,,1000.0,0.0,Strategy not ready,,,,,,,,,,,,960.4736857984426,0.0,0.0,0.0,960.4736857984426,0.0,0.0,0.0,,,,,,
2024-08-03 04:00:00,61895.99,61981.43,61398.01,61566.25,674.61075,0.0001,37,0.0,0.0,NOT_READY,,1000.0,0.0,0.0,,,1000.0,0.0,Strategy not ready,,,,,,,,,,,,960.4736857984426,0.0,0.0,0.0,960.4736857984426,0.0,0.0,0.0,,,,,,
2024-08-03 05:00:00,61566.26,61720.34,61512.0,61693.99,369.59368,0.0001,37,0.0,0.0,NOT_READY,,1000.0,0.0,0.0,,,1000.0,0.0,Strategy not ready,,,,,,,,,,,,960.4736857984426,0.0,0.0,0.0,960.4736857984426,0.0,0.0,0.0,,,,,,
2024-08-03 06:00:00,61694.0,61847.11,61674.69,61827.89,391.96603,0.0001,37,0.0,0.0,NOT_READY,,1000.0,0.0,0.0,,,1000.0,0.0,Strategy not ready,,,,,,,,,,,,960.4736857984426,0.0,0.0,0.0,960.4736857984426,0.0,0.0,0.0,,,,,,
2024-08-03 07:00:00,61827.89,61906.37,61618.7,61662.01,591.46276,0.0001,37,0.0,0.0,NOT_READY,,1000.0,0.0,0.0,,,1000.0,0.0,Strategy not ready,,,,,,,,,,,,960.4736857984426,0.0,0.0,0.0,960.4736857984426,0.0,0.0,0.0,,,,,,
2024-08-03 08:00:00,61662.02,61740.6,61480.0,61629.68,536.12938,9.788e-05,37,0.0,0.0,NOT_READY,,1000.0,0.0,0.0,,,1000.0,0.0,Strategy not ready,,,,,,,,,,,,960.4736857984426,0.0,0.0,0.0,960.4736857984426,0.0,0.0,0.0,,,,,,
2024-08-03 09:00:00,61629.68,61749.07,61457.89,61735.99,468.75911,9.788e-05,37,0.0,0.0,NOT_READY,,1000.0,0.0,0.0,,,1000.0,0.0,Strategy not ready,,,,,,,,,,,,960.4736857984426,0.0,0.0,0.0,960.4736857984426,0.0,0.0,0.0,,,,,,
2024-08-03 10:00:00,61735.98,61885.9,61668.06,61822.01,462.84734,9.788e-05,37,0.0,0.0,NOT_READY,,1000.0,0.0,0.0,,,1000.0,0.0,Strategy not ready,,,,,,,,,,,,960.4736857984426,0.0,0.0,0.0,960.4736857984426,0.0,0.0,0.0,,,,,,
2024-08-03 11:00:00,61822.01,62002.39,61785.51,61919.38,528.52742,9.788e-05,37,0.0,0.0,NOT_READY,,1000.0,0.0,0.0,,,1000.0,0.0,Strategy not ready,,,,,,,,,,,,960.4736857984426,0.0,0.0,0.0,960.4736857984426,0.0,0.0,0.0,,,,,,
2024-08-03 12:00:00,61919.38,62198.22,61847.04,62002.71,824.67931,9.788e-05,37,0.0,0.0,NOT_READY,,1000.0,0.0,0.0,,,1000.0,0.0,Strategy not ready,,,,,,,,,,,,960.4736857984426,0.0,0.0,0.0,960.4736857984426,0.0,0.0,0.0,,,,,,
2024-08-03 13:00:00,62002.71,62040.01,61844.49,62007.99,483.17523,9.788e-05,37,0.0,0.0,NOT_READY,,1000.0,0.0,0.0,,,1000.0,0.0,Strategy not ready,,,,,,,,,,,,960.4736857984426,0.0,0.0,0.0,960.4736857984426,0.0,0.0,0.0,,,,,,
2024-08-03 14:00:00,62007.99,62173.01,61900.0,61990.0,522.43205,9.788e-05,37,0.0,0.0,NOT_READY,,1000.0,0.0,0.0,,,1000.0,0.0,Strategy not ready,,,,,,,,,,,,960.4736857984426,0.0,0.0,0.0,960.4736857984426,0.0,0.0,0.0,,,,,,
2024-08-03 15:00:00,61990.0,62088.38,60833.33,60879.0,1851.0634,9.788e-05,37,0.0,0.0,NOT_READY,,1000.0,0.0,0.0,,,1000.0,0.0,Strategy not ready,,,,,,,,,,,,960.4736857984426,0.0,0.0,0.0,960.4736857984426,0.0,0.0,0.0,,,,,,
2024-08-03 16:00:00,60879.01,61288.0,60387.0,60912.01,3779.61996,9.788e-05,37,0.0,0.0,NOT_READY,,1000.0,0.0,0.0,,,1000.0,0.0,Strategy not ready,,,,,,,,,,,,960.4736857984426,0.0,0.0,0.0,960.4736857984426,0.0,0.0,0.0,,,,,,
2024-08-03 17:00:00,60912.01,61015.5,60450.0,60576.0,1471.63779,4.247e-05,37,0.0,0.0,NOT_READY,,1000.0,0.0,0.0,,,1000.0,0.0,Strategy not ready,,,,,,,,,,,,960.4736857984426,0.0,0.0,0.0,960.4736857984426,0.0,0.0,0.0,,,,,,
2024-08-03 18:00:00,60575.99,60840.0,60174.54,60243.97,1887.75774,4.247e-05,37,0.0,0.0,NOT_READY,,1000.0,0.0,0.0,,,1000.0,0.0,Strategy not ready,,,,,,,,,,,,960.4736857984426,0.0,0.0,0.0,960.4736857984426,0.0,0.0,0.0,,,,,,
2024-08-03 19:00:00,60243.97,60628.24,59920.0,60246.0,2092.03786,4.247e-05,37,0.0,0.0,NOT_READY,,1000.0,0.0,0.0,,,1000.0,0.0,Strategy not ready,,,,,,,,,,,,960.4736857984426,0.0,0.0,0.0,960.4736857984426,0.0,0.0,0.0,,,,,,
2024-08-03 20:00:00,60246.01,60716.64,60158.0,60395.97,965.52159,4.247e-05,37,0.0,0.0,NOT_READY,,1000.0,0.0,0.0,,,1000.0,0.0,Strategy not ready,,,,,,,,,,,,960.4736857984426,0.0,0.0,0.0,960.4736857984426,0.0,0.0,0.0,,,,,,
2024-08-03 21:00:00,60395.97,60849.93,59850.0,60648.0,1578.50839,4.247e-05,37,0.0,0.0,NOT_READY,,1000.0,0.0,0.0,,,1000.0,0.0,Strategy not ready,,,,,,,,,,,,960.4736857984426,0.0,0.0,0.0,960.4736857984426,0.0,0.0,0.0,,,,,,
2024-08-03 22:00:00,60648.0,60765.0,60370.67,60629.84,597.64878,4.247e-05,37,0.0,0.0,NOT_READY,,1000.0,0.0,0.0,,,1000.0,0.0,Strategy not ready,,,,,,,,,,,,960.4736857984426,0.0,0.0,0.0,960.4736857984426,0.0,0.0,0.0,,,,,,
2024-08-03 23:00:00,60629.85,60830.0,60380.0,60697.99,899.26063,4.247e-05,37,0.0,0.0,NOT_READY,,1000.0,0.0,0.0,,,1000.0,0.0,Strategy not ready,,,,,,,,,,,,960.4736857984426,0.0,0.0,0.0,960.4736857984426,0.0,0.0,0.0,,,,,,
2024-08-04 00:00:00,60697.99,60814.16,60597.32,60747.0,612.35285,0.0001,34,0.0,0.0,NOT_READY,,1000.0,0.0,0.0,,,1000.0,0.0,Strategy not ready,,,,,,,,,,,,960.4736857984426,0.0,0.0,0.0,960.4736857984426,0.0,0.0,0.0,,,,,,
2024-08-04 01:00:00,60747.0,60774.02,60320.0,60743.58,550.52464,0.0001,34,0.0,0.0,NOT_READY,,1000.0,0.0,0.0,,,1000.0,0.0,Strategy not ready,,,,,,,,,,,,960.4736857984426,0.0,0.0,0.0,960.4736857984426,0.0,0.0,0.0,,,,,,
2024-08-04 02:00:00,60743.57,61117.63,60714.29,60886.95,879.07402,0.0001,34,0.0,0.0,NOT_READY,,1000.0,0.0,0.0,,,1000.0,0.0,Strategy not ready,,,,,,,,,,,,960.4736857984426,0.0,0.0,0.0,960.4736857984426,0.0,0.0,0.0,,,,,,
2024-08-04 03:00:00,60886.96,60902.36,60692.0,60735.0,460.77491,0.0001,34,0.0,0.0,NOT_READY,,1000.0,0.0,0.0,,,1000.0,0.0,Strategy not ready,,,,,,,,,,,,960.4736857984426,0.0,0.0,0.0,960.4736857984426,0.0,0.0,0.0,,,,,,
2024-08-04 04:00:00,60735.0,60792.47,60546.67,60564.12,399.81815,0.0001,34,0.0,0.0,NOT_READY,,1000.0,0.0,0.0,,,1000.0,0.0,Strategy not ready,,,,,,,,,,,,960.4736857984426,0.0,0.0,0.0,960.4736857984426,0.0,0.0,0.0,,,,,,
2024-08-04 05:00:00,60564.12,60938.54,60542.5,60792.0,468.34097,0.0001,34,0.0,0.0,NOT_READY,,1000.0,0.0,0.0,,,1000.0,0.0,Strategy not ready,,,,,,,,,,,,960.4736857984426,0.0,0.0,0.0,960.4736857984426,0.0,0.0,0.0,,,,,,
2024-08-04 06:00:00,60792.0,60871.5,60714.6,60819.61,284.28564,0.0001,34,0.0,0.0,NOT_READY,,1000.0,0.0,0.0,,,1000.0,0.0,Strategy not ready,,,,,,,,,,,,960.4736857984426,0.0,0.0,0.0,960.4736857984426,0.0,0.0,0.0,,,,,,
2024-08-04 07:00:00,60819.6,60830.0,60260.0,60373.99,819.82285,0.0001,34,0.0,0.0,NOT_READY,,1000.0,0.0,0.0,,,1000.0,0.0,Strategy not ready,,,,,,,,,,,,960.4736857984426,0.0,0.0,0.0,960.4736857984426,0.0,0.0,0.0,,,,,,
2024-08-04 08:00:00,60374.0,60666.0,60081.57,60565.41,862.41634,5.343e-05,34,0.0,0.0,NOT_READY,,1000.0,0.0,0.0,,,1000.0,0.0,Strategy not ready,,,,,,,,,,,,960.4736857984426,0.0,0.0,0.0,960.4736857984426,0.0,0.0,0.0,,,,,,
2024-08-04 09:00:00,60566.0,60740.0,60504.0,60708.0,332.05825,5.343e-05,34,0.0,0.0,NOT_READY,,1000.0,0.0,0.0,,,1000.0,0.0,Strategy not ready,,,,,,,,,,,,960.4736857984426,0.0,0.0,0.0,960.4736857984426,0.0,0.0,0.0,,,,,,
2024-08-04 10:00:00,60708.0,60828.7,60529.08,60812.01,494.27022,5.343e-05,34,0.0,0.0,NOT_READY,,1000.0,0.0,0.0,,,1000.0,0.0,Strategy not ready,,,,,,,,,,,,960.4736857984426,0.0,0.0,0.0,960.4736857984426,0.0,0.0,0.0,,,,,,
2024-08-04 11:00:00,60812.01,61000.0,60779.0,60896.0,491.41428,5.343e-05,34,0.0,0.0,NOT_READY,,1000.0,0.0,0.0,,,1000.0,0.0,Strategy not ready,,,,,,,,,,,,960.4736857984426,0.0,0.0,0.0,960.4736857984426,0.0,0.0,0.0,,,,,,
2024-08-04 12:00:00,60896.0,61097.55,60800.0,61062.0,451.93334,5.343e-05,34,0.0,0.0,NOT_READY,,1000.0,0.0,0.0,,,1000.0,0.0,Strategy not ready,,,,,,,,,,,,960.4736857984426,0.0,0.0,0.0,960.4736857984426,0.0,0.0,0.0,,,,,,
2024-08-04 13:00:00,61062.0,61089.36,60822.0,60822.01,429.99502,5.343e-05,34,0.0,0.0,NOT_READY,,1000.0,0.0,0.0,,,1000.0,0.0,Strategy not ready,,,,,,,,,,,,960.4736857984426,0.0,0.0,0.0,960.4736857984426,0.0,0.0,0.0,,,,,,
2024-08-04 14:00:00,60822.01,60876.0,59317.0,59586.7,3573.41697,5.343e-05,34,0.0,0.0,NOT_READY,,1000.0,0.0,0.0,,,1000.0,0.0,Strategy not ready,,,,,,,,,,,,960.4736857984426,0.0,0.0,0.0,960.4736857984426,0.0,0.0,0.0,,,,,,
2024-08-04 15:00:00,59586.69,59600.0,58960.0,59086.01,2940.33636,5.343e-05,34,0.0,0.0,NOT_READY,,1000.0,0.0,0.0,,,1000.0,0.0,Strategy not ready,,,,,,,,,,,,960.4736857984426,0.0,0.0,0.0,960.4736857984426,0.0,0.0,0.0,,,,,,
2024-08-04 16:00:00,59086.01,59314.57,58621.0,58663.9,2156.62874,0.0001,34,0.0,0.0,NOT_READY,,1000.0,0.0,0.0,,,1000.0,0.0,Strategy not ready,,,,,,,,,,,,960.4736857984426,0.0,0.0,0.0,960.4736857984426,0.0,0.0,0.0,,,,,,
2024-08-04 17:00:00,58663.9,58750.0,57122.77,57864.43,5593.91789,0.0001,34,0.0,0.0,NOT_READY,,1000.0,0.0,0.0,,,1000.0,0.0,Strategy not ready,,,,,,,,,,,,960.4736857984426,0.0,0.0,0.0,960.4736857984426,0.0,0.0,0.0,,,,,,
2024-08-04 18:00:00,57864.43,58930.58,57748.85,58770.6,2855.09279,0.0001,34,0.0,0.0,NOT_READY,,1000.0,0.0,0.0,,,1000.0,0.0,Strategy not ready,,,,,,,,,,,,960.4736857984426,0.0,0.0,0.0,960.4736857984426,0.0,0.0,0.0,,,,,,
2024-08-04 19:00:00,58770.6,59497.21,58530.8,59257.66,2334.95061,0.0001,34,0.0,0.0,NOT_READY,,1000.0,0.0,0.0,,,1000.0,0.0,Strategy not ready,,,,,,,,,,,,960.4736857984426,0.0,0.0,0.0,960.4736857984426,0.0,0.0,0.0,,,,,,
2024-08-04 20:00:00,59257.67,59583.0,58850.39,59158.0,1086.95356,0.0001,34,0.0,0.0,NOT_READY,,1000.0,0.0,0.0,,,1000.0,0.0,Strategy not ready,,,,,,,,,,,,960.4736857984426,0.0,0.0,0.0,960.4736857984426,0.0,0.0,0.0,,,,,,
2024-08-04 21:00:00,59158.01,59163.52,58357.15,58459.98,1164.75251,0.0001,34,0.0,0.0,NOT_READY,,1000.0,0.0,0.0,,,1000.0,0.0,Strategy not ready,,,,,,,,,,,,960.4736857984426,0.0,0.0,0.0,960.4736857984426,0.0,0.0,0.0,,,,,,
2024-08-04 22:00:00,58459.98,59133.33,58392.21,58715.83,1092.088,0.0001,34,0.0,0.0,NOT_READY,,1000.0,0.0,0.0,,,1000.0,0.0,Strategy not ready,,,,,,,,,,,,960.4736857984426,0.0,0.0,0.0,960.4736857984426,0.0,0.0,0.0,,,,,,
2024-08-04 23:00:00,58715.83,58762.01,58001.81,58161.0,1281.30112,0.0001,34,0.0,0.0,NOT_READY,,1000.0,0.0,0.0,,,1000.0,0.0,Strategy not ready,,,,,,,,,,,,960.4736857984426,0.0,0.0,0.0,960.4736857984426,0.0,0.0,0.0,,,,,,
2024-08-05 00:00:00,58161.0,58305.59,55701.0,56174.02,6366.26136,0.0001,26,0.0,0.0,NOT_READY,,1000.0,0.0,0.0,,,1000.0,0.0,Strategy not ready,,,,,,,,,,,,960.4736857984426,0.0,0.0,0.0,960.4736857984426,0.0,0.0,0.0,,,,,,
2024-08-05 01:00:00,56174.01,56294.0,52300.17,54432.65,18291.93944,0.0001,26,0.0,0.0,NOT_READY,,1000.0,0.0,0.0,,,1000.0,0.0,Strategy not ready,,,,,,,,,,,,960.4736857984426,0.0,0.0,0.0,960.4736857984426,0.0,0.0,0.0,,,,,,
2024-08-05 02:00:00,54432.65,54720.0,53600.0,54697.98,7647.8959,0.0001,26,0.0,0.0,NOT_READY,,1000.0,0.0,0.0,,,1000.0,0.0,Strategy not ready,,,,,,,,,,,,960.4736857984426,0.0,0.0,0.0,960.4736857984426,0.0,0.0,0.0,,,,,,
2024-08-05 03:00:00,54697.98,54713.99,53797.14,53890.87,3830.3656,0.0001,26,0.0,0.0,NOT_READY,,1000.0,0.0,0.0,,,1000.0,0.0,Strategy not ready,,,,,,,,,,,,960.4736857984426,0.0,0.0,0.0,960.4736857984426,0.0,0.0,0.0,,,,,,
2024-08-05 04:00:00,53890.87,54576.71,53394.01,53528.01,4506.48269,0.0001,26,0.0,0.0,NOT_READY,,1000.0,0.0,0.0,,,1000.0,0.0,Strategy not ready,,,,,,,,,,,,960.4736857984426,0.0,0.0,0.0,960.4736857984426,0.0,0.0,0.0,,,,,,
2024-08-05 05:00:00,53526.01,53856.05,52300.0,52718.0,9486.11842,0.0001,26,0.0,0.0,NOT_READY,,1000.0,0.0,0.0,,,1000.0,0.0,Strategy not ready,,,,,,,,,,,,960.4736857984426,0.0,0.0,0.0,960.4736857984426,0.0,0.0,0.0,,,,,,
2024-08-05 06:00:00,52717.99,52994.28,49000.0,51588.0,20888.72287,0.0001,26,0.0,0.0,NOT_READY,,1000.0,0.0,0.0,,,1000.0,0.0,Strategy not ready,,,,,,,,,,,,960.4736857984426,0.0,0.0,0.0,960.4736857984426,0.0,0.0,0.0,,,,,,
2024-08-05 07:00:00,51588.0,53088.22,51356.02,52674.19,8503.60672,0.0001,26,0.0,0.0,NOT_READY,,1000.0,0.0,0.0,,,1000.0,0.0,Strategy not ready,,,,,,,,,,,,960.4736857984426,0.0,0.0,0.0,960.4736857984426,0.0,0.0,0.0,,,,,,
2024-08-05 08:00:00,52674.2,53218.37,52288.0,52752.0,5272.69477,4.429e-05,26,20.0,0.0,trending,,1000.0,0.0,2.0,True,True,998.0000000000002,2.0020040080160317,,trending,20.0,{},,1.0,BTCUSDT,2024-08-05 08:00:00,BTCUSDT,52752.0,0.03791325447376403,LONG,960.4736857984426,0.0,0.0,0.0,960.4736857984426,0.0,0.0,0.0,24.0,24.0,1.0,24.0,True,True
2024-08-05 09:00:00,52752.0,52935.63,51750.01,52667.8,3568.47028,4.429e-05,26,20.0,0.0,trending,,994.8108962693359,2.0052161709829717,-0.0052161709829716685,False,,994.8108962693359,2.0052161709829717,,trending,0.0,{},,2.0,BTCUSDT,2024-08-05 09:00:00,,,,,960.4736857984426,0.0,0.0,0.0,960.4736857984426,0.0,0.0,0.0,24.0,24.0,1.0,24.0,True,False
2024-08-05 10:00:00,52667.8,52667.8,50671.66,51386.0,5666.36487,4.429e-05,26,20.0,0.0,trending,,946.2622838944496,2.05678945152964,-0.0567894515296401,False,,946.2622838944496,2.05678945152964,,trending,0.0,{},,3.0,BTCUSDT,2024-08-05 10:00:00,,,,,960.4736857984426,0.0,0.0,0.0,960.4736857984426,0.0,0.0,0.0,24.0,24.0,1.0,24.0,True,False
2024-08-05 11:00:00,51384.0,51899.99,50633.47,51340.0,4715.94005,4.429e-05,26,20.0,0.0,trending,,944.5200181983623,2.058738809906288,-0.058738809906288214,False,,944.5200181983623,2.058738809906288,,trending,0.0,{},,4.0,BTCUSDT,2024-08-05 11:00:00,,,,,960.4736857984426,0.0,0.0,0.0,960.4736857984426,0.0,0.0,0.0,24.0,24.0,1.0,24.0,True,False
2024-08-05 12:00:00,51340.0,51542.0,49542.83,49804.0,10310.06291,4.429e-05,26,20.0,0.0,trending,,886.3434940855325,2.128230766822213,-0.12823076682221313,False,,886.3434940855325,2.128230766822213,,trending,0.0,{},,5.0,BTCUSDT,2024-08-05 12:00:00,,,,,960.4736857984426,0.0,0.0,0.0,960.4736857984426,0.0,0.0,0.0,24.0,24.0,1.0,24.0,True,False
2024-08-05 13:00:00,49804.01,52534.09,49599.9,51951.0,11920.84778,4.429e-05,26,17.43223678228812,0.0,trending,,967.6618516833487,2.033418852112849,-0.29019517388403715,True,True,967.3810408840385,1.74372970017236,,trending,-2.5677632177118817,{},,6.0,BTCUSDT,2024-08-05 13:00:00,BTCUSDT,51951.0,0.005405301135881864,REDUCE_LONG,960.4736857984426,0.0,0.0,0.0,960.4736857984426,0.0,0.0,0.0,17.43223678228812,17.43223678228812,1.0,17.43223678228812,True,True
2024-08-05 14:00:00,51951.01,54516.01,51951.01,54061.68,11347.47221,4.429e-05,26,0.14534768853950875,0.0,trending,,1035.914905087287,1.6945261700124763,-1.6799914011585255,True,True,1034.1745769544084,0.014559228232188467,,trending,-17.28688909374861,{},,7.0,BTCUSDT,2024-08-05 14:00:00,BTCUSDT,54061.68,0.03219152887735994,REDUCE_LONG,960.4736857984426,0.0,0.0,0.0,960.4736857984426,0.0,0.0,0.0,0.14534768853950875,0.14534768853950875,1.0,0.14534768853950875,True,True
2024-08-05 15:00:00,54061.67,54980.0,53500.0,54321.09,6182.10967,4.429e-05,26,-1.6847067903495359,0.0,trending,,1034.2468255463693,0.014628067416861436,-0.183098746451815,False,,1034.2468255463693,0.014628067416861436,,trending,-1.8300544788890445,{},,8.0,BTCUSDT,2024-08-05 15:00:00,,,,,960.4736857984426,0.0,0.0,0.0,960.4736857984426,0.0,0.0,0.0,-1.6847067903495359,-1.6847067903495359,1.0,-1.6847067903495359,True,False
2024-08-05 16:00:00,54321.08,55600.0,54034.0,54039.11,5846.92743,5.967e-05,26,0.4372811920702102,0.0,trending,,1034.1682909564877,0.014553238415350831,0.029174880791670188,False,,1034.1682909564877,0.014553238415350831,,trending,2.1219879824197463,{},,9.0,BTCUSDT,2024-08-05 16:00:00,,,,,960.4736857984426,0.0,0.0,0.0,960.4736857984426,0.0,0.0,0.0,0.4372811920702102,0.4372811920702102,1.0,0.4372811920702102,True,False
2024-08-05 17:00:00,54039.11,55068.42,53767.48,54707.99,3352.59724,5.967e-05,26,-4.114419708117633,0.0,trending,,1034.3545815319894,0.01473072053571809,-0.42617269134748137,True,True,1033.9137678561704,-0.41161739090304983,,trending,-4.551700900187843,{},,10.0,BTCUSDT,2024-08-05 17:00:00,BTCUSDT,54707.99,0.007779062757445455,SHORT,960.4736857984426,0.0,0.0,0.0,960.4736857984426,0.0,0.0,0.0,-4.114419708117633,-4.114419708117633,1.0,-4.114419708117633,True,True
2024-08-05 18:00:00,54708.0,54717.14,53000.0,53096.84,3324.36066,5.967e-05,26,6.938734608318779,0.0,trending,,1046.4470048178287,-0.3947105287514728,1.0885839895833507,True,True,1045.3074459053287,0.6939352683717372,,trending,11.053154316436412,{},,11.0,BTCUSDT,2024-08-05 18:00:00,BTCUSDT,53096.84,0.01367504741920799,LONG,960.4736857984426,0.0,0.0,0.0,960.4736857984426,0.0,0.0,0.0,6.938734608318779,6.938734608318779,1.0,6.938734608318779,True,True
2024-08-05 19:00:00,53096.85,53601.0,52555.0,53470.09,3753.87523,5.967e-05,26,3.801382479173804,0.0,trending,,1050.4065531430988,0.695421032986973,-0.3152827850695926,True,True,1050.0753780395687,0.38025813676178394,,trending,-3.1373521291449746,{},,12.0,BTCUSDT,2024-08-05 19:00:00,BTCUSDT,53470.09,0.0061936515074185825,REDUCE_LONG,960.4736857984426,0.0,0.0,0.0,960.4736857984426,0.0,0.0,0.0,3.801382479173804,3.801382479173804,1.0,3.801382479173804,True,True
2024-08-05 20:00:00,53470.08,54404.0,53462.0,54393.85,2144.05024,5.967e-05,26,-2.69070743837605,0.0,trending,,1056.9737598652393,0.38430290699951897,-0.653373650837124,True,True,1056.283161060917,-0.2692466625124665,,trending,-6.492089917549854,{},,13.0,BTCUSDT,2024-08-05 20:00:00,BTCUSDT,54393.85,0.005228545429010265,SHORT,960.4736857984426,0.0,0.0,0.0,960.4736857984426,0.0,0.0,0.0,-2.69070743837605,-2.69070743837605,1.0,-2.69070743837605,True,True
2024-08-05 21:00:00,54393.85,55200.0,54272.0,54372.01,1946.64283,5.967e-05,26,-2.502259563878196,0.0,trending,,1056.3973524930866,-0.2691094631018217,0.018883506714002074,False,,1056.3973524930866,-0.2691094631018217,,trending,0.18844787449785372,{},,14.0,BTCUSDT,2024-08-05 21:00:00,,,,,960.4736857984426,0.0,0.0,0.0,960.4736857984426,0.0,0.0,0.0,-2.502259563878196,-2.502259563878196,1.0,-2.502259563878196,True,False
2024-08-05 22:00:00,54372.0,54971.0,54206.09,54695.87,1482.40313,5.967e-05,26,-4.730557506150807,0.0,trending,,1054.7040357704475,-0.27114700558184096,-0.2019087450332397,True,True,1054.4910818022036,-0.4731512839970433,,trending,-2.2282979422726106,{},,15.0,BTCUSDT,2024-08-05 22:00:00,BTCUSDT,54695.87,0.0038934195258966387,SHORT,960.4736857984426,0.0,0.0,0.0,960.4736857984426,0.0,0.0,0.0,-4.730557506150807,-4.730557506150807,1.0,-4.730557506150807,True,True
2024-08-05 23:00:00,54695.87,55082.0,53876.47,54018.81,1709.37956,5.967e-05,26,0.8167695239373554,0.0,trending,,1060.667199394573,-0.46457332894525244,0.546250281338988,True,True,1060.0873163875538,0.08163990923041752,,trending,5.547327030088162,{},,16.0,BTCUSDT,2024-08-05 23:00:00,BTCUSDT,54018.81,0.0016037388522728905,LONG,960.4736857984426,0.0,0.0,0.0,960.4736857984426,0.0,0.0,0.0,0.8167695239373554,0.8167695239373554,1.0,0.8167695239373554,True,True
2024-08-06 00:00:00,54018.82,56064.21,53950.0,56038.0,4020.21665,3.566e-05,17,-13.944798100688862,0.0,trending,,1063.3223315872215,0.0844338963067288,-1.478913706375615,True,True,1061.7497696167422,-1.3965451798769786,,trending,-14.761567624626217,{},,17.0,BTCUSDT,2024-08-06 00:00:00,BTCUSDT,56038.0,0.026460286287764624,SHORT,960.4736857984426,0.0,0.0,0.0,960.4736857984426,0.0,0.0,0.0,-13.944798100688862,-13.944798100688862,1.0,-13.944798100688862,True,True
2024-08-06 01:00:00,56037.99,56276.0,55436.0,55723.98,2935.50989,3.566e-05,17,-10.564031074017828,0.0,trending,,1070.058828716826,-1.3779358894331089,0.32153278203132607,True,True,1069.7144253212957,-1.0567432251085518,,trending,3.380767026671034,{},,18.0,BTCUSDT,2024-08-06 01:00:00,BTCUSDT,55723.98,0.006174343471778277,REDUCE_SHORT,960.4736857984426,0.0,0.0,0.0,960.4736857984426,0.0,0.0,0.0,-10.564031074017828,-10.564031074017828,1.0,-10.564031074017828,True,True
2024-08-06 02:00:00,55723.99,56064.0,55628.44,55845.44,2144.92755,3.566e-05,17,-11.74514232517952,0.0,trending,,1067.250494706866,-1.0614915692166123,-0.11302266330133981,False,,1067.250494706866,-1.0614915692166123,,trending,-1.181111251161692,{},,19.0,BTCUSDT,2024-08-06 02:00:00,,,,,960.4736857984426,0.0,0.0,0.0,960.4736857984426,0.0,0.0,0.0,-11.74514232517952,-11.74514232517952,1.0,-11.74514232517952,True,False
2024-08-06 03:00:00,55845.44,55888.0,55471.5,55665.73,1405.9911,3.566e-05,17,-9.5634668132354,0.0,trending,,1070.8960814903269,-1.054473758106039,0.09812707678249899,False,,1070.8960814903269,-1.054473758106039,,trending,2.1816755119441194,{},,20.0,BTCUSDT,2024-08-06 03:00:00,,,,,960.4736857984426,0.0,0.0,0.0,960.4736857984426,0.0,0.0,0.0,-9.5634668132354,-9.5634668132354,1.0,-9.5634668132354,True,False
2024-08-06 04:00:00,55665.73,55760.0,55255.0,55493.98,1633.25285,3.566e-05,17,-7.264947186742706,0.0,trending,,1074.3801921689726,-1.0478112991256998,0.3213165804514292,True,True,1074.034630437789,-0.7267284623223488,,trending,2.298519626492695,{},,21.0,BTCUSDT,2024-08-06 04:00:00,BTCUSDT,55493.98,0.006220785920427471,REDUCE_SHORT,960.4736857984426,0.0,0.0,0.0,960.4736857984426,0.0,0.0,0.0,-7.264947186742706,-7.264947186742706,1.0,-7.264947186742706,True,True
2024-08-06 05:00:00,55493.97,55999.0,55257.82,55925.97,1722.28213,3.566e-05,17,-10.57646562613039,0.0,trending,,1067.9586233104765,-0.7365524519554695,-0.32109411065756965,True,True,1067.6157080861055,-1.057986275775347,,trending,-3.311518439387685,{},,22.0,BTCUSDT,2024-08-06 05:00:00,BTCUSDT,55925.97,0.006131591894981167,SHORT,960.4736857984426,0.0,0.0,0.0,960.4736857984426,0.0,0.0,0.0,-10.57646562613039,-10.57646562613039,1.0,-10.57646562613039,True,True
2024-08-06 06:00:00,55925.96,56050.0,55535.69,55782.0,2232.18355,3.566e-05,17,-8.756131286608257,0.0,trending,,1070.5234340094796,-1.052396430794927,0.1767833021341012,False,,1070.5234340094796,-1.052396430794927,,trending,1.8203343395221339,{},,23.0,BTCUSDT,2024-08-06 06:00:00,,,,,960.4736857984426,0.0,0.0,0.0,960.4736857984426,0.0,0.0,0.0,-8.756131286608257,-8.756131286608257,1.0,-8.756131286608257,True,False
2024-08-06 07:00:00,55782.0,56169.48,55458.0,55999.99,2142.87168,3.566e-05,17,-10.22703299409211,0.0,trending,,1066.1207447406298,-1.0608720784041337,0.03816877899492277,False,,1066.1207447406298,-1.0608720784041337,,trending,-1.4709017074838524,{},,24.0,BTCUSDT,2024-08-06 07:00:00,,,,,960.4736857984426,0.0,0.0,0.0,960.4736857984426,0.0,0.0,0.0,-10.22703299409211,-10.22703299409211,1.0,-10.22703299409211,True,False
2024-08-06 08:00:00,55998.02,56122.0,54600.01,54992.0,3660.95326,-2.845e-05,17,0.5936802039718512,0.0,trending,,1086.4788655540062,-1.0222560647077492,1.0816240851049344,True,True,1085.3025920736845,0.05937293232548973,,trending,10.820713198063961,{},,25.0,BTCUSDT,2024-08-06 08:00:00,BTCUSDT,54992.0,0.0011729360534499707,LONG,960.4736857984426,0.0,0.0,0.0,960.4736857984426,0.0,0.0,0.0,0.5936802039718512,0.5936802039718512,1.0,0.5936802039718512,True,True
2024-08-06 09:00:00,54992.01,55309.54,54602.21,55211.99,2763.88727,-2.845e-05,17,-1.8186073279413941,0.0,trending,,1085.5603682418807,0.05959629276522217,-0.2414570255593616,True,True,1085.2982520642997,-0.18190465495105934,,trending,-2.412287531913245,{},,26.0,BTCUSDT,2024-08-06 09:00:00,BTCUSDT,55211.99,0.0035756871661525745,SHORT,960.4736857984426,0.0,0.0,0.0,960.4736857984426,0.0,0.0,0.0,-1.8186073279413941,-1.8186073279413941,1.0,-1.8186073279413941,True,True
2024-08-06 10:00:00,55211.98,55440.47,54879.25,55062.0,1473.76294,-2.845e-05,17,-0.0024413844616668124,0.0,trending,,1085.834569382351,-0.18132088652757272,0.18107674808140603,False,,1085.834569382351,-0.18132088652757272,,trending,1.8161659434797273,{},,27.0,BTCUSDT,2024-08-06 10:00:00,,,,,960.4736857984426,0.0,0.0,0.0,960.4736857984426,0.0,0.0,0.0,-0.0024413844616668124,-0.0024413844616668124,1.0,-0.0024413844616668124,True,False
2024-08-06 11:00:00,55062.0,55400.85,54868.36,55210.01,1488.38598,-2.845e-05,17,-1.8747358937303105,0.0,trending,,1085.3053319248888,-0.18189694493624564,-0.005576644436785405,False,,1085.3053319248888,-0.18189694493624564,,trending,-1.8722945092686436,{},,28.0,BTCUSDT,2024-08-06 11:00:00,,,,,960.4736857984426,0.0,0.0,0.0,960.4736857984426,0.0,0.0,0.0,-1.8747358937303105,-1.8747358937303105,1.0,-1.8747358937303105,True,False
2024-08-06 12:00:00,55210.0,55468.0,54677.49,54772.01,2140.16498,-2.845e-05,17,4.007740268737485,0.0,trending,,1086.8714829036635,-0.18019386496198994,0.5809678918357384,True,True,1086.2398494259278,0.4006060643665605,,trending,5.882476162467795,{},,29.0,BTCUSDT,2024-08-06 12:00:00,BTCUSDT,54772.01,0.007952782103441953,LONG,960.4736857984426,0.0,0.0,0.0,960.4736857984426,0.0,0.0,0.0,4.007740268737485,4.007740268737485,1.0,4.007740268737485,True,True
2024-08-06 13:00:00,54772.01,55438.03,54371.94,55204.0,3421.11371,-2.845e-05,17,-2.0974421740230693,0.0,trending,,1089.6719362444528,0.40249394635853086,-0.6122381637608378,True,True,1089.004797499105,-0.20987270948458522,,trending,-6.1051824427605546,{},,30.0,BTCUSDT,2024-08-06 13:00:00,BTCUSDT,55204.0,0.004140141792131897,SHORT,960.4736857984426,0.0,0.0,0.0,960.4736857984426,0.0,0.0,0.0,-2.0974421740230693,-2.0974421740230693,1.0,-2.0974421740230693,True,True
2024-08-06 14:00:00,55203.99,56605.55,55152.0,56132.01,6015.8167,-2.845e-05,17,-14.506001404929517,0.0,trending,,1085.1627045145888,-0.2141563467953126,-1.2364437936976391,True,True,1083.8209618234396,-1.4523959464469276,,trending,-12.408559230906448,{},,31.0,BTCUSDT,2024-08-06 14:00:00,BTCUSDT,56132.01,0.023903343050591067,SHORT,960.4736857984426,0.0,0.0,0.0,960.4736857984426,0.0,0.0,0.0,-14.506001404929517,-14.506001404929517,1.0,-14.506001404929517,True,True
2024-08-06 15:00:00,56132.01,56429.98,55735.0,56405.99,2155.87056,-2.845e-05,17,-17.177364127020983,0.0,trending,,1076.1376078462304,-1.4699054415258481,-0.24783097117625008,True,True,1075.8709076177583,-1.718162226515334,,trending,-2.671362722091466,{},,32.0,BTCUSDT,2024-08-06 15:00:00,BTCUSDT,56405.99,0.004728225290821379,SHORT,960.4736857984426,0.0,0.0,0.0,960.4736857984426,0.0,0.0,0.0,-17.177364127020983,-17.177364127020983,1.0,-17.177364127020983,True,True
2024-08-06 16:00:00,56405.99,56899.0,56234.8,56775.52,3029.81314,4.485e-05,17,-20.0,0.0,trending,,1063.7607775721099,-1.74910649400694,-0.25089350599305993,True,True,1063.4938869010866,-2.0005019129386836,,trending,-2.822635872979017,{},,33.0,BTCUSDT,2024-08-06 16:00:00,BTCUSDT,56775.52,0.004700805400337509,SHORT,960.4736857984426,0.0,0.0,0.0,960.4736857984426,0.0,0.0,0.0,-20.985750765289385,-20.985750765289385,1.0,-20.985750765289385,True,True
2024-08-06 17:00:00,56775.51,56988.83,56487.17,56494.0,2411.99491,4.485e-05,17,-15.413770072547292,0.0,trending,,1074.0431494741852,-1.97103095309301,0.42965394583828065,True,True,1073.581220668207,-1.5420402141242386,,trending,4.586229927452708,{},,34.0,BTCUSDT,2024-08-06 17:00:00,BTCUSDT,56494.0,0.008168422791308068,REDUCE_SHORT,960.4736857984426,0.0,0.0,0.0,960.4736857984426,0.0,0.0,0.0,-15.413770072547292,-15.413770072547292,1.0,-15.413770072547292,True,True
2024-08-06 18:00:00,56492.01,57040.99,56356.0,56729.99,1969.44663,4.485e-05,17,-17.42971347302694,0.0,trending,,1066.665747821887,-1.5585209252663434,-0.18445042203635054,False,,1066.665747821887,-1.5585209252663434,,trending,-2.0159434004796477,{},,35.0,BTCUSDT,2024-08-06 18:00:00,,,,,960.4736857984426,0.0,0.0,0.0,960.4736857984426,0.0,0.0,0.0,-17.42971347302694,-17.42971347302694,1.0,-17.42971347302694,True,False
2024-08-06 19:00:00,56730.0,56878.0,56312.66,56765.48,1416.02875,4.485e-05,17,-16.934240196460706,0.0,trending,,1065.6257455704529,-1.5610179253000596,-0.13240609434601103,False,,1065.6257455704529,-1.5610179253000596,,trending,0.4954732765662335,{},,36.0,BTCUSDT,2024-08-06 19:00:00,,,,,960.4736857984426,0.0,0.0,0.0,960.4736857984426,0.0,0.0,0.0,-16.934240196460706,-16.934240196460706,1.0,-16.934240196460706,True,False
2024-08-06 20:00:00,56769.98,56850.48,56172.09,56541.99,1551.33085,4.485e-05,17,-13.13299664737112,0.0,trending,,1072.174917257491,-1.5453744460352445,0.23207478129813253,True,True,1071.9258434242215,-1.313604824449171,,trending,3.8012435490895857,{},,37.0,BTCUSDT,2024-08-06 20:00:00,BTCUSDT,56541.99,0.004400707499610034,REDUCE_SHORT,960.4736857984426,0.0,0.0,0.0,960.4736857984426,0.0,0.0,0.0,-13.13299664737112,-13.13299664737112,1.0,-13.13299664737112,True,True
2024-08-06 21:00:00,56542.0,56632.0,56090.69,56458.01,977.6353,4.485e-05,17,-10.712537210327465,0.0,trending,,1074.0172297169256,-1.3090996440081994,0.23784592297545304,True,True,1073.7615233913064,-1.0715088301485454,,trending,2.4204594370436556,{},,38.0,BTCUSDT,2024-08-06 21:00:00,BTCUSDT,56458.01,0.004524612526965816,REDUCE_SHORT,960.4736857984426,0.0,0.0,0.0,960.4736857984426,0.0,0.0,0.0,-10.712537210327465,-10.712537210327465,1.0,-10.712537210327465,True,True
2024-08-06 22:00:00,56458.0,56935.56,55942.02,56200.26,1874.33722,4.485e-05,17,-5.1392081749868,0.0,trending,,1079.0141520588547,-1.0614247486325095,0.5475039311338294,True,True,1078.4227962130076,-0.5142026272682784,,trending,5.573329035340665,{},,39.0,BTCUSDT,2024-08-06 22:00:00,BTCUSDT,56200.26,0.010511775034515116,REDUCE_SHORT,960.4736857984426,0.0,0.0,0.0,960.4736857984426,0.0,0.0,0.0,-5.1392081749868,-5.1392081749868,1.0,-5.1392081749868,True,True
2024-08-06 23:00:00,56200.26,56416.46,55800.0,56022.01,1296.99916,4.485e-05,17,-1.7296443467480225,0.0,trending,,1080.181588549732,-0.5117371455332462,0.33877271085844396,True,True,1079.8152862024122,-0.17302310885661268,,trending,3.4095638282387775,{},,40.0,BTCUSDT,2024-08-06 23:00:00,BTCUSDT,56022.01,0.006532004920429898,REDUCE_SHORT,960.4736857984426,0.0,0.0,0.0,960.4736857984426,0.0,0.0,0.0,-1.7296443467480225,-1.7296443467480225,1.0,-1.7296443467480225,True,True
2024-08-07 00:00:00,56022.0,56375.0,55557.88,56269.99,1727.99543,-7.3e-06,29,-5.428773106165053,0.0,trending,,1078.9882746975263,-0.1739221951852323,-0.368955115431273,True,True,1078.5901764540863,-0.5430776819053209,,trending,-3.6991287594170306,{},,41.0,BTCUSDT,2024-08-07 00:00:00,BTCUSDT,56269.99,0.007074787883204102,SHORT,960.4736857984426,0.0,0.0,0.0,960.4736857984426,0.0,0.0,0.0,-5.428773106165053,-5.428773106165053,1.0,-5.428773106165053,True,True
2024-08-07 01:00:00,56270.0,57000.0,55782.0,56965.99,1878.60068,-7.3e-06,29,-15.368470085785017,0.0,trending,,1071.3449691256833,-0.5535130860481707,-0.983333922530331,True,True,1070.2914792748097,-1.5383597298859533,,trending,-9.939696979619963,{},,42.0,BTCUSDT,2024-08-07 01:00:00,BTCUSDT,56965.99,0.018493312428582293,SHORT,960.4736857984426,0.0,0.0,0.0,960.4736857984426,0.0,0.0,0.0,-15.368470085785017,-15.368470085785017,1.0,-15.368470085785017,True,True
2024-08-07 02:00:00,56965.99,57287.99,56501.0,56762.01,2274.53901,-7.3e-06,29,-10.614083058769136,0.0,trending,,1076.1871321998074,-1.5244538881243925,0.4630455822474788,True,True,1075.6883096800507,-1.0619005064157352,,trending,4.754387027015881,{},,43.0,BTCUSDT,2024-08-07 02:00:00,BTCUSDT,56762.01,0.008779176375831374,REDUCE_SHORT,960.4736857984426,0.0,0.0,0.0,960.4736857984426,0.0,0.0,0.0,-10.614083058769136,-10.614083058769136,1.0,-10.614083058769136,True,True
2024-08-07 03:00:00,56762.01,56980.62,56590.0,56862.0,875.41298,-7.3e-06,29,-11.326549803287126,0.0,trending,,1073.676119249517,-1.065764741070244,-0.06689023925846849,False,,1073.676119249517,-1.065764741070244,,trending,-0.7124667445179895,{},,44.0,BTCUSDT,2024-08-07 03:00:00,,,,,960.4736857984426,0.0,0.0,0.0,960.4736857984426,0.0,0.0,0.0,-11.326549803287126,-11.326549803287126,1.0,-11.326549803287126,True,False
2024-08-07 04:00:00,56862.01,57250.0,56750.0,57048.02,1671.15949,-7.3e-06,29,-13.996898417501345,0.0,trending,,1069.9326682655396,-1.0729923819134393,-0.3266974598366952,True,True,1069.5831239806207,-1.400147266305434,,trending,-2.6703486142142197,{},,45.0,BTCUSDT,2024-08-07 04:00:00,BTCUSDT,57048.02,0.006127193983571195,SHORT,960.4736857984426,0.0,0.0,0.0,960.4736857984426,0.0,0.0,0.0,-13.996898417501345,-13.996898417501345,1.0,-13.996898417501345,True,True
2024-08-07 05:00:00,57048.02,57246.23,56704.0,56796.01,1465.85788,-7.3e-06,29,-8.642431981391413,0.0,trending,,1076.1986663832333,-1.3853932283115753,0.521150030172434,True,True,1075.6372439933864,-0.8646942846782303,,trending,5.354466436109933,{},,46.0,BTCUSDT,2024-08-07 05:00:00,BTCUSDT,56796.01,0.009875006491779182,REDUCE_SHORT,960.4736857984426,0.0,0.0,0.0,960.4736857984426,0.0,0.0,0.0,-8.642431981391413,-8.642431981391413,1.0,-8.642431981391413,True,True
2024-08-07 06:00:00,56796.01,56996.0,56692.39,56838.57,1094.48522,-7.3e-06,29,-8.675759128273285,0.0,trending,,1074.9402769991111,-0.8659033103316951,-0.0016726024956333907,False,,1074.9402769991111,-0.8659033103316951,,trending,-0.03332714688187188,{},,47.0,BTCUSDT,2024-08-07 06:00:00,,,,,960.4736857984426,0.0,0.0,0.0,960.4736857984426,0.0,0.0,0.0,-8.675759128273285,-8.675759128273285,1.0,-8.675759128273285,True,False
2024-08-07 07:00:00,56838.58,57091.57,56544.7,56920.91,1215.73729,-7.3e-06,29,-9.225412351033297,0.0,trending,,1073.5918685802053,-0.8682468449710202,-0.05429439013230952,False,,1073.5918685802053,-0.8682468449710202,,trending,-0.5496532227600124,{},,48.0,BTCUSDT,2024-08-07 07:00:00,,,,,960.4736857984426,0.0,0.0,0.0,960.4736857984426,0.0,0.0,0.0,-9.225412351033297,-9.225412351033297,1.0,-9.225412351033297,True,False
2024-08-07 08:00:00,56920.91,57448.9,56871.44,57348.0,1496.95967,-7.3e-06,29,-15.758184238278849,0.0,trending,,1066.5977982422107,-0.8804976201591914,-0.6953208036686935,True,True,1065.8561706039457,-1.5769148855534252,,trending,-6.532771887245552,{},,49.0,BTCUSDT,2024-08-07 08:00:00,BTCUSDT,57348.0,0.012932057582915412,SHORT,960.4736857984426,0.0,0.0,0.0,960.4736857984426,0.0,0.0,0.0,-15.758184238278849,-15.758184238278849,1.0,-15.758184238278849,True,True
2024-08-07 09:00:00,57348.0,57669.0,57170.9,57350.01,2015.58278,-6.859e-05,29,-14.889651577605589,0.0,trending,,1065.7972611987843,-1.5770573183861842,0.0880921606256253,False,,1065.7972611987843,-1.5770573183861842,,trending,0.8685326606732602,{},,50.0,BTCUSDT,2024-08-07 09:00:00,,,,,960.4736857984426,0.0,0.0,0.0,960.4736857984426,0.0,0.0,0.0,-14.889651577605589,-14.889651577605589,1.0,-14.889651577605589,True,False
2024-08-07 10:00:00,57350.01,57736.05,57255.1,57323.0,1172.75864,-6.859e-05,29,-13.994152691551252,0.0,trending,,1066.5888746482385,-1.5751446477389102,0.175729378583785,False,,1066.5888746482385,-1.5751446477389102,,trending,0.8954988860543374,{},,51.0,BTCUSDT,2024-08-07 10:00:00,,,,,960.4736857984426,0.0,0.0,0.0,960.4736857984426,0.0,0.0,0.0,-13.994152691551252,-13.994152691551252,1.0,-13.994152691551252,True,False
2024-08-07 11:00:00,57322.99,57372.01,56870.39,56963.38,1916.02762,-6.859e-05,29,-5.866781104676021,0.0,trending,,1077.1286757845828,-1.5499466253534049,0.9632685148858028,True,True,1076.0900730419762,-0.5872443507014112,,trending,8.127371586875231,{},,52.0,BTCUSDT,2024-08-07 11:00:00,BTCUSDT,56963.38,0.018214581716603305,REDUCE_SHORT,960.4736857984426,0.0,0.0,0.0,960.4736857984426,0.0,0.0,0.0,-5.866781104676021,-5.866781104676021,1.0,-5.866781104676021,True,True
2024-08-07 12:00:00,56963.39,57341.38,56812.0,57292.0,1773.60438,-6.859e-05,29,-11.825683350455137,0.0,trending,,1072.4445007642653,-0.5926398877187083,-0.5899284473268053,True,True,1071.8118352450856,-1.1832663775423908,,trending,-5.958902245779115,{},,53.0,BTCUSDT,2024-08-07 12:00:00,BTCUSDT,57292.0,0.011042824812888952,SHORT,960.4736857984426,0.0,0.0,0.0,960.4736857984426,0.0,0.0,0.0,-11.825683350455137,-11.825683350455137,1.0,-11.825683350455137,True,True
2024-08-07 13:00:00,57292.0,57479.6,56710.5,56834.0,2150.98919,-6.859e-05,29,-1.6608120077995647,0.0,trending,,1081.95030867463,-1.1628079627881625,0.996726762008206,True,True,1080.8708203584947,-0.1662470695520563,,trending,10.164871342655571,{},,54.0,BTCUSDT,2024-08-07 13:00:00,BTCUSDT,56834.0,0.018974712809568972,REDUCE_SHORT,960.4736857984426,0.0,0.0,0.0,960.4736857984426,0.0,0.0,0.0,-1.6608120077995647,-1.6608120077995647,1.0,-1.6608120077995647,True,True
2024-08-07 14:00:00,56832.06,56988.0,55650.0,56085.83,4134.20562,-6.859e-05,29,12.251878019024737,0.0,trending,,1083.236303505852,-0.16370031425983478,1.3888881161623086,True,True,1081.7316319732902,1.2256651266720098,,trending,13.912690026824302,{},,55.0,BTCUSDT,2024-08-07 14:00:00,BTCUSDT,56085.83,0.023663158869776834,LONG,960.4736857984426,0.0,0.0,0.0,960.4736857984426,0.0,0.0,0.0,12.251878019024737,12.251878019024737,1.0,12.251878019024737,True,True
2024-08-07 15:00:00,56085.83,56400.0,55768.5,56094.5,1946.88224,-6.859e-05,29,10.871991092813438,0.0,trending,,1081.9365864011036,1.2256223782637428,-0.13842326898239898,False,,1081.9365864011036,1.2256223782637428,,trending,-1.3798869262112987,{},,56.0,BTCUSDT,2024-08-07 15:00:00,,,,,960.4736857984426,0.0,0.0,0.0,960.4736857984426,0.0,0.0,0.0,10.871991092813438,10.871991092813438,1.0,10.871991092813438,True,False
2024-08-07 16:00:00,56094.51,56290.42,55800.03,56125.47,1771.8996,3.241e-05,29,9.406459679280346,0.0,trending,,1082.6687015832704,1.2254698093677159,-0.2848238414396813,True,True,1082.3603317246789,0.940913962657343,,trending,-1.4655314135330926,{},,57.0,BTCUSDT,2024-08-07 16:00:00,BTCUSDT,56125.47,0.005494294454753947,REDUCE_LONG,960.4736857984426,0.0,0.0,0.0,960.4736857984426,0.0,0.0,0.0,9.406459679280346,9.406459679280346,1.0,9.406459679280346,True,True
2024-08-07 17:00:00,56125.48,56300.0,55435.0,55570.59,2350.11275,3.241e-05,29,18.297991506663582,0.0,trending,,1072.2919224516647,0.9403591674622748,0.8894399832040835,True,True,1071.3381831421693,1.8305378642503876,,trending,8.891531827383236,{},,58.0,BTCUSDT,2024-08-07 17:00:00,BTCUSDT,55570.59,0.017162663011051044,LONG,960.4736857984426,0.0,0.0,0.0,960.4736857984426,0.0,0.0,0.0,18.297991506663582,18.297991506663582,1.0,18.297991506663582,True,True
2024-08-07 18:00:00,55570.59,55623.48,54676.35,54805.01,3462.66481,3.241e-05,29,20.0,0.0,trending,,1044.3203278080314,1.852024903493356,0.14797509650664398,False,,1044.3203278080314,1.852024903493356,,trending,1.7020084933364181,{},,59.0,BTCUSDT,2024-08-07 18:00:00,,,,,960.4736857984426,0.0,0.0,0.0,960.4736857984426,0.0,0.0,0.0,24.0,24.0,1.0,24.0,True,False
2024-08-07 19:00:00,54805.01,55152.15,54682.36,54759.22,1821.81006,3.241e-05,29,20.0,0.0,trending,,1042.7043665815754,1.85334535371122,0.1466546462887801,False,,1042.7043665815754,1.85334535371122,,trending,0.0,{},,60.0,BTCUSDT,2024-08-07 19:00:00,,,,,960.4736857984426,0.0,0.0,0.0,960.4736857984426,0.0,0.0,0.0,24.0,24.0,1.0,24.0,True,False
2024-08-07 20:00:00,54760.97,55297.46,54643.02,55141.31,2085.03326,3.241e-05,29,19.213674188687378,0.0,trending,,1056.1885907575215,1.842450803107628,0.07891661576110964,False,,1056.1885907575215,1.842450803107628,,trending,-0.7863258113126221,{},,61.0,BTCUSDT,2024-08-07 20:00:00,,,,,960.4736857984426,0.0,0.0,0.0,960.4736857984426,0.0,0.0,0.0,19.213674188687378,19.213674188687378,1.0,19.213674188687378,True,False
2024-08-07 21:00:00,55141.31,55566.24,54868.95,55416.0,1363.9891,3.241e-05,29,12.813485287532343,0.0,trending,,1065.8825935811774,1.834788870627168,-0.5534403418739338,True,True,1065.292691154188,1.282058071410578,,trending,-6.400188901155035,{},,62.0,BTCUSDT,2024-08-07 21:00:00,BTCUSDT,55416.0,0.010644983885322687,REDUCE_LONG,960.4736857984426,0.0,0.0,0.0,960.4736857984426,0.0,0.0,0.0,12.813485287532343,12.813485287532343,1.0,12.813485287532343,True,True
2024-08-07 22:00:00,55416.0,55464.32,54558.62,55284.01,1743.64068,3.241e-05,29,14.003830560267446,0.0,trending,,1062.0397028724747,1.282922004838471,0.11746105118827344,False,,1062.0397028724747,1.282922004838471,,trending,1.1903452727351027,{},,63.0,BTCUSDT,2024-08-07 22:00:00,,,,,960.4736857984426,0.0,0.0,0.0,960.4736857984426,0.0,0.0,0.0,14.003830560267446,14.003830560267446,1.0,14.003830560267446,True,False
2024-08-07 23:00:00,55284.0,55434.57,54926.97,55134.16,859.42846,3.241e-05,29,15.388202240268505,0.0,trending,,1058.3465420723019,1.2839092773586138,0.25491094666823666,True,True,1058.0767579533592,1.538957610221486,,trending,1.3843716800010597,{},,64.0,BTCUSDT,2024-08-07 23:00:00,BTCUSDT,55134.16,0.004893229876771592,LONG,960.4736857984426,0.0,0.0,0.0,960.4736857984426,0.0,0.0,0.0,15.388202240268505,15.388202240268505,1.0,15.388202240268505,True,True
2024-08-08 00:00:00,55133.76,55370.07,54730.0,55300.0,1305.09221,3.241e-05,20,10.668813871869656,0.0,trending,,1062.9746855293774,1.5364742252666561,-0.46959283807969054,True,True,1062.475520229993,1.0673826224219456,,trending,-4.71938836839885,{},,65.0,BTCUSDT,2024-08-08 00:00:00,BTCUSDT,55300.0,0.009026497276394338,REDUCE_LONG,960.4736857984426,0.0,0.0,0.0,960.4736857984426,0.0,0.0,0.0,10.668813871869656,10.668813871869656,1.0,10.668813871869656,True,True
2024-08-08 01:00:00,55300.0,57381.36,55270.35,56868.0,4003.00881,2.637e-05,20,-17.547668676329764,0.0,trending,,1094.6313697461267,1.065403193066559,-2.8201700606995352,True,True,1091.5443231296663,-1.7597296043781705,,trending,-28.21648254819942,{},,66.0,BTCUSDT,2024-08-08 01:00:00,BTCUSDT,56868.0,0.03377686677748831,SHORT,960.4736857984426,0.0,0.0,0.0,960.4736857984426,0.0,0.0,0.0,-17.547668676329764,-17.547668676329764,1.0,-17.547668676329764,True,True
2024-08-08 02:00:00,56868.0,57636.36,56822.0,57364.0,2063.72332,2.637e-05,20,-20.0,0.0,trending,,1074.7909972080322,-1.8027469441566322,-0.19725305584336783,False,,1074.7909972080322,-1.8027469441566322,,trending,-2.4523313236702364,{},,67.0,BTCUSDT,2024-08-08 02:00:00,,,,,960.4736857984426,0.0,0.0,0.0,960.4736857984426,0.0,0.0,0.0,-23.32589630361023,-23.32589630361023,1.0,-23.32589630361023,True,False
2024-08-08 03:00:00,57364.0,57636.35,57046.0,57049.74,1275.97754,2.637e-05,20,-15.994997416839297,0.0,trending,,1085.4057153615256,-1.7753374985947223,0.17583775691079273,False,,1085.4057153615256,-1.7753374985947223,,trending,4.005002583160703,{},,68.0,BTCUSDT,2024-08-08 03:00:00,,,,,960.4736857984426,0.0,0.0,0.0,960.4736857984426,0.0,0.0,0.0,-15.994997416839297,-15.994997416839297,1.0,-15.994997416839297,True,False
2024-08-08 04:00:00,57049.74,57234.11,56670.47,56765.34,1051.42972,2.637e-05,20,-9.912168863475744,0.0,trending,,1095.0118562730433,-1.7509904717239264,0.7597735853763521,True,True,1094.1790623950956,-0.9919713143777191,,trending,6.082828553363553,{},,69.0,BTCUSDT,2024-08-08 04:00:00,BTCUSDT,56765.34,0.014656145529475997,REDUCE_SHORT,960.4736857984426,0.0,0.0,0.0,960.4736857984426,0.0,0.0,0.0,-9.912168863475744,-9.912168863475744,1.0,-9.912168863475744,True,True
2024-08-08 05:00:00,56765.35,57019.62,56714.52,56955.62,695.37757,2.637e-05,20,-12.184351004326155,0.0,trending,,1090.5407715560236,-0.9986169815309551,-0.21981811890166036,True,True,1090.3010509350347,-1.2187029934321316,,trending,-2.2721821408504113,{},,70.0,BTCUSDT,2024-08-08 05:00:00,BTCUSDT,56955.62,0.004208901965934361,SHORT,960.4736857984426,0.0,0.0,0.0,960.4736857984426,0.0,0.0,0.0,-12.184351004326155,-12.184351004326155,1.0,-12.184351004326155,True,True
2024-08-08 06:00:00,56955.62,57352.13,56794.35,57216.0,851.93145,2.637e-05,20,-15.186327087162372,0.0,trending,,1084.2264836425875,-1.2311336625210085,-0.2874990461952287,True,True,1083.9147695626807,-1.519069439731264,,trending,-3.001976082836217,{},,71.0,BTCUSDT,2024-08-08 06:00:00,BTCUSDT,57216.0,0.00544802292902074,SHORT,960.4736857984426,0.0,0.0,0.0,960.4736857984426,0.0,0.0,0.0,-15.186327087162372,-15.186327087162372,1.0,-15.186327087162372,True,True
2024-08-08 07:00:00,57216.0,57434.35,57122.0,57193.49,1072.16338,2.637e-05,20,-13.547464899049796,0.0,trending,,1084.562554377359,-1.5175648562255992,0.16281836632061952,False,,1084.562554377359,-1.5175648562255992,,trending,1.6388621881125758,{},,72.0,BTCUSDT,2024-08-08 07:00:00,,,,,960.4736857984426,0.0,0.0,0.0,960.4736857984426,0.0,0.0,0.0,-13.547464899049796,-13.547464899049796,1.0,-13.547464899049796,True,False
2024-08-08 08:00:00,57193.48,57382.51,57100.69,57230.0,936.47776,3.086e-05,20,-13.076688880998649,0.0,trending,,1083.5118825166792,-1.52000611653345,0.21233722843358516,True,True,1083.2815823063604,-1.3079468919216555,,trending,0.4707760180511471,{},,73.0,BTCUSDT,2024-08-08 08:00:00,BTCUSDT,57230.0,0.004020092785400105,REDUCE_SHORT,960.4736857984426,0.0,0.0,0.0,960.4736857984426,0.0,0.0,0.0,-13.076688880998649,-13.076688880998649,1.0,-13.076688880998649,True,True
2024-08-08 09:00:00,57230.0,57495.0,56978.52,57339.19,882.70365,3.086e-05,20,-13.897028501965123,0.0,trending,,1080.5783050552475,-1.313720670925473,-0.07598217927103934,False,,1080.5783050552475,-1.313720670925473,,trending,-0.8203396209664735,{},,74.0,BTCUSDT,2024-08-08 09:00:00,,,,,960.4736857984426,0.0,0.0,0.0,960.4736857984426,0.0,0.0,0.0,-13.897028501965123,-13.897028501965123,1.0,-13.897028501965123,True,False
2024-08-08 10:00:00,57339.2,57558.0,57197.43,57377.09,1024.38947,3.086e-05,20,-14.194530963123972,0.0,trending,,1079.6399937829958,-1.3157315173176707,-0.10372157899472656,False,,1079.6399937829958,-1.3157315173176707,,trending,-0.2975024611588495,{},,75.0,BTCUSDT,2024-08-08 10:00:00,,,,,960.4736857984426,0.0,0.0,0.0,960.4736857984426,0.0,0.0,0.0,-14.194530963123972,-14.194530963123972,1.0,-14.194530963123972,True,False
2024-08-08 11:00:00,57377.1,57670.04,57252.11,57320.51,845.35727,3.086e-05,20,-12.004143228491301,0.0,trending,,1081.0407761519668,-1.3127308572572096,0.11231653440807943,False,,1081.0407761519668,-1.3127308572572096,,trending,2.1903877346326706,{},,76.0,BTCUSDT,2024-08-08 11:00:00,,,,,960.4736857984426,0.0,0.0,0.0,960.4736857984426,0.0,0.0,0.0,-12.004143228491301,-12.004143228491301,1.0,-12.004143228491301,True,False
2024-08-08 12:00:00,57320.51,58486.02,57000.0,57924.62,4026.90433,3.086e-05,20,-20.0,0.0,trending,,1066.084490593127,-1.3451765624776608,-0.6548234375223392,True,True,1065.3863934823075,-2.0013105050244495,,trending,-7.995856771508699,{},,77.0,BTCUSDT,2024-08-08 12:00:00,BTCUSDT,57924.62,0.012051820293675526,SHORT,960.4736857984426,0.0,0.0,0.0,960.4736857984426,0.0,0.0,0.0,-20.49642070805,-20.49642070805,1.0,-20.49642070805,True,True
2024-08-08 13:00:00,57924.63,58255.0,56700.0,57266.73,3143.35857,3.086e-05,20,-6.871614938575731,0.0,trending,,1089.6029123137237,-1.9346061198374496,1.2474446259798766,True,True,1088.2423324364286,-0.6880206206100687,,trending,13.128385061424268,{},,78.0,BTCUSDT,2024-08-08 13:00:00,BTCUSDT,57266.73,0.02373488581271844,REDUCE_SHORT,960.4736857984426,0.0,0.0,0.0,960.4736857984426,0.0,0.0,0.0,-6.871614938575731,-6.871614938575731,1.0,-6.871614938575731,True,True
2024-08-08 14:00:00,57266.73,58998.98,57168.71,58922.25,3376.24767,3.086e-05,20,-20.0,0.0,trending,,1066.5972563299947,-0.7222766010989501,-1.27772339890105,True,True,1065.234440058378,-2.0025587161292724,,trending,-13.128385061424268,{},,79.0,BTCUSDT,2024-08-08 14:00:00,BTCUSDT,58922.25,0.023129060272078804,SHORT,960.4736857984426,0.0,0.0,0.0,960.4736857984426,0.0,0.0,0.0,-24.0,-24.0,1.0,-24.0,True,True
2024-08-08 15:00:00,58922.25,59505.0,58640.0,59428.03,3768.91338,3.086e-05,20,-20.0,0.0,trending,,1046.923409494997,-2.0550744435652546,0.055074443565254594,False,,1046.923409494997,-2.0550744435652546,,trending,0.0,{},,80.0,BTCUSDT,2024-08-08 15:00:00,,,,,960.4736857984426,0.0,0.0,0.0,960.4736857984426,0.0,0.0,0.0,-24.0,-24.0,1.0,-24.0,True,False
2024-08-08 16:00:00,59428.03,59863.0,59354.45,59568.56,3443.04468,1.147e-05,20,-20.0,0.0,trending,,1041.835724879014,-2.0699935472934503,0.06999354729345031,False,,1041.835724879014,-2.0699935472934503,,trending,0.0,{},,81.0,BTCUSDT,2024-08-08 16:00:00,,,,,960.4736857984426,0.0,0.0,0.0,960.4736857984426,0.0,0.0,0.0,-24.0,-24.0,1.0,-24.0,True,False
2024-08-08 17:00:00,59568.57,59854.53,59272.21,59469.88,1207.73852,1.147e-05,20,-20.0,0.0,trending,,1045.408291006568,-2.0595021870725456,0.05950218707254562,False,,1045.408291006568,-2.0595021870725456,,trending,0.0,{},,82.0,BTCUSDT,2024-08-08 17:00:00,,,,,960.4736857984426,0.0,0.0,0.0,960.4736857984426,0.0,0.0,0.0,-24.0,-24.0,1.0,-24.0,True,False
2024-08-08 18:00:00,59469.89,59696.44,59317.89,59328.09,781.71579,1.147e-05,20,-20.0,0.0,trending,,1050.5415920931705,-2.044552425902148,0.04455242590214814,False,,1050.5415920931705,-2.044552425902148,,trending,0.0,{},,83.0,BTCUSDT,2024-08-08 18:00:00,,,,,960.4736857984426,0.0,0.0,0.0,960.4736857984426,0.0,0.0,0.0,-24.0,-24.0,1.0,-24.0,True,False
2024-08-08 19:00:00,59328.1,59819.6,59237.59,59414.51,1317.07769,1.147e-05,20,-20.0,0.0,trending,,1047.4128814654523,-2.053646760810688,0.053646760810687866,False,,1047.4128814654523,-2.053646760810688,,trending,0.0,{},,84.0,BTCUSDT,2024-08-08 19:00:00,,,,,960.4736857984426,0.0,0.0,0.0,960.4736857984426,0.0,0.0,0.0,-24.0,-24.0,1.0,-24.0,True,False
2024-08-08 20:00:00,59414.52,59683.5,59297.34,59506.29,616.80621,1.147e-05,20,-20.0,0.0,trending,,1044.0901198198612,-2.063364830298555,0.06336483029855522,False,,1044.0901198198612,-2.063364830298555,,trending,0.0,{},,85.0,BTCUSDT,2024-08-08 20:00:00,,,,,960.4736857984426,0.0,0.0,0.0,960.4736857984426,0.0,0.0,0.0,-24.0,-24.0,1.0,-24.0,True,False
2024-08-08 21:00:00,59506.3,61355.66,59500.0,61173.69,2520.68689,1.147e-05,20,-20.0,0.0,trending,,983.7243237002413,-2.251346821117119,0.25134682111711903,True,True,983.4768202151383,-2.0005033234744647,,trending,0.0,{},,86.0,BTCUSDT,2024-08-08 21:00:00,BTCUSDT,61173.69,0.004041868025578372,REDUCE_SHORT,960.4736857984426,0.0,0.0,0.0,960.4736857984426,0.0,0.0,0.0,-24.0,-24.0,1.0,-24.0,True,True
2024-08-08 22:00:00,61170.44,62530.0,60621.22,62332.0,4551.00737,1.147e-05,20,-20.0,0.0,trending,,946.2236245558531,-2.1186343175491444,0.11863431754914444,False,,946.2236245558531,-2.1186343175491444,,trending,0.0,{},,87.0,BTCUSDT,2024-08-08 22:00:00,,,,,960.4736857984426,0.0,0.0,0.0,960.4736857984426,0.0,0.0,0.0,-24.0,-24.0,1.0,-24.0,True,False
2024-08-08 23:00:00,62332.0,62745.14,61583.22,61685.99,3588.39624,1.147e-05,20,-20.0,0.0,trending,,967.0003915075802,-2.0516279967736595,0.05162799677365948,False,,967.0003915075802,-2.0516279967736595,,trending,0.0,{},,88.0,BTCUSDT,2024-08-08 23:00:00,,,,,960.4736857984426,0.0,0.0,0.0,960.4736857984426,0.0,0.0,0.0,-24.0,-24.0,1.0,-24.0,True,False
2024-08-09 00:00:00,61686.0,61744.37,61086.95,61214.0,2033.4276,4.994e-05,48,-20.0,0.0,trending,,982.180382890911,-2.004463863277317,0.0044638632773170706,False,,982.180382890911,-2.004463863277317,,trending,0.0,{},,89.0,BTCUSDT,2024-08-09 00:00:00,,,,,960.4736857984426,0.0,0.0,0.0,960.4736857984426,0.0,0.0,0.0,-24.0,-24.0,1.0,-24.0,True,False
2024-08-09 01:00:00,61214.01,61550.08,60720.0,61400.0,1766.56142,4.994e-05,48,-20.0,0.0,trending,,976.1983103950963,-2.022875000081996,0.022875000081996166,False,,976.1983103950963,-2.022875000081996,,trending,0.0,{},,90.0,BTCUSDT,2024-08-09 01:00:00,,,,,960.4736857984426,0.0,0.0,0.0,960.4736857984426,0.0,0.0,0.0,-24.0,-24.0,1.0,-24.0,True,False
2024-08-09 02:00:00,61400.0,61461.03,61147.88,61235.51,829.95324,4.994e-05,48,-20.0,0.0,trending,,981.488585152282,-2.0065815458849916,0.006581545884991602,False,,981.488585152282,-2.0065815458849916,,trending,0.0,{},,91.0,BTCUSDT,2024-08-09 02:00:00,,,,,960.4736857984426,0.0,0.0,0.0,960.4736857984426,0.0,0.0,0.0,-24.0,-24.0,1.0,-24.0,True,False
2024-08-09 03:00:00,61235.51,61573.27,61171.86,61358.39,743.62787,4.994e-05,48,-20.0,0.0,trending,,977.5365579034342,-2.018736684328821,0.018736684328820807,False,,977.5365579034342,-2.018736684328821,,trending,0.0,{},,92.0,BTCUSDT,2024-08-09 03:00:00,,,,,960.4736857984426,0.0,0.0,0.0,960.4736857984426,0.0,0.0,0.0,-24.0,-24.0,1.0,-24.0,True,False
2024-08-09 04:00:00,61358.39,61390.7,60720.0,60720.01,1063.85453,4.994e-05,48,-12.6204302951972,0.0,trending,,998.0679312361124,-1.9566378953393326,0.6945948658196126,True,True,997.373984428529,-1.2629211261465032,,trending,7.379569704802799,{},,93.0,BTCUSDT,2024-08-09 04:00:00,BTCUSDT,60720.01,0.01141720597173495,REDUCE_SHORT,960.4736857984426,0.0,0.0,0.0,960.4736857984426,0.0,0.0,0.0,-12.6204302951972,-12.6204302951972,1.0,-12.6204302951972,True,True
2024-08-09 05:00:00,60720.01,60998.0,60588.63,60989.0,981.14947,4.994e-05,48,-15.271564756984375,0.0,trending,,991.793928336795,-1.275652830237738,-0.2515036454606996,True,True,991.5444885482725,-1.527540657742449,,trending,-2.6511344617871746,{},,94.0,BTCUSDT,2024-08-09 05:00:00,BTCUSDT,60989.0,0.004089914386569575,SHORT,960.4736857984426,0.0,0.0,0.0,960.4736857984426,0.0,0.0,0.0,-15.271564756984375,-15.271564756984375,1.0,-15.271564756984375,True,True
2024-08-09 06:00:00,60988.99,61113.5,60734.87,60890.01,1032.32739,4.994e-05,48,-12.412337114624592,0.0,trending,,994.0028446658735,-1.521289573983695,0.2800558625212357,True,True,993.7241896868832,-1.2415817717767588,,trending,2.8592276423597838,{},,95.0,BTCUSDT,2024-08-09 06:00:00,BTCUSDT,60890.01,0.004571789756833067,REDUCE_SHORT,960.4736857984426,0.0,0.0,0.0,960.4736857984426,0.0,0.0,0.0,-12.412337114624592,-12.412337114624592,1.0,-12.412337114624592,True,True
2024-08-09 07:00:00,60890.01,61225.0,60750.52,60863.57,1398.19774,4.994e-05,48,-10.823244431104085,0.0,trending,,994.2599327976488,-1.2403739266732474,0.158049483562839,False,,994.2599327976488,-1.2403739266732474,,trending,1.5890926835205068,{},,96.0,BTCUSDT,2024-08-09 07:00:00,,,,,960.4736857984426,0.0,0.0,0.0,960.4736857984426,0.0,0.0,0.0,-10.823244431104085,-10.823244431104085,1.0,-10.823244431104085,True,False
2024-08-09 08:00:00,60863.58,61110.96,60600.34,61095.73,896.53055,2.184e-05,48,-13.824713153622621,0.0,trending,,989.5557678734679,-1.2510242495606114,-0.13144706580165066,False,,989.5557678734679,-1.2510242495606114,,trending,-3.0014687225185366,{},,97.0,BTCUSDT,2024-08-09 08:00:00,,,,,960.4736857984426,0.0,0.0,0.0,960.4736857984426,0.0,0.0,0.0,-13.824713153622621,-13.824713153622621,1.0,-13.824713153622621,True,False
2024-08-09 09:00:00,61095.73,61210.31,60718.21,60759.99,852.399,2.184e-05,48,-8.052700844365518,0.0,trending,,996.3587327754515,-1.235654645762773,0.43038456132622127,True,True,995.9294861126597,-0.8056171566953918,,trending,5.772012309257104,{},,98.0,BTCUSDT,2024-08-09 09:00:00,BTCUSDT,60759.99,0.007057562322329422,REDUCE_SHORT,960.4736857984426,0.0,0.0,0.0,960.4736857984426,0.0,0.0,0.0,-8.052700844365518,-8.052700844365518,1.0,-8.052700844365518,True,True
2024-08-09 10:00:00,60760.0,60847.99,60170.16,60600.01,1726.08072,2.184e-05,48,-5.135368444692786,0.0,trending,,998.0420278392427,-0.8017952318872638,0.28825838741798515,True,True,997.7540458717548,-0.5136850667205035,,trending,2.9173323996727314,{},,99.0,BTCUSDT,2024-08-09 10:00:00,BTCUSDT,60600.01,0.004747424720232157,REDUCE_SHORT,960.4736857984426,0.0,0.0,0.0,960.4736857984426,0.0,0.0,0.0,-5.135368444692786,-5.135368444692786,1.0,-5.135368444692786,True,True
2024-08-09 11:00:00,60600.01,60797.75,60362.29,60655.24,763.4406,2.184e-05,48,-5.771579444781496,0.0,trending,,997.2869319775382,-0.5143940535762034,-0.06276389090194623,False,,997.2869319775382,-0.5143940535762034,,trending,-0.6362110000887098,{},,100.0,BTCUSDT,2024-08-09 11:00:00,,,,,960.4736857984426,0.0,0.0,0.0,960.4736857984426,0.0,0.0,0.0,-5.771579444781496,-5.771579444781496,1.0,-5.771579444781496,True,False
2024-08-09 12:00:00,60655.25,60800.0,60236.0,60551.99,922.51907,2.184e-05,48,-3.378491346831704,0.0,trending,,998.1601803856112,-0.5130691738399974,0.175220039156827,False,,998.1601803856112,-0.5130691738399974,,trending,2.393088097949792,{},,101.0,BTCUSDT,2024-08-09 12:00:00,,,,,960.4736857984426,0.0,0.0,0.0,960.4736857984426,0.0,0.0,0.0,-3.378491346831704,-3.378491346831704,1.0,-3.378491346831704,True,False
2024-08-09 13:00:00,60551.99,60757.83,59800.0,60450.01,2863.87359,2.184e-05,48,-1.2233088150883114,0.0,trending,,999.0226876268246,-0.511762864048381,0.38943198253954986,True,True,998.6332468001534,-0.12237858735056523,,trending,2.155182531743393,{},,102.0,BTCUSDT,2024-08-09 13:00:00,BTCUSDT,60450.01,0.006435919296696621,REDUCE_SHORT,960.4736857984426,0.0,0.0,0.0,960.4736857984426,0.0,0.0,0.0,-1.2233088150883114,-1.2233088150883114,1.0,-1.2233088150883114,True,True
2024-08-09 14:00:00,60450.02,61115.11,59535.0,60341.07,3519.45144,2.184e-05,48,0.7042102983478389,0.0,trending,,998.85348997062,-0.12213110739377087,0.19255213722855474,False,,998.85348997062,-0.12213110739377087,,trending,1.9275191134361502,{},,103.0,BTCUSDT,2024-08-09 14:00:00,,,,,960.4736857984426,0.0,0.0,0.0,960.4736857984426,0.0,0.0,0.0,0.7042102983478389,0.7042102983478389,1.0,0.7042102983478389,True,False
2024-08-09 15:00:00,60346.98,60587.24,59800.0,59810.23,1450.52956,2.184e-05,48,8.916786453294112,0.0,trending,,999.9266851662362,-0.12092675338345023,1.0126053987128614,True,True,998.9140329675934,0.8916900047339681,,trending,8.212576154946273,{},,104.0,BTCUSDT,2024-08-09 15:00:00,BTCUSDT,59810.23,0.0149073707300199,LONG,960.4736857984426,0.0,0.0,0.0,960.4736857984426,0.0,0.0,0.0,8.916786453294112,8.916786453294112,1.0,8.916786453294112,True,True
2024-08-09 16:00:00,59810.24,60450.0,59700.0,60432.65,1358.31729,4.846e-05,48,-1.6124282480156429,0.0,trending,,1008.1834000116825,0.8926858206744535,-1.0539286454760177,True,True,1007.1208466465167,-0.16141294252544244,,trending,-10.529214701309755,{},,105.0,BTCUSDT,2024-08-09 16:00:00,BTCUSDT,60432.65,0.0026899753582861107,SHORT,960.4736857984426,0.0,0.0,0.0,960.4736857984426,0.0,0.0,0.0,-1.6124282480156429,-1.6124282480156429,1.0,-1.6124282480156429,True,True
2024-08-09 17:00:00,60432.65,60747.53,60153.01,60197.5,1038.11949,4.846e-05,48,2.312508429489059,0.0,trending,,1007.7533943520177,-0.16068394563389043,0.39193478858279635,True,True,1007.3582586465752,0.2311102094098946,,trending,3.924936677504702,{},,106.0,BTCUSDT,2024-08-09 17:00:00,BTCUSDT,60197.5,0.0038713206018277384,LONG,960.4736857984426,0.0,0.0,0.0,960.4736857984426,0.0,0.0,0.0,2.312508429489059,2.312508429489059,1.0,2.312508429489059,True,True
2024-08-09 18:00:00,60197.5,60368.42,59835.38,60314.23,780.72783,4.846e-05,48,0.17381866859123504,0.0,trending,,1007.8097060011727,0.23145463282621218,-0.21407276596708869,True,True,1007.5939613898405,0.017385588640171677,,trending,-2.138689760897824,{},,107.0,BTCUSDT,2024-08-09 18:00:00,BTCUSDT,60314.23,0.0035770101240146725,REDUCE_LONG,960.4736857984426,0.0,0.0,0.0,960.4736857984426,0.0,0.0,0.0,0.17381866859123504,0.17381866859123504,1.0,0.17381866859123504,True,True
2024-08-09 19:00:00,60314.23,60750.0,60116.0,60681.42,617.44285,4.846e-05,48,-6.838382017255947,0.0,trending,,1007.7006077439769,0.01748958008732185,-0.7013277818129166,True,True,1006.9938793120164,-0.6843181330438968,,trending,-7.012200685847182,{},,108.0,BTCUSDT,2024-08-09 19:00:00,BTCUSDT,60681.42,0.011356098316048472,SHORT,960.4736857984426,0.0,0.0,0.0,960.4736857984426,0.0,0.0,0.0,-6.838382017255947,-6.838382017255947,1.0,-6.838382017255947,True,True
2024-08-09 20:00:00,60681.79,60986.03,60526.66,60745.96,669.7114,4.846e-05,48,-7.53583028461086,0.0,trending,,1006.2609567266986,-0.6855449269409627,-0.06803810152012335,False,,1006.2609567266986,-0.6855449269409627,,trending,-0.6974482673549129,{},,109.0,BTCUSDT,2024-08-09 20:00:00,,,,,960.4736857984426,0.0,0.0,0.0,960.4736857984426,0.0,0.0,0.0,-7.53583028461086,-7.53583028461086,1.0,-7.53583028461086,True,False
2024-08-09 21:00:00,60745.96,60866.65,59909.16,60732.01,1565.30947,4.846e-05,48,-6.481569512709138,0.0,trending,,1006.4193742982075,-0.6852796101745986,0.037122658903684824,False,,1006.4193742982075,-0.6852796101745986,,trending,1.0542607719017223,{},,110.0,BTCUSDT,2024-08-09 21:00:00,,,,,960.4736857984426,0.0,0.0,0.0,960.4736857984426,0.0,0.0,0.0,-6.481569512709138,-6.481569512709138,1.0,-6.481569512709138,True,False
2024-08-09 22:00:00,60732.0,60985.0,60289.53,60763.58,1477.45761,4.846e-05,48,-6.27888649784731,0.0,trending,,1006.0608622743698,-0.6858801633085413,0.05799151352381027,False,,1006.0608622743698,-0.6858801633085413,,trending,0.20268301486182771,{},,111.0,BTCUSDT,2024-08-09 22:00:00,,,,,960.4736857984426,0.0,0.0,0.0,960.4736857984426,0.0,0.0,0.0,-6.27888649784731,-6.27888649784731,1.0,-6.27888649784731,True,False
2024-08-09 23:00:00,60763.59,60927.95,60348.74,60837.99,621.47044,4.846e-05,48,-6.9701613943337435,0.0,trending,,1005.2158549986727,-0.687297352459374,-0.009718786974000415,False,,1005.2158549986727,-0.687297352459374,,trending,-0.6912748964864335,{},,112.0,BTCUSDT,2024-08-09 23:00:00,,,,,960.4736857984426,0.0,0.0,0.0,960.4736857984426,0.0,0.0,0.0,-6.9701613943337435,-6.9701613943337435,1.0,-6.9701613943337435,True,False
2024-08-10 00:00:00,60837.99,61470.58,60495.56,60541.92,1556.31119,-3.942e-05,40,-0.8509555739283781,0.0,trending,,1008.5780550271052,-0.6816725709383638,0.596577013545526,True,True,1007.9757582463286,-0.08514640462785988,,trending,6.119205820405366,{},,113.0,BTCUSDT,2024-08-10 00:00:00,BTCUSDT,60541.92,0.00993847707498582,REDUCE_SHORT,960.4736857984426,0.0,0.0,0.0,960.4736857984426,0.0,0.0,0.0,-0.8509555739283781,-0.8509555739283781,1.0,-0.8509555739283781,True,True
2024-08-10 01:00:00,60541.91,60963.0,60459.0,60464.0,563.14449,-3.942e-05,40,0.6238852575202009,0.0,trending,,1008.0862192934322,-0.08502749971097696,0.14741602546299704,False,,1008.0862192934322,-0.08502749971097696,,trending,1.4748408314485788,{},,114.0,BTCUSDT,2024-08-10 01:00:00,,,,,960.4736857984426,0.0,0.0,0.0,960.4736857984426,0.0,0.0,0.0,0.6238852575202009,0.6238852575202009,1.0,0.6238852575202009,True,False
2024-08-10 02:00:00,60464.01,60723.18,60287.51,60536.25,368.11379,-3.942e-05,40,-0.7198857529749771,0.0,trending,,1007.9837961587655,-0.08513775140167235,0.013149176104174626,False,,1007.9837961587655,-0.08513775140167235,,trending,-1.3437710104951779,{},,115.0,BTCUSDT,2024-08-10 02:00:00,,,,,960.4736857984426,0.0,0.0,0.0,960.4736857984426,0.0,0.0,0.0,-0.7198857529749771,-0.7198857529749771,1.0,-0.7198857529749771,True,False
2024-08-10 03:00:00,60536.25,60536.25,60266.03,60437.84,378.50579,-3.942e-05,40,1.1115339365575299,0.0,trending,,1008.1233042650983,-0.08498758573030259,0.19614097938605557,False,,1008.1233042650983,-0.08498758573030259,,trending,1.831419689532507,{},,116.0,BTCUSDT,2024-08-10 03:00:00,,,,,960.4736857984426,0.0,0.0,0.0,960.4736857984426,0.0,0.0,0.0,1.1115339365575299,1.1115339365575299,1.0,1.1115339365575299,True,False
2024-08-10 04:00:00,60437.85,60440.01,60242.0,60413.49,280.85729,-3.942e-05,40,1.478840616610888,0.0,trending,,1008.1578233423182,-0.08495043602081537,0.23283449768190417,True,True,1007.9230036927604,0.14777059625772188,,trending,0.3673066800533582,{},,117.0,BTCUSDT,2024-08-10 04:00:00,BTCUSDT,60413.49,0.002467834149479934,LONG,960.4736857984426,0.0,0.0,0.0,960.4736857984426,0.0,0.0,0.0,1.478840616610888,1.478840616610888,1.0,1.478840616610888,True,True
2024-08-10 05:00:00,60413.5,60469.5,60330.32,60355.46,206.02393,-3.942e-05,40,2.4751349456110683,0.0,trending,,1007.7799384854818,0.14764961312277422,0.09986388143833261,False,,1007.7799384854818,0.14764961312277422,,trending,0.9962943290001802,{},,118.0,BTCUSDT,2024-08-10 05:00:00,,,,,960.4736857984426,0.0,0.0,0.0,960.4736857984426,0.0,0.0,0.0,2.4751349456110683,2.4751349456110683,1.0,2.4751349456110683,True,False
2024-08-10 06:00:00,60355.46,60510.54,60330.0,60458.0,233.86317,-3.942e-05,40,0.3076465296927573,0.0,trending,,1008.0327371474558,0.14786336911441528,-0.11709871614513954,False,,1008.0327371474558,0.14786336911441528,,trending,-2.167488415918311,{},,119.0,BTCUSDT,2024-08-10 06:00:00,,,,,960.4736857984426,0.0,0.0,0.0,960.4736857984426,0.0,0.0,0.0,0.3076465296927573,0.3076465296927573,1.0,0.3076465296927573,True,False
2024-08-10 07:00:00,60458.01,60851.91,60458.01,60842.0,431.7444,-3.942e-05,40,-7.3217307175679025,0.0,trending,,1008.9794378125428,0.14866290801974047,-0.8808359797765307,True,True,1008.0906924208626,-0.7328185647152398,,trending,-7.62937724726066,{},,120.0,BTCUSDT,2024-08-10 07:00:00,BTCUSDT,60842.0,0.012142065913721587,SHORT,960.4736857984426,0.0,0.0,0.0,960.4736857984426,0.0,0.0,0.0,-7.3217307175679025,-7.3217307175679025,1.0,-7.3217307175679025,True,True
2024-08-10 08:00:00,60842.01,60900.43,60601.96,60733.58,418.89183,-1.379e-05,40,-4.578052178003832,0.0,trending,,1009.4071352072283,-0.7305586673754696,0.2727534495750864,True,True,1009.1315403342019,-0.4579302448814203,,trending,2.743678539564071,{},,121.0,BTCUSDT,2024-08-10 08:00:00,BTCUSDT,60733.58,0.0045332298565880225,REDUCE_SHORT,960.4736857984426,0.0,0.0,0.0,960.4736857984426,0.0,0.0,0.0,-4.578052178003832,-4.578052178003832,1.0,-4.578052178003832,True,True
2024-08-10 09:00:00,60733.59,61116.65,60733.58,60896.5,553.67133,-1.379e-05,40,-7.815503490363856,0.0,trending,,1007.8919087637737,-0.45972338990354256,-0.321826959132843,True,True,1007.5675419756417,-0.7818019539818797,,trending,-3.237451312360024,{},,122.0,BTCUSDT,2024-08-10 09:00:00,BTCUSDT,60896.5,0.005326525960146184,SHORT,960.4736857984426,0.0,0.0,0.0,960.4736857984426,0.0,0.0,0.0,-7.815503490363856,-7.815503490363856,1.0,-7.815503490363856,True,True
2024-08-10 10:00:00,60896.5,61010.52,60646.0,60788.01,359.54332,-1.379e-05,40,-5.336263222978728,0.0,trending,,1008.9708994008963,-0.7793236813142156,0.24569735901634282,True,True,1008.7227497659542,-0.53375759640377,,trending,2.479240267385128,{},,123.0,BTCUSDT,2024-08-10 10:00:00,BTCUSDT,60788.01,0.004078131284559971,REDUCE_SHORT,960.4736857984426,0.0,0.0,0.0,960.4736857984426,0.0,0.0,0.0,-5.336263222978728,-5.336263222978728,1.0,-5.336263222978728,True,True
2024-08-10 11:00:00,60788.01,61008.0,60757.62,60920.88,286.13876,-1.379e-05,40,-8.438842223451298,0.0,trending,,1007.5458895184977,-0.5355490962880131,-0.30833512605711666,True,True,1007.2352277296447,-0.844144501746486,,trending,-3.10257900047257,{},,124.0,BTCUSDT,2024-08-10 11:00:00,BTCUSDT,60920.88,0.00509943042275515,SHORT,960.4736857984426,0.0,0.0,0.0,960.4736857984426,0.0,0.0,0.0,-8.438842223451298,-8.438842223451298,1.0,-8.438842223451298,True,True
2024-08-10 12:00:00,60920.88,60949.99,60717.03,60722.81,269.9928,-1.379e-05,40,-2.8063731045934652,0.0,trending,,1009.9996236047097,-0.8390970291192617,0.5584597186599152,True,True,1009.4350148903504,-0.28079427972306564,,trending,5.632469118857832,{},,125.0,BTCUSDT,2024-08-10 12:00:00,BTCUSDT,60722.81,0.0092888340583202,REDUCE_SHORT,960.4736857984426,0.0,0.0,0.0,960.4736857984426,0.0,0.0,0.0,-2.8063731045934652,-2.8063731045934652,1.0,-2.8063731045934652,True,True
2024-08-10 13:00:00,60722.82,60744.0,60425.0,60431.56,497.16695,-1.379e-05,40,5.363442856911015,0.0,trending,,1010.7945195323969,-0.27907162913964595,0.8154159148307474,True,True,1009.9700192281068,0.5362453542021463,,trending,8.16981596150448,{},,126.0,BTCUSDT,2024-08-10 13:00:00,BTCUSDT,60431.56,0.008971038718164542,LONG,960.4736857984426,0.0,0.0,0.0,960.4736857984426,0.0,0.0,0.0,5.363442856911015,5.363442856911015,1.0,5.363442856911015,True,True
2024-08-10 14:00:00,60431.57,60676.55,60400.0,60585.38,273.35051,-1.379e-05,40,0.6561597885332006,0.0,trending,,1011.3485644785592,0.5368774871648003,-0.4712615083114803,True,True,1010.8719548286344,0.06564691571783736,,trending,-4.707283068377815,{},,127.0,BTCUSDT,2024-08-10 14:00:00,BTCUSDT,60585.38,0.007866743592675595,REDUCE_LONG,960.4736857984426,0.0,0.0,0.0,960.4736857984426,0.0,0.0,0.0,0.6561597885332006,0.6561597885332006,1.0,0.6561597885332006,True,True
2024-08-10 15:00:00,60585.39,60750.0,60504.11,60515.89,488.96677,-1.379e-05,40,2.6768153107078794,0.0,trending,,1010.7958407578446,0.06557655787312532,0.20210497319766263,True,True,1010.5915538915401,0.2675334959476182,,trending,2.0206555221746787,{},,128.0,BTCUSDT,2024-08-10 15:00:00,BTCUSDT,60515.89,0.003375755794133955,LONG,960.4736857984426,0.0,0.0,0.0,960.4736857984426,0.0,0.0,0.0,2.6768153107078794,2.6768153107078794,1.0,2.6768153107078794,True,True
2024-08-10 16:00:00,60515.9,60709.99,60400.0,60672.59,446.95026,-1.949e-05,40,-2.2531890715042255,0.0,trending,,1011.2916431279449,0.268040562251388,-0.4933594694018105,True,True,1010.7927128194808,-0.22543012523739686,,trending,-4.930004382212105,{},,129.0,BTCUSDT,2024-08-10 16:00:00,BTCUSDT,60672.59,0.0037556189350074504,SHORT,960.4736857984426,0.0,0.0,0.0,960.4736857984426,0.0,0.0,0.0,-2.2531890715042255,-2.2531890715042255,1.0,-2.2531890715042255,True,True
2024-08-10 17:00:00,60672.59,60860.92,60549.31,60767.8,313.4303,-1.949e-05,40,-5.336953913121921,0.0,trending,,1010.4351403406787,-0.22586378007577884,-0.30783161123641317,True,True,1010.1240964633777,-0.5338597302131177,,trending,-3.083764841617695,{},,130.0,BTCUSDT,2024-08-10 17:00:00,BTCUSDT,60767.8,0.005118564063549484,SHORT,960.4736857984426,0.0,0.0,0.0,960.4736857984426,0.0,0.0,0.0,-5.336953913121921,-5.336953913121921,1.0,-5.336953913121921,True,True
2024-08-10 18:00:00,60767.81,61196.63,60735.28,60953.38,775.52259,-1.949e-05,40,-11.267416389354409,0.0,trending,,1008.4772255825055,-0.5363645650878679,-0.5903770738475731,True,True,1007.881843749024,-1.1274072343194734,,trending,-5.9304624762324885,{},,131.0,BTCUSDT,2024-08-10 18:00:00,BTCUSDT,60953.38,0.009767823104827305,SHORT,960.4736857984426,0.0,0.0,0.0,960.4736857984426,0.0,0.0,0.0,-11.267416389354409,-11.267416389354409,1.0,-11.267416389354409,True,True
2024-08-10 19:00:00,60954.0,61140.0,60840.57,61016.45,253.5453,-1.949e-05,40,-12.83223642947072,0.0,trending,,1006.7060924240836,-1.1298918739707702,-0.15333176897630185,False,,1006.7060924240836,-1.1298918739707702,,trending,-1.5648200401163113,{},,132.0,BTCUSDT,2024-08-10 19:00:00,,,,,960.4736857984426,0.0,0.0,0.0,960.4736857984426,0.0,0.0,0.0,-12.83223642947072,-12.83223642947072,1.0,-12.83223642947072,True,False
2024-08-10 20:00:00,61016.44,61108.74,60902.07,60986.19,309.43002,-1.949e-05,40,-11.876472444348433,0.0,trending,,1007.2701995287719,-1.128699058836473,-0.05894818559837045,False,,1007.2701995287719,-1.128699058836473,,trending,0.955763985122287,{},,133.0,BTCUSDT,2024-08-10 20:00:00,,,,,960.4736857984426,0.0,0.0,0.0,960.4736857984426,0.0,0.0,0.0,-11.876472444348433,-11.876472444348433,1.0,-11.876472444348433,True,False
2024-08-10 21:00:00,60986.19,61160.0,60966.0,61075.99,298.59789,-1.949e-05,40,-15.076566873253846,0.0,trending,,1005.5961473806881,-1.132242780877723,-0.3754139064476616,True,True,1005.2186326026908,-1.5082228951742565,,trending,-3.2000944289054125,{},,134.0,BTCUSDT,2024-08-10 21:00:00,BTCUSDT,61075.99,0.006181066864358688,SHORT,960.4736857984426,0.0,0.0,0.0,960.4736857984426,0.0,0.0,0.0,-15.076566873253846,-15.076566873253846,1.0,-15.076566873253846,True,True
2024-08-10 22:00:00,61076.0,61076.0,60884.89,60930.27,189.99957,-1.949e-05,40,-7.883027042838572,0.0,trending,,1008.8358507955504,-1.4992295693710382,0.7109268650871811,True,True,1008.1179243603216,-0.7888640903446463,,trending,7.193539830415274,{},,135.0,BTCUSDT,2024-08-10 22:00:00,BTCUSDT,60930.27,0.01177097210948909,REDUCE_SHORT,960.4736857984426,0.0,0.0,0.0,960.4736857984426,0.0,0.0,0.0,-7.883027042838572,-7.883027042838572,1.0,-7.883027042838572,True,True
2024-08-10 23:00:00,60930.27,60940.72,60757.39,60923.51,241.44396,-1.949e-05,40,-6.946367824447198,0.0,trending,,1008.2061565621233,-0.7887075396070935,0.09407075716237367,False,,1008.2061565621233,-0.7887075396070935,,trending,0.936659218391374,{},,136.0,BTCUSDT,2024-08-10 23:00:00,,,,,960.4736857984426,0.0,0.0,0.0,960.4736857984426,0.0,0.0,0.0,-6.946367824447198,-6.946367824447198,1.0,-6.946367824447198,True,False
2024-08-11 00:00:00,60923.51,61243.99,60892.0,61095.15,435.48691,4.049e-05,39,-13.514730704317959,0.0,trending,,1005.9658939708125,-0.792690949593251,-0.5587821208385448,True,True,1005.4037782150883,-1.352228671636792,,trending,-6.568362879870761,{},,137.0,BTCUSDT,2024-08-11 00:00:00,BTCUSDT,61095.15,0.009200660866275856,SHORT,960.4736857984426,0.0,0.0,0.0,960.4736857984426,0.0,0.0,0.0,-13.514730704317959,-13.514730704317959,1.0,-13.514730704317959,True,True
2024-08-11 01:00:00,61095.16,61160.91,60949.27,61112.1,181.78631,4.049e-05,39,-12.792964538497545,0.0,trending,,1005.0265939038577,-1.3531114579797103,0.0738150041299559,False,,1005.0265939038577,-1.3531114579797103,,trending,0.721766165820414,{},,138.0,BTCUSDT,2024-08-11 01:00:00,,,,,960.4736857984426,0.0,0.0,0.0,960.4736857984426,0.0,0.0,0.0,-12.792964538497545,-12.792964538497545,1.0,-12.792964538497545,True,False
2024-08-11 02:00:00,61112.11,61133.72,60977.95,61026.78,181.28199,4.049e-05,39,-7.976619057082374,0.0,trending,,1006.9251995341945,-1.3486745537637894,0.5510126480555521,True,True,1006.3698156297008,-0.7981021102699977,,trending,4.816345481415171,{},,139.0,BTCUSDT,2024-08-11 02:00:00,BTCUSDT,61026.78,0.0090915581747751,REDUCE_SHORT,960.4736857984426,0.0,0.0,0.0,960.4736857984426,0.0,0.0,0.0,-7.976619057082374,-7.976619057082374,1.0,-7.976619057082374,True,True
2024-08-11 03:00:00,61026.77,61382.73,61023.99,61085.01,598.83815,4.049e-05,39,-9.768094021225446,0.0,trending,,1005.6034387469986,-0.7994724555144075,-0.17733694660813715,False,,1005.6034387469986,-0.7994724555144075,,trending,-1.791474964143072,{},,140.0,BTCUSDT,2024-08-11 03:00:00,,,,,960.4736857984426,0.0,0.0,0.0,960.4736857984426,0.0,0.0,0.0,-9.768094021225446,-9.768094021225446,1.0,-9.768094021225446,True,False
2024-08-11 04:00:00,61085.01,61145.82,60881.36,60895.99,365.86583,4.049e-05,39,-0.7077720745944114,0.0,trending,,1008.0911694419732,-0.7950317828867298,0.7242545754272887,True,True,1007.3603239545696,-0.07082855671496839,,trending,9.060321946631035,{},,141.0,BTCUSDT,2024-08-11 04:00:00,BTCUSDT,60895.99,0.01198953563142984,REDUCE_SHORT,960.4736857984426,0.0,0.0,0.0,960.4736857984426,0.0,0.0,0.0,-0.7077720745944114,-0.7077720745944114,1.0,-0.7077720745944114,True,True
2024-08-11 05:00:00,60895.99,61150.0,60882.04,61114.29,215.58465,4.049e-05,39,-10.304931136517343,0.0,trending,,1007.1045488479994,-0.07110051585617728,-0.9593925977955571,True,True,1006.1383401986284,-1.03148271052897,,trending,-9.597159061922932,{},,142.0,BTCUSDT,2024-08-11 05:00:00,BTCUSDT,61114.29,0.015809864589296622,SHORT,960.4736857984426,0.0,0.0,0.0,960.4736857984426,0.0,0.0,0.0,-10.304931136517343,-10.304931136517343,1.0,-10.304931136517343,True,True
2024-08-11 06:00:00,61114.29,61163.9,61013.49,61120.01,214.18786,4.049e-05,39,-9.967446859718045,0.0,trending,,1006.0412058326847,-1.031678852380684,0.034934166408879364,False,,1006.0412058326847,-1.031678852380684,,trending,0.33748427679929804,{},,143.0,BTCUSDT,2024-08-11 06:00:00,,,,,960.4736857984426,0.0,0.0,0.0,960.4736857984426,0.0,0.0,0.0,-9.967446859718045,-9.967446859718045,1.0,-9.967446859718045,True,False
2024-08-11 07:00:00,61120.01,61271.43,61092.85,61257.0,418.10258,4.049e-05,39,-15.53454461859813,0.0,trending,,1003.7149056944656,-1.0363876544202828,-0.5170668074395302,True,True,1003.1959180325987,-1.5542581171423808,,trending,-5.5670977588800845,{},,144.0,BTCUSDT,2024-08-11 07:00:00,BTCUSDT,61257.0,0.008472299686026193,SHORT,960.4736857984426,0.0,0.0,0.0,960.4736857984426,0.0,0.0,0.0,-15.53454461859813,-15.53454461859813,1.0,-15.53454461859813,True,True
2024-08-11 08:00:00,61257.0,61426.97,61158.0,61260.42,456.03453,-1.839e-05,39,-14.116326408777669,0.0,trending,,1003.1088659264963,-1.5544797815660334,0.14284714068826654,False,,1003.1088659264963,-1.5544797815660334,,trending,1.418218209820461,{},,145.0,BTCUSDT,2024-08-11 08:00:00,,,,,960.4736857984426,0.0,0.0,0.0,960.4736857984426,0.0,0.0,0.0,-14.116326408777669,-14.116326408777669,1.0,-14.116326408777669,True,False
2024-08-11 09:00:00,61260.43,61858.0,61001.01,61110.0,1468.80283,-1.839e-05,39,-5.259352837998242,0.0,trending,,1006.9376313650648,-1.5447666636960387,1.0188313798962145,True,True,1005.9107047820486,-0.5264722071284186,,trending,8.856973570779427,{},,146.0,BTCUSDT,2024-08-11 09:00:00,BTCUSDT,61110.0,0.016787754155344375,REDUCE_SHORT,960.4736857984426,0.0,0.0,0.0,960.4736857984426,0.0,0.0,0.0,-5.259352837998242,-5.259352837998242,1.0,-5.259352837998242,True,True
2024-08-11 10:00:00,61110.0,61263.14,60946.11,61037.63,453.80554,-1.839e-05,39,-1.7073793317878116,0.0,trending,,1006.5378688496805,-0.5255210769740769,0.35478314379529574,True,True,1006.1804087200914,-0.17079859029672032,,trending,3.5519735062104303,{},,147.0,BTCUSDT,2024-08-11 10:00:00,BTCUSDT,61037.63,0.005850533014789511,REDUCE_SHORT,960.4736857984426,0.0,0.0,0.0,960.4736857984426,0.0,0.0,0.0,-1.7073793317878116,-1.7073793317878116,1.0,-1.7073793317878116,True,True
2024-08-11 11:00:00,61037.64,61063.02,60425.0,60669.15,1157.15861,-1.839e-05,39,12.943434454484953,0.0,trending,,1007.2178807503557,-0.16959262402693884,1.463936069475434,True,True,1005.7432071771937,1.294945038585981,,trending,14.650813786272764,{},,148.0,BTCUSDT,2024-08-11 11:00:00,BTCUSDT,60669.15,0.02148844778751222,LONG,960.4736857984426,0.0,0.0,0.0,960.4736857984426,0.0,0.0,0.0,12.943434454484953,12.943434454484953,1.0,12.943434454484953,True,True
2024-08-11 12:00:00,60669.14,60700.0,60228.21,60492.09,749.0849,-1.839e-05,39,18.150065266513714,0.0,trending,,1001.9422673565018,1.2960639337345357,0.5189425929168356,True,True,1001.4223168383269,1.8154296878479244,,trending,5.206630812028761,{},,149.0,BTCUSDT,2024-08-11 12:00:00,BTCUSDT,60492.09,0.008595347229281654,LONG,960.4736857984426,0.0,0.0,0.0,960.4736857984426,0.0,0.0,0.0,18.150065266513714,18.150065266513714,1.0,18.150065266513714,True,True
2024-08-11 13:00:00,60492.1,60640.94,60167.22,60457.54,848.62677,-1.839e-05,39,17.294114603221345,0.0,trending,,1000.3839611156145,1.8162760689533373,-0.08686460863120282,False,,1000.3839611156145,1.8162760689533373,,trending,-0.8559506632923686,{},,150.0,BTCUSDT,2024-08-11 13:00:00,,,,,960.4736857984426,0.0,0.0,0.0,960.4736857984426,0.0,0.0,0.0,17.294114603221345,17.294114603221345,1.0,17.294114603221345,True,False
2024-08-11 14:00:00,60457.54,60761.09,60200.0,60350.0,1217.30715,-1.839e-05,39,19.34088059859237,0.0,trending,,997.1519850108245,1.8189217887527522,0.11516627110648492,False,,997.1519850108245,1.8189217887527522,,trending,2.0467659953710253,{},,151.0,BTCUSDT,2024-08-11 14:00:00,,,,,960.4736857984426,0.0,0.0,0.0,960.4736857984426,0.0,0.0,0.0,19.34088059859237,19.34088059859237,1.0,19.34088059859237,True,False
2024-08-11 15:00:00,60350.0,60431.58,59941.0,60127.29,1191.69278,-1.839e-05,39,20.0,0.0,trending,,990.4587229846227,1.8244558488643852,0.17554415113561483,False,,990.4587229846227,1.8244558488643852,,trending,0.6591194014076294,{},,152.0,BTCUSDT,2024-08-11 15:00:00,,,,,960.4736857984426,0.0,0.0,0.0,960.4736857984426,0.0,0.0,0.0,24.0,24.0,1.0,24.0,True,False
2024-08-11 16:00:00,60127.29,60288.01,59986.0,60182.2,520.32464,-1.839e-05,39,20.0,0.0,trending,,992.1089722678103,1.8230844695989623,0.1769155304010377,False,,992.1089722678103,1.8230844695989623,,trending,0.0,{},,153.0,BTCUSDT,2024-08-11 16:00:00,,,,,960.4736857984426,0.0,0.0,0.0,960.4736857984426,0.0,0.0,0.0,20.308372679449764,20.308372679449764,1.0,20.308372679449764,True,False
2024-08-11 17:00:00,60182.2,60350.0,60015.38,60265.07,578.88609,1.185e-05,39,15.162059856523252,0.0,trending,,994.5995233167591,1.821023404978403,-0.304817419326078,True,True,994.2963520567988,1.516668292567239,,trending,-4.837940143476748,{},,154.0,BTCUSDT,2024-08-11 17:00:00,BTCUSDT,60265.07,0.005030629848440595,REDUCE_LONG,960.4736857984426,0.0,0.0,0.0,960.4736857984426,0.0,0.0,0.0,15.162059856523252,15.162059856523252,1.0,15.162059856523252,True,True
2024-08-11 18:00:00,60265.07,60345.88,60117.06,60263.11,309.49821,1.185e-05,39,13.711768333538306,0.0,trending,,994.247306817307,1.516693779304767,-0.14551694595093645,False,,994.247306817307,1.516693779304767,,trending,-1.450291522984946,{},,155.0,BTCUSDT,2024-08-11 18:00:00,,,,,960.4736857984426,0.0,0.0,0.0,960.4736857984426,0.0,0.0,0.0,13.711768333538306,13.711768333538306,1.0,13.711768333538306,True,False
2024-08-11 19:00:00,60263.11,60274.94,59542.57,59621.11,1189.87128,1.185e-05,39,20.0,0.0,trending,,978.1824885756251,1.525179508448442,0.4748204915515579,True,True,977.7180274855724,2.000475046053152,,trending,6.288231666461694,{},,156.0,BTCUSDT,2024-08-11 19:00:00,BTCUSDT,59621.11,0.007790212058323042,LONG,960.4736857984426,0.0,0.0,0.0,960.4736857984426,0.0,0.0,0.0,24.0,24.0,1.0,24.0,True,True
2024-08-11 20:00:00,59621.11,59674.38,58286.73,58504.92,3007.44807,1.185e-05,39,20.0,0.0,trending,,941.1008528468857,2.0394024037026055,-0.039402403702605504,False,,941.1008528468857,2.0394024037026055,,trending,0.0,{},,157.0,BTCUSDT,2024-08-11 20:00:00,,,,,960.4736857984426,0.0,0.0,0.0,960.4736857984426,0.0,0.0,0.0,24.0,24.0,1.0,24.0,True,False
2024-08-11 21:00:00,58504.91,59087.0,58317.0,59009.8,1293.05151,1.185e-05,39,20.0,0.0,trending,,957.6636953123981,2.0214258861055954,-0.02142588610559537,False,,957.6636953123981,2.0214258861055954,,trending,0.0,{},,158.0,BTCUSDT,2024-08-11 21:00:00,,,,,960.4736857984426,0.0,0.0,0.0,960.4736857984426,0.0,0.0,0.0,24.0,24.0,1.0,24.0,True,False
2024-08-11 22:00:00,59009.79,59349.04,58525.08,58996.0,1493.92484,1.185e-05,39,20.0,0.0,trending,,957.2109793679675,2.0219089726922115,-0.02190897269221148,False,,957.2109793679675,2.0219089726922115,,trending,0.0,{},,159.0,BTCUSDT,2024-08-11 22:00:00,,,,,960.4736857984426,0.0,0.0,0.0,960.4736857984426,0.0,0.0,0.0,24.0,24.0,1.0,24.0,True,False
2024-08-11 23:00:00,58996.01,59021.66,58700.01,58712.59,643.19309,1.185e-05,39,20.0,0.0,trending,,947.9135717005003,2.0319321484350352,-0.031932148435035224,False,,947.9135717005003,2.0319321484350352,,trending,0.0,{},,160.0,BTCUSDT,2024-08-11 23:00:00,,,,,960.4736857984426,0.0,0.0,0.0,960.4736857984426,0.0,0.0,0.0,24.0,24.0,1.0,24.0,True,False
2024-08-12 00:00:00,58712.59,59088.33,58100.06,58450.0,1616.54316,1.113e-05,25,20.0,0.0,trending,,939.2991746100653,2.041396090847947,-0.04139609084794715,False,,939.2991746100653,2.041396090847947,,trending,0.0,{},,161.0,BTCUSDT,2024-08-12 00:00:00,,,,,960.4736857984426,0.0,0.0,0.0,960.4736857984426,0.0,0.0,0.0,24.0,24.0,1.0,24.0,True,False
2024-08-12 01:00:00,58450.01,58798.69,58278.46,58584.01,1026.68937,1.113e-05,25,20.0,0.0,trending,,943.6954400965241,2.0365446806393104,-0.03654468063931038,False,,943.6954400965241,2.0365446806393104,,trending,0.0,{},,162.0,BTCUSDT,2024-08-12 01:00:00,,,,,960.4736857984426,0.0,0.0,0.0,960.4736857984426,0.0,0.0,0.0,24.0,24.0,1.0,24.0,True,False
2024-08-12 02:00:00,58584.02,58760.45,58310.0,58717.25,814.94993,1.113e-05,25,20.0,0.0,trending,,948.0664453455037,2.031765751628459,-0.03176575162845907,False,,948.0664453455037,2.031765751628459,,trending,0.0,{},,163.0,BTCUSDT,2024-08-12 02:00:00,,,,,960.4736857984426,0.0,0.0,0.0,960.4736857984426,0.0,0.0,0.0,21.37207206745896,21.37207206745896,1.0,21.37207206745896,True,False
2024-08-12 03:00:00,58717.24,58818.78,58443.76,58509.5,637.80901,1.113e-05,25,20.0,0.0,trending,,941.2511020516316,2.039236486888031,-0.03923648688803105,False,,941.2511020516316,2.039236486888031,,trending,0.0,{},,164.0,BTCUSDT,2024-08-12 03:00:00,,,,,960.4736857984426,0.0,0.0,0.0,960.4736857984426,0.0,0.0,0.0,23.43142470905562,23.43142470905562,1.0,23.43142470905562,True,False
2024-08-12 04:00:00,58509.5,58680.0,58363.08,58523.83,506.0435,1.113e-05,25,20.0,0.0,trending,,941.7212049127685,2.038717704850061,-0.038717704850061097,False,,941.7212049127685,2.038717704850061,,trending,0.0,{},,165.0,BTCUSDT,2024-08-12 04:00:00,,,,,960.4736857984426,0.0,0.0,0.0,960.4736857984426,0.0,0.0,0.0,20.806069824962417,20.806069824962417,1.0,20.806069824962417,True,False
2024-08-12 05:00:00,58523.83,58693.02,58400.0,58571.57,563.38187,1.113e-05,25,18.741022787433348,0.0,trending,,943.2873396364722,2.03699312762175,-0.1628908488784151,False,,943.2873396364722,2.03699312762175,,trending,-1.258977212566652,{},,166.0,BTCUSDT,2024-08-12 05:00:00,,,,,960.4736857984426,0.0,0.0,0.0,960.4736857984426,0.0,0.0,0.0,18.741022787433348,18.741022787433348,1.0,18.741022787433348,True,False
2024-08-12 06:00:00,58571.57,58638.0,58124.15,58403.76,885.13655,1.113e-05,25,20.0,0.0,trending,,937.782248141191,2.043080619743563,-0.04308061974356292,False,,937.782248141191,2.043080619743563,,trending,1.258977212566652,{},,167.0,BTCUSDT,2024-08-12 06:00:00,,,,,960.4736857984426,0.0,0.0,0.0,960.4736857984426,0.0,0.0,0.0,20.335283421120774,20.335283421120774,1.0,20.335283421120774,True,False
2024-08-12 07:00:00,58403.76,58984.85,57642.21,58674.61,2546.67432,1.113e-05,25,11.704493957374202,0.0,trending,,946.6676186882199,2.0332903220362337,-0.8628409262988135,True,True,945.850795123214,1.1714601795238426,,trending,-8.295506042625798,{},,168.0,BTCUSDT,2024-08-12 07:00:00,BTCUSDT,58674.61,0.013921244044162128,REDUCE_LONG,960.4736857984426,0.0,0.0,0.0,960.4736857984426,0.0,0.0,0.0,11.704493957374202,11.704493957374202,1.0,11.704493957374202,True,True
2024-08-12 08:00:00,58674.62,59025.66,58240.51,58317.43,1398.97397,8.783e-05,25,17.487733165613474,0.0,trending,,939.1057154309304,1.1726916836622354,0.5760816328991119,True,True,938.5647138769201,1.7492049197548958,,trending,5.783239208239271,{},,169.0,BTCUSDT,2024-08-12 08:00:00,BTCUSDT,58317.43,0.00927684148650479,LONG,960.4736857984426,0.0,0.0,0.0,960.4736857984426,0.0,0.0,0.0,17.487733165613474,17.487733165613474,1.0,17.487733165613474,True,True
2024-08-12 09:00:00,58317.43,58636.36,58163.01,58296.67,1062.50945,8.783e-05,25,16.239714150507247,0.0,trending,,937.9802820144074,1.749671730449163,-0.12570031539843818,False,,937.9802820144074,1.749671730449163,,trending,-1.2480190151062267,{},,170.0,BTCUSDT,2024-08-12 09:00:00,,,,,960.4736857984426,0.0,0.0,0.0,960.4736857984426,0.0,0.0,0.0,16.239714150507247,16.239714150507247,1.0,16.239714150507247,True,False
2024-08-12 10:00:00,58296.68,58994.98,58125.75,58969.6,1221.94893,8.783e-05,25,1.146964073243145,0.0,trending,,956.9244888179077,1.7348305005900435,-1.620134093265729,True,True,955.3741428288929,0.11488253243182807,,trending,-15.092750077264101,{},,171.0,BTCUSDT,2024-08-12 10:00:00,BTCUSDT,58969.6,0.02629059700277384,REDUCE_LONG,960.4736857984426,0.0,0.0,0.0,960.4736857984426,0.0,0.0,0.0,1.146964073243145,1.146964073243145,1.0,1.146964073243145,True,True
2024-08-12 11:00:00,58969.6,59990.0,58881.01,59851.7,2920.53333,8.783e-05,25,-15.461155236577188,0.0,trending,,957.0159310047715,0.11640097673921947,-1.6625165003969384,True,True,955.4248762283332,-1.5486902467469394,,trending,-16.60811930982033,{},,172.0,BTCUSDT,2024-08-12 11:00:00,BTCUSDT,59851.7,0.024722057808119428,SHORT,960.4736857984426,0.0,0.0,0.0,960.4736857984426,0.0,0.0,0.0,-15.461155236577188,-15.461155236577188,1.0,-15.461155236577188,True,True
2024-08-12 12:00:00,59851.71,59942.69,59518.26,59728.23,1246.54844,8.783e-05,25,-11.576674662659801,0.0,trending,,958.4773087059016,-1.540573513242903,0.382906046976923,True,True,958.1099345743764,-1.1581113579997644,,trending,3.8844805739173864,{},,173.0,BTCUSDT,2024-08-12 12:00:00,BTCUSDT,59728.23,0.006144611306808466,REDUCE_SHORT,960.4736857984426,0.0,0.0,0.0,960.4736857984426,0.0,0.0,0.0,-11.576674662659801,-11.576674662659801,1.0,-11.576674662659801,True,True
2024-08-12 13:00:00,59728.24,59876.9,58000.0,58157.55,2828.61707,8.783e-05,25,16.582940883420548,0.0,trending,,987.2891582450557,-1.0943286115820445,2.7526226999240992,True,True,984.5704421964072,1.6612102991622244,,trending,28.15961554608035,{},,174.0,BTCUSDT,2024-08-12 13:00:00,BTCUSDT,58157.55,0.028151388333964876,LONG,960.4736857984426,0.0,0.0,0.0,960.4736857984426,0.0,0.0,0.0,16.582940883420548,16.582940883420548,1.0,16.582940883420548,True,True
2024-08-12 14:00:00,58157.55,60711.09,57800.0,60299.98,5156.24546,8.783e-05,25,-17.229074580988556,0.0,trending,,1044.8225087258352,1.6230801032654596,-3.345987561364315,True,True,1041.326545607805,-1.7286916388197813,,trending,-33.8120154644091,{},,175.0,BTCUSDT,2024-08-12 14:00:00,BTCUSDT,60299.98,0.029852953395229948,SHORT,960.4736857984426,0.0,0.0,0.0,960.4736857984426,0.0,0.0,0.0,-17.229074580988556,-17.229074580988556,1.0,-17.229074580988556,True,True
2024-08-12 15:00:00,60299.99,60510.2,59230.0,60207.37,2847.64813,8.783e-05,25,-13.856382307471733,0.0,trending,,1044.0912276217373,-1.7214662503711142,0.33582801962394093,True,True,1043.740241546383,-1.3861041893306523,,trending,3.3726922735168223,{},,176.0,BTCUSDT,2024-08-12 15:00:00,BTCUSDT,60207.37,0.005823790165206308,REDUCE_SHORT,960.4736857984426,0.0,0.0,0.0,960.4736857984426,0.0,0.0,0.0,-13.856382307471733,-13.856382307471733,1.0,-13.856382307471733,True,True
2024-08-12 16:00:00,60207.38,60420.34,59555.56,59608.06,1522.45273,-2.238e-05,25,-4.562185344292629,0.0,trending,,1058.1411593617686,-1.3536301757971234,0.8974116413678606,True,True,1057.1906206284134,-0.4566287285601867,,trending,9.294196963179104,{},,177.0,BTCUSDT,2024-08-12 16:00:00,BTCUSDT,59608.06,0.01593053346513434,REDUCE_SHORT,960.4736857984426,0.0,0.0,0.0,960.4736857984426,0.0,0.0,0.0,-4.562185344292629,-4.562185344292629,1.0,-4.562185344292629,True,True
2024-08-12 17:00:00,59608.07,59919.69,59255.83,59296.11,1335.6951,-2.238e-05,25,0.22164919647486125,0.0,trending,,1059.7169881835707,-0.4531561225712498,0.47532104221873595,True,True,1059.212801702351,0.022153294703915968,,trending,4.78383454076749,{},,178.0,BTCUSDT,2024-08-12 17:00:00,BTCUSDT,59296.11,0.0003961228129832606,LONG,960.4736857984426,0.0,0.0,0.0,960.4736857984426,0.0,0.0,0.0,0.22164919647486125,0.22164919647486125,1.0,0.22164919647486125,True,True
2024-08-12 18:00:00,59296.12,59490.0,58440.54,58526.78,1497.27827,-2.238e-05,25,10.847489561247379,0.0,trending,,1058.9083572878023,0.02187215614677515,1.0628767999779627,True,True,1057.7828681615383,1.0848391296673916,,trending,10.625840364772518,{},,179.0,BTCUSDT,2024-08-12 18:00:00,BTCUSDT,58526.78,0.019230327147059526,LONG,960.4736857984426,0.0,0.0,0.0,960.4736857984426,0.0,0.0,0.0,10.847489561247379,10.847489561247379,1.0,10.847489561247379,True,True
2024-08-12 19:00:00,58527.91,59300.88,58527.91,59043.98,1285.57015,-2.238e-05,25,2.587814464675413,0.0,trending,,1067.9235172809533,1.0840335253037532,-0.8252520788362119,True,True,1067.042211178279,0.2589951827805397,,trending,-8.259675096571966,{},,180.0,BTCUSDT,2024-08-12 19:00:00,BTCUSDT,59043.98,0.014926265178502294,REDUCE_LONG,960.4736857984426,0.0,0.0,0.0,960.4736857984426,0.0,0.0,0.0,2.587814464675413,2.587814464675413,1.0,2.587814464675413,True,True
2024-08-12 20:00:00,59043.99,59389.48,58723.58,58841.96,1387.47948,-2.238e-05,25,5.160110407568825,0.0,trending,,1066.0966447841333,0.2583379541357531,0.2576730866211294,True,True,1065.8219403710352,0.5158862976849315,,trending,2.5722959428934122,{},,181.0,BTCUSDT,2024-08-12 20:00:00,BTCUSDT,58841.96,0.00466851228439633,LONG,960.4736857984426,0.0,0.0,0.0,960.4736857984426,0.0,0.0,0.0,5.160110407568825,5.160110407568825,1.0,5.160110407568825,True,True
2024-08-12 21:00:00,58841.96,59223.47,58555.26,58969.44,1063.92021,-2.238e-05,25,2.892708565108628,0.0,trending,,1067.013164751214,0.5164267671599363,-0.22715591064907348,True,True,1066.7707864041004,0.28933658102540977,,trending,-2.267401842460197,{},,182.0,BTCUSDT,2024-08-12 21:00:00,BTCUSDT,58969.44,0.004110236541395202,REDUCE_LONG,960.4736857984426,0.0,0.0,0.0,960.4736857984426,0.0,0.0,0.0,2.892708565108628,2.892708565108628,1.0,2.892708565108628,True,True
2024-08-12 22:00:00,58969.45,59258.73,58849.44,59051.68,624.69274,-2.238e-05,25,1.5001587586555631,0.0,trending,,1067.2012441799438,0.28962322854983247,-0.13960735268427615,False,,1067.2012441799438,0.28962322854983247,,trending,-1.392549806453065,{},,183.0,BTCUSDT,2024-08-12 22:00:00,,,,,960.4736857984426,0.0,0.0,0.0,960.4736857984426,0.0,0.0,0.0,1.5001587586555631,1.5001587586555631,1.0,1.5001587586555631,True,False
2024-08-12 23:00:00,59051.67,59745.99,59024.01,59346.64,1012.57626,-2.238e-05,25,-2.619534943508829,0.0,trending,,1068.7451136541988,0.29064941243469905,-0.552602906785582,True,True,1068.1545219977806,-0.2620983306502639,,trending,-4.119693702164392,{},,184.0,BTCUSDT,2024-08-12 23:00:00,BTCUSDT,59346.64,0.004717394566771579,SHORT,960.4736857984426,0.0,0.0,0.0,960.4736857984426,0.0,0.0,0.0,-2.619534943508829,-2.619534943508829,1.0,-2.619534943508829,True,True
2024-08-13 00:00:00,59346.64,59890.62,59275.86,59798.17,1038.08536,6.14e-05,31,-8.280904150168523,0.0,trending,,1066.0244768290463,-0.26462015497053265,-0.5634702600463195,True,True,1065.4238037398713,-0.8285572824042321,,trending,-5.6613692066596935,{},,185.0,BTCUSDT,2024-08-13 00:00:00,BTCUSDT,59798.17,0.010045007885268136,SHORT,960.4736857984426,0.0,0.0,0.0,960.4736857984426,0.0,0.0,0.0,-8.280904150168523,-8.280904150168523,1.0,-8.280904150168523,True,True
2024-08-13 01:00:00,59798.18,59923.28,59466.34,59740.0,684.04808,6.14e-05,31,-6.666119154485072,0.0,trending,,1066.2825326905067,-0.8270846566899823,0.16047274124147515,False,,1066.2825326905067,-0.8270846566899823,,trending,1.6147849956834506,{},,186.0,BTCUSDT,2024-08-13 01:00:00,,,,,960.4736857984426,0.0,0.0,0.0,960.4736857984426,0.0,0.0,0.0,-6.666119154485072,-6.666119154485072,1.0,-6.666119154485072,True,False
2024-08-13 02:00:00,59740.0,59782.71,59269.85,59481.99,891.59566,6.14e-05,31,-2.6619935404797213,0.0,trending,,1070.0913801471575,-0.8205813926913861,0.554382038643414,True,True,1069.4975468730227,-0.2663471599353712,,trending,4.004125614005351,{},,187.0,BTCUSDT,2024-08-13 02:00:00,BTCUSDT,59481.99,0.009973429618960725,REDUCE_SHORT,960.4736857984426,0.0,0.0,0.0,960.4736857984426,0.0,0.0,0.0,-2.6619935404797213,-2.6619935404797213,1.0,-2.6619935404797213,True,True
2024-08-13 03:00:00,59482.0,59520.0,58846.95,59040.0,1691.63708,6.14e-05,31,3.49037502183902,0.0,trending,,1071.6142249755153,-0.26384584067222866,0.6128833428561307,True,True,1070.95716744308,0.3489023932954454,,trending,6.152368562318742,{},,188.0,BTCUSDT,2024-08-13 03:00:00,BTCUSDT,59040.0,0.006335256646175336,LONG,960.4736857984426,0.0,0.0,0.0,960.4736857984426,0.0,0.0,0.0,3.49037502183902,3.49037502183902,1.0,3.49037502183902,True,True
2024-08-13 04:00:00,59040.0,59250.0,58830.23,59219.99,623.38342,6.14e-05,31,0.7339695666299779,0.0,trending,,1072.0963100039814,0.3495942089356796,-0.2761972522726818,True,True,1071.8001999489866,0.07341723430138129,,trending,-2.756405455209042,{},,189.0,BTCUSDT,2024-08-13 04:00:00,BTCUSDT,59219.99,0.005000170634861319,REDUCE_LONG,960.4736857984426,0.0,0.0,0.0,960.4736857984426,0.0,0.0,0.0,0.7339695666299779,0.7339695666299779,1.0,0.7339695666299779,True,True
2024-08-13 05:00:00,59219.99,59359.99,59104.61,59211.99,355.46625,6.14e-05,31,0.7845533670395367,0.0,trending,,1071.7895699429494,0.07340804445603319,0.005047292247920485,False,,1071.7895699429494,0.07340804445603319,,trending,0.05058380040955879,{},,190.0,BTCUSDT,2024-08-13 05:00:00,,,,,960.4736857984426,0.0,0.0,0.0,960.4736857984426,0.0,0.0,0.0,0.7845533670395367,0.7845533670395367,1.0,0.7845533670395367,True,False
2024-08-13 06:00:00,59212.0,59476.0,58947.75,59368.0,709.8036,6.14e-05,31,-1.5056888293351103,0.0,trending,,1071.996868348185,0.07358722504914864,-0.22415610798265967,True,True,1071.7565737024065,-0.15060264143546712,,trending,-2.290242196374647,{},,191.0,BTCUSDT,2024-08-13 06:00:00,BTCUSDT,59368.0,0.00271879414794853,SHORT,960.4736857984426,0.0,0.0,0.0,960.4736857984426,0.0,0.0,0.0,-1.5056888293351103,-1.5056888293351103,1.0,-1.5056888293351103,True,True
2024-08-13 07:00:00,59367.99,59457.34,59059.82,59238.05,892.07753,6.14e-05,31,0.5168798153782899,0.0,trending,,1072.1098810019325,-0.150223467323488,0.201911448861317,True,True,1071.8932485252399,0.051646729388568034,,trending,2.0225686447134,{},,192.0,BTCUSDT,2024-08-13 07:00:00,BTCUSDT,59238.05,0.0009354662372537906,LONG,960.4736857984426,0.0,0.0,0.0,960.4736857984426,0.0,0.0,0.0,0.5168798153782899,0.5168798153782899,1.0,0.5168798153782899,True,True
2024-08-13 08:00:00,59238.05,59331.99,58919.86,59099.98,830.40486,5.21e-06,31,2.5298586835661157,0.0,trending,,1071.7642178616857,0.05153255628057327,0.2014533120760383,True,True,1071.5483074102328,0.2528353495631149,,trending,2.012978868187826,{},,193.0,BTCUSDT,2024-08-13 08:00:00,BTCUSDT,59099.98,0.003653308367495577,LONG,960.4736857984426,0.0,0.0,0.0,960.4736857984426,0.0,0.0,0.0,2.5298586835661157,2.5298586835661157,1.0,2.5298586835661157,True,True
2024-08-13 09:00:00,59099.99,59103.99,58700.75,58946.01,1036.08791,5.21e-06,31,5.048712819922755,0.0,trending,,1070.8424803179655,0.25234286905140957,0.2525284129408659,True,True,1070.5720621659011,0.5047462163402849,,trending,2.518854136356639,{},,194.0,BTCUSDT,2024-08-13 09:00:00,BTCUSDT,58946.01,0.0045875565125503195,LONG,960.4736857984426,0.0,0.0,0.0,960.4736857984426,0.0,0.0,0.0,5.048712819922755,5.048712819922755,1.0,5.048712819922755,True,True
2024-08-13 10:00:00,58946.01,58969.44,58392.88,58672.1,1000.16405,5.21e-06,31,10.783350354906805,0.0,trending,,1068.0610867984178,0.5035818915026952,0.5747531439879853,True,True,1067.4472153308093,1.0783800846907825,,trending,5.73463753498405,{},,195.0,BTCUSDT,2024-08-13 10:00:00,BTCUSDT,58672.1,0.010462749204623919,LONG,960.4736857984426,0.0,0.0,0.0,960.4736857984426,0.0,0.0,0.0,10.783350354906805,10.783350354906805,1.0,10.783350354906805,True,True
2024-08-13 11:00:00,58672.09,58904.0,58563.99,58830.0,509.25128,5.21e-06,31,7.220990754264691,0.0,trending,,1070.545125102858,1.0781532708698573,-0.35605419544338823,True,True,1070.163953019654,0.7223562734082207,,trending,-3.5623596006421137,{},,196.0,BTCUSDT,2024-08-13 11:00:00,BTCUSDT,58830.0,0.006479212701076653,REDUCE_LONG,960.4736857984426,0.0,0.0,0.0,960.4736857984426,0.0,0.0,0.0,7.220990754264691,7.220990754264691,1.0,7.220990754264691,True,True
2024-08-13 12:00:00,58830.01,59190.0,58709.57,59124.0,1412.37442,5.21e-06,31,0.326443995923301,0.0,trending,,1074.027180210568,0.7233549453354489,-0.6907105457431187,True,True,1073.2853383107818,0.03266696300817728,,trending,-6.89454675834139,{},,197.0,BTCUSDT,2024-08-13 12:00:00,BTCUSDT,59124.0,0.012547221091032143,REDUCE_LONG,960.4736857984426,0.0,0.0,0.0,960.4736857984426,0.0,0.0,0.0,0.326443995923301,0.326443995923301,1.0,0.326443995923301,True,True
2024-08-13 13:00:00,59124.0,59427.74,58819.3,59395.25,1623.46914,5.21e-06,31,-5.669854354202317,0.0,trending,,1073.4461915814568,0.032811915483720394,-0.5997973509039521,True,True,1072.8023413994083,-0.5673257158817172,,trending,-5.996298350125619,{},,198.0,BTCUSDT,2024-08-13 13:00:00,BTCUSDT,59395.25,0.010247088047175518,SHORT,960.4736857984426,0.0,0.0,0.0,960.4736857984426,0.0,0.0,0.0,-5.669854354202317,-5.669854354202317,1.0,-5.669854354202317,True,True
2024-08-13 14:00:00,59395.25,59776.7,58996.81,59643.63,1801.20013,5.21e-06,31,-10.860415334660063,0.0,trending,,1070.2571696702512,-0.5710529631410581,-0.5149885703249482,True,True,1069.7059994605627,-1.0866011206236297,,trending,-5.190560980457746,{},,199.0,BTCUSDT,2024-08-13 14:00:00,BTCUSDT,59643.63,0.009241057422033303,SHORT,960.4736857984426,0.0,0.0,0.0,960.4736857984426,0.0,0.0,0.0,-10.860415334660063,-10.860415334660063,1.0,-10.860415334660063,True,True
2024-08-13 15:00:00,59643.63,59729.84,59352.36,59472.26,849.07557,5.21e-06,31,-6.190984120903692,0.0,trending,,1073.0456829496209,-1.0801069075425598,0.4610084954521906,True,True,1072.5505045954187,-0.6193842393138657,,trending,4.669431213756371,{},,200.0,BTCUSDT,2024-08-13 15:00:00,BTCUSDT,59472.26,0.00831788090528379,REDUCE_SHORT,960.4736857984426,0.0,0.0,0.0,960.4736857984426,0.0,0.0,0.0,-6.190984120903692,-6.190984120903692,1.0,-6.190984120903692,True,True
2024-08-13 16:00:00,59472.25,61171.86,59446.22,61157.59,3358.11036,-3.902e-05,31,-20.0,0.0,trending,,1053.7249226178988,-0.6483157470498382,-1.3516842529501618,True,True,1052.3006192330554,-2.002707027552414,,trending,-13.809015879096307,{},,201.0,BTCUSDT,2024-08-13 16:00:00,BTCUSDT,61157.59,0.02328906984143328,SHORT,960.4736857984426,0.0,0.0,0.0,960.4736857984426,0.0,0.0,0.0,-24.0,-24.0,1.0,-24.0,True,True
2024-08-13 17:00:00,61157.6,61578.1,60904.84,61167.58,2978.69513,-3.902e-05,31,-20.0,0.0,trending,,1051.9563704823454,-2.003689652090834,0.003689652090833828,False,,1051.9563704823454,-2.003689652090834,,trending,0.0,{},,202.0,BTCUSDT,2024-08-13 17:00:00,,,,,960.4736857984426,0.0,0.0,0.0,960.4736857984426,0.0,0.0,0.0,-24.0,-24.0,1.0,-24.0,True,False
2024-08-13 18:00:00,61167.58,61214.95,60761.91,60795.41,1316.92837,-3.902e-05,31,-20.0,0.0,trending,,1064.7811009679876,-1.9675117839679326,-0.03248821603206742,False,,1064.7811009679876,-1.9675117839679326,,trending,0.0,{},,203.0,BTCUSDT,2024-08-13 18:00:00,,,,,960.4736857984426,0.0,0.0,0.0,960.4736857984426,0.0,0.0,0.0,-24.0,-24.0,1.0,-24.0,True,False
2024-08-13 19:00:00,60795.4,60969.39,60243.77,60820.15,1688.73237,-3.902e-05,31,-20.0,0.0,trending,,1063.9285770347992,-1.9698896454827555,-0.03011035451724453,False,,1063.9285770347992,-1.9698896454827555,,trending,0.0,{},,204.0,BTCUSDT,2024-08-13 19:00:00,,,,,960.4736857984426,0.0,0.0,0.0,960.4736857984426,0.0,0.0,0.0,-23.70670978286004,-23.70670978286004,1.0,-23.70670978286004,True,False
2024-08-13 20:00:00,60820.16,60975.0,60566.37,60569.14,649.17304,-3.902e-05,31,-16.44007938556657,0.0,trending,,1072.5782145638882,-1.945939439720591,0.30193150116393386,True,True,1072.2540452441292,-1.6445049634338156,,trending,3.5599206144334303,{},,205.0,BTCUSDT,2024-08-13 20:00:00,BTCUSDT,60569.14,0.005346702139720107,REDUCE_SHORT,960.4736857984426,0.0,0.0,0.0,960.4736857984426,0.0,0.0,0.0,-16.44007938556657,-16.44007938556657,1.0,-16.44007938556657,True,True
2024-08-13 21:00:00,60569.15,61138.87,60505.98,61030.03,693.1371,-3.902e-05,31,-20.0,0.0,trending,,1058.8363241592192,-1.6780164979339103,-0.3219835020660897,True,True,1058.4953963314515,-2.0006441744176673,,trending,-3.5599206144334303,{},,206.0,BTCUSDT,2024-08-13 21:00:00,BTCUSDT,61030.03,0.005586230709170073,SHORT,960.4736857984426,0.0,0.0,0.0,960.4736857984426,0.0,0.0,0.0,-24.0,-24.0,1.0,-24.0,True,True
2024-08-13 22:00:00,61030.04,61065.46,60455.0,60585.14,829.87139,-3.902e-05,31,-12.550967647210873,0.0,trending,,1073.9325734803137,-1.9575116008976445,0.7024148361765572,True,True,1073.177472206374,-1.2559798667154014,,trending,7.449032352789127,{},,207.0,BTCUSDT,2024-08-13 22:00:00,BTCUSDT,60585.14,0.012451009813063782,REDUCE_SHORT,960.4736857984426,0.0,0.0,0.0,960.4736857984426,0.0,0.0,0.0,-12.550967647210873,-12.550967647210873,1.0,-12.550967647210873,True,True
2024-08-13 23:00:00,60585.14,60611.94,60389.75,60587.15,396.18641,-3.902e-05,31,-11.863736520182698,0.0,trending,,1073.1327540215188,-1.2560738749583995,0.06970022294012979,False,,1073.1327540215188,-1.2560738749583995,,trending,0.6872311270281752,{},,208.0,BTCUSDT,2024-08-13 23:00:00,,,,,960.4736857984426,0.0,0.0,0.0,960.4736857984426,0.0,0.0,0.0,-11.863736520182698,-11.863736520182698,1.0,-11.863736520182698,True,False
2024-08-14 00:00:00,60587.16,60855.27,60425.01,60786.85,538.59458,1.152e-05,30,-15.087411467037597,0.0,trending,,1068.6898577451186,-1.2654531182867546,-0.24328802841700514,True,True,1068.4298582966385,-1.5091082946854417,,trending,-3.2236749468548993,{},,209.0,BTCUSDT,2024-08-14 00:00:00,BTCUSDT,60786.85,0.004277231810499468,SHORT,960.4736857984426,0.0,0.0,0.0,960.4736857984426,0.0,0.0,0.0,-15.087411467037597,-15.087411467037597,1.0,-15.087411467037597,True,True
2024-08-14 01:00:00,60786.85,60826.24,60520.4,60520.4,532.10853,1.152e-05,30,-7.792559524329699,0.0,trending,,1075.4974671874927,-1.4926197425198944,0.7133637900869245,True,True,1074.7294782491326,-0.7798127994942365,,trending,7.294851942707899,{},,210.0,BTCUSDT,2024-08-14 01:00:00,BTCUSDT,60520.4,0.012677063426906589,REDUCE_SHORT,960.4736857984426,0.0,0.0,0.0,960.4736857984426,0.0,0.0,0.0,-7.792559524329699,-7.792559524329699,1.0,-7.792559524329699,True,True
2024-08-14 02:00:00,60520.41,60842.0,60487.89,60805.49,456.59945,1.152e-05,30,-13.463095143049024,0.0,trending,,1070.7815457867725,-0.786374904300483,-0.5599346100044195,True,True,1070.1819781395322,-1.3470637819382936,,trending,-5.670535618719326,{},,211.0,BTCUSDT,2024-08-14 02:00:00,BTCUSDT,60805.49,0.009860419630530826,SHORT,960.4736857984426,0.0,0.0,0.0,960.4736857984426,0.0,0.0,0.0,-13.463095143049024,-13.463095143049024,1.0,-13.463095143049024,True,True
2024-08-14 03:00:00,60805.5,61302.88,60805.49,60952.83,844.47854,1.152e-05,30,-15.297043653909432,0.0,trending,,1066.6887764166797,-1.354749966913684,-0.17495439847725924,False,,1066.6887764166797,-1.354749966913684,,trending,-1.8339485108604077,{},,212.0,BTCUSDT,2024-08-14 03:00:00,,,,,960.4736857984426,0.0,0.0,0.0,960.4736857984426,0.0,0.0,0.0,-15.297043653909432,-15.297043653909432,1.0,-15.297043653909432,True,False
2024-08-14 04:00:00,60952.83,61162.2,60895.02,60943.51,595.37832,1.152e-05,30,-13.817878462265949,0.0,trending,,1066.909739088439,-1.35426228569291,-0.027525560533684823,False,,1066.909739088439,-1.35426228569291,,trending,1.4791651916434834,{},,213.0,BTCUSDT,2024-08-14 04:00:00,,,,,960.4736857984426,0.0,0.0,0.0,960.4736857984426,0.0,0.0,0.0,-13.817878462265949,-13.817878462265949,1.0,-13.817878462265949,True,False
2024-08-14 05:00:00,60943.52,61087.98,60796.0,60834.64,370.78279,1.152e-05,30,-10.190265275158634,0.0,trending,,1069.4908770792558,-1.3485804458977504,0.32955391838188697,True,True,1069.1380693623237,-1.019362798791734,,trending,3.6276131871073147,{},,214.0,BTCUSDT,2024-08-14 05:00:00,BTCUSDT,60834.64,0.005793654885031781,REDUCE_SHORT,960.4736857984426,0.0,0.0,0.0,960.4736857984426,0.0,0.0,0.0,-10.190265275158634,-10.190265275158634,1.0,-10.190265275158634,True,True
2024-08-14 06:00:00,60834.64,60913.68,60637.3,60861.5,580.3976,1.152e-05,30,-10.103808470295945,0.0,trending,,1068.6568782025518,-1.0202720705579769,0.009891223528382342,False,,1068.6568782025518,-1.0202720705579769,,trending,0.08645680486268859,{},,215.0,BTCUSDT,2024-08-14 06:00:00,,,,,960.4736857984426,0.0,0.0,0.0,960.4736857984426,0.0,0.0,0.0,-10.103808470295945,-10.103808470295945,1.0,-10.103808470295945,True,False
2024-08-14 07:00:00,60861.5,60940.0,60700.0,60914.02,273.53209,1.152e-05,30,-10.452765127966261,0.0,trending,,1067.715993626557,-1.0220523593630968,-0.02322415343352935,False,,1067.715993626557,-1.0220523593630968,,trending,-0.3489566576703158,{},,216.0,BTCUSDT,2024-08-14 07:00:00,,,,,960.4736857984426,0.0,0.0,0.0,960.4736857984426,0.0,0.0,0.0,-10.452765127966261,-10.452765127966261,1.0,-10.452765127966261,True,False
2024-08-14 08:00:00,60914.02,60931.46,60640.4,60896.0,633.08007,-1.33e-05,30,-9.205904448968255,0.0,trending,,1068.0388180755178,-1.021441175642399,0.10085073074557338,False,,1068.0388180755178,-1.021441175642399,,trending,1.2468606789980061,{},,217.0,BTCUSDT,2024-08-14 08:00:00,,,,,960.4736857984426,0.0,0.0,0.0,960.4736857984426,0.0,0.0,0.0,-9.205904448968255,-9.205904448968255,1.0,-9.205904448968255,True,False
2024-08-14 09:00:00,60896.0,60980.01,60818.99,60857.21,726.23432,-1.33e-05,30,-7.749961725934548,0.0,trending,,1068.7337326357394,-1.0201267894087753,0.24513061681532056,True,True,1068.4714910350467,-0.7751863847222171,,trending,1.455942723033707,{},,218.0,BTCUSDT,2024-08-14 09:00:00,BTCUSDT,60857.21,0.0043048203999548895,REDUCE_SHORT,960.4736857984426,0.0,0.0,0.0,960.4736857984426,0.0,0.0,0.0,-7.749961725934548,-7.749961725934548,1.0,-7.749961725934548,True,True
2024-08-14 10:00:00,60856.85,61325.32,60839.0,61100.0,1109.7324,-1.33e-05,30,-13.441515640578851,0.0,trending,,1065.1671274163994,-0.7806933715180094,-0.5634581925398757,True,True,1064.5669502720325,-1.3449093642573993,,trending,-5.691553914644303,{},,219.0,BTCUSDT,2024-08-14 10:00:00,BTCUSDT,61100.0,0.009822866519917118,SHORT,960.4736857984426,0.0,0.0,0.0,960.4736857984426,0.0,0.0,0.0,-13.441515640578851,-13.441515640578851,1.0,-13.441515640578851,True,True
2024-08-14 11:00:00,61100.0,61453.0,60891.56,61296.87,1006.62214,-1.33e-05,30,-16.86890672752719,0.0,trending,,1059.9537285553183,-1.3551150803292344,-0.3317755924234844,True,True,1059.6020617790855,-1.6874505276512157,,trending,-3.4273910869483384,{},,220.0,BTCUSDT,2024-08-14 11:00:00,BTCUSDT,61296.87,0.0057371082117720195,SHORT,960.4736857984426,0.0,0.0,0.0,960.4736857984426,0.0,0.0,0.0,-16.86890672752719,-16.86890672752719,1.0,-16.86890672752719,True,True
2024-08-14 12:00:00,61296.88,61800.0,60846.53,61064.53,3076.76024,-1.33e-05,30,-10.25569323386967,0.0,trending,,1066.3794057833338,-1.6703705122068893,0.6448011888199223,True,True,1065.691114783752,-1.026231701185695,,trending,6.61321349365752,{},,221.0,BTCUSDT,2024-08-14 12:00:00,BTCUSDT,61064.53,0.01126026366832228,REDUCE_SHORT,960.4736857984426,0.0,0.0,0.0,960.4736857984426,0.0,0.0,0.0,-10.25569323386967,-10.25569323386967,1.0,-10.25569323386967,True,True
2024-08-14 13:00:00,61064.52,61171.14,59473.36,59611.92,3404.21123,-1.33e-05,30,20.0,0.0,trending,,1091.7068906242628,-0.9779458561555875,2.9779458561555874,True,True,1088.454777914263,2.0039696749248788,,trending,30.25569323386967,{},,222.0,BTCUSDT,2024-08-14 13:00:00,BTCUSDT,59611.92,0.036627133990123545,LONG,960.4736857984426,0.0,0.0,0.0,960.4736857984426,0.0,0.0,0.0,24.0,24.0,1.0,24.0,True,True
2024-08-14 14:00:00,59611.93,59621.94,58823.52,59502.67,4124.81255,-1.33e-05,30,20.0,0.0,trending,,1084.4572650402306,2.0076704954459177,-0.007670495445917691,False,,1084.4572650402306,2.0076704954459177,,trending,0.0,{},,223.0,BTCUSDT,2024-08-14 14:00:00,,,,,960.4736857984426,0.0,0.0,0.0,960.4736857984426,0.0,0.0,0.0,24.0,24.0,1.0,24.0,True,False
2024-08-14 15:00:00,59502.67,59841.73,58903.01,59435.69,2893.2163,-1.33e-05,30,20.0,0.0,trending,,1082.0064328910066,2.0099529506800002,-0.009952950680000239,False,,1082.0064328910066,2.0099529506800002,,trending,0.0,{},,224.0,BTCUSDT,2024-08-14 15:00:00,,,,,960.4736857984426,0.0,0.0,0.0,960.4736857984426,0.0,0.0,0.0,24.0,24.0,1.0,24.0,True,False
2024-08-14 16:00:00,59435.69,59451.53,58615.06,59131.99,2045.95643,-7.811e-05,30,20.0,0.0,trending,,1070.893895958799,2.0204331107654916,-0.02043311076549159,False,,1070.893895958799,2.0204331107654916,,trending,0.0,{},,225.0,BTCUSDT,2024-08-14 16:00:00,,,,,960.4736857984426,0.0,0.0,0.0,960.4736857984426,0.0,0.0,0.0,24.0,24.0,1.0,24.0,True,False
2024-08-14 17:00:00,59131.99,59379.51,59039.47,59168.36,1043.58426,-7.811e-05,30,20.0,0.0,trending,,1072.2246926931566,2.0191665953973126,-0.01916659539731258,False,,1072.2246926931566,2.0191665953973126,,trending,0.0,{},,226.0,BTCUSDT,2024-08-14 17:00:00,,,,,960.4736857984426,0.0,0.0,0.0,960.4736857984426,0.0,0.0,0.0,24.0,24.0,1.0,24.0,True,False
2024-08-14 18:00:00,59168.37,59462.61,58809.0,58990.05,1024.74483,-7.811e-05,30,20.0,0.0,trending,,1065.7002394156393,2.0254061593832624,-0.025406159383262406,False,,1065.7002394156393,2.0254061593832624,,trending,0.0,{},,227.0,BTCUSDT,2024-08-14 18:00:00,,,,,960.4736857984426,0.0,0.0,0.0,960.4736857984426,0.0,0.0,0.0,24.0,24.0,1.0,24.0,True,False
2024-08-14 19:00:00,58990.04,59120.09,58710.02,58891.13,810.39795,-7.811e-05,30,20.0,0.0,trending,,1062.0807064774308,2.0289007067809264,-0.028900706780926377,False,,1062.0807064774308,2.0289007067809264,,trending,0.0,{},,228.0,BTCUSDT,2024-08-14 19:00:00,,,,,960.4736857984426,0.0,0.0,0.0,960.4736857984426,0.0,0.0,0.0,24.0,24.0,1.0,24.0,True,False
2024-08-14 20:00:00,58891.13,59183.99,58880.51,59149.16,513.16696,-7.811e-05,30,18.249708976392256,0.0,trending,,1071.522154961519,2.0198348064882135,-0.19486390884898785,False,,1071.522154961519,2.0198348064882135,,trending,-1.750291023607744,{},,229.0,BTCUSDT,2024-08-14 20:00:00,,,,,960.4736857984426,0.0,0.0,0.0,960.4736857984426,0.0,0.0,0.0,18.249708976392256,18.249708976392256,1.0,18.249708976392256,True,False
2024-08-14 21:00:00,59149.15,59156.0,58869.74,58913.56,404.08382,-7.811e-05,30,20.0,0.0,trending,,1062.9014315462136,2.028106235555015,-0.02810623555501479,False,,1062.9014315462136,2.028106235555015,,trending,1.750291023607744,{},,230.0,BTCUSDT,2024-08-14 21:00:00,,,,,960.4736857984426,0.0,0.0,0.0,960.4736857984426,0.0,0.0,0.0,21.881805718063067,21.881805718063067,1.0,21.881805718063067,True,False
2024-08-14 22:00:00,58913.57,59011.49,58433.18,58986.0,948.67809,-7.811e-05,30,17.781497695158897,0.0,trending,,1065.5520478628719,2.025548767650293,-0.24739899813440314,True,True,1065.2884313537706,1.7785897908482375,,trending,-2.2185023048411026,{},,231.0,BTCUSDT,2024-08-14 22:00:00,BTCUSDT,58986.0,0.004469136898608756,REDUCE_LONG,960.4736857984426,0.0,0.0,0.0,960.4736857984426,0.0,0.0,0.0,17.781497695158897,17.781497695158897,1.0,17.781497695158897,True,True
2024-08-14 23:00:00,58985.99,59022.5,58673.81,58683.39,465.60977,-7.811e-05,30,20.0,0.0,trending,,1055.568183590924,1.785759470448585,0.21424052955141493,True,True,1055.3420381042938,2.0002142864383914,,trending,2.2185023048411026,{},,232.0,BTCUSDT,2024-08-14 23:00:00,BTCUSDT,58683.39,0.00385365410263696,LONG,960.4736857984426,0.0,0.0,0.0,960.4736857984426,0.0,0.0,0.0,23.121420247194166,23.121420247194166,1.0,23.121420247194166,True,True
2024-08-15 00:00:00,58683.39,59040.89,58678.0,58993.99,652.16711,-8.488e-05,29,13.806058269033256,0.0,trending,,1066.5146836324157,1.9897361937819653,-0.6091303668786396,True,True,1065.8650371518934,1.3814473084091203,,trending,-6.193941730966744,{},,233.0,BTCUSDT,2024-08-15 00:00:00,BTCUSDT,58993.99,0.011012079035889414,REDUCE_LONG,960.4736857984426,0.0,0.0,0.0,960.4736857984426,0.0,0.0,0.0,13.806058269033256,13.806058269033256,1.0,13.806058269033256,True,True
2024-08-15 01:00:00,58994.0,59044.44,58135.2,58204.93,1384.77004,-8.488e-05,29,20.0,0.0,trending,,1046.1708165153473,1.3886280740493324,0.6113719259506676,True,True,1045.5312170483808,2.000611745930238,,trending,6.193941730966744,{},,234.0,BTCUSDT,2024-08-15 01:00:00,BTCUSDT,58204.93,0.010988750728956642,LONG,960.4736857984426,0.0,0.0,0.0,960.4736857984426,0.0,0.0,0.0,24.0,24.0,1.0,24.0,True,True
2024-08-15 02:00:00,58204.93,58562.61,58010.0,58412.25,2459.79333,-8.488e-05,29,20.0,0.0,trending,,1052.9816454845704,1.993531863543463,0.006468136456537099,False,,1052.9816454845704,1.993531863543463,,trending,0.0,{},,235.0,BTCUSDT,2024-08-15 02:00:00,,,,,960.4736857984426,0.0,0.0,0.0,960.4736857984426,0.0,0.0,0.0,20.876994501011083,20.876994501011083,1.0,20.876994501011083,True,False
2024-08-15 03:00:00,58412.75,58494.74,58350.0,58442.98,503.562,-8.488e-05,29,18.405277737568134,0.0,trending,,1054.085984987967,1.992490965077474,-0.1519631913206605,False,,1054.085984987967,1.992490965077474,,trending,-1.5947222624318655,{},,236.0,BTCUSDT,2024-08-15 03:00:00,,,,,960.4736857984426,0.0,0.0,0.0,960.4736857984426,0.0,0.0,0.0,18.405277737568134,18.405277737568134,1.0,18.405277737568134,True,False
2024-08-15 04:00:00,58442.99,58471.0,58160.0,58388.71,687.66513,-8.488e-05,29,17.74926791700634,0.0,trending,,1052.1356919567493,1.9943306975640105,-0.21940390586337655,True,True,1051.9048492764357,1.7753163030316619,,trending,-0.6560098205617955,{},,237.0,BTCUSDT,2024-08-15 04:00:00,BTCUSDT,58388.71,0.003953549929662381,REDUCE_LONG,960.4736857984426,0.0,0.0,0.0,960.4736857984426,0.0,0.0,0.0,17.74926791700634,17.74926791700634,1.0,17.74926791700634,True,True
2024-08-15 05:00:00,58388.72,58639.0,58188.29,58315.01,747.54161,-8.488e-05,29,17.159934775325933,0.0,trending,,1049.547679814475,1.7770575787716927,-0.06106410123909933,False,,1049.547679814475,1.7770575787716927,,trending,-0.589333141680406,{},,238.0,BTCUSDT,2024-08-15 05:00:00,,,,,960.4736857984426,0.0,0.0,0.0,960.4736857984426,0.0,0.0,0.0,17.159934775325933,17.159934775325933,1.0,17.159934775325933,True,False
2024-08-15 06:00:00,58315.01,58390.0,57847.32,58101.44,1550.94234,-8.488e-05,29,19.75356099624839,0.0,trending,,1042.7170057033356,1.7821479600133414,0.19320813961149752,False,,1042.7170057033356,1.7821479600133414,,trending,2.593626220922456,{},,239.0,BTCUSDT,2024-08-15 06:00:00,,,,,960.4736857984426,0.0,0.0,0.0,960.4736857984426,0.0,0.0,0.0,19.75356099624839,19.75356099624839,1.0,19.75356099624839,True,False
2024-08-15 07:00:00,58101.44,58149.0,57713.88,58060.37,1156.56805,-8.488e-05,29,18.89861157726189,0.0,trending,,1041.4034514319283,1.783134507342655,0.1067266503835338,False,,1041.4034514319283,1.783134507342655,,trending,-0.8549494189865001,{},,240.0,BTCUSDT,2024-08-15 07:00:00,,,,,960.4736857984426,0.0,0.0,0.0,960.4736857984426,0.0,0.0,0.0,18.89861157726189,18.89861157726189,1.0,18.89861157726189,True,False
2024-08-15 08:00:00,58060.36,58390.21,57964.85,58378.3,1024.07628,6.339e-05,29,11.123491462488278,0.0,trending,,1051.5719030878467,1.7755617818308647,-0.6632126355820369,True,True,1050.8744873144958,1.1130873598503872,,trending,-7.77512011477361,{},,241.0,BTCUSDT,2024-08-15 08:00:00,BTCUSDT,58378.3,0.011946489934631689,REDUCE_LONG,960.4736857984426,0.0,0.0,0.0,960.4736857984426,0.0,0.0,0.0,11.123491462488278,11.123491462488278,1.0,11.123491462488278,True,True
2024-08-15 09:00:00,58378.3,58551.87,58305.14,58412.64,864.04001,6.339e-05,29,10.703931716697475,0.0,trending,,1051.5625514895398,1.1130133639089634,-0.04262019223921598,False,,1051.5625514895398,1.1130133639089634,,trending,-0.4195597457908029,{},,242.0,BTCUSDT,2024-08-15 09:00:00,,,,,960.4736857984426,0.0,0.0,0.0,960.4736857984426,0.0,0.0,0.0,10.703931716697475,10.703931716697475,1.0,10.703931716697475,True,False
2024-08-15 10:00:00,58412.64,58543.25,58298.6,58361.9,620.7443,6.339e-05,29,11.57318091488209,0.0,trending,,1050.5458835733564,1.113122732821814,0.04419535866639501,False,,1050.5458835733564,1.113122732821814,,trending,0.8692491981846153,{},,243.0,BTCUSDT,2024-08-15 10:00:00,,,,,960.4736857984426,0.0,0.0,0.0,960.4736857984426,0.0,0.0,0.0,11.57318091488209,11.57318091488209,1.0,11.57318091488209,True,False
2024-08-15 11:00:00,58361.9,58872.85,58354.53,58745.36,836.78188,6.339e-05,29,0.571463687862021,0.0,trending,,1058.2292000719706,1.1123014005816916,-1.0551550317954894,True,True,1057.1126042067217,0.05720673075601206,,trending,-11.00171722702007,{},,244.0,BTCUSDT,2024-08-15 11:00:00,BTCUSDT,58745.36,0.019007388247324647,REDUCE_LONG,960.4736857984426,0.0,0.0,0.0,960.4736857984426,0.0,0.0,0.0,0.571463687862021,0.571463687862021,1.0,0.571463687862021,True,True
2024-08-15 12:00:00,58745.36,59387.11,58607.86,58800.26,2158.3608,6.339e-05,29,-0.9773630437194868,0.0,trending,,1057.1691196522208,0.057257131756792756,-0.15499343612874145,False,,1057.1691196522208,0.057257131756792756,,trending,-1.5488267315815079,{},,245.0,BTCUSDT,2024-08-15 12:00:00,,,,,960.4736857984426,0.0,0.0,0.0,960.4736857984426,0.0,0.0,0.0,-0.9773630437194868,-0.9773630437194868,1.0,-0.9773630437194868,True,False
2024-08-15 13:00:00,58800.26,59477.0,58532.42,59451.34,1905.33986,6.339e-05,29,-17.45354567781829,0.0,trending,,1057.8393578353828,0.05785444576531385,-1.8032090135471428,True,True,1055.9318523704492,-1.7485074922521127,,trending,-16.476182634098805,{},,246.0,BTCUSDT,2024-08-15 13:00:00,BTCUSDT,59451.34,0.031055729865422415,SHORT,960.4736857984426,0.0,0.0,0.0,960.4736857984426,0.0,0.0,0.0,-17.45354567781829,-17.45354567781829,1.0,-17.45354567781829,True,True
2024-08-15 14:00:00,59451.33,59743.13,59210.48,59416.35,2073.10429,6.339e-05,29,-15.09100543677736,0.0,trending,,1057.0184923584402,-1.7456819616015464,0.23658141792381038,True,True,1056.768171103491,-1.5094580108614262,,trending,2.3625402410409304,{},,247.0,BTCUSDT,2024-08-15 14:00:00,BTCUSDT,59416.35,0.004208789898636454,REDUCE_SHORT,960.4736857984426,0.0,0.0,0.0,960.4736857984426,0.0,0.0,0.0,-15.09100543677736,-15.09100543677736,1.0,-15.09100543677736,True,True
2024-08-15 15:00:00,59416.36,59787.37,59261.61,59682.84,1586.27247,6.339e-05,29,-20.0,0.0,trending,,1049.6137300717423,-1.5265631313890802,-0.4734368686109198,True,True,1049.116804234126,-2.0009473222344942,,trending,-4.90899456322264,{},,248.0,BTCUSDT,2024-08-15 15:00:00,BTCUSDT,59682.84,0.008326109106339326,SHORT,960.4736857984426,0.0,0.0,0.0,960.4736857984426,0.0,0.0,0.0,-20.29532103711093,-20.29532103711093,1.0,-20.29532103711093,True,True
2024-08-15 16:00:00,59682.85,59849.38,59428.57,59538.01,1358.43935,-6.181e-05,29,-14.482079914876994,0.0,trending,,1054.2109169313862,-1.9864462735235762,0.5382382820358766,True,True,1053.6429322738963,-1.448988673343785,,trending,5.517920085123006,{},,249.0,BTCUSDT,2024-08-15 16:00:00,BTCUSDT,59538.01,0.009530326472662012,REDUCE_SHORT,960.4736857984426,0.0,0.0,0.0,960.4736857984426,0.0,0.0,0.0,-14.482079914876994,-14.482079914876994,1.0,-14.482079914876994,True,True
2024-08-15 17:00:00,59538.01,59547.96,58782.9,58875.1,1484.03158,-6.181e-05,29,3.453713093339325,0.0,trending,,1070.6417495129695,-1.410105535358863,1.7554768446927955,True,True,1068.7607514836513,0.34563317693058093,,trending,17.93579300821632,{},,250.0,BTCUSDT,2024-08-15 17:00:00,BTCUSDT,58875.1,0.006280565856480353,LONG,960.4736857984426,0.0,0.0,0.0,960.4736857984426,0.0,0.0,0.0,3.453713093339325,3.453713093339325,1.0,3.453713093339325,True,True
2024-08-15 18:00:00,58875.1,58878.15,57524.56,57872.82,3577.73998,-6.181e-05,29,20.0,0.0,trending,,1062.472160822565,0.3417600918331857,1.6582399081668142,True,True,1060.710327084173,2.0016609942350945,,trending,16.546286906660676,{},,251.0,BTCUSDT,2024-08-15 18:00:00,BTCUSDT,57872.82,0.030443198351008418,LONG,960.4736857984426,0.0,0.0,0.0,960.4736857984426,0.0,0.0,0.0,24.0,24.0,1.0,24.0,True,True
2024-08-15 19:00:00,57872.82,57963.04,56680.0,57047.46,4014.49421,-6.181e-05,29,20.0,0.0,trending,,1030.4303113839064,2.031095600628853,-0.03109560062885297,False,,1030.4303113839064,2.031095600628853,,trending,0.0,{},,252.0,BTCUSDT,2024-08-15 19:00:00,,,,,960.4736857984426,0.0,0.0,0.0,960.4736857984426,0.0,0.0,0.0,24.0,24.0,1.0,24.0,True,False
2024-08-15 20:00:00,57046.34,57133.02,56078.54,56671.06,2541.61631,-6.181e-05,29,20.0,0.0,trending,,1016.621309361055,2.0451012102926773,-0.04510121029267733,False,,1016.621309361055,2.0451012102926773,,trending,0.0,{},,253.0,BTCUSDT,2024-08-15 20:00:00,,,,,960.4736857984426,0.0,0.0,0.0,960.4736857984426,0.0,0.0,0.0,24.0,24.0,1.0,24.0,True,False
2024-08-15 21:00:00,56671.06,57632.34,56606.12,57622.21,1722.38505,-6.181e-05,29,17.36233712001695,0.0,trending,,1051.516187878682,2.010419214720779,-0.27418550271908426,True,True,1051.2278773840915,1.7367098926766953,,trending,-2.6376628799830506,{},,254.0,BTCUSDT,2024-08-15 21:00:00,BTCUSDT,57622.21,0.005003461245078443,REDUCE_LONG,960.4736857984426,0.0,0.0,0.0,960.4736857984426,0.0,0.0,0.0,17.36233712001695,17.36233712001695,1.0,17.36233712001695,True,True
2024-08-15 22:00:00,57622.21,57885.0,57382.9,57617.36,1824.12623,-6.181e-05,29,15.865783907136228,0.0,trending,,1051.0742120249802,1.736817598477983,-0.15023920776436017,False,,1051.0742120249802,1.736817598477983,,trending,-1.4965532128807215,{},,255.0,BTCUSDT,2024-08-15 22:00:00,,,,,960.4736857984426,0.0,0.0,0.0,960.4736857984426,0.0,0.0,0.0,15.865783907136228,15.865783907136228,1.0,15.865783907136228,True,False
2024-08-15 23:00:00,57617.35,57824.46,57484.54,57541.06,951.61401,-6.181e-05,29,15.583468131480036,0.0,trending,,1048.6567549321571,1.7385161761309469,-0.18016936298294328,False,,1048.6567549321571,1.7385161761309469,,trending,-0.28231577565619226,{},,256.0,BTCUSDT,2024-08-15 23:00:00,,,,,960.4736857984426,0.0,0.0,0.0,960.4736857984426,0.0,0.0,0.0,15.583468131480036,15.583468131480036,1.0,15.583468131480036,True,False
2024-08-16 00:00:00,57541.05,57673.8,57355.0,57469.99,1048.25626,-0.00011235,27,15.439792577321878,0.0,trending,,1046.405002958541,1.740105384183707,-0.19612612645151928,False,,1046.405002958541,1.740105384183707,,trending,-0.14367555415815758,{},,257.0,BTCUSDT,2024-08-16 00:00:00,,,,,960.4736857984426,0.0,0.0,0.0,960.4736857984426,0.0,0.0,0.0,15.439792577321878,15.439792577321878,1.0,15.439792577321878,True,False
2024-08-16 01:00:00,57469.99,57616.0,57098.62,57540.96,646.17641,-0.00011235,27,12.556253025856778,0.0,trending,,1048.6535865742374,1.7385184074527156,-0.48289310486703774,True,True,1048.1471989878864,1.2562319283219785,,trending,-2.8835395514651,{},,258.0,BTCUSDT,2024-08-16 01:00:00,BTCUSDT,57540.96,0.008800471635349643,REDUCE_LONG,960.4736857984426,0.0,0.0,0.0,960.4736857984426,0.0,0.0,0.0,12.556253025856778,12.556253025856778,1.0,12.556253025856778,True,True
2024-08-16 02:00:00,57540.97,58517.47,57336.0,58199.99,1557.25516,-0.00011235,27,-1.0329754494770842,0.0,trending,,1063.2278533650338,1.2525975754979963,-1.3558951204457048,True,True,1061.786227906734,-0.10343779575023584,,trending,-13.589228475333861,{},,259.0,BTCUSDT,2024-08-16 02:00:00,BTCUSDT,58199.99,0.001887093571195289,SHORT,960.4736857984426,0.0,0.0,0.0,960.4736857984426,0.0,0.0,0.0,-1.0329754494770842,-1.0329754494770842,1.0,-1.0329754494770842,True,True
2024-08-16 03:00:00,58199.98,58237.31,57801.0,57890.0,894.93645,-0.00011235,27,4.640065838449349,0.0,trending,,1062.3712080428688,-0.10283020286077545,0.5668367867057104,True,True,1061.7689076078132,0.4638055270366491,,trending,5.673041287926433,{},,260.0,BTCUSDT,2024-08-16 03:00:00,BTCUSDT,57890.0,0.00851523985177385,LONG,960.4736857984426,0.0,0.0,0.0,960.4736857984426,0.0,0.0,0.0,4.640065838449349,4.640065838449349,1.0,4.640065838449349,True,True
2024-08-16 04:00:00,57890.0,58313.16,57800.47,58309.99,894.61517,-0.00011235,27,-3.332871288197527,0.0,trending,,1065.3416468775742,0.4656037136140722,-0.7988908424338249,True,True,1064.4905551918205,-0.3335536017376417,,trending,-7.972937126646876,{},,261.0,BTCUSDT,2024-08-16 04:00:00,BTCUSDT,58309.99,0.0060892594682306345,SHORT,960.4736857984426,0.0,0.0,0.0,960.4736857984426,0.0,0.0,0.0,-3.332871288197527,-3.332871288197527,1.0,-3.332871288197527,True,True
2024-08-16 05:00:00,58310.0,58350.45,58122.95,58196.01,402.70872,-0.00011235,27,-0.9803935102425759,0.0,trending,,1065.1846089860092,-0.3326846838719196,0.23464533284766198,True,True,1064.9344181981016,-0.09806238393789014,,trending,2.352477777954951,{},,262.0,BTCUSDT,2024-08-16 05:00:00,BTCUSDT,58196.01,0.004294806415761644,REDUCE_SHORT,960.4736857984426,0.0,0.0,0.0,960.4736857984426,0.0,0.0,0.0,-0.9803935102425759,-0.9803935102425759,1.0,-0.9803935102425759,True,True
2024-08-16 06:00:00,58196.01,58666.77,58059.73,58527.59,1113.53338,-0.00011235,27,-6.641263957071563,0.0,trending,,1064.339413454964,-0.09867624105756895,-0.5654501546495874,True,True,1063.7375825690265,-0.664502138544161,,trending,-5.660870446828987,{},,263.0,BTCUSDT,2024-08-16 06:00:00,BTCUSDT,58527.59,0.010282857810098802,SHORT,960.4736857984426,0.0,0.0,0.0,960.4736857984426,0.0,0.0,0.0,-6.641263957071563,-6.641263957071563,1.0,-6.641263957071563,True,True
2024-08-16 07:00:00,58528.7,58562.97,58325.1,58456.99,833.49962,-0.00011235,27,-4.877411824549836,0.0,trending,,1064.5902407159238,-0.6631689952795718,0.17542781282458825,False,,1064.5902407159238,-0.6631689952795718,,trending,1.763852132521727,{},,264.0,BTCUSDT,2024-08-16 07:00:00,,,,,960.4736857984426,0.0,0.0,0.0,960.4736857984426,0.0,0.0,0.0,-4.877411824549836,-4.877411824549836,1.0,-4.877411824549836,True,False
2024-08-16 08:00:00,58456.99,58600.0,58327.99,58360.0,495.81746,-7.387e-05,27,-2.7924116345374363,0.0,trending,,1065.761619096484,-0.6613410065723595,0.3820998431186159,True,True,1065.353984114043,-0.2793480091298838,,trending,2.0850001900123996,{},,265.0,BTCUSDT,2024-08-16 08:00:00,BTCUSDT,58360.0,0.006977850367693774,REDUCE_SHORT,960.4736857984426,0.0,0.0,0.0,960.4736857984426,0.0,0.0,0.0,-2.7924116345374363,-2.7924116345374363,1.0,-2.7924116345374363,True,True
2024-08-16 09:00:00,58360.01,58683.47,58258.52,58672.51,789.20778,-7.387e-05,27,-8.644028079740544,0.0,trending,,1063.76035171479,-0.2812646160366769,-0.5831381919373775,True,True,1063.1400324266363,-0.8649071683764152,,trending,-5.851616445203107,{},,266.0,BTCUSDT,2024-08-16 09:00:00,BTCUSDT,58672.51,0.010572571177773568,SHORT,960.4736857984426,0.0,0.0,0.0,960.4736857984426,0.0,0.0,0.0,-8.644028079740544,-8.644028079740544,1.0,-8.644028079740544,True,True
2024-08-16 10:00:00,58672.51,58672.76,58300.0,58433.95,502.53949,-7.387e-05,27,-3.2724868902782904,0.0,trending,,1066.878752302463,-0.8583718751372036,0.5311231861093746,True,True,1066.3115410490946,-0.3274227649258392,,trending,5.371541189462253,{},,267.0,BTCUSDT,2024-08-16 10:00:00,BTCUSDT,58433.95,0.009697171629083408,REDUCE_SHORT,960.4736857984426,0.0,0.0,0.0,960.4736857984426,0.0,0.0,0.0,-3.2724868902782904,-3.2724868902782904,1.0,-3.2724868902782904,True,True
2024-08-16 11:00:00,58433.95,58625.56,58218.71,58400.0,663.19096,-7.387e-05,27,-2.321466143549613,0.0,trending,,1066.5143875475735,-0.3271702947641514,0.09502368040919007,False,,1066.5143875475735,-0.3271702947641514,,trending,0.9510207467286773,{},,268.0,BTCUSDT,2024-08-16 11:00:00,,,,,960.4736857984426,0.0,0.0,0.0,960.4736857984426,0.0,0.0,0.0,-2.321466143549613,-2.321466143549613,1.0,-2.321466143549613,True,False
2024-08-16 12:00:00,58400.0,58509.95,57526.31,57868.13,1989.47459,-7.387e-05,27,7.998625853126785,0.0,trending,,1069.692236358944,-0.32322752842412605,1.1230901137368046,True,True,1068.4905294834703,0.7999614103070306,,trending,10.320091996676398,{},,269.0,BTCUSDT,2024-08-16 12:00:00,BTCUSDT,57868.13,0.014785457861917532,LONG,960.4736857984426,0.0,0.0,0.0,960.4736857984426,0.0,0.0,0.0,7.998625853126785,7.998625853126785,1.0,7.998625853126785,True,True
2024-08-16 13:00:00,57868.8,58915.18,57750.0,58343.66,3043.10126,-7.387e-05,27,-1.658220279541842,0.0,trending,,1075.514427331771,0.8012678089791593,-0.9670898369333435,True,True,1074.4743082596233,-0.16598254798945308,,trending,-9.656846132668626,{},,270.0,BTCUSDT,2024-08-16 13:00:00,BTCUSDT,58343.66,0.0030567842921430935,SHORT,960.4736857984426,0.0,0.0,0.0,960.4736857984426,0.0,0.0,0.0,-1.658220279541842,-1.658220279541842,1.0,-1.658220279541842,True,True
2024-08-16 14:00:00,58343.65,58472.87,57861.99,58018.86,2012.59046,-7.387e-05,27,4.689081617632766,0.0,trending,,1075.4671517977113,-0.1649061429720058,0.6338143047352824,True,True,1074.7853278039606,0.4687364228263415,,trending,6.347301897174608,{},,271.0,BTCUSDT,2024-08-16 14:00:00,BTCUSDT,58018.86,0.008691920613163574,LONG,960.4736857984426,0.0,0.0,0.0,960.4736857984426,0.0,0.0,0.0,4.689081617632766,4.689081617632766,1.0,4.689081617632766,True,True
2024-08-16 15:00:00,58018.85,58223.04,57647.05,58071.06,1203.27113,-7.387e-05,27,3.427605873723722,0.0,trending,,1075.2385923417116,0.46896037585541495,-0.12619978848304275,False,,1075.2385923417116,0.46896037585541495,,trending,-1.261475743909044,{},,272.0,BTCUSDT,2024-08-16 15:00:00,,,,,960.4736857984426,0.0,0.0,0.0,960.4736857984426,0.0,0.0,0.0,3.427605873723722,3.427605873723722,1.0,3.427605873723722,True,False
2024-08-16 16:00:00,58071.07,58728.39,58000.0,58563.18,1350.36722,-5.57e-06,27,-7.182110988844574,0.0,trending,,1079.5117828458895,0.4710624682228133,-1.1892735671072707,True,True,1078.2279480171699,-0.7190662653868807,,trending,-10.609716862568296,{},,273.0,BTCUSDT,2024-08-16 16:00:00,BTCUSDT,58563.18,0.013238989819481559,SHORT,960.4736857984426,0.0,0.0,0.0,960.4736857984426,0.0,0.0,0.0,-7.182110988844574,-7.182110988844574,1.0,-7.182110988844574,True,True
2024-08-16 17:00:00,58563.18,59360.23,58385.13,59215.85,1703.01485,-5.57e-06,27,-20.0,0.0,trending,,1069.587256531689,-0.7329537917682927,-1.2670462082317073,True,True,1068.2320400539274,-2.00253730730206,,trending,-12.817889011155426,{},,274.0,BTCUSDT,2024-08-16 17:00:00,BTCUSDT,59215.85,0.022886042803766743,SHORT,960.4736857984426,0.0,0.0,0.0,960.4736857984426,0.0,0.0,0.0,-20.34421114686696,-20.34421114686696,1.0,-20.34421114686696,True,True
2024-08-16 18:00:00,59215.85,59570.01,59081.42,59467.0,2045.24539,-5.57e-06,27,-20.0,0.0,trending,,1059.1592381105988,-2.0282571663529065,0.028257166352906538,False,,1059.1592381105988,-2.0282571663529065,,trending,0.0,{},,275.0,BTCUSDT,2024-08-16 18:00:00,,,,,960.4736857984426,0.0,0.0,0.0,960.4736857984426,0.0,0.0,0.0,-23.751645197975346,-23.751645197975346,1.0,-23.751645197975346,True,False
2024-08-16 19:00:00,59467.01,59817.76,59410.25,59683.39,1865.31626,-5.57e-06,27,-20.0,0.0,trending,,1051.3421423012542,-2.050773315427745,0.050773315427745214,False,,1051.3421423012542,-2.050773315427745,,trending,0.0,{},,276.0,BTCUSDT,2024-08-16 19:00:00,,,,,960.4736857984426,0.0,0.0,0.0,960.4736857984426,0.0,0.0,0.0,-24.0,-24.0,1.0,-24.0,True,False
2024-08-16 20:00:00,59683.39,59715.69,59184.72,59257.06,936.40681,-5.57e-06,27,-14.20730895502578,0.0,trending,,1066.7433274595237,-2.0067275515618417,0.5859966560592635,True,True,1066.1175937030023,-1.4215647615652898,,trending,5.7926910449742195,{},,277.0,BTCUSDT,2024-08-16 20:00:00,BTCUSDT,59257.06,0.010549089387236102,REDUCE_SHORT,960.4736857984426,0.0,0.0,0.0,960.4736857984426,0.0,0.0,0.0,-14.20730895502578,-14.20730895502578,1.0,-14.20730895502578,True,True
2024-08-16 21:00:00,59256.89,59314.91,58950.0,59023.98,560.59915,-5.57e-06,27,-8.13899180717942,0.0,trending,,1072.0788345524518,-1.408099771574832,0.5942005908568901,True,True,1071.441167007971,-0.8143835723093837,,trending,6.068317147846361,{},,278.0,BTCUSDT,2024-08-16 21:00:00,BTCUSDT,59023.98,0.010792729953761725,REDUCE_SHORT,960.4736857984426,0.0,0.0,0.0,960.4736857984426,0.0,0.0,0.0,-8.13899180717942,-8.13899180717942,1.0,-8.13899180717942,True,True
2024-08-16 22:00:00,59023.97,59178.21,58966.55,58966.56,422.90519,-5.57e-06,27,-6.727068917540896,0.0,trending,,1072.290019114638,-0.8129472600335981,0.14024036827950848,False,,1072.290019114638,-0.8129472600335981,,trending,1.4119228896385234,{},,279.0,BTCUSDT,2024-08-16 22:00:00,,,,,960.4736857984426,0.0,0.0,0.0,960.4736857984426,0.0,0.0,0.0,-6.727068917540896,-6.727068917540896,1.0,-6.727068917540896,True,False
2024-08-16 23:00:00,58966.56,59047.21,58703.99,58874.6,636.81427,-5.57e-06,27,-4.016986026224657,0.0,trending,,1073.6494834080736,-0.8106516904794879,0.4089530878570222,True,True,1073.2099716247747,-0.40186311028998206,,trending,2.7100828913162385,{},,280.0,BTCUSDT,2024-08-16 23:00:00,BTCUSDT,58874.6,0.007457753793925198,REDUCE_SHORT,960.4736857984426,0.0,0.0,0.0,960.4736857984426,0.0,0.0,0.0,-4.016986026224657,-4.016986026224657,1.0,-4.016986026224657,True,True
2024-08-17 00:00:00,58874.59,59259.9,58785.05,59187.25,629.17488,1.912e-05,25,-10.893924642216327,0.0,trending,,1070.9196667157498,-0.40486118200634563,-0.6845312822152869,True,True,1070.1865887031433,-1.0901386982625467,,trending,-6.876938615991669,{},,281.0,BTCUSDT,2024-08-17 00:00:00,BTCUSDT,59187.25,0.012385742074627558,SHORT,960.4736857984426,0.0,0.0,0.0,960.4736857984426,0.0,0.0,0.0,-10.893924642216327,-10.893924642216327,1.0,-10.893924642216327,True,True
2024-08-17 01:00:00,59187.26,59389.18,59120.08,59248.49,520.90864,1.912e-05,25,-11.230888223581537,0.0,trending,,1068.9794747194283,-1.0924989266020468,-0.030589895756106822,False,,1068.9794747194283,-1.0924989266020468,,trending,-0.336963581365211,{},,282.0,BTCUSDT,2024-08-17 01:00:00,,,,,960.4736857984426,0.0,0.0,0.0,960.4736857984426,0.0,0.0,0.0,-11.230888223581537,-11.230888223581537,1.0,-11.230888223581537,True,False
2024-08-17 02:00:00,59248.5,59339.72,59110.79,59146.36,300.25744,1.912e-05,25,-8.096545917435986,0.0,trending,,1070.9925797350525,-1.0885657340066577,0.27891114226305913,True,True,1070.6935689605089,-0.8098807026063216,,trending,3.1343423061455518,{},,283.0,BTCUSDT,2024-08-17 02:00:00,BTCUSDT,59146.36,0.005050382876801952,REDUCE_SHORT,960.4736857984426,0.0,0.0,0.0,960.4736857984426,0.0,0.0,0.0,-8.096545917435986,-8.096545917435986,1.0,-8.096545917435986,True,True
2024-08-17 03:00:00,59146.36,59178.0,59000.0,59158.37,319.61718,1.912e-05,25,-7.658619365619895,0.0,trending,,1070.5174925280883,-0.8101783879215512,0.04431645135956164,False,,1070.5174925280883,-0.8101783879215512,,trending,0.43792655181609064,{},,284.0,BTCUSDT,2024-08-17 03:00:00,,,,,960.4736857984426,0.0,0.0,0.0,960.4736857984426,0.0,0.0,0.0,-7.658619365619895,-7.658619365619895,1.0,-7.658619365619895,True,False
2024-08-17 04:00:00,59158.36,59263.47,59083.9,59216.74,332.94374,1.912e-05,25,-8.413289552270225,0.0,trending,,1069.6617405413776,-0.8116265688679694,-0.02970238635905309,False,,1069.6617405413776,-0.8116265688679694,,trending,-0.7546701866503298,{},,285.0,BTCUSDT,2024-08-17 04:00:00,,,,,960.4736857984426,0.0,0.0,0.0,960.4736857984426,0.0,0.0,0.0,-8.413289552270225,-8.413289552270225,1.0,-8.413289552270225,True,False
2024-08-17 05:00:00,59216.74,59247.03,59150.18,59163.17,231.1869,1.912e-05,25,-6.525046430596567,0.0,trending,,1070.4471205983948,-0.8102973902933602,0.1577927472337035,False,,1070.4471205983948,-0.8102973902933602,,trending,1.888243121673658,{},,286.0,BTCUSDT,2024-08-17 05:00:00,,,,,960.4736857984426,0.0,0.0,0.0,960.4736857984426,0.0,0.0,0.0,-6.525046430596567,-6.525046430596567,1.0,-6.525046430596567,True,False
2024-08-17 06:00:00,59163.16,59220.2,59141.96,59158.18,194.9654,1.912e-05,25,-5.961128067962011,0.0,trending,,1070.5202780836385,-0.8101736777329086,0.21406087093670756,True,True,1070.2908921946678,-0.5962405663306518,,trending,0.5639183626345563,{},,287.0,BTCUSDT,2024-08-17 06:00:00,BTCUSDT,59158.18,0.003873623277152712,REDUCE_SHORT,960.4736857984426,0.0,0.0,0.0,960.4736857984426,0.0,0.0,0.0,-5.961128067962011,-5.961128067962011,1.0,-5.961128067962011,True,True
2024-08-17 07:00:00,59158.18,59261.21,59051.98,59248.0,347.74849,1.912e-05,25,-7.8917177940566665,0.0,trending,,1069.3219863030315,-0.5976869098165215,-0.19148486958914512,False,,1069.3219863030315,-0.5976869098165215,,trending,-1.9305897260946558,{},,288.0,BTCUSDT,2024-08-17 07:00:00,,,,,960.4736857984426,0.0,0.0,0.0,960.4736857984426,0.0,0.0,0.0,-7.8917177940566665,-7.8917177940566665,1.0,-7.8917177940566665,True,False
2024-08-17 08:00:00,59248.0,59287.85,59163.16,59279.08,292.68992,4.177e-05,25,-8.794082077275407,0.0,trending,,1068.9867202697199,-0.5981879919558702,-0.28122021577167045,True,True,1068.6860995935886,-0.8796555846608637,,trending,-0.9023642832187404,{},,289.0,BTCUSDT,2024-08-17 08:00:00,BTCUSDT,59279.08,0.0050712776941089655,SHORT,960.4736857984426,0.0,0.0,0.0,960.4736857984426,0.0,0.0,0.0,-8.794082077275407,-8.794082077275407,1.0,-8.794082077275407,True,True
2024-08-17 09:00:00,59279.09,59477.16,59223.17,59326.34,441.96549,4.177e-05,25,-10.500975634009478,0.0,trending,,1067.9366281547357,-0.8809747155329058,-0.16912284786804188,False,,1067.9366281547357,-0.8809747155329058,,trending,-1.7068935567340713,{},,290.0,BTCUSDT,2024-08-17 09:00:00,,,,,960.4736857984426,0.0,0.0,0.0,960.4736857984426,0.0,0.0,0.0,-10.500975634009478,-10.500975634009478,1.0,-10.500975634009478,True,False
2024-08-17 10:00:00,59326.35,59346.33,59083.58,59106.4,332.297,4.177e-05,25,-2.374916095684977,0.0,trending,,1071.424540729033,-0.8748513954923005,0.6373597859238028,True,True,1070.740974246638,-0.23764322541962854,,trending,8.126059538324501,{},,291.0,BTCUSDT,2024-08-17 10:00:00,BTCUSDT,59106.4,0.011553451333739919,REDUCE_SHORT,960.4736857984426,0.0,0.0,0.0,960.4736857984426,0.0,0.0,0.0,-2.374916095684977,-2.374916095684977,1.0,-2.374916095684977,True,True
2024-08-17 11:00:00,59106.41,59189.43,59060.0,59137.12,260.05895,4.177e-05,25,-3.429543560316071,0.0,trending,,1070.608723977883,-0.2377961091441104,-0.10515824688749673,False,,1070.608723977883,-0.2377961091441104,,trending,-1.054627464631094,{},,292.0,BTCUSDT,2024-08-17 11:00:00,,,,,960.4736857984426,0.0,0.0,0.0,960.4736857984426,0.0,0.0,0.0,-3.429543560316071,-3.429543560316071,1.0,-3.429543560316071,True,False
2024-08-17 12:00:00,59137.12,59267.79,59100.28,59230.07,216.65392,4.177e-05,25,-7.14743809175288,0.0,trending,,1070.2085722044205,-0.2382589220210797,-0.47648488715420834,True,True,1069.698633993662,-0.7150845361498013,,trending,-3.717894531436809,{},,293.0,BTCUSDT,2024-08-17 12:00:00,BTCUSDT,59230.07,0.008609448051611112,SHORT,960.4736857984426,0.0,0.0,0.0,960.4736857984426,0.0,0.0,0.0,-7.14743809175288,-7.14743809175288,1.0,-7.14743809175288,True,True
2024-08-17 13:00:00,59230.07,59442.89,59190.0,59324.28,459.60377,4.177e-05,25,-11.682976100369121,0.0,trending,,1068.4819617918279,-0.7170374897358682,-0.4512601203010438,True,True,1067.99979849321,-1.1688250541714686,,trending,-4.535538008616241,{},,294.0,BTCUSDT,2024-08-17 13:00:00,BTCUSDT,59324.28,0.00812758787157089,SHORT,960.4736857984426,0.0,0.0,0.0,960.4736857984426,0.0,0.0,0.0,-11.682976100369121,-11.682976100369121,1.0,-11.682976100369121,True,True
2024-08-17 14:00:00,59324.29,59571.99,59254.11,59535.37,355.43806,4.177e-05,25,-20.0,0.0,trending,,1063.5580305348897,-1.1778827805542746,-0.8221172194457254,True,True,1062.6836611641074,-2.0016455873045502,,trending,-8.317023899630879,{},,295.0,BTCUSDT,2024-08-17 14:00:00,BTCUSDT,59535.37,0.014686553065556078,SHORT,960.4736857984426,0.0,0.0,0.0,960.4736857984426,0.0,0.0,0.0,-20.946588968739803,-20.946588968739803,1.0,-20.946588968739803,True,True
2024-08-17 15:00:00,59535.37,59654.9,59363.64,59388.11,459.16837,4.177e-05,25,-12.240694193078209,0.0,trending,,1067.9450563843461,-1.9868575196493063,0.7627881003414854,True,True,1067.1296251723059,-1.2250047737264995,,trending,7.759305806921791,{},,296.0,BTCUSDT,2024-08-17 15:00:00,BTCUSDT,59388.11,0.013716816056757756,REDUCE_SHORT,960.4736857984426,0.0,0.0,0.0,960.4736857984426,0.0,0.0,0.0,-12.240694193078209,-12.240694193078209,1.0,-12.240694193078209,True,True
2024-08-17 16:00:00,59388.11,59700.0,59388.11,59610.1,355.94605,-1.52e-06,25,-20.0,0.0,trending,,1062.2432268665539,-1.2352399621293464,-0.7647600378706536,True,True,1061.4308656961475,-2.001530690686809,,trending,-7.759305806921791,{},,297.0,BTCUSDT,2024-08-17 16:00:00,BTCUSDT,59610.1,0.013627911552007311,SHORT,960.4736857984426,0.0,0.0,0.0,960.4736857984426,0.0,0.0,0.0,-22.869216201994224,-22.869216201994224,1.0,-22.869216201994224,True,True
2024-08-17 17:00:00,59610.09,59669.95,59428.57,59428.57,381.31489,-1.52e-06,25,-11.770824324028295,0.0,trending,,1067.900541572319,-1.9833464778831207,0.8062640454802912,True,True,1067.0386698898178,-1.1780331889640352,,trending,8.229175675971705,{},,298.0,BTCUSDT,2024-08-17 17:00:00,BTCUSDT,59428.57,0.014488146203394963,REDUCE_SHORT,960.4736857984426,0.0,0.0,0.0,960.4736857984426,0.0,0.0,0.0,-11.770824324028295,-11.770824324028295,1.0,-11.770824324028295,True,True
2024-08-17 18:00:00,59428.57,59471.18,59294.31,59417.67,245.57509,-1.52e-06,25,-10.15740591240446,0.0,trending,,1067.2692218943625,-1.1775626891994215,0.1618220979589755,False,,1067.2692218943625,-1.1775626891994215,,trending,1.6134184116238348,{},,299.0,BTCUSDT,2024-08-17 18:00:00,,,,,960.4736857984426,0.0,0.0,0.0,960.4736857984426,0.0,0.0,0.0,-10.15740591240446,-10.15740591240446,1.0,-10.15740591240446,True,False
2024-08-17 19:00:00,59417.68,59541.93,59385.71,59473.19,174.17452,-1.52e-06,25,-12.623803073552107,0.0,trending,,1066.0948872803885,-1.179961338016272,-0.08241896933893877,False,,1066.0948872803885,-1.179961338016272,,trending,-2.466397161147647,{},,300.0,BTCUSDT,2024-08-17 19:00:00,,,,,960.4736857984426,0.0,0.0,0.0,960.4736857984426,0.0,0.0,0.0,-12.623803073552107,-12.623803073552107,1.0,-12.623803073552107,True,False
2024-08-17 20:00:00,59473.19,59500.0,59330.0,59397.12,179.64912,-1.52e-06,25,-7.791391309818378,0.0,trending,,1067.703886453389,-1.1766761987238672,0.39753706774202935,True,True,1067.2790097044026,-0.779449301141627,,trending,4.832411763733729,{},,301.0,BTCUSDT,2024-08-17 20:00:00,BTCUSDT,59397.12,0.007146000887542172,REDUCE_SHORT,960.4736857984426,0.0,0.0,0.0,960.4736857984426,0.0,0.0,0.0,-7.791391309818378,-7.791391309818378,1.0,-7.791391309818378,True,True
2024-08-17 21:00:00,59397.13,59429.79,59113.68,59303.8,293.07022,-1.52e-06,25,-1.5357438033233075,0.0,trending,,1068.5860084854394,-0.7772728379940277,0.623698457661697,True,True,1067.9188658974801,-0.15367032021391802,,trending,6.2556475064950705,{},,302.0,BTCUSDT,2024-08-17 21:00:00,BTCUSDT,59303.8,0.011238326133759347,REDUCE_SHORT,960.4736857984426,0.0,0.0,0.0,960.4736857984426,0.0,0.0,0.0,-1.5357438033233075,-1.5357438033233075,1.0,-1.5357438033233075,True,True
2024-08-17 22:00:00,59303.8,59348.38,59246.43,59314.19,164.32824,-1.52e-06,25,-2.0574993955029295,0.0,trending,,1067.8901143463124,-0.15370138128546154,-0.0520485582648314,False,,1067.8901143463124,-0.15370138128546154,,trending,-0.521755592179622,{},,303.0,BTCUSDT,2024-08-17 22:00:00,,,,,960.4736857984426,0.0,0.0,0.0,960.4736857984426,0.0,0.0,0.0,-2.0574993955029295,-2.0574993955029295,1.0,-2.0574993955029295,True,False
2024-08-17 23:00:00,59314.19,59492.0,59300.95,59491.99,232.99303,-1.52e-06,25,-12.500762452290369,0.0,trending,,1067.398100313817,-0.15423317656290766,-1.0958430686661291,True,True,1066.2283995040807,-1.251447635446139,,trending,-10.443263056787439,{},,304.0,BTCUSDT,2024-08-17 23:00:00,BTCUSDT,59491.99,0.019661484003750587,SHORT,960.4736857984426,0.0,0.0,0.0,960.4736857984426,0.0,0.0,0.0,-12.500762452290369,-12.500762452290369,1.0,-12.500762452290369,True,True
2024-08-18 00:00:00,59491.99,59747.77,59424.16,59678.93,421.67863,3.966e-05,31,-20.0,0.0,trending,,1062.035575142042,-1.260336155488879,-0.739663844511121,True,True,1061.2500258255254,-2.00148042270417,,trending,-7.499237547709631,{},,305.0,BTCUSDT,2024-08-18 00:00:00,BTCUSDT,59678.93,0.013162925617418782,SHORT,960.4736857984426,0.0,0.0,0.0,960.4736857984426,0.0,0.0,0.0,-21.72610827260669,-21.72610827260669,1.0,-21.72610827260669,True,True
2024-08-18 01:00:00,59678.93,59690.99,59410.21,59435.95,230.1719,3.966e-05,31,-5.374461752761581,0.0,trending,,1069.8980831565805,-1.9772192569144313,1.4397730816382732,True,True,1068.3561307439427,-0.5382218683271757,,trending,14.625538247238419,{},,306.0,BTCUSDT,2024-08-18 01:00:00,BTCUSDT,59435.95,0.0259171504825822,REDUCE_SHORT,960.4736857984426,0.0,0.0,0.0,960.4736857984426,0.0,0.0,0.0,-5.374461752761581,-5.374461752761581,1.0,-5.374461752761581,True,True
2024-08-18 02:00:00,59435.95,60259.01,59393.1,60126.0,1194.84789,3.966e-05,31,-20.0,0.0,trending,,1061.6802474239348,-0.5478942623819331,-1.452105737618067,True,True,1060.1385754451348,-2.0029084348301405,,trending,-14.625538247238419,{},,307.0,BTCUSDT,2024-08-18 02:00:00,BTCUSDT,60126.0,0.025640687536175114,SHORT,960.4736857984426,0.0,0.0,0.0,960.4736857984426,0.0,0.0,0.0,-24.0,-24.0,1.0,-24.0,True,True
2024-08-18 03:00:00,60125.99,60254.77,59300.0,59337.42,1003.95868,3.966e-05,31,3.4725352015821374,0.0,trending,,1087.9874198556586,-1.926044007673686,2.2732975278319,True,True,1085.5120031345286,0.34769735652984934,,trending,23.472535201582136,{},,308.0,BTCUSDT,2024-08-18 03:00:00,BTCUSDT,59337.42,0.006367102941663623,LONG,960.4736857984426,0.0,0.0,0.0,960.4736857984426,0.0,0.0,0.0,3.4725352015821374,3.4725352015821374,1.0,3.4725352015821374,True,True
2024-08-18 04:00:00,59337.41,59499.99,59256.56,59456.0,496.05122,3.966e-05,31,-1.6808746584247458,0.0,trending,,1086.2662591902845,0.3481502871210927,-0.5162377529635673,True,True,1085.70548753752,-0.16817428375682744,,trending,-5.153409860006883,{},,309.0,BTCUSDT,2024-08-18 04:00:00,BTCUSDT,59456.0,0.003070972529895714,SHORT,960.4736857984426,0.0,0.0,0.0,960.4736857984426,0.0,0.0,0.0,-1.6808746584247458,-1.6808746584247458,1.0,-1.6808746584247458,True,True
2024-08-18 05:00:00,59456.0,59698.0,59406.02,59490.0,429.44826,3.966e-05,31,-2.867657145035221,0.0,trending,,1085.6010744715036,-0.16828663871066535,-0.11847907579285677,False,,1085.6010744715036,-0.16828663871066535,,trending,-1.1867824866104753,{},,310.0,BTCUSDT,2024-08-18 05:00:00,,,,,960.4736857984426,0.0,0.0,0.0,960.4736857984426,0.0,0.0,0.0,-2.867657145035221,-2.867657145035221,1.0,-2.867657145035221,True,False
2024-08-18 06:00:00,59490.0,59623.97,59480.0,59595.99,227.12593,3.966e-05,31,-6.959676117296851,0.0,trending,,1085.27558209306,-0.16863702749947831,-0.5273305842302068,True,True,1084.703283086304,-0.6963348103720585,,trending,-4.092018972261631,{},,311.0,BTCUSDT,2024-08-18 06:00:00,BTCUSDT,59595.99,0.009602978434554257,SHORT,960.4736857984426,0.0,0.0,0.0,960.4736857984426,0.0,0.0,0.0,-6.959676117296851,-6.959676117296851,1.0,-6.959676117296851,True,True
2024-08-18 07:00:00,59596.0,59678.4,59516.0,59573.39,368.75995,3.966e-05,31,-5.347430399020232,0.0,trending,,1084.9897143781004,-0.6958869873516047,0.1611439474495815,False,,1084.9897143781004,-0.6958869873516047,,trending,1.6122457182766192,{},,312.0,BTCUSDT,2024-08-18 07:00:00,,,,,960.4736857984426,0.0,0.0,0.0,960.4736857984426,0.0,0.0,0.0,-5.347430399020232,-5.347430399020232,1.0,-5.347430399020232,True,False
2024-08-18 08:00:00,59573.39,59717.89,59436.0,59706.02,341.48521,-1.323e-05,31,-10.013429327309478,0.0,trending,,1083.3087682616856,-0.6985184574631607,-0.3028244752677871,True,True,1082.9807158523838,-1.001646255732744,,trending,-4.665998928289246,{},,313.0,BTCUSDT,2024-08-18 08:00:00,BTCUSDT,59706.02,0.005494461183341943,SHORT,960.4736857984426,0.0,0.0,0.0,960.4736857984426,0.0,0.0,0.0,-10.013429327309478,-10.013429327309478,1.0,-10.013429327309478,True,True
2024-08-18 09:00:00,59706.01,60125.99,59651.68,59880.0,625.30681,-1.323e-05,31,-15.40658913871954,0.0,trending,,1079.819775506911,-1.0075056450036435,-0.5331532688683105,True,True,1079.2440660638108,-1.5414807593777138,,trending,-5.393159811410062,{},,314.0,BTCUSDT,2024-08-18 09:00:00,BTCUSDT,59880.0,0.009614386157317214,SHORT,960.4736857984426,0.0,0.0,0.0,960.4736857984426,0.0,0.0,0.0,-15.40658913871954,-15.40658913871954,1.0,-15.40658913871954,True,True
2024-08-18 10:00:00,59880.01,60200.0,59826.31,59870.73,1134.85926,-1.323e-05,31,-13.46482610315901,0.0,trending,,1079.5016126040991,-1.5408744151452043,0.19439180482930318,False,,1079.5016126040991,-1.5408744151452043,,trending,1.9417630355605286,{},,315.0,BTCUSDT,2024-08-18 10:00:00,,,,,960.4736857984426,0.0,0.0,0.0,960.4736857984426,0.0,0.0,0.0,-13.46482610315901,-13.46482610315901,1.0,-13.46482610315901,True,False
2024-08-18 11:00:00,59870.72,60033.34,59759.04,60024.01,455.2164,-1.323e-05,31,-18.051379428300432,0.0,trending,,1075.2430652798919,-1.5509376597186038,-0.2542002831114394,True,True,1074.969738188284,-1.805596926079838,,trending,-4.586553325141422,{},,316.0,BTCUSDT,2024-08-18 11:00:00,BTCUSDT,60024.01,0.004553629316131335,SHORT,960.4736857984426,0.0,0.0,0.0,960.4736857984426,0.0,0.0,0.0,-18.051379428300432,-18.051379428300432,1.0,-18.051379428300432,True,True
2024-08-18 12:00:00,60024.0,60284.99,59892.98,59969.55,792.74575,-1.323e-05,31,-14.0805369673289,0.0,trending,,1076.7307800365368,-1.8010082455222076,0.39295454878931757,True,True,1076.3072502489124,-1.4086077696363317,,trending,3.9708424609715323,{},,317.0,BTCUSDT,2024-08-18 12:00:00,BTCUSDT,59969.55,0.007055351554861212,REDUCE_SHORT,960.4736857984426,0.0,0.0,0.0,960.4736857984426,0.0,0.0,0.0,-14.0805369673289,-14.0805369673289,1.0,-14.0805369673289,True,True
2024-08-18 13:00:00,59969.56,60227.71,59826.31,59828.0,516.38036,-1.323e-05,31,-7.2366822764544505,0.0,trending,,1079.8857865661084,-1.4006261011258754,0.6769578734804303,True,True,1079.1540176114781,-0.7241589434596857,,trending,6.8438546908744495,{},,318.0,BTCUSDT,2024-08-18 13:00:00,BTCUSDT,59828.0,0.012218980839665952,REDUCE_SHORT,960.4736857984426,0.0,0.0,0.0,960.4736857984426,0.0,0.0,0.0,-7.2366822764544505,-7.2366822764544505,1.0,-7.2366822764544505,True,True
2024-08-18 14:00:00,59828.01,59971.14,59669.85,59806.01,645.58452,-1.323e-05,31,-5.63416349129009,0.0,trending,,1079.4412530855134,-0.7237001509037951,0.16028380177478607,False,,1079.4412530855134,-0.7237001509037951,,trending,1.60251878516436,{},,319.0,BTCUSDT,2024-08-18 14:00:00,,,,,960.4736857984426,0.0,0.0,0.0,960.4736857984426,0.0,0.0,0.0,-5.63416349129009,-5.63416349129009,1.0,-5.63416349129009,True,False
2024-08-18 15:00:00,59806.0,59931.51,59700.67,59863.99,274.37716,-1.323e-05,31,-7.105998405051912,0.0,trending,,1078.6839128042689,-0.724910354876962,0.014310514371770777,False,,1078.6839128042689,-0.724910354876962,,trending,-1.4718349137618212,{},,320.0,BTCUSDT,2024-08-18 15:00:00,,,,,960.4736857984426,0.0,0.0,0.0,960.4736857984426,0.0,0.0,0.0,-7.105998405051912,-7.105998405051912,1.0,-7.105998405051912,True,False
2024-08-18 16:00:00,59863.99,59945.83,59766.3,59840.45,242.12455,-3.149e-05,31,-5.583167890851291,0.0,trending,,1078.9913945259054,-0.7244188047049427,0.16610201561981364,False,,1078.9913945259054,-0.7244188047049427,,trending,1.5228305142006207,{},,321.0,BTCUSDT,2024-08-18 16:00:00,,,,,960.4736857984426,0.0,0.0,0.0,960.4736857984426,0.0,0.0,0.0,-5.583167890851291,-5.583167890851291,1.0,-5.583167890851291,True,False
2024-08-18 17:00:00,59840.45,59858.05,59377.14,59527.58,647.11206,-3.149e-05,31,5.92962030057692,0.0,trending,,1083.0781322594871,-0.7179121204798778,1.3108741505375698,True,True,1081.657574799644,0.5931470353975044,,trending,11.51278819142821,{},,322.0,BTCUSDT,2024-08-18 17:00:00,BTCUSDT,59527.58,0.010788683296308683,LONG,960.4736857984426,0.0,0.0,0.0,960.4736857984426,0.0,0.0,0.0,5.92962030057692,5.92962030057692,1.0,5.92962030057692,True,True
2024-08-18 18:00:00,59527.58,59623.97,59468.19,59602.17,286.59077,-3.149e-05,31,2.754171926433301,0.0,trending,,1082.4614979588287,0.5934491972030222,-0.31803200455969216,True,True,1082.117240558774,0.27550481199095345,,trending,-3.1754483741436186,{},,323.0,BTCUSDT,2024-08-18 18:00:00,BTCUSDT,59602.17,0.005775920575618864,REDUCE_LONG,960.4736857984426,0.0,0.0,0.0,960.4736857984426,0.0,0.0,0.0,2.754171926433301,2.754171926433301,1.0,2.754171926433301,True,True
2024-08-18 19:00:00,59602.18,59756.0,59511.79,59708.38,235.22316,-3.149e-05,31,-1.1580807096966312,0.0,trending,,1082.6485002212855,0.275860324485539,-0.3916683954552021,True,True,1082.224461020362,-0.11585344710339805,,trending,-3.9122526361299323,{},,324.0,BTCUSDT,2024-08-18 19:00:00,BTCUSDT,59708.38,0.0020998632746161592,SHORT,960.4736857984426,0.0,0.0,0.0,960.4736857984426,0.0,0.0,0.0,-1.1580807096966312,-1.1580807096966312,1.0,-1.1580807096966312,True,True
2024-08-18 20:00:00,59708.38,59869.77,59682.63,59814.53,270.88956,-3.149e-05,31,-4.769142177086768,0.0,trending,,1082.0015605337614,-0.1160833213340891,-0.3608308963745877,True,True,1081.6111409407954,-0.4770863652094835,,trending,-3.6110614673901367,{},,325.0,BTCUSDT,2024-08-18 20:00:00,BTCUSDT,59814.53,0.006527169785771114,SHORT,960.4736857984426,0.0,0.0,0.0,960.4736857984426,0.0,0.0,0.0,-4.769142177086768,-4.769142177086768,1.0,-4.769142177086768,True,True
2024-08-18 21:00:00,59814.53,59814.53,59311.14,59439.33,464.86074,-3.149e-05,31,8.492435740884499,0.0,trending,,1084.8480037450527,-0.4726791801497175,1.3219227542381673,True,True,1083.4134051856488,0.8495177292821233,,trending,13.261577917971266,{},,326.0,BTCUSDT,2024-08-18 21:00:00,BTCUSDT,59439.33,0.015499841536625135,LONG,960.4736857984426,0.0,0.0,0.0,960.4736857984426,0.0,0.0,0.0,8.492435740884499,8.492435740884499,1.0,8.492435740884499,True,True
2024-08-18 22:00:00,59439.33,59577.88,59350.0,59350.0,315.50332,-3.149e-05,31,11.750432461362486,0.0,trending,,1082.0301889420266,0.8493253598608618,0.3257178862753868,True,True,1081.677752355998,1.1751002794291507,,trending,3.257996720477987,{},,327.0,BTCUSDT,2024-08-18 22:00:00,BTCUSDT,59350.0,0.005938274406543459,LONG,960.4736857984426,0.0,0.0,0.0,960.4736857984426,0.0,0.0,0.0,11.750432461362486,11.750432461362486,1.0,11.750432461362486,True,True
2024-08-18 23:00:00,59350.0,59407.61,58408.92,58427.35,2014.55508,-3.149e-05,31,20.0,0.0,trending,,1061.9176545587086,1.1783585345593854,0.8216414654406146,True,True,1061.04513898084,2.0008223171152797,,trending,8.249567538637514,{},,328.0,BTCUSDT,2024-08-18 23:00:00,BTCUSDT,58427.35,0.01493334162629107,LONG,960.4736857984426,0.0,0.0,0.0,960.4736857984426,0.0,0.0,0.0,24.0,24.0,1.0,24.0,True,True
2024-08-19 00:00:00,58427.35,58710.0,58210.03,58346.03,2258.26711,-3.616e-05,28,20.0,0.0,trending,,1058.090369778221,2.0036171624747796,-0.0036171624747796116,False,,1058.090369778221,2.0036171624747796,,trending,0.0,{},,329.0,BTCUSDT,2024-08-19 00:00:00,,,,,960.4736857984426,0.0,0.0,0.0,960.4736857984426,0.0,0.0,0.0,24.0,24.0,1.0,24.0,True,False
2024-08-19 01:00:00,58346.03,58630.0,58216.33,58564.0,1674.85658,-3.616e-05,28,20.0,0.0,trending,,1066.0103284980296,1.996160755829554,0.00383924417044601,False,,1066.0103284980296,1.996160755829554,,trending,0.0,{},,330.0,BTCUSDT,2024-08-19 01:00:00,,,,,960.4736857984426,0.0,0.0,0.0,960.4736857984426,0.0,0.0,0.0,24.0,24.0,1.0,24.0,True,False
2024-08-19 02:00:00,58564.0,58748.0,58427.07,58670.51,571.95643,-3.616e-05,28,20.0,0.0,trending,,1069.8803785198074,1.9925573698509027,0.007442630149097296,False,,1069.8803785198074,1.9925573698509027,,trending,0.0,{},,331.0,BTCUSDT,2024-08-19 02:00:00,,,,,960.4736857984426,0.0,0.0,0.0,960.4736857984426,0.0,0.0,0.0,22.363220420478793,22.363220420478793,1.0,22.363220420478793,True,False
2024-08-19 03:00:00,58670.51,58763.83,58561.87,58736.85,481.87935,-3.616e-05,28,17.880818762422038,0.0,trending,,1072.2908481324698,1.9903261381071864,-0.20224426186498268,True,True,1072.073983461385,1.7884435786936634,,trending,-2.119181237577962,{},,332.0,BTCUSDT,2024-08-19 03:00:00,BTCUSDT,58736.85,0.0036921399612871242,REDUCE_LONG,960.4736857984426,0.0,0.0,0.0,960.4736857984426,0.0,0.0,0.0,17.880818762422038,17.880818762422038,1.0,17.880818762422038,True,True
2024-08-19 04:00:00,58736.85,58746.0,58450.0,58582.0,446.59763,-3.616e-05,28,20.0,0.0,trending,,1067.019223249964,1.7921786503246997,0.2078213496753003,True,True,1066.797473874859,2.000207864548366,,trending,2.119181237577962,{},,333.0,BTCUSDT,2024-08-19 04:00:00,BTCUSDT,58582.0,0.0037852817436294095,LONG,960.4736857984426,0.0,0.0,0.0,960.4736857984426,0.0,0.0,0.0,21.36548964867321,21.36548964867321,1.0,21.36548964867321,True,True
2024-08-19 05:00:00,58581.99,58612.0,58359.5,58475.18,597.592,-3.616e-05,28,20.0,0.0,trending,,1062.9066149149926,2.0038692094651234,-0.003869209465123369,False,,1062.9066149149926,2.0038692094651234,,trending,0.0,{},,334.0,BTCUSDT,2024-08-19 05:00:00,,,,,960.4736857984426,0.0,0.0,0.0,960.4736857984426,0.0,0.0,0.0,23.66456127269917,23.66456127269917,1.0,23.66456127269917,True,False
2024-08-19 06:00:00,58475.19,58660.84,58388.85,58570.0,470.2875,-3.616e-05,28,18.382033308612588,0.0,trending,,1066.360380563509,2.000617842427817,-0.16241451156655806,False,,1066.360380563509,2.000617842427817,,trending,-1.6179666913874122,{},,335.0,BTCUSDT,2024-08-19 06:00:00,,,,,960.4736857984426,0.0,0.0,0.0,960.4736857984426,0.0,0.0,0.0,18.382033308612588,18.382033308612588,1.0,18.382033308612588,True,False
2024-08-19 07:00:00,58570.0,58745.82,58500.0,58502.19,563.1549,-3.616e-05,28,19.104826855018874,0.0,trending,,1063.8904391099563,2.0029408894233742,-0.09245820392148674,False,,1063.8904391099563,2.0029408894233742,,trending,0.7227935464062867,{},,336.0,BTCUSDT,2024-08-19 07:00:00,,,,,960.4736857984426,0.0,0.0,0.0,960.4736857984426,0.0,0.0,0.0,19.104826855018874,19.104826855018874,1.0,19.104826855018874,True,False
2024-08-19 08:00:00,58502.19,58660.85,58403.16,58608.27,555.99622,-6.75e-05,28,13.797074506674988,0.0,trending,,1067.754343982289,1.9993115263482955,-0.6196040756807966,True,True,1067.0927590389315,1.3805628530379748,,trending,-5.307752348343886,{},,337.0,BTCUSDT,2024-08-19 08:00:00,BTCUSDT,58608.27,0.01128825238071865,REDUCE_LONG,960.4736857984426,0.0,0.0,0.0,960.4736857984426,0.0,0.0,0.0,13.797074506674988,13.797074506674988,1.0,13.797074506674988,True,True
2024-08-19 09:00:00,58608.28,58671.38,57965.6,58006.59,1680.68671,-6.75e-05,28,20.0,0.0,trending,,1051.96881610028,1.3860341282182156,0.6139658717817844,True,True,1051.3229431490158,2.000614343057453,,trending,6.2029254933250115,{},,338.0,BTCUSDT,2024-08-19 09:00:00,BTCUSDT,58006.59,0.011134475432261407,LONG,960.4736857984426,0.0,0.0,0.0,960.4736857984426,0.0,0.0,0.0,24.0,24.0,1.0,24.0,True,True
2024-08-19 10:00:00,58006.6,58199.28,57787.3,58046.01,1538.43823,-6.75e-05,28,20.0,0.0,trending,,1052.7522938684706,1.9992557814665863,0.0007442185334136653,False,,1052.7522938684706,1.9992557814665863,,trending,0.0,{},,339.0,BTCUSDT,2024-08-19 10:00:00,,,,,960.4736857984426,0.0,0.0,0.0,960.4736857984426,0.0,0.0,0.0,24.0,24.0,1.0,24.0,True,False
2024-08-19 11:00:00,58046.01,58520.21,57984.18,58396.95,968.93626,-6.75e-05,28,12.680293099444047,0.0,trending,,1065.4772137437976,1.9873217395273497,-0.719292429582945,True,True,1064.7108240500584,1.2689420503548041,,trending,-7.319706900555953,{},,340.0,BTCUSDT,2024-08-19 11:00:00,BTCUSDT,58396.95,0.013123796597922377,REDUCE_LONG,960.4736857984426,0.0,0.0,0.0,960.4736857984426,0.0,0.0,0.0,12.680293099444047,12.680293099444047,1.0,12.680293099444047,True,True
2024-08-19 12:00:00,58396.94,58520.13,58264.0,58412.0,536.51605,-6.75e-05,28,10.868783790116868,0.0,trending,,1065.0590168556482,1.2688541268824218,-0.1819757478707349,False,,1065.0590168556482,1.2688541268824218,,trending,-1.8115093093271781,{},,341.0,BTCUSDT,2024-08-19 12:00:00,,,,,960.4736857984426,0.0,0.0,0.0,960.4736857984426,0.0,0.0,0.0,10.868783790116868,10.868783790116868,1.0,10.868783790116868,True,False
2024-08-19 13:00:00,58412.01,58970.0,58029.77,58199.99,2044.11579,-6.75e-05,28,15.716125526474041,0.0,trending,,1060.1540097650786,1.2700980323777935,0.30151452026961056,True,True,1059.8343579374123,1.5717849541135411,,trending,4.847341736357173,{},,342.0,BTCUSDT,2024-08-19 13:00:00,BTCUSDT,58199.99,0.005492300388131024,LONG,960.4736857984426,0.0,0.0,0.0,960.4736857984426,0.0,0.0,0.0,15.716125526474041,15.716125526474041,1.0,15.716125526474041,True,True
2024-08-19 14:00:00,58200.0,58633.34,58075.49,58617.42,1293.04771,-6.75e-05,28,1.4423421931699134,0.0,trending,,1071.782265927665,1.5654108665407762,-1.4211766472237848,True,True,1070.25907400042,0.14443949335187983,,trending,-14.273783333304127,{},,343.0,BTCUSDT,2024-08-19 14:00:00,BTCUSDT,58617.42,0.025985311657268268,REDUCE_LONG,960.4736857984426,0.0,0.0,0.0,960.4736857984426,0.0,0.0,0.0,1.4423421931699134,1.4423421931699134,1.0,1.4423421931699134,True,True
2024-08-19 15:00:00,58617.42,58777.0,58510.01,58539.24,754.64022,-6.75e-05,28,3.559687827597517,0.0,trending,,1070.0528952791863,0.14427464321038036,0.21169413954937133,True,True,1069.8263713522479,0.35583241625738565,,trending,2.1173456344276036,{},,344.0,BTCUSDT,2024-08-19 15:00:00,BTCUSDT,58539.24,0.0038696082651302082,LONG,960.4736857984426,0.0,0.0,0.0,960.4736857984426,0.0,0.0,0.0,3.559687827597517,3.559687827597517,1.0,3.559687827597517,True,True
2024-08-19 16:00:00,58539.25,58716.11,58380.0,58705.99,651.87865,-6.75e-05,28,-1.56802597463203,0.0,trending,,1070.9107415460571,0.3564846798873314,-0.5132872773505344,True,True,1070.3610566872435,-0.15688312357456483,,trending,-5.127713802229547,{},,345.0,BTCUSDT,2024-08-19 16:00:00,BTCUSDT,58705.99,0.002860382491218811,SHORT,960.4736857984426,0.0,0.0,0.0,960.4736857984426,0.0,0.0,0.0,-1.56802597463203,-1.56802597463203,1.0,-1.56802597463203,True,True
2024-08-19 17:00:00,58706.0,59290.0,58555.92,59021.61,1384.41843,-1.957e-05,28,-10.101681275837349,0.0,trending,,1069.4582627653651,-0.15785971806978735,-0.8523084095139475,True,True,1068.5467544943858,-1.0110298368159227,,trending,-8.533655301205318,{},,346.0,BTCUSDT,2024-08-19 17:00:00,BTCUSDT,59021.61,0.015443636169516516,SHORT,960.4736857984426,0.0,0.0,0.0,960.4736857984426,0.0,0.0,0.0,-10.101681275837349,-10.101681275837349,1.0,-10.101681275837349,True,True
2024-08-19 18:00:00,59021.61,59235.93,58732.0,59011.99,654.64785,-1.957e-05,28,-8.60189108928605,0.0,trending,,1068.7228391539022,-1.01069849599385,0.15050938706524497,False,,1068.7228391539022,-1.01069849599385,,trending,1.499790186551298,{},,347.0,BTCUSDT,2024-08-19 18:00:00,,,,,960.4736857984426,0.0,0.0,0.0,960.4736857984426,0.0,0.0,0.0,-8.60189108928605,-8.60189108928605,1.0,-8.60189108928605,True,False
2024-08-19 19:00:00,59012.0,59130.83,58873.87,58967.53,478.5332,-1.957e-05,28,-7.183357450047337,0.0,trending,,1069.5366358235585,-1.0091685813701563,0.29083283636542256,True,True,1069.225268082424,-0.7185449306506169,,trending,1.4185336392387136,{},,348.0,BTCUSDT,2024-08-19 19:00:00,BTCUSDT,58967.53,0.0052750449848127864,REDUCE_SHORT,960.4736857984426,0.0,0.0,0.0,960.4736857984426,0.0,0.0,0.0,-7.183357450047337,-7.183357450047337,1.0,-7.183357450047337,True,True
2024-08-19 20:00:00,58967.54,59342.11,58914.0,59080.01,682.11094,-1.957e-05,28,-9.867860521202088,0.0,trending,,1067.7597691233561,-0.720903631436888,-0.2658824206833208,True,True,1067.4758705712334,-0.9870484909623176,,trending,-2.684503071154751,{},,349.0,BTCUSDT,2024-08-19 20:00:00,BTCUSDT,59080.01,0.004805323359335614,SHORT,960.4736857984426,0.0,0.0,0.0,960.4736857984426,0.0,0.0,0.0,-9.867860521202088,-9.867860521202088,1.0,-9.867860521202088,True,True
2024-08-19 21:00:00,59080.02,59242.74,58967.53,58967.54,596.8178,-1.957e-05,28,-5.713250593136832,0.0,trending,,1069.481693958789,-0.9833217620637368,0.4119967027500536,True,True,1069.0406299632307,-0.5715607761857653,,trending,4.154609928065256,{},,350.0,BTCUSDT,2024-08-19 21:00:00,BTCUSDT,58967.54,0.007472296310182908,REDUCE_SHORT,960.4736857984426,0.0,0.0,0.0,960.4736857984426,0.0,0.0,0.0,-5.713250593136832,-5.713250593136832,1.0,-5.713250593136832,True,True
2024-08-19 22:00:00,58967.54,59280.01,58967.54,59241.0,549.13208,-1.957e-05,28,-13.37276696668148,0.0,trending,,1066.2070372449516,-0.5757374163843142,-0.7615392802838338,True,True,1065.3950787051742,-1.3382958615353489,,trending,-7.6595163735446485,{},,351.0,BTCUSDT,2024-08-19 22:00:00,BTCUSDT,59241.0,0.013706023527237541,SHORT,960.4736857984426,0.0,0.0,0.0,960.4736857984426,0.0,0.0,0.0,-13.37276696668148,-13.37276696668148,1.0,-13.37276696668148,True,True
2024-08-19 23:00:00,59240.99,59617.63,59089.95,59438.5,1374.80487,-1.957e-05,28,-17.319166921998814,0.0,trending,,1060.6416439153425,-1.3487753075960478,-0.3831413846038336,True,True,1060.2352682073245,-1.7325805154975262,,trending,-3.946399955317334,{},,352.0,BTCUSDT,2024-08-19 23:00:00,BTCUSDT,59438.5,0.006836910554913239,SHORT,960.4736857984426,0.0,0.0,0.0,960.4736857984426,0.0,0.0,0.0,-17.319166921998814,-17.319166921998814,1.0,-17.319166921998814,True,True
2024-08-20 00:00:00,59438.5,60643.51,59363.31,60482.78,3181.00267,-2.656e-05,30,-20.0,0.0,trending,,1027.9618628868345,-1.8183713232419507,-0.18162867675804928,False,,1027.9618628868345,-1.8183713232419507,,trending,-2.6808330780011858,{},,353.0,BTCUSDT,2024-08-20 00:00:00,,,,,960.4736857984426,0.0,0.0,0.0,960.4736857984426,0.0,0.0,0.0,-24.0,-24.0,1.0,-24.0,True,False
2024-08-20 01:00:00,60482.77,60910.55,60378.02,60446.03,1770.45828,-2.656e-05,30,-20.0,0.0,trending,,1029.097619241,-1.8152608475407914,-0.18473915245920858,False,,1029.097619241,-1.8152608475407914,,trending,0.0,{},,354.0,BTCUSDT,2024-08-20 01:00:00,,,,,960.4736857984426,0.0,0.0,0.0,960.4736857984426,0.0,0.0,0.0,-24.0,-24.0,1.0,-24.0,True,False
2024-08-20 02:00:00,60446.04,60552.64,60336.97,60528.83,792.76049,-2.656e-05,30,-20.0,0.0,trending,,1026.5386906389615,-1.8222786556084907,-0.17772134439150933,False,,1026.5386906389615,-1.8222786556084907,,trending,0.0,{},,355.0,BTCUSDT,2024-08-20 02:00:00,,,,,960.4736857984426,0.0,0.0,0.0,960.4736857984426,0.0,0.0,0.0,-24.0,-24.0,1.0,-24.0,True,False
2024-08-20 03:00:00,60528.84,60619.19,60422.37,60619.18,648.12493,-2.656e-05,30,-20.0,0.0,trending,,1023.7464297791287,-1.8299763998900482,-0.17002360010995177,False,,1023.7464297791287,-1.8299763998900482,,trending,0.0,{},,356.0,BTCUSDT,2024-08-20 03:00:00,,,,,960.4736857984426,0.0,0.0,0.0,960.4736857984426,0.0,0.0,0.0,-24.0,-24.0,1.0,-24.0,True,False
2024-08-20 04:00:00,60619.19,61000.0,60576.06,60865.61,1772.25079,-2.656e-05,30,-20.0,0.0,trending,,1016.130526694584,-1.8511870863391813,-0.14881291366081872,False,,1016.130526694584,-1.8511870863391813,,trending,0.0,{},,357.0,BTCUSDT,2024-08-20 04:00:00,,,,,960.4736857984426,0.0,0.0,0.0,960.4736857984426,0.0,0.0,0.0,-24.0,-24.0,1.0,-24.0,True,False
2024-08-20 05:00:00,60865.61,61400.0,60860.01,61119.99,1810.14308,-2.656e-05,30,-20.0,0.0,trending,,1008.2689293783219,-1.87341814403918,-0.12658185596082006,False,,1008.2689293783219,-1.87341814403918,,trending,0.0,{},,358.0,BTCUSDT,2024-08-20 05:00:00,,,,,960.4736857984426,0.0,0.0,0.0,960.4736857984426,0.0,0.0,0.0,-24.0,-24.0,1.0,-24.0,True,False
2024-08-20 06:00:00,61120.0,61144.02,60938.0,60960.84,799.15334,-2.656e-05,30,-20.0,0.0,trending,,1013.187449752892,-1.859469130271231,-0.14053086972876905,False,,1013.187449752892,-1.859469130271231,,trending,0.0,{},,359.0,BTCUSDT,2024-08-20 06:00:00,,,,,960.4736857984426,0.0,0.0,0.0,960.4736857984426,0.0,0.0,0.0,-24.0,-24.0,1.0,-24.0,True,False
2024-08-20 07:00:00,60960.84,61020.74,60799.81,60924.33,894.38912,-2.656e-05,30,-20.0,0.0,trending,,1014.3157889227036,-1.8562882165362895,-0.1437117834637105,False,,1014.3157889227036,-1.8562882165362895,,trending,0.0,{},,360.0,BTCUSDT,2024-08-20 07:00:00,,,,,960.4736857984426,0.0,0.0,0.0,960.4736857984426,0.0,0.0,0.0,-24.0,-24.0,1.0,-24.0,True,False
2024-08-20 08:00:00,60924.33,60947.4,60679.36,60765.13,998.77224,1.349e-05,30,-20.0,0.0,trending,,1019.2358545440143,-1.8425003131809645,-0.15749968681903548,False,,1019.2358545440143,-1.8425003131809645,,trending,0.0,{},,361.0,BTCUSDT,2024-08-20 08:00:00,,,,,960.4736857984426,0.0,0.0,0.0,960.4736857984426,0.0,0.0,0.0,-22.087284795982388,-22.087284795982388,1.0,-22.087284795982388,True,False
2024-08-20 09:00:00,60765.14,60975.0,60752.3,60856.04,630.87196,1.349e-05,30,-20.0,0.0,trending,,1016.4262869206891,-1.850357446503834,-0.14964255349616606,False,,1016.4262869206891,-1.850357446503834,,trending,0.0,{},,362.0,BTCUSDT,2024-08-20 09:00:00,,,,,960.4736857984426,0.0,0.0,0.0,960.4736857984426,0.0,0.0,0.0,-24.0,-24.0,1.0,-24.0,True,False
2024-08-20 10:00:00,60856.04,60878.01,60668.3,60716.01,492.5745,1.349e-05,30,-18.7499979514021,0.0,trending,,1020.7539049417451,-1.8382729879558697,-0.03672680718434029,False,,1020.7539049417451,-1.8382729879558697,,trending,1.2500020485978993,{},,363.0,BTCUSDT,2024-08-20 10:00:00,,,,,960.4736857984426,0.0,0.0,0.0,960.4736857984426,0.0,0.0,0.0,-18.7499979514021,-18.7499979514021,1.0,-18.7499979514021,True,False
2024-08-20 11:00:00,60716.01,60734.91,60401.9,60518.82,1086.5587,1.349e-05,30,-10.895575689093125,0.0,trending,,1026.848049036382,-1.8214283880321025,0.7318708191227901,True,True,1026.095776641224,-1.0903563677160955,,trending,7.854422262308976,{},,364.0,BTCUSDT,2024-08-20 11:00:00,BTCUSDT,60518.82,0.012417957302586134,REDUCE_SHORT,960.4736857984426,0.0,0.0,0.0,960.4736857984426,0.0,0.0,0.0,-10.895575689093125,-10.895575689093125,1.0,-10.895575689093125,True,True
2024-08-20 12:00:00,60518.83,60752.25,60502.83,60693.71,825.73743,1.349e-05,30,-15.281611802072115,0.0,trending,,1022.8625891454374,-1.0969638183566395,-0.431197361850572,True,True,1022.4215334954624,-1.5288204035319575,,trending,-4.38603611297899,{},,365.0,BTCUSDT,2024-08-20 12:00:00,BTCUSDT,60693.71,0.007266908712206885,SHORT,960.4736857984426,0.0,0.0,0.0,960.4736857984426,0.0,0.0,0.0,-15.281611802072115,-15.281611802072115,1.0,-15.281611802072115,True,True
2024-08-20 13:00:00,60693.72,60955.99,60324.33,60891.99,1511.42527,1.349e-05,30,-20.0,0.0,trending,,1017.3150529363861,-1.541513985712579,-0.458486014287421,True,True,1016.8486282124909,-2.0009173926402695,,trending,-4.718388197927885,{},,366.0,BTCUSDT,2024-08-20 13:00:00,BTCUSDT,60891.99,0.007659869941767388,SHORT,960.4736857984426,0.0,0.0,0.0,960.4736857984426,0.0,0.0,0.0,-20.11276334879765,-20.11276334879765,1.0,-20.11276334879765,True,True
2024-08-20 14:00:00,60892.0,60904.0,59446.03,59461.8,4267.15555,1.349e-05,30,20.0,0.0,trending,,1064.6366481329792,-1.866216130579901,3.866216130579901,True,True,1060.518543919844,2.005758442570398,,trending,40.0,{},,367.0,BTCUSDT,2024-08-20 14:00:00,BTCUSDT,59461.8,0.03580909586097222,LONG,960.4736857984426,0.0,0.0,0.0,960.4736857984426,0.0,0.0,0.0,23.0384849713157,23.0384849713157,1.0,23.0384849713157,True,True
2024-08-20 15:00:00,59461.81,59483.52,58680.01,58825.53,3840.52655,1.349e-05,30,20.0,0.0,trending,,1037.7570747498066,2.027818075156945,-0.02781807515694501,False,,1037.7570747498066,2.027818075156945,,trending,0.0,{},,368.0,BTCUSDT,2024-08-20 15:00:00,,,,,960.4736857984426,0.0,0.0,0.0,960.4736857984426,0.0,0.0,0.0,24.0,24.0,1.0,24.0,True,False
2024-08-20 16:00:00,58825.53,59046.76,58548.23,58801.15,1468.04254,1.349e-05,30,20.0,0.0,trending,,1036.8849220184734,2.028682601511342,-0.028682601511341943,False,,1036.8849220184734,2.028682601511342,,trending,0.0,{},,369.0,BTCUSDT,2024-08-20 16:00:00,,,,,960.4736857984426,0.0,0.0,0.0,960.4736857984426,0.0,0.0,0.0,24.0,24.0,1.0,24.0,True,False
2024-08-20 17:00:00,58801.15,59059.84,58681.4,59039.48,599.95694,1.419e-05,30,20.0,0.0,trending,,1045.4107694532022,2.0202931806487343,-0.02029318064873431,False,,1045.4107694532022,2.0202931806487343,,trending,0.0,{},,370.0,BTCUSDT,2024-08-20 17:00:00,,,,,960.4736857984426,0.0,0.0,0.0,960.4736857984426,0.0,0.0,0.0,23.498475359156483,23.498475359156483,1.0,23.498475359156483,True,False
2024-08-20 18:00:00,59039.47,59479.8,59000.0,59191.45,1065.47526,1.419e-05,30,17.103752673546847,0.0,trending,,1050.8472358428962,2.0150147829948812,-0.30463951564019665,True,True,1050.527106249957,1.7108964740278434,,trending,-2.896247326453153,{},,371.0,BTCUSDT,2024-08-20 18:00:00,BTCUSDT,59191.45,0.005408375583619246,REDUCE_LONG,960.4736857984426,0.0,0.0,0.0,960.4736857984426,0.0,0.0,0.0,17.103752673546847,17.103752673546847,1.0,17.103752673546847,True,True
2024-08-20 19:00:00,59191.45,59597.28,59137.78,59511.99,544.56764,1.419e-05,30,7.535766279895352,0.0,trending,,1060.2602748800728,1.7043704582709571,-0.950793830281422,True,True,1059.252185952224,0.7542938058863915,,trending,-9.567986393651495,{},,372.0,BTCUSDT,2024-08-20 19:00:00,BTCUSDT,59511.99,0.016939257582353703,REDUCE_LONG,960.4736857984426,0.0,0.0,0.0,960.4736857984426,0.0,0.0,0.0,7.535766279895352,7.535766279895352,1.0,7.535766279895352,True,True
2024-08-20 20:00:00,59512.0,59722.72,59285.71,59317.57,724.21595,1.419e-05,30,12.825537226383876,0.0,trending,,1056.6419703794795,0.7536868395229744,0.5288668831154132,True,True,1056.0831474340362,1.2827032350171375,,trending,5.289770946488524,{},,373.0,BTCUSDT,2024-08-20 20:00:00,BTCUSDT,59317.57,0.009420867129983985,LONG,960.4736857984426,0.0,0.0,0.0,960.4736857984426,0.0,0.0,0.0,12.825537226383876,12.825537226383876,1.0,12.825537226383876,True,True
2024-08-20 21:00:00,59317.58,59331.01,58802.35,59296.94,901.43638,1.419e-05,30,12.177292892135739,0.0,trending,,1055.6120180638832,1.2828294080757754,-0.06510011886220157,False,,1055.6120180638832,1.2828294080757754,,trending,-0.6482443342481368,{},,374.0,BTCUSDT,2024-08-20 21:00:00,,,,,960.4736857984426,0.0,0.0,0.0,960.4736857984426,0.0,0.0,0.0,12.177292892135739,12.177292892135739,1.0,12.177292892135739,True,False
2024-08-20 22:00:00,59296.94,59545.51,59238.08,59368.0,461.98957,1.419e-05,30,8.966785933371332,0.0,trending,,1057.2348223800764,1.2823952786142252,-0.385716685277092,True,True,1056.8270292688285,0.8970245906888658,,trending,-3.210506958764407,{},,375.0,BTCUSDT,2024-08-20 22:00:00,BTCUSDT,59368.0,0.006868904312895132,REDUCE_LONG,960.4736857984426,0.0,0.0,0.0,960.4736857984426,0.0,0.0,0.0,8.966785933371332,8.966785933371332,1.0,8.966785933371332,True,True
2024-08-20 23:00:00,59368.0,59402.64,58992.81,59013.8,389.8563,1.419e-05,30,17.34827352183553,0.0,trending,,1051.1710944053382,0.8964705208417165,0.8383568313418366,True,True,1050.2898379374344,1.735443916615116,,trending,8.381487588464198,{},,376.0,BTCUSDT,2024-08-20 23:00:00,BTCUSDT,59013.8,0.01493305748661821,LONG,960.4736857984426,0.0,0.0,0.0,960.4736857984426,0.0,0.0,0.0,17.34827352183553,17.34827352183553,1.0,17.34827352183553,True,True
2024-08-21 00:00:00,59013.8,59279.96,58954.99,58989.0,612.37826,1.419e-05,26,16.536563466123543,0.0,trending,,1049.5238572019744,1.7359806703709004,-0.08232432375854626,False,,1049.5238572019744,1.7359806703709004,,trending,-0.8117100557119876,{},,377.0,BTCUSDT,2024-08-21 00:00:00,,,,,960.4736857984426,0.0,0.0,0.0,960.4736857984426,0.0,0.0,0.0,16.536563466123543,16.536563466123543,1.0,16.536563466123543,True,False
2024-08-21 01:00:00,58989.0,59281.58,58783.47,59281.58,659.71496,-6.756e-05,26,7.1227532833290645,0.0,trending,,1058.5605767012046,1.7296977508844,-1.0174224225514936,True,True,1057.4835734348394,0.7130007512845594,,trending,-9.413810182794478,{},,378.0,BTCUSDT,2024-08-21 01:00:00,BTCUSDT,59281.58,0.018167587071141588,REDUCE_LONG,960.4736857984426,0.0,0.0,0.0,960.4736857984426,0.0,0.0,0.0,7.1227532833290645,7.1227532833290645,1.0,7.1227532833290645,True,True
2024-08-21 02:00:00,59281.57,59519.99,59253.12,59363.32,648.06025,-6.756e-05,26,4.2061013942154,0.0,trending,,1058.523202662665,0.7132826277768061,-0.29267248835526605,True,True,1058.2134020429598,0.42073327647650033,,trending,-2.9166518891136644,{},,379.0,BTCUSDT,2024-08-21 02:00:00,BTCUSDT,59363.32,0.005218721252535534,REDUCE_LONG,960.4736857984426,0.0,0.0,0.0,960.4736857984426,0.0,0.0,0.0,4.2061013942154,4.2061013942154,1.0,4.2061013942154,True,True
2024-08-21 03:00:00,59363.32,59419.49,59209.87,59320.0,444.35025,-6.756e-05,26,4.974890280734078,0.0,trending,,1057.8885015380847,0.4205553711011639,0.07693365697224386,False,,1057.8885015380847,0.4205553711011639,,trending,0.7687888865186778,{},,380.0,BTCUSDT,2024-08-21 03:00:00,,,,,960.4736857984426,0.0,0.0,0.0,960.4736857984426,0.0,0.0,0.0,4.974890280734078,4.974890280734078,1.0,4.974890280734078,True,False
2024-08-21 04:00:00,59320.0,59406.21,59183.13,59358.0,296.07758,-6.756e-05,26,3.497053603868654,0.0,trending,,1058.1735019809576,0.42071143433233293,-0.07100607394546754,False,,1058.1735019809576,0.42071143433233293,,trending,-1.477836676865424,{},,381.0,BTCUSDT,2024-08-21 04:00:00,,,,,960.4736857984426,0.0,0.0,0.0,960.4736857984426,0.0,0.0,0.0,3.497053603868654,3.497053603868654,1.0,3.497053603868654,True,False
2024-08-21 05:00:00,59357.99,59404.97,59292.64,59379.99,373.88885,-6.756e-05,26,2.6020262083770787,0.0,trending,,1058.3384272372411,0.42080170726648713,-0.1605990864287793,False,,1058.3384272372411,0.42080170726648713,,trending,-0.8950273954915753,{},,382.0,BTCUSDT,2024-08-21 05:00:00,,,,,960.4736857984426,0.0,0.0,0.0,960.4736857984426,0.0,0.0,0.0,2.6020262083770787,2.6020262083770787,1.0,2.6020262083770787,True,False
2024-08-21 06:00:00,59379.99,59739.52,59364.1,59627.32,813.29793,-6.756e-05,26,-4.330510410621934,0.0,trending,,1060.1934051197613,0.4218151072908844,-0.8548661483530777,True,True,1059.2870816670174,-0.43342155848050473,,trending,-6.932536618999013,{},,383.0,BTCUSDT,2024-08-21 06:00:00,BTCUSDT,59627.32,0.0076997902608130706,SHORT,960.4736857984426,0.0,0.0,0.0,960.4736857984426,0.0,0.0,0.0,-4.330510410621934,-4.330510410621934,1.0,-4.330510410621934,True,True
2024-08-21 07:00:00,59627.32,59735.99,59580.0,59712.0,533.99979,-6.756e-05,26,-6.316349344597213,0.0,trending,,1058.635063427732,-0.43430440945814797,-0.19733052500157333,False,,1058.635063427732,-0.43430440945814797,,trending,-1.9858389339752787,{},,384.0,BTCUSDT,2024-08-21 07:00:00,,,,,960.4736857984426,0.0,0.0,0.0,960.4736857984426,0.0,0.0,0.0,-6.316349344597213,-6.316349344597213,1.0,-6.316349344597213,True,False
2024-08-21 08:00:00,59711.99,59924.13,59231.33,59443.0,1071.73137,-5.91e-06,26,1.5743168701638277,0.0,trending,,1060.7063070078907,-0.43150364002700936,0.5889353270433921,True,True,1060.0811614352867,0.15736700228873185,,trending,7.8906662147610405,{},,385.0,BTCUSDT,2024-08-21 08:00:00,BTCUSDT,59443.0,0.002809225364486474,LONG,960.4736857984426,0.0,0.0,0.0,960.4736857984426,0.0,0.0,0.0,1.5743168701638277,1.5743168701638277,1.0,1.5743168701638277,True,True
2024-08-21 09:00:00,59443.0,59508.0,59085.88,59290.51,979.21548,-5.91e-06,26,5.5263222250014135,0.0,trending,,1059.653211038232,0.15702669743976283,0.3956055250603785,True,True,1059.2340063732975,0.5524551712931927,,trending,3.9520053548375857,{},,386.0,BTCUSDT,2024-08-21 09:00:00,BTCUSDT,59290.51,0.007070350127443596,LONG,960.4736857984426,0.0,0.0,0.0,960.4736857984426,0.0,0.0,0.0,5.5263222250014135,5.5263222250014135,1.0,5.5263222250014135,True,True
2024-08-21 10:00:00,59290.51,59484.4,59210.48,59468.4,481.17914,-5.91e-06,26,0.2914899593955885,0.0,trending,,1060.9897265798725,0.5531957661165202,-0.5240467701769613,True,True,1060.4337183404673,0.02916427938597574,,trending,-5.234832265605825,{},,387.0,BTCUSDT,2024-08-21 10:00:00,BTCUSDT,59468.4,0.009349641816580224,REDUCE_LONG,960.4736857984426,0.0,0.0,0.0,960.4736857984426,0.0,0.0,0.0,0.2914899593955885,0.2914899593955885,1.0,0.2914899593955885,True,True
2024-08-21 11:00:00,59468.4,59509.34,59254.47,59361.14,399.0749,-5.91e-06,26,3.8240282947798616,0.0,trending,,1060.3779373377167,0.02911320873645046,0.3532896207415357,True,True,1060.003316818392,0.3821845616960995,,trending,3.532538335384273,{},,388.0,BTCUSDT,2024-08-21 11:00:00,BTCUSDT,59361.14,0.006310871376876082,LONG,960.4736857984426,0.0,0.0,0.0,960.4736857984426,0.0,0.0,0.0,3.8240282947798616,3.8240282947798616,1.0,3.8240282947798616,True,True
2024-08-21 12:00:00,59361.14,59600.0,59265.77,59506.9,711.51803,-5.91e-06,26,-1.38257789289992,0.0,trending,,1060.9980726432689,0.38276380450699415,-0.5210215937969862,True,True,1060.4452697364445,-0.13832986213523144,,trending,-5.206606187679782,{},,389.0,BTCUSDT,2024-08-21 12:00:00,BTCUSDT,59506.9,0.0024651132551788226,SHORT,960.4736857984426,0.0,0.0,0.0,960.4736857984426,0.0,0.0,0.0,-1.38257789289992,-1.38257789289992,1.0,-1.38257789289992,True,True
2024-08-21 13:00:00,59506.9,60100.0,58850.0,59928.0,2610.70655,-5.91e-06,26,-13.788512514715151,0.0,trending,,1059.4072105446887,-0.13944525361537063,-1.2394059978561445,True,True,1058.0941748937676,-1.380562328702123,,trending,-12.40593462181523,{},,390.0,BTCUSDT,2024-08-21 13:00:00,BTCUSDT,59928.0,0.021910219779087144,SHORT,960.4736857984426,0.0,0.0,0.0,960.4736857984426,0.0,0.0,0.0,-13.788512514715151,-13.788512514715151,1.0,-13.788512514715151,True,True
2024-08-21 14:00:00,59928.01,60201.98,59193.66,59410.41,3616.50419,-5.91e-06,26,2.910411484960206,0.0,trending,,1070.7106035189734,-1.3525116167644486,1.6435527652604693,True,True,1068.9493845476384,0.29122915211089734,,trending,16.69892399967536,{},,391.0,BTCUSDT,2024-08-21 14:00:00,BTCUSDT,59410.41,0.005245222912197194,LONG,960.4736857984426,0.0,0.0,0.0,960.4736857984426,0.0,0.0,0.0,2.910411484960206,2.910411484960206,1.0,2.910411484960206,True,True
2024-08-21 15:00:00,59410.41,59782.97,59300.99,59511.8,1069.51671,-5.91e-06,26,-0.22890918050414236,0.0,trending,,1069.480665885555,0.29158124517471257,-0.3144721632251268,True,True,1069.1443439870266,-0.022898118871389504,,trending,-3.1393206654643486,{},,392.0,BTCUSDT,2024-08-21 15:00:00,BTCUSDT,59511.8,0.0004113704219883903,SHORT,960.4736857984426,0.0,0.0,0.0,960.4736857984426,0.0,0.0,0.0,-0.22890918050414236,-0.22890918050414236,1.0,-0.22890918050414236,True,True
2024-08-21 16:00:00,59511.79,59947.36,59375.0,59885.58,1038.66262,-5.91e-06,26,-10.566150178557471,0.0,trending,,1068.9905819506957,-0.02304525103548175,-1.0335697668202655,True,True,1067.8857056041759,-1.0577082331076042,,trending,-10.337240998053328,{},,393.0,BTCUSDT,2024-08-21 16:00:00,BTCUSDT,59885.58,0.018449789523952854,SHORT,960.4736857984426,0.0,0.0,0.0,960.4736857984426,0.0,0.0,0.0,-10.566150178557471,-10.566150178557471,1.0,-10.566150178557471,True,True
2024-08-21 17:00:00,59885.58,60046.0,59708.04,59928.42,703.95841,3.96e-06,26,-10.988276319791325,0.0,trending,,1067.0776935120919,-1.0592663700121996,-0.03956126196693299,False,,1067.0776935120919,-1.0592663700121996,,trending,-0.4221261412338535,{},,394.0,BTCUSDT,2024-08-21 17:00:00,,,,,960.4736857984426,0.0,0.0,0.0,960.4736857984426,0.0,0.0,0.0,-10.988276319791325,-10.988276319791325,1.0,-10.988276319791325,True,False
2024-08-21 18:00:00,59928.42,60831.9,59843.23,60771.28,1989.87165,3.96e-06,26,-20.0,0.0,trending,,1051.1803762400557,-1.0904092752372894,-0.9095907247627106,True,True,1050.2242323197756,-2.001820837666577,,trending,-9.011723680208675,{},,395.0,BTCUSDT,2024-08-21 18:00:00,BTCUSDT,60771.28,0.015733483321077508,SHORT,960.4736857984426,0.0,0.0,0.0,960.4736857984426,0.0,0.0,0.0,-24.0,-24.0,1.0,-24.0,True,True
2024-08-21 19:00:00,60771.28,61625.2,60588.64,61570.0,3404.80333,3.96e-06,26,-20.0,0.0,trending,,1022.5927988495423,-2.082932901881052,0.08293290188105207,False,,1022.5927988495423,-2.082932901881052,,trending,0.0,{},,396.0,BTCUSDT,2024-08-21 19:00:00,,,,,960.4736857984426,0.0,0.0,0.0,960.4736857984426,0.0,0.0,0.0,-24.0,-24.0,1.0,-24.0,True,False
2024-08-21 20:00:00,61570.0,61820.93,60902.13,61236.0,2736.96402,3.96e-06,26,-20.0,0.0,trending,,1034.1474097007263,-2.0484870485845135,0.04848704858451347,False,,1034.1474097007263,-2.0484870485845135,,trending,0.0,{},,397.0,BTCUSDT,2024-08-21 20:00:00,,,,,960.4736857984426,0.0,0.0,0.0,960.4736857984426,0.0,0.0,0.0,-24.0,-24.0,1.0,-24.0,True,False
2024-08-21 21:00:00,61236.0,61499.93,60928.0,61235.97,1109.71897,3.96e-06,26,-20.0,0.0,trending,,1034.1484475400243,-2.048483989217489,0.048483989217488865,False,,1034.1484475400243,-2.048483989217489,,trending,0.0,{},,398.0,BTCUSDT,2024-08-21 21:00:00,,,,,960.4736857984426,0.0,0.0,0.0,960.4736857984426,0.0,0.0,0.0,-24.0,-24.0,1.0,-24.0,True,False
2024-08-21 22:00:00,61235.97,61500.0,61173.51,61176.47,624.24182,3.96e-06,26,-20.0,0.0,trending,,1036.206828814412,-2.0424283040162488,0.04242830401624875,False,,1036.206828814412,-2.0424283040162488,,trending,0.0,{},,399.0,BTCUSDT,2024-08-21 22:00:00,,,,,960.4736857984426,0.0,0.0,0.0,960.4736857984426,0.0,0.0,0.0,-24.0,-24.0,1.0,-24.0,True,False
2024-08-21 23:00:00,61176.47,61300.01,61002.17,61156.03,1054.20714,3.96e-06,26,-20.0,0.0,trending,,1036.9139433227901,-2.0403535463101496,0.040353546310149646,False,,1036.9139433227901,-2.0403535463101496,,trending,0.0,{},,400.0,BTCUSDT,2024-08-21 23:00:00,,,,,960.4736857984426,0.0,0.0,0.0,960.4736857984426,0.0,0.0,0.0,-21.26062031732876,-21.26062031732876,1.0,-21.26062031732876,True,False
2024-08-22 00:00:00,61156.03,61229.0,60811.07,60818.15,697.77129,-2.229e-05,39,-11.362830209977517,0.0,trending,,1048.6027813898504,-2.0064625430626393,0.8701795220648876,True,True,1047.6893953366514,-1.1372736438564788,,trending,8.637169790022483,{},,401.0,BTCUSDT,2024-08-22 00:00:00,BTCUSDT,60818.15,0.015003295350906462,REDUCE_SHORT,960.4736857984426,0.0,0.0,0.0,960.4736857984426,0.0,0.0,0.0,-11.362830209977517,-11.362830209977517,1.0,-11.362830209977517,True,True
2024-08-22 01:00:00,60818.15,60995.96,60724.79,60970.0,664.60511,-2.229e-05,39,-13.465904719855953,0.0,trending,,1044.7144491555898,-1.1433597797090207,-0.20323069227657453,True,True,1044.5021311148569,-1.3468641961285763,,trending,-2.103074509878436,{},,402.0,BTCUSDT,2024-08-22 01:00:00,BTCUSDT,60970.0,0.003482336242959336,SHORT,960.4736857984426,0.0,0.0,0.0,960.4736857984426,0.0,0.0,0.0,-13.465904719855953,-13.465904719855953,1.0,-13.465904719855953,True,True
2024-08-22 02:00:00,60970.0,60970.01,59724.87,60186.48,1774.35461,-2.229e-05,39,4.65057696286538,0.0,trending,,1062.5808241271725,-1.3069347748741933,1.7719924711607313,True,True,1060.6965487928753,0.46541796459926693,,trending,18.116481682721332,{},,403.0,BTCUSDT,2024-08-22 02:00:00,BTCUSDT,60186.48,0.008210504920487688,LONG,960.4736857984426,0.0,0.0,0.0,960.4736857984426,0.0,0.0,0.0,4.65057696286538,4.65057696286538,1.0,4.65057696286538,True,True
2024-08-22 03:00:00,60186.49,60624.0,60074.0,60548.9,972.81011,-2.229e-05,39,-3.0638787121332927,0.0,trending,,1063.669224334965,0.4669119806951731,-0.7732998519085024,True,True,1062.8466890813072,-0.30662498426825535,,trending,-7.714455674998673,{},,404.0,BTCUSDT,2024-08-22 03:00:00,BTCUSDT,60548.9,0.005382349626816062,SHORT,960.4736857984426,0.0,0.0,0.0,960.4736857984426,0.0,0.0,0.0,-3.0638787121332927,-3.0638787121332927,1.0,-3.0638787121332927,True,True
2024-08-22 04:00:00,60548.9,60850.0,60459.98,60834.52,853.58077,-2.229e-05,39,-8.608818206401516,0.0,trending,,1061.309382380896,-0.3085176306318765,-0.5523641900082752,True,True,1060.723153083549,-0.8613576037352464,,trending,-5.544939494268223,{},,405.0,BTCUSDT,2024-08-22 04:00:00,BTCUSDT,60834.52,0.009636458006852137,SHORT,960.4736857984426,0.0,0.0,0.0,960.4736857984426,0.0,0.0,0.0,-8.608818206401516,-8.608818206401516,1.0,-8.608818206401516,True,True
2024-08-22 05:00:00,60834.53,60834.53,60602.45,60724.0,507.77932,-2.229e-05,39,-5.647403866431992,0.0,trending,,1062.383031703222,-0.8584493986926144,0.29370901204941524,True,True,1062.0706878887477,-0.5649064708488585,,trending,2.961414339969524,{},,406.0,BTCUSDT,2024-08-22 05:00:00,BTCUSDT,60724.0,0.005138519706534746,REDUCE_SHORT,960.4736857984426,0.0,0.0,0.0,960.4736857984426,0.0,0.0,0.0,-5.647403866431992,-5.647403866431992,1.0,-5.647403866431992,True,True
2024-08-22 06:00:00,60724.01,60944.53,60682.41,60762.91,554.46896,-2.229e-05,39,-5.913754417783976,0.0,trending,,1061.686245885503,-0.5654731314615162,-0.025902310316881394,False,,1061.686245885503,-0.5654731314615162,,trending,-0.2663505513519846,{},,407.0,BTCUSDT,2024-08-22 06:00:00,,,,,960.4736857984426,0.0,0.0,0.0,960.4736857984426,0.0,0.0,0.0,-5.913754417783976,-5.913754417783976,1.0,-5.913754417783976,True,False
2024-08-22 07:00:00,60762.92,61114.23,60708.69,60984.31,761.04674,-2.229e-05,39,-9.771949748585516,0.0,trending,,1059.4987501384358,-0.5687052880041953,-0.4084896868543564,True,True,1059.0659558257692,-0.9775943120529527,,trending,-3.85819533080154,{},,408.0,BTCUSDT,2024-08-22 07:00:00,BTCUSDT,60984.31,0.007096814125906017,SHORT,960.4736857984426,0.0,0.0,0.0,960.4736857984426,0.0,0.0,0.0,-9.771949748585516,-9.771949748585516,1.0,-9.771949748585516,True,True
2024-08-22 08:00:00,60984.31,61112.0,60859.79,60926.81,740.93955,1.338e-05,39,-7.728677235072069,0.0,trending,,1060.042139193819,-0.9757731630582117,0.20290543955100482,True,True,1059.8268355740033,-0.7730247314380541,,trending,2.0432725135134477,{},,409.0,BTCUSDT,2024-08-22 08:00:00,BTCUSDT,60926.81,0.0035302737201522495,REDUCE_SHORT,960.4736857984426,0.0,0.0,0.0,960.4736857984426,0.0,0.0,0.0,-7.728677235072069,-7.728677235072069,1.0,-7.728677235072069,True,True
2024-08-22 09:00:00,60926.81,60976.32,60802.38,60887.98,541.86058,1.338e-05,39,-6.82093161504783,0.0,trending,,1060.3489759181693,-0.7721516530794069,0.09005849157462387,False,,1060.3489759181693,-0.7721516530794069,,trending,0.9077456200242384,{},,410.0,BTCUSDT,2024-08-22 09:00:00,,,,,960.4736857984426,0.0,0.0,0.0,960.4736857984426,0.0,0.0,0.0,-6.82093161504783,-6.82093161504783,1.0,-6.82093161504783,True,False
2024-08-22 10:00:00,60887.99,61400.0,60827.12,61350.01,807.95803,1.338e-05,39,-17.248881040456787,0.0,trending,,1054.1361378235254,-0.7825963109415977,-0.9422917931040811,True,True,1053.1428339920399,-1.726514984946665,,trending,-10.427949425408958,{},,411.0,BTCUSDT,2024-08-22 10:00:00,BTCUSDT,61350.01,0.016190768860274683,SHORT,960.4736857984426,0.0,0.0,0.0,960.4736857984426,0.0,0.0,0.0,-17.248881040456787,-17.248881040456787,1.0,-17.248881040456787,True,True
2024-08-22 11:00:00,61350.02,61382.24,61097.59,61336.09,1008.84315,1.338e-05,39,-15.578537423578389,0.0,trending,,1053.5553893449687,-1.7254473255115215,0.16759358315368256,False,,1053.5553893449687,-1.7254473255115215,,trending,1.670343616878398,{},,412.0,BTCUSDT,2024-08-22 11:00:00,,,,,960.4736857984426,0.0,0.0,0.0,960.4736857984426,0.0,0.0,0.0,-15.578537423578389,-15.578537423578389,1.0,-15.578537423578389,True,False
2024-08-22 12:00:00,61336.09,61398.18,60772.12,60879.19,1784.93315,1.338e-05,39,-3.1724902852966697,0.0,trending,,1067.0968075025244,-1.690861501955812,1.373612473426145,True,True,1065.6295627726556,-0.31768584257971555,,trending,12.40604713828172,{},,413.0,BTCUSDT,2024-08-22 12:00:00,BTCUSDT,60879.19,0.02407682305133635,REDUCE_SHORT,960.4736857984426,0.0,0.0,0.0,960.4736857984426,0.0,0.0,0.0,-3.1724902852966697,-3.1724902852966697,1.0,-3.1724902852966697,True,True
2024-08-22 13:00:00,60879.19,60934.03,60394.64,60815.99,1767.72909,1.338e-05,39,-1.343204982762705,0.0,trending,,1065.981003698419,-0.3172514176408331,0.18293091936456257,False,,1065.981003698419,-0.3172514176408331,,trending,1.8292853025339646,{},,414.0,BTCUSDT,2024-08-22 13:00:00,,,,,960.4736857984426,0.0,0.0,0.0,960.4736857984426,0.0,0.0,0.0,-1.343204982762705,-1.343204982762705,1.0,-1.343204982762705,True,False
2024-08-22 14:00:00,60816.0,60854.28,60300.0,60510.48,1756.83797,1.338e-05,39,6.155272468847293,0.0,trending,,1067.6798758064883,-0.3151554319962089,0.9306826788809381,True,True,1066.685867817551,0.6154847347871516,,trending,7.498477451609998,{},,415.0,BTCUSDT,2024-08-22 14:00:00,BTCUSDT,60510.48,0.01086069808914749,LONG,960.4736857984426,0.0,0.0,0.0,960.4736857984426,0.0,0.0,0.0,6.155272468847293,6.155272468847293,1.0,6.155272468847293,True,True
2024-08-22 15:00:00,60510.48,60833.0,60100.0,60407.4,1539.81542,1.338e-05,39,8.328468096770505,0.0,trending,,1065.5674665792808,0.6150811541953676,0.21776565548168292,True,True,1065.335422581461,0.8328104015245488,,trending,2.1731956279232127,{},,416.0,BTCUSDT,2024-08-22 15:00:00,BTCUSDT,60407.4,0.0038413174183890273,LONG,960.4736857984426,0.0,0.0,0.0,960.4736857984426,0.0,0.0,0.0,8.328468096770505,8.328468096770505,1.0,8.328468096770505,True,True
2024-08-22 16:00:00,60407.39,60600.2,60281.02,60329.7,791.08987,1.338e-05,39,10.112874088116907,0.0,trending,,1064.1942183231304,0.8326311133096312,0.17865629550205953,False,,1064.1942183231304,0.8326311133096312,,trending,1.7844059913464019,{},,417.0,BTCUSDT,2024-08-22 16:00:00,,,,,960.4736857984426,0.0,0.0,0.0,960.4736857984426,0.0,0.0,0.0,10.112874088116907,10.112874088116907,1.0,10.112874088116907,True,False
2024-08-22 17:00:00,60329.7,60512.01,60142.85,60164.7,622.62683,-7.261e-05,39,13.871996359478603,0.0,trending,,1061.7708115969456,0.8322491072483142,0.554950528699546,True,True,1061.1815813236922,1.3874146319026603,,trending,3.7591222713616954,{},,418.0,BTCUSDT,2024-08-22 17:00:00,BTCUSDT,60164.7,0.00979362106440273,LONG,960.4736857984426,0.0,0.0,0.0,960.4736857984426,0.0,0.0,0.0,13.871996359478603,13.871996359478603,1.0,13.871996359478603,True,True
2024-08-22 18:00:00,60164.7,60566.51,60131.0,60331.16,609.78843,-7.261e-05,39,7.901323295699262,0.0,trending,,1065.2550474437935,1.3859331835103021,-0.595800853940376,True,True,1064.6203675768622,0.7906033717339335,,trending,-5.970673063779341,{},,419.0,BTCUSDT,2024-08-22 18:00:00,BTCUSDT,60331.16,0.010519934755627238,REDUCE_LONG,960.4736857984426,0.0,0.0,0.0,960.4736857984426,0.0,0.0,0.0,7.901323295699262,7.901323295699262,1.0,7.901323295699262,True,True
2024-08-22 19:00:00,60331.16,60439.11,60154.78,60308.0,640.16244,-7.261e-05,39,7.786180522888868,0.0,trending,,1064.2972576417394,0.7905398010251975,-0.011921748736310689,False,,1064.2972576417394,0.7905398010251975,,trending,-0.11514277281039398,{},,420.0,BTCUSDT,2024-08-22 19:00:00,,,,,960.4736857984426,0.0,0.0,0.0,960.4736857984426,0.0,0.0,0.0,7.786180522888868,7.786180522888868,1.0,7.786180522888868,True,False
2024-08-22 20:00:00,60307.99,60691.2,60288.0,60680.01,824.0994,-7.261e-05,39,-3.0241425711657377,0.0,trending,,1069.4872458526645,0.7915562656605196,-1.0939705227770933,True,True,1068.3172583312155,-0.3027454517166567,,trending,-10.810323094054606,{},,421.0,BTCUSDT,2024-08-22 20:00:00,BTCUSDT,60680.01,0.005330061596070667,SHORT,960.4736857984426,0.0,0.0,0.0,960.4736857984426,0.0,0.0,0.0,-3.0241425711657377,-3.0241425711657377,1.0,-3.0241425711657377,True,True
2024-08-22 21:00:00,60680.0,60707.88,60439.78,60545.47,388.49711,-7.261e-05,39,0.9098445122829902,0.0,trending,,1069.0343648183507,-0.3018715722182453,0.3928560234465443,True,True,1068.614065194742,0.09092921634384059,,trending,3.933987083448728,{},,422.0,BTCUSDT,2024-08-22 21:00:00,BTCUSDT,60545.47,0.0016064869102046916,LONG,960.4736857984426,0.0,0.0,0.0,960.4736857984426,0.0,0.0,0.0,0.9098445122829902,0.9098445122829902,1.0,0.9098445122829902,True,True
2024-08-22 22:00:00,60545.46,60609.8,60400.0,60435.05,324.00458,-7.261e-05,39,4.318644310893154,0.0,trending,,1068.4368542984018,0.09077843789796401,0.34108599319135136,True,True,1068.072425452791,0.4316705818852779,,trending,3.4087997986101635,{},,423.0,BTCUSDT,2024-08-22 22:00:00,BTCUSDT,60435.05,0.00603009090934174,LONG,960.4736857984426,0.0,0.0,0.0,960.4736857984426,0.0,0.0,0.0,4.318644310893154,4.318644310893154,1.0,4.318644310893154,True,True
2024-08-22 23:00:00,60435.04,60462.56,60297.5,60375.84,305.60337,-7.261e-05,39,6.018120815008042,0.0,trending,,1067.6207158418683,0.4314301220885325,0.17038195941227174,False,,1067.6207158418683,0.4314301220885325,,trending,1.6994765041148883,{},,424.0,BTCUSDT,2024-08-22 23:00:00,,,,,960.4736857984426,0.0,0.0,0.0,960.4736857984426,0.0,0.0,0.0,6.018120815008042,6.018120815008042,1.0,6.018120815008042,True,False
2024-08-23 00:00:00,60375.83,60968.24,60342.14,60726.16,824.57505,-3.329e-05,34,-5.674854421238677,0.0,trending,,1070.2932865376702,0.43284986676350606,-1.0003353088873737,True,True,1069.2226343722814,-0.5680536862836008,,trending,-11.692975236246719,{},,425.0,BTCUSDT,2024-08-23 00:00:00,BTCUSDT,60726.16,0.010001881543523203,SHORT,960.4736857984426,0.0,0.0,0.0,960.4736857984426,0.0,0.0,0.0,-5.674854421238677,-5.674854421238677,1.0,-5.674854421238677,True,True
2024-08-23 01:00:00,60726.17,60855.77,60603.99,60768.45,491.11811,-3.329e-05,34,-6.4402059337017645,0.0,trending,,1068.799654801806,-0.5686742466212907,-0.07534634674888574,False,,1068.799654801806,-0.5686742466212907,,trending,-0.7653515124630879,{},,426.0,BTCUSDT,2024-08-23 01:00:00,,,,,960.4736857984426,0.0,0.0,0.0,960.4736857984426,0.0,0.0,0.0,-6.4402059337017645,-6.4402059337017645,1.0,-6.4402059337017645,True,False
2024-08-23 02:00:00,60768.45,60806.74,60618.0,60625.7,502.98931,-3.329e-05,34,-1.3881090465949961,0.0,trending,,1070.227423392144,-0.5665815102842802,0.42777060562478053,True,True,1069.76915328898,-0.13887036878538414,,trending,5.052096887106768,{},,427.0,BTCUSDT,2024-08-23 02:00:00,BTCUSDT,60625.7,0.007551448198712853,REDUCE_SHORT,960.4736857984426,0.0,0.0,0.0,960.4736857984426,0.0,0.0,0.0,-1.3881090465949961,-1.3881090465949961,1.0,-1.3881090465949961,True,True
2024-08-23 03:00:00,60625.69,60689.4,60572.94,60593.31,365.69223,-3.329e-05,34,-0.24535163588653516,0.0,trending,,1069.8485228250183,-0.1387858786815518,0.11425071509289828,False,,1069.8485228250183,-0.1387858786815518,,trending,1.142757410708461,{},,428.0,BTCUSDT,2024-08-23 03:00:00,,,,,960.4736857984426,0.0,0.0,0.0,960.4736857984426,0.0,0.0,0.0,-0.24535163588653516,-0.24535163588653516,1.0,-0.24535163588653516,True,False
2024-08-23 04:00:00,60593.31,60742.85,60582.68,60707.51,537.65592,-3.329e-05,34,-4.008615223632637,0.0,trending,,1069.568683337041,-0.13908382799716923,-0.26177769436609444,True,True,1069.288694113151,-0.40096648644560345,,trending,-3.7632635877461014,{},,429.0,BTCUSDT,2024-08-23 04:00:00,BTCUSDT,60707.51,0.004612101927589354,SHORT,960.4736857984426,0.0,0.0,0.0,960.4736857984426,0.0,0.0,0.0,-4.008615223632637,-4.008615223632637,1.0,-4.008615223632637,True,True
2024-08-23 05:00:00,60707.52,61089.6,60707.51,60856.26,825.62287,-3.329e-05,34,-8.317662517691621,0.0,trending,,1068.2381419913813,-0.4023442581774007,-0.4294219935917615,True,True,1067.7794170388167,-0.8321235839374913,,trending,-4.309047294058985,{},,430.0,BTCUSDT,2024-08-23 05:00:00,BTCUSDT,60856.26,0.007537843314142179,SHORT,960.4736857984426,0.0,0.0,0.0,960.4736857984426,0.0,0.0,0.0,-8.317662517691621,-8.317662517691621,1.0,-8.317662517691621,True,True
2024-08-23 06:00:00,60856.26,61367.74,60832.27,61189.58,963.67862,-3.329e-05,34,-18.354255313091727,0.0,trending,,1062.9128188483505,-0.8405120511383678,-0.9949134801708049,True,True,1061.8553125566325,-1.837253439522643,,trending,-10.036592795400106,{},,431.0,BTCUSDT,2024-08-23 06:00:00,BTCUSDT,61189.58,0.017282457106562468,SHORT,960.4736857984426,0.0,0.0,0.0,960.4736857984426,0.0,0.0,0.0,-18.354255313091727,-18.354255313091727,1.0,-18.354255313091727,True,True
2024-08-23 07:00:00,61189.59,61259.93,60937.97,61069.27,610.29337,-3.329e-05,34,-12.647968464677628,0.0,trending,,1065.69113651887,-1.82704109529145,0.5622442488236872,True,True,1065.0913580278489,-1.2655090839094667,,trending,5.7062868484140985,{},,432.0,BTCUSDT,2024-08-23 07:00:00,BTCUSDT,61069.27,0.009811460207893653,REDUCE_SHORT,960.4736857984426,0.0,0.0,0.0,960.4736857984426,0.0,0.0,0.0,-12.647968464677628,-12.647968464677628,1.0,-12.647968464677628,True,True
2024-08-23 08:00:00,61069.26,61322.66,61036.84,61321.4,594.0302,2.391e-05,34,-20.0,0.0,trending,,1059.5265021267626,-1.2774080138269837,-0.7225919861730163,True,True,1058.7608967671881,-2.0014462290058352,,trending,-7.3520315353223715,{},,433.0,BTCUSDT,2024-08-23 08:00:00,BTCUSDT,61321.4,0.01248512525113135,SHORT,960.4736857984426,0.0,0.0,0.0,960.4736857984426,0.0,0.0,0.0,-20.49633550778087,-20.49633550778087,1.0,-20.49633550778087,True,True
2024-08-23 09:00:00,61321.4,61337.57,61003.0,61022.13,593.42725,2.391e-05,34,-8.694231836685372,0.0,trending,,1069.1026207425534,-1.9724124133317886,1.1029892296632515,True,True,1067.9222316774044,-0.870384169017983,,trending,11.305768163314628,{},,434.0,BTCUSDT,2024-08-23 09:00:00,BTCUSDT,61022.13,0.019324279176813272,REDUCE_SHORT,960.4736857984426,0.0,0.0,0.0,960.4736857984426,0.0,0.0,0.0,-8.694231836685372,-8.694231836685372,1.0,-8.694231836685372,True,True
2024-08-23 10:00:00,61022.12,61166.01,61007.17,61060.75,371.99579,2.391e-05,34,-9.76387505341402,0.0,trending,,1067.3339632807752,-0.871415044014977,-0.10497246132642502,False,,1067.3339632807752,-0.871415044014977,,trending,-1.0696432167286485,{},,435.0,BTCUSDT,2024-08-23 10:00:00,,,,,960.4736857984426,0.0,0.0,0.0,960.4736857984426,0.0,0.0,0.0,-9.76387505341402,-9.76387505341402,1.0,-9.76387505341402,True,False
2024-08-23 11:00:00,61060.75,61079.04,60691.11,60741.68,754.07451,2.391e-05,34,3.082589125036331,0.0,trending,,1072.1941082137741,-0.8629321132899989,1.171191025793632,True,True,1070.9374379394405,0.3083120121715842,,trending,12.84646417845035,{},,436.0,BTCUSDT,2024-08-23 11:00:00,BTCUSDT,60741.68,0.005441294837264639,LONG,960.4736857984426,0.0,0.0,0.0,960.4736857984426,0.0,0.0,0.0,3.082589125036331,3.082589125036331,1.0,3.082589125036331,True,True
2024-08-23 12:00:00,60741.68,61217.39,60741.68,61146.58,750.19091,2.391e-05,34,-12.637780226886598,0.0,trending,,1073.1384150387694,0.3097306450336239,-1.5735086677222836,True,True,1071.4498224410402,-1.2657697223180675,,trending,-15.72036935192293,{},,437.0,BTCUSDT,2024-08-23 12:00:00,BTCUSDT,61146.58,0.022179633664367465,SHORT,960.4736857984426,0.0,0.0,0.0,960.4736857984426,0.0,0.0,0.0,-12.637780226886598,-12.637780226886598,1.0,-12.637780226886598,True,True
2024-08-23 13:00:00,61146.59,61175.6,60881.34,61119.99,1070.75883,2.391e-05,34,-10.549830691670019,0.0,trending,,1072.0395789001757,-1.2645232643001447,0.20954019513314281,True,True,1071.81471865738,-1.055204398231577,,trending,2.0879495352165787,{},,438.0,BTCUSDT,2024-08-23 13:00:00,BTCUSDT,61119.99,0.0036753177242534736,REDUCE_SHORT,960.4736857984426,0.0,0.0,0.0,960.4736857984426,0.0,0.0,0.0,-10.549830691670019,-10.549830691670019,1.0,-10.549830691670019,True,True
2024-08-23 14:00:00,61119.99,62320.36,60802.36,60994.91,7401.52477,2.391e-05,34,-4.047209421772833,0.0,trending,,1074.1292384951691,-1.0507758702854588,0.6460549281081756,True,True,1073.4345973660854,-0.40498284524331774,,trending,6.502621269897186,{},,439.0,BTCUSDT,2024-08-23 14:00:00,BTCUSDT,60994.91,0.011377121270527094,REDUCE_SHORT,960.4736857984426,0.0,0.0,0.0,960.4736857984426,0.0,0.0,0.0,-4.047209421772833,-4.047209421772833,1.0,-4.047209421772833,True,True
2024-08-23 15:00:00,60994.91,61778.76,60916.41,61533.05,2404.42812,2.391e-05,34,-19.734475669983457,0.0,trending,,1069.599168826594,-0.41002091133311647,-1.5634266556652294,True,True,1067.9269289751728,-1.9765377387850915,,trending,-15.687266248210623,{},,440.0,BTCUSDT,2024-08-23 15:00:00,BTCUSDT,61533.05,0.02717628740036242,SHORT,960.4736857984426,0.0,0.0,0.0,960.4736857984426,0.0,0.0,0.0,-19.734475669983457,-19.734475669983457,1.0,-19.734475669983457,True,True
2024-08-23 16:00:00,61533.04,61828.82,61349.99,61731.99,1071.22153,-4.317e-05,34,-20.0,0.0,trending,,1061.1025942521774,-1.995680929985574,-0.004319070014425996,False,,1061.1025942521774,-1.995680929985574,,trending,-0.2655243300165431,{},,441.0,BTCUSDT,2024-08-23 16:00:00,,,,,960.4736857984426,0.0,0.0,0.0,960.4736857984426,0.0,0.0,0.0,-23.669962636304795,-23.669962636304795,1.0,-23.669962636304795,True,False
2024-08-23 17:00:00,61731.99,63015.99,61616.02,62999.89,3272.804,-4.317e-05,34,-20.0,0.0,trending,,1017.6092093356883,-2.1237185917711874,0.12371859177118738,False,,1017.6092093356883,-2.1237185917711874,,trending,0.0,{},,442.0,BTCUSDT,2024-08-23 17:00:00,,,,,960.4736857984426,0.0,0.0,0.0,960.4736857984426,0.0,0.0,0.0,-24.0,-24.0,1.0,-24.0,True,False
2024-08-23 18:00:00,62999.88,63411.23,62659.09,63152.6,3836.82331,-4.317e-05,34,-20.0,0.0,trending,,1012.3707245887867,-2.139882188563512,0.13988218856351198,False,,1012.3707245887867,-2.139882188563512,,trending,0.0,{},,443.0,BTCUSDT,2024-08-23 18:00:00,,,,,960.4736857984426,0.0,0.0,0.0,960.4736857984426,0.0,0.0,0.0,-24.0,-24.0,1.0,-24.0,True,False
2024-08-23 19:00:00,63152.59,63819.16,63000.01,63628.84,3322.52116,-4.317e-05,34,-20.0,0.0,trending,,996.0340342877939,-2.1913817168229492,0.19138171682294924,False,,996.0340342877939,-2.1913817168229492,,trending,0.0,{},,444.0,BTCUSDT,2024-08-23 19:00:00,,,,,960.4736857984426,0.0,0.0,0.0,960.4736857984426,0.0,0.0,0.0,-24.0,-24.0,1.0,-24.0,True,False
2024-08-23 20:00:00,63628.84,63818.21,63484.18,63627.74,1175.41217,-4.317e-05,34,-20.0,0.0,trending,,996.0717681180708,-2.191260818851632,0.19126081885163204,False,,996.0717681180708,-2.191260818851632,,trending,0.0,{},,445.0,BTCUSDT,2024-08-23 20:00:00,,,,,960.4736857984426,0.0,0.0,0.0,960.4736857984426,0.0,0.0,0.0,-24.0,-24.0,1.0,-24.0,True,False
2024-08-23 21:00:00,63627.74,64777.0,63598.96,64392.58,2659.84528,-4.317e-05,34,-20.0,0.0,trending,,969.8350928916907,-2.277593097690126,0.2775930976901262,True,True,969.5656038749898,-2.0005558964047894,,trending,0.0,{},,446.0,BTCUSDT,2024-08-23 21:00:00,BTCUSDT,64392.58,0.004180909161962383,REDUCE_SHORT,960.4736857984426,0.0,0.0,0.0,960.4736857984426,0.0,0.0,0.0,-24.0,-24.0,1.0,-24.0,True,True
2024-08-23 22:00:00,64392.58,64955.0,63850.0,64084.96,1980.78779,-4.317e-05,34,-20.0,0.0,trending,,978.8319097529447,-1.9721505405281041,-0.027849459471895877,False,,978.8319097529447,-1.9721505405281041,,trending,0.0,{},,447.0,BTCUSDT,2024-08-23 22:00:00,,,,,960.4736857984426,0.0,0.0,0.0,960.4736857984426,0.0,0.0,0.0,-24.0,-24.0,1.0,-24.0,True,False
2024-08-23 23:00:00,64084.95,64318.93,63836.69,64037.24,1736.59979,-4.317e-05,34,-20.0,0.0,trending,,980.2693589321141,-1.9677922329711854,-0.03220776702881456,False,,980.2693589321141,-1.9677922329711854,,trending,0.0,{},,448.0,BTCUSDT,2024-08-23 23:00:00,,,,,960.4736857984426,0.0,0.0,0.0,960.4736857984426,0.0,0.0,0.0,-24.0,-24.0,1.0,-24.0,True,False
2024-08-24 00:00:00,64037.24,64206.7,63816.05,63961.78,990.20813,-7.72e-06,56,-20.0,0.0,trending,,982.5424082837505,-1.9609264344529003,-0.03907356554709973,False,,982.5424082837505,-1.9609264344529003,,trending,0.0,{},,449.0,BTCUSDT,2024-08-24 00:00:00,,,,,960.4736857984426,0.0,0.0,0.0,960.4736857984426,0.0,0.0,0.0,-24.0,-24.0,1.0,-24.0,True,False
2024-08-24 01:00:00,63961.79,64006.4,63626.58,63836.48,754.58663,-7.72e-06,56,-20.0,0.0,trending,,986.3167666691213,-1.9495957971830054,-0.05040420281699465,False,,986.3167666691213,-1.9495957971830054,,trending,0.0,{},,450.0,BTCUSDT,2024-08-24 01:00:00,,,,,960.4736857984426,0.0,0.0,0.0,960.4736857984426,0.0,0.0,0.0,-24.0,-24.0,1.0,-24.0,True,False
2024-08-24 02:00:00,63836.49,64000.0,63788.8,63949.99,492.89746,-7.72e-06,56,-20.0,0.0,trending,,982.8975534183357,-1.959856578684714,-0.04014342131528603,False,,982.8975534183357,-1.959856578684714,,trending,0.0,{},,451.0,BTCUSDT,2024-08-24 02:00:00,,,,,960.4736857984426,0.0,0.0,0.0,960.4736857984426,0.0,0.0,0.0,-24.0,-24.0,1.0,-24.0,True,False
2024-08-24 03:00:00,63949.99,63990.0,63759.01,63832.01,853.72101,-7.72e-06,56,-20.0,0.0,trending,,986.45141457002,-1.9491931854813807,-0.05080681451861935,False,,986.45141457002,-1.9491931854813807,,trending,0.0,{},,452.0,BTCUSDT,2024-08-24 03:00:00,,,,,960.4736857984426,0.0,0.0,0.0,960.4736857984426,0.0,0.0,0.0,-20.581457666743944,-20.581457666743944,1.0,-20.581457666743944,True,False
2024-08-24 04:00:00,63832.0,63986.0,63822.0,63897.61,412.12908,-7.72e-06,56,-20.0,0.0,trending,,984.4753737872561,-1.9551128114729799,-0.044887188527020117,False,,984.4753737872561,-1.9551128114729799,,trending,0.0,{},,453.0,BTCUSDT,2024-08-24 04:00:00,,,,,960.4736857984426,0.0,0.0,0.0,960.4736857984426,0.0,0.0,0.0,-20.134629965535357,-20.134629965535357,1.0,-20.134629965535357,True,False
2024-08-24 05:00:00,63897.61,64032.95,63860.61,63987.98,665.56607,-7.72e-06,56,-20.0,0.0,trending,,981.7531968735611,-1.9633066629403075,-0.036693337059692466,False,,981.7531968735611,-1.9633066629403075,,trending,0.0,{},,454.0,BTCUSDT,2024-08-24 05:00:00,,,,,960.4736857984426,0.0,0.0,0.0,960.4736857984426,0.0,0.0,0.0,-20.31606088197445,-20.31606088197445,1.0,-20.31606088197445,True,False
2024-08-24 06:00:00,63987.98,64277.43,63924.56,64048.0,1078.40628,-7.72e-06,56,-19.291535666198733,0.0,trending,,979.9452400476239,-1.968773836298227,0.03962026967835364,False,,979.9452400476239,-1.968773836298227,,trending,0.7084643338012668,{},,455.0,BTCUSDT,2024-08-24 06:00:00,,,,,960.4736857984426,0.0,0.0,0.0,960.4736857984426,0.0,0.0,0.0,-19.291535666198733,-19.291535666198733,1.0,-19.291535666198733,True,False
2024-08-24 07:00:00,64048.0,64332.0,64048.0,64315.0,687.08796,-7.72e-06,56,-20.0,0.0,trending,,971.9025130811915,-1.9933411535641716,-0.0066588464358283694,False,,971.9025130811915,-1.9933411535641716,,trending,-0.7084643338012668,{},,456.0,BTCUSDT,2024-08-24 07:00:00,,,,,960.4736857984426,0.0,0.0,0.0,960.4736857984426,0.0,0.0,0.0,-23.02679850535216,-23.02679850535216,1.0,-23.02679850535216,True,False
2024-08-24 08:00:00,64315.0,64450.63,64144.5,64416.0,551.68752,-7.72e-06,56,-20.0,0.0,trending,,968.8601332174849,-2.0027407361649803,0.002740736164980273,False,,968.8601332174849,-2.0027407361649803,,trending,0.0,{},,457.0,BTCUSDT,2024-08-24 08:00:00,,,,,960.4736857984426,0.0,0.0,0.0,960.4736857984426,0.0,0.0,0.0,-23.215233118820503,-23.215233118820503,1.0,-23.215233118820503,True,False
2024-08-24 09:00:00,64416.0,64494.5,64200.0,64328.66,530.49253,-7.23e-06,56,-19.205257211397136,0.0,trending,,971.4910387352681,-1.994608981103674,0.07408325996396048,False,,971.4910387352681,-1.994608981103674,,trending,0.7947427886028642,{},,458.0,BTCUSDT,2024-08-24 09:00:00,,,,,960.4736857984426,0.0,0.0,0.0,960.4736857984426,0.0,0.0,0.0,-19.205257211397136,-19.205257211397136,1.0,-19.205257211397136,True,False
2024-08-24 10:00:00,64328.65,64382.36,64098.0,64117.76,570.99589,-7.23e-06,56,-14.566975124429058,0.0,trending,,977.8438893615628,-1.9751536224844848,0.518456110041579,True,True,977.3364127458406,-1.4574538947019773,,trending,4.638282086968077,{},,459.0,BTCUSDT,2024-08-24 10:00:00,BTCUSDT,64117.76,0.007906844205198747,REDUCE_SHORT,960.4736857984426,0.0,0.0,0.0,960.4736857984426,0.0,0.0,0.0,-14.566975124429058,-14.566975124429058,1.0,-14.566975124429058,True,True
2024-08-24 11:00:00,64117.77,64186.67,63868.0,63905.01,704.72227,-7.23e-06,56,-8.7360421056365,0.0,trending,,982.0628090273588,-1.445626849788806,0.5720226392251561,True,True,981.5004845429697,-0.8741047187600304,,trending,5.8309330187925585,{},,460.0,BTCUSDT,2024-08-24 11:00:00,BTCUSDT,63905.01,0.00879058089349646,REDUCE_SHORT,960.4736857984426,0.0,0.0,0.0,960.4736857984426,0.0,0.0,0.0,-8.7360421056365,-8.7360421056365,1.0,-8.7360421056365,True,True
2024-08-24 12:00:00,63905.0,64180.0,63902.0,64086.99,673.82206,-7.23e-06,56,-12.57575575182415,0.0,trending,,979.0573761446349,-0.8787812996114934,-0.3787942755709217,True,True,978.686514815096,-1.2580521181231297,,trending,-3.8397136461876507,{},,461.0,BTCUSDT,2024-08-24 12:00:00,BTCUSDT,64086.99,0.005786842688961899,SHORT,960.4736857984426,0.0,0.0,0.0,960.4736857984426,0.0,0.0,0.0,-12.57575575182415,-12.57575575182415,1.0,-12.57575575182415,True,True
2024-08-24 13:00:00,64086.99,64244.0,63961.25,64221.49,613.01605,-7.23e-06,56,-16.616810088265137,0.0,trending,,976.1025020930808,-1.2640298052898888,-0.39765120353662486,True,True,975.7143537583484,-1.6623420411398626,,trending,-4.041054336440986,{},,462.0,BTCUSDT,2024-08-24 13:00:00,BTCUSDT,64221.49,0.006043901110553873,SHORT,960.4736857984426,0.0,0.0,0.0,960.4736857984426,0.0,0.0,0.0,-16.616810088265137,-16.616810088265137,1.0,-16.616810088265137,True,True
2024-08-24 14:00:00,64221.5,64228.89,64013.03,64171.84,435.57022,-7.23e-06,56,-14.549820085837506,0.0,trending,,976.9683087767257,-1.6589248809995254,0.2039428724157748,True,True,976.7688636084063,-1.4552790994743547,,trending,2.06699000242763,{},,463.0,BTCUSDT,2024-08-24 14:00:00,BTCUSDT,64171.84,0.0031048778272698284,REDUCE_SHORT,960.4736857984426,0.0,0.0,0.0,960.4736857984426,0.0,0.0,0.0,-14.549820085837506,-14.549820085837506,1.0,-14.549820085837506,True,True
2024-08-24 15:00:00,64171.84,64171.84,63872.0,63976.0,571.55586,-7.23e-06,56,-7.822090450733904,0.0,trending,,981.1069181473824,-1.4444228569538755,0.6622138118804851,True,True,980.4565652423487,-0.7827278971499037,,trending,6.727729635103603,{},,464.0,BTCUSDT,2024-08-24 15:00:00,BTCUSDT,63976.0,0.010155410656006834,REDUCE_SHORT,960.4736857984426,0.0,0.0,0.0,960.4736857984426,0.0,0.0,0.0,-7.822090450733904,-7.822090450733904,1.0,-7.822090450733904,True,True
2024-08-24 16:00:00,63976.0,64413.01,63903.58,64298.01,1010.63731,6.395e-05,56,-16.953506489409023,0.0,trending,,976.5938610798964,-0.7897790887898205,-0.9055715601510818,True,True,975.7094854534844,-1.6968873018222137,,trending,-9.13141603867512,{},,465.0,BTCUSDT,2024-08-24 16:00:00,BTCUSDT,64298.01,0.013754323445034933,SHORT,960.4736857984426,0.0,0.0,0.0,960.4736857984426,0.0,0.0,0.0,-16.953506489409023,-16.953506489409023,1.0,-16.953506489409023,True,True
2024-08-24 17:00:00,64298.01,64298.01,63951.97,64050.99,646.06987,6.395e-05,56,-8.559523107074918,0.0,trending,,982.0702323149455,-1.679419897886811,0.8234675871793191,True,True,981.2607197977834,-0.8566584473087351,,trending,8.393983382334104,{},,466.0,BTCUSDT,2024-08-24 17:00:00,BTCUSDT,64050.99,0.012625925136286287,REDUCE_SHORT,960.4736857984426,0.0,0.0,0.0,960.4736857984426,0.0,0.0,0.0,-8.559523107074918,-8.559523107074918,1.0,-8.559523107074918,True,True
2024-08-24 18:00:00,64051.0,64444.0,63938.0,64223.06,979.61184,6.395e-05,56,-15.059135976335966,0.0,trending,,979.0024728709869,-0.8609411670657648,-0.6449724305678318,True,True,978.3710432665273,-1.506885497235336,,trending,-6.499612869261048,{},,467.0,BTCUSDT,2024-08-24 18:00:00,BTCUSDT,64223.06,0.009831820602436543,SHORT,960.4736857984426,0.0,0.0,0.0,960.4736857984426,0.0,0.0,0.0,-15.059135976335966,-15.059135976335966,1.0,-15.059135976335966,True,True
2024-08-24 19:00:00,64223.06,64372.0,64210.6,64210.6,238.47032,6.395e-05,56,-13.852889697093351,0.0,trending,,978.6570728091046,-1.506152816368881,0.12086384665954597,False,,978.6570728091046,-1.506152816368881,,trending,1.206246279242615,{},,468.0,BTCUSDT,2024-08-24 19:00:00,,,,,960.4736857984426,0.0,0.0,0.0,960.4736857984426,0.0,0.0,0.0,-13.852889697093351,-13.852889697093351,1.0,-13.852889697093351,True,False
2024-08-24 20:00:00,64210.6,64328.0,64123.77,64131.0,347.97182,6.395e-05,56,-9.62641041924087,0.0,trending,,980.4843562432272,-1.5014822150527347,0.5388411731286478,True,True,979.9555020482799,-0.9631605519959076,,trending,4.226479277852482,{},,469.0,BTCUSDT,2024-08-24 20:00:00,BTCUSDT,64131.0,0.00823822084097219,REDUCE_SHORT,960.4736857984426,0.0,0.0,0.0,960.4736857984426,0.0,0.0,0.0,-9.62641041924087,-9.62641041924087,1.0,-9.62641041924087,True,True
2024-08-24 21:00:00,64131.0,64172.01,63531.0,63612.37,919.93156,6.395e-05,56,12.3017073716818,0.0,trending,,987.5884915564285,-0.947987446978675,2.178158184146855,True,True,985.4364304423242,1.2316244079481906,,trending,21.92811779092267,{},,470.0,BTCUSDT,2024-08-24 21:00:00,BTCUSDT,63612.37,0.019098525376067304,LONG,960.4736857984426,0.0,0.0,0.0,960.4736857984426,0.0,0.0,0.0,12.3017073716818,12.3017073716818,1.0,12.3017073716818,True,True
2024-08-24 22:00:00,63612.36,64000.0,63570.0,63833.98,805.85726,6.395e-05,56,2.23178099375597,0.0,trending,,989.6646222267058,1.2306348278452408,-1.0074567284696438,True,True,988.6675779441152,0.22340316840076382,,trending,-10.06992637792583,{},,471.0,BTCUSDT,2024-08-24 22:00:00,BTCUSDT,63833.98,0.01561933444523846,REDUCE_LONG,960.4736857984426,0.0,0.0,0.0,960.4736857984426,0.0,0.0,0.0,2.23178099375597,2.23178099375597,1.0,2.23178099375597,True,True
2024-08-24 23:00:00,63833.98,64163.62,63796.41,64157.01,322.14116,6.395e-05,56,-10.165976475226179,0.0,trending,,989.7852915938486,0.22428013928161056,-1.2408777868042284,True,True,988.5570890118042,-1.0178606882407173,,trending,-12.39775746898215,{},,472.0,BTCUSDT,2024-08-24 23:00:00,BTCUSDT,64157.01,0.01568360805758864,SHORT,960.4736857984426,0.0,0.0,0.0,960.4736857984426,0.0,0.0,0.0,-10.165976475226179,-10.165976475226179,1.0,-10.165976475226179,True,True
2024-08-25 00:00:00,64157.02,64507.04,64107.16,64175.99,1152.61806,-4.806e-05,54,-9.559907140879643,0.0,trending,,988.2594141308713,-1.0184684906370542,0.062477776549089925,False,,988.2594141308713,-1.0184684906370542,,trending,0.606069334346536,{},,473.0,BTCUSDT,2024-08-25 00:00:00,,,,,960.4736857984426,0.0,0.0,0.0,960.4736857984426,0.0,0.0,0.0,-9.559907140879643,-9.559907140879643,1.0,-9.559907140879643,True,False
2024-08-25 01:00:00,64175.98,64376.69,64042.42,64150.08,597.68105,-4.806e-05,54,-7.526875185131211,0.0,trending,,988.6657764156433,-1.017638857926828,0.26495133941370697,True,True,988.4035658834172,-0.7528871966624536,,trending,2.0330319557484318,{},,474.0,BTCUSDT,2024-08-25 01:00:00,BTCUSDT,64150.08,0.004083367030778718,REDUCE_SHORT,960.4736857984426,0.0,0.0,0.0,960.4736857984426,0.0,0.0,0.0,-7.526875185131211,-7.526875185131211,1.0,-7.526875185131211,True,True
2024-08-25 02:00:00,64150.08,64269.0,64102.5,64137.0,342.76349,-4.806e-05,54,-6.5254746692237555,0.0,trending,,988.5552970360478,-0.7526181499074784,0.10007068298510291,False,,988.5552970360478,-0.7526181499074784,,trending,1.0014005159074557,{},,475.0,BTCUSDT,2024-08-25 02:00:00,,,,,960.4736857984426,0.0,0.0,0.0,960.4736857984426,0.0,0.0,0.0,-6.5254746692237555,-6.5254746692237555,1.0,-6.5254746692237555,True,False
2024-08-25 03:00:00,64137.0,64170.0,64000.0,64101.01,530.18477,-4.806e-05,54,-4.674696539074124,0.0,trending,,988.9727897106027,-0.7518782860340827,0.2844086321266703,True,True,988.6912357583185,-0.46760277729707156,,trending,1.8507781301496316,{},,476.0,BTCUSDT,2024-08-25 03:00:00,BTCUSDT,64101.01,0.0043879557955809065,REDUCE_SHORT,960.4736857984426,0.0,0.0,0.0,960.4736857984426,0.0,0.0,0.0,-4.674696539074124,-4.674696539074124,1.0,-4.674696539074124,True,True
2024-08-25 04:00:00,64101.01,64161.0,64000.0,64150.99,320.06289,-4.806e-05,54,-6.218592894873102,0.0,trending,,988.3307657424616,-0.468138050319769,-0.15372123916754116,False,,988.3307657424616,-0.468138050319769,,trending,-1.543896355798978,{},,477.0,BTCUSDT,2024-08-25 04:00:00,,,,,960.4736857984426,0.0,0.0,0.0,960.4736857984426,0.0,0.0,0.0,-6.218592894873102,-6.218592894873102,1.0,-6.218592894873102,True,False
2024-08-25 05:00:00,64151.0,64196.0,64100.01,64137.5,318.99046,-4.806e-05,54,-5.279992737634712,0.0,trending,,988.4280594702309,-0.4679935374010725,-0.0600057363623987,False,,988.4280594702309,-0.4679935374010725,,trending,0.9386001572383895,{},,478.0,BTCUSDT,2024-08-25 05:00:00,,,,,960.4736857984426,0.0,0.0,0.0,960.4736857984426,0.0,0.0,0.0,-5.279992737634712,-5.279992737634712,1.0,-5.279992737634712,True,False
2024-08-25 06:00:00,64137.5,64163.64,63976.82,63994.0,330.76798,-4.806e-05,54,0.8453859659761112,0.0,trending,,989.4630224009122,-0.4664580389950752,0.5509966355926863,True,True,988.9173695995398,0.08450065703421099,,trending,6.125378703610823,{},,479.0,BTCUSDT,2024-08-25 06:00:00,BTCUSDT,63994.0,0.0013071196565147324,LONG,960.4736857984426,0.0,0.0,0.0,960.4736857984426,0.0,0.0,0.0,0.8453859659761112,0.8453859659761112,1.0,0.8453859659761112,True,True
2024-08-25 07:00:00,63994.0,64038.0,63785.76,63868.26,675.62,-4.806e-05,54,5.822413526598098,0.0,trending,,988.7531767311552,0.0843486287356798,0.49789272392413,True,True,988.260883718704,0.5820332500561706,,trending,4.977027560621987,{},,480.0,BTCUSDT,2024-08-25 07:00:00,BTCUSDT,63868.26,0.0077079446418504526,LONG,960.4736857984426,0.0,0.0,0.0,960.4736857984426,0.0,0.0,0.0,5.822413526598098,5.822413526598098,1.0,5.822413526598098,True,True
2024-08-25 08:00:00,63868.27,64010.0,63806.0,63931.0,395.3149,-1.531e-05,54,2.782849492960919,0.0,trending,,988.8259232476494,0.5822720865692015,-0.3039871372731096,True,True,988.5253328859799,0.27836957006479984,,trending,-3.0395640336371788,{},,481.0,BTCUSDT,2024-08-25 08:00:00,BTCUSDT,63931.0,0.004701793522226972,REDUCE_LONG,960.4736857984426,0.0,0.0,0.0,960.4736857984426,0.0,0.0,0.0,2.782849492960919,2.782849492960919,1.0,2.782849492960919,True,True
2024-08-25 09:00:00,63931.0,63978.0,63773.27,63861.31,517.9275,-1.531e-05,54,5.422397512675326,0.0,trending,,988.2253693054217,0.2781505280787039,0.26408922318882877,True,True,987.9643896353064,0.5421188297849777,,trending,2.6395480197144074,{},,482.0,BTCUSDT,2024-08-25 09:00:00,BTCUSDT,63861.31,0.004086663272572427,LONG,960.4736857984426,0.0,0.0,0.0,960.4736857984426,0.0,0.0,0.0,5.422397512675326,5.422397512675326,1.0,5.422397512675326,True,True
2024-08-25 10:00:00,63861.3,63932.0,63787.5,63881.01,368.20509,-1.531e-05,54,4.144897154092265,0.0,trending,,988.1296102320327,0.5421953899845603,-0.12770567457533383,False,,988.1296102320327,0.5421953899845603,,trending,-1.2775003585830618,{},,483.0,BTCUSDT,2024-08-25 10:00:00,,,,,960.4736857984426,0.0,0.0,0.0,960.4736857984426,0.0,0.0,0.0,4.144897154092265,4.144897154092265,1.0,4.144897154092265,True,False
2024-08-25 11:00:00,63881.02,64009.83,63870.73,63873.91,447.23263,-1.531e-05,54,4.161892918560472,0.0,trending,,988.0700637225527,0.5421678001733199,-0.1259785083172727,False,,988.0700637225527,0.5421678001733199,,trending,0.016995764468207497,{},,484.0,BTCUSDT,2024-08-25 11:00:00,,,,,960.4736857984426,0.0,0.0,0.0,960.4736857984426,0.0,0.0,0.0,4.161892918560472,4.161892918560472,1.0,4.161892918560472,True,False
2024-08-25 12:00:00,63873.92,63940.0,63805.0,63924.0,252.02697,-1.531e-05,54,1.7321041727617654,0.0,trending,,988.4901601535184,0.5423623733525801,-0.36915195607640355,True,True,988.1252570773356,0.1732743818531756,,trending,-2.4297887457987066,{},,485.0,BTCUSDT,2024-08-25 12:00:00,BTCUSDT,63924.0,0.005708389277625755,REDUCE_LONG,960.4736857984426,0.0,0.0,0.0,960.4736857984426,0.0,0.0,0.0,1.7321041727617654,1.7321041727617654,1.0,1.7321041727617654,True,True
2024-08-25 13:00:00,63923.99,64167.0,63851.34,64082.02,613.96041,-1.531e-05,54,-5.728108386586008,0.0,trending,,988.5485046470717,0.1736283448677108,-0.7464391835263117,True,True,987.8106133083868,-0.5732387265055794,,trending,-7.460212559347774,{},,486.0,BTCUSDT,2024-08-25 13:00:00,BTCUSDT,64082.02,0.008836352193666725,SHORT,960.4736857984426,0.0,0.0,0.0,960.4736857984426,0.0,0.0,0.0,-5.728108386586008,-5.728108386586008,1.0,-5.728108386586008,True,True
2024-08-25 14:00:00,64082.03,64251.0,64082.02,64148.01,584.35901,-1.531e-05,54,-8.801203166266214,0.0,trending,,987.2275024271266,-0.5741679678587527,-0.3059523487678687,True,True,986.9254578539908,-0.8803896739151866,,trending,-3.073094779680206,{},,487.0,BTCUSDT,2024-08-25 14:00:00,BTCUSDT,64148.01,0.004708557181053881,SHORT,960.4736857984426,0.0,0.0,0.0,960.4736857984426,0.0,0.0,0.0,-8.801203166266214,-8.801203166266214,1.0,-8.801203166266214,True,True
2024-08-25 15:00:00,64148.0,64288.0,64086.0,64132.16,383.87031,-1.531e-05,54,-7.120555107083211,0.0,trending,,987.1401446675801,-0.8799807199590743,0.16792520925075327,False,,987.1401446675801,-0.8799807199590743,,trending,1.680648059183003,{},,488.0,BTCUSDT,2024-08-25 15:00:00,,,,,960.4736857984426,0.0,0.0,0.0,960.4736857984426,0.0,0.0,0.0,-7.120555107083211,-7.120555107083211,1.0,-7.120555107083211,True,False
2024-08-25 16:00:00,64132.17,64201.0,64000.0,64033.99,331.81574,3.108e-05,54,-1.6324109728791913,0.0,trending,,988.4698484208965,-0.8774517430525095,0.7142106457645904,True,True,987.7631660497657,-0.16335788601791273,,trending,5.48814413420402,{},,489.0,BTCUSDT,2024-08-25 16:00:00,BTCUSDT,64033.99,0.011025014820402653,REDUCE_SHORT,960.4736857984426,0.0,0.0,0.0,960.4736857984426,0.0,0.0,0.0,-1.6324109728791913,-1.6324109728791913,1.0,-1.6324109728791913,True,True
2024-08-25 17:00:00,64033.99,64162.94,64024.0,64140.99,310.62121,3.108e-05,54,-7.4883701496796675,0.0,trending,,987.4935373324537,-0.16367553335708335,-0.5851614816108834,True,True,986.9156941510671,-0.7492754621075083,,trending,-5.855959176800476,{},,490.0,BTCUSDT,2024-08-25 17:00:00,BTCUSDT,64140.99,0.009008953266649468,SHORT,960.4736857984426,0.0,0.0,0.0,960.4736857984426,0.0,0.0,0.0,-7.4883701496796675,-7.4883701496796675,1.0,-7.4883701496796675,True,True
2024-08-25 18:00:00,64141.0,64248.66,64065.25,64166.99,312.63719,3.108e-05,54,-8.679596851198884,0.0,trending,,986.6159441077219,-0.7498069205729029,-0.11815276454698553,False,,986.6159441077219,-0.7498069205729029,,trending,-1.1912267015192164,{},,491.0,BTCUSDT,2024-08-25 18:00:00,,,,,960.4736857984426,0.0,0.0,0.0,960.4736857984426,0.0,0.0,0.0,-8.679596851198884,-8.679596851198884,1.0,-8.679596851198884,True,False
2024-08-25 19:00:00,64166.99,64210.05,64145.13,64187.41,163.54754,3.108e-05,54,-9.739946408529084,0.0,trending,,986.3805250352177,-0.7502245463388698,-0.22377009451403862,True,True,986.1598025719037,-0.9742126405075517,,trending,-1.0603495573302002,{},,492.0,BTCUSDT,2024-08-25 19:00:00,BTCUSDT,64187.41,0.003438718953046052,SHORT,960.4736857984426,0.0,0.0,0.0,960.4736857984426,0.0,0.0,0.0,-9.739946408529084,-9.739946408529084,1.0,-9.739946408529084,True,True
2024-08-25 20:00:00,64187.42,64264.0,64122.49,64206.99,256.83345,3.108e-05,54,-10.751335398142361,0.0,trending,,985.8667376144685,-0.9747995073947116,-0.10033403241952454,False,,985.8667376144685,-0.9747995073947116,,trending,-1.0113889896132768,{},,493.0,BTCUSDT,2024-08-25 20:00:00,,,,,960.4736857984426,0.0,0.0,0.0,960.4736857984426,0.0,0.0,0.0,-10.751335398142361,-10.751335398142361,1.0,-10.751335398142361,True,False
2024-08-25 21:00:00,64207.0,64572.0,64206.99,64383.73,798.13298,3.108e-05,54,-20.0,0.0,trending,,983.2213698628294,-0.9801127268719729,-1.019887273128027,True,True,982.2185949010388,-2.002041857010234,,trending,-9.248664601857639,{},,494.0,BTCUSDT,2024-08-25 21:00:00,BTCUSDT,64383.73,0.015574974637079964,SHORT,960.4736857984426,0.0,0.0,0.0,960.4736857984426,0.0,0.0,0.0,-21.35590917322061,-21.35590917322061,1.0,-21.35590917322061,True,True
2024-08-25 22:00:00,64383.73,64616.0,64279.12,64482.01,542.03129,3.108e-05,54,-20.0,0.0,trending,,979.2168739311564,-2.011244406756416,0.011244406756416137,False,,979.2168739311564,-2.011244406756416,,trending,0.0,{},,495.0,BTCUSDT,2024-08-25 22:00:00,,,,,960.4736857984426,0.0,0.0,0.0,960.4736857984426,0.0,0.0,0.0,-24.0,-24.0,1.0,-24.0,True,False
2024-08-25 23:00:00,64482.0,65000.0,64200.0,64220.0,1758.27485,3.108e-05,54,-4.929505232962857,0.0,trending,,987.2193252062773,-1.986835102737258,1.4938845794409723,True,True,985.743057211831,-0.4936887755974951,,trending,15.070494767037143,{},,496.0,BTCUSDT,2024-08-25 23:00:00,BTCUSDT,64220.0,0.022964679639548118,REDUCE_SHORT,960.4736857984426,0.0,0.0,0.0,960.4736857984426,0.0,0.0,0.0,-4.929505232962857,-4.929505232962857,1.0,-4.929505232962857,True,True
2024-08-26 00:00:00,64219.99,64481.0,63891.0,64111.01,947.6348,2.439e-05,55,1.3316256724153341,0.0,trending,,986.5689683663117,-0.4924383265557708,0.6256008937973042,True,True,985.9512836272265,0.13311274574243734,,trending,6.261130905378191,{},,497.0,BTCUSDT,2024-08-26 00:00:00,BTCUSDT,64111.01,0.002049165292958093,LONG,960.4736857984426,0.0,0.0,0.0,960.4736857984426,0.0,0.0,0.0,1.3316256724153341,1.3316256724153341,1.0,1.3316256724153341,True,True
2024-08-26 01:00:00,64111.01,64196.0,63890.94,63939.98,628.23778,2.439e-05,55,9.278510924489158,0.0,trending,,985.6011653559119,0.13280479859550426,0.7950462938534115,True,True,984.8175668021782,0.9277936850858505,,trending,7.946885252073824,{},,498.0,BTCUSDT,2024-08-26 01:00:00,BTCUSDT,63939.98,0.012255220501067112,LONG,960.4736857984426,0.0,0.0,0.0,960.4736857984426,0.0,0.0,0.0,9.278510924489158,9.278510924489158,1.0,9.278510924489158,True,True
2024-08-26 02:00:00,63939.98,64071.6,63790.0,64070.0,539.50265,2.439e-05,55,2.1787219906058892,0.0,trending,,986.6755631868764,0.9279296558923327,-0.7100574568317437,True,True,985.9749668457619,0.21802701076537362,,trending,-7.099788933883269,{},,499.0,BTCUSDT,2024-08-26 02:00:00,BTCUSDT,64070.0,0.010934857829163445,REDUCE_LONG,960.4736857984426,0.0,0.0,0.0,960.4736857984426,0.0,0.0,0.0,2.1787219906058892,2.1787219906058892,1.0,2.1787219906058892,True,True
2024-08-26 03:00:00,64070.0,64121.0,64004.0,64114.99,362.07039,2.439e-05,55,-0.1298889457497702,0.0,trending,,986.1259183545841,0.2181467115058026,-0.2311356060807796,True,True,985.8979895427732,-0.012991897465071749,,trending,-2.3086109363556595,{},,500.0,BTCUSDT,2024-08-26 03:00:00,BTCUSDT,64114.99,0.00019977676969395284,SHORT,960.4736857984426,0.0,0.0,0.0,960.4736857984426,0.0,0.0,0.0,-0.1298889457497702,-0.1298889457497702,1.0,-0.1298889457497702,True,True
2024-08-26 04:00:00,64115.0,64205.31,63948.0,64019.0,325.8382,2.439e-05,55,4.431378174771757,0.0,trending,,985.9171661148961,-0.012972194276153533,0.4561100117533292,True,True,985.4674666223602,0.4428966950275662,,trending,4.561267120521527,{},,501.0,BTCUSDT,2024-08-26 04:00:00,BTCUSDT,64019.0,0.006824492435143272,LONG,960.4736857984426,0.0,0.0,0.0,960.4736857984426,0.0,0.0,0.0,4.431378174771757,4.431378174771757,1.0,4.431378174771757,True,True
2024-08-26 05:00:00,64019.0,64050.0,63885.0,63950.01,423.63548,2.439e-05,55,7.335068764271559,0.0,trending,,984.9971157109928,0.442630669835167,0.2908762065919888,True,True,984.7106034864707,0.7334293373640196,,trending,2.903690589499802,{},,502.0,BTCUSDT,2024-08-26 05:00:00,BTCUSDT,63950.01,0.00448025300577848,LONG,960.4736857984426,0.0,0.0,0.0,960.4736857984426,0.0,0.0,0.0,7.335068764271559,7.335068764271559,1.0,7.335068764271559,True,True
2024-08-26 06:00:00,63950.01,64012.92,63420.0,63728.44,1288.024,2.439e-05,55,15.812907911401602,0.0,trending,,982.2083158315731,0.7327502182122874,0.8485405729278728,True,True,981.374872224523,1.5817844588582002,,trending,8.477839147130044,{},,503.0,BTCUSDT,2024-08-26 06:00:00,BTCUSDT,63728.44,0.013078048153230238,LONG,960.4736857984426,0.0,0.0,0.0,960.4736857984426,0.0,0.0,0.0,15.812907911401602,15.812907911401602,1.0,15.812907911401602,True,True
2024-08-26 07:00:00,63728.43,63867.84,63575.0,63627.01,735.13817,2.439e-05,55,18.245430759017665,0.0,trending,,978.9041986170223,1.5832528349360488,0.2412902409657176,True,True,978.6679985870558,1.8247420781165298,,trending,2.432522847616063,{},,504.0,BTCUSDT,2024-08-26 07:00:00,BTCUSDT,63627.01,0.0037122604058662193,LONG,960.4736857984426,0.0,0.0,0.0,960.4736857984426,0.0,0.0,0.0,18.245430759017665,18.245430759017665,1.0,18.245430759017665,True,True
2024-08-26 08:00:00,63627.01,63868.0,63595.39,63738.0,511.11937,2.439e-05,55,11.492764768597644,0.0,trending,,981.7831503604743,1.822125210281393,-0.6728487334216287,True,True,981.1225588112595,1.1500502867385676,,trending,-6.752665990420022,{},,505.0,BTCUSDT,2024-08-26 08:00:00,BTCUSDT,63738.0,0.010364171282668762,REDUCE_LONG,960.4736857984426,0.0,0.0,0.0,960.4736857984426,0.0,0.0,0.0,11.492764768597644,11.492764768597644,1.0,11.492764768597644,True,True
2024-08-26 09:00:00,63737.99,63875.81,63220.95,63856.99,1076.07648,3.448e-05,55,5.141111733083794,0.0,trending,,983.2290135153214,1.1497288213139294,-0.63561764800555,True,True,982.6040558023001,0.514438159281226,,trending,-6.351653035513849,{},,506.0,BTCUSDT,2024-08-26 09:00:00,BTCUSDT,63856.99,0.009786833250696998,REDUCE_LONG,960.4736857984426,0.0,0.0,0.0,960.4736857984426,0.0,0.0,0.0,5.141111733083794,5.141111733083794,1.0,5.141111733083794,True,True
2024-08-26 10:00:00,63857.0,64039.2,63733.28,63780.0,811.05712,3.448e-05,55,7.513021692481452,0.0,trending,,981.99460647207,0.5141368079940998,0.23716536125404541,True,True,981.7617113664764,0.751243172745345,,trending,2.371909959397658,{},,507.0,BTCUSDT,2024-08-26 10:00:00,BTCUSDT,63780.0,0.003651538187417257,LONG,960.4736857984426,0.0,0.0,0.0,960.4736857984426,0.0,0.0,0.0,7.513021692481452,7.513021692481452,1.0,7.513021692481452,True,True
2024-08-26 11:00:00,63780.01,63996.77,63739.39,63859.0,484.09348,3.448e-05,55,3.7240865442658935,0.0,trending,,982.6752548103651,0.7514744293762091,-0.3790657749496198,True,True,982.3027562533766,0.3725498753337902,,trending,-3.7889351482155584,{},,508.0,BTCUSDT,2024-08-26 11:00:00,BTCUSDT,63859.0,0.005833141091913531,REDUCE_LONG,960.4736857984426,0.0,0.0,0.0,960.4736857984426,0.0,0.0,0.0,3.7240865442658935,3.7240865442658935,1.0,3.7240865442658935,True,True
2024-08-26 12:00:00,63859.0,63958.95,63464.0,63633.0,679.77337,3.448e-05,55,11.458800410053897,0.0,trending,,981.0076180601637,0.3717215080450648,0.7741585329603249,True,True,980.2481626417433,1.1459930627806942,,trending,7.734713865788003,{},,509.0,BTCUSDT,2024-08-26 12:00:00,BTCUSDT,63633.0,0.011934930278634655,LONG,960.4736857984426,0.0,0.0,0.0,960.4736857984426,0.0,0.0,0.0,11.458800410053897,11.458800410053897,1.0,11.458800410053897,True,True
2024-08-26 13:00:00,63633.0,63873.0,63500.0,63766.0,1006.49967,3.448e-05,55,5.330329623892116,0.0,trending,,982.5961041190805,1.1456442081841116,-0.6126112457949,True,True,981.9941546956229,0.5333597045422681,,trending,-6.128470786161781,{},,510.0,BTCUSDT,2024-08-26 13:00:00,BTCUSDT,63766.0,0.009439974648834882,REDUCE_LONG,960.4736857984426,0.0,0.0,0.0,960.4736857984426,0.0,0.0,0.0,5.330329623892116,5.330329623892116,1.0,5.330329623892116,True,True
2024-08-26 14:00:00,63766.0,63874.34,63125.53,63500.6,1976.77515,3.448e-05,55,13.087675757713498,0.0,trending,,979.8142332299403,0.5323215085635595,0.7764460672077902,True,True,979.0534603219547,1.3090075034321274,,trending,7.7573461338213825,{},,511.0,BTCUSDT,2024-08-26 14:00:00,BTCUSDT,63500.6,0.011980562514143232,LONG,960.4736857984426,0.0,0.0,0.0,960.4736857984426,0.0,0.0,0.0,13.087675757713498,13.087675757713498,1.0,13.087675757713498,True,True
2024-08-26 15:00:00,63500.6,63635.0,63061.0,63532.53,1295.22278,3.448e-05,55,10.108863992180277,0.0,trending,,979.697881244647,1.308804245974606,-0.2979178467565784,True,True,979.4060117613944,1.0111876500654022,,trending,-2.978811765533221,{},,512.0,BTCUSDT,2024-08-26 15:00:00,BTCUSDT,63532.53,0.00459401637637266,REDUCE_LONG,960.4736857984426,0.0,0.0,0.0,960.4736857984426,0.0,0.0,0.0,10.108863992180277,10.108863992180277,1.0,10.108863992180277,True,True
2024-08-26 16:00:00,63532.54,63826.0,63412.06,63705.0,913.46553,3.789e-05,55,3.7670442405594495,0.0,trending,,982.094523490026,1.0111570235547178,-0.6344525994987729,True,True,981.4714310666443,0.37694357688816604,,trending,-6.341819751620827,{},,513.0,BTCUSDT,2024-08-26 16:00:00,BTCUSDT,63705.0,0.00978090296494397,REDUCE_LONG,960.4736857984426,0.0,0.0,0.0,960.4736857984426,0.0,0.0,0.0,3.7670442405594495,3.7670442405594495,1.0,3.7670442405594495,True,True
2024-08-26 17:00:00,63705.0,63878.78,63204.0,63375.99,983.69834,3.789e-05,55,12.613319476171466,0.0,trending,,979.5607438937565,0.3757282710247512,0.8856036765923954,True,True,978.6932412975186,1.2615635892934876,,trending,8.846275235612016,{},,514.0,BTCUSDT,2024-08-26 17:00:00,BTCUSDT,63375.99,0.01368819005806288,LONG,960.4736857984426,0.0,0.0,0.0,960.4736857984426,0.0,0.0,0.0,12.613319476171466,12.613319476171466,1.0,12.613319476171466,True,True
2024-08-26 18:00:00,63376.0,63702.85,63192.04,63643.94,899.31418,3.789e-05,55,3.7378872404259296,0.0,trending,,983.9134124228735,1.2601758587482643,-0.8863871347056713,True,True,983.0412842324375,0.37412033949835605,,trending,-8.875432235745535,{},,515.0,BTCUSDT,2024-08-26 18:00:00,BTCUSDT,63643.94,0.013703240095380492,REDUCE_LONG,960.4736857984426,0.0,0.0,0.0,960.4736857984426,0.0,0.0,0.0,3.7378872404259296,3.7378872404259296,1.0,3.7378872404259296,True,True
2024-08-26 19:00:00,63643.94,63703.0,63252.01,63342.99,690.61114,3.789e-05,55,12.236280376923377,0.0,trending,,981.3022010039097,0.3730111431472814,0.8506168945450563,True,True,980.4674887730816,1.2238184214229104,,trending,8.498393136497448,{},,516.0,BTCUSDT,2024-08-26 19:00:00,BTCUSDT,63342.99,0.013177657556553209,LONG,960.4736857984426,0.0,0.0,0.0,960.4736857984426,0.0,0.0,0.0,12.236280376923377,12.236280376923377,1.0,12.236280376923377,True,True
2024-08-26 20:00:00,63342.99,63557.58,63202.71,63417.01,572.74237,3.789e-05,55,9.187188100770518,0.0,trending,,981.8696588819862,1.2234987949862417,-0.3047799849091899,True,True,981.5704046621693,0.9189989025487022,,trending,-3.0490922761528587,{},,517.0,BTCUSDT,2024-08-26 20:00:00,BTCUSDT,63417.01,0.00471883205809992,REDUCE_LONG,960.4736857984426,0.0,0.0,0.0,960.4736857984426,0.0,0.0,0.0,9.187188100770518,9.187188100770518,1.0,9.187188100770518,True,True
2024-08-26 21:00:00,63417.0,63423.89,62838.0,63155.81,1226.02546,3.789e-05,55,15.554357230625396,0.0,trending,,977.8550193584331,0.918691136794987,0.6367445862675525,True,True,977.2323754687018,1.5557896190936011,,trending,6.367169129854878,{},,518.0,BTCUSDT,2024-08-26 21:00:00,BTCUSDT,63155.81,0.009858853678403222,LONG,960.4736857984426,0.0,0.0,0.0,960.4736857984426,0.0,0.0,0.0,15.554357230625396,15.554357230625396,1.0,15.554357230625396,True,True
2024-08-26 22:00:00,63155.82,63280.0,62888.24,62973.01,510.56933,3.789e-05,55,19.085434032726884,0.0,trending,,972.8317784738429,1.558303729119277,0.3502396741534115,True,True,972.4910541887441,1.9088617227062996,,trending,3.531076802101488,{},,519.0,BTCUSDT,2024-08-26 22:00:00,BTCUSDT,62973.01,0.00541063997256543,LONG,960.4736857984426,0.0,0.0,0.0,960.4736857984426,0.0,0.0,0.0,19.085434032726884,19.085434032726884,1.0,19.085434032726884,True,True
2024-08-26 23:00:00,62973.01,63168.0,62800.0,62834.0,582.92752,3.789e-05,55,20.0,0.0,trending,,968.3932455335344,1.9127076204868472,0.08729237951315283,False,,968.3932455335344,1.9127076204868472,,trending,0.9145659672731163,{},,520.0,BTCUSDT,2024-08-26 23:00:00,,,,,960.4736857984426,0.0,0.0,0.0,960.4736857984426,0.0,0.0,0.0,20.609028922795765,20.609028922795765,1.0,20.609028922795765,True,False
2024-08-27 00:00:00,62834.0,63050.0,62657.0,62722.0,1059.42323,3.789e-05,48,20.0,0.0,trending,,965.0916516238626,1.9158300077917627,0.08416999220823729,False,,965.0916516238626,1.9158300077917627,,trending,0.0,{},,521.0,BTCUSDT,2024-08-27 00:00:00,,,,,960.4736857984426,0.0,0.0,0.0,960.4736857984426,0.0,0.0,0.0,21.40552519750077,21.40552519750077,1.0,21.40552519750077,True,False
2024-08-27 01:00:00,62722.0,63212.0,62688.15,62994.8,1116.54789,2.795e-05,48,11.487444318302282,0.0,trending,,973.1333910752776,1.9082618096680597,-0.7595173778378315,True,True,972.3942793538015,1.1496175863649405,,trending,-8.512555681697718,{},,522.0,BTCUSDT,2024-08-27 01:00:00,BTCUSDT,62994.8,0.01173290051680348,REDUCE_LONG,960.4736857984426,0.0,0.0,0.0,960.4736857984426,0.0,0.0,0.0,11.487444318302282,11.487444318302282,1.0,11.487444318302282,True,True
2024-08-27 02:00:00,62994.81,63193.94,62892.0,62900.07,461.80843,2.795e-05,48,13.286870861523987,0.0,trending,,970.713237099551,1.1498766881007012,0.17881039805169752,False,,970.713237099551,1.1498766881007012,,trending,1.7994265432217045,{},,523.0,BTCUSDT,2024-08-27 02:00:00,,,,,960.4736857984426,0.0,0.0,0.0,960.4736857984426,0.0,0.0,0.0,13.286870861523987,13.286870861523987,1.0,13.286870861523987,True,False
2024-08-27 03:00:00,62900.07,63009.91,62716.0,62970.0,930.74178,2.795e-05,48,10.133880157213364,0.0,trending,,971.9541880637623,1.1496853317354574,-0.13629731601412098,False,,971.9541880637623,1.1496853317354574,,trending,-3.152990704310623,{},,524.0,BTCUSDT,2024-08-27 03:00:00,,,,,960.4736857984426,0.0,0.0,0.0,960.4736857984426,0.0,0.0,0.0,10.133880157213364,10.133880157213364,1.0,10.133880157213364,True,False
2024-08-27 04:00:00,62970.0,63099.69,62911.49,63038.99,693.63977,2.795e-05,48,7.37758258780781,0.0,trending,,973.1784581484317,1.1494970258063413,-0.41173876702556034,True,True,972.7777628499778,0.7380621475794135,,trending,-2.756297569405554,{},,525.0,BTCUSDT,2024-08-27 04:00:00,BTCUSDT,63038.99,0.0063563089835968365,REDUCE_LONG,960.4736857984426,0.0,0.0,0.0,960.4736857984426,0.0,0.0,0.0,7.37758258780781,7.37758258780781,1.0,7.37758258780781,True,True
2024-08-27 05:00:00,63038.99,63200.0,63038.98,63150.02,604.41032,2.795e-05,48,3.867285743412894,0.0,trending,,974.0423176672812,0.7384022095737482,-0.3516736352324588,True,True,973.6997726645568,0.3868646244301056,,trending,-3.5102968443949156,{},,526.0,BTCUSDT,2024-08-27 05:00:00,BTCUSDT,63150.02,0.005424305530295988,REDUCE_LONG,960.4736857984426,0.0,0.0,0.0,960.4736857984426,0.0,0.0,0.0,3.867285743412894,3.867285743412894,1.0,3.867285743412894,True,True
2024-08-27 06:00:00,63150.02,63151.26,62701.06,62761.0,1117.40037,2.795e-05,48,14.467210555581222,0.0,trending,,971.3792675787579,0.38539991975214855,1.0613211358059738,True,True,970.3483222311927,1.4471956737785447,,trending,10.599924812168327,{},,527.0,BTCUSDT,2024-08-27 06:00:00,BTCUSDT,62761.0,0.016426528378532246,LONG,960.4736857984426,0.0,0.0,0.0,960.4736857984426,0.0,0.0,0.0,14.467210555581222,14.467210555581222,1.0,14.467210555581222,True,True
2024-08-27 07:00:00,62761.0,62961.0,62750.19,62902.31,697.55272,2.795e-05,48,9.133641249081206,0.0,trending,,973.5101481590764,1.4457432442595877,-0.5323791193514671,True,True,972.9918716837196,0.9138506399070131,,trending,-5.333569306500015,{},,528.0,BTCUSDT,2024-08-27 07:00:00,BTCUSDT,62902.31,0.008239387001155368,REDUCE_LONG,960.4736857984426,0.0,0.0,0.0,960.4736857984426,0.0,0.0,0.0,9.133641249081206,9.133641249081206,1.0,9.133641249081206,True,True
2024-08-27 08:00:00,62902.32,63000.0,62700.0,62813.38,517.80435,1.751e-05,48,11.053101096565905,0.0,trending,,971.7347823825645,0.9137391923795214,0.1915709172770691,False,,971.7347823825645,0.9137391923795214,,trending,1.919459847484699,{},,529.0,BTCUSDT,2024-08-27 08:00:00,,,,,960.4736857984426,0.0,0.0,0.0,960.4736857984426,0.0,0.0,0.0,11.053101096565905,11.053101096565905,1.0,11.053101096565905,True,False
2024-08-27 09:00:00,62813.38,62952.41,62566.0,62679.99,1288.23733,1.751e-05,48,13.86957162883602,0.0,trending,,969.8492191094163,0.913571485680834,0.4733856772027679,True,True,969.3901063800436,1.3871404296180494,,trending,2.816470532270115,{},,530.0,BTCUSDT,2024-08-27 09:00:00,BTCUSDT,62679.99,0.007324709678043769,LONG,960.4736857984426,0.0,0.0,0.0,960.4736857984426,0.0,0.0,0.0,13.86957162883602,13.86957162883602,1.0,13.86957162883602,True,True
2024-08-27 10:00:00,62679.99,62679.99,62244.37,62332.05,1546.51796,1.751e-05,48,20.0,0.0,trending,,961.9257141267703,1.3901445784637771,0.6098554215362229,True,True,961.3390785148952,2.000610227572129,,trending,6.13042837116398,{},,531.0,BTCUSDT,2024-08-27 10:00:00,BTCUSDT,62332.05,0.009411460266031901,LONG,960.4736857984426,0.0,0.0,0.0,960.4736857984426,0.0,0.0,0.0,23.574700620003878,23.574700620003878,1.0,23.574700620003878,True,True
2024-08-27 11:00:00,62332.06,62545.0,62230.0,62417.0,837.00917,1.751e-05,48,19.387909512101714,0.0,trending,,963.9602235620241,1.9978894259477473,-0.05909847473757579,False,,963.9602235620241,1.9978894259477473,,trending,-0.6120904878982856,{},,532.0,BTCUSDT,2024-08-27 11:00:00,,,,,960.4736857984426,0.0,0.0,0.0,960.4736857984426,0.0,0.0,0.0,19.387909512101714,19.387909512101714,1.0,19.387909512101714,True,False
2024-08-27 12:00:00,62416.99,62475.0,62132.0,62419.56,1252.1285,1.751e-05,48,17.62347520508207,0.0,trending,,964.0392127476705,1.9978076632226647,-0.2354601427144578,True,True,963.8122199370544,1.7627625808370626,,trending,-1.7644343070196449,{},,533.0,BTCUSDT,2024-08-27 12:00:00,BTCUSDT,62419.56,0.0036365653749545826,REDUCE_LONG,960.4736857984426,0.0,0.0,0.0,960.4736857984426,0.0,0.0,0.0,17.62347520508207,17.62347520508207,1.0,17.62347520508207,True,True
2024-08-27 13:00:00,62419.57,62495.0,62128.24,62232.64,1653.7569,1.751e-05,48,20.0,0.0,trending,,958.7245219787376,1.7668103605029,0.23318963949710003,True,True,958.5009573530801,2.0002332440295887,,trending,2.3765247949179304,{},,534.0,BTCUSDT,2024-08-27 13:00:00,BTCUSDT,62232.64,0.0035924014417073,LONG,960.4736857984426,0.0,0.0,0.0,960.4736857984426,0.0,0.0,0.0,22.765736388085593,22.765736388085593,1.0,22.765736388085593,True,True
2024-08-27 14:00:00,62232.65,62293.0,61801.01,61851.01,2802.72381,1.751e-05,48,20.0,0.0,trending,,946.7439314631711,2.0126545205281126,-0.012654520528112556,False,,946.7439314631711,2.0126545205281126,,trending,0.0,{},,535.0,BTCUSDT,2024-08-27 14:00:00,,,,,960.4736857984426,0.0,0.0,0.0,960.4736857984426,0.0,0.0,0.0,24.0,24.0,1.0,24.0,True,False
2024-08-27 15:00:00,61851.01,61981.82,61473.03,61709.13,2549.55396,1.751e-05,48,20.0,0.0,trending,,942.3729783586971,2.0173514563718915,-0.017351456371891505,False,,942.3729783586971,2.0173514563718915,,trending,0.0,{},,536.0,BTCUSDT,2024-08-27 15:00:00,,,,,960.4736857984426,0.0,0.0,0.0,960.4736857984426,0.0,0.0,0.0,24.0,24.0,1.0,24.0,True,False
2024-08-27 16:00:00,61709.13,61989.9,61534.6,61560.12,1222.28193,7.753e-05,48,20.0,0.0,trending,,937.7823685328046,2.022331570893893,-0.022331570893892927,False,,937.7823685328046,2.022331570893893,,trending,0.0,{},,537.0,BTCUSDT,2024-08-27 16:00:00,,,,,960.4736857984426,0.0,0.0,0.0,960.4736857984426,0.0,0.0,0.0,24.0,24.0,1.0,24.0,True,False
2024-08-27 17:00:00,61560.13,61933.32,61518.74,61933.32,677.07398,7.753e-05,48,20.0,0.0,trending,,949.2796880886942,2.00994947433149,-0.00994947433148985,False,,949.2796880886942,2.00994947433149,,trending,0.0,{},,538.0,BTCUSDT,2024-08-27 17:00:00,,,,,960.4736857984426,0.0,0.0,0.0,960.4736857984426,0.0,0.0,0.0,20.623399685532675,20.623399685532675,1.0,20.623399685532675,True,False
2024-08-27 18:00:00,61933.31,62142.84,61885.3,62096.01,688.15593,7.753e-05,48,13.531139957166715,0.0,trending,,954.2917430687255,2.0046450982544997,-0.6515311025378281,True,True,953.6699923172213,1.353996166331754,,trending,-6.468860042833285,{},,539.0,BTCUSDT,2024-08-27 18:00:00,BTCUSDT,62096.01,0.010012732726375052,REDUCE_LONG,960.4736857984426,0.0,0.0,0.0,960.4736857984426,0.0,0.0,0.0,13.531139957166715,13.531139957166715,1.0,13.531139957166715,True,True
2024-08-27 19:00:00,62096.01,62196.75,61884.98,62102.01,456.27549,7.753e-05,48,12.135672528007834,0.0,trending,,953.7947602867133,1.3539498593224053,-0.14038260652162182,False,,953.7947602867133,1.3539498593224053,,trending,-1.395467429158881,{},,540.0,BTCUSDT,2024-08-27 19:00:00,,,,,960.4736857984426,0.0,0.0,0.0,960.4736857984426,0.0,0.0,0.0,12.135672528007834,12.135672528007834,1.0,12.135672528007834,True,False
2024-08-27 20:00:00,62102.0,62102.01,61846.33,61859.0,407.88963,7.753e-05,48,19.60518849397265,0.0,trending,,948.7414495756688,1.355835113325049,0.6046837360722161,True,True,948.1677610513728,1.961100010942621,,trending,7.469515965964817,{},,541.0,BTCUSDT,2024-08-27 20:00:00,BTCUSDT,61859.0,0.009274131885351936,LONG,960.4736857984426,0.0,0.0,0.0,960.4736857984426,0.0,0.0,0.0,19.60518849397265,19.60518849397265,1.0,19.60518849397265,True,True
2024-08-27 21:00:00,61858.99,61956.17,60000.0,60419.99,3799.49778,7.753e-05,48,20.0,0.0,trending,,904.9118121324276,2.0070418280588815,-0.0070418280588815385,False,,904.9118121324276,2.0070418280588815,,trending,0.3948115060273487,{},,542.0,BTCUSDT,2024-08-27 21:00:00,,,,,960.4736857984426,0.0,0.0,0.0,960.4736857984426,0.0,0.0,0.0,24.0,24.0,1.0,24.0,True,False
2024-08-27 22:00:00,60419.99,60420.0,58034.01,59506.94,6854.72907,7.753e-05,48,20.0,0.0,trending,,877.4659680031701,2.0385406143963665,-0.03854061439636647,False,,877.4659680031701,2.0385406143963665,,trending,0.0,{},,543.0,BTCUSDT,2024-08-27 22:00:00,,,,,960.4736857984426,0.0,0.0,0.0,960.4736857984426,0.0,0.0,0.0,24.0,24.0,1.0,24.0,True,False
2024-08-27 23:00:00,59506.94,59780.0,59150.0,59415.0,1900.78148,7.753e-05,48,20.0,0.0,trending,,874.7022957954663,2.041821943194033,-0.041821943194033206,False,,874.7022957954663,2.041821943194033,,trending,0.0,{},,544.0,BTCUSDT,2024-08-27 23:00:00,,,,,960.4736857984426,0.0,0.0,0.0,960.4736857984426,0.0,0.0,0.0,24.0,24.0,1.0,24.0,True,False
2024-08-28 00:00:00,59415.0,59448.96,59000.0,59088.94,2123.34371,-6.803e-05,30,20.0,0.0,trending,,864.9010889209407,2.0536280474092616,-0.05362804740926164,False,,864.9010889209407,2.0536280474092616,,trending,0.0,{},,545.0,BTCUSDT,2024-08-28 00:00:00,,,,,960.4736857984426,0.0,0.0,0.0,960.4736857984426,0.0,0.0,0.0,24.0,24.0,1.0,24.0,True,False
2024-08-28 01:00:00,59088.94,59459.45,58917.12,59383.63,1700.7977,-6.803e-05,30,20.0,0.0,trending,,873.7593286739124,2.042946284653639,-0.04294628465363903,False,,873.7593286739124,2.042946284653639,,trending,0.0,{},,546.0,BTCUSDT,2024-08-28 01:00:00,,,,,960.4736857984426,0.0,0.0,0.0,960.4736857984426,0.0,0.0,0.0,24.0,24.0,1.0,24.0,True,False
2024-08-28 02:00:00,59383.63,59424.0,59190.75,59336.02,895.46761,-6.803e-05,30,20.0,0.0,trending,,872.3281949583503,2.0446573328578754,-0.04465733285787543,False,,872.3281949583503,2.0446573328578754,,trending,0.0,{},,547.0,BTCUSDT,2024-08-28 02:00:00,,,,,960.4736857984426,0.0,0.0,0.0,960.4736857984426,0.0,0.0,0.0,24.0,24.0,1.0,24.0,True,False
2024-08-28 03:00:00,59336.02,59650.0,59304.92,59629.01,832.34628,-6.803e-05,30,20.0,0.0,trending,,881.135333528452,2.034215756474927,-0.034215756474926806,False,,881.135333528452,2.034215756474927,,trending,0.0,{},,548.0,BTCUSDT,2024-08-28 03:00:00,,,,,960.4736857984426,0.0,0.0,0.0,960.4736857984426,0.0,0.0,0.0,24.0,24.0,1.0,24.0,True,False
2024-08-28 04:00:00,59629.01,59661.0,59275.87,59325.33,1316.20016,-6.803e-05,30,20.0,0.0,trending,,872.0068586966541,2.045042291162671,-0.04504229116267089,False,,872.0068586966541,2.045042291162671,,trending,0.0,{},,549.0,BTCUSDT,2024-08-28 04:00:00,,,,,960.4736857984426,0.0,0.0,0.0,960.4736857984426,0.0,0.0,0.0,24.0,24.0,1.0,24.0,True,False
2024-08-28 05:00:00,59325.33,59486.54,59250.42,59287.94,753.80596,-6.803e-05,30,20.0,0.0,trending,,870.8829332687006,2.0463909794414916,-0.04639097944149162,False,,870.8829332687006,2.0463909794414916,,trending,0.0,{},,550.0,BTCUSDT,2024-08-28 05:00:00,,,,,960.4736857984426,0.0,0.0,0.0,960.4736857984426,0.0,0.0,0.0,24.0,24.0,1.0,24.0,True,False
2024-08-28 06:00:00,59287.93,59356.66,59126.21,59186.91,774.02907,-6.803e-05,30,20.0,0.0,trending,,867.8460200302374,2.050052687330598,-0.0500526873305982,False,,867.8460200302374,2.050052687330598,,trending,0.0,{},,551.0,BTCUSDT,2024-08-28 06:00:00,,,,,960.4736857984426,0.0,0.0,0.0,960.4736857984426,0.0,0.0,0.0,24.0,24.0,1.0,24.0,True,False
2024-08-28 07:00:00,59186.91,59271.82,58516.0,58600.98,1770.51433,-6.803e-05,30,20.0,0.0,trending,,850.2332458660013,2.0718047664599735,-0.07180476645997347,False,,850.2332458660013,2.0718047664599735,,trending,0.0,{},,552.0,BTCUSDT,2024-08-28 07:00:00,,,,,960.4736857984426,0.0,0.0,0.0,960.4736857984426,0.0,0.0,0.0,24.0,24.0,1.0,24.0,True,False
2024-08-28 08:00:00,58600.98,59296.92,58534.35,59223.99,1573.32066,2.433e-05,30,20.0,0.0,trending,,868.9606270071966,2.0487057954058114,-0.048705795405811436,False,,868.9606270071966,2.0487057954058114,,trending,0.0,{},,553.0,BTCUSDT,2024-08-28 08:00:00,,,,,960.4736857984426,0.0,0.0,0.0,960.4736857984426,0.0,0.0,0.0,21.99567512828253,21.99567512828253,1.0,21.99567512828253,True,False
2024-08-28 09:00:00,59224.0,60231.0,59136.18,60200.12,2553.59538,2.433e-05,30,0.21945618501090505,0.0,trending,,898.3026256161364,2.014451054172167,-1.9925054356710765,True,True,896.5127527517186,0.02198943256500332,,trending,-19.780543814989095,{},,554.0,BTCUSDT,2024-08-28 09:00:00,BTCUSDT,60200.12,0.029732048115813585,REDUCE_LONG,960.4736857984426,0.0,0.0,0.0,960.4736857984426,0.0,0.0,0.0,0.21945618501090505,0.21945618501090505,1.0,0.21945618501090505,True,True
2024-08-28 10:00:00,60200.11,60234.98,59700.0,59756.99,1403.93467,2.433e-05,30,8.586362655210886,0.0,trending,,896.367640430149,0.021831103127885366,0.8368051623932032,True,True,895.6175553612348,0.8585178725464491,,trending,8.36690647019998,{},,555.0,BTCUSDT,2024-08-28 10:00:00,BTCUSDT,59756.99,0.012552256546291291,LONG,960.4736857984426,0.0,0.0,0.0,960.4736857984426,0.0,0.0,0.0,8.586362655210886,8.586362655210886,1.0,8.586362655210886,True,True
2024-08-28 11:00:00,59757.0,60099.99,59680.03,59935.0,874.91888,2.433e-05,30,4.4297477610498195,0.0,trending,,897.9080412736647,0.8588787812418799,-0.41590400513689796,True,True,897.5345977230543,0.4431590877444877,,trending,-4.156614894161066,{},,556.0,BTCUSDT,2024-08-28 11:00:00,BTCUSDT,59935.0,0.0062308092201609116,REDUCE_LONG,960.4736857984426,0.0,0.0,0.0,960.4736857984426,0.0,0.0,0.0,4.4297477610498195,4.4297477610498195,1.0,4.4297477610498195,True,True
2024-08-28 12:00:00,59934.99,60160.0,59886.01,59946.22,796.69476,2.433e-05,30,3.8491214711672157,0.0,trending,,897.6090577528197,0.44320527978159224,-0.058293132664870684,False,,897.6090577528197,0.44320527978159224,,trending,-0.5806262898826038,{},,557.0,BTCUSDT,2024-08-28 12:00:00,,,,,960.4736857984426,0.0,0.0,0.0,960.4736857984426,0.0,0.0,0.0,3.8491214711672157,3.8491214711672157,1.0,3.8491214711672157,True,False
2024-08-28 13:00:00,59946.23,60004.96,59310.16,59334.0,2032.67941,2.433e-05,30,14.986233398578047,0.0,trending,,893.5461415832165,0.4406735579525249,1.0579497819052799,True,True,892.6008146376062,1.4991514169905478,,trending,11.137111927410832,{},,558.0,BTCUSDT,2024-08-28 13:00:00,BTCUSDT,59334.0,0.015932297596829275,LONG,960.4736857984426,0.0,0.0,0.0,960.4736857984426,0.0,0.0,0.0,14.986233398578047,14.986233398578047,1.0,14.986233398578047,True,True
2024-08-28 14:00:00,59334.0,59942.0,58926.0,59195.26,2777.70792,2.433e-05,30,15.274975899152084,0.0,trending,,889.4718486570205,1.500907321694314,0.026590268220894275,False,,889.4718486570205,1.500907321694314,,trending,0.2887425005740365,{},,559.0,BTCUSDT,2024-08-28 14:00:00,,,,,960.4736857984426,0.0,0.0,0.0,960.4736857984426,0.0,0.0,0.0,15.274975899152084,15.274975899152084,1.0,15.274975899152084,True,False
2024-08-28 15:00:00,59195.26,59195.26,58443.07,59000.0,2674.48023,2.433e-05,30,16.760075614521973,0.0,trending,,885.0682022870537,1.5033995801475823,0.17260798130461508,False,,885.0682022870537,1.5033995801475823,,trending,1.4850997153698895,{},,560.0,BTCUSDT,2024-08-28 15:00:00,,,,,960.4736857984426,0.0,0.0,0.0,960.4736857984426,0.0,0.0,0.0,16.760075614521973,16.760075614521973,1.0,16.760075614521973,True,False
2024-08-28 16:00:00,59000.0,59218.38,57860.0,59198.01,3914.29528,2.433e-05,30,10.88048202646733,0.0,trending,,889.5338686688888,1.500872397472617,-0.41282419482588395,True,True,889.1666475657851,1.0884975607758305,,trending,-5.879593588054643,{},,561.0,BTCUSDT,2024-08-28 16:00:00,BTCUSDT,59198.01,0.006203267696052411,REDUCE_LONG,960.4736857984426,0.0,0.0,0.0,960.4736857984426,0.0,0.0,0.0,10.88048202646733,10.88048202646733,1.0,10.88048202646733,True,True
2024-08-28 17:00:00,59198.01,59255.0,58636.47,58650.0,1326.75703,1.143e-05,30,20.0,0.0,trending,,880.2069778580958,1.0893983817582054,0.9106016182417946,True,True,879.4054599596705,2.0009114315693037,,trending,9.11951797353267,{},,562.0,BTCUSDT,2024-08-28 17:00:00,BTCUSDT,58650.0,0.013666119325239583,LONG,960.4736857984426,0.0,0.0,0.0,960.4736857984426,0.0,0.0,0.0,20.441419892470158,20.441419892470158,1.0,20.441419892470158,True,True
2024-08-28 18:00:00,58650.0,59510.0,58597.66,59487.0,1479.05702,1.143e-05,30,4.229344197158877,0.0,trending,,904.5170645709829,1.9731236837146708,-1.550189263998783,True,True,903.114891928381,0.4235910660387869,,trending,-15.770655802841123,{},,563.0,BTCUSDT,2024-08-28 18:00:00,BTCUSDT,59487.0,0.02357107674956935,REDUCE_LONG,960.4736857984426,0.0,0.0,0.0,960.4736857984426,0.0,0.0,0.0,4.229344197158877,4.229344197158877,1.0,4.229344197158877,True,True
2024-08-28 19:00:00,59487.0,59849.99,58815.0,58898.85,1583.15619,1.143e-05,30,14.921054463156123,0.0,trending,,899.3325931772504,0.42116687858288704,1.0709385677327252,True,True,898.3694632179978,1.492633026022919,,trending,10.691710265997246,{},,564.0,BTCUSDT,2024-08-28 19:00:00,BTCUSDT,58898.85,0.016352271041838715,LONG,960.4736857984426,0.0,0.0,0.0,960.4736857984426,0.0,0.0,0.0,14.921054463156123,14.921054463156123,1.0,14.921054463156123,True,True
2024-08-28 20:00:00,58898.85,59602.0,58623.01,59312.01,1863.09861,1.143e-05,30,5.394340240347804,0.0,trending,,907.7757774158391,1.4875283943040645,-0.9480943702692841,True,True,906.9151203118045,0.5399459437442939,,trending,-9.52671422280832,{},,565.0,BTCUSDT,2024-08-28 20:00:00,BTCUSDT,59312.01,0.014510671684112202,REDUCE_LONG,960.4736857984426,0.0,0.0,0.0,960.4736857984426,0.0,0.0,0.0,5.394340240347804,5.394340240347804,1.0,5.394340240347804,True,True
2024-08-28 21:00:00,59312.0,59483.88,59077.86,59113.91,754.1254,1.143e-05,30,8.59565841706393,0.0,trending,,905.2795893908403,0.5391147832463229,0.32045105846007016,True,True,904.9894915882176,0.8595208250060747,,trending,3.2013181767161267,{},,566.0,BTCUSDT,2024-08-28 21:00:00,BTCUSDT,59113.91,0.004907437227931505,LONG,960.4736857984426,0.0,0.0,0.0,960.4736857984426,0.0,0.0,0.0,8.59565841706393,8.59565841706393,1.0,8.59565841706393,True,True
2024-08-28 22:00:00,59113.91,59255.41,58844.59,59195.43,706.10295,1.143e-05,30,6.1850324845090405,0.0,trending,,906.0621820644942,0.8596871388376353,-0.24118389038673116,True,True,905.8436544624917,0.618652457457391,,trending,-2.4106259325548898,{},,567.0,BTCUSDT,2024-08-28 22:00:00,BTCUSDT,59195.43,0.0036916296072620034,REDUCE_LONG,960.4736857984426,0.0,0.0,0.0,960.4736857984426,0.0,0.0,0.0,6.1850324845090405,6.1850324845090405,1.0,6.1850324845090405,True,True
2024-08-28 23:00:00,59195.43,59197.14,58989.0,59034.9,388.11354,1.143e-05,30,8.614494615239579,0.0,trending,,904.3239189400298,0.6180115948254649,0.243437866698493,True,True,904.1037722543986,0.8614157248636608,,trending,2.4294621307305384,{},,568.0,BTCUSDT,2024-08-28 23:00:00,BTCUSDT,59034.9,0.0037290939026098416,LONG,960.4736857984426,0.0,0.0,0.0,960.4736857984426,0.0,0.0,0.0,8.614494615239579,8.614494615239579,1.0,8.614494615239579,True,True
2024-08-29 00:00:00,59034.9,59237.0,58917.83,59205.83,631.47104,-9.76e-06,29,4.665876447907165,0.0,trending,,906.3587410548494,0.8617605146279232,-0.3951728698372068,True,True,906.0005726700447,0.46677210046121564,,trending,-3.9486181673324143,{},,569.0,BTCUSDT,2024-08-29 00:00:00,BTCUSDT,59205.83,0.006049545877571222,REDUCE_LONG,960.4736857984426,0.0,0.0,0.0,960.4736857984426,0.0,0.0,0.0,4.665876447907165,4.665876447907165,1.0,4.665876447907165,True,True
2024-08-29 01:00:00,59205.83,59320.0,58878.46,58997.99,624.55418,-9.76e-06,29,7.947798755655715,0.0,trending,,904.5160117566854,0.46589692601733756,0.32888294954823394,True,True,904.2185318628251,0.7947123599610098,,trending,3.28192230774855,{},,570.0,BTCUSDT,2024-08-29 01:00:00,BTCUSDT,58997.99,0.005042203876100589,LONG,960.4736857984426,0.0,0.0,0.0,960.4736857984426,0.0,0.0,0.0,7.947798755655715,7.947798755655715,1.0,7.947798755655715,True,True
2024-08-29 02:00:00,58998.0,59187.5,58919.99,59137.0,607.16247,-9.76e-06,29,4.6417374909969125,0.0,trending,,905.9116692454015,0.7950960399480667,-0.33092229084837543,True,True,905.6118828805086,0.4643274053883861,,trending,-3.306061264658802,{},,571.0,BTCUSDT,2024-08-29 02:00:00,BTCUSDT,59137.0,0.005069353617751392,REDUCE_LONG,960.4736857984426,0.0,0.0,0.0,960.4736857984426,0.0,0.0,0.0,4.6417374909969125,4.6417374909969125,1.0,4.6417374909969125,True,True
2024-08-29 03:00:00,59137.01,59200.0,59032.48,59141.1,325.53359,-9.76e-06,29,4.316563592006722,0.0,trending,,905.6410364003871,0.4643446492421953,-0.03268829004152307,False,,905.6410364003871,0.4643446492421953,,trending,-0.3251738989901902,{},,572.0,BTCUSDT,2024-08-29 03:00:00,,,,,960.4736857984426,0.0,0.0,0.0,960.4736857984426,0.0,0.0,0.0,4.316563592006722,4.316563592006722,1.0,4.316563592006722,True,False
2024-08-29 04:00:00,59141.11,59226.22,59049.79,59197.96,533.50259,-9.76e-06,29,2.959872652393811,0.0,trending,,906.0453459467994,0.4645836776449867,-0.16859641240560563,False,,906.0453459467994,0.4645836776449867,,trending,-1.3566909396129114,{},,573.0,BTCUSDT,2024-08-29 04:00:00,,,,,960.4736857984426,0.0,0.0,0.0,960.4736857984426,0.0,0.0,0.0,2.959872652393811,2.959872652393811,1.0,2.959872652393811,True,False
2024-08-29 05:00:00,59197.96,59460.0,59146.33,59436.17,681.05918,-9.76e-06,29,-2.220404172799804,0.0,trending,,907.7391654517393,0.4655827516571968,-0.6876231689371772,True,True,907.114982970223,-0.22219320247398186,,trending,-5.180276825193615,{},,574.0,BTCUSDT,2024-08-29 05:00:00,BTCUSDT,59436.17,0.003391113240948826,SHORT,960.4736857984426,0.0,0.0,0.0,960.4736857984426,0.0,0.0,0.0,-2.220404172799804,-2.220404172799804,1.0,-2.220404172799804,True,True
2024-08-29 06:00:00,59436.17,59764.0,59370.0,59570.65,1102.14489,-9.76e-06,29,-4.9403493319102605,0.0,trending,,906.6589460615802,-0.22280794874901902,-0.271226984442007,True,True,906.4130356897225,-0.4941689651492483,,trending,-2.7199451591104564,{},,575.0,BTCUSDT,2024-08-29 06:00:00,BTCUSDT,59570.65,0.004128045805403343,SHORT,960.4736857984426,0.0,0.0,0.0,960.4736857984426,0.0,0.0,0.0,-4.9403493319102605,-4.9403493319102605,1.0,-4.9403493319102605,True,True
2024-08-29 07:00:00,59570.65,59685.99,59499.63,59583.88,560.33345,-9.76e-06,29,-4.857361905887575,0.0,trending,,906.3135572155393,-0.49433296760473583,0.00859677701597833,False,,906.3135572155393,-0.49433296760473583,,trending,0.08298742602268572,{},,576.0,BTCUSDT,2024-08-29 07:00:00,,,,,960.4736857984426,0.0,0.0,0.0,960.4736857984426,0.0,0.0,0.0,-4.857361905887575,-4.857361905887575,1.0,-4.857361905887575,True,False
2024-08-29 08:00:00,59583.88,59635.66,59374.0,59551.97,654.01276,-9.76e-06,29,-3.6946285971428834,0.0,trending,,906.5534935807084,-0.4939374643904873,0.12447460467619897,False,,906.5534935807084,-0.4939374643904873,,trending,1.1627333087446914,{},,577.0,BTCUSDT,2024-08-29 08:00:00,,,,,960.4736857984426,0.0,0.0,0.0,960.4736857984426,0.0,0.0,0.0,-3.6946285971428834,-3.6946285971428834,1.0,-3.6946285971428834,True,False
2024-08-29 09:00:00,59551.97,59773.75,59551.2,59586.0,788.63089,-1.644e-05,29,-4.279794602494909,0.0,trending,,906.297616598361,-0.4943592510124567,0.0663797907629658,False,,906.297616598361,-0.4943592510124567,,trending,-0.5851660053520256,{},,578.0,BTCUSDT,2024-08-29 09:00:00,,,,,960.4736857984426,0.0,0.0,0.0,960.4736857984426,0.0,0.0,0.0,-4.279794602494909,-4.279794602494909,1.0,-4.279794602494909,True,False
2024-08-29 10:00:00,59586.0,59841.66,59575.04,59673.01,725.43255,-1.644e-05,29,-6.336212329561011,0.0,trending,,905.643374569738,-0.4954387848061407,-0.1381824481499604,False,,905.643374569738,-0.4954387848061407,,trending,-2.056417727066102,{},,579.0,BTCUSDT,2024-08-29 10:00:00,,,,,960.4736857984426,0.0,0.0,0.0,960.4736857984426,0.0,0.0,0.0,-6.336212329561011,-6.336212329561011,1.0,-6.336212329561011,True,False
2024-08-29 11:00:00,59673.01,60477.0,59614.86,60067.06,1945.68093,-1.644e-05,29,-15.362457064779885,0.0,trending,,902.6804499475229,-0.5003473572658357,-1.035898349212153,True,True,901.7453647595562,-1.537838751101609,,trending,-9.026244735218874,{},,580.0,BTCUSDT,2024-08-29 11:00:00,BTCUSDT,60067.06,0.01556735402010224,SHORT,960.4736857984426,0.0,0.0,0.0,960.4736857984426,0.0,0.0,0.0,-15.362457064779885,-15.362457064779885,1.0,-15.362457064779885,True,True
2024-08-29 12:00:00,60067.06,60498.0,59990.0,60322.0,1495.85159,-1.644e-05,29,-20.0,0.0,trending,,895.8596891183943,-1.5545120046255563,-0.4454879953744437,True,True,895.4605943813522,-2.0008913730867586,,trending,-4.6375429352201145,{},,581.0,BTCUSDT,2024-08-29 12:00:00,BTCUSDT,60322.0,0.0066160726939114385,SHORT,960.4736857984426,0.0,0.0,0.0,960.4736857984426,0.0,0.0,0.0,-22.08615570350579,-22.08615570350579,1.0,-22.08615570350579,True,True
2024-08-29 13:00:00,60321.99,60664.0,60170.01,60626.01,2607.65176,-1.644e-05,29,-20.0,0.0,trending,,886.4307112843433,-2.0314608219346377,0.03146082193463773,False,,886.4307112843433,-2.0314608219346377,,trending,0.0,{},,582.0,BTCUSDT,2024-08-29 13:00:00,,,,,960.4736857984426,0.0,0.0,0.0,960.4736857984426,0.0,0.0,0.0,-24.0,-24.0,1.0,-24.0,True,False
2024-08-29 14:00:00,60626.99,60949.0,60452.0,60814.99,1881.45671,-1.644e-05,29,-20.0,0.0,trending,,880.8175166273495,-2.0507794428377784,0.050779442837778355,False,,880.8175166273495,-2.0507794428377784,,trending,0.0,{},,583.0,BTCUSDT,2024-08-29 14:00:00,,,,,960.4736857984426,0.0,0.0,0.0,960.4736857984426,0.0,0.0,0.0,-24.0,-24.0,1.0,-24.0,True,False
2024-08-29 15:00:00,60815.0,61166.99,60741.93,60779.99,1639.54115,-1.644e-05,29,-20.0,0.0,trending,,881.8571071289623,-2.0471829856502692,0.04718298565026924,False,,881.8571071289623,-2.0471829856502692,,trending,0.0,{},,584.0,BTCUSDT,2024-08-29 15:00:00,,,,,960.4736857984426,0.0,0.0,0.0,960.4736857984426,0.0,0.0,0.0,-24.0,-24.0,1.0,-24.0,True,False
2024-08-29 16:00:00,60779.99,60960.0,60220.22,60295.0,1640.1406,5.59e-06,29,-13.155002901414674,0.0,trending,,896.2625641968821,-1.9982061953307777,0.6827059051893103,True,True,895.6500679554631,-1.3163999037429455,,trending,6.844997098585326,{},,585.0,BTCUSDT,2024-08-29 16:00:00,BTCUSDT,60295.0,0.010148167263907866,REDUCE_SHORT,960.4736857984426,0.0,0.0,0.0,960.4736857984426,0.0,0.0,0.0,-13.155002901414674,-13.155002901414674,1.0,-13.155002901414674,True,True
2024-08-29 17:00:00,60294.99,60585.63,60174.2,60533.0,901.54549,5.59e-06,29,-19.475746156165325,0.0,trending,,890.9961163533062,-1.3284991854854775,-0.619075430131055,True,True,890.4445225493296,-1.9487810580883003,,trending,-6.320743254750651,{},,586.0,BTCUSDT,2024-08-29 17:00:00,BTCUSDT,60533.0,0.009112282622313823,SHORT,960.4736857984426,0.0,0.0,0.0,960.4736857984426,0.0,0.0,0.0,-19.475746156165325,-19.475746156165325,1.0,-19.475746156165325,True,True
2024-08-29 18:00:00,60533.0,60548.99,58915.01,59161.0,2929.66661,5.59e-06,29,20.0,0.0,trending,,929.7752364842845,-1.8240437455620757,3.8240437455620757,True,True,926.218037658075,2.0056734450915434,,trending,39.47574615616533,{},,587.0,BTCUSDT,2024-08-29 18:00:00,BTCUSDT,59161.0,0.031432032470184224,LONG,960.4736857984426,0.0,0.0,0.0,960.4736857984426,0.0,0.0,0.0,22.460188888542476,22.460188888542476,1.0,22.460188888542476,True,True
2024-08-29 19:00:00,59161.01,59703.77,58951.1,59258.0,1701.15398,5.59e-06,29,16.631117859415234,0.0,trending,,929.2638959005333,2.002377138449839,-0.33926535250831535,True,True,928.9486288573174,1.663676213638603,,trending,-3.368882140584766,{},,588.0,BTCUSDT,2024-08-29 19:00:00,BTCUSDT,59258.0,0.005320244409462771,REDUCE_LONG,960.4736857984426,0.0,0.0,0.0,960.4736857984426,0.0,0.0,0.0,16.631117859415234,16.631117859415234,1.0,16.631117859415234,True,True
2024-08-29 20:00:00,59257.99,59529.0,59234.0,59529.0,654.10283,5.59e-06,29,8.068446448203598,0.0,trending,,936.0164053409734,1.6586648536787227,-0.8518202088583628,True,True,935.219087651081,0.8075325173379387,,trending,-8.562671411211635,{},,589.0,BTCUSDT,2024-08-29 20:00:00,BTCUSDT,59529.0,0.013393769253513446,REDUCE_LONG,960.4736857984426,0.0,0.0,0.0,960.4736857984426,0.0,0.0,0.0,8.068446448203598,8.068446448203598,1.0,8.068446448203598,True,True
2024-08-29 21:00:00,59529.0,59638.37,59423.77,59496.0,472.8444,5.59e-06,29,8.358175195965467,0.0,trending,,934.8004302875147,0.8074463193364693,0.028371200260077445,False,,934.8004302875147,0.8074463193364693,,trending,0.28972874776186863,{},,590.0,BTCUSDT,2024-08-29 21:00:00,,,,,960.4736857984426,0.0,0.0,0.0,960.4736857984426,0.0,0.0,0.0,8.358175195965467,8.358175195965467,1.0,8.358175195965467,True,False
2024-08-29 22:00:00,59496.0,59496.01,58713.09,59211.99,1440.49823,5.59e-06,29,14.29020420579554,0.0,trending,,931.1973127776214,0.8067012639879699,0.6223191565915841,True,True,930.6178108513135,1.4292875744608275,,trending,5.932029009830073,{},,591.0,BTCUSDT,2024-08-29 22:00:00,BTCUSDT,59211.99,0.009786901712104574,LONG,960.4736857984426,0.0,0.0,0.0,960.4736857984426,0.0,0.0,0.0,14.29020420579554,14.29020420579554,1.0,14.29020420579554,True,True
2024-08-29 23:00:00,59211.99,59397.0,59145.1,59359.01,476.93556,5.59e-06,29,9.15592315883957,0.0,trending,,933.9204242583593,1.427769489127146,-0.5121771732431889,True,True,933.4420915354286,0.9160615016744015,,trending,-5.134281046955969,{},,592.0,BTCUSDT,2024-08-29 23:00:00,BTCUSDT,59359.01,0.008058300213071716,REDUCE_LONG,960.4736857984426,0.0,0.0,0.0,960.4736857984426,0.0,0.0,0.0,9.15592315883957,9.15592315883957,1.0,9.15592315883957,True,True
2024-08-30 00:00:00,59359.0,59487.64,59132.0,59204.01,594.15049,9.36e-06,34,11.92283729952017,0.0,trending,,931.2092543227595,0.9158602354157523,0.2764234945362647,True,True,930.9518462065353,1.192336896389045,,trending,2.7669141406805995,{},,593.0,BTCUSDT,2024-08-30 00:00:00,BTCUSDT,59204.01,0.004347815565607912,LONG,960.4736857984426,0.0,0.0,0.0,960.4736857984426,0.0,0.0,0.0,11.92283729952017,11.92283729952017,1.0,11.92283729952017,True,True
2024-08-30 01:00:00,59204.01,59300.95,58953.7,59217.0,856.07388,9.36e-06,34,10.434254917750053,0.0,trending,,931.1953940164312,1.1922865919844285,-0.14886110020942334,False,,931.1953940164312,1.1922865919844285,,trending,-1.488582381770117,{},,594.0,BTCUSDT,2024-08-30 01:00:00,,,,,960.4736857984426,0.0,0.0,0.0,960.4736857984426,0.0,0.0,0.0,10.434254917750053,10.434254917750053,1.0,10.434254917750053,True,False
2024-08-30 02:00:00,59217.0,59341.0,59062.52,59202.51,390.61709,9.36e-06,34,9.909153752794603,0.0,trending,,930.9237229028522,1.1923427069069357,-0.20142733162747528,True,True,930.736209421399,0.9911150129318512,,trending,-0.5251011649554496,{},,595.0,BTCUSDT,2024-08-30 02:00:00,BTCUSDT,59202.51,0.0031673231667548674,REDUCE_LONG,960.4736857984426,0.0,0.0,0.0,960.4736857984426,0.0,0.0,0.0,9.909153752794603,9.909153752794603,1.0,9.909153752794603,True,True
2024-08-30 03:00:00,59202.5,59206.0,58899.7,59032.01,902.86149,9.36e-06,34,13.009163213833052,0.0,trending,,928.0795558360126,0.991089579408828,0.30982674197447724,True,True,927.7920119709349,1.3010095822014618,,trending,3.1000094610384483,{},,596.0,BTCUSDT,2024-08-30 03:00:00,BTCUSDT,59032.01,0.004870982117630616,LONG,960.4736857984426,0.0,0.0,0.0,960.4736857984426,0.0,0.0,0.0,13.009163213833052,13.009163213833052,1.0,13.009163213833052,True,True
2024-08-30 04:00:00,59032.0,59156.0,59001.11,59013.01,486.0678,9.36e-06,34,12.36618627435913,0.0,trending,,927.4035064862085,1.301135680359192,-0.06451705292327903,False,,927.4035064862085,1.301135680359192,,trending,-0.6429769394739218,{},,597.0,BTCUSDT,2024-08-30 04:00:00,,,,,960.4736857984426,0.0,0.0,0.0,960.4736857984426,0.0,0.0,0.0,12.36618627435913,12.36618627435913,1.0,12.36618627435913,True,False
2024-08-30 05:00:00,59013.01,59023.85,58685.0,58784.0,1317.81097,9.36e-06,34,16.629082406771364,0.0,trending,,922.7207885358309,1.3026639145481655,0.3602443261289707,True,True,922.3883836071595,1.6631471356701504,,trending,4.262896132412234,{},,598.0,BTCUSDT,2024-08-30 05:00:00,BTCUSDT,58784.0,0.00565468373488165,LONG,960.4736857984426,0.0,0.0,0.0,960.4736857984426,0.0,0.0,0.0,16.629082406771364,16.629082406771364,1.0,16.629082406771364,True,True
2024-08-30 06:00:00,58783.99,59373.0,58705.01,59361.0,1057.28122,9.36e-06,34,0.9677013771906733,0.0,trending,,937.4461715110967,1.6524952932268357,-1.5557251555077685,True,True,935.9877629201425,0.09692092003245688,,trending,-15.66138102958069,{},,599.0,BTCUSDT,2024-08-30 06:00:00,BTCUSDT,59361.0,0.02456846399073909,REDUCE_LONG,960.4736857984426,0.0,0.0,0.0,960.4736857984426,0.0,0.0,0.0,0.9677013771906733,0.9677013771906733,1.0,0.9677013771906733,True,True
2024-08-30 07:00:00,59361.01,59582.86,59226.84,59271.1,1283.14241,9.36e-06,34,3.1313333600025324,0.0,trending,,935.8503757487437,0.09678834383912363,0.2163449921611296,True,True,935.6479092065382,0.3129847036813566,,trending,2.163631982811859,{},,600.0,BTCUSDT,2024-08-30 07:00:00,BTCUSDT,59271.1,0.003415940352133707,LONG,960.4736857984426,0.0,0.0,0.0,960.4736857984426,0.0,0.0,0.0,3.1313333600025324,3.1313333600025324,1.0,3.1313333600025324,True,True
2024-08-30 08:00:00,59271.11,59587.12,59271.0,59445.0,764.08273,3.578e-05,34,-1.4718543312010692,0.0,trending,,936.5071050338523,0.3136150039457381,-0.46080043706584506,True,True,936.0755621505375,-0.14725328749934602,,trending,-4.603187691203601,{},,601.0,BTCUSDT,2024-08-30 08:00:00,BTCUSDT,59445.0,0.0023187854970891588,SHORT,960.4736857984426,0.0,0.0,0.0,960.4736857984426,0.0,0.0,0.0,-1.4718543312010692,-1.4718543312010692,1.0,-1.4718543312010692,True,True
2024-08-30 09:00:00,59445.0,59669.96,59421.1,59580.64,817.94515,3.578e-05,34,-4.857351552929998,0.0,trending,,935.7610420857123,-0.1476388925439319,-0.3380962627490679,True,True,935.4446647745569,-0.4858994360764092,,trending,-3.385497221728929,{},,602.0,BTCUSDT,2024-08-30 09:00:00,BTCUSDT,59580.64,0.005310069028384935,SHORT,960.4736857984426,0.0,0.0,0.0,960.4736857984426,0.0,0.0,0.0,-4.857351552929998,-4.857351552929998,1.0,-4.857351552929998,True,True
2024-08-30 10:00:00,59580.65,59674.42,59426.5,59581.13,651.90723,3.578e-05,34,-4.527653823056006,0.0,trending,,935.4409266358396,-0.4859053739160461,0.03313999161044545,False,,935.4409266358396,-0.4859053739160461,,trending,0.3296977298739918,{},,603.0,BTCUSDT,2024-08-30 10:00:00,,,,,960.4736857984426,0.0,0.0,0.0,960.4736857984426,0.0,0.0,0.0,-4.527653823056006,-4.527653823056006,1.0,-4.527653823056006,True,False
2024-08-30 11:00:00,59581.13,59650.0,59318.0,59396.0,942.6504,3.578e-05,34,0.8063556108829163,0.0,trending,,936.8532564741406,-0.4836653342065493,0.564300895294841,True,True,936.324135765732,0.08060044745452812,,trending,5.334009433938923,{},,604.0,BTCUSDT,2024-08-30 11:00:00,BTCUSDT,59396.0,0.001271864906612996,LONG,960.4736857984426,0.0,0.0,0.0,960.4736857984426,0.0,0.0,0.0,0.8063556108829163,0.8063556108829163,1.0,0.8063556108829163,True,True
2024-08-30 12:00:00,59396.0,59944.07,59375.0,59539.0,1560.98266,3.578e-05,34,-3.149640225259531,0.0,trending,,936.5058305706959,0.08077882341005414,-0.3957428459360072,True,True,936.1352150880703,-0.3150887166313951,,trending,-3.955995836142447,{},,605.0,BTCUSDT,2024-08-30 12:00:00,BTCUSDT,59539.0,0.004954158509809622,SHORT,960.4736857984426,0.0,0.0,0.0,960.4736857984426,0.0,0.0,0.0,-3.149640225259531,-3.149640225259531,1.0,-3.149640225259531,True,True
2024-08-30 13:00:00,59538.99,59668.0,58901.0,59653.0,1636.19787,3.578e-05,34,-5.7237312358215515,0.0,trending,,935.5704410179519,-0.31588259379392114,-0.25649052978823406,True,True,935.330476059881,-0.572519969532455,,trending,-2.5740910105620207,{},,606.0,BTCUSDT,2024-08-30 13:00:00,BTCUSDT,59653.0,0.004022680469899356,SHORT,960.4736857984426,0.0,0.0,0.0,960.4736857984426,0.0,0.0,0.0,-5.7237312358215515,-5.7237312358215515,1.0,-5.7237312358215515,True,True
2024-08-30 14:00:00,59653.0,59830.0,58441.31,58462.89,3132.8117,3.578e-05,34,20.0,0.0,trending,,946.0139018980225,-0.5547613505102712,2.554761350510271,True,True,943.5965368071209,2.003118602350921,,trending,25.723731235821553,{},,607.0,BTCUSDT,2024-08-30 14:00:00,BTCUSDT,58462.89,0.03236288530717597,LONG,960.4736857984426,0.0,0.0,0.0,960.4736857984426,0.0,0.0,0.0,24.0,24.0,1.0,24.0,True,True
2024-08-30 15:00:00,58462.89,58675.01,57946.01,58094.99,4035.99461,3.578e-05,34,20.0,0.0,trending,,931.7021376081152,2.0159247263455926,-0.01592472634559261,False,,931.7021376081152,2.0159247263455926,,trending,0.0,{},,608.0,BTCUSDT,2024-08-30 15:00:00,,,,,960.4736857984426,0.0,0.0,0.0,960.4736857984426,0.0,0.0,0.0,24.0,24.0,1.0,24.0,True,False
2024-08-30 16:00:00,58095.0,58600.0,57701.1,58551.11,2484.7707,2.927e-05,34,17.402561498450183,0.0,trending,,946.4487354951782,2.0000956245030035,-0.2598394746579853,True,True,946.2028107529561,1.7407084546153986,,trending,-2.597438501549817,{},,609.0,BTCUSDT,2024-08-30 16:00:00,BTCUSDT,58551.11,0.004200172161070585,REDUCE_LONG,960.4736857984426,0.0,0.0,0.0,960.4736857984426,0.0,0.0,0.0,17.402561498450183,17.402561498450183,1.0,17.402561498450183,True,True
2024-08-30 17:00:00,58551.1,58811.04,58406.0,58630.91,1172.01387,2.927e-05,34,13.461257018523678,0.0,trending,,948.4476127037681,1.738955333239339,-0.39282963138697125,True,True,948.0750343776797,1.346654707724809,,trending,-3.9413044799265045,{},,610.0,BTCUSDT,2024-08-30 17:00:00,BTCUSDT,58630.91,0.006354640002829123,REDUCE_LONG,960.4736857984426,0.0,0.0,0.0,960.4736857984426,0.0,0.0,0.0,13.461257018523678,13.461257018523678,1.0,13.461257018523678,True,True
2024-08-30 18:00:00,58630.91,59371.0,58625.0,59370.99,1799.51718,2.927e-05,34,-6.171354199156247,0.0,trending,,964.1908020253973,1.3408606193431887,-1.9579960392588134,True,True,962.3029202539418,-0.6183461392070831,,trending,-19.632611217679926,{},,611.0,BTCUSDT,2024-08-30 18:00:00,BTCUSDT,59370.99,0.010022340801235192,SHORT,960.4736857984426,0.0,0.0,0.0,960.4736857984426,0.0,0.0,0.0,-6.171354199156247,-6.171354199156247,1.0,-6.171354199156247,True,True
2024-08-30 19:00:00,59371.0,59371.0,58700.01,58700.02,961.28426,2.927e-05,34,10.63611695918961,0.0,trending,,969.0276102613466,-0.6071154209121598,1.6707271168311206,True,True,967.4080406554187,1.0643269309037853,,trending,16.80747115834586,{},,612.0,BTCUSDT,2024-08-30 19:00:00,BTCUSDT,58700.02,0.017558241035392642,LONG,960.4736857984426,0.0,0.0,0.0,960.4736857984426,0.0,0.0,0.0,10.63611695918961,10.63611695918961,1.0,10.63611695918961,True,True
2024-08-30 20:00:00,58700.02,59048.0,58700.0,59048.0,529.06241,2.927e-05,34,1.3321095719725742,0.0,trending,,973.5118474541994,1.0639236084796957,-0.9307126512824383,True,True,972.6057876616003,0.1333350538187059,,trending,-9.304007387217037,{},,613.0,BTCUSDT,2024-08-30 20:00:00,BTCUSDT,59048.0,0.015344462007163029,REDUCE_LONG,960.4736857984426,0.0,0.0,0.0,960.4736857984426,0.0,0.0,0.0,1.3321095719725742,1.3321095719725742,1.0,1.3321095719725742,True,True
2024-08-30 21:00:00,59048.0,59155.0,58975.4,59055.99,402.27734,2.927e-05,34,1.0318012110113186,0.0,trending,,972.62333546569,0.13335068995052837,-0.030170568849396506,False,,972.62333546569,0.13335068995052837,,trending,-0.30030836096125557,{},,614.0,BTCUSDT,2024-08-30 21:00:00,,,,,960.4736857984426,0.0,0.0,0.0,960.4736857984426,0.0,0.0,0.0,1.0318012110113186,1.0318012110113186,1.0,1.0318012110113186,True,False
2024-08-30 22:00:00,59056.0,59298.89,59051.1,59237.5,458.92411,2.927e-05,34,-3.4786145982482903,0.0,trending,,973.0219715007736,0.13370574631604212,-0.4815672061408711,True,True,972.5533960284444,-0.34802905920652694,,trending,-4.510415809259609,{},,615.0,BTCUSDT,2024-08-30 22:00:00,BTCUSDT,59237.5,0.005713894803931501,SHORT,960.4736857984426,0.0,0.0,0.0,960.4736857984426,0.0,0.0,0.0,-3.4786145982482903,-3.4786145982482903,1.0,-3.4786145982482903,True,True
2024-08-30 23:00:00,59237.5,59275.78,59088.01,59123.99,280.89438,2.927e-05,34,-0.390980223911164,0.0,trending,,973.2019802276386,-0.34713067391177904,0.3080326515206626,True,True,972.9019021631394,-0.039110081632504186,,trending,3.087634374337126,{},,616.0,BTCUSDT,2024-08-30 23:00:00,BTCUSDT,59123.99,0.005070327398991155,REDUCE_SHORT,960.4736857984426,0.0,0.0,0.0,960.4736857984426,0.0,0.0,0.0,-0.390980223911164,-0.390980223911164,1.0,-0.390980223911164,True,True
2024-08-31 00:00:00,59123.99,59462.38,59070.4,59246.01,963.75214,-1.749e-05,29,-3.2783381640580234,0.0,trending,,972.8233740683886,-0.03919396051239347,-0.28863985589340885,True,True,972.5425784698875,-0.3279284696320204,,trending,-2.887357940146859,{},,617.0,BTCUSDT,2024-08-31 00:00:00,BTCUSDT,59246.01,0.004739485384768349,SHORT,960.4736857984426,0.0,0.0,0.0,960.4736857984426,0.0,0.0,0.0,-3.2783381640580234,-3.2783381640580234,1.0,-3.2783381640580234,True,True
2024-08-31 01:00:00,59246.0,59335.0,59180.94,59285.0,240.32843,-1.749e-05,29,-3.976510456971696,0.0,trending,,972.3326932416169,-0.32821511284777677,-0.06943593284939281,False,,972.3326932416169,-0.32821511284777677,,trending,-0.6981722929136724,{},,618.0,BTCUSDT,2024-08-31 01:00:00,,,,,960.4736857984426,0.0,0.0,0.0,960.4736857984426,0.0,0.0,0.0,-3.976510456971696,-3.976510456971696,1.0,-3.976510456971696,True,False
2024-08-31 02:00:00,59285.0,59293.0,59119.01,59196.5,240.22348,-1.749e-05,29,-1.506173382429576,0.0,trending,,972.8090934135062,-0.32756466466390316,0.17694732642094557,False,,972.8090934135062,-0.32756466466390316,,trending,2.47033707454212,{},,619.0,BTCUSDT,2024-08-31 02:00:00,,,,,960.4736857984426,0.0,0.0,0.0,960.4736857984426,0.0,0.0,0.0,-1.506173382429576,-1.506173382429576,1.0,-1.506173382429576,True,False
2024-08-31 03:00:00,59196.5,59254.0,59129.33,59232.01,203.50087,-1.749e-05,29,-2.335920075840556,0.0,trending,,972.6179412089435,-0.3278255758620191,0.09423356827796353,False,,972.6179412089435,-0.3278255758620191,,trending,-0.8297466934109798,{},,620.0,BTCUSDT,2024-08-31 03:00:00,,,,,960.4736857984426,0.0,0.0,0.0,960.4736857984426,0.0,0.0,0.0,-2.335920075840556,-2.335920075840556,1.0,-2.335920075840556,True,False
2024-08-31 04:00:00,59232.01,59350.0,59215.0,59350.0,242.60313,-1.749e-05,29,-5.338261774930329,0.0,trending,,971.9827948102859,-0.328693249278727,-0.20513292821430584,True,True,971.7834091334124,-0.5339357052877368,,trending,-3.002341699089773,{},,621.0,BTCUSDT,2024-08-31 04:00:00,BTCUSDT,59350.0,0.0033594890795848142,SHORT,960.4736857984426,0.0,0.0,0.0,960.4736857984426,0.0,0.0,0.0,-5.338261774930329,-5.338261774930329,1.0,-5.338261774930329,True,True
2024-08-31 05:00:00,59350.0,59350.0,59211.88,59212.0,326.53818,-1.749e-05,29,-1.1220808817029888,0.0,trending,,972.9898799113749,-0.5320336828290124,0.41982559465871355,True,True,972.5809849614943,-0.11225526297763933,,trending,4.216180893227341,{},,622.0,BTCUSDT,2024-08-31 05:00:00,BTCUSDT,59212.0,0.006898703893310533,REDUCE_SHORT,960.4736857984426,0.0,0.0,0.0,960.4736857984426,0.0,0.0,0.0,-1.1220808817029888,-1.1220808817029888,1.0,-1.1220808817029888,True,True
2024-08-31 06:00:00,59212.01,59264.95,59151.8,59154.01,282.17292,-1.749e-05,29,0.5770956640641233,0.0,trending,,972.6879091257216,-0.11213299666458507,0.16984256307099738,False,,972.6879091257216,-0.11213299666458507,,trending,1.699176545767112,{},,623.0,BTCUSDT,2024-08-31 06:00:00,,,,,960.4736857984426,0.0,0.0,0.0,960.4736857984426,0.0,0.0,0.0,0.5770956640641233,0.5770956640641233,1.0,0.5770956640641233,True,False
2024-08-31 07:00:00,59154.02,59188.99,59043.12,59095.0,379.35638,-1.749e-05,29,2.2056385815955775,0.0,trending,,972.7967140046844,-0.11200860737096334,0.3325724655305211,True,True,972.473079532372,0.22041662351459668,,trending,1.6285429175314543,{},,624.0,BTCUSDT,2024-08-31 07:00:00,BTCUSDT,59095.0,0.003630828267126036,LONG,960.4736857984426,0.0,0.0,0.0,960.4736857984426,0.0,0.0,0.0,2.2056385815955775,2.2056385815955775,1.0,2.2056385815955775,True,True
2024-08-31 08:00:00,59095.01,59130.0,58981.1,58985.01,314.66099,3.578e-05,29,5.377588293944515,0.0,trending,,972.074124086072,0.2200966694841504,0.3176621599103011,True,True,971.7653329202218,0.5376119462065668,,trending,3.1719497123489377,{},,625.0,BTCUSDT,2024-08-31 08:00:00,BTCUSDT,58985.01,0.0052350786386252315,LONG,960.4736857984426,0.0,0.0,0.0,960.4736857984426,0.0,0.0,0.0,5.377588293944515,5.377588293944515,1.0,5.377588293944515,True,True
2024-08-31 09:00:00,58985.01,59023.0,58831.88,58905.01,523.53629,3.578e-05,29,7.8052632641281985,0.0,trending,,971.0567696403142,0.5372745496647484,0.2432517767480714,True,True,970.8205583557759,0.7804729260620402,,trending,2.4276749701836833,{},,626.0,BTCUSDT,2024-08-31 09:00:00,BTCUSDT,58905.01,0.0040100372538473235,LONG,960.4736857984426,0.0,0.0,0.0,960.4736857984426,0.0,0.0,0.0,7.8052632641281985,7.8052632641281985,1.0,7.8052632641281985,True,True
2024-08-31 10:00:00,58905.01,59170.4,58872.0,59136.99,384.10867,3.578e-05,29,-0.44705989441409194,0.0,trending,,973.8045329203934,0.7811456105513096,-0.8258515999927188,True,True,973.0003148888009,-0.044742940470385045,,trending,-8.252323158542291,{},,627.0,BTCUSDT,2024-08-31 10:00:00,BTCUSDT,59136.99,0.0007361702915000498,SHORT,960.4736857984426,0.0,0.0,0.0,960.4736857984426,0.0,0.0,0.0,-0.44705989441409194,-0.44705989441409194,1.0,-0.44705989441409194,True,True
2024-08-31 11:00:00,59136.99,59188.9,59103.54,59120.99,181.78193,3.578e-05,29,0.21784336298647422,0.0,trending,,973.0120936134648,-0.044730293413353356,0.06651462971200078,False,,973.0120936134648,-0.044730293413353356,,trending,0.6649032574005662,{},,628.0,BTCUSDT,2024-08-31 11:00:00,,,,,960.4736857984426,0.0,0.0,0.0,960.4736857984426,0.0,0.0,0.0,0.21784336298647422,0.21784336298647422,1.0,0.21784336298647422,True,False
2024-08-31 12:00:00,59120.99,59244.04,59071.1,59192.26,383.94179,3.578e-05,29,-3.1737397766403825,0.0,trending,,972.9596267567896,-0.04478663050387733,-0.2725873471601609,True,True,972.6944102732381,-0.31746051338320946,,trending,-3.3915831396268565,{},,629.0,BTCUSDT,2024-08-31 12:00:00,BTCUSDT,59192.26,0.004480593975488917,SHORT,960.4736857984426,0.0,0.0,0.0,960.4736857984426,0.0,0.0,0.0,-3.1737397766403825,-3.1737397766403825,1.0,-3.1737397766403825,True,True
2024-08-31 13:00:00,59192.26,59244.04,58929.96,58954.99,375.75966,3.578e-05,29,8.599397648073042,0.0,trending,,973.9321919308666,-0.31578613761903784,1.175725902426342,True,True,972.7868067634594,0.8600913285727476,,trending,11.773137424713426,{},,630.0,BTCUSDT,2024-08-31 13:00:00,BTCUSDT,58954.99,0.014206143026523992,LONG,960.4736857984426,0.0,0.0,0.0,960.4736857984426,0.0,0.0,0.0,8.599397648073042,8.599397648073042,1.0,8.599397648073042,True,True
2024-08-31 14:00:00,58955.0,59170.11,58892.15,59126.0,491.93631,3.578e-05,29,-0.5796156553545223,0.0,trending,,975.2137698899063,0.8604395119117323,-0.9184010774471845,True,True,974.318132512898,-0.058014846432924164,,trending,-9.179013303427565,{},,631.0,BTCUSDT,2024-08-31 14:00:00,BTCUSDT,59126.0,0.0009560077941100233,SHORT,960.4736857984426,0.0,0.0,0.0,960.4736857984426,0.0,0.0,0.0,-0.5796156553545223,-0.5796156553545223,1.0,-0.5796156553545223,True,True
2024-08-31 15:00:00,59126.01,59155.0,58954.81,59006.54,523.34825,3.578e-05,29,6.56805435445103,0.0,trending,,974.4323372039825,-0.05789084576701208,0.7146962812121151,True,True,973.7358575691106,0.6566179504672528,,trending,7.147670009805553,{},,632.0,BTCUSDT,2024-08-31 15:00:00,BTCUSDT,59006.54,0.010846466434890966,LONG,960.4736857984426,0.0,0.0,0.0,960.4736857984426,0.0,0.0,0.0,6.56805435445103,6.56805435445103,1.0,6.56805435445103,True,True
2024-08-31 16:00:00,59006.54,59032.12,58854.0,58971.55,341.62388,3.8e-05,29,8.391703018116207,0.0,trending,,973.3567192264144,0.6564841975495403,0.18268610426208032,False,,973.3567192264144,0.6564841975495403,,trending,1.8236486636651765,{},,633.0,BTCUSDT,2024-08-31 16:00:00,,,,,960.4736857984426,0.0,0.0,0.0,960.4736857984426,0.0,0.0,0.0,8.391703018116207,8.391703018116207,1.0,8.391703018116207,True,False
2024-08-31 17:00:00,58971.55,59034.84,58744.0,59013.16,481.82306,3.8e-05,29,4.8511891296481355,0.0,trending,,973.8075893733018,0.6566432443900037,-0.17152433142519008,False,,973.8075893733018,0.6566432443900037,,trending,-3.5405138884680714,{},,634.0,BTCUSDT,2024-08-31 17:00:00,,,,,960.4736857984426,0.0,0.0,0.0,960.4736857984426,0.0,0.0,0.0,4.8511891296481355,4.8511891296481355,1.0,4.8511891296481355,True,False
2024-08-31 18:00:00,59013.17,59140.01,58868.22,58920.52,536.82943,3.8e-05,29,9.958568108935639,0.0,trending,,972.803777539424,0.6562889431604227,0.3395678677331412,True,True,972.4734446349621,0.9958554035217753,,trending,5.107378979287503,{},,635.0,BTCUSDT,2024-08-31 18:00:00,BTCUSDT,58920.52,0.00560641529405727,LONG,960.4736857984426,0.0,0.0,0.0,960.4736857984426,0.0,0.0,0.0,9.958568108935639,9.958568108935639,1.0,9.958568108935639,True,True
2024-08-31 19:00:00,58920.53,58941.29,58823.73,58856.0,276.99153,3.8e-05,29,13.138297868558473,0.0,trending,,971.4129662457397,0.9958508789218882,0.3179789079339591,True,True,971.1040774115797,1.3139296098503557,,trending,3.179729759622834,{},,636.0,BTCUSDT,2024-08-31 19:00:00,BTCUSDT,58856.0,0.0052482131670468285,LONG,960.4736857984426,0.0,0.0,0.0,960.4736857984426,0.0,0.0,0.0,13.138297868558473,13.138297868558473,1.0,13.138297868558473,True,True
2024-08-31 20:00:00,58856.0,58971.56,58763.29,58951.08,262.63261,3.8e-05,29,6.33783202035313,0.0,trending,,973.1653541741885,1.3132646706320577,-0.6794814685967446,True,True,972.5041063501465,0.6342141387897428,,trending,-6.800465848205342,{},,637.0,BTCUSDT,2024-08-31 20:00:00,BTCUSDT,58951.08,0.011216890751479849,REDUCE_LONG,960.4736857984426,0.0,0.0,0.0,960.4736857984426,0.0,0.0,0.0,6.33783202035313,6.33783202035313,1.0,6.33783202035313,True,True
2024-08-31 21:00:00,58951.09,59130.0,58900.0,59061.01,354.03407,3.8e-05,29,-1.3296913654733076,0.0,trending,,973.6542493103912,0.634646228552126,-0.7676153650994568,True,True,972.9068573483263,-0.13307128410966682,,trending,-7.667523385826438,{},,638.0,BTCUSDT,2024-08-31 21:00:00,BTCUSDT,59061.01,0.002192071636201992,SHORT,960.4736857984426,0.0,0.0,0.0,960.4736857984426,0.0,0.0,0.0,-1.3296913654733076,-1.3296913654733076,1.0,-1.3296913654733076,True,True
2024-08-31 22:00:00,59061.0,59141.72,59006.0,59024.0,203.35984,3.8e-05,29,1.1482468285190792,0.0,trending,,972.9879859195821,-0.13297680765595812,0.24780149050786604,True,True,972.7467485320744,0.11473830576504934,,trending,2.4779381939923866,{},,639.0,BTCUSDT,2024-08-31 22:00:00,BTCUSDT,59024.0,0.0018928408257985337,LONG,960.4736857984426,0.0,0.0,0.0,960.4736857984426,0.0,0.0,0.0,1.1482468285190792,1.1482468285190792,1.0,1.1482468285190792,True,True
2024-08-31 23:00:00,59023.99,59056.0,58927.0,58973.99,283.56516,3.8e-05,29,4.227721986441378,0.0,trending,,972.6521822233459,0.11465223601451306,0.30811996262962477,True,True,972.3524886693076,0.422594288417863,,trending,3.0794751579222988,{},,640.0,BTCUSDT,2024-08-31 23:00:00,BTCUSDT,58973.99,0.0050817920584698495,LONG,960.4736857984426,0.0,0.0,0.0,960.4736857984426,0.0,0.0,0.0,4.227721986441378,4.227721986441378,1.0,4.227721986441378,True,True
2024-09-01 00:00:00,58974.0,59076.59,58900.0,58930.0,289.12701,4.113e-05,26,6.558980849607142,0.0,trending,,972.0459813828293,0.42241221981077676,0.23348586514993747,True,True,971.8190223859006,0.6558177232640613,,trending,2.331258863165764,{},,641.0,BTCUSDT,2024-09-01 00:00:00,BTCUSDT,58930.0,0.003851332036801118,LONG,960.4736857984426,0.0,0.0,0.0,960.4736857984426,0.0,0.0,0.0,6.558980849607142,6.558980849607142,1.0,6.558980849607142,True,True
2024-09-01 01:00:00,58929.99,58957.0,58819.78,58828.01,330.21542,4.113e-05,26,12.372175530208269,0.0,trending,,970.7159863637629,0.6554266248843558,0.5817909281364712,True,True,970.1512326090997,1.23735564438147,,trending,5.813194680601127,{},,642.0,BTCUSDT,2024-09-01 01:00:00,BTCUSDT,58828.01,0.009600082590988268,LONG,960.4736857984426,0.0,0.0,0.0,960.4736857984426,0.0,0.0,0.0,12.372175530208269,12.372175530208269,1.0,12.372175530208269,True,True
2024-09-01 02:00:00,58828.0,58851.65,58276.01,58540.25,1256.77642,4.113e-05,26,20.0,0.0,trending,,964.2793109764618,1.2388010074904856,0.7611989925095144,True,True,963.545302536449,2.0007617788578083,,trending,7.627824469791731,{},,643.0,BTCUSDT,2024-09-01 02:00:00,BTCUSDT,58540.25,0.012538525886258624,LONG,960.4736857984426,0.0,0.0,0.0,960.4736857984426,0.0,0.0,0.0,24.0,24.0,1.0,24.0,True,True
2024-09-01 03:00:00,58540.25,58672.01,58399.01,58524.21,437.88318,4.113e-05,26,20.0,0.0,trending,,963.0170795308971,2.001310705149881,-0.001310705149880853,False,,963.0170795308971,2.001310705149881,,trending,0.0,{},,644.0,BTCUSDT,2024-09-01 03:00:00,,,,,960.4736857984426,0.0,0.0,0.0,960.4736857984426,0.0,0.0,0.0,23.88672621526648,23.88672621526648,1.0,23.88672621526648,True,False
2024-09-01 04:00:00,58524.21,58599.98,58355.0,58442.0,359.59086,4.113e-05,26,20.0,0.0,trending,,960.3097719694007,2.004133602638366,-0.004133602638365819,False,,960.3097719694007,2.004133602638366,,trending,0.0,{},,645.0,BTCUSDT,2024-09-01 04:00:00,,,,,960.4736857984426,0.0,0.0,0.0,960.4736857984426,0.0,0.0,0.0,24.0,24.0,1.0,24.0,True,False
2024-09-01 05:00:00,58442.01,58468.0,57777.0,57986.0,2028.37,4.113e-05,26,20.0,0.0,trending,,945.2929583452379,2.020085151871289,-0.020085151871288787,False,,945.2929583452379,2.020085151871289,,trending,0.0,{},,646.0,BTCUSDT,2024-09-01 05:00:00,,,,,960.4736857984426,0.0,0.0,0.0,960.4736857984426,0.0,0.0,0.0,24.0,24.0,1.0,24.0,True,False
2024-09-01 06:00:00,57986.0,58298.0,57952.0,58201.1,470.79448,4.113e-05,26,20.0,0.0,trending,,952.376547403478,2.0124979595575248,-0.012497959557524752,False,,952.376547403478,2.0124979595575248,,trending,0.0,{},,647.0,BTCUSDT,2024-09-01 06:00:00,,,,,960.4736857984426,0.0,0.0,0.0,960.4736857984426,0.0,0.0,0.0,24.0,24.0,1.0,24.0,True,False
2024-09-01 07:00:00,58201.11,58500.0,58131.12,58478.64,507.40659,4.113e-05,26,11.510984550811651,0.0,trending,,961.5163861167456,2.002873507825358,-0.8517750527441927,True,True,960.6973904462468,1.1520797678862218,,trending,-8.489015449188349,{},,648.0,BTCUSDT,2024-09-01 07:00:00,BTCUSDT,58478.64,0.014005039626417382,REDUCE_LONG,960.4736857984426,0.0,0.0,0.0,960.4736857984426,0.0,0.0,0.0,11.510984550811651,11.510984550811651,1.0,11.510984550811651,True,True
2024-09-01 08:00:00,58478.64,58504.81,58200.51,58233.99,388.37704,4.113e-05,26,20.0,0.0,trending,,956.0670052918335,1.1528163144834889,0.8471836855165111,True,True,955.2570409226897,2.0008479020142698,,trending,8.489015449188349,{},,649.0,BTCUSDT,2024-09-01 08:00:00,BTCUSDT,58233.99,0.013908790538719214,LONG,960.4736857984426,0.0,0.0,0.0,960.4736857984426,0.0,0.0,0.0,20.95337993111206,20.95337993111206,1.0,20.95337993111206,True,True
2024-09-01 09:00:00,58234.0,58400.0,58126.98,58205.0,479.13526,-3.432e-05,26,20.0,0.0,trending,,954.3055470597454,2.001845801103761,-0.00184580110376098,False,,954.3055470597454,2.001845801103761,,trending,0.0,{},,650.0,BTCUSDT,2024-09-01 09:00:00,,,,,960.4736857984426,0.0,0.0,0.0,960.4736857984426,0.0,0.0,0.0,20.38925760262572,20.38925760262572,1.0,20.38925760262572,True,False
2024-09-01 10:00:00,58205.0,58222.0,57896.01,57931.0,715.76724,-3.432e-05,26,20.0,0.0,trending,,945.3124695003547,2.011376699386144,-0.01137669938614394,False,,945.3124695003547,2.011376699386144,,trending,0.0,{},,651.0,BTCUSDT,2024-09-01 10:00:00,,,,,960.4736857984426,0.0,0.0,0.0,960.4736857984426,0.0,0.0,0.0,24.0,24.0,1.0,24.0,True,False
2024-09-01 11:00:00,57931.0,58250.21,57840.0,58240.52,937.31779,-3.432e-05,26,13.319842013403598,0.0,trending,,955.4713649973716,2.000623399419682,-0.668639198079322,True,True,954.8324993900917,1.3328754140883754,,trending,-6.680157986596402,{},,652.0,BTCUSDT,2024-09-01 11:00:00,BTCUSDT,58240.52,0.010969435150640788,REDUCE_LONG,960.4736857984426,0.0,0.0,0.0,960.4736857984426,0.0,0.0,0.0,13.319842013403598,13.319842013403598,1.0,13.319842013403598,True,True
2024-09-01 12:00:00,58240.51,58320.15,57912.3,58020.0,632.17288,-3.432e-05,26,20.0,0.0,trending,,950.0136928667491,1.3345638762957244,0.6654361237042756,True,True,949.3815194375018,2.000665879223794,,trending,6.680157986596402,{},,653.0,BTCUSDT,2024-09-01 12:00:00,BTCUSDT,58020.0,0.0108957847164294,LONG,960.4736857984426,0.0,0.0,0.0,960.4736857984426,0.0,0.0,0.0,20.574008967658457,20.574008967658457,1.0,20.574008967658457,True,True
2024-09-01 13:00:00,58020.01,58215.0,57710.0,58175.01,1244.45581,-3.432e-05,26,11.865459922359278,0.0,trending,,954.456067039351,1.9953456483477738,-0.808799656111846,True,True,953.6841033005554,1.187506447041926,,trending,-8.134540077640722,{},,654.0,BTCUSDT,2024-09-01 13:00:00,BTCUSDT,58175.01,0.01326967952038671,REDUCE_LONG,960.4736857984426,0.0,0.0,0.0,960.4736857984426,0.0,0.0,0.0,11.865459922359278,11.865459922359278,1.0,11.865459922359278,True,True
2024-09-01 14:00:00,58175.0,58179.0,57201.0,57879.99,2863.1599,-3.432e-05,26,20.0,0.0,trending,,947.9408825198781,1.1886424787745162,0.8113575212254838,True,True,947.1717635551682,2.000812016356804,,trending,8.134540077640722,{},,655.0,BTCUSDT,2024-09-01 14:00:00,BTCUSDT,57879.99,0.013288166855412824,LONG,960.4736857984426,0.0,0.0,0.0,960.4736857984426,0.0,0.0,0.0,20.0357716786654,20.0357716786654,1.0,20.0357716786654,True,True
2024-09-01 15:00:00,57879.99,58360.38,57714.35,58217.0,1171.60774,-3.432e-05,26,5.78961666115604,0.0,trending,,958.2061799891336,1.9892869638250799,-1.410325297709476,True,True,956.8547975730735,0.5797793435909597,,trending,-14.210383338843961,{},,656.0,BTCUSDT,2024-09-01 15:00:00,BTCUSDT,58217.0,0.023212848756552804,REDUCE_LONG,960.4736857984426,0.0,0.0,0.0,960.4736857984426,0.0,0.0,0.0,5.78961666115604,5.78961666115604,1.0,5.78961666115604,True,True
2024-09-01 16:00:00,58217.0,58350.0,58090.01,58132.06,522.62561,-3.82e-06,26,7.964214682700289,0.0,trending,,956.0453826415352,0.5794235729549482,0.21699789531508074,True,True,955.8379228056763,0.796377282568908,,trending,2.1745980215442495,{},,657.0,BTCUSDT,2024-09-01 16:00:00,BTCUSDT,58132.06,0.0035687680061383367,LONG,960.4736857984426,0.0,0.0,0.0,960.4736857984426,0.0,0.0,0.0,7.964214682700289,7.964214682700289,1.0,7.964214682700289,True,True
2024-09-01 17:00:00,58132.07,58201.0,57864.3,58127.98,571.34425,-3.82e-06,26,7.234359565119971,0.0,trending,,955.7844974318161,0.7963659006937736,-0.07292994418177645,False,,955.7844974318161,0.7963659006937736,,trending,-0.7298551175803185,{},,658.0,BTCUSDT,2024-09-01 17:00:00,,,,,960.4736857984426,0.0,0.0,0.0,960.4736857984426,0.0,0.0,0.0,7.234359565119971,7.234359565119971,1.0,7.234359565119971,True,False
2024-09-01 18:00:00,58127.98,58788.93,58122.0,58541.1,942.52521,-3.82e-06,26,-6.258268962225508,0.0,trending,,961.1940784242503,0.7975119493198994,-1.4233388455424503,True,True,959.8259735543238,-0.6267189296203162,,trending,-13.49262852734548,{},,659.0,BTCUSDT,2024-09-01 18:00:00,BTCUSDT,58541.1,0.0102755347399988,SHORT,960.4736857984426,0.0,0.0,0.0,960.4736857984426,0.0,0.0,0.0,-6.258268962225508,-6.258268962225508,1.0,-6.258268962225508,True,True
2024-09-01 19:00:00,58541.11,58775.0,58292.0,58514.0,632.24922,-3.82e-06,26,-4.646486898375377,0.0,trending,,960.1044405457777,-0.6262471189431205,0.16159842910558275,False,,960.1044405457777,-0.6262471189431205,,trending,1.6117820638501312,{},,660.0,BTCUSDT,2024-09-01 19:00:00,,,,,960.4736857984426,0.0,0.0,0.0,960.4736857984426,0.0,0.0,0.0,-4.646486898375377,-4.646486898375377,1.0,-4.646486898375377,True,False
2024-09-01 20:00:00,58514.01,58656.77,58381.1,58431.1,334.87245,-3.82e-06,26,-1.8045266951388363,0.0,trending,,960.9562823757237,-0.6248055285740767,0.44435285906019306,True,True,960.5288512731155,-0.18053297015596925,,trending,2.8419602032365407,{},,661.0,BTCUSDT,2024-09-01 20:00:00,BTCUSDT,58431.1,0.007307815042083874,REDUCE_SHORT,960.4736857984426,0.0,0.0,0.0,960.4736857984426,0.0,0.0,0.0,-1.8045266951388363,-1.8045266951388363,1.0,-1.8045266951388363,True,True
2024-09-01 21:00:00,58431.1,58431.1,58093.57,58351.11,337.4805,-3.82e-06,26,0.6207021114278767,0.0,trending,,960.7662391717517,-0.1802412818871374,0.24231149302992505,True,True,960.5332611268036,0.06202318105157595,,trending,2.425228806566713,{},,662.0,BTCUSDT,2024-09-01 21:00:00,BTCUSDT,58351.11,0.001022002209113977,LONG,960.4736857984426,0.0,0.0,0.0,960.4736857984426,0.0,0.0,0.0,0.6207021114278767,0.6207021114278767,1.0,0.6207021114278767,True,True
2024-09-01 21:00:00,58431.1,58431.1,58093.57,58351.11,337.4805,-3.82e-06,26,,,,,960.5332611268036,0.06202318105157595,-0.06202318105157595,,True,960.4736857984426,0.0,,,,,,,,,BTCUSDT,58351.11,0.001020980206904863,CLOSE,960.4736857984426,0.0,0.0,0.0,960.4736857984426,0.0,0.0,0.0,,,,,,
