timestamp,open,high,low,close,volume,funding_rate,fear_greed,forecast,confidence,regime,strategy,total_portfolio_value,previous_allocation,allocation_change,approved_rebalance,succcess_execute_portfolio_rebalance,postRebalance_total_value,postRebalance_current_allocation,debug_info.error,debug_info.regime,debug_info.forecast_delta,debug_info.regime_scores,debug_info.regime_margin,debug_info.bars_in_regime,debug_approve_allocation_change.symbol,debug_approve_allocation_change.time,debug_execute_portfolio_rebalance.symbol,debug_execute_portfolio_rebalance.price,debug_execute_portfolio_rebalance.quantity,debug_execute_portfolio_rebalance.trade_type,balances.USDT.free,balances.USDT.locked,balances.ETHUSDT.free,balances.ETHUSDT.locked,postRebalance_balances.USDT.free,postRebalance_balances.USDT.locked,postRebalance_balances.ETHUSDT.free,postRebalance_balances.ETHUSDT.locked,debug_info.components.rsi_momentum.last_history_value,debug_info.components.rsi_momentum.post_pipeline_value,debug_info.components.rsi_momentum.weight_normalized,debug_info.components.rsi_momentum.weighted_contribution,debug_approve_allocation_change.controls.max_allocation_change.passed,debug_approve_allocation_change.controls.min_allocation_change.passed
2024-11-01 00:00:00,2518.61,2533.25,2517.21,2524.61,9848.7794,0.0001,75,0.0,0.0,NOT_READY,,1000.0,0.0,0.0,,,1000.0,0.0,Strategy not ready,,,,,,,,,,,,998.5063762939162,0.0,0.0,0.0,998.5063762939162,0.0,0.0,0.0,,,,,,
2024-11-01 01:00:00,2524.6,2530.79,2495.42,2501.51,26614.1728,0.0001,75,0.0,0.0,NOT_READY,,1000.0,0.0,0.0,,,1000.0,0.0,Strategy not ready,,,,,,,,,,,,998.5063762939162,0.0,0.0,0.0,998.5063762939162,0.0,0.0,0.0,,,,,,
2024-11-01 02:00:00,2501.5,2512.63,2467.67,2510.01,40134.1753,0.0001,75,0.0,0.0,NOT_READY,,1000.0,0.0,0.0,,,1000.0,0.0,Strategy not ready,,,,,,,,,,,,998.5063762939162,0.0,0.0,0.0,998.5063762939162,0.0,0.0,0.0,,,,,,
2024-11-01 03:00:00,2510.01,2519.84,2498.32,2503.2,10094.2052,0.0001,75,0.0,0.0,NOT_READY,,1000.0,0.0,0.0,,,1000.0,0.0,Strategy not ready,,,,,,,,,,,,998.5063762939162,0.0,0.0,0.0,998.5063762939162,0.0,0.0,0.0,,,,,,
2024-11-01 04:00:00,2503.2,2516.2,2501.5,2513.35,5239.7244,0.0001,75,0.0,0.0,NOT_READY,,1000.0,0.0,0.0,,,1000.0,0.0,Strategy not ready,,,,,,,,,,,,998.5063762939162,0.0,0.0,0.0,998.5063762939162,0.0,0.0,0.0,,,,,,
2024-11-01 05:00:00,2513.36,2515.0,2507.6,2510.29,7313.1269,0.0001,75,0.0,0.0,NOT_READY,,1000.0,0.0,0.0,,,1000.0,0.0,Strategy not ready,,,,,,,,,,,,998.5063762939162,0.0,0.0,0.0,998.5063762939162,0.0,0.0,0.0,,,,,,
2024-11-01 06:00:00,2510.29,2513.4,2500.11,2500.4,11657.4784,0.0001,75,0.0,0.0,NOT_READY,,1000.0,0.0,0.0,,,1000.0,0.0,Strategy not ready,,,,,,,,,,,,998.5063762939162,0.0,0.0,0.0,998.5063762939162,0.0,0.0,0.0,,,,,,
2024-11-01 07:00:00,2500.39,2507.9,2485.35,2504.12,19518.0045,0.0001,75,0.0,0.0,NOT_READY,,1000.0,0.0,0.0,,,1000.0,0.0,Strategy not ready,,,,,,,,,,,,998.5063762939162,0.0,0.0,0.0,998.5063762939162,0.0,0.0,0.0,,,,,,
2024-11-01 08:00:00,2504.12,2515.48,2494.55,2501.03,14829.17,0.0001,75,0.0,0.0,NOT_READY,,1000.0,0.0,0.0,,,1000.0,0.0,Strategy not ready,,,,,,,,,,,,998.5063762939162,0.0,0.0,0.0,998.5063762939162,0.0,0.0,0.0,,,,,,
2024-11-01 09:00:00,2501.03,2513.55,2498.62,2510.82,8868.8199,0.0001,75,0.0,0.0,NOT_READY,,1000.0,0.0,0.0,,,1000.0,0.0,Strategy not ready,,,,,,,,,,,,998.5063762939162,0.0,0.0,0.0,998.5063762939162,0.0,0.0,0.0,,,,,,
2024-11-01 10:00:00,2510.82,2524.89,2509.22,2518.74,18157.093,0.0001,75,0.0,0.0,NOT_READY,,1000.0,0.0,0.0,,,1000.0,0.0,Strategy not ready,,,,,,,,,,,,998.5063762939162,0.0,0.0,0.0,998.5063762939162,0.0,0.0,0.0,,,,,,
2024-11-01 11:00:00,2518.75,2525.8,2515.43,2515.44,8479.1852,0.0001,75,0.0,0.0,NOT_READY,,1000.0,0.0,0.0,,,1000.0,0.0,Strategy not ready,,,,,,,,,,,,998.5063762939162,0.0,0.0,0.0,998.5063762939162,0.0,0.0,0.0,,,,,,
2024-11-01 12:00:00,2515.44,2543.14,2514.69,2536.8,22421.6351,0.0001,75,0.0,0.0,NOT_READY,,1000.0,0.0,0.0,,,1000.0,0.0,Strategy not ready,,,,,,,,,,,,998.5063762939162,0.0,0.0,0.0,998.5063762939162,0.0,0.0,0.0,,,,,,
2024-11-01 13:00:00,2536.8,2575.68,2530.1,2573.99,30193.4227,0.0001,75,0.0,0.0,NOT_READY,,1000.0,0.0,0.0,,,1000.0,0.0,Strategy not ready,,,,,,,,,,,,998.5063762939162,0.0,0.0,0.0,998.5063762939162,0.0,0.0,0.0,,,,,,
2024-11-01 14:00:00,2573.99,2586.8,2551.02,2561.82,43103.046,0.0001,75,0.0,0.0,NOT_READY,,1000.0,0.0,0.0,,,1000.0,0.0,Strategy not ready,,,,,,,,,,,,998.5063762939162,0.0,0.0,0.0,998.5063762939162,0.0,0.0,0.0,,,,,,
2024-11-01 15:00:00,2561.81,2565.0,2481.68,2500.03,52382.9551,0.0001,75,0.0,0.0,NOT_READY,,1000.0,0.0,0.0,,,1000.0,0.0,Strategy not ready,,,,,,,,,,,,998.5063762939162,0.0,0.0,0.0,998.5063762939162,0.0,0.0,0.0,,,,,,
2024-11-01 16:00:00,2500.02,2538.58,2498.64,2518.4,31051.0884,0.0001,75,0.0,0.0,NOT_READY,,1000.0,0.0,0.0,,,1000.0,0.0,Strategy not ready,,,,,,,,,,,,998.5063762939162,0.0,0.0,0.0,998.5063762939162,0.0,0.0,0.0,,,,,,
2024-11-01 17:00:00,2518.4,2530.58,2507.49,2513.6,14366.7345,0.0001,75,0.0,0.0,NOT_READY,,1000.0,0.0,0.0,,,1000.0,0.0,Strategy not ready,,,,,,,,,,,,998.5063762939162,0.0,0.0,0.0,998.5063762939162,0.0,0.0,0.0,,,,,,
2024-11-01 18:00:00,2513.6,2517.62,2505.8,2508.39,10750.8032,0.0001,75,0.0,0.0,NOT_READY,,1000.0,0.0,0.0,,,1000.0,0.0,Strategy not ready,,,,,,,,,,,,998.5063762939162,0.0,0.0,0.0,998.5063762939162,0.0,0.0,0.0,,,,,,
2024-11-01 19:00:00,2508.39,2517.48,2495.2,2514.49,14648.5301,0.0001,75,0.0,0.0,NOT_READY,,1000.0,0.0,0.0,,,1000.0,0.0,Strategy not ready,,,,,,,,,,,,998.5063762939162,0.0,0.0,0.0,998.5063762939162,0.0,0.0,0.0,,,,,,
2024-11-01 20:00:00,2514.5,2527.46,2512.15,2520.61,8483.4089,0.0001,75,0.0,0.0,NOT_READY,,1000.0,0.0,0.0,,,1000.0,0.0,Strategy not ready,,,,,,,,,,,,998.5063762939162,0.0,0.0,0.0,998.5063762939162,0.0,0.0,0.0,,,,,,
2024-11-01 21:00:00,2520.61,2520.79,2485.05,2505.9,12775.6429,0.0001,75,0.0,0.0,NOT_READY,,1000.0,0.0,0.0,,,1000.0,0.0,Strategy not ready,,,,,,,,,,,,998.5063762939162,0.0,0.0,0.0,998.5063762939162,0.0,0.0,0.0,,,,,,
2024-11-01 22:00:00,2505.9,2514.18,2503.99,2513.23,4818.1043,0.0001,75,0.0,0.0,NOT_READY,,1000.0,0.0,0.0,,,1000.0,0.0,Strategy not ready,,,,,,,,,,,,998.5063762939162,0.0,0.0,0.0,998.5063762939162,0.0,0.0,0.0,,,,,,
2024-11-01 23:00:00,2513.22,2517.33,2510.25,2511.49,4499.8011,0.0001,75,0.0,0.0,NOT_READY,,1000.0,0.0,0.0,,,1000.0,0.0,Strategy not ready,,,,,,,,,,,,998.5063762939162,0.0,0.0,0.0,998.5063762939162,0.0,0.0,0.0,,,,,,
2024-11-02 00:00:00,2511.49,2520.0,2510.61,2515.98,4645.7606,0.0001,72,0.0,0.0,NOT_READY,,1000.0,0.0,0.0,,,1000.0,0.0,Strategy not ready,,,,,,,,,,,,998.5063762939162,0.0,0.0,0.0,998.5063762939162,0.0,0.0,0.0,,,,,,
2024-11-02 01:00:00,2515.98,2520.0,2511.22,2514.8,3723.8564,0.0001,72,0.0,0.0,NOT_READY,,1000.0,0.0,0.0,,,1000.0,0.0,Strategy not ready,,,,,,,,,,,,998.5063762939162,0.0,0.0,0.0,998.5063762939162,0.0,0.0,0.0,,,,,,
2024-11-02 02:00:00,2514.8,2523.45,2511.86,2511.86,7203.9834,0.0001,72,0.0,0.0,NOT_READY,,1000.0,0.0,0.0,,,1000.0,0.0,Strategy not ready,,,,,,,,,,,,998.5063762939162,0.0,0.0,0.0,998.5063762939162,0.0,0.0,0.0,,,,,,
2024-11-02 03:00:00,2511.87,2515.4,2501.0,2506.7,8286.9829,0.0001,72,0.0,0.0,NOT_READY,,1000.0,0.0,0.0,,,1000.0,0.0,Strategy not ready,,,,,,,,,,,,998.5063762939162,0.0,0.0,0.0,998.5063762939162,0.0,0.0,0.0,,,,,,
2024-11-02 04:00:00,2506.71,2509.0,2502.0,2505.31,3308.2346,0.0001,72,0.0,0.0,NOT_READY,,1000.0,0.0,0.0,,,1000.0,0.0,Strategy not ready,,,,,,,,,,,,998.5063762939162,0.0,0.0,0.0,998.5063762939162,0.0,0.0,0.0,,,,,,
2024-11-02 05:00:00,2505.31,2513.65,2499.59,2513.0,4326.1897,0.0001,72,0.0,0.0,NOT_READY,,1000.0,0.0,0.0,,,1000.0,0.0,Strategy not ready,,,,,,,,,,,,998.5063762939162,0.0,0.0,0.0,998.5063762939162,0.0,0.0,0.0,,,,,,
2024-11-02 06:00:00,2513.0,2513.87,2505.3,2511.86,3440.5361,0.0001,72,0.0,0.0,NOT_READY,,1000.0,0.0,0.0,,,1000.0,0.0,Strategy not ready,,,,,,,,,,,,998.5063762939162,0.0,0.0,0.0,998.5063762939162,0.0,0.0,0.0,,,,,,
2024-11-02 07:00:00,2511.86,2512.15,2505.48,2507.35,4768.312,0.0001,72,0.0,0.0,NOT_READY,,1000.0,0.0,0.0,,,1000.0,0.0,Strategy not ready,,,,,,,,,,,,998.5063762939162,0.0,0.0,0.0,998.5063762939162,0.0,0.0,0.0,,,,,,
2024-11-02 08:00:00,2507.34,2510.3,2495.0,2496.0,7274.3128,0.0001,72,0.0,0.0,NOT_READY,,1000.0,0.0,0.0,,,1000.0,0.0,Strategy not ready,,,,,,,,,,,,998.5063762939162,0.0,0.0,0.0,998.5063762939162,0.0,0.0,0.0,,,,,,
2024-11-02 09:00:00,2495.99,2505.0,2491.2,2497.23,5726.1987,0.0001,72,0.0,0.0,NOT_READY,,1000.0,0.0,0.0,,,1000.0,0.0,Strategy not ready,,,,,,,,,,,,998.5063762939162,0.0,0.0,0.0,998.5063762939162,0.0,0.0,0.0,,,,,,
2024-11-02 10:00:00,2497.22,2502.64,2492.89,2502.21,4233.1426,0.0001,72,0.0,0.0,NOT_READY,,1000.0,0.0,0.0,,,1000.0,0.0,Strategy not ready,,,,,,,,,,,,998.5063762939162,0.0,0.0,0.0,998.5063762939162,0.0,0.0,0.0,,,,,,
2024-11-02 11:00:00,2502.2,2506.32,2499.5,2502.13,3319.0207,0.0001,72,0.0,0.0,NOT_READY,,1000.0,0.0,0.0,,,1000.0,0.0,Strategy not ready,,,,,,,,,,,,998.5063762939162,0.0,0.0,0.0,998.5063762939162,0.0,0.0,0.0,,,,,,
2024-11-02 12:00:00,2502.14,2504.5,2483.2,2488.33,10579.841,0.0001,72,0.0,0.0,NOT_READY,,1000.0,0.0,0.0,,,1000.0,0.0,Strategy not ready,,,,,,,,,,,,998.5063762939162,0.0,0.0,0.0,998.5063762939162,0.0,0.0,0.0,,,,,,
2024-11-02 13:00:00,2488.33,2498.79,2470.0,2480.29,23065.5094,0.0001,72,0.0,0.0,NOT_READY,,1000.0,0.0,0.0,,,1000.0,0.0,Strategy not ready,,,,,,,,,,,,998.5063762939162,0.0,0.0,0.0,998.5063762939162,0.0,0.0,0.0,,,,,,
2024-11-02 14:00:00,2480.29,2490.39,2476.0,2490.28,14672.004,0.0001,72,0.0,0.0,NOT_READY,,1000.0,0.0,0.0,,,1000.0,0.0,Strategy not ready,,,,,,,,,,,,998.5063762939162,0.0,0.0,0.0,998.5063762939162,0.0,0.0,0.0,,,,,,
2024-11-02 15:00:00,2490.27,2492.25,2478.1,2488.79,7254.8178,0.0001,72,0.0,0.0,NOT_READY,,1000.0,0.0,0.0,,,1000.0,0.0,Strategy not ready,,,,,,,,,,,,998.5063762939162,0.0,0.0,0.0,998.5063762939162,0.0,0.0,0.0,,,,,,
2024-11-02 16:00:00,2488.78,2497.73,2482.68,2494.7,4857.9733,0.0001,72,0.0,0.0,NOT_READY,,1000.0,0.0,0.0,,,1000.0,0.0,Strategy not ready,,,,,,,,,,,,998.5063762939162,0.0,0.0,0.0,998.5063762939162,0.0,0.0,0.0,,,,,,
2024-11-02 17:00:00,2494.71,2495.2,2480.0,2485.9,6721.1331,0.0001,72,0.0,0.0,NOT_READY,,1000.0,0.0,0.0,,,1000.0,0.0,Strategy not ready,,,,,,,,,,,,998.5063762939162,0.0,0.0,0.0,998.5063762939162,0.0,0.0,0.0,,,,,,
2024-11-02 18:00:00,2485.89,2491.58,2479.3,2487.29,4489.0147,0.0001,72,0.0,0.0,NOT_READY,,1000.0,0.0,0.0,,,1000.0,0.0,Strategy not ready,,,,,,,,,,,,998.5063762939162,0.0,0.0,0.0,998.5063762939162,0.0,0.0,0.0,,,,,,
2024-11-02 19:00:00,2487.29,2494.53,2485.55,2493.02,2542.6861,0.0001,72,0.0,0.0,NOT_READY,,1000.0,0.0,0.0,,,1000.0,0.0,Strategy not ready,,,,,,,,,,,,998.5063762939162,0.0,0.0,0.0,998.5063762939162,0.0,0.0,0.0,,,,,,
2024-11-02 20:00:00,2493.01,2496.76,2491.4,2495.6,3707.7868,0.0001,72,0.0,0.0,NOT_READY,,1000.0,0.0,0.0,,,1000.0,0.0,Strategy not ready,,,,,,,,,,,,998.5063762939162,0.0,0.0,0.0,998.5063762939162,0.0,0.0,0.0,,,,,,
2024-11-02 21:00:00,2495.59,2496.6,2491.8,2493.81,2117.0363,0.0001,72,0.0,0.0,NOT_READY,,1000.0,0.0,0.0,,,1000.0,0.0,Strategy not ready,,,,,,,,,,,,998.5063762939162,0.0,0.0,0.0,998.5063762939162,0.0,0.0,0.0,,,,,,
2024-11-02 22:00:00,2493.81,2497.89,2490.3,2491.45,2795.2978,0.0001,72,0.0,0.0,NOT_READY,,1000.0,0.0,0.0,,,1000.0,0.0,Strategy not ready,,,,,,,,,,,,998.5063762939162,0.0,0.0,0.0,998.5063762939162,0.0,0.0,0.0,,,,,,
2024-11-02 23:00:00,2491.44,2494.37,2485.1,2494.23,2901.4992,0.0001,72,0.0,0.0,NOT_READY,,1000.0,0.0,0.0,,,1000.0,0.0,Strategy not ready,,,,,,,,,,,,998.5063762939162,0.0,0.0,0.0,998.5063762939162,0.0,0.0,0.0,,,,,,
2024-11-03 00:00:00,2494.23,2496.39,2483.01,2483.01,3501.2172,0.0001,74,0.0,0.0,NOT_READY,,1000.0,0.0,0.0,,,1000.0,0.0,Strategy not ready,,,,,,,,,,,,998.5063762939162,0.0,0.0,0.0,998.5063762939162,0.0,0.0,0.0,,,,,,
2024-11-03 01:00:00,2483.0,2486.78,2470.78,2471.83,7628.9225,0.0001,74,0.0,0.0,NOT_READY,,1000.0,0.0,0.0,,,1000.0,0.0,Strategy not ready,,,,,,,,,,,,998.5063762939162,0.0,0.0,0.0,998.5063762939162,0.0,0.0,0.0,,,,,,
2024-11-03 02:00:00,2471.82,2477.2,2426.5,2434.6,40603.4683,0.0001,74,0.0,0.0,NOT_READY,,1000.0,0.0,0.0,,,1000.0,0.0,Strategy not ready,,,,,,,,,,,,998.5063762939162,0.0,0.0,0.0,998.5063762939162,0.0,0.0,0.0,,,,,,
2024-11-03 03:00:00,2434.59,2452.53,2421.29,2449.59,15337.1407,0.0001,74,0.0,0.0,NOT_READY,,1000.0,0.0,0.0,,,1000.0,0.0,Strategy not ready,,,,,,,,,,,,998.5063762939162,0.0,0.0,0.0,998.5063762939162,0.0,0.0,0.0,,,,,,
2024-11-03 04:00:00,2449.6,2463.83,2448.29,2455.54,7221.0529,0.0001,74,0.0,0.0,NOT_READY,,1000.0,0.0,0.0,,,1000.0,0.0,Strategy not ready,,,,,,,,,,,,998.5063762939162,0.0,0.0,0.0,998.5063762939162,0.0,0.0,0.0,,,,,,
2024-11-03 05:00:00,2455.53,2458.02,2441.1,2442.54,6018.0072,0.0001,74,0.0,0.0,NOT_READY,,1000.0,0.0,0.0,,,1000.0,0.0,Strategy not ready,,,,,,,,,,,,998.5063762939162,0.0,0.0,0.0,998.5063762939162,0.0,0.0,0.0,,,,,,
2024-11-03 06:00:00,2442.53,2462.84,2442.04,2456.41,5831.9415,0.0001,74,0.0,0.0,NOT_READY,,1000.0,0.0,0.0,,,1000.0,0.0,Strategy not ready,,,,,,,,,,,,998.5063762939162,0.0,0.0,0.0,998.5063762939162,0.0,0.0,0.0,,,,,,
2024-11-03 07:00:00,2456.41,2459.13,2449.38,2450.03,4959.4769,0.0001,74,0.0,0.0,NOT_READY,,1000.0,0.0,0.0,,,1000.0,0.0,Strategy not ready,,,,,,,,,,,,998.5063762939162,0.0,0.0,0.0,998.5063762939162,0.0,0.0,0.0,,,,,,
2024-11-03 08:00:00,2450.03,2462.64,2443.94,2459.04,19526.537,0.0001,74,0.0,0.0,NOT_READY,,1000.0,0.0,0.0,,,1000.0,0.0,Strategy not ready,,,,,,,,,,,,998.5063762939162,0.0,0.0,0.0,998.5063762939162,0.0,0.0,0.0,,,,,,
2024-11-03 09:00:00,2459.05,2460.06,2447.22,2449.6,7689.6514,0.0001,74,0.0,0.0,NOT_READY,,1000.0,0.0,0.0,,,1000.0,0.0,Strategy not ready,,,,,,,,,,,,998.5063762939162,0.0,0.0,0.0,998.5063762939162,0.0,0.0,0.0,,,,,,
2024-11-03 10:00:00,2449.61,2461.52,2449.6,2457.38,4365.6041,0.0001,74,0.0,0.0,NOT_READY,,1000.0,0.0,0.0,,,1000.0,0.0,Strategy not ready,,,,,,,,,,,,998.5063762939162,0.0,0.0,0.0,998.5063762939162,0.0,0.0,0.0,,,,,,
2024-11-03 11:00:00,2457.37,2462.37,2451.68,2454.47,5217.5427,0.0001,74,0.0,0.0,NOT_READY,,1000.0,0.0,0.0,,,1000.0,0.0,Strategy not ready,,,,,,,,,,,,998.5063762939162,0.0,0.0,0.0,998.5063762939162,0.0,0.0,0.0,,,,,,
2024-11-03 12:00:00,2454.47,2460.6,2452.44,2454.8,3674.0039,0.0001,74,0.0,0.0,NOT_READY,,1000.0,0.0,0.0,,,1000.0,0.0,Strategy not ready,,,,,,,,,,,,998.5063762939162,0.0,0.0,0.0,998.5063762939162,0.0,0.0,0.0,,,,,,
2024-11-03 13:00:00,2454.8,2457.49,2430.5,2434.85,12483.3687,0.0001,74,0.0,0.0,NOT_READY,,1000.0,0.0,0.0,,,1000.0,0.0,Strategy not ready,,,,,,,,,,,,998.5063762939162,0.0,0.0,0.0,998.5063762939162,0.0,0.0,0.0,,,,,,
2024-11-03 14:00:00,2434.86,2439.53,2418.0,2425.12,24103.841,0.0001,74,0.0,0.0,NOT_READY,,1000.0,0.0,0.0,,,1000.0,0.0,Strategy not ready,,,,,,,,,,,,998.5063762939162,0.0,0.0,0.0,998.5063762939162,0.0,0.0,0.0,,,,,,
2024-11-03 15:00:00,2425.13,2447.4,2413.38,2442.63,20684.2042,0.0001,74,0.0,0.0,NOT_READY,,1000.0,0.0,0.0,,,1000.0,0.0,Strategy not ready,,,,,,,,,,,,998.5063762939162,0.0,0.0,0.0,998.5063762939162,0.0,0.0,0.0,,,,,,
2024-11-03 16:00:00,2442.63,2459.53,2438.1,2442.78,16013.253,0.0001,74,0.0,0.0,NOT_READY,,1000.0,0.0,0.0,,,1000.0,0.0,Strategy not ready,,,,,,,,,,,,998.5063762939162,0.0,0.0,0.0,998.5063762939162,0.0,0.0,0.0,,,,,,
2024-11-03 17:00:00,2442.78,2453.92,2442.07,2447.16,9435.4238,0.0001,74,0.0,0.0,NOT_READY,,1000.0,0.0,0.0,,,1000.0,0.0,Strategy not ready,,,,,,,,,,,,998.5063762939162,0.0,0.0,0.0,998.5063762939162,0.0,0.0,0.0,,,,,,
2024-11-03 18:00:00,2447.17,2449.2,2411.0,2425.01,17894.1686,0.0001,74,0.0,0.0,NOT_READY,,1000.0,0.0,0.0,,,1000.0,0.0,Strategy not ready,,,,,,,,,,,,998.5063762939162,0.0,0.0,0.0,998.5063762939162,0.0,0.0,0.0,,,,,,
2024-11-03 19:00:00,2425.0,2453.73,2423.8,2452.89,9564.3696,0.0001,74,0.0,0.0,NOT_READY,,1000.0,0.0,0.0,,,1000.0,0.0,Strategy not ready,,,,,,,,,,,,998.5063762939162,0.0,0.0,0.0,998.5063762939162,0.0,0.0,0.0,,,,,,
2024-11-03 20:00:00,2452.89,2470.78,2447.4,2467.64,11375.8795,0.0001,74,0.0,0.0,NOT_READY,,1000.0,0.0,0.0,,,1000.0,0.0,Strategy not ready,,,,,,,,,,,,998.5063762939162,0.0,0.0,0.0,998.5063762939162,0.0,0.0,0.0,,,,,,
2024-11-03 21:00:00,2467.65,2475.52,2464.95,2470.0,9908.0736,0.0001,74,0.0,0.0,NOT_READY,,1000.0,0.0,0.0,,,1000.0,0.0,Strategy not ready,,,,,,,,,,,,998.5063762939162,0.0,0.0,0.0,998.5063762939162,0.0,0.0,0.0,,,,,,
2024-11-03 22:00:00,2470.0,2474.58,2457.36,2460.19,4178.6946,0.0001,74,0.0,0.0,NOT_READY,,1000.0,0.0,0.0,,,1000.0,0.0,Strategy not ready,,,,,,,,,,,,998.5063762939162,0.0,0.0,0.0,998.5063762939162,0.0,0.0,0.0,,,,,,
2024-11-03 23:00:00,2460.16,2460.36,2447.61,2457.73,8793.2768,0.0001,74,0.0,0.0,NOT_READY,,1000.0,0.0,0.0,,,1000.0,0.0,Strategy not ready,,,,,,,,,,,,998.5063762939162,0.0,0.0,0.0,998.5063762939162,0.0,0.0,0.0,,,,,,
2024-11-04 00:00:00,2457.73,2458.0,2434.99,2450.15,7320.3276,0.0001,70,0.0,0.0,NOT_READY,,1000.0,0.0,0.0,,,1000.0,0.0,Strategy not ready,,,,,,,,,,,,998.5063762939162,0.0,0.0,0.0,998.5063762939162,0.0,0.0,0.0,,,,,,
2024-11-04 01:00:00,2450.16,2474.77,2445.71,2466.4,10345.0695,0.0001,70,0.0,0.0,NOT_READY,,1000.0,0.0,0.0,,,1000.0,0.0,Strategy not ready,,,,,,,,,,,,998.5063762939162,0.0,0.0,0.0,998.5063762939162,0.0,0.0,0.0,,,,,,
2024-11-04 02:00:00,2466.4,2485.23,2462.53,2483.8,12908.8925,0.0001,70,0.0,0.0,NOT_READY,,1000.0,0.0,0.0,,,1000.0,0.0,Strategy not ready,,,,,,,,,,,,998.5063762939162,0.0,0.0,0.0,998.5063762939162,0.0,0.0,0.0,,,,,,
2024-11-04 03:00:00,2483.79,2491.39,2472.97,2473.76,6553.2106,0.0001,70,0.0,0.0,NOT_READY,,1000.0,0.0,0.0,,,1000.0,0.0,Strategy not ready,,,,,,,,,,,,998.5063762939162,0.0,0.0,0.0,998.5063762939162,0.0,0.0,0.0,,,,,,
2024-11-04 04:00:00,2473.77,2482.42,2471.2,2472.64,4992.6302,0.0001,70,0.0,0.0,NOT_READY,,1000.0,0.0,0.0,,,1000.0,0.0,Strategy not ready,,,,,,,,,,,,998.5063762939162,0.0,0.0,0.0,998.5063762939162,0.0,0.0,0.0,,,,,,
2024-11-04 05:00:00,2472.65,2473.93,2460.16,2462.45,4931.9902,0.0001,70,0.0,0.0,NOT_READY,,1000.0,0.0,0.0,,,1000.0,0.0,Strategy not ready,,,,,,,,,,,,998.5063762939162,0.0,0.0,0.0,998.5063762939162,0.0,0.0,0.0,,,,,,
2024-11-04 06:00:00,2462.45,2480.73,2462.45,2477.4,5039.1176,0.0001,70,0.0,0.0,NOT_READY,,1000.0,0.0,0.0,,,1000.0,0.0,Strategy not ready,,,,,,,,,,,,998.5063762939162,0.0,0.0,0.0,998.5063762939162,0.0,0.0,0.0,,,,,,
2024-11-04 07:00:00,2477.39,2479.7,2457.21,2459.67,7671.2966,0.0001,70,0.0,0.0,NOT_READY,,1000.0,0.0,0.0,,,1000.0,0.0,Strategy not ready,,,,,,,,,,,,998.5063762939162,0.0,0.0,0.0,998.5063762939162,0.0,0.0,0.0,,,,,,
2024-11-04 08:00:00,2459.68,2467.6,2451.48,2457.92,8613.4368,0.0001,70,0.0,0.0,NOT_READY,,1000.0,0.0,0.0,,,1000.0,0.0,Strategy not ready,,,,,,,,,,,,998.5063762939162,0.0,0.0,0.0,998.5063762939162,0.0,0.0,0.0,,,,,,
2024-11-04 09:00:00,2457.92,2464.87,2447.34,2457.61,6053.3758,0.0001,70,0.0,0.0,NOT_READY,,1000.0,0.0,0.0,,,1000.0,0.0,Strategy not ready,,,,,,,,,,,,998.5063762939162,0.0,0.0,0.0,998.5063762939162,0.0,0.0,0.0,,,,,,
2024-11-04 10:00:00,2457.62,2472.85,2455.44,2467.12,8122.6053,0.0001,70,0.0,0.0,NOT_READY,,1000.0,0.0,0.0,,,1000.0,0.0,Strategy not ready,,,,,,,,,,,,998.5063762939162,0.0,0.0,0.0,998.5063762939162,0.0,0.0,0.0,,,,,,
2024-11-04 11:00:00,2467.12,2478.0,2463.54,2470.2,5777.2586,0.0001,70,0.0,0.0,NOT_READY,,1000.0,0.0,0.0,,,1000.0,0.0,Strategy not ready,,,,,,,,,,,,998.5063762939162,0.0,0.0,0.0,998.5063762939162,0.0,0.0,0.0,,,,,,
2024-11-04 12:00:00,2470.2,2478.6,2466.65,2476.64,10416.0123,0.0001,70,0.0,0.0,NOT_READY,,1000.0,0.0,0.0,,,1000.0,0.0,Strategy not ready,,,,,,,,,,,,998.5063762939162,0.0,0.0,0.0,998.5063762939162,0.0,0.0,0.0,,,,,,
2024-11-04 13:00:00,2476.64,2486.0,2458.65,2458.92,10719.5036,0.0001,70,0.0,0.0,NOT_READY,,1000.0,0.0,0.0,,,1000.0,0.0,Strategy not ready,,,,,,,,,,,,998.5063762939162,0.0,0.0,0.0,998.5063762939162,0.0,0.0,0.0,,,,,,
2024-11-04 14:00:00,2458.93,2464.56,2445.4,2450.35,13921.4232,0.0001,70,0.0,0.0,NOT_READY,,1000.0,0.0,0.0,,,1000.0,0.0,Strategy not ready,,,,,,,,,,,,998.5063762939162,0.0,0.0,0.0,998.5063762939162,0.0,0.0,0.0,,,,,,
2024-11-04 15:00:00,2450.35,2454.94,2431.51,2442.6,21158.4131,0.0001,70,0.0,0.0,NOT_READY,,1000.0,0.0,0.0,,,1000.0,0.0,Strategy not ready,,,,,,,,,,,,998.5063762939162,0.0,0.0,0.0,998.5063762939162,0.0,0.0,0.0,,,,,,
2024-11-04 16:00:00,2442.6,2446.32,2407.91,2414.56,25881.7412,0.0001,70,0.0,0.0,NOT_READY,,1000.0,0.0,0.0,,,1000.0,0.0,Strategy not ready,,,,,,,,,,,,998.5063762939162,0.0,0.0,0.0,998.5063762939162,0.0,0.0,0.0,,,,,,
2024-11-04 17:00:00,2414.55,2429.12,2405.8,2424.99,21728.1177,0.0001,70,0.0,0.0,NOT_READY,,1000.0,0.0,0.0,,,1000.0,0.0,Strategy not ready,,,,,,,,,,,,998.5063762939162,0.0,0.0,0.0,998.5063762939162,0.0,0.0,0.0,,,,,,
2024-11-04 18:00:00,2424.99,2436.2,2417.92,2425.43,8810.325,0.0001,70,0.0,0.0,NOT_READY,,1000.0,0.0,0.0,,,1000.0,0.0,Strategy not ready,,,,,,,,,,,,998.5063762939162,0.0,0.0,0.0,998.5063762939162,0.0,0.0,0.0,,,,,,
2024-11-04 19:00:00,2425.43,2436.77,2425.2,2430.43,7012.3693,0.0001,70,0.0,0.0,NOT_READY,,1000.0,0.0,0.0,,,1000.0,0.0,Strategy not ready,,,,,,,,,,,,998.5063762939162,0.0,0.0,0.0,998.5063762939162,0.0,0.0,0.0,,,,,,
2024-11-04 20:00:00,2430.42,2432.08,2419.83,2422.7,7284.4951,0.0001,70,0.0,0.0,NOT_READY,,1000.0,0.0,0.0,,,1000.0,0.0,Strategy not ready,,,,,,,,,,,,998.5063762939162,0.0,0.0,0.0,998.5063762939162,0.0,0.0,0.0,,,,,,
2024-11-04 21:00:00,2422.71,2429.69,2357.59,2371.21,58057.9171,0.0001,70,0.0,0.0,NOT_READY,,1000.0,0.0,0.0,,,1000.0,0.0,Strategy not ready,,,,,,,,,,,,998.5063762939162,0.0,0.0,0.0,998.5063762939162,0.0,0.0,0.0,,,,,,
2024-11-04 22:00:00,2371.21,2414.4,2365.81,2406.2,20734.9822,0.0001,70,0.0,0.0,NOT_READY,,1000.0,0.0,0.0,,,1000.0,0.0,Strategy not ready,,,,,,,,,,,,998.5063762939162,0.0,0.0,0.0,998.5063762939162,0.0,0.0,0.0,,,,,,
2024-11-04 23:00:00,2406.2,2411.06,2392.24,2398.21,12262.4534,0.0001,70,0.0,0.0,NOT_READY,,1000.0,0.0,0.0,,,1000.0,0.0,Strategy not ready,,,,,,,,,,,,998.5063762939162,0.0,0.0,0.0,998.5063762939162,0.0,0.0,0.0,,,,,,
2024-11-05 00:00:00,2398.21,2410.8,2396.64,2401.01,14339.0381,0.0001,70,0.0,0.0,NOT_READY,,1000.0,0.0,0.0,,,1000.0,0.0,Strategy not ready,,,,,,,,,,,,998.5063762939162,0.0,0.0,0.0,998.5063762939162,0.0,0.0,0.0,,,,,,
2024-11-05 01:00:00,2401.01,2413.6,2380.74,2410.89,17088.4122,0.0001,70,0.0,0.0,NOT_READY,,1000.0,0.0,0.0,,,1000.0,0.0,Strategy not ready,,,,,,,,,,,,998.5063762939162,0.0,0.0,0.0,998.5063762939162,0.0,0.0,0.0,,,,,,
2024-11-05 02:00:00,2410.9,2415.8,2400.68,2405.28,7702.7522,0.0001,70,0.0,0.0,NOT_READY,,1000.0,0.0,0.0,,,1000.0,0.0,Strategy not ready,,,,,,,,,,,,998.5063762939162,0.0,0.0,0.0,998.5063762939162,0.0,0.0,0.0,,,,,,
2024-11-05 03:00:00,2405.29,2421.4,2405.0,2420.41,8814.6639,0.0001,70,0.0,0.0,NOT_READY,,1000.0,0.0,0.0,,,1000.0,0.0,Strategy not ready,,,,,,,,,,,,998.5063762939162,0.0,0.0,0.0,998.5063762939162,0.0,0.0,0.0,,,,,,
2024-11-05 04:00:00,2420.4,2434.24,2417.21,2428.88,6706.1133,0.0001,70,0.0,0.0,NOT_READY,,1000.0,0.0,0.0,,,1000.0,0.0,Strategy not ready,,,,,,,,,,,,998.5063762939162,0.0,0.0,0.0,998.5063762939162,0.0,0.0,0.0,,,,,,
2024-11-05 05:00:00,2428.89,2435.0,2423.96,2432.26,6947.5474,0.0001,70,0.0,0.0,NOT_READY,,1000.0,0.0,0.0,,,1000.0,0.0,Strategy not ready,,,,,,,,,,,,998.5063762939162,0.0,0.0,0.0,998.5063762939162,0.0,0.0,0.0,,,,,,
2024-11-05 06:00:00,2432.26,2433.59,2424.6,2430.16,6633.2297,0.0001,70,0.0,0.0,NOT_READY,,1000.0,0.0,0.0,,,1000.0,0.0,Strategy not ready,,,,,,,,,,,,998.5063762939162,0.0,0.0,0.0,998.5063762939162,0.0,0.0,0.0,,,,,,
2024-11-05 07:00:00,2430.16,2445.7,2422.0,2443.4,18656.1326,0.0001,70,0.0,0.0,NOT_READY,,1000.0,0.0,0.0,,,1000.0,0.0,Strategy not ready,,,,,,,,,,,,998.5063762939162,0.0,0.0,0.0,998.5063762939162,0.0,0.0,0.0,,,,,,
2024-11-05 08:00:00,2443.41,2445.46,2433.48,2442.5,9587.8818,0.0001,70,0.0,0.0,trending,,1000.0,0.0,0.0,,,1000.0,0.0,,trending,0.0,{},,1.0,,,,,,,998.5063762939162,0.0,0.0,0.0,998.5063762939162,0.0,0.0,0.0,-2.3323321343942168e-05,0.0,1.0,0.0,,
2024-11-05 09:00:00,2442.5,2448.0,2435.22,2435.41,12450.4717,0.0001,70,0.0,0.0,trending,,1000.0,0.0,0.0,,,1000.0,0.0,,trending,0.0,{},,2.0,,,,,,,998.5063762939162,0.0,0.0,0.0,998.5063762939162,0.0,0.0,0.0,-6.077934292403678e-06,0.0,1.0,0.0,,
2024-11-05 10:00:00,2435.41,2439.54,2430.31,2435.5,6468.933,0.0001,70,0.0,0.0,trending,,1000.0,0.0,0.0,,,1000.0,0.0,,trending,0.0,{},,3.0,,,,,,,998.5063762939162,0.0,0.0,0.0,998.5063762939162,0.0,0.0,0.0,-6.640812755925681e-06,0.0,1.0,0.0,,
2024-11-05 11:00:00,2435.49,2443.3,2435.49,2440.63,7555.2147,0.0001,70,0.0,0.0,trending,,1000.0,0.0,0.0,,,1000.0,0.0,,trending,0.0,{},,4.0,,,,,,,998.5063762939162,0.0,0.0,0.0,998.5063762939162,0.0,0.0,0.0,-2.1934928923938544e-05,0.0,1.0,0.0,,
2024-11-05 12:00:00,2440.63,2448.18,2435.52,2443.9,8104.6288,0.0001,70,0.0,0.0,trending,,1000.0,0.0,0.0,,,1000.0,0.0,,trending,0.0,{},,5.0,,,,,,,998.5063762939162,0.0,0.0,0.0,998.5063762939162,0.0,0.0,0.0,-3.508166256259244e-05,0.0,1.0,0.0,,
2024-11-05 13:00:00,2443.91,2445.86,2436.82,2442.1,8860.8352,0.0001,70,0.0,0.0,trending,,1000.0,0.0,0.0,,,1000.0,0.0,,trending,0.0,{},,6.0,,,,,,,998.5063762939162,0.0,0.0,0.0,998.5063762939162,0.0,0.0,0.0,-2.939843335504011e-05,0.0,1.0,0.0,,
2024-11-05 14:00:00,2442.1,2480.0,2438.61,2469.9,34243.8371,0.0001,70,0.0,0.0,trending,,1000.0,0.0,0.0,,,1000.0,0.0,,trending,0.0,{},,7.0,,,,,,,998.5063762939162,0.0,0.0,0.0,998.5063762939162,0.0,0.0,0.0,-0.00010458602588748948,0.0,1.0,0.0,,
2024-11-05 15:00:00,2469.9,2473.6,2427.4,2441.19,38063.1643,0.0001,70,0.0,0.0,trending,,1000.0,0.0,0.0,,,1000.0,0.0,,trending,0.0,{},,8.0,,,,,,,998.5063762939162,0.0,0.0,0.0,998.5063762939162,0.0,0.0,0.0,-9.832045309459786e-06,0.0,1.0,0.0,,
2024-11-05 16:00:00,2441.2,2469.38,2437.8,2462.4,21602.7905,0.0001,70,0.0,0.0,trending,,1000.0,0.0,0.0,,,1000.0,0.0,,trending,0.0,{},,9.0,,,,,,,998.5063762939162,0.0,0.0,0.0,998.5063762939162,0.0,0.0,0.0,-5.7454034758295515e-05,0.0,1.0,0.0,,
2024-11-05 17:00:00,2462.4,2475.0,2451.27,2451.43,14360.419,0.0001,70,0.0,0.0,trending,,1000.0,0.0,0.0,,,1000.0,0.0,,trending,0.0,{},,10.0,,,,,,,998.5063762939162,0.0,0.0,0.0,998.5063762939162,0.0,0.0,0.0,-2.7341187856463364e-05,0.0,1.0,0.0,,
2024-11-05 18:00:00,2451.44,2459.39,2446.59,2452.63,9179.1599,0.0001,70,0.0,0.0,trending,,1000.0,0.0,0.0,,,1000.0,0.0,,trending,0.0,{},,11.0,,,,,,,998.5063762939162,0.0,0.0,0.0,998.5063762939162,0.0,0.0,0.0,-2.9363064302853413e-05,0.0,1.0,0.0,,
2024-11-05 19:00:00,2452.64,2455.0,2401.3,2408.4,26186.4026,0.0001,70,0.0,0.0,trending,,1000.0,0.0,0.0,,,1000.0,0.0,,trending,0.0,{},,12.0,,,,,,,998.5063762939162,0.0,0.0,0.0,998.5063762939162,0.0,0.0,0.0,6.440428092956138e-05,0.0,1.0,0.0,,
2024-11-05 20:00:00,2408.39,2436.82,2401.7,2426.58,22217.6207,0.0001,70,0.0,0.0,trending,,1000.0,0.0,0.0,,,1000.0,0.0,,trending,0.0,{},,13.0,,,,,,,998.5063762939162,0.0,0.0,0.0,998.5063762939162,0.0,0.0,0.0,2.3379054618774612e-05,0.0,1.0,0.0,,
2024-11-05 21:00:00,2426.58,2429.65,2413.05,2415.45,7408.834,0.0001,70,0.0,0.0,trending,,1000.0,0.0,0.0,,,1000.0,0.0,,trending,0.0,{},,14.0,,,,,,,998.5063762939162,0.0,0.0,0.0,998.5063762939162,0.0,0.0,0.0,5.107030772409487e-05,0.0,1.0,0.0,,
2024-11-05 22:00:00,2415.44,2435.27,2407.71,2434.79,7975.9106,0.0001,70,0.0,0.0,trending,,1000.0,0.0,0.0,,,1000.0,0.0,,trending,0.0,{},,15.0,,,,,,,998.5063762939162,0.0,0.0,0.0,998.5063762939162,0.0,0.0,0.0,3.647173574707114e-06,0.0,1.0,0.0,,
2024-11-05 23:00:00,2434.79,2440.0,2420.24,2422.55,10465.2612,0.0001,70,0.0,0.0,trending,,1000.0,0.0,0.0,,,1000.0,0.0,,trending,0.0,{},,16.0,,,,,,,998.5063762939162,0.0,0.0,0.0,998.5063762939162,0.0,0.0,0.0,3.38173276252891e-05,0.0,1.0,0.0,,
2024-11-06 00:00:00,2422.6,2494.03,2420.3,2484.9,37474.5972,9.511e-05,70,0.0,0.0,trending,,1000.0,0.0,0.0,,,1000.0,0.0,,trending,0.0,{},,17.0,,,,,,,998.5063762939162,0.0,0.0,0.0,998.5063762939162,0.0,0.0,0.0,-8.702598346498606e-05,0.0,1.0,0.0,,
2024-11-06 01:00:00,2484.91,2510.39,2470.42,2482.4,47630.5784,9.511e-05,70,0.0,0.0,trending,,1000.0,0.0,0.0,,,1000.0,0.0,,trending,0.0,{},,18.0,,,,,,,998.5063762939162,0.0,0.0,0.0,998.5063762939162,0.0,0.0,0.0,-7.616646903975674e-05,0.0,1.0,0.0,,
2024-11-06 02:00:00,2482.41,2577.68,2476.67,2568.3,63474.5676,9.511e-05,70,0.0,0.0,trending,,1000.0,0.0,0.0,,,1000.0,0.0,,trending,0.0,{},,19.0,,,,,,,998.5063762939162,0.0,0.0,0.0,998.5063762939162,0.0,0.0,0.0,-0.00010342092708895871,0.0,1.0,0.0,,
2024-11-06 03:00:00,2568.31,2638.0,2563.76,2579.31,124616.5718,9.511e-05,70,0.0,0.0,trending,,1000.0,0.0,0.0,,,1000.0,0.0,,trending,0.0,{},,20.0,,,,,,,998.5063762939162,0.0,0.0,0.0,998.5063762939162,0.0,0.0,0.0,-8.385203446735379e-05,0.0,1.0,0.0,,
2024-11-06 04:00:00,2579.31,2604.52,2575.13,2583.3,60844.2977,9.511e-05,70,0.0,0.0,trending,,1000.0,0.0,0.0,,,1000.0,0.0,,trending,0.0,{},,21.0,,,,,,,998.5063762939162,0.0,0.0,0.0,998.5063762939162,0.0,0.0,0.0,-7.238233688883408e-05,0.0,1.0,0.0,,
2024-11-06 05:00:00,2583.3,2597.4,2561.0,2596.67,46546.5809,9.511e-05,70,0.0,0.0,trending,,1000.0,0.0,0.0,,,1000.0,0.0,,trending,0.0,{},,22.0,,,,,,,998.5063762939162,0.0,0.0,0.0,998.5063762939162,0.0,0.0,0.0,-6.676997628466152e-05,0.0,1.0,0.0,,
2024-11-06 06:00:00,2596.67,2623.71,2583.73,2583.95,60894.3097,9.511e-05,70,0.0,0.0,trending,,1000.0,0.0,0.0,,,1000.0,0.0,,trending,0.0,{},,23.0,,,,,,,998.5063762939162,0.0,0.0,0.0,998.5063762939162,0.0,0.0,0.0,-5.2868749192836034e-05,0.0,1.0,0.0,,
2024-11-06 07:00:00,2583.95,2643.2,2583.43,2594.0,95121.6657,9.511e-05,70,0.0,0.0,trending,,1000.0,0.0,0.0,,,1000.0,0.0,,trending,0.0,{},,24.0,,,,,,,998.5063762939162,0.0,0.0,0.0,998.5063762939162,0.0,0.0,0.0,-5.185011536597782e-05,0.0,1.0,0.0,,
2024-11-06 08:00:00,2593.99,2606.76,2571.0,2605.79,56535.7013,0.0001,70,0.0,0.0,trending,,1000.0,0.0,0.0,,,1000.0,0.0,,trending,0.0,{},,25.0,,,,,,,998.5063762939162,0.0,0.0,0.0,998.5063762939162,0.0,0.0,0.0,-5.136015090146105e-05,0.0,1.0,0.0,,
2024-11-06 09:00:00,2605.79,2628.87,2604.49,2622.04,27963.0023,0.0001,70,0.0,0.0,trending,,1000.0,0.0,0.0,,,1000.0,0.0,,trending,0.0,{},,26.0,,,,,,,998.5063762939162,0.0,0.0,0.0,998.5063762939162,0.0,0.0,0.0,-5.171289835532934e-05,0.0,1.0,0.0,,
2024-11-06 10:00:00,2622.03,2630.44,2609.82,2623.73,19076.4697,0.0001,70,0.0,0.0,trending,,1000.0,0.0,0.0,,,1000.0,0.0,,trending,0.0,{},,27.0,,,,,,,998.5063762939162,0.0,0.0,0.0,998.5063762939162,0.0,0.0,0.0,-4.971658242287261e-05,0.0,1.0,0.0,,
2024-11-06 11:00:00,2623.73,2637.0,2617.54,2629.02,26432.6749,0.0001,70,0.0,0.0,trending,,1000.0,0.0,0.0,,,1000.0,0.0,,trending,0.0,{},,28.0,,,,,,,998.5063762939162,0.0,0.0,0.0,998.5063762939162,0.0,0.0,0.0,-4.888001892498949e-05,0.0,1.0,0.0,,
2024-11-06 12:00:00,2629.03,2648.0,2628.23,2633.38,29122.1228,0.0001,70,0.0,0.0,trending,,1000.0,0.0,0.0,,,1000.0,0.0,,trending,0.0,{},,29.0,,,,,,,998.5063762939162,0.0,0.0,0.0,998.5063762939162,0.0,0.0,0.0,-4.8237161931494085e-05,0.0,1.0,0.0,,
2024-11-06 13:00:00,2633.38,2635.2,2608.0,2618.01,27810.1824,0.0001,70,0.0,0.0,trending,,1000.0,0.0,0.0,,,1000.0,0.0,,trending,0.0,{},,30.0,,,,,,,998.5063762939162,0.0,0.0,0.0,998.5063762939162,0.0,0.0,0.0,-3.757988349361848e-05,0.0,1.0,0.0,,
2024-11-06 14:00:00,2618.01,2643.0,2608.35,2613.79,37598.2285,0.0001,70,0.0,0.0,trending,,1000.0,0.0,0.0,,,1000.0,0.0,,trending,0.0,{},,31.0,,,,,,,998.5063762939162,0.0,0.0,0.0,998.5063762939162,0.0,0.0,0.0,-3.440196076482133e-05,0.0,1.0,0.0,,
2024-11-06 15:00:00,2613.8,2666.66,2611.0,2634.19,48142.5365,0.0001,70,0.0,0.0,trending,,1000.0,0.0,0.0,,,1000.0,0.0,,trending,0.0,{},,32.0,,,,,,,998.5063762939162,0.0,0.0,0.0,998.5063762939162,0.0,0.0,0.0,-3.963243362227671e-05,0.0,1.0,0.0,,
2024-11-06 16:00:00,2634.2,2665.0,2633.43,2656.17,23176.3634,0.0001,70,0.0,0.0,trending,,1000.0,0.0,0.0,,,1000.0,0.0,,trending,0.0,{},,33.0,,,,,,,998.5063762939162,0.0,0.0,0.0,998.5063762939162,0.0,0.0,0.0,-4.3663450482366666e-05,0.0,1.0,0.0,,
2024-11-06 17:00:00,2656.11,2660.57,2643.32,2652.32,17027.1742,0.0001,70,0.0,0.0,trending,,1000.0,0.0,0.0,,,1000.0,0.0,,trending,0.0,{},,34.0,,,,,,,998.5063762939162,0.0,0.0,0.0,998.5063762939162,0.0,0.0,0.0,-4.113109258376472e-05,0.0,1.0,0.0,,
2024-11-06 18:00:00,2652.33,2678.79,2651.0,2677.39,19453.8319,0.0001,70,0.0,0.0,trending,,1000.0,0.0,0.0,,,1000.0,0.0,,trending,0.0,{},,35.0,,,,,,,998.5063762939162,0.0,0.0,0.0,998.5063762939162,0.0,0.0,0.0,-4.5897161270984087e-05,0.0,1.0,0.0,,
2024-11-06 19:00:00,2677.39,2687.26,2658.48,2687.25,24489.8285,0.0001,70,0.0,0.0,trending,,1000.0,0.0,0.0,,,1000.0,0.0,,trending,0.0,{},,36.0,,,,,,,998.5063762939162,0.0,0.0,0.0,998.5063762939162,0.0,0.0,0.0,-4.94457772432374e-05,0.0,1.0,0.0,,
2024-11-06 20:00:00,2687.25,2700.0,2669.25,2689.6,33097.6045,0.0001,70,0.0,0.0,trending,,1000.0,0.0,0.0,,,1000.0,0.0,,trending,0.0,{},,37.0,,,,,,,998.5063762939162,0.0,0.0,0.0,998.5063762939162,0.0,0.0,0.0,-5.189047929793649e-05,0.0,1.0,0.0,,
2024-11-06 21:00:00,2689.6,2703.5,2682.55,2686.62,21233.5764,0.0001,70,0.0,0.0,trending,,1000.0,0.0,0.0,,,1000.0,0.0,,trending,0.0,{},,38.0,,,,,,,998.5063762939162,0.0,0.0,0.0,998.5063762939162,0.0,0.0,0.0,-5.378057541820437e-05,0.0,1.0,0.0,,
2024-11-06 22:00:00,2686.62,2744.7,2684.0,2735.31,30227.3198,0.0001,70,0.0,0.0,trending,,1000.0,0.0,0.0,,,1000.0,0.0,,trending,0.0,{},,39.0,,,,,,,998.5063762939162,0.0,0.0,0.0,998.5063762939162,0.0,0.0,0.0,-6.613884016467647e-05,0.0,1.0,0.0,,
2024-11-06 23:00:00,2735.31,2741.6,2711.58,2721.87,24151.5757,0.0001,70,0.0,0.0,trending,,1000.0,0.0,0.0,,,1000.0,0.0,,trending,0.0,{},,40.0,,,,,,,998.5063762939162,0.0,0.0,0.0,998.5063762939162,0.0,0.0,0.0,-6.368134426583515e-05,0.0,1.0,0.0,,
2024-11-07 00:00:00,2721.88,2725.7,2699.49,2725.7,21967.6637,0.0001,77,0.0,0.0,trending,,1000.0,0.0,0.0,,,1000.0,0.0,,trending,0.0,{},,41.0,,,,,,,998.5063762939162,0.0,0.0,0.0,998.5063762939162,0.0,0.0,0.0,-6.906437279159812e-05,0.0,1.0,0.0,,
2024-11-07 01:00:00,2725.7,2837.2,2723.8,2813.46,115907.1268,0.0001,77,0.0,0.0,trending,,1000.0,0.0,0.0,,,1000.0,0.0,,trending,0.0,{},,42.0,,,,,,,998.5063762939162,0.0,0.0,0.0,998.5063762939162,0.0,0.0,0.0,-8.182760371319342e-05,0.0,1.0,0.0,,
2024-11-07 02:00:00,2813.46,2877.43,2810.91,2871.8,48003.0113,0.0001,77,0.0,0.0,trending,,1000.0,0.0,0.0,,,1000.0,0.0,,trending,0.0,{},,43.0,,,,,,,998.5063762939162,0.0,0.0,0.0,998.5063762939162,0.0,0.0,0.0,-7.117312665346074e-05,0.0,1.0,0.0,,
2024-11-07 03:00:00,2871.81,2880.0,2836.46,2852.42,53232.2978,0.0001,77,0.0,0.0,trending,,1000.0,0.0,0.0,,,1000.0,0.0,,trending,0.0,{},,44.0,,,,,,,998.5063762939162,0.0,0.0,0.0,998.5063762939162,0.0,0.0,0.0,-5.538484273780919e-05,0.0,1.0,0.0,,
2024-11-07 04:00:00,2852.43,2855.0,2825.3,2838.75,27822.5343,0.0001,77,0.0,0.0,trending,,1000.0,0.0,0.0,,,1000.0,0.0,,trending,0.0,{},,45.0,,,,,,,998.5063762939162,0.0,0.0,0.0,998.5063762939162,0.0,0.0,0.0,-4.6572598154615425e-05,0.0,1.0,0.0,,
2024-11-07 05:00:00,2838.74,2849.86,2833.41,2838.9,20488.2341,0.0001,77,0.0,0.0,trending,,1000.0,0.0,0.0,,,1000.0,0.0,,trending,0.0,{},,46.0,,,,,,,998.5063762939162,0.0,0.0,0.0,998.5063762939162,0.0,0.0,0.0,-4.46466889326704e-05,0.0,1.0,0.0,,
2024-11-07 06:00:00,2838.9,2839.2,2779.91,2802.51,39315.8176,0.0001,77,0.0,0.0,trending,,1000.0,0.0,0.0,,,1000.0,0.0,,trending,0.0,{},,47.0,,,,,,,998.5063762939162,0.0,0.0,0.0,998.5063762939162,0.0,0.0,0.0,-3.0060560714758082e-05,0.0,1.0,0.0,,
2024-11-07 07:00:00,2802.5,2825.5,2796.5,2820.29,16495.9589,0.0001,77,0.0,0.0,trending,,1000.0,0.0,0.0,,,1000.0,0.0,,trending,0.0,{},,48.0,,,,,,,998.5063762939162,0.0,0.0,0.0,998.5063762939162,0.0,0.0,0.0,-3.2820971952188154e-05,0.0,1.0,0.0,,
2024-11-07 08:00:00,2820.3,2830.0,2804.44,2821.29,18717.5014,0.00014885,77,0.0,0.0,trending,,1000.0,0.0,0.0,,,1000.0,0.0,,trending,0.0,{},,49.0,,,,,,,998.5063762939162,0.0,0.0,0.0,998.5063762939162,0.0,0.0,0.0,-3.303330217991961e-05,0.0,1.0,0.0,,
2024-11-07 09:00:00,2821.29,2829.99,2816.26,2822.15,14599.2545,0.00014885,77,0.0,0.0,trending,,1000.0,0.0,0.0,,,1000.0,0.0,,trending,0.0,{},,50.0,,,,,,,998.5063762939162,0.0,0.0,0.0,998.5063762939162,0.0,0.0,0.0,-3.323414527485021e-05,0.0,1.0,0.0,,
2024-11-07 10:00:00,2822.15,2822.15,2805.71,2818.32,14182.3917,0.00014885,77,0.0,0.0,trending,,1000.0,0.0,0.0,,,1000.0,0.0,,trending,0.0,{},,51.0,,,,,,,998.5063762939162,0.0,0.0,0.0,998.5063762939162,0.0,0.0,0.0,-3.185288506723526e-05,0.0,1.0,0.0,,
2024-11-07 11:00:00,2818.33,2825.31,2790.0,2792.28,18355.242,0.00014885,77,0.0,0.0,trending,,1000.0,0.0,0.0,,,1000.0,0.0,,trending,0.0,{},,52.0,,,,,,,998.5063762939162,0.0,0.0,0.0,998.5063762939162,0.0,0.0,0.0,-2.086519708877715e-05,0.0,1.0,0.0,,
2024-11-07 12:00:00,2792.28,2821.25,2790.2,2818.57,14710.3317,0.00014885,77,0.0,0.0,trending,,1000.0,0.0,0.0,,,1000.0,0.0,,trending,0.0,{},,53.0,,,,,,,998.5063762939162,0.0,0.0,0.0,998.5063762939162,0.0,0.0,0.0,-2.764375269927784e-05,0.0,1.0,0.0,,
2024-11-07 13:00:00,2818.57,2822.97,2803.0,2805.0,16441.5217,0.00014885,77,0.0,0.0,trending,,1000.0,0.0,0.0,,,1000.0,0.0,,trending,0.0,{},,54.0,,,,,,,998.5063762939162,0.0,0.0,0.0,998.5063762939162,0.0,0.0,0.0,-2.2893640304481104e-05,0.0,1.0,0.0,,
2024-11-07 14:00:00,2805.0,2819.0,2776.0,2792.62,34614.3189,0.00014885,77,0.0,0.0,trending,,1000.0,0.0,0.0,,,1000.0,0.0,,trending,0.0,{},,55.0,,,,,,,998.5063762939162,0.0,0.0,0.0,998.5063762939162,0.0,0.0,0.0,-1.8748134218478106e-05,0.0,1.0,0.0,,
2024-11-07 15:00:00,2792.62,2849.0,2780.9,2847.49,34718.2763,0.00014885,77,0.0,0.0,trending,,1000.0,0.0,0.0,,,1000.0,0.0,,trending,0.0,{},,56.0,,,,,,,998.5063762939162,0.0,0.0,0.0,998.5063762939162,0.0,0.0,0.0,-3.512042221617791e-05,0.0,1.0,0.0,,
2024-11-07 16:00:00,2847.5,2852.47,2823.75,2844.64,24528.7219,0.0001,77,0.0,0.0,trending,,1000.0,0.0,0.0,,,1000.0,0.0,,trending,0.0,{},,57.0,,,,,,,998.5063762939162,0.0,0.0,0.0,998.5063762939162,0.0,0.0,0.0,-3.543054428639797e-05,0.0,1.0,0.0,,
2024-11-07 17:00:00,2844.64,2871.57,2833.34,2860.99,30098.0353,0.0001,77,0.0,0.0,trending,,1000.0,0.0,0.0,,,1000.0,0.0,,trending,0.0,{},,58.0,,,,,,,998.5063762939162,0.0,0.0,0.0,998.5063762939162,0.0,0.0,0.0,-4.231356002177873e-05,0.0,1.0,0.0,,
2024-11-07 18:00:00,2861.0,2890.0,2837.4,2879.17,30141.3725,0.0001,77,0.0,0.0,trending,,1000.0,0.0,0.0,,,1000.0,0.0,,trending,0.0,{},,59.0,,,,,,,998.5063762939162,0.0,0.0,0.0,998.5063762939162,0.0,0.0,0.0,-4.882814028933971e-05,0.0,1.0,0.0,,
2024-11-07 19:00:00,2879.16,2893.8,2850.99,2885.0,37051.7055,0.0001,77,0.0,0.0,trending,,1000.0,0.0,0.0,,,1000.0,0.0,,trending,0.0,{},,60.0,,,,,,,998.5063762939162,0.0,0.0,0.0,998.5063762939162,0.0,0.0,0.0,-5.259873011500699e-05,0.0,1.0,0.0,,
2024-11-07 20:00:00,2885.0,2907.75,2876.43,2896.68,36926.9359,0.0001,77,0.0,0.0,trending,,1000.0,0.0,0.0,,,1000.0,0.0,,trending,0.0,{},,61.0,,,,,,,998.5063762939162,0.0,0.0,0.0,998.5063762939162,0.0,0.0,0.0,-5.887755902118028e-05,0.0,1.0,0.0,,
2024-11-07 21:00:00,2896.68,2916.11,2888.11,2890.85,29819.5708,0.0001,77,0.0,0.0,trending,,1000.0,0.0,0.0,,,1000.0,0.0,,trending,0.0,{},,62.0,,,,,,,998.5063762939162,0.0,0.0,0.0,998.5063762939162,0.0,0.0,0.0,-6.055813735570408e-05,0.0,1.0,0.0,,
2024-11-07 22:00:00,2890.84,2895.77,2864.25,2881.41,18197.0703,0.0001,77,0.0,0.0,trending,,1000.0,0.0,0.0,,,1000.0,0.0,,trending,0.0,{},,63.0,,,,,,,998.5063762939162,0.0,0.0,0.0,998.5063762939162,0.0,0.0,0.0,-5.522999996818432e-05,0.0,1.0,0.0,,
2024-11-07 23:00:00,2881.42,2902.5,2867.54,2895.47,14511.0575,0.0001,77,0.0,0.0,trending,,1000.0,0.0,0.0,,,1000.0,0.0,,trending,0.0,{},,64.0,,,,,,,998.5063762939162,0.0,0.0,0.0,998.5063762939162,0.0,0.0,0.0,-6.776409584589697e-05,0.0,1.0,0.0,,
2024-11-08 00:00:00,2895.47,2954.94,2895.4,2907.07,50486.3286,0.0001,75,0.0,0.0,trending,,1000.0,0.0,0.0,,,1000.0,0.0,,trending,0.0,{},,65.0,,,,,,,998.5063762939162,0.0,0.0,0.0,998.5063762939162,0.0,0.0,0.0,-8.348814580004967e-05,0.0,1.0,0.0,,
2024-11-08 01:00:00,2907.08,2928.21,2897.49,2922.41,32117.6717,0.0001,75,0.0,0.0,trending,,1000.0,0.0,0.0,,,1000.0,0.0,,trending,0.0,{},,66.0,,,,,,,998.5063762939162,0.0,0.0,0.0,998.5063762939162,0.0,0.0,0.0,-8.45984599372067e-05,0.0,1.0,0.0,,
2024-11-08 02:00:00,2922.42,2928.3,2886.4,2889.65,24983.1131,0.0001,75,0.0,0.0,trending,,1000.0,0.0,0.0,,,1000.0,0.0,,trending,0.0,{},,67.0,,,,,,,998.5063762939162,0.0,0.0,0.0,998.5063762939162,0.0,0.0,0.0,-4.7871257771034155e-05,0.0,1.0,0.0,,
2024-11-08 03:00:00,2889.65,2909.0,2886.5,2902.42,18939.8191,0.0001,75,0.0,0.0,trending,,1000.0,0.0,0.0,,,1000.0,0.0,,trending,0.0,{},,68.0,,,,,,,998.5063762939162,0.0,0.0,0.0,998.5063762939162,0.0,0.0,0.0,-5.288911532847571e-05,0.0,1.0,0.0,,
2024-11-08 04:00:00,2902.42,2916.58,2900.0,2901.81,15380.1499,0.0001,75,0.0,0.0,trending,,1000.0,0.0,0.0,,,1000.0,0.0,,trending,0.0,{},,69.0,,,,,,,998.5063762939162,0.0,0.0,0.0,998.5063762939162,0.0,0.0,0.0,-5.09204816711798e-05,0.0,1.0,0.0,,
2024-11-08 05:00:00,2901.8,2924.2,2901.01,2924.19,16147.5021,0.0001,75,0.0,0.0,trending,,1000.0,0.0,0.0,,,1000.0,0.0,,trending,0.0,{},,70.0,,,,,,,998.5063762939162,0.0,0.0,0.0,998.5063762939162,0.0,0.0,0.0,-5.9046800157907255e-05,0.0,1.0,0.0,,
2024-11-08 06:00:00,2924.19,2924.19,2904.25,2908.63,10401.7625,0.0001,75,0.0,0.0,trending,,1000.0,0.0,0.0,,,1000.0,0.0,,trending,0.0,{},,71.0,,,,,,,998.5063762939162,0.0,0.0,0.0,998.5063762939162,0.0,0.0,0.0,-4.481328923798565e-05,0.0,1.0,0.0,,
2024-11-08 07:00:00,2908.63,2919.8,2892.0,2911.96,28812.3201,0.0001,75,0.0,0.0,trending,,1000.0,0.0,0.0,,,1000.0,0.0,,trending,0.0,{},,72.0,,,,,,,998.5063762939162,0.0,0.0,0.0,998.5063762939162,0.0,0.0,0.0,-4.653980157559806e-05,0.0,1.0,0.0,,
2024-11-08 08:00:00,2911.88,2913.62,2893.33,2899.18,18586.3002,0.0001,75,0.0,0.0,trending,,1000.0,0.0,0.0,,,1000.0,0.0,,trending,0.0,{},,73.0,,,,,,,998.5063762939162,0.0,0.0,0.0,998.5063762939162,0.0,0.0,0.0,-3.455354548988157e-05,0.0,1.0,0.0,,
2024-11-08 09:00:00,2899.18,2918.0,2897.61,2913.59,14823.9923,0.0001,75,0.0,0.0,trending,,1000.0,0.0,0.0,,,1000.0,0.0,,trending,0.0,{},,74.0,,,,,,,998.5063762939162,0.0,0.0,0.0,998.5063762939162,0.0,0.0,0.0,-4.376884379187512e-05,0.0,1.0,0.0,,
2024-11-08 10:00:00,2913.58,2930.89,2903.0,2923.52,16647.3739,0.0001,75,0.0,0.0,trending,,1000.0,0.0,0.0,,,1000.0,0.0,,trending,0.0,{},,75.0,,,,,,,998.5063762939162,0.0,0.0,0.0,998.5063762939162,0.0,0.0,0.0,-5.029507308462178e-05,0.0,1.0,0.0,,
2024-11-08 11:00:00,2923.52,2926.93,2913.8,2914.39,12135.2487,0.0001,75,0.0,0.0,trending,,1000.0,0.0,0.0,,,1000.0,0.0,,trending,0.0,{},,76.0,,,,,,,998.5063762939162,0.0,0.0,0.0,998.5063762939162,0.0,0.0,0.0,-4.451839111872429e-05,0.0,1.0,0.0,,
2024-11-08 12:00:00,2914.4,2940.8,2910.11,2936.48,18078.7252,0.0001,75,0.0,0.0,trending,,1000.0,0.0,0.0,,,1000.0,0.0,,trending,0.0,{},,77.0,,,,,,,998.5063762939162,0.0,0.0,0.0,998.5063762939162,0.0,0.0,0.0,-6.115600717045859e-05,0.0,1.0,0.0,,
2024-11-08 13:00:00,2936.49,2952.8,2924.6,2946.81,23434.0058,0.0001,75,0.0,0.0,trending,,1000.0,0.0,0.0,,,1000.0,0.0,,trending,0.0,{},,78.0,,,,,,,998.5063762939162,0.0,0.0,0.0,998.5063762939162,0.0,0.0,0.0,-7.329988151110182e-05,0.0,1.0,0.0,,
2024-11-08 14:00:00,2946.81,2956.56,2909.09,2913.1,33520.8842,0.0001,75,0.0,0.0,trending,,1000.0,0.0,0.0,,,1000.0,0.0,,trending,0.0,{},,79.0,,,,,,,998.5063762939162,0.0,0.0,0.0,998.5063762939162,0.0,0.0,0.0,-4.099540582443504e-05,0.0,1.0,0.0,,
2024-11-08 15:00:00,2913.09,2946.25,2903.0,2937.04,35074.4124,0.0001,75,0.0,0.0,trending,,1000.0,0.0,0.0,,,1000.0,0.0,,trending,0.0,{},,80.0,,,,,,,998.5063762939162,0.0,0.0,0.0,998.5063762939162,0.0,0.0,0.0,-6.888046130734209e-05,0.0,1.0,0.0,,
2024-11-08 16:00:00,2937.03,2944.66,2905.31,2906.37,31977.9563,0.0001,75,0.0,0.0,trending,,1000.0,0.0,0.0,,,1000.0,0.0,,trending,0.0,{},,81.0,,,,,,,998.5063762939162,0.0,0.0,0.0,998.5063762939162,0.0,0.0,0.0,-2.841370186396263e-05,0.0,1.0,0.0,,
2024-11-08 17:00:00,2906.36,2925.75,2890.04,2919.5,26417.5645,0.0001,75,0.0,0.0,trending,,1000.0,0.0,0.0,,,1000.0,0.0,,trending,0.0,{},,82.0,,,,,,,998.5063762939162,0.0,0.0,0.0,998.5063762939162,0.0,0.0,0.0,-5.144975194051406e-05,0.0,1.0,0.0,,
2024-11-08 18:00:00,2919.5,2971.21,2915.51,2957.93,40001.7836,0.0001,75,0.0,0.0,trending,,1000.0,0.0,0.0,,,1000.0,0.0,,trending,0.0,{},,83.0,,,,,,,998.5063762939162,0.0,0.0,0.0,998.5063762939162,0.0,0.0,0.0,-9.166867553884512e-05,0.0,1.0,0.0,,
2024-11-08 19:00:00,2957.93,2981.69,2949.94,2949.96,28108.4493,0.0001,75,0.0,0.0,trending,,1000.0,0.0,0.0,,,1000.0,0.0,,trending,0.0,{},,84.0,,,,,,,998.5063762939162,0.0,0.0,0.0,998.5063762939162,0.0,0.0,0.0,-7.53553043333779e-05,0.0,1.0,0.0,,
2024-11-08 20:00:00,2949.96,2958.71,2925.16,2935.0,26573.4954,0.0001,75,0.0,0.0,trending,,1000.0,0.0,0.0,,,1000.0,0.0,,trending,0.0,{},,85.0,,,,,,,998.5063762939162,0.0,0.0,0.0,998.5063762939162,0.0,0.0,0.0,-5.026132260242972e-05,0.0,1.0,0.0,,
2024-11-08 21:00:00,2935.0,2944.74,2915.8,2942.0,20227.5931,0.0001,75,0.0,0.0,trending,,1000.0,0.0,0.0,,,1000.0,0.0,,trending,0.0,{},,86.0,,,,,,,998.5063762939162,0.0,0.0,0.0,998.5063762939162,0.0,0.0,0.0,-5.9053770882761974e-05,0.0,1.0,0.0,,
2024-11-08 22:00:00,2942.0,2975.45,2940.63,2958.87,18935.4632,0.0001,75,0.0,0.0,trending,,1000.0,0.0,0.0,,,1000.0,0.0,,trending,0.0,{},,87.0,,,,,,,998.5063762939162,0.0,0.0,0.0,998.5063762939162,0.0,0.0,0.0,-7.875326339912419e-05,0.0,1.0,0.0,,
2024-11-08 23:00:00,2958.87,2962.43,2952.73,2961.75,7052.5198,0.0001,75,0.0,0.0,trending,,1000.0,0.0,0.0,,,1000.0,0.0,,trending,0.0,{},,88.0,,,,,,,998.5063762939162,0.0,0.0,0.0,998.5063762939162,0.0,0.0,0.0,-7.886447839364682e-05,0.0,1.0,0.0,,
2024-11-09 00:00:00,2961.75,2995.0,2954.56,2982.46,29219.739,0.0001,75,0.0,0.0,trending,,1000.0,0.0,0.0,,,1000.0,0.0,,trending,0.0,{},,89.0,,,,,,,998.5063762939162,0.0,0.0,0.0,998.5063762939162,0.0,0.0,0.0,-8.874982792485037e-05,0.0,1.0,0.0,,
2024-11-09 01:00:00,2982.45,2995.22,2975.61,2986.07,19966.1927,0.0001,75,0.0,0.0,trending,,1000.0,0.0,0.0,,,1000.0,0.0,,trending,0.0,{},,90.0,,,,,,,998.5063762939162,0.0,0.0,0.0,998.5063762939162,0.0,0.0,0.0,-8.206249134314885e-05,0.0,1.0,0.0,,
2024-11-09 02:00:00,2986.07,2987.08,2961.77,2975.99,19408.5425,0.0001,75,0.0,0.0,trending,,1000.0,0.0,0.0,,,1000.0,0.0,,trending,0.0,{},,91.0,,,,,,,998.5063762939162,0.0,0.0,0.0,998.5063762939162,0.0,0.0,0.0,-6.572563248009136e-05,0.0,1.0,0.0,,
2024-11-09 03:00:00,2975.88,2980.4,2962.2,2965.5,8363.7222,0.0001,75,0.0,0.0,trending,,1000.0,0.0,0.0,,,1000.0,0.0,,trending,0.0,{},,92.0,,,,,,,998.5063762939162,0.0,0.0,0.0,998.5063762939162,0.0,0.0,0.0,-4.9702172556078414e-05,0.0,1.0,0.0,,
2024-11-09 04:00:00,2965.5,2973.9,2953.71,2972.32,12281.9858,0.0001,75,0.0,0.0,trending,,1000.0,0.0,0.0,,,1000.0,0.0,,trending,0.0,{},,93.0,,,,,,,998.5063762939162,0.0,0.0,0.0,998.5063762939162,0.0,0.0,0.0,-5.691492924416819e-05,0.0,1.0,0.0,,
2024-11-09 05:00:00,2972.31,3051.22,2969.01,3039.61,58506.1155,0.0001,75,0.0,0.0,trending,,1000.0,0.0,0.0,,,1000.0,0.0,,trending,0.0,{},,94.0,,,,,,,998.5063762939162,0.0,0.0,0.0,998.5063762939162,0.0,0.0,0.0,-8.588179418681934e-05,0.0,1.0,0.0,,
2024-11-09 06:00:00,3039.61,3058.77,3030.0,3036.47,39745.3782,0.0001,75,0.0,0.0,trending,,1000.0,0.0,0.0,,,1000.0,0.0,,trending,0.0,{},,95.0,,,,,,,998.5063762939162,0.0,0.0,0.0,998.5063762939162,0.0,0.0,0.0,-7.312109767360536e-05,0.0,1.0,0.0,,
2024-11-09 07:00:00,3036.47,3042.53,3020.41,3030.38,18497.4587,0.0001,75,0.0,0.0,trending,,1000.0,0.0,0.0,,,1000.0,0.0,,trending,0.0,{},,96.0,,,,,,,998.5063762939162,0.0,0.0,0.0,998.5063762939162,0.0,0.0,0.0,-6.213666042034225e-05,0.0,1.0,0.0,,
2024-11-09 08:00:00,3030.37,3034.5,3021.46,3025.61,16313.5364,0.0001,75,0.0,0.0,trending,,1000.0,0.0,0.0,,,1000.0,0.0,,trending,0.0,{},,97.0,,,,,,,998.5063762939162,0.0,0.0,0.0,998.5063762939162,0.0,0.0,0.0,-5.607310752016152e-05,0.0,1.0,0.0,,
2024-11-09 09:00:00,3025.61,3050.0,3025.28,3046.0,20580.0258,0.0001,75,0.0,0.0,trending,,1000.0,0.0,0.0,,,1000.0,0.0,,trending,0.0,{},,98.0,,,,,,,998.5063762939162,0.0,0.0,0.0,998.5063762939162,0.0,0.0,0.0,-6.195875089913502e-05,0.0,1.0,0.0,,
2024-11-09 10:00:00,3045.99,3055.88,3040.18,3048.87,18961.6607,0.0001,75,0.0,0.0,trending,,1000.0,0.0,0.0,,,1000.0,0.0,,trending,0.0,{},,99.0,,,,,,,998.5063762939162,0.0,0.0,0.0,998.5063762939162,0.0,0.0,0.0,-5.997477357602999e-05,0.0,1.0,0.0,,
2024-11-09 11:00:00,3048.88,3055.0,3044.61,3051.6,13815.0712,0.0001,75,0.0,0.0,trending,,1000.0,0.0,0.0,,,1000.0,0.0,,trending,0.0,{},,100.0,,,,,,,998.5063762939162,0.0,0.0,0.0,998.5063762939162,0.0,0.0,0.0,-5.944401723809228e-05,0.0,1.0,0.0,,
2024-11-09 12:00:00,3051.59,3054.17,3030.0,3031.08,15969.539,0.0001,75,0.0,0.0,trending,,1000.0,0.0,0.0,,,1000.0,0.0,,trending,0.0,{},,101.0,,,,,,,998.5063762939162,0.0,0.0,0.0,998.5063762939162,0.0,0.0,0.0,-3.874883332883889e-05,0.0,1.0,0.0,,
2024-11-09 13:00:00,3031.08,3052.6,3031.08,3046.73,11846.7777,0.0001,75,0.0,0.0,trending,,1000.0,0.0,0.0,,,1000.0,0.0,,trending,0.0,{},,102.0,,,,,,,998.5063762939162,0.0,0.0,0.0,998.5063762939162,0.0,0.0,0.0,-4.512031826372129e-05,0.0,1.0,0.0,,
2024-11-09 14:00:00,3046.72,3046.73,3028.4,3040.96,14995.6277,0.0001,75,0.0,0.0,trending,,1000.0,0.0,0.0,,,1000.0,0.0,,trending,0.0,{},,103.0,,,,,,,998.5063762939162,0.0,0.0,0.0,998.5063762939162,0.0,0.0,0.0,-4.0749987363755615e-05,0.0,1.0,0.0,,
2024-11-09 15:00:00,3040.95,3049.0,3031.2,3040.88,10936.9409,0.0001,75,0.0,0.0,trending,,1000.0,0.0,0.0,,,1000.0,0.0,,trending,0.0,{},,104.0,,,,,,,998.5063762939162,0.0,0.0,0.0,998.5063762939162,0.0,0.0,0.0,-4.089628018045488e-05,0.0,1.0,0.0,,
2024-11-09 16:00:00,3040.85,3044.4,3019.15,3028.28,17817.3486,0.0001,75,0.0,0.0,trending,,1000.0,0.0,0.0,,,1000.0,0.0,,trending,0.0,{},,105.0,,,,,,,998.5063762939162,0.0,0.0,0.0,998.5063762939162,0.0,0.0,0.0,-3.0488690883304203e-05,0.0,1.0,0.0,,
2024-11-09 17:00:00,3028.28,3036.71,2990.58,3036.71,29786.9806,0.0001,75,0.0,0.0,trending,,1000.0,0.0,0.0,,,1000.0,0.0,,trending,0.0,{},,106.0,,,,,,,998.5063762939162,0.0,0.0,0.0,998.5063762939162,0.0,0.0,0.0,-3.875660351123772e-05,0.0,1.0,0.0,,
2024-11-09 18:00:00,3036.72,3050.0,3031.65,3049.51,10666.9646,0.0001,75,0.0,0.0,trending,,1000.0,0.0,0.0,,,1000.0,0.0,,trending,0.0,{},,107.0,,,,,,,998.5063762939162,0.0,0.0,0.0,998.5063762939162,0.0,0.0,0.0,-4.7794540806954507e-05,0.0,1.0,0.0,,
2024-11-09 19:00:00,3049.52,3094.55,3048.5,3070.39,40260.1152,0.0001,75,0.0,0.0,trending,,1000.0,0.0,0.0,,,1000.0,0.0,,trending,0.0,{},,108.0,,,,,,,998.5063762939162,0.0,0.0,0.0,998.5063762939162,0.0,0.0,0.0,-6.037921502735331e-05,0.0,1.0,0.0,,
2024-11-09 20:00:00,3070.4,3090.36,3065.56,3086.27,10243.3485,0.0001,75,0.0,0.0,trending,,1000.0,0.0,0.0,,,1000.0,0.0,,trending,0.0,{},,109.0,,,,,,,998.5063762939162,0.0,0.0,0.0,998.5063762939162,0.0,0.0,0.0,-7.006509655046353e-05,0.0,1.0,0.0,,
2024-11-09 21:00:00,3086.27,3087.0,3072.6,3076.97,8998.5187,0.0001,75,0.0,0.0,trending,,1000.0,0.0,0.0,,,1000.0,0.0,,trending,0.0,{},,110.0,,,,,,,998.5063762939162,0.0,0.0,0.0,998.5063762939162,0.0,0.0,0.0,-6.119173814783561e-05,0.0,1.0,0.0,,
2024-11-09 22:00:00,3076.97,3142.67,3073.13,3134.37,36580.2538,0.0001,75,0.0,0.0,trending,,1000.0,0.0,0.0,,,1000.0,0.0,,trending,0.0,{},,111.0,,,,,,,998.5063762939162,0.0,0.0,0.0,998.5063762939162,0.0,0.0,0.0,-8.011806314544845e-05,0.0,1.0,0.0,,
2024-11-09 23:00:00,3134.36,3157.4,3115.39,3126.21,42957.5772,0.0001,75,0.0,0.0,trending,,1000.0,0.0,0.0,,,1000.0,0.0,,trending,0.0,{},,112.0,,,,,,,998.5063762939162,0.0,0.0,0.0,998.5063762939162,0.0,0.0,0.0,-6.907801225358559e-05,0.0,1.0,0.0,,
2024-11-10 00:00:00,3126.2,3134.31,3112.0,3121.59,25010.6361,0.0001,78,0.0,0.0,trending,,1000.0,0.0,0.0,,,1000.0,0.0,,trending,0.0,{},,113.0,,,,,,,998.5063762939162,0.0,0.0,0.0,998.5063762939162,0.0,0.0,0.0,-6.22051114711984e-05,0.0,1.0,0.0,,
2024-11-10 01:00:00,3121.59,3123.0,3103.7,3119.24,21290.2186,0.0001,78,0.0,0.0,trending,,1000.0,0.0,0.0,,,1000.0,0.0,,trending,0.0,{},,114.0,,,,,,,998.5063762939162,0.0,0.0,0.0,998.5063762939162,0.0,0.0,0.0,-5.8829905701691774e-05,0.0,1.0,0.0,,
2024-11-10 02:00:00,3119.24,3151.41,3118.77,3126.99,30116.3262,0.0001,78,0.0,0.0,trending,,1000.0,0.0,0.0,,,1000.0,0.0,,trending,0.0,{},,115.0,,,,,,,998.5063762939162,0.0,0.0,0.0,998.5063762939162,0.0,0.0,0.0,-6.246594869553999e-05,0.0,1.0,0.0,,
2024-11-10 03:00:00,3126.99,3144.27,3118.31,3134.82,16152.3877,0.0001,78,0.0,0.0,trending,,1000.0,0.0,0.0,,,1000.0,0.0,,trending,0.0,{},,116.0,,,,,,,998.5063762939162,0.0,0.0,0.0,998.5063762939162,0.0,0.0,0.0,-6.824134735968785e-05,0.0,1.0,0.0,,
2024-11-10 04:00:00,3134.82,3186.76,3129.97,3181.02,51762.4488,0.0001,78,0.0,0.0,trending,,1000.0,0.0,0.0,,,1000.0,0.0,,trending,0.0,{},,117.0,,,,,,,998.5063762939162,0.0,0.0,0.0,998.5063762939162,0.0,0.0,0.0,-8.06307136052682e-05,0.0,1.0,0.0,,
2024-11-10 05:00:00,3181.02,3216.47,3166.83,3180.4,78445.945,0.0001,78,0.0,0.0,trending,,1000.0,0.0,0.0,,,1000.0,0.0,,trending,0.0,{},,118.0,,,,,,,998.5063762939162,0.0,0.0,0.0,998.5063762939162,0.0,0.0,0.0,-7.262328479390097e-05,0.0,1.0,0.0,,
2024-11-10 06:00:00,3180.41,3182.4,3163.02,3178.65,33583.9562,0.0001,78,0.0,0.0,trending,,1000.0,0.0,0.0,,,1000.0,0.0,,trending,0.0,{},,119.0,,,,,,,998.5063762939162,0.0,0.0,0.0,998.5063762939162,0.0,0.0,0.0,-6.647342648801893e-05,0.0,1.0,0.0,,
2024-11-10 07:00:00,3178.65,3202.83,3178.65,3185.89,24352.9829,0.0001,78,0.0,0.0,trending,,1000.0,0.0,0.0,,,1000.0,0.0,,trending,0.0,{},,120.0,,,,,,,998.5063762939162,0.0,0.0,0.0,998.5063762939162,0.0,0.0,0.0,-6.516339249902245e-05,0.0,1.0,0.0,,
2024-11-10 08:00:00,3185.89,3190.99,3168.81,3182.59,17359.2721,0.0001,78,0.0,0.0,trending,,1000.0,0.0,0.0,,,1000.0,0.0,,trending,0.0,{},,121.0,,,,,,,998.5063762939162,0.0,0.0,0.0,998.5063762939162,0.0,0.0,0.0,-6.042191688495336e-05,0.0,1.0,0.0,,
2024-11-10 09:00:00,3182.6,3199.44,3180.5,3187.6,16226.1567,0.0001,78,0.0,0.0,trending,,1000.0,0.0,0.0,,,1000.0,0.0,,trending,0.0,{},,122.0,,,,,,,998.5063762939162,0.0,0.0,0.0,998.5063762939162,0.0,0.0,0.0,-5.993592155487604e-05,0.0,1.0,0.0,,
2024-11-10 10:00:00,3187.6,3212.58,3183.6,3200.26,29636.6443,0.0001,78,0.0,0.0,trending,,1000.0,0.0,0.0,,,1000.0,0.0,,trending,0.0,{},,123.0,,,,,,,998.5063762939162,0.0,0.0,0.0,998.5063762939162,0.0,0.0,0.0,-6.114421778206351e-05,0.0,1.0,0.0,,
2024-11-10 11:00:00,3200.27,3230.0,3191.93,3220.0,32899.1917,0.0001,78,0.0,0.0,trending,,1000.0,0.0,0.0,,,1000.0,0.0,,trending,0.0,{},,124.0,,,,,,,998.5063762939162,0.0,0.0,0.0,998.5063762939162,0.0,0.0,0.0,-6.268183481265746e-05,0.0,1.0,0.0,,
2024-11-10 12:00:00,3220.01,3236.64,3178.45,3195.06,44324.9471,0.0001,78,0.0,0.0,trending,,1000.0,0.0,0.0,,,1000.0,0.0,,trending,0.0,{},,125.0,,,,,,,998.5063762939162,0.0,0.0,0.0,998.5063762939162,0.0,0.0,0.0,-4.199225623913265e-05,0.0,1.0,0.0,,
2024-11-10 13:00:00,3195.06,3208.0,3191.0,3201.8,18574.3203,0.0001,78,0.0,0.0,trending,,1000.0,0.0,0.0,,,1000.0,0.0,,trending,0.0,{},,126.0,,,,,,,998.5063762939162,0.0,0.0,0.0,998.5063762939162,0.0,0.0,0.0,-4.422763568863171e-05,0.0,1.0,0.0,,
2024-11-10 14:00:00,3201.81,3209.0,3167.56,3195.41,35734.1496,0.0001,78,0.0,0.0,trending,,1000.0,0.0,0.0,,,1000.0,0.0,,trending,0.0,{},,127.0,,,,,,,998.5063762939162,0.0,0.0,0.0,998.5063762939162,0.0,0.0,0.0,-4.00015205545855e-05,0.0,1.0,0.0,,
2024-11-10 15:00:00,3195.42,3210.0,3185.5,3209.53,28229.6019,0.0001,78,0.0,0.0,trending,,1000.0,0.0,0.0,,,1000.0,0.0,,trending,0.0,{},,128.0,,,,,,,998.5063762939162,0.0,0.0,0.0,998.5063762939162,0.0,0.0,0.0,-4.621687842651552e-05,0.0,1.0,0.0,,
2024-11-10 16:00:00,3209.52,3222.0,3190.8,3212.0,26713.2403,0.00026708,78,0.0,0.0,trending,,1000.0,0.0,0.0,,,1000.0,0.0,,trending,0.0,{},,129.0,,,,,,,998.5063762939162,0.0,0.0,0.0,998.5063762939162,0.0,0.0,0.0,-5.024590156677428e-05,0.0,1.0,0.0,,
2024-11-10 17:00:00,3212.0,3240.8,3205.57,3210.01,36725.0274,0.00026708,78,0.0,0.0,trending,,1000.0,0.0,0.0,,,1000.0,0.0,,trending,0.0,{},,130.0,,,,,,,998.5063762939162,0.0,0.0,0.0,998.5063762939162,0.0,0.0,0.0,-5.23431144024238e-05,0.0,1.0,0.0,,
2024-11-10 18:00:00,3210.01,3248.52,3210.0,3218.26,40207.3502,0.00026708,78,0.0,0.0,trending,,1000.0,0.0,0.0,,,1000.0,0.0,,trending,0.0,{},,131.0,,,,,,,998.5063762939162,0.0,0.0,0.0,998.5063762939162,0.0,0.0,0.0,-6.0946657306682176e-05,0.0,1.0,0.0,,
2024-11-10 19:00:00,3218.26,3233.61,3150.0,3164.27,63965.1,0.00026708,78,0.0,0.0,trending,,1000.0,0.0,0.0,,,1000.0,0.0,,trending,0.0,{},,132.0,,,,,,,998.5063762939162,0.0,0.0,0.0,998.5063762939162,0.0,0.0,0.0,-8.355199144414386e-06,0.0,1.0,0.0,,
2024-11-10 20:00:00,3164.27,3184.26,3115.21,3117.36,61713.0962,0.00026708,78,0.0,0.0,trending,,1000.0,0.0,0.0,,,1000.0,0.0,,trending,0.0,{},,133.0,,,,,,,998.5063762939162,0.0,0.0,0.0,998.5063762939162,0.0,0.0,0.0,2.5860043628089507e-05,0.0,1.0,0.0,,
2024-11-10 21:00:00,3117.36,3186.14,3069.0,3169.33,61873.4308,0.00026708,78,0.0,0.0,trending,,1000.0,0.0,0.0,,,1000.0,0.0,,trending,0.0,{},,134.0,,,,,,,998.5063762939162,0.0,0.0,0.0,998.5063762939162,0.0,0.0,0.0,-1.2271136522544758e-05,0.0,1.0,0.0,,
2024-11-10 22:00:00,3169.34,3225.99,3148.18,3184.36,48659.7697,0.00026708,78,0.0,0.0,trending,,1000.0,0.0,0.0,,,1000.0,0.0,,trending,0.0,{},,135.0,,,,,,,998.5063762939162,0.0,0.0,0.0,998.5063762939162,0.0,0.0,0.0,-2.2611577176632833e-05,0.0,1.0,0.0,,
2024-11-10 23:00:00,3184.38,3195.47,3172.09,3183.21,21980.5324,0.00026708,78,0.0,0.0,trending,,1000.0,0.0,0.0,,,1000.0,0.0,,trending,0.0,{},,136.0,,,,,,,998.5063762939162,0.0,0.0,0.0,998.5063762939162,0.0,0.0,0.0,-2.2774753993096853e-05,0.0,1.0,0.0,,
2024-11-11 00:00:00,3183.2,3205.22,3174.47,3193.5,30108.1177,0.00026708,76,0.0,0.0,trending,,1000.0,0.0,0.0,,,1000.0,0.0,,trending,0.0,{},,137.0,,,,,,,998.5063762939162,0.0,0.0,0.0,998.5063762939162,0.0,0.0,0.0,-3.2552120949077e-05,0.0,1.0,0.0,,
2024-11-11 01:00:00,3193.57,3221.8,3183.04,3199.2,21777.2148,0.00028976,76,0.0,0.0,trending,,1000.0,0.0,0.0,,,1000.0,0.0,,trending,0.0,{},,138.0,,,,,,,998.5063762939162,0.0,0.0,0.0,998.5063762939162,0.0,0.0,0.0,-4.104262087608128e-05,0.0,1.0,0.0,,
2024-11-11 02:00:00,3199.2,3214.0,3192.0,3202.28,19060.9787,0.00028976,76,0.0,0.0,trending,,1000.0,0.0,0.0,,,1000.0,0.0,,trending,0.0,{},,139.0,,,,,,,998.5063762939162,0.0,0.0,0.0,998.5063762939162,0.0,0.0,0.0,-4.8868719520201944e-05,0.0,1.0,0.0,,
2024-11-11 03:00:00,3202.29,3202.94,3171.16,3195.07,23264.8303,0.00028976,76,0.0,0.0,trending,,1000.0,0.0,0.0,,,1000.0,0.0,,trending,0.0,{},,140.0,,,,,,,998.5063762939162,0.0,0.0,0.0,998.5063762939162,0.0,0.0,0.0,-4.302928086923968e-05,0.0,1.0,0.0,,
2024-11-11 04:00:00,3195.08,3196.98,3164.48,3180.2,21772.1932,0.00028976,76,0.0,0.0,trending,,1000.0,0.0,0.0,,,1000.0,0.0,,trending,0.0,{},,141.0,,,,,,,998.5063762939162,0.0,0.0,0.0,998.5063762939162,0.0,0.0,0.0,-1.8487398459717466e-05,0.0,1.0,0.0,,
2024-11-11 05:00:00,3180.2,3184.0,3105.0,3129.62,39536.6198,0.00028976,76,0.0,0.0,trending,,1000.0,0.0,0.0,,,1000.0,0.0,,trending,0.0,{},,142.0,,,,,,,998.5063762939162,0.0,0.0,0.0,998.5063762939162,0.0,0.0,0.0,4.201097358595508e-05,0.0,1.0,0.0,,
2024-11-11 06:00:00,3129.62,3149.73,3117.32,3137.65,25171.5835,0.00028976,76,0.0,0.0,trending,,1000.0,0.0,0.0,,,1000.0,0.0,,trending,0.0,{},,143.0,,,,,,,998.5063762939162,0.0,0.0,0.0,998.5063762939162,0.0,0.0,0.0,2.9014967052799628e-05,0.0,1.0,0.0,,
2024-11-11 07:00:00,3137.65,3146.05,3127.24,3140.16,17153.4923,0.00028976,76,0.0,0.0,trending,,1000.0,0.0,0.0,,,1000.0,0.0,,trending,0.0,{},,144.0,,,,,,,998.5063762939162,0.0,0.0,0.0,998.5063762939162,0.0,0.0,0.0,2.4387907055234256e-05,0.0,1.0,0.0,,
2024-11-11 08:00:00,3140.16,3152.93,3132.1,3149.28,19840.6535,0.0001881,76,0.0,0.0,trending,,1000.0,0.0,0.0,,,1000.0,0.0,,trending,0.0,{},,145.0,,,,,,,998.5063762939162,0.0,0.0,0.0,998.5063762939162,0.0,0.0,0.0,1.3095906420720073e-05,0.0,1.0,0.0,,
2024-11-11 09:00:00,3149.27,3185.4,3142.0,3173.99,23118.4467,0.0001881,76,0.0,0.0,trending,,1000.0,0.0,0.0,,,1000.0,0.0,,trending,0.0,{},,146.0,,,,,,,998.5063762939162,0.0,0.0,0.0,998.5063762939162,0.0,0.0,0.0,-1.2724102631492008e-05,0.0,1.0,0.0,,
2024-11-11 10:00:00,3174.0,3212.49,3170.58,3190.99,30472.4723,0.0001881,76,0.0,0.0,trending,,1000.0,0.0,0.0,,,1000.0,0.0,,trending,0.0,{},,147.0,,,,,,,998.5063762939162,0.0,0.0,0.0,998.5063762939162,0.0,0.0,0.0,-2.836050879658931e-05,0.0,1.0,0.0,,
2024-11-11 11:00:00,3190.98,3204.07,3180.51,3197.79,18490.4278,0.0001881,76,0.0,0.0,trending,,1000.0,0.0,0.0,,,1000.0,0.0,,trending,0.0,{},,148.0,,,,,,,998.5063762939162,0.0,0.0,0.0,998.5063762939162,0.0,0.0,0.0,-3.542851977843117e-05,0.0,1.0,0.0,,
2024-11-11 12:00:00,3197.79,3208.42,3152.36,3172.64,47946.2888,0.0001881,76,0.0,0.0,trending,,1000.0,0.0,0.0,,,1000.0,0.0,,trending,0.0,{},,149.0,,,,,,,998.5063762939162,0.0,0.0,0.0,998.5063762939162,0.0,0.0,0.0,-6.292548693549189e-06,0.0,1.0,0.0,,
2024-11-11 13:00:00,3172.65,3176.96,3139.5,3152.19,28700.2871,0.0001881,76,0.0,0.0,trending,,1000.0,0.0,0.0,,,1000.0,0.0,,trending,0.0,{},,150.0,,,,,,,998.5063762939162,0.0,0.0,0.0,998.5063762939162,0.0,0.0,0.0,1.4596559599806442e-05,0.0,1.0,0.0,,
2024-11-11 14:00:00,3152.19,3190.35,3144.69,3182.8,41504.7591,0.0001881,76,0.0,0.0,trending,,1000.0,0.0,0.0,,,1000.0,0.0,,trending,0.0,{},,151.0,,,,,,,998.5063762939162,0.0,0.0,0.0,998.5063762939162,0.0,0.0,0.0,-1.583138056403854e-05,0.0,1.0,0.0,,
2024-11-11 15:00:00,3182.81,3256.4,3174.51,3236.98,84113.0724,0.0001881,76,0.0,0.0,trending,,1000.0,0.0,0.0,,,1000.0,0.0,,trending,0.0,{},,152.0,,,,,,,998.5063762939162,0.0,0.0,0.0,998.5063762939162,0.0,0.0,0.0,-5.215969372172161e-05,0.0,1.0,0.0,,
2024-11-11 16:00:00,3236.97,3311.48,3233.63,3276.7,104305.6765,0.00017298,76,0.0,0.0,trending,,1000.0,0.0,0.0,,,1000.0,0.0,,trending,0.0,{},,153.0,,,,,,,998.5063762939162,0.0,0.0,0.0,998.5063762939162,0.0,0.0,0.0,-6.0675749928601414e-05,0.0,1.0,0.0,,
2024-11-11 17:00:00,3276.71,3323.05,3272.51,3294.2,57644.7134,0.00017298,76,0.0,0.0,trending,,1000.0,0.0,0.0,,,1000.0,0.0,,trending,0.0,{},,154.0,,,,,,,998.5063762939162,0.0,0.0,0.0,998.5063762939162,0.0,0.0,0.0,-5.653413713604638e-05,0.0,1.0,0.0,,
2024-11-11 18:00:00,3294.29,3328.19,3270.75,3323.61,49413.2628,0.00017298,76,0.0,0.0,trending,,1000.0,0.0,0.0,,,1000.0,0.0,,trending,0.0,{},,155.0,,,,,,,998.5063762939162,0.0,0.0,0.0,998.5063762939162,0.0,0.0,0.0,-5.384030128613324e-05,0.0,1.0,0.0,,
2024-11-11 19:00:00,3323.61,3346.4,3294.09,3300.2,53011.5146,0.00017298,76,0.0,0.0,trending,,1000.0,0.0,0.0,,,1000.0,0.0,,trending,0.0,{},,156.0,,,,,,,998.5063762939162,0.0,0.0,0.0,998.5063762939162,0.0,0.0,0.0,-3.741162519588438e-05,0.0,1.0,0.0,,
2024-11-11 20:00:00,3300.21,3368.18,3291.69,3353.78,58221.1147,0.00017298,76,0.0,0.0,trending,,1000.0,0.0,0.0,,,1000.0,0.0,,trending,0.0,{},,157.0,,,,,,,998.5063762939162,0.0,0.0,0.0,998.5063762939162,0.0,0.0,0.0,-4.332264741986911e-05,0.0,1.0,0.0,,
2024-11-11 21:00:00,3353.78,3365.92,3316.13,3323.49,58996.8003,0.00017298,76,0.0,0.0,trending,,1000.0,0.0,0.0,,,1000.0,0.0,,trending,0.0,{},,158.0,,,,,,,998.5063762939162,0.0,0.0,0.0,998.5063762939162,0.0,0.0,0.0,-2.918445478846298e-05,0.0,1.0,0.0,,
2024-11-11 22:00:00,3323.49,3342.56,3280.0,3341.8,53896.3682,0.00017298,76,0.0,0.0,trending,,1000.0,0.0,0.0,,,1000.0,0.0,,trending,0.0,{},,159.0,,,,,,,998.5063762939162,0.0,0.0,0.0,998.5063762939162,0.0,0.0,0.0,-3.0175153253261306e-05,0.0,1.0,0.0,,
2024-11-11 23:00:00,3341.8,3387.61,3334.33,3371.59,72573.0779,0.00017298,76,0.0,0.0,trending,,1000.0,0.0,0.0,,,1000.0,0.0,,trending,0.0,{},,160.0,,,,,,,998.5063762939162,0.0,0.0,0.0,998.5063762939162,0.0,0.0,0.0,-3.1852992830626617e-05,0.0,1.0,0.0,,
2024-11-12 00:00:00,3371.59,3374.78,3248.42,3342.46,66001.5559,0.00017298,80,0.0,0.0,trending,,1000.0,0.0,0.0,,,1000.0,0.0,,trending,0.0,{},,161.0,,,,,,,998.5063762939162,0.0,0.0,0.0,998.5063762939162,0.0,0.0,0.0,-2.1902427948958352e-05,0.0,1.0,0.0,,
2024-11-12 01:00:00,3342.45,3345.77,3299.0,3317.99,39013.0853,0.00017687,80,0.0,0.0,trending,,1000.0,0.0,0.0,,,1000.0,0.0,,trending,0.0,{},,162.0,,,,,,,998.5063762939162,0.0,0.0,0.0,998.5063762939162,0.0,0.0,0.0,-1.4858522499754928e-05,0.0,1.0,0.0,,
2024-11-12 02:00:00,3317.99,3335.22,3281.08,3306.04,36695.5575,0.00017687,80,0.0,0.0,trending,,1000.0,0.0,0.0,,,1000.0,0.0,,trending,0.0,{},,163.0,,,,,,,998.5063762939162,0.0,0.0,0.0,998.5063762939162,0.0,0.0,0.0,-1.1584934809762836e-05,0.0,1.0,0.0,,
2024-11-12 03:00:00,3306.04,3338.0,3292.5,3335.6,34273.5885,0.00017687,80,0.0,0.0,trending,,1000.0,0.0,0.0,,,1000.0,0.0,,trending,0.0,{},,164.0,,,,,,,998.5063762939162,0.0,0.0,0.0,998.5063762939162,0.0,0.0,0.0,-1.6547657717364166e-05,0.0,1.0,0.0,,
2024-11-12 04:00:00,3335.59,3350.92,3314.98,3326.57,35136.1369,0.00017687,80,0.0,0.0,trending,,1000.0,0.0,0.0,,,1000.0,0.0,,trending,0.0,{},,165.0,,,,,,,998.5063762939162,0.0,0.0,0.0,998.5063762939162,0.0,0.0,0.0,-1.4081721211854309e-05,0.0,1.0,0.0,,
2024-11-12 05:00:00,3326.57,3347.72,3316.74,3329.01,25374.8904,0.00017687,80,0.0,0.0,trending,,1000.0,0.0,0.0,,,1000.0,0.0,,trending,0.0,{},,166.0,,,,,,,998.5063762939162,0.0,0.0,0.0,998.5063762939162,0.0,0.0,0.0,-1.507031803710906e-05,0.0,1.0,0.0,,
2024-11-12 06:00:00,3329.01,3394.09,3321.31,3379.87,38700.9585,0.00017687,80,0.0,0.0,trending,,1000.0,0.0,0.0,,,1000.0,0.0,,trending,0.0,{},,167.0,,,,,,,998.5063762939162,0.0,0.0,0.0,998.5063762939162,0.0,0.0,0.0,-2.4097985123143287e-05,0.0,1.0,0.0,,
2024-11-12 07:00:00,3379.87,3383.44,3348.6,3368.72,30751.2891,0.00017687,80,0.0,0.0,trending,,1000.0,0.0,0.0,,,1000.0,0.0,,trending,0.0,{},,168.0,,,,,,,998.5063762939162,0.0,0.0,0.0,998.5063762939162,0.0,0.0,0.0,-2.149228650890943e-05,0.0,1.0,0.0,,
2024-11-12 08:00:00,3368.72,3424.92,3361.55,3420.64,41716.3611,0.0005762,80,0.0,0.0,trending,,1000.0,0.0,0.0,,,1000.0,0.0,,trending,0.0,{},,169.0,,,,,,,998.5063762939162,0.0,0.0,0.0,998.5063762939162,0.0,0.0,0.0,-2.9445816118264586e-05,0.0,1.0,0.0,,
2024-11-12 09:00:00,3420.64,3442.5,3347.94,3358.53,66622.2457,0.0005762,80,0.0,0.0,trending,,1000.0,0.0,0.0,,,1000.0,0.0,,trending,0.0,{},,170.0,,,,,,,998.5063762939162,0.0,0.0,0.0,998.5063762939162,0.0,0.0,0.0,-1.3217213558792411e-05,0.0,1.0,0.0,,
2024-11-12 10:00:00,3358.54,3377.4,3207.67,3281.13,122005.7702,0.0005762,80,0.0,0.0,trending,,1000.0,0.0,0.0,,,1000.0,0.0,,trending,0.0,{},,171.0,,,,,,,998.5063762939162,0.0,0.0,0.0,998.5063762939162,0.0,0.0,0.0,3.8142014429726303e-06,0.0,1.0,0.0,,
2024-11-12 11:00:00,3281.14,3315.05,3259.36,3282.42,50205.2854,0.0005762,80,0.0,0.0,trending,,1000.0,0.0,0.0,,,1000.0,0.0,,trending,0.0,{},,172.0,,,,,,,998.5063762939162,0.0,0.0,0.0,998.5063762939162,0.0,0.0,0.0,3.7123038518796866e-06,0.0,1.0,0.0,,
2024-11-12 12:00:00,3282.41,3296.93,3225.0,3251.0,44176.8295,0.0005762,80,0.0,0.0,trending,,1000.0,0.0,0.0,,,1000.0,0.0,,trending,0.0,{},,173.0,,,,,,,998.5063762939162,0.0,0.0,0.0,998.5063762939162,0.0,0.0,0.0,1.151896840850731e-05,0.0,1.0,0.0,,
2024-11-12 13:00:00,3251.01,3274.0,3208.33,3261.54,56436.1332,0.0005762,80,0.0,0.0,trending,,1000.0,0.0,0.0,,,1000.0,0.0,,trending,0.0,{},,174.0,,,,,,,998.5063762939162,0.0,0.0,0.0,998.5063762939162,0.0,0.0,0.0,9.904810747782374e-06,0.0,1.0,0.0,,
2024-11-12 14:00:00,3261.53,3291.46,3230.0,3285.25,51892.874,0.0005762,80,0.0,0.0,trending,,1000.0,0.0,0.0,,,1000.0,0.0,,trending,0.0,{},,175.0,,,,,,,998.5063762939162,0.0,0.0,0.0,998.5063762939162,0.0,0.0,0.0,2.3889699392506707e-06,0.0,1.0,0.0,,
2024-11-12 15:00:00,3285.26,3292.5,3250.32,3261.65,35791.6297,0.0005762,80,0.0,0.0,trending,,1000.0,0.0,0.0,,,1000.0,0.0,,trending,0.0,{},,176.0,,,,,,,998.5063762939162,0.0,0.0,0.0,998.5063762939162,0.0,0.0,0.0,1.1261157845466845e-05,0.0,1.0,0.0,,
2024-11-12 16:00:00,3261.72,3272.29,3209.5,3253.0,42022.7353,0.00046001,80,0.0,0.0,trending,,1000.0,0.0,0.0,,,1000.0,0.0,,trending,0.0,{},,177.0,,,,,,,998.5063762939162,0.0,0.0,0.0,998.5063762939162,0.0,0.0,0.0,1.4030025796269287e-05,0.0,1.0,0.0,,
2024-11-12 17:00:00,3253.0,3271.6,3226.03,3228.43,19439.5524,0.00046001,80,0.0,0.0,trending,,1000.0,0.0,0.0,,,1000.0,0.0,,trending,0.0,{},,178.0,,,,,,,998.5063762939162,0.0,0.0,0.0,998.5063762939162,0.0,0.0,0.0,2.10572107556117e-05,0.0,1.0,0.0,,
2024-11-12 18:00:00,3228.44,3288.55,3226.13,3282.41,24837.2281,0.00046001,80,0.0,0.0,trending,,1000.0,0.0,0.0,,,1000.0,0.0,,trending,0.0,{},,179.0,,,,,,,998.5063762939162,0.0,0.0,0.0,998.5063762939162,0.0,0.0,0.0,5.644381778346417e-08,0.0,1.0,0.0,,
2024-11-12 19:00:00,3282.41,3304.57,3270.63,3272.82,30933.9979,0.00046001,80,0.0,0.0,trending,,1000.0,0.0,0.0,,,1000.0,0.0,,trending,0.0,{},,180.0,,,,,,,998.5063762939162,0.0,0.0,0.0,998.5063762939162,0.0,0.0,0.0,3.2987336778798173e-06,0.0,1.0,0.0,,
2024-11-12 20:00:00,3272.94,3304.78,3258.3,3286.0,21686.108,0.00046001,80,0.0,0.0,trending,,1000.0,0.0,0.0,,,1000.0,0.0,,trending,0.0,{},,181.0,,,,,,,998.5063762939162,0.0,0.0,0.0,998.5063762939162,0.0,0.0,0.0,-1.4554491642684155e-06,0.0,1.0,0.0,,
2024-11-12 21:00:00,3286.0,3291.82,3251.25,3278.24,20891.6148,0.00046001,80,0.0,0.0,trending,,1000.0,0.0,0.0,,,1000.0,0.0,,trending,0.0,{},,182.0,,,,,,,998.5063762939162,0.0,0.0,0.0,998.5063762939162,0.0,0.0,0.0,1.4505207695230053e-06,0.0,1.0,0.0,,
2024-11-12 22:00:00,3278.24,3291.72,3253.32,3288.4,16460.1502,0.00046001,80,0.0,0.0,trending,,1000.0,0.0,0.0,,,1000.0,0.0,,trending,0.0,{},,183.0,,,,,,,998.5063762939162,0.0,0.0,0.0,998.5063762939162,0.0,0.0,0.0,-2.5180232570411987e-06,0.0,1.0,0.0,,
2024-11-12 23:00:00,3288.4,3288.4,3238.63,3243.8,22150.1509,0.00046001,80,0.0,0.0,trending,,1000.0,0.0,0.0,,,1000.0,0.0,,trending,0.0,{},,184.0,,,,,,,998.5063762939162,0.0,0.0,0.0,998.5063762939162,0.0,0.0,0.0,1.4301271812237952e-05,0.0,1.0,0.0,,
2024-11-13 00:00:00,3243.79,3267.34,3222.22,3249.25,27945.6784,0.00013607,84,0.0,0.0,trending,,1000.0,0.0,0.0,,,1000.0,0.0,,trending,0.0,{},,185.0,,,,,,,998.5063762939162,0.0,0.0,0.0,998.5063762939162,0.0,0.0,0.0,1.182070308777619e-05,0.0,1.0,0.0,,
2024-11-13 01:00:00,3249.25,3285.52,3239.51,3271.01,36486.3603,0.00013607,84,0.0,0.0,trending,,1000.0,0.0,0.0,,,1000.0,0.0,,trending,0.0,{},,186.0,,,,,,,998.5063762939162,0.0,0.0,0.0,998.5063762939162,0.0,0.0,0.0,2.4921928805902897e-06,0.0,1.0,0.0,,
2024-11-13 02:00:00,3271.01,3276.66,3206.9,3252.01,35129.6175,0.00013607,84,0.0,0.0,trending,,1000.0,0.0,0.0,,,1000.0,0.0,,trending,0.0,{},,187.0,,,,,,,998.5063762939162,0.0,0.0,0.0,998.5063762939162,0.0,0.0,0.0,9.722063848542609e-06,0.0,1.0,0.0,,
2024-11-13 03:00:00,3252.01,3258.2,3201.83,3207.99,30887.882,0.00013607,84,0.0,0.0,trending,,1000.0,0.0,0.0,,,1000.0,0.0,,trending,0.0,{},,188.0,,,,,,,998.5063762939162,0.0,0.0,0.0,998.5063762939162,0.0,0.0,0.0,2.3871893402447598e-05,0.0,1.0,0.0,,
2024-11-13 04:00:00,3207.99,3230.19,3150.0,3190.06,54389.8206,0.00013607,84,0.0,0.0,trending,,1000.0,0.0,0.0,,,1000.0,0.0,,trending,0.0,{},,189.0,,,,,,,998.5063762939162,0.0,0.0,0.0,998.5063762939162,0.0,0.0,0.0,2.7605038904395053e-05,0.0,1.0,0.0,,
2024-11-13 05:00:00,3190.06,3190.19,3129.8,3140.91,37630.3935,0.00013607,84,0.0,0.0,trending,,1000.0,0.0,0.0,,,1000.0,0.0,,trending,0.0,{},,190.0,,,,,,,998.5063762939162,0.0,0.0,0.0,998.5063762939162,0.0,0.0,0.0,3.6039593515320114e-05,0.0,1.0,0.0,,
2024-11-13 06:00:00,3140.9,3156.25,3116.69,3126.96,35782.6937,0.00013607,84,0.0,0.0,trending,,1000.0,0.0,0.0,,,1000.0,0.0,,trending,0.0,{},,191.0,,,,,,,998.5063762939162,0.0,0.0,0.0,998.5063762939162,0.0,0.0,0.0,3.721331201957946e-05,0.0,1.0,0.0,,
2024-11-13 07:00:00,3126.97,3164.32,3126.14,3160.89,25690.7089,0.00013607,84,0.0,0.0,trending,,1000.0,0.0,0.0,,,1000.0,0.0,,trending,0.0,{},,192.0,,,,,,,998.5063762939162,0.0,0.0,0.0,998.5063762939162,0.0,0.0,0.0,2.414758039839107e-05,0.0,1.0,0.0,,
2024-11-13 08:00:00,3160.89,3182.35,3144.0,3158.75,22219.8762,0.00013607,84,0.0,0.0,trending,,1000.0,0.0,0.0,,,1000.0,0.0,,trending,0.0,{},,193.0,,,,,,,998.5063762939162,0.0,0.0,0.0,998.5063762939162,0.0,0.0,0.0,2.8095560984372912e-05,0.0,1.0,0.0,,
2024-11-13 09:00:00,3158.74,3169.8,3140.75,3162.0,15496.8198,0.00033556,84,0.0,0.0,trending,,1000.0,0.0,0.0,,,1000.0,0.0,,trending,0.0,{},,194.0,,,,,,,998.5063762939162,0.0,0.0,0.0,998.5063762939162,0.0,0.0,0.0,2.8205164591726165e-05,0.0,1.0,0.0,,
2024-11-13 10:00:00,3161.99,3168.79,3143.01,3167.62,21218.5049,0.00033556,84,0.0,0.0,trending,,1000.0,0.0,0.0,,,1000.0,0.0,,trending,0.0,{},,195.0,,,,,,,998.5063762939162,0.0,0.0,0.0,998.5063762939162,0.0,0.0,0.0,2.4879600289799822e-05,0.0,1.0,0.0,,
2024-11-13 11:00:00,3167.61,3191.74,3163.7,3168.0,24758.3536,0.00033556,84,0.0,0.0,trending,,1000.0,0.0,0.0,,,1000.0,0.0,,trending,0.0,{},,196.0,,,,,,,998.5063762939162,0.0,0.0,0.0,998.5063762939162,0.0,0.0,0.0,2.4495625721287686e-05,0.0,1.0,0.0,,
2024-11-13 12:00:00,3168.0,3178.39,3152.15,3164.4,16853.0571,0.00033556,84,0.0,0.0,trending,,1000.0,0.0,0.0,,,1000.0,0.0,,trending,0.0,{},,197.0,,,,,,,998.5063762939162,0.0,0.0,0.0,998.5063762939162,0.0,0.0,0.0,2.524537413127381e-05,0.0,1.0,0.0,,
2024-11-13 13:00:00,3164.41,3241.77,3155.11,3215.28,69417.3729,0.00033556,84,0.0,0.0,trending,,1000.0,0.0,0.0,,,1000.0,0.0,,trending,0.0,{},,198.0,,,,,,,998.5063762939162,0.0,0.0,0.0,998.5063762939162,0.0,0.0,0.0,6.509503150832742e-07,0.0,1.0,0.0,,
2024-11-13 14:00:00,3215.28,3328.53,3194.52,3320.2,102452.1542,0.00033556,84,0.0,0.0,trending,,1000.0,0.0,0.0,,,1000.0,0.0,,trending,0.0,{},,199.0,,,,,,,998.5063762939162,0.0,0.0,0.0,998.5063762939162,0.0,0.0,0.0,-2.9525529672731347e-05,0.0,1.0,0.0,,
2024-11-13 15:00:00,3320.19,3320.27,3261.29,3309.28,64401.4675,0.00033556,84,0.0,0.0,trending,,1000.0,0.0,0.0,,,1000.0,0.0,,trending,0.0,{},,200.0,,,,,,,998.5063762939162,0.0,0.0,0.0,998.5063762939162,0.0,0.0,0.0,-2.448210782875143e-05,0.0,1.0,0.0,,
2024-11-13 16:00:00,3309.28,3331.0,3255.89,3285.0,61264.367,0.00012894,84,0.0,0.0,trending,,1000.0,0.0,0.0,,,1000.0,0.0,,trending,0.0,{},,201.0,,,,,,,998.5063762939162,0.0,0.0,0.0,998.5063762939162,0.0,0.0,0.0,-1.5653009164957324e-05,0.0,1.0,0.0,,
2024-11-13 17:00:00,3285.01,3304.0,3262.6,3274.22,29158.1163,0.00012894,84,0.0,0.0,trending,,1000.0,0.0,0.0,,,1000.0,0.0,,trending,0.0,{},,202.0,,,,,,,998.5063762939162,0.0,0.0,0.0,998.5063762939162,0.0,0.0,0.0,-1.1825167763535087e-05,0.0,1.0,0.0,,
2024-11-13 18:00:00,3274.22,3286.33,3253.72,3270.23,24508.4599,0.00012894,84,0.0,0.0,trending,,1000.0,0.0,0.0,,,1000.0,0.0,,trending,0.0,{},,203.0,,,,,,,998.5063762939162,0.0,0.0,0.0,998.5063762939162,0.0,0.0,0.0,-1.0513928173643717e-05,0.0,1.0,0.0,,
2024-11-13 19:00:00,3270.23,3273.2,3155.0,3158.81,78205.3326,0.00012894,84,0.0,0.0,trending,,1000.0,0.0,0.0,,,1000.0,0.0,,trending,0.0,{},,204.0,,,,,,,998.5063762939162,0.0,0.0,0.0,998.5063762939162,0.0,0.0,0.0,2.050469541374992e-05,0.0,1.0,0.0,,
2024-11-13 20:00:00,3158.8,3198.52,3127.0,3168.39,42482.0255,0.00012894,84,0.0,0.0,trending,,1000.0,0.0,0.0,,,1000.0,0.0,,trending,0.0,{},,205.0,,,,,,,998.5063762939162,0.0,0.0,0.0,998.5063762939162,0.0,0.0,0.0,1.7558042679414714e-05,0.0,1.0,0.0,,
2024-11-13 21:00:00,3168.38,3172.5,3118.39,3151.45,36182.7375,0.00012894,84,0.0,0.0,trending,,1000.0,0.0,0.0,,,1000.0,0.0,,trending,0.0,{},,206.0,,,,,,,998.5063762939162,0.0,0.0,0.0,998.5063762939162,0.0,0.0,0.0,2.1566533929285367e-05,0.0,1.0,0.0,,
2024-11-13 22:00:00,3151.44,3187.07,3140.7,3179.8,13238.9586,0.00012894,84,0.0,0.0,trending,,1000.0,0.0,0.0,,,1000.0,0.0,,trending,0.0,{},,207.0,,,,,,,998.5063762939162,0.0,0.0,0.0,998.5063762939162,0.0,0.0,0.0,1.2390521737684736e-05,0.0,1.0,0.0,,
2024-11-13 23:00:00,3179.79,3196.0,3160.64,3187.16,13885.6162,0.00012894,84,0.0,0.0,trending,,1000.0,0.0,0.0,,,1000.0,0.0,,trending,0.0,{},,208.0,,,,,,,998.5063762939162,0.0,0.0,0.0,998.5063762939162,0.0,0.0,0.0,9.974151818905073e-06,0.0,1.0,0.0,,
2024-11-14 00:00:00,3187.16,3205.81,3178.81,3180.01,18004.827,0.00012894,88,0.0,0.0,trending,,1000.0,0.0,0.0,,,1000.0,0.0,,trending,0.0,{},,209.0,,,,,,,998.5063762939162,0.0,0.0,0.0,998.5063762939162,0.0,0.0,0.0,1.2174365740095862e-05,0.0,1.0,0.0,,
2024-11-14 01:00:00,3180.01,3217.02,3163.64,3215.82,22343.6065,0.0001058,88,0.0,0.0,trending,,1000.0,0.0,0.0,,,1000.0,0.0,,trending,0.0,{},,210.0,,,,,,,998.5063762939162,0.0,0.0,0.0,998.5063762939162,0.0,0.0,0.0,-1.7914478246328193e-07,0.0,1.0,0.0,,
2024-11-14 02:00:00,3215.81,3228.35,3181.78,3210.51,22289.2247,0.0001058,88,0.0,0.0,trending,,1000.0,0.0,0.0,,,1000.0,0.0,,trending,0.0,{},,211.0,,,,,,,998.5063762939162,0.0,0.0,0.0,998.5063762939162,0.0,0.0,0.0,1.6412417018544369e-06,0.0,1.0,0.0,,
2024-11-14 03:00:00,3210.5,3217.99,3180.41,3217.21,23091.7599,0.0001058,88,0.0,0.0,trending,,1000.0,0.0,0.0,,,1000.0,0.0,,trending,0.0,{},,212.0,,,,,,,998.5063762939162,0.0,0.0,0.0,998.5063762939162,0.0,0.0,0.0,-8.126809802778921e-07,0.0,1.0,0.0,,
2024-11-14 04:00:00,3217.21,3240.4,3204.29,3236.41,18164.9702,0.0001058,88,0.0,0.0,trending,,1000.0,0.0,0.0,,,1000.0,0.0,,trending,0.0,{},,213.0,,,,,,,998.5063762939162,0.0,0.0,0.0,998.5063762939162,0.0,0.0,0.0,-7.641155887907892e-06,0.0,1.0,0.0,,
2024-11-14 05:00:00,3236.4,3236.41,3213.33,3222.53,12302.4428,0.0001058,88,0.0,0.0,trending,,1000.0,0.0,0.0,,,1000.0,0.0,,trending,0.0,{},,214.0,,,,,,,998.5063762939162,0.0,0.0,0.0,998.5063762939162,0.0,0.0,0.0,-2.240400858617891e-06,0.0,1.0,0.0,,
2024-11-14 06:00:00,3222.52,3239.32,3184.44,3184.45,17370.8309,0.0001058,88,0.0,0.0,trending,,1000.0,0.0,0.0,,,1000.0,0.0,,trending,0.0,{},,215.0,,,,,,,998.5063762939162,0.0,0.0,0.0,998.5063762939162,0.0,0.0,0.0,1.2468892746043928e-05,0.0,1.0,0.0,,
2024-11-14 07:00:00,3184.44,3224.18,3174.37,3217.62,19522.2027,0.0001058,88,0.0,0.0,trending,,1000.0,0.0,0.0,,,1000.0,0.0,,trending,0.0,{},,216.0,,,,,,,998.5063762939162,0.0,0.0,0.0,998.5063762939162,0.0,0.0,0.0,-1.0806437350590693e-06,0.0,1.0,0.0,,
2024-11-14 08:00:00,3217.62,3230.73,3193.18,3202.73,17823.6437,0.0001,88,0.0,0.0,trending,,1000.0,0.0,0.0,,,1000.0,0.0,,trending,0.0,{},,217.0,,,,,,,998.5063762939162,0.0,0.0,0.0,998.5063762939162,0.0,0.0,0.0,4.815868751702941e-06,0.0,1.0,0.0,,
2024-11-14 09:00:00,3202.73,3217.82,3193.96,3204.13,13431.199,0.0001,88,0.0,0.0,trending,,1000.0,0.0,0.0,,,1000.0,0.0,,trending,0.0,{},,218.0,,,,,,,998.5063762939162,0.0,0.0,0.0,998.5063762939162,0.0,0.0,0.0,4.295817798266657e-06,0.0,1.0,0.0,,
2024-11-14 10:00:00,3204.13,3219.59,3179.0,3180.36,17257.5287,0.0001,88,0.0,0.0,trending,,1000.0,0.0,0.0,,,1000.0,0.0,,trending,0.0,{},,219.0,,,,,,,998.5063762939162,0.0,0.0,0.0,998.5063762939162,0.0,0.0,0.0,1.4408013490257668e-05,0.0,1.0,0.0,,
2024-11-14 11:00:00,3180.37,3190.72,3155.0,3185.23,29804.4033,0.0001,88,0.0,0.0,trending,,1000.0,0.0,0.0,,,1000.0,0.0,,trending,0.0,{},,220.0,,,,,,,998.5063762939162,0.0,0.0,0.0,998.5063762939162,0.0,0.0,0.0,1.2044176472657964e-05,0.0,1.0,0.0,,
2024-11-14 12:00:00,3185.22,3193.8,3176.68,3182.53,19098.513,0.0001,88,0.0,0.0,trending,,1000.0,0.0,0.0,,,1000.0,0.0,,trending,0.0,{},,221.0,,,,,,,998.5063762939162,0.0,0.0,0.0,998.5063762939162,0.0,0.0,0.0,1.3481239577216088e-05,0.0,1.0,0.0,,
2024-11-14 13:00:00,3182.53,3198.99,3157.38,3166.59,30122.3847,0.0001,88,0.0,0.0,trending,,1000.0,0.0,0.0,,,1000.0,0.0,,trending,0.0,{},,222.0,,,,,,,998.5063762939162,0.0,0.0,0.0,998.5063762939162,0.0,0.0,0.0,2.0483895293288822e-05,0.0,1.0,0.0,,
2024-11-14 14:00:00,3166.59,3195.0,3108.01,3109.4,60794.9964,0.0001,88,0.0,0.0,trending,,1000.0,0.0,0.0,,,1000.0,0.0,,trending,0.0,{},,223.0,,,,,,,998.5063762939162,0.0,0.0,0.0,998.5063762939162,0.0,0.0,0.0,4.373082211675021e-05,0.0,1.0,0.0,,
2024-11-14 15:00:00,3109.4,3127.74,3060.0,3077.68,70760.0747,0.0001,88,0.0,0.0,trending,,1000.0,0.0,0.0,,,1000.0,0.0,,trending,0.0,{},,224.0,,,,,,,998.5063762939162,0.0,0.0,0.0,998.5063762939162,0.0,0.0,0.0,5.2559849729580416e-05,0.0,1.0,0.0,,
2024-11-14 16:00:00,3077.68,3181.0,3070.84,3171.2,55208.2344,0.0001,88,0.0,0.0,trending,,1000.0,0.0,0.0,,,1000.0,0.0,,trending,0.0,{},,225.0,,,,,,,998.5063762939162,0.0,0.0,0.0,998.5063762939162,0.0,0.0,0.0,6.7388295541056775e-06,0.0,1.0,0.0,,
2024-11-14 17:00:00,3171.13,3171.46,3122.34,3130.33,19231.9903,0.0001,88,0.0,0.0,trending,,1000.0,0.0,0.0,,,1000.0,0.0,,trending,0.0,{},,226.0,,,,,,,998.5063762939162,0.0,0.0,0.0,998.5063762939162,0.0,0.0,0.0,2.246885113888245e-05,0.0,1.0,0.0,,
2024-11-14 18:00:00,3130.33,3143.85,3123.12,3132.18,11482.5494,0.0001,88,0.0,0.0,trending,,1000.0,0.0,0.0,,,1000.0,0.0,,trending,0.0,{},,227.0,,,,,,,998.5063762939162,0.0,0.0,0.0,998.5063762939162,0.0,0.0,0.0,2.33298385911556e-05,0.0,1.0,0.0,,
2024-11-14 19:00:00,3132.18,3149.0,3127.62,3145.41,11153.0463,0.0001,88,0.0,0.0,trending,,1000.0,0.0,0.0,,,1000.0,0.0,,trending,0.0,{},,228.0,,,,,,,998.5063762939162,0.0,0.0,0.0,998.5063762939162,0.0,0.0,0.0,1.601284247100795e-05,0.0,1.0,0.0,,
2024-11-14 20:00:00,3145.41,3145.41,3094.51,3099.16,26890.5996,0.0001,88,0.0,0.0,trending,,1000.0,0.0,0.0,,,1000.0,0.0,,trending,0.0,{},,229.0,,,,,,,998.5063762939162,0.0,0.0,0.0,998.5063762939162,0.0,0.0,0.0,3.216053165853458e-05,0.0,1.0,0.0,,
2024-11-14 21:00:00,3099.05,3120.84,3082.79,3119.0,19926.5077,0.0001,88,0.0,0.0,trending,,1000.0,0.0,0.0,,,1000.0,0.0,,trending,0.0,{},,230.0,,,,,,,998.5063762939162,0.0,0.0,0.0,998.5063762939162,0.0,0.0,0.0,2.1332532417680024e-05,0.0,1.0,0.0,,
2024-11-14 22:00:00,3119.03,3122.29,3068.0,3088.0,19165.7009,0.0001,88,0.0,0.0,trending,,1000.0,0.0,0.0,,,1000.0,0.0,,trending,0.0,{},,231.0,,,,,,,998.5063762939162,0.0,0.0,0.0,998.5063762939162,0.0,0.0,0.0,2.9900050854992216e-05,0.0,1.0,0.0,,
2024-11-14 23:00:00,3088.0,3094.4,3028.56,3058.82,30539.4294,0.0001,88,0.0,0.0,trending,,1000.0,0.0,0.0,,,1000.0,0.0,,trending,0.0,{},,232.0,,,,,,,998.5063762939162,0.0,0.0,0.0,998.5063762939162,0.0,0.0,0.0,3.4978381272403104e-05,0.0,1.0,0.0,,
2024-11-15 00:00:00,3058.81,3092.54,3056.28,3061.01,19923.2289,0.00013133,80,0.0,0.0,trending,,1000.0,0.0,0.0,,,1000.0,0.0,,trending,0.0,{},,233.0,,,,,,,998.5063762939162,0.0,0.0,0.0,998.5063762939162,0.0,0.0,0.0,3.14833269778213e-05,0.0,1.0,0.0,,
2024-11-15 01:00:00,3061.01,3078.4,3034.87,3064.32,19967.7145,0.00013133,80,0.0,0.0,trending,,1000.0,0.0,0.0,,,1000.0,0.0,,trending,0.0,{},,234.0,,,,,,,998.5063762939162,0.0,0.0,0.0,998.5063762939162,0.0,0.0,0.0,2.897462286063019e-05,0.0,1.0,0.0,,
2024-11-15 02:00:00,3064.33,3084.57,3048.53,3081.74,11902.279,0.00013133,80,0.0,0.0,trending,,1000.0,0.0,0.0,,,1000.0,0.0,,trending,0.0,{},,235.0,,,,,,,998.5063762939162,0.0,0.0,0.0,998.5063762939162,0.0,0.0,0.0,2.1032736944532204e-05,0.0,1.0,0.0,,
2024-11-15 03:00:00,3081.73,3090.39,3068.34,3082.44,10566.8668,0.00013133,80,0.0,0.0,trending,,1000.0,0.0,0.0,,,1000.0,0.0,,trending,0.0,{},,236.0,,,,,,,998.5063762939162,0.0,0.0,0.0,998.5063762939162,0.0,0.0,0.0,2.091314781987284e-05,0.0,1.0,0.0,,
2024-11-15 04:00:00,3082.43,3082.43,3014.79,3026.0,24915.6079,0.00013133,80,0.0,0.0,trending,,1000.0,0.0,0.0,,,1000.0,0.0,,trending,0.0,{},,237.0,,,,,,,998.5063762939162,0.0,0.0,0.0,998.5063762939162,0.0,0.0,0.0,3.65324013391135e-05,0.0,1.0,0.0,,
2024-11-15 05:00:00,3025.99,3059.76,3017.5,3056.71,14866.0643,0.00013133,80,0.0,0.0,trending,,1000.0,0.0,0.0,,,1000.0,0.0,,trending,0.0,{},,238.0,,,,,,,998.5063762939162,0.0,0.0,0.0,998.5063762939162,0.0,0.0,0.0,2.3363842074852803e-05,0.0,1.0,0.0,,
2024-11-15 06:00:00,3056.72,3073.0,3044.4,3064.01,12820.575,0.00013133,80,0.0,0.0,trending,,1000.0,0.0,0.0,,,1000.0,0.0,,trending,0.0,{},,239.0,,,,,,,998.5063762939162,0.0,0.0,0.0,998.5063762939162,0.0,0.0,0.0,2.02332469209522e-05,0.0,1.0,0.0,,
2024-11-15 07:00:00,3064.0,3073.15,3038.94,3039.48,22325.244,0.00013133,80,0.0,0.0,trending,,1000.0,0.0,0.0,,,1000.0,0.0,,trending,0.0,{},,240.0,,,,,,,998.5063762939162,0.0,0.0,0.0,998.5063762939162,0.0,0.0,0.0,2.8350291513813846e-05,0.0,1.0,0.0,,
2024-11-15 08:00:00,3039.49,3072.65,3022.0,3069.95,16222.4255,0.00013108,80,0.0,0.0,trending,,1000.0,0.0,0.0,,,1000.0,0.0,,trending,0.0,{},,241.0,,,,,,,998.5063762939162,0.0,0.0,0.0,998.5063762939162,0.0,0.0,0.0,1.55198901283999e-05,0.0,1.0,0.0,,
2024-11-15 09:00:00,3069.95,3114.0,3068.75,3096.25,26113.1767,0.00013108,80,0.0,0.0,trending,,1000.0,0.0,0.0,,,1000.0,0.0,,trending,0.0,{},,242.0,,,,,,,998.5063762939162,0.0,0.0,0.0,998.5063762939162,0.0,0.0,0.0,4.947696317356605e-06,0.0,1.0,0.0,,
2024-11-15 10:00:00,3096.25,3110.0,3088.5,3100.79,11597.2197,0.00013108,80,0.0,0.0,trending,,1000.0,0.0,0.0,,,1000.0,0.0,,trending,0.0,{},,243.0,,,,,,,998.5063762939162,0.0,0.0,0.0,998.5063762939162,0.0,0.0,0.0,3.142302601867078e-06,0.0,1.0,0.0,,
2024-11-15 11:00:00,3100.8,3106.04,3083.47,3104.29,18663.496,0.00013108,80,0.0,0.0,trending,,1000.0,0.0,0.0,,,1000.0,0.0,,trending,0.0,{},,244.0,,,,,,,998.5063762939162,0.0,0.0,0.0,998.5063762939162,0.0,0.0,0.0,1.562837103282756e-06,0.0,1.0,0.0,,
2024-11-15 12:00:00,3104.29,3131.06,3086.66,3103.68,23095.5318,0.00013108,80,0.0,0.0,trending,,1000.0,0.0,0.0,,,1000.0,0.0,,trending,0.0,{},,245.0,,,,,,,998.5063762939162,0.0,0.0,0.0,998.5063762939162,0.0,0.0,0.0,2.1118740686616475e-06,0.0,1.0,0.0,,
2024-11-15 13:00:00,3103.67,3114.29,3080.76,3102.85,21554.3007,0.00013108,80,0.0,0.0,trending,,1000.0,0.0,0.0,,,1000.0,0.0,,trending,0.0,{},,246.0,,,,,,,998.5063762939162,0.0,0.0,0.0,998.5063762939162,0.0,0.0,0.0,2.916031064668131e-06,0.0,1.0,0.0,,
2024-11-15 14:00:00,3102.84,3107.23,3043.13,3059.38,39633.3489,0.00013108,80,0.0,0.0,trending,,1000.0,0.0,0.0,,,1000.0,0.0,,trending,0.0,{},,247.0,,,,,,,998.5063762939162,0.0,0.0,0.0,998.5063762939162,0.0,0.0,0.0,3.157008800537364e-05,0.0,1.0,0.0,,
2024-11-15 15:00:00,3059.37,3061.2,3014.5,3023.73,35539.8197,0.00013108,80,0.0,0.0,trending,,1000.0,0.0,0.0,,,1000.0,0.0,,trending,0.0,{},,248.0,,,,,,,998.5063762939162,0.0,0.0,0.0,998.5063762939162,0.0,0.0,0.0,4.765213114295369e-05,0.0,1.0,0.0,,
2024-11-15 16:00:00,3023.73,3049.99,3016.0,3035.0,27869.1419,0.0001,80,0.0,0.0,trending,,1000.0,0.0,0.0,,,1000.0,0.0,,trending,0.0,{},,249.0,,,,,,,998.5063762939162,0.0,0.0,0.0,998.5063762939162,0.0,0.0,0.0,4.237796187319263e-05,0.0,1.0,0.0,,
2024-11-15 17:00:00,3034.99,3055.78,3031.5,3036.59,16614.8816,0.0001,80,0.0,0.0,trending,,1000.0,0.0,0.0,,,1000.0,0.0,,trending,0.0,{},,250.0,,,,,,,998.5063762939162,0.0,0.0,0.0,998.5063762939162,0.0,0.0,0.0,4.1618167337791634e-05,0.0,1.0,0.0,,
2024-11-15 18:00:00,3036.52,3045.75,3017.74,3020.54,28668.9718,0.0001,80,0.0,0.0,trending,,1000.0,0.0,0.0,,,1000.0,0.0,,trending,0.0,{},,251.0,,,,,,,998.5063762939162,0.0,0.0,0.0,998.5063762939162,0.0,0.0,0.0,5.172515483505099e-05,0.0,1.0,0.0,,
2024-11-15 19:00:00,3020.54,3059.9,3015.6,3039.58,21619.9689,0.0001,80,0.0,0.0,trending,,1000.0,0.0,0.0,,,1000.0,0.0,,trending,0.0,{},,252.0,,,,,,,998.5063762939162,0.0,0.0,0.0,998.5063762939162,0.0,0.0,0.0,3.715142919486398e-05,0.0,1.0,0.0,,
2024-11-15 20:00:00,3039.58,3091.22,3038.24,3090.6,35658.6538,0.0001,80,0.0,0.0,trending,,1000.0,0.0,0.0,,,1000.0,0.0,,trending,0.0,{},,253.0,,,,,,,998.5063762939162,0.0,0.0,0.0,998.5063762939162,0.0,0.0,0.0,-7.1602392213429886e-06,0.0,1.0,0.0,,
2024-11-15 21:00:00,3090.62,3100.0,3077.42,3090.01,26584.1188,0.0001,80,0.0,0.0,trending,,1000.0,0.0,0.0,,,1000.0,0.0,,trending,0.0,{},,254.0,,,,,,,998.5063762939162,0.0,0.0,0.0,998.5063762939162,0.0,0.0,0.0,-7.079002565132636e-06,0.0,1.0,0.0,,
2024-11-15 22:00:00,3090.01,3120.0,3081.32,3100.49,19100.0038,0.0001,80,0.0,0.0,trending,,1000.0,0.0,0.0,,,1000.0,0.0,,trending,0.0,{},,255.0,,,,,,,998.5063762939162,0.0,0.0,0.0,998.5063762939162,0.0,0.0,0.0,-1.5606714752070124e-05,0.0,1.0,0.0,,
2024-11-15 23:00:00,3100.49,3111.74,3086.6,3090.01,13800.9917,0.0001,80,0.0,0.0,trending,,1000.0,0.0,0.0,,,1000.0,0.0,,trending,0.0,{},,256.0,,,,,,,998.5063762939162,0.0,0.0,0.0,998.5063762939162,0.0,0.0,0.0,-5.675152151672692e-06,0.0,1.0,0.0,,
2024-11-16 00:00:00,3090.01,3090.4,3072.0,3084.92,14886.0518,0.0001,86,0.0,0.0,trending,,1000.0,0.0,0.0,,,1000.0,0.0,,trending,0.0,{},,257.0,,,,,,,998.5063762939162,0.0,0.0,0.0,998.5063762939162,0.0,0.0,0.0,-8.512392161783241e-07,0.0,1.0,0.0,,
2024-11-16 01:00:00,3084.91,3111.47,3081.99,3098.01,17221.1096,0.00018215,86,0.0,0.0,trending,,1000.0,0.0,0.0,,,1000.0,0.0,,trending,0.0,{},,258.0,,,,,,,998.5063762939162,0.0,0.0,0.0,998.5063762939162,0.0,0.0,0.0,-1.2773228488965457e-05,0.0,1.0,0.0,,
2024-11-16 02:00:00,3098.0,3122.72,3094.06,3110.78,15460.5769,0.00018215,86,0.0,0.0,trending,,1000.0,0.0,0.0,,,1000.0,0.0,,trending,0.0,{},,259.0,,,,,,,998.5063762939162,0.0,0.0,0.0,998.5063762939162,0.0,0.0,0.0,-2.3063747059941218e-05,0.0,1.0,0.0,,
2024-11-16 03:00:00,3110.77,3157.71,3108.2,3154.78,22292.1597,0.00018215,86,0.0,0.0,trending,,1000.0,0.0,0.0,,,1000.0,0.0,,trending,0.0,{},,260.0,,,,,,,998.5063762939162,0.0,0.0,0.0,998.5063762939162,0.0,0.0,0.0,-4.7047263440600896e-05,0.0,1.0,0.0,,
2024-11-16 04:00:00,3154.77,3165.0,3127.0,3133.5,14911.2791,0.00018215,86,0.0,0.0,trending,,1000.0,0.0,0.0,,,1000.0,0.0,,trending,0.0,{},,261.0,,,,,,,998.5063762939162,0.0,0.0,0.0,998.5063762939162,0.0,0.0,0.0,-2.858865453194725e-05,0.0,1.0,0.0,,
2024-11-16 05:00:00,3133.5,3137.0,3123.97,3130.51,13100.3814,0.00018215,86,0.0,0.0,trending,,1000.0,0.0,0.0,,,1000.0,0.0,,trending,0.0,{},,262.0,,,,,,,998.5063762939162,0.0,0.0,0.0,998.5063762939162,0.0,0.0,0.0,-2.5266663900137832e-05,0.0,1.0,0.0,,
2024-11-16 06:00:00,3130.51,3131.4,3110.55,3113.8,12567.0905,0.00018215,86,0.0,0.0,trending,,1000.0,0.0,0.0,,,1000.0,0.0,,trending,0.0,{},,263.0,,,,,,,998.5063762939162,0.0,0.0,0.0,998.5063762939162,0.0,0.0,0.0,-1.1678229678078923e-05,0.0,1.0,0.0,,
2024-11-16 07:00:00,3113.81,3122.95,3101.11,3106.66,12904.2229,0.00018215,86,0.0,0.0,trending,,1000.0,0.0,0.0,,,1000.0,0.0,,trending,0.0,{},,264.0,,,,,,,998.5063762939162,0.0,0.0,0.0,998.5063762939162,0.0,0.0,0.0,-6.249516437558158e-06,0.0,1.0,0.0,,
2024-11-16 08:00:00,3106.67,3121.31,3103.17,3120.38,11646.9173,0.00018215,86,0.0,0.0,trending,,1000.0,0.0,0.0,,,1000.0,0.0,,trending,0.0,{},,265.0,,,,,,,998.5063762939162,0.0,0.0,0.0,998.5063762939162,0.0,0.0,0.0,-1.622981967807905e-05,0.0,1.0,0.0,,
2024-11-16 09:00:00,3120.38,3127.15,3106.82,3116.61,14775.8377,0.0001,86,0.0,0.0,trending,,1000.0,0.0,0.0,,,1000.0,0.0,,trending,0.0,{},,266.0,,,,,,,998.5063762939162,0.0,0.0,0.0,998.5063762939162,0.0,0.0,0.0,-1.2788270502352472e-05,0.0,1.0,0.0,,
2024-11-16 10:00:00,3116.61,3134.7,3113.03,3127.11,13401.3984,0.0001,86,0.0,0.0,trending,,1000.0,0.0,0.0,,,1000.0,0.0,,trending,0.0,{},,267.0,,,,,,,998.5063762939162,0.0,0.0,0.0,998.5063762939162,0.0,0.0,0.0,-2.0275019245933926e-05,0.0,1.0,0.0,,
2024-11-16 11:00:00,3127.11,3195.63,3121.27,3195.34,41650.2352,0.0001,86,0.0,0.0,trending,,1000.0,0.0,0.0,,,1000.0,0.0,,trending,0.0,{},,268.0,,,,,,,998.5063762939162,0.0,0.0,0.0,998.5063762939162,0.0,0.0,0.0,-5.0076734220362825e-05,0.0,1.0,0.0,,
2024-11-16 12:00:00,3195.34,3219.97,3166.26,3175.84,49393.6863,0.0001,86,0.0,0.0,trending,,1000.0,0.0,0.0,,,1000.0,0.0,,trending,0.0,{},,269.0,,,,,,,998.5063762939162,0.0,0.0,0.0,998.5063762939162,0.0,0.0,0.0,-3.362910068346904e-05,0.0,1.0,0.0,,
2024-11-16 13:00:00,3175.83,3189.81,3158.1,3172.72,17919.6724,0.0001,86,0.0,0.0,trending,,1000.0,0.0,0.0,,,1000.0,0.0,,trending,0.0,{},,270.0,,,,,,,998.5063762939162,0.0,0.0,0.0,998.5063762939162,0.0,0.0,0.0,-2.9925942241582364e-05,0.0,1.0,0.0,,
2024-11-16 14:00:00,3172.73,3183.0,3156.32,3168.2,18980.4127,0.0001,86,0.0,0.0,trending,,1000.0,0.0,0.0,,,1000.0,0.0,,trending,0.0,{},,271.0,,,,,,,998.5063762939162,0.0,0.0,0.0,998.5063762939162,0.0,0.0,0.0,-2.637823645533903e-05,0.0,1.0,0.0,,
2024-11-16 15:00:00,3168.19,3171.4,3120.41,3141.11,34338.1427,0.0001,86,0.0,0.0,trending,,1000.0,0.0,0.0,,,1000.0,0.0,,trending,0.0,{},,272.0,,,,,,,998.5063762939162,0.0,0.0,0.0,998.5063762939162,0.0,0.0,0.0,-1.0252908690208978e-05,0.0,1.0,0.0,,
2024-11-16 16:00:00,3141.11,3157.35,3128.0,3145.18,19499.5285,0.00011351,86,0.0,0.0,trending,,1000.0,0.0,0.0,,,1000.0,0.0,,trending,0.0,{},,273.0,,,,,,,998.5063762939162,0.0,0.0,0.0,998.5063762939162,0.0,0.0,0.0,-1.3109906429304336e-05,0.0,1.0,0.0,,
2024-11-16 17:00:00,3145.19,3176.3,3141.18,3167.41,13260.0725,0.00011351,86,0.0,0.0,trending,,1000.0,0.0,0.0,,,1000.0,0.0,,trending,0.0,{},,274.0,,,,,,,998.5063762939162,0.0,0.0,0.0,998.5063762939162,0.0,0.0,0.0,-2.6303534515498674e-05,0.0,1.0,0.0,,
2024-11-16 18:00:00,3167.4,3182.33,3163.63,3180.76,12191.2088,0.00011351,86,0.0,0.0,trending,,1000.0,0.0,0.0,,,1000.0,0.0,,trending,0.0,{},,275.0,,,,,,,998.5063762939162,0.0,0.0,0.0,998.5063762939162,0.0,0.0,0.0,-3.674857811462432e-05,0.0,1.0,0.0,,
2024-11-16 19:00:00,3180.76,3184.6,3164.59,3169.01,10067.3986,0.00011351,86,0.0,0.0,trending,,1000.0,0.0,0.0,,,1000.0,0.0,,trending,0.0,{},,276.0,,,,,,,998.5063762939162,0.0,0.0,0.0,998.5063762939162,0.0,0.0,0.0,-2.976249954414902e-05,0.0,1.0,0.0,,
2024-11-16 20:00:00,3169.01,3175.0,3144.66,3150.12,14318.26,0.00011351,86,0.0,0.0,trending,,1000.0,0.0,0.0,,,1000.0,0.0,,trending,0.0,{},,277.0,,,,,,,998.5063762939162,0.0,0.0,0.0,998.5063762939162,0.0,0.0,0.0,-1.2775638990018632e-05,0.0,1.0,0.0,,
2024-11-16 21:00:00,3150.12,3159.49,3147.5,3154.2,7265.4812,0.00011351,86,0.0,0.0,trending,,1000.0,0.0,0.0,,,1000.0,0.0,,trending,0.0,{},,278.0,,,,,,,998.5063762939162,0.0,0.0,0.0,998.5063762939162,0.0,0.0,0.0,-1.6736014142629644e-05,0.0,1.0,0.0,,
2024-11-16 22:00:00,3154.2,3164.6,3132.4,3132.99,9507.2153,0.00011351,86,0.0,0.0,trending,,1000.0,0.0,0.0,,,1000.0,0.0,,trending,0.0,{},,279.0,,,,,,,998.5063762939162,0.0,0.0,0.0,998.5063762939162,0.0,0.0,0.0,3.8088918834805217e-06,0.0,1.0,0.0,,
2024-11-16 23:00:00,3132.99,3146.2,3121.91,3132.87,12080.8178,0.00011351,86,0.0,0.0,trending,,1000.0,0.0,0.0,,,1000.0,0.0,,trending,0.0,{},,280.0,,,,,,,998.5063762939162,0.0,0.0,0.0,998.5063762939162,0.0,0.0,0.0,4.1746492441933845e-06,0.0,1.0,0.0,,
2024-11-17 00:00:00,3132.88,3154.0,3131.2,3149.13,11380.7413,0.0001,90,0.0,0.0,trending,,1000.0,0.0,0.0,,,1000.0,0.0,,trending,0.0,{},,281.0,,,,,,,998.5063762939162,0.0,0.0,0.0,998.5063762939162,0.0,0.0,0.0,-1.4479278473343141e-05,0.0,1.0,0.0,,
2024-11-17 01:00:00,3149.13,3149.13,3073.0,3085.0,32874.8138,0.0001,90,0.0,0.0,trending,,1000.0,0.0,0.0,,,1000.0,0.0,,trending,0.0,{},,282.0,,,,,,,998.5063762939162,0.0,0.0,0.0,998.5063762939162,0.0,0.0,0.0,4.798622837528789e-05,0.0,1.0,0.0,,
2024-11-17 02:00:00,3085.0,3085.0,3034.99,3065.36,39334.9677,0.0001,90,0.0,0.0,trending,,1000.0,0.0,0.0,,,1000.0,0.0,,trending,0.0,{},,283.0,,,,,,,998.5063762939162,0.0,0.0,0.0,998.5063762939162,0.0,0.0,0.0,5.518500790876647e-05,0.0,1.0,0.0,,
2024-11-17 03:00:00,3065.36,3080.97,3053.07,3080.68,15708.9407,0.0001,90,0.0,0.0,trending,,1000.0,0.0,0.0,,,1000.0,0.0,,trending,0.0,{},,284.0,,,,,,,998.5063762939162,0.0,0.0,0.0,998.5063762939162,0.0,0.0,0.0,3.655919117102817e-05,0.0,1.0,0.0,,
2024-11-17 04:00:00,3080.67,3136.64,3076.2,3126.7,35026.2298,0.0001,90,0.0,0.0,trending,,1000.0,0.0,0.0,,,1000.0,0.0,,trending,0.0,{},,285.0,,,,,,,998.5063762939162,0.0,0.0,0.0,998.5063762939162,0.0,0.0,0.0,-8.960275103570559e-07,0.0,1.0,0.0,,
2024-11-17 05:00:00,3126.69,3135.47,3093.76,3103.45,18954.3689,0.0001,90,0.0,0.0,trending,,1000.0,0.0,0.0,,,1000.0,0.0,,trending,0.0,{},,286.0,,,,,,,998.5063762939162,0.0,0.0,0.0,998.5063762939162,0.0,0.0,0.0,1.4517771360208666e-05,0.0,1.0,0.0,,
2024-11-17 06:00:00,3103.46,3141.43,3102.51,3134.27,17433.2662,0.0001,90,0.0,0.0,trending,,1000.0,0.0,0.0,,,1000.0,0.0,,trending,0.0,{},,287.0,,,,,,,998.5063762939162,0.0,0.0,0.0,998.5063762939162,0.0,0.0,0.0,-6.611978056507456e-06,0.0,1.0,0.0,,
2024-11-17 07:00:00,3134.26,3147.72,3120.58,3136.79,13925.572,0.0001,90,0.0,0.0,trending,,1000.0,0.0,0.0,,,1000.0,0.0,,trending,0.0,{},,288.0,,,,,,,998.5063762939162,0.0,0.0,0.0,998.5063762939162,0.0,0.0,0.0,-8.423920201462001e-06,0.0,1.0,0.0,,
2024-11-17 08:00:00,3136.79,3161.49,3130.37,3145.33,21875.5059,0.0001,90,0.0,0.0,trending,,1000.0,0.0,0.0,,,1000.0,0.0,,trending,0.0,{},,289.0,,,,,,,998.5063762939162,0.0,0.0,0.0,998.5063762939162,0.0,0.0,0.0,-1.4384058043011e-05,0.0,1.0,0.0,,
2024-11-17 09:00:00,3145.34,3162.11,3131.94,3140.33,11535.0813,0.0001,90,0.0,0.0,trending,,1000.0,0.0,0.0,,,1000.0,0.0,,trending,0.0,{},,290.0,,,,,,,998.5063762939162,0.0,0.0,0.0,998.5063762939162,0.0,0.0,0.0,-1.0409062268999042e-05,0.0,1.0,0.0,,
2024-11-17 10:00:00,3140.32,3151.32,3130.37,3138.0,10951.5361,0.0001,90,0.0,0.0,trending,,1000.0,0.0,0.0,,,1000.0,0.0,,trending,0.0,{},,291.0,,,,,,,998.5063762939162,0.0,0.0,0.0,998.5063762939162,0.0,0.0,0.0,-8.417785209405757e-06,0.0,1.0,0.0,,
2024-11-17 11:00:00,3138.0,3138.57,3100.81,3105.52,20064.8404,0.0001,90,0.0,0.0,trending,,1000.0,0.0,0.0,,,1000.0,0.0,,trending,0.0,{},,292.0,,,,,,,998.5063762939162,0.0,0.0,0.0,998.5063762939162,0.0,0.0,0.0,1.9035341946610997e-05,0.0,1.0,0.0,,
2024-11-17 12:00:00,3105.53,3126.72,3101.2,3121.6,12095.7157,0.0001,90,0.0,0.0,trending,,1000.0,0.0,0.0,,,1000.0,0.0,,trending,0.0,{},,293.0,,,,,,,998.5063762939162,0.0,0.0,0.0,998.5063762939162,0.0,0.0,0.0,4.57104037448303e-06,0.0,1.0,0.0,,
2024-11-17 13:00:00,3121.6,3122.26,3077.0,3103.34,24083.0232,0.0001,90,0.0,0.0,trending,,1000.0,0.0,0.0,,,1000.0,0.0,,trending,0.0,{},,294.0,,,,,,,998.5063762939162,0.0,0.0,0.0,998.5063762939162,0.0,0.0,0.0,2.0228519939859776e-05,0.0,1.0,0.0,,
2024-11-17 14:00:00,3103.34,3111.36,3067.33,3088.27,24266.865,0.0001,90,0.0,0.0,trending,,1000.0,0.0,0.0,,,1000.0,0.0,,trending,0.0,{},,295.0,,,,,,,998.5063762939162,0.0,0.0,0.0,998.5063762939162,0.0,0.0,0.0,3.212162311853483e-05,0.0,1.0,0.0,,
2024-11-17 15:00:00,3088.26,3102.68,3077.55,3086.21,15282.6606,0.0001,90,0.0,0.0,trending,,1000.0,0.0,0.0,,,1000.0,0.0,,trending,0.0,{},,296.0,,,,,,,998.5063762939162,0.0,0.0,0.0,998.5063762939162,0.0,0.0,0.0,3.254815228754625e-05,0.0,1.0,0.0,,
2024-11-17 16:00:00,3086.2,3098.35,3071.6,3093.16,14060.7543,0.0001,90,0.0,0.0,trending,,1000.0,0.0,0.0,,,1000.0,0.0,,trending,0.0,{},,297.0,,,,,,,998.5063762939162,0.0,0.0,0.0,998.5063762939162,0.0,0.0,0.0,2.4559771369870905e-05,0.0,1.0,0.0,,
2024-11-17 17:00:00,3093.16,3115.72,3081.0,3107.0,15684.0425,0.00019685,90,0.0,0.0,trending,,1000.0,0.0,0.0,,,1000.0,0.0,,trending,0.0,{},,298.0,,,,,,,998.5063762939162,0.0,0.0,0.0,998.5063762939162,0.0,0.0,0.0,1.045735763367613e-05,0.0,1.0,0.0,,
2024-11-17 18:00:00,3107.0,3107.9,3072.34,3081.0,15899.7669,0.00019685,90,0.0,0.0,trending,,1000.0,0.0,0.0,,,1000.0,0.0,,trending,0.0,{},,299.0,,,,,,,998.5063762939162,0.0,0.0,0.0,998.5063762939162,0.0,0.0,0.0,3.5508009362775176e-05,0.0,1.0,0.0,,
2024-11-17 19:00:00,3081.0,3097.9,3071.87,3097.74,11815.4923,0.00019685,90,0.0,0.0,trending,,1000.0,0.0,0.0,,,1000.0,0.0,,trending,0.0,{},,300.0,,,,,,,998.5063762939162,0.0,0.0,0.0,998.5063762939162,0.0,0.0,0.0,1.7563499504573437e-05,0.0,1.0,0.0,,
2024-11-17 20:00:00,3097.74,3106.99,3057.45,3073.37,20559.2902,0.00019685,90,0.0,0.0,trending,,1000.0,0.0,0.0,,,1000.0,0.0,,trending,0.0,{},,301.0,,,,,,,998.5063762939162,0.0,0.0,0.0,998.5063762939162,0.0,0.0,0.0,4.054256990777836e-05,0.0,1.0,0.0,,
2024-11-17 21:00:00,3073.37,3086.18,3054.5,3062.25,13755.783,0.00019685,90,0.0,0.0,trending,,1000.0,0.0,0.0,,,1000.0,0.0,,trending,0.0,{},,302.0,,,,,,,998.5063762939162,0.0,0.0,0.0,998.5063762939162,0.0,0.0,0.0,4.993359147902083e-05,0.0,1.0,0.0,,
2024-11-17 22:00:00,3062.25,3089.59,3042.93,3068.08,21296.4828,0.00019685,90,0.0,0.0,trending,,1000.0,0.0,0.0,,,1000.0,0.0,,trending,0.0,{},,303.0,,,,,,,998.5063762939162,0.0,0.0,0.0,998.5063762939162,0.0,0.0,0.0,4.125182895579379e-05,0.0,1.0,0.0,,
2024-11-17 23:00:00,3068.07,3078.2,3050.56,3076.0,11953.2169,0.00019685,90,0.0,0.0,trending,,1000.0,0.0,0.0,,,1000.0,0.0,,trending,0.0,{},,304.0,,,,,,,998.5063762939162,0.0,0.0,0.0,998.5063762939162,0.0,0.0,0.0,3.098196429597637e-05,0.0,1.0,0.0,,
2024-11-18 00:00:00,3075.99,3124.2,3069.0,3097.99,23314.0949,0.00019865,83,0.0,0.0,trending,,1000.0,0.0,0.0,,,1000.0,0.0,,trending,0.0,{},,305.0,,,,,,,998.5063762939162,0.0,0.0,0.0,998.5063762939162,0.0,0.0,0.0,4.75960500974187e-06,0.0,1.0,0.0,,
2024-11-18 01:00:00,3097.99,3121.8,3093.0,3115.05,12560.2956,0.00019865,83,0.0,0.0,trending,,1000.0,0.0,0.0,,,1000.0,0.0,,trending,0.0,{},,306.0,,,,,,,998.5063762939162,0.0,0.0,0.0,998.5063762939162,0.0,0.0,0.0,-1.4783076232630608e-05,0.0,1.0,0.0,,
2024-11-18 02:00:00,3115.06,3124.13,3104.0,3110.4,10478.9569,0.00019865,83,0.0,0.0,trending,,1000.0,0.0,0.0,,,1000.0,0.0,,trending,0.0,{},,307.0,,,,,,,998.5063762939162,0.0,0.0,0.0,998.5063762939162,0.0,0.0,0.0,-9.400551853733115e-06,0.0,1.0,0.0,,
2024-11-18 03:00:00,3110.4,3112.28,3094.6,3111.96,9319.1414,0.00019865,83,0.0,0.0,trending,,1000.0,0.0,0.0,,,1000.0,0.0,,trending,0.0,{},,308.0,,,,,,,998.5063762939162,0.0,0.0,0.0,998.5063762939162,0.0,0.0,0.0,-1.1609001964663533e-05,0.0,1.0,0.0,,
2024-11-18 04:00:00,3111.95,3116.2,3096.07,3100.65,8621.2977,0.00019865,83,0.0,0.0,trending,,1000.0,0.0,0.0,,,1000.0,0.0,,trending,0.0,{},,309.0,,,,,,,998.5063762939162,0.0,0.0,0.0,998.5063762939162,0.0,0.0,0.0,4.674690785045271e-06,0.0,1.0,0.0,,
2024-11-18 05:00:00,3100.65,3118.6,3097.0,3118.42,9883.3066,0.00019865,83,0.0,0.0,trending,,1000.0,0.0,0.0,,,1000.0,0.0,,trending,0.0,{},,310.0,,,,,,,998.5063762939162,0.0,0.0,0.0,998.5063762939162,0.0,0.0,0.0,-1.9903796378927704e-05,0.0,1.0,0.0,,
2024-11-18 06:00:00,3118.43,3146.93,3113.2,3146.34,22151.0826,0.00019865,83,0.0,0.0,trending,,1000.0,0.0,0.0,,,1000.0,0.0,,trending,0.0,{},,311.0,,,,,,,998.5063762939162,0.0,0.0,0.0,998.5063762939162,0.0,0.0,0.0,-5.062034561271401e-05,0.0,1.0,0.0,,
2024-11-18 07:00:00,3146.33,3149.71,3123.38,3130.55,16393.1471,0.00019865,83,0.0,0.0,trending,,1000.0,0.0,0.0,,,1000.0,0.0,,trending,0.0,{},,312.0,,,,,,,998.5063762939162,0.0,0.0,0.0,998.5063762939162,0.0,0.0,0.0,-2.8194357405797054e-05,0.0,1.0,0.0,,
2024-11-18 08:00:00,3130.56,3139.78,3116.22,3121.51,12408.0874,0.00031651,83,0.0,0.0,trending,,1000.0,0.0,0.0,,,1000.0,0.0,,trending,0.0,{},,313.0,,,,,,,998.5063762939162,0.0,0.0,0.0,998.5063762939162,0.0,0.0,0.0,-1.634943434384654e-05,0.0,1.0,0.0,,
2024-11-18 09:00:00,3121.51,3123.8,3102.0,3107.25,14853.6105,0.00031651,83,0.0,0.0,trending,,1000.0,0.0,0.0,,,1000.0,0.0,,trending,0.0,{},,314.0,,,,,,,998.5063762939162,0.0,0.0,0.0,998.5063762939162,0.0,0.0,0.0,4.334778450495934e-06,0.0,1.0,0.0,,
2024-11-18 10:00:00,3107.25,3123.46,3105.0,3115.45,13416.8643,0.00031651,83,0.0,0.0,trending,,1000.0,0.0,0.0,,,1000.0,0.0,,trending,0.0,{},,315.0,,,,,,,998.5063762939162,0.0,0.0,0.0,998.5063762939162,0.0,0.0,0.0,-8.485907541537639e-06,0.0,1.0,0.0,,
2024-11-18 11:00:00,3115.45,3116.97,3050.01,3056.28,33956.3152,0.00031651,83,0.0,0.0,trending,,1000.0,0.0,0.0,,,1000.0,0.0,,trending,0.0,{},,316.0,,,,,,,998.5063762939162,0.0,0.0,0.0,998.5063762939162,0.0,0.0,0.0,6.45238223524455e-05,0.0,1.0,0.0,,
2024-11-18 12:00:00,3056.29,3090.0,3053.86,3086.92,33466.3126,0.00031651,83,0.0,0.0,trending,,1000.0,0.0,0.0,,,1000.0,0.0,,trending,0.0,{},,317.0,,,,,,,998.5063762939162,0.0,0.0,0.0,998.5063762939162,0.0,0.0,0.0,2.235672066778891e-05,0.0,1.0,0.0,,
2024-11-18 13:00:00,3086.92,3089.2,3052.19,3067.6,35671.708,0.00031651,83,0.0,0.0,trending,,1000.0,0.0,0.0,,,1000.0,0.0,,trending,0.0,{},,318.0,,,,,,,998.5063762939162,0.0,0.0,0.0,998.5063762939162,0.0,0.0,0.0,4.1329537473827316e-05,0.0,1.0,0.0,,
2024-11-18 14:00:00,3067.6,3108.79,3058.82,3087.12,37867.2252,0.00031651,83,0.0,0.0,trending,,1000.0,0.0,0.0,,,1000.0,0.0,,trending,0.0,{},,319.0,,,,,,,998.5063762939162,0.0,0.0,0.0,998.5063762939162,0.0,0.0,0.0,1.6709671976613302e-05,0.0,1.0,0.0,,
2024-11-18 15:00:00,3087.12,3157.5,3083.62,3143.41,43236.0753,0.00031651,83,0.0,0.0,trending,,1000.0,0.0,0.0,,,1000.0,0.0,,trending,0.0,{},,320.0,,,,,,,998.5063762939162,0.0,0.0,0.0,998.5063762939162,0.0,0.0,0.0,-3.6402384580307075e-05,0.0,1.0,0.0,,
2024-11-18 16:00:00,3143.41,3187.0,3134.62,3168.01,65668.9402,0.00019762,83,0.0,0.0,trending,,1000.0,0.0,0.0,,,1000.0,0.0,,trending,0.0,{},,321.0,,,,,,,998.5063762939162,0.0,0.0,0.0,998.5063762939162,0.0,0.0,0.0,-4.704404474458147e-05,0.0,1.0,0.0,,
2024-11-18 17:00:00,3168.0,3189.0,3152.29,3174.92,30610.735,0.00019762,83,0.0,0.0,trending,,1000.0,0.0,0.0,,,1000.0,0.0,,trending,0.0,{},,322.0,,,,,,,998.5063762939162,0.0,0.0,0.0,998.5063762939162,0.0,0.0,0.0,-4.5315391143861674e-05,0.0,1.0,0.0,,
2024-11-18 18:00:00,3174.93,3199.0,3156.0,3164.18,38526.64,0.00019762,83,0.0,0.0,trending,,1000.0,0.0,0.0,,,1000.0,0.0,,trending,0.0,{},,323.0,,,,,,,998.5063762939162,0.0,0.0,0.0,998.5063762939162,0.0,0.0,0.0,-3.417646783893524e-05,0.0,1.0,0.0,,
2024-11-18 19:00:00,3164.18,3168.36,3090.3,3127.17,47373.1548,0.00019762,83,0.0,0.0,trending,,1000.0,0.0,0.0,,,1000.0,0.0,,trending,0.0,{},,324.0,,,,,,,998.5063762939162,0.0,0.0,0.0,998.5063762939162,0.0,0.0,0.0,-6.365369777039209e-06,0.0,1.0,0.0,,
2024-11-18 20:00:00,3127.17,3189.13,3122.22,3155.21,44377.6127,0.00019762,83,0.0,0.0,trending,,1000.0,0.0,0.0,,,1000.0,0.0,,trending,0.0,{},,325.0,,,,,,,998.5063762939162,0.0,0.0,0.0,998.5063762939162,0.0,0.0,0.0,-2.2925446929555676e-05,0.0,1.0,0.0,,
2024-11-18 21:00:00,3155.2,3171.8,3144.0,3147.59,15237.6918,0.00019762,83,0.0,0.0,trending,,1000.0,0.0,0.0,,,1000.0,0.0,,trending,0.0,{},,326.0,,,,,,,998.5063762939162,0.0,0.0,0.0,998.5063762939162,0.0,0.0,0.0,-1.801681401127855e-05,0.0,1.0,0.0,,
2024-11-18 22:00:00,3147.59,3163.8,3146.1,3149.11,12686.2038,0.00019762,83,0.0,0.0,trending,,1000.0,0.0,0.0,,,1000.0,0.0,,trending,0.0,{},,327.0,,,,,,,998.5063762939162,0.0,0.0,0.0,998.5063762939162,0.0,0.0,0.0,-1.96119682924804e-05,0.0,1.0,0.0,,
2024-11-18 23:00:00,3149.12,3224.94,3140.1,3207.8,48579.9361,0.00019762,83,0.0,0.0,trending,,1000.0,0.0,0.0,,,1000.0,0.0,,trending,0.0,{},,328.0,,,,,,,998.5063762939162,0.0,0.0,0.0,998.5063762939162,0.0,0.0,0.0,-4.779108847400513e-05,0.0,1.0,0.0,,
2024-11-19 00:00:00,3207.81,3221.2,3154.45,3156.01,41260.4978,0.00040458,90,0.0,0.0,trending,,1000.0,0.0,0.0,,,1000.0,0.0,,trending,0.0,{},,329.0,,,,,,,998.5063762939162,0.0,0.0,0.0,998.5063762939162,0.0,0.0,0.0,-1.3598138735006104e-05,0.0,1.0,0.0,,
2024-11-19 01:00:00,3156.01,3164.01,3141.7,3143.4,24226.0946,0.00040458,90,0.0,0.0,trending,,1000.0,0.0,0.0,,,1000.0,0.0,,trending,0.0,{},,330.0,,,,,,,998.5063762939162,0.0,0.0,0.0,998.5063762939162,0.0,0.0,0.0,-6.16137992897719e-06,0.0,1.0,0.0,,
2024-11-19 02:00:00,3143.4,3160.34,3143.22,3157.14,9053.2413,0.00040458,90,0.0,0.0,trending,,1000.0,0.0,0.0,,,1000.0,0.0,,trending,0.0,{},,331.0,,,,,,,998.5063762939162,0.0,0.0,0.0,998.5063762939162,0.0,0.0,0.0,-1.3557175721322602e-05,0.0,1.0,0.0,,
2024-11-19 03:00:00,3157.14,3159.33,3145.09,3148.5,10072.5785,0.00040458,90,0.0,0.0,trending,,1000.0,0.0,0.0,,,1000.0,0.0,,trending,0.0,{},,332.0,,,,,,,998.5063762939162,0.0,0.0,0.0,998.5063762939162,0.0,0.0,0.0,-8.126341714267598e-06,0.0,1.0,0.0,,
2024-11-19 04:00:00,3148.5,3159.93,3120.5,3130.25,19840.5135,0.00040458,90,0.0,0.0,trending,,1000.0,0.0,0.0,,,1000.0,0.0,,trending,0.0,{},,333.0,,,,,,,998.5063762939162,0.0,0.0,0.0,998.5063762939162,0.0,0.0,0.0,3.353953666960423e-06,0.0,1.0,0.0,,
2024-11-19 05:00:00,3130.24,3141.0,3114.99,3134.86,19072.4565,0.00040458,90,0.0,0.0,trending,,1000.0,0.0,0.0,,,1000.0,0.0,,trending,0.0,{},,334.0,,,,,,,998.5063762939162,0.0,0.0,0.0,998.5063762939162,0.0,0.0,0.0,3.107556629483581e-07,0.0,1.0,0.0,,
2024-11-19 06:00:00,3134.85,3134.85,3116.14,3130.45,10911.5101,0.00040458,90,0.0,0.0,trending,,1000.0,0.0,0.0,,,1000.0,0.0,,trending,0.0,{},,335.0,,,,,,,998.5063762939162,0.0,0.0,0.0,998.5063762939162,0.0,0.0,0.0,3.3562757532422285e-06,0.0,1.0,0.0,,
2024-11-19 07:00:00,3130.45,3131.14,3107.37,3118.08,17246.1036,0.00040458,90,0.0,0.0,trending,,1000.0,0.0,0.0,,,1000.0,0.0,,trending,0.0,{},,336.0,,,,,,,998.5063762939162,0.0,0.0,0.0,998.5063762939162,0.0,0.0,0.0,1.1967305072551569e-05,0.0,1.0,0.0,,
2024-11-19 08:00:00,3118.09,3127.63,3104.25,3119.64,25308.866,0.00021234,90,0.0,0.0,trending,,1000.0,0.0,0.0,,,1000.0,0.0,,trending,0.0,{},,337.0,,,,,,,998.5063762939162,0.0,0.0,0.0,998.5063762939162,0.0,0.0,0.0,1.0692137546968695e-05,0.0,1.0,0.0,,
2024-11-19 09:00:00,3119.64,3127.33,3091.13,3110.63,17017.5412,0.00021234,90,0.0,0.0,trending,,1000.0,0.0,0.0,,,1000.0,0.0,,trending,0.0,{},,338.0,,,,,,,998.5063762939162,0.0,0.0,0.0,998.5063762939162,0.0,0.0,0.0,1.745300428792602e-05,0.0,1.0,0.0,,
2024-11-19 10:00:00,3110.63,3122.98,3101.76,3120.32,10120.5213,0.00021234,90,0.0,0.0,trending,,1000.0,0.0,0.0,,,1000.0,0.0,,trending,0.0,{},,339.0,,,,,,,998.5063762939162,0.0,0.0,0.0,998.5063762939162,0.0,0.0,0.0,8.82113189046219e-06,0.0,1.0,0.0,,
2024-11-19 11:00:00,3120.33,3130.0,3111.66,3126.51,11498.8348,0.00021234,90,0.0,0.0,trending,,1000.0,0.0,0.0,,,1000.0,0.0,,trending,0.0,{},,340.0,,,,,,,998.5063762939162,0.0,0.0,0.0,998.5063762939162,0.0,0.0,0.0,3.7358357121224393e-06,0.0,1.0,0.0,,
2024-11-19 12:00:00,3126.51,3150.0,3126.51,3132.21,18211.5471,0.00021234,90,0.0,0.0,trending,,1000.0,0.0,0.0,,,1000.0,0.0,,trending,0.0,{},,341.0,,,,,,,998.5063762939162,0.0,0.0,0.0,998.5063762939162,0.0,0.0,0.0,-2.248010194018381e-06,0.0,1.0,0.0,,
2024-11-19 13:00:00,3132.21,3135.28,3079.0,3082.19,34355.4823,0.00021234,90,0.0,0.0,trending,,1000.0,0.0,0.0,,,1000.0,0.0,,trending,0.0,{},,342.0,,,,,,,998.5063762939162,0.0,0.0,0.0,998.5063762939162,0.0,0.0,0.0,4.714138674328111e-05,0.0,1.0,0.0,,
2024-11-19 14:00:00,3082.19,3119.5,3076.0,3096.78,37055.9616,0.00021234,90,0.0,0.0,trending,,1000.0,0.0,0.0,,,1000.0,0.0,,trending,0.0,{},,343.0,,,,,,,998.5063762939162,0.0,0.0,0.0,998.5063762939162,0.0,0.0,0.0,3.04894079758622e-05,0.0,1.0,0.0,,
2024-11-19 15:00:00,3096.77,3108.39,3087.25,3104.36,20583.3108,0.00021234,90,0.0,0.0,trending,,1000.0,0.0,0.0,,,1000.0,0.0,,trending,0.0,{},,344.0,,,,,,,998.5063762939162,0.0,0.0,0.0,998.5063762939162,0.0,0.0,0.0,2.0703793455633138e-05,0.0,1.0,0.0,,
2024-11-19 16:00:00,3104.35,3116.5,3099.49,3110.16,15221.9486,0.00015353,90,0.0,0.0,trending,,1000.0,0.0,0.0,,,1000.0,0.0,,trending,0.0,{},,345.0,,,,,,,998.5063762939162,0.0,0.0,0.0,998.5063762939162,0.0,0.0,0.0,1.4057283521618293e-05,0.0,1.0,0.0,,
2024-11-19 17:00:00,3110.17,3129.65,3105.93,3117.45,16115.0543,0.00015353,90,0.0,0.0,trending,,1000.0,0.0,0.0,,,1000.0,0.0,,trending,0.0,{},,346.0,,,,,,,998.5063762939162,0.0,0.0,0.0,998.5063762939162,0.0,0.0,0.0,5.64241388343319e-06,0.0,1.0,0.0,,
2024-11-19 18:00:00,3117.44,3143.0,3113.91,3140.69,33821.2631,0.00015353,90,0.0,0.0,trending,,1000.0,0.0,0.0,,,1000.0,0.0,,trending,0.0,{},,347.0,,,,,,,998.5063762939162,0.0,0.0,0.0,998.5063762939162,0.0,0.0,0.0,-2.150779313902204e-05,0.0,1.0,0.0,,
2024-11-19 19:00:00,3140.7,3145.0,3118.0,3122.19,21729.5172,0.00015353,90,0.0,0.0,trending,,1000.0,0.0,0.0,,,1000.0,0.0,,trending,0.0,{},,348.0,,,,,,,998.5063762939162,0.0,0.0,0.0,998.5063762939162,0.0,0.0,0.0,1.249969788618881e-06,0.0,1.0,0.0,,
2024-11-19 20:00:00,3122.2,3131.11,3085.0,3100.17,20976.5046,0.00015353,90,0.0,0.0,trending,,1000.0,0.0,0.0,,,1000.0,0.0,,trending,0.0,{},,349.0,,,,,,,998.5063762939162,0.0,0.0,0.0,998.5063762939162,0.0,0.0,0.0,2.5405706533025195e-05,0.0,1.0,0.0,,
2024-11-19 21:00:00,3100.17,3106.91,3068.0,3092.19,38041.0802,0.00015353,90,0.0,0.0,trending,,1000.0,0.0,0.0,,,1000.0,0.0,,trending,0.0,{},,350.0,,,,,,,998.5063762939162,0.0,0.0,0.0,998.5063762939162,0.0,0.0,0.0,3.271053957709408e-05,0.0,1.0,0.0,,
2024-11-19 22:00:00,3092.19,3099.51,3065.4,3092.67,14723.6717,0.00015353,90,0.0,0.0,trending,,1000.0,0.0,0.0,,,1000.0,0.0,,trending,0.0,{},,351.0,,,,,,,998.5063762939162,0.0,0.0,0.0,998.5063762939162,0.0,0.0,0.0,3.149737429301302e-05,0.0,1.0,0.0,,
2024-11-19 23:00:00,3092.66,3114.87,3087.8,3107.44,13647.9187,0.00015353,90,0.0,0.0,trending,,1000.0,0.0,0.0,,,1000.0,0.0,,trending,0.0,{},,352.0,,,,,,,998.5063762939162,0.0,0.0,0.0,998.5063762939162,0.0,0.0,0.0,1.5563540099953242e-05,0.0,1.0,0.0,,
2024-11-20 00:00:00,3107.45,3112.98,3090.39,3107.06,12522.741,0.00015353,83,0.0,0.0,trending,,1000.0,0.0,0.0,,,1000.0,0.0,,trending,0.0,{},,353.0,,,,,,,998.5063762939162,0.0,0.0,0.0,998.5063762939162,0.0,0.0,0.0,1.7253275793267658e-05,0.0,1.0,0.0,,
2024-11-20 01:00:00,3107.06,3127.64,3093.63,3098.97,17052.3378,0.00017369,83,0.0,0.0,trending,,1000.0,0.0,0.0,,,1000.0,0.0,,trending,0.0,{},,354.0,,,,,,,998.5063762939162,0.0,0.0,0.0,998.5063762939162,0.0,0.0,0.0,3.1899696477237625e-05,0.0,1.0,0.0,,
2024-11-20 02:00:00,3098.98,3106.19,3084.0,3086.44,14913.1404,0.00017369,83,0.0,0.0,trending,,1000.0,0.0,0.0,,,1000.0,0.0,,trending,0.0,{},,355.0,,,,,,,998.5063762939162,0.0,0.0,0.0,998.5063762939162,0.0,0.0,0.0,5.6679188331364864e-05,0.0,1.0,0.0,,
2024-11-20 03:00:00,3086.44,3097.69,3071.6,3096.0,16755.9025,0.00017369,83,0.0,0.0,trending,,1000.0,0.0,0.0,,,1000.0,0.0,,trending,0.0,{},,356.0,,,,,,,998.5063762939162,0.0,0.0,0.0,998.5063762939162,0.0,0.0,0.0,3.685382991277121e-05,0.0,1.0,0.0,,
2024-11-20 04:00:00,3095.99,3102.0,3087.51,3098.0,7541.457,0.00017369,83,0.0,0.0,trending,,1000.0,0.0,0.0,,,1000.0,0.0,,trending,0.0,{},,357.0,,,,,,,998.5063762939162,0.0,0.0,0.0,998.5063762939162,0.0,0.0,0.0,3.230238766138941e-05,0.0,1.0,0.0,,
2024-11-20 05:00:00,3098.0,3115.01,3091.22,3108.5,11219.6911,0.00017369,83,0.0,0.0,trending,,1000.0,0.0,0.0,,,1000.0,0.0,,trending,0.0,{},,358.0,,,,,,,998.5063762939162,0.0,0.0,0.0,998.5063762939162,0.0,0.0,0.0,5.5146461326218685e-06,0.0,1.0,0.0,,
2024-11-20 06:00:00,3108.51,3113.99,3101.57,3104.52,8701.1078,0.00017369,83,0.0,0.0,trending,,1000.0,0.0,0.0,,,1000.0,0.0,,trending,0.0,{},,359.0,,,,,,,998.5063762939162,0.0,0.0,0.0,998.5063762939162,0.0,0.0,0.0,1.665640912555476e-05,0.0,1.0,0.0,,
2024-11-20 07:00:00,3104.52,3115.0,3098.8,3109.54,14414.2312,0.00017369,83,0.0,0.0,trending,,1000.0,0.0,0.0,,,1000.0,0.0,,trending,0.0,{},,360.0,,,,,,,998.5063762939162,0.0,0.0,0.0,998.5063762939162,0.0,0.0,0.0,1.6455782104835613e-06,0.0,1.0,0.0,,
2024-11-20 08:00:00,3109.54,3129.54,3105.52,3123.46,17730.0497,0.00019505,83,0.0,0.0,trending,,1000.0,0.0,0.0,,,1000.0,0.0,,trending,0.0,{},,361.0,,,,,,,998.5063762939162,0.0,0.0,0.0,998.5063762939162,0.0,0.0,0.0,-3.7673708152834885e-05,0.0,1.0,0.0,,
2024-11-20 09:00:00,3123.45,3135.13,3116.0,3118.65,24824.9096,0.00019505,83,0.0,0.0,trending,,1000.0,0.0,0.0,,,1000.0,0.0,,trending,0.0,{},,362.0,,,,,,,998.5063762939162,0.0,0.0,0.0,998.5063762939162,0.0,0.0,0.0,-2.2159372332757557e-05,0.0,1.0,0.0,,
2024-11-20 10:00:00,3118.66,3120.83,3108.11,3109.4,10307.5304,0.00019505,83,0.0,0.0,trending,,1000.0,0.0,0.0,,,1000.0,0.0,,trending,0.0,{},,363.0,,,,,,,998.5063762939162,0.0,0.0,0.0,998.5063762939162,0.0,0.0,0.0,6.4754857752612655e-06,0.0,1.0,0.0,,
2024-11-20 11:00:00,3109.4,3110.16,3083.8,3099.82,17908.6028,0.00019505,83,0.0,0.0,trending,,1000.0,0.0,0.0,,,1000.0,0.0,,trending,0.0,{},,364.0,,,,,,,998.5063762939162,0.0,0.0,0.0,998.5063762939162,0.0,0.0,0.0,3.6227039062254364e-05,0.0,1.0,0.0,,
2024-11-20 12:00:00,3099.82,3102.33,3081.56,3089.45,25871.4508,0.00019505,83,-15.470109448119516,0.0,trending,,1000.0,0.0,-1.5470109448119516,True,True,998.4529890551878,-1.549407895784709,,trending,-15.470109448119516,{},,365.0,ETHUSDT,2024-11-20 12:00:00,ETHUSDT,3089.45,0.5007399196659443,SHORT,998.5063762939162,0.0,0.0,0.0,998.5063762939162,0.0,0.0,0.0,6.983995864242015e-05,-15.470109448119516,1.0,-15.470109448119516,True,True
2024-11-20 13:00:00,3089.45,3114.26,3085.5,3113.26,23656.329,0.00019505,83,0.0,0.0,trending,,986.5303715679415,-1.5802185185860094,1.5802185185860094,True,True,984.969877511586,0.0,,trending,15.470109448119516,{},,366.0,ETHUSDT,2024-11-20 13:00:00,ETHUSDT,3113.26,-0.5007399196659443,CLOSE,998.5063762939162,0.0,0.0,0.0,998.5063762939162,0.0,0.0,0.0,-1.341940445705022e-05,0.0,1.0,0.0,True,True
2024-11-20 14:00:00,3113.25,3159.2,3091.0,3114.48,61067.1575,0.00019505,83,0.0,0.0,trending,,984.969877511586,0.0,0.0,,,984.969877511586,0.0,,trending,0.0,{},,367.0,,,,,,,998.5063762939162,0.0,0.0,0.0,998.5063762939162,0.0,0.0,0.0,-1.755880047089634e-05,0.0,1.0,0.0,,
2024-11-20 15:00:00,3114.48,3130.79,3090.0,3130.0,36350.9134,0.00019505,83,0.0,0.0,trending,,984.969877511586,0.0,0.0,,,984.969877511586,0.0,,trending,0.0,{},,368.0,,,,,,,998.5063762939162,0.0,0.0,0.0,998.5063762939162,0.0,0.0,0.0,-6.288766450687595e-05,0.0,1.0,0.0,,
2024-11-20 16:00:00,3130.0,3135.0,3075.02,3089.1,39337.8372,0.00013619,83,0.0,0.0,trending,,984.969877511586,0.0,0.0,,,984.969877511586,0.0,,trending,0.0,{},,369.0,,,,,,,998.5063762939162,0.0,0.0,0.0,998.5063762939162,0.0,0.0,0.0,5.6025987987341075e-05,0.0,1.0,0.0,,
2024-11-20 17:00:00,3089.07,3096.5,3063.81,3064.01,28162.5677,0.00013619,83,-20.0,0.0,trending,,984.969877511586,0.0,-2.0,True,True,982.9999377565628,-2.0040080160320644,,trending,-20.0,{},,370.0,ETHUSDT,2024-11-20 17:00:00,ETHUSDT,3064.01,0.6429286311151634,SHORT,998.5063762939162,0.0,0.0,0.0,998.5063762939162,0.0,0.0,0.0,9.355517797984827e-05,-20.705198587232218,1.0,-20.705198587232218,True,True
2024-11-20 18:00:00,3064.01,3077.74,3037.05,3049.01,40546.4028,0.00013619,83,-20.0,0.0,trending,,992.6438672232903,-1.974822884908315,-0.025177115091685076,False,,992.6438672232903,-1.974822884908315,,trending,0.0,{},,371.0,ETHUSDT,2024-11-20 18:00:00,,,,,998.5063762939162,0.0,0.0,0.0,998.5063762939162,0.0,0.0,0.0,0.00010537999459718404,-23.253674525164158,1.0,-23.253674525164158,True,False
2024-11-20 19:00:00,3049.0,3063.32,3029.41,3058.05,22121.3957,0.00013619,83,-16.978336219584683,0.0,trending,,986.8317923980092,-1.99234349311352,0.29450987115505156,True,True,986.5408697713515,-1.698334298850894,,trending,3.0216637804153166,{},,372.0,ETHUSDT,2024-11-20 19:00:00,ETHUSDT,3058.05,0.09503824464310467,REDUCE_SHORT,998.5063762939162,0.0,0.0,0.0,998.5063762939162,0.0,0.0,0.0,7.706066077302711e-05,-16.978336219584683,1.0,-16.978336219584683,True,True
2024-11-20 20:00:00,3058.04,3081.88,3044.38,3072.32,20044.6255,0.00013619,83,0.0,0.0,trending,,978.7224739563953,-1.7198895876593827,1.7198895876593827,True,True,977.0374943846577,0.0,,trending,16.978336219584683,{},,373.0,ETHUSDT,2024-11-20 20:00:00,ETHUSDT,3072.32,-0.5478903864720588,CLOSE,998.5063762939162,0.0,0.0,0.0,998.5063762939162,0.0,0.0,0.0,4.472636115855595e-05,0.0,1.0,0.0,True,True
2024-11-20 21:00:00,3072.32,3083.05,3062.21,3078.16,12362.1334,0.00013619,83,0.0,0.0,trending,,977.0374943846577,0.0,0.0,,,977.0374943846577,0.0,,trending,0.0,{},,374.0,,,,,,,998.5063762939162,0.0,0.0,0.0,998.5063762939162,0.0,0.0,0.0,3.251391359474621e-05,0.0,1.0,0.0,,
2024-11-20 22:00:00,3078.15,3093.16,3066.33,3074.38,10537.2525,0.00013619,83,0.0,0.0,trending,,977.0374943846577,0.0,0.0,,,977.0374943846577,0.0,,trending,0.0,{},,375.0,,,,,,,998.5063762939162,0.0,0.0,0.0,998.5063762939162,0.0,0.0,0.0,3.7773828382465405e-05,0.0,1.0,0.0,,
2024-11-20 23:00:00,3074.38,3079.68,3063.4,3069.97,9658.0668,0.00013619,83,0.0,0.0,trending,,977.0374943846577,0.0,0.0,,,977.0374943846577,0.0,,trending,0.0,{},,376.0,,,,,,,998.5063762939162,0.0,0.0,0.0,998.5063762939162,0.0,0.0,0.0,4.397069018482857e-05,0.0,1.0,0.0,,
2024-11-21 00:00:00,3069.97,3090.0,3065.2,3079.19,11708.0096,0.00013619,82,0.0,0.0,trending,,977.0374943846577,0.0,0.0,,,977.0374943846577,0.0,,trending,0.0,{},,377.0,,,,,,,998.5063762939162,0.0,0.0,0.0,998.5063762939162,0.0,0.0,0.0,2.4457677314389365e-05,0.0,1.0,0.0,,
2024-11-21 01:00:00,3079.2,3098.43,3076.4,3079.06,11550.9055,0.0001,82,0.0,0.0,trending,,977.0374943846577,0.0,0.0,,,977.0374943846577,0.0,,trending,0.0,{},,378.0,,,,,,,998.5063762939162,0.0,0.0,0.0,998.5063762939162,0.0,0.0,0.0,2.4525460314568387e-05,0.0,1.0,0.0,,
2024-11-21 02:00:00,3079.07,3080.01,3032.59,3056.21,27526.9407,0.0001,82,0.0,0.0,trending,,977.0374943846577,0.0,0.0,,,977.0374943846577,0.0,,trending,0.0,{},,379.0,,,,,,,998.5063762939162,0.0,0.0,0.0,998.5063762939162,0.0,0.0,0.0,5.975785314104498e-05,0.0,1.0,0.0,,
2024-11-21 03:00:00,3056.21,3101.0,3053.67,3081.98,37569.6038,0.0001,82,0.0,0.0,trending,,977.0374943846577,0.0,0.0,,,977.0374943846577,0.0,,trending,0.0,{},,380.0,,,,,,,998.5063762939162,0.0,0.0,0.0,998.5063762939162,0.0,0.0,0.0,9.898933457078785e-06,0.0,1.0,0.0,,
2024-11-21 04:00:00,3081.99,3139.4,3080.5,3130.67,53599.3311,0.0001,82,0.0,0.0,trending,,977.0374943846577,0.0,0.0,,,977.0374943846577,0.0,,trending,0.0,{},,381.0,,,,,,,998.5063762939162,0.0,0.0,0.0,998.5063762939162,0.0,0.0,0.0,-5.239447752163189e-05,0.0,1.0,0.0,,
2024-11-21 05:00:00,3130.67,3143.64,3092.65,3107.71,34959.6742,0.0001,82,0.0,0.0,trending,,977.0374943846577,0.0,0.0,,,977.0374943846577,0.0,,trending,0.0,{},,382.0,,,,,,,998.5063762939162,0.0,0.0,0.0,998.5063762939162,0.0,0.0,0.0,-2.0058436588660474e-05,0.0,1.0,0.0,,
2024-11-21 06:00:00,3107.71,3129.0,3099.5,3127.21,22711.4954,0.0001,82,0.0,0.0,trending,,977.0374943846577,0.0,0.0,,,977.0374943846577,0.0,,trending,0.0,{},,383.0,,,,,,,998.5063762939162,0.0,0.0,0.0,998.5063762939162,0.0,0.0,0.0,-3.938600549888602e-05,0.0,1.0,0.0,,
2024-11-21 07:00:00,3127.21,3141.14,3121.61,3137.02,20490.9523,0.0001,82,0.0,0.0,trending,,977.0374943846577,0.0,0.0,,,977.0374943846577,0.0,,trending,0.0,{},,384.0,,,,,,,998.5063762939162,0.0,0.0,0.0,998.5063762939162,0.0,0.0,0.0,-4.6250185420884877e-05,0.0,1.0,0.0,,
2024-11-21 08:00:00,3137.02,3148.11,3128.0,3141.19,25307.485,0.0001,82,0.0,0.0,trending,,977.0374943846577,0.0,0.0,,,977.0374943846577,0.0,,trending,0.0,{},,385.0,,,,,,,998.5063762939162,0.0,0.0,0.0,998.5063762939162,0.0,0.0,0.0,-4.809710666658316e-05,0.0,1.0,0.0,,
2024-11-21 09:00:00,3141.19,3144.34,3122.4,3125.99,20396.2099,0.0001,82,0.0,0.0,trending,,977.0374943846577,0.0,0.0,,,977.0374943846577,0.0,,trending,0.0,{},,386.0,,,,,,,998.5063762939162,0.0,0.0,0.0,998.5063762939162,0.0,0.0,0.0,-2.7666291930497272e-05,0.0,1.0,0.0,,
2024-11-21 10:00:00,3125.98,3139.13,3118.37,3131.7,16245.2878,0.0001,82,0.0,0.0,trending,,977.0374943846577,0.0,0.0,,,977.0374943846577,0.0,,trending,0.0,{},,387.0,,,,,,,998.5063762939162,0.0,0.0,0.0,998.5063762939162,0.0,0.0,0.0,-3.235973677650314e-05,0.0,1.0,0.0,,
2024-11-21 11:00:00,3131.7,3155.0,3129.18,3147.75,30490.13,0.0001,82,0.0,0.0,trending,,977.0374943846577,0.0,0.0,,,977.0374943846577,0.0,,trending,0.0,{},,388.0,,,,,,,998.5063762939162,0.0,0.0,0.0,998.5063762939162,0.0,0.0,0.0,-4.4287413217633164e-05,0.0,1.0,0.0,,
2024-11-21 12:00:00,3147.74,3317.85,3146.2,3284.99,179740.4868,0.0001,82,15.069502015242453,0.0,trending,,977.0374943846577,0.0,1.5069502015242453,True,True,975.565147535598,1.5077153032027235,,trending,15.069502015242453,{},,389.0,ETHUSDT,2024-11-21 12:00:00,ETHUSDT,3284.99,0.4482043625885326,LONG,998.5063762939162,0.0,0.0,0.0,998.5063762939162,0.0,0.0,0.0,-6.80267843379479e-05,15.069502015242453,1.0,15.069502015242453,True,True
2024-11-21 13:00:00,3284.99,3366.94,3284.38,3348.0,98001.2227,0.0001,82,0.0,0.0,trending,,1003.7782630654149,1.4934449896956647,-1.4934449896956647,True,True,1002.2791754476743,0.0,,trending,-15.069502015242453,{},,390.0,ETHUSDT,2024-11-21 13:00:00,ETHUSDT,3348.0,0.44775615822594406,CLOSE,998.5063762939162,0.0,0.0,0.0,998.5063762939162,0.0,0.0,0.0,-5.369228164179756e-05,0.0,1.0,0.0,True,True
2024-11-21 14:00:00,3348.0,3372.6,3307.81,3345.5,77582.9823,0.0001,82,0.0,0.0,trending,,1002.2791754476743,0.0,0.0,,,1002.2791754476743,0.0,,trending,0.0,{},,391.0,,,,,,,998.5063762939162,0.0,0.0,0.0,998.5063762939162,0.0,0.0,0.0,-4.370908339380098e-05,0.0,1.0,0.0,,
2024-11-21 15:00:00,3345.49,3346.28,3236.88,3277.03,90929.2832,0.0001,82,0.0,0.0,trending,,1002.2791754476743,0.0,0.0,,,1002.2791754476743,0.0,,trending,0.0,{},,392.0,,,,,,,998.5063762939162,0.0,0.0,0.0,998.5063762939162,0.0,0.0,0.0,-2.226261205784231e-05,0.0,1.0,0.0,,
2024-11-21 16:00:00,3277.03,3340.82,3277.03,3331.48,40817.5219,0.0001,82,0.0,0.0,trending,,1002.2791754476743,0.0,0.0,,,1002.2791754476743,0.0,,trending,0.0,{},,393.0,,,,,,,998.5063762939162,0.0,0.0,0.0,998.5063762939162,0.0,0.0,0.0,-2.5512494736829292e-05,0.0,1.0,0.0,,
2024-11-21 17:00:00,3331.47,3350.0,3313.05,3349.27,24337.7757,0.00020146,82,0.0,0.0,trending,,1002.2791754476743,0.0,0.0,,,1002.2791754476743,0.0,,trending,0.0,{},,394.0,,,,,,,998.5063762939162,0.0,0.0,0.0,998.5063762939162,0.0,0.0,0.0,-2.5107950884986878e-05,0.0,1.0,0.0,,
2024-11-21 18:00:00,3349.27,3383.58,3338.91,3379.22,40354.203,0.00020146,82,0.0,0.0,trending,,1002.2791754476743,0.0,0.0,,,1002.2791754476743,0.0,,trending,0.0,{},,395.0,,,,,,,998.5063762939162,0.0,0.0,0.0,998.5063762939162,0.0,0.0,0.0,-2.5507864183873406e-05,0.0,1.0,0.0,,
2024-11-21 19:00:00,3379.22,3386.73,3337.01,3347.0,39189.219,0.00020146,82,0.0,0.0,trending,,1002.2791754476743,0.0,0.0,,,1002.2791754476743,0.0,,trending,0.0,{},,396.0,,,,,,,998.5063762939162,0.0,0.0,0.0,998.5063762939162,0.0,0.0,0.0,-1.8916858286412987e-05,0.0,1.0,0.0,,
2024-11-21 20:00:00,3347.0,3367.58,3333.54,3347.96,22105.5789,0.00020146,82,0.0,0.0,trending,,1002.2791754476743,0.0,0.0,,,1002.2791754476743,0.0,,trending,0.0,{},,397.0,,,,,,,998.5063762939162,0.0,0.0,0.0,998.5063762939162,0.0,0.0,0.0,-1.8579430194631186e-05,0.0,1.0,0.0,,
2024-11-21 21:00:00,3347.96,3355.96,3334.2,3345.13,15057.3191,0.00020146,82,0.0,0.0,trending,,1002.2791754476743,0.0,0.0,,,1002.2791754476743,0.0,,trending,0.0,{},,398.0,,,,,,,998.5063762939162,0.0,0.0,0.0,998.5063762939162,0.0,0.0,0.0,-1.7813051836048675e-05,0.0,1.0,0.0,,
2024-11-21 22:00:00,3345.13,3378.68,3344.01,3371.34,17009.4074,0.00020146,82,0.0,0.0,trending,,1002.2791754476743,0.0,0.0,,,1002.2791754476743,0.0,,trending,0.0,{},,399.0,,,,,,,998.5063762939162,0.0,0.0,0.0,998.5063762939162,0.0,0.0,0.0,-1.978263273920526e-05,0.0,1.0,0.0,,
2024-11-21 23:00:00,3371.33,3376.2,3354.81,3355.81,17242.2782,0.00020146,82,0.0,0.0,trending,,1002.2791754476743,0.0,0.0,,,1002.2791754476743,0.0,,trending,0.0,{},,400.0,,,,,,,998.5063762939162,0.0,0.0,0.0,998.5063762939162,0.0,0.0,0.0,-1.6859662011414175e-05,0.0,1.0,0.0,,
2024-11-22 00:00:00,3355.88,3372.56,3309.47,3316.1,26507.7822,0.0003418,94,0.0,0.0,trending,,1002.2791754476743,0.0,0.0,,,1002.2791754476743,0.0,,trending,0.0,{},,401.0,,,,,,,998.5063762939162,0.0,0.0,0.0,998.5063762939162,0.0,0.0,0.0,-9.869228477615726e-06,0.0,1.0,0.0,,
2024-11-22 01:00:00,3316.09,3330.41,3304.39,3321.5,18054.234,0.0003418,94,0.0,0.0,trending,,1002.2791754476743,0.0,0.0,,,1002.2791754476743,0.0,,trending,0.0,{},,402.0,,,,,,,998.5063762939162,0.0,0.0,0.0,998.5063762939162,0.0,0.0,0.0,-1.0858820423911182e-05,0.0,1.0,0.0,,
2024-11-22 02:00:00,3321.49,3343.72,3320.0,3331.01,20471.4336,0.0003418,94,0.0,0.0,trending,,1002.2791754476743,0.0,0.0,,,1002.2791754476743,0.0,,trending,0.0,{},,403.0,,,,,,,998.5063762939162,0.0,0.0,0.0,998.5063762939162,0.0,0.0,0.0,-1.2768962080462421e-05,0.0,1.0,0.0,,
2024-11-22 03:00:00,3331.0,3380.68,3321.0,3365.8,27973.0969,0.0003418,94,0.0,0.0,trending,,1002.2791754476743,0.0,0.0,,,1002.2791754476743,0.0,,trending,0.0,{},,404.0,,,,,,,998.5063762939162,0.0,0.0,0.0,998.5063762939162,0.0,0.0,0.0,-1.7838955955515354e-05,0.0,1.0,0.0,,
2024-11-22 04:00:00,3365.8,3425.92,3357.44,3390.01,44626.4088,0.0003418,94,0.0,0.0,trending,,1002.2791754476743,0.0,0.0,,,1002.2791754476743,0.0,,trending,0.0,{},,405.0,,,,,,,998.5063762939162,0.0,0.0,0.0,998.5063762939162,0.0,0.0,0.0,-2.0903278246433414e-05,0.0,1.0,0.0,,
2024-11-22 05:00:00,3390.0,3394.98,3369.4,3376.14,22925.0339,0.0003418,94,0.0,0.0,trending,,1002.2791754476743,0.0,0.0,,,1002.2791754476743,0.0,,trending,0.0,{},,406.0,,,,,,,998.5063762939162,0.0,0.0,0.0,998.5063762939162,0.0,0.0,0.0,-1.8557791167749758e-05,0.0,1.0,0.0,,
2024-11-22 06:00:00,3376.15,3384.42,3355.0,3371.77,19019.827,0.0003418,94,0.0,0.0,trending,,1002.2791754476743,0.0,0.0,,,1002.2791754476743,0.0,,trending,0.0,{},,407.0,,,,,,,998.5063762939162,0.0,0.0,0.0,998.5063762939162,0.0,0.0,0.0,-1.8471522056810765e-05,0.0,1.0,0.0,,
2024-11-22 07:00:00,3371.77,3386.87,3358.29,3362.66,20666.6954,0.0003418,94,0.0,0.0,trending,,1002.2791754476743,0.0,0.0,,,1002.2791754476743,0.0,,trending,0.0,{},,408.0,,,,,,,998.5063762939162,0.0,0.0,0.0,998.5063762939162,0.0,0.0,0.0,-1.7113731319248378e-05,0.0,1.0,0.0,,
2024-11-22 08:00:00,3362.65,3381.2,3360.01,3372.01,18990.8137,0.00029201,94,0.0,0.0,trending,,1002.2791754476743,0.0,0.0,,,1002.2791754476743,0.0,,trending,0.0,{},,409.0,,,,,,,998.5063762939162,0.0,0.0,0.0,998.5063762939162,0.0,0.0,0.0,-2.065044433480881e-05,0.0,1.0,0.0,,
2024-11-22 09:00:00,3372.01,3383.84,3350.01,3364.31,19219.573,0.00029201,94,0.0,0.0,trending,,1002.2791754476743,0.0,0.0,,,1002.2791754476743,0.0,,trending,0.0,{},,410.0,,,,,,,998.5063762939162,0.0,0.0,0.0,998.5063762939162,0.0,0.0,0.0,-2.114299257783085e-05,0.0,1.0,0.0,,
2024-11-22 10:00:00,3364.31,3369.84,3319.54,3322.62,30734.5027,0.00029201,94,0.0,0.0,trending,,1002.2791754476743,0.0,0.0,,,1002.2791754476743,0.0,,trending,0.0,{},,411.0,,,,,,,998.5063762939162,0.0,0.0,0.0,998.5063762939162,0.0,0.0,0.0,-6.771617410139276e-06,0.0,1.0,0.0,,
2024-11-22 11:00:00,3322.63,3347.0,3311.68,3344.75,22269.5648,0.00029201,94,0.0,0.0,trending,,1002.2791754476743,0.0,0.0,,,1002.2791754476743,0.0,,trending,0.0,{},,412.0,,,,,,,998.5063762939162,0.0,0.0,0.0,998.5063762939162,0.0,0.0,0.0,-2.707254323413322e-05,0.0,1.0,0.0,,
2024-11-22 12:00:00,3344.76,3357.18,3329.14,3348.43,19200.852,0.00029201,94,0.0,0.0,trending,,1002.2791754476743,0.0,0.0,,,1002.2791754476743,0.0,,trending,0.0,{},,413.0,,,,,,,998.5063762939162,0.0,0.0,0.0,998.5063762939162,0.0,0.0,0.0,-3.345057116857987e-05,0.0,1.0,0.0,,
2024-11-22 13:00:00,3348.43,3348.59,3257.54,3293.21,83686.6854,0.00029201,94,0.0,0.0,trending,,1002.2791754476743,0.0,0.0,,,1002.2791754476743,0.0,,trending,0.0,{},,414.0,,,,,,,998.5063762939162,0.0,0.0,0.0,998.5063762939162,0.0,0.0,0.0,1.4105882285146615e-05,0.0,1.0,0.0,,
2024-11-22 14:00:00,3293.22,3311.2,3280.32,3288.0,36803.993,0.00029201,94,0.0,0.0,trending,,1002.2791754476743,0.0,0.0,,,1002.2791754476743,0.0,,trending,0.0,{},,415.0,,,,,,,998.5063762939162,0.0,0.0,0.0,998.5063762939162,0.0,0.0,0.0,1.62966322368998e-05,0.0,1.0,0.0,,
2024-11-22 15:00:00,3287.99,3323.67,3282.67,3314.15,34906.2183,0.00029201,94,0.0,0.0,trending,,1002.2791754476743,0.0,0.0,,,1002.2791754476743,0.0,,trending,0.0,{},,416.0,,,,,,,998.5063762939162,0.0,0.0,0.0,998.5063762939162,0.0,0.0,0.0,-3.214565610400837e-06,0.0,1.0,0.0,,
2024-11-22 16:00:00,3314.15,3316.73,3290.07,3308.41,24710.5269,0.00029201,94,0.0,0.0,trending,,1002.2791754476743,0.0,0.0,,,1002.2791754476743,0.0,,trending,0.0,{},,417.0,,,,,,,998.5063762939162,0.0,0.0,0.0,998.5063762939162,0.0,0.0,0.0,1.3290892058139693e-06,0.0,1.0,0.0,,
2024-11-22 17:00:00,3308.4,3321.14,3293.21,3296.48,19047.741,0.00022123,94,0.0,0.0,trending,,1002.2791754476743,0.0,0.0,,,1002.2791754476743,0.0,,trending,0.0,{},,418.0,,,,,,,998.5063762939162,0.0,0.0,0.0,998.5063762939162,0.0,0.0,0.0,1.0069789048522824e-05,0.0,1.0,0.0,,
2024-11-22 18:00:00,3296.48,3307.4,3266.66,3280.01,17723.6531,0.00022123,94,0.0,0.0,trending,,1002.2791754476743,0.0,0.0,,,1002.2791754476743,0.0,,trending,0.0,{},,419.0,,,,,,,998.5063762939162,0.0,0.0,0.0,998.5063762939162,0.0,0.0,0.0,2.0819802695716256e-05,0.0,1.0,0.0,,
2024-11-22 19:00:00,3280.0,3297.38,3264.84,3282.4,19764.6886,0.00022123,94,0.0,0.0,trending,,1002.2791754476743,0.0,0.0,,,1002.2791754476743,0.0,,trending,0.0,{},,420.0,,,,,,,998.5063762939162,0.0,0.0,0.0,998.5063762939162,0.0,0.0,0.0,1.7654451373265703e-05,0.0,1.0,0.0,,
2024-11-22 20:00:00,3282.39,3297.26,3273.2,3291.31,13140.2523,0.00022123,94,0.0,0.0,trending,,1002.2791754476743,0.0,0.0,,,1002.2791754476743,0.0,,trending,0.0,{},,421.0,,,,,,,998.5063762939162,0.0,0.0,0.0,998.5063762939162,0.0,0.0,0.0,1.000717413830672e-05,0.0,1.0,0.0,,
2024-11-22 21:00:00,3291.31,3319.67,3279.39,3316.47,13923.0339,0.00022123,94,0.0,0.0,trending,,1002.2791754476743,0.0,0.0,,,1002.2791754476743,0.0,,trending,0.0,{},,422.0,,,,,,,998.5063762939162,0.0,0.0,0.0,998.5063762939162,0.0,0.0,0.0,-8.446535797842673e-06,0.0,1.0,0.0,,
2024-11-22 22:00:00,3316.51,3319.45,3300.85,3308.14,14736.0182,0.00022123,94,0.0,0.0,trending,,1002.2791754476743,0.0,0.0,,,1002.2791754476743,0.0,,trending,0.0,{},,423.0,,,,,,,998.5063762939162,0.0,0.0,0.0,998.5063762939162,0.0,0.0,0.0,-2.2255681155297352e-06,0.0,1.0,0.0,,
2024-11-22 23:00:00,3308.14,3330.0,3307.01,3327.78,14171.0806,0.00022123,94,0.0,0.0,trending,,1002.2791754476743,0.0,0.0,,,1002.2791754476743,0.0,,trending,0.0,{},,424.0,,,,,,,998.5063762939162,0.0,0.0,0.0,998.5063762939162,0.0,0.0,0.0,-1.6461816265844112e-05,0.0,1.0,0.0,,
2024-11-23 00:00:00,3327.78,3364.98,3317.0,3341.81,30155.5223,0.00015103,93,0.0,0.0,trending,,1002.2791754476743,0.0,0.0,,,1002.2791754476743,0.0,,trending,0.0,{},,425.0,,,,,,,998.5063762939162,0.0,0.0,0.0,998.5063762939162,0.0,0.0,0.0,-2.5849832075275295e-05,0.0,1.0,0.0,,
2024-11-23 01:00:00,3341.81,3358.03,3321.63,3343.2,42729.6519,0.00015103,93,0.0,0.0,trending,,1002.2791754476743,0.0,0.0,,,1002.2791754476743,0.0,,trending,0.0,{},,426.0,,,,,,,998.5063762939162,0.0,0.0,0.0,998.5063762939162,0.0,0.0,0.0,-2.673865099393343e-05,0.0,1.0,0.0,,
2024-11-23 02:00:00,3343.19,3347.8,3312.72,3325.79,19549.2114,0.00015103,93,0.0,0.0,trending,,1002.2791754476743,0.0,0.0,,,1002.2791754476743,0.0,,trending,0.0,{},,427.0,,,,,,,998.5063762939162,0.0,0.0,0.0,998.5063762939162,0.0,0.0,0.0,-1.1040649648912306e-05,0.0,1.0,0.0,,
2024-11-23 03:00:00,3325.79,3345.52,3320.09,3345.51,12831.365,0.00015103,93,0.0,0.0,trending,,1002.2791754476743,0.0,0.0,,,1002.2791754476743,0.0,,trending,0.0,{},,428.0,,,,,,,998.5063762939162,0.0,0.0,0.0,998.5063762939162,0.0,0.0,0.0,-2.5844763280171244e-05,0.0,1.0,0.0,,
2024-11-23 04:00:00,3345.51,3356.06,3326.89,3353.87,25242.0246,0.00015103,93,0.0,0.0,trending,,1002.2791754476743,0.0,0.0,,,1002.2791754476743,0.0,,trending,0.0,{},,429.0,,,,,,,998.5063762939162,0.0,0.0,0.0,998.5063762939162,0.0,0.0,0.0,-3.3860187620487815e-05,0.0,1.0,0.0,,
2024-11-23 05:00:00,3353.86,3361.71,3329.1,3348.75,15417.865,0.00015103,93,0.0,0.0,trending,,1002.2791754476743,0.0,0.0,,,1002.2791754476743,0.0,,trending,0.0,{},,430.0,,,,,,,998.5063762939162,0.0,0.0,0.0,998.5063762939162,0.0,0.0,0.0,-2.9728187959825114e-05,0.0,1.0,0.0,,
2024-11-23 06:00:00,3348.75,3351.8,3341.7,3343.72,11618.1029,0.00015103,93,0.0,0.0,trending,,1002.2791754476743,0.0,0.0,,,1002.2791754476743,0.0,,trending,0.0,{},,431.0,,,,,,,998.5063762939162,0.0,0.0,0.0,998.5063762939162,0.0,0.0,0.0,-2.5077494249397256e-05,0.0,1.0,0.0,,
2024-11-23 07:00:00,3343.71,3351.45,3335.2,3341.34,15167.3434,0.00015103,93,0.0,0.0,trending,,1002.2791754476743,0.0,0.0,,,1002.2791754476743,0.0,,trending,0.0,{},,432.0,,,,,,,998.5063762939162,0.0,0.0,0.0,998.5063762939162,0.0,0.0,0.0,-2.28232711794172e-05,0.0,1.0,0.0,,
2024-11-23 08:00:00,3341.34,3402.98,3335.16,3369.27,55944.1373,0.00032558,93,0.0,0.0,trending,,1002.2791754476743,0.0,0.0,,,1002.2791754476743,0.0,,trending,0.0,{},,433.0,,,,,,,998.5063762939162,0.0,0.0,0.0,998.5063762939162,0.0,0.0,0.0,-5.002738739096228e-05,0.0,1.0,0.0,,
2024-11-23 09:00:00,3369.28,3373.82,3342.63,3359.87,19664.5283,0.00032558,93,0.0,0.0,trending,,1002.2791754476743,0.0,0.0,,,1002.2791754476743,0.0,,trending,0.0,{},,434.0,,,,,,,998.5063762939162,0.0,0.0,0.0,998.5063762939162,0.0,0.0,0.0,-3.767593466902562e-05,0.0,1.0,0.0,,
2024-11-23 10:00:00,3359.87,3367.4,3342.6,3348.27,18185.3677,0.00032558,93,0.0,0.0,trending,,1002.2791754476743,0.0,0.0,,,1002.2791754476743,0.0,,trending,0.0,{},,435.0,,,,,,,998.5063762939162,0.0,0.0,0.0,998.5063762939162,0.0,0.0,0.0,-2.1907913885524797e-05,0.0,1.0,0.0,,
2024-11-23 11:00:00,3348.26,3363.89,3347.0,3354.65,11484.9866,0.00032558,93,0.0,0.0,trending,,1002.2791754476743,0.0,0.0,,,1002.2791754476743,0.0,,trending,0.0,{},,436.0,,,,,,,998.5063762939162,0.0,0.0,0.0,998.5063762939162,0.0,0.0,0.0,-2.8222011942070286e-05,0.0,1.0,0.0,,
2024-11-23 12:00:00,3354.65,3428.0,3349.68,3399.82,56873.1526,0.00032558,93,15.133482026009515,0.0,trending,,1002.2791754476743,0.0,1.5133482026009515,True,True,1000.7623780590061,1.5141262546443275,,trending,15.133482026009515,{},,437.0,ETHUSDT,2024-11-23 12:00:00,ETHUSDT,3399.82,0.44614049822287694,LONG,998.5063762939162,0.0,0.0,0.0,998.5063762939162,0.0,0.0,0.0,-5.859847066051301e-05,15.133482026009515,1.0,15.133482026009515,True,True
2024-11-23 13:00:00,3399.82,3444.47,3392.01,3435.03,55172.6575,0.00032558,93,16.834620993396797,0.0,trending,,1016.4552763944912,1.5061887376348668,0.17727336170481278,False,,1016.4552763944912,1.5061887376348668,,trending,1.7011389673872817,{},,438.0,ETHUSDT,2024-11-23 13:00:00,,,,,998.5063762939162,0.0,0.0,0.0,998.5063762939162,0.0,0.0,0.0,-6.466198335201299e-05,16.834620993396797,1.0,16.834620993396797,True,False
2024-11-23 14:00:00,3435.02,3497.51,3426.29,3472.2,77400.4418,0.00032558,93,16.549775863650478,0.0,trending,,1033.0217356711164,1.498071042896463,0.1569065434685848,False,,1033.0217356711164,1.498071042896463,,trending,-0.28484512974631926,{},,439.0,ETHUSDT,2024-11-23 14:00:00,,,,,998.5063762939162,0.0,0.0,0.0,998.5063762939162,0.0,0.0,0.0,-6.311630140661531e-05,16.549775863650478,1.0,16.549775863650478,True,False
2024-11-23 15:00:00,3472.19,3480.42,3444.53,3460.33,40079.1527,0.00032558,93,0.0,0.0,trending,,1027.731343644925,1.5006349338297404,-1.5006349338297404,True,True,1026.1890940880596,0.0,,trending,-16.549775863650478,{},,440.0,ETHUSDT,2024-11-23 15:00:00,ETHUSDT,3460.33,0.44569435772465404,CLOSE,998.5063762939162,0.0,0.0,0.0,998.5063762939162,0.0,0.0,0.0,-4.833464744066883e-05,0.0,1.0,0.0,True,True
2024-11-23 16:00:00,3460.34,3470.22,3377.0,3413.14,83239.0688,0.00037006,93,0.0,0.0,trending,,1026.1890940880596,0.0,0.0,,,1026.1890940880596,0.0,,trending,0.0,{},,441.0,,,,,,,998.5063762939162,0.0,0.0,0.0,998.5063762939162,0.0,0.0,0.0,-2.109536973940778e-05,0.0,1.0,0.0,,
2024-11-23 17:00:00,3413.13,3435.19,3389.44,3424.67,37633.4777,0.00037006,93,0.0,0.0,trending,,1026.1890940880596,0.0,0.0,,,1026.1890940880596,0.0,,trending,0.0,{},,442.0,,,,,,,998.5063762939162,0.0,0.0,0.0,998.5063762939162,0.0,0.0,0.0,-2.4628283162190553e-05,0.0,1.0,0.0,,
2024-11-23 18:00:00,3424.67,3431.11,3401.01,3424.18,16507.87,0.00037006,93,0.0,0.0,trending,,1026.1890940880596,0.0,0.0,,,1026.1890940880596,0.0,,trending,0.0,{},,443.0,,,,,,,998.5063762939162,0.0,0.0,0.0,998.5063762939162,0.0,0.0,0.0,-2.487376929313471e-05,0.0,1.0,0.0,,
2024-11-23 19:00:00,3424.18,3433.0,3400.77,3407.83,12756.469,0.00037006,93,0.0,0.0,trending,,1026.1890940880596,0.0,0.0,,,1026.1890940880596,0.0,,trending,0.0,{},,444.0,,,,,,,998.5063762939162,0.0,0.0,0.0,998.5063762939162,0.0,0.0,0.0,-1.6713893507769733e-05,0.0,1.0,0.0,,
2024-11-23 20:00:00,3407.82,3408.73,3379.2,3405.1,21240.0642,0.00037006,93,0.0,0.0,trending,,1026.1890940880596,0.0,0.0,,,1026.1890940880596,0.0,,trending,0.0,{},,445.0,,,,,,,998.5063762939162,0.0,0.0,0.0,998.5063762939162,0.0,0.0,0.0,-1.594033838113887e-05,0.0,1.0,0.0,,
2024-11-23 21:00:00,3405.11,3427.73,3401.78,3417.24,15728.263,0.00037006,93,0.0,0.0,trending,,1026.1890940880596,0.0,0.0,,,1026.1890940880596,0.0,,trending,0.0,{},,446.0,,,,,,,998.5063762939162,0.0,0.0,0.0,998.5063762939162,0.0,0.0,0.0,-2.2050957042781407e-05,0.0,1.0,0.0,,
2024-11-23 22:00:00,3417.24,3423.48,3393.0,3405.87,14222.6376,0.00037006,93,0.0,0.0,trending,,1026.1890940880596,0.0,0.0,,,1026.1890940880596,0.0,,trending,0.0,{},,447.0,,,,,,,998.5063762939162,0.0,0.0,0.0,998.5063762939162,0.0,0.0,0.0,-1.5308655274652095e-05,0.0,1.0,0.0,,
2024-11-23 23:00:00,3405.85,3406.96,3382.0,3393.91,12180.6396,0.00037006,93,0.0,0.0,trending,,1026.1890940880596,0.0,0.0,,,1026.1890940880596,0.0,,trending,0.0,{},,448.0,,,,,,,998.5063762939162,0.0,0.0,0.0,998.5063762939162,0.0,0.0,0.0,-7.509890996692325e-06,0.0,1.0,0.0,,
2024-11-24 00:00:00,3393.91,3425.9,3389.03,3417.5,16380.3334,0.00037006,80,0.0,0.0,trending,,1026.1890940880596,0.0,0.0,,,1026.1890940880596,0.0,,trending,0.0,{},,449.0,,,,,,,998.5063762939162,0.0,0.0,0.0,998.5063762939162,0.0,0.0,0.0,-2.1288859594816236e-05,0.0,1.0,0.0,,
2024-11-24 01:00:00,3417.49,3436.62,3414.99,3433.38,19682.1357,0.00027011,80,0.0,0.0,trending,,1026.1890940880596,0.0,0.0,,,1026.1890940880596,0.0,,trending,0.0,{},,450.0,,,,,,,998.5063762939162,0.0,0.0,0.0,998.5063762939162,0.0,0.0,0.0,-2.9580512436917245e-05,0.0,1.0,0.0,,
2024-11-24 02:00:00,3433.38,3450.0,3428.68,3430.39,15560.8673,0.00027011,80,0.0,0.0,trending,,1026.1890940880596,0.0,0.0,,,1026.1890940880596,0.0,,trending,0.0,{},,451.0,,,,,,,998.5063762939162,0.0,0.0,0.0,998.5063762939162,0.0,0.0,0.0,-2.84810750633164e-05,0.0,1.0,0.0,,
2024-11-24 03:00:00,3430.39,3432.6,3418.15,3427.0,11318.5956,0.00027011,80,0.0,0.0,trending,,1026.1890940880596,0.0,0.0,,,1026.1890940880596,0.0,,trending,0.0,{},,452.0,,,,,,,998.5063762939162,0.0,0.0,0.0,998.5063762939162,0.0,0.0,0.0,-2.62816336227503e-05,0.0,1.0,0.0,,
2024-11-24 04:00:00,3427.0,3431.99,3399.69,3413.45,15349.3518,0.00027011,80,0.0,0.0,trending,,1026.1890940880596,0.0,0.0,,,1026.1890940880596,0.0,,trending,0.0,{},,453.0,,,,,,,998.5063762939162,0.0,0.0,0.0,998.5063762939162,0.0,0.0,0.0,-1.4889655170754013e-05,0.0,1.0,0.0,,
2024-11-24 05:00:00,3413.45,3421.22,3398.12,3413.61,14343.7254,0.00027011,80,0.0,0.0,trending,,1026.1890940880596,0.0,0.0,,,1026.1890940880596,0.0,,trending,0.0,{},,454.0,,,,,,,998.5063762939162,0.0,0.0,0.0,998.5063762939162,0.0,0.0,0.0,-1.574223065840107e-05,0.0,1.0,0.0,,
2024-11-24 06:00:00,3413.6,3430.0,3401.17,3423.0,10659.1772,0.00027011,80,0.0,0.0,trending,,1026.1890940880596,0.0,0.0,,,1026.1890940880596,0.0,,trending,0.0,{},,455.0,,,,,,,998.5063762939162,0.0,0.0,0.0,998.5063762939162,0.0,0.0,0.0,-2.4922817569307298e-05,0.0,1.0,0.0,,
2024-11-24 07:00:00,3423.01,3427.25,3409.46,3422.51,9796.4219,0.00027011,80,0.0,0.0,trending,,1026.1890940880596,0.0,0.0,,,1026.1890940880596,0.0,,trending,0.0,{},,456.0,,,,,,,998.5063762939162,0.0,0.0,0.0,998.5063762939162,0.0,0.0,0.0,-2.6884586238191725e-05,0.0,1.0,0.0,,
2024-11-24 08:00:00,3422.51,3428.35,3388.7,3394.0,20034.8766,0.00023721,80,0.0,0.0,trending,,1026.1890940880596,0.0,0.0,,,1026.1890940880596,0.0,,trending,0.0,{},,457.0,,,,,,,998.5063762939162,0.0,0.0,0.0,998.5063762939162,0.0,0.0,0.0,7.032751084607245e-06,0.0,1.0,0.0,,
2024-11-24 09:00:00,3394.0,3405.9,3388.01,3403.09,12710.0708,0.00023721,80,0.0,0.0,trending,,1026.1890940880596,0.0,0.0,,,1026.1890940880596,0.0,,trending,0.0,{},,458.0,,,,,,,998.5063762939162,0.0,0.0,0.0,998.5063762939162,0.0,0.0,0.0,-3.6759544814009867e-06,0.0,1.0,0.0,,
2024-11-24 10:00:00,3403.09,3403.91,3360.01,3374.54,20443.3577,0.00023721,80,0.0,0.0,trending,,1026.1890940880596,0.0,0.0,,,1026.1890940880596,0.0,,trending,0.0,{},,459.0,,,,,,,998.5063762939162,0.0,0.0,0.0,998.5063762939162,0.0,0.0,0.0,3.145997982984162e-05,0.0,1.0,0.0,,
2024-11-24 11:00:00,3374.54,3379.6,3339.11,3344.22,46582.037,0.00023721,80,-17.751393988502777,0.0,trending,,1026.1890940880596,0.0,-1.7751393988502777,True,True,1024.3674653964736,-1.7782961223599012,,trending,-17.751393988502777,{},,460.0,ETHUSDT,2024-11-24 11:00:00,ETHUSDT,3344.22,0.544709585968085,SHORT,998.5063762939162,0.0,0.0,0.0,998.5063762939162,0.0,0.0,0.0,5.9032199664928105e-05,-17.751393988502777,1.0,-17.751393988502777,True,True
2024-11-24 12:00:00,3344.22,3357.32,3281.4,3315.0,59235.8848,0.00023721,80,-19.334765881642085,0.0,trending,,1040.283879498461,-1.7357880027466805,-0.19768858541752787,False,,1040.283879498461,-1.7357880027466805,,trending,-1.583371893139308,{},,461.0,ETHUSDT,2024-11-24 12:00:00,,,,,998.5063762939162,0.0,0.0,0.0,998.5063762939162,0.0,0.0,0.0,6.427439529710088e-05,-19.334765881642085,1.0,-19.334765881642085,True,False
2024-11-24 13:00:00,3314.99,3340.07,3305.0,3325.0,27591.4783,0.00023721,80,0.0,0.0,trending,,1034.83678363878,-1.7501884374223076,1.7501884374223076,True,True,1033.0238112930904,0.0,,trending,19.334765881642085,{},,462.0,ETHUSDT,2024-11-24 13:00:00,ETHUSDT,3325.0,-0.544709585968085,CLOSE,998.5063762939162,0.0,0.0,0.0,998.5063762939162,0.0,0.0,0.0,4.710625406353487e-05,0.0,1.0,0.0,True,True
2024-11-24 14:00:00,3325.01,3332.73,3284.32,3325.99,35051.1827,0.00023721,80,0.0,0.0,trending,,1033.0238112930904,0.0,0.0,,,1033.0238112930904,0.0,,trending,0.0,{},,463.0,,,,,,,998.5063762939162,0.0,0.0,0.0,998.5063762939162,0.0,0.0,0.0,4.511398400574076e-05,0.0,1.0,0.0,,
2024-11-24 15:00:00,3325.99,3327.75,3291.85,3294.39,25658.5876,0.00023721,80,-17.023544915204656,0.0,trending,,1033.0238112930904,0.0,-1.7023544915204656,True,True,1031.265238568088,-1.7052574441897808,,trending,-17.023544915204656,{},,464.0,ETHUSDT,2024-11-24 15:00:00,ETHUSDT,3294.39,0.5338082998680734,SHORT,998.5063762939162,0.0,0.0,0.0,998.5063762939162,0.0,0.0,0.0,5.647665581950564e-05,-17.023544915204656,1.0,-17.023544915204656,True,True
2024-11-24 16:00:00,3294.39,3333.07,3287.19,3318.48,24455.5367,0.00027264,80,0.0,0.0,trending,,1018.4057966242663,-1.739416814808019,1.739416814808019,True,True,1016.6325912519478,0.0,,trending,17.023544915204656,{},,465.0,ETHUSDT,2024-11-24 16:00:00,ETHUSDT,3318.48,-0.5338082998680734,CLOSE,998.5063762939162,0.0,0.0,0.0,998.5063762939162,0.0,0.0,0.0,3.302198344607641e-05,0.0,1.0,0.0,True,True
2024-11-24 17:00:00,3318.48,3319.65,3298.0,3309.61,14067.0571,0.00027264,80,0.0,0.0,trending,,1016.6325912519478,0.0,0.0,,,1016.6325912519478,0.0,,trending,0.0,{},,466.0,,,,,,,998.5063762939162,0.0,0.0,0.0,998.5063762939162,0.0,0.0,0.0,3.543215629278732e-05,0.0,1.0,0.0,,
2024-11-24 18:00:00,3309.6,3334.19,3307.07,3326.59,13181.5979,0.00027264,80,0.0,0.0,trending,,1016.6325912519478,0.0,0.0,,,1016.6325912519478,0.0,,trending,0.0,{},,467.0,,,,,,,998.5063762939162,0.0,0.0,0.0,998.5063762939162,0.0,0.0,0.0,2.2397008955963923e-05,0.0,1.0,0.0,,
2024-11-24 19:00:00,3326.59,3329.25,3309.99,3326.63,11508.3886,0.00027264,80,0.0,0.0,trending,,1016.6325912519478,0.0,0.0,,,1016.6325912519478,0.0,,trending,0.0,{},,468.0,,,,,,,998.5063762939162,0.0,0.0,0.0,998.5063762939162,0.0,0.0,0.0,2.1942081584127164e-05,0.0,1.0,0.0,,
2024-11-24 20:00:00,3326.64,3343.82,3321.51,3341.59,12351.2148,0.00027264,80,0.0,0.0,trending,,1016.6325912519478,0.0,0.0,,,1016.6325912519478,0.0,,trending,0.0,{},,469.0,,,,,,,998.5063762939162,0.0,0.0,0.0,998.5063762939162,0.0,0.0,0.0,1.124270192630531e-05,0.0,1.0,0.0,,
2024-11-24 21:00:00,3341.59,3346.73,3331.68,3345.01,8402.7462,0.00027264,80,0.0,0.0,trending,,1016.6325912519478,0.0,0.0,,,1016.6325912519478,0.0,,trending,0.0,{},,470.0,,,,,,,998.5063762939162,0.0,0.0,0.0,998.5063762939162,0.0,0.0,0.0,8.965737457595132e-06,0.0,1.0,0.0,,
2024-11-24 22:00:00,3345.01,3363.38,3337.4,3358.83,14461.9997,0.00027264,80,0.0,0.0,trending,,1016.6325912519478,0.0,0.0,,,1016.6325912519478,0.0,,trending,0.0,{},,471.0,,,,,,,998.5063762939162,0.0,0.0,0.0,998.5063762939162,0.0,0.0,0.0,-5.396962534474038e-07,0.0,1.0,0.0,,
2024-11-24 23:00:00,3358.83,3372.22,3351.38,3361.2,20271.4673,0.00027264,80,0.0,0.0,trending,,1016.6325912519478,0.0,0.0,,,1016.6325912519478,0.0,,trending,0.0,{},,472.0,,,,,,,998.5063762939162,0.0,0.0,0.0,998.5063762939162,0.0,0.0,0.0,-2.1720590501267253e-06,0.0,1.0,0.0,,
2024-11-25 00:00:00,3361.21,3365.68,3334.99,3348.82,20176.9968,0.00017259,82,0.0,0.0,trending,,1016.6325912519478,0.0,0.0,,,1016.6325912519478,0.0,,trending,0.0,{},,473.0,,,,,,,998.5063762939162,0.0,0.0,0.0,998.5063762939162,0.0,0.0,0.0,6.7430111482198295e-06,0.0,1.0,0.0,,
2024-11-25 01:00:00,3348.81,3353.78,3300.01,3328.55,23365.2303,0.00017259,82,0.0,0.0,trending,,1016.6325912519478,0.0,0.0,,,1016.6325912519478,0.0,,trending,0.0,{},,474.0,,,,,,,998.5063762939162,0.0,0.0,0.0,998.5063762939162,0.0,0.0,0.0,2.0904421438372734e-05,0.0,1.0,0.0,,
2024-11-25 02:00:00,3328.56,3350.11,3327.95,3338.16,10740.1496,0.00017259,82,0.0,0.0,trending,,1016.6325912519478,0.0,0.0,,,1016.6325912519478,0.0,,trending,0.0,{},,475.0,,,,,,,998.5063762939162,0.0,0.0,0.0,998.5063762939162,0.0,0.0,0.0,1.3466789880510267e-05,0.0,1.0,0.0,,
2024-11-25 03:00:00,3338.16,3370.4,3338.16,3362.44,11882.7511,0.00017259,82,0.0,0.0,trending,,1016.6325912519478,0.0,0.0,,,1016.6325912519478,0.0,,trending,0.0,{},,476.0,,,,,,,998.5063762939162,0.0,0.0,0.0,998.5063762939162,0.0,0.0,0.0,-6.355629062335391e-06,0.0,1.0,0.0,,
2024-11-25 04:00:00,3362.44,3387.66,3361.21,3365.79,18172.7731,0.00017259,82,0.0,0.0,trending,,1016.6325912519478,0.0,0.0,,,1016.6325912519478,0.0,,trending,0.0,{},,477.0,,,,,,,998.5063762939162,0.0,0.0,0.0,998.5063762939162,0.0,0.0,0.0,-9.488502257676799e-06,0.0,1.0,0.0,,
2024-11-25 05:00:00,3365.79,3391.79,3365.61,3381.72,12677.6894,0.00017259,82,0.0,0.0,trending,,1016.6325912519478,0.0,0.0,,,1016.6325912519478,0.0,,trending,0.0,{},,478.0,,,,,,,998.5063762939162,0.0,0.0,0.0,998.5063762939162,0.0,0.0,0.0,-2.339826958080631e-05,0.0,1.0,0.0,,
2024-11-25 06:00:00,3381.72,3390.39,3375.0,3380.39,9950.5677,0.00017259,82,0.0,0.0,trending,,1016.6325912519478,0.0,0.0,,,1016.6325912519478,0.0,,trending,0.0,{},,479.0,,,,,,,998.5063762939162,0.0,0.0,0.0,998.5063762939162,0.0,0.0,0.0,-2.3935840930050723e-05,0.0,1.0,0.0,,
2024-11-25 07:00:00,3380.4,3419.81,3368.58,3399.41,22415.5538,0.00017259,82,0.0,0.0,trending,,1016.6325912519478,0.0,0.0,,,1016.6325912519478,0.0,,trending,0.0,{},,480.0,,,,,,,998.5063762939162,0.0,0.0,0.0,998.5063762939162,0.0,0.0,0.0,-4.322028747779986e-05,0.0,1.0,0.0,,
2024-11-25 08:00:00,3399.4,3414.4,3396.6,3413.0,15521.016,0.00023935,82,15.807173210517647,0.0,trending,,1016.6325912519478,0.0,1.5807173210517647,True,True,1015.02558250581,1.58163672429642,,trending,15.807173210517647,{},,481.0,ETHUSDT,2024-11-25 08:00:00,ETHUSDT,3413.0,0.47084932497441917,LONG,998.5063762939162,0.0,0.0,0.0,998.5063762939162,0.0,0.0,0.0,-5.180806960807485e-05,15.807173210517647,1.0,15.807173210517647,True,True
2024-11-25 09:00:00,3413.0,3483.88,3410.3,3477.56,53171.4017,0.00023935,82,20.0,0.0,trending,,1045.393216893738,1.5647407552920398,0.4352592447079602,True,True,1044.93819983173,2.0004354487778144,,trending,4.192826789482353,{},,482.0,ETHUSDT,2024-11-25 09:00:00,ETHUSDT,3477.56,0.13084377034702296,LONG,998.5063762939162,0.0,0.0,0.0,998.5063762939162,0.0,0.0,0.0,-6.917194173999123e-05,21.048803142291888,1.0,21.048803142291888,True,True
2024-11-25 10:00:00,3477.55,3527.0,3460.02,3500.78,61354.1293,0.00023935,82,18.38819773068838,0.0,trending,,1058.8955421914206,1.9872486711297896,-0.14842889806095183,False,,1058.8955421914206,1.9872486711297896,,trending,-1.611802269311621,{},,483.0,ETHUSDT,2024-11-25 10:00:00,,,,,998.5063762939162,0.0,0.0,0.0,998.5063762939162,0.0,0.0,0.0,-6.040633042286188e-05,18.38819773068838,1.0,18.38819773068838,True,False
2024-11-25 11:00:00,3500.77,3507.33,3453.02,3471.84,39714.7774,0.00023935,82,0.0,0.0,trending,,1041.4999570109967,2.003738127742141,-2.003738127742141,True,True,1039.413063837092,0.0,,trending,-18.38819773068838,{},,484.0,ETHUSDT,2024-11-25 11:00:00,ETHUSDT,3471.84,0.6010914022261207,CLOSE,998.5063762939162,0.0,0.0,0.0,998.5063762939162,0.0,0.0,0.0,-3.696791222260078e-05,0.0,1.0,0.0,True,True
2024-11-25 12:00:00,3471.84,3499.72,3470.0,3482.0,24775.0569,0.00023935,82,0.0,0.0,trending,,1039.413063837092,0.0,0.0,,,1039.413063837092,0.0,,trending,0.0,{},,485.0,,,,,,,998.5063762939162,0.0,0.0,0.0,998.5063762939162,0.0,0.0,0.0,-3.692011579700897e-05,0.0,1.0,0.0,,
2024-11-25 13:00:00,3482.0,3495.02,3448.59,3476.38,40281.0716,0.00023935,82,0.0,0.0,trending,,1039.413063837092,0.0,0.0,,,1039.413063837092,0.0,,trending,0.0,{},,486.0,,,,,,,998.5063762939162,0.0,0.0,0.0,998.5063762939162,0.0,0.0,0.0,-3.2103058764277685e-05,0.0,1.0,0.0,,
2024-11-25 14:00:00,3476.38,3521.5,3403.66,3407.74,90543.1626,0.00023935,82,0.0,0.0,trending,,1039.413063837092,0.0,0.0,,,1039.413063837092,0.0,,trending,0.0,{},,487.0,,,,,,,998.5063762939162,0.0,0.0,0.0,998.5063762939162,0.0,0.0,0.0,-2.097928655914509e-06,0.0,1.0,0.0,,
2024-11-25 15:00:00,3407.75,3537.98,3348.72,3518.41,134055.2385,0.00023935,82,0.0,0.0,trending,,1039.413063837092,0.0,0.0,,,1039.413063837092,0.0,,trending,0.0,{},,488.0,,,,,,,998.5063762939162,0.0,0.0,0.0,998.5063762939162,0.0,0.0,0.0,-2.7302765164531054e-05,0.0,1.0,0.0,,
2024-11-25 16:00:00,3518.41,3546.66,3460.0,3483.8,86641.2093,0.00031797,82,0.0,0.0,trending,,1039.413063837092,0.0,0.0,,,1039.413063837092,0.0,,trending,0.0,{},,489.0,,,,,,,998.5063762939162,0.0,0.0,0.0,998.5063762939162,0.0,0.0,0.0,-1.6814967150969878e-05,0.0,1.0,0.0,,
2024-11-25 17:00:00,3483.81,3485.44,3423.47,3462.18,49844.4154,0.00031797,82,0.0,0.0,trending,,1039.413063837092,0.0,0.0,,,1039.413063837092,0.0,,trending,0.0,{},,490.0,,,,,,,998.5063762939162,0.0,0.0,0.0,998.5063762939162,0.0,0.0,0.0,-1.1136072047507196e-05,0.0,1.0,0.0,,
2024-11-25 18:00:00,3462.18,3481.47,3437.6,3447.73,26094.7548,0.00031797,82,0.0,0.0,trending,,1039.413063837092,0.0,0.0,,,1039.413063837092,0.0,,trending,0.0,{},,491.0,,,,,,,998.5063762939162,0.0,0.0,0.0,998.5063762939162,0.0,0.0,0.0,-7.329138844651747e-06,0.0,1.0,0.0,,
2024-11-25 19:00:00,3447.74,3485.0,3429.26,3464.0,28170.6467,0.00031797,82,0.0,0.0,trending,,1039.413063837092,0.0,0.0,,,1039.413063837092,0.0,,trending,0.0,{},,492.0,,,,,,,998.5063762939162,0.0,0.0,0.0,998.5063762939162,0.0,0.0,0.0,-1.1450956348004509e-05,0.0,1.0,0.0,,
2024-11-25 20:00:00,3464.01,3503.0,3456.82,3501.8,27823.1558,0.00031797,82,0.0,0.0,trending,,1039.413063837092,0.0,0.0,,,1039.413063837092,0.0,,trending,0.0,{},,493.0,,,,,,,998.5063762939162,0.0,0.0,0.0,998.5063762939162,0.0,0.0,0.0,-1.9580746251174613e-05,0.0,1.0,0.0,,
2024-11-25 21:00:00,3501.79,3505.45,3415.67,3439.37,35356.4172,0.00031797,82,0.0,0.0,trending,,1039.413063837092,0.0,0.0,,,1039.413063837092,0.0,,trending,0.0,{},,494.0,,,,,,,998.5063762939162,0.0,0.0,0.0,998.5063762939162,0.0,0.0,0.0,-2.3692637408781077e-06,0.0,1.0,0.0,,
2024-11-25 22:00:00,3439.36,3455.0,3363.62,3451.15,73057.5054,0.00031797,82,0.0,0.0,trending,,1039.413063837092,0.0,0.0,,,1039.413063837092,0.0,,trending,0.0,{},,495.0,,,,,,,998.5063762939162,0.0,0.0,0.0,998.5063762939162,0.0,0.0,0.0,-5.373425463148089e-06,0.0,1.0,0.0,,
2024-11-25 23:00:00,3451.16,3471.42,3409.09,3414.49,33544.6996,0.00031797,82,0.0,0.0,trending,,1039.413063837092,0.0,0.0,,,1039.413063837092,0.0,,trending,0.0,{},,496.0,,,,,,,998.5063762939162,0.0,0.0,0.0,998.5063762939162,0.0,0.0,0.0,4.50899647686296e-06,0.0,1.0,0.0,,
2024-11-26 00:00:00,3414.49,3451.91,3395.84,3425.5,38917.0842,0.0002448,79,0.0,0.0,trending,,1039.413063837092,0.0,0.0,,,1039.413063837092,0.0,,trending,0.0,{},,497.0,,,,,,,998.5063762939162,0.0,0.0,0.0,998.5063762939162,0.0,0.0,0.0,1.4324309225587412e-06,0.0,1.0,0.0,,
2024-11-26 01:00:00,3425.51,3462.49,3422.61,3447.85,22984.2653,0.0002448,79,0.0,0.0,trending,,1039.413063837092,0.0,0.0,,,1039.413063837092,0.0,,trending,0.0,{},,498.0,,,,,,,998.5063762939162,0.0,0.0,0.0,998.5063762939162,0.0,0.0,0.0,-5.586823111541133e-06,0.0,1.0,0.0,,
2024-11-26 02:00:00,3447.84,3455.61,3437.03,3444.99,12362.7843,0.0002448,79,0.0,0.0,trending,,1039.413063837092,0.0,0.0,,,1039.413063837092,0.0,,trending,0.0,{},,499.0,,,,,,,998.5063762939162,0.0,0.0,0.0,998.5063762939162,0.0,0.0,0.0,-5.082616683550714e-06,0.0,1.0,0.0,,
2024-11-26 03:00:00,3444.99,3447.57,3421.23,3434.61,24789.3303,0.0002448,79,0.0,0.0,trending,,1039.413063837092,0.0,0.0,,,1039.413063837092,0.0,,trending,0.0,{},,500.0,,,,,,,998.5063762939162,0.0,0.0,0.0,998.5063762939162,0.0,0.0,0.0,-9.435440854370422e-07,0.0,1.0,0.0,,
2024-11-26 04:00:00,3434.62,3439.35,3415.43,3420.61,23527.7406,0.0002448,79,0.0,0.0,trending,,1039.413063837092,0.0,0.0,,,1039.413063837092,0.0,,trending,0.0,{},,501.0,,,,,,,998.5063762939162,0.0,0.0,0.0,998.5063762939162,0.0,0.0,0.0,5.688747172549178e-06,0.0,1.0,0.0,,
2024-11-26 05:00:00,3420.61,3432.38,3410.0,3432.14,12714.4335,0.0002448,79,0.0,0.0,trending,,1039.413063837092,0.0,0.0,,,1039.413063837092,0.0,,trending,0.0,{},,502.0,,,,,,,998.5063762939162,0.0,0.0,0.0,998.5063762939162,0.0,0.0,0.0,-2.368336442854555e-07,0.0,1.0,0.0,,
2024-11-26 06:00:00,3432.14,3442.72,3417.58,3423.77,12362.3662,0.0002448,79,0.0,0.0,trending,,1039.413063837092,0.0,0.0,,,1039.413063837092,0.0,,trending,0.0,{},,503.0,,,,,,,998.5063762939162,0.0,0.0,0.0,998.5063762939162,0.0,0.0,0.0,4.7799197660270946e-06,0.0,1.0,0.0,,
2024-11-26 07:00:00,3423.76,3423.77,3382.35,3394.8,24016.9566,0.0002448,79,0.0,0.0,trending,,1039.413063837092,0.0,0.0,,,1039.413063837092,0.0,,trending,0.0,{},,504.0,,,,,,,998.5063762939162,0.0,0.0,0.0,998.5063762939162,0.0,0.0,0.0,2.1274690741793583e-05,0.0,1.0,0.0,,
2024-11-26 08:00:00,3394.8,3397.33,3350.99,3373.21,44889.0582,0.0001227,79,0.0,0.0,trending,,1039.413063837092,0.0,0.0,,,1039.413063837092,0.0,,trending,0.0,{},,505.0,,,,,,,998.5063762939162,0.0,0.0,0.0,998.5063762939162,0.0,0.0,0.0,2.9969181693616662e-05,0.0,1.0,0.0,,
2024-11-26 09:00:00,3373.21,3390.74,3342.75,3356.81,27596.1541,0.0001227,79,0.0,0.0,trending,,1039.413063837092,0.0,0.0,,,1039.413063837092,0.0,,trending,0.0,{},,506.0,,,,,,,998.5063762939162,0.0,0.0,0.0,998.5063762939162,0.0,0.0,0.0,3.361038214002344e-05,0.0,1.0,0.0,,
2024-11-26 10:00:00,3356.81,3367.98,3314.1,3317.4,33970.6681,0.0001227,79,0.0,0.0,trending,,1039.413063837092,0.0,0.0,,,1039.413063837092,0.0,,trending,0.0,{},,507.0,,,,,,,998.5063762939162,0.0,0.0,0.0,998.5063762939162,0.0,0.0,0.0,4.2185721746147836e-05,0.0,1.0,0.0,,
2024-11-26 11:00:00,3317.41,3331.32,3280.1,3323.01,53314.1369,0.0001227,79,0.0,0.0,trending,,1039.413063837092,0.0,0.0,,,1039.413063837092,0.0,,trending,0.0,{},,508.0,,,,,,,998.5063762939162,0.0,0.0,0.0,998.5063762939162,0.0,0.0,0.0,3.5121596684054086e-05,0.0,1.0,0.0,,
2024-11-26 12:00:00,3323.02,3339.6,3299.85,3312.0,29698.0859,0.0001227,79,0.0,0.0,trending,,1039.413063837092,0.0,0.0,,,1039.413063837092,0.0,,trending,0.0,{},,509.0,,,,,,,998.5063762939162,0.0,0.0,0.0,998.5063762939162,0.0,0.0,0.0,3.542749391288383e-05,0.0,1.0,0.0,,
2024-11-26 13:00:00,3312.01,3335.49,3302.18,3311.5,22941.6587,0.0001227,79,0.0,0.0,trending,,1039.413063837092,0.0,0.0,,,1039.413063837092,0.0,,trending,0.0,{},,510.0,,,,,,,998.5063762939162,0.0,0.0,0.0,998.5063762939162,0.0,0.0,0.0,3.352232874026435e-05,0.0,1.0,0.0,,
2024-11-26 14:00:00,3311.51,3362.5,3290.35,3345.96,45743.8152,0.0001227,79,0.0,0.0,trending,,1039.413063837092,0.0,0.0,,,1039.413063837092,0.0,,trending,0.0,{},,511.0,,,,,,,998.5063762939162,0.0,0.0,0.0,998.5063762939162,0.0,0.0,0.0,1.6360691352130813e-05,0.0,1.0,0.0,,
2024-11-26 15:00:00,3345.96,3354.4,3296.12,3296.32,33129.491,0.0001227,79,0.0,0.0,trending,,1039.413063837092,0.0,0.0,,,1039.413063837092,0.0,,trending,0.0,{},,512.0,,,,,,,998.5063762939162,0.0,0.0,0.0,998.5063762939162,0.0,0.0,0.0,2.9680973767837656e-05,0.0,1.0,0.0,,
2024-11-26 16:00:00,3296.33,3338.0,3291.49,3335.4,30007.076,0.0001819,79,0.0,0.0,trending,,1039.413063837092,0.0,0.0,,,1039.413063837092,0.0,,trending,0.0,{},,513.0,,,,,,,998.5063762939162,0.0,0.0,0.0,998.5063762939162,0.0,0.0,0.0,1.4408928867389955e-05,0.0,1.0,0.0,,
2024-11-26 17:00:00,3335.4,3336.01,3308.28,3326.57,31639.1803,0.0001819,79,0.0,0.0,trending,,1039.413063837092,0.0,0.0,,,1039.413063837092,0.0,,trending,0.0,{},,514.0,,,,,,,998.5063762939162,0.0,0.0,0.0,998.5063762939162,0.0,0.0,0.0,1.6798235664631338e-05,0.0,1.0,0.0,,
2024-11-26 18:00:00,3326.57,3331.82,3252.0,3282.31,46887.0904,0.0001819,79,0.0,0.0,trending,,1039.413063837092,0.0,0.0,,,1039.413063837092,0.0,,trending,0.0,{},,515.0,,,,,,,998.5063762939162,0.0,0.0,0.0,998.5063762939162,0.0,0.0,0.0,2.6789305442721206e-05,0.0,1.0,0.0,,
2024-11-26 19:00:00,3282.31,3300.8,3263.94,3300.61,30796.5942,0.0001819,79,0.0,0.0,trending,,1039.413063837092,0.0,0.0,,,1039.413063837092,0.0,,trending,0.0,{},,516.0,,,,,,,998.5063762939162,0.0,0.0,0.0,998.5063762939162,0.0,0.0,0.0,1.9844010541563125e-05,0.0,1.0,0.0,,
2024-11-26 20:00:00,3300.61,3333.48,3286.89,3324.19,30851.4159,0.0001819,79,0.0,0.0,trending,,1039.413063837092,0.0,0.0,,,1039.413063837092,0.0,,trending,0.0,{},,517.0,,,,,,,998.5063762939162,0.0,0.0,0.0,998.5063762939162,0.0,0.0,0.0,1.246189143237717e-05,0.0,1.0,0.0,,
2024-11-26 21:00:00,3324.18,3331.79,3302.8,3323.52,17931.0133,0.0001819,79,0.0,0.0,trending,,1039.413063837092,0.0,0.0,,,1039.413063837092,0.0,,trending,0.0,{},,518.0,,,,,,,998.5063762939162,0.0,0.0,0.0,998.5063762939162,0.0,0.0,0.0,1.2885699907085274e-05,0.0,1.0,0.0,,
2024-11-26 22:00:00,3323.53,3344.31,3319.5,3325.39,12970.8608,0.0001819,79,0.0,0.0,trending,,1039.413063837092,0.0,0.0,,,1039.413063837092,0.0,,trending,0.0,{},,519.0,,,,,,,998.5063762939162,0.0,0.0,0.0,998.5063762939162,0.0,0.0,0.0,1.2620871289355954e-05,0.0,1.0,0.0,,
2024-11-26 23:00:00,3325.4,3333.17,3315.2,3324.73,8325.8903,0.0001819,79,0.0,0.0,trending,,1039.413063837092,0.0,0.0,,,1039.413063837092,0.0,,trending,0.0,{},,520.0,,,,,,,998.5063762939162,0.0,0.0,0.0,998.5063762939162,0.0,0.0,0.0,1.3018643399546331e-05,0.0,1.0,0.0,,
2024-11-27 00:00:00,3324.74,3345.73,3305.75,3309.35,15812.8528,0.00021068,75,0.0,0.0,trending,,1039.413063837092,0.0,0.0,,,1039.413063837092,0.0,,trending,0.0,{},,521.0,,,,,,,998.5063762939162,0.0,0.0,0.0,998.5063762939162,0.0,0.0,0.0,1.9161526793813824e-05,0.0,1.0,0.0,,
2024-11-27 01:00:00,3309.34,3346.6,3302.4,3341.77,16036.9579,0.00021068,75,0.0,0.0,trending,,1039.413063837092,0.0,0.0,,,1039.413063837092,0.0,,trending,0.0,{},,522.0,,,,,,,998.5063762939162,0.0,0.0,0.0,998.5063762939162,0.0,0.0,0.0,3.9668841368405355e-06,0.0,1.0,0.0,,
2024-11-27 02:00:00,3341.78,3366.61,3318.49,3364.77,30995.2311,0.00021068,75,0.0,0.0,trending,,1039.413063837092,0.0,0.0,,,1039.413063837092,0.0,,trending,0.0,{},,523.0,,,,,,,998.5063762939162,0.0,0.0,0.0,998.5063762939162,0.0,0.0,0.0,-6.823396872007103e-06,0.0,1.0,0.0,,
2024-11-27 03:00:00,3364.77,3372.5,3350.0,3361.03,23257.9507,0.00021068,75,0.0,0.0,trending,,1039.413063837092,0.0,0.0,,,1039.413063837092,0.0,,trending,0.0,{},,524.0,,,,,,,998.5063762939162,0.0,0.0,0.0,998.5063762939162,0.0,0.0,0.0,-5.344521510394033e-06,0.0,1.0,0.0,,
2024-11-27 04:00:00,3361.02,3436.05,3359.32,3400.64,53884.1928,0.00021068,75,0.0,0.0,trending,,1039.413063837092,0.0,0.0,,,1039.413063837092,0.0,,trending,0.0,{},,525.0,,,,,,,998.5063762939162,0.0,0.0,0.0,998.5063762939162,0.0,0.0,0.0,-2.5327268355335532e-05,0.0,1.0,0.0,,
2024-11-27 05:00:00,3400.65,3414.29,3385.0,3399.6,17212.0223,0.00021068,75,0.0,0.0,trending,,1039.413063837092,0.0,0.0,,,1039.413063837092,0.0,,trending,0.0,{},,526.0,,,,,,,998.5063762939162,0.0,0.0,0.0,998.5063762939162,0.0,0.0,0.0,-2.6514961505203443e-05,0.0,1.0,0.0,,
2024-11-27 06:00:00,3399.59,3445.73,3398.5,3426.92,37545.0967,0.00021068,75,0.0,0.0,trending,,1039.413063837092,0.0,0.0,,,1039.413063837092,0.0,,trending,0.0,{},,527.0,,,,,,,998.5063762939162,0.0,0.0,0.0,998.5063762939162,0.0,0.0,0.0,-3.9138294354371536e-05,0.0,1.0,0.0,,
2024-11-27 07:00:00,3426.93,3437.2,3418.15,3424.11,15470.6086,0.00021068,75,0.0,0.0,trending,,1039.413063837092,0.0,0.0,,,1039.413063837092,0.0,,trending,0.0,{},,528.0,,,,,,,998.5063762939162,0.0,0.0,0.0,998.5063762939162,0.0,0.0,0.0,-3.488692018344079e-05,0.0,1.0,0.0,,
2024-11-27 08:00:00,3424.12,3438.44,3412.57,3421.98,22478.7669,0.00020895,75,0.0,0.0,trending,,1039.413063837092,0.0,0.0,,,1039.413063837092,0.0,,trending,0.0,{},,529.0,,,,,,,998.5063762939162,0.0,0.0,0.0,998.5063762939162,0.0,0.0,0.0,-3.104673354646946e-05,0.0,1.0,0.0,,
2024-11-27 09:00:00,3421.98,3423.5,3402.43,3412.6,13022.2038,0.00020895,75,0.0,0.0,trending,,1039.413063837092,0.0,0.0,,,1039.413063837092,0.0,,trending,0.0,{},,530.0,,,,,,,998.5063762939162,0.0,0.0,0.0,998.5063762939162,0.0,0.0,0.0,-2.309767616573302e-05,0.0,1.0,0.0,,
2024-11-27 10:00:00,3412.61,3485.5,3411.43,3455.49,44642.6321,0.00020895,75,0.0,0.0,trending,,1039.413063837092,0.0,0.0,,,1039.413063837092,0.0,,trending,0.0,{},,531.0,,,,,,,998.5063762939162,0.0,0.0,0.0,998.5063762939162,0.0,0.0,0.0,-3.660519566110957e-05,0.0,1.0,0.0,,
2024-11-27 11:00:00,3455.5,3467.35,3434.83,3460.43,17537.1559,0.00020895,75,0.0,0.0,trending,,1039.413063837092,0.0,0.0,,,1039.413063837092,0.0,,trending,0.0,{},,532.0,,,,,,,998.5063762939162,0.0,0.0,0.0,998.5063762939162,0.0,0.0,0.0,-3.511515481271764e-05,0.0,1.0,0.0,,
2024-11-27 12:00:00,3460.43,3484.0,3441.31,3478.0,23035.9114,0.00020895,75,0.0,0.0,trending,,1039.413063837092,0.0,0.0,,,1039.413063837092,0.0,,trending,0.0,{},,533.0,,,,,,,998.5063762939162,0.0,0.0,0.0,998.5063762939162,0.0,0.0,0.0,-3.707912294969362e-05,0.0,1.0,0.0,,
2024-11-27 13:00:00,3478.0,3505.0,3472.05,3504.99,33588.1829,0.00020895,75,0.0,0.0,trending,,1039.413063837092,0.0,0.0,,,1039.413063837092,0.0,,trending,0.0,{},,534.0,,,,,,,998.5063762939162,0.0,0.0,0.0,998.5063762939162,0.0,0.0,0.0,-3.956692306285729e-05,0.0,1.0,0.0,,
2024-11-27 14:00:00,3504.99,3528.8,3468.11,3520.5,69082.9613,0.00020895,75,0.0,0.0,trending,,1039.413063837092,0.0,0.0,,,1039.413063837092,0.0,,trending,0.0,{},,535.0,,,,,,,998.5063762939162,0.0,0.0,0.0,998.5063762939162,0.0,0.0,0.0,-3.853328175683976e-05,0.0,1.0,0.0,,
2024-11-27 15:00:00,3520.51,3573.17,3517.6,3552.79,66339.3705,0.00020895,75,0.0,0.0,trending,,1039.413063837092,0.0,0.0,,,1039.413063837092,0.0,,trending,0.0,{},,536.0,,,,,,,998.5063762939162,0.0,0.0,0.0,998.5063762939162,0.0,0.0,0.0,-3.988515098708208e-05,0.0,1.0,0.0,,
2024-11-27 16:00:00,3552.79,3574.89,3539.42,3557.89,41744.5587,0.00020895,75,0.0,0.0,trending,,1039.413063837092,0.0,0.0,,,1039.413063837092,0.0,,trending,0.0,{},,537.0,,,,,,,998.5063762939162,0.0,0.0,0.0,998.5063762939162,0.0,0.0,0.0,-3.741654694165214e-05,0.0,1.0,0.0,,
2024-11-27 17:00:00,3557.89,3570.42,3533.83,3560.77,24840.4095,0.00015706,75,0.0,0.0,trending,,1039.413063837092,0.0,0.0,,,1039.413063837092,0.0,,trending,0.0,{},,538.0,,,,,,,998.5063762939162,0.0,0.0,0.0,998.5063762939162,0.0,0.0,0.0,-3.5725038308156514e-05,0.0,1.0,0.0,,
2024-11-27 18:00:00,3560.77,3593.73,3553.6,3586.19,27130.0224,0.00015706,75,0.0,0.0,trending,,1039.413063837092,0.0,0.0,,,1039.413063837092,0.0,,trending,0.0,{},,539.0,,,,,,,998.5063762939162,0.0,0.0,0.0,998.5063762939162,0.0,0.0,0.0,-3.727341689852406e-05,0.0,1.0,0.0,,
2024-11-27 19:00:00,3586.19,3611.8,3573.31,3589.6,36537.9685,0.00015706,75,0.0,0.0,trending,,1039.413063837092,0.0,0.0,,,1039.413063837092,0.0,,trending,0.0,{},,540.0,,,,,,,998.5063762939162,0.0,0.0,0.0,998.5063762939162,0.0,0.0,0.0,-3.6659160462854466e-05,0.0,1.0,0.0,,
2024-11-27 20:00:00,3589.6,3630.0,3588.0,3623.99,33938.9897,0.00015706,75,0.0,0.0,trending,,1039.413063837092,0.0,0.0,,,1039.413063837092,0.0,,trending,0.0,{},,541.0,,,,,,,998.5063762939162,0.0,0.0,0.0,998.5063762939162,0.0,0.0,0.0,-3.768752165667856e-05,0.0,1.0,0.0,,
2024-11-27 21:00:00,3624.0,3645.94,3613.63,3632.79,30189.2508,0.00015706,75,0.0,0.0,trending,,1039.413063837092,0.0,0.0,,,1039.413063837092,0.0,,trending,0.0,{},,542.0,,,,,,,998.5063762939162,0.0,0.0,0.0,998.5063762939162,0.0,0.0,0.0,-3.700611290615703e-05,0.0,1.0,0.0,,
2024-11-27 22:00:00,3632.79,3674.97,3632.4,3665.9,32518.0794,0.00015706,75,0.0,0.0,trending,,1039.413063837092,0.0,0.0,,,1039.413063837092,0.0,,trending,0.0,{},,543.0,,,,,,,998.5063762939162,0.0,0.0,0.0,998.5063762939162,0.0,0.0,0.0,-3.742651612476469e-05,0.0,1.0,0.0,,
2024-11-27 23:00:00,3665.9,3684.92,3650.79,3653.28,27732.2718,0.00015706,75,0.0,0.0,trending,,1039.413063837092,0.0,0.0,,,1039.413063837092,0.0,,trending,0.0,{},,544.0,,,,,,,998.5063762939162,0.0,0.0,0.0,998.5063762939162,0.0,0.0,0.0,-3.2675170229036536e-05,0.0,1.0,0.0,,
2024-11-28 00:00:00,3653.27,3661.92,3634.5,3642.54,33071.8655,0.00015948,77,0.0,0.0,trending,,1039.413063837092,0.0,0.0,,,1039.413063837092,0.0,,trending,0.0,{},,545.0,,,,,,,998.5063762939162,0.0,0.0,0.0,998.5063762939162,0.0,0.0,0.0,-2.9769807511568167e-05,0.0,1.0,0.0,,
2024-11-28 01:00:00,3642.54,3646.75,3615.0,3638.73,19679.6626,0.00015948,77,0.0,0.0,trending,,1039.413063837092,0.0,0.0,,,1039.413063837092,0.0,,trending,0.0,{},,546.0,,,,,,,998.5063762939162,0.0,0.0,0.0,998.5063762939162,0.0,0.0,0.0,-2.9055037700905815e-05,0.0,1.0,0.0,,
2024-11-28 02:00:00,3638.73,3644.13,3616.67,3621.49,14065.977,0.00015948,77,0.0,0.0,trending,,1039.413063837092,0.0,0.0,,,1039.413063837092,0.0,,trending,0.0,{},,547.0,,,,,,,998.5063762939162,0.0,0.0,0.0,998.5063762939162,0.0,0.0,0.0,-2.3604934318186244e-05,0.0,1.0,0.0,,
2024-11-28 03:00:00,3621.49,3627.8,3564.75,3598.8,35961.0745,0.00015948,77,0.0,0.0,trending,,1039.413063837092,0.0,0.0,,,1039.413063837092,0.0,,trending,0.0,{},,548.0,,,,,,,998.5063762939162,0.0,0.0,0.0,998.5063762939162,0.0,0.0,0.0,-1.6969821234461436e-05,0.0,1.0,0.0,,
2024-11-28 04:00:00,3598.81,3613.98,3580.0,3604.0,34138.9206,0.00015948,77,0.0,0.0,trending,,1039.413063837092,0.0,0.0,,,1039.413063837092,0.0,,trending,0.0,{},,549.0,,,,,,,998.5063762939162,0.0,0.0,0.0,998.5063762939162,0.0,0.0,0.0,-1.8676668601100857e-05,0.0,1.0,0.0,,
2024-11-28 05:00:00,3604.0,3618.4,3585.09,3588.95,15359.5798,0.00015948,77,0.0,0.0,trending,,1039.413063837092,0.0,0.0,,,1039.413063837092,0.0,,trending,0.0,{},,550.0,,,,,,,998.5063762939162,0.0,0.0,0.0,998.5063762939162,0.0,0.0,0.0,-1.407307031543843e-05,0.0,1.0,0.0,,
2024-11-28 06:00:00,3588.96,3603.82,3566.91,3594.81,17171.0135,0.00015948,77,0.0,0.0,trending,,1039.413063837092,0.0,0.0,,,1039.413063837092,0.0,,trending,0.0,{},,551.0,,,,,,,998.5063762939162,0.0,0.0,0.0,998.5063762939162,0.0,0.0,0.0,-1.6260049746423537e-05,0.0,1.0,0.0,,
2024-11-28 07:00:00,3594.8,3612.13,3583.62,3592.4,14883.6167,0.00015948,77,0.0,0.0,trending,,1039.413063837092,0.0,0.0,,,1039.413063837092,0.0,,trending,0.0,{},,552.0,,,,,,,998.5063762939162,0.0,0.0,0.0,998.5063762939162,0.0,0.0,0.0,-1.6277875017042425e-05,0.0,1.0,0.0,,
2024-11-28 08:00:00,3592.4,3638.39,3574.23,3629.14,39565.2573,0.0001647,77,0.0,0.0,trending,,1039.413063837092,0.0,0.0,,,1039.413063837092,0.0,,trending,0.0,{},,553.0,,,,,,,998.5063762939162,0.0,0.0,0.0,998.5063762939162,0.0,0.0,0.0,-2.7720898420107168e-05,0.0,1.0,0.0,,
2024-11-28 09:00:00,3629.14,3630.5,3598.35,3598.36,18227.9603,0.0001647,77,0.0,0.0,trending,,1039.413063837092,0.0,0.0,,,1039.413063837092,0.0,,trending,0.0,{},,554.0,,,,,,,998.5063762939162,0.0,0.0,0.0,998.5063762939162,0.0,0.0,0.0,-1.6026626778401555e-05,0.0,1.0,0.0,,
2024-11-28 10:00:00,3598.36,3622.99,3577.91,3603.26,17953.0031,0.0001647,77,0.0,0.0,trending,,1039.413063837092,0.0,0.0,,,1039.413063837092,0.0,,trending,0.0,{},,555.0,,,,,,,998.5063762939162,0.0,0.0,0.0,998.5063762939162,0.0,0.0,0.0,-1.974615180690965e-05,0.0,1.0,0.0,,
2024-11-28 11:00:00,3603.27,3636.36,3590.0,3620.51,17663.2522,0.0001647,77,0.0,0.0,trending,,1039.413063837092,0.0,0.0,,,1039.413063837092,0.0,,trending,0.0,{},,556.0,,,,,,,998.5063762939162,0.0,0.0,0.0,998.5063762939162,0.0,0.0,0.0,-2.9958403825500095e-05,0.0,1.0,0.0,,
2024-11-28 12:00:00,3620.51,3642.19,3606.88,3622.38,21606.1538,0.0001647,77,0.0,0.0,trending,,1039.413063837092,0.0,0.0,,,1039.413063837092,0.0,,trending,0.0,{},,557.0,,,,,,,998.5063762939162,0.0,0.0,0.0,998.5063762939162,0.0,0.0,0.0,-3.608002794983775e-05,0.0,1.0,0.0,,
2024-11-28 13:00:00,3622.37,3622.92,3580.83,3588.12,24324.7015,0.0001647,77,0.0,0.0,trending,,1039.413063837092,0.0,0.0,,,1039.413063837092,0.0,,trending,0.0,{},,558.0,,,,,,,998.5063762939162,0.0,0.0,0.0,998.5063762939162,0.0,0.0,0.0,-1.183759338127185e-05,0.0,1.0,0.0,,
2024-11-28 14:00:00,3588.13,3607.79,3548.01,3567.17,47236.3011,0.0001647,77,0.0,0.0,trending,,1039.413063837092,0.0,0.0,,,1039.413063837092,0.0,,trending,0.0,{},,559.0,,,,,,,998.5063762939162,0.0,0.0,0.0,998.5063762939162,0.0,0.0,0.0,4.226913841731446e-06,0.0,1.0,0.0,,
2024-11-28 15:00:00,3567.18,3577.01,3536.95,3541.78,53596.0764,0.0001647,77,0.0,0.0,trending,,1039.413063837092,0.0,0.0,,,1039.413063837092,0.0,,trending,0.0,{},,560.0,,,,,,,998.5063762939162,0.0,0.0,0.0,998.5063762939162,0.0,0.0,0.0,2.2535823720772466e-05,0.0,1.0,0.0,,
2024-11-28 16:00:00,3541.78,3559.18,3529.76,3541.08,31650.0767,0.0001,77,0.0,0.0,trending,,1039.413063837092,0.0,0.0,,,1039.413063837092,0.0,,trending,0.0,{},,561.0,,,,,,,998.5063762939162,0.0,0.0,0.0,998.5063762939162,0.0,0.0,0.0,2.212132661063648e-05,0.0,1.0,0.0,,
2024-11-28 17:00:00,3541.08,3563.46,3540.42,3552.99,18107.0802,0.0001,77,0.0,0.0,trending,,1039.413063837092,0.0,0.0,,,1039.413063837092,0.0,,trending,0.0,{},,562.0,,,,,,,998.5063762939162,0.0,0.0,0.0,998.5063762939162,0.0,0.0,0.0,1.1440741226828973e-05,0.0,1.0,0.0,,
2024-11-28 18:00:00,3552.99,3582.69,3552.79,3578.39,17051.304,0.0001,77,0.0,0.0,trending,,1039.413063837092,0.0,0.0,,,1039.413063837092,0.0,,trending,0.0,{},,563.0,,,,,,,998.5063762939162,0.0,0.0,0.0,998.5063762939162,0.0,0.0,0.0,-8.35522880856424e-06,0.0,1.0,0.0,,
2024-11-28 19:00:00,3578.39,3584.87,3564.19,3575.05,9762.1012,0.0001,77,0.0,0.0,trending,,1039.413063837092,0.0,0.0,,,1039.413063837092,0.0,,trending,0.0,{},,564.0,,,,,,,998.5063762939162,0.0,0.0,0.0,998.5063762939162,0.0,0.0,0.0,-5.598155146848693e-06,0.0,1.0,0.0,,
2024-11-28 20:00:00,3575.05,3575.24,3547.86,3556.52,10684.6751,0.0001,77,0.0,0.0,trending,,1039.413063837092,0.0,0.0,,,1039.413063837092,0.0,,trending,0.0,{},,565.0,,,,,,,998.5063762939162,0.0,0.0,0.0,998.5063762939162,0.0,0.0,0.0,8.566336987921064e-06,0.0,1.0,0.0,,
2024-11-28 21:00:00,3556.53,3578.2,3556.53,3571.77,9682.3506,0.0001,77,0.0,0.0,trending,,1039.413063837092,0.0,0.0,,,1039.413063837092,0.0,,trending,0.0,{},,566.0,,,,,,,998.5063762939162,0.0,0.0,0.0,998.5063762939162,0.0,0.0,0.0,-3.2380747026650063e-06,0.0,1.0,0.0,,
2024-11-28 22:00:00,3571.78,3599.2,3567.22,3592.62,13379.3495,0.0001,77,0.0,0.0,trending,,1039.413063837092,0.0,0.0,,,1039.413063837092,0.0,,trending,0.0,{},,567.0,,,,,,,998.5063762939162,0.0,0.0,0.0,998.5063762939162,0.0,0.0,0.0,-1.972472040071962e-05,0.0,1.0,0.0,,
2024-11-28 23:00:00,3592.62,3597.32,3574.86,3578.79,26155.0718,0.0001,77,0.0,0.0,trending,,1039.413063837092,0.0,0.0,,,1039.413063837092,0.0,,trending,0.0,{},,568.0,,,,,,,998.5063762939162,0.0,0.0,0.0,998.5063762939162,0.0,0.0,0.0,-8.133168255220635e-06,0.0,1.0,0.0,,
2024-11-29 00:00:00,3578.8,3584.93,3552.0,3558.11,21412.8296,0.0001,78,0.0,0.0,trending,,1039.413063837092,0.0,0.0,,,1039.413063837092,0.0,,trending,0.0,{},,569.0,,,,,,,998.5063762939162,0.0,0.0,0.0,998.5063762939162,0.0,0.0,0.0,1.0869322684761843e-05,0.0,1.0,0.0,,
2024-11-29 01:00:00,3558.11,3570.14,3550.07,3565.15,11089.2736,0.0001,78,0.0,0.0,trending,,1039.413063837092,0.0,0.0,,,1039.413063837092,0.0,,trending,0.0,{},,570.0,,,,,,,998.5063762939162,0.0,0.0,0.0,998.5063762939162,0.0,0.0,0.0,4.169259269738415e-06,0.0,1.0,0.0,,
2024-11-29 02:00:00,3565.15,3600.0,3564.0,3599.98,20425.0602,0.0001,78,0.0,0.0,trending,,1039.413063837092,0.0,0.0,,,1039.413063837092,0.0,,trending,0.0,{},,571.0,,,,,,,998.5063762939162,0.0,0.0,0.0,998.5063762939162,0.0,0.0,0.0,-2.9688279950789887e-05,0.0,1.0,0.0,,
2024-11-29 03:00:00,3599.98,3602.85,3578.98,3583.82,12105.9804,0.0001,78,0.0,0.0,trending,,1039.413063837092,0.0,0.0,,,1039.413063837092,0.0,,trending,0.0,{},,572.0,,,,,,,998.5063762939162,0.0,0.0,0.0,998.5063762939162,0.0,0.0,0.0,-1.229303405449311e-05,0.0,1.0,0.0,,
2024-11-29 04:00:00,3583.82,3588.44,3563.16,3578.75,10544.3146,0.0001,78,0.0,0.0,trending,,1039.413063837092,0.0,0.0,,,1039.413063837092,0.0,,trending,0.0,{},,573.0,,,,,,,998.5063762939162,0.0,0.0,0.0,998.5063762939162,0.0,0.0,0.0,-6.939978506943055e-06,0.0,1.0,0.0,,
2024-11-29 05:00:00,3578.75,3595.7,3575.59,3578.03,12976.3996,0.0001,78,0.0,0.0,trending,,1039.413063837092,0.0,0.0,,,1039.413063837092,0.0,,trending,0.0,{},,574.0,,,,,,,998.5063762939162,0.0,0.0,0.0,998.5063762939162,0.0,0.0,0.0,-6.117618540179414e-06,0.0,1.0,0.0,,
2024-11-29 06:00:00,3578.03,3586.5,3558.0,3561.45,19160.3398,0.0001,78,0.0,0.0,trending,,1039.413063837092,0.0,0.0,,,1039.413063837092,0.0,,trending,0.0,{},,575.0,,,,,,,998.5063762939162,0.0,0.0,0.0,998.5063762939162,0.0,0.0,0.0,1.2769734544491066e-05,0.0,1.0,0.0,,
2024-11-29 07:00:00,3561.46,3566.64,3534.28,3544.49,33343.4365,0.0001,78,0.0,0.0,trending,,1039.413063837092,0.0,0.0,,,1039.413063837092,0.0,,trending,0.0,{},,576.0,,,,,,,998.5063762939162,0.0,0.0,0.0,998.5063762939162,0.0,0.0,0.0,2.937473801682774e-05,0.0,1.0,0.0,,
2024-11-29 08:00:00,3544.5,3569.99,3544.49,3568.88,12436.1602,0.00015354,78,0.0,0.0,trending,,1039.413063837092,0.0,0.0,,,1039.413063837092,0.0,,trending,0.0,{},,577.0,,,,,,,998.5063762939162,0.0,0.0,0.0,998.5063762939162,0.0,0.0,0.0,1.440730621833244e-06,0.0,1.0,0.0,,
2024-11-29 09:00:00,3568.88,3579.0,3560.5,3568.35,9835.854,0.00015354,78,0.0,0.0,trending,,1039.413063837092,0.0,0.0,,,1039.413063837092,0.0,,trending,0.0,{},,578.0,,,,,,,998.5063762939162,0.0,0.0,0.0,998.5063762939162,0.0,0.0,0.0,2.1188746564964156e-06,0.0,1.0,0.0,,
2024-11-29 10:00:00,3568.35,3584.88,3562.05,3584.88,15952.2749,0.00015354,78,0.0,0.0,trending,,1039.413063837092,0.0,0.0,,,1039.413063837092,0.0,,trending,0.0,{},,579.0,,,,,,,998.5063762939162,0.0,0.0,0.0,998.5063762939162,0.0,0.0,0.0,-1.8734186838581957e-05,0.0,1.0,0.0,,
2024-11-29 11:00:00,3584.87,3599.66,3572.8,3594.74,17276.2677,0.00015354,78,0.0,0.0,trending,,1039.413063837092,0.0,0.0,,,1039.413063837092,0.0,,trending,0.0,{},,580.0,,,,,,,998.5063762939162,0.0,0.0,0.0,998.5063762939162,0.0,0.0,0.0,-3.3386549084867745e-05,0.0,1.0,0.0,,
2024-11-29 12:00:00,3594.75,3600.69,3574.0,3586.39,19940.0263,0.00015354,78,0.0,0.0,trending,,1039.413063837092,0.0,0.0,,,1039.413063837092,0.0,,trending,0.0,{},,581.0,,,,,,,998.5063762939162,0.0,0.0,0.0,998.5063762939162,0.0,0.0,0.0,-2.326921685724639e-05,0.0,1.0,0.0,,
2024-11-29 13:00:00,3586.38,3616.99,3584.34,3610.61,25195.9134,0.00015354,78,20.0,0.0,trending,,1039.413063837092,0.0,2.0,True,True,1037.3342377094182,2.0020040080160317,,trending,20.0,{},,582.0,ETHUSDT,2024-11-29 13:00:00,ETHUSDT,3610.61,0.575754824717758,LONG,998.5063762939162,0.0,0.0,0.0,998.5063762939162,0.0,0.0,0.0,-5.430397612331611e-05,20.263835624294543,1.0,20.263835624294543,True,True
2024-11-29 14:00:00,3610.6,3636.36,3595.99,3633.6,23950.5357,0.00015354,78,20.0,0.0,trending,,1050.5576045262587,1.9893917852375242,0.010608214762475754,False,,1050.5576045262587,1.9893917852375242,,trending,0.0,{},,583.0,ETHUSDT,2024-11-29 14:00:00,,,,,998.5063762939162,0.0,0.0,0.0,998.5063762939162,0.0,0.0,0.0,-6.649376139034501e-05,24.859229217946286,1.0,24.859229217946286,True,False
2024-11-29 15:00:00,3633.6,3647.98,3602.0,3613.95,45021.6581,0.00015354,78,0.0,0.0,trending,,1039.2553358028608,2.0001517702424008,-2.0001517702424008,True,True,1037.176667403221,0.0,,trending,-20.0,{},,584.0,ETHUSDT,2024-11-29 15:00:00,ETHUSDT,3613.95,0.5751790698930402,CLOSE,998.5063762939162,0.0,0.0,0.0,998.5063762939162,0.0,0.0,0.0,-3.8124028166830565e-05,0.0,1.0,0.0,True,True
2024-11-29 16:00:00,3613.95,3620.08,3585.0,3596.61,26607.8747,0.0001,78,0.0,0.0,trending,,1037.176667403221,0.0,0.0,,,1037.176667403221,0.0,,trending,0.0,{},,585.0,,,,,,,998.5063762939162,0.0,0.0,0.0,998.5063762939162,0.0,0.0,0.0,-1.6540501802305408e-05,0.0,1.0,0.0,,
2024-11-29 17:00:00,3596.61,3601.8,3578.48,3582.99,20399.0903,0.0001,78,0.0,0.0,trending,,1037.176667403221,0.0,0.0,,,1037.176667403221,0.0,,trending,0.0,{},,586.0,,,,,,,998.5063762939162,0.0,0.0,0.0,998.5063762939162,0.0,0.0,0.0,1.0231391168008254e-06,0.0,1.0,0.0,,
2024-11-29 18:00:00,3582.99,3593.34,3570.0,3573.79,16826.587,0.0001,78,0.0,0.0,trending,,1037.176667403221,0.0,0.0,,,1037.176667403221,0.0,,trending,0.0,{},,587.0,,,,,,,998.5063762939162,0.0,0.0,0.0,998.5063762939162,0.0,0.0,0.0,1.2985181612211081e-05,0.0,1.0,0.0,,
2024-11-29 19:00:00,3573.78,3585.0,3559.24,3582.79,12661.0697,0.0001,78,0.0,0.0,trending,,1037.176667403221,0.0,0.0,,,1037.176667403221,0.0,,trending,0.0,{},,588.0,,,,,,,998.5063762939162,0.0,0.0,0.0,998.5063762939162,0.0,0.0,0.0,3.217408178022536e-07,0.0,1.0,0.0,,
2024-11-29 20:00:00,3582.78,3603.08,3577.16,3592.86,9915.0931,0.0001,78,0.0,0.0,trending,,1037.176667403221,0.0,0.0,,,1037.176667403221,0.0,,trending,0.0,{},,589.0,,,,,,,998.5063762939162,0.0,0.0,0.0,998.5063762939162,0.0,0.0,0.0,-1.3955786340727566e-05,0.0,1.0,0.0,,
2024-11-29 21:00:00,3592.87,3594.62,3575.56,3591.34,9874.9416,0.0001,78,0.0,0.0,trending,,1037.176667403221,0.0,0.0,,,1037.176667403221,0.0,,trending,0.0,{},,590.0,,,,,,,998.5063762939162,0.0,0.0,0.0,998.5063762939162,0.0,0.0,0.0,-1.1608852149788277e-05,0.0,1.0,0.0,,
2024-11-29 22:00:00,3591.34,3604.0,3584.83,3595.97,6982.6002,0.0001,78,0.0,0.0,trending,,1037.176667403221,0.0,0.0,,,1037.176667403221,0.0,,trending,0.0,{},,591.0,,,,,,,998.5063762939162,0.0,0.0,0.0,998.5063762939162,0.0,0.0,0.0,-1.861226367637385e-05,0.0,1.0,0.0,,
2024-11-29 23:00:00,3595.96,3599.0,3588.12,3592.21,11559.6637,0.0001,78,0.0,0.0,trending,,1037.176667403221,0.0,0.0,,,1037.176667403221,0.0,,trending,0.0,{},,592.0,,,,,,,998.5063762939162,0.0,0.0,0.0,998.5063762939162,0.0,0.0,0.0,-1.1907677676752006e-05,0.0,1.0,0.0,,
2024-11-30 00:00:00,3592.22,3609.99,3578.0,3590.0,14481.1797,0.00017097,84,0.0,0.0,trending,,1037.176667403221,0.0,0.0,,,1037.176667403221,0.0,,trending,0.0,{},,593.0,,,,,,,998.5063762939162,0.0,0.0,0.0,998.5063762939162,0.0,0.0,0.0,-8.17670870934914e-06,0.0,1.0,0.0,,
2024-11-30 01:00:00,3590.0,3623.26,3568.4,3599.83,21475.4213,0.00017097,84,0.0,0.0,trending,,1037.176667403221,0.0,0.0,,,1037.176667403221,0.0,,trending,0.0,{},,594.0,,,,,,,998.5063762939162,0.0,0.0,0.0,998.5063762939162,0.0,0.0,0.0,-2.661821002076567e-05,0.0,1.0,0.0,,
2024-11-30 02:00:00,3599.83,3647.4,3593.81,3624.72,28509.5312,0.00017097,84,20.0,0.0,trending,,1037.176667403221,0.0,2.0,True,True,1035.1023140684147,2.002004008016032,,trending,20.0,{},,595.0,ETHUSDT,2024-11-30 02:00:00,ETHUSDT,3624.72,0.5722796063713728,LONG,998.5063762939162,0.0,0.0,0.0,998.5063762939162,0.0,0.0,0.0,-6.160186736843173e-05,24.155531458785156,1.0,24.155531458785156,True,True
2024-11-30 03:00:00,3624.72,3661.0,3617.84,3657.12,27713.202,0.00017097,84,20.0,0.0,trending,,1053.6256314556008,1.9843882271261233,0.015611772873876717,False,,1053.6256314556008,1.9843882271261233,,trending,0.0,{},,596.0,ETHUSDT,2024-11-30 03:00:00,,,,,998.5063762939162,0.0,0.0,0.0,998.5063762939162,0.0,0.0,0.0,-7.971825826501387e-05,31.21634952773396,1.0,31.21634952773396,True,False
2024-11-30 04:00:00,3657.12,3668.64,3635.42,3651.78,21470.2794,0.00017097,84,20.0,0.0,trending,,1050.5727143306758,1.9872488151036842,0.01275118489631577,False,,1050.5727143306758,1.9872488151036842,,trending,0.0,{},,597.0,ETHUSDT,2024-11-30 04:00:00,,,,,998.5063762939162,0.0,0.0,0.0,998.5063762939162,0.0,0.0,0.0,-6.363921354521986e-05,24.905304243008132,1.0,24.905304243008132,True,False
2024-11-30 05:00:00,3651.78,3694.08,3639.87,3693.69,28432.3283,0.00017097,84,20.0,0.0,trending,,1074.532968395397,1.9652348489149103,0.03476515108508971,False,,1074.532968395397,1.9652348489149103,,trending,0.0,{},,598.0,ETHUSDT,2024-11-30 05:00:00,,,,,998.5063762939162,0.0,0.0,0.0,998.5063762939162,0.0,0.0,0.0,-7.27335190332813e-05,28.440389659567522,1.0,28.440389659567522,True,False
2024-11-30 06:00:00,3693.7,3726.71,3685.8,3696.19,56692.766,0.00017097,84,20.0,0.0,trending,,1075.9622367123093,1.9639526667519478,0.036047333248052205,False,,1075.9622367123093,1.9639526667519478,,trending,0.0,{},,599.0,ETHUSDT,2024-11-30 06:00:00,,,,,998.5063762939162,0.0,0.0,0.0,998.5063762939162,0.0,0.0,0.0,-6.524423040632771e-05,25.50140574448289,1.0,25.50140574448289,True,False
2024-11-30 07:00:00,3696.19,3716.59,3686.76,3703.07,22231.4817,0.00017097,84,20.0,0.0,trending,,1079.8955831204526,1.9604416238153402,0.03955837618465985,False,,1079.8955831204526,1.9604416238153402,,trending,0.0,{},,600.0,ETHUSDT,2024-11-30 07:00:00,,,,,998.5063762939162,0.0,0.0,0.0,998.5063762939162,0.0,0.0,0.0,-6.339026141730594e-05,24.769121186727332,1.0,24.769121186727332,True,False
2024-11-30 08:00:00,3703.06,3718.0,3690.72,3693.62,19946.4935,0.0002474,84,19.85653204974912,0.0,trending,,1074.4929488825233,1.9652707991075127,0.020382405867399367,False,,1074.4929488825233,1.9652707991075127,,trending,-0.14346795025088,{},,601.0,ETHUSDT,2024-11-30 08:00:00,,,,,998.5063762939162,0.0,0.0,0.0,998.5063762939162,0.0,0.0,0.0,-5.0865860304937744e-05,19.85653204974912,1.0,19.85653204974912,True,False
2024-11-30 09:00:00,3693.62,3696.4,3679.01,3692.0,14093.2749,0.0002474,84,18.648993234594073,0.0,trending,,1073.5667830131638,1.9661035380511613,-0.101204214591754,False,,1073.5667830131638,1.9661035380511613,,trending,-1.207538815155047,{},,602.0,ETHUSDT,2024-11-30 09:00:00,,,,,998.5063762939162,0.0,0.0,0.0,998.5063762939162,0.0,0.0,0.0,-4.778247500399652e-05,18.648993234594073,1.0,18.648993234594073,True,False
2024-11-30 10:00:00,3692.0,3692.55,3636.87,3641.79,25967.5454,0.0002474,84,0.0,0.0,trending,,1044.8613581362933,1.9926452531972476,-1.9926452531972476,True,True,1042.7793201107538,0.0,,trending,-18.648993234594073,{},,603.0,ETHUSDT,2024-11-30 10:00:00,ETHUSDT,3641.79,0.5717073267650014,CLOSE,998.5063762939162,0.0,0.0,0.0,998.5063762939162,0.0,0.0,0.0,-7.827203566536118e-06,0.0,1.0,0.0,True,True
2024-11-30 11:00:00,3641.79,3663.26,3631.23,3653.69,16956.7026,0.0002474,84,0.0,0.0,trending,,1042.7793201107538,0.0,0.0,,,1042.7793201107538,0.0,,trending,0.0,{},,604.0,,,,,,,998.5063762939162,0.0,0.0,0.0,998.5063762939162,0.0,0.0,0.0,-1.4543584229040349e-05,0.0,1.0,0.0,,
2024-11-30 12:00:00,3653.68,3681.81,3652.63,3681.6,14350.0064,0.0002474,84,0.0,0.0,trending,,1042.7793201107538,0.0,0.0,,,1042.7793201107538,0.0,,trending,0.0,{},,605.0,,,,,,,998.5063762939162,0.0,0.0,0.0,998.5063762939162,0.0,0.0,0.0,-2.805102206503201e-05,0.0,1.0,0.0,,
2024-11-30 13:00:00,3681.59,3682.46,3666.1,3667.83,26126.5385,0.0002474,84,0.0,0.0,trending,,1042.7793201107538,0.0,0.0,,,1042.7793201107538,0.0,,trending,0.0,{},,606.0,,,,,,,998.5063762939162,0.0,0.0,0.0,998.5063762939162,0.0,0.0,0.0,-1.8461008682892162e-05,0.0,1.0,0.0,,
2024-11-30 14:00:00,3667.84,3684.18,3651.63,3655.79,17532.2504,0.0002474,84,0.0,0.0,trending,,1042.7793201107538,0.0,0.0,,,1042.7793201107538,0.0,,trending,0.0,{},,607.0,,,,,,,998.5063762939162,0.0,0.0,0.0,998.5063762939162,0.0,0.0,0.0,-1.0561267570179003e-05,0.0,1.0,0.0,,
2024-11-30 15:00:00,3655.8,3685.33,3651.38,3674.0,19201.0562,0.0002474,84,0.0,0.0,trending,,1042.7793201107538,0.0,0.0,,,1042.7793201107538,0.0,,trending,0.0,{},,608.0,,,,,,,998.5063762939162,0.0,0.0,0.0,998.5063762939162,0.0,0.0,0.0,-1.960028258701154e-05,0.0,1.0,0.0,,
2024-11-30 16:00:00,3674.0,3682.58,3656.23,3675.41,28087.8167,0.00012425,84,0.0,0.0,trending,,1042.7793201107538,0.0,0.0,,,1042.7793201107538,0.0,,trending,0.0,{},,609.0,,,,,,,998.5063762939162,0.0,0.0,0.0,998.5063762939162,0.0,0.0,0.0,-2.0380352910245475e-05,0.0,1.0,0.0,,
2024-11-30 17:00:00,3675.4,3687.49,3665.79,3677.0,10681.1865,0.00012425,84,0.0,0.0,trending,,1042.7793201107538,0.0,0.0,,,1042.7793201107538,0.0,,trending,0.0,{},,610.0,,,,,,,998.5063762939162,0.0,0.0,0.0,998.5063762939162,0.0,0.0,0.0,-2.1764559169854412e-05,0.0,1.0,0.0,,
2024-11-30 18:00:00,3677.0,3678.99,3663.64,3670.98,10608.8182,0.00012425,84,0.0,0.0,trending,,1042.7793201107538,0.0,0.0,,,1042.7793201107538,0.0,,trending,0.0,{},,611.0,,,,,,,998.5063762939162,0.0,0.0,0.0,998.5063762939162,0.0,0.0,0.0,-1.799590475963163e-05,0.0,1.0,0.0,,
2024-11-30 19:00:00,3670.99,3696.78,3666.1,3689.56,12116.4817,0.00012425,84,0.0,0.0,trending,,1042.7793201107538,0.0,0.0,,,1042.7793201107538,0.0,,trending,0.0,{},,612.0,,,,,,,998.5063762939162,0.0,0.0,0.0,998.5063762939162,0.0,0.0,0.0,-3.0274998103635584e-05,0.0,1.0,0.0,,
2024-11-30 20:00:00,3689.56,3712.85,3686.58,3712.02,12325.8133,0.00012425,84,17.085481293292272,0.0,trending,,1042.7793201107538,0.0,1.7085481293292273,True,True,1040.9976814540753,1.7097607897989096,,trending,17.085481293292272,{},,613.0,ETHUSDT,2024-11-30 20:00:00,ETHUSDT,3712.02,0.47996472451076017,LONG,998.5063762939162,0.0,0.0,0.0,998.5063762939162,0.0,0.0,0.0,-4.2512970676853764e-05,17.085481293292272,1.0,17.085481293292272,True,True
2024-11-30 21:00:00,3712.03,3734.95,3695.0,3720.2,19398.6311,0.00012425,84,19.005679226622227,0.0,trending,,1044.9198667891267,1.7070966492751984,0.1934712733870243,False,,1044.9198667891267,1.7070966492751984,,trending,1.9201979333299555,{},,614.0,ETHUSDT,2024-11-30 21:00:00,,,,,998.5063762939162,0.0,0.0,0.0,998.5063762939162,0.0,0.0,0.0,-4.724687697430747e-05,19.005679226622227,1.0,19.005679226622227,True,False
2024-11-30 22:00:00,3720.21,3727.01,3701.15,3708.75,19022.3279,0.00012425,84,15.229384631155032,0.0,trending,,1039.4297662895742,1.7108314198131591,-0.18789295669765593,False,,1039.4297662895742,1.7108314198131591,,trending,-3.7762945954671956,{},,615.0,ETHUSDT,2024-11-30 22:00:00,,,,,998.5063762939162,0.0,0.0,0.0,998.5063762939162,0.0,0.0,0.0,-3.778407736139511e-05,15.229384631155032,1.0,15.229384631155032,True,False
2024-11-30 23:00:00,3708.75,3738.98,3701.64,3703.6,16263.6156,0.00012425,84,0.0,0.0,trending,,1036.960419776675,1.7125241450650572,-1.7125241450650572,True,True,1035.1846000203307,0.0,,trending,-15.229384631155032,{},,616.0,ETHUSDT,2024-11-30 23:00:00,ETHUSDT,3703.6,0.4794847597862494,CLOSE,998.5063762939162,0.0,0.0,0.0,998.5063762939162,0.0,0.0,0.0,-3.5562553757423294e-05,0.0,1.0,0.0,True,True
2024-12-01 00:00:00,3703.59,3727.42,3687.72,3688.54,22205.3595,0.00011863,81,0.0,0.0,trending,,1035.1846000203307,0.0,0.0,,,1035.1846000203307,0.0,,trending,0.0,{},,617.0,,,,,,,998.5063762939162,0.0,0.0,0.0,998.5063762939162,0.0,0.0,0.0,-2.2906113987323365e-05,0.0,1.0,0.0,,
2024-12-01 01:00:00,3688.55,3732.34,3675.03,3709.59,28933.7269,0.00011863,81,19.506608373313284,0.0,trending,,1035.1846000203307,0.0,1.9506608373313283,True,True,1033.1653059616626,1.952518878604641,,trending,19.506608373313284,{},,618.0,ETHUSDT,2024-12-01 01:00:00,ETHUSDT,3709.59,0.5443442694928966,LONG,998.5063762939162,0.0,0.0,0.0,998.5063762939162,0.0,0.0,0.0,-4.7946898952833333e-05,19.506608373313284,1.0,19.506608373313284,True,True
2024-12-01 02:00:00,3709.59,3713.53,3659.2,3664.01,27340.4985,0.00011863,81,0.0,0.0,trending,,1008.3789053699797,1.9759322149710663,-1.9759322149710663,True,True,1006.3864170059619,0.0,,trending,-19.506608373313284,{},,619.0,ETHUSDT,2024-12-01 02:00:00,ETHUSDT,3664.01,0.5437999252234037,CLOSE,998.5063762939162,0.0,0.0,0.0,998.5063762939162,0.0,0.0,0.0,7.509070791873485e-06,0.0,1.0,0.0,True,True
2024-12-01 03:00:00,3664.02,3712.55,3663.5,3707.0,14300.0108,0.00011863,81,15.018804892385065,0.0,trending,,1006.3864170059619,0.0,1.5018804892385065,True,True,1004.8749448816261,1.502635387520224,,trending,15.018804892385065,{},,620.0,ETHUSDT,2024-12-01 03:00:00,ETHUSDT,3707.0,0.40773458978578414,LONG,998.5063762939162,0.0,0.0,0.0,998.5063762939162,0.0,0.0,0.0,-3.665320461738377e-05,15.018804892385065,1.0,15.018804892385065,True,True
2024-12-01 04:00:00,3707.0,3707.63,3688.2,3702.21,11741.5138,0.00011863,81,0.0,0.0,trending,,1002.9238492452373,1.5036132182020083,-1.5036132182020083,True,True,1001.4158396886621,0.0,,trending,-15.018804892385065,{},,621.0,ETHUSDT,2024-12-01 04:00:00,ETHUSDT,3702.21,0.40732685519599837,CLOSE,998.5063762939162,0.0,0.0,0.0,998.5063762939162,0.0,0.0,0.0,-3.227427268646878e-05,0.0,1.0,0.0,True,True
2024-12-01 05:00:00,3702.2,3702.21,3682.01,3683.26,11450.6999,0.00011863,81,0.0,0.0,trending,,1001.4158396886621,0.0,0.0,,,1001.4158396886621,0.0,,trending,0.0,{},,622.0,,,,,,,998.5063762939162,0.0,0.0,0.0,998.5063762939162,0.0,0.0,0.0,-9.126876515533256e-06,0.0,1.0,0.0,,
2024-12-01 06:00:00,3683.26,3705.67,3682.0,3699.86,7675.9117,0.00011863,81,0.0,0.0,trending,,1001.4158396886621,0.0,0.0,,,1001.4158396886621,0.0,,trending,0.0,{},,623.0,,,,,,,998.5063762939162,0.0,0.0,0.0,998.5063762939162,0.0,0.0,0.0,-2.653319654765266e-05,0.0,1.0,0.0,,
2024-12-01 07:00:00,3699.87,3716.96,3693.7,3702.31,9683.3944,0.00011863,81,0.0,0.0,trending,,1001.4158396886621,0.0,0.0,,,1001.4158396886621,0.0,,trending,0.0,{},,624.0,,,,,,,998.5063762939162,0.0,0.0,0.0,998.5063762939162,0.0,0.0,0.0,-2.91090535737754e-05,0.0,1.0,0.0,,
2024-12-01 08:00:00,3702.32,3717.0,3698.71,3707.62,16578.5791,0.00013737,81,0.0,0.0,trending,,1001.4158396886621,0.0,0.0,,,1001.4158396886621,0.0,,trending,0.0,{},,625.0,,,,,,,998.5063762939162,0.0,0.0,0.0,998.5063762939162,0.0,0.0,0.0,-3.4153018898934856e-05,0.0,1.0,0.0,,
2024-12-01 09:00:00,3707.61,3710.83,3690.78,3700.7,11053.4555,0.00013737,81,0.0,0.0,trending,,1001.4158396886621,0.0,0.0,,,1001.4158396886621,0.0,,trending,0.0,{},,626.0,,,,,,,998.5063762939162,0.0,0.0,0.0,998.5063762939162,0.0,0.0,0.0,-2.424681972218164e-05,0.0,1.0,0.0,,
2024-12-01 10:00:00,3700.7,3701.05,3675.47,3682.25,12197.5358,0.00013737,81,0.0,0.0,trending,,1001.4158396886621,0.0,0.0,,,1001.4158396886621,0.0,,trending,0.0,{},,627.0,,,,,,,998.5063762939162,0.0,0.0,0.0,998.5063762939162,0.0,0.0,0.0,3.52627192944653e-07,0.0,1.0,0.0,,
2024-12-01 11:00:00,3682.25,3698.67,3677.59,3692.42,21628.7035,0.00013737,81,0.0,0.0,trending,,1001.4158396886621,0.0,0.0,,,1001.4158396886621,0.0,,trending,0.0,{},,628.0,,,,,,,998.5063762939162,0.0,0.0,0.0,998.5063762939162,0.0,0.0,0.0,-1.5130047774833446e-05,0.0,1.0,0.0,,
2024-12-01 12:00:00,3692.43,3695.2,3680.27,3682.62,13078.7755,0.00013737,81,0.0,0.0,trending,,1001.4158396886621,0.0,0.0,,,1001.4158396886621,0.0,,trending,0.0,{},,629.0,,,,,,,998.5063762939162,0.0,0.0,0.0,998.5063762939162,0.0,0.0,0.0,9.061416361952547e-07,0.0,1.0,0.0,,
2024-12-01 13:00:00,3682.62,3714.74,3678.61,3701.21,22214.9356,0.00013737,81,0.0,0.0,trending,,1001.4158396886621,0.0,0.0,,,1001.4158396886621,0.0,,trending,0.0,{},,630.0,,,,,,,998.5063762939162,0.0,0.0,0.0,998.5063762939162,0.0,0.0,0.0,-2.8507334411223844e-05,0.0,1.0,0.0,,
2024-12-01 14:00:00,3701.2,3713.0,3693.43,3706.01,26181.9711,0.00013737,81,16.735823908459693,0.0,trending,,1001.4158396886621,0.0,1.6735823908459693,True,True,999.7398877734449,1.674711576258896,,trending,16.735823908459693,{},,631.0,ETHUSDT,2024-12-01 14:00:00,ETHUSDT,3706.01,0.4522254163418811,LONG,998.5063762939162,0.0,0.0,0.0,998.5063762939162,0.0,0.0,0.0,-3.9705152645375784e-05,16.735823908459693,1.0,16.735823908459693,True,True
2024-12-01 15:00:00,3706.01,3746.8,3701.2,3728.59,38241.5685,0.00013737,81,20.0,0.0,trending,,1009.9409264245437,1.6678965649174629,0.33210343508253715,True,True,1009.6055215736478,2.000332213764415,,trending,3.264176091540307,{},,632.0,ETHUSDT,2024-12-01 15:00:00,ETHUSDT,3728.59,0.08995487594399783,LONG,998.5063762939162,0.0,0.0,0.0,998.5063762939162,0.0,0.0,0.0,-7.03917957352377e-05,29.515962724088098,1.0,29.515962724088098,True,True
2024-12-01 16:00:00,3728.59,3744.11,3723.0,3725.43,18785.6844,0.00015064,81,20.0,0.0,trending,,1007.8939451397478,2.002030949084144,-0.00203094908414414,False,,1007.8939451397478,2.002030949084144,,trending,0.0,{},,633.0,ETHUSDT,2024-12-01 16:00:00,,,,,998.5063762939162,0.0,0.0,0.0,998.5063762939162,0.0,0.0,0.0,-6.224313632477313e-05,26.01976042729816,1.0,26.01976042729816,True,False
2024-12-01 17:00:00,3725.43,3729.75,3705.88,3723.5,17406.5713,0.00015064,81,20.0,0.0,trending,,1006.8485835836002,2.0030713087264194,-0.003071308726419364,False,,1006.8485835836002,2.0030713087264194,,trending,0.0,{},,634.0,ETHUSDT,2024-12-01 17:00:00,,,,,998.5063762939162,0.0,0.0,0.0,998.5063762939162,0.0,0.0,0.0,-5.778174467534518e-05,24.06318570676372,1.0,24.06318570676372,True,False
2024-12-01 18:00:00,3723.5,3731.47,3708.21,3711.81,14201.1527,0.00015064,81,0.0,0.0,trending,,1000.5168340543951,2.009419224194319,-2.009419224194319,True,True,998.5063762939162,0.0,,trending,-20.0,{},,635.0,ETHUSDT,2024-12-01 18:00:00,ETHUSDT,3711.81,0.5416381119935931,CLOSE,998.5063762939162,0.0,0.0,0.0,998.5063762939162,0.0,0.0,0.0,-3.514969246227018e-05,0.0,1.0,0.0,True,True
2024-12-01 19:00:00,3711.81,3718.2,3693.02,3707.96,15829.0991,0.00015064,81,0.0,0.0,trending,,998.5063762939162,0.0,0.0,,,998.5063762939162,0.0,,trending,0.0,{},,636.0,,,,,,,998.5063762939162,0.0,0.0,0.0,998.5063762939162,0.0,0.0,0.0,-2.6776170093156508e-05,0.0,1.0,0.0,,
2024-12-01 20:00:00,3707.95,3710.0,3679.0,3690.43,20029.167,0.00015064,81,0.0,0.0,trending,,998.5063762939162,0.0,0.0,,,998.5063762939162,0.0,,trending,0.0,{},,637.0,,,,,,,998.5063762939162,0.0,0.0,0.0,998.5063762939162,0.0,0.0,0.0,1.1507514536379956e-05,0.0,1.0,0.0,,
2024-12-01 21:00:00,3690.43,3706.27,3686.66,3706.26,13438.3955,0.00015064,81,0.0,0.0,trending,,998.5063762939162,0.0,0.0,,,998.5063762939162,0.0,,trending,0.0,{},,638.0,,,,,,,998.5063762939162,0.0,0.0,0.0,998.5063762939162,0.0,0.0,0.0,-2.1623940169664136e-05,0.0,1.0,0.0,,
