timestamp,open,high,low,close,volume,funding_rate,fear_greed,forecast,confidence,regime,strategy,total_portfolio_value,previous_allocation,allocation_change,approved_rebalance,succcess_execute_portfolio_rebalance,postRebalance_total_value,postRebalance_current_allocation,debug_info.error,debug_info.regime,debug_info.forecast_delta,debug_info.regime_scores,debug_info.regime_margin,debug_info.bars_in_regime,debug_approve_allocation_change.symbol,debug_approve_allocation_change.time,debug_execute_portfolio_rebalance.symbol,debug_execute_portfolio_rebalance.price,debug_execute_portfolio_rebalance.quantity,debug_execute_portfolio_rebalance.trade_type,balances.USDT.free,balances.USDT.locked,balances.ETHUSDT.free,balances.ETHUSDT.locked,postRebalance_balances.USDT.free,postRebalance_balances.USDT.locked,postRebalance_balances.ETHUSDT.free,postRebalance_balances.ETHUSDT.locked,debug_info.components.rsi_momentum.last_history_value,debug_info.components.rsi_momentum.post_pipeline_value,debug_info.components.rsi_momentum.weight_normalized,debug_info.components.rsi_momentum.weighted_contribution,debug_approve_allocation_change.controls.max_allocation_change.passed,debug_approve_allocation_change.controls.min_allocation_change.passed
2024-01-01 00:00:00,2281.87,2297.18,2281.27,2295.51,10771.9183,0.00027858,65,0.0,0.0,NOT_READY,,1000.0,0.0,0.0,,,1000.0,0.0,Strategy not ready,,,,,,,,,,,,768.8838966029139,0.0,0.0,0.0,768.8838966029139,0.0,0.0,0.0,,,,,,
2024-01-01 01:00:00,2295.52,2306.6,2292.9,2303.72,8413.426,0.00027858,65,0.0,0.0,NOT_READY,,1000.0,0.0,0.0,,,1000.0,0.0,Strategy not ready,,,,,,,,,,,,768.8838966029139,0.0,0.0,0.0,768.8838966029139,0.0,0.0,0.0,,,,,,
2024-01-01 02:00:00,2303.72,2304.72,2291.2,2293.02,5808.2533,0.00027858,65,0.0,0.0,NOT_READY,,1000.0,0.0,0.0,,,1000.0,0.0,Strategy not ready,,,,,,,,,,,,768.8838966029139,0.0,0.0,0.0,768.8838966029139,0.0,0.0,0.0,,,,,,
2024-01-01 03:00:00,2293.03,2294.5,2271.0,2273.81,10745.736,0.00027858,65,0.0,0.0,NOT_READY,,1000.0,0.0,0.0,,,1000.0,0.0,Strategy not ready,,,,,,,,,,,,768.8838966029139,0.0,0.0,0.0,768.8838966029139,0.0,0.0,0.0,,,,,,
2024-01-01 04:00:00,2273.8,2279.86,2265.24,2279.55,9681.5762,0.00027858,65,0.0,0.0,NOT_READY,,1000.0,0.0,0.0,,,1000.0,0.0,Strategy not ready,,,,,,,,,,,,768.8838966029139,0.0,0.0,0.0,768.8838966029139,0.0,0.0,0.0,,,,,,
2024-01-01 05:00:00,2279.54,2283.36,2272.62,2275.89,6705.1165,0.00027858,65,0.0,0.0,NOT_READY,,1000.0,0.0,0.0,,,1000.0,0.0,Strategy not ready,,,,,,,,,,,,768.8838966029139,0.0,0.0,0.0,768.8838966029139,0.0,0.0,0.0,,,,,,
2024-01-01 06:00:00,2275.89,2283.31,2274.16,2281.9,6056.6319,0.00027858,65,0.0,0.0,NOT_READY,,1000.0,0.0,0.0,,,1000.0,0.0,Strategy not ready,,,,,,,,,,,,768.8838966029139,0.0,0.0,0.0,768.8838966029139,0.0,0.0,0.0,,,,,,
2024-01-01 07:00:00,2281.9,2287.88,2281.51,2284.67,5664.1887,0.00027858,65,0.0,0.0,NOT_READY,,1000.0,0.0,0.0,,,1000.0,0.0,Strategy not ready,,,,,,,,,,,,768.8838966029139,0.0,0.0,0.0,768.8838966029139,0.0,0.0,0.0,,,,,,
2024-01-01 08:00:00,2284.68,2287.38,2280.0,2287.01,5571.1935,0.00031096,65,0.0,0.0,NOT_READY,,1000.0,0.0,0.0,,,1000.0,0.0,Strategy not ready,,,,,,,,,,,,768.8838966029139,0.0,0.0,0.0,768.8838966029139,0.0,0.0,0.0,,,,,,
2024-01-01 09:00:00,2287.01,2300.0,2287.0,2299.8,8083.262,0.00031096,65,0.0,0.0,NOT_READY,,1000.0,0.0,0.0,,,1000.0,0.0,Strategy not ready,,,,,,,,,,,,768.8838966029139,0.0,0.0,0.0,768.8838966029139,0.0,0.0,0.0,,,,,,
2024-01-01 10:00:00,2299.8,2303.0,2297.4,2302.04,8188.7741,0.00031096,65,0.0,0.0,NOT_READY,,1000.0,0.0,0.0,,,1000.0,0.0,Strategy not ready,,,,,,,,,,,,768.8838966029139,0.0,0.0,0.0,768.8838966029139,0.0,0.0,0.0,,,,,,
2024-01-01 11:00:00,2302.04,2305.05,2299.0,2304.47,6050.8796,0.00031096,65,0.0,0.0,NOT_READY,,1000.0,0.0,0.0,,,1000.0,0.0,Strategy not ready,,,,,,,,,,,,768.8838966029139,0.0,0.0,0.0,768.8838966029139,0.0,0.0,0.0,,,,,,
2024-01-01 12:00:00,2304.47,2307.24,2299.04,2299.43,7257.2379,0.00031096,65,0.0,0.0,NOT_READY,,1000.0,0.0,0.0,,,1000.0,0.0,Strategy not ready,,,,,,,,,,,,768.8838966029139,0.0,0.0,0.0,768.8838966029139,0.0,0.0,0.0,,,,,,
2024-01-01 13:00:00,2299.42,2308.2,2298.07,2304.16,5288.8224,0.00031096,65,0.0,0.0,NOT_READY,,1000.0,0.0,0.0,,,1000.0,0.0,Strategy not ready,,,,,,,,,,,,768.8838966029139,0.0,0.0,0.0,768.8838966029139,0.0,0.0,0.0,,,,,,
2024-01-01 14:00:00,2304.16,2305.11,2294.84,2300.99,7316.2575,0.00031096,65,0.0,0.0,NOT_READY,,1000.0,0.0,0.0,,,1000.0,0.0,Strategy not ready,,,,,,,,,,,,768.8838966029139,0.0,0.0,0.0,768.8838966029139,0.0,0.0,0.0,,,,,,
2024-01-01 15:00:00,2300.99,2318.34,2299.2,2314.7,12303.5344,0.00031096,65,0.0,0.0,NOT_READY,,1000.0,0.0,0.0,,,1000.0,0.0,Strategy not ready,,,,,,,,,,,,768.8838966029139,0.0,0.0,0.0,768.8838966029139,0.0,0.0,0.0,,,,,,
2024-01-01 16:00:00,2314.69,2319.55,2306.53,2309.89,11755.1864,0.00043011,65,0.0,0.0,NOT_READY,,1000.0,0.0,0.0,,,1000.0,0.0,Strategy not ready,,,,,,,,,,,,768.8838966029139,0.0,0.0,0.0,768.8838966029139,0.0,0.0,0.0,,,,,,
2024-01-01 17:00:00,2309.89,2317.09,2306.48,2313.76,8560.8241,0.00043011,65,0.0,0.0,NOT_READY,,1000.0,0.0,0.0,,,1000.0,0.0,Strategy not ready,,,,,,,,,,,,768.8838966029139,0.0,0.0,0.0,768.8838966029139,0.0,0.0,0.0,,,,,,
2024-01-01 18:00:00,2313.77,2331.77,2313.76,2326.9,15349.3543,0.00043011,65,0.0,0.0,NOT_READY,,1000.0,0.0,0.0,,,1000.0,0.0,Strategy not ready,,,,,,,,,,,,768.8838966029139,0.0,0.0,0.0,768.8838966029139,0.0,0.0,0.0,,,,,,
2024-01-01 19:00:00,2326.9,2340.98,2322.0,2337.26,11136.8878,0.00043011,65,0.0,0.0,NOT_READY,,1000.0,0.0,0.0,,,1000.0,0.0,Strategy not ready,,,,,,,,,,,,768.8838966029139,0.0,0.0,0.0,768.8838966029139,0.0,0.0,0.0,,,,,,
2024-01-01 20:00:00,2337.27,2348.78,2335.25,2340.98,17493.0377,0.00043011,65,0.0,0.0,NOT_READY,,1000.0,0.0,0.0,,,1000.0,0.0,Strategy not ready,,,,,,,,,,,,768.8838966029139,0.0,0.0,0.0,768.8838966029139,0.0,0.0,0.0,,,,,,
2024-01-01 21:00:00,2340.98,2346.55,2332.2,2337.83,10238.9674,0.00043011,65,0.0,0.0,NOT_READY,,1000.0,0.0,0.0,,,1000.0,0.0,Strategy not ready,,,,,,,,,,,,768.8838966029139,0.0,0.0,0.0,768.8838966029139,0.0,0.0,0.0,,,,,,
2024-01-01 22:00:00,2337.83,2339.1,2323.66,2334.21,6444.2583,0.00043011,65,0.0,0.0,NOT_READY,,1000.0,0.0,0.0,,,1000.0,0.0,Strategy not ready,,,,,,,,,,,,768.8838966029139,0.0,0.0,0.0,768.8838966029139,0.0,0.0,0.0,,,,,,
2024-01-01 23:00:00,2334.22,2352.37,2334.17,2352.04,11817.3671,0.00043011,65,0.0,0.0,NOT_READY,,1000.0,0.0,0.0,,,1000.0,0.0,Strategy not ready,,,,,,,,,,,,768.8838966029139,0.0,0.0,0.0,768.8838966029139,0.0,0.0,0.0,,,,,,
2024-01-02 00:00:00,2352.05,2391.43,2346.95,2387.58,40687.4646,0.00053505,71,0.0,0.0,NOT_READY,,1000.0,0.0,0.0,,,1000.0,0.0,Strategy not ready,,,,,,,,,,,,768.8838966029139,0.0,0.0,0.0,768.8838966029139,0.0,0.0,0.0,,,,,,
2024-01-02 01:00:00,2387.59,2397.56,2370.38,2378.08,29424.4237,0.00053505,71,0.0,0.0,NOT_READY,,1000.0,0.0,0.0,,,1000.0,0.0,Strategy not ready,,,,,,,,,,,,768.8838966029139,0.0,0.0,0.0,768.8838966029139,0.0,0.0,0.0,,,,,,
2024-01-02 02:00:00,2378.09,2382.96,2373.65,2382.95,13292.5147,0.00053505,71,0.0,0.0,NOT_READY,,1000.0,0.0,0.0,,,1000.0,0.0,Strategy not ready,,,,,,,,,,,,768.8838966029139,0.0,0.0,0.0,768.8838966029139,0.0,0.0,0.0,,,,,,
2024-01-02 03:00:00,2382.96,2388.61,2371.47,2386.43,16262.0974,0.00053505,71,0.0,0.0,NOT_READY,,1000.0,0.0,0.0,,,1000.0,0.0,Strategy not ready,,,,,,,,,,,,768.8838966029139,0.0,0.0,0.0,768.8838966029139,0.0,0.0,0.0,,,,,,
2024-01-02 04:00:00,2386.42,2390.44,2378.58,2387.66,12124.3336,0.00053505,71,0.0,0.0,NOT_READY,,1000.0,0.0,0.0,,,1000.0,0.0,Strategy not ready,,,,,,,,,,,,768.8838966029139,0.0,0.0,0.0,768.8838966029139,0.0,0.0,0.0,,,,,,
2024-01-02 05:00:00,2387.66,2392.4,2377.18,2377.48,14852.3142,0.00053505,71,0.0,0.0,NOT_READY,,1000.0,0.0,0.0,,,1000.0,0.0,Strategy not ready,,,,,,,,,,,,768.8838966029139,0.0,0.0,0.0,768.8838966029139,0.0,0.0,0.0,,,,,,
2024-01-02 06:00:00,2377.47,2383.68,2373.86,2373.86,10223.5551,0.00053505,71,0.0,0.0,NOT_READY,,1000.0,0.0,0.0,,,1000.0,0.0,Strategy not ready,,,,,,,,,,,,768.8838966029139,0.0,0.0,0.0,768.8838966029139,0.0,0.0,0.0,,,,,,
2024-01-02 07:00:00,2373.86,2388.93,2373.69,2385.84,13341.4557,0.00053505,71,0.0,0.0,NOT_READY,,1000.0,0.0,0.0,,,1000.0,0.0,Strategy not ready,,,,,,,,,,,,768.8838966029139,0.0,0.0,0.0,768.8838966029139,0.0,0.0,0.0,,,,,,
2024-01-02 08:00:00,2385.84,2431.3,2380.09,2426.49,48568.8207,0.0005124,71,0.0,0.0,NOT_READY,,1000.0,0.0,0.0,,,1000.0,0.0,Strategy not ready,,,,,,,,,,,,768.8838966029139,0.0,0.0,0.0,768.8838966029139,0.0,0.0,0.0,,,,,,
2024-01-02 09:00:00,2426.49,2428.43,2411.74,2413.77,21469.8389,0.0005124,71,0.0,0.0,NOT_READY,,1000.0,0.0,0.0,,,1000.0,0.0,Strategy not ready,,,,,,,,,,,,768.8838966029139,0.0,0.0,0.0,768.8838966029139,0.0,0.0,0.0,,,,,,
2024-01-02 10:00:00,2413.77,2416.4,2392.85,2398.14,19010.6342,0.0005124,71,0.0,0.0,NOT_READY,,1000.0,0.0,0.0,,,1000.0,0.0,Strategy not ready,,,,,,,,,,,,768.8838966029139,0.0,0.0,0.0,768.8838966029139,0.0,0.0,0.0,,,,,,
2024-01-02 11:00:00,2398.15,2402.91,2380.36,2391.24,17120.8522,0.0005124,71,0.0,0.0,NOT_READY,,1000.0,0.0,0.0,,,1000.0,0.0,Strategy not ready,,,,,,,,,,,,768.8838966029139,0.0,0.0,0.0,768.8838966029139,0.0,0.0,0.0,,,,,,
2024-01-02 12:00:00,2391.24,2404.68,2382.73,2386.85,15110.638,0.0005124,71,0.0,0.0,NOT_READY,,1000.0,0.0,0.0,,,1000.0,0.0,Strategy not ready,,,,,,,,,,,,768.8838966029139,0.0,0.0,0.0,768.8838966029139,0.0,0.0,0.0,,,,,,
2024-01-02 13:00:00,2386.85,2400.78,2382.22,2398.0,13619.2626,0.0005124,71,0.0,0.0,NOT_READY,,1000.0,0.0,0.0,,,1000.0,0.0,Strategy not ready,,,,,,,,,,,,768.8838966029139,0.0,0.0,0.0,768.8838966029139,0.0,0.0,0.0,,,,,,
2024-01-02 14:00:00,2398.01,2402.65,2354.92,2367.28,33817.2174,0.0005124,71,0.0,0.0,NOT_READY,,1000.0,0.0,0.0,,,1000.0,0.0,Strategy not ready,,,,,,,,,,,,768.8838966029139,0.0,0.0,0.0,768.8838966029139,0.0,0.0,0.0,,,,,,
2024-01-02 15:00:00,2367.27,2371.14,2352.04,2357.48,25617.6125,0.0005124,71,0.0,0.0,NOT_READY,,1000.0,0.0,0.0,,,1000.0,0.0,Strategy not ready,,,,,,,,,,,,768.8838966029139,0.0,0.0,0.0,768.8838966029139,0.0,0.0,0.0,,,,,,
2024-01-02 16:00:00,2357.48,2369.6,2350.19,2367.91,18916.5505,0.00063801,71,0.0,0.0,NOT_READY,,1000.0,0.0,0.0,,,1000.0,0.0,Strategy not ready,,,,,,,,,,,,768.8838966029139,0.0,0.0,0.0,768.8838966029139,0.0,0.0,0.0,,,,,,
2024-01-02 17:00:00,2367.92,2368.14,2350.95,2357.43,11178.9001,0.00063801,71,0.0,0.0,NOT_READY,,1000.0,0.0,0.0,,,1000.0,0.0,Strategy not ready,,,,,,,,,,,,768.8838966029139,0.0,0.0,0.0,768.8838966029139,0.0,0.0,0.0,,,,,,
2024-01-02 18:00:00,2357.43,2369.6,2355.54,2365.7,8386.0845,0.00063801,71,0.0,0.0,NOT_READY,,1000.0,0.0,0.0,,,1000.0,0.0,Strategy not ready,,,,,,,,,,,,768.8838966029139,0.0,0.0,0.0,768.8838966029139,0.0,0.0,0.0,,,,,,
2024-01-02 19:00:00,2365.7,2372.75,2354.79,2369.19,18480.2093,0.00063801,71,0.0,0.0,NOT_READY,,1000.0,0.0,0.0,,,1000.0,0.0,Strategy not ready,,,,,,,,,,,,768.8838966029139,0.0,0.0,0.0,768.8838966029139,0.0,0.0,0.0,,,,,,
2024-01-02 20:00:00,2369.19,2380.0,2358.32,2359.87,15536.6175,0.00063801,71,0.0,0.0,NOT_READY,,1000.0,0.0,0.0,,,1000.0,0.0,Strategy not ready,,,,,,,,,,,,768.8838966029139,0.0,0.0,0.0,768.8838966029139,0.0,0.0,0.0,,,,,,
2024-01-02 21:00:00,2359.86,2366.34,2341.0,2366.34,16682.1997,0.00063801,71,0.0,0.0,NOT_READY,,1000.0,0.0,0.0,,,1000.0,0.0,Strategy not ready,,,,,,,,,,,,768.8838966029139,0.0,0.0,0.0,768.8838966029139,0.0,0.0,0.0,,,,,,
2024-01-02 22:00:00,2366.33,2372.5,2357.53,2359.03,9548.8149,0.00063801,71,0.0,0.0,NOT_READY,,1000.0,0.0,0.0,,,1000.0,0.0,Strategy not ready,,,,,,,,,,,,768.8838966029139,0.0,0.0,0.0,768.8838966029139,0.0,0.0,0.0,,,,,,
2024-01-02 23:00:00,2359.02,2363.24,2351.0,2355.34,14769.2522,0.00063801,71,0.0,0.0,NOT_READY,,1000.0,0.0,0.0,,,1000.0,0.0,Strategy not ready,,,,,,,,,,,,768.8838966029139,0.0,0.0,0.0,768.8838966029139,0.0,0.0,0.0,,,,,,
2024-01-03 00:00:00,2355.35,2367.0,2347.4,2361.39,14703.209,0.00028538,70,0.0,0.0,NOT_READY,,1000.0,0.0,0.0,,,1000.0,0.0,Strategy not ready,,,,,,,,,,,,768.8838966029139,0.0,0.0,0.0,768.8838966029139,0.0,0.0,0.0,,,,,,
2024-01-03 01:00:00,2361.39,2375.0,2360.04,2373.08,10216.5552,0.00028538,70,0.0,0.0,NOT_READY,,1000.0,0.0,0.0,,,1000.0,0.0,Strategy not ready,,,,,,,,,,,,768.8838966029139,0.0,0.0,0.0,768.8838966029139,0.0,0.0,0.0,,,,,,
2024-01-03 02:00:00,2373.08,2384.66,2367.33,2368.75,14123.3289,0.00028538,70,0.0,0.0,NOT_READY,,1000.0,0.0,0.0,,,1000.0,0.0,Strategy not ready,,,,,,,,,,,,768.8838966029139,0.0,0.0,0.0,768.8838966029139,0.0,0.0,0.0,,,,,,
2024-01-03 03:00:00,2368.75,2370.31,2364.21,2368.51,7666.7494,0.00028538,70,0.0,0.0,NOT_READY,,1000.0,0.0,0.0,,,1000.0,0.0,Strategy not ready,,,,,,,,,,,,768.8838966029139,0.0,0.0,0.0,768.8838966029139,0.0,0.0,0.0,,,,,,
2024-01-03 04:00:00,2368.51,2373.9,2363.21,2370.5,11719.5227,0.00028538,70,0.0,0.0,NOT_READY,,1000.0,0.0,0.0,,,1000.0,0.0,Strategy not ready,,,,,,,,,,,,768.8838966029139,0.0,0.0,0.0,768.8838966029139,0.0,0.0,0.0,,,,,,
2024-01-03 05:00:00,2370.51,2379.61,2367.99,2376.94,9631.564,0.00028538,70,0.0,0.0,NOT_READY,,1000.0,0.0,0.0,,,1000.0,0.0,Strategy not ready,,,,,,,,,,,,768.8838966029139,0.0,0.0,0.0,768.8838966029139,0.0,0.0,0.0,,,,,,
2024-01-03 06:00:00,2376.94,2380.9,2373.6,2375.34,9648.9752,0.00028538,70,0.0,0.0,NOT_READY,,1000.0,0.0,0.0,,,1000.0,0.0,Strategy not ready,,,,,,,,,,,,768.8838966029139,0.0,0.0,0.0,768.8838966029139,0.0,0.0,0.0,,,,,,
2024-01-03 07:00:00,2375.35,2379.68,2356.99,2361.64,15554.4245,0.00028538,70,0.0,0.0,NOT_READY,,1000.0,0.0,0.0,,,1000.0,0.0,Strategy not ready,,,,,,,,,,,,768.8838966029139,0.0,0.0,0.0,768.8838966029139,0.0,0.0,0.0,,,,,,
2024-01-03 08:00:00,2361.65,2371.4,2361.26,2370.5,11377.5475,0.00024384,70,0.0,0.0,NOT_READY,,1000.0,0.0,0.0,,,1000.0,0.0,Strategy not ready,,,,,,,,,,,,768.8838966029139,0.0,0.0,0.0,768.8838966029139,0.0,0.0,0.0,,,,,,
2024-01-03 09:00:00,2370.5,2385.45,2370.29,2376.01,17937.7063,0.00024384,70,0.0,0.0,NOT_READY,,1000.0,0.0,0.0,,,1000.0,0.0,Strategy not ready,,,,,,,,,,,,768.8838966029139,0.0,0.0,0.0,768.8838966029139,0.0,0.0,0.0,,,,,,
2024-01-03 10:00:00,2376.02,2380.84,2360.88,2364.58,20258.2137,0.00024384,70,0.0,0.0,NOT_READY,,1000.0,0.0,0.0,,,1000.0,0.0,Strategy not ready,,,,,,,,,,,,768.8838966029139,0.0,0.0,0.0,768.8838966029139,0.0,0.0,0.0,,,,,,
2024-01-03 11:00:00,2364.58,2365.62,2294.01,2307.68,59133.3805,0.00024384,70,0.0,0.0,NOT_READY,,1000.0,0.0,0.0,,,1000.0,0.0,Strategy not ready,,,,,,,,,,,,768.8838966029139,0.0,0.0,0.0,768.8838966029139,0.0,0.0,0.0,,,,,,
2024-01-03 12:00:00,2307.99,2308.6,2100.0,2248.55,209264.8157,0.00024384,70,0.0,0.0,NOT_READY,,1000.0,0.0,0.0,,,1000.0,0.0,Strategy not ready,,,,,,,,,,,,768.8838966029139,0.0,0.0,0.0,768.8838966029139,0.0,0.0,0.0,,,,,,
2024-01-03 13:00:00,2248.55,2248.8,2206.96,2223.79,65271.6267,0.00024384,70,0.0,0.0,NOT_READY,,1000.0,0.0,0.0,,,1000.0,0.0,Strategy not ready,,,,,,,,,,,,768.8838966029139,0.0,0.0,0.0,768.8838966029139,0.0,0.0,0.0,,,,,,
2024-01-03 14:00:00,2223.79,2224.0,2191.0,2193.77,48027.5734,0.00024384,70,0.0,0.0,NOT_READY,,1000.0,0.0,0.0,,,1000.0,0.0,Strategy not ready,,,,,,,,,,,,768.8838966029139,0.0,0.0,0.0,768.8838966029139,0.0,0.0,0.0,,,,,,
2024-01-03 15:00:00,2193.76,2241.0,2190.0,2240.4,47153.4205,0.00024384,70,0.0,0.0,NOT_READY,,1000.0,0.0,0.0,,,1000.0,0.0,Strategy not ready,,,,,,,,,,,,768.8838966029139,0.0,0.0,0.0,768.8838966029139,0.0,0.0,0.0,,,,,,
2024-01-03 16:00:00,2240.39,2245.33,2222.11,2231.4,55308.6344,0.0001,70,0.0,0.0,NOT_READY,,1000.0,0.0,0.0,,,1000.0,0.0,Strategy not ready,,,,,,,,,,,,768.8838966029139,0.0,0.0,0.0,768.8838966029139,0.0,0.0,0.0,,,,,,
2024-01-03 17:00:00,2231.41,2235.0,2212.0,2223.3,31364.4458,0.0001,70,0.0,0.0,NOT_READY,,1000.0,0.0,0.0,,,1000.0,0.0,Strategy not ready,,,,,,,,,,,,768.8838966029139,0.0,0.0,0.0,768.8838966029139,0.0,0.0,0.0,,,,,,
2024-01-03 18:00:00,2223.3,2227.99,2188.0,2198.23,35399.3147,0.0001,70,0.0,0.0,NOT_READY,,1000.0,0.0,0.0,,,1000.0,0.0,Strategy not ready,,,,,,,,,,,,768.8838966029139,0.0,0.0,0.0,768.8838966029139,0.0,0.0,0.0,,,,,,
2024-01-03 19:00:00,2198.23,2229.11,2197.26,2206.53,30235.3792,0.0001,70,0.0,0.0,NOT_READY,,1000.0,0.0,0.0,,,1000.0,0.0,Strategy not ready,,,,,,,,,,,,768.8838966029139,0.0,0.0,0.0,768.8838966029139,0.0,0.0,0.0,,,,,,
2024-01-03 20:00:00,2206.54,2223.63,2205.28,2218.28,21326.7288,0.0001,70,0.0,0.0,NOT_READY,,1000.0,0.0,0.0,,,1000.0,0.0,Strategy not ready,,,,,,,,,,,,768.8838966029139,0.0,0.0,0.0,768.8838966029139,0.0,0.0,0.0,,,,,,
2024-01-03 21:00:00,2218.29,2227.87,2211.93,2226.03,18373.485,0.0001,70,0.0,0.0,NOT_READY,,1000.0,0.0,0.0,,,1000.0,0.0,Strategy not ready,,,,,,,,,,,,768.8838966029139,0.0,0.0,0.0,768.8838966029139,0.0,0.0,0.0,,,,,,
2024-01-03 22:00:00,2226.02,2226.45,2200.0,2205.39,20334.8895,0.0001,70,0.0,0.0,NOT_READY,,1000.0,0.0,0.0,,,1000.0,0.0,Strategy not ready,,,,,,,,,,,,768.8838966029139,0.0,0.0,0.0,768.8838966029139,0.0,0.0,0.0,,,,,,
2024-01-03 23:00:00,2205.38,2210.26,2196.23,2209.72,14697.9963,0.0001,70,0.0,0.0,NOT_READY,,1000.0,0.0,0.0,,,1000.0,0.0,Strategy not ready,,,,,,,,,,,,768.8838966029139,0.0,0.0,0.0,768.8838966029139,0.0,0.0,0.0,,,,,,
2024-01-04 00:00:00,2209.72,2219.92,2206.44,2210.64,13776.3421,0.0001,68,0.0,0.0,NOT_READY,,1000.0,0.0,0.0,,,1000.0,0.0,Strategy not ready,,,,,,,,,,,,768.8838966029139,0.0,0.0,0.0,768.8838966029139,0.0,0.0,0.0,,,,,,
2024-01-04 01:00:00,2210.64,2214.24,2201.91,2205.92,17337.1328,0.0001,68,0.0,0.0,NOT_READY,,1000.0,0.0,0.0,,,1000.0,0.0,Strategy not ready,,,,,,,,,,,,768.8838966029139,0.0,0.0,0.0,768.8838966029139,0.0,0.0,0.0,,,,,,
2024-01-04 02:00:00,2205.92,2232.89,2204.63,2231.59,13022.4081,0.0001,68,0.0,0.0,NOT_READY,,1000.0,0.0,0.0,,,1000.0,0.0,Strategy not ready,,,,,,,,,,,,768.8838966029139,0.0,0.0,0.0,768.8838966029139,0.0,0.0,0.0,,,,,,
2024-01-04 03:00:00,2231.6,2239.79,2225.23,2231.08,15194.924,0.0001,68,0.0,0.0,NOT_READY,,1000.0,0.0,0.0,,,1000.0,0.0,Strategy not ready,,,,,,,,,,,,768.8838966029139,0.0,0.0,0.0,768.8838966029139,0.0,0.0,0.0,,,,,,
2024-01-04 04:00:00,2231.07,2239.3,2227.8,2237.88,11737.6471,0.0001,68,0.0,0.0,NOT_READY,,1000.0,0.0,0.0,,,1000.0,0.0,Strategy not ready,,,,,,,,,,,,768.8838966029139,0.0,0.0,0.0,768.8838966029139,0.0,0.0,0.0,,,,,,
2024-01-04 05:00:00,2237.89,2244.04,2232.78,2235.93,15376.1833,0.0001,68,0.0,0.0,NOT_READY,,1000.0,0.0,0.0,,,1000.0,0.0,Strategy not ready,,,,,,,,,,,,768.8838966029139,0.0,0.0,0.0,768.8838966029139,0.0,0.0,0.0,,,,,,
2024-01-04 06:00:00,2235.93,2244.93,2235.0,2238.8,17678.9008,0.0001,68,0.0,0.0,NOT_READY,,1000.0,0.0,0.0,,,1000.0,0.0,Strategy not ready,,,,,,,,,,,,768.8838966029139,0.0,0.0,0.0,768.8838966029139,0.0,0.0,0.0,,,,,,
2024-01-04 07:00:00,2238.79,2241.83,2220.0,2221.85,24228.6995,0.0001,68,0.0,0.0,NOT_READY,,1000.0,0.0,0.0,,,1000.0,0.0,Strategy not ready,,,,,,,,,,,,768.8838966029139,0.0,0.0,0.0,768.8838966029139,0.0,0.0,0.0,,,,,,
2024-01-04 08:00:00,2221.85,2226.64,2211.13,2215.95,23815.4444,0.0001,68,0.0,0.0,NOT_READY,,1000.0,0.0,0.0,,,1000.0,0.0,Strategy not ready,,,,,,,,,,,,768.8838966029139,0.0,0.0,0.0,768.8838966029139,0.0,0.0,0.0,,,,,,
2024-01-04 09:00:00,2215.96,2229.71,2214.6,2223.4,10324.9931,0.0001,68,0.0,0.0,NOT_READY,,1000.0,0.0,0.0,,,1000.0,0.0,Strategy not ready,,,,,,,,,,,,768.8838966029139,0.0,0.0,0.0,768.8838966029139,0.0,0.0,0.0,,,,,,
2024-01-04 10:00:00,2223.41,2226.12,2205.0,2222.39,15301.0791,0.0001,68,0.0,0.0,NOT_READY,,1000.0,0.0,0.0,,,1000.0,0.0,Strategy not ready,,,,,,,,,,,,768.8838966029139,0.0,0.0,0.0,768.8838966029139,0.0,0.0,0.0,,,,,,
2024-01-04 11:00:00,2222.38,2230.71,2215.0,2228.14,11585.5486,0.0001,68,0.0,0.0,NOT_READY,,1000.0,0.0,0.0,,,1000.0,0.0,Strategy not ready,,,,,,,,,,,,768.8838966029139,0.0,0.0,0.0,768.8838966029139,0.0,0.0,0.0,,,,,,
2024-01-04 12:00:00,2228.13,2245.19,2222.7,2235.99,29830.227,0.0001,68,0.0,0.0,NOT_READY,,1000.0,0.0,0.0,,,1000.0,0.0,Strategy not ready,,,,,,,,,,,,768.8838966029139,0.0,0.0,0.0,768.8838966029139,0.0,0.0,0.0,,,,,,
2024-01-04 13:00:00,2235.99,2247.36,2231.8,2238.29,15912.5495,0.0001,68,0.0,0.0,NOT_READY,,1000.0,0.0,0.0,,,1000.0,0.0,Strategy not ready,,,,,,,,,,,,768.8838966029139,0.0,0.0,0.0,768.8838966029139,0.0,0.0,0.0,,,,,,
2024-01-04 14:00:00,2238.29,2274.48,2230.66,2273.25,32621.2049,0.0001,68,0.0,0.0,NOT_READY,,1000.0,0.0,0.0,,,1000.0,0.0,Strategy not ready,,,,,,,,,,,,768.8838966029139,0.0,0.0,0.0,768.8838966029139,0.0,0.0,0.0,,,,,,
2024-01-04 15:00:00,2273.26,2285.99,2261.93,2276.87,35027.0629,0.0001,68,0.0,0.0,NOT_READY,,1000.0,0.0,0.0,,,1000.0,0.0,Strategy not ready,,,,,,,,,,,,768.8838966029139,0.0,0.0,0.0,768.8838966029139,0.0,0.0,0.0,,,,,,
2024-01-04 16:00:00,2276.88,2280.97,2259.1,2269.58,29449.0032,0.0001,68,0.0,0.0,NOT_READY,,1000.0,0.0,0.0,,,1000.0,0.0,Strategy not ready,,,,,,,,,,,,768.8838966029139,0.0,0.0,0.0,768.8838966029139,0.0,0.0,0.0,,,,,,
2024-01-04 17:00:00,2269.59,2289.26,2267.35,2274.72,29583.6827,0.0001,68,0.0,0.0,NOT_READY,,1000.0,0.0,0.0,,,1000.0,0.0,Strategy not ready,,,,,,,,,,,,768.8838966029139,0.0,0.0,0.0,768.8838966029139,0.0,0.0,0.0,,,,,,
2024-01-04 18:00:00,2274.72,2279.96,2268.28,2273.76,13302.1568,0.0001,68,0.0,0.0,NOT_READY,,1000.0,0.0,0.0,,,1000.0,0.0,Strategy not ready,,,,,,,,,,,,768.8838966029139,0.0,0.0,0.0,768.8838966029139,0.0,0.0,0.0,,,,,,
2024-01-04 19:00:00,2273.76,2294.08,2271.01,2274.27,19089.4206,0.0001,68,0.0,0.0,NOT_READY,,1000.0,0.0,0.0,,,1000.0,0.0,Strategy not ready,,,,,,,,,,,,768.8838966029139,0.0,0.0,0.0,768.8838966029139,0.0,0.0,0.0,,,,,,
2024-01-04 20:00:00,2274.27,2294.69,2272.68,2273.4,18305.4429,0.0001,68,0.0,0.0,NOT_READY,,1000.0,0.0,0.0,,,1000.0,0.0,Strategy not ready,,,,,,,,,,,,768.8838966029139,0.0,0.0,0.0,768.8838966029139,0.0,0.0,0.0,,,,,,
2024-01-04 21:00:00,2273.4,2288.46,2268.51,2273.17,15060.3368,0.0001,68,0.0,0.0,NOT_READY,,1000.0,0.0,0.0,,,1000.0,0.0,Strategy not ready,,,,,,,,,,,,768.8838966029139,0.0,0.0,0.0,768.8838966029139,0.0,0.0,0.0,,,,,,
2024-01-04 22:00:00,2273.17,2286.75,2261.57,2270.0,13156.9883,0.0001,68,0.0,0.0,NOT_READY,,1000.0,0.0,0.0,,,1000.0,0.0,Strategy not ready,,,,,,,,,,,,768.8838966029139,0.0,0.0,0.0,768.8838966029139,0.0,0.0,0.0,,,,,,
2024-01-04 23:00:00,2270.01,2275.76,2266.57,2267.11,8126.6765,0.0001,68,0.0,0.0,NOT_READY,,1000.0,0.0,0.0,,,1000.0,0.0,Strategy not ready,,,,,,,,,,,,768.8838966029139,0.0,0.0,0.0,768.8838966029139,0.0,0.0,0.0,,,,,,
2024-01-05 00:00:00,2267.11,2274.76,2261.0,2267.62,11988.5698,0.0001,72,0.0,0.0,NOT_READY,,1000.0,0.0,0.0,,,1000.0,0.0,Strategy not ready,,,,,,,,,,,,768.8838966029139,0.0,0.0,0.0,768.8838966029139,0.0,0.0,0.0,,,,,,
2024-01-05 01:00:00,2267.62,2271.12,2212.0,2237.93,36936.1632,0.0001,72,0.0,0.0,NOT_READY,,1000.0,0.0,0.0,,,1000.0,0.0,Strategy not ready,,,,,,,,,,,,768.8838966029139,0.0,0.0,0.0,768.8838966029139,0.0,0.0,0.0,,,,,,
2024-01-05 02:00:00,2237.94,2251.2,2231.71,2240.4,19014.2827,0.0001,72,0.0,0.0,NOT_READY,,1000.0,0.0,0.0,,,1000.0,0.0,Strategy not ready,,,,,,,,,,,,768.8838966029139,0.0,0.0,0.0,768.8838966029139,0.0,0.0,0.0,,,,,,
2024-01-05 03:00:00,2240.41,2250.47,2238.92,2242.28,8943.3291,0.0001,72,0.0,0.0,NOT_READY,,1000.0,0.0,0.0,,,1000.0,0.0,Strategy not ready,,,,,,,,,,,,768.8838966029139,0.0,0.0,0.0,768.8838966029139,0.0,0.0,0.0,,,,,,
2024-01-05 04:00:00,2242.29,2247.63,2234.3,2243.85,12945.6834,0.0001,72,0.0,0.0,NOT_READY,,1000.0,0.0,0.0,,,1000.0,0.0,Strategy not ready,,,,,,,,,,,,768.8838966029139,0.0,0.0,0.0,768.8838966029139,0.0,0.0,0.0,,,,,,
2024-01-05 05:00:00,2243.86,2248.0,2241.42,2246.45,9594.8614,0.0001,72,0.0,0.0,NOT_READY,,1000.0,0.0,0.0,,,1000.0,0.0,Strategy not ready,,,,,,,,,,,,768.8838966029139,0.0,0.0,0.0,768.8838966029139,0.0,0.0,0.0,,,,,,
2024-01-05 06:00:00,2246.45,2257.87,2240.48,2255.34,18363.4853,0.0001,72,0.0,0.0,NOT_READY,,1000.0,0.0,0.0,,,1000.0,0.0,Strategy not ready,,,,,,,,,,,,768.8838966029139,0.0,0.0,0.0,768.8838966029139,0.0,0.0,0.0,,,,,,
2024-01-05 07:00:00,2255.34,2265.72,2252.74,2252.75,17584.0775,0.0001,72,0.0,0.0,NOT_READY,,1000.0,0.0,0.0,,,1000.0,0.0,Strategy not ready,,,,,,,,,,,,768.8838966029139,0.0,0.0,0.0,768.8838966029139,0.0,0.0,0.0,,,,,,
2024-01-05 08:00:00,2252.75,2259.2,2250.0,2252.24,15264.3154,0.0001,72,0.0,0.0,trending,,1000.0,0.0,0.0,,,1000.0,0.0,,trending,0.0,{},,1.0,,,,,,,768.8838966029139,0.0,0.0,0.0,768.8838966029139,0.0,0.0,0.0,1.2715622329835293e-05,0.0,1.0,0.0,,
2024-01-05 09:00:00,2252.24,2269.0,2252.23,2264.59,26133.9653,0.0001,72,0.0,0.0,trending,,1000.0,0.0,0.0,,,1000.0,0.0,,trending,0.0,{},,2.0,,,,,,,768.8838966029139,0.0,0.0,0.0,768.8838966029139,0.0,0.0,0.0,-5.804074704502316e-05,0.0,1.0,0.0,,
2024-01-05 10:00:00,2264.6,2265.89,2233.23,2240.31,14816.2616,0.0001,72,0.0,0.0,trending,,1000.0,0.0,0.0,,,1000.0,0.0,,trending,0.0,{},,3.0,,,,,,,768.8838966029139,0.0,0.0,0.0,768.8838966029139,0.0,0.0,0.0,7.58696136211242e-05,0.0,1.0,0.0,,
2024-01-05 11:00:00,2240.32,2249.77,2238.96,2241.97,13474.3408,0.0001,72,0.0,0.0,trending,,1000.0,0.0,0.0,,,1000.0,0.0,,trending,0.0,{},,4.0,,,,,,,768.8838966029139,0.0,0.0,0.0,768.8838966029139,0.0,0.0,0.0,6.938031388766577e-05,0.0,1.0,0.0,,
2024-01-05 12:00:00,2241.97,2253.64,2234.29,2242.03,13639.4615,0.0001,72,0.0,0.0,trending,,1000.0,0.0,0.0,,,1000.0,0.0,,trending,0.0,{},,5.0,,,,,,,768.8838966029139,0.0,0.0,0.0,768.8838966029139,0.0,0.0,0.0,7.054203501369885e-05,0.0,1.0,0.0,,
2024-01-05 13:00:00,2242.04,2251.9,2237.28,2247.41,17264.5888,0.0001,72,0.0,0.0,trending,,1000.0,0.0,0.0,,,1000.0,0.0,,trending,0.0,{},,6.0,,,,,,,768.8838966029139,0.0,0.0,0.0,768.8838966029139,0.0,0.0,0.0,3.2683845971959814e-05,0.0,1.0,0.0,,
2024-01-05 14:00:00,2247.41,2252.77,2221.0,2226.79,29039.8466,0.0001,72,-20.0,0.0,trending,,1000.0,0.0,-2.0,True,True,998.0,-2.004008016032064,,trending,-20.0,{},,7.0,ETHUSDT,2024-01-05 14:00:00,ETHUSDT,2226.79,0.898153844772071,SHORT,768.8838966029139,0.0,0.0,0.0,768.8838966029139,0.0,0.0,0.0,0.00013718206823947753,-22.37322442207671,1.0,-22.37322442207671,True,True
2024-01-05 15:00:00,2226.8,2242.27,2218.0,2224.99,27168.394,0.0001,72,-20.0,0.0,trending,,999.6166769205897,-1.9991496432768732,-0.0008503567231268327,False,,999.6166769205897,-1.9991496432768732,,trending,0.0,{},,8.0,ETHUSDT,2024-01-05 15:00:00,,,,,768.8838966029139,0.0,0.0,0.0,768.8838966029139,0.0,0.0,0.0,0.0001393556388804235,-22.407273226692965,1.0,-22.407273226692965,True,False
2024-01-05 16:00:00,2225.0,2233.34,2210.01,2211.82,18457.0341,0.0001,72,-20.0,0.0,trending,,1011.4453630562377,-1.9640750845315875,-0.03592491546841248,False,,1011.4453630562377,-1.9640750845315875,,trending,0.0,{},,9.0,ETHUSDT,2024-01-05 16:00:00,,,,,768.8838966029139,0.0,0.0,0.0,768.8838966029139,0.0,0.0,0.0,0.00017232310441271377,-27.173518800512216,1.0,-27.173518800512216,True,False
2024-01-05 17:00:00,2211.82,2232.79,2206.17,2232.1,19964.2276,0.0001,72,0.0,0.0,trending,,993.2308030842603,-2.0184323630422747,2.0184323630422747,True,True,991.2240271113717,0.0,,trending,20.0,{},,10.0,ETHUSDT,2024-01-05 17:00:00,ETHUSDT,2232.1,-0.898153844772071,CLOSE,768.8838966029139,0.0,0.0,0.0,768.8838966029139,0.0,0.0,0.0,5.806962479690383e-05,0.0,1.0,0.0,True,True
2024-01-05 18:00:00,2232.1,2238.6,2224.2,2233.84,9113.1795,0.0001,72,0.0,0.0,trending,,991.2240271113717,0.0,0.0,,,991.2240271113717,0.0,,trending,0.0,{},,11.0,,,,,,,768.8838966029139,0.0,0.0,0.0,768.8838966029139,0.0,0.0,0.0,5.063119053413044e-05,0.0,1.0,0.0,,
2024-01-05 19:00:00,2233.85,2240.67,2229.89,2234.26,8570.5586,0.0001,72,0.0,0.0,trending,,991.2240271113717,0.0,0.0,,,991.2240271113717,0.0,,trending,0.0,{},,12.0,,,,,,,768.8838966029139,0.0,0.0,0.0,768.8838966029139,0.0,0.0,0.0,5.03998938445759e-05,0.0,1.0,0.0,,
2024-01-05 20:00:00,2234.26,2261.0,2234.25,2248.36,15134.2859,0.0001,72,0.0,0.0,trending,,991.2240271113717,0.0,0.0,,,991.2240271113717,0.0,,trending,0.0,{},,13.0,,,,,,,768.8838966029139,0.0,0.0,0.0,768.8838966029139,0.0,0.0,0.0,-2.5977800506665724e-05,0.0,1.0,0.0,,
2024-01-05 21:00:00,2248.36,2248.74,2234.18,2246.39,8384.8671,0.0001,72,0.0,0.0,trending,,991.2240271113717,0.0,0.0,,,991.2240271113717,0.0,,trending,0.0,{},,14.0,,,,,,,768.8838966029139,0.0,0.0,0.0,768.8838966029139,0.0,0.0,0.0,-1.5982627542111785e-05,0.0,1.0,0.0,,
2024-01-05 22:00:00,2246.4,2249.4,2238.22,2247.75,5201.6457,0.0001,72,0.0,0.0,trending,,991.2240271113717,0.0,0.0,,,991.2240271113717,0.0,,trending,0.0,{},,15.0,,,,,,,768.8838966029139,0.0,0.0,0.0,768.8838966029139,0.0,0.0,0.0,-2.620891310830329e-05,0.0,1.0,0.0,,
2024-01-05 23:00:00,2247.76,2277.21,2247.75,2268.78,28570.5757,0.0001,72,20.0,0.0,trending,,991.2240271113717,0.0,2.0,True,True,989.241579057149,2.002004008016032,,trending,20.0,{},,16.0,ETHUSDT,2024-01-05 23:00:00,ETHUSDT,2268.78,0.8737947505808158,LONG,768.8838966029139,0.0,0.0,0.0,768.8838966029139,0.0,0.0,0.0,-0.00014352060907173294,22.90392789505819,1.0,22.90392789505819,True,True
2024-01-06 00:00:00,2268.78,2270.0,2257.87,2262.95,10606.0877,0.0001,70,16.528290388204255,0.0,trending,,984.1524498846584,2.0071854489896785,-0.3543564101692531,True,True,983.8037091554581,1.6534149370020215,,trending,-3.4717096117957453,{},,17.0,ETHUSDT,2024-01-06 00:00:00,ETHUSDT,2262.95,0.15410889732446734,REDUCE_LONG,768.8838966029139,0.0,0.0,0.0,768.8838966029139,0.0,0.0,0.0,-0.00010427135150747115,16.528290388204255,1.0,16.528290388204255,True,True
2024-01-06 01:00:00,2262.94,2263.29,2253.28,2254.91,7665.4264,0.0001,70,0.0,0.0,trending,,978.0244602050718,1.6572760342879154,-1.6572760342879154,True,True,976.4036037062265,0.0,,trending,-16.528290388204255,{},,18.0,ETHUSDT,2024-01-06 01:00:00,ETHUSDT,2254.91,0.7188120585057677,CLOSE,768.8838966029139,0.0,0.0,0.0,768.8838966029139,0.0,0.0,0.0,-4.725454850384877e-05,0.0,1.0,0.0,True,True
2024-01-06 02:00:00,2254.92,2258.01,2251.0,2255.17,7072.2755,0.0001,70,0.0,0.0,trending,,976.4036037062265,0.0,0.0,,,976.4036037062265,0.0,,trending,0.0,{},,19.0,,,,,,,768.8838966029139,0.0,0.0,0.0,768.8838966029139,0.0,0.0,0.0,-4.8247051268700007e-05,0.0,1.0,0.0,,
2024-01-06 03:00:00,2255.18,2256.2,2250.4,2252.99,4062.399,0.0001,70,0.0,0.0,trending,,976.4036037062265,0.0,0.0,,,976.4036037062265,0.0,,trending,0.0,{},,20.0,,,,,,,768.8838966029139,0.0,0.0,0.0,768.8838966029139,0.0,0.0,0.0,-3.220363018380386e-05,0.0,1.0,0.0,,
2024-01-06 04:00:00,2253.0,2255.66,2245.42,2246.79,5548.7886,0.0001,70,0.0,0.0,trending,,976.4036037062265,0.0,0.0,,,976.4036037062265,0.0,,trending,0.0,{},,21.0,,,,,,,768.8838966029139,0.0,0.0,0.0,768.8838966029139,0.0,0.0,0.0,1.2075565366953608e-05,0.0,1.0,0.0,,
2024-01-06 05:00:00,2246.79,2249.72,2229.63,2235.19,14871.2131,0.0001,70,0.0,0.0,trending,,976.4036037062265,0.0,0.0,,,976.4036037062265,0.0,,trending,0.0,{},,22.0,,,,,,,768.8838966029139,0.0,0.0,0.0,768.8838966029139,0.0,0.0,0.0,8.577391978980496e-05,0.0,1.0,0.0,,
2024-01-06 06:00:00,2235.2,2235.6,2216.4,2219.34,18707.5482,0.0001,70,-20.0,0.0,trending,,976.4036037062265,0.0,-2.0,True,True,974.4507964988143,-2.0040080160320635,,trending,-20.0,{},,23.0,ETHUSDT,2024-01-06 06:00:00,ETHUSDT,2219.34,0.8799044794454445,SHORT,768.8838966029139,0.0,0.0,0.0,768.8838966029139,0.0,0.0,0.0,0.00016026170849022626,-25.37522867234156,1.0,-25.37522867234156,True,True
2024-01-06 07:00:00,2219.35,2233.13,2216.4,2233.12,11531.0763,0.0001,70,0.0,0.0,trending,,962.3257127720562,-2.0418578294858882,2.0418578294858882,True,True,960.3588135817267,0.0,,trending,20.0,{},,24.0,ETHUSDT,2024-01-06 07:00:00,ETHUSDT,2233.12,-0.8799044794454445,CLOSE,768.8838966029139,0.0,0.0,0.0,768.8838966029139,0.0,0.0,0.0,6.639251723624312e-05,0.0,1.0,0.0,True,True
2024-01-06 08:00:00,2233.13,2238.05,2228.58,2237.54,7452.6581,0.0001,70,0.0,0.0,trending,,960.3588135817267,0.0,0.0,,,960.3588135817267,0.0,,trending,0.0,{},,25.0,,,,,,,768.8838966029139,0.0,0.0,0.0,768.8838966029139,0.0,0.0,0.0,3.945862345388672e-05,0.0,1.0,0.0,,
2024-01-06 09:00:00,2237.54,2240.0,2233.8,2234.6,7160.5431,0.0001,70,0.0,0.0,trending,,960.3588135817267,0.0,0.0,,,960.3588135817267,0.0,,trending,0.0,{},,26.0,,,,,,,768.8838966029139,0.0,0.0,0.0,768.8838966029139,0.0,0.0,0.0,5.891794807964779e-05,0.0,1.0,0.0,,
2024-01-06 10:00:00,2234.6,2239.2,2229.92,2235.94,6977.8224,0.0001,70,0.0,0.0,trending,,960.3588135817267,0.0,0.0,,,960.3588135817267,0.0,,trending,0.0,{},,27.0,,,,,,,768.8838966029139,0.0,0.0,0.0,768.8838966029139,0.0,0.0,0.0,4.913434974841861e-05,0.0,1.0,0.0,,
2024-01-06 11:00:00,2235.95,2239.13,2231.03,2238.67,6223.5521,0.0001,70,0.0,0.0,trending,,960.3588135817267,0.0,0.0,,,960.3588135817267,0.0,,trending,0.0,{},,28.0,,,,,,,768.8838966029139,0.0,0.0,0.0,768.8838966029139,0.0,0.0,0.0,2.8922092689060215e-05,0.0,1.0,0.0,,
2024-01-06 12:00:00,2238.67,2241.76,2228.37,2232.2,6699.843,0.0001,70,0.0,0.0,trending,,960.3588135817267,0.0,0.0,,,960.3588135817267,0.0,,trending,0.0,{},,29.0,,,,,,,768.8838966029139,0.0,0.0,0.0,768.8838966029139,0.0,0.0,0.0,7.133727838985991e-05,0.0,1.0,0.0,,
2024-01-06 13:00:00,2232.2,2238.99,2228.4,2237.01,10627.1919,0.0001,70,0.0,0.0,trending,,960.3588135817267,0.0,0.0,,,960.3588135817267,0.0,,trending,0.0,{},,30.0,,,,,,,768.8838966029139,0.0,0.0,0.0,768.8838966029139,0.0,0.0,0.0,3.403678605539765e-05,0.0,1.0,0.0,,
2024-01-06 14:00:00,2237.0,2248.27,2236.4,2240.94,15596.2437,0.0001,70,0.0,0.0,trending,,960.3588135817267,0.0,0.0,,,960.3588135817267,0.0,,trending,0.0,{},,31.0,,,,,,,768.8838966029139,0.0,0.0,0.0,768.8838966029139,0.0,0.0,0.0,4.0882181284161445e-06,0.0,1.0,0.0,,
2024-01-06 15:00:00,2240.93,2248.32,2237.79,2246.4,8155.4921,0.0001,70,0.0,0.0,trending,,960.3588135817267,0.0,0.0,,,960.3588135817267,0.0,,trending,0.0,{},,32.0,,,,,,,768.8838966029139,0.0,0.0,0.0,768.8838966029139,0.0,0.0,0.0,-3.80643494483236e-05,0.0,1.0,0.0,,
2024-01-06 16:00:00,2246.41,2249.84,2243.36,2245.55,5908.42,0.0001,70,0.0,0.0,trending,,960.3588135817267,0.0,0.0,,,960.3588135817267,0.0,,trending,0.0,{},,33.0,,,,,,,768.8838966029139,0.0,0.0,0.0,768.8838966029139,0.0,0.0,0.0,-3.515741274161996e-05,0.0,1.0,0.0,,
2024-01-06 17:00:00,2245.54,2252.45,2243.02,2248.67,6037.2146,0.0001,70,0.0,0.0,trending,,960.3588135817267,0.0,0.0,,,960.3588135817267,0.0,,trending,0.0,{},,34.0,,,,,,,768.8838966029139,0.0,0.0,0.0,768.8838966029139,0.0,0.0,0.0,-6.502350807898552e-05,0.0,1.0,0.0,,
2024-01-06 18:00:00,2248.67,2254.77,2245.0,2246.91,5357.8165,0.0001,70,0.0,0.0,trending,,960.3588135817267,0.0,0.0,,,960.3588135817267,0.0,,trending,0.0,{},,35.0,,,,,,,768.8838966029139,0.0,0.0,0.0,768.8838966029139,0.0,0.0,0.0,-4.600977445741414e-05,0.0,1.0,0.0,,
2024-01-06 19:00:00,2246.92,2247.66,2237.5,2244.63,4931.1215,0.0001,70,0.0,0.0,trending,,960.3588135817267,0.0,0.0,,,960.3588135817267,0.0,,trending,0.0,{},,36.0,,,,,,,768.8838966029139,0.0,0.0,0.0,768.8838966029139,0.0,0.0,0.0,-1.9887489805722824e-05,0.0,1.0,0.0,,
2024-01-06 20:00:00,2244.64,2247.5,2233.0,2241.76,6925.3863,0.0001,70,0.0,0.0,trending,,960.3588135817267,0.0,0.0,,,960.3588135817267,0.0,,trending,0.0,{},,37.0,,,,,,,768.8838966029139,0.0,0.0,0.0,768.8838966029139,0.0,0.0,0.0,1.4230440602769954e-05,0.0,1.0,0.0,,
2024-01-06 21:00:00,2241.77,2242.51,2235.47,2240.15,4274.5213,0.0001,70,0.0,0.0,trending,,960.3588135817267,0.0,0.0,,,960.3588135817267,0.0,,trending,0.0,{},,38.0,,,,,,,768.8838966029139,0.0,0.0,0.0,768.8838966029139,0.0,0.0,0.0,3.358306452319946e-05,0.0,1.0,0.0,,
2024-01-06 22:00:00,2240.15,2241.01,2231.0,2237.45,4496.8548,0.0001,70,0.0,0.0,trending,,960.3588135817267,0.0,0.0,,,960.3588135817267,0.0,,trending,0.0,{},,39.0,,,,,,,768.8838966029139,0.0,0.0,0.0,768.8838966029139,0.0,0.0,0.0,6.619788595258262e-05,0.0,1.0,0.0,,
2024-01-06 23:00:00,2237.45,2240.78,2230.62,2240.78,7178.3694,0.0001,70,0.0,0.0,trending,,960.3588135817267,0.0,0.0,,,960.3588135817267,0.0,,trending,0.0,{},,40.0,,,,,,,768.8838966029139,0.0,0.0,0.0,768.8838966029139,0.0,0.0,0.0,2.308928649147674e-05,0.0,1.0,0.0,,
2024-01-07 00:00:00,2240.77,2254.0,2238.52,2249.61,8349.6894,0.0001,71,19.123885705238024,0.0,trending,,960.3588135817267,0.0,1.9123885705238024,True,True,958.5222343630312,1.9141367552063548,,trending,19.123885705238024,{},,41.0,ETHUSDT,2024-01-07 00:00:00,ETHUSDT,2249.61,0.816398939680875,LONG,768.8838966029139,0.0,0.0,0.0,768.8838966029139,0.0,0.0,0.0,-0.00011564429659293354,19.123885705238024,1.0,19.123885705238024,True,True
2024-01-07 01:00:00,2249.61,2254.03,2241.2,2241.2,7214.8161,0.0001,71,0.0,0.0,trending,,951.6631851953975,1.9207253351235385,-1.9207253351235385,True,True,949.8353016050885,0.0,,trending,-19.123885705238024,{},,42.0,ETHUSDT,2024-01-07 01:00:00,ETHUSDT,2241.2,0.8155825407411941,CLOSE,768.8838966029139,0.0,0.0,0.0,768.8838966029139,0.0,0.0,0.0,2.45821408543489e-05,0.0,1.0,0.0,True,True
2024-01-07 02:00:00,2241.2,2248.78,2235.58,2240.2,6665.3952,0.0001,71,0.0,0.0,trending,,949.8353016050885,0.0,0.0,,,949.8353016050885,0.0,,trending,0.0,{},,43.0,,,,,,,768.8838966029139,0.0,0.0,0.0,768.8838966029139,0.0,0.0,0.0,4.4763054270999415e-05,0.0,1.0,0.0,,
2024-01-07 03:00:00,2240.19,2246.45,2240.19,2242.2,5402.7349,0.0001,71,0.0,0.0,trending,,949.8353016050885,0.0,0.0,,,949.8353016050885,0.0,,trending,0.0,{},,44.0,,,,,,,768.8838966029139,0.0,0.0,0.0,768.8838966029139,0.0,0.0,0.0,5.351644646050929e-06,0.0,1.0,0.0,,
2024-01-07 04:00:00,2242.19,2248.76,2242.19,2248.69,5703.6005,0.0001,71,20.0,0.0,trending,,949.8353016050885,0.0,2.0,True,True,947.9356310018784,2.002004008016032,,trending,20.0,{},,45.0,ETHUSDT,2024-01-07 04:00:00,ETHUSDT,2248.69,0.84478990132485,LONG,768.8838966029139,0.0,0.0,0.0,768.8838966029139,0.0,0.0,0.0,-0.00012373950142490628,20.57992861541613,1.0,20.57992861541613,True,True
2024-01-07 05:00:00,2248.68,2250.67,2241.2,2242.99,4707.6653,0.0001,71,0.0,0.0,trending,,943.1251438667639,2.0071148116259665,-2.0071148116259665,True,True,941.2321834212921,0.0,,trending,-20.0,{},,46.0,ETHUSDT,2024-01-07 05:00:00,ETHUSDT,2242.99,0.8439451114235251,CLOSE,768.8838966029139,0.0,0.0,0.0,768.8838966029139,0.0,0.0,0.0,-2.0450634526809155e-06,0.0,1.0,0.0,True,True
2024-01-07 06:00:00,2242.99,2250.9,2241.0,2249.59,5520.5631,0.0001,71,20.0,0.0,trending,,941.2321834212921,0.0,2.0,True,True,939.3497190544495,2.002004008016032,,trending,20.0,{},,47.0,ETHUSDT,2024-01-07 06:00:00,ETHUSDT,2249.59,0.836803313867231,LONG,768.8838966029139,0.0,0.0,0.0,768.8838966029139,0.0,0.0,0.0,-0.00016426060076758705,27.15675540480264,1.0,27.15675540480264,True,True
2024-01-07 07:00:00,2249.59,2251.44,2246.06,2249.15,5428.305,0.0001,71,20.0,0.0,trending,,938.9818937898058,2.0023965207916885,-0.0023965207916885056,False,,938.9818937898058,2.0023965207916885,,trending,0.0,{},,48.0,ETHUSDT,2024-01-07 07:00:00,,,,,768.8838966029139,0.0,0.0,0.0,768.8838966029139,0.0,0.0,0.0,-0.00015461296866663794,25.257053784719595,1.0,25.257053784719595,True,False
2024-01-07 08:00:00,2249.15,2253.0,2238.73,2239.76,7777.477,0.0001,71,-16.62100285100054,0.0,trending,,931.13216825571,2.010847026351267,-3.672947311451321,True,True,927.7121688617092,-1.6682275971679612,,trending,-36.62100285100054,{},,49.0,ETHUSDT,2024-01-07 08:00:00,ETHUSDT,2239.76,0.6909825348803652,SHORT,768.8838966029139,0.0,0.0,0.0,768.8838966029139,0.0,0.0,0.0,0.00010227164383916361,-16.62100285100054,1.0,-16.62100285100054,True,True
2024-01-07 09:00:00,2239.76,2242.2,2230.26,2233.54,8730.3643,0.0001,71,-20.0,0.0,trending,,932.0100802286654,-1.6559232176738243,-0.34407678232617567,True,True,931.6893971991647,-2.000688390423815,,trending,-3.37899714899946,{},,50.0,ETHUSDT,2024-01-07 09:00:00,ETHUSDT,2233.54,0.143576130044969,SHORT,768.8838966029139,0.0,0.0,0.0,768.8838966029139,0.0,0.0,0.0,0.0002457505513300298,-39.04655985496443,1.0,-39.04655985496443,True,True
2024-01-07 10:00:00,2233.55,2239.81,2232.86,2237.4,5826.0259,0.0001,71,-20.0,0.0,trending,,928.4680007525528,-2.011099526737038,0.011099526737038179,False,,928.4680007525528,-2.011099526737038,,trending,0.0,{},,51.0,ETHUSDT,2024-01-07 10:00:00,,,,,768.8838966029139,0.0,0.0,0.0,768.8838966029139,0.0,0.0,0.0,0.00013694369185750913,-21.566453813554336,1.0,-21.566453813554336,True,False
2024-01-07 11:00:00,2237.39,2243.03,2234.41,2237.04,6774.5061,0.0001,71,-20.0,0.0,trending,,928.7684418719259,-2.0101254861995135,0.010125486199513478,False,,928.7684418719259,-2.0101254861995135,,trending,0.0,{},,52.0,ETHUSDT,2024-01-07 11:00:00,,,,,768.8838966029139,0.0,0.0,0.0,768.8838966029139,0.0,0.0,0.0,0.00014423013275673713,-22.498877457606618,1.0,-22.498877457606618,True,False
2024-01-07 12:00:00,2237.05,2241.94,2231.6,2237.84,7508.7333,0.0001,71,-19.937926120475854,0.0,trending,,928.1007949399855,-2.0122908771318064,0.018498265084220922,False,,928.1007949399855,-2.0122908771318064,,trending,0.06207387952414578,{},,53.0,ETHUSDT,2024-01-07 12:00:00,,,,,768.8838966029139,0.0,0.0,0.0,768.8838966029139,0.0,0.0,0.0,0.0001287752562119568,-19.937926120475854,1.0,-19.937926120475854,True,False
2024-01-07 13:00:00,2237.85,2258.01,2237.6,2252.09,16850.788,0.0001,71,20.0,0.0,trending,,916.2083339647995,-2.051390665219496,4.051390665219496,False,,916.2083339647995,-2.051390665219496,,trending,39.93792612047585,{},,54.0,ETHUSDT,2024-01-07 13:00:00,,,,,768.8838966029139,0.0,0.0,0.0,768.8838966029139,0.0,0.0,0.0,-0.0002605744668377177,39.4571616204565,1.0,39.4571616204565,False,
2024-01-07 14:00:00,2252.1,2255.0,2243.46,2249.44,7833.5215,0.0001,71,20.0,0.0,trending,,918.4199144268518,-2.0440428324130835,4.0440428324130835,False,,918.4199144268518,-2.0440428324130835,,trending,0.0,{},,55.0,ETHUSDT,2024-01-07 14:00:00,,,,,768.8838966029139,0.0,0.0,0.0,768.8838966029139,0.0,0.0,0.0,-0.0001768023783838937,26.44593612023753,1.0,26.44593612023753,False,
2024-01-07 15:00:00,2249.44,2249.9,2222.46,2230.83,17307.3952,0.0001,71,-20.0,0.0,trending,,933.9510511811122,-1.9934219294693534,-0.006578070530646629,False,,933.9510511811122,-1.9934219294693534,,trending,-40.0,{},,56.0,ETHUSDT,2024-01-07 15:00:00,,,,,768.8838966029139,0.0,0.0,0.0,768.8838966029139,0.0,0.0,0.0,0.00023251468606425553,-34.16144986581376,1.0,-34.16144986581376,True,False
2024-01-07 16:00:00,2230.83,2235.7,2221.8,2226.51,10099.5469,0.0001,71,-20.0,0.0,trending,,937.5563446135895,-1.9819109792369196,-0.018089020763080388,False,,937.5563446135895,-1.9819109792369196,,trending,0.0,{},,57.0,ETHUSDT,2024-01-07 16:00:00,,,,,768.8838966029139,0.0,0.0,0.0,768.8838966029139,0.0,0.0,0.0,0.00026456217639684844,-38.073416466674644,1.0,-38.073416466674644,True,False
2024-01-07 17:00:00,2226.52,2243.0,2221.0,2239.23,9388.3383,0.0001,71,0.0,0.0,trending,,926.9407583957395,-2.016060662274731,2.016060662274731,True,True,925.07011895704,0.0,,trending,20.0,{},,58.0,ETHUSDT,2024-01-07 17:00:00,ETHUSDT,2239.23,-0.8345586649253343,CLOSE,768.8838966029139,0.0,0.0,0.0,768.8838966029139,0.0,0.0,0.0,2.779026493763866e-05,0.0,1.0,0.0,True,True
2024-01-07 18:00:00,2239.23,2249.07,2236.71,2245.18,6053.6989,0.0001,71,0.0,0.0,trending,,925.07011895704,0.0,0.0,,,925.07011895704,0.0,,trending,0.0,{},,59.0,,,,,,,768.8838966029139,0.0,0.0,0.0,768.8838966029139,0.0,0.0,0.0,-6.934719667927017e-05,0.0,1.0,0.0,,
2024-01-07 19:00:00,2245.18,2249.98,2241.73,2248.6,5084.4011,0.0001,71,17.322673848515812,0.0,trending,,925.07011895704,0.0,1.7322673848515813,True,True,923.4676501612698,1.7335380689239253,,trending,17.322673848515812,{},,60.0,ETHUSDT,2024-01-07 19:00:00,ETHUSDT,2248.6,0.712651781450704,LONG,768.8838966029139,0.0,0.0,0.0,768.8838966029139,0.0,0.0,0.0,-0.00012048323157339698,17.322673848515812,1.0,17.322673848515812,True,True
2024-01-07 20:00:00,2248.6,2251.27,2239.04,2239.05,8492.141,0.0001,71,0.0,0.0,trending,,916.6686314729288,1.7389787907594805,-1.7389787907594805,True,True,915.0745641646429,0.0,,trending,-17.322673848515812,{},,61.0,ETHUSDT,2024-01-07 20:00:00,ETHUSDT,2239.05,0.7119391296692532,CLOSE,768.8838966029139,0.0,0.0,0.0,768.8838966029139,0.0,0.0,0.0,4.119003183143797e-05,0.0,1.0,0.0,True,True
2024-01-07 21:00:00,2239.05,2244.37,2234.48,2239.76,4930.1153,0.0001,71,0.0,0.0,trending,,915.0745641646429,0.0,0.0,,,915.0745641646429,0.0,,trending,0.0,{},,62.0,,,,,,,768.8838966029139,0.0,0.0,0.0,768.8838966029139,0.0,0.0,0.0,2.90027245301641e-05,0.0,1.0,0.0,,
2024-01-07 22:00:00,2239.76,2239.76,2208.17,2216.39,19412.1331,0.0001,71,-20.0,0.0,trending,,915.0745641646429,0.0,-2.0,True,True,913.2444150363135,-2.0040080160320644,,trending,-20.0,{},,63.0,ETHUSDT,2024-01-07 22:00:00,ETHUSDT,2216.39,0.8257342472801654,SHORT,768.8838966029139,0.0,0.0,0.0,768.8838966029139,0.0,0.0,0.0,0.00027239176777034744,-38.64678824426692,1.0,-38.64678824426692,True,True
2024-01-07 23:00:00,2216.4,2224.9,2203.46,2221.42,16076.7373,0.0001,71,-20.0,0.0,trending,,909.0909717724942,-2.017732689630264,0.017732689630264087,False,,909.0909717724942,-2.017732689630264,,trending,0.0,{},,64.0,ETHUSDT,2024-01-07 23:00:00,,,,,768.8838966029139,0.0,0.0,0.0,768.8838966029139,0.0,0.0,0.0,0.00018231104116716071,-25.586216830469795,1.0,-25.586216830469795,True,False
2024-01-08 00:00:00,2221.42,2224.41,2188.88,2194.6,23597.2688,0.0001,71,-20.0,0.0,trending,,931.2371642845483,-1.9459665578030234,-0.05403344219697659,False,,931.2371642845483,-1.9459665578030234,,trending,0.0,{},,65.0,ETHUSDT,2024-01-08 00:00:00,,,,,768.8838966029139,0.0,0.0,0.0,768.8838966029139,0.0,0.0,0.0,0.00026424560615471505,-36.409765127791815,1.0,-36.409765127791815,True,False
2024-01-08 01:00:00,2194.6,2209.78,2192.9,2203.97,12644.1219,0.0001,71,-20.0,0.0,trending,,923.5000343875333,-1.9706480143068128,-0.0293519856931872,False,,923.5000343875333,-1.9706480143068128,,trending,0.0,{},,66.0,ETHUSDT,2024-01-08 01:00:00,,,,,768.8838966029139,0.0,0.0,0.0,768.8838966029139,0.0,0.0,0.0,0.00016461288572439562,-22.487613279105844,1.0,-22.487613279105844,True,False
2024-01-08 02:00:00,2203.98,2208.0,2171.54,2183.78,25726.363,0.0001,71,-20.0,0.0,trending,,940.1716088401195,-1.9179710571669966,-0.08202894283300344,False,,940.1716088401195,-1.9179710571669966,,trending,0.0,{},,67.0,ETHUSDT,2024-01-08 02:00:00,,,,,768.8838966029139,0.0,0.0,0.0,768.8838966029139,0.0,0.0,0.0,0.00019226964999983785,-25.980245092169074,1.0,-25.980245092169074,True,False
2024-01-08 03:00:00,2183.79,2196.45,2166.38,2190.87,28249.0491,0.0001,71,-18.57629664524707,0.0,trending,,934.3171530269033,-1.9362551404283213,0.07862547590361424,False,,934.3171530269033,-1.9362551404283213,,trending,1.4237033547529307,{},,68.0,ETHUSDT,2024-01-08 03:00:00,,,,,768.8838966029139,0.0,0.0,0.0,768.8838966029139,0.0,0.0,0.0,0.0001382772064677948,-18.57629664524707,1.0,-18.57629664524707,True,False
2024-01-08 04:00:00,2190.88,2198.4,2188.0,2196.47,11224.9662,0.0001,71,0.0,0.0,trending,,929.6930412421345,-1.9508595005726135,1.9508595005726135,True,True,927.877525223993,0.0,,trending,18.57629664524707,{},,69.0,ETHUSDT,2024-01-08 04:00:00,ETHUSDT,2196.47,-0.8257342472801654,CLOSE,768.8838966029139,0.0,0.0,0.0,768.8838966029139,0.0,0.0,0.0,0.00010639021217024516,0.0,1.0,0.0,True,True
2024-01-08 05:00:00,2196.48,2197.92,2188.89,2196.59,11097.3588,0.0001,71,0.0,0.0,trending,,927.877525223993,0.0,0.0,,,927.877525223993,0.0,,trending,0.0,{},,70.0,,,,,,,768.8838966029139,0.0,0.0,0.0,768.8838966029139,0.0,0.0,0.0,0.00010177219426928642,0.0,1.0,0.0,,
2024-01-08 06:00:00,2196.59,2223.99,2194.67,2213.22,24182.3678,0.0001,71,0.0,0.0,trending,,927.877525223993,0.0,0.0,,,927.877525223993,0.0,,trending,0.0,{},,71.0,,,,,,,768.8838966029139,0.0,0.0,0.0,768.8838966029139,0.0,0.0,0.0,3.191162471952474e-05,0.0,1.0,0.0,,
2024-01-08 07:00:00,2213.22,2230.0,2212.37,2224.08,16001.7468,0.0001,71,0.0,0.0,trending,,927.877525223993,0.0,0.0,,,927.877525223993,0.0,,trending,0.0,{},,72.0,,,,,,,768.8838966029139,0.0,0.0,0.0,768.8838966029139,0.0,0.0,0.0,-7.65594838375842e-06,0.0,1.0,0.0,,
2024-01-08 08:00:00,2224.07,2234.0,2220.79,2221.88,13324.1107,0.0001,71,0.0,0.0,trending,,927.877525223993,0.0,0.0,,,927.877525223993,0.0,,trending,0.0,{},,73.0,,,,,,,768.8838966029139,0.0,0.0,0.0,768.8838966029139,0.0,0.0,0.0,5.223018873469953e-07,0.0,1.0,0.0,,
2024-01-08 09:00:00,2221.88,2225.19,2204.47,2211.06,12675.8747,0.0001,71,0.0,0.0,trending,,927.877525223993,0.0,0.0,,,927.877525223993,0.0,,trending,0.0,{},,74.0,,,,,,,768.8838966029139,0.0,0.0,0.0,768.8838966029139,0.0,0.0,0.0,3.978706584203301e-05,0.0,1.0,0.0,,
2024-01-08 10:00:00,2211.06,2229.46,2208.08,2226.47,11709.8671,0.0001,71,0.0,0.0,trending,,927.877525223993,0.0,0.0,,,927.877525223993,0.0,,trending,0.0,{},,75.0,,,,,,,768.8838966029139,0.0,0.0,0.0,768.8838966029139,0.0,0.0,0.0,-1.810610628757857e-05,0.0,1.0,0.0,,
2024-01-08 11:00:00,2226.46,2242.0,2220.33,2240.61,18520.1762,0.0001,71,0.0,0.0,trending,,927.877525223993,0.0,0.0,,,927.877525223993,0.0,,trending,0.0,{},,76.0,,,,,,,768.8838966029139,0.0,0.0,0.0,768.8838966029139,0.0,0.0,0.0,-6.244288636866615e-05,0.0,1.0,0.0,,
2024-01-08 12:00:00,2240.61,2269.64,2239.81,2265.19,45465.9318,0.0001,71,15.625244059427148,0.0,trending,,927.877525223993,0.0,1.5625244059427148,True,True,926.4276939451049,1.5634047395987616,,trending,15.625244059427148,{},,77.0,ETHUSDT,2024-01-08 12:00:00,ETHUSDT,2265.19,0.6400484192885436,LONG,768.8838966029139,0.0,0.0,0.0,768.8838966029139,0.0,0.0,0.0,-0.00011446213015354563,15.625244059427148,1.0,15.625244059427148,True,True
2024-01-08 13:00:00,2265.2,2275.0,2259.31,2265.47,24139.81,0.0001,71,15.03930078018195,0.0,trending,,926.606728288948,1.5632958813368987,-0.05936580331870367,False,,926.606728288948,1.5632958813368987,,trending,-0.585943279245198,{},,78.0,ETHUSDT,2024-01-08 13:00:00,,,,,768.8838966029139,0.0,0.0,0.0,768.8838966029139,0.0,0.0,0.0,-0.0001105223283075674,15.03930078018195,1.0,15.03930078018195,True,False
2024-01-08 14:00:00,2265.48,2272.71,2256.07,2261.18,18441.7611,0.0001,71,0.0,0.0,trending,,923.8636663779189,1.564968374295511,-1.564968374295511,True,True,922.4178489578767,0.0,,trending,-15.03930078018195,{},,79.0,ETHUSDT,2024-01-08 14:00:00,ETHUSDT,2261.18,0.6394083708692551,CLOSE,768.8838966029139,0.0,0.0,0.0,768.8838966029139,0.0,0.0,0.0,-9.191356926578952e-05,0.0,1.0,0.0,True,True
2024-01-08 15:00:00,2261.18,2283.02,2256.03,2269.59,25079.0589,0.0001,71,0.0,0.0,trending,,922.4178489578767,0.0,0.0,,,922.4178489578767,0.0,,trending,0.0,{},,80.0,,,,,,,768.8838966029139,0.0,0.0,0.0,768.8838966029139,0.0,0.0,0.0,-0.00010236573436090925,0.0,1.0,0.0,,
2024-01-08 16:00:00,2269.59,2285.0,2259.39,2263.63,19796.1459,0.0001,71,0.0,0.0,trending,,922.4178489578767,0.0,0.0,,,922.4178489578767,0.0,,trending,0.0,{},,81.0,,,,,,,768.8838966029139,0.0,0.0,0.0,768.8838966029139,0.0,0.0,0.0,-7.811680625449812e-05,0.0,1.0,0.0,,
2024-01-08 17:00:00,2263.63,2307.69,2261.24,2306.82,33148.9935,0.0001,71,16.618510699438048,0.0,trending,,922.4178489578767,0.0,1.6618510699438047,True,True,920.8849278686507,1.6629527987617492,,trending,16.618510699438048,{},,82.0,ETHUSDT,2024-01-08 17:00:00,ETHUSDT,2306.82,0.6645169927544889,LONG,768.8838966029139,0.0,0.0,0.0,768.8838966029139,0.0,0.0,0.0,-0.00012316367671281442,16.618510699438048,1.0,16.618510699438048,True,True
2024-01-08 18:00:00,2306.82,2340.32,2305.3,2335.99,62013.4583,0.0001,71,16.2439618770967,0.0,trending,,940.2495045866203,1.64929918844939,-0.02490300073971974,False,,940.2495045866203,1.64929918844939,,trending,-0.374548822341346,{},,83.0,ETHUSDT,2024-01-08 18:00:00,,,,,768.8838966029139,0.0,0.0,0.0,768.8838966029139,0.0,0.0,0.0,-0.0001208507447105631,16.2439618770967,1.0,16.2439618770967,True,False
2024-01-08 19:00:00,2335.98,2358.2,2323.29,2354.56,44381.3307,0.0001,71,0.0,0.0,trending,,952.5772450615159,1.6408963088642834,-1.6408963088642834,True,True,951.0141645761864,0.0,,trending,-16.2439618770967,{},,84.0,ETHUSDT,2024-01-08 19:00:00,ETHUSDT,2354.56,0.6638524757617345,CLOSE,768.8838966029139,0.0,0.0,0.0,768.8838966029139,0.0,0.0,0.0,-0.00010944626218377932,0.0,1.0,0.0,True,True
2024-01-08 20:00:00,2354.57,2357.79,2334.23,2336.4,21333.6107,0.0001,71,0.0,0.0,trending,,951.0141645761864,0.0,0.0,,,951.0141645761864,0.0,,trending,0.0,{},,85.0,,,,,,,768.8838966029139,0.0,0.0,0.0,768.8838966029139,0.0,0.0,0.0,-7.448739578881723e-05,0.0,1.0,0.0,,
2024-01-08 21:00:00,2336.39,2347.39,2332.71,2337.08,13486.7019,0.0001,71,0.0,0.0,trending,,951.0141645761864,0.0,0.0,,,951.0141645761864,0.0,,trending,0.0,{},,86.0,,,,,,,768.8838966029139,0.0,0.0,0.0,768.8838966029139,0.0,0.0,0.0,-6.972131111083576e-05,0.0,1.0,0.0,,
2024-01-08 22:00:00,2337.08,2342.57,2332.9,2337.63,8332.9606,0.0001,71,0.0,0.0,trending,,951.0141645761864,0.0,0.0,,,951.0141645761864,0.0,,trending,0.0,{},,87.0,,,,,,,768.8838966029139,0.0,0.0,0.0,768.8838966029139,0.0,0.0,0.0,-6.664292783573029e-05,0.0,1.0,0.0,,
2024-01-08 23:00:00,2337.63,2337.63,2325.36,2330.44,14834.5202,0.0001,71,0.0,0.0,trending,,951.0141645761864,0.0,0.0,,,951.0141645761864,0.0,,trending,0.0,{},,88.0,,,,,,,768.8838966029139,0.0,0.0,0.0,768.8838966029139,0.0,0.0,0.0,-5.509675512914582e-05,0.0,1.0,0.0,,
2024-01-09 00:00:00,2330.43,2336.7,2289.98,2306.9,33340.2527,0.0001,76,0.0,0.0,trending,,951.0141645761864,0.0,0.0,,,951.0141645761864,0.0,,trending,0.0,{},,89.0,,,,,,,768.8838966029139,0.0,0.0,0.0,768.8838966029139,0.0,0.0,0.0,-2.767953630805935e-05,0.0,1.0,0.0,,
2024-01-09 01:00:00,2306.89,2315.18,2296.56,2309.36,19092.9739,0.0001,76,0.0,0.0,trending,,951.0141645761864,0.0,0.0,,,951.0141645761864,0.0,,trending,0.0,{},,90.0,,,,,,,768.8838966029139,0.0,0.0,0.0,768.8838966029139,0.0,0.0,0.0,-2.9874462259292736e-05,0.0,1.0,0.0,,
2024-01-09 02:00:00,2309.35,2316.6,2306.0,2312.1,9560.0333,0.0001,76,0.0,0.0,trending,,951.0141645761864,0.0,0.0,,,951.0141645761864,0.0,,trending,0.0,{},,91.0,,,,,,,768.8838966029139,0.0,0.0,0.0,768.8838966029139,0.0,0.0,0.0,-3.3353358970674635e-05,0.0,1.0,0.0,,
2024-01-09 03:00:00,2312.09,2314.69,2307.02,2309.13,9382.4544,0.0001,76,0.0,0.0,trending,,951.0141645761864,0.0,0.0,,,951.0141645761864,0.0,,trending,0.0,{},,92.0,,,,,,,768.8838966029139,0.0,0.0,0.0,768.8838966029139,0.0,0.0,0.0,-3.07706098154617e-05,0.0,1.0,0.0,,
2024-01-09 04:00:00,2309.12,2318.0,2300.4,2315.2,8726.1326,0.0001,76,0.0,0.0,trending,,951.0141645761864,0.0,0.0,,,951.0141645761864,0.0,,trending,0.0,{},,93.0,,,,,,,768.8838966029139,0.0,0.0,0.0,768.8838966029139,0.0,0.0,0.0,-3.840340742407657e-05,0.0,1.0,0.0,,
2024-01-09 05:00:00,2315.2,2319.01,2301.4,2308.77,9108.7656,0.0001,76,0.0,0.0,trending,,951.0141645761864,0.0,0.0,,,951.0141645761864,0.0,,trending,0.0,{},,94.0,,,,,,,768.8838966029139,0.0,0.0,0.0,768.8838966029139,0.0,0.0,0.0,-3.0426313866224436e-05,0.0,1.0,0.0,,
2024-01-09 06:00:00,2308.77,2309.08,2297.26,2302.0,8630.946,0.0001,76,0.0,0.0,trending,,951.0141645761864,0.0,0.0,,,951.0141645761864,0.0,,trending,0.0,{},,95.0,,,,,,,768.8838966029139,0.0,0.0,0.0,768.8838966029139,0.0,0.0,0.0,-2.0596028595706228e-05,0.0,1.0,0.0,,
2024-01-09 07:00:00,2302.0,2310.64,2298.58,2306.05,8529.9324,0.0001,76,0.0,0.0,trending,,951.0141645761864,0.0,0.0,,,951.0141645761864,0.0,,trending,0.0,{},,96.0,,,,,,,768.8838966029139,0.0,0.0,0.0,768.8838966029139,0.0,0.0,0.0,-2.7697504342305612e-05,0.0,1.0,0.0,,
2024-01-09 08:00:00,2306.05,2311.3,2290.26,2291.28,11885.1589,0.0001,76,0.0,0.0,trending,,951.0141645761864,0.0,0.0,,,951.0141645761864,0.0,,trending,0.0,{},,97.0,,,,,,,768.8838966029139,0.0,0.0,0.0,768.8838966029139,0.0,0.0,0.0,-1.3985438148462617e-06,0.0,1.0,0.0,,
2024-01-09 09:00:00,2291.28,2297.22,2285.4,2291.37,14051.9445,0.0001,76,0.0,0.0,trending,,951.0141645761864,0.0,0.0,,,951.0141645761864,0.0,,trending,0.0,{},,98.0,,,,,,,768.8838966029139,0.0,0.0,0.0,768.8838966029139,0.0,0.0,0.0,-1.779135475838216e-06,0.0,1.0,0.0,,
2024-01-09 10:00:00,2291.37,2301.73,2289.0,2292.4,9995.6604,0.0001,76,0.0,0.0,trending,,951.0141645761864,0.0,0.0,,,951.0141645761864,0.0,,trending,0.0,{},,99.0,,,,,,,768.8838966029139,0.0,0.0,0.0,768.8838966029139,0.0,0.0,0.0,-4.595114174271568e-06,0.0,1.0,0.0,,
2024-01-09 11:00:00,2292.4,2303.09,2289.14,2298.76,9746.6547,0.0001,76,0.0,0.0,trending,,951.0141645761864,0.0,0.0,,,951.0141645761864,0.0,,trending,0.0,{},,100.0,,,,,,,768.8838966029139,0.0,0.0,0.0,768.8838966029139,0.0,0.0,0.0,-2.3044391322130842e-05,0.0,1.0,0.0,,
2024-01-09 12:00:00,2298.77,2304.21,2226.78,2264.2,28207.9071,0.0001,76,0.0,0.0,trending,,951.0141645761864,0.0,0.0,,,951.0141645761864,0.0,,trending,0.0,{},,101.0,,,,,,,768.8838966029139,0.0,0.0,0.0,768.8838966029139,0.0,0.0,0.0,6.396567024843194e-05,0.0,1.0,0.0,,
2024-01-09 13:00:00,2264.2,2283.38,2260.7,2275.25,36739.6077,0.0001,76,0.0,0.0,trending,,951.0141645761864,0.0,0.0,,,951.0141645761864,0.0,,trending,0.0,{},,102.0,,,,,,,768.8838966029139,0.0,0.0,0.0,768.8838966029139,0.0,0.0,0.0,3.363517426406126e-05,0.0,1.0,0.0,,
2024-01-09 14:00:00,2275.25,2283.02,2241.0,2247.4,24287.8317,0.0001,76,0.0,0.0,trending,,951.0141645761864,0.0,0.0,,,951.0141645761864,0.0,,trending,0.0,{},,103.0,,,,,,,768.8838966029139,0.0,0.0,0.0,768.8838966029139,0.0,0.0,0.0,8.424885302385438e-05,0.0,1.0,0.0,,
2024-01-09 15:00:00,2247.39,2268.64,2241.58,2257.18,21766.7984,0.0001,76,0.0,0.0,trending,,951.0141645761864,0.0,0.0,,,951.0141645761864,0.0,,trending,0.0,{},,104.0,,,,,,,768.8838966029139,0.0,0.0,0.0,768.8838966029139,0.0,0.0,0.0,5.67807207050114e-05,0.0,1.0,0.0,,
2024-01-09 16:00:00,2257.18,2265.89,2243.41,2264.43,21806.2349,0.0001,76,0.0,0.0,trending,,951.0141645761864,0.0,0.0,,,951.0141645761864,0.0,,trending,0.0,{},,105.0,,,,,,,768.8838966029139,0.0,0.0,0.0,768.8838966029139,0.0,0.0,0.0,3.9099696174264307e-05,0.0,1.0,0.0,,
2024-01-09 17:00:00,2264.43,2270.57,2256.07,2264.0,11924.7723,0.0001,76,0.0,0.0,trending,,951.0141645761864,0.0,0.0,,,951.0141645761864,0.0,,trending,0.0,{},,106.0,,,,,,,768.8838966029139,0.0,0.0,0.0,768.8838966029139,0.0,0.0,0.0,3.835319017647567e-05,0.0,1.0,0.0,,
2024-01-09 18:00:00,2264.0,2278.03,2258.69,2275.94,10444.9729,0.0001,76,0.0,0.0,trending,,951.0141645761864,0.0,0.0,,,951.0141645761864,0.0,,trending,0.0,{},,107.0,,,,,,,768.8838966029139,0.0,0.0,0.0,768.8838966029139,0.0,0.0,0.0,1.0239905712573147e-05,0.0,1.0,0.0,,
2024-01-09 19:00:00,2275.93,2277.78,2258.22,2270.91,10069.4162,0.0001,76,0.0,0.0,trending,,951.0141645761864,0.0,0.0,,,951.0141645761864,0.0,,trending,0.0,{},,108.0,,,,,,,768.8838966029139,0.0,0.0,0.0,768.8838966029139,0.0,0.0,0.0,2.259562470884707e-05,0.0,1.0,0.0,,
2024-01-09 20:00:00,2270.91,2273.91,2247.72,2250.61,17897.9833,0.0001,76,0.0,0.0,trending,,951.0141645761864,0.0,0.0,,,951.0141645761864,0.0,,trending,0.0,{},,109.0,,,,,,,768.8838966029139,0.0,0.0,0.0,768.8838966029139,0.0,0.0,0.0,6.483950869684331e-05,0.0,1.0,0.0,,
2024-01-09 21:00:00,2250.6,2371.0,2247.74,2317.66,131930.6011,0.0001,76,0.0,0.0,trending,,951.0141645761864,0.0,0.0,,,951.0141645761864,0.0,,trending,0.0,{},,110.0,,,,,,,768.8838966029139,0.0,0.0,0.0,768.8838966029139,0.0,0.0,0.0,-6.578295302454174e-05,0.0,1.0,0.0,,
2024-01-09 22:00:00,2317.65,2371.72,2314.61,2340.9,59998.629,0.0001,76,0.0,0.0,trending,,951.0141645761864,0.0,0.0,,,951.0141645761864,0.0,,trending,0.0,{},,111.0,,,,,,,768.8838966029139,0.0,0.0,0.0,768.8838966029139,0.0,0.0,0.0,-9.34689520701678e-05,0.0,1.0,0.0,,
2024-01-09 23:00:00,2340.91,2346.75,2316.22,2344.29,24329.3291,0.0001,76,0.0,0.0,trending,,951.0141645761864,0.0,0.0,,,951.0141645761864,0.0,,trending,0.0,{},,112.0,,,,,,,768.8838966029139,0.0,0.0,0.0,768.8838966029139,0.0,0.0,0.0,-9.352221730113386e-05,0.0,1.0,0.0,,
2024-01-10 00:00:00,2344.3,2400.0,2339.59,2398.63,58178.8641,0.0001,73,15.586802568491503,0.0,trending,,951.0141645761864,0.0,1.5586802568491502,True,True,949.5318375738775,1.5595524201591244,,trending,15.586802568491503,{},,113.0,ETHUSDT,2024-01-10 00:00:00,ETHUSDT,2398.63,0.6179890196940713,LONG,768.8838966029139,0.0,0.0,0.0,768.8838966029139,0.0,0.0,0.0,-0.00010944630556994924,15.586802568491503,1.0,15.586802568491503,True,True
2024-01-10 01:00:00,2398.64,2400.53,2365.51,2376.77,33219.1768,0.0001,73,0.0,0.0,trending,,936.0361068433356,1.567620024321914,-1.567620024321914,True,True,934.5687578987597,0.0,,trending,-15.586802568491503,{},,114.0,ETHUSDT,2024-01-10 01:00:00,ETHUSDT,2376.77,0.6173710306743772,CLOSE,768.8838966029139,0.0,0.0,0.0,768.8838966029139,0.0,0.0,0.0,-7.139707767325294e-05,0.0,1.0,0.0,True,True
2024-01-10 02:00:00,2376.77,2377.2,2345.0,2347.33,21371.2369,0.0001,73,0.0,0.0,trending,,934.5687578987597,0.0,0.0,,,934.5687578987597,0.0,,trending,0.0,{},,115.0,,,,,,,768.8838966029139,0.0,0.0,0.0,768.8838966029139,0.0,0.0,0.0,-3.747369290527059e-05,0.0,1.0,0.0,,
2024-01-10 03:00:00,2347.34,2368.96,2343.78,2361.51,18411.842,0.0001,73,0.0,0.0,trending,,934.5687578987597,0.0,0.0,,,934.5687578987597,0.0,,trending,0.0,{},,116.0,,,,,,,768.8838966029139,0.0,0.0,0.0,768.8838966029139,0.0,0.0,0.0,-4.498980912440919e-05,0.0,1.0,0.0,,
2024-01-10 04:00:00,2361.5,2388.68,2358.0,2380.37,27527.9691,0.0001,73,0.0,0.0,trending,,934.5687578987597,0.0,0.0,,,934.5687578987597,0.0,,trending,0.0,{},,117.0,,,,,,,768.8838966029139,0.0,0.0,0.0,768.8838966029139,0.0,0.0,0.0,-5.26787168599046e-05,0.0,1.0,0.0,,
2024-01-10 05:00:00,2380.38,2393.22,2371.64,2386.8,17652.8036,0.0001,73,0.0,0.0,trending,,934.5687578987597,0.0,0.0,,,934.5687578987597,0.0,,trending,0.0,{},,118.0,,,,,,,768.8838966029139,0.0,0.0,0.0,768.8838966029139,0.0,0.0,0.0,-5.25424216737457e-05,0.0,1.0,0.0,,
2024-01-10 06:00:00,2386.8,2388.54,2372.28,2380.51,14380.2814,0.0001,73,0.0,0.0,trending,,934.5687578987597,0.0,0.0,,,934.5687578987597,0.0,,trending,0.0,{},,119.0,,,,,,,768.8838966029139,0.0,0.0,0.0,768.8838966029139,0.0,0.0,0.0,-4.436186195311888e-05,0.0,1.0,0.0,,
2024-01-10 07:00:00,2380.51,2385.56,2366.1,2368.75,14626.4226,0.0001,73,0.0,0.0,trending,,934.5687578987597,0.0,0.0,,,934.5687578987597,0.0,,trending,0.0,{},,120.0,,,,,,,768.8838966029139,0.0,0.0,0.0,768.8838966029139,0.0,0.0,0.0,-3.2562895126334957e-05,0.0,1.0,0.0,,
2024-01-10 08:00:00,2368.75,2383.44,2362.64,2364.81,19530.0744,0.0001,73,0.0,0.0,trending,,934.5687578987597,0.0,0.0,,,934.5687578987597,0.0,,trending,0.0,{},,121.0,,,,,,,768.8838966029139,0.0,0.0,0.0,768.8838966029139,0.0,0.0,0.0,-2.8539092916305295e-05,0.0,1.0,0.0,,
2024-01-10 09:00:00,2364.81,2431.0,2364.71,2425.62,69497.8834,0.0001,73,0.0,0.0,trending,,934.5687578987597,0.0,0.0,,,934.5687578987597,0.0,,trending,0.0,{},,122.0,,,,,,,768.8838966029139,0.0,0.0,0.0,768.8838966029139,0.0,0.0,0.0,-5.434537230859252e-05,0.0,1.0,0.0,,
2024-01-10 10:00:00,2425.62,2427.17,2400.0,2400.58,23802.08,0.0001,73,0.0,0.0,trending,,934.5687578987597,0.0,0.0,,,934.5687578987597,0.0,,trending,0.0,{},,123.0,,,,,,,768.8838966029139,0.0,0.0,0.0,768.8838966029139,0.0,0.0,0.0,-3.46165559273184e-05,0.0,1.0,0.0,,
2024-01-10 11:00:00,2400.58,2409.06,2381.0,2402.21,22874.6757,0.0001,73,0.0,0.0,trending,,934.5687578987597,0.0,0.0,,,934.5687578987597,0.0,,trending,0.0,{},,124.0,,,,,,,768.8838966029139,0.0,0.0,0.0,768.8838966029139,0.0,0.0,0.0,-3.4354568993606175e-05,0.0,1.0,0.0,,
2024-01-10 12:00:00,2402.21,2417.9,2342.0,2359.61,61829.7759,0.0001,73,0.0,0.0,trending,,934.5687578987597,0.0,0.0,,,934.5687578987597,0.0,,trending,0.0,{},,125.0,,,,,,,768.8838966029139,0.0,0.0,0.0,768.8838966029139,0.0,0.0,0.0,-7.41910347891181e-06,0.0,1.0,0.0,,
2024-01-10 13:00:00,2359.61,2391.0,2350.33,2377.83,36869.1035,0.0001,73,0.0,0.0,trending,,934.5687578987597,0.0,0.0,,,934.5687578987597,0.0,,trending,0.0,{},,126.0,,,,,,,768.8838966029139,0.0,0.0,0.0,768.8838966029139,0.0,0.0,0.0,-1.692415972159929e-05,0.0,1.0,0.0,,
2024-01-10 14:00:00,2377.84,2395.75,2369.61,2386.3,24974.0313,0.0001,73,0.0,0.0,trending,,934.5687578987597,0.0,0.0,,,934.5687578987597,0.0,,trending,0.0,{},,127.0,,,,,,,768.8838966029139,0.0,0.0,0.0,768.8838966029139,0.0,0.0,0.0,-2.225612418470022e-05,0.0,1.0,0.0,,
2024-01-10 15:00:00,2386.31,2456.0,2382.96,2449.3,84828.7792,0.0001,73,0.0,0.0,trending,,934.5687578987597,0.0,0.0,,,934.5687578987597,0.0,,trending,0.0,{},,128.0,,,,,,,768.8838966029139,0.0,0.0,0.0,768.8838966029139,0.0,0.0,0.0,-4.813051603969211e-05,0.0,1.0,0.0,,
2024-01-10 16:00:00,2449.3,2457.6,2406.06,2407.15,37057.5708,0.0001,73,0.0,0.0,trending,,934.5687578987597,0.0,0.0,,,934.5687578987597,0.0,,trending,0.0,{},,129.0,,,,,,,768.8838966029139,0.0,0.0,0.0,768.8838966029139,0.0,0.0,0.0,-2.3919225288745856e-05,0.0,1.0,0.0,,
2024-01-10 17:00:00,2407.15,2444.81,2400.71,2436.69,34909.6364,0.0001,73,0.0,0.0,trending,,934.5687578987597,0.0,0.0,,,934.5687578987597,0.0,,trending,0.0,{},,130.0,,,,,,,768.8838966029139,0.0,0.0,0.0,768.8838966029139,0.0,0.0,0.0,-3.706858978187362e-05,0.0,1.0,0.0,,
2024-01-10 18:00:00,2436.69,2443.0,2415.0,2435.04,24033.1303,0.0001,73,0.0,0.0,trending,,934.5687578987597,0.0,0.0,,,934.5687578987597,0.0,,trending,0.0,{},,131.0,,,,,,,768.8838966029139,0.0,0.0,0.0,768.8838966029139,0.0,0.0,0.0,-3.7635031941686785e-05,0.0,1.0,0.0,,
2024-01-10 19:00:00,2435.05,2481.59,2425.67,2477.9,55178.4021,0.0001,73,0.0,0.0,trending,,934.5687578987597,0.0,0.0,,,934.5687578987597,0.0,,trending,0.0,{},,132.0,,,,,,,768.8838966029139,0.0,0.0,0.0,768.8838966029139,0.0,0.0,0.0,-5.500460403180024e-05,0.0,1.0,0.0,,
2024-01-10 20:00:00,2477.9,2488.56,2411.0,2484.63,76041.7101,0.0001,73,0.0,0.0,trending,,934.5687578987597,0.0,0.0,,,934.5687578987597,0.0,,trending,0.0,{},,133.0,,,,,,,768.8838966029139,0.0,0.0,0.0,768.8838966029139,0.0,0.0,0.0,-6.345618549610686e-05,0.0,1.0,0.0,,
2024-01-10 21:00:00,2484.63,2534.64,2472.0,2528.14,109201.4141,0.0001,73,0.0,0.0,trending,,934.5687578987597,0.0,0.0,,,934.5687578987597,0.0,,trending,0.0,{},,134.0,,,,,,,768.8838966029139,0.0,0.0,0.0,768.8838966029139,0.0,0.0,0.0,-6.969092139421489e-05,0.0,1.0,0.0,,
2024-01-10 22:00:00,2528.13,2556.58,2510.17,2547.6,55072.0113,0.0001,73,0.0,0.0,trending,,934.5687578987597,0.0,0.0,,,934.5687578987597,0.0,,trending,0.0,{},,135.0,,,,,,,768.8838966029139,0.0,0.0,0.0,768.8838966029139,0.0,0.0,0.0,-6.53566324157167e-05,0.0,1.0,0.0,,
2024-01-10 23:00:00,2547.59,2643.1,2542.83,2584.38,97319.791,0.0001,73,0.0,0.0,trending,,934.5687578987597,0.0,0.0,,,934.5687578987597,0.0,,trending,0.0,{},,136.0,,,,,,,768.8838966029139,0.0,0.0,0.0,768.8838966029139,0.0,0.0,0.0,-6.258110019890522e-05,0.0,1.0,0.0,,
2024-01-11 00:00:00,2584.37,2608.0,2568.91,2606.43,40621.2162,0.0001,76,0.0,0.0,trending,,934.5687578987597,0.0,0.0,,,934.5687578987597,0.0,,trending,0.0,{},,137.0,,,,,,,768.8838966029139,0.0,0.0,0.0,768.8838966029139,0.0,0.0,0.0,-5.659622346847652e-05,0.0,1.0,0.0,,
2024-01-11 01:00:00,2606.42,2607.32,2566.01,2568.2,32942.3718,0.0001,76,0.0,0.0,trending,,934.5687578987597,0.0,0.0,,,934.5687578987597,0.0,,trending,0.0,{},,138.0,,,,,,,768.8838966029139,0.0,0.0,0.0,768.8838966029139,0.0,0.0,0.0,-3.76412720850359e-05,0.0,1.0,0.0,,
2024-01-11 02:00:00,2568.21,2586.21,2566.22,2580.41,21186.0545,0.0001,76,0.0,0.0,trending,,934.5687578987597,0.0,0.0,,,934.5687578987597,0.0,,trending,0.0,{},,139.0,,,,,,,768.8838966029139,0.0,0.0,0.0,768.8838966029139,0.0,0.0,0.0,-3.8240838765484456e-05,0.0,1.0,0.0,,
2024-01-11 03:00:00,2580.42,2614.76,2571.55,2613.01,29129.7906,0.0001,76,0.0,0.0,trending,,934.5687578987597,0.0,0.0,,,934.5687578987597,0.0,,trending,0.0,{},,140.0,,,,,,,768.8838966029139,0.0,0.0,0.0,768.8838966029139,0.0,0.0,0.0,-4.065878755024087e-05,0.0,1.0,0.0,,
2024-01-11 04:00:00,2613.0,2630.0,2605.0,2615.01,50501.5675,0.0001,76,0.0,0.0,trending,,934.5687578987597,0.0,0.0,,,934.5687578987597,0.0,,trending,0.0,{},,141.0,,,,,,,768.8838966029139,0.0,0.0,0.0,768.8838966029139,0.0,0.0,0.0,-3.900036744789502e-05,0.0,1.0,0.0,,
2024-01-11 05:00:00,2615.01,2615.8,2584.0,2596.72,29096.3041,0.0001,76,0.0,0.0,trending,,934.5687578987597,0.0,0.0,,,934.5687578987597,0.0,,trending,0.0,{},,142.0,,,,,,,768.8838966029139,0.0,0.0,0.0,768.8838966029139,0.0,0.0,0.0,-3.144624229152607e-05,0.0,1.0,0.0,,
2024-01-11 06:00:00,2596.72,2598.45,2573.01,2577.23,29061.6328,0.0001,76,0.0,0.0,trending,,934.5687578987597,0.0,0.0,,,934.5687578987597,0.0,,trending,0.0,{},,143.0,,,,,,,768.8838966029139,0.0,0.0,0.0,768.8838966029139,0.0,0.0,0.0,-2.460006916906633e-05,0.0,1.0,0.0,,
2024-01-11 07:00:00,2577.22,2591.8,2576.0,2589.15,16944.8038,0.0001,76,0.0,0.0,trending,,934.5687578987597,0.0,0.0,,,934.5687578987597,0.0,,trending,0.0,{},,144.0,,,,,,,768.8838966029139,0.0,0.0,0.0,768.8838966029139,0.0,0.0,0.0,-2.705155537665672e-05,0.0,1.0,0.0,,
2024-01-11 08:00:00,2589.15,2616.96,2586.66,2615.59,18711.183,0.0001,76,0.0,0.0,trending,,934.5687578987597,0.0,0.0,,,934.5687578987597,0.0,,trending,0.0,{},,145.0,,,,,,,768.8838966029139,0.0,0.0,0.0,768.8838966029139,0.0,0.0,0.0,-3.1911816266257596e-05,0.0,1.0,0.0,,
2024-01-11 09:00:00,2615.59,2620.0,2604.8,2608.68,16253.7555,0.0001,76,0.0,0.0,trending,,934.5687578987597,0.0,0.0,,,934.5687578987597,0.0,,trending,0.0,{},,146.0,,,,,,,768.8838966029139,0.0,0.0,0.0,768.8838966029139,0.0,0.0,0.0,-2.897834980765779e-05,0.0,1.0,0.0,,
2024-01-11 10:00:00,2608.68,2649.96,2607.55,2636.79,33088.3948,0.0001,76,0.0,0.0,trending,,934.5687578987597,0.0,0.0,,,934.5687578987597,0.0,,trending,0.0,{},,147.0,,,,,,,768.8838966029139,0.0,0.0,0.0,768.8838966029139,0.0,0.0,0.0,-3.356196514945182e-05,0.0,1.0,0.0,,
2024-01-11 11:00:00,2636.79,2665.74,2626.99,2657.9,39262.2822,0.0001,76,0.0,0.0,trending,,934.5687578987597,0.0,0.0,,,934.5687578987597,0.0,,trending,0.0,{},,148.0,,,,,,,768.8838966029139,0.0,0.0,0.0,768.8838966029139,0.0,0.0,0.0,-3.647209509787026e-05,0.0,1.0,0.0,,
2024-01-11 12:00:00,2657.89,2662.44,2636.1,2647.02,36689.2108,0.0001,76,0.0,0.0,trending,,934.5687578987597,0.0,0.0,,,934.5687578987597,0.0,,trending,0.0,{},,149.0,,,,,,,768.8838966029139,0.0,0.0,0.0,768.8838966029139,0.0,0.0,0.0,-3.392483809378202e-05,0.0,1.0,0.0,,
2024-01-11 13:00:00,2647.03,2656.6,2622.4,2635.98,35353.4103,0.0001,76,0.0,0.0,trending,,934.5687578987597,0.0,0.0,,,934.5687578987597,0.0,,trending,0.0,{},,150.0,,,,,,,768.8838966029139,0.0,0.0,0.0,768.8838966029139,0.0,0.0,0.0,-3.1303578117311295e-05,0.0,1.0,0.0,,
2024-01-11 14:00:00,2635.97,2686.6,2616.98,2681.86,86952.9265,0.0001,76,0.0,0.0,trending,,934.5687578987597,0.0,0.0,,,934.5687578987597,0.0,,trending,0.0,{},,151.0,,,,,,,768.8838966029139,0.0,0.0,0.0,768.8838966029139,0.0,0.0,0.0,-4.1799646601102756e-05,0.0,1.0,0.0,,
2024-01-11 15:00:00,2681.87,2689.39,2593.6,2613.19,107554.1163,0.0001,76,0.0,0.0,trending,,934.5687578987597,0.0,0.0,,,934.5687578987597,0.0,,trending,0.0,{},,152.0,,,,,,,768.8838966029139,0.0,0.0,0.0,768.8838966029139,0.0,0.0,0.0,-1.6361853567162072e-05,0.0,1.0,0.0,,
2024-01-11 16:00:00,2613.19,2625.13,2570.0,2588.0,63843.0918,0.0001,76,0.0,0.0,trending,,934.5687578987597,0.0,0.0,,,934.5687578987597,0.0,,trending,0.0,{},,153.0,,,,,,,768.8838966029139,0.0,0.0,0.0,768.8838966029139,0.0,0.0,0.0,-9.055269424699724e-06,0.0,1.0,0.0,,
2024-01-11 17:00:00,2588.01,2615.03,2574.23,2602.45,34495.983,0.0001,76,0.0,0.0,trending,,934.5687578987597,0.0,0.0,,,934.5687578987597,0.0,,trending,0.0,{},,154.0,,,,,,,768.8838966029139,0.0,0.0,0.0,768.8838966029139,0.0,0.0,0.0,-1.5293376164447167e-05,0.0,1.0,0.0,,
2024-01-11 18:00:00,2602.46,2618.2,2589.67,2613.45,24347.9203,0.0001,76,0.0,0.0,trending,,934.5687578987597,0.0,0.0,,,934.5687578987597,0.0,,trending,0.0,{},,155.0,,,,,,,768.8838966029139,0.0,0.0,0.0,768.8838966029139,0.0,0.0,0.0,-2.2938119001612166e-05,0.0,1.0,0.0,,
2024-01-11 19:00:00,2613.45,2622.46,2597.77,2622.07,19696.1792,0.0001,76,0.0,0.0,trending,,934.5687578987597,0.0,0.0,,,934.5687578987597,0.0,,trending,0.0,{},,156.0,,,,,,,768.8838966029139,0.0,0.0,0.0,768.8838966029139,0.0,0.0,0.0,-3.0748133237714045e-05,0.0,1.0,0.0,,
2024-01-11 20:00:00,2622.07,2632.28,2587.48,2593.93,30649.2208,0.0001,76,0.0,0.0,trending,,934.5687578987597,0.0,0.0,,,934.5687578987597,0.0,,trending,0.0,{},,157.0,,,,,,,768.8838966029139,0.0,0.0,0.0,768.8838966029139,0.0,0.0,0.0,-1.5062155064364622e-05,0.0,1.0,0.0,,
2024-01-11 21:00:00,2593.93,2621.0,2592.23,2603.79,17232.6158,0.0001,76,0.0,0.0,trending,,934.5687578987597,0.0,0.0,,,934.5687578987597,0.0,,trending,0.0,{},,158.0,,,,,,,768.8838966029139,0.0,0.0,0.0,768.8838966029139,0.0,0.0,0.0,-2.49250446543317e-05,0.0,1.0,0.0,,
2024-01-11 22:00:00,2603.79,2615.9,2595.81,2615.42,12571.7128,0.0001,76,0.0,0.0,trending,,934.5687578987597,0.0,0.0,,,934.5687578987597,0.0,,trending,0.0,{},,159.0,,,,,,,768.8838966029139,0.0,0.0,0.0,768.8838966029139,0.0,0.0,0.0,-3.773526540708206e-05,0.0,1.0,0.0,,
2024-01-11 23:00:00,2615.43,2624.81,2610.41,2618.01,12526.5133,0.0001,76,0.0,0.0,trending,,934.5687578987597,0.0,0.0,,,934.5687578987597,0.0,,trending,0.0,{},,160.0,,,,,,,768.8838966029139,0.0,0.0,0.0,768.8838966029139,0.0,0.0,0.0,-4.092325647756576e-05,0.0,1.0,0.0,,
2024-01-12 00:00:00,2618.01,2624.29,2593.15,2599.74,17384.4755,0.0001,71,0.0,0.0,trending,,934.5687578987597,0.0,0.0,,,934.5687578987597,0.0,,trending,0.0,{},,161.0,,,,,,,768.8838966029139,0.0,0.0,0.0,768.8838966029139,0.0,0.0,0.0,-1.8926433583628644e-05,0.0,1.0,0.0,,
2024-01-12 01:00:00,2599.73,2603.72,2580.0,2593.02,14571.3939,0.0001,71,0.0,0.0,trending,,934.5687578987597,0.0,0.0,,,934.5687578987597,0.0,,trending,0.0,{},,162.0,,,,,,,768.8838966029139,0.0,0.0,0.0,768.8838966029139,0.0,0.0,0.0,-1.1583174108759977e-05,0.0,1.0,0.0,,
2024-01-12 02:00:00,2593.01,2616.02,2591.38,2607.72,13425.4872,0.0001,71,0.0,0.0,trending,,934.5687578987597,0.0,0.0,,,934.5687578987597,0.0,,trending,0.0,{},,163.0,,,,,,,768.8838966029139,0.0,0.0,0.0,768.8838966029139,0.0,0.0,0.0,-2.9545144416593927e-05,0.0,1.0,0.0,,
2024-01-12 03:00:00,2607.72,2608.16,2588.09,2589.81,13641.2079,0.0001,71,0.0,0.0,trending,,934.5687578987597,0.0,0.0,,,934.5687578987597,0.0,,trending,0.0,{},,164.0,,,,,,,768.8838966029139,0.0,0.0,0.0,768.8838966029139,0.0,0.0,0.0,-5.152114059286e-06,0.0,1.0,0.0,,
2024-01-12 04:00:00,2589.81,2605.62,2585.62,2594.02,14033.2014,0.0001,71,0.0,0.0,trending,,934.5687578987597,0.0,0.0,,,934.5687578987597,0.0,,trending,0.0,{},,165.0,,,,,,,768.8838966029139,0.0,0.0,0.0,768.8838966029139,0.0,0.0,0.0,-1.0371087088423634e-05,0.0,1.0,0.0,,
2024-01-12 05:00:00,2594.02,2610.0,2590.32,2608.79,10426.8829,0.0001,71,0.0,0.0,trending,,934.5687578987597,0.0,0.0,,,934.5687578987597,0.0,,trending,0.0,{},,166.0,,,,,,,768.8838966029139,0.0,0.0,0.0,768.8838966029139,0.0,0.0,0.0,-2.8918552287623254e-05,0.0,1.0,0.0,,
2024-01-12 06:00:00,2608.8,2626.43,2607.24,2617.64,21783.0259,0.0001,71,0.0,0.0,trending,,934.5687578987597,0.0,0.0,,,934.5687578987597,0.0,,trending,0.0,{},,167.0,,,,,,,768.8838966029139,0.0,0.0,0.0,768.8838966029139,0.0,0.0,0.0,-4.1654901952446946e-05,0.0,1.0,0.0,,
2024-01-12 07:00:00,2617.65,2621.5,2590.66,2595.73,31522.9804,0.0001,71,0.0,0.0,trending,,934.5687578987597,0.0,0.0,,,934.5687578987597,0.0,,trending,0.0,{},,168.0,,,,,,,768.8838966029139,0.0,0.0,0.0,768.8838966029139,0.0,0.0,0.0,-7.79470069294449e-06,0.0,1.0,0.0,,
2024-01-12 08:00:00,2595.72,2604.18,2584.11,2601.93,18252.1687,0.0001,71,0.0,0.0,trending,,934.5687578987597,0.0,0.0,,,934.5687578987597,0.0,,trending,0.0,{},,169.0,,,,,,,768.8838966029139,0.0,0.0,0.0,768.8838966029139,0.0,0.0,0.0,-1.6569878367953794e-05,0.0,1.0,0.0,,
2024-01-12 09:00:00,2601.93,2618.35,2585.34,2614.77,27408.249,0.0001,71,0.0,0.0,trending,,934.5687578987597,0.0,0.0,,,934.5687578987597,0.0,,trending,0.0,{},,170.0,,,,,,,768.8838966029139,0.0,0.0,0.0,768.8838966029139,0.0,0.0,0.0,-3.454454404664851e-05,0.0,1.0,0.0,,
2024-01-12 10:00:00,2614.78,2622.63,2611.37,2620.93,17822.6402,0.0001,71,0.0,0.0,trending,,934.5687578987597,0.0,0.0,,,934.5687578987597,0.0,,trending,0.0,{},,171.0,,,,,,,768.8838966029139,0.0,0.0,0.0,768.8838966029139,0.0,0.0,0.0,-4.3808388469183516e-05,0.0,1.0,0.0,,
2024-01-12 11:00:00,2620.93,2667.99,2618.61,2647.59,53751.135,0.0001,71,0.0,0.0,trending,,934.5687578987597,0.0,0.0,,,934.5687578987597,0.0,,trending,0.0,{},,172.0,,,,,,,768.8838966029139,0.0,0.0,0.0,768.8838966029139,0.0,0.0,0.0,-8.046835660285184e-05,0.0,1.0,0.0,,
2024-01-12 12:00:00,2647.58,2680.0,2634.0,2650.52,48622.0111,0.0001,71,0.0,0.0,trending,,934.5687578987597,0.0,0.0,,,934.5687578987597,0.0,,trending,0.0,{},,173.0,,,,,,,768.8838966029139,0.0,0.0,0.0,768.8838966029139,0.0,0.0,0.0,-8.310710216987037e-05,0.0,1.0,0.0,,
2024-01-12 13:00:00,2650.52,2691.49,2644.92,2673.78,46883.0878,0.0001,71,15.58010334586056,0.0,trending,,934.5687578987597,0.0,1.5580103345860559,True,True,933.1126901155724,1.5588810770799508,,trending,15.58010334586056,{},,174.0,ETHUSDT,2024-01-12 13:00:00,ETHUSDT,2673.78,0.5445727708291337,LONG,768.8838966029139,0.0,0.0,0.0,768.8838966029139,0.0,0.0,0.0,-9.699456159878672e-05,15.58010334586056,1.0,15.58010334586056,True,True
2024-01-12 14:00:00,2673.78,2712.78,2662.5,2705.75,66302.1426,0.0001,71,17.53484058422102,0.0,trending,,950.5052716074963,1.5486545323486753,0.20482952607342653,True,True,950.3105800631827,1.753638425823694,,trending,1.95473723836046,{},,175.0,ETHUSDT,2024-01-12 14:00:00,ETHUSDT,2705.75,0.07195474242397007,LONG,768.8838966029139,0.0,0.0,0.0,768.8838966029139,0.0,0.0,0.0,-0.00010948737470838452,17.53484058422102,1.0,17.53484058422102,True,True
2024-01-12 15:00:00,2705.75,2717.32,2637.58,2647.02,78920.5447,0.0001,71,0.0,0.0,trending,,914.138127870681,1.78345990366976,-1.78345990366976,True,True,912.507799173208,0.0,,trending,-17.53484058422102,{},,176.0,ETHUSDT,2024-01-12 15:00:00,ETHUSDT,2647.02,0.6159109857398507,CLOSE,768.8838966029139,0.0,0.0,0.0,768.8838966029139,0.0,0.0,0.0,-3.067647988023253e-05,0.0,1.0,0.0,True,True
2024-01-12 16:00:00,2647.02,2688.83,2602.27,2620.44,88912.2011,0.0001,71,0.0,0.0,trending,,912.507799173208,0.0,0.0,,,912.507799173208,0.0,,trending,0.0,{},,177.0,,,,,,,768.8838966029139,0.0,0.0,0.0,768.8838966029139,0.0,0.0,0.0,-3.3701311273072642e-06,0.0,1.0,0.0,,
2024-01-12 17:00:00,2620.45,2631.79,2560.71,2603.05,64194.6509,0.0001,71,0.0,0.0,trending,,912.507799173208,0.0,0.0,,,912.507799173208,0.0,,trending,0.0,{},,178.0,,,,,,,768.8838966029139,0.0,0.0,0.0,768.8838966029139,0.0,0.0,0.0,1.3761998202884202e-05,0.0,1.0,0.0,,
2024-01-12 18:00:00,2603.06,2611.78,2580.0,2595.71,31292.9384,0.0001,71,0.0,0.0,trending,,912.507799173208,0.0,0.0,,,912.507799173208,0.0,,trending,0.0,{},,179.0,,,,,,,768.8838966029139,0.0,0.0,0.0,768.8838966029139,0.0,0.0,0.0,2.0652518082957582e-05,0.0,1.0,0.0,,
2024-01-12 19:00:00,2595.71,2613.96,2582.67,2584.43,20691.2366,0.0001,71,0.0,0.0,trending,,912.507799173208,0.0,0.0,,,912.507799173208,0.0,,trending,0.0,{},,180.0,,,,,,,768.8838966029139,0.0,0.0,0.0,768.8838966029139,0.0,0.0,0.0,3.074835976556269e-05,0.0,1.0,0.0,,
2024-01-12 20:00:00,2584.44,2598.2,2565.78,2569.36,26809.6625,0.0001,71,0.0,0.0,trending,,912.507799173208,0.0,0.0,,,912.507799173208,0.0,,trending,0.0,{},,181.0,,,,,,,768.8838966029139,0.0,0.0,0.0,768.8838966029139,0.0,0.0,0.0,4.290081426876878e-05,0.0,1.0,0.0,,
2024-01-12 21:00:00,2569.35,2576.29,2501.18,2526.05,52999.9334,0.0001,71,0.0,0.0,trending,,912.507799173208,0.0,0.0,,,912.507799173208,0.0,,trending,0.0,{},,182.0,,,,,,,768.8838966029139,0.0,0.0,0.0,768.8838966029139,0.0,0.0,0.0,6.588999182757178e-05,0.0,1.0,0.0,,
2024-01-12 22:00:00,2526.06,2528.52,2458.0,2498.6,75075.4301,0.0001,71,0.0,0.0,trending,,912.507799173208,0.0,0.0,,,912.507799173208,0.0,,trending,0.0,{},,183.0,,,,,,,768.8838966029139,0.0,0.0,0.0,768.8838966029139,0.0,0.0,0.0,6.830960677067135e-05,0.0,1.0,0.0,,
2024-01-12 23:00:00,2498.6,2530.9,2496.93,2522.54,32731.0755,0.0001,71,0.0,0.0,trending,,912.507799173208,0.0,0.0,,,912.507799173208,0.0,,trending,0.0,{},,184.0,,,,,,,768.8838966029139,0.0,0.0,0.0,768.8838966029139,0.0,0.0,0.0,4.344247775456431e-05,0.0,1.0,0.0,,
2024-01-13 00:00:00,2522.55,2538.01,2516.8,2517.45,23049.1095,0.0001,64,0.0,0.0,trending,,912.507799173208,0.0,0.0,,,912.507799173208,0.0,,trending,0.0,{},,185.0,,,,,,,768.8838966029139,0.0,0.0,0.0,768.8838966029139,0.0,0.0,0.0,4.284451981854863e-05,0.0,1.0,0.0,,
2024-01-13 01:00:00,2517.45,2528.12,2497.5,2525.39,30061.0029,0.0001,64,0.0,0.0,trending,,912.507799173208,0.0,0.0,,,912.507799173208,0.0,,trending,0.0,{},,186.0,,,,,,,768.8838966029139,0.0,0.0,0.0,768.8838966029139,0.0,0.0,0.0,3.494067851791056e-05,0.0,1.0,0.0,,
2024-01-13 02:00:00,2525.39,2553.77,2519.48,2545.97,37973.9847,0.0001,64,0.0,0.0,trending,,912.507799173208,0.0,0.0,,,912.507799173208,0.0,,trending,0.0,{},,187.0,,,,,,,768.8838966029139,0.0,0.0,0.0,768.8838966029139,0.0,0.0,0.0,1.9812143960566445e-05,0.0,1.0,0.0,,
2024-01-13 03:00:00,2545.98,2557.15,2537.09,2548.53,18942.0833,0.0001,64,0.0,0.0,trending,,912.507799173208,0.0,0.0,,,912.507799173208,0.0,,trending,0.0,{},,188.0,,,,,,,768.8838966029139,0.0,0.0,0.0,768.8838966029139,0.0,0.0,0.0,1.777079943065198e-05,0.0,1.0,0.0,,
2024-01-13 04:00:00,2548.53,2549.3,2539.2,2547.21,11600.2656,0.0001,64,0.0,0.0,trending,,912.507799173208,0.0,0.0,,,912.507799173208,0.0,,trending,0.0,{},,189.0,,,,,,,768.8838966029139,0.0,0.0,0.0,768.8838966029139,0.0,0.0,0.0,1.8231293720228937e-05,0.0,1.0,0.0,,
2024-01-13 05:00:00,2547.21,2556.02,2540.35,2554.33,10559.5557,0.0001,64,0.0,0.0,trending,,912.507799173208,0.0,0.0,,,912.507799173208,0.0,,trending,0.0,{},,190.0,,,,,,,768.8838966029139,0.0,0.0,0.0,768.8838966029139,0.0,0.0,0.0,1.2914616036539516e-05,0.0,1.0,0.0,,
2024-01-13 06:00:00,2554.34,2554.52,2542.66,2552.01,14396.9308,0.0001,64,0.0,0.0,trending,,912.507799173208,0.0,0.0,,,912.507799173208,0.0,,trending,0.0,{},,191.0,,,,,,,768.8838966029139,0.0,0.0,0.0,768.8838966029139,0.0,0.0,0.0,1.433301487209786e-05,0.0,1.0,0.0,,
2024-01-13 07:00:00,2552.01,2561.68,2547.6,2550.99,12406.735,0.0001,64,0.0,0.0,trending,,912.507799173208,0.0,0.0,,,912.507799173208,0.0,,trending,0.0,{},,192.0,,,,,,,768.8838966029139,0.0,0.0,0.0,768.8838966029139,0.0,0.0,0.0,1.4894365224479415e-05,0.0,1.0,0.0,,
2024-01-13 08:00:00,2550.99,2560.55,2549.4,2555.59,12746.4726,0.0001,64,0.0,0.0,trending,,912.507799173208,0.0,0.0,,,912.507799173208,0.0,,trending,0.0,{},,193.0,,,,,,,768.8838966029139,0.0,0.0,0.0,768.8838966029139,0.0,0.0,0.0,1.0968930726120639e-05,0.0,1.0,0.0,,
2024-01-13 09:00:00,2555.6,2557.54,2537.94,2540.78,17839.5002,0.0001,64,0.0,0.0,trending,,912.507799173208,0.0,0.0,,,912.507799173208,0.0,,trending,0.0,{},,194.0,,,,,,,768.8838966029139,0.0,0.0,0.0,768.8838966029139,0.0,0.0,0.0,2.1310284453369724e-05,0.0,1.0,0.0,,
2024-01-13 10:00:00,2540.78,2541.92,2521.18,2531.15,20787.1519,0.0001,64,0.0,0.0,trending,,912.507799173208,0.0,0.0,,,912.507799173208,0.0,,trending,0.0,{},,195.0,,,,,,,768.8838966029139,0.0,0.0,0.0,768.8838966029139,0.0,0.0,0.0,2.767391240320706e-05,0.0,1.0,0.0,,
2024-01-13 11:00:00,2531.14,2545.61,2529.5,2542.5,18399.8625,0.0001,64,0.0,0.0,trending,,912.507799173208,0.0,0.0,,,912.507799173208,0.0,,trending,0.0,{},,196.0,,,,,,,768.8838966029139,0.0,0.0,0.0,768.8838966029139,0.0,0.0,0.0,1.7609409349927768e-05,0.0,1.0,0.0,,
2024-01-13 12:00:00,2542.5,2551.86,2535.8,2542.7,16973.7735,0.0001,64,0.0,0.0,trending,,912.507799173208,0.0,0.0,,,912.507799173208,0.0,,trending,0.0,{},,197.0,,,,,,,768.8838966029139,0.0,0.0,0.0,768.8838966029139,0.0,0.0,0.0,1.825969374932866e-05,0.0,1.0,0.0,,
2024-01-13 13:00:00,2542.69,2549.82,2537.82,2542.08,12255.4567,0.0001,64,0.0,0.0,trending,,912.507799173208,0.0,0.0,,,912.507799173208,0.0,,trending,0.0,{},,198.0,,,,,,,768.8838966029139,0.0,0.0,0.0,768.8838966029139,0.0,0.0,0.0,2.0922329568986306e-05,0.0,1.0,0.0,,
2024-01-13 14:00:00,2542.08,2545.37,2531.15,2539.54,21189.8394,0.0001,64,0.0,0.0,trending,,912.507799173208,0.0,0.0,,,912.507799173208,0.0,,trending,0.0,{},,199.0,,,,,,,768.8838966029139,0.0,0.0,0.0,768.8838966029139,0.0,0.0,0.0,3.155901057784563e-05,0.0,1.0,0.0,,
2024-01-13 15:00:00,2539.54,2566.19,2539.49,2563.83,18387.9388,0.0001,64,0.0,0.0,trending,,912.507799173208,0.0,0.0,,,912.507799173208,0.0,,trending,0.0,{},,200.0,,,,,,,768.8838966029139,0.0,0.0,0.0,768.8838966029139,0.0,0.0,0.0,-8.938440285157926e-06,0.0,1.0,0.0,,
2024-01-13 16:00:00,2563.83,2572.2,2551.0,2557.25,24748.4013,0.0001,64,0.0,0.0,trending,,912.507799173208,0.0,0.0,,,912.507799173208,0.0,,trending,0.0,{},,201.0,,,,,,,768.8838966029139,0.0,0.0,0.0,768.8838966029139,0.0,0.0,0.0,3.543157990200438e-06,0.0,1.0,0.0,,
2024-01-13 17:00:00,2557.25,2566.63,2550.0,2555.63,24845.2786,0.0001,64,0.0,0.0,trending,,912.507799173208,0.0,0.0,,,912.507799173208,0.0,,trending,0.0,{},,202.0,,,,,,,768.8838966029139,0.0,0.0,0.0,768.8838966029139,0.0,0.0,0.0,8.089664464280205e-06,0.0,1.0,0.0,,
2024-01-13 18:00:00,2555.63,2573.6,2552.01,2560.89,15741.0834,0.0001,64,0.0,0.0,trending,,912.507799173208,0.0,0.0,,,912.507799173208,0.0,,trending,0.0,{},,203.0,,,,,,,768.8838966029139,0.0,0.0,0.0,768.8838966029139,0.0,0.0,0.0,-6.777759661104995e-06,0.0,1.0,0.0,,
2024-01-13 19:00:00,2560.89,2580.0,2559.96,2571.91,19842.1598,0.0001,64,0.0,0.0,trending,,912.507799173208,0.0,0.0,,,912.507799173208,0.0,,trending,0.0,{},,204.0,,,,,,,768.8838966029139,0.0,0.0,0.0,768.8838966029139,0.0,0.0,0.0,-4.09492704384247e-05,0.0,1.0,0.0,,
2024-01-13 20:00:00,2571.91,2580.95,2566.82,2568.76,11706.3211,0.0001,64,0.0,0.0,trending,,912.507799173208,0.0,0.0,,,912.507799173208,0.0,,trending,0.0,{},,205.0,,,,,,,768.8838966029139,0.0,0.0,0.0,768.8838966029139,0.0,0.0,0.0,-2.977833778011668e-05,0.0,1.0,0.0,,
2024-01-13 21:00:00,2568.75,2574.59,2562.8,2573.28,7013.4028,0.0001,64,0.0,0.0,trending,,912.507799173208,0.0,0.0,,,912.507799173208,0.0,,trending,0.0,{},,206.0,,,,,,,768.8838966029139,0.0,0.0,0.0,768.8838966029139,0.0,0.0,0.0,-4.285459811015299e-05,0.0,1.0,0.0,,
2024-01-13 22:00:00,2573.29,2578.18,2566.61,2578.17,6670.6494,0.0001,64,0.0,0.0,trending,,912.507799173208,0.0,0.0,,,912.507799173208,0.0,,trending,0.0,{},,207.0,,,,,,,768.8838966029139,0.0,0.0,0.0,768.8838966029139,0.0,0.0,0.0,-6.500545835036934e-05,0.0,1.0,0.0,,
2024-01-13 23:00:00,2578.18,2590.0,2573.37,2578.19,13924.2725,0.0001,64,0.0,0.0,trending,,912.507799173208,0.0,0.0,,,912.507799173208,0.0,,trending,0.0,{},,208.0,,,,,,,768.8838966029139,0.0,0.0,0.0,768.8838966029139,0.0,0.0,0.0,-6.527472923383826e-05,0.0,1.0,0.0,,
2024-01-14 00:00:00,2578.18,2578.69,2561.08,2564.04,11669.8904,0.0001,60,0.0,0.0,trending,,912.507799173208,0.0,0.0,,,912.507799173208,0.0,,trending,0.0,{},,209.0,,,,,,,768.8838966029139,0.0,0.0,0.0,768.8838966029139,0.0,0.0,0.0,-1.921287810130695e-06,0.0,1.0,0.0,,
2024-01-14 01:00:00,2564.04,2574.4,2562.32,2569.4,6757.1644,0.0001,60,0.0,0.0,trending,,912.507799173208,0.0,0.0,,,912.507799173208,0.0,,trending,0.0,{},,210.0,,,,,,,768.8838966029139,0.0,0.0,0.0,768.8838966029139,0.0,0.0,0.0,-2.8342719269235054e-05,0.0,1.0,0.0,,
2024-01-14 02:00:00,2569.41,2571.2,2554.88,2560.5,10260.0512,0.0001,60,0.0,0.0,trending,,912.507799173208,0.0,0.0,,,912.507799173208,0.0,,trending,0.0,{},,211.0,,,,,,,768.8838966029139,0.0,0.0,0.0,768.8838966029139,0.0,0.0,0.0,1.7655742525676497e-05,0.0,1.0,0.0,,
2024-01-14 03:00:00,2560.51,2564.52,2549.72,2550.99,19228.9161,0.0001,60,0.0,0.0,trending,,912.507799173208,0.0,0.0,,,912.507799173208,0.0,,trending,0.0,{},,212.0,,,,,,,768.8838966029139,0.0,0.0,0.0,768.8838966029139,0.0,0.0,0.0,6.371937512256912e-05,0.0,1.0,0.0,,
2024-01-14 04:00:00,2551.0,2555.88,2541.8,2543.94,24093.1637,0.0001,60,-16.316664774211528,0.0,trending,,912.507799173208,0.0,-1.631666477421153,True,True,911.0188907869115,-1.6343331640578842,,trending,-16.316664774211528,{},,213.0,ETHUSDT,2024-01-14 04:00:00,ETHUSDT,2543.94,0.5852765341542163,SHORT,768.8838966029139,0.0,0.0,0.0,768.8838966029139,0.0,0.0,0.0,9.493746272586253e-05,-16.316664774211528,1.0,-16.316664774211528,True,True
2024-01-14 05:00:00,2543.95,2555.64,2543.22,2552.64,10220.9533,0.0001,60,0.0,0.0,trending,,905.9269849397699,-1.6491398500981251,1.6491398500981251,True,True,904.4314891518386,0.0,,trending,16.316664774211528,{},,214.0,ETHUSDT,2024-01-14 05:00:00,ETHUSDT,2552.64,-0.5852765341542163,CLOSE,768.8838966029139,0.0,0.0,0.0,768.8838966029139,0.0,0.0,0.0,4.429887657853233e-05,0.0,1.0,0.0,True,True
2024-01-14 06:00:00,2552.64,2555.79,2548.2,2552.85,6821.7171,0.0001,60,0.0,0.0,trending,,904.4314891518386,0.0,0.0,,,904.4314891518386,0.0,,trending,0.0,{},,215.0,,,,,,,768.8838966029139,0.0,0.0,0.0,768.8838966029139,0.0,0.0,0.0,4.3121110179556155e-05,0.0,1.0,0.0,,
2024-01-14 07:00:00,2552.85,2554.37,2543.65,2550.83,9052.7731,0.0001,60,0.0,0.0,trending,,904.4314891518386,0.0,0.0,,,904.4314891518386,0.0,,trending,0.0,{},,216.0,,,,,,,768.8838966029139,0.0,0.0,0.0,768.8838966029139,0.0,0.0,0.0,5.376666585979623e-05,0.0,1.0,0.0,,
2024-01-14 08:00:00,2550.84,2553.13,2544.89,2553.12,5587.4279,0.0001,60,0.0,0.0,trending,,904.4314891518386,0.0,0.0,,,904.4314891518386,0.0,,trending,0.0,{},,217.0,,,,,,,768.8838966029139,0.0,0.0,0.0,768.8838966029139,0.0,0.0,0.0,3.8809529388356645e-05,0.0,1.0,0.0,,
2024-01-14 09:00:00,2553.13,2553.71,2539.49,2553.71,11568.4411,0.0001,60,0.0,0.0,trending,,904.4314891518386,0.0,0.0,,,904.4314891518386,0.0,,trending,0.0,{},,218.0,,,,,,,768.8838966029139,0.0,0.0,0.0,768.8838966029139,0.0,0.0,0.0,3.588120591540268e-05,0.0,1.0,0.0,,
2024-01-14 10:00:00,2553.7,2553.8,2540.0,2542.28,6980.8092,0.0001,60,-19.014204230144426,0.0,trending,,904.4314891518386,0.0,-1.9014204230144425,True,True,902.7117846471481,-1.905042710130198,,trending,-19.014204230144426,{},,219.0,ETHUSDT,2024-01-14 10:00:00,ETHUSDT,2542.28,0.6764418178527427,SHORT,768.8838966029139,0.0,0.0,0.0,768.8838966029139,0.0,0.0,0.0,0.00011048879489059953,-19.014204230144426,1.0,-19.014204230144426,True,True
2024-01-14 11:00:00,2542.27,2547.14,2534.58,2538.0,10073.7761,0.0001,60,-20.0,0.0,trending,,905.6069556275579,-1.8957554632744231,-0.10424453672557688,False,,905.6069556275579,-1.8957554632744231,,trending,-0.9857957698555744,{},,220.0,ETHUSDT,2024-01-14 11:00:00,,,,,768.8838966029139,0.0,0.0,0.0,768.8838966029139,0.0,0.0,0.0,0.00013225242230387426,-22.66347219140262,1.0,-22.66347219140262,True,False
2024-01-14 12:00:00,2538.01,2546.58,2533.39,2537.17,11582.6707,0.0001,60,-20.0,0.0,trending,,906.1684023363755,-1.8939613018688783,-0.10603869813112166,False,,906.1684023363755,-1.8939613018688783,,trending,0.0,{},,221.0,ETHUSDT,2024-01-14 12:00:00,,,,,768.8838966029139,0.0,0.0,0.0,768.8838966029139,0.0,0.0,0.0,0.00013346797940247317,-22.77470661781612,1.0,-22.77470661781612,True,False
2024-01-14 13:00:00,2537.18,2538.34,2524.39,2533.81,12026.6593,0.0001,60,-20.0,0.0,trending,,908.4412468443609,-1.8867208511802696,-0.11327914881973045,False,,908.4412468443609,-1.8867208511802696,,trending,0.0,{},,222.0,ETHUSDT,2024-01-14 13:00:00,,,,,768.8838966029139,0.0,0.0,0.0,768.8838966029139,0.0,0.0,0.0,0.00014678246515386297,-24.922899078652684,1.0,-24.922899078652684,True,False
2024-01-14 14:00:00,2533.8,2542.79,2530.95,2540.93,10770.2865,0.0001,60,0.0,0.0,trending,,903.6249811012494,-1.9021068963165175,1.9021068963165175,True,True,901.9044692811929,0.0,,trending,20.0,{},,223.0,ETHUSDT,2024-01-14 14:00:00,ETHUSDT,2540.93,-0.6764418178527427,CLOSE,768.8838966029139,0.0,0.0,0.0,768.8838966029139,0.0,0.0,0.0,8.595831033025651e-05,0.0,1.0,0.0,True,True
2024-01-14 15:00:00,2540.93,2544.93,2535.01,2537.68,5848.9588,0.0001,60,-17.362430062321334,0.0,trending,,901.9044692811929,0.0,-1.7362430062321335,True,True,900.3385439541141,-1.7392627890856829,,trending,-17.362430062321334,{},,224.0,ETHUSDT,2024-01-14 15:00:00,ETHUSDT,2537.68,0.617069656961861,SHORT,768.8838966029139,0.0,0.0,0.0,768.8838966029139,0.0,0.0,0.0,0.00010265856415849946,-17.362430062321334,1.0,-17.362430062321334,True,True
2024-01-14 16:00:00,2537.68,2543.97,2521.35,2527.46,13488.2214,0.0001,60,-20.0,0.0,trending,,906.6449958482642,-1.7202089928546216,-0.2797910071453784,True,True,906.3913247317523,-2.0005597386241245,,trending,-2.6375699376786663,{},,225.0,ETHUSDT,2024-01-14 16:00:00,ETHUSDT,2527.46,0.10036602617319494,SHORT,768.8838966029139,0.0,0.0,0.0,768.8838966029139,0.0,0.0,0.0,0.00014669564984437492,-24.690827989025088,1.0,-24.690827989025088,True,True
2024-01-14 17:00:00,2527.46,2538.65,2524.24,2530.95,11218.4106,0.0001,60,-18.927672411756774,0.0,trending,,903.8874741976113,-2.008871562074212,0.11610432089853484,False,,903.8874741976113,-2.008871562074212,,trending,1.0723275882432262,{},,226.0,ETHUSDT,2024-01-14 17:00:00,,,,,768.8838966029139,0.0,0.0,0.0,768.8838966029139,0.0,0.0,0.0,0.0001127840577911464,-18.927672411756774,1.0,-18.927672411756774,True,False
2024-01-14 18:00:00,2530.95,2538.0,2522.02,2531.6,8413.2965,0.0001,60,-17.450838111592585,0.0,trending,,903.4211410035732,-2.01042469894727,0.26534088778801124,True,True,903.181186481451,-1.7455474398953719,,trending,1.4768343001641888,{},,227.0,ETHUSDT,2024-01-14 18:00:00,ETHUSDT,2531.6,0.0946889586033916,REDUCE_SHORT,768.8838966029139,0.0,0.0,0.0,768.8838966029139,0.0,0.0,0.0,0.00010423704738268393,-17.450838111592585,1.0,-17.450838111592585,True,True
2024-01-14 19:00:00,2531.6,2532.85,2500.0,2501.0,18346.2516,0.0001,60,-20.0,0.0,trending,,922.23723625212,-1.6888166046983466,-0.3111833953016534,True,True,921.9502513376692,-2.0006225605211005,,trending,-2.549161888407415,{},,228.0,ETHUSDT,2024-01-14 19:00:00,ETHUSDT,2501.0,0.11474806655359769,SHORT,768.8838966029139,0.0,0.0,0.0,768.8838966029139,0.0,0.0,0.0,0.00019169876952576477,-31.86540140238742,1.0,-31.86540140238742,True,True
2024-01-14 20:00:00,2500.99,2519.12,2480.41,2508.94,18767.5519,0.0001,60,-20.0,0.0,trending,,916.0945426964522,-2.0198026458046088,0.019802645804608776,False,,916.0945426964522,-2.0198026458046088,,trending,0.0,{},,229.0,ETHUSDT,2024-01-14 20:00:00,,,,,768.8838966029139,0.0,0.0,0.0,768.8838966029139,0.0,0.0,0.0,0.0001351319921600905,-22.37256676259873,1.0,-22.37256676259873,True,False
2024-01-14 21:00:00,2508.94,2527.53,2498.6,2527.2,13329.304,0.0001,60,0.0,0.0,trending,,902.6278878112355,-2.064856250508898,2.064856250508898,True,True,900.7622253127063,0.0,,trending,20.0,{},,230.0,ETHUSDT,2024-01-14 21:00:00,ETHUSDT,2527.2,-0.737494791085262,CLOSE,768.8838966029139,0.0,0.0,0.0,768.8838966029139,0.0,0.0,0.0,5.0745209259709044e-05,0.0,1.0,0.0,True,True
2024-01-14 22:00:00,2527.21,2531.93,2503.46,2508.84,9524.2579,0.0001,60,-17.382434524213323,0.0,trending,,900.7622253127063,0.0,-1.7382434524213324,True,True,899.1964812723681,-1.7412702039522485,,trending,-17.382434524213323,{},,231.0,ETHUSDT,2024-01-14 22:00:00,ETHUSDT,2508.84,0.6240908309570481,SHORT,768.8838966029139,0.0,0.0,0.0,768.8838966029139,0.0,0.0,0.0,0.00010518693982194021,-17.382434524213323,1.0,-17.382434524213323,True,True
2024-01-14 23:00:00,2508.83,2511.17,2470.0,2472.87,40576.7935,0.0001,60,-20.0,0.0,trending,,921.6450284618934,-1.67450096890808,-0.3254990310919199,True,True,921.3450338981183,-2.000651210030418,,trending,-2.6175654757866766,{},,232.0,ETHUSDT,2024-01-14 23:00:00,ETHUSDT,2472.87,0.12131432860402336,SHORT,768.8838966029139,0.0,0.0,0.0,768.8838966029139,0.0,0.0,0.0,0.00015651593394369837,-25.73425718759127,1.0,-25.73425718759127,True,True
2024-01-15 00:00:00,2472.87,2502.4,2470.92,2495.6,29818.6056,0.0001,52,0.0,0.0,trending,,904.4019746212953,-2.0568653855267782,2.0568653855267782,True,True,902.5398794098833,0.0,,trending,20.0,{},,233.0,ETHUSDT,2024-01-15 00:00:00,ETHUSDT,2495.6,-0.7454051595610715,CLOSE,768.8838966029139,0.0,0.0,0.0,768.8838966029139,0.0,0.0,0.0,8.069285418575566e-05,0.0,1.0,0.0,True,True
2024-01-15 01:00:00,2495.6,2512.64,2487.43,2506.11,25428.145,0.0001,52,0.0,0.0,trending,,902.5398794098833,0.0,0.0,,,902.5398794098833,0.0,,trending,0.0,{},,234.0,,,,,,,768.8838966029139,0.0,0.0,0.0,768.8838966029139,0.0,0.0,0.0,5.411227300658031e-05,0.0,1.0,0.0,,
2024-01-15 02:00:00,2506.11,2506.88,2491.96,2506.03,22457.1742,0.0001,52,0.0,0.0,trending,,902.5398794098833,0.0,0.0,,,902.5398794098833,0.0,,trending,0.0,{},,235.0,,,,,,,768.8838966029139,0.0,0.0,0.0,768.8838966029139,0.0,0.0,0.0,5.501576208015781e-05,0.0,1.0,0.0,,
2024-01-15 03:00:00,2506.03,2513.91,2501.71,2503.32,16428.7208,0.0001,52,0.0,0.0,trending,,902.5398794098833,0.0,0.0,,,902.5398794098833,0.0,,trending,0.0,{},,236.0,,,,,,,768.8838966029139,0.0,0.0,0.0,768.8838966029139,0.0,0.0,0.0,6.05950167059347e-05,0.0,1.0,0.0,,
2024-01-15 04:00:00,2503.32,2512.48,2502.97,2509.89,7359.5599,0.0001,52,0.0,0.0,trending,,902.5398794098833,0.0,0.0,,,902.5398794098833,0.0,,trending,0.0,{},,237.0,,,,,,,768.8838966029139,0.0,0.0,0.0,768.8838966029139,0.0,0.0,0.0,4.067154945481017e-05,0.0,1.0,0.0,,
2024-01-15 05:00:00,2509.89,2519.29,2509.82,2518.49,8938.521,0.0001,52,0.0,0.0,trending,,902.5398794098833,0.0,0.0,,,902.5398794098833,0.0,,trending,0.0,{},,238.0,,,,,,,768.8838966029139,0.0,0.0,0.0,768.8838966029139,0.0,0.0,0.0,1.6166422668396286e-05,0.0,1.0,0.0,,
2024-01-15 06:00:00,2518.49,2521.0,2510.85,2513.0,6786.3798,0.0001,52,0.0,0.0,trending,,902.5398794098833,0.0,0.0,,,902.5398794098833,0.0,,trending,0.0,{},,239.0,,,,,,,768.8838966029139,0.0,0.0,0.0,768.8838966029139,0.0,0.0,0.0,3.1978025686101884e-05,0.0,1.0,0.0,,
2024-01-15 07:00:00,2513.0,2517.09,2503.46,2513.29,8547.8011,0.0001,52,0.0,0.0,trending,,902.5398794098833,0.0,0.0,,,902.5398794098833,0.0,,trending,0.0,{},,240.0,,,,,,,768.8838966029139,0.0,0.0,0.0,768.8838966029139,0.0,0.0,0.0,3.22783117884188e-05,0.0,1.0,0.0,,
2024-01-15 08:00:00,2513.29,2518.0,2506.88,2513.19,5526.4979,0.0001,52,0.0,0.0,trending,,902.5398794098833,0.0,0.0,,,902.5398794098833,0.0,,trending,0.0,{},,241.0,,,,,,,768.8838966029139,0.0,0.0,0.0,768.8838966029139,0.0,0.0,0.0,3.46294209959213e-05,0.0,1.0,0.0,,
2024-01-15 09:00:00,2513.19,2533.63,2509.87,2528.16,11665.8511,0.0001,52,0.0,0.0,trending,,902.5398794098833,0.0,0.0,,,902.5398794098833,0.0,,trending,0.0,{},,242.0,,,,,,,768.8838966029139,0.0,0.0,0.0,768.8838966029139,0.0,0.0,0.0,-2.3467024039150466e-05,0.0,1.0,0.0,,
2024-01-15 10:00:00,2528.15,2541.0,2526.05,2535.22,12068.8471,0.0001,52,0.0,0.0,trending,,902.5398794098833,0.0,0.0,,,902.5398794098833,0.0,,trending,0.0,{},,243.0,,,,,,,768.8838966029139,0.0,0.0,0.0,768.8838966029139,0.0,0.0,0.0,-4.986595415734875e-05,0.0,1.0,0.0,,
2024-01-15 11:00:00,2535.22,2542.86,2532.0,2539.35,7799.5132,0.0001,52,0.0,0.0,trending,,902.5398794098833,0.0,0.0,,,902.5398794098833,0.0,,trending,0.0,{},,244.0,,,,,,,768.8838966029139,0.0,0.0,0.0,768.8838966029139,0.0,0.0,0.0,-6.434178173697389e-05,0.0,1.0,0.0,,
2024-01-15 12:00:00,2539.36,2548.0,2533.0,2540.74,16750.1018,0.0001,52,0.0,0.0,trending,,902.5398794098833,0.0,0.0,,,902.5398794098833,0.0,,trending,0.0,{},,245.0,,,,,,,768.8838966029139,0.0,0.0,0.0,768.8838966029139,0.0,0.0,0.0,-6.863563250063608e-05,0.0,1.0,0.0,,
2024-01-15 13:00:00,2540.75,2549.02,2534.52,2538.78,14493.7331,0.0001,52,0.0,0.0,trending,,902.5398794098833,0.0,0.0,,,902.5398794098833,0.0,,trending,0.0,{},,246.0,,,,,,,768.8838966029139,0.0,0.0,0.0,768.8838966029139,0.0,0.0,0.0,-5.7923114784690265e-05,0.0,1.0,0.0,,
2024-01-15 14:00:00,2538.79,2540.0,2505.8,2508.01,24680.3295,0.0001,52,0.0,0.0,trending,,902.5398794098833,0.0,0.0,,,902.5398794098833,0.0,,trending,0.0,{},,247.0,,,,,,,768.8838966029139,0.0,0.0,0.0,768.8838966029139,0.0,0.0,0.0,6.933097551496292e-05,0.0,1.0,0.0,,
2024-01-15 15:00:00,2508.01,2524.73,2508.0,2514.49,15199.9196,0.0001,52,0.0,0.0,trending,,902.5398794098833,0.0,0.0,,,902.5398794098833,0.0,,trending,0.0,{},,248.0,,,,,,,768.8838966029139,0.0,0.0,0.0,768.8838966029139,0.0,0.0,0.0,4.227784784325505e-05,0.0,1.0,0.0,,
2024-01-15 16:00:00,2514.49,2527.36,2514.05,2523.74,8851.5312,0.0001,52,0.0,0.0,trending,,902.5398794098833,0.0,0.0,,,902.5398794098833,0.0,,trending,0.0,{},,249.0,,,,,,,768.8838966029139,0.0,0.0,0.0,768.8838966029139,0.0,0.0,0.0,2.7429225736628876e-06,0.0,1.0,0.0,,
2024-01-15 17:00:00,2523.74,2536.76,2523.72,2532.38,10112.2619,0.0001,52,0.0,0.0,trending,,902.5398794098833,0.0,0.0,,,902.5398794098833,0.0,,trending,0.0,{},,250.0,,,,,,,768.8838966029139,0.0,0.0,0.0,768.8838966029139,0.0,0.0,0.0,-3.138614928334136e-05,0.0,1.0,0.0,,
2024-01-15 18:00:00,2532.38,2553.82,2532.38,2539.99,21248.2731,0.0001,52,0.0,0.0,trending,,902.5398794098833,0.0,0.0,,,902.5398794098833,0.0,,trending,0.0,{},,251.0,,,,,,,768.8838966029139,0.0,0.0,0.0,768.8838966029139,0.0,0.0,0.0,-5.791211638026238e-05,0.0,1.0,0.0,,
2024-01-15 19:00:00,2539.99,2546.15,2531.0,2534.7,9218.6349,0.0001,52,0.0,0.0,trending,,902.5398794098833,0.0,0.0,,,902.5398794098833,0.0,,trending,0.0,{},,252.0,,,,,,,768.8838966029139,0.0,0.0,0.0,768.8838966029139,0.0,0.0,0.0,-3.435227526207195e-05,0.0,1.0,0.0,,
2024-01-15 20:00:00,2534.69,2539.38,2525.11,2530.61,5800.8088,0.0001,52,0.0,0.0,trending,,902.5398794098833,0.0,0.0,,,902.5398794098833,0.0,,trending,0.0,{},,253.0,,,,,,,768.8838966029139,0.0,0.0,0.0,768.8838966029139,0.0,0.0,0.0,-1.6254330275350465e-05,0.0,1.0,0.0,,
2024-01-15 21:00:00,2530.6,2530.61,2521.33,2522.13,5092.6707,0.0001,52,0.0,0.0,trending,,902.5398794098833,0.0,0.0,,,902.5398794098833,0.0,,trending,0.0,{},,254.0,,,,,,,768.8838966029139,0.0,0.0,0.0,768.8838966029139,0.0,0.0,0.0,1.9829615339688596e-05,0.0,1.0,0.0,,
2024-01-15 22:00:00,2522.13,2525.12,2500.33,2513.98,11667.4332,0.0001,52,0.0,0.0,trending,,902.5398794098833,0.0,0.0,,,902.5398794098833,0.0,,trending,0.0,{},,255.0,,,,,,,768.8838966029139,0.0,0.0,0.0,768.8838966029139,0.0,0.0,0.0,5.259996106086074e-05,0.0,1.0,0.0,,
2024-01-15 23:00:00,2513.97,2519.9,2510.88,2511.78,9306.5674,0.0001,52,0.0,0.0,trending,,902.5398794098833,0.0,0.0,,,902.5398794098833,0.0,,trending,0.0,{},,256.0,,,,,,,768.8838966029139,0.0,0.0,0.0,768.8838966029139,0.0,0.0,0.0,7.545331837503997e-05,0.0,1.0,0.0,,
2024-01-16 00:00:00,2511.79,2516.12,2506.08,2509.2,9356.3094,0.0001,64,-15.772254612672183,0.0,trending,,902.5398794098833,0.0,-1.5772254612672183,True,True,901.116370532269,-1.5797170311904092,,trending,-15.772254612672183,{},,257.0,ETHUSDT,2024-01-16 00:00:00,ETHUSDT,2509.2,0.5673158287957567,SHORT,768.8838966029139,0.0,0.0,0.0,768.8838966029139,0.0,0.0,0.0,9.42764175906425e-05,-15.772254612672183,1.0,-15.772254612672183,True,True
2024-01-16 01:00:00,2509.21,2522.4,2505.0,2514.16,9840.0176,0.0001,64,0.0,0.0,trending,,898.3024840214421,-1.5877978626307505,1.5877978626307505,True,True,896.8747335068024,0.0,,trending,15.772254612672183,{},,258.0,ETHUSDT,2024-01-16 01:00:00,ETHUSDT,2514.16,-0.5673158287957567,CLOSE,768.8838966029139,0.0,0.0,0.0,768.8838966029139,0.0,0.0,0.0,6.015518041292948e-05,0.0,1.0,0.0,True,True
2024-01-16 02:00:00,2514.16,2528.86,2512.03,2517.5,8351.7538,0.0001,64,0.0,0.0,trending,,896.8747335068024,0.0,0.0,,,896.8747335068024,0.0,,trending,0.0,{},,259.0,,,,,,,768.8838966029139,0.0,0.0,0.0,768.8838966029139,0.0,0.0,0.0,3.713325275566396e-05,0.0,1.0,0.0,,
2024-01-16 03:00:00,2517.51,2538.23,2516.4,2537.6,10801.851,0.0001,64,15.480579113969092,0.0,trending,,896.8747335068024,0.0,1.5480579113969093,True,True,895.4863194800653,1.5489076522305711,,trending,15.480579113969092,{},,260.0,ETHUSDT,2024-01-16 03:00:00,ETHUSDT,2537.6,0.5471366751013557,LONG,768.8838966029139,0.0,0.0,0.0,768.8838966029139,0.0,0.0,0.0,-9.258085644710442e-05,15.480579113969092,1.0,15.480579113969092,True,True
2024-01-16 04:00:00,2537.6,2539.36,2528.0,2530.5,8642.0754,0.0001,64,0.0,0.0,trending,,891.6055337572388,1.5512968175052078,-1.5512968175052078,True,True,890.2223889302511,0.0,,trending,-15.480579113969092,{},,261.0,ETHUSDT,2024-01-16 04:00:00,ETHUSDT,2530.5,0.5465895384262544,CLOSE,768.8838966029139,0.0,0.0,0.0,768.8838966029139,0.0,0.0,0.0,-4.385821204898576e-05,0.0,1.0,0.0,True,True
2024-01-16 05:00:00,2530.49,2542.14,2528.0,2531.04,8403.2466,0.0001,64,0.0,0.0,trending,,890.2223889302511,0.0,0.0,,,890.2223889302511,0.0,,trending,0.0,{},,262.0,,,,,,,768.8838966029139,0.0,0.0,0.0,768.8838966029139,0.0,0.0,0.0,-4.723730761411245e-05,0.0,1.0,0.0,,
2024-01-16 06:00:00,2531.03,2536.84,2525.43,2534.89,9400.4515,0.0001,64,0.0,0.0,trending,,890.2223889302511,0.0,0.0,,,890.2223889302511,0.0,,trending,0.0,{},,263.0,,,,,,,768.8838966029139,0.0,0.0,0.0,768.8838966029139,0.0,0.0,0.0,-7.309217231628594e-05,0.0,1.0,0.0,,
2024-01-16 07:00:00,2534.88,2536.89,2522.3,2528.26,9364.5853,0.0001,64,0.0,0.0,trending,,890.2223889302511,0.0,0.0,,,890.2223889302511,0.0,,trending,0.0,{},,264.0,,,,,,,768.8838966029139,0.0,0.0,0.0,768.8838966029139,0.0,0.0,0.0,-2.1547697588184526e-05,0.0,1.0,0.0,,
2024-01-16 08:00:00,2528.25,2547.18,2523.6,2544.02,14482.2288,0.0001,64,20.0,0.0,trending,,890.2223889302511,0.0,2.0,True,True,888.4419441523905,2.002004008016032,,trending,20.0,{},,265.0,ETHUSDT,2024-01-16 08:00:00,ETHUSDT,2544.02,0.6998548666521891,LONG,768.8838966029139,0.0,0.0,0.0,768.8838966029139,0.0,0.0,0.0,-0.00012178410305274174,20.355337768641384,1.0,20.355337768641384,True,True
2024-01-16 09:00:00,2544.02,2549.38,2538.5,2542.86,18841.6076,0.0001,64,18.023882288412327,0.0,trending,,887.6309243387195,2.002919529413041,-0.20053130057180812,True,True,887.452926555034,1.802749736590517,,trending,-1.9761177115876727,{},,266.0,ETHUSDT,2024-01-16 09:00:00,ETHUSDT,2542.86,0.06999904976498889,REDUCE_LONG,768.8838966029139,0.0,0.0,0.0,768.8838966029139,0.0,0.0,0.0,-0.00010808587615996006,18.023882288412327,1.0,18.023882288412327,True,True
2024-01-16 10:00:00,2542.86,2544.12,2529.69,2533.92,8579.8903,0.0001,64,0.0,0.0,trending,,881.8282722545702,1.807869996282992,-1.807869996282992,True,True,880.2340413792871,0.0,,trending,-18.023882288412327,{},,267.0,ETHUSDT,2024-01-16 10:00:00,ETHUSDT,2533.92,0.629155962020548,CLOSE,768.8838966029139,0.0,0.0,0.0,768.8838966029139,0.0,0.0,0.0,-3.955565099264382e-05,0.0,1.0,0.0,True,True
2024-01-16 11:00:00,2533.92,2537.94,2521.98,2530.77,11451.4309,0.0001,64,0.0,0.0,trending,,880.2340413792871,0.0,0.0,,,880.2340413792871,0.0,,trending,0.0,{},,268.0,,,,,,,768.8838966029139,0.0,0.0,0.0,768.8838966029139,0.0,0.0,0.0,-1.670413480520741e-05,0.0,1.0,0.0,,
2024-01-16 12:00:00,2530.78,2547.95,2529.16,2547.01,9824.4546,0.0001,64,19.23286281320891,0.0,trending,,880.2340413792871,0.0,1.923286281320891,True,True,878.5410993231509,1.9250654470044384,,trending,19.23286281320891,{},,269.0,ETHUSDT,2024-01-16 12:00:00,ETHUSDT,2547.01,0.6646782133310934,LONG,768.8838966029139,0.0,0.0,0.0,768.8838966029139,0.0,0.0,0.0,-0.00011528999828398364,19.23286281320891,1.0,19.23286281320891,True,True
2024-01-16 13:00:00,2547.0,2547.8,2524.1,2525.81,13898.6327,0.0001,64,0.0,0.0,trending,,864.464012378654,1.9401293785740124,-1.9401293785740124,True,True,862.7868403515182,0.0,,trending,-19.23286281320891,{},,270.0,ETHUSDT,2024-01-16 13:00:00,ETHUSDT,2525.81,0.6640135351177624,CLOSE,768.8838966029139,0.0,0.0,0.0,768.8838966029139,0.0,0.0,0.0,2.3429991561135773e-05,0.0,1.0,0.0,True,True
2024-01-16 14:00:00,2525.8,2538.32,2500.05,2534.31,42934.8282,0.0001,64,0.0,0.0,trending,,862.7868403515182,0.0,0.0,,,862.7868403515182,0.0,,trending,0.0,{},,271.0,,,,,,,768.8838966029139,0.0,0.0,0.0,768.8838966029139,0.0,0.0,0.0,-2.857081503880324e-05,0.0,1.0,0.0,,
2024-01-16 15:00:00,2534.31,2570.79,2524.99,2559.44,42845.7478,0.0001,64,20.0,0.0,trending,,862.7868403515182,0.0,2.0,True,True,861.0612666708149,2.002004008016032,,trending,20.0,{},,272.0,ETHUSDT,2024-01-16 15:00:00,ETHUSDT,2559.44,0.6741997002090443,LONG,768.8838966029139,0.0,0.0,0.0,768.8838966029139,0.0,0.0,0.0,-0.0001396481305362681,23.283323967738852,1.0,23.283323967738852,True,True
2024-01-16 16:00:00,2559.44,2579.62,2548.63,2575.92,36310.9162,0.0001,64,20.0,0.0,trending,,872.1609669192006,1.9892518389113476,0.010748161088652397,False,,872.1609669192006,1.9892518389113476,,trending,0.0,{},,273.0,ETHUSDT,2024-01-16 16:00:00,,,,,768.8838966029139,0.0,0.0,0.0,768.8838966029139,0.0,0.0,0.0,-0.0001567552226791331,26.01697668599391,1.0,26.01697668599391,True,False
2024-01-16 17:00:00,2575.93,2578.93,2562.09,2564.05,14107.6067,0.0001,64,15.627645756230633,0.0,trending,,864.1662192281607,1.9984038037521594,-0.43563922812909617,True,True,863.7897545234412,1.5634456738896583,,trending,-4.372354243769367,{},,274.0,ETHUSDT,2024-01-16 17:00:00,ETHUSDT,2564.05,0.14682424473773725,REDUCE_LONG,768.8838966029139,0.0,0.0,0.0,768.8838966029139,0.0,0.0,0.0,-9.430825524473251e-05,15.627645756230633,1.0,15.627645756230633,True,True
2024-01-16 18:00:00,2564.05,2569.44,2554.8,2559.2,11237.7202,0.0001,64,0.0,0.0,trending,,861.2352534329511,1.565116904349217,-1.565116904349217,True,True,859.8873195791818,0.0,,trending,-15.627645756230633,{},,275.0,ETHUSDT,2024-01-16 18:00:00,ETHUSDT,2559.2,0.5267012557710979,CLOSE,768.8838966029139,0.0,0.0,0.0,768.8838966029139,0.0,0.0,0.0,-7.139314143959247e-05,0.0,1.0,0.0,True,True
2024-01-16 19:00:00,2559.2,2576.09,2555.4,2574.06,9020.9865,0.0001,64,16.491872226526695,0.0,trending,,859.8873195791818,0.0,1.6491872226526696,True,True,858.4692043988107,1.6502596225135262,,trending,16.491872226526695,{},,276.0,ETHUSDT,2024-01-16 19:00:00,ETHUSDT,2574.06,0.550925456427216,LONG,768.8838966029139,0.0,0.0,0.0,768.8838966029139,0.0,0.0,0.0,-9.975669209151456e-05,16.491872226526695,1.0,16.491872226526695,True,True
2024-01-16 20:00:00,2574.06,2588.97,2571.79,2586.87,18420.4984,0.0001,64,18.318437059515094,0.0,trending,,865.5195021405466,1.6449627760105752,0.1868809299409342,False,,865.5195021405466,1.6449627760105752,,trending,1.8265648329883994,{},,277.0,ETHUSDT,2024-01-16 20:00:00,,,,,768.8838966029139,0.0,0.0,0.0,768.8838966029139,0.0,0.0,0.0,-0.00011106407983090123,18.318437059515094,1.0,18.318437059515094,True,False
2024-01-16 21:00:00,2586.87,2614.43,2584.89,2607.29,24490.8163,0.0001,64,19.85159648050173,0.0,trending,,876.7581500629701,1.6366953768855927,0.34846427116458023,True,True,876.4526311732207,1.9855030606559352,,trending,1.5331594209866353,{},,278.0,ETHUSDT,2024-01-16 21:00:00,ETHUSDT,2607.29,0.11717871420106644,LONG,768.8838966029139,0.0,0.0,0.0,768.8838966029139,0.0,0.0,0.0,-0.00012069169940248955,19.85159648050173,1.0,19.85159648050173,True,True
2024-01-16 22:00:00,2607.3,2611.6,2593.09,2593.55,14054.1351,0.0001,64,0.0,0.0,trending,,867.2820596200927,1.995923691675941,-1.995923691675941,True,True,865.5510308099315,0.0,,trending,-19.85159648050173,{},,279.0,ETHUSDT,2024-01-16 22:00:00,ETHUSDT,2593.55,0.6674360664576542,CLOSE,768.8838966029139,0.0,0.0,0.0,768.8838966029139,0.0,0.0,0.0,-8.056265870152874e-05,0.0,1.0,0.0,True,True
2024-01-16 23:00:00,2593.56,2604.8,2585.31,2587.4,16415.8338,0.0001,64,0.0,0.0,trending,,865.5510308099315,0.0,0.0,,,865.5510308099315,0.0,,trending,0.0,{},,280.0,,,,,,,768.8838966029139,0.0,0.0,0.0,768.8838966029139,0.0,0.0,0.0,-6.526561271620284e-05,0.0,1.0,0.0,,
2024-01-17 00:00:00,2587.41,2592.06,2580.02,2589.09,15482.4118,0.0001,60,0.0,0.0,trending,,865.5510308099315,0.0,0.0,,,865.5510308099315,0.0,,trending,0.0,{},,281.0,,,,,,,768.8838966029139,0.0,0.0,0.0,768.8838966029139,0.0,0.0,0.0,-6.821246389911978e-05,0.0,1.0,0.0,,
2024-01-17 01:00:00,2589.09,2592.97,2576.91,2578.57,12529.3209,0.0001,60,0.0,0.0,trending,,865.5510308099315,0.0,0.0,,,865.5510308099315,0.0,,trending,0.0,{},,282.0,,,,,,,768.8838966029139,0.0,0.0,0.0,768.8838966029139,0.0,0.0,0.0,-4.379361106153119e-05,0.0,1.0,0.0,,
2024-01-17 02:00:00,2578.58,2581.78,2573.35,2576.64,11303.9061,0.0001,60,0.0,0.0,trending,,865.5510308099315,0.0,0.0,,,865.5510308099315,0.0,,trending,0.0,{},,283.0,,,,,,,768.8838966029139,0.0,0.0,0.0,768.8838966029139,0.0,0.0,0.0,-4.0395938473738685e-05,0.0,1.0,0.0,,
2024-01-17 03:00:00,2576.65,2578.89,2571.17,2571.43,8722.5787,0.0001,60,0.0,0.0,trending,,865.5510308099315,0.0,0.0,,,865.5510308099315,0.0,,trending,0.0,{},,284.0,,,,,,,768.8838966029139,0.0,0.0,0.0,768.8838966029139,0.0,0.0,0.0,-2.6914637378840374e-05,0.0,1.0,0.0,,
2024-01-17 04:00:00,2571.43,2575.57,2561.95,2568.81,10399.8848,0.0001,60,0.0,0.0,trending,,865.5510308099315,0.0,0.0,,,865.5510308099315,0.0,,trending,0.0,{},,285.0,,,,,,,768.8838966029139,0.0,0.0,0.0,768.8838966029139,0.0,0.0,0.0,-2.0402437987500565e-05,0.0,1.0,0.0,,
2024-01-17 05:00:00,2568.81,2573.31,2561.29,2562.73,9147.989,0.0001,60,0.0,0.0,trending,,865.5510308099315,0.0,0.0,,,865.5510308099315,0.0,,trending,0.0,{},,286.0,,,,,,,768.8838966029139,0.0,0.0,0.0,768.8838966029139,0.0,0.0,0.0,-3.612480964280076e-06,0.0,1.0,0.0,,
2024-01-17 06:00:00,2562.73,2570.66,2561.4,2563.01,10517.4129,0.0001,60,0.0,0.0,trending,,865.5510308099315,0.0,0.0,,,865.5510308099315,0.0,,trending,0.0,{},,287.0,,,,,,,768.8838966029139,0.0,0.0,0.0,768.8838966029139,0.0,0.0,0.0,-4.554446297238394e-06,0.0,1.0,0.0,,
2024-01-17 07:00:00,2563.0,2566.11,2551.81,2552.52,15498.5594,0.0001,60,0.0,0.0,trending,,865.5510308099315,0.0,0.0,,,865.5510308099315,0.0,,trending,0.0,{},,288.0,,,,,,,768.8838966029139,0.0,0.0,0.0,768.8838966029139,0.0,0.0,0.0,2.818254211026887e-05,0.0,1.0,0.0,,
2024-01-17 08:00:00,2552.53,2554.06,2534.4,2546.84,18418.2627,0.0001,60,0.0,0.0,trending,,865.5510308099315,0.0,0.0,,,865.5510308099315,0.0,,trending,0.0,{},,289.0,,,,,,,768.8838966029139,0.0,0.0,0.0,768.8838966029139,0.0,0.0,0.0,4.5128003962586605e-05,0.0,1.0,0.0,,
2024-01-17 09:00:00,2546.84,2551.96,2542.73,2544.36,11531.0322,0.0001,60,0.0,0.0,trending,,865.5510308099315,0.0,0.0,,,865.5510308099315,0.0,,trending,0.0,{},,290.0,,,,,,,768.8838966029139,0.0,0.0,0.0,768.8838966029139,0.0,0.0,0.0,5.263896745279949e-05,0.0,1.0,0.0,,
2024-01-17 10:00:00,2544.36,2553.0,2540.28,2553.0,12396.7523,0.0001,60,0.0,0.0,trending,,865.5510308099315,0.0,0.0,,,865.5510308099315,0.0,,trending,0.0,{},,291.0,,,,,,,768.8838966029139,0.0,0.0,0.0,768.8838966029139,0.0,0.0,0.0,2.0238255014976277e-05,0.0,1.0,0.0,,
2024-01-17 11:00:00,2553.0,2553.67,2541.63,2542.85,12535.3421,0.0001,60,0.0,0.0,trending,,865.5510308099315,0.0,0.0,,,865.5510308099315,0.0,,trending,0.0,{},,292.0,,,,,,,768.8838966029139,0.0,0.0,0.0,768.8838966029139,0.0,0.0,0.0,5.502003013552814e-05,0.0,1.0,0.0,,
2024-01-17 12:00:00,2542.86,2552.9,2532.67,2552.38,25697.5357,0.0001,60,0.0,0.0,trending,,865.5510308099315,0.0,0.0,,,865.5510308099315,0.0,,trending,0.0,{},,293.0,,,,,,,768.8838966029139,0.0,0.0,0.0,768.8838966029139,0.0,0.0,0.0,1.7256876114284316e-05,0.0,1.0,0.0,,
2024-01-17 13:00:00,2552.38,2552.86,2541.33,2543.77,12544.706,0.0001,60,0.0,0.0,trending,,865.5510308099315,0.0,0.0,,,865.5510308099315,0.0,,trending,0.0,{},,294.0,,,,,,,768.8838966029139,0.0,0.0,0.0,768.8838966029139,0.0,0.0,0.0,4.929304894873333e-05,0.0,1.0,0.0,,
2024-01-17 14:00:00,2543.77,2574.75,2538.12,2550.16,34492.0424,0.0001,60,0.0,0.0,trending,,865.5510308099315,0.0,0.0,,,865.5510308099315,0.0,,trending,0.0,{},,295.0,,,,,,,768.8838966029139,0.0,0.0,0.0,768.8838966029139,0.0,0.0,0.0,2.3326053282524853e-05,0.0,1.0,0.0,,
2024-01-17 15:00:00,2550.16,2563.74,2535.69,2539.46,35414.4797,0.0001,60,0.0,0.0,trending,,865.5510308099315,0.0,0.0,,,865.5510308099315,0.0,,trending,0.0,{},,296.0,,,,,,,768.8838966029139,0.0,0.0,0.0,768.8838966029139,0.0,0.0,0.0,6.0258840903554266e-05,0.0,1.0,0.0,,
2024-01-17 16:00:00,2539.47,2544.75,2522.0,2534.76,22880.9287,0.0001,60,0.0,0.0,trending,,865.5510308099315,0.0,0.0,,,865.5510308099315,0.0,,trending,0.0,{},,297.0,,,,,,,768.8838966029139,0.0,0.0,0.0,768.8838966029139,0.0,0.0,0.0,7.230409975702991e-05,0.0,1.0,0.0,,
2024-01-17 17:00:00,2534.76,2537.28,2523.1,2529.69,13441.9981,0.0001,60,0.0,0.0,trending,,865.5510308099315,0.0,0.0,,,865.5510308099315,0.0,,trending,0.0,{},,298.0,,,,,,,768.8838966029139,0.0,0.0,0.0,768.8838966029139,0.0,0.0,0.0,8.285646514334961e-05,0.0,1.0,0.0,,
2024-01-17 18:00:00,2529.69,2534.08,2517.22,2532.9,15278.1649,0.0001,60,0.0,0.0,trending,,865.5510308099315,0.0,0.0,,,865.5510308099315,0.0,,trending,0.0,{},,299.0,,,,,,,768.8838966029139,0.0,0.0,0.0,768.8838966029139,0.0,0.0,0.0,6.550171005398189e-05,0.0,1.0,0.0,,
2024-01-17 19:00:00,2532.91,2539.84,2529.19,2533.29,11437.5495,0.0001,60,0.0,0.0,trending,,865.5510308099315,0.0,0.0,,,865.5510308099315,0.0,,trending,0.0,{},,300.0,,,,,,,768.8838966029139,0.0,0.0,0.0,768.8838966029139,0.0,0.0,0.0,6.20416853967895e-05,0.0,1.0,0.0,,
2024-01-17 20:00:00,2533.29,2543.13,2530.59,2539.87,14557.6615,0.0001,60,0.0,0.0,trending,,865.5510308099315,0.0,0.0,,,865.5510308099315,0.0,,trending,0.0,{},,301.0,,,,,,,768.8838966029139,0.0,0.0,0.0,768.8838966029139,0.0,0.0,0.0,3.389209956791613e-05,0.0,1.0,0.0,,
2024-01-17 21:00:00,2539.88,2544.81,2524.17,2526.58,9675.2095,0.0001,60,0.0,0.0,trending,,865.5510308099315,0.0,0.0,,,865.5510308099315,0.0,,trending,0.0,{},,302.0,,,,,,,768.8838966029139,0.0,0.0,0.0,768.8838966029139,0.0,0.0,0.0,8.381885216458155e-05,0.0,1.0,0.0,,
2024-01-17 22:00:00,2526.59,2531.17,2506.75,2528.61,14905.3896,0.0001,60,0.0,0.0,trending,,865.5510308099315,0.0,0.0,,,865.5510308099315,0.0,,trending,0.0,{},,303.0,,,,,,,768.8838966029139,0.0,0.0,0.0,768.8838966029139,0.0,0.0,0.0,7.814188258713326e-05,0.0,1.0,0.0,,
2024-01-17 23:00:00,2528.62,2532.0,2521.16,2530.19,7472.2292,0.0001,60,0.0,0.0,trending,,865.5510308099315,0.0,0.0,,,865.5510308099315,0.0,,trending,0.0,{},,304.0,,,,,,,768.8838966029139,0.0,0.0,0.0,768.8838966029139,0.0,0.0,0.0,7.37980667580972e-05,0.0,1.0,0.0,,
2024-01-18 00:00:00,2530.2,2531.94,2524.13,2530.12,12065.7427,0.0001,63,0.0,0.0,trending,,865.5510308099315,0.0,0.0,,,865.5510308099315,0.0,,trending,0.0,{},,305.0,,,,,,,768.8838966029139,0.0,0.0,0.0,768.8838966029139,0.0,0.0,0.0,8.20280497829279e-05,0.0,1.0,0.0,,
2024-01-18 01:00:00,2530.11,2533.44,2510.03,2522.69,11156.2555,0.0001,63,-20.0,0.0,trending,,865.5510308099315,0.0,-2.0,True,True,863.8199287483117,-2.004008016032064,,trending,-20.0,{},,306.0,ETHUSDT,2024-01-18 01:00:00,ETHUSDT,2522.69,0.6862127576594282,SHORT,768.8838966029139,0.0,0.0,0.0,768.8838966029139,0.0,0.0,0.0,0.00012325801304342033,-20.482303743110894,1.0,-20.482303743110894,True,True
2024-01-18 02:00:00,2522.68,2531.99,2522.26,2528.57,9106.4317,0.0001,63,0.0,0.0,trending,,859.7849977332742,-2.0181056859672974,2.0181056859672974,True,True,858.0481238667728,0.0,,trending,20.0,{},,307.0,ETHUSDT,2024-01-18 02:00:00,ETHUSDT,2528.57,-0.6862127576594282,CLOSE,768.8838966029139,0.0,0.0,0.0,768.8838966029139,0.0,0.0,0.0,8.645850233337366e-05,0.0,1.0,0.0,True,True
2024-01-18 03:00:00,2528.57,2531.96,2525.46,2529.94,11549.7219,0.0001,63,0.0,0.0,trending,,858.0481238667728,0.0,0.0,,,858.0481238667728,0.0,,trending,0.0,{},,308.0,,,,,,,768.8838966029139,0.0,0.0,0.0,768.8838966029139,0.0,0.0,0.0,8.238079561839883e-05,0.0,1.0,0.0,,
2024-01-18 04:00:00,2529.95,2540.69,2526.52,2529.86,27605.0717,0.0001,63,-15.223458227611445,0.0,trending,,858.0481238667728,0.0,-1.5223458227611446,True,True,856.7418778896763,-1.5246668930368614,,trending,-15.223458227611445,{},,309.0,ETHUSDT,2024-01-18 04:00:00,ETHUSDT,2529.86,0.5163313294398183,SHORT,768.8838966029139,0.0,0.0,0.0,768.8838966029139,0.0,0.0,0.0,9.192460952208932e-05,-15.223458227611445,1.0,-15.223458227611445,True,True
2024-01-18 05:00:00,2529.86,2531.43,2524.72,2529.69,8838.7777,0.0001,63,-16.825428887335253,0.0,trending,,856.8296542156811,-1.5244082582158482,-0.15813463051767696,False,,856.8296542156811,-1.5244082582158482,,trending,-1.6019706597238077,{},,310.0,ETHUSDT,2024-01-18 05:00:00,,,,,768.8838966029139,0.0,0.0,0.0,768.8838966029139,0.0,0.0,0.0,0.00010177599249987156,-16.825428887335253,1.0,-16.825428887335253,True,False
2024-01-18 06:00:00,2529.68,2536.0,2528.24,2533.33,8111.5305,0.0001,63,0.0,0.0,trending,,854.9502081765204,-1.5299576914538935,1.5299576914538935,True,True,853.6408611827169,0.0,,trending,16.825428887335253,{},,311.0,ETHUSDT,2024-01-18 06:00:00,ETHUSDT,2533.33,-0.5163313294398183,CLOSE,768.8838966029139,0.0,0.0,0.0,768.8838966029139,0.0,0.0,0.0,6.582878815120144e-05,0.0,1.0,0.0,True,True
2024-01-18 07:00:00,2533.33,2539.0,2532.05,2538.99,11023.0254,0.0001,63,0.0,0.0,trending,,853.6408611827169,0.0,0.0,,,853.6408611827169,0.0,,trending,0.0,{},,312.0,,,,,,,768.8838966029139,0.0,0.0,0.0,768.8838966029139,0.0,0.0,0.0,-9.253442678758135e-06,0.0,1.0,0.0,,
2024-01-18 08:00:00,2538.99,2542.5,2536.1,2537.48,10160.6761,0.0001,63,0.0,0.0,trending,,853.6408611827169,0.0,0.0,,,853.6408611827169,0.0,,trending,0.0,{},,313.0,,,,,,,768.8838966029139,0.0,0.0,0.0,768.8838966029139,0.0,0.0,0.0,1.2100756928767314e-05,0.0,1.0,0.0,,
2024-01-18 09:00:00,2537.47,2550.0,2535.46,2539.49,32722.4866,0.0001,63,0.0,0.0,trending,,853.6408611827169,0.0,0.0,,,853.6408611827169,0.0,,trending,0.0,{},,314.0,,,,,,,768.8838966029139,0.0,0.0,0.0,768.8838966029139,0.0,0.0,0.0,-1.8414707835438395e-05,0.0,1.0,0.0,,
2024-01-18 10:00:00,2539.5,2541.26,2514.04,2516.24,15622.7159,0.0001,63,-20.0,0.0,trending,,853.6408611827169,0.0,-2.0,True,True,851.9335794603514,-2.004008016032064,,trending,-20.0,{},,315.0,ETHUSDT,2024-01-18 10:00:00,ETHUSDT,2516.24,0.6785051196886759,SHORT,768.8838966029139,0.0,0.0,0.0,768.8838966029139,0.0,0.0,0.0,0.0002585208258705184,-42.628458855784274,1.0,-42.628458855784274,True,True
2024-01-18 11:00:00,2516.25,2524.19,2515.25,2522.41,13135.2331,0.0001,63,-20.0,0.0,trending,,847.7472028718721,-2.018842519510599,0.018842519510598787,False,,847.7472028718721,-2.018842519510599,,trending,0.0,{},,316.0,ETHUSDT,2024-01-18 11:00:00,,,,,768.8838966029139,0.0,0.0,0.0,768.8838966029139,0.0,0.0,0.0,0.0001645082735195225,-27.009860854341202,1.0,-27.009860854341202,True,False
2024-01-18 12:00:00,2522.42,2522.86,2505.6,2512.7,14556.5275,0.0001,63,-20.0,0.0,trending,,854.3354875840491,-1.9955624447521392,-0.004437555247860825,False,,854.3354875840491,-1.9955624447521392,,trending,0.0,{},,317.0,ETHUSDT,2024-01-18 12:00:00,,,,,768.8838966029139,0.0,0.0,0.0,768.8838966029139,0.0,0.0,0.0,0.00025341987314089667,-41.28001734589227,1.0,-41.28001734589227,True,False
2024-01-18 13:00:00,2512.7,2523.31,2503.77,2515.55,17890.1229,0.0001,63,-20.0,0.0,trending,,852.4017479929362,-2.0023581108927915,0.0023581108927914762,False,,852.4017479929362,-2.0023581108927915,,trending,0.0,{},,318.0,ETHUSDT,2024-01-18 13:00:00,,,,,768.8838966029139,0.0,0.0,0.0,768.8838966029139,0.0,0.0,0.0,0.0002067179929659106,-33.474062811880465,1.0,-33.474062811880465,True,False
2024-01-18 14:00:00,2515.55,2533.95,2513.91,2533.74,15053.6669,0.0001,63,0.0,0.0,trending,,840.0597398657994,-2.0464682216941177,2.0464682216941177,True,True,838.3388634274011,0.0,,trending,20.0,{},,319.0,ETHUSDT,2024-01-18 14:00:00,ETHUSDT,2533.74,-0.6785051196886759,CLOSE,768.8838966029139,0.0,0.0,0.0,768.8838966029139,0.0,0.0,0.0,-1.054299095116086e-05,0.0,1.0,0.0,True,True
2024-01-18 15:00:00,2533.73,2535.27,2523.8,2525.64,11161.1294,0.0001,63,0.0,0.0,trending,,838.3388634274011,0.0,0.0,,,838.3388634274011,0.0,,trending,0.0,{},,320.0,,,,,,,768.8838966029139,0.0,0.0,0.0,768.8838966029139,0.0,0.0,0.0,8.094792503800768e-05,0.0,1.0,0.0,,
2024-01-18 16:00:00,2525.65,2526.15,2480.0,2488.29,42993.9328,0.0001,63,-20.0,0.0,trending,,838.3388634274011,0.0,-2.0,True,True,836.6621857005462,-2.0040080160320644,,trending,-20.0,{},,321.0,ETHUSDT,2024-01-18 16:00:00,ETHUSDT,2488.29,0.6738272978048387,SHORT,768.8838966029139,0.0,0.0,0.0,768.8838966029139,0.0,0.0,0.0,0.0002531406056362575,-40.72985857657028,1.0,-40.72985857657028,True,True
2024-01-18 17:00:00,2488.29,2499.0,2467.17,2481.3,36463.3626,0.0001,63,-20.0,0.0,trending,,841.3722385122019,-1.9871913969965138,-0.012808603003486185,False,,841.3722385122019,-1.9871913969965138,,trending,0.0,{},,322.0,ETHUSDT,2024-01-18 17:00:00,,,,,768.8838966029139,0.0,0.0,0.0,768.8838966029139,0.0,0.0,0.0,0.00021367755252696372,-34.173585565977234,1.0,-34.173585565977234,True,False
2024-01-18 18:00:00,2481.31,2485.38,2455.24,2463.59,29942.2815,0.0001,63,-20.0,0.0,trending,,853.3057199563254,-1.945415521981955,-0.05458447801804489,False,,853.3057199563254,-1.945415521981955,,trending,0.0,{},,323.0,ETHUSDT,2024-01-18 18:00:00,,,,,768.8838966029139,0.0,0.0,0.0,768.8838966029139,0.0,0.0,0.0,0.00019791790016770438,-31.484387980696738,1.0,-31.484387980696738,True,False
2024-01-18 19:00:00,2463.6,2476.15,2430.0,2439.5,38254.0964,0.0001,63,-20.0,0.0,trending,,869.5382195604441,-1.8904306400998154,-0.10956935990018457,False,,869.5382195604441,-1.8904306400998154,,trending,0.0,{},,324.0,ETHUSDT,2024-01-18 19:00:00,,,,,768.8838966029139,0.0,0.0,0.0,768.8838966029139,0.0,0.0,0.0,0.00017857117263107297,-28.278227795316347,1.0,-28.278227795316347,True,False
2024-01-18 20:00:00,2439.5,2462.28,2428.56,2446.45,32524.0886,0.0001,63,-20.0,0.0,trending,,864.8551198407006,-1.9060820187065384,-0.09391798129346163,False,,864.8551198407006,-1.9060820187065384,,trending,0.0,{},,325.0,ETHUSDT,2024-01-18 20:00:00,,,,,768.8838966029139,0.0,0.0,0.0,768.8838966029139,0.0,0.0,0.0,0.00013524341100150917,-21.35686047920339,1.0,-21.35686047920339,True,False
2024-01-18 21:00:00,2446.44,2464.61,2442.15,2457.35,20546.109,0.0001,63,-15.177510868597615,0.0,trending,,857.510402294628,-1.9309730888743222,0.4132220020145607,True,True,857.1557054325813,-1.5183791425846025,,trending,4.822489131402385,{},,326.0,ETHUSDT,2024-01-18 21:00:00,ETHUSDT,2457.35,0.14419686458359515,REDUCE_SHORT,768.8838966029139,0.0,0.0,0.0,768.8838966029139,0.0,0.0,0.0,9.623508732761998e-05,-15.177510868597615,1.0,-15.177510868597615,True,True
2024-01-18 22:00:00,2457.36,2472.86,2455.37,2470.53,13271.4393,0.0001,63,0.0,0.0,trending,,850.1751763227251,-1.5390567857386923,1.5390567857386923,True,True,848.8653986708871,0.0,,trending,15.177510868597615,{},,327.0,ETHUSDT,2024-01-18 22:00:00,ETHUSDT,2470.53,-0.5296304332212436,CLOSE,768.8838966029139,0.0,0.0,0.0,768.8838966029139,0.0,0.0,0.0,6.216838959368467e-05,0.0,1.0,0.0,True,True
2024-01-18 23:00:00,2470.53,2471.32,2465.12,2470.81,8335.6817,0.0001,63,0.0,0.0,trending,,848.8653986708871,0.0,0.0,,,848.8653986708871,0.0,,trending,0.0,{},,328.0,,,,,,,768.8838966029139,0.0,0.0,0.0,768.8838966029139,0.0,0.0,0.0,6.03647416240784e-05,0.0,1.0,0.0,,
2024-01-19 00:00:00,2470.81,2474.59,2461.93,2467.97,13073.9161,0.0001,51,0.0,0.0,trending,,848.8653986708871,0.0,0.0,,,848.8653986708871,0.0,,trending,0.0,{},,329.0,,,,,,,768.8838966029139,0.0,0.0,0.0,768.8838966029139,0.0,0.0,0.0,6.349229696661954e-05,0.0,1.0,0.0,,
2024-01-19 01:00:00,2467.98,2468.77,2457.31,2463.15,11678.5391,0.0001,51,0.0,0.0,trending,,848.8653986708871,0.0,0.0,,,848.8653986708871,0.0,,trending,0.0,{},,330.0,,,,,,,768.8838966029139,0.0,0.0,0.0,768.8838966029139,0.0,0.0,0.0,6.894654005935235e-05,0.0,1.0,0.0,,
2024-01-19 02:00:00,2463.16,2465.2,2451.32,2452.79,11318.2573,0.0001,51,0.0,0.0,trending,,848.8653986708871,0.0,0.0,,,848.8653986708871,0.0,,trending,0.0,{},,331.0,,,,,,,768.8838966029139,0.0,0.0,0.0,768.8838966029139,0.0,0.0,0.0,8.101838517050919e-05,0.0,1.0,0.0,,
2024-01-19 03:00:00,2452.79,2462.98,2443.13,2460.4,20917.2216,0.0001,51,0.0,0.0,trending,,848.8653986708871,0.0,0.0,,,848.8653986708871,0.0,,trending,0.0,{},,332.0,,,,,,,768.8838966029139,0.0,0.0,0.0,768.8838966029139,0.0,0.0,0.0,6.144778317938621e-05,0.0,1.0,0.0,,
2024-01-19 04:00:00,2460.4,2465.93,2456.63,2461.9,8781.757,0.0001,51,0.0,0.0,trending,,848.8653986708871,0.0,0.0,,,848.8653986708871,0.0,,trending,0.0,{},,333.0,,,,,,,768.8838966029139,0.0,0.0,0.0,768.8838966029139,0.0,0.0,0.0,5.790873762382789e-05,0.0,1.0,0.0,,
2024-01-19 05:00:00,2461.91,2468.22,2459.33,2464.58,6886.659,0.0001,51,0.0,0.0,trending,,848.8653986708871,0.0,0.0,,,848.8653986708871,0.0,,trending,0.0,{},,334.0,,,,,,,768.8838966029139,0.0,0.0,0.0,768.8838966029139,0.0,0.0,0.0,5.160448775221043e-05,0.0,1.0,0.0,,
2024-01-19 06:00:00,2464.58,2473.46,2462.22,2471.36,10565.9552,0.0001,51,0.0,0.0,trending,,848.8653986708871,0.0,0.0,,,848.8653986708871,0.0,,trending,0.0,{},,335.0,,,,,,,768.8838966029139,0.0,0.0,0.0,768.8838966029139,0.0,0.0,0.0,3.5080291385052015e-05,0.0,1.0,0.0,,
2024-01-19 07:00:00,2471.36,2474.82,2465.35,2465.51,13351.6823,0.0001,51,0.0,0.0,trending,,848.8653986708871,0.0,0.0,,,848.8653986708871,0.0,,trending,0.0,{},,336.0,,,,,,,768.8838966029139,0.0,0.0,0.0,768.8838966029139,0.0,0.0,0.0,4.8691206796468315e-05,0.0,1.0,0.0,,
2024-01-19 08:00:00,2465.5,2477.23,2460.44,2473.5,9702.3491,0.0001,51,0.0,0.0,trending,,848.8653986708871,0.0,0.0,,,848.8653986708871,0.0,,trending,0.0,{},,337.0,,,,,,,768.8838966029139,0.0,0.0,0.0,768.8838966029139,0.0,0.0,0.0,2.8145212513772112e-05,0.0,1.0,0.0,,
2024-01-19 09:00:00,2473.5,2483.87,2472.8,2482.4,11875.5636,0.0001,51,0.0,0.0,trending,,848.8653986708871,0.0,0.0,,,848.8653986708871,0.0,,trending,0.0,{},,338.0,,,,,,,768.8838966029139,0.0,0.0,0.0,768.8838966029139,0.0,0.0,0.0,4.26044511539323e-06,0.0,1.0,0.0,,
2024-01-19 10:00:00,2482.41,2496.62,2481.58,2490.7,19616.7713,0.0001,51,0.0,0.0,trending,,848.8653986708871,0.0,0.0,,,848.8653986708871,0.0,,trending,0.0,{},,339.0,,,,,,,768.8838966029139,0.0,0.0,0.0,768.8838966029139,0.0,0.0,0.0,-1.9104629506950123e-05,0.0,1.0,0.0,,
2024-01-19 11:00:00,2490.7,2493.4,2485.59,2488.97,8315.9778,0.0001,51,0.0,0.0,trending,,848.8653986708871,0.0,0.0,,,848.8653986708871,0.0,,trending,0.0,{},,340.0,,,,,,,768.8838966029139,0.0,0.0,0.0,768.8838966029139,0.0,0.0,0.0,-1.4594083154417782e-05,0.0,1.0,0.0,,
2024-01-19 12:00:00,2488.98,2489.43,2481.23,2485.82,8795.4896,0.0001,51,0.0,0.0,trending,,848.8653986708871,0.0,0.0,,,848.8653986708871,0.0,,trending,0.0,{},,341.0,,,,,,,768.8838966029139,0.0,0.0,0.0,768.8838966029139,0.0,0.0,0.0,-3.941823059720246e-06,0.0,1.0,0.0,,
2024-01-19 13:00:00,2485.82,2497.17,2483.4,2497.16,10588.3338,0.0001,51,0.0,0.0,trending,,848.8653986708871,0.0,0.0,,,848.8653986708871,0.0,,trending,0.0,{},,342.0,,,,,,,768.8838966029139,0.0,0.0,0.0,768.8838966029139,0.0,0.0,0.0,-4.303993050346006e-05,0.0,1.0,0.0,,
2024-01-19 14:00:00,2497.16,2499.87,2470.0,2474.62,27108.1072,0.0001,51,0.0,0.0,trending,,848.8653986708871,0.0,0.0,,,848.8653986708871,0.0,,trending,0.0,{},,343.0,,,,,,,768.8838966029139,0.0,0.0,0.0,768.8838966029139,0.0,0.0,0.0,4.096502083771291e-05,0.0,1.0,0.0,,
2024-01-19 15:00:00,2474.62,2481.75,2460.37,2462.98,28926.581,0.0001,51,-16.104166490856215,0.0,trending,,848.8653986708871,0.0,-1.6104166490856215,True,True,847.4983717000348,-1.6130142741278894,,trending,-16.104166490856215,{},,344.0,ETHUSDT,2024-01-19 15:00:00,ETHUSDT,2462.98,0.5550296676596237,SHORT,768.8838966029139,0.0,0.0,0.0,768.8838966029139,0.0,0.0,0.0,0.00010099077201690512,-16.104166490856215,1.0,-16.104166490856215,True,True
2024-01-19 16:00:00,2462.98,2467.87,2415.2,2428.41,61310.9978,0.0001,51,-20.0,0.0,trending,,866.6857473110281,-1.555165294252389,-0.44483470574761097,True,True,866.3002154116471,-2.000890065343451,,trending,-3.8958335091437846,{},,345.0,ETHUSDT,2024-01-19 16:00:00,ETHUSDT,2428.41,0.1587589819596977,SHORT,768.8838966029139,0.0,0.0,0.0,768.8838966029139,0.0,0.0,0.0,0.00018874595152188723,-29.956434072426635,1.0,-29.956434072426635,True,True
2024-01-19 17:00:00,2428.4,2471.8,2416.67,2471.37,38036.3277,0.0001,51,0.0,0.0,trending,,835.6358550240009,-2.111010249744533,2.111010249744533,True,True,833.8700533673345,0.0,,trending,20.0,{},,346.0,ETHUSDT,2024-01-19 17:00:00,ETHUSDT,2471.37,-0.7137886496193214,CLOSE,768.8838966029139,0.0,0.0,0.0,768.8838966029139,0.0,0.0,0.0,2.2558321740377565e-05,0.0,1.0,0.0,True,True
2024-01-19 18:00:00,2471.37,2504.0,2461.87,2496.17,40524.0312,0.0001,51,0.0,0.0,trending,,833.8700533673345,0.0,0.0,,,833.8700533673345,0.0,,trending,0.0,{},,347.0,,,,,,,768.8838966029139,0.0,0.0,0.0,768.8838966029139,0.0,0.0,0.0,-4.2660381959148644e-05,0.0,1.0,0.0,,
2024-01-19 19:00:00,2496.17,2498.42,2481.41,2493.37,20938.2886,0.0001,51,0.0,0.0,trending,,833.8700533673345,0.0,0.0,,,833.8700533673345,0.0,,trending,0.0,{},,348.0,,,,,,,768.8838966029139,0.0,0.0,0.0,768.8838966029139,0.0,0.0,0.0,-3.569822516356714e-05,0.0,1.0,0.0,,
2024-01-19 20:00:00,2493.37,2504.2,2481.8,2484.6,18161.9103,0.0001,51,0.0,0.0,trending,,833.8700533673345,0.0,0.0,,,833.8700533673345,0.0,,trending,0.0,{},,349.0,,,,,,,768.8838966029139,0.0,0.0,0.0,768.8838966029139,0.0,0.0,0.0,-1.0304734775794169e-05,0.0,1.0,0.0,,
2024-01-19 21:00:00,2484.59,2492.79,2481.0,2489.12,10125.446,0.0001,51,0.0,0.0,trending,,833.8700533673345,0.0,0.0,,,833.8700533673345,0.0,,trending,0.0,{},,350.0,,,,,,,768.8838966029139,0.0,0.0,0.0,768.8838966029139,0.0,0.0,0.0,-2.3508828955753063e-05,0.0,1.0,0.0,,
2024-01-19 22:00:00,2489.13,2493.74,2483.6,2490.9,6025.6965,0.0001,51,0.0,0.0,trending,,833.8700533673345,0.0,0.0,,,833.8700533673345,0.0,,trending,0.0,{},,351.0,,,,,,,768.8838966029139,0.0,0.0,0.0,768.8838966029139,0.0,0.0,0.0,-2.8240097365206796e-05,0.0,1.0,0.0,,
2024-01-19 23:00:00,2490.9,2497.96,2486.64,2492.0,7583.1438,0.0001,51,0.0,0.0,trending,,833.8700533673345,0.0,0.0,,,833.8700533673345,0.0,,trending,0.0,{},,352.0,,,,,,,768.8838966029139,0.0,0.0,0.0,768.8838966029139,0.0,0.0,0.0,-3.098221235976735e-05,0.0,1.0,0.0,,
2024-01-20 00:00:00,2491.99,2492.0,2475.0,2476.12,8256.215,0.0001,52,0.0,0.0,trending,,833.8700533673345,0.0,0.0,,,833.8700533673345,0.0,,trending,0.0,{},,353.0,,,,,,,768.8838966029139,0.0,0.0,0.0,768.8838966029139,0.0,0.0,0.0,2.229586629339748e-05,0.0,1.0,0.0,,
2024-01-20 01:00:00,2476.11,2490.9,2475.3,2489.8,5921.789,0.0001,52,0.0,0.0,trending,,833.8700533673345,0.0,0.0,,,833.8700533673345,0.0,,trending,0.0,{},,354.0,,,,,,,768.8838966029139,0.0,0.0,0.0,768.8838966029139,0.0,0.0,0.0,-2.2182520072151935e-05,0.0,1.0,0.0,,
2024-01-20 02:00:00,2489.8,2489.8,2481.29,2486.5,5003.4483,0.0001,52,0.0,0.0,trending,,833.8700533673345,0.0,0.0,,,833.8700533673345,0.0,,trending,0.0,{},,355.0,,,,,,,768.8838966029139,0.0,0.0,0.0,768.8838966029139,0.0,0.0,0.0,-1.1427841723087815e-05,0.0,1.0,0.0,,
2024-01-20 03:00:00,2486.5,2486.75,2475.1,2481.22,8512.4086,0.0001,52,0.0,0.0,trending,,833.8700533673345,0.0,0.0,,,833.8700533673345,0.0,,trending,0.0,{},,356.0,,,,,,,768.8838966029139,0.0,0.0,0.0,768.8838966029139,0.0,0.0,0.0,7.95348827900178e-06,0.0,1.0,0.0,,
2024-01-20 04:00:00,2481.22,2484.75,2478.21,2483.0,4204.7679,0.0001,52,0.0,0.0,trending,,833.8700533673345,0.0,0.0,,,833.8700533673345,0.0,,trending,0.0,{},,357.0,,,,,,,768.8838966029139,0.0,0.0,0.0,768.8838966029139,0.0,0.0,0.0,9.545630315807901e-07,0.0,1.0,0.0,,
2024-01-20 05:00:00,2483.01,2484.22,2475.29,2477.54,5272.3637,0.0001,52,0.0,0.0,trending,,833.8700533673345,0.0,0.0,,,833.8700533673345,0.0,,trending,0.0,{},,358.0,,,,,,,768.8838966029139,0.0,0.0,0.0,768.8838966029139,0.0,0.0,0.0,2.4056526440298124e-05,0.0,1.0,0.0,,
2024-01-20 06:00:00,2477.54,2484.29,2477.02,2482.46,4032.609,0.0001,52,0.0,0.0,trending,,833.8700533673345,0.0,0.0,,,833.8700533673345,0.0,,trending,0.0,{},,359.0,,,,,,,768.8838966029139,0.0,0.0,0.0,768.8838966029139,0.0,0.0,0.0,1.5706212057866077e-06,0.0,1.0,0.0,,
2024-01-20 07:00:00,2482.47,2486.27,2478.2,2478.47,3945.5134,0.0001,52,0.0,0.0,trending,,833.8700533673345,0.0,0.0,,,833.8700533673345,0.0,,trending,0.0,{},,360.0,,,,,,,768.8838966029139,0.0,0.0,0.0,768.8838966029139,0.0,0.0,0.0,2.0408091573103428e-05,0.0,1.0,0.0,,
2024-01-20 08:00:00,2478.48,2480.07,2471.71,2474.63,7894.0218,0.0001,52,0.0,0.0,trending,,833.8700533673345,0.0,0.0,,,833.8700533673345,0.0,,trending,0.0,{},,361.0,,,,,,,768.8838966029139,0.0,0.0,0.0,768.8838966029139,0.0,0.0,0.0,3.8756994969856714e-05,0.0,1.0,0.0,,
2024-01-20 09:00:00,2474.62,2477.32,2463.31,2465.95,8418.5891,0.0001,52,0.0,0.0,trending,,833.8700533673345,0.0,0.0,,,833.8700533673345,0.0,,trending,0.0,{},,362.0,,,,,,,768.8838966029139,0.0,0.0,0.0,768.8838966029139,0.0,0.0,0.0,7.692217155054125e-05,0.0,1.0,0.0,,
2024-01-20 10:00:00,2465.95,2474.51,2465.75,2470.53,5663.5878,0.0001,52,0.0,0.0,trending,,833.8700533673345,0.0,0.0,,,833.8700533673345,0.0,,trending,0.0,{},,363.0,,,,,,,768.8838966029139,0.0,0.0,0.0,768.8838966029139,0.0,0.0,0.0,5.094684532546924e-05,0.0,1.0,0.0,,
2024-01-20 11:00:00,2470.54,2472.42,2465.26,2470.59,4295.3682,0.0001,52,0.0,0.0,trending,,833.8700533673345,0.0,0.0,,,833.8700533673345,0.0,,trending,0.0,{},,364.0,,,,,,,768.8838966029139,0.0,0.0,0.0,768.8838966029139,0.0,0.0,0.0,5.061386452345658e-05,0.0,1.0,0.0,,
2024-01-20 12:00:00,2470.58,2475.91,2466.84,2467.9,5298.5256,0.0001,52,0.0,0.0,trending,,833.8700533673345,0.0,0.0,,,833.8700533673345,0.0,,trending,0.0,{},,365.0,,,,,,,768.8838966029139,0.0,0.0,0.0,768.8838966029139,0.0,0.0,0.0,6.391674597366991e-05,0.0,1.0,0.0,,
2024-01-20 13:00:00,2467.9,2474.03,2467.15,2471.87,4600.8289,0.0001,52,0.0,0.0,trending,,833.8700533673345,0.0,0.0,,,833.8700533673345,0.0,,trending,0.0,{},,366.0,,,,,,,768.8838966029139,0.0,0.0,0.0,768.8838966029139,0.0,0.0,0.0,3.976818250231207e-05,0.0,1.0,0.0,,
2024-01-20 14:00:00,2471.87,2472.62,2460.0,2466.65,7170.3325,0.0001,52,0.0,0.0,trending,,833.8700533673345,0.0,0.0,,,833.8700533673345,0.0,,trending,0.0,{},,367.0,,,,,,,768.8838966029139,0.0,0.0,0.0,768.8838966029139,0.0,0.0,0.0,6.855316578706807e-05,0.0,1.0,0.0,,
2024-01-20 15:00:00,2466.65,2473.99,2458.33,2463.83,7421.1083,0.0001,52,0.0,0.0,trending,,833.8700533673345,0.0,0.0,,,833.8700533673345,0.0,,trending,0.0,{},,368.0,,,,,,,768.8838966029139,0.0,0.0,0.0,768.8838966029139,0.0,0.0,0.0,8.440770179368951e-05,0.0,1.0,0.0,,
2024-01-20 16:00:00,2463.83,2467.81,2456.24,2458.72,7376.4015,0.0001,52,-20.0,0.0,trending,,833.8700533673345,0.0,-2.0,True,True,832.2023132606,-2.004008016032064,,trending,-20.0,{},,369.0,ETHUSDT,2024-01-20 16:00:00,ETHUSDT,2458.72,0.6782960673580843,SHORT,768.8838966029139,0.0,0.0,0.0,768.8838966029139,0.0,0.0,0.0,0.00015200824908098812,-24.63081455135527,1.0,-24.63081455135527,True,True
2024-01-20 17:00:00,2458.71,2464.07,2457.08,2462.08,4787.3262,0.0001,52,-17.993499473316643,0.0,trending,,829.9232384742768,-2.0122574041801022,0.21290745684843793,True,True,829.7463647544741,-1.7997335075760115,,trending,2.0065005266833573,{},,370.0,ETHUSDT,2024-01-20 17:00:00,ETHUSDT,2462.08,0.07176730491412868,REDUCE_SHORT,768.8838966029139,0.0,0.0,0.0,768.8838966029139,0.0,0.0,0.0,0.00011124388704317041,-17.993499473316643,1.0,-17.993499473316643,True,True
2024-01-20 18:00:00,2462.08,2462.59,2454.2,2457.83,5313.7841,0.0001,52,-20.0,0.0,trending,,832.3241119948609,-1.7910626001506873,-0.2089373998493127,True,True,832.1502083590688,-2.000417962127619,,trending,-2.0065005266833573,{},,371.0,ETHUSDT,2024-01-20 18:00:00,ETHUSDT,2457.83,0.07075494879307942,SHORT,768.8838966029139,0.0,0.0,0.0,768.8838966029139,0.0,0.0,0.0,0.00014266480703292535,-23.00921431244234,1.0,-23.00921431244234,True,True
2024-01-20 19:00:00,2457.83,2463.8,2457.72,2461.52,3445.272,0.0001,52,-16.888451397289536,0.0,trending,,829.6510314646041,-2.0094561902021972,0.32061105047324356,True,True,829.3847699143298,-1.6893873181501031,,trending,3.1115486027104637,{},,372.0,ETHUSDT,2024-01-20 19:00:00,ETHUSDT,2461.52,0.10806139650462998,REDUCE_SHORT,768.8838966029139,0.0,0.0,0.0,768.8838966029139,0.0,0.0,0.0,0.00010487386152954013,-16.888451397289536,1.0,-16.888451397289536,True,True
2024-01-20 20:00:00,2461.52,2472.48,2460.2,2466.94,6313.2262,0.0001,52,0.0,0.0,trending,,826.2995849684801,-1.6994287818255718,1.6994287818255718,True,True,824.8939420284341,0.0,,trending,16.888451397289536,{},,373.0,ETHUSDT,2024-01-20 20:00:00,ETHUSDT,2466.94,-0.5692223147324051,CLOSE,768.8838966029139,0.0,0.0,0.0,768.8838966029139,0.0,0.0,0.0,4.8162606851270065e-05,0.0,1.0,0.0,True,True
2024-01-20 21:00:00,2466.94,2472.79,2465.6,2465.61,4273.0199,0.0001,52,0.0,0.0,trending,,824.8939420284341,0.0,0.0,,,824.8939420284341,0.0,,trending,0.0,{},,374.0,,,,,,,768.8838966029139,0.0,0.0,0.0,768.8838966029139,0.0,0.0,0.0,6.236934754902501e-05,0.0,1.0,0.0,,
2024-01-20 22:00:00,2465.6,2473.68,2465.6,2471.85,3969.8625,0.0001,52,0.0,0.0,trending,,824.8939420284341,0.0,0.0,,,824.8939420284341,0.0,,trending,0.0,{},,375.0,,,,,,,768.8838966029139,0.0,0.0,0.0,768.8838966029139,0.0,0.0,0.0,-5.612127599726036e-06,0.0,1.0,0.0,,
2024-01-20 23:00:00,2471.85,2474.88,2468.44,2472.01,5230.5882,0.0001,52,0.0,0.0,trending,,824.8939420284341,0.0,0.0,,,824.8939420284341,0.0,,trending,0.0,{},,376.0,,,,,,,768.8838966029139,0.0,0.0,0.0,768.8838966029139,0.0,0.0,0.0,-8.235599850369236e-06,0.0,1.0,0.0,,
2024-01-21 00:00:00,2472.02,2472.12,2465.0,2465.78,4991.0951,0.0001,56,0.0,0.0,trending,,824.8939420284341,0.0,0.0,,,824.8939420284341,0.0,,trending,0.0,{},,377.0,,,,,,,768.8838966029139,0.0,0.0,0.0,768.8838966029139,0.0,0.0,0.0,7.074952626666308e-05,0.0,1.0,0.0,,
2024-01-21 01:00:00,2465.77,2472.97,2465.2,2469.53,4536.8237,0.0001,56,0.0,0.0,trending,,824.8939420284341,0.0,0.0,,,824.8939420284341,0.0,,trending,0.0,{},,378.0,,,,,,,768.8838966029139,0.0,0.0,0.0,768.8838966029139,0.0,0.0,0.0,2.1185288228568326e-05,0.0,1.0,0.0,,
2024-01-21 02:00:00,2469.53,2477.12,2469.41,2477.11,4577.5395,0.0001,56,15.083923469895685,0.0,trending,,824.8939420284341,0.0,1.5083923469895686,True,True,823.6496783192006,1.509160360580859,,trending,15.083923469895685,{},,379.0,ETHUSDT,2024-01-21 02:00:00,ETHUSDT,2477.11,0.5023045844688959,LONG,768.8838966029139,0.0,0.0,0.0,768.8838966029139,0.0,0.0,0.0,-9.325784738371623e-05,15.083923469895685,1.0,15.083923469895685,True,True
2024-01-21 03:00:00,2477.11,2481.0,2473.22,2475.42,5203.9893,0.0001,56,0.0,0.0,trending,,822.8016324661958,1.5096851423937132,-1.5096851423937132,True,True,821.5594610665244,0.0,,trending,-15.083923469895685,{},,380.0,ETHUSDT,2024-01-21 03:00:00,ETHUSDT,2475.42,0.501802279884427,CLOSE,768.8838966029139,0.0,0.0,0.0,768.8838966029139,0.0,0.0,0.0,-6.716650421801909e-05,0.0,1.0,0.0,True,True
2024-01-21 04:00:00,2475.43,2475.83,2472.42,2474.0,2211.8028,0.0001,56,0.0,0.0,trending,,821.5594610665244,0.0,0.0,,,821.5594610665244,0.0,,trending,0.0,{},,381.0,,,,,,,768.8838966029139,0.0,0.0,0.0,768.8838966029139,0.0,0.0,0.0,-4.443260568451159e-05,0.0,1.0,0.0,,
2024-01-21 05:00:00,2474.01,2475.74,2472.46,2473.18,3043.0265,0.0001,56,0.0,0.0,trending,,821.5594610665244,0.0,0.0,,,821.5594610665244,0.0,,trending,0.0,{},,382.0,,,,,,,768.8838966029139,0.0,0.0,0.0,768.8838966029139,0.0,0.0,0.0,-2.826757545598516e-05,0.0,1.0,0.0,,
2024-01-21 06:00:00,2473.17,2475.0,2468.89,2469.82,3596.5813,0.0001,56,0.0,0.0,trending,,821.5594610665244,0.0,0.0,,,821.5594610665244,0.0,,trending,0.0,{},,383.0,,,,,,,768.8838966029139,0.0,0.0,0.0,768.8838966029139,0.0,0.0,0.0,4.8966305487340704e-05,0.0,1.0,0.0,,
2024-01-21 07:00:00,2469.81,2476.07,2466.64,2476.06,4565.4246,0.0001,56,16.353387661359754,0.0,trending,,821.5594610665244,0.0,1.6353387661359755,True,True,820.2159330311567,1.6363794621403862,,trending,16.353387661359754,{},,384.0,ETHUSDT,2024-01-21 07:00:00,ETHUSDT,2476.06,0.5426072208944319,LONG,768.8838966029139,0.0,0.0,0.0,768.8838966029139,0.0,0.0,0.0,-0.00010103870669224055,16.353387661359754,1.0,16.353387661359754,True,True
2024-01-21 08:00:00,2476.06,2479.36,2472.38,2474.2,5273.3821,0.0001,56,0.0,0.0,trending,,819.2076928497238,1.637162686406917,-1.637162686406917,True,True,817.8665165825728,0.0,,trending,-16.353387661359754,{},,385.0,ETHUSDT,2024-01-21 08:00:00,ETHUSDT,2474.2,0.5420646136735375,CLOSE,768.8838966029139,0.0,0.0,0.0,768.8838966029139,0.0,0.0,0.0,-5.2616479053064286e-05,0.0,1.0,0.0,True,True
2024-01-21 09:00:00,2474.21,2477.51,2473.2,2477.42,3739.6343,0.0001,56,20.0,0.0,trending,,817.8665165825728,0.0,2.0,True,True,816.2307835494078,2.0020040080160317,,trending,20.0,{},,386.0,ETHUSDT,2024-01-21 09:00:00,ETHUSDT,2477.42,0.6602566513409699,LONG,768.8838966029139,0.0,0.0,0.0,768.8838966029139,0.0,0.0,0.0,-0.00012463385842210952,20.134866182634337,1.0,20.134866182634337,True,True
2024-01-21 10:00:00,2477.41,2482.18,2476.02,2479.98,5127.4437,0.0001,56,20.0,0.0,trending,,817.9193503198132,1.999935404710477,6.459528952307281e-05,False,,817.9193503198132,1.999935404710477,,trending,0.0,{},,387.0,ETHUSDT,2024-01-21 10:00:00,,,,,768.8838966029139,0.0,0.0,0.0,768.8838966029139,0.0,0.0,0.0,-0.0001695460430434164,27.289121281750223,1.0,27.289121281750223,True,False
2024-01-21 11:00:00,2479.97,2481.19,2471.98,2473.65,5202.6591,0.0001,56,0.0,0.0,trending,,813.744105141428,2.0050659800975494,-2.0050659800975494,True,True,812.1124945197041,0.0,,trending,-20.0,{},,388.0,ETHUSDT,2024-01-21 11:00:00,ETHUSDT,2473.65,0.6595963946896289,CLOSE,768.8838966029139,0.0,0.0,0.0,768.8838966029139,0.0,0.0,0.0,-1.1752098451137002e-05,0.0,1.0,0.0,True,True
2024-01-21 12:00:00,2473.65,2475.22,2471.27,2471.9,5597.4186,0.0001,56,0.0,0.0,trending,,812.1124945197041,0.0,0.0,,,812.1124945197041,0.0,,trending,0.0,{},,389.0,,,,,,,768.8838966029139,0.0,0.0,0.0,768.8838966029139,0.0,0.0,0.0,2.8772774654189863e-05,0.0,1.0,0.0,,
2024-01-21 13:00:00,2471.91,2480.8,2471.9,2479.36,7951.7266,0.0001,56,20.0,0.0,trending,,812.1124945197041,0.0,2.0,True,True,810.4882695306646,2.002004008016032,,trending,20.0,{},,390.0,ETHUSDT,2024-01-21 13:00:00,ETHUSDT,2479.36,0.6550984887387907,LONG,768.8838966029139,0.0,0.0,0.0,768.8838966029139,0.0,0.0,0.0,-0.00013005368364746444,20.943981820537942,1.0,20.943981820537942,True,True
2024-01-21 14:00:00,2479.36,2481.05,2475.0,2478.13,8647.0941,0.0001,56,15.798174655518917,0.0,trending,,809.6833041606571,2.0030001734586405,-0.4231827079067487,True,True,809.3406601874556,1.5804863000241451,,trending,-4.201825344481083,{},,391.0,ETHUSDT,2024-01-21 14:00:00,ETHUSDT,2478.13,0.13826715031156175,REDUCE_LONG,768.8838966029139,0.0,0.0,0.0,768.8838966029139,0.0,0.0,0.0,-9.822120940073104e-05,15.798174655518917,1.0,15.798174655518917,True,True
2024-01-21 15:00:00,2478.12,2480.74,2464.08,2468.01,8551.5874,0.0001,56,-18.535410918146848,0.0,trending,,804.1169566392782,1.58425725438603,-3.437798346200715,True,True,801.3525646955916,-1.8599351738794887,,trending,-34.333585573665765,{},,392.0,ETHUSDT,2024-01-21 15:00:00,ETHUSDT,2468.01,0.6039132020355952,SHORT,768.8838966029139,0.0,0.0,0.0,768.8838966029139,0.0,0.0,0.0,0.00011544806342379547,-18.535410918146848,1.0,-18.535410918146848,True,True
2024-01-21 16:00:00,2468.01,2473.92,2464.16,2471.8,6804.964,0.0001,56,0.0,0.0,trending,,799.0637336598766,-1.8681271466976352,1.8681271466976352,True,True,797.5694867601853,0.0,,trending,18.535410918146848,{},,393.0,ETHUSDT,2024-01-21 16:00:00,ETHUSDT,2471.8,-0.6039132020355952,CLOSE,768.8838966029139,0.0,0.0,0.0,768.8838966029139,0.0,0.0,0.0,3.55811551247661e-05,0.0,1.0,0.0,True,True
2024-01-21 17:00:00,2471.81,2476.66,2471.37,2474.52,4534.7796,0.0001,56,0.0,0.0,trending,,797.5694867601853,0.0,0.0,,,797.5694867601853,0.0,,trending,0.0,{},,394.0,,,,,,,768.8838966029139,0.0,0.0,0.0,768.8838966029139,0.0,0.0,0.0,-2.877153781496423e-05,0.0,1.0,0.0,,
2024-01-21 18:00:00,2474.52,2478.49,2471.17,2474.31,3627.7906,0.0001,56,0.0,0.0,trending,,797.5694867601853,0.0,0.0,,,797.5694867601853,0.0,,trending,0.0,{},,395.0,,,,,,,768.8838966029139,0.0,0.0,0.0,768.8838966029139,0.0,0.0,0.0,-2.767007229166951e-05,0.0,1.0,0.0,,
2024-01-21 19:00:00,2474.31,2475.06,2470.73,2474.26,3106.6029,0.0001,56,0.0,0.0,trending,,797.5694867601853,0.0,0.0,,,797.5694867601853,0.0,,trending,0.0,{},,396.0,,,,,,,768.8838966029139,0.0,0.0,0.0,768.8838966029139,0.0,0.0,0.0,-3.0126924046566446e-05,0.0,1.0,0.0,,
2024-01-21 20:00:00,2474.27,2475.4,2466.77,2467.3,4300.7095,0.0001,56,-20.0,0.0,trending,,797.5694867601853,0.0,-2.0,True,True,795.9743477866648,-2.0040080160320644,,trending,-20.0,{},,397.0,ETHUSDT,2024-01-21 20:00:00,ETHUSDT,2467.3,0.6465119659224133,SHORT,768.8838966029139,0.0,0.0,0.0,768.8838966029139,0.0,0.0,0.0,0.00022364608832093315,-35.86540989283914,1.0,-35.86540989283914,True,True
2024-01-21 21:00:00,2467.3,2474.1,2465.51,2473.42,3129.9044,0.0001,56,0.0,0.0,trending,,792.0176945552196,-2.0190150267410805,2.0190150267410805,True,True,790.4169982321446,0.0,,trending,20.0,{},,398.0,ETHUSDT,2024-01-21 21:00:00,ETHUSDT,2473.42,-0.6465119659224133,CLOSE,768.8838966029139,0.0,0.0,0.0,768.8838966029139,0.0,0.0,0.0,-1.3034739561848552e-05,0.0,1.0,0.0,True,True
2024-01-21 22:00:00,2473.42,2473.72,2460.0,2462.18,5242.5242,0.0001,56,-20.0,0.0,trending,,790.4169982321446,0.0,-2.0,True,True,788.8361642356804,-2.004008016032064,,trending,-20.0,{},,399.0,ETHUSDT,2024-01-21 22:00:00,ETHUSDT,2462.18,0.6420464777003668,SHORT,768.8838966029139,0.0,0.0,0.0,768.8838966029139,0.0,0.0,0.0,0.0003133189366592386,-49.909730263771344,1.0,-49.909730263771344,True,True
2024-01-21 23:00:00,2462.18,2464.06,2452.13,2457.05,9007.6648,0.0001,56,-20.0,0.0,trending,,792.1298626662831,-1.991517265519744,-0.008482734480256049,False,,792.1298626662831,-1.991517265519744,,trending,0.0,{},,400.0,ETHUSDT,2024-01-21 23:00:00,,,,,768.8838966029139,0.0,0.0,0.0,768.8838966029139,0.0,0.0,0.0,0.00034759914231242083,-54.85295004697031,1.0,-54.85295004697031,True,False
2024-01-22 00:00:00,2457.06,2464.49,2452.2,2462.12,7488.8059,0.0001,55,-20.0,0.0,trending,,788.8746870243424,-2.003861322561169,0.0038613225611690005,False,,788.8746870243424,-2.003861322561169,,trending,0.0,{},,401.0,ETHUSDT,2024-01-22 00:00:00,,,,,768.8838966029139,0.0,0.0,0.0,768.8838966029139,0.0,0.0,0.0,0.00019703437997583038,-30.95757351327829,1.0,-30.95757351327829,True,False
2024-01-22 01:00:00,2462.12,2466.1,2435.47,2439.38,21340.5482,0.0001,55,-20.0,0.0,trending,,803.4748239272487,-1.949277426164299,-0.05072257383570089,False,,803.4748239272487,-1.949277426164299,,trending,0.0,{},,402.0,ETHUSDT,2024-01-22 01:00:00,,,,,768.8838966029139,0.0,0.0,0.0,768.8838966029139,0.0,0.0,0.0,0.0003452097986613142,-53.74627463883339,1.0,-53.74627463883339,True,False
2024-01-22 02:00:00,2439.39,2446.44,2432.24,2436.25,10520.1876,0.0001,55,-20.0,0.0,trending,,805.4844294024508,-1.9419192652276482,-0.05808073477235176,False,,805.4844294024508,-1.9419192652276482,,trending,0.0,{},,403.0,ETHUSDT,2024-01-22 02:00:00,,,,,768.8838966029139,0.0,0.0,0.0,768.8838966029139,0.0,0.0,0.0,0.00028916782393112846,-44.69758813069528,1.0,-44.69758813069528,True,False
2024-01-22 03:00:00,2436.24,2439.4,2424.0,2437.56,12446.6574,0.0001,55,-20.0,0.0,trending,,804.6433485166633,-1.9449944066130513,-0.05500559338694866,False,,804.6433485166633,-1.9449944066130513,,trending,0.0,{},,404.0,ETHUSDT,2024-01-22 03:00:00,,,,,768.8838966029139,0.0,0.0,0.0,768.8838966029139,0.0,0.0,0.0,0.00023666049520367356,-36.38196531075797,1.0,-36.38196531075797,True,False
2024-01-22 04:00:00,2437.56,2438.69,2416.02,2416.61,27092.2625,0.0001,55,-20.0,0.0,trending,,818.094222224486,-1.8965736419169201,-0.10342635808307987,False,,818.094222224486,-1.8965736419169201,,trending,0.0,{},,405.0,ETHUSDT,2024-01-22 04:00:00,,,,,768.8838966029139,0.0,0.0,0.0,768.8838966029139,0.0,0.0,0.0,0.00025798999043646914,-39.42037624225116,1.0,-39.42037624225116,True,False
2024-01-22 05:00:00,2416.6,2431.2,2402.5,2427.14,22071.6253,0.0001,55,-20.0,0.0,trending,,811.3334728143013,-1.920710460127092,-0.0792895398729081,False,,811.3334728143013,-1.920710460127092,,trending,0.0,{},,406.0,ETHUSDT,2024-01-22 05:00:00,,,,,768.8838966029139,0.0,0.0,0.0,768.8838966029139,0.0,0.0,0.0,0.00015821775721305977,-24.10520584916506,1.0,-24.10520584916506,True,False
2024-01-22 06:00:00,2427.14,2436.16,2420.82,2430.17,12403.3142,0.0001,55,-19.708921011529753,0.0,trending,,809.3880719868691,-1.9277305197776786,-0.0431615813752968,False,,809.3880719868691,-1.9277305197776786,,trending,0.2910789884702467,{},,407.0,ETHUSDT,2024-01-22 06:00:00,,,,,768.8838966029139,0.0,0.0,0.0,768.8838966029139,0.0,0.0,0.0,0.0001296205649518159,-19.708921011529753,1.0,-19.708921011529753,True,False
2024-01-22 07:00:00,2430.17,2430.72,2417.94,2420.8,8261.2882,0.0001,55,-20.0,0.0,trending,,815.4040474829214,-1.9061299953255408,-0.09387000467445916,False,,815.4040474829214,-1.9061299953255408,,trending,-0.2910789884702467,{},,408.0,ETHUSDT,2024-01-22 07:00:00,,,,,768.8838966029139,0.0,0.0,0.0,768.8838966029139,0.0,0.0,0.0,0.00014822125414037243,-22.47953826318945,1.0,-22.47953826318945,True,False
2024-01-22 08:00:00,2420.8,2420.8,2395.23,2411.07,28001.8925,0.0001,55,-20.0,0.0,trending,,821.6511597109459,-1.8840343407214462,-0.11596565927855385,False,,821.6511597109459,-1.8840343407214462,,trending,0.0,{},,409.0,ETHUSDT,2024-01-22 08:00:00,,,,,768.8838966029139,0.0,0.0,0.0,768.8838966029139,0.0,0.0,0.0,0.00015869104504336517,-23.99851082879446,1.0,-23.99851082879446,True,False
2024-01-22 09:00:00,2411.07,2416.05,2385.0,2389.32,24961.6792,0.0001,55,-20.0,0.0,trending,,835.615670600929,-1.8358373880133587,-0.16416261198664128,False,,835.615670600929,-1.8358373880133587,,trending,0.0,{},,410.0,ETHUSDT,2024-01-22 09:00:00,,,,,768.8838966029139,0.0,0.0,0.0,768.8838966029139,0.0,0.0,0.0,0.00017423489193431132,-26.26172835899085,1.0,-26.26172835899085,True,False
2024-01-22 10:00:00,2389.31,2392.8,2361.6,2381.35,41215.2771,0.0001,55,-20.0,0.0,trending,,840.7327810282011,-1.81857709628249,-0.1814229037175099,False,,840.7327810282011,-1.81857709628249,,trending,0.0,{},,411.0,ETHUSDT,2024-01-22 10:00:00,,,,,768.8838966029139,0.0,0.0,0.0,768.8838966029139,0.0,0.0,0.0,0.00016514260984076064,-24.816174329606454,1.0,-24.816174329606454,True,False
2024-01-22 11:00:00,2381.35,2390.88,2376.46,2381.34,18283.2427,0.0001,55,-20.0,0.0,trending,,840.7392014929778,-1.8185555716825486,-0.18144442831745144,False,,840.7392014929778,-1.8185555716825486,,trending,0.0,{},,412.0,ETHUSDT,2024-01-22 11:00:00,,,,,768.8838966029139,0.0,0.0,0.0,768.8838966029139,0.0,0.0,0.0,0.00015176707630265492,-22.74712899465824,1.0,-22.74712899465824,True,False
2024-01-22 12:00:00,2381.34,2383.68,2367.65,2377.35,19118.1955,0.0001,55,-20.0,0.0,trending,,843.3009669390026,-1.8099934111321514,-0.1900065888678486,False,,843.3009669390026,-1.8099934111321514,,trending,0.0,{},,413.0,ETHUSDT,2024-01-22 12:00:00,,,,,768.8838966029139,0.0,0.0,0.0,768.8838966029139,0.0,0.0,0.0,0.00014581512744764094,-21.80271764996649,1.0,-21.80271764996649,True,False
2024-01-22 13:00:00,2377.36,2404.97,2376.9,2387.85,21580.5516,0.0001,55,-15.52575912167715,0.0,trending,,836.5594789231486,-1.8326379897700755,0.28006207760236035,True,True,836.3249558143348,-1.5530112871102653,,trending,4.474240878322849,{},,414.0,ETHUSDT,2024-01-22 13:00:00,ETHUSDT,2387.85,0.09811696115968968,REDUCE_SHORT,768.8838966029139,0.0,0.0,0.0,768.8838966029139,0.0,0.0,0.0,0.00010395152328912329,-15.52575912167715,1.0,-15.52575912167715,True,True
2024-01-22 14:00:00,2387.85,2391.17,2356.0,2370.57,29415.6673,0.0001,55,-17.973276153228856,0.0,trending,,845.7240578601575,-1.5246379502178502,-0.27268966510503545,True,True,845.4934376500482,-1.7978178616735052,,trending,-2.4475170315517047,{},,415.0,ETHUSDT,2024-01-22 14:00:00,ETHUSDT,2370.57,0.0972847079433039,SHORT,768.8838966029139,0.0,0.0,0.0,768.8838966029139,0.0,0.0,0.0,0.00012053283470363084,-17.973276153228856,1.0,-17.973276153228856,True,True
2024-01-22 15:00:00,2370.56,2384.97,2353.61,2379.61,30455.3563,0.0001,55,0.0,0.0,trending,,839.696861060713,-1.8171316953559538,1.8171316953559538,True,True,838.1694939128408,0.0,,trending,17.973276153228856,{},,416.0,ETHUSDT,2024-01-22 15:00:00,ETHUSDT,2379.61,-0.641214224483981,CLOSE,768.8838966029139,0.0,0.0,0.0,768.8838966029139,0.0,0.0,0.0,9.055268144620934e-05,0.0,1.0,0.0,True,True
2024-01-22 16:00:00,2379.6,2385.08,2362.5,2366.04,17688.4886,0.0001,55,-15.436090827629645,0.0,trending,,838.1694939128408,0.0,-1.5436090827629645,True,True,836.8756878691424,-1.5459954954516537,,trending,-15.436090827629645,{},,417.0,ETHUSDT,2024-01-22 16:00:00,ETHUSDT,2366.04,0.5468234026891762,SHORT,768.8838966029139,0.0,0.0,0.0,768.8838966029139,0.0,0.0,0.0,0.00010370428652084658,-15.436090827629645,1.0,-15.436090827629645,True,True
2024-01-22 17:00:00,2366.04,2381.98,2358.35,2376.6,16406.6076,0.0001,55,0.0,0.0,trending,,831.1012327367448,-1.5636849611589305,1.5636849611589305,True,True,829.8003513565334,0.0,,trending,15.436090827629645,{},,418.0,ETHUSDT,2024-01-22 17:00:00,ETHUSDT,2376.6,-0.5468234026891762,CLOSE,768.8838966029139,0.0,0.0,0.0,768.8838966029139,0.0,0.0,0.0,7.588203782360951e-05,0.0,1.0,0.0,True,True
2024-01-22 18:00:00,2376.59,2381.62,2352.25,2366.81,21601.7377,0.0001,55,0.0,0.0,trending,,829.8003513565334,0.0,0.0,,,829.8003513565334,0.0,,trending,0.0,{},,419.0,,,,,,,768.8838966029139,0.0,0.0,0.0,768.8838966029139,0.0,0.0,0.0,8.84809118687918e-05,0.0,1.0,0.0,,
2024-01-22 19:00:00,2366.8,2377.5,2305.27,2321.87,54718.1976,0.0001,55,-18.076948620929457,0.0,trending,,829.8003513565334,0.0,-1.8076948620929456,True,True,828.3003255248232,-1.8109685406192353,,trending,-18.076948620929457,{},,420.0,ETHUSDT,2024-01-22 19:00:00,ETHUSDT,2321.87,0.6460421262646602,SHORT,768.8838966029139,0.0,0.0,0.0,768.8838966029139,0.0,0.0,0.0,0.00012114489779959712,-18.076948620929457,1.0,-18.076948620929457,True,True
2024-01-22 20:00:00,2321.88,2351.53,2319.2,2340.49,28187.9836,0.0001,55,0.0,0.0,trending,,816.2710211337753,-1.8523935028355856,1.8523935028355856,True,True,814.7574524289694,0.0,,trending,18.076948620929457,{},,421.0,ETHUSDT,2024-01-22 20:00:00,ETHUSDT,2340.49,-0.6460421262646602,CLOSE,768.8838966029139,0.0,0.0,0.0,768.8838966029139,0.0,0.0,0.0,8.200957466279869e-05,0.0,1.0,0.0,True,True
2024-01-22 21:00:00,2340.48,2340.49,2323.65,2327.41,12407.4683,0.0001,55,0.0,0.0,trending,,814.7574524289694,0.0,0.0,,,814.7574524289694,0.0,,trending,0.0,{},,422.0,,,,,,,768.8838966029139,0.0,0.0,0.0,768.8838966029139,0.0,0.0,0.0,9.210774004311131e-05,0.0,1.0,0.0,,
2024-01-22 22:00:00,2327.41,2335.48,2303.59,2320.62,18572.8138,0.0001,55,0.0,0.0,trending,,814.7574524289694,0.0,0.0,,,814.7574524289694,0.0,,trending,0.0,{},,423.0,,,,,,,768.8838966029139,0.0,0.0,0.0,768.8838966029139,0.0,0.0,0.0,9.584058134130305e-05,0.0,1.0,0.0,,
2024-01-22 23:00:00,2320.61,2327.33,2308.53,2314.2,22097.8005,0.0001,55,0.0,0.0,trending,,814.7574524289694,0.0,0.0,,,814.7574524289694,0.0,,trending,0.0,{},,424.0,,,,,,,768.8838966029139,0.0,0.0,0.0,768.8838966029139,0.0,0.0,0.0,9.922646179763438e-05,0.0,1.0,0.0,,
2024-01-23 00:00:00,2314.19,2330.45,2312.67,2326.36,19206.8934,0.0001,50,0.0,0.0,trending,,814.7574524289694,0.0,0.0,,,814.7574524289694,0.0,,trending,0.0,{},,425.0,,,,,,,768.8838966029139,0.0,0.0,0.0,768.8838966029139,0.0,0.0,0.0,7.817351511052571e-05,0.0,1.0,0.0,,
2024-01-23 01:00:00,2326.35,2336.0,2324.03,2334.3,11234.136,0.0001,50,0.0,0.0,trending,,814.7574524289694,0.0,0.0,,,814.7574524289694,0.0,,trending,0.0,{},,426.0,,,,,,,768.8838966029139,0.0,0.0,0.0,768.8838966029139,0.0,0.0,0.0,6.453477928886678e-05,0.0,1.0,0.0,,
2024-01-23 02:00:00,2334.31,2339.58,2329.29,2339.38,11835.4217,0.0001,50,0.0,0.0,trending,,814.7574524289694,0.0,0.0,,,814.7574524289694,0.0,,trending,0.0,{},,427.0,,,,,,,768.8838966029139,0.0,0.0,0.0,768.8838966029139,0.0,0.0,0.0,5.688609964715673e-05,0.0,1.0,0.0,,
2024-01-23 03:00:00,2339.37,2342.95,2337.65,2339.16,8356.9227,0.0001,50,0.0,0.0,trending,,814.7574524289694,0.0,0.0,,,814.7574524289694,0.0,,trending,0.0,{},,428.0,,,,,,,768.8838966029139,0.0,0.0,0.0,768.8838966029139,0.0,0.0,0.0,6.037834212378245e-05,0.0,1.0,0.0,,
2024-01-23 04:00:00,2339.16,2352.23,2339.16,2344.47,15770.309,0.0001,50,0.0,0.0,trending,,814.7574524289694,0.0,0.0,,,814.7574524289694,0.0,,trending,0.0,{},,429.0,,,,,,,768.8838966029139,0.0,0.0,0.0,768.8838966029139,0.0,0.0,0.0,5.015903481703311e-05,0.0,1.0,0.0,,
2024-01-23 05:00:00,2344.47,2350.55,2343.7,2348.21,16083.2594,0.0001,50,0.0,0.0,trending,,814.7574524289694,0.0,0.0,,,814.7574524289694,0.0,,trending,0.0,{},,430.0,,,,,,,768.8838966029139,0.0,0.0,0.0,768.8838966029139,0.0,0.0,0.0,4.459262202893608e-05,0.0,1.0,0.0,,
2024-01-23 06:00:00,2348.22,2350.7,2343.17,2345.75,6316.7945,0.0001,50,0.0,0.0,trending,,814.7574524289694,0.0,0.0,,,814.7574524289694,0.0,,trending,0.0,{},,431.0,,,,,,,768.8838966029139,0.0,0.0,0.0,768.8838966029139,0.0,0.0,0.0,5.4478400050405335e-05,0.0,1.0,0.0,,
2024-01-23 07:00:00,2345.75,2347.33,2316.12,2323.49,25931.6681,0.0001,50,-15.581452168823704,0.0,trending,,814.7574524289694,0.0,-1.5581452168823704,True,True,813.4879420015482,-1.5605768221934482,,trending,-15.581452168823704,{},,432.0,ETHUSDT,2024-01-23 07:00:00,ETHUSDT,2323.49,0.5463808440843146,SHORT,768.8838966029139,0.0,0.0,0.0,768.8838966029139,0.0,0.0,0.0,0.00010240084919458926,-15.581452168823704,1.0,-15.581452168823704,True,True
2024-01-23 08:00:00,2323.49,2326.83,2286.15,2294.06,36453.5906,0.0001,50,-20.0,0.0,trending,,829.5679302429494,-1.5109437015157758,-0.48905629848422416,True,True,829.1622248216438,-2.0009785911831495,,trending,-4.418547831176296,{},,433.0,ETHUSDT,2024-01-23 08:00:00,ETHUSDT,2294.06,0.17685039680995088,SHORT,768.8838966029139,0.0,0.0,0.0,768.8838966029139,0.0,0.0,0.0,0.00014564102152699973,-22.099955823860814,1.0,-22.099955823860814,True,True
2024-01-23 09:00:00,2294.06,2297.22,2213.18,2216.1,96431.7509,0.0001,50,-20.0,0.0,trending,,885.5453323617608,-1.8099048059699208,-0.19009519403007924,False,,885.5453323617608,-1.8099048059699208,,trending,0.0,{},,434.0,ETHUSDT,2024-01-23 09:00:00,,,,,768.8838966029139,0.0,0.0,0.0,768.8838966029139,0.0,0.0,0.0,0.00015620119199269327,-23.6407585853162,1.0,-23.6407585853162,True,False
2024-01-23 10:00:00,2216.11,2240.88,2214.52,2223.35,37554.4649,0.0001,50,-18.33823947405911,0.0,trending,,880.3019058652771,-1.8266417109045263,-0.007182236501384942,False,,880.3019058652771,-1.8266417109045263,,trending,1.6617605259408883,{},,435.0,ETHUSDT,2024-01-23 10:00:00,,,,,768.8838966029139,0.0,0.0,0.0,768.8838966029139,0.0,0.0,0.0,0.00012155634992200416,-18.33823947405911,1.0,-18.33823947405911,True,False
2024-01-23 11:00:00,2223.35,2234.36,2203.11,2218.14,37279.7292,0.0001,50,-16.700394309908535,0.0,trending,,884.0699406303363,-1.814594152509474,0.14455472151862048,False,,884.0699406303363,-1.814594152509474,,trending,1.6378451641505762,{},,436.0,ETHUSDT,2024-01-23 11:00:00,,,,,768.8838966029139,0.0,0.0,0.0,768.8838966029139,0.0,0.0,0.0,0.00011106660889427227,-16.700394309908535,1.0,-16.700394309908535,True,False
2024-01-23 12:00:00,2218.14,2227.06,2201.0,2224.84,43105.6796,0.0001,50,0.0,0.0,trending,,879.2242913163445,-1.83010616276553,1.83010616276553,True,True,877.6136068378748,0.0,,trending,16.700394309908535,{},,437.0,ETHUSDT,2024-01-23 12:00:00,ETHUSDT,2224.84,-0.7232312408942655,CLOSE,768.8838966029139,0.0,0.0,0.0,768.8838966029139,0.0,0.0,0.0,9.418389742578194e-05,0.0,1.0,0.0,True,True
2024-01-23 13:00:00,2224.83,2225.42,2200.0,2200.28,21356.1833,0.0001,50,0.0,0.0,trending,,877.6136068378748,0.0,0.0,,,877.6136068378748,0.0,,trending,0.0,{},,438.0,,,,,,,768.8838966029139,0.0,0.0,0.0,768.8838966029139,0.0,0.0,0.0,9.765662664329276e-05,0.0,1.0,0.0,,
2024-01-23 14:00:00,2200.28,2200.28,2168.07,2195.26,74326.2385,0.0001,50,0.0,0.0,trending,,877.6136068378748,0.0,0.0,,,877.6136068378748,0.0,,trending,0.0,{},,439.0,,,,,,,768.8838966029139,0.0,0.0,0.0,768.8838966029139,0.0,0.0,0.0,9.323162322960341e-05,0.0,1.0,0.0,,
2024-01-23 15:00:00,2195.26,2232.98,2195.05,2219.39,48001.186,0.0001,50,0.0,0.0,trending,,877.6136068378748,0.0,0.0,,,877.6136068378748,0.0,,trending,0.0,{},,440.0,,,,,,,768.8838966029139,0.0,0.0,0.0,768.8838966029139,0.0,0.0,0.0,6.30930165114259e-05,0.0,1.0,0.0,,
2024-01-23 16:00:00,2219.39,2220.73,2191.8,2216.59,30303.1661,0.0001,50,0.0,0.0,trending,,877.6136068378748,0.0,0.0,,,877.6136068378748,0.0,,trending,0.0,{},,441.0,,,,,,,768.8838966029139,0.0,0.0,0.0,768.8838966029139,0.0,0.0,0.0,6.366555547090629e-05,0.0,1.0,0.0,,
2024-01-23 17:00:00,2216.59,2232.01,2205.93,2208.3,36531.4136,0.0001,50,0.0,0.0,trending,,877.6136068378748,0.0,0.0,,,877.6136068378748,0.0,,trending,0.0,{},,442.0,,,,,,,768.8838966029139,0.0,0.0,0.0,768.8838966029139,0.0,0.0,0.0,6.779271505890382e-05,0.0,1.0,0.0,,
2024-01-23 18:00:00,2208.3,2225.08,2189.4,2189.74,23908.801,0.0001,50,0.0,0.0,trending,,877.6136068378748,0.0,0.0,,,877.6136068378748,0.0,,trending,0.0,{},,443.0,,,,,,,768.8838966029139,0.0,0.0,0.0,768.8838966029139,0.0,0.0,0.0,7.532610383405963e-05,0.0,1.0,0.0,,
2024-01-23 19:00:00,2189.74,2196.85,2181.0,2185.7,25604.6593,0.0001,50,0.0,0.0,trending,,877.6136068378748,0.0,0.0,,,877.6136068378748,0.0,,trending,0.0,{},,444.0,,,,,,,768.8838966029139,0.0,0.0,0.0,768.8838966029139,0.0,0.0,0.0,7.434074647671102e-05,0.0,1.0,0.0,,
2024-01-23 20:00:00,2185.69,2203.06,2183.04,2198.93,20569.746,0.0001,50,0.0,0.0,trending,,877.6136068378748,0.0,0.0,,,877.6136068378748,0.0,,trending,0.0,{},,445.0,,,,,,,768.8838966029139,0.0,0.0,0.0,768.8838966029139,0.0,0.0,0.0,5.812211826031924e-05,0.0,1.0,0.0,,
2024-01-23 21:00:00,2198.93,2206.25,2189.13,2203.19,12776.7905,0.0001,50,0.0,0.0,trending,,877.6136068378748,0.0,0.0,,,877.6136068378748,0.0,,trending,0.0,{},,446.0,,,,,,,768.8838966029139,0.0,0.0,0.0,768.8838966029139,0.0,0.0,0.0,5.306976915689404e-05,0.0,1.0,0.0,,
2024-01-23 22:00:00,2203.19,2229.86,2202.61,2226.41,12734.8142,0.0001,50,0.0,0.0,trending,,877.6136068378748,0.0,0.0,,,877.6136068378748,0.0,,trending,0.0,{},,447.0,,,,,,,768.8838966029139,0.0,0.0,0.0,768.8838966029139,0.0,0.0,0.0,2.874659363751636e-05,0.0,1.0,0.0,,
2024-01-23 23:00:00,2226.42,2248.21,2226.38,2242.6,28431.7129,0.0001,50,0.0,0.0,trending,,877.6136068378748,0.0,0.0,,,877.6136068378748,0.0,,trending,0.0,{},,448.0,,,,,,,768.8838966029139,0.0,0.0,0.0,768.8838966029139,0.0,0.0,0.0,1.4209862204913521e-05,0.0,1.0,0.0,,
2024-01-24 00:00:00,2242.6,2255.66,2232.0,2244.43,24558.1486,0.0001,48,0.0,0.0,trending,,877.6136068378748,0.0,0.0,,,877.6136068378748,0.0,,trending,0.0,{},,449.0,,,,,,,768.8838966029139,0.0,0.0,0.0,768.8838966029139,0.0,0.0,0.0,1.2937400502501594e-05,0.0,1.0,0.0,,
2024-01-24 01:00:00,2244.43,2244.74,2219.58,2222.93,32683.8136,0.0001,48,0.0,0.0,trending,,877.6136068378748,0.0,0.0,,,877.6136068378748,0.0,,trending,0.0,{},,450.0,,,,,,,768.8838966029139,0.0,0.0,0.0,768.8838966029139,0.0,0.0,0.0,2.988660794931052e-05,0.0,1.0,0.0,,
2024-01-24 02:00:00,2222.92,2232.6,2221.16,2222.56,6716.9232,0.0001,48,0.0,0.0,trending,,877.6136068378748,0.0,0.0,,,877.6136068378748,0.0,,trending,0.0,{},,451.0,,,,,,,768.8838966029139,0.0,0.0,0.0,768.8838966029139,0.0,0.0,0.0,3.1862917183858594e-05,0.0,1.0,0.0,,
2024-01-24 03:00:00,2222.56,2225.28,2211.64,2213.45,10980.483,0.0001,48,0.0,0.0,trending,,877.6136068378748,0.0,0.0,,,877.6136068378748,0.0,,trending,0.0,{},,452.0,,,,,,,768.8838966029139,0.0,0.0,0.0,768.8838966029139,0.0,0.0,0.0,4.181966737362714e-05,0.0,1.0,0.0,,
2024-01-24 04:00:00,2213.46,2221.29,2213.15,2214.18,6346.3553,0.0001,48,0.0,0.0,trending,,877.6136068378748,0.0,0.0,,,877.6136068378748,0.0,,trending,0.0,{},,453.0,,,,,,,768.8838966029139,0.0,0.0,0.0,768.8838966029139,0.0,0.0,0.0,4.522265209453089e-05,0.0,1.0,0.0,,
2024-01-24 05:00:00,2214.18,2230.36,2214.17,2227.41,12473.3821,0.0001,48,0.0,0.0,trending,,877.6136068378748,0.0,0.0,,,877.6136068378748,0.0,,trending,0.0,{},,454.0,,,,,,,768.8838966029139,0.0,0.0,0.0,768.8838966029139,0.0,0.0,0.0,2.976683109196136e-05,0.0,1.0,0.0,,
2024-01-24 06:00:00,2227.42,2233.6,2220.52,2232.7,10865.216,0.0001,48,0.0,0.0,trending,,877.6136068378748,0.0,0.0,,,877.6136068378748,0.0,,trending,0.0,{},,455.0,,,,,,,768.8838966029139,0.0,0.0,0.0,768.8838966029139,0.0,0.0,0.0,2.6984709626881302e-05,0.0,1.0,0.0,,
2024-01-24 07:00:00,2232.69,2244.98,2227.43,2234.51,12376.094,0.0001,48,0.0,0.0,trending,,877.6136068378748,0.0,0.0,,,877.6136068378748,0.0,,trending,0.0,{},,456.0,,,,,,,768.8838966029139,0.0,0.0,0.0,768.8838966029139,0.0,0.0,0.0,3.176383672156701e-05,0.0,1.0,0.0,,
2024-01-24 08:00:00,2234.5,2240.68,2229.0,2236.19,9791.0718,0.0001,48,0.0,0.0,trending,,877.6136068378748,0.0,0.0,,,877.6136068378748,0.0,,trending,0.0,{},,457.0,,,,,,,768.8838966029139,0.0,0.0,0.0,768.8838966029139,0.0,0.0,0.0,3.661266517612349e-05,0.0,1.0,0.0,,
2024-01-24 09:00:00,2236.19,2246.65,2233.9,2238.83,14065.7702,0.0001,48,0.0,0.0,trending,,877.6136068378748,0.0,0.0,,,877.6136068378748,0.0,,trending,0.0,{},,458.0,,,,,,,768.8838966029139,0.0,0.0,0.0,768.8838966029139,0.0,0.0,0.0,2.3450331233003967e-05,0.0,1.0,0.0,,
2024-01-24 10:00:00,2238.82,2264.6,2235.6,2256.2,18596.4004,0.0001,48,0.0,0.0,trending,,877.6136068378748,0.0,0.0,,,877.6136068378748,0.0,,trending,0.0,{},,459.0,,,,,,,768.8838966029139,0.0,0.0,0.0,768.8838966029139,0.0,0.0,0.0,-4.329321377192801e-05,0.0,1.0,0.0,,
2024-01-24 11:00:00,2256.19,2257.16,2238.81,2244.16,13432.767,0.0001,48,0.0,0.0,trending,,877.6136068378748,0.0,0.0,,,877.6136068378748,0.0,,trending,0.0,{},,460.0,,,,,,,768.8838966029139,0.0,0.0,0.0,768.8838966029139,0.0,0.0,0.0,2.4513538454387954e-06,0.0,1.0,0.0,,
2024-01-24 12:00:00,2244.16,2248.19,2232.59,2234.48,13972.4265,0.0001,48,0.0,0.0,trending,,877.6136068378748,0.0,0.0,,,877.6136068378748,0.0,,trending,0.0,{},,461.0,,,,,,,768.8838966029139,0.0,0.0,0.0,768.8838966029139,0.0,0.0,0.0,3.495937180323133e-05,0.0,1.0,0.0,,
2024-01-24 13:00:00,2234.49,2239.0,2222.35,2228.19,16152.0517,0.0001,48,0.0,0.0,trending,,877.6136068378748,0.0,0.0,,,877.6136068378748,0.0,,trending,0.0,{},,462.0,,,,,,,768.8838966029139,0.0,0.0,0.0,768.8838966029139,0.0,0.0,0.0,5.676244386109239e-05,0.0,1.0,0.0,,
2024-01-24 14:00:00,2228.19,2245.19,2218.3,2230.46,26707.7657,0.0001,48,0.0,0.0,trending,,877.6136068378748,0.0,0.0,,,877.6136068378748,0.0,,trending,0.0,{},,463.0,,,,,,,768.8838966029139,0.0,0.0,0.0,768.8838966029139,0.0,0.0,0.0,4.9442424187576515e-05,0.0,1.0,0.0,,
2024-01-24 15:00:00,2230.47,2240.33,2224.33,2234.88,15834.711,0.0001,48,0.0,0.0,trending,,877.6136068378748,0.0,0.0,,,877.6136068378748,0.0,,trending,0.0,{},,464.0,,,,,,,768.8838966029139,0.0,0.0,0.0,768.8838966029139,0.0,0.0,0.0,2.9266903127489108e-05,0.0,1.0,0.0,,
2024-01-24 16:00:00,2234.89,2244.52,2226.23,2241.8,14006.6006,0.0001,48,0.0,0.0,trending,,877.6136068378748,0.0,0.0,,,877.6136068378748,0.0,,trending,0.0,{},,465.0,,,,,,,768.8838966029139,0.0,0.0,0.0,768.8838966029139,0.0,0.0,0.0,-1.0144074478859126e-06,0.0,1.0,0.0,,
2024-01-24 17:00:00,2241.79,2242.6,2231.57,2237.04,11440.4847,0.0001,48,0.0,0.0,trending,,877.6136068378748,0.0,0.0,,,877.6136068378748,0.0,,trending,0.0,{},,466.0,,,,,,,768.8838966029139,0.0,0.0,0.0,768.8838966029139,0.0,0.0,0.0,1.9324239138707988e-05,0.0,1.0,0.0,,
2024-01-24 18:00:00,2237.05,2237.38,2203.32,2216.96,25721.5547,0.0001,48,-15.812134308631027,0.0,trending,,877.6136068378748,0.0,-1.5812134308631027,True,True,876.2259124156346,-1.5837176264447317,,trending,-15.812134308631027,{},,467.0,ETHUSDT,2024-01-24 18:00:00,ETHUSDT,2216.96,0.6259447271219409,SHORT,768.8838966029139,0.0,0.0,0.0,768.8838966029139,0.0,0.0,0.0,0.00010497151565155825,-15.812134308631027,1.0,-15.812134308631027,True,True
2024-01-24 19:00:00,2216.96,2221.93,2206.05,2213.13,10926.578,0.0001,48,-20.0,0.0,trending,,878.6232807205117,-1.5766678215029466,-0.4233321784970534,True,True,878.2513312130063,-2.0008470229290554,,trending,-4.187865691368973,{},,468.0,ETHUSDT,2024-01-24 19:00:00,ETHUSDT,2213.13,0.16806491598127643,SHORT,768.8838966029139,0.0,0.0,0.0,768.8838966029139,0.0,0.0,0.0,0.00013911382431350603,-20.89190170047882,1.0,-20.89190170047882,True,True
2024-01-24 20:00:00,2213.13,2225.87,2196.12,2200.33,21832.9325,0.0001,48,-20.0,0.0,trending,,888.4146546447278,-1.966517806606816,-0.03348219339318392,False,,888.4146546447278,-1.966517806606816,,trending,0.0,{},,469.0,ETHUSDT,2024-01-24 20:00:00,,,,,768.8838966029139,0.0,0.0,0.0,768.8838966029139,0.0,0.0,0.0,0.00019353492089366962,-28.929550340734046,1.0,-28.929550340734046,True,False
2024-01-24 21:00:00,2200.33,2217.3,2199.43,2217.29,12599.1911,0.0001,48,0.0,0.0,trending,,874.948251097697,-2.0121757365050716,2.0121757365050716,True,True,873.1859391441872,0.0,,trending,20.0,{},,470.0,ETHUSDT,2024-01-24 21:00:00,ETHUSDT,2217.29,-0.7940096431032173,CLOSE,768.8838966029139,0.0,0.0,0.0,768.8838966029139,0.0,0.0,0.0,9.166493349480402e-05,0.0,1.0,0.0,True,True
2024-01-24 22:00:00,2217.3,2223.77,2213.42,2221.38,6613.6895,0.0001,48,0.0,0.0,trending,,873.1859391441872,0.0,0.0,,,873.1859391441872,0.0,,trending,0.0,{},,471.0,,,,,,,768.8838966029139,0.0,0.0,0.0,768.8838966029139,0.0,0.0,0.0,6.603856213630164e-05,0.0,1.0,0.0,,
2024-01-24 23:00:00,2221.38,2239.8,2220.0,2235.02,11156.7384,0.0001,48,0.0,0.0,trending,,873.1859391441872,0.0,0.0,,,873.1859391441872,0.0,,trending,0.0,{},,472.0,,,,,,,768.8838966029139,0.0,0.0,0.0,768.8838966029139,0.0,0.0,0.0,-1.156435601210767e-05,0.0,1.0,0.0,,
2024-01-25 00:00:00,2235.02,2239.6,2228.04,2234.7,11548.6081,0.0001,52,0.0,0.0,trending,,873.1859391441872,0.0,0.0,,,873.1859391441872,0.0,,trending,0.0,{},,473.0,,,,,,,768.8838966029139,0.0,0.0,0.0,768.8838966029139,0.0,0.0,0.0,-1.001462608627886e-05,0.0,1.0,0.0,,
2024-01-25 01:00:00,2234.71,2235.39,2209.28,2213.32,12617.8618,0.0001,52,-15.274672023887472,0.0,trending,,873.1859391441872,0.0,-1.5274672023887472,True,True,871.8521762605571,-1.5298039277144169,,trending,-15.274672023887472,{},,474.0,ETHUSDT,2024-01-25 01:00:00,ETHUSDT,2213.32,0.6026073426480411,SHORT,768.8838966029139,0.0,0.0,0.0,768.8838966029139,0.0,0.0,0.0,0.0001026815782635714,-15.274672023887472,1.0,-15.274672023887472,True,True
2024-01-25 02:00:00,2213.32,2218.71,2206.32,2209.64,7334.1025,0.0001,52,-17.098423293818026,0.0,trending,,874.0697712815022,-1.523385583574862,-0.1864567458069406,False,,874.0697712815022,-1.523385583574862,,trending,-1.823751269930554,{},,475.0,ETHUSDT,2024-01-25 02:00:00,,,,,768.8838966029139,0.0,0.0,0.0,768.8838966029139,0.0,0.0,0.0,0.00011527280135018893,-17.098423293818026,1.0,-17.098423293818026,True,False
2024-01-25 03:00:00,2209.63,2221.01,2209.36,2216.88,6367.5691,0.0001,52,0.0,0.0,trending,,869.7068941207303,-1.5360441256708517,1.5360441256708517,True,True,868.3696487095497,0.0,,trending,17.098423293818026,{},,476.0,ETHUSDT,2024-01-25 03:00:00,ETHUSDT,2216.88,-0.6026073426480411,CLOSE,768.8838966029139,0.0,0.0,0.0,768.8838966029139,0.0,0.0,0.0,7.088189295274308e-05,0.0,1.0,0.0,True,True
2024-01-25 04:00:00,2216.88,2218.79,2209.24,2213.38,4900.1614,0.0001,52,0.0,0.0,trending,,868.3696487095497,0.0,0.0,,,868.3696487095497,0.0,,trending,0.0,{},,477.0,,,,,,,768.8838966029139,0.0,0.0,0.0,768.8838966029139,0.0,0.0,0.0,8.837856670164905e-05,0.0,1.0,0.0,,
2024-01-25 05:00:00,2213.37,2213.38,2203.37,2210.77,8004.3043,0.0001,52,0.0,0.0,trending,,868.3696487095497,0.0,0.0,,,868.3696487095497,0.0,,trending,0.0,{},,478.0,,,,,,,768.8838966029139,0.0,0.0,0.0,768.8838966029139,0.0,0.0,0.0,9.84579613384992e-05,0.0,1.0,0.0,,
2024-01-25 06:00:00,2210.76,2225.66,2209.59,2223.6,9506.1935,0.0001,52,0.0,0.0,trending,,868.3696487095497,0.0,0.0,,,868.3696487095497,0.0,,trending,0.0,{},,479.0,,,,,,,768.8838966029139,0.0,0.0,0.0,768.8838966029139,0.0,0.0,0.0,1.7552912357770788e-05,0.0,1.0,0.0,,
2024-01-25 07:00:00,2223.6,2227.71,2219.29,2227.64,6720.5685,0.0001,52,0.0,0.0,trending,,868.3696487095497,0.0,0.0,,,868.3696487095497,0.0,,trending,0.0,{},,480.0,,,,,,,768.8838966029139,0.0,0.0,0.0,768.8838966029139,0.0,0.0,0.0,-6.085551167353974e-06,0.0,1.0,0.0,,
2024-01-25 08:00:00,2227.64,2233.76,2220.57,2225.85,10115.2893,0.0001,52,0.0,0.0,trending,,868.3696487095497,0.0,0.0,,,868.3696487095497,0.0,,trending,0.0,{},,481.0,,,,,,,768.8838966029139,0.0,0.0,0.0,768.8838966029139,0.0,0.0,0.0,4.931727201725133e-06,0.0,1.0,0.0,,
2024-01-25 09:00:00,2225.84,2231.08,2220.05,2222.35,9671.0058,0.0001,52,0.0,0.0,trending,,868.3696487095497,0.0,0.0,,,868.3696487095497,0.0,,trending,0.0,{},,482.0,,,,,,,768.8838966029139,0.0,0.0,0.0,768.8838966029139,0.0,0.0,0.0,2.776113911496943e-05,0.0,1.0,0.0,,
2024-01-25 10:00:00,2222.35,2239.96,2216.75,2237.98,17253.0498,0.0001,52,0.0,0.0,trending,,868.3696487095497,0.0,0.0,,,868.3696487095497,0.0,,trending,0.0,{},,483.0,,,,,,,768.8838966029139,0.0,0.0,0.0,768.8838966029139,0.0,0.0,0.0,-7.927346621892456e-05,0.0,1.0,0.0,,
2024-01-25 11:00:00,2237.99,2242.89,2229.01,2231.59,14687.7819,0.0001,52,0.0,0.0,trending,,868.3696487095497,0.0,0.0,,,868.3696487095497,0.0,,trending,0.0,{},,484.0,,,,,,,768.8838966029139,0.0,0.0,0.0,768.8838966029139,0.0,0.0,0.0,-3.270080624475425e-05,0.0,1.0,0.0,,
2024-01-25 12:00:00,2231.59,2234.2,2205.06,2209.05,16637.2783,0.0001,52,-17.63250035720838,0.0,trending,,868.3696487095497,0.0,-1.7632500357208378,True,True,866.8384958954434,-1.7663645781263155,,trending,-17.63250035720838,{},,485.0,ETHUSDT,2024-01-25 12:00:00,ETHUSDT,2209.05,0.6931272782897647,SHORT,768.8838966029139,0.0,0.0,0.0,768.8838966029139,0.0,0.0,0.0,0.00011861085256228163,-17.63250035720838,1.0,-17.63250035720838,True,True
2024-01-25 13:00:00,2209.06,2211.69,2198.01,2205.69,16124.5306,0.0001,52,-19.639072105082185,0.0,trending,,869.167403550497,-1.7589521882732793,-0.20495502223493922,True,True,868.9892633259763,-1.964309805668116,,trending,-2.0065717478738065,{},,486.0,ETHUSDT,2024-01-25 13:00:00,ETHUSDT,2205.69,0.08076394439861291,SHORT,768.8838966029139,0.0,0.0,0.0,768.8838966029139,0.0,0.0,0.0,0.0001323740928784423,-19.639072105082185,1.0,-19.639072105082185,True,True
2024-01-25 14:00:00,2205.69,2215.93,2201.17,2211.72,15429.1886,0.0001,52,0.0,0.0,trending,,864.3226992531656,-1.9803144086384694,1.9803144086384694,True,True,862.6093552140821,0.0,,trending,19.639072105082185,{},,487.0,ETHUSDT,2024-01-25 14:00:00,ETHUSDT,2211.72,-0.7738912226883776,CLOSE,768.8838966029139,0.0,0.0,0.0,768.8838966029139,0.0,0.0,0.0,8.516823094400878e-05,0.0,1.0,0.0,True,True
2024-01-25 15:00:00,2211.73,2213.5,2181.91,2188.0,29201.8968,0.0001,52,-20.0,0.0,trending,,862.6093552140821,0.0,-2.0,True,True,860.8841365036537,-2.004008016032065,,trending,-20.0,{},,488.0,ETHUSDT,2024-01-25 15:00:00,ETHUSDT,2188.0,0.7884911839251207,SHORT,768.8838966029139,0.0,0.0,0.0,768.8838966029139,0.0,0.0,0.0,0.00018679787626410728,-27.589018293334313,1.0,-27.589018293334313,True,True
2024-01-25 16:00:00,2188.0,2194.92,2182.7,2186.0,18380.3621,0.0001,52,-20.0,0.0,trending,,862.4611188715041,-1.9985152841621778,-0.0014847158378221703,False,,862.4611188715041,-1.9985152841621778,,trending,0.0,{},,489.0,ETHUSDT,2024-01-25 16:00:00,,,,,768.8838966029139,0.0,0.0,0.0,768.8838966029139,0.0,0.0,0.0,0.00018412774815747634,-27.091201528147906,1.0,-27.091201528147906,True,False
2024-01-25 17:00:00,2186.0,2203.38,2171.3,2203.28,30593.5702,0.0001,52,0.0,0.0,trending,,848.8359912132778,-2.0466460820486536,2.0466460820486536,True,True,847.0969853516976,0.0,,trending,20.0,{},,490.0,ETHUSDT,2024-01-25 17:00:00,ETHUSDT,2203.28,-0.7884911839251207,CLOSE,768.8838966029139,0.0,0.0,0.0,768.8838966029139,0.0,0.0,0.0,7.731949305191715e-05,0.0,1.0,0.0,True,True
2024-01-25 18:00:00,2203.27,2223.22,2203.27,2211.0,25442.7001,0.0001,52,0.0,0.0,trending,,847.0969853516976,0.0,0.0,,,847.0969853516976,0.0,,trending,0.0,{},,491.0,,,,,,,768.8838966029139,0.0,0.0,0.0,768.8838966029139,0.0,0.0,0.0,3.331570231205134e-05,0.0,1.0,0.0,,
2024-01-25 19:00:00,2211.0,2224.55,2203.81,2218.21,15325.9473,0.0001,52,0.0,0.0,trending,,847.0969853516976,0.0,0.0,,,847.0969853516976,0.0,,trending,0.0,{},,492.0,,,,,,,768.8838966029139,0.0,0.0,0.0,768.8838966029139,0.0,0.0,0.0,-5.649215076653095e-06,0.0,1.0,0.0,,
2024-01-25 20:00:00,2218.22,2223.5,2212.23,2222.67,14742.7014,0.0001,52,0.0,0.0,trending,,847.0969853516976,0.0,0.0,,,847.0969853516976,0.0,,trending,0.0,{},,493.0,,,,,,,768.8838966029139,0.0,0.0,0.0,768.8838966029139,0.0,0.0,0.0,-2.991402930588442e-05,0.0,1.0,0.0,,
2024-01-25 21:00:00,2222.67,2231.65,2217.07,2219.49,16309.6629,0.0001,52,0.0,0.0,trending,,847.0969853516976,0.0,0.0,,,847.0969853516976,0.0,,trending,0.0,{},,494.0,,,,,,,768.8838966029139,0.0,0.0,0.0,768.8838966029139,0.0,0.0,0.0,-1.0932967693819878e-05,0.0,1.0,0.0,,
2024-01-25 22:00:00,2219.49,2223.27,2213.66,2221.41,6705.9633,0.0001,52,0.0,0.0,trending,,847.0969853516976,0.0,0.0,,,847.0969853516976,0.0,,trending,0.0,{},,495.0,,,,,,,768.8838966029139,0.0,0.0,0.0,768.8838966029139,0.0,0.0,0.0,-2.23597006689405e-05,0.0,1.0,0.0,,
2024-01-25 23:00:00,2221.41,2224.6,2217.26,2218.64,6806.3085,0.0001,52,0.0,0.0,trending,,847.0969853516976,0.0,0.0,,,847.0969853516976,0.0,,trending,0.0,{},,496.0,,,,,,,768.8838966029139,0.0,0.0,0.0,768.8838966029139,0.0,0.0,0.0,-4.39232288357971e-06,0.0,1.0,0.0,,
2024-01-26 00:00:00,2218.64,2218.93,2211.12,2216.03,6442.6979,0.0001,49,0.0,0.0,trending,,847.0969853516976,0.0,0.0,,,847.0969853516976,0.0,,trending,0.0,{},,497.0,,,,,,,768.8838966029139,0.0,0.0,0.0,768.8838966029139,0.0,0.0,0.0,1.4728291954532392e-05,0.0,1.0,0.0,,
2024-01-26 01:00:00,2216.02,2226.47,2211.12,2223.77,9411.7711,0.0001,49,0.0,0.0,trending,,847.0969853516976,0.0,0.0,,,847.0969853516976,0.0,,trending,0.0,{},,498.0,,,,,,,768.8838966029139,0.0,0.0,0.0,768.8838966029139,0.0,0.0,0.0,-4.2654469597592225e-05,0.0,1.0,0.0,,
2024-01-26 02:00:00,2223.78,2237.8,2223.63,2228.04,13017.1532,0.0001,49,0.0,0.0,trending,,847.0969853516976,0.0,0.0,,,847.0969853516976,0.0,,trending,0.0,{},,499.0,,,,,,,768.8838966029139,0.0,0.0,0.0,768.8838966029139,0.0,0.0,0.0,-7.148237276105717e-05,0.0,1.0,0.0,,
2024-01-26 03:00:00,2228.04,2230.74,2221.64,2223.42,6423.0269,0.0001,49,0.0,0.0,trending,,847.0969853516976,0.0,0.0,,,847.0969853516976,0.0,,trending,0.0,{},,500.0,,,,,,,768.8838966029139,0.0,0.0,0.0,768.8838966029139,0.0,0.0,0.0,-3.313399269175587e-05,0.0,1.0,0.0,,
2024-01-26 04:00:00,2223.41,2229.6,2222.47,2224.35,6445.1148,0.0001,49,0.0,0.0,trending,,847.0969853516976,0.0,0.0,,,847.0969853516976,0.0,,trending,0.0,{},,501.0,,,,,,,768.8838966029139,0.0,0.0,0.0,768.8838966029139,0.0,0.0,0.0,-3.996295870381016e-05,0.0,1.0,0.0,,
2024-01-26 05:00:00,2224.34,2225.58,2218.59,2221.02,7295.1034,0.0001,49,0.0,0.0,trending,,847.0969853516976,0.0,0.0,,,847.0969853516976,0.0,,trending,0.0,{},,502.0,,,,,,,768.8838966029139,0.0,0.0,0.0,768.8838966029139,0.0,0.0,0.0,-1.1123404056390085e-05,0.0,1.0,0.0,,
2024-01-26 06:00:00,2221.01,2224.18,2211.0,2213.24,12290.8205,0.0001,49,0.0,0.0,trending,,847.0969853516976,0.0,0.0,,,847.0969853516976,0.0,,trending,0.0,{},,503.0,,,,,,,768.8838966029139,0.0,0.0,0.0,768.8838966029139,0.0,0.0,0.0,5.3511662897823666e-05,0.0,1.0,0.0,,
2024-01-26 07:00:00,2213.24,2214.72,2195.84,2197.47,20654.6992,0.0001,49,-20.0,0.0,trending,,847.0969853516976,0.0,-2.0,True,True,845.4027913809941,-2.0040080160320644,,trending,-20.0,{},,504.0,ETHUSDT,2024-01-26 07:00:00,ETHUSDT,2197.47,0.7709747895094793,SHORT,768.8838966029139,0.0,0.0,0.0,768.8838966029139,0.0,0.0,0.0,0.0001578734810767452,-23.278903660641305,1.0,-23.278903660641305,True,True
2024-01-26 08:00:00,2197.46,2215.49,2195.99,2209.54,11508.4826,0.0001,49,0.0,0.0,trending,,836.0971256716145,-2.037442282850092,2.037442282850092,True,True,834.3919208303605,0.0,,trending,20.0,{},,505.0,ETHUSDT,2024-01-26 08:00:00,ETHUSDT,2209.54,-0.7709747895094793,CLOSE,768.8838966029139,0.0,0.0,0.0,768.8838966029139,0.0,0.0,0.0,5.672311147740699e-05,0.0,1.0,0.0,True,True
2024-01-26 09:00:00,2209.53,2224.59,2204.52,2206.21,15529.2449,0.0001,49,0.0,0.0,trending,,834.3919208303605,0.0,0.0,,,834.3919208303605,0.0,,trending,0.0,{},,506.0,,,,,,,768.8838966029139,0.0,0.0,0.0,768.8838966029139,0.0,0.0,0.0,7.87262129738357e-05,0.0,1.0,0.0,,
2024-01-26 10:00:00,2206.21,2240.0,2205.78,2237.6,27868.1729,0.0001,49,17.889572119639524,0.0,trending,,834.3919208303605,0.0,1.7889572119639525,True,True,832.8992293859865,1.7903711521366958,,trending,17.889572119639524,{},,507.0,ETHUSDT,2024-01-26 10:00:00,ETHUSDT,2237.6,0.6670948535814841,LONG,768.8838966029139,0.0,0.0,0.0,768.8838966029139,0.0,0.0,0.0,-0.00012138273475351877,17.889572119639524,1.0,17.889572119639524,True,True
2024-01-26 11:00:00,2237.6,2260.66,2237.26,2254.02,39088.4237,0.0001,49,20.0,0.0,trending,,843.8419731842987,1.780121805341618,0.2198781946583821,True,True,843.6564307346582,2.0002199265517113,,trending,2.1104278803604757,{},,508.0,ETHUSDT,2024-01-26 11:00:00,ETHUSDT,2254.02,0.08231623927060562,LONG,768.8838966029139,0.0,0.0,0.0,768.8838966029139,0.0,0.0,0.0,-0.000166837269806925,24.568828500902207,1.0,24.568828500902207,True,True
2024-01-26 12:00:00,2254.02,2265.19,2244.11,2247.54,30090.9341,0.0001,49,17.333861346882145,0.0,trending,,838.8051030368583,2.006004815813834,-0.2726186811256197,True,True,838.5764290959467,1.733858816992161,,trending,-2.666138653117855,{},,509.0,ETHUSDT,2024-01-26 12:00:00,ETHUSDT,2247.54,0.10174410284637776,REDUCE_LONG,768.8838966029139,0.0,0.0,0.0,768.8838966029139,0.0,0.0,0.0,-0.00011751744923922176,17.333861346882145,1.0,17.333861346882145,True,True
2024-01-26 13:00:00,2247.54,2251.77,2234.46,2240.89,14387.8414,0.0001,49,0.0,0.0,trending,,834.2744271961762,1.7376430178761242,-1.7376430178761242,True,True,832.8247560627663,0.0,,trending,-17.333861346882145,{},,510.0,ETHUSDT,2024-01-26 13:00:00,ETHUSDT,2240.89,0.6469175789128598,CLOSE,768.8838966029139,0.0,0.0,0.0,768.8838966029139,0.0,0.0,0.0,-7.949443199357136e-05,0.0,1.0,0.0,True,True
2024-01-26 14:00:00,2240.9,2257.96,2240.0,2257.96,12488.2727,0.0001,49,18.223525806539172,0.0,trending,,832.8247560627663,0.0,1.8223525806539171,True,True,831.3070557193228,1.8238539329947923,,trending,18.223525806539172,{},,511.0,ETHUSDT,2024-01-26 14:00:00,ETHUSDT,2257.96,0.6721555490103682,LONG,768.8838966029139,0.0,0.0,0.0,768.8838966029139,0.0,0.0,0.0,-0.00012389416867641042,18.223525806539172,1.0,18.223525806539172,True,True
2024-01-26 15:00:00,2257.96,2259.63,2250.26,2257.9,14481.4085,0.0001,49,17.964754856032656,0.0,trending,,831.266766715715,1.8238938627206127,-0.02741837711734707,False,,831.266766715715,1.8238938627206127,,trending,-0.25877095050651633,{},,512.0,ETHUSDT,2024-01-26 15:00:00,,,,,768.8838966029139,0.0,0.0,0.0,768.8838966029139,0.0,0.0,0.0,-0.0001223935623865365,17.964754856032656,1.0,17.964754856032656,True,False
2024-01-26 16:00:00,2257.89,2281.88,2257.03,2279.55,32408.9517,0.0001,49,20.0,0.0,trending,,845.8043821841536,1.8097328434408249,0.19026715655917514,False,,845.8043821841536,1.8097328434408249,,trending,2.0352451439673445,{},,513.0,ETHUSDT,2024-01-26 16:00:00,,,,,768.8838966029139,0.0,0.0,0.0,768.8838966029139,0.0,0.0,0.0,-0.00016311231989466816,23.84540276682916,1.0,23.84540276682916,True,False
2024-01-26 17:00:00,2279.55,2282.36,2267.06,2268.97,19992.0531,0.0001,49,16.28873735502052,0.0,trending,,838.7000878813321,1.816591767756662,-0.18771803225461015,False,,838.7000878813321,1.816591767756662,,trending,-3.711262644979481,{},,514.0,ETHUSDT,2024-01-26 17:00:00,,,,,768.8838966029139,0.0,0.0,0.0,768.8838966029139,0.0,0.0,0.0,-0.00011173356631422086,16.28873735502052,1.0,16.28873735502052,True,False
2024-01-26 18:00:00,2268.96,2276.76,2263.63,2266.8,16826.2056,0.0001,49,0.0,0.0,trending,,837.2429689175212,1.8180129458312042,-1.8180129458312042,True,True,835.720850361223,0.0,,trending,-16.28873735502052,{},,515.0,ETHUSDT,2024-01-26 18:00:00,ETHUSDT,2266.8,0.6714833934613579,CLOSE,768.8838966029139,0.0,0.0,0.0,768.8838966029139,0.0,0.0,0.0,-9.888150481252699e-05,0.0,1.0,0.0,True,True
2024-01-26 19:00:00,2266.8,2267.09,2251.07,2258.51,14671.9075,0.0001,49,0.0,0.0,trending,,835.720850361223,0.0,0.0,,,835.720850361223,0.0,,trending,0.0,{},,516.0,,,,,,,768.8838966029139,0.0,0.0,0.0,768.8838966029139,0.0,0.0,0.0,-6.579321913169617e-05,0.0,1.0,0.0,,
2024-01-26 20:00:00,2258.51,2262.69,2252.49,2258.6,11646.591,0.0001,49,0.0,0.0,trending,,835.720850361223,0.0,0.0,,,835.720850361223,0.0,,trending,0.0,{},,517.0,,,,,,,768.8838966029139,0.0,0.0,0.0,768.8838966029139,0.0,0.0,0.0,-6.484503809849642e-05,0.0,1.0,0.0,,
2024-01-26 21:00:00,2258.6,2260.87,2253.0,2259.87,6455.0093,0.0001,49,0.0,0.0,trending,,835.720850361223,0.0,0.0,,,835.720850361223,0.0,,trending,0.0,{},,518.0,,,,,,,768.8838966029139,0.0,0.0,0.0,768.8838966029139,0.0,0.0,0.0,-6.767901033933963e-05,0.0,1.0,0.0,,
2024-01-26 22:00:00,2259.86,2272.0,2258.01,2268.01,6966.3637,0.0001,49,0.0,0.0,trending,,835.720850361223,0.0,0.0,,,835.720850361223,0.0,,trending,0.0,{},,519.0,,,,,,,768.8838966029139,0.0,0.0,0.0,768.8838966029139,0.0,0.0,0.0,-8.797421724988935e-05,0.0,1.0,0.0,,
2024-01-26 23:00:00,2268.01,2270.27,2263.99,2267.68,7176.1758,0.0001,49,0.0,0.0,trending,,835.720850361223,0.0,0.0,,,835.720850361223,0.0,,trending,0.0,{},,520.0,,,,,,,768.8838966029139,0.0,0.0,0.0,768.8838966029139,0.0,0.0,0.0,-8.554236321539936e-05,0.0,1.0,0.0,,
2024-01-27 00:00:00,2267.67,2280.31,2265.23,2280.18,12034.2632,6.877e-05,55,16.534330116626798,0.0,trending,,835.720850361223,0.0,1.6534330116626799,True,True,834.339041918701,1.6545152087154051,,trending,16.534330116626798,{},,521.0,ETHUSDT,2024-01-27 00:00:00,ETHUSDT,2280.18,0.6060084916638392,LONG,768.8838966029139,0.0,0.0,0.0,768.8838966029139,0.0,0.0,0.0,-0.00011398342450256534,16.534330116626798,1.0,16.534330116626798,True,True
2024-01-27 01:00:00,2280.17,2282.94,2268.05,2270.57,8146.6136,6.877e-05,55,0.0,0.0,trending,,828.5211240554167,1.6591112481089907,-1.6591112481089907,True,True,827.1465153392005,0.0,,trending,-16.534330116626798,{},,522.0,ETHUSDT,2024-01-27 01:00:00,ETHUSDT,2270.57,0.6054024831721754,CLOSE,768.8838966029139,0.0,0.0,0.0,768.8838966029139,0.0,0.0,0.0,-7.323311405822597e-05,0.0,1.0,0.0,True,True
2024-01-27 02:00:00,2270.56,2275.57,2270.16,2274.7,3842.2851,6.877e-05,55,0.0,0.0,trending,,827.1465153392005,0.0,0.0,,,827.1465153392005,0.0,,trending,0.0,{},,523.0,,,,,,,768.8838966029139,0.0,0.0,0.0,768.8838966029139,0.0,0.0,0.0,-8.262869102749339e-05,0.0,1.0,0.0,,
2024-01-27 03:00:00,2274.7,2276.84,2271.75,2274.13,4997.8401,6.877e-05,55,0.0,0.0,trending,,827.1465153392005,0.0,0.0,,,827.1465153392005,0.0,,trending,0.0,{},,524.0,,,,,,,768.8838966029139,0.0,0.0,0.0,768.8838966029139,0.0,0.0,0.0,-8.019691150686889e-05,0.0,1.0,0.0,,
2024-01-27 04:00:00,2274.13,2276.56,2273.13,2274.75,3264.3581,6.877e-05,55,0.0,0.0,trending,,827.1465153392005,0.0,0.0,,,827.1465153392005,0.0,,trending,0.0,{},,525.0,,,,,,,768.8838966029139,0.0,0.0,0.0,768.8838966029139,0.0,0.0,0.0,-8.232541347072846e-05,0.0,1.0,0.0,,
2024-01-27 05:00:00,2274.75,2274.75,2261.15,2263.79,6513.6076,6.877e-05,55,0.0,0.0,trending,,827.1465153392005,0.0,0.0,,,827.1465153392005,0.0,,trending,0.0,{},,526.0,,,,,,,768.8838966029139,0.0,0.0,0.0,768.8838966029139,0.0,0.0,0.0,-3.5337407035656446e-05,0.0,1.0,0.0,,
2024-01-27 06:00:00,2263.8,2267.19,2262.85,2264.07,5266.5168,6.877e-05,55,0.0,0.0,trending,,827.1465153392005,0.0,0.0,,,827.1465153392005,0.0,,trending,0.0,{},,527.0,,,,,,,768.8838966029139,0.0,0.0,0.0,768.8838966029139,0.0,0.0,0.0,-3.8772762152194926e-05,0.0,1.0,0.0,,
2024-01-27 07:00:00,2264.07,2266.66,2253.41,2258.45,8519.6205,6.877e-05,55,0.0,0.0,trending,,827.1465153392005,0.0,0.0,,,827.1465153392005,0.0,,trending,0.0,{},,528.0,,,,,,,768.8838966029139,0.0,0.0,0.0,768.8838966029139,0.0,0.0,0.0,-1.4733512922164095e-05,0.0,1.0,0.0,,
2024-01-27 08:00:00,2258.45,2260.4,2251.4,2253.95,8354.319,0.0001,55,0.0,0.0,trending,,827.1465153392005,0.0,0.0,,,827.1465153392005,0.0,,trending,0.0,{},,529.0,,,,,,,768.8838966029139,0.0,0.0,0.0,768.8838966029139,0.0,0.0,0.0,1.1522035015960215e-05,0.0,1.0,0.0,,
2024-01-27 09:00:00,2253.95,2268.2,2251.58,2265.99,7889.1785,0.0001,55,0.0,0.0,trending,,827.1465153392005,0.0,0.0,,,827.1465153392005,0.0,,trending,0.0,{},,530.0,,,,,,,768.8838966029139,0.0,0.0,0.0,768.8838966029139,0.0,0.0,0.0,-8.754584724344867e-05,0.0,1.0,0.0,,
2024-01-27 10:00:00,2266.0,2271.49,2262.76,2263.23,4996.469,0.0001,55,0.0,0.0,trending,,827.1465153392005,0.0,0.0,,,827.1465153392005,0.0,,trending,0.0,{},,531.0,,,,,,,768.8838966029139,0.0,0.0,0.0,768.8838966029139,0.0,0.0,0.0,-6.923884835935234e-05,0.0,1.0,0.0,,
2024-01-27 11:00:00,2263.23,2270.65,2261.44,2265.48,5011.6685,0.0001,55,0.0,0.0,trending,,827.1465153392005,0.0,0.0,,,827.1465153392005,0.0,,trending,0.0,{},,532.0,,,,,,,768.8838966029139,0.0,0.0,0.0,768.8838966029139,0.0,0.0,0.0,-9.340436202890218e-05,0.0,1.0,0.0,,
2024-01-27 12:00:00,2265.48,2270.5,2262.13,2263.47,4739.4634,0.0001,55,0.0,0.0,trending,,827.1465153392005,0.0,0.0,,,827.1465153392005,0.0,,trending,0.0,{},,533.0,,,,,,,768.8838966029139,0.0,0.0,0.0,768.8838966029139,0.0,0.0,0.0,-7.366757614930928e-05,0.0,1.0,0.0,,
2024-01-27 13:00:00,2263.47,2268.96,2262.45,2267.79,4355.5318,0.0001,55,20.0,0.0,trending,,827.1465153392005,0.0,2.0,True,True,825.4922223085221,2.002004008016032,,trending,20.0,{},,534.0,ETHUSDT,2024-01-27 13:00:00,ETHUSDT,2267.79,0.7294736420384608,LONG,768.8838966029139,0.0,0.0,0.0,768.8838966029139,0.0,0.0,0.0,-0.00015268136067073522,22.046299681344877,1.0,22.046299681344877,True,True
2024-01-27 14:00:00,2267.8,2275.1,2267.35,2269.29,6474.2596,0.0001,55,20.0,0.0,trending,,826.5853385611167,2.000678909668372,-0.0006789096683719187,False,,826.5853385611167,2.000678909668372,,trending,0.0,{},,535.0,ETHUSDT,2024-01-27 14:00:00,,,,,768.8838966029139,0.0,0.0,0.0,768.8838966029139,0.0,0.0,0.0,-0.00017877807235868983,25.715913136624373,1.0,25.715913136624373,True,False
2024-01-27 15:00:00,2269.29,2274.38,2267.42,2270.18,4505.7496,0.0001,55,20.0,0.0,trending,,827.2339208709893,1.9998943400051865,0.00010565999481348953,False,,827.2339208709893,1.9998943400051865,,trending,0.0,{},,536.0,ETHUSDT,2024-01-27 15:00:00,,,,,768.8838966029139,0.0,0.0,0.0,768.8838966029139,0.0,0.0,0.0,-0.00019851697631940925,28.409217195760995,1.0,28.409217195760995,True,False
2024-01-27 16:00:00,2270.18,2273.79,2262.99,2264.08,8071.0368,0.0001,55,0.0,0.0,trending,,822.7885814437714,2.0052965415341353,-2.0052965415341353,True,True,821.1386463469885,0.0,,trending,-20.0,{},,537.0,ETHUSDT,2024-01-27 16:00:00,ETHUSDT,2264.08,0.7287441683964223,CLOSE,768.8838966029139,0.0,0.0,0.0,768.8838966029139,0.0,0.0,0.0,-7.764536182242842e-05,0.0,1.0,0.0,True,True
2024-01-27 17:00:00,2264.08,2267.63,2261.35,2265.65,3818.6412,0.0001,55,15.532722542266292,0.0,trending,,821.1386463469885,0.0,1.5532722542266293,True,True,819.8631944707445,1.5541329735996738,,trending,15.532722542266292,{},,538.0,ETHUSDT,2024-01-27 17:00:00,ETHUSDT,2265.65,0.5629518576320216,LONG,768.8838966029139,0.0,0.0,0.0,768.8838966029139,0.0,0.0,0.0,-0.00010897023316351529,15.532722542266292,1.0,15.532722542266292,True,True
2024-01-27 18:00:00,2265.65,2271.2,2263.43,2266.82,3878.8719,0.0001,55,18.898246336100787,0.0,trending,,820.5211894905005,1.5536886014840219,0.3361360321260567,True,True,820.2453827535901,1.8901238363045143,,trending,3.3655237938344946,{},,539.0,ETHUSDT,2024-01-27 18:00:00,ETHUSDT,2266.82,0.12167121205507678,LONG,768.8838966029139,0.0,0.0,0.0,768.8838966029139,0.0,0.0,0.0,-0.00013283301335544824,18.898246336100787,1.0,18.898246336100787,True,True
2024-01-27 19:00:00,2266.82,2277.49,2266.81,2272.69,4602.5145,0.0001,55,20.0,0.0,trending,,824.2601014352342,1.8857883155285289,0.11421168447147112,False,,824.2601014352342,1.8857883155285289,,trending,1.1017536638992134,{},,540.0,ETHUSDT,2024-01-27 19:00:00,,,,,768.8838966029139,0.0,0.0,0.0,768.8838966029139,0.0,0.0,0.0,-0.000251787604208741,35.59039827035332,1.0,35.59039827035332,True,False
2024-01-27 20:00:00,2272.7,2275.69,2270.12,2271.44,3815.9817,0.0001,55,20.0,0.0,trending,,823.4051783769623,1.886708009593589,0.11329199040641091,False,,823.4051783769623,1.886708009593589,,trending,0.0,{},,541.0,ETHUSDT,2024-01-27 20:00:00,,,,,768.8838966029139,0.0,0.0,0.0,768.8838966029139,0.0,0.0,0.0,-0.00022518645502613165,31.732035540667056,1.0,31.732035540667056,True,False
2024-01-27 21:00:00,2271.43,2275.0,2267.4,2272.73,7213.142,0.0001,55,20.0,0.0,trending,,824.2874589730989,1.8857589168192335,0.11424108318076653,False,,824.2874589730989,1.8857589168192335,,trending,0.0,{},,542.0,ETHUSDT,2024-01-27 21:00:00,,,,,768.8838966029139,0.0,0.0,0.0,768.8838966029139,0.0,0.0,0.0,-0.0002584997193549796,36.18779023320095,1.0,36.18779023320095,True,False
2024-01-27 22:00:00,2272.73,2273.34,2264.4,2266.46,7739.4231,0.0001,55,0.0,0.0,trending,,819.9991649128076,1.8903911101974424,-1.8903911101974424,True,True,818.4490457810871,0.0,,trending,-20.0,{},,543.0,ETHUSDT,2024-01-27 22:00:00,ETHUSDT,2266.46,0.6839384466174113,CLOSE,768.8838966029139,0.0,0.0,0.0,768.8838966029139,0.0,0.0,0.0,-7.557103343844609e-05,0.0,1.0,0.0,True,True
2024-01-27 23:00:00,2266.45,2268.75,2261.47,2267.94,7058.028,0.0001,55,15.69246264497821,0.0,trending,,818.4490457810871,0.0,1.5692462644978211,True,True,817.1646976733134,1.5701409560633606,,trending,15.69246264497821,{},,544.0,ETHUSDT,2024-01-27 23:00:00,ETHUSDT,2267.94,0.5663060344514304,LONG,768.8838966029139,0.0,0.0,0.0,768.8838966029139,0.0,0.0,0.0,-0.00011252880712017986,15.69246264497821,1.0,15.69246264497821,True,True
2024-01-28 00:00:00,2267.94,2268.58,2263.0,2267.27,6472.4293,6.557e-05,54,0.0,0.0,trending,,816.7856520552739,1.57040554130738,-1.57040554130738,True,True,815.5029673412259,0.0,,trending,-15.69246264497821,{},,545.0,ETHUSDT,2024-01-28 00:00:00,ETHUSDT,2267.27,0.565739728416979,CLOSE,768.8838966029139,0.0,0.0,0.0,768.8838966029139,0.0,0.0,0.0,-0.00010427349518312,0.0,1.0,0.0,True,True
2024-01-28 01:00:00,2267.27,2288.88,2267.27,2278.83,14472.9416,6.557e-05,54,20.0,0.0,trending,,815.5029673412259,0.0,2.0,True,True,813.8719614065437,2.0020040080160317,,trending,20.0,{},,546.0,ETHUSDT,2024-01-28 01:00:00,ETHUSDT,2278.83,0.7157207578812163,LONG,768.8838966029139,0.0,0.0,0.0,768.8838966029139,0.0,0.0,0.0,-0.00036795258450763246,50.820980626733444,1.0,50.820980626733444,True,True
2024-01-28 02:00:00,2278.82,2284.2,2276.31,2279.21,6167.5987,6.557e-05,54,20.0,0.0,trending,,814.1436633206506,2.0016696119884188,-0.001669611988418751,False,,814.1436633206506,2.0016696119884188,,trending,0.0,{},,547.0,ETHUSDT,2024-01-28 02:00:00,,,,,768.8838966029139,0.0,0.0,0.0,768.8838966029139,0.0,0.0,0.0,-0.00035535992606055726,48.82396920497858,1.0,48.82396920497858,True,False
2024-01-28 03:00:00,2279.21,2289.0,2278.74,2287.17,6489.0722,6.557e-05,54,20.0,0.0,trending,,819.8351034161524,1.9947158446169542,0.00528415538304583,False,,819.8351034161524,1.9947158446169542,,trending,0.0,{},,548.0,ETHUSDT,2024-01-28 03:00:00,,,,,768.8838966029139,0.0,0.0,0.0,768.8838966029139,0.0,0.0,0.0,-0.0004193503827488588,57.19970477056166,1.0,57.19970477056166,True,False
2024-01-28 04:00:00,2287.17,2304.93,2284.8,2303.58,15008.4728,6.557e-05,54,20.0,0.0,trending,,831.5683360753462,1.9806806391764,0.019319360823599974,False,,831.5683360753462,1.9806806391764,,trending,0.0,{},,549.0,ETHUSDT,2024-01-28 04:00:00,,,,,768.8838966029139,0.0,0.0,0.0,768.8838966029139,0.0,0.0,0.0,-0.0004190127066696642,56.66402619073903,1.0,56.66402619073903,True,False
2024-01-28 05:00:00,2303.59,2308.24,2286.91,2290.81,11076.8594,6.557e-05,54,20.0,0.0,trending,,822.4377217512813,1.9915680491949121,0.008431950805087851,False,,822.4377217512813,1.9915680491949121,,trending,0.0,{},,550.0,ETHUSDT,2024-01-28 05:00:00,,,,,768.8838966029139,0.0,0.0,0.0,768.8838966029139,0.0,0.0,0.0,-0.00020270290687387376,27.443920370934734,1.0,27.443920370934734,True,False
2024-01-28 06:00:00,2290.8,2291.57,2283.49,2287.69,7447.6842,6.557e-05,54,20.0,0.0,trending,,820.2069060354565,1.99426493649393,0.005735063506070004,False,,820.2069060354565,1.99426493649393,,trending,0.0,{},,551.0,ETHUSDT,2024-01-28 06:00:00,,,,,768.8838966029139,0.0,0.0,0.0,768.8838966029139,0.0,0.0,0.0,-0.00015666596877778998,21.19966381669328,1.0,21.19966381669328,True,False
2024-01-28 07:00:00,2287.7,2293.59,2281.81,2282.92,8438.8,6.557e-05,54,0.0,0.0,trending,,816.7963320083782,1.9984165395748386,-1.9984165395748386,True,True,815.1640327090286,0.0,,trending,-20.0,{},,552.0,ETHUSDT,2024-01-28 07:00:00,ETHUSDT,2282.92,0.7150050371233351,CLOSE,768.8838966029139,0.0,0.0,0.0,768.8838966029139,0.0,0.0,0.0,-0.00010117811450722789,0.0,1.0,0.0,True,True
2024-01-28 08:00:00,2282.91,2291.01,2277.87,2286.05,8747.9967,6.135e-05,54,18.250088656286838,0.0,trending,,815.1640327090286,0.0,1.8250088656286838,True,True,813.676351122393,1.8265172669684966,,trending,18.250088656286838,{},,553.0,ETHUSDT,2024-01-28 08:00:00,ETHUSDT,2286.05,0.6507651130271024,LONG,768.8838966029139,0.0,0.0,0.0,768.8838966029139,0.0,0.0,0.0,-0.00013473315108304058,18.250088656286838,1.0,18.250088656286838,True,True
2024-01-28 09:00:00,2286.05,2301.41,2284.57,2294.86,11464.9569,6.135e-05,54,20.0,0.0,trending,,819.4038585275159,1.8207400379284344,0.17925996207156558,False,,819.4038585275159,1.8207400379284344,,trending,1.749911343713162,{},,554.0,ETHUSDT,2024-01-28 09:00:00,,,,,768.8838966029139,0.0,0.0,0.0,768.8838966029139,0.0,0.0,0.0,-0.00019800275402957396,26.865723775666158,1.0,26.865723775666158,True,False
2024-01-28 10:00:00,2294.87,2295.99,2288.28,2293.52,7543.7098,6.135e-05,54,20.0,0.0,trending,,818.5327053013109,1.8216135403887348,0.1783864596112652,False,,818.5327053013109,1.8216135403887348,,trending,0.0,{},,555.0,ETHUSDT,2024-01-28 10:00:00,,,,,768.8838966029139,0.0,0.0,0.0,768.8838966029139,0.0,0.0,0.0,-0.0001762772654666061,23.918272403617323,1.0,23.918272403617323,True,False
2024-01-28 11:00:00,2293.51,2294.25,2276.97,2281.08,10706.7281,6.135e-05,54,0.0,0.0,trending,,810.4452828132598,1.8298124107676967,-1.8298124107676967,True,True,808.9623199765199,0.0,,trending,-20.0,{},,556.0,ETHUSDT,2024-01-28 11:00:00,ETHUSDT,2281.08,0.6501143479140753,CLOSE,768.8838966029139,0.0,0.0,0.0,768.8838966029139,0.0,0.0,0.0,-3.631390653096042e-05,0.0,1.0,0.0,True,True
2024-01-28 12:00:00,2281.08,2282.33,2268.65,2276.78,11220.6925,6.135e-05,54,0.0,0.0,trending,,808.9623199765199,0.0,0.0,,,808.9623199765199,0.0,,trending,0.0,{},,557.0,,,,,,,768.8838966029139,0.0,0.0,0.0,768.8838966029139,0.0,0.0,0.0,7.035300658854464e-06,0.0,1.0,0.0,,
2024-01-28 13:00:00,2276.78,2281.59,2271.3,2279.07,6059.012,6.135e-05,54,0.0,0.0,trending,,808.9623199765199,0.0,0.0,,,808.9623199765199,0.0,,trending,0.0,{},,558.0,,,,,,,768.8838966029139,0.0,0.0,0.0,768.8838966029139,0.0,0.0,0.0,-1.7211584440811066e-05,0.0,1.0,0.0,,
2024-01-28 14:00:00,2279.06,2286.08,2263.65,2267.86,10493.153,6.135e-05,54,0.0,0.0,trending,,808.9623199765199,0.0,0.0,,,808.9623199765199,0.0,,trending,0.0,{},,559.0,,,,,,,768.8838966029139,0.0,0.0,0.0,768.8838966029139,0.0,0.0,0.0,9.521643042187616e-05,0.0,1.0,0.0,,
2024-01-28 15:00:00,2267.86,2275.34,2261.91,2270.17,8814.4323,6.135e-05,54,0.0,0.0,trending,,808.9623199765199,0.0,0.0,,,808.9623199765199,0.0,,trending,0.0,{},,560.0,,,,,,,768.8838966029139,0.0,0.0,0.0,768.8838966029139,0.0,0.0,0.0,6.864657872114449e-05,0.0,1.0,0.0,,
2024-01-28 16:00:00,2270.17,2276.0,2267.02,2274.45,4808.682,8.266e-05,54,0.0,0.0,trending,,808.9623199765199,0.0,0.0,,,808.9623199765199,0.0,,trending,0.0,{},,561.0,,,,,,,768.8838966029139,0.0,0.0,0.0,768.8838966029139,0.0,0.0,0.0,2.0893560886836963e-05,0.0,1.0,0.0,,
2024-01-28 17:00:00,2274.44,2274.45,2262.29,2269.27,7344.1531,8.266e-05,54,0.0,0.0,trending,,808.9623199765199,0.0,0.0,,,808.9623199765199,0.0,,trending,0.0,{},,562.0,,,,,,,768.8838966029139,0.0,0.0,0.0,768.8838966029139,0.0,0.0,0.0,7.712978818109575e-05,0.0,1.0,0.0,,
2024-01-28 18:00:00,2269.28,2270.52,2257.0,2261.15,8480.4789,8.266e-05,54,-20.0,0.0,trending,,808.9623199765199,0.0,-2.0,True,True,807.3443953365668,-2.0040080160320644,,trending,-20.0,{},,563.0,ETHUSDT,2024-01-28 18:00:00,ETHUSDT,2261.15,0.7155317603666451,SHORT,768.8838966029139,0.0,0.0,0.0,768.8838966029139,0.0,0.0,0.0,0.0001516682567189808,-20.910098067114834,1.0,-20.910098067114834,True,True
2024-01-28 19:00:00,2261.15,2266.18,2245.03,2253.89,10562.7093,8.266e-05,54,-20.0,0.0,trending,,812.5391559168288,-1.9848026616674903,-0.015197338332509691,False,,812.5391559168288,-1.9848026616674903,,trending,0.0,{},,564.0,ETHUSDT,2024-01-28 19:00:00,,,,,768.8838966029139,0.0,0.0,0.0,768.8838966029139,0.0,0.0,0.0,0.00019323510501469766,-26.632786409912406,1.0,-26.632786409912406,True,False
2024-01-28 20:00:00,2253.88,2263.21,2249.21,2261.84,7072.7663,8.266e-05,54,0.0,0.0,trending,,806.8506784219139,-2.0058461870951025,2.0058461870951025,True,True,805.2306400266509,0.0,,trending,20.0,{},,565.0,ETHUSDT,2024-01-28 20:00:00,ETHUSDT,2261.84,-0.7155317603666451,CLOSE,768.8838966029139,0.0,0.0,0.0,768.8838966029139,0.0,0.0,0.0,9.93668221881907e-05,0.0,1.0,0.0,True,True
2024-01-28 21:00:00,2261.85,2266.41,2258.46,2263.5,3636.6178,8.266e-05,54,0.0,0.0,trending,,805.2306400266509,0.0,0.0,,,805.2306400266509,0.0,,trending,0.0,{},,566.0,,,,,,,768.8838966029139,0.0,0.0,0.0,768.8838966029139,0.0,0.0,0.0,8.00004073276534e-05,0.0,1.0,0.0,,
2024-01-28 22:00:00,2263.5,2263.92,2239.89,2249.39,9519.5012,8.266e-05,54,-20.0,0.0,trending,,805.2306400266509,0.0,-2.0,True,True,803.6201787465975,-2.0040080160320644,,trending,-20.0,{},,567.0,ETHUSDT,2024-01-28 22:00:00,ETHUSDT,2249.39,0.7159546721792583,SHORT,768.8838966029139,0.0,0.0,0.0,768.8838966029139,0.0,0.0,0.0,0.00016833841035943952,-23.377574386148492,1.0,-23.377574386148492,True,True
2024-01-28 23:00:00,2249.39,2259.99,2245.54,2256.9,7277.4606,8.266e-05,54,0.0,0.0,trending,,798.2433591585311,-2.0242424582707526,2.0242424582707526,True,True,796.6259036033346,0.0,,trending,20.0,{},,568.0,ETHUSDT,2024-01-28 23:00:00,ETHUSDT,2256.9,-0.7159546721792583,CLOSE,768.8838966029139,0.0,0.0,0.0,768.8838966029139,0.0,0.0,0.0,9.477137982014302e-05,0.0,1.0,0.0,True,True
2024-01-29 00:00:00,2256.9,2261.64,2250.57,2257.16,8368.3346,0.0001,55,0.0,0.0,trending,,796.6259036033346,0.0,0.0,,,796.6259036033346,0.0,,trending,0.0,{},,569.0,,,,,,,768.8838966029139,0.0,0.0,0.0,768.8838966029139,0.0,0.0,0.0,8.980839102413663e-05,0.0,1.0,0.0,,
2024-01-29 01:00:00,2257.16,2274.23,2256.88,2264.45,9667.777,0.0001,55,0.0,0.0,trending,,796.6259036033346,0.0,0.0,,,796.6259036033346,0.0,,trending,0.0,{},,570.0,,,,,,,768.8838966029139,0.0,0.0,0.0,768.8838966029139,0.0,0.0,0.0,2.826977874602712e-05,0.0,1.0,0.0,,
2024-01-29 02:00:00,2264.46,2271.51,2263.2,2268.77,5317.8364,0.0001,55,0.0,0.0,trending,,796.6259036033346,0.0,0.0,,,796.6259036033346,0.0,,trending,0.0,{},,571.0,,,,,,,768.8838966029139,0.0,0.0,0.0,768.8838966029139,0.0,0.0,0.0,-5.058837771900924e-06,0.0,1.0,0.0,,
2024-01-29 03:00:00,2268.77,2278.19,2268.76,2272.11,8889.9623,0.0001,55,0.0,0.0,trending,,796.6259036033346,0.0,0.0,,,796.6259036033346,0.0,,trending,0.0,{},,572.0,,,,,,,768.8838966029139,0.0,0.0,0.0,768.8838966029139,0.0,0.0,0.0,-3.070022360066591e-05,0.0,1.0,0.0,,
2024-01-29 04:00:00,2272.11,2274.23,2266.58,2268.5,5794.2673,0.0001,55,0.0,0.0,trending,,796.6259036033346,0.0,0.0,,,796.6259036033346,0.0,,trending,0.0,{},,573.0,,,,,,,768.8838966029139,0.0,0.0,0.0,768.8838966029139,0.0,0.0,0.0,-7.491727642127334e-07,0.0,1.0,0.0,,
2024-01-29 05:00:00,2268.5,2270.22,2263.64,2264.61,6120.5665,0.0001,55,0.0,0.0,trending,,796.6259036033346,0.0,0.0,,,796.6259036033346,0.0,,trending,0.0,{},,574.0,,,,,,,768.8838966029139,0.0,0.0,0.0,768.8838966029139,0.0,0.0,0.0,3.613572027603983e-05,0.0,1.0,0.0,,
2024-01-29 06:00:00,2264.6,2270.33,2264.24,2267.23,6473.7029,0.0001,55,0.0,0.0,trending,,796.6259036033346,0.0,0.0,,,796.6259036033346,0.0,,trending,0.0,{},,575.0,,,,,,,768.8838966029139,0.0,0.0,0.0,768.8838966029139,0.0,0.0,0.0,9.430406314905154e-06,0.0,1.0,0.0,,
2024-01-29 07:00:00,2267.22,2271.16,2258.28,2259.4,7867.019,0.0001,55,0.0,0.0,trending,,796.6259036033346,0.0,0.0,,,796.6259036033346,0.0,,trending,0.0,{},,576.0,,,,,,,768.8838966029139,0.0,0.0,0.0,768.8838966029139,0.0,0.0,0.0,8.728290207381119e-05,0.0,1.0,0.0,,
2024-01-29 08:00:00,2259.39,2264.93,2253.98,2263.49,8147.3853,0.0001,55,0.0,0.0,trending,,796.6259036033346,0.0,0.0,,,796.6259036033346,0.0,,trending,0.0,{},,577.0,,,,,,,768.8838966029139,0.0,0.0,0.0,768.8838966029139,0.0,0.0,0.0,4.248283648861464e-05,0.0,1.0,0.0,,
2024-01-29 09:00:00,2263.49,2273.76,2255.28,2273.76,10277.6521,0.0001,55,0.0,0.0,trending,,796.6259036033346,0.0,0.0,,,796.6259036033346,0.0,,trending,0.0,{},,578.0,,,,,,,768.8838966029139,0.0,0.0,0.0,768.8838966029139,0.0,0.0,0.0,-7.567313107852876e-05,0.0,1.0,0.0,,
2024-01-29 10:00:00,2273.76,2277.0,2269.66,2275.58,8719.7193,0.0001,55,15.940026068756136,0.0,trending,,796.6259036033346,0.0,1.5940026068756137,True,True,795.3560798362862,1.5949509602572272,,trending,15.940026068756136,{},,579.0,ETHUSDT,2024-01-29 10:00:00,ETHUSDT,2275.58,0.5580220282514158,LONG,768.8838966029139,0.0,0.0,0.0,768.8838966029139,0.0,0.0,0.0,-0.00011411453364645656,15.940026068756136,1.0,15.940026068756136,True,True
2024-01-29 11:00:00,2275.58,2276.39,2261.39,2264.17,8335.9154,0.0001,55,0.0,0.0,trending,,788.9954155252799,1.5997472914718864,-1.5997472914718864,True,True,787.7332222463097,0.0,,trending,-15.940026068756136,{},,580.0,ETHUSDT,2024-01-29 11:00:00,ETHUSDT,2264.17,0.5574640062231644,CLOSE,768.8838966029139,0.0,0.0,0.0,768.8838966029139,0.0,0.0,0.0,5.854391961794106e-05,0.0,1.0,0.0,True,True
2024-01-29 12:00:00,2264.17,2269.31,2255.05,2256.0,10024.4449,0.0001,55,-20.0,0.0,trending,,787.7332222463097,0.0,-2.0,True,True,786.1577558018171,-2.004008016032064,,trending,-20.0,{},,581.0,ETHUSDT,2024-01-29 12:00:00,ETHUSDT,2256.0,0.6983450551828986,SHORT,768.8838966029139,0.0,0.0,0.0,768.8838966029139,0.0,0.0,0.0,0.00017074920308848926,-23.818529494580744,1.0,-23.818529494580744,True,True
2024-01-29 13:00:00,2256.0,2256.4,2238.88,2244.42,20438.7653,0.0001,55,-20.0,0.0,trending,,794.244591540835,-1.9734218217500026,-0.02657817824999742,False,,794.244591540835,-1.9734218217500026,,trending,0.0,{},,582.0,ETHUSDT,2024-01-29 13:00:00,,,,,768.8838966029139,0.0,0.0,0.0,768.8838966029139,0.0,0.0,0.0,0.0002854741319969549,-39.64248365975755,1.0,-39.64248365975755,True,False
2024-01-29 14:00:00,2244.42,2252.2,2233.8,2244.09,13892.7124,0.0001,55,-20.0,0.0,trending,,794.4750454090454,-1.9725593194415876,-0.027440680558412422,False,,794.4750454090454,-1.9725593194415876,,trending,0.0,{},,583.0,ETHUSDT,2024-01-29 14:00:00,,,,,768.8838966029139,0.0,0.0,0.0,768.8838966029139,0.0,0.0,0.0,0.00025948496836679244,-35.89528009133226,1.0,-35.89528009133226,True,False
2024-01-29 15:00:00,2244.09,2275.93,2239.45,2275.8,20997.7753,0.0001,55,0.0,0.0,trending,,772.3305237091956,-2.0577895444977323,2.0577895444977323,True,True,770.7396391480493,0.0,,trending,20.0,{},,584.0,ETHUSDT,2024-01-29 15:00:00,ETHUSDT,2275.8,-0.6983450551828986,CLOSE,768.8838966029139,0.0,0.0,0.0,768.8838966029139,0.0,0.0,0.0,-0.0001053142130761582,0.0,1.0,0.0,True,True
2024-01-29 16:00:00,2275.81,2302.43,2265.54,2299.49,44620.3564,0.0001,55,20.0,0.0,trending,,770.7396391480493,0.0,2.0,True,True,769.1981598697532,2.002004008016032,,trending,20.0,{},,585.0,ETHUSDT,2024-01-29 16:00:00,ETHUSDT,2299.49,0.6703570262519509,LONG,768.8838966029139,0.0,0.0,0.0,768.8838966029139,0.0,0.0,0.0,-0.00020883448338685485,28.78495636035229,1.0,28.78495636035229,True,True
2024-01-29 17:00:00,2299.49,2315.45,2295.94,2302.59,33403.8926,0.0001,55,20.0,0.0,trending,,771.2741885443531,1.9993069268954629,0.0006930731045371452,False,,771.2741885443531,1.9993069268954629,,trending,0.0,{},,586.0,ETHUSDT,2024-01-29 17:00:00,,,,,768.8838966029139,0.0,0.0,0.0,768.8838966029139,0.0,0.0,0.0,-0.00018413595811087884,25.300803752056545,1.0,25.300803752056545,True,False
2024-01-29 18:00:00,2302.59,2312.94,2295.15,2300.13,15572.4488,0.0001,55,20.0,0.0,trending,,769.6267593380578,2.001445999371109,-0.001445999371108897,False,,769.6267593380578,2.001445999371109,,trending,0.0,{},,587.0,ETHUSDT,2024-01-29 18:00:00,,,,,768.8838966029139,0.0,0.0,0.0,768.8838966029139,0.0,0.0,0.0,-0.00014909413787518634,20.439645827997662,1.0,20.439645827997662,True,False
2024-01-29 19:00:00,2300.14,2305.01,2292.14,2293.46,10807.2792,0.0001,55,0.0,0.0,trending,,765.1599492543223,2.007292187599684,-2.007292187599684,True,True,763.62404966592,0.0,,trending,-20.0,{},,588.0,ETHUSDT,2024-01-29 19:00:00,ETHUSDT,2293.46,0.669686669225699,CLOSE,768.8838966029139,0.0,0.0,0.0,768.8838966029139,0.0,0.0,0.0,-0.00010314061957641596,0.0,1.0,0.0,True,True
2024-01-29 20:00:00,2293.46,2304.48,2292.21,2302.86,8658.1212,0.0001,55,17.457675397235697,0.0,trending,,763.62404966592,0.0,1.7457675397235697,True,True,762.290939587461,1.7470717533403957,,trending,17.457675397235697,{},,589.0,ETHUSDT,2024-01-29 20:00:00,ETHUSDT,2302.86,0.5788932364360065,LONG,768.8838966029139,0.0,0.0,0.0,768.8838966029139,0.0,0.0,0.0,-0.00012786010241482435,17.457675397235697,1.0,17.457675397235697,True,True
2024-01-29 21:00:00,2302.86,2311.74,2301.0,2306.32,11419.7769,0.0001,55,17.576658707361513,0.0,trending,,764.2919072149314,1.745115869234179,0.012550001501972385,False,,764.2919072149314,1.745115869234179,,trending,0.11898331012581664,{},,590.0,ETHUSDT,2024-01-29 21:00:00,,,,,768.8838966029139,0.0,0.0,0.0,768.8838966029139,0.0,0.0,0.0,-0.00012908027813009592,17.576658707361513,1.0,17.576658707361513,True,False
2024-01-29 22:00:00,2306.31,2322.34,2305.95,2311.43,12214.006,0.0001,55,18.67268532936682,0.0,trending,,767.247093508681,1.742245925219212,0.1250226077174701,False,,767.247093508681,1.742245925219212,,trending,1.0960266220053079,{},,591.0,ETHUSDT,2024-01-29 22:00:00,,,,,768.8838966029139,0.0,0.0,0.0,768.8838966029139,0.0,0.0,0.0,-0.00013751833703686456,18.67268532936682,1.0,18.67268532936682,True,False
2024-01-29 23:00:00,2311.43,2317.92,2310.0,2317.6,9498.3605,0.0001,55,19.514025093767334,0.0,trending,,770.8152930062224,1.7388099768649827,0.2125925325117506,True,True,770.6514234309834,1.951604813453976,,trending,0.8413397644005123,{},,592.0,ETHUSDT,2024-01-29 23:00:00,ETHUSDT,2317.6,0.07070658234336379,LONG,768.8838966029139,0.0,0.0,0.0,768.8838966029139,0.0,0.0,0.0,-0.00014415705969577597,19.514025093767334,1.0,19.514025093767334,True,True
2024-01-30 00:00:00,2317.61,2318.36,2304.7,2305.07,8271.3567,0.0001,61,0.0,0.0,trending,,762.5200771874074,1.9617525177003865,-1.9617525177003865,True,True,761.0242015061879,0.0,,trending,-19.514025093767334,{},,593.0,ETHUSDT,2024-01-30 00:00:00,ETHUSDT,2305.07,0.6489502189605909,CLOSE,768.8838966029139,0.0,0.0,0.0,768.8838966029139,0.0,0.0,0.0,-8.102374620910686e-05,0.0,1.0,0.0,True,True
2024-01-30 01:00:00,2305.06,2324.99,2304.0,2314.71,15647.9355,0.0001,61,0.0,0.0,trending,,761.0242015061879,0.0,0.0,,,761.0242015061879,0.0,,trending,0.0,{},,594.0,,,,,,,768.8838966029139,0.0,0.0,0.0,768.8838966029139,0.0,0.0,0.0,-0.00010376138920138482,0.0,1.0,0.0,,
2024-01-30 02:00:00,2314.71,2327.97,2314.7,2317.83,12639.8536,0.0001,61,0.0,0.0,trending,,761.0242015061879,0.0,0.0,,,761.0242015061879,0.0,,trending,0.0,{},,595.0,,,,,,,768.8838966029139,0.0,0.0,0.0,768.8838966029139,0.0,0.0,0.0,-0.00010697127367924343,0.0,1.0,0.0,,
2024-01-30 03:00:00,2317.82,2320.0,2310.6,2311.4,11223.8476,0.0001,61,0.0,0.0,trending,,761.0242015061879,0.0,0.0,,,761.0242015061879,0.0,,trending,0.0,{},,596.0,,,,,,,768.8838966029139,0.0,0.0,0.0,768.8838966029139,0.0,0.0,0.0,-7.663292706598071e-05,0.0,1.0,0.0,,
2024-01-30 04:00:00,2311.4,2314.69,2308.39,2311.65,7862.7257,0.0001,61,0.0,0.0,trending,,761.0242015061879,0.0,0.0,,,761.0242015061879,0.0,,trending,0.0,{},,597.0,,,,,,,768.8838966029139,0.0,0.0,0.0,768.8838966029139,0.0,0.0,0.0,-7.632359340032845e-05,0.0,1.0,0.0,,
2024-01-30 05:00:00,2311.65,2313.6,2304.41,2304.89,6737.7797,0.0001,61,0.0,0.0,trending,,761.0242015061879,0.0,0.0,,,761.0242015061879,0.0,,trending,0.0,{},,598.0,,,,,,,768.8838966029139,0.0,0.0,0.0,768.8838966029139,0.0,0.0,0.0,-4.719404740210158e-05,0.0,1.0,0.0,,
2024-01-30 06:00:00,2304.9,2309.0,2301.0,2304.1,9428.1542,0.0001,61,0.0,0.0,trending,,761.0242015061879,0.0,0.0,,,761.0242015061879,0.0,,trending,0.0,{},,599.0,,,,,,,768.8838966029139,0.0,0.0,0.0,768.8838966029139,0.0,0.0,0.0,-4.4155210512956886e-05,0.0,1.0,0.0,,
2024-01-30 07:00:00,2304.1,2314.0,2302.82,2309.29,9393.8887,0.0001,61,0.0,0.0,trending,,761.0242015061879,0.0,0.0,,,761.0242015061879,0.0,,trending,0.0,{},,600.0,,,,,,,768.8838966029139,0.0,0.0,0.0,768.8838966029139,0.0,0.0,0.0,-6.384572231303364e-05,0.0,1.0,0.0,,
2024-01-30 08:00:00,2309.3,2312.94,2302.82,2308.32,7064.8736,6.195e-05,61,0.0,0.0,trending,,761.0242015061879,0.0,0.0,,,761.0242015061879,0.0,,trending,0.0,{},,601.0,,,,,,,768.8838966029139,0.0,0.0,0.0,768.8838966029139,0.0,0.0,0.0,-6.046331974201885e-05,0.0,1.0,0.0,,
2024-01-30 09:00:00,2308.31,2309.05,2303.57,2304.39,7337.3771,6.195e-05,61,0.0,0.0,trending,,761.0242015061879,0.0,0.0,,,761.0242015061879,0.0,,trending,0.0,{},,602.0,,,,,,,768.8838966029139,0.0,0.0,0.0,768.8838966029139,0.0,0.0,0.0,-4.0200385798560384e-05,0.0,1.0,0.0,,
2024-01-30 10:00:00,2304.4,2316.34,2303.02,2314.96,8855.4258,6.195e-05,61,0.0,0.0,trending,,761.0242015061879,0.0,0.0,,,761.0242015061879,0.0,,trending,0.0,{},,603.0,,,,,,,768.8838966029139,0.0,0.0,0.0,768.8838966029139,0.0,0.0,0.0,-8.18241545932166e-05,0.0,1.0,0.0,,
2024-01-30 11:00:00,2314.95,2318.22,2311.11,2314.01,8270.8828,6.195e-05,61,0.0,0.0,trending,,761.0242015061879,0.0,0.0,,,761.0242015061879,0.0,,trending,0.0,{},,604.0,,,,,,,768.8838966029139,0.0,0.0,0.0,768.8838966029139,0.0,0.0,0.0,-7.953192865896596e-05,0.0,1.0,0.0,,
2024-01-30 12:00:00,2314.0,2332.85,2299.05,2306.71,43716.5637,6.195e-05,61,0.0,0.0,trending,,761.0242015061879,0.0,0.0,,,761.0242015061879,0.0,,trending,0.0,{},,605.0,,,,,,,768.8838966029139,0.0,0.0,0.0,768.8838966029139,0.0,0.0,0.0,-4.154271809978895e-05,0.0,1.0,0.0,,
2024-01-30 13:00:00,2306.7,2313.79,2297.0,2305.73,13544.8693,6.195e-05,61,0.0,0.0,trending,,761.0242015061879,0.0,0.0,,,761.0242015061879,0.0,,trending,0.0,{},,606.0,,,,,,,768.8838966029139,0.0,0.0,0.0,768.8838966029139,0.0,0.0,0.0,-4.507282286068972e-05,0.0,1.0,0.0,,
2024-01-30 14:00:00,2305.72,2315.57,2298.8,2313.29,13079.8143,6.195e-05,61,20.0,0.0,trending,,761.0242015061879,0.0,2.0,True,True,759.5021531031755,2.002004008016032,,trending,20.0,{},,607.0,ETHUSDT,2024-01-30 14:00:00,ETHUSDT,2313.29,0.6579583204061643,LONG,768.8838966029139,0.0,0.0,0.0,768.8838966029139,0.0,0.0,0.0,-0.00016164889344944927,21.51147597317736,1.0,21.51147597317736,True,True
2024-01-30 15:00:00,2313.3,2347.55,2303.33,2340.91,35509.2532,6.195e-05,61,20.0,0.0,trending,,777.6567891039842,1.9786119174540218,0.021388082545978238,False,,777.6567891039842,1.9786119174540218,,trending,0.0,{},,608.0,ETHUSDT,2024-01-30 15:00:00,,,,,768.8838966029139,0.0,0.0,0.0,768.8838966029139,0.0,0.0,0.0,-0.0003689247839598343,48.6463770734865,1.0,48.6463770734865,True,False
2024-01-30 16:00:00,2340.91,2369.48,2335.73,2369.25,45735.5983,6.195e-05,61,20.0,0.0,trending,,796.2846813654946,1.9557187514911867,0.04428124850881332,False,,796.2846813654946,1.9557187514911867,,trending,0.0,{},,609.0,ETHUSDT,2024-01-30 16:00:00,,,,,768.8838966029139,0.0,0.0,0.0,768.8838966029139,0.0,0.0,0.0,-0.00029831386422859903,39.09491536735099,1.0,39.09491536735099,True,False
2024-01-30 17:00:00,2369.25,2379.79,2364.26,2370.3,30084.7898,0.0001,61,20.0,0.0,trending,,796.9748467456848,1.9548911168447844,0.04510888315521555,False,,796.9748467456848,1.9548911168447844,,trending,0.0,{},,610.0,ETHUSDT,2024-01-30 17:00:00,,,,,768.8838966029139,0.0,0.0,0.0,768.8838966029139,0.0,0.0,0.0,-0.0002378407994697018,31.02980484688279,1.0,31.02980484688279,True,False
2024-01-30 18:00:00,2370.3,2381.0,2364.42,2376.73,17567.5748,0.0001,61,20.0,0.0,trending,,801.2012880738962,1.949853941617724,0.050146058382275926,False,,801.2012880738962,1.949853941617724,,trending,0.0,{},,611.0,ETHUSDT,2024-01-30 18:00:00,,,,,768.8838966029139,0.0,0.0,0.0,768.8838966029139,0.0,0.0,0.0,-0.00020998875892003506,27.31305846898579,1.0,27.31305846898579,True,False
2024-01-30 19:00:00,2376.73,2378.28,2369.28,2374.93,8733.8163,0.0001,61,20.0,0.0,trending,,800.0181474221417,1.9512586732668475,0.04874132673315246,False,,800.0181474221417,1.9512586732668475,,trending,0.0,{},,612.0,ETHUSDT,2024-01-30 19:00:00,,,,,768.8838966029139,0.0,0.0,0.0,768.8838966029139,0.0,0.0,0.0,-0.00018284145621203063,23.726901702543465,1.0,23.726901702543465,True,False
2024-01-30 20:00:00,2374.93,2385.0,2373.53,2373.72,12721.5143,0.0001,61,20.0,0.0,trending,,799.2228139840179,1.952205302689728,0.04779469731027208,False,,799.2228139840179,1.952205302689728,,trending,0.0,{},,613.0,ETHUSDT,2024-01-30 20:00:00,,,,,768.8838966029139,0.0,0.0,0.0,768.8838966029139,0.0,0.0,0.0,-0.00016438549605966092,21.301542430517397,1.0,21.301542430517397,True,False
2024-01-30 21:00:00,2373.73,2391.98,2370.0,2380.03,10896.9865,0.0001,61,20.0,0.0,trending,,803.3703792687793,1.9472893464143717,0.05271065358562832,False,,803.3703792687793,1.9472893464143717,,trending,0.0,{},,614.0,ETHUSDT,2024-01-30 21:00:00,,,,,768.8838966029139,0.0,0.0,0.0,768.8838966029139,0.0,0.0,0.0,-0.0001614245759513728,20.869165916231815,1.0,20.869165916231815,True,False
2024-01-30 22:00:00,2380.02,2381.79,2364.75,2364.96,7418.0901,0.0001,61,0.0,0.0,trending,,793.4648628121467,1.9591151885529186,-1.9591151885529186,True,True,791.9103737478283,0.0,,trending,-20.0,{},,615.0,ETHUSDT,2024-01-30 22:00:00,ETHUSDT,2364.96,0.6573003620857581,CLOSE,768.8838966029139,0.0,0.0,0.0,768.8838966029139,0.0,0.0,0.0,-9.582111578813756e-05,0.0,1.0,0.0,True,True
2024-01-30 23:00:00,2364.96,2367.93,2337.06,2343.01,21136.6075,0.0001,61,0.0,0.0,trending,,791.9103737478283,0.0,0.0,,,791.9103737478283,0.0,,trending,0.0,{},,616.0,,,,,,,768.8838966029139,0.0,0.0,0.0,768.8838966029139,0.0,0.0,0.0,-2.700006187333614e-05,0.0,1.0,0.0,,
2024-01-31 00:00:00,2343.0,2351.6,2331.79,2340.43,19716.5778,0.0001,60,0.0,0.0,trending,,791.9103737478283,0.0,0.0,,,791.9103737478283,0.0,,trending,0.0,{},,617.0,,,,,,,768.8838966029139,0.0,0.0,0.0,768.8838966029139,0.0,0.0,0.0,-2.0265921173793196e-05,0.0,1.0,0.0,,
2024-01-31 01:00:00,2340.44,2346.46,2327.54,2332.46,12716.0253,0.0001,60,0.0,0.0,trending,,791.9103737478283,0.0,0.0,,,791.9103737478283,0.0,,trending,0.0,{},,618.0,,,,,,,768.8838966029139,0.0,0.0,0.0,768.8838966029139,0.0,0.0,0.0,1.5690543202638347e-06,0.0,1.0,0.0,,
2024-01-31 02:00:00,2332.47,2339.25,2327.27,2338.69,13120.1594,0.0001,60,0.0,0.0,trending,,791.9103737478283,0.0,0.0,,,791.9103737478283,0.0,,trending,0.0,{},,619.0,,,,,,,768.8838966029139,0.0,0.0,0.0,768.8838966029139,0.0,0.0,0.0,-1.5009092147347702e-05,0.0,1.0,0.0,,
2024-01-31 03:00:00,2338.68,2344.02,2338.46,2342.91,7356.0072,0.0001,60,0.0,0.0,trending,,791.9103737478283,0.0,0.0,,,791.9103737478283,0.0,,trending,0.0,{},,620.0,,,,,,,768.8838966029139,0.0,0.0,0.0,768.8838966029139,0.0,0.0,0.0,-2.6290653348771475e-05,0.0,1.0,0.0,,
2024-01-31 04:00:00,2342.9,2344.55,2336.18,2341.95,10738.3804,0.0001,60,0.0,0.0,trending,,791.9103737478283,0.0,0.0,,,791.9103737478283,0.0,,trending,0.0,{},,621.0,,,,,,,768.8838966029139,0.0,0.0,0.0,768.8838966029139,0.0,0.0,0.0,-2.3576966755620256e-05,0.0,1.0,0.0,,
2024-01-31 05:00:00,2341.94,2344.26,2334.37,2338.74,8347.3689,0.0001,60,0.0,0.0,trending,,791.9103737478283,0.0,0.0,,,791.9103737478283,0.0,,trending,0.0,{},,622.0,,,,,,,768.8838966029139,0.0,0.0,0.0,768.8838966029139,0.0,0.0,0.0,-1.3175365955014486e-05,0.0,1.0,0.0,,
2024-01-31 06:00:00,2338.74,2341.56,2330.8,2331.91,7113.917,0.0001,60,0.0,0.0,trending,,791.9103737478283,0.0,0.0,,,791.9103737478283,0.0,,trending,0.0,{},,623.0,,,,,,,768.8838966029139,0.0,0.0,0.0,768.8838966029139,0.0,0.0,0.0,1.0258972165402666e-05,0.0,1.0,0.0,,
2024-01-31 07:00:00,2331.92,2342.12,2330.0,2340.84,6882.6904,0.0001,60,0.0,0.0,trending,,791.9103737478283,0.0,0.0,,,791.9103737478283,0.0,,trending,0.0,{},,624.0,,,,,,,768.8838966029139,0.0,0.0,0.0,768.8838966029139,0.0,0.0,0.0,-2.072433091022376e-05,0.0,1.0,0.0,,
2024-01-31 08:00:00,2340.84,2343.52,2335.45,2339.08,8002.6683,0.0001,60,0.0,0.0,trending,,791.9103737478283,0.0,0.0,,,791.9103737478283,0.0,,trending,0.0,{},,625.0,,,,,,,768.8838966029139,0.0,0.0,0.0,768.8838966029139,0.0,0.0,0.0,-1.4581766195398402e-05,0.0,1.0,0.0,,
2024-01-31 09:00:00,2339.08,2339.09,2309.19,2311.2,22082.9386,0.0001,60,0.0,0.0,trending,,791.9103737478283,0.0,0.0,,,791.9103737478283,0.0,,trending,0.0,{},,626.0,,,,,,,768.8838966029139,0.0,0.0,0.0,768.8838966029139,0.0,0.0,0.0,7.632704376254321e-05,0.0,1.0,0.0,,
2024-01-31 10:00:00,2311.2,2313.72,2281.6,2284.0,31483.0586,0.0001,60,-16.062720045521917,0.0,trending,,791.9103737478283,0.0,-1.6062720045521917,True,True,790.6383502843628,-1.6088562653305403,,trending,-16.062720045521917,{},,627.0,ETHUSDT,2024-01-31 10:00:00,ETHUSDT,2284.0,0.5569279612371276,SHORT,768.8838966029139,0.0,0.0,0.0,768.8838966029139,0.0,0.0,0.0,0.00012426498963730544,-16.062720045521917,1.0,-16.062720045521917,True,True
2024-01-31 11:00:00,2284.01,2300.45,2280.77,2300.18,19376.8607,0.0001,60,0.0,0.0,trending,,781.6272558715461,-1.6389328138896724,1.6389328138896724,True,True,780.344938996793,0.0,,trending,16.062720045521917,{},,628.0,ETHUSDT,2024-01-31 11:00:00,ETHUSDT,2300.18,-0.5569279612371276,CLOSE,768.8838966029139,0.0,0.0,0.0,768.8838966029139,0.0,0.0,0.0,6.89682225113053e-05,0.0,1.0,0.0,True,True
2024-01-31 12:00:00,2300.18,2307.48,2296.89,2304.56,12556.3259,0.0001,60,0.0,0.0,trending,,780.344938996793,0.0,0.0,,,780.344938996793,0.0,,trending,0.0,{},,629.0,,,,,,,768.8838966029139,0.0,0.0,0.0,768.8838966029139,0.0,0.0,0.0,5.588808319947613e-05,0.0,1.0,0.0,,
2024-01-31 13:00:00,2304.57,2318.14,2298.69,2312.87,14985.2243,0.0001,60,0.0,0.0,trending,,780.344938996793,0.0,0.0,,,780.344938996793,0.0,,trending,0.0,{},,630.0,,,,,,,768.8838966029139,0.0,0.0,0.0,768.8838966029139,0.0,0.0,0.0,3.276031001162097e-05,0.0,1.0,0.0,,
2024-01-31 14:00:00,2312.87,2314.6,2298.44,2307.4,16809.5184,0.0001,60,0.0,0.0,trending,,780.344938996793,0.0,0.0,,,780.344938996793,0.0,,trending,0.0,{},,631.0,,,,,,,768.8838966029139,0.0,0.0,0.0,768.8838966029139,0.0,0.0,0.0,4.472178411244109e-05,0.0,1.0,0.0,,
2024-01-31 15:00:00,2307.4,2333.0,2291.69,2329.42,30993.0268,0.0001,60,0.0,0.0,trending,,780.344938996793,0.0,0.0,,,780.344938996793,0.0,,trending,0.0,{},,632.0,,,,,,,768.8838966029139,0.0,0.0,0.0,768.8838966029139,0.0,0.0,0.0,-1.1892051365507876e-05,0.0,1.0,0.0,,
2024-01-31 16:00:00,2329.42,2347.18,2324.99,2345.91,23706.1655,0.0001,60,0.0,0.0,trending,,780.344938996793,0.0,0.0,,,780.344938996793,0.0,,trending,0.0,{},,633.0,,,,,,,768.8838966029139,0.0,0.0,0.0,768.8838966029139,0.0,0.0,0.0,-4.682475740297098e-05,0.0,1.0,0.0,,
2024-01-31 17:00:00,2345.92,2350.3,2337.72,2347.27,17837.887,0.0001,60,0.0,0.0,trending,,780.344938996793,0.0,0.0,,,780.344938996793,0.0,,trending,0.0,{},,634.0,,,,,,,768.8838966029139,0.0,0.0,0.0,768.8838966029139,0.0,0.0,0.0,-5.108352885604018e-05,0.0,1.0,0.0,,
2024-01-31 18:00:00,2347.28,2348.05,2330.07,2335.63,18814.1123,0.0001,60,0.0,0.0,trending,,780.344938996793,0.0,0.0,,,780.344938996793,0.0,,trending,0.0,{},,635.0,,,,,,,768.8838966029139,0.0,0.0,0.0,768.8838966029139,0.0,0.0,0.0,-2.0470315629599817e-05,0.0,1.0,0.0,,
2024-01-31 19:00:00,2335.63,2342.26,2309.51,2323.38,24021.4883,0.0001,60,0.0,0.0,trending,,780.344938996793,0.0,0.0,,,780.344938996793,0.0,,trending,0.0,{},,636.0,,,,,,,768.8838966029139,0.0,0.0,0.0,768.8838966029139,0.0,0.0,0.0,1.2567004550917142e-05,0.0,1.0,0.0,,
2024-01-31 20:00:00,2323.39,2324.67,2286.11,2287.98,27445.8322,0.0001,60,0.0,0.0,trending,,780.344938996793,0.0,0.0,,,780.344938996793,0.0,,trending,0.0,{},,637.0,,,,,,,768.8838966029139,0.0,0.0,0.0,768.8838966029139,0.0,0.0,0.0,9.062839695321154e-05,0.0,1.0,0.0,,
2024-01-31 21:00:00,2287.98,2292.37,2263.57,2279.0,23011.2819,0.0001,60,0.0,0.0,trending,,780.344938996793,0.0,0.0,,,780.344938996793,0.0,,trending,0.0,{},,638.0,,,,,,,768.8838966029139,0.0,0.0,0.0,768.8838966029139,0.0,0.0,0.0,0.00010828774949378468,0.0,1.0,0.0,,
2024-01-31 22:00:00,2278.99,2287.94,2269.03,2285.75,10362.1665,0.0001,60,0.0,0.0,trending,,780.344938996793,0.0,0.0,,,780.344938996793,0.0,,trending,0.0,{},,639.0,,,,,,,768.8838966029139,0.0,0.0,0.0,768.8838966029139,0.0,0.0,0.0,8.767344386644964e-05,0.0,1.0,0.0,,
2024-01-31 23:00:00,2285.75,2288.91,2281.88,2283.14,9636.5042,0.0001,60,0.0,0.0,trending,,780.344938996793,0.0,0.0,,,780.344938996793,0.0,,trending,0.0,{},,640.0,,,,,,,768.8838966029139,0.0,0.0,0.0,768.8838966029139,0.0,0.0,0.0,8.919143514329578e-05,0.0,1.0,0.0,,
2024-02-01 00:00:00,2283.15,2289.6,2272.19,2283.59,11095.2307,5.527e-05,63,0.0,0.0,trending,,780.344938996793,0.0,0.0,,,780.344938996793,0.0,,trending,0.0,{},,641.0,,,,,,,768.8838966029139,0.0,0.0,0.0,768.8838966029139,0.0,0.0,0.0,8.501255576395086e-05,0.0,1.0,0.0,,
2024-02-01 01:00:00,2283.6,2284.3,2240.0,2245.19,32855.7491,5.527e-05,63,-16.639175836143302,0.0,trending,,780.344938996793,0.0,-1.6639175836143303,True,True,779.0465093315117,-1.6666908197758037,,trending,-16.639175836143302,{},,642.0,ETHUSDT,2024-02-01 01:00:00,ETHUSDT,2245.19,0.5783161626771969,SHORT,768.8838966029139,0.0,0.0,0.0,768.8838966029139,0.0,0.0,0.0,0.0001294867611823756,-16.639175836143302,1.0,-16.639175836143302,True,True
2024-02-01 02:00:00,2245.19,2260.5,2242.99,2260.5,13893.8266,5.527e-05,63,0.0,0.0,trending,,770.1924888809237,-1.6973467082641431,1.6973467082641431,True,True,768.8838966029139,0.0,,trending,16.639175836143302,{},,643.0,ETHUSDT,2024-02-01 02:00:00,ETHUSDT,2260.5,-0.5783161626771969,CLOSE,768.8838966029139,0.0,0.0,0.0,768.8838966029139,0.0,0.0,0.0,8.455978616313097e-05,0.0,1.0,0.0,True,True
2024-02-01 03:00:00,2260.49,2263.17,2256.25,2257.21,10254.354,5.527e-05,63,0.0,0.0,trending,,768.8838966029139,0.0,0.0,,,768.8838966029139,0.0,,trending,0.0,{},,644.0,,,,,,,768.8838966029139,0.0,0.0,0.0,768.8838966029139,0.0,0.0,0.0,8.573928998984902e-05,0.0,1.0,0.0,,
2024-02-01 04:00:00,2257.2,2267.59,2251.91,2262.77,12842.205,5.527e-05,63,0.0,0.0,trending,,768.8838966029139,0.0,0.0,,,768.8838966029139,0.0,,trending,0.0,{},,645.0,,,,,,,768.8838966029139,0.0,0.0,0.0,768.8838966029139,0.0,0.0,0.0,7.14620130256847e-05,0.0,1.0,0.0,,
2024-02-01 05:00:00,2262.77,2268.87,2262.0,2268.8,7882.3581,5.527e-05,63,0.0,0.0,trending,,768.8838966029139,0.0,0.0,,,768.8838966029139,0.0,,trending,0.0,{},,646.0,,,,,,,768.8838966029139,0.0,0.0,0.0,768.8838966029139,0.0,0.0,0.0,5.7417556400268255e-05,0.0,1.0,0.0,,
2024-02-01 06:00:00,2268.81,2274.5,2268.36,2274.5,18058.5725,5.527e-05,63,0.0,0.0,trending,,768.8838966029139,0.0,0.0,,,768.8838966029139,0.0,,trending,0.0,{},,647.0,,,,,,,768.8838966029139,0.0,0.0,0.0,768.8838966029139,0.0,0.0,0.0,4.44165331887353e-05,0.0,1.0,0.0,,
2024-02-01 07:00:00,2274.49,2277.78,2271.6,2271.96,9895.5508,5.527e-05,63,0.0,0.0,trending,,768.8838966029139,0.0,0.0,,,768.8838966029139,0.0,,trending,0.0,{},,648.0,,,,,,,768.8838966029139,0.0,0.0,0.0,768.8838966029139,0.0,0.0,0.0,5.038185640155617e-05,0.0,1.0,0.0,,
2024-02-01 08:00:00,2271.95,2273.44,2266.4,2272.41,8897.5893,7.871e-05,63,0.0,0.0,trending,,768.8838966029139,0.0,0.0,,,768.8838966029139,0.0,,trending,0.0,{},,649.0,,,,,,,768.8838966029139,0.0,0.0,0.0,768.8838966029139,0.0,0.0,0.0,5.109383497359066e-05,0.0,1.0,0.0,,
2024-02-01 09:00:00,2272.4,2275.85,2265.2,2267.84,8325.9949,7.871e-05,63,0.0,0.0,trending,,768.8838966029139,0.0,0.0,,,768.8838966029139,0.0,,trending,0.0,{},,650.0,,,,,,,768.8838966029139,0.0,0.0,0.0,768.8838966029139,0.0,0.0,0.0,6.022120497941546e-05,0.0,1.0,0.0,,
2024-02-01 10:00:00,2267.85,2278.12,2266.12,2267.91,8897.5897,7.871e-05,63,0.0,0.0,trending,,768.8838966029139,0.0,0.0,,,768.8838966029139,0.0,,trending,0.0,{},,651.0,,,,,,,768.8838966029139,0.0,0.0,0.0,768.8838966029139,0.0,0.0,0.0,5.925139001386955e-05,0.0,1.0,0.0,,
2024-02-01 11:00:00,2267.91,2272.92,2265.4,2266.66,7741.3858,7.871e-05,63,0.0,0.0,trending,,768.8838966029139,0.0,0.0,,,768.8838966029139,0.0,,trending,0.0,{},,652.0,,,,,,,768.8838966029139,0.0,0.0,0.0,768.8838966029139,0.0,0.0,0.0,6.139001205611858e-05,0.0,1.0,0.0,,
2024-02-01 12:00:00,2266.67,2274.62,2263.2,2270.83,11089.1782,7.871e-05,63,0.0,0.0,trending,,768.8838966029139,0.0,0.0,,,768.8838966029139,0.0,,trending,0.0,{},,653.0,,,,,,,768.8838966029139,0.0,0.0,0.0,768.8838966029139,0.0,0.0,0.0,4.6978965427543515e-05,0.0,1.0,0.0,,
2024-02-01 13:00:00,2270.83,2277.54,2263.59,2272.09,12710.8786,7.871e-05,63,0.0,0.0,trending,,768.8838966029139,0.0,0.0,,,768.8838966029139,0.0,,trending,0.0,{},,654.0,,,,,,,768.8838966029139,0.0,0.0,0.0,768.8838966029139,0.0,0.0,0.0,4.3054880229308114e-05,0.0,1.0,0.0,,
2024-02-01 14:00:00,2272.08,2300.45,2270.15,2297.12,24229.8194,7.871e-05,63,0.0,0.0,trending,,768.8838966029139,0.0,0.0,,,768.8838966029139,0.0,,trending,0.0,{},,655.0,,,,,,,768.8838966029139,0.0,0.0,0.0,768.8838966029139,0.0,0.0,0.0,-3.0515719980917325e-05,0.0,1.0,0.0,,
2024-02-01 15:00:00,2297.13,2308.45,2287.89,2288.88,23064.2286,7.871e-05,63,0.0,0.0,trending,,768.8838966029139,0.0,0.0,,,768.8838966029139,0.0,,trending,0.0,{},,656.0,,,,,,,768.8838966029139,0.0,0.0,0.0,768.8838966029139,0.0,0.0,0.0,-7.602188736586566e-06,0.0,1.0,0.0,,
2024-02-01 16:00:00,2288.89,2293.59,2267.54,2292.07,18999.5234,7.871e-05,63,0.0,0.0,trending,,768.8838966029139,0.0,0.0,,,768.8838966029139,0.0,,trending,0.0,{},,657.0,,,,,,,768.8838966029139,0.0,0.0,0.0,768.8838966029139,0.0,0.0,0.0,-1.8695014406593665e-05,0.0,1.0,0.0,,
2024-02-01 17:00:00,2292.07,2311.72,2291.25,2304.71,21878.4762,0.0001,63,0.0,0.0,trending,,768.8838966029139,0.0,0.0,,,768.8838966029139,0.0,,trending,0.0,{},,658.0,,,,,,,768.8838966029139,0.0,0.0,0.0,768.8838966029139,0.0,0.0,0.0,-6.586276955374325e-05,0.0,1.0,0.0,,
2024-02-01 18:00:00,2304.7,2307.99,2293.07,2295.94,11310.4255,0.0001,63,0.0,0.0,trending,,768.8838966029139,0.0,0.0,,,768.8838966029139,0.0,,trending,0.0,{},,659.0,,,,,,,768.8838966029139,0.0,0.0,0.0,768.8838966029139,0.0,0.0,0.0,-3.488556668238821e-05,0.0,1.0,0.0,,
2024-02-01 19:00:00,2295.93,2309.49,2291.75,2304.79,9162.2689,0.0001,63,0.0,0.0,trending,,768.8838966029139,0.0,0.0,,,768.8838966029139,0.0,,trending,0.0,{},,660.0,,,,,,,768.8838966029139,0.0,0.0,0.0,768.8838966029139,0.0,0.0,0.0,-7.912661628012084e-05,0.0,1.0,0.0,,
2024-02-01 20:00:00,2304.79,2307.0,2296.2,2299.46,6648.299,0.0001,63,0.0,0.0,trending,,768.8838966029139,0.0,0.0,,,768.8838966029139,0.0,,trending,0.0,{},,661.0,,,,,,,768.8838966029139,0.0,0.0,0.0,768.8838966029139,0.0,0.0,0.0,-4.727155944866173e-05,0.0,1.0,0.0,,
2024-02-01 21:00:00,2299.46,2309.78,2297.06,2304.36,8624.9891,0.0001,63,0.0,0.0,trending,,768.8838966029139,0.0,0.0,,,768.8838966029139,0.0,,trending,0.0,{},,662.0,,,,,,,768.8838966029139,0.0,0.0,0.0,768.8838966029139,0.0,0.0,0.0,-6.574819106778707e-05,0.0,1.0,0.0,,
