timestamp,open,high,low,close,volume,funding_rate,fear_greed,forecast,confidence,regime,strategy,total_portfolio_value,previous_allocation,allocation_change,approved_rebalance,debug_approve_allocation_change,succcess_execute_portfolio_rebalance,debug_execute_portfolio_rebalance,postRebalance_total_value,postRebalance_current_allocation,portfolio_value,debug_info.error,debug_info.regime,debug_info.forecast_delta,debug_info.regime_scores,debug_info.regime_margin,debug_info.bars_in_regime,debug_info.components,balances.USDT.free,balances.USDT.locked,postRebalance_balances.USDT.free,postRebalance_balances.USDT.locked
2024-05-01 00:00:00,32.71,32.84,32.29,32.42,113849.55,-0.000102,54,0.0,0.0,NOT_READY,,1000.0,0.0,0.0,,{},,{},1000.0,0.0,1000.0,Strategy not ready,,,,,,,1000,0,1000,0
2024-05-01 01:00:00,32.42,32.76,32.23,32.65,99875.88,-0.000102,54,0.0,0.0,NOT_READY,,1000.0,0.0,0.0,,{},,{},1000.0,0.0,1000.0,Strategy not ready,,,,,,,1000,0,1000,0
2024-05-01 02:00:00,32.64,32.68,32.22,32.51,79434.73,-0.000102,54,0.0,0.0,NOT_READY,,1000.0,0.0,0.0,,{},,{},1000.0,0.0,1000.0,Strategy not ready,,,,,,,1000,0,1000,0
2024-05-01 03:00:00,32.51,32.69,32.43,32.64,42012.68,-0.000102,54,0.0,0.0,NOT_READY,,1000.0,0.0,0.0,,{},,{},1000.0,0.0,1000.0,Strategy not ready,,,,,,,1000,0,1000,0
2024-05-01 04:00:00,32.64,32.75,32.6,32.65,27675.99,-0.000102,54,0.0,0.0,NOT_READY,,1000.0,0.0,0.0,,{},,{},1000.0,0.0,1000.0,Strategy not ready,,,,,,,1000,0,1000,0
2024-05-01 05:00:00,32.65,32.77,32.41,32.46,40466.35,-0.000102,54,0.0,0.0,NOT_READY,,1000.0,0.0,0.0,,{},,{},1000.0,0.0,1000.0,Strategy not ready,,,,,,,1000,0,1000,0
2024-05-01 06:00:00,32.47,32.49,31.97,32.01,59546.79,-0.000102,54,0.0,0.0,NOT_READY,,1000.0,0.0,0.0,,{},,{},1000.0,0.0,1000.0,Strategy not ready,,,,,,,1000,0,1000,0
2024-05-01 07:00:00,32.01,32.04,30.26,31.27,468479.57,-0.000102,54,0.0,0.0,NOT_READY,,1000.0,0.0,0.0,,{},,{},1000.0,0.0,1000.0,Strategy not ready,,,,,,,1000,0,1000,0
2024-05-01 08:00:00,31.27,31.31,30.6,31.02,236351.56,7e-05,54,0.0,0.0,NOT_READY,,1000.0,0.0,0.0,,{},,{},1000.0,0.0,1000.0,Strategy not ready,,,,,,,1000,0,1000,0
2024-05-01 09:00:00,31.01,31.39,30.96,31.26,144167.44,7e-05,54,0.0,0.0,NOT_READY,,1000.0,0.0,0.0,,{},,{},1000.0,0.0,1000.0,Strategy not ready,,,,,,,1000,0,1000,0
2024-05-01 10:00:00,31.27,31.53,31.16,31.53,105798.41,7e-05,54,0.0,0.0,NOT_READY,,1000.0,0.0,0.0,,{},,{},1000.0,0.0,1000.0,Strategy not ready,,,,,,,1000,0,1000,0
2024-05-01 11:00:00,31.52,31.92,31.46,31.91,70102.44,7e-05,54,0.0,0.0,NOT_READY,,1000.0,0.0,0.0,,{},,{},1000.0,0.0,1000.0,Strategy not ready,,,,,,,1000,0,1000,0
2024-05-01 12:00:00,31.9,32.35,31.77,32.19,119722.29,7e-05,54,0.0,0.0,NOT_READY,,1000.0,0.0,0.0,,{},,{},1000.0,0.0,1000.0,Strategy not ready,,,,,,,1000,0,1000,0
2024-05-01 13:00:00,32.19,32.67,32.06,32.39,177209.63,7e-05,54,0.0,0.0,NOT_READY,,1000.0,0.0,0.0,,{},,{},1000.0,0.0,1000.0,Strategy not ready,,,,,,,1000,0,1000,0
2024-05-01 14:00:00,32.4,33.01,32.23,32.88,187665.77,7e-05,54,0.0,0.0,NOT_READY,,1000.0,0.0,0.0,,{},,{},1000.0,0.0,1000.0,Strategy not ready,,,,,,,1000,0,1000,0
2024-05-01 15:00:00,32.88,32.9,32.24,32.48,107945.66,7e-05,54,0.0,0.0,NOT_READY,,1000.0,0.0,0.0,,{},,{},1000.0,0.0,1000.0,Strategy not ready,,,,,,,1000,0,1000,0
2024-05-01 16:00:00,32.47,32.57,31.87,32.01,172854.68,7e-06,54,0.0,0.0,NOT_READY,,1000.0,0.0,0.0,,{},,{},1000.0,0.0,1000.0,Strategy not ready,,,,,,,1000,0,1000,0
2024-05-01 17:00:00,32.0,32.45,31.8,32.29,93943.7,7e-06,54,0.0,0.0,NOT_READY,,1000.0,0.0,0.0,,{},,{},1000.0,0.0,1000.0,Strategy not ready,,,,,,,1000,0,1000,0
2024-05-01 18:00:00,32.29,34.0,32.27,33.65,428981.7,7e-06,54,0.0,0.0,NOT_READY,,1000.0,0.0,0.0,,{},,{},1000.0,0.0,1000.0,Strategy not ready,,,,,,,1000,0,1000,0
2024-05-01 19:00:00,33.65,33.81,32.18,32.42,272676.92,7e-06,54,0.0,0.0,NOT_READY,,1000.0,0.0,0.0,,{},,{},1000.0,0.0,1000.0,Strategy not ready,,,,,,,1000,0,1000,0
2024-05-01 20:00:00,32.43,32.89,32.16,32.69,117643.21,7e-06,54,0.0,0.0,NOT_READY,,1000.0,0.0,0.0,,{},,{},1000.0,0.0,1000.0,Strategy not ready,,,,,,,1000,0,1000,0
2024-05-01 21:00:00,32.69,33.18,32.65,33.05,68934.86,7e-06,54,0.0,0.0,NOT_READY,,1000.0,0.0,0.0,,{},,{},1000.0,0.0,1000.0,Strategy not ready,,,,,,,1000,0,1000,0
2024-05-01 22:00:00,33.05,33.18,32.98,33.05,72974.58,7e-06,54,0.0,0.0,NOT_READY,,1000.0,0.0,0.0,,{},,{},1000.0,0.0,1000.0,Strategy not ready,,,,,,,1000,0,1000,0
2024-05-01 23:00:00,33.04,33.42,32.98,33.33,72203.5,7e-06,54,0.0,0.0,NOT_READY,,1000.0,0.0,0.0,,{},,{},1000.0,0.0,1000.0,Strategy not ready,,,,,,,1000,0,1000,0
2024-05-02 00:00:00,33.33,33.74,32.97,33.02,125654.73,6.7e-05,43,0.0,0.0,NOT_READY,,1000.0,0.0,0.0,,{},,{},1000.0,0.0,1000.0,Strategy not ready,,,,,,,1000,0,1000,0
2024-05-02 01:00:00,33.01,33.11,32.36,32.76,91475.48,6.7e-05,43,0.0,0.0,NOT_READY,,1000.0,0.0,0.0,,{},,{},1000.0,0.0,1000.0,Strategy not ready,,,,,,,1000,0,1000,0
2024-05-02 02:00:00,32.77,32.87,32.64,32.73,48765.91,6.7e-05,43,0.0,0.0,NOT_READY,,1000.0,0.0,0.0,,{},,{},1000.0,0.0,1000.0,Strategy not ready,,,,,,,1000,0,1000,0
2024-05-02 03:00:00,32.74,32.97,32.72,32.78,30092.27,6.7e-05,43,0.0,0.0,NOT_READY,,1000.0,0.0,0.0,,{},,{},1000.0,0.0,1000.0,Strategy not ready,,,,,,,1000,0,1000,0
2024-05-02 04:00:00,32.78,32.97,32.62,32.69,62487.38,6.7e-05,43,0.0,0.0,NOT_READY,,1000.0,0.0,0.0,,{},,{},1000.0,0.0,1000.0,Strategy not ready,,,,,,,1000,0,1000,0
2024-05-02 05:00:00,32.7,32.73,32.3,32.64,37690.82,6.7e-05,43,0.0,0.0,NOT_READY,,1000.0,0.0,0.0,,{},,{},1000.0,0.0,1000.0,Strategy not ready,,,,,,,1000,0,1000,0
2024-05-02 06:00:00,32.64,32.79,32.54,32.56,34884.86,6.7e-05,43,0.0,0.0,NOT_READY,,1000.0,0.0,0.0,,{},,{},1000.0,0.0,1000.0,Strategy not ready,,,,,,,1000,0,1000,0
2024-05-02 07:00:00,32.56,32.94,32.56,32.67,53302.0,6.7e-05,43,0.0,0.0,NOT_READY,,1000.0,0.0,0.0,,{},,{},1000.0,0.0,1000.0,Strategy not ready,,,,,,,1000,0,1000,0
2024-05-02 08:00:00,32.66,32.98,32.6,32.87,56176.64,0.0001,43,0.0,0.0,NOT_READY,,1000.0,0.0,0.0,,{},,{},1000.0,0.0,1000.0,Strategy not ready,,,,,,,1000,0,1000,0
2024-05-02 09:00:00,32.88,32.99,32.72,32.9,40313.45,0.0001,43,0.0,0.0,NOT_READY,,1000.0,0.0,0.0,,{},,{},1000.0,0.0,1000.0,Strategy not ready,,,,,,,1000,0,1000,0
2024-05-02 10:00:00,32.9,33.06,32.68,33.02,59813.02,0.0001,43,0.0,0.0,NOT_READY,,1000.0,0.0,0.0,,{},,{},1000.0,0.0,1000.0,Strategy not ready,,,,,,,1000,0,1000,0
2024-05-02 11:00:00,33.01,33.8,32.97,33.77,175354.92,0.0001,43,0.0,0.0,NOT_READY,,1000.0,0.0,0.0,,{},,{},1000.0,0.0,1000.0,Strategy not ready,,,,,,,1000,0,1000,0
2024-05-02 12:00:00,33.77,34.06,33.6,33.67,117210.88,0.0001,43,0.0,0.0,NOT_READY,,1000.0,0.0,0.0,,{},,{},1000.0,0.0,1000.0,Strategy not ready,,,,,,,1000,0,1000,0
2024-05-02 13:00:00,33.67,33.84,33.22,33.32,88977.93,0.0001,43,0.0,0.0,NOT_READY,,1000.0,0.0,0.0,,{},,{},1000.0,0.0,1000.0,Strategy not ready,,,,,,,1000,0,1000,0
2024-05-02 14:00:00,33.31,33.93,33.16,33.86,114819.53,0.0001,43,0.0,0.0,NOT_READY,,1000.0,0.0,0.0,,{},,{},1000.0,0.0,1000.0,Strategy not ready,,,,,,,1000,0,1000,0
2024-05-02 15:00:00,33.86,34.13,33.78,33.81,102440.42,0.0001,43,0.0,0.0,NOT_READY,,1000.0,0.0,0.0,,{},,{},1000.0,0.0,1000.0,Strategy not ready,,,,,,,1000,0,1000,0
2024-05-02 16:00:00,33.81,33.85,33.52,33.58,105332.44,0.0001,43,0.0,0.0,NOT_READY,,1000.0,0.0,0.0,,{},,{},1000.0,0.0,1000.0,Strategy not ready,,,,,,,1000,0,1000,0
2024-05-02 17:00:00,33.59,33.84,33.53,33.8,49083.29,5e-05,43,0.0,0.0,NOT_READY,,1000.0,0.0,0.0,,{},,{},1000.0,0.0,1000.0,Strategy not ready,,,,,,,1000,0,1000,0
2024-05-02 18:00:00,33.79,33.97,33.61,33.73,76361.67,5e-05,43,0.0,0.0,NOT_READY,,1000.0,0.0,0.0,,{},,{},1000.0,0.0,1000.0,Strategy not ready,,,,,,,1000,0,1000,0
2024-05-02 19:00:00,33.73,33.77,33.57,33.77,41241.84,5e-05,43,0.0,0.0,NOT_READY,,1000.0,0.0,0.0,,{},,{},1000.0,0.0,1000.0,Strategy not ready,,,,,,,1000,0,1000,0
2024-05-02 20:00:00,33.77,33.84,33.32,33.48,65182.6,5e-05,43,0.0,0.0,NOT_READY,,1000.0,0.0,0.0,,{},,{},1000.0,0.0,1000.0,Strategy not ready,,,,,,,1000,0,1000,0
2024-05-02 21:00:00,33.48,33.86,33.46,33.67,39892.16,5e-05,43,0.0,0.0,NOT_READY,,1000.0,0.0,0.0,,{},,{},1000.0,0.0,1000.0,Strategy not ready,,,,,,,1000,0,1000,0
2024-05-02 22:00:00,33.67,33.97,33.66,33.8,54522.34,5e-05,43,0.0,0.0,NOT_READY,,1000.0,0.0,0.0,,{},,{},1000.0,0.0,1000.0,Strategy not ready,,,,,,,1000,0,1000,0
2024-05-02 23:00:00,33.8,33.84,33.58,33.58,32359.63,5e-05,43,0.0,0.0,NOT_READY,,1000.0,0.0,0.0,,{},,{},1000.0,0.0,1000.0,Strategy not ready,,,,,,,1000,0,1000,0
2024-05-03 00:00:00,33.57,33.75,33.43,33.66,36455.07,-2.9e-05,48,0.0,0.0,NOT_READY,,1000.0,0.0,0.0,,{},,{},1000.0,0.0,1000.0,Strategy not ready,,,,,,,1000,0,1000,0
2024-05-03 01:00:00,33.66,34.24,33.64,33.96,52789.48,-2.9e-05,48,0.0,0.0,NOT_READY,,1000.0,0.0,0.0,,{},,{},1000.0,0.0,1000.0,Strategy not ready,,,,,,,1000,0,1000,0
2024-05-03 02:00:00,33.96,34.3,33.91,34.05,49871.9,-2.9e-05,48,0.0,0.0,NOT_READY,,1000.0,0.0,0.0,,{},,{},1000.0,0.0,1000.0,Strategy not ready,,,,,,,1000,0,1000,0
2024-05-03 03:00:00,34.05,34.36,34.05,34.15,52841.77,-2.9e-05,48,0.0,0.0,NOT_READY,,1000.0,0.0,0.0,,{},,{},1000.0,0.0,1000.0,Strategy not ready,,,,,,,1000,0,1000,0
2024-05-03 04:00:00,34.16,34.2,33.89,33.97,30294.3,-2.9e-05,48,0.0,0.0,NOT_READY,,1000.0,0.0,0.0,,{},,{},1000.0,0.0,1000.0,Strategy not ready,,,,,,,1000,0,1000,0
2024-05-03 05:00:00,33.97,34.14,33.84,33.95,44338.38,-2.9e-05,48,0.0,0.0,NOT_READY,,1000.0,0.0,0.0,,{},,{},1000.0,0.0,1000.0,Strategy not ready,,,,,,,1000,0,1000,0
2024-05-03 06:00:00,33.94,33.99,33.69,33.73,37304.36,-2.9e-05,48,0.0,0.0,NOT_READY,,1000.0,0.0,0.0,,{},,{},1000.0,0.0,1000.0,Strategy not ready,,,,,,,1000,0,1000,0
2024-05-03 07:00:00,33.73,33.86,33.5,33.55,41766.84,-2.9e-05,48,0.0,0.0,NOT_READY,,1000.0,0.0,0.0,,{},,{},1000.0,0.0,1000.0,Strategy not ready,,,,,,,1000,0,1000,0
2024-05-03 08:00:00,33.55,33.77,33.54,33.62,28393.48,4e-05,48,0.0,0.0,NOT_READY,,1000.0,0.0,0.0,,{},,{},1000.0,0.0,1000.0,Strategy not ready,,,,,,,1000,0,1000,0
2024-05-03 09:00:00,33.62,33.9,33.6,33.81,36083.09,4e-05,48,0.0,0.0,NOT_READY,,1000.0,0.0,0.0,,{},,{},1000.0,0.0,1000.0,Strategy not ready,,,,,,,1000,0,1000,0
2024-05-03 10:00:00,33.82,33.82,33.3,33.51,41173.06,4e-05,48,0.0,0.0,NOT_READY,,1000.0,0.0,0.0,,{},,{},1000.0,0.0,1000.0,Strategy not ready,,,,,,,1000,0,1000,0
2024-05-03 11:00:00,33.51,33.63,33.38,33.56,47417.68,4e-05,48,0.0,0.0,NOT_READY,,1000.0,0.0,0.0,,{},,{},1000.0,0.0,1000.0,Strategy not ready,,,,,,,1000,0,1000,0
2024-05-03 12:00:00,33.56,34.73,33.52,34.65,187218.6,4e-05,48,0.0,0.0,NOT_READY,,1000.0,0.0,0.0,,{},,{},1000.0,0.0,1000.0,Strategy not ready,,,,,,,1000,0,1000,0
2024-05-03 13:00:00,34.65,34.92,34.48,34.82,176305.95,4e-05,48,0.0,0.0,NOT_READY,,1000.0,0.0,0.0,,{},,{},1000.0,0.0,1000.0,Strategy not ready,,,,,,,1000,0,1000,0
2024-05-03 14:00:00,34.83,34.98,34.57,34.78,104156.73,4e-05,48,0.0,0.0,NOT_READY,,1000.0,0.0,0.0,,{},,{},1000.0,0.0,1000.0,Strategy not ready,,,,,,,1000,0,1000,0
2024-05-03 15:00:00,34.78,35.18,34.73,35.08,65741.02,4e-05,48,0.0,0.0,NOT_READY,,1000.0,0.0,0.0,,{},,{},1000.0,0.0,1000.0,Strategy not ready,,,,,,,1000,0,1000,0
2024-05-03 16:00:00,35.08,35.41,35.06,35.23,85278.56,9.8e-05,48,0.0,0.0,NOT_READY,,1000.0,0.0,0.0,,{},,{},1000.0,0.0,1000.0,Strategy not ready,,,,,,,1000,0,1000,0
2024-05-03 17:00:00,35.22,35.46,35.15,35.33,44990.55,9.8e-05,48,0.0,0.0,NOT_READY,,1000.0,0.0,0.0,,{},,{},1000.0,0.0,1000.0,Strategy not ready,,,,,,,1000,0,1000,0
2024-05-03 18:00:00,35.33,35.45,35.22,35.23,37555.66,9.8e-05,48,0.0,0.0,NOT_READY,,1000.0,0.0,0.0,,{},,{},1000.0,0.0,1000.0,Strategy not ready,,,,,,,1000,0,1000,0
2024-05-03 19:00:00,35.22,35.29,35.05,35.28,39924.1,9.8e-05,48,0.0,0.0,NOT_READY,,1000.0,0.0,0.0,,{},,{},1000.0,0.0,1000.0,Strategy not ready,,,,,,,1000,0,1000,0
2024-05-03 20:00:00,35.27,35.88,35.22,35.62,107931.08,9.8e-05,48,0.0,0.0,NOT_READY,,1000.0,0.0,0.0,,{},,{},1000.0,0.0,1000.0,Strategy not ready,,,,,,,1000,0,1000,0
2024-05-03 21:00:00,35.62,35.73,35.47,35.57,51242.73,9.8e-05,48,0.0,0.0,NOT_READY,,1000.0,0.0,0.0,,{},,{},1000.0,0.0,1000.0,Strategy not ready,,,,,,,1000,0,1000,0
2024-05-03 22:00:00,35.57,35.62,35.5,35.54,28084.34,9.8e-05,48,0.0,0.0,NOT_READY,,1000.0,0.0,0.0,,{},,{},1000.0,0.0,1000.0,Strategy not ready,,,,,,,1000,0,1000,0
2024-05-03 23:00:00,35.54,36.13,35.53,35.54,126185.24,9.8e-05,48,0.0,0.0,NOT_READY,,1000.0,0.0,0.0,,{},,{},1000.0,0.0,1000.0,Strategy not ready,,,,,,,1000,0,1000,0
2024-05-04 00:00:00,35.55,35.79,35.51,35.67,52661.79,6.4e-05,67,0.0,0.0,NOT_READY,,1000.0,0.0,0.0,,{},,{},1000.0,0.0,1000.0,Strategy not ready,,,,,,,1000,0,1000,0
2024-05-04 01:00:00,35.67,35.72,35.42,35.43,46180.01,6.4e-05,67,0.0,0.0,NOT_READY,,1000.0,0.0,0.0,,{},,{},1000.0,0.0,1000.0,Strategy not ready,,,,,,,1000,0,1000,0
2024-05-04 02:00:00,35.42,35.44,35.18,35.41,40504.25,6.4e-05,67,0.0,0.0,NOT_READY,,1000.0,0.0,0.0,,{},,{},1000.0,0.0,1000.0,Strategy not ready,,,,,,,1000,0,1000,0
2024-05-04 03:00:00,35.41,35.56,35.39,35.53,22119.42,6.4e-05,67,0.0,0.0,NOT_READY,,1000.0,0.0,0.0,,{},,{},1000.0,0.0,1000.0,Strategy not ready,,,,,,,1000,0,1000,0
2024-05-04 04:00:00,35.52,35.82,35.51,35.71,57225.97,6.4e-05,67,0.0,0.0,NOT_READY,,1000.0,0.0,0.0,,{},,{},1000.0,0.0,1000.0,Strategy not ready,,,,,,,1000,0,1000,0
2024-05-04 05:00:00,35.71,35.75,35.46,35.73,48002.64,6.4e-05,67,0.0,0.0,NOT_READY,,1000.0,0.0,0.0,,{},,{},1000.0,0.0,1000.0,Strategy not ready,,,,,,,1000,0,1000,0
2024-05-04 06:00:00,35.73,35.73,35.47,35.5,37887.05,6.4e-05,67,0.0,0.0,NOT_READY,,1000.0,0.0,0.0,,{},,{},1000.0,0.0,1000.0,Strategy not ready,,,,,,,1000,0,1000,0
2024-05-04 07:00:00,35.5,35.59,35.4,35.42,26056.06,6.4e-05,67,0.0,0.0,NOT_READY,,1000.0,0.0,0.0,,{},,{},1000.0,0.0,1000.0,Strategy not ready,,,,,,,1000,0,1000,0
2024-05-04 08:00:00,35.41,35.67,35.39,35.63,30405.59,0.0001,67,0.0,0.0,NOT_READY,,1000.0,0.0,0.0,,{},,{},1000.0,0.0,1000.0,Strategy not ready,,,,,,,1000,0,1000,0
2024-05-04 09:00:00,35.63,35.73,35.25,35.47,101262.43,0.0001,67,0.0,0.0,NOT_READY,,1000.0,0.0,0.0,,{},,{},1000.0,0.0,1000.0,Strategy not ready,,,,,,,1000,0,1000,0
2024-05-04 10:00:00,35.47,36.31,35.38,36.28,111033.41,0.0001,67,0.0,0.0,NOT_READY,,1000.0,0.0,0.0,,{},,{},1000.0,0.0,1000.0,Strategy not ready,,,,,,,1000,0,1000,0
2024-05-04 11:00:00,36.28,36.5,35.69,35.81,196472.57,0.0001,67,0.0,0.0,NOT_READY,,1000.0,0.0,0.0,,{},,{},1000.0,0.0,1000.0,Strategy not ready,,,,,,,1000,0,1000,0
2024-05-04 12:00:00,35.81,36.11,35.76,36.07,89812.08,0.0001,67,0.0,0.0,NOT_READY,,1000.0,0.0,0.0,,{},,{},1000.0,0.0,1000.0,Strategy not ready,,,,,,,1000,0,1000,0
2024-05-04 13:00:00,36.07,36.25,35.61,36.11,99210.51,0.0001,67,0.0,0.0,NOT_READY,,1000.0,0.0,0.0,,{},,{},1000.0,0.0,1000.0,Strategy not ready,,,,,,,1000,0,1000,0
2024-05-04 14:00:00,36.1,36.27,35.9,36.15,48703.31,0.0001,67,0.0,0.0,NOT_READY,,1000.0,0.0,0.0,,{},,{},1000.0,0.0,1000.0,Strategy not ready,,,,,,,1000,0,1000,0
2024-05-04 15:00:00,36.15,36.25,35.99,36.22,43115.16,0.0001,67,0.0,0.0,NOT_READY,,1000.0,0.0,0.0,,{},,{},1000.0,0.0,1000.0,Strategy not ready,,,,,,,1000,0,1000,0
2024-05-04 16:00:00,36.22,36.62,36.05,36.59,91212.12,5.3e-05,67,0.0,0.0,NOT_READY,,1000.0,0.0,0.0,,{},,{},1000.0,0.0,1000.0,Strategy not ready,,,,,,,1000,0,1000,0
2024-05-04 17:00:00,36.58,36.9,36.07,36.55,266780.13,5.3e-05,67,0.0,0.0,NOT_READY,,1000.0,0.0,0.0,,{},,{},1000.0,0.0,1000.0,Strategy not ready,,,,,,,1000,0,1000,0
2024-05-04 18:00:00,36.54,37.5,36.47,37.24,129896.87,5.3e-05,67,0.0,0.0,NOT_READY,,1000.0,0.0,0.0,,{},,{},1000.0,0.0,1000.0,Strategy not ready,,,,,,,1000,0,1000,0
2024-05-04 19:00:00,37.24,37.4,36.96,37.33,69362.76,5.3e-05,67,0.0,0.0,NOT_READY,,1000.0,0.0,0.0,,{},,{},1000.0,0.0,1000.0,Strategy not ready,,,,,,,1000,0,1000,0
2024-05-04 20:00:00,37.33,37.68,37.3,37.36,99151.65,5.3e-05,67,0.0,0.0,NOT_READY,,1000.0,0.0,0.0,,{},,{},1000.0,0.0,1000.0,Strategy not ready,,,,,,,1000,0,1000,0
2024-05-04 21:00:00,37.37,37.62,36.9,37.15,111845.21,5.3e-05,67,0.0,0.0,NOT_READY,,1000.0,0.0,0.0,,{},,{},1000.0,0.0,1000.0,Strategy not ready,,,,,,,1000,0,1000,0
2024-05-04 22:00:00,37.16,37.2,36.88,37.11,67616.17,5.3e-05,67,0.0,0.0,NOT_READY,,1000.0,0.0,0.0,,{},,{},1000.0,0.0,1000.0,Strategy not ready,,,,,,,1000,0,1000,0
2024-05-04 23:00:00,37.12,37.4,37.12,37.36,34387.68,5.3e-05,67,0.0,0.0,NOT_READY,,1000.0,0.0,0.0,,{},,{},1000.0,0.0,1000.0,Strategy not ready,,,,,,,1000,0,1000,0
2024-05-05 00:00:00,37.36,37.77,37.21,37.52,134404.53,7.8e-05,69,0.0,0.0,NOT_READY,,1000.0,0.0,0.0,,{},,{},1000.0,0.0,1000.0,Strategy not ready,,,,,,,1000,0,1000,0
2024-05-05 01:00:00,37.52,37.63,36.81,37.42,144742.06,7.8e-05,69,0.0,0.0,NOT_READY,,1000.0,0.0,0.0,,{},,{},1000.0,0.0,1000.0,Strategy not ready,,,,,,,1000,0,1000,0
2024-05-05 02:00:00,37.42,37.62,37.33,37.4,63461.5,7.8e-05,69,0.0,0.0,NOT_READY,,1000.0,0.0,0.0,,{},,{},1000.0,0.0,1000.0,Strategy not ready,,,,,,,1000,0,1000,0
2024-05-05 03:00:00,37.4,38.01,37.4,37.57,174196.84,7.8e-05,69,0.0,0.0,NOT_READY,,1000.0,0.0,0.0,,{},,{},1000.0,0.0,1000.0,Strategy not ready,,,,,,,1000,0,1000,0
2024-05-05 04:00:00,37.57,37.64,37.11,37.14,61440.15,7.8e-05,69,0.0,0.0,NOT_READY,,1000.0,0.0,0.0,,{},,{},1000.0,0.0,1000.0,Strategy not ready,,,,,,,1000,0,1000,0
2024-05-05 05:00:00,37.15,37.32,36.96,37.01,56408.95,7.8e-05,69,0.0,0.0,NOT_READY,,1000.0,0.0,0.0,,{},,{},1000.0,0.0,1000.0,Strategy not ready,,,,,,,1000,0,1000,0
2024-05-05 06:00:00,37.0,37.25,36.97,36.98,55287.17,7.8e-05,69,0.0,0.0,NOT_READY,,1000.0,0.0,0.0,,{},,{},1000.0,0.0,1000.0,Strategy not ready,,,,,,,1000,0,1000,0
2024-05-05 07:00:00,36.98,37.14,36.77,36.97,95262.29,7.8e-05,69,0.0,0.0,NOT_READY,,1000.0,0.0,0.0,,{},,{},1000.0,0.0,1000.0,Strategy not ready,,,,,,,1000,0,1000,0
2024-05-05 08:00:00,36.97,37.22,36.86,36.97,63509.25,8.5e-05,69,0.0,0.0,unknown,,1000.0,0.0,0.0,,{},,{},1000.0,0.0,1000.0,,unknown,0.0,{},,1.0,{},1000,0,1000,0
2024-05-05 09:00:00,36.97,37.2,36.83,37.19,36721.6,8.5e-05,69,0.0,0.0,unknown,,1000.0,0.0,0.0,,{},,{},1000.0,0.0,1000.0,,unknown,0.0,{},,2.0,{},1000,0,1000,0
2024-05-05 10:00:00,37.19,37.25,36.6,36.85,109819.19,8.5e-05,69,0.0,0.0,unknown,,1000.0,0.0,0.0,,{},,{},1000.0,0.0,1000.0,,unknown,0.0,{},,3.0,{},1000,0,1000,0
2024-05-05 11:00:00,36.85,37.02,36.68,37.02,65911.62,8.5e-05,69,0.0,0.0,unknown,,1000.0,0.0,0.0,,{},,{},1000.0,0.0,1000.0,,unknown,0.0,{},,4.0,{},1000,0,1000,0
2024-05-05 12:00:00,37.01,37.23,36.72,36.75,107357.74,8.5e-05,69,0.0,0.0,unknown,,1000.0,0.0,0.0,,{},,{},1000.0,0.0,1000.0,,unknown,0.0,{},,5.0,{},1000,0,1000,0
2024-05-05 13:00:00,36.76,37.54,36.67,37.34,145782.22,8.5e-05,69,0.0,0.0,unknown,,1000.0,0.0,0.0,,{},,{},1000.0,0.0,1000.0,,unknown,0.0,{},,6.0,{},1000,0,1000,0
2024-05-05 14:00:00,37.34,37.34,37.06,37.23,52685.62,8.5e-05,69,0.0,0.0,unknown,,1000.0,0.0,0.0,,{},,{},1000.0,0.0,1000.0,,unknown,0.0,{},,7.0,{},1000,0,1000,0
2024-05-05 15:00:00,37.23,37.5,37.11,37.41,63166.61,8.5e-05,69,0.0,0.0,unknown,,1000.0,0.0,0.0,,{},,{},1000.0,0.0,1000.0,,unknown,0.0,{},,8.0,{},1000,0,1000,0
2024-05-05 16:00:00,37.42,37.67,37.34,37.48,55651.71,-4e-06,69,0.0,0.0,unknown,,1000.0,0.0,0.0,,{},,{},1000.0,0.0,1000.0,,unknown,0.0,{},,9.0,{},1000,0,1000,0
2024-05-05 17:00:00,37.48,37.68,37.3,37.32,42323.34,-4e-06,69,0.0,0.0,unknown,,1000.0,0.0,0.0,,{},,{},1000.0,0.0,1000.0,,unknown,0.0,{},,10.0,{},1000,0,1000,0
2024-05-05 18:00:00,37.33,37.33,37.08,37.19,43113.49,-4e-06,69,0.0,0.0,unknown,,1000.0,0.0,0.0,,{},,{},1000.0,0.0,1000.0,,unknown,0.0,{},,11.0,{},1000,0,1000,0
2024-05-05 19:00:00,37.2,37.26,37.09,37.23,50308.91,-4e-06,69,0.0,0.0,unknown,,1000.0,0.0,0.0,,{},,{},1000.0,0.0,1000.0,,unknown,0.0,{},,12.0,{},1000,0,1000,0
2024-05-05 20:00:00,37.23,37.26,37.09,37.17,37589.84,-4e-06,69,0.0,0.0,unknown,,1000.0,0.0,0.0,,{},,{},1000.0,0.0,1000.0,,unknown,0.0,{},,13.0,{},1000,0,1000,0
2024-05-05 21:00:00,37.18,37.39,36.98,37.38,41578.39,-4e-06,69,0.0,0.0,unknown,,1000.0,0.0,0.0,,{},,{},1000.0,0.0,1000.0,,unknown,0.0,{},,14.0,{},1000,0,1000,0
2024-05-05 22:00:00,37.38,37.42,37.22,37.39,29524.15,-4e-06,69,0.0,0.0,unknown,,1000.0,0.0,0.0,,{},,{},1000.0,0.0,1000.0,,unknown,0.0,{},,15.0,{},1000,0,1000,0
2024-05-05 23:00:00,37.4,37.5,37.34,37.35,30339.74,-4e-06,69,0.0,0.0,unknown,,1000.0,0.0,0.0,,{},,{},1000.0,0.0,1000.0,,unknown,0.0,{},,16.0,{},1000,0,1000,0
2024-05-06 00:00:00,37.35,37.49,37.14,37.48,46084.66,5e-05,71,0.0,0.0,unknown,,1000.0,0.0,0.0,,{},,{},1000.0,0.0,1000.0,,unknown,0.0,{},,17.0,{},1000,0,1000,0
2024-05-06 01:00:00,37.49,37.65,37.24,37.26,48402.62,5e-05,71,0.0,0.0,unknown,,1000.0,0.0,0.0,,{},,{},1000.0,0.0,1000.0,,unknown,0.0,{},,18.0,{},1000,0,1000,0
2024-05-06 02:00:00,37.27,37.62,37.2,37.21,43155.37,5e-05,71,0.0,0.0,unknown,,1000.0,0.0,0.0,,{},,{},1000.0,0.0,1000.0,,unknown,0.0,{},,19.0,{},1000,0,1000,0
2024-05-06 03:00:00,37.2,37.28,36.99,37.22,52543.72,5e-05,71,0.0,0.0,unknown,,1000.0,0.0,0.0,,{},,{},1000.0,0.0,1000.0,,unknown,0.0,{},,20.0,{},1000,0,1000,0
2024-05-06 04:00:00,37.22,37.75,37.06,37.52,62322.25,5e-05,71,0.0,0.0,unknown,,1000.0,0.0,0.0,,{},,{},1000.0,0.0,1000.0,,unknown,0.0,{},,21.0,{},1000,0,1000,0
2024-05-06 05:00:00,37.52,37.97,37.41,37.71,110880.22,5e-05,71,0.0,0.0,unknown,,1000.0,0.0,0.0,,{},,{},1000.0,0.0,1000.0,,unknown,0.0,{},,22.0,{},1000,0,1000,0
2024-05-06 06:00:00,37.71,37.96,37.69,37.93,73960.25,5e-05,71,0.0,0.0,unknown,,1000.0,0.0,0.0,,{},,{},1000.0,0.0,1000.0,,unknown,0.0,{},,23.0,{},1000,0,1000,0
2024-05-06 07:00:00,37.93,38.35,37.83,38.26,74842.4,5e-05,71,0.0,0.0,unknown,,1000.0,0.0,0.0,,{},,{},1000.0,0.0,1000.0,,unknown,0.0,{},,24.0,{},1000,0,1000,0
2024-05-06 08:00:00,38.26,39.87,38.24,39.39,407692.32,0.0001,71,0.0,0.0,unknown,,1000.0,0.0,0.0,,{},,{},1000.0,0.0,1000.0,,unknown,0.0,{},,25.0,{},1000,0,1000,0
2024-05-06 09:00:00,39.39,39.6,39.2,39.5,199993.22,0.0001,71,0.0,0.0,unknown,,1000.0,0.0,0.0,,{},,{},1000.0,0.0,1000.0,,unknown,0.0,{},,26.0,{},1000,0,1000,0
2024-05-06 10:00:00,39.5,39.87,38.35,38.52,273035.07,0.0001,71,0.0,0.0,unknown,,1000.0,0.0,0.0,,{},,{},1000.0,0.0,1000.0,,unknown,0.0,{},,27.0,{},1000,0,1000,0
2024-05-06 11:00:00,38.51,38.88,38.45,38.56,93911.99,0.0001,71,0.0,0.0,unknown,,1000.0,0.0,0.0,,{},,{},1000.0,0.0,1000.0,,unknown,0.0,{},,28.0,{},1000,0,1000,0
2024-05-06 12:00:00,38.57,38.67,37.26,37.62,314118.34,0.0001,71,0.0,0.0,unknown,,1000.0,0.0,0.0,,{},,{},1000.0,0.0,1000.0,,unknown,0.0,{},,29.0,{},1000,0,1000,0
2024-05-06 13:00:00,37.62,38.1,37.47,37.96,131736.31,0.0001,71,0.0,0.0,unknown,,1000.0,0.0,0.0,,{},,{},1000.0,0.0,1000.0,,unknown,0.0,{},,30.0,{},1000,0,1000,0
2024-05-06 14:00:00,37.96,38.21,37.19,37.28,169568.68,0.0001,71,0.0,0.0,unknown,,1000.0,0.0,0.0,,{},,{},1000.0,0.0,1000.0,,unknown,0.0,{},,31.0,{},1000,0,1000,0
2024-05-06 15:00:00,37.28,38.04,37.09,37.79,148410.37,0.0001,71,0.0,0.0,unknown,,1000.0,0.0,0.0,,{},,{},1000.0,0.0,1000.0,,unknown,0.0,{},,32.0,{},1000,0,1000,0
2024-05-06 16:00:00,37.79,38.09,37.25,37.35,191785.1,0.0001,71,0.0,0.0,unknown,,1000.0,0.0,0.0,,{},,{},1000.0,0.0,1000.0,,unknown,0.0,{},,33.0,{},1000,0,1000,0
2024-05-06 17:00:00,37.34,37.63,36.89,37.13,127478.74,0.0001,71,0.0,0.0,unknown,,1000.0,0.0,0.0,,{},,{},1000.0,0.0,1000.0,,unknown,0.0,{},,34.0,{},1000,0,1000,0
2024-05-06 18:00:00,37.13,37.36,37.02,37.23,74814.44,0.0001,71,0.0,0.0,unknown,,1000.0,0.0,0.0,,{},,{},1000.0,0.0,1000.0,,unknown,0.0,{},,35.0,{},1000,0,1000,0
2024-05-06 19:00:00,37.24,37.24,36.78,37.2,110205.99,0.0001,71,0.0,0.0,unknown,,1000.0,0.0,0.0,,{},,{},1000.0,0.0,1000.0,,unknown,0.0,{},,36.0,{},1000,0,1000,0
2024-05-06 20:00:00,37.2,37.76,37.14,37.59,77778.03,0.0001,71,0.0,0.0,unknown,,1000.0,0.0,0.0,,{},,{},1000.0,0.0,1000.0,,unknown,0.0,{},,37.0,{},1000,0,1000,0
2024-05-06 21:00:00,37.59,37.73,37.48,37.65,32930.15,0.0001,71,0.0,0.0,unknown,,1000.0,0.0,0.0,,{},,{},1000.0,0.0,1000.0,,unknown,0.0,{},,38.0,{},1000,0,1000,0
2024-05-06 22:00:00,37.65,37.65,37.35,37.42,36070.98,0.0001,71,0.0,0.0,unknown,,1000.0,0.0,0.0,,{},,{},1000.0,0.0,1000.0,,unknown,0.0,{},,39.0,{},1000,0,1000,0
2024-05-06 23:00:00,37.41,37.42,37.11,37.11,31790.34,0.0001,71,0.0,0.0,unknown,,1000.0,0.0,0.0,,{},,{},1000.0,0.0,1000.0,,unknown,0.0,{},,40.0,{},1000,0,1000,0
2024-05-07 00:00:00,37.12,37.23,36.78,37.08,64450.24,0.0001,68,0.0,0.0,unknown,,1000.0,0.0,0.0,,{},,{},1000.0,0.0,1000.0,,unknown,0.0,{},,41.0,{},1000,0,1000,0
2024-05-07 01:00:00,37.08,37.48,37.03,37.42,53516.8,0.0001,68,0.0,0.0,unknown,,1000.0,0.0,0.0,,{},,{},1000.0,0.0,1000.0,,unknown,0.0,{},,42.0,{},1000,0,1000,0
2024-05-07 02:00:00,37.43,37.6,37.34,37.39,47390.62,0.0001,68,0.0,0.0,unknown,,1000.0,0.0,0.0,,{},,{},1000.0,0.0,1000.0,,unknown,0.0,{},,43.0,{},1000,0,1000,0
2024-05-07 03:00:00,37.38,37.46,36.35,36.8,136032.61,0.0001,68,0.0,0.0,unknown,,1000.0,0.0,0.0,,{},,{},1000.0,0.0,1000.0,,unknown,0.0,{},,44.0,{},1000,0,1000,0
2024-05-07 04:00:00,36.81,37.1,36.77,36.99,47525.85,0.0001,68,0.0,0.0,unknown,,1000.0,0.0,0.0,,{},,{},1000.0,0.0,1000.0,,unknown,0.0,{},,45.0,{},1000,0,1000,0
2024-05-07 05:00:00,37.0,37.01,36.64,36.84,46495.21,0.0001,68,0.0,0.0,unknown,,1000.0,0.0,0.0,,{},,{},1000.0,0.0,1000.0,,unknown,0.0,{},,46.0,{},1000,0,1000,0
2024-05-07 06:00:00,36.84,36.93,36.5,36.65,44283.73,0.0001,68,0.0,0.0,unknown,,1000.0,0.0,0.0,,{},,{},1000.0,0.0,1000.0,,unknown,0.0,{},,47.0,{},1000,0,1000,0
2024-05-07 07:00:00,36.64,36.94,36.55,36.61,135849.26,0.0001,68,0.0,0.0,unknown,,1000.0,0.0,0.0,,{},,{},1000.0,0.0,1000.0,,unknown,0.0,{},,48.0,{},1000,0,1000,0
2024-05-07 08:00:00,36.6,37.42,36.49,37.35,146472.47,8.3e-05,68,0.0,0.0,unknown,,1000.0,0.0,0.0,,{},,{},1000.0,0.0,1000.0,,unknown,0.0,{},,49.0,{},1000,0,1000,0
2024-05-07 09:00:00,37.35,37.49,37.12,37.2,62973.42,8.3e-05,68,0.0,0.0,unknown,,1000.0,0.0,0.0,,{},,{},1000.0,0.0,1000.0,,unknown,0.0,{},,50.0,{},1000,0,1000,0
2024-05-07 10:00:00,37.19,37.22,36.84,37.0,63155.03,8.3e-05,68,0.0,0.0,unknown,,1000.0,0.0,0.0,,{},,{},1000.0,0.0,1000.0,,unknown,0.0,{},,51.0,{},1000,0,1000,0
2024-05-07 11:00:00,37.0,37.08,36.43,36.44,74604.03,8.3e-05,68,0.0,0.0,unknown,,1000.0,0.0,0.0,,{},,{},1000.0,0.0,1000.0,,unknown,0.0,{},,52.0,{},1000,0,1000,0
2024-05-07 12:00:00,36.44,36.76,36.44,36.68,63215.5,8.3e-05,68,0.0,0.0,unknown,,1000.0,0.0,0.0,,{},,{},1000.0,0.0,1000.0,,unknown,0.0,{},,53.0,{},1000,0,1000,0
2024-05-07 13:00:00,36.68,36.85,36.29,36.4,94313.16,8.3e-05,68,0.0,0.0,unknown,,1000.0,0.0,0.0,,{},,{},1000.0,0.0,1000.0,,unknown,0.0,{},,54.0,{},1000,0,1000,0
2024-05-07 14:00:00,36.4,37.13,36.32,37.11,86620.97,8.3e-05,68,0.0,0.0,unknown,,1000.0,0.0,0.0,,{},,{},1000.0,0.0,1000.0,,unknown,0.0,{},,55.0,{},1000,0,1000,0
2024-05-07 15:00:00,37.1,37.32,36.73,36.91,137646.53,8.3e-05,68,0.0,0.0,unknown,,1000.0,0.0,0.0,,{},,{},1000.0,0.0,1000.0,,unknown,0.0,{},,56.0,{},1000,0,1000,0
2024-05-07 16:00:00,36.9,37.08,36.79,36.97,44064.06,5.8e-05,68,0.0,0.0,unknown,,1000.0,0.0,0.0,,{},,{},1000.0,0.0,1000.0,,unknown,0.0,{},,57.0,{},1000,0,1000,0
2024-05-07 17:00:00,36.98,36.98,36.68,36.74,32002.25,5.8e-05,68,0.0,0.0,unknown,,1000.0,0.0,0.0,,{},,{},1000.0,0.0,1000.0,,unknown,0.0,{},,58.0,{},1000,0,1000,0
2024-05-07 18:00:00,36.74,36.75,36.06,36.38,163098.13,5.8e-05,68,0.0,0.0,unknown,,1000.0,0.0,0.0,,{},,{},1000.0,0.0,1000.0,,unknown,0.0,{},,59.0,{},1000,0,1000,0
2024-05-07 19:00:00,36.37,36.43,36.11,36.18,41041.26,5.8e-05,68,0.0,0.0,unknown,,1000.0,0.0,0.0,,{},,{},1000.0,0.0,1000.0,,unknown,0.0,{},,60.0,{},1000,0,1000,0
2024-05-07 20:00:00,36.17,36.36,36.08,36.09,44954.18,5.8e-05,68,0.0,0.0,unknown,,1000.0,0.0,0.0,,{},,{},1000.0,0.0,1000.0,,unknown,0.0,{},,61.0,{},1000,0,1000,0
2024-05-07 21:00:00,36.09,36.26,35.7,35.97,76009.04,5.8e-05,68,0.0,0.0,unknown,,1000.0,0.0,0.0,,{},,{},1000.0,0.0,1000.0,,unknown,0.0,{},,62.0,{},1000,0,1000,0
2024-05-07 22:00:00,35.96,35.96,35.55,35.63,66431.73,5.8e-05,68,0.0,0.0,unknown,,1000.0,0.0,0.0,,{},,{},1000.0,0.0,1000.0,,unknown,0.0,{},,63.0,{},1000,0,1000,0
2024-05-07 23:00:00,35.64,35.65,35.27,35.31,80271.28,5.8e-05,68,0.0,0.0,unknown,,1000.0,0.0,0.0,,{},,{},1000.0,0.0,1000.0,,unknown,0.0,{},,64.0,{},1000,0,1000,0
2024-05-08 00:00:00,35.31,35.43,34.92,35.31,95600.34,0.0001,64,0.0,0.0,unknown,,1000.0,0.0,0.0,,{},,{},1000.0,0.0,1000.0,,unknown,0.0,{},,65.0,{},1000,0,1000,0
2024-05-08 01:00:00,35.3,35.46,35.13,35.15,37137.01,0.0001,64,0.0,0.0,unknown,,1000.0,0.0,0.0,,{},,{},1000.0,0.0,1000.0,,unknown,0.0,{},,66.0,{},1000,0,1000,0
2024-05-08 02:00:00,35.16,35.5,35.14,35.42,31223.75,0.0001,64,0.0,0.0,unknown,,1000.0,0.0,0.0,,{},,{},1000.0,0.0,1000.0,,unknown,0.0,{},,67.0,{},1000,0,1000,0
2024-05-08 03:00:00,35.43,35.49,35.24,35.3,51600.6,0.0001,64,0.0,0.0,unknown,,1000.0,0.0,0.0,,{},,{},1000.0,0.0,1000.0,,unknown,0.0,{},,68.0,{},1000,0,1000,0
2024-05-08 04:00:00,35.3,35.41,34.79,34.83,104465.41,0.0001,64,0.0,0.0,unknown,,1000.0,0.0,0.0,,{},,{},1000.0,0.0,1000.0,,unknown,0.0,{},,69.0,{},1000,0,1000,0
2024-05-08 05:00:00,34.82,34.95,34.67,34.77,98809.7,0.0001,64,0.0,0.0,unknown,,1000.0,0.0,0.0,,{},,{},1000.0,0.0,1000.0,,unknown,0.0,{},,70.0,{},1000,0,1000,0
2024-05-08 06:00:00,34.76,34.96,34.46,34.76,90312.18,0.0001,64,0.0,0.0,unknown,,1000.0,0.0,0.0,,{},,{},1000.0,0.0,1000.0,,unknown,0.0,{},,71.0,{},1000,0,1000,0
2024-05-08 07:00:00,34.76,34.88,34.46,34.55,56211.06,0.0001,64,0.0,0.0,unknown,,1000.0,0.0,0.0,,{},,{},1000.0,0.0,1000.0,,unknown,0.0,{},,72.0,{},1000,0,1000,0
2024-05-08 08:00:00,34.55,34.68,34.3,34.62,89862.21,0.0001,64,0.0,0.0,unknown,,1000.0,0.0,0.0,,{},,{},1000.0,0.0,1000.0,,unknown,0.0,{},,73.0,{},1000,0,1000,0
2024-05-08 09:00:00,34.62,34.64,34.32,34.59,80712.41,0.0001,64,0.0,0.0,unknown,,1000.0,0.0,0.0,,{},,{},1000.0,0.0,1000.0,,unknown,0.0,{},,74.0,{},1000,0,1000,0
2024-05-08 10:00:00,34.59,34.75,34.49,34.7,53874.69,0.0001,64,0.0,0.0,unknown,,1000.0,0.0,0.0,,{},,{},1000.0,0.0,1000.0,,unknown,0.0,{},,75.0,{},1000,0,1000,0
2024-05-08 11:00:00,34.69,34.73,34.31,34.41,49332.76,0.0001,64,0.0,0.0,unknown,,1000.0,0.0,0.0,,{},,{},1000.0,0.0,1000.0,,unknown,0.0,{},,76.0,{},1000,0,1000,0
2024-05-08 12:00:00,34.41,34.58,34.09,34.35,87220.99,0.0001,64,0.0,0.0,unknown,,1000.0,0.0,0.0,,{},,{},1000.0,0.0,1000.0,,unknown,0.0,{},,77.0,{},1000,0,1000,0
2024-05-08 13:00:00,34.34,34.77,34.21,34.7,108324.06,0.0001,64,0.0,0.0,unknown,,1000.0,0.0,0.0,,{},,{},1000.0,0.0,1000.0,,unknown,0.0,{},,78.0,{},1000,0,1000,0
2024-05-08 14:00:00,34.7,35.0,34.44,34.78,120196.2,0.0001,64,0.0,0.0,unknown,,1000.0,0.0,0.0,,{},,{},1000.0,0.0,1000.0,,unknown,0.0,{},,79.0,{},1000,0,1000,0
2024-05-08 15:00:00,34.78,34.87,34.18,34.48,123949.31,0.0001,64,0.0,0.0,unknown,,1000.0,0.0,0.0,,{},,{},1000.0,0.0,1000.0,,unknown,0.0,{},,80.0,{},1000,0,1000,0
2024-05-08 16:00:00,34.49,34.57,34.23,34.57,66948.17,0.0001,64,0.0,0.0,unknown,,1000.0,0.0,0.0,,{},,{},1000.0,0.0,1000.0,,unknown,0.0,{},,81.0,{},1000,0,1000,0
2024-05-08 17:00:00,34.56,35.1,34.51,34.73,143393.63,0.0001,64,0.0,0.0,unknown,,1000.0,0.0,0.0,,{},,{},1000.0,0.0,1000.0,,unknown,0.0,{},,82.0,{},1000,0,1000,0
2024-05-08 18:00:00,34.74,35.01,34.65,34.67,45604.28,0.0001,64,0.0,0.0,unknown,,1000.0,0.0,0.0,,{},,{},1000.0,0.0,1000.0,,unknown,0.0,{},,83.0,{},1000,0,1000,0
2024-05-08 19:00:00,34.67,34.92,34.26,34.41,208928.56,0.0001,64,0.0,0.0,unknown,,1000.0,0.0,0.0,,{},,{},1000.0,0.0,1000.0,,unknown,0.0,{},,84.0,{},1000,0,1000,0
2024-05-08 20:00:00,34.4,34.53,33.62,33.79,218909.64,0.0001,64,0.0,0.0,unknown,,1000.0,0.0,0.0,,{},,{},1000.0,0.0,1000.0,,unknown,0.0,{},,85.0,{},1000,0,1000,0
2024-05-08 21:00:00,33.78,34.06,33.64,33.94,60446.77,0.0001,64,0.0,0.0,unknown,,1000.0,0.0,0.0,,{},,{},1000.0,0.0,1000.0,,unknown,0.0,{},,86.0,{},1000,0,1000,0
2024-05-08 22:00:00,33.93,34.02,33.7,33.87,70174.4,0.0001,64,0.0,0.0,unknown,,1000.0,0.0,0.0,,{},,{},1000.0,0.0,1000.0,,unknown,0.0,{},,87.0,{},1000,0,1000,0
2024-05-08 23:00:00,33.86,34.14,33.79,34.02,64452.88,0.0001,64,0.0,0.0,unknown,,1000.0,0.0,0.0,,{},,{},1000.0,0.0,1000.0,,unknown,0.0,{},,88.0,{},1000,0,1000,0
2024-05-09 00:00:00,34.02,34.27,33.97,34.24,25408.58,6.4e-05,55,0.0,0.0,unknown,,1000.0,0.0,0.0,,{},,{},1000.0,0.0,1000.0,,unknown,0.0,{},,89.0,{},1000,0,1000,0
2024-05-09 01:00:00,34.24,34.43,34.21,34.36,32963.75,6.4e-05,55,0.0,0.0,unknown,,1000.0,0.0,0.0,,{},,{},1000.0,0.0,1000.0,,unknown,0.0,{},,90.0,{},1000,0,1000,0
2024-05-09 02:00:00,34.37,34.44,34.17,34.34,26534.3,6.4e-05,55,0.0,0.0,unknown,,1000.0,0.0,0.0,,{},,{},1000.0,0.0,1000.0,,unknown,0.0,{},,91.0,{},1000,0,1000,0
2024-05-09 03:00:00,34.35,34.41,34.13,34.31,30609.6,6.4e-05,55,0.0,0.0,unknown,,1000.0,0.0,0.0,,{},,{},1000.0,0.0,1000.0,,unknown,0.0,{},,92.0,{},1000,0,1000,0
2024-05-09 04:00:00,34.33,34.67,34.12,34.26,216979.52,6.4e-05,55,0.0,0.0,unknown,,1000.0,0.0,0.0,,{},,{},1000.0,0.0,1000.0,,unknown,0.0,{},,93.0,{},1000,0,1000,0
2024-05-09 05:00:00,34.27,34.48,34.25,34.41,31664.4,6.4e-05,55,0.0,0.0,unknown,,1000.0,0.0,0.0,,{},,{},1000.0,0.0,1000.0,,unknown,0.0,{},,94.0,{},1000,0,1000,0
2024-05-09 06:00:00,34.4,34.65,34.4,34.54,66637.04,6.4e-05,55,0.0,0.0,unknown,,1000.0,0.0,0.0,,{},,{},1000.0,0.0,1000.0,,unknown,0.0,{},,95.0,{},1000,0,1000,0
2024-05-09 07:00:00,34.54,34.57,34.2,34.27,55739.0,6.4e-05,55,0.0,0.0,unknown,,1000.0,0.0,0.0,,{},,{},1000.0,0.0,1000.0,,unknown,0.0,{},,96.0,{},1000,0,1000,0
2024-05-09 08:00:00,34.26,34.38,34.16,34.28,37845.18,-1.2e-05,55,0.0,0.0,unknown,,1000.0,0.0,0.0,,{},,{},1000.0,0.0,1000.0,,unknown,0.0,{},,97.0,{},1000,0,1000,0
2024-05-09 09:00:00,34.28,34.34,33.88,34.13,67565.74,-1.2e-05,55,0.0,0.0,unknown,,1000.0,0.0,0.0,,{},,{},1000.0,0.0,1000.0,,unknown,0.0,{},,98.0,{},1000,0,1000,0
2024-05-09 10:00:00,34.14,34.16,33.74,33.76,60145.31,-1.2e-05,55,0.0,0.0,unknown,,1000.0,0.0,0.0,,{},,{},1000.0,0.0,1000.0,,unknown,0.0,{},,99.0,{},1000,0,1000,0
2024-05-09 11:00:00,33.76,34.15,33.73,34.06,102987.76,-1.2e-05,55,0.0,0.0,unknown,,1000.0,0.0,0.0,,{},,{},1000.0,0.0,1000.0,,unknown,0.0,{},,100.0,{},1000,0,1000,0
2024-05-09 12:00:00,34.07,34.43,34.04,34.24,47971.52,-1.2e-05,55,0.0,0.0,unknown,,1000.0,0.0,0.0,,{},,{},1000.0,0.0,1000.0,,unknown,0.0,{},,101.0,{},1000,0,1000,0
2024-05-09 13:00:00,34.25,34.26,33.74,33.94,61828.1,-1.2e-05,55,0.0,0.0,unknown,,1000.0,0.0,0.0,,{},,{},1000.0,0.0,1000.0,,unknown,0.0,{},,102.0,{},1000,0,1000,0
2024-05-09 14:00:00,33.95,34.17,33.87,34.13,64192.42,-1.2e-05,55,0.0,0.0,unknown,,1000.0,0.0,0.0,,{},,{},1000.0,0.0,1000.0,,unknown,0.0,{},,103.0,{},1000,0,1000,0
2024-05-09 15:00:00,34.13,34.56,34.03,34.35,115010.58,-1.2e-05,55,0.0,0.0,unknown,,1000.0,0.0,0.0,,{},,{},1000.0,0.0,1000.0,,unknown,0.0,{},,104.0,{},1000,0,1000,0
2024-05-09 16:00:00,34.35,34.65,34.14,34.17,102385.95,5.9e-05,55,0.0,0.0,unknown,,1000.0,0.0,0.0,,{},,{},1000.0,0.0,1000.0,,unknown,0.0,{},,105.0,{},1000,0,1000,0
2024-05-09 17:00:00,34.16,34.39,34.06,34.28,58628.96,5.9e-05,55,0.0,0.0,unknown,,1000.0,0.0,0.0,,{},,{},1000.0,0.0,1000.0,,unknown,0.0,{},,106.0,{},1000,0,1000,0
2024-05-09 18:00:00,34.27,34.46,34.23,34.45,33466.43,5.9e-05,55,0.0,0.0,unknown,,1000.0,0.0,0.0,,{},,{},1000.0,0.0,1000.0,,unknown,0.0,{},,107.0,{},1000,0,1000,0
2024-05-09 19:00:00,34.46,34.71,34.37,34.68,50525.23,5.9e-05,55,0.0,0.0,unknown,,1000.0,0.0,0.0,,{},,{},1000.0,0.0,1000.0,,unknown,0.0,{},,108.0,{},1000,0,1000,0
2024-05-09 20:00:00,34.68,34.73,34.44,34.53,63084.94,5.9e-05,55,0.0,0.0,unknown,,1000.0,0.0,0.0,,{},,{},1000.0,0.0,1000.0,,unknown,0.0,{},,109.0,{},1000,0,1000,0
2024-05-09 21:00:00,34.54,34.75,34.49,34.62,51314.17,5.9e-05,55,0.0,0.0,unknown,,1000.0,0.0,0.0,,{},,{},1000.0,0.0,1000.0,,unknown,0.0,{},,110.0,{},1000,0,1000,0
2024-05-09 22:00:00,34.62,35.38,34.58,35.27,112879.3,5.9e-05,55,0.0,0.0,unknown,,1000.0,0.0,0.0,,{},,{},1000.0,0.0,1000.0,,unknown,0.0,{},,111.0,{},1000,0,1000,0
2024-05-09 23:00:00,35.28,35.31,34.85,35.07,59662.61,5.9e-05,55,0.0,0.0,unknown,,1000.0,0.0,0.0,,{},,{},1000.0,0.0,1000.0,,unknown,0.0,{},,112.0,{},1000,0,1000,0
2024-05-10 00:00:00,35.07,35.2,34.89,35.03,39804.02,-8e-06,66,0.0,0.0,unknown,,1000.0,0.0,0.0,,{},,{},1000.0,0.0,1000.0,,unknown,0.0,{},,113.0,{},1000,0,1000,0
2024-05-10 01:00:00,35.04,35.42,34.92,35.38,75240.02,-8e-06,66,0.0,0.0,unknown,,1000.0,0.0,0.0,,{},,{},1000.0,0.0,1000.0,,unknown,0.0,{},,114.0,{},1000,0,1000,0
2024-05-10 02:00:00,35.37,35.59,35.29,35.55,55522.46,-8e-06,66,0.0,0.0,unknown,,1000.0,0.0,0.0,,{},,{},1000.0,0.0,1000.0,,unknown,0.0,{},,115.0,{},1000,0,1000,0
2024-05-10 03:00:00,35.54,35.62,35.41,35.55,42204.06,-8e-06,66,0.0,0.0,unknown,,1000.0,0.0,0.0,,{},,{},1000.0,0.0,1000.0,,unknown,0.0,{},,116.0,{},1000,0,1000,0
2024-05-10 04:00:00,35.55,35.77,35.53,35.76,47374.81,-8e-06,66,0.0,0.0,unknown,,1000.0,0.0,0.0,,{},,{},1000.0,0.0,1000.0,,unknown,0.0,{},,117.0,{},1000,0,1000,0
2024-05-10 05:00:00,35.77,35.85,35.45,35.49,44364.93,-8e-06,66,0.0,0.0,unknown,,1000.0,0.0,0.0,,{},,{},1000.0,0.0,1000.0,,unknown,0.0,{},,118.0,{},1000,0,1000,0
2024-05-10 06:00:00,35.48,35.87,35.48,35.79,39965.08,-8e-06,66,0.0,0.0,unknown,,1000.0,0.0,0.0,,{},,{},1000.0,0.0,1000.0,,unknown,0.0,{},,119.0,{},1000,0,1000,0
2024-05-10 07:00:00,35.79,36.12,35.69,36.03,129918.71,-8e-06,66,0.0,0.0,unknown,,1000.0,0.0,0.0,,{},,{},1000.0,0.0,1000.0,,unknown,0.0,{},,120.0,{},1000,0,1000,0
2024-05-10 08:00:00,36.03,36.09,35.74,35.88,53814.77,3.6e-05,66,0.0,0.0,unknown,,1000.0,0.0,0.0,,{},,{},1000.0,0.0,1000.0,,unknown,0.0,{},,121.0,{},1000,0,1000,0
2024-05-10 09:00:00,35.88,35.88,35.64,35.71,43959.48,3.6e-05,66,0.0,0.0,unknown,,1000.0,0.0,0.0,,{},,{},1000.0,0.0,1000.0,,unknown,0.0,{},,122.0,{},1000,0,1000,0
2024-05-10 10:00:00,35.72,35.75,35.56,35.61,46368.04,3.6e-05,66,0.0,0.0,unknown,,1000.0,0.0,0.0,,{},,{},1000.0,0.0,1000.0,,unknown,0.0,{},,123.0,{},1000,0,1000,0
2024-05-10 11:00:00,35.61,35.81,35.43,35.8,57533.24,3.6e-05,66,0.0,0.0,unknown,,1000.0,0.0,0.0,,{},,{},1000.0,0.0,1000.0,,unknown,0.0,{},,124.0,{},1000,0,1000,0
2024-05-10 12:00:00,35.81,35.89,35.58,35.66,51970.4,3.6e-05,66,0.0,0.0,unknown,,1000.0,0.0,0.0,,{},,{},1000.0,0.0,1000.0,,unknown,0.0,{},,125.0,{},1000,0,1000,0
2024-05-10 13:00:00,35.65,35.85,35.46,35.7,74838.45,3.6e-05,66,0.0,0.0,unknown,,1000.0,0.0,0.0,,{},,{},1000.0,0.0,1000.0,,unknown,0.0,{},,126.0,{},1000,0,1000,0
2024-05-10 14:00:00,35.7,35.77,34.05,34.35,367228.23,3.6e-05,66,0.0,0.0,unknown,,1000.0,0.0,0.0,,{},,{},1000.0,0.0,1000.0,,unknown,0.0,{},,127.0,{},1000,0,1000,0
2024-05-10 15:00:00,34.35,34.72,34.14,34.62,251367.95,3.6e-05,66,0.0,0.0,unknown,,1000.0,0.0,0.0,,{},,{},1000.0,0.0,1000.0,,unknown,0.0,{},,128.0,{},1000,0,1000,0
2024-05-10 16:00:00,34.61,34.74,34.06,34.56,165259.7,0.0001,66,0.0,0.0,unknown,,1000.0,0.0,0.0,,{},,{},1000.0,0.0,1000.0,,unknown,0.0,{},,129.0,{},1000,0,1000,0
2024-05-10 17:00:00,34.55,34.62,33.9,34.15,191909.51,0.0001,66,0.0,0.0,unknown,,1000.0,0.0,0.0,,{},,{},1000.0,0.0,1000.0,,unknown,0.0,{},,130.0,{},1000,0,1000,0
2024-05-10 18:00:00,34.14,34.33,33.94,34.3,99081.31,0.0001,66,0.0,0.0,unknown,,1000.0,0.0,0.0,,{},,{},1000.0,0.0,1000.0,,unknown,0.0,{},,131.0,{},1000,0,1000,0
2024-05-10 19:00:00,34.29,34.32,33.87,33.92,75110.14,0.0001,66,0.0,0.0,unknown,,1000.0,0.0,0.0,,{},,{},1000.0,0.0,1000.0,,unknown,0.0,{},,132.0,{},1000,0,1000,0
2024-05-10 20:00:00,33.92,34.18,33.73,33.87,95537.13,0.0001,66,0.0,0.0,unknown,,1000.0,0.0,0.0,,{},,{},1000.0,0.0,1000.0,,unknown,0.0,{},,133.0,{},1000,0,1000,0
2024-05-10 21:00:00,33.86,33.96,33.69,33.79,58177.23,0.0001,66,0.0,0.0,unknown,,1000.0,0.0,0.0,,{},,{},1000.0,0.0,1000.0,,unknown,0.0,{},,134.0,{},1000,0,1000,0
2024-05-10 22:00:00,33.78,33.81,33.26,33.28,96426.98,0.0001,66,0.0,0.0,unknown,,1000.0,0.0,0.0,,{},,{},1000.0,0.0,1000.0,,unknown,0.0,{},,135.0,{},1000,0,1000,0
2024-05-10 23:00:00,33.28,33.76,33.23,33.71,58945.94,0.0001,66,0.0,0.0,unknown,,1000.0,0.0,0.0,,{},,{},1000.0,0.0,1000.0,,unknown,0.0,{},,136.0,{},1000,0,1000,0
2024-05-11 00:00:00,33.71,33.92,33.61,33.79,46996.45,0.0001,53,0.0,0.0,unknown,,1000.0,0.0,0.0,,{},,{},1000.0,0.0,1000.0,,unknown,0.0,{},,137.0,{},1000,0,1000,0
2024-05-11 01:00:00,33.8,34.04,33.62,33.71,116284.28,0.0001,53,0.0,0.0,unknown,,1000.0,0.0,0.0,,{},,{},1000.0,0.0,1000.0,,unknown,0.0,{},,138.0,{},1000,0,1000,0
2024-05-11 02:00:00,33.71,33.76,33.42,33.66,72742.17,0.0001,53,0.0,0.0,unknown,,1000.0,0.0,0.0,,{},,{},1000.0,0.0,1000.0,,unknown,0.0,{},,139.0,{},1000,0,1000,0
2024-05-11 03:00:00,33.67,33.69,33.46,33.53,45515.2,0.0001,53,0.0,0.0,unknown,,1000.0,0.0,0.0,,{},,{},1000.0,0.0,1000.0,,unknown,0.0,{},,140.0,{},1000,0,1000,0
2024-05-11 04:00:00,33.53,33.56,33.23,33.46,74761.59,0.0001,53,0.0,0.0,unknown,,1000.0,0.0,0.0,,{},,{},1000.0,0.0,1000.0,,unknown,0.0,{},,141.0,{},1000,0,1000,0
2024-05-11 05:00:00,33.45,33.74,33.44,33.61,55918.41,0.0001,53,0.0,0.0,unknown,,1000.0,0.0,0.0,,{},,{},1000.0,0.0,1000.0,,unknown,0.0,{},,142.0,{},1000,0,1000,0
2024-05-11 06:00:00,33.61,33.72,33.57,33.6,29513.13,0.0001,53,0.0,0.0,unknown,,1000.0,0.0,0.0,,{},,{},1000.0,0.0,1000.0,,unknown,0.0,{},,143.0,{},1000,0,1000,0
2024-05-11 07:00:00,33.6,33.71,33.55,33.65,30463.66,0.0001,53,0.0,0.0,unknown,,1000.0,0.0,0.0,,{},,{},1000.0,0.0,1000.0,,unknown,0.0,{},,144.0,{},1000,0,1000,0
2024-05-11 08:00:00,33.65,33.67,33.3,33.35,60017.54,0.0001,53,0.0,0.0,unknown,,1000.0,0.0,0.0,,{},,{},1000.0,0.0,1000.0,,unknown,0.0,{},,145.0,{},1000,0,1000,0
2024-05-11 09:00:00,33.35,33.48,33.31,33.46,37185.18,0.0001,53,0.0,0.0,unknown,,1000.0,0.0,0.0,,{},,{},1000.0,0.0,1000.0,,unknown,0.0,{},,146.0,{},1000,0,1000,0
2024-05-11 10:00:00,33.46,33.55,33.31,33.42,29273.95,0.0001,53,0.0,0.0,unknown,,1000.0,0.0,0.0,,{},,{},1000.0,0.0,1000.0,,unknown,0.0,{},,147.0,{},1000,0,1000,0
2024-05-11 11:00:00,33.42,33.43,33.06,33.39,60840.18,0.0001,53,0.0,0.0,unknown,,1000.0,0.0,0.0,,{},,{},1000.0,0.0,1000.0,,unknown,0.0,{},,148.0,{},1000,0,1000,0
2024-05-11 12:00:00,33.38,33.61,33.24,33.39,120738.18,0.0001,53,0.0,0.0,unknown,,1000.0,0.0,0.0,,{},,{},1000.0,0.0,1000.0,,unknown,0.0,{},,149.0,{},1000,0,1000,0
2024-05-11 13:00:00,33.4,33.65,33.36,33.63,69779.13,0.0001,53,0.0,0.0,unknown,,1000.0,0.0,0.0,,{},,{},1000.0,0.0,1000.0,,unknown,0.0,{},,150.0,{},1000,0,1000,0
2024-05-11 14:00:00,33.62,33.66,33.43,33.49,36852.21,0.0001,53,0.0,0.0,unknown,,1000.0,0.0,0.0,,{},,{},1000.0,0.0,1000.0,,unknown,0.0,{},,151.0,{},1000,0,1000,0
2024-05-11 15:00:00,33.49,33.99,33.49,33.8,87296.92,0.0001,53,0.0,0.0,unknown,,1000.0,0.0,0.0,,{},,{},1000.0,0.0,1000.0,,unknown,0.0,{},,152.0,{},1000,0,1000,0
2024-05-11 16:00:00,33.81,33.92,33.73,33.84,47239.34,2.3e-05,53,0.0,0.0,unknown,,1000.0,0.0,0.0,,{},,{},1000.0,0.0,1000.0,,unknown,0.0,{},,153.0,{},1000,0,1000,0
2024-05-11 17:00:00,33.85,33.89,33.62,33.72,36510.72,2.3e-05,53,0.0,0.0,unknown,,1000.0,0.0,0.0,,{},,{},1000.0,0.0,1000.0,,unknown,0.0,{},,154.0,{},1000,0,1000,0
2024-05-11 18:00:00,33.73,33.92,33.69,33.83,21723.2,2.3e-05,53,0.0,0.0,unknown,,1000.0,0.0,0.0,,{},,{},1000.0,0.0,1000.0,,unknown,0.0,{},,155.0,{},1000,0,1000,0
2024-05-11 19:00:00,33.83,33.88,33.74,33.8,21868.62,2.3e-05,53,0.0,0.0,unknown,,1000.0,0.0,0.0,,{},,{},1000.0,0.0,1000.0,,unknown,0.0,{},,156.0,{},1000,0,1000,0
2024-05-11 20:00:00,33.8,33.81,33.57,33.72,28979.29,2.3e-05,53,0.0,0.0,unknown,,1000.0,0.0,0.0,,{},,{},1000.0,0.0,1000.0,,unknown,0.0,{},,157.0,{},1000,0,1000,0
2024-05-11 21:00:00,33.71,33.72,33.55,33.57,18241.59,2.3e-05,53,0.0,0.0,unknown,,1000.0,0.0,0.0,,{},,{},1000.0,0.0,1000.0,,unknown,0.0,{},,158.0,{},1000,0,1000,0
2024-05-11 22:00:00,33.57,33.65,33.5,33.55,19189.9,2.3e-05,53,0.0,0.0,unknown,,1000.0,0.0,0.0,,{},,{},1000.0,0.0,1000.0,,unknown,0.0,{},,159.0,{},1000,0,1000,0
2024-05-11 23:00:00,33.55,33.57,33.43,33.49,14972.16,2.3e-05,53,0.0,0.0,unknown,,1000.0,0.0,0.0,,{},,{},1000.0,0.0,1000.0,,unknown,0.0,{},,160.0,{},1000,0,1000,0
2024-05-12 00:00:00,33.49,33.71,33.46,33.56,18522.83,6.6e-05,56,0.0,0.0,unknown,,1000.0,0.0,0.0,,{},,{},1000.0,0.0,1000.0,,unknown,0.0,{},,161.0,{},1000,0,1000,0
2024-05-12 01:00:00,33.57,33.67,33.51,33.53,15976.48,6.6e-05,56,0.0,0.0,unknown,,1000.0,0.0,0.0,,{},,{},1000.0,0.0,1000.0,,unknown,0.0,{},,162.0,{},1000,0,1000,0
2024-05-12 02:00:00,33.53,33.68,33.48,33.62,14090.33,6.6e-05,56,0.0,0.0,unknown,,1000.0,0.0,0.0,,{},,{},1000.0,0.0,1000.0,,unknown,0.0,{},,163.0,{},1000,0,1000,0
2024-05-12 03:00:00,33.62,33.63,33.52,33.55,12782.08,6.6e-05,56,0.0,0.0,unknown,,1000.0,0.0,0.0,,{},,{},1000.0,0.0,1000.0,,unknown,0.0,{},,164.0,{},1000,0,1000,0
2024-05-12 04:00:00,33.56,33.74,33.53,33.72,16145.78,6.6e-05,56,0.0,0.0,unknown,,1000.0,0.0,0.0,,{},,{},1000.0,0.0,1000.0,,unknown,0.0,{},,165.0,{},1000,0,1000,0
2024-05-12 05:00:00,33.72,33.75,33.67,33.74,11674.07,6.6e-05,56,0.0,0.0,unknown,,1000.0,0.0,0.0,,{},,{},1000.0,0.0,1000.0,,unknown,0.0,{},,166.0,{},1000,0,1000,0
2024-05-12 06:00:00,33.74,33.77,33.53,33.57,11411.49,6.6e-05,56,0.0,0.0,unknown,,1000.0,0.0,0.0,,{},,{},1000.0,0.0,1000.0,,unknown,0.0,{},,167.0,{},1000,0,1000,0
2024-05-12 07:00:00,33.58,33.62,33.19,33.25,45787.54,6.6e-05,56,0.0,0.0,unknown,,1000.0,0.0,0.0,,{},,{},1000.0,0.0,1000.0,,unknown,0.0,{},,168.0,{},1000,0,1000,0
2024-05-12 08:00:00,33.25,33.5,33.21,33.45,36612.03,4.8e-05,56,0.0,0.0,unknown,,1000.0,0.0,0.0,,{},,{},1000.0,0.0,1000.0,,unknown,0.0,{},,169.0,{},1000,0,1000,0
2024-05-12 09:00:00,33.45,33.49,33.32,33.47,18287.74,4.8e-05,56,0.0,0.0,unknown,,1000.0,0.0,0.0,,{},,{},1000.0,0.0,1000.0,,unknown,0.0,{},,170.0,{},1000,0,1000,0
2024-05-12 10:00:00,33.48,34.0,33.47,33.76,66750.89,4.8e-05,56,0.0,0.0,unknown,,1000.0,0.0,0.0,,{},,{},1000.0,0.0,1000.0,,unknown,0.0,{},,171.0,{},1000,0,1000,0
2024-05-12 11:00:00,33.76,33.84,33.69,33.79,16933.8,4.8e-05,56,0.0,0.0,unknown,,1000.0,0.0,0.0,,{},,{},1000.0,0.0,1000.0,,unknown,0.0,{},,172.0,{},1000,0,1000,0
2024-05-12 12:00:00,33.79,33.87,33.68,33.74,26136.74,4.8e-05,56,0.0,0.0,unknown,,1000.0,0.0,0.0,,{},,{},1000.0,0.0,1000.0,,unknown,0.0,{},,173.0,{},1000,0,1000,0
2024-05-12 13:00:00,33.74,33.86,33.67,33.84,25052.03,4.8e-05,56,0.0,0.0,unknown,,1000.0,0.0,0.0,,{},,{},1000.0,0.0,1000.0,,unknown,0.0,{},,174.0,{},1000,0,1000,0
2024-05-12 14:00:00,33.84,33.88,33.55,33.59,28090.01,4.8e-05,56,0.0,0.0,unknown,,1000.0,0.0,0.0,,{},,{},1000.0,0.0,1000.0,,unknown,0.0,{},,175.0,{},1000,0,1000,0
2024-05-12 15:00:00,33.59,33.75,33.49,33.7,35203.37,4.8e-05,56,0.0,0.0,unknown,,1000.0,0.0,0.0,,{},,{},1000.0,0.0,1000.0,,unknown,0.0,{},,176.0,{},1000,0,1000,0
2024-05-12 16:00:00,33.7,33.91,33.64,33.64,62950.48,4.4e-05,56,0.0,0.0,unknown,,1000.0,0.0,0.0,,{},,{},1000.0,0.0,1000.0,,unknown,0.0,{},,177.0,{},1000,0,1000,0
2024-05-12 17:00:00,33.65,33.8,33.54,33.7,40900.84,4.4e-05,56,0.0,0.0,unknown,,1000.0,0.0,0.0,,{},,{},1000.0,0.0,1000.0,,unknown,0.0,{},,178.0,{},1000,0,1000,0
2024-05-12 18:00:00,33.7,33.7,33.45,33.49,22419.21,4.4e-05,56,0.0,0.0,unknown,,1000.0,0.0,0.0,,{},,{},1000.0,0.0,1000.0,,unknown,0.0,{},,179.0,{},1000,0,1000,0
2024-05-12 19:00:00,33.48,33.49,33.33,33.46,20515.81,4.4e-05,56,0.0,0.0,unknown,,1000.0,0.0,0.0,,{},,{},1000.0,0.0,1000.0,,unknown,0.0,{},,180.0,{},1000,0,1000,0
2024-05-12 20:00:00,33.46,33.49,33.36,33.41,18108.95,4.4e-05,56,0.0,0.0,unknown,,1000.0,0.0,0.0,,{},,{},1000.0,0.0,1000.0,,unknown,0.0,{},,181.0,{},1000,0,1000,0
2024-05-12 21:00:00,33.4,33.41,32.78,33.22,83027.98,4.4e-05,56,0.0,0.0,unknown,,1000.0,0.0,0.0,,{},,{},1000.0,0.0,1000.0,,unknown,0.0,{},,182.0,{},1000,0,1000,0
2024-05-12 22:00:00,33.23,33.28,33.16,33.18,28087.47,4.4e-05,56,0.0,0.0,unknown,,1000.0,0.0,0.0,,{},,{},1000.0,0.0,1000.0,,unknown,0.0,{},,183.0,{},1000,0,1000,0
2024-05-12 23:00:00,33.19,33.29,33.14,33.14,12790.21,4.4e-05,56,0.0,0.0,unknown,,1000.0,0.0,0.0,,{},,{},1000.0,0.0,1000.0,,unknown,0.0,{},,184.0,{},1000,0,1000,0
2024-05-13 00:00:00,33.14,33.43,33.14,33.25,26017.42,4.4e-05,57,0.0,0.0,unknown,,1000.0,0.0,0.0,,{},,{},1000.0,0.0,1000.0,,unknown,0.0,{},,185.0,{},1000,0,1000,0
2024-05-13 01:00:00,33.24,33.26,32.53,32.83,92941.0,2e-06,57,0.0,0.0,unknown,,1000.0,0.0,0.0,,{},,{},1000.0,0.0,1000.0,,unknown,0.0,{},,186.0,{},1000,0,1000,0
2024-05-13 02:00:00,32.83,32.94,32.14,32.35,127031.73,2e-06,57,0.0,0.0,unknown,,1000.0,0.0,0.0,,{},,{},1000.0,0.0,1000.0,,unknown,0.0,{},,187.0,{},1000,0,1000,0
2024-05-13 03:00:00,32.35,32.35,31.93,32.33,97669.14,2e-06,57,0.0,0.0,unknown,,1000.0,0.0,0.0,,{},,{},1000.0,0.0,1000.0,,unknown,0.0,{},,188.0,{},1000,0,1000,0
2024-05-13 04:00:00,32.33,32.33,32.07,32.22,37708.44,2e-06,57,0.0,0.0,unknown,,1000.0,0.0,0.0,,{},,{},1000.0,0.0,1000.0,,unknown,0.0,{},,189.0,{},1000,0,1000,0
2024-05-13 05:00:00,32.21,32.38,32.07,32.09,46026.9,2e-06,57,0.0,0.0,unknown,,1000.0,0.0,0.0,,{},,{},1000.0,0.0,1000.0,,unknown,0.0,{},,190.0,{},1000,0,1000,0
2024-05-13 06:00:00,32.09,32.87,32.08,32.79,85352.99,2e-06,57,0.0,0.0,unknown,,1000.0,0.0,0.0,,{},,{},1000.0,0.0,1000.0,,unknown,0.0,{},,191.0,{},1000,0,1000,0
2024-05-13 07:00:00,32.79,33.49,32.71,33.49,113726.82,2e-06,57,0.0,0.0,unknown,,1000.0,0.0,0.0,,{},,{},1000.0,0.0,1000.0,,unknown,0.0,{},,192.0,{},1000,0,1000,0
2024-05-13 08:00:00,33.48,33.8,33.48,33.54,186700.37,2e-06,57,0.0,0.0,unknown,,1000.0,0.0,0.0,,{},,{},1000.0,0.0,1000.0,,unknown,0.0,{},,193.0,{},1000,0,1000,0
2024-05-13 09:00:00,33.55,33.82,33.49,33.65,76411.68,8.1e-05,57,0.0,0.0,unknown,,1000.0,0.0,0.0,,{},,{},1000.0,0.0,1000.0,,unknown,0.0,{},,194.0,{},1000,0,1000,0
2024-05-13 10:00:00,33.66,33.68,33.29,33.45,67193.91,8.1e-05,57,0.0,0.0,unknown,,1000.0,0.0,0.0,,{},,{},1000.0,0.0,1000.0,,unknown,0.0,{},,195.0,{},1000,0,1000,0
2024-05-13 11:00:00,33.46,33.53,33.27,33.41,34868.38,8.1e-05,57,0.0,0.0,unknown,,1000.0,0.0,0.0,,{},,{},1000.0,0.0,1000.0,,unknown,0.0,{},,196.0,{},1000,0,1000,0
2024-05-13 12:00:00,33.4,33.41,33.16,33.32,49509.99,8.1e-05,57,0.0,0.0,unknown,,1000.0,0.0,0.0,,{},,{},1000.0,0.0,1000.0,,unknown,0.0,{},,197.0,{},1000,0,1000,0
2024-05-13 13:00:00,33.33,33.38,32.95,33.04,70746.63,8.1e-05,57,0.0,0.0,unknown,,1000.0,0.0,0.0,,{},,{},1000.0,0.0,1000.0,,unknown,0.0,{},,198.0,{},1000,0,1000,0
2024-05-13 14:00:00,33.03,33.49,32.95,32.97,104217.36,8.1e-05,57,0.0,0.0,unknown,,1000.0,0.0,0.0,,{},,{},1000.0,0.0,1000.0,,unknown,0.0,{},,199.0,{},1000,0,1000,0
2024-05-13 15:00:00,32.97,33.41,32.92,33.29,97140.7,8.1e-05,57,0.0,0.0,unknown,,1000.0,0.0,0.0,,{},,{},1000.0,0.0,1000.0,,unknown,0.0,{},,200.0,{},1000,0,1000,0
2024-05-13 16:00:00,33.3,33.45,33.13,33.37,315608.01,0.0001,57,0.0,0.0,unknown,,1000.0,0.0,0.0,,{},,{},1000.0,0.0,1000.0,,unknown,0.0,{},,201.0,{},1000,0,1000,0
2024-05-13 17:00:00,33.36,33.41,32.68,32.81,130790.07,0.0001,57,0.0,0.0,unknown,,1000.0,0.0,0.0,,{},,{},1000.0,0.0,1000.0,,unknown,0.0,{},,202.0,{},1000,0,1000,0
2024-05-13 18:00:00,32.8,32.83,32.45,32.62,63094.05,0.0001,57,0.0,0.0,unknown,,1000.0,0.0,0.0,,{},,{},1000.0,0.0,1000.0,,unknown,0.0,{},,203.0,{},1000,0,1000,0
2024-05-13 19:00:00,32.62,32.93,32.55,32.85,64386.71,0.0001,57,0.0,0.0,unknown,,1000.0,0.0,0.0,,{},,{},1000.0,0.0,1000.0,,unknown,0.0,{},,204.0,{},1000,0,1000,0
2024-05-13 20:00:00,32.84,32.9,32.73,32.87,25918.85,0.0001,57,0.0,0.0,unknown,,1000.0,0.0,0.0,,{},,{},1000.0,0.0,1000.0,,unknown,0.0,{},,205.0,{},1000,0,1000,0
2024-05-13 21:00:00,32.86,32.89,32.59,32.64,36324.94,0.0001,57,0.0,0.0,unknown,,1000.0,0.0,0.0,,{},,{},1000.0,0.0,1000.0,,unknown,0.0,{},,206.0,{},1000,0,1000,0
2024-05-13 22:00:00,32.64,32.73,32.35,32.41,60904.41,0.0001,57,0.0,0.0,unknown,,1000.0,0.0,0.0,,{},,{},1000.0,0.0,1000.0,,unknown,0.0,{},,207.0,{},1000,0,1000,0
2024-05-13 23:00:00,32.42,32.58,32.38,32.46,27752.78,0.0001,57,0.0,0.0,unknown,,1000.0,0.0,0.0,,{},,{},1000.0,0.0,1000.0,,unknown,0.0,{},,208.0,{},1000,0,1000,0
2024-05-14 00:00:00,32.46,32.62,32.22,32.3,75377.44,0.0001,66,0.0,0.0,unknown,,1000.0,0.0,0.0,,{},,{},1000.0,0.0,1000.0,,unknown,0.0,{},,209.0,{},1000,0,1000,0
2024-05-14 01:00:00,32.3,32.47,32.08,32.18,71805.36,0.0001,66,0.0,0.0,unknown,,1000.0,0.0,0.0,,{},,{},1000.0,0.0,1000.0,,unknown,0.0,{},,210.0,{},1000,0,1000,0
2024-05-14 02:00:00,32.14,32.23,31.94,32.2,54083.44,0.0001,66,0.0,0.0,unknown,,1000.0,0.0,0.0,,{},,{},1000.0,0.0,1000.0,,unknown,0.0,{},,211.0,{},1000,0,1000,0
2024-05-14 03:00:00,32.21,32.35,32.12,32.18,40723.8,0.0001,66,0.0,0.0,unknown,,1000.0,0.0,0.0,,{},,{},1000.0,0.0,1000.0,,unknown,0.0,{},,212.0,{},1000,0,1000,0
2024-05-14 04:00:00,32.18,32.42,32.15,32.34,45638.08,0.0001,66,0.0,0.0,unknown,,1000.0,0.0,0.0,,{},,{},1000.0,0.0,1000.0,,unknown,0.0,{},,213.0,{},1000,0,1000,0
2024-05-14 05:00:00,32.34,32.6,32.27,32.48,47152.0,0.0001,66,0.0,0.0,unknown,,1000.0,0.0,0.0,,{},,{},1000.0,0.0,1000.0,,unknown,0.0,{},,214.0,{},1000,0,1000,0
2024-05-14 06:00:00,32.48,32.48,31.6,32.31,178360.58,0.0001,66,0.0,0.0,unknown,,1000.0,0.0,0.0,,{},,{},1000.0,0.0,1000.0,,unknown,0.0,{},,215.0,{},1000,0,1000,0
2024-05-14 07:00:00,32.3,32.67,32.29,32.66,53467.86,0.0001,66,0.0,0.0,unknown,,1000.0,0.0,0.0,,{},,{},1000.0,0.0,1000.0,,unknown,0.0,{},,216.0,{},1000,0,1000,0
2024-05-14 08:00:00,32.66,33.34,32.52,32.96,190308.55,3.3e-05,66,0.0,0.0,unknown,,1000.0,0.0,0.0,,{},,{},1000.0,0.0,1000.0,,unknown,0.0,{},,217.0,{},1000,0,1000,0
2024-05-14 09:00:00,32.96,33.22,32.69,32.73,74278.0,3.3e-05,66,0.0,0.0,unknown,,1000.0,0.0,0.0,,{},,{},1000.0,0.0,1000.0,,unknown,0.0,{},,218.0,{},1000,0,1000,0
2024-05-14 10:00:00,32.73,32.95,32.67,32.87,65116.68,3.3e-05,66,0.0,0.0,unknown,,1000.0,0.0,0.0,,{},,{},1000.0,0.0,1000.0,,unknown,0.0,{},,219.0,{},1000,0,1000,0
2024-05-14 11:00:00,32.87,32.92,32.7,32.74,31643.81,3.3e-05,66,0.0,0.0,unknown,,1000.0,0.0,0.0,,{},,{},1000.0,0.0,1000.0,,unknown,0.0,{},,220.0,{},1000,0,1000,0
2024-05-14 12:00:00,32.73,33.02,32.45,32.7,137690.13,3.3e-05,66,0.0,0.0,unknown,,1000.0,0.0,0.0,,{},,{},1000.0,0.0,1000.0,,unknown,0.0,{},,221.0,{},1000,0,1000,0
2024-05-14 13:00:00,32.68,32.78,32.47,32.48,73487.96,3.3e-05,66,0.0,0.0,unknown,,1000.0,0.0,0.0,,{},,{},1000.0,0.0,1000.0,,unknown,0.0,{},,222.0,{},1000,0,1000,0
2024-05-14 14:00:00,32.48,32.53,31.75,31.97,213752.27,3.3e-05,66,0.0,0.0,unknown,,1000.0,0.0,0.0,,{},,{},1000.0,0.0,1000.0,,unknown,0.0,{},,223.0,{},1000,0,1000,0
2024-05-14 15:00:00,31.97,32.34,31.89,32.09,77334.56,3.3e-05,66,0.0,0.0,unknown,,1000.0,0.0,0.0,,{},,{},1000.0,0.0,1000.0,,unknown,0.0,{},,224.0,{},1000,0,1000,0
2024-05-14 16:00:00,32.09,32.1,31.78,31.95,58636.81,0.0001,66,0.0,0.0,unknown,,1000.0,0.0,0.0,,{},,{},1000.0,0.0,1000.0,,unknown,0.0,{},,225.0,{},1000,0,1000,0
2024-05-14 17:00:00,31.96,31.97,31.65,31.78,71502.14,0.0001,66,0.0,0.0,unknown,,1000.0,0.0,0.0,,{},,{},1000.0,0.0,1000.0,,unknown,0.0,{},,226.0,{},1000,0,1000,0
2024-05-14 18:00:00,31.77,32.04,31.74,32.01,36139.45,0.0001,66,0.0,0.0,unknown,,1000.0,0.0,0.0,,{},,{},1000.0,0.0,1000.0,,unknown,0.0,{},,227.0,{},1000,0,1000,0
2024-05-14 19:00:00,32.02,32.14,31.93,31.93,37447.29,0.0001,66,0.0,0.0,unknown,,1000.0,0.0,0.0,,{},,{},1000.0,0.0,1000.0,,unknown,0.0,{},,228.0,{},1000,0,1000,0
2024-05-14 20:00:00,31.93,31.96,31.82,31.82,30577.55,0.0001,66,0.0,0.0,unknown,,1000.0,0.0,0.0,,{},,{},1000.0,0.0,1000.0,,unknown,0.0,{},,229.0,{},1000,0,1000,0
2024-05-14 21:00:00,31.82,31.86,31.63,31.78,32218.28,0.0001,66,0.0,0.0,unknown,,1000.0,0.0,0.0,,{},,{},1000.0,0.0,1000.0,,unknown,0.0,{},,230.0,{},1000,0,1000,0
2024-05-14 22:00:00,31.78,31.8,31.52,31.62,32949.88,0.0001,66,0.0,0.0,unknown,,1000.0,0.0,0.0,,{},,{},1000.0,0.0,1000.0,,unknown,0.0,{},,231.0,{},1000,0,1000,0
2024-05-14 23:00:00,31.63,31.66,31.48,31.58,40117.21,0.0001,66,0.0,0.0,unknown,,1000.0,0.0,0.0,,{},,{},1000.0,0.0,1000.0,,unknown,0.0,{},,232.0,{},1000,0,1000,0
2024-05-15 00:00:00,31.58,31.85,31.35,31.42,47691.7,6.7e-05,64,0.0,0.0,unknown,,1000.0,0.0,0.0,,{},,{},1000.0,0.0,1000.0,,unknown,0.0,{},,233.0,{},1000,0,1000,0
2024-05-15 01:00:00,31.42,31.8,31.42,31.77,28957.35,6.7e-05,64,0.0,0.0,unknown,,1000.0,0.0,0.0,,{},,{},1000.0,0.0,1000.0,,unknown,0.0,{},,234.0,{},1000,0,1000,0
2024-05-15 02:00:00,31.77,31.93,31.76,31.91,19532.24,6.7e-05,64,0.0,0.0,unknown,,1000.0,0.0,0.0,,{},,{},1000.0,0.0,1000.0,,unknown,0.0,{},,235.0,{},1000,0,1000,0
2024-05-15 03:00:00,31.92,32.46,31.92,32.32,55145.31,6.7e-05,64,0.0,0.0,unknown,,1000.0,0.0,0.0,,{},,{},1000.0,0.0,1000.0,,unknown,0.0,{},,236.0,{},1000,0,1000,0
2024-05-15 04:00:00,32.33,32.42,32.08,32.13,54602.13,6.7e-05,64,0.0,0.0,unknown,,1000.0,0.0,0.0,,{},,{},1000.0,0.0,1000.0,,unknown,0.0,{},,237.0,{},1000,0,1000,0
2024-05-15 05:00:00,32.12,32.27,32.08,32.24,61335.77,6.7e-05,64,0.0,0.0,unknown,,1000.0,0.0,0.0,,{},,{},1000.0,0.0,1000.0,,unknown,0.0,{},,238.0,{},1000,0,1000,0
2024-05-15 06:00:00,32.25,32.52,32.22,32.51,47707.76,6.7e-05,64,0.0,0.0,unknown,,1000.0,0.0,0.0,,{},,{},1000.0,0.0,1000.0,,unknown,0.0,{},,239.0,{},1000,0,1000,0
2024-05-15 07:00:00,32.51,32.72,32.43,32.67,69761.96,6.7e-05,64,0.0,0.0,unknown,,1000.0,0.0,0.0,,{},,{},1000.0,0.0,1000.0,,unknown,0.0,{},,240.0,{},1000,0,1000,0
2024-05-15 08:00:00,32.68,32.79,32.46,32.58,64348.92,-2e-06,64,0.0,0.0,unknown,,1000.0,0.0,0.0,,{},,{},1000.0,0.0,1000.0,,unknown,0.0,{},,241.0,{},1000,0,1000,0
2024-05-15 09:00:00,32.59,33.08,32.35,32.91,83613.89,-2e-06,64,0.0,0.0,unknown,,1000.0,0.0,0.0,,{},,{},1000.0,0.0,1000.0,,unknown,0.0,{},,242.0,{},1000,0,1000,0
2024-05-15 10:00:00,32.91,33.27,32.78,32.96,103002.59,-2e-06,64,0.0,0.0,unknown,,1000.0,0.0,0.0,,{},,{},1000.0,0.0,1000.0,,unknown,0.0,{},,243.0,{},1000,0,1000,0
2024-05-15 11:00:00,32.96,32.99,32.61,32.73,40664.32,-2e-06,64,0.0,0.0,unknown,,1000.0,0.0,0.0,,{},,{},1000.0,0.0,1000.0,,unknown,0.0,{},,244.0,{},1000,0,1000,0
2024-05-15 12:00:00,32.73,33.84,32.63,33.79,323388.22,-2e-06,64,0.0,0.0,unknown,,1000.0,0.0,0.0,,{},,{},1000.0,0.0,1000.0,,unknown,0.0,{},,245.0,{},1000,0,1000,0
2024-05-15 13:00:00,33.8,34.47,33.71,33.99,277104.51,-2e-06,64,0.0,0.0,unknown,,1000.0,0.0,0.0,,{},,{},1000.0,0.0,1000.0,,unknown,0.0,{},,246.0,{},1000,0,1000,0
2024-05-15 14:00:00,34.0,34.48,33.95,34.31,104852.91,-2e-06,64,0.0,0.0,unknown,,1000.0,0.0,0.0,,{},,{},1000.0,0.0,1000.0,,unknown,0.0,{},,247.0,{},1000,0,1000,0
2024-05-15 15:00:00,34.31,34.42,34.04,34.08,122860.79,-2e-06,64,0.0,0.0,unknown,,1000.0,0.0,0.0,,{},,{},1000.0,0.0,1000.0,,unknown,0.0,{},,248.0,{},1000,0,1000,0
2024-05-15 16:00:00,34.08,34.31,33.77,33.92,167384.06,0.0001,64,0.0,0.0,unknown,,1000.0,0.0,0.0,,{},,{},1000.0,0.0,1000.0,,unknown,0.0,{},,249.0,{},1000,0,1000,0
2024-05-15 17:00:00,33.93,34.07,33.82,33.97,68899.35,0.0001,64,0.0,0.0,unknown,,1000.0,0.0,0.0,,{},,{},1000.0,0.0,1000.0,,unknown,0.0,{},,250.0,{},1000,0,1000,0
2024-05-15 18:00:00,33.97,34.14,33.79,34.05,74684.54,0.0001,64,0.0,0.0,unknown,,1000.0,0.0,0.0,,{},,{},1000.0,0.0,1000.0,,unknown,0.0,{},,251.0,{},1000,0,1000,0
2024-05-15 19:00:00,34.06,34.35,33.84,34.33,107261.33,0.0001,64,0.0,0.0,unknown,,1000.0,0.0,0.0,,{},,{},1000.0,0.0,1000.0,,unknown,0.0,{},,252.0,{},1000,0,1000,0
2024-05-15 20:00:00,34.32,34.58,34.25,34.55,96380.39,0.0001,64,0.0,0.0,unknown,,1000.0,0.0,0.0,,{},,{},1000.0,0.0,1000.0,,unknown,0.0,{},,253.0,{},1000,0,1000,0
2024-05-15 21:00:00,34.56,34.59,34.41,34.49,47914.68,0.0001,64,0.0,0.0,unknown,,1000.0,0.0,0.0,,{},,{},1000.0,0.0,1000.0,,unknown,0.0,{},,254.0,{},1000,0,1000,0
2024-05-15 22:00:00,34.48,34.72,34.44,34.56,70197.68,0.0001,64,0.0,0.0,unknown,,1000.0,0.0,0.0,,{},,{},1000.0,0.0,1000.0,,unknown,0.0,{},,255.0,{},1000,0,1000,0
2024-05-15 23:00:00,34.56,34.79,34.48,34.66,59233.34,0.0001,64,0.0,0.0,unknown,,1000.0,0.0,0.0,,{},,{},1000.0,0.0,1000.0,,unknown,0.0,{},,256.0,{},1000,0,1000,0
2024-05-16 00:00:00,34.66,34.82,34.45,34.67,105988.65,0.0001,70,0.0,0.0,unknown,,1000.0,0.0,0.0,,{},,{},1000.0,0.0,1000.0,,unknown,0.0,{},,257.0,{},1000,0,1000,0
2024-05-16 01:00:00,34.66,34.88,34.62,34.87,62280.12,0.0001,70,0.0,0.0,unknown,,1000.0,0.0,0.0,,{},,{},1000.0,0.0,1000.0,,unknown,0.0,{},,258.0,{},1000,0,1000,0
2024-05-16 02:00:00,34.87,34.92,34.67,34.78,42292.45,0.0001,70,0.0,0.0,unknown,,1000.0,0.0,0.0,,{},,{},1000.0,0.0,1000.0,,unknown,0.0,{},,259.0,{},1000,0,1000,0
2024-05-16 03:00:00,34.78,35.01,34.69,34.97,59269.37,0.0001,70,0.0,0.0,unknown,,1000.0,0.0,0.0,,{},,{},1000.0,0.0,1000.0,,unknown,0.0,{},,260.0,{},1000,0,1000,0
2024-05-16 04:00:00,34.96,35.01,34.7,34.78,39546.89,0.0001,70,0.0,0.0,unknown,,1000.0,0.0,0.0,,{},,{},1000.0,0.0,1000.0,,unknown,0.0,{},,261.0,{},1000,0,1000,0
2024-05-16 05:00:00,34.78,34.79,34.55,34.68,37134.66,0.0001,70,0.0,0.0,unknown,,1000.0,0.0,0.0,,{},,{},1000.0,0.0,1000.0,,unknown,0.0,{},,262.0,{},1000,0,1000,0
2024-05-16 06:00:00,34.67,34.81,34.62,34.71,32899.12,0.0001,70,0.0,0.0,unknown,,1000.0,0.0,0.0,,{},,{},1000.0,0.0,1000.0,,unknown,0.0,{},,263.0,{},1000,0,1000,0
2024-05-16 07:00:00,34.7,34.87,34.68,34.76,39603.49,0.0001,70,0.0,0.0,unknown,,1000.0,0.0,0.0,,{},,{},1000.0,0.0,1000.0,,unknown,0.0,{},,264.0,{},1000,0,1000,0
2024-05-16 08:00:00,34.76,34.9,34.56,34.58,41359.17,0.0001,70,0.0,0.0,unknown,,1000.0,0.0,0.0,,{},,{},1000.0,0.0,1000.0,,unknown,0.0,{},,265.0,{},1000,0,1000,0
2024-05-16 09:00:00,34.58,34.98,34.48,34.93,57128.05,0.0001,70,0.0,0.0,unknown,,1000.0,0.0,0.0,,{},,{},1000.0,0.0,1000.0,,unknown,0.0,{},,266.0,{},1000,0,1000,0
2024-05-16 10:00:00,34.93,34.93,34.47,34.54,45607.25,0.0001,70,0.0,0.0,unknown,,1000.0,0.0,0.0,,{},,{},1000.0,0.0,1000.0,,unknown,0.0,{},,267.0,{},1000,0,1000,0
2024-05-16 11:00:00,34.54,34.64,34.43,34.62,35121.48,0.0001,70,0.0,0.0,unknown,,1000.0,0.0,0.0,,{},,{},1000.0,0.0,1000.0,,unknown,0.0,{},,268.0,{},1000,0,1000,0
2024-05-16 12:00:00,34.62,34.63,34.03,34.37,154012.15,0.0001,70,0.0,0.0,unknown,,1000.0,0.0,0.0,,{},,{},1000.0,0.0,1000.0,,unknown,0.0,{},,269.0,{},1000,0,1000,0
2024-05-16 13:00:00,34.37,34.9,34.16,34.63,94473.17,0.0001,70,0.0,0.0,unknown,,1000.0,0.0,0.0,,{},,{},1000.0,0.0,1000.0,,unknown,0.0,{},,270.0,{},1000,0,1000,0
2024-05-16 14:00:00,34.63,34.65,33.83,33.91,172469.85,0.0001,70,0.0,0.0,unknown,,1000.0,0.0,0.0,,{},,{},1000.0,0.0,1000.0,,unknown,0.0,{},,271.0,{},1000,0,1000,0
2024-05-16 15:00:00,33.91,34.37,33.83,34.21,82336.03,0.0001,70,0.0,0.0,unknown,,1000.0,0.0,0.0,,{},,{},1000.0,0.0,1000.0,,unknown,0.0,{},,272.0,{},1000,0,1000,0
2024-05-16 16:00:00,34.21,34.27,33.88,34.12,66563.63,0.0001,70,0.0,0.0,unknown,,1000.0,0.0,0.0,,{},,{},1000.0,0.0,1000.0,,unknown,0.0,{},,273.0,{},1000,0,1000,0
2024-05-16 17:00:00,34.12,34.23,33.75,34.02,55474.08,0.0001,70,0.0,0.0,unknown,,1000.0,0.0,0.0,,{},,{},1000.0,0.0,1000.0,,unknown,0.0,{},,274.0,{},1000,0,1000,0
2024-05-16 18:00:00,34.02,34.17,33.99,34.05,32279.62,0.0001,70,0.0,0.0,unknown,,1000.0,0.0,0.0,,{},,{},1000.0,0.0,1000.0,,unknown,0.0,{},,275.0,{},1000,0,1000,0
2024-05-16 19:00:00,34.04,34.45,34.03,34.36,55192.65,0.0001,70,0.0,0.0,unknown,,1000.0,0.0,0.0,,{},,{},1000.0,0.0,1000.0,,unknown,0.0,{},,276.0,{},1000,0,1000,0
2024-05-16 20:00:00,34.36,34.42,34.17,34.29,42602.11,0.0001,70,0.0,0.0,unknown,,1000.0,0.0,0.0,,{},,{},1000.0,0.0,1000.0,,unknown,0.0,{},,277.0,{},1000,0,1000,0
2024-05-16 21:00:00,34.29,34.38,34.17,34.35,31887.26,0.0001,70,0.0,0.0,unknown,,1000.0,0.0,0.0,,{},,{},1000.0,0.0,1000.0,,unknown,0.0,{},,278.0,{},1000,0,1000,0
2024-05-16 22:00:00,34.36,34.42,34.11,34.4,28537.54,0.0001,70,0.0,0.0,unknown,,1000.0,0.0,0.0,,{},,{},1000.0,0.0,1000.0,,unknown,0.0,{},,279.0,{},1000,0,1000,0
2024-05-16 23:00:00,34.4,34.6,34.35,34.46,35033.98,0.0001,70,0.0,0.0,unknown,,1000.0,0.0,0.0,,{},,{},1000.0,0.0,1000.0,,unknown,0.0,{},,280.0,{},1000,0,1000,0
2024-05-17 00:00:00,34.45,34.62,34.45,34.57,29579.24,0.0001,74,0.0,0.0,unknown,,1000.0,0.0,0.0,,{},,{},1000.0,0.0,1000.0,,unknown,0.0,{},,281.0,{},1000,0,1000,0
2024-05-17 01:00:00,34.56,34.66,34.26,34.48,45903.47,0.0001,74,0.0,0.0,unknown,,1000.0,0.0,0.0,,{},,{},1000.0,0.0,1000.0,,unknown,0.0,{},,282.0,{},1000,0,1000,0
2024-05-17 02:00:00,34.51,34.63,34.41,34.54,26413.52,0.0001,74,0.0,0.0,unknown,,1000.0,0.0,0.0,,{},,{},1000.0,0.0,1000.0,,unknown,0.0,{},,283.0,{},1000,0,1000,0
2024-05-17 03:00:00,34.56,34.94,34.46,34.79,79724.71,0.0001,74,0.0,0.0,unknown,,1000.0,0.0,0.0,,{},,{},1000.0,0.0,1000.0,,unknown,0.0,{},,284.0,{},1000,0,1000,0
2024-05-17 04:00:00,34.79,34.89,34.68,34.76,41341.74,0.0001,74,0.0,0.0,unknown,,1000.0,0.0,0.0,,{},,{},1000.0,0.0,1000.0,,unknown,0.0,{},,285.0,{},1000,0,1000,0
2024-05-17 05:00:00,34.77,34.95,34.71,34.94,35414.41,0.0001,74,0.0,0.0,unknown,,1000.0,0.0,0.0,,{},,{},1000.0,0.0,1000.0,,unknown,0.0,{},,286.0,{},1000,0,1000,0
2024-05-17 06:00:00,34.95,35.94,34.9,35.9,161133.55,0.0001,74,0.0,0.0,unknown,,1000.0,0.0,0.0,,{},,{},1000.0,0.0,1000.0,,unknown,0.0,{},,287.0,{},1000,0,1000,0
2024-05-17 07:00:00,35.89,37.32,35.89,37.29,357659.95,0.0001,74,0.0,0.0,unknown,,1000.0,0.0,0.0,,{},,{},1000.0,0.0,1000.0,,unknown,0.0,{},,288.0,{},1000,0,1000,0
2024-05-17 08:00:00,37.28,37.59,36.63,36.71,230344.81,0.0001,74,0.0,0.0,unknown,,1000.0,0.0,0.0,,{},,{},1000.0,0.0,1000.0,,unknown,0.0,{},,289.0,{},1000,0,1000,0
2024-05-17 09:00:00,36.7,36.71,36.24,36.53,102873.42,0.0001,74,0.0,0.0,unknown,,1000.0,0.0,0.0,,{},,{},1000.0,0.0,1000.0,,unknown,0.0,{},,290.0,{},1000,0,1000,0
2024-05-17 10:00:00,36.53,36.94,36.41,36.89,103512.02,0.0001,74,0.0,0.0,unknown,,1000.0,0.0,0.0,,{},,{},1000.0,0.0,1000.0,,unknown,0.0,{},,291.0,{},1000,0,1000,0
2024-05-17 11:00:00,36.89,36.97,36.55,36.56,75344.18,0.0001,74,0.0,0.0,unknown,,1000.0,0.0,0.0,,{},,{},1000.0,0.0,1000.0,,unknown,0.0,{},,292.0,{},1000,0,1000,0
2024-05-17 12:00:00,36.56,37.02,36.5,36.89,89870.05,0.0001,74,0.0,0.0,unknown,,1000.0,0.0,0.0,,{},,{},1000.0,0.0,1000.0,,unknown,0.0,{},,293.0,{},1000,0,1000,0
2024-05-17 13:00:00,36.89,36.96,36.4,36.53,85182.48,0.0001,74,0.0,0.0,unknown,,1000.0,0.0,0.0,,{},,{},1000.0,0.0,1000.0,,unknown,0.0,{},,294.0,{},1000,0,1000,0
2024-05-17 14:00:00,36.54,36.85,36.52,36.78,60842.3,0.0001,74,0.0,0.0,unknown,,1000.0,0.0,0.0,,{},,{},1000.0,0.0,1000.0,,unknown,0.0,{},,295.0,{},1000,0,1000,0
2024-05-17 15:00:00,36.78,37.25,36.64,37.12,153925.34,0.0001,74,0.0,0.0,unknown,,1000.0,0.0,0.0,,{},,{},1000.0,0.0,1000.0,,unknown,0.0,{},,296.0,{},1000,0,1000,0
2024-05-17 16:00:00,37.12,37.19,36.78,36.85,133036.71,0.0001,74,0.0,0.0,unknown,,1000.0,0.0,0.0,,{},,{},1000.0,0.0,1000.0,,unknown,0.0,{},,297.0,{},1000,0,1000,0
2024-05-17 17:00:00,36.85,36.93,36.62,36.65,79928.56,0.0001,74,0.0,0.0,unknown,,1000.0,0.0,0.0,,{},,{},1000.0,0.0,1000.0,,unknown,0.0,{},,298.0,{},1000,0,1000,0
2024-05-17 18:00:00,36.64,36.67,36.23,36.5,133939.21,0.0001,74,0.0,0.0,unknown,,1000.0,0.0,0.0,,{},,{},1000.0,0.0,1000.0,,unknown,0.0,{},,299.0,{},1000,0,1000,0
2024-05-17 19:00:00,36.49,36.58,36.38,36.57,67073.12,0.0001,74,0.0,0.0,unknown,,1000.0,0.0,0.0,,{},,{},1000.0,0.0,1000.0,,unknown,0.0,{},,300.0,{},1000,0,1000,0
2024-05-17 20:00:00,36.56,36.56,36.37,36.4,43859.12,0.0001,74,0.0,0.0,unknown,,1000.0,0.0,0.0,,{},,{},1000.0,0.0,1000.0,,unknown,0.0,{},,301.0,{},1000,0,1000,0
2024-05-17 21:00:00,36.4,36.45,36.33,36.42,25212.55,0.0001,74,0.0,0.0,unknown,,1000.0,0.0,0.0,,{},,{},1000.0,0.0,1000.0,,unknown,0.0,{},,302.0,{},1000,0,1000,0
2024-05-17 22:00:00,36.42,36.51,36.37,36.5,23289.82,0.0001,74,0.0,0.0,unknown,,1000.0,0.0,0.0,,{},,{},1000.0,0.0,1000.0,,unknown,0.0,{},,303.0,{},1000,0,1000,0
2024-05-17 23:00:00,36.49,36.49,36.31,36.43,21988.97,0.0001,74,0.0,0.0,unknown,,1000.0,0.0,0.0,,{},,{},1000.0,0.0,1000.0,,unknown,0.0,{},,304.0,{},1000,0,1000,0
2024-05-18 00:00:00,36.43,36.78,36.34,36.7,57194.4,0.0001,73,0.0,0.0,unknown,,1000.0,0.0,0.0,,{},,{},1000.0,0.0,1000.0,,unknown,0.0,{},,305.0,{},1000,0,1000,0
2024-05-18 01:00:00,36.7,36.93,36.54,36.92,39717.66,0.0001,73,0.0,0.0,unknown,,1000.0,0.0,0.0,,{},,{},1000.0,0.0,1000.0,,unknown,0.0,{},,306.0,{},1000,0,1000,0
2024-05-18 02:00:00,36.92,37.33,36.91,37.3,81814.94,0.0001,73,0.0,0.0,unknown,,1000.0,0.0,0.0,,{},,{},1000.0,0.0,1000.0,,unknown,0.0,{},,307.0,{},1000,0,1000,0
2024-05-18 03:00:00,37.3,37.66,37.14,37.61,110527.62,0.0001,73,0.0,0.0,unknown,,1000.0,0.0,0.0,,{},,{},1000.0,0.0,1000.0,,unknown,0.0,{},,308.0,{},1000,0,1000,0
2024-05-18 04:00:00,37.6,37.63,37.22,37.42,54869.98,0.0001,73,0.0,0.0,unknown,,1000.0,0.0,0.0,,{},,{},1000.0,0.0,1000.0,,unknown,0.0,{},,309.0,{},1000,0,1000,0
2024-05-18 05:00:00,37.42,37.52,37.11,37.27,43193.24,0.0001,73,0.0,0.0,unknown,,1000.0,0.0,0.0,,{},,{},1000.0,0.0,1000.0,,unknown,0.0,{},,310.0,{},1000,0,1000,0
2024-05-18 06:00:00,37.28,37.56,37.17,37.46,39680.17,0.0001,73,0.0,0.0,unknown,,1000.0,0.0,0.0,,{},,{},1000.0,0.0,1000.0,,unknown,0.0,{},,311.0,{},1000,0,1000,0
2024-05-18 07:00:00,37.45,37.47,37.15,37.19,86002.87,0.0001,73,0.0,0.0,unknown,,1000.0,0.0,0.0,,{},,{},1000.0,0.0,1000.0,,unknown,0.0,{},,312.0,{},1000,0,1000,0
2024-05-18 08:00:00,37.19,37.42,37.16,37.25,25932.48,7.7e-05,73,0.0,0.0,unknown,,1000.0,0.0,0.0,,{},,{},1000.0,0.0,1000.0,,unknown,0.0,{},,313.0,{},1000,0,1000,0
2024-05-18 09:00:00,37.24,37.46,37.19,37.39,32575.65,7.7e-05,73,0.0,0.0,unknown,,1000.0,0.0,0.0,,{},,{},1000.0,0.0,1000.0,,unknown,0.0,{},,314.0,{},1000,0,1000,0
2024-05-18 10:00:00,37.38,37.47,37.18,37.46,54770.06,7.7e-05,73,0.0,0.0,unknown,,1000.0,0.0,0.0,,{},,{},1000.0,0.0,1000.0,,unknown,0.0,{},,315.0,{},1000,0,1000,0
2024-05-18 11:00:00,37.47,37.56,37.35,37.48,58102.04,7.7e-05,73,0.0,0.0,unknown,,1000.0,0.0,0.0,,{},,{},1000.0,0.0,1000.0,,unknown,0.0,{},,316.0,{},1000,0,1000,0
2024-05-18 12:00:00,37.48,37.54,36.99,37.1,79074.29,7.7e-05,73,0.0,0.0,unknown,,1000.0,0.0,0.0,,{},,{},1000.0,0.0,1000.0,,unknown,0.0,{},,317.0,{},1000,0,1000,0
2024-05-18 13:00:00,37.1,37.32,36.96,37.04,63717.77,7.7e-05,73,0.0,0.0,unknown,,1000.0,0.0,0.0,,{},,{},1000.0,0.0,1000.0,,unknown,0.0,{},,318.0,{},1000,0,1000,0
2024-05-18 14:00:00,37.04,37.22,36.86,37.16,105078.76,7.7e-05,73,0.0,0.0,unknown,,1000.0,0.0,0.0,,{},,{},1000.0,0.0,1000.0,,unknown,0.0,{},,319.0,{},1000,0,1000,0
2024-05-18 15:00:00,37.17,37.52,37.15,37.34,58102.65,7.7e-05,73,0.0,0.0,unknown,,1000.0,0.0,0.0,,{},,{},1000.0,0.0,1000.0,,unknown,0.0,{},,320.0,{},1000,0,1000,0
2024-05-18 16:00:00,37.34,37.35,37.05,37.05,39172.39,0.0001,73,0.0,0.0,unknown,,1000.0,0.0,0.0,,{},,{},1000.0,0.0,1000.0,,unknown,0.0,{},,321.0,{},1000,0,1000,0
2024-05-18 17:00:00,37.05,37.29,37.04,37.16,36195.63,0.0001,73,0.0,0.0,unknown,,1000.0,0.0,0.0,,{},,{},1000.0,0.0,1000.0,,unknown,0.0,{},,322.0,{},1000,0,1000,0
2024-05-18 18:00:00,37.15,37.21,36.96,36.97,16972.54,0.0001,73,0.0,0.0,unknown,,1000.0,0.0,0.0,,{},,{},1000.0,0.0,1000.0,,unknown,0.0,{},,323.0,{},1000,0,1000,0
2024-05-18 19:00:00,36.97,37.1,36.91,37.06,27915.45,0.0001,73,0.0,0.0,unknown,,1000.0,0.0,0.0,,{},,{},1000.0,0.0,1000.0,,unknown,0.0,{},,324.0,{},1000,0,1000,0
2024-05-18 20:00:00,37.07,37.29,36.95,37.19,28736.18,0.0001,73,0.0,0.0,unknown,,1000.0,0.0,0.0,,{},,{},1000.0,0.0,1000.0,,unknown,0.0,{},,325.0,{},1000,0,1000,0
2024-05-18 21:00:00,37.19,37.28,37.04,37.15,27778.35,0.0001,73,0.0,0.0,unknown,,1000.0,0.0,0.0,,{},,{},1000.0,0.0,1000.0,,unknown,0.0,{},,326.0,{},1000,0,1000,0
2024-05-18 22:00:00,37.16,37.23,37.08,37.11,24849.8,0.0001,73,0.0,0.0,unknown,,1000.0,0.0,0.0,,{},,{},1000.0,0.0,1000.0,,unknown,0.0,{},,327.0,{},1000,0,1000,0
2024-05-18 23:00:00,37.12,37.28,37.08,37.24,20017.83,0.0001,73,0.0,0.0,unknown,,1000.0,0.0,0.0,,{},,{},1000.0,0.0,1000.0,,unknown,0.0,{},,328.0,{},1000,0,1000,0
2024-05-19 00:00:00,37.23,37.38,37.13,37.23,33476.9,0.0001,72,0.0,0.0,unknown,,1000.0,0.0,0.0,,{},,{},1000.0,0.0,1000.0,,unknown,0.0,{},,329.0,{},1000,0,1000,0
2024-05-19 01:00:00,37.23,37.57,37.23,37.42,35284.69,0.0001,72,0.0,0.0,unknown,,1000.0,0.0,0.0,,{},,{},1000.0,0.0,1000.0,,unknown,0.0,{},,330.0,{},1000,0,1000,0
2024-05-19 02:00:00,37.43,37.74,37.39,37.71,45966.14,0.0001,72,0.0,0.0,unknown,,1000.0,0.0,0.0,,{},,{},1000.0,0.0,1000.0,,unknown,0.0,{},,331.0,{},1000,0,1000,0
2024-05-19 03:00:00,37.72,37.76,37.37,37.47,54097.51,0.0001,72,0.0,0.0,unknown,,1000.0,0.0,0.0,,{},,{},1000.0,0.0,1000.0,,unknown,0.0,{},,332.0,{},1000,0,1000,0
2024-05-19 04:00:00,37.48,37.49,37.13,37.23,31593.66,0.0001,72,0.0,0.0,unknown,,1000.0,0.0,0.0,,{},,{},1000.0,0.0,1000.0,,unknown,0.0,{},,333.0,{},1000,0,1000,0
2024-05-19 05:00:00,37.23,37.26,37.01,37.02,21766.56,0.0001,72,0.0,0.0,unknown,,1000.0,0.0,0.0,,{},,{},1000.0,0.0,1000.0,,unknown,0.0,{},,334.0,{},1000,0,1000,0
2024-05-19 06:00:00,37.02,37.08,36.67,36.85,86925.56,0.0001,72,0.0,0.0,unknown,,1000.0,0.0,0.0,,{},,{},1000.0,0.0,1000.0,,unknown,0.0,{},,335.0,{},1000,0,1000,0
2024-05-19 07:00:00,36.86,36.96,36.72,36.9,30264.74,0.0001,72,0.0,0.0,unknown,,1000.0,0.0,0.0,,{},,{},1000.0,0.0,1000.0,,unknown,0.0,{},,336.0,{},1000,0,1000,0
2024-05-19 08:00:00,36.89,36.9,36.67,36.75,34054.62,7.3e-05,72,0.0,0.0,unknown,,1000.0,0.0,0.0,,{},,{},1000.0,0.0,1000.0,,unknown,0.0,{},,337.0,{},1000,0,1000,0
2024-05-19 09:00:00,36.75,36.78,36.54,36.68,25292.83,7.3e-05,72,0.0,0.0,unknown,,1000.0,0.0,0.0,,{},,{},1000.0,0.0,1000.0,,unknown,0.0,{},,338.0,{},1000,0,1000,0
2024-05-19 10:00:00,36.67,36.92,36.59,36.66,52621.65,7.3e-05,72,0.0,0.0,unknown,,1000.0,0.0,0.0,,{},,{},1000.0,0.0,1000.0,,unknown,0.0,{},,339.0,{},1000,0,1000,0
2024-05-19 11:00:00,36.65,36.68,36.36,36.64,69519.71,7.3e-05,72,0.0,0.0,unknown,,1000.0,0.0,0.0,,{},,{},1000.0,0.0,1000.0,,unknown,0.0,{},,340.0,{},1000,0,1000,0
2024-05-19 12:00:00,36.63,36.71,36.17,36.35,90786.95,7.3e-05,72,0.0,0.0,unknown,,1000.0,0.0,0.0,,{},,{},1000.0,0.0,1000.0,,unknown,0.0,{},,341.0,{},1000,0,1000,0
2024-05-19 13:00:00,36.34,36.39,35.97,36.19,63715.06,7.3e-05,72,0.0,0.0,unknown,,1000.0,0.0,0.0,,{},,{},1000.0,0.0,1000.0,,unknown,0.0,{},,342.0,{},1000,0,1000,0
2024-05-19 14:00:00,36.19,36.26,36.01,36.1,28942.3,7.3e-05,72,0.0,0.0,unknown,,1000.0,0.0,0.0,,{},,{},1000.0,0.0,1000.0,,unknown,0.0,{},,343.0,{},1000,0,1000,0
2024-05-19 15:00:00,36.1,36.11,35.79,35.96,62133.11,7.3e-05,72,0.0,0.0,unknown,,1000.0,0.0,0.0,,{},,{},1000.0,0.0,1000.0,,unknown,0.0,{},,344.0,{},1000,0,1000,0
2024-05-19 16:00:00,35.97,35.97,35.42,35.44,73119.94,0.0001,72,0.0,0.0,unknown,,1000.0,0.0,0.0,,{},,{},1000.0,0.0,1000.0,,unknown,0.0,{},,345.0,{},1000,0,1000,0
2024-05-19 17:00:00,35.44,35.89,35.37,35.67,67951.74,0.0001,72,0.0,0.0,unknown,,1000.0,0.0,0.0,,{},,{},1000.0,0.0,1000.0,,unknown,0.0,{},,346.0,{},1000,0,1000,0
2024-05-19 18:00:00,35.68,35.74,35.51,35.53,27783.43,0.0001,72,0.0,0.0,unknown,,1000.0,0.0,0.0,,{},,{},1000.0,0.0,1000.0,,unknown,0.0,{},,347.0,{},1000,0,1000,0
2024-05-19 19:00:00,35.54,35.83,35.46,35.57,65384.34,0.0001,72,0.0,0.0,unknown,,1000.0,0.0,0.0,,{},,{},1000.0,0.0,1000.0,,unknown,0.0,{},,348.0,{},1000,0,1000,0
2024-05-19 20:00:00,35.56,35.97,35.54,35.91,33153.74,0.0001,72,0.0,0.0,unknown,,1000.0,0.0,0.0,,{},,{},1000.0,0.0,1000.0,,unknown,0.0,{},,349.0,{},1000,0,1000,0
2024-05-19 21:00:00,35.91,35.97,35.44,35.62,39946.45,0.0001,72,0.0,0.0,unknown,,1000.0,0.0,0.0,,{},,{},1000.0,0.0,1000.0,,unknown,0.0,{},,350.0,{},1000,0,1000,0
2024-05-19 22:00:00,35.62,35.87,35.56,35.85,16512.9,0.0001,72,0.0,0.0,unknown,,1000.0,0.0,0.0,,{},,{},1000.0,0.0,1000.0,,unknown,0.0,{},,351.0,{},1000,0,1000,0
2024-05-19 23:00:00,35.86,35.86,35.55,35.6,18679.96,0.0001,72,0.0,0.0,unknown,,1000.0,0.0,0.0,,{},,{},1000.0,0.0,1000.0,,unknown,0.0,{},,352.0,{},1000,0,1000,0
2024-05-20 00:00:00,35.6,35.82,35.45,35.64,33456.4,0.0001,70,0.0,0.0,unknown,,1000.0,0.0,0.0,,{},,{},1000.0,0.0,1000.0,,unknown,0.0,{},,353.0,{},1000,0,1000,0
2024-05-20 01:00:00,35.64,35.71,35.15,35.61,82089.79,0.0001,70,0.0,0.0,unknown,,1000.0,0.0,0.0,,{},,{},1000.0,0.0,1000.0,,unknown,0.0,{},,354.0,{},1000,0,1000,0
2024-05-20 02:00:00,35.61,36.16,35.58,36.02,44081.14,0.0001,70,0.0,0.0,unknown,,1000.0,0.0,0.0,,{},,{},1000.0,0.0,1000.0,,unknown,0.0,{},,355.0,{},1000,0,1000,0
2024-05-20 03:00:00,36.02,36.1,35.45,35.67,69936.19,0.0001,70,0.0,0.0,unknown,,1000.0,0.0,0.0,,{},,{},1000.0,0.0,1000.0,,unknown,0.0,{},,356.0,{},1000,0,1000,0
2024-05-20 04:00:00,35.66,36.27,35.6,36.17,53418.91,0.0001,70,0.0,0.0,unknown,,1000.0,0.0,0.0,,{},,{},1000.0,0.0,1000.0,,unknown,0.0,{},,357.0,{},1000,0,1000,0
2024-05-20 05:00:00,36.17,36.64,36.17,36.49,84985.88,0.0001,70,0.0,0.0,unknown,,1000.0,0.0,0.0,,{},,{},1000.0,0.0,1000.0,,unknown,0.0,{},,358.0,{},1000,0,1000,0
2024-05-20 06:00:00,36.49,36.54,35.38,35.57,99124.93,0.0001,70,0.0,0.0,unknown,,1000.0,0.0,0.0,,{},,{},1000.0,0.0,1000.0,,unknown,0.0,{},,359.0,{},1000,0,1000,0
2024-05-20 07:00:00,35.58,36.13,35.49,36.05,73415.57,0.0001,70,0.0,0.0,unknown,,1000.0,0.0,0.0,,{},,{},1000.0,0.0,1000.0,,unknown,0.0,{},,360.0,{},1000,0,1000,0
2024-05-20 08:00:00,36.06,36.3,36.05,36.16,52492.84,8e-05,70,0.0,0.0,unknown,,1000.0,0.0,0.0,,{},,{},1000.0,0.0,1000.0,,unknown,0.0,{},,361.0,{},1000,0,1000,0
2024-05-20 09:00:00,36.16,36.3,35.95,35.97,32776.08,8e-05,70,0.0,0.0,unknown,,1000.0,0.0,0.0,,{},,{},1000.0,0.0,1000.0,,unknown,0.0,{},,362.0,{},1000,0,1000,0
2024-05-20 10:00:00,35.97,36.15,35.89,36.02,52902.19,8e-05,70,0.0,0.0,unknown,,1000.0,0.0,0.0,,{},,{},1000.0,0.0,1000.0,,unknown,0.0,{},,363.0,{},1000,0,1000,0
2024-05-20 11:00:00,36.02,36.31,35.89,36.01,66428.15,8e-05,70,0.0,0.0,unknown,,1000.0,0.0,0.0,,{},,{},1000.0,0.0,1000.0,,unknown,0.0,{},,364.0,{},1000,0,1000,0
2024-05-20 12:00:00,36.01,36.15,35.77,35.82,49512.74,8e-05,70,0.0,0.0,unknown,,1000.0,0.0,0.0,,{},,{},1000.0,0.0,1000.0,,unknown,0.0,{},,365.0,{},1000,0,1000,0
2024-05-20 13:00:00,35.82,35.97,35.68,35.95,43072.19,8e-05,70,0.0,0.0,unknown,,1000.0,0.0,0.0,,{},,{},1000.0,0.0,1000.0,,unknown,0.0,{},,366.0,{},1000,0,1000,0
2024-05-20 14:00:00,35.95,35.97,35.7,35.86,53606.08,8e-05,70,0.0,0.0,unknown,,1000.0,0.0,0.0,,{},,{},1000.0,0.0,1000.0,,unknown,0.0,{},,367.0,{},1000,0,1000,0
2024-05-20 15:00:00,35.88,36.68,35.8,36.66,92463.15,8e-05,70,0.0,0.0,unknown,,1000.0,0.0,0.0,,{},,{},1000.0,0.0,1000.0,,unknown,0.0,{},,368.0,{},1000,0,1000,0
2024-05-20 16:00:00,36.66,37.11,36.5,36.82,164339.26,8e-05,70,0.0,0.0,unknown,,1000.0,0.0,0.0,,{},,{},1000.0,0.0,1000.0,,unknown,0.0,{},,369.0,{},1000,0,1000,0
2024-05-20 17:00:00,36.82,37.08,36.63,36.91,100096.75,0.0001,70,0.0,0.0,unknown,,1000.0,0.0,0.0,,{},,{},1000.0,0.0,1000.0,,unknown,0.0,{},,370.0,{},1000,0,1000,0
2024-05-20 18:00:00,36.93,37.25,36.85,37.07,88632.17,0.0001,70,0.0,0.0,unknown,,1000.0,0.0,0.0,,{},,{},1000.0,0.0,1000.0,,unknown,0.0,{},,371.0,{},1000,0,1000,0
2024-05-20 19:00:00,37.07,38.78,36.92,38.67,413485.71,0.0001,70,0.0,0.0,unknown,,1000.0,0.0,0.0,,{},,{},1000.0,0.0,1000.0,,unknown,0.0,{},,372.0,{},1000,0,1000,0
2024-05-20 20:00:00,38.67,38.91,38.07,38.46,348458.28,0.0001,70,0.0,0.0,unknown,,1000.0,0.0,0.0,,{},,{},1000.0,0.0,1000.0,,unknown,0.0,{},,373.0,{},1000,0,1000,0
2024-05-20 21:00:00,38.47,38.96,38.06,38.95,214607.82,0.0001,70,0.0,0.0,unknown,,1000.0,0.0,0.0,,{},,{},1000.0,0.0,1000.0,,unknown,0.0,{},,374.0,{},1000,0,1000,0
2024-05-20 22:00:00,38.95,39.5,38.84,39.4,253982.32,0.0001,70,0.0,0.0,unknown,,1000.0,0.0,0.0,,{},,{},1000.0,0.0,1000.0,,unknown,0.0,{},,375.0,{},1000,0,1000,0
2024-05-20 23:00:00,39.39,40.35,39.18,40.13,286413.44,0.0001,70,0.0,0.0,unknown,,1000.0,0.0,0.0,,{},,{},1000.0,0.0,1000.0,,unknown,0.0,{},,376.0,{},1000,0,1000,0
2024-05-21 00:00:00,40.13,41.01,40.12,40.49,226471.47,0.0001,76,0.0,0.0,unknown,,1000.0,0.0,0.0,,{},,{},1000.0,0.0,1000.0,,unknown,0.0,{},,377.0,{},1000,0,1000,0
2024-05-21 01:00:00,40.49,40.52,39.66,39.94,172218.46,0.0001,76,0.0,0.0,unknown,,1000.0,0.0,0.0,,{},,{},1000.0,0.0,1000.0,,unknown,0.0,{},,378.0,{},1000,0,1000,0
2024-05-21 02:00:00,39.94,40.1,39.71,39.79,82444.78,0.0001,76,0.0,0.0,unknown,,1000.0,0.0,0.0,,{},,{},1000.0,0.0,1000.0,,unknown,0.0,{},,379.0,{},1000,0,1000,0
2024-05-21 03:00:00,39.79,39.99,39.71,39.76,40968.73,0.0001,76,0.0,0.0,unknown,,1000.0,0.0,0.0,,{},,{},1000.0,0.0,1000.0,,unknown,0.0,{},,380.0,{},1000,0,1000,0
2024-05-21 04:00:00,39.76,40.85,39.76,40.21,197659.16,0.0001,76,0.0,0.0,unknown,,1000.0,0.0,0.0,,{},,{},1000.0,0.0,1000.0,,unknown,0.0,{},,381.0,{},1000,0,1000,0
2024-05-21 05:00:00,40.22,41.19,40.21,40.98,293021.56,0.0001,76,0.0,0.0,unknown,,1000.0,0.0,0.0,,{},,{},1000.0,0.0,1000.0,,unknown,0.0,{},,382.0,{},1000,0,1000,0
2024-05-21 06:00:00,40.99,41.08,40.53,40.71,138784.07,0.0001,76,0.0,0.0,unknown,,1000.0,0.0,0.0,,{},,{},1000.0,0.0,1000.0,,unknown,0.0,{},,383.0,{},1000,0,1000,0
2024-05-21 07:00:00,40.72,40.76,40.41,40.71,70983.07,0.0001,76,0.0,0.0,unknown,,1000.0,0.0,0.0,,{},,{},1000.0,0.0,1000.0,,unknown,0.0,{},,384.0,{},1000,0,1000,0
2024-05-21 08:00:00,40.68,40.74,40.32,40.44,78431.1,0.0001,76,0.0,0.0,unknown,,1000.0,0.0,0.0,,{},,{},1000.0,0.0,1000.0,,unknown,0.0,{},,385.0,{},1000,0,1000,0
2024-05-21 09:00:00,40.44,40.63,40.26,40.59,72413.47,0.0001,76,0.0,0.0,unknown,,1000.0,0.0,0.0,,{},,{},1000.0,0.0,1000.0,,unknown,0.0,{},,386.0,{},1000,0,1000,0
2024-05-21 10:00:00,40.59,40.78,40.42,40.58,90651.8,0.0001,76,0.0,0.0,unknown,,1000.0,0.0,0.0,,{},,{},1000.0,0.0,1000.0,,unknown,0.0,{},,387.0,{},1000,0,1000,0
2024-05-21 11:00:00,40.57,40.8,40.35,40.4,117489.06,0.0001,76,0.0,0.0,unknown,,1000.0,0.0,0.0,,{},,{},1000.0,0.0,1000.0,,unknown,0.0,{},,388.0,{},1000,0,1000,0
2024-05-21 12:00:00,40.39,40.91,40.17,40.71,148442.9,0.0001,76,0.0,0.0,unknown,,1000.0,0.0,0.0,,{},,{},1000.0,0.0,1000.0,,unknown,0.0,{},,389.0,{},1000,0,1000,0
2024-05-21 13:00:00,40.72,41.42,40.51,40.54,235232.14,0.0001,76,0.0,0.0,unknown,,1000.0,0.0,0.0,,{},,{},1000.0,0.0,1000.0,,unknown,0.0,{},,390.0,{},1000,0,1000,0
2024-05-21 14:00:00,40.53,41.09,40.43,40.52,145341.43,0.0001,76,0.0,0.0,unknown,,1000.0,0.0,0.0,,{},,{},1000.0,0.0,1000.0,,unknown,0.0,{},,391.0,{},1000,0,1000,0
2024-05-21 15:00:00,40.52,40.94,40.01,40.15,153591.06,0.0001,76,0.0,0.0,unknown,,1000.0,0.0,0.0,,{},,{},1000.0,0.0,1000.0,,unknown,0.0,{},,392.0,{},1000,0,1000,0
2024-05-21 16:00:00,40.15,40.99,40.01,40.88,144469.16,0.0001,76,0.0,0.0,unknown,,1000.0,0.0,0.0,,{},,{},1000.0,0.0,1000.0,,unknown,0.0,{},,393.0,{},1000,0,1000,0
2024-05-21 17:00:00,40.88,41.27,40.75,41.15,150817.5,0.0001,76,0.0,0.0,unknown,,1000.0,0.0,0.0,,{},,{},1000.0,0.0,1000.0,,unknown,0.0,{},,394.0,{},1000,0,1000,0
2024-05-21 18:00:00,41.16,41.34,40.82,40.9,82540.98,0.0001,76,0.0,0.0,unknown,,1000.0,0.0,0.0,,{},,{},1000.0,0.0,1000.0,,unknown,0.0,{},,395.0,{},1000,0,1000,0
2024-05-21 19:00:00,40.9,41.02,40.18,40.4,128643.49,0.0001,76,0.0,0.0,unknown,,1000.0,0.0,0.0,,{},,{},1000.0,0.0,1000.0,,unknown,0.0,{},,396.0,{},1000,0,1000,0
2024-05-21 20:00:00,40.41,40.99,40.4,40.85,62678.48,0.0001,76,0.0,0.0,unknown,,1000.0,0.0,0.0,,{},,{},1000.0,0.0,1000.0,,unknown,0.0,{},,397.0,{},1000,0,1000,0
2024-05-21 21:00:00,40.85,40.86,40.5,40.8,69711.37,0.0001,76,0.0,0.0,unknown,,1000.0,0.0,0.0,,{},,{},1000.0,0.0,1000.0,,unknown,0.0,{},,398.0,{},1000,0,1000,0
2024-05-21 22:00:00,40.82,41.32,40.82,41.28,85329.41,0.0001,76,0.0,0.0,unknown,,1000.0,0.0,0.0,,{},,{},1000.0,0.0,1000.0,,unknown,0.0,{},,399.0,{},1000,0,1000,0
2024-05-21 23:00:00,41.29,41.29,40.99,41.2,51068.96,0.0001,76,0.0,0.0,unknown,,1000.0,0.0,0.0,,{},,{},1000.0,0.0,1000.0,,unknown,0.0,{},,400.0,{},1000,0,1000,0
2024-05-22 00:00:00,41.19,41.36,40.96,41.02,51029.89,0.0001,76,0.0,0.0,unknown,,1000.0,0.0,0.0,,{},,{},1000.0,0.0,1000.0,,unknown,0.0,{},,401.0,{},1000,0,1000,0
2024-05-22 01:00:00,41.03,41.45,40.95,41.22,69073.22,0.0001,76,0.0,0.0,unknown,,1000.0,0.0,0.0,,{},,{},1000.0,0.0,1000.0,,unknown,0.0,{},,402.0,{},1000,0,1000,0
2024-05-22 02:00:00,41.23,41.25,40.94,40.98,37599.99,0.0001,76,0.0,0.0,unknown,,1000.0,0.0,0.0,,{},,{},1000.0,0.0,1000.0,,unknown,0.0,{},,403.0,{},1000,0,1000,0
2024-05-22 03:00:00,40.98,40.98,40.57,40.76,47674.51,0.0001,76,0.0,0.0,unknown,,1000.0,0.0,0.0,,{},,{},1000.0,0.0,1000.0,,unknown,0.0,{},,404.0,{},1000,0,1000,0
2024-05-22 04:00:00,40.76,40.87,40.19,40.72,92645.48,0.0001,76,0.0,0.0,unknown,,1000.0,0.0,0.0,,{},,{},1000.0,0.0,1000.0,,unknown,0.0,{},,405.0,{},1000,0,1000,0
2024-05-22 05:00:00,40.71,41.56,40.69,41.44,127472.49,0.0001,76,0.0,0.0,unknown,,1000.0,0.0,0.0,,{},,{},1000.0,0.0,1000.0,,unknown,0.0,{},,406.0,{},1000,0,1000,0
2024-05-22 06:00:00,41.44,41.8,41.23,41.37,86494.45,0.0001,76,0.0,0.0,unknown,,1000.0,0.0,0.0,,{},,{},1000.0,0.0,1000.0,,unknown,0.0,{},,407.0,{},1000,0,1000,0
2024-05-22 07:00:00,41.38,41.5,40.88,41.01,87988.01,0.0001,76,0.0,0.0,unknown,,1000.0,0.0,0.0,,{},,{},1000.0,0.0,1000.0,,unknown,0.0,{},,408.0,{},1000,0,1000,0
2024-05-22 08:00:00,41.0,41.31,40.8,41.23,63593.82,0.0001,76,0.0,0.0,unknown,,1000.0,0.0,0.0,,{},,{},1000.0,0.0,1000.0,,unknown,0.0,{},,409.0,{},1000,0,1000,0
2024-05-22 09:00:00,41.23,41.4,40.87,40.97,70150.73,0.0001,76,0.0,0.0,unknown,,1000.0,0.0,0.0,,{},,{},1000.0,0.0,1000.0,,unknown,0.0,{},,410.0,{},1000,0,1000,0
2024-05-22 10:00:00,40.97,41.11,40.86,40.92,48568.45,0.0001,76,0.0,0.0,unknown,,1000.0,0.0,0.0,,{},,{},1000.0,0.0,1000.0,,unknown,0.0,{},,411.0,{},1000,0,1000,0
2024-05-22 11:00:00,40.93,40.97,40.31,40.31,78121.49,0.0001,76,0.0,0.0,unknown,,1000.0,0.0,0.0,,{},,{},1000.0,0.0,1000.0,,unknown,0.0,{},,412.0,{},1000,0,1000,0
2024-05-22 12:00:00,40.32,40.54,39.19,39.31,248357.87,0.0001,76,0.0,0.0,unknown,,1000.0,0.0,0.0,,{},,{},1000.0,0.0,1000.0,,unknown,0.0,{},,413.0,{},1000,0,1000,0
2024-05-22 13:00:00,39.31,39.97,39.27,39.92,147549.86,0.0001,76,0.0,0.0,unknown,,1000.0,0.0,0.0,,{},,{},1000.0,0.0,1000.0,,unknown,0.0,{},,414.0,{},1000,0,1000,0
2024-05-22 14:00:00,39.91,40.22,39.7,40.0,136661.61,0.0001,76,0.0,0.0,unknown,,1000.0,0.0,0.0,,{},,{},1000.0,0.0,1000.0,,unknown,0.0,{},,415.0,{},1000,0,1000,0
2024-05-22 15:00:00,39.99,40.83,39.83,40.39,117332.38,0.0001,76,0.0,0.0,unknown,,1000.0,0.0,0.0,,{},,{},1000.0,0.0,1000.0,,unknown,0.0,{},,416.0,{},1000,0,1000,0
2024-05-22 16:00:00,40.39,40.49,40.06,40.19,97668.37,0.0001,76,0.0,0.0,unknown,,1000.0,0.0,0.0,,{},,{},1000.0,0.0,1000.0,,unknown,0.0,{},,417.0,{},1000,0,1000,0
2024-05-22 17:00:00,40.19,40.48,39.76,39.94,115314.22,0.0001,76,0.0,0.0,unknown,,1000.0,0.0,0.0,,{},,{},1000.0,0.0,1000.0,,unknown,0.0,{},,418.0,{},1000,0,1000,0
2024-05-22 18:00:00,39.94,40.01,39.43,39.74,113671.06,0.0001,76,0.0,0.0,unknown,,1000.0,0.0,0.0,,{},,{},1000.0,0.0,1000.0,,unknown,0.0,{},,419.0,{},1000,0,1000,0
2024-05-22 19:00:00,39.72,40.0,39.7,39.99,43223.54,0.0001,76,0.0,0.0,unknown,,1000.0,0.0,0.0,,{},,{},1000.0,0.0,1000.0,,unknown,0.0,{},,420.0,{},1000,0,1000,0
2024-05-22 20:00:00,40.0,40.38,39.72,39.82,93634.14,0.0001,76,0.0,0.0,unknown,,1000.0,0.0,0.0,,{},,{},1000.0,0.0,1000.0,,unknown,0.0,{},,421.0,{},1000,0,1000,0
2024-05-22 21:00:00,39.8,40.33,39.54,40.32,74901.24,0.0001,76,0.0,0.0,unknown,,1000.0,0.0,0.0,,{},,{},1000.0,0.0,1000.0,,unknown,0.0,{},,422.0,{},1000,0,1000,0
2024-05-22 22:00:00,40.32,40.34,39.99,40.05,41369.13,0.0001,76,0.0,0.0,unknown,,1000.0,0.0,0.0,,{},,{},1000.0,0.0,1000.0,,unknown,0.0,{},,423.0,{},1000,0,1000,0
2024-05-22 23:00:00,40.04,40.05,39.9,40.0,26736.52,0.0001,76,0.0,0.0,unknown,,1000.0,0.0,0.0,,{},,{},1000.0,0.0,1000.0,,unknown,0.0,{},,424.0,{},1000,0,1000,0
2024-05-23 00:00:00,40.01,40.34,40.0,40.15,39028.89,0.000119,76,0.0,0.0,unknown,,1000.0,0.0,0.0,,{},,{},1000.0,0.0,1000.0,,unknown,0.0,{},,425.0,{},1000,0,1000,0
2024-05-23 01:00:00,40.14,40.27,39.77,40.12,46933.91,0.000119,76,0.0,0.0,unknown,,1000.0,0.0,0.0,,{},,{},1000.0,0.0,1000.0,,unknown,0.0,{},,426.0,{},1000,0,1000,0
2024-05-23 02:00:00,40.12,40.22,40.0,40.15,18108.02,0.000119,76,0.0,0.0,unknown,,1000.0,0.0,0.0,,{},,{},1000.0,0.0,1000.0,,unknown,0.0,{},,427.0,{},1000,0,1000,0
2024-05-23 03:00:00,40.15,40.3,39.67,40.1,126282.22,0.000119,76,0.0,0.0,unknown,,1000.0,0.0,0.0,,{},,{},1000.0,0.0,1000.0,,unknown,0.0,{},,428.0,{},1000,0,1000,0
2024-05-23 04:00:00,40.09,40.11,39.81,39.9,28046.05,0.000119,76,0.0,0.0,unknown,,1000.0,0.0,0.0,,{},,{},1000.0,0.0,1000.0,,unknown,0.0,{},,429.0,{},1000,0,1000,0
2024-05-23 05:00:00,39.91,39.98,39.6,39.71,38426.91,0.000119,76,0.0,0.0,unknown,,1000.0,0.0,0.0,,{},,{},1000.0,0.0,1000.0,,unknown,0.0,{},,430.0,{},1000,0,1000,0
2024-05-23 06:00:00,39.71,40.03,39.52,39.94,52554.13,0.000119,76,0.0,0.0,unknown,,1000.0,0.0,0.0,,{},,{},1000.0,0.0,1000.0,,unknown,0.0,{},,431.0,{},1000,0,1000,0
2024-05-23 07:00:00,39.94,40.21,39.76,39.99,61245.0,0.000119,76,0.0,0.0,unknown,,1000.0,0.0,0.0,,{},,{},1000.0,0.0,1000.0,,unknown,0.0,{},,432.0,{},1000,0,1000,0
2024-05-23 08:00:00,39.98,40.01,39.7,39.79,32797.83,0.00014,76,0.0,0.0,unknown,,1000.0,0.0,0.0,,{},,{},1000.0,0.0,1000.0,,unknown,0.0,{},,433.0,{},1000,0,1000,0
2024-05-23 09:00:00,39.79,40.37,39.54,40.14,136589.22,0.00014,76,0.0,0.0,unknown,,1000.0,0.0,0.0,,{},,{},1000.0,0.0,1000.0,,unknown,0.0,{},,434.0,{},1000,0,1000,0
2024-05-23 10:00:00,40.14,40.2,39.62,39.65,63948.17,0.00014,76,0.0,0.0,unknown,,1000.0,0.0,0.0,,{},,{},1000.0,0.0,1000.0,,unknown,0.0,{},,435.0,{},1000,0,1000,0
2024-05-23 11:00:00,39.66,40.22,39.66,40.2,97567.85,0.00014,76,0.0,0.0,unknown,,1000.0,0.0,0.0,,{},,{},1000.0,0.0,1000.0,,unknown,0.0,{},,436.0,{},1000,0,1000,0
2024-05-23 12:00:00,40.2,40.47,38.76,39.48,225163.51,0.00014,76,0.0,0.0,unknown,,1000.0,0.0,0.0,,{},,{},1000.0,0.0,1000.0,,unknown,0.0,{},,437.0,{},1000,0,1000,0
2024-05-23 13:00:00,39.49,39.63,37.74,38.23,464030.9,0.00014,76,0.0,0.0,unknown,,1000.0,0.0,0.0,,{},,{},1000.0,0.0,1000.0,,unknown,0.0,{},,438.0,{},1000,0,1000,0
2024-05-23 14:00:00,38.22,38.71,37.87,37.98,154750.24,0.00014,76,0.0,0.0,unknown,,1000.0,0.0,0.0,,{},,{},1000.0,0.0,1000.0,,unknown,0.0,{},,439.0,{},1000,0,1000,0
2024-05-23 15:00:00,37.99,38.56,37.95,38.37,71410.81,0.00014,76,0.0,0.0,unknown,,1000.0,0.0,0.0,,{},,{},1000.0,0.0,1000.0,,unknown,0.0,{},,440.0,{},1000,0,1000,0
2024-05-23 16:00:00,38.36,38.41,37.83,38.09,108784.16,0.0001,76,0.0,0.0,unknown,,1000.0,0.0,0.0,,{},,{},1000.0,0.0,1000.0,,unknown,0.0,{},,441.0,{},1000,0,1000,0
2024-05-23 17:00:00,38.09,38.31,37.85,37.86,99924.95,0.0001,76,0.0,0.0,unknown,,1000.0,0.0,0.0,,{},,{},1000.0,0.0,1000.0,,unknown,0.0,{},,442.0,{},1000,0,1000,0
2024-05-23 18:00:00,37.86,37.96,37.29,37.73,184661.82,0.0001,76,0.0,0.0,unknown,,1000.0,0.0,0.0,,{},,{},1000.0,0.0,1000.0,,unknown,0.0,{},,443.0,{},1000,0,1000,0
2024-05-23 19:00:00,37.72,38.14,37.4,37.53,128224.76,0.0001,76,0.0,0.0,unknown,,1000.0,0.0,0.0,,{},,{},1000.0,0.0,1000.0,,unknown,0.0,{},,444.0,{},1000,0,1000,0
2024-05-23 20:00:00,37.53,37.63,36.37,37.54,373440.68,0.0001,76,0.0,0.0,unknown,,1000.0,0.0,0.0,,{},,{},1000.0,0.0,1000.0,,unknown,0.0,{},,445.0,{},1000,0,1000,0
2024-05-23 21:00:00,37.53,38.78,37.52,38.76,442332.08,0.0001,76,0.0,0.0,unknown,,1000.0,0.0,0.0,,{},,{},1000.0,0.0,1000.0,,unknown,0.0,{},,446.0,{},1000,0,1000,0
2024-05-23 22:00:00,38.77,38.81,38.24,38.32,80854.88,0.0001,76,0.0,0.0,unknown,,1000.0,0.0,0.0,,{},,{},1000.0,0.0,1000.0,,unknown,0.0,{},,447.0,{},1000,0,1000,0
2024-05-23 23:00:00,38.33,38.69,38.22,38.52,50801.91,0.0001,76,0.0,0.0,unknown,,1000.0,0.0,0.0,,{},,{},1000.0,0.0,1000.0,,unknown,0.0,{},,448.0,{},1000,0,1000,0
2024-05-24 00:00:00,38.52,38.78,38.32,38.65,49119.77,0.0001,74,0.0,0.0,unknown,,1000.0,0.0,0.0,,{},,{},1000.0,0.0,1000.0,,unknown,0.0,{},,449.0,{},1000,0,1000,0
2024-05-24 01:00:00,38.65,38.75,38.43,38.7,25885.05,0.0001,74,0.0,0.0,unknown,,1000.0,0.0,0.0,,{},,{},1000.0,0.0,1000.0,,unknown,0.0,{},,450.0,{},1000,0,1000,0
2024-05-24 02:00:00,38.7,38.94,38.49,38.86,41662.26,0.0001,74,0.0,0.0,unknown,,1000.0,0.0,0.0,,{},,{},1000.0,0.0,1000.0,,unknown,0.0,{},,451.0,{},1000,0,1000,0
2024-05-24 03:00:00,38.85,39.0,38.68,38.91,44562.55,0.0001,74,0.0,0.0,unknown,,1000.0,0.0,0.0,,{},,{},1000.0,0.0,1000.0,,unknown,0.0,{},,452.0,{},1000,0,1000,0
2024-05-24 04:00:00,38.91,38.99,38.67,38.68,41166.26,0.0001,74,0.0,0.0,unknown,,1000.0,0.0,0.0,,{},,{},1000.0,0.0,1000.0,,unknown,0.0,{},,453.0,{},1000,0,1000,0
2024-05-24 05:00:00,38.67,38.71,37.83,38.16,154748.38,0.0001,74,0.0,0.0,unknown,,1000.0,0.0,0.0,,{},,{},1000.0,0.0,1000.0,,unknown,0.0,{},,454.0,{},1000,0,1000,0
2024-05-24 06:00:00,38.15,38.28,37.49,37.5,97391.52,0.0001,74,0.0,0.0,unknown,,1000.0,0.0,0.0,,{},,{},1000.0,0.0,1000.0,,unknown,0.0,{},,455.0,{},1000,0,1000,0
2024-05-24 07:00:00,37.5,37.75,37.0,37.66,110672.01,0.0001,74,0.0,0.0,unknown,,1000.0,0.0,0.0,,{},,{},1000.0,0.0,1000.0,,unknown,0.0,{},,456.0,{},1000,0,1000,0
2024-05-24 08:00:00,37.66,37.68,36.91,37.45,67703.63,0.0001,74,0.0,0.0,unknown,,1000.0,0.0,0.0,,{},,{},1000.0,0.0,1000.0,,unknown,0.0,{},,457.0,{},1000,0,1000,0
2024-05-24 09:00:00,37.44,37.62,37.18,37.54,44025.12,0.0001,74,0.0,0.0,unknown,,1000.0,0.0,0.0,,{},,{},1000.0,0.0,1000.0,,unknown,0.0,{},,458.0,{},1000,0,1000,0
2024-05-24 10:00:00,37.54,37.71,37.4,37.56,40984.25,0.0001,74,0.0,0.0,unknown,,1000.0,0.0,0.0,,{},,{},1000.0,0.0,1000.0,,unknown,0.0,{},,459.0,{},1000,0,1000,0
2024-05-24 11:00:00,37.57,37.94,37.54,37.88,46855.51,0.0001,74,0.0,0.0,unknown,,1000.0,0.0,0.0,,{},,{},1000.0,0.0,1000.0,,unknown,0.0,{},,460.0,{},1000,0,1000,0
2024-05-24 12:00:00,37.87,38.08,37.71,37.84,51023.92,0.0001,74,0.0,0.0,unknown,,1000.0,0.0,0.0,,{},,{},1000.0,0.0,1000.0,,unknown,0.0,{},,461.0,{},1000,0,1000,0
2024-05-24 13:00:00,37.83,37.9,37.55,37.59,51056.29,0.0001,74,0.0,0.0,unknown,,1000.0,0.0,0.0,,{},,{},1000.0,0.0,1000.0,,unknown,0.0,{},,462.0,{},1000,0,1000,0
2024-05-24 14:00:00,37.59,38.32,37.53,38.19,78597.13,0.0001,74,0.0,0.0,unknown,,1000.0,0.0,0.0,,{},,{},1000.0,0.0,1000.0,,unknown,0.0,{},,463.0,{},1000,0,1000,0
2024-05-24 15:00:00,38.19,38.58,38.03,38.18,77853.08,0.0001,74,0.0,0.0,unknown,,1000.0,0.0,0.0,,{},,{},1000.0,0.0,1000.0,,unknown,0.0,{},,464.0,{},1000,0,1000,0
2024-05-24 16:00:00,38.17,38.17,37.68,37.77,60806.52,0.0001,74,0.0,0.0,unknown,,1000.0,0.0,0.0,,{},,{},1000.0,0.0,1000.0,,unknown,0.0,{},,465.0,{},1000,0,1000,0
2024-05-24 17:00:00,37.77,38.2,37.75,38.2,49128.5,0.0001,74,0.0,0.0,unknown,,1000.0,0.0,0.0,,{},,{},1000.0,0.0,1000.0,,unknown,0.0,{},,466.0,{},1000,0,1000,0
2024-05-24 18:00:00,38.21,38.73,38.1,38.16,68542.84,0.0001,74,0.0,0.0,unknown,,1000.0,0.0,0.0,,{},,{},1000.0,0.0,1000.0,,unknown,0.0,{},,467.0,{},1000,0,1000,0
2024-05-24 19:00:00,38.16,38.4,38.09,38.39,42464.09,0.0001,74,0.0,0.0,unknown,,1000.0,0.0,0.0,,{},,{},1000.0,0.0,1000.0,,unknown,0.0,{},,468.0,{},1000,0,1000,0
2024-05-24 20:00:00,38.38,38.52,38.12,38.12,39477.96,0.0001,74,0.0,0.0,unknown,,1000.0,0.0,0.0,,{},,{},1000.0,0.0,1000.0,,unknown,0.0,{},,469.0,{},1000,0,1000,0
2024-05-24 21:00:00,38.11,38.22,37.88,37.98,35190.07,0.0001,74,0.0,0.0,unknown,,1000.0,0.0,0.0,,{},,{},1000.0,0.0,1000.0,,unknown,0.0,{},,470.0,{},1000,0,1000,0
2024-05-24 22:00:00,37.99,38.08,37.89,37.97,24884.29,0.0001,74,0.0,0.0,unknown,,1000.0,0.0,0.0,,{},,{},1000.0,0.0,1000.0,,unknown,0.0,{},,471.0,{},1000,0,1000,0
2024-05-24 23:00:00,37.96,38.07,37.88,38.01,19726.65,0.0001,74,0.0,0.0,unknown,,1000.0,0.0,0.0,,{},,{},1000.0,0.0,1000.0,,unknown,0.0,{},,472.0,{},1000,0,1000,0
2024-05-25 00:00:00,38.01,38.06,37.81,37.81,37705.95,0.0001,76,0.0,0.0,unknown,,1000.0,0.0,0.0,,{},,{},1000.0,0.0,1000.0,,unknown,0.0,{},,473.0,{},1000,0,1000,0
2024-05-25 01:00:00,37.8,38.16,37.79,38.04,29742.14,0.0001,76,0.0,0.0,unknown,,1000.0,0.0,0.0,,{},,{},1000.0,0.0,1000.0,,unknown,0.0,{},,474.0,{},1000,0,1000,0
2024-05-25 02:00:00,38.02,38.22,38.0,38.19,26621.7,0.0001,76,0.0,0.0,unknown,,1000.0,0.0,0.0,,{},,{},1000.0,0.0,1000.0,,unknown,0.0,{},,475.0,{},1000,0,1000,0
2024-05-25 03:00:00,38.18,38.26,38.08,38.25,31730.36,0.0001,76,0.0,0.0,unknown,,1000.0,0.0,0.0,,{},,{},1000.0,0.0,1000.0,,unknown,0.0,{},,476.0,{},1000,0,1000,0
2024-05-25 04:00:00,38.25,38.57,38.24,38.48,34985.07,0.0001,76,0.0,0.0,unknown,,1000.0,0.0,0.0,,{},,{},1000.0,0.0,1000.0,,unknown,0.0,{},,477.0,{},1000,0,1000,0
2024-05-25 05:00:00,38.48,38.59,38.29,38.39,22641.73,0.0001,76,0.0,0.0,unknown,,1000.0,0.0,0.0,,{},,{},1000.0,0.0,1000.0,,unknown,0.0,{},,478.0,{},1000,0,1000,0
2024-05-25 06:00:00,38.39,38.39,38.11,38.19,23832.71,0.0001,76,0.0,0.0,unknown,,1000.0,0.0,0.0,,{},,{},1000.0,0.0,1000.0,,unknown,0.0,{},,479.0,{},1000,0,1000,0
2024-05-25 07:00:00,38.19,38.41,38.16,38.37,26320.52,0.0001,76,0.0,0.0,unknown,,1000.0,0.0,0.0,,{},,{},1000.0,0.0,1000.0,,unknown,0.0,{},,480.0,{},1000,0,1000,0
2024-05-25 08:00:00,38.37,38.39,38.21,38.23,26847.1,0.0001,76,0.0,0.0,unknown,,1000.0,0.0,0.0,,{},,{},1000.0,0.0,1000.0,,unknown,0.0,{},,481.0,{},1000,0,1000,0
2024-05-25 09:00:00,38.23,38.49,38.19,38.47,33365.84,0.0001,76,0.0,0.0,unknown,,1000.0,0.0,0.0,,{},,{},1000.0,0.0,1000.0,,unknown,0.0,{},,482.0,{},1000,0,1000,0
2024-05-25 10:00:00,38.47,38.55,38.35,38.51,31286.57,0.0001,76,0.0,0.0,unknown,,1000.0,0.0,0.0,,{},,{},1000.0,0.0,1000.0,,unknown,0.0,{},,483.0,{},1000,0,1000,0
2024-05-25 11:00:00,38.52,38.72,38.34,38.35,60956.16,0.0001,76,0.0,0.0,unknown,,1000.0,0.0,0.0,,{},,{},1000.0,0.0,1000.0,,unknown,0.0,{},,484.0,{},1000,0,1000,0
2024-05-25 12:00:00,38.35,38.35,38.02,38.08,46834.44,0.0001,76,0.0,0.0,unknown,,1000.0,0.0,0.0,,{},,{},1000.0,0.0,1000.0,,unknown,0.0,{},,485.0,{},1000,0,1000,0
2024-05-25 13:00:00,38.08,38.15,37.71,37.78,45050.11,0.0001,76,0.0,0.0,unknown,,1000.0,0.0,0.0,,{},,{},1000.0,0.0,1000.0,,unknown,0.0,{},,486.0,{},1000,0,1000,0
2024-05-25 14:00:00,37.78,38.11,37.76,38.1,36474.85,0.0001,76,0.0,0.0,unknown,,1000.0,0.0,0.0,,{},,{},1000.0,0.0,1000.0,,unknown,0.0,{},,487.0,{},1000,0,1000,0
2024-05-25 15:00:00,38.11,38.3,38.04,38.06,34587.77,0.0001,76,0.0,0.0,unknown,,1000.0,0.0,0.0,,{},,{},1000.0,0.0,1000.0,,unknown,0.0,{},,488.0,{},1000,0,1000,0
2024-05-25 16:00:00,38.05,38.09,37.77,37.86,58094.21,0.0001,76,0.0,0.0,unknown,,1000.0,0.0,0.0,,{},,{},1000.0,0.0,1000.0,,unknown,0.0,{},,489.0,{},1000,0,1000,0
2024-05-25 17:00:00,37.87,38.04,37.86,37.98,23265.09,0.0001,76,0.0,0.0,unknown,,1000.0,0.0,0.0,,{},,{},1000.0,0.0,1000.0,,unknown,0.0,{},,490.0,{},1000,0,1000,0
2024-05-25 18:00:00,37.97,38.11,37.91,38.1,14976.6,0.0001,76,0.0,0.0,unknown,,1000.0,0.0,0.0,,{},,{},1000.0,0.0,1000.0,,unknown,0.0,{},,491.0,{},1000,0,1000,0
2024-05-25 19:00:00,38.1,38.14,38.04,38.05,11756.85,0.0001,76,0.0,0.0,unknown,,1000.0,0.0,0.0,,{},,{},1000.0,0.0,1000.0,,unknown,0.0,{},,492.0,{},1000,0,1000,0
2024-05-25 20:00:00,38.04,38.09,37.84,37.93,29092.97,0.0001,76,0.0,0.0,unknown,,1000.0,0.0,0.0,,{},,{},1000.0,0.0,1000.0,,unknown,0.0,{},,493.0,{},1000,0,1000,0
2024-05-25 21:00:00,37.94,38.09,37.91,38.09,18084.97,0.0001,76,0.0,0.0,unknown,,1000.0,0.0,0.0,,{},,{},1000.0,0.0,1000.0,,unknown,0.0,{},,494.0,{},1000,0,1000,0
2024-05-25 22:00:00,38.08,38.21,38.0,38.2,14058.16,0.0001,76,0.0,0.0,unknown,,1000.0,0.0,0.0,,{},,{},1000.0,0.0,1000.0,,unknown,0.0,{},,495.0,{},1000,0,1000,0
2024-05-25 23:00:00,38.21,38.31,38.19,38.28,17129.88,0.0001,76,0.0,0.0,unknown,,1000.0,0.0,0.0,,{},,{},1000.0,0.0,1000.0,,unknown,0.0,{},,496.0,{},1000,0,1000,0
2024-05-26 00:00:00,38.28,38.31,38.06,38.06,23549.41,0.0001,75,0.0,0.0,unknown,,1000.0,0.0,0.0,,{},,{},1000.0,0.0,1000.0,,unknown,0.0,{},,497.0,{},1000,0,1000,0
2024-05-26 01:00:00,38.06,38.26,38.05,38.08,17169.55,0.0001,75,0.0,0.0,unknown,,1000.0,0.0,0.0,,{},,{},1000.0,0.0,1000.0,,unknown,0.0,{},,498.0,{},1000,0,1000,0
2024-05-26 02:00:00,38.08,38.09,37.62,37.79,42682.8,0.0001,75,0.0,0.0,unknown,,1000.0,0.0,0.0,,{},,{},1000.0,0.0,1000.0,,unknown,0.0,{},,499.0,{},1000,0,1000,0
2024-05-26 03:00:00,37.79,37.93,37.6,37.87,38830.0,0.0001,75,0.0,0.0,unknown,,1000.0,0.0,0.0,,{},,{},1000.0,0.0,1000.0,,unknown,0.0,{},,500.0,{},1000,0,1000,0
2024-05-26 04:00:00,37.86,37.86,37.6,37.66,18703.23,0.0001,75,0.0,0.0,unknown,,1000.0,0.0,0.0,,{},,{},1000.0,0.0,1000.0,,unknown,0.0,{},,501.0,{},1000,0,1000,0
2024-05-26 05:00:00,37.66,37.77,37.57,37.76,22695.5,0.0001,75,0.0,0.0,unknown,,1000.0,0.0,0.0,,{},,{},1000.0,0.0,1000.0,,unknown,0.0,{},,502.0,{},1000,0,1000,0
2024-05-26 06:00:00,37.76,37.82,37.64,37.68,14807.78,0.0001,75,0.0,0.0,unknown,,1000.0,0.0,0.0,,{},,{},1000.0,0.0,1000.0,,unknown,0.0,{},,503.0,{},1000,0,1000,0
2024-05-26 07:00:00,37.69,37.91,37.55,37.64,41973.19,0.0001,75,0.0,0.0,unknown,,1000.0,0.0,0.0,,{},,{},1000.0,0.0,1000.0,,unknown,0.0,{},,504.0,{},1000,0,1000,0
2024-05-26 08:00:00,37.64,37.67,37.27,37.39,56635.41,0.0001,75,0.0,0.0,unknown,,1000.0,0.0,0.0,,{},,{},1000.0,0.0,1000.0,,unknown,0.0,{},,505.0,{},1000,0,1000,0
2024-05-26 09:00:00,37.39,37.51,37.08,37.23,63358.71,0.0001,75,0.0,0.0,unknown,,1000.0,0.0,0.0,,{},,{},1000.0,0.0,1000.0,,unknown,0.0,{},,506.0,{},1000,0,1000,0
2024-05-26 10:00:00,37.24,37.38,37.21,37.28,35556.88,0.0001,75,0.0,0.0,unknown,,1000.0,0.0,0.0,,{},,{},1000.0,0.0,1000.0,,unknown,0.0,{},,507.0,{},1000,0,1000,0
2024-05-26 11:00:00,37.29,37.39,37.22,37.35,29078.12,0.0001,75,0.0,0.0,unknown,,1000.0,0.0,0.0,,{},,{},1000.0,0.0,1000.0,,unknown,0.0,{},,508.0,{},1000,0,1000,0
2024-05-26 12:00:00,37.35,37.35,37.07,37.15,33307.95,0.0001,75,0.0,0.0,unknown,,1000.0,0.0,0.0,,{},,{},1000.0,0.0,1000.0,,unknown,0.0,{},,509.0,{},1000,0,1000,0
2024-05-26 13:00:00,37.16,37.2,36.92,37.1,40422.21,0.0001,75,0.0,0.0,unknown,,1000.0,0.0,0.0,,{},,{},1000.0,0.0,1000.0,,unknown,0.0,{},,510.0,{},1000,0,1000,0
2024-05-26 14:00:00,37.1,37.34,36.92,37.31,48027.63,0.0001,75,0.0,0.0,unknown,,1000.0,0.0,0.0,,{},,{},1000.0,0.0,1000.0,,unknown,0.0,{},,511.0,{},1000,0,1000,0
2024-05-26 15:00:00,37.31,37.42,36.71,36.88,98488.2,0.0001,75,0.0,0.0,unknown,,1000.0,0.0,0.0,,{},,{},1000.0,0.0,1000.0,,unknown,0.0,{},,512.0,{},1000,0,1000,0
2024-05-26 16:00:00,36.87,37.04,36.74,36.84,45004.07,0.0001,75,0.0,0.0,unknown,,1000.0,0.0,0.0,,{},,{},1000.0,0.0,1000.0,,unknown,0.0,{},,513.0,{},1000,0,1000,0
2024-05-26 17:00:00,36.84,36.89,36.7,36.81,38218.8,0.0001,75,0.0,0.0,unknown,,1000.0,0.0,0.0,,{},,{},1000.0,0.0,1000.0,,unknown,0.0,{},,514.0,{},1000,0,1000,0
2024-05-26 18:00:00,36.81,36.91,36.72,36.86,36126.44,0.0001,75,0.0,0.0,unknown,,1000.0,0.0,0.0,,{},,{},1000.0,0.0,1000.0,,unknown,0.0,{},,515.0,{},1000,0,1000,0
2024-05-26 19:00:00,36.87,37.04,36.87,36.97,18458.72,0.0001,75,0.0,0.0,unknown,,1000.0,0.0,0.0,,{},,{},1000.0,0.0,1000.0,,unknown,0.0,{},,516.0,{},1000,0,1000,0
2024-05-26 20:00:00,36.97,36.97,36.8,36.81,16953.4,0.0001,75,0.0,0.0,unknown,,1000.0,0.0,0.0,,{},,{},1000.0,0.0,1000.0,,unknown,0.0,{},,517.0,{},1000,0,1000,0
2024-05-26 21:00:00,36.8,36.94,36.46,36.94,56983.87,0.0001,75,0.0,0.0,unknown,,1000.0,0.0,0.0,,{},,{},1000.0,0.0,1000.0,,unknown,0.0,{},,518.0,{},1000,0,1000,0
2024-05-26 22:00:00,36.93,37.03,36.82,36.94,26131.35,0.0001,75,0.0,0.0,unknown,,1000.0,0.0,0.0,,{},,{},1000.0,0.0,1000.0,,unknown,0.0,{},,519.0,{},1000,0,1000,0
2024-05-26 23:00:00,36.92,36.94,36.69,36.76,29314.17,0.0001,75,0.0,0.0,unknown,,1000.0,0.0,0.0,,{},,{},1000.0,0.0,1000.0,,unknown,0.0,{},,520.0,{},1000,0,1000,0
2024-05-27 00:00:00,36.76,36.97,36.67,36.94,32084.15,0.0001,74,0.0,0.0,unknown,,1000.0,0.0,0.0,,{},,{},1000.0,0.0,1000.0,,unknown,0.0,{},,521.0,{},1000,0,1000,0
2024-05-27 01:00:00,36.94,37.28,36.91,37.17,33275.15,0.0001,74,0.0,0.0,unknown,,1000.0,0.0,0.0,,{},,{},1000.0,0.0,1000.0,,unknown,0.0,{},,522.0,{},1000,0,1000,0
2024-05-27 02:00:00,37.17,37.25,37.01,37.13,38301.89,0.0001,74,0.0,0.0,unknown,,1000.0,0.0,0.0,,{},,{},1000.0,0.0,1000.0,,unknown,0.0,{},,523.0,{},1000,0,1000,0
2024-05-27 03:00:00,37.13,37.35,37.1,37.24,32339.58,0.0001,74,0.0,0.0,unknown,,1000.0,0.0,0.0,,{},,{},1000.0,0.0,1000.0,,unknown,0.0,{},,524.0,{},1000,0,1000,0
2024-05-27 04:00:00,37.24,37.43,37.17,37.23,28513.39,0.0001,74,0.0,0.0,unknown,,1000.0,0.0,0.0,,{},,{},1000.0,0.0,1000.0,,unknown,0.0,{},,525.0,{},1000,0,1000,0
2024-05-27 05:00:00,37.23,37.27,36.65,36.94,66568.09,0.0001,74,0.0,0.0,unknown,,1000.0,0.0,0.0,,{},,{},1000.0,0.0,1000.0,,unknown,0.0,{},,526.0,{},1000,0,1000,0
2024-05-27 06:00:00,36.94,36.96,36.69,36.76,26387.8,0.0001,74,0.0,0.0,unknown,,1000.0,0.0,0.0,,{},,{},1000.0,0.0,1000.0,,unknown,0.0,{},,527.0,{},1000,0,1000,0
2024-05-27 07:00:00,36.75,37.02,36.66,37.0,52537.71,0.0001,74,0.0,0.0,unknown,,1000.0,0.0,0.0,,{},,{},1000.0,0.0,1000.0,,unknown,0.0,{},,528.0,{},1000,0,1000,0
2024-05-27 08:00:00,36.99,37.29,36.98,37.21,43966.59,0.0001,74,0.0,0.0,unknown,,1000.0,0.0,0.0,,{},,{},1000.0,0.0,1000.0,,unknown,0.0,{},,529.0,{},1000,0,1000,0
2024-05-27 09:00:00,37.21,37.39,37.1,37.31,51156.86,0.0001,74,0.0,0.0,unknown,,1000.0,0.0,0.0,,{},,{},1000.0,0.0,1000.0,,unknown,0.0,{},,530.0,{},1000,0,1000,0
2024-05-27 10:00:00,37.3,37.36,37.2,37.33,52273.26,0.0001,74,0.0,0.0,unknown,,1000.0,0.0,0.0,,{},,{},1000.0,0.0,1000.0,,unknown,0.0,{},,531.0,{},1000,0,1000,0
2024-05-27 11:00:00,37.34,37.54,37.27,37.41,46837.35,0.0001,74,0.0,0.0,unknown,,1000.0,0.0,0.0,,{},,{},1000.0,0.0,1000.0,,unknown,0.0,{},,532.0,{},1000,0,1000,0
2024-05-27 12:00:00,37.4,37.48,37.3,37.37,30762.45,0.0001,74,0.0,0.0,unknown,,1000.0,0.0,0.0,,{},,{},1000.0,0.0,1000.0,,unknown,0.0,{},,533.0,{},1000,0,1000,0
2024-05-27 13:00:00,37.37,37.75,37.37,37.67,55160.85,0.0001,74,0.0,0.0,unknown,,1000.0,0.0,0.0,,{},,{},1000.0,0.0,1000.0,,unknown,0.0,{},,534.0,{},1000,0,1000,0
2024-05-27 14:00:00,37.66,37.9,37.55,37.84,90488.64,0.0001,74,0.0,0.0,unknown,,1000.0,0.0,0.0,,{},,{},1000.0,0.0,1000.0,,unknown,0.0,{},,535.0,{},1000,0,1000,0
2024-05-27 15:00:00,37.84,38.48,37.83,38.44,134052.39,0.0001,74,0.0,0.0,unknown,,1000.0,0.0,0.0,,{},,{},1000.0,0.0,1000.0,,unknown,0.0,{},,536.0,{},1000,0,1000,0
2024-05-27 16:00:00,38.43,38.95,38.43,38.63,148342.79,0.0001,74,0.0,0.0,unknown,,1000.0,0.0,0.0,,{},,{},1000.0,0.0,1000.0,,unknown,0.0,{},,537.0,{},1000,0,1000,0
2024-05-27 17:00:00,38.64,38.87,38.59,38.65,74834.95,0.0001,74,0.0,0.0,unknown,,1000.0,0.0,0.0,,{},,{},1000.0,0.0,1000.0,,unknown,0.0,{},,538.0,{},1000,0,1000,0
2024-05-27 18:00:00,38.65,38.74,38.34,38.37,47785.34,0.0001,74,0.0,0.0,unknown,,1000.0,0.0,0.0,,{},,{},1000.0,0.0,1000.0,,unknown,0.0,{},,539.0,{},1000,0,1000,0
2024-05-27 19:00:00,38.37,38.48,37.69,37.96,99810.0,0.0001,74,0.0,0.0,unknown,,1000.0,0.0,0.0,,{},,{},1000.0,0.0,1000.0,,unknown,0.0,{},,540.0,{},1000,0,1000,0
2024-05-27 20:00:00,37.95,38.42,37.93,38.34,64958.44,0.0001,74,0.0,0.0,unknown,,1000.0,0.0,0.0,,{},,{},1000.0,0.0,1000.0,,unknown,0.0,{},,541.0,{},1000,0,1000,0
2024-05-27 21:00:00,38.36,38.39,38.11,38.2,32385.97,0.0001,74,0.0,0.0,unknown,,1000.0,0.0,0.0,,{},,{},1000.0,0.0,1000.0,,unknown,0.0,{},,542.0,{},1000,0,1000,0
2024-05-27 22:00:00,38.19,38.37,38.1,38.25,37333.99,0.0001,74,0.0,0.0,unknown,,1000.0,0.0,0.0,,{},,{},1000.0,0.0,1000.0,,unknown,0.0,{},,543.0,{},1000,0,1000,0
2024-05-27 23:00:00,38.25,38.32,38.11,38.26,35076.73,0.0001,74,0.0,0.0,unknown,,1000.0,0.0,0.0,,{},,{},1000.0,0.0,1000.0,,unknown,0.0,{},,544.0,{},1000,0,1000,0
2024-05-28 00:00:00,38.27,38.27,37.86,37.99,75768.82,0.0001,72,0.0,0.0,unknown,,1000.0,0.0,0.0,,{},,{},1000.0,0.0,1000.0,,unknown,0.0,{},,545.0,{},1000,0,1000,0
2024-05-28 01:00:00,37.99,38.4,37.51,37.56,112486.86,0.0001,72,0.0,0.0,unknown,,1000.0,0.0,0.0,,{},,{},1000.0,0.0,1000.0,,unknown,0.0,{},,546.0,{},1000,0,1000,0
2024-05-28 02:00:00,37.55,37.78,37.29,37.68,168552.18,0.0001,72,0.0,0.0,unknown,,1000.0,0.0,0.0,,{},,{},1000.0,0.0,1000.0,,unknown,0.0,{},,547.0,{},1000,0,1000,0
2024-05-28 03:00:00,37.68,37.78,37.05,37.19,99233.36,0.0001,72,0.0,0.0,unknown,,1000.0,0.0,0.0,,{},,{},1000.0,0.0,1000.0,,unknown,0.0,{},,548.0,{},1000,0,1000,0
2024-05-28 04:00:00,37.19,37.22,36.55,36.75,121656.79,0.0001,72,0.0,0.0,unknown,,1000.0,0.0,0.0,,{},,{},1000.0,0.0,1000.0,,unknown,0.0,{},,549.0,{},1000,0,1000,0
2024-05-28 05:00:00,36.75,36.99,36.53,36.99,74897.0,0.0001,72,0.0,0.0,unknown,,1000.0,0.0,0.0,,{},,{},1000.0,0.0,1000.0,,unknown,0.0,{},,550.0,{},1000,0,1000,0
2024-05-28 06:00:00,36.99,37.02,36.74,36.84,45096.34,0.0001,72,0.0,0.0,unknown,,1000.0,0.0,0.0,,{},,{},1000.0,0.0,1000.0,,unknown,0.0,{},,551.0,{},1000,0,1000,0
2024-05-28 07:00:00,36.85,36.93,36.7,36.8,45834.09,0.0001,72,0.0,0.0,unknown,,1000.0,0.0,0.0,,{},,{},1000.0,0.0,1000.0,,unknown,0.0,{},,552.0,{},1000,0,1000,0
2024-05-28 08:00:00,36.8,37.08,36.7,37.0,74122.09,0.0001,72,0.0,0.0,unknown,,1000.0,0.0,0.0,,{},,{},1000.0,0.0,1000.0,,unknown,0.0,{},,553.0,{},1000,0,1000,0
2024-05-28 09:00:00,36.99,37.17,36.92,37.11,49950.29,0.0001,72,0.0,0.0,unknown,,1000.0,0.0,0.0,,{},,{},1000.0,0.0,1000.0,,unknown,0.0,{},,554.0,{},1000,0,1000,0
2024-05-28 10:00:00,37.11,37.47,37.05,37.19,80765.82,0.0001,72,0.0,0.0,unknown,,1000.0,0.0,0.0,,{},,{},1000.0,0.0,1000.0,,unknown,0.0,{},,555.0,{},1000,0,1000,0
2024-05-28 11:00:00,37.19,37.39,37.11,37.27,50715.6,0.0001,72,0.0,0.0,unknown,,1000.0,0.0,0.0,,{},,{},1000.0,0.0,1000.0,,unknown,0.0,{},,556.0,{},1000,0,1000,0
2024-05-28 12:00:00,37.28,37.41,37.04,37.21,68704.56,0.0001,72,0.0,0.0,unknown,,1000.0,0.0,0.0,,{},,{},1000.0,0.0,1000.0,,unknown,0.0,{},,557.0,{},1000,0,1000,0
2024-05-28 13:00:00,37.21,37.38,36.72,36.87,140952.47,0.0001,72,0.0,0.0,unknown,,1000.0,0.0,0.0,,{},,{},1000.0,0.0,1000.0,,unknown,0.0,{},,558.0,{},1000,0,1000,0
2024-05-28 14:00:00,36.88,37.14,36.59,36.86,136088.68,0.0001,72,0.0,0.0,unknown,,1000.0,0.0,0.0,,{},,{},1000.0,0.0,1000.0,,unknown,0.0,{},,559.0,{},1000,0,1000,0
2024-05-28 15:00:00,36.87,37.14,36.72,37.09,94917.82,0.0001,72,0.0,0.0,unknown,,1000.0,0.0,0.0,,{},,{},1000.0,0.0,1000.0,,unknown,0.0,{},,560.0,{},1000,0,1000,0
2024-05-28 16:00:00,37.09,37.16,36.65,36.81,65865.6,0.0001,72,0.0,0.0,unknown,,1000.0,0.0,0.0,,{},,{},1000.0,0.0,1000.0,,unknown,0.0,{},,561.0,{},1000,0,1000,0
2024-05-28 17:00:00,36.82,37.21,36.78,36.97,117197.68,0.0001,72,0.0,0.0,unknown,,1000.0,0.0,0.0,,{},,{},1000.0,0.0,1000.0,,unknown,0.0,{},,562.0,{},1000,0,1000,0
2024-05-28 18:00:00,36.97,37.12,36.55,36.77,116052.88,0.0001,72,0.0,0.0,unknown,,1000.0,0.0,0.0,,{},,{},1000.0,0.0,1000.0,,unknown,0.0,{},,563.0,{},1000,0,1000,0
2024-05-28 19:00:00,36.77,37.24,36.77,37.2,79270.14,0.0001,72,0.0,0.0,unknown,,1000.0,0.0,0.0,,{},,{},1000.0,0.0,1000.0,,unknown,0.0,{},,564.0,{},1000,0,1000,0
2024-05-28 20:00:00,37.2,37.29,37.1,37.15,42512.67,0.0001,72,0.0,0.0,unknown,,1000.0,0.0,0.0,,{},,{},1000.0,0.0,1000.0,,unknown,0.0,{},,565.0,{},1000,0,1000,0
2024-05-28 21:00:00,37.14,37.26,37.05,37.09,31767.41,0.0001,72,0.0,0.0,unknown,,1000.0,0.0,0.0,,{},,{},1000.0,0.0,1000.0,,unknown,0.0,{},,566.0,{},1000,0,1000,0
2024-05-28 22:00:00,37.09,37.21,37.06,37.11,21734.43,0.0001,72,0.0,0.0,unknown,,1000.0,0.0,0.0,,{},,{},1000.0,0.0,1000.0,,unknown,0.0,{},,567.0,{},1000,0,1000,0
2024-05-28 23:00:00,37.1,37.18,36.93,37.02,30083.9,0.0001,72,0.0,0.0,unknown,,1000.0,0.0,0.0,,{},,{},1000.0,0.0,1000.0,,unknown,0.0,{},,568.0,{},1000,0,1000,0
2024-05-29 00:00:00,37.02,37.06,36.79,36.85,33348.26,0.0001,72,0.0,0.0,unknown,,1000.0,0.0,0.0,,{},,{},1000.0,0.0,1000.0,,unknown,0.0,{},,569.0,{},1000,0,1000,0
2024-05-29 01:00:00,36.85,37.02,36.68,36.86,46974.89,0.000155,72,0.0,0.0,unknown,,1000.0,0.0,0.0,,{},,{},1000.0,0.0,1000.0,,unknown,0.0,{},,570.0,{},1000,0,1000,0
2024-05-29 02:00:00,36.87,37.05,36.72,36.94,47137.96,0.000155,72,0.0,0.0,unknown,,1000.0,0.0,0.0,,{},,{},1000.0,0.0,1000.0,,unknown,0.0,{},,571.0,{},1000,0,1000,0
2024-05-29 03:00:00,36.95,37.39,36.93,37.26,61961.06,0.000155,72,0.0,0.0,unknown,,1000.0,0.0,0.0,,{},,{},1000.0,0.0,1000.0,,unknown,0.0,{},,572.0,{},1000,0,1000,0
2024-05-29 04:00:00,37.26,37.42,37.21,37.32,45052.95,0.000155,72,0.0,0.0,unknown,,1000.0,0.0,0.0,,{},,{},1000.0,0.0,1000.0,,unknown,0.0,{},,573.0,{},1000,0,1000,0
2024-05-29 05:00:00,37.33,37.33,37.15,37.18,39928.66,0.000155,72,0.0,0.0,unknown,,1000.0,0.0,0.0,,{},,{},1000.0,0.0,1000.0,,unknown,0.0,{},,574.0,{},1000,0,1000,0
2024-05-29 06:00:00,37.19,37.5,37.18,37.24,55318.8,0.000155,72,0.0,0.0,unknown,,1000.0,0.0,0.0,,{},,{},1000.0,0.0,1000.0,,unknown,0.0,{},,575.0,{},1000,0,1000,0
2024-05-29 07:00:00,37.24,37.25,36.8,36.84,60773.73,0.000155,72,0.0,0.0,unknown,,1000.0,0.0,0.0,,{},,{},1000.0,0.0,1000.0,,unknown,0.0,{},,576.0,{},1000,0,1000,0
2024-05-29 08:00:00,36.83,36.95,36.38,36.85,132571.77,0.000112,72,0.0,0.0,unknown,,1000.0,0.0,0.0,,{},,{},1000.0,0.0,1000.0,,unknown,0.0,{},,577.0,{},1000,0,1000,0
2024-05-29 09:00:00,36.84,37.02,36.67,36.91,70994.07,0.000112,72,0.0,0.0,unknown,,1000.0,0.0,0.0,,{},,{},1000.0,0.0,1000.0,,unknown,0.0,{},,578.0,{},1000,0,1000,0
2024-05-29 10:00:00,36.91,37.18,36.85,37.14,43895.29,0.000112,72,0.0,0.0,unknown,,1000.0,0.0,0.0,,{},,{},1000.0,0.0,1000.0,,unknown,0.0,{},,579.0,{},1000,0,1000,0
2024-05-29 11:00:00,37.15,37.2,36.9,36.94,76184.29,0.000112,72,0.0,0.0,unknown,,1000.0,0.0,0.0,,{},,{},1000.0,0.0,1000.0,,unknown,0.0,{},,580.0,{},1000,0,1000,0
2024-05-29 12:00:00,36.94,37.17,36.71,36.99,57315.38,0.000112,72,0.0,0.0,unknown,,1000.0,0.0,0.0,,{},,{},1000.0,0.0,1000.0,,unknown,0.0,{},,581.0,{},1000,0,1000,0
2024-05-29 13:00:00,36.99,37.24,36.67,36.88,125330.43,0.000112,72,0.0,0.0,unknown,,1000.0,0.0,0.0,,{},,{},1000.0,0.0,1000.0,,unknown,0.0,{},,582.0,{},1000,0,1000,0
2024-05-29 14:00:00,36.89,37.0,36.71,36.9,59346.47,0.000112,72,0.0,0.0,unknown,,1000.0,0.0,0.0,,{},,{},1000.0,0.0,1000.0,,unknown,0.0,{},,583.0,{},1000,0,1000,0
2024-05-29 15:00:00,36.9,36.99,36.58,36.63,52629.7,0.000112,72,0.0,0.0,unknown,,1000.0,0.0,0.0,,{},,{},1000.0,0.0,1000.0,,unknown,0.0,{},,584.0,{},1000,0,1000,0
2024-05-29 16:00:00,36.62,36.91,36.24,36.88,122112.75,0.00017,72,0.0,0.0,unknown,,1000.0,0.0,0.0,,{},,{},1000.0,0.0,1000.0,,unknown,0.0,{},,585.0,{},1000,0,1000,0
2024-05-29 17:00:00,36.87,36.9,36.56,36.78,54838.55,0.00017,72,0.0,0.0,unknown,,1000.0,0.0,0.0,,{},,{},1000.0,0.0,1000.0,,unknown,0.0,{},,586.0,{},1000,0,1000,0
2024-05-29 18:00:00,36.78,36.82,36.54,36.59,47243.03,0.00017,72,0.0,0.0,unknown,,1000.0,0.0,0.0,,{},,{},1000.0,0.0,1000.0,,unknown,0.0,{},,587.0,{},1000,0,1000,0
2024-05-29 19:00:00,36.58,36.81,36.37,36.38,40024.56,0.00017,72,0.0,0.0,unknown,,1000.0,0.0,0.0,,{},,{},1000.0,0.0,1000.0,,unknown,0.0,{},,588.0,{},1000,0,1000,0
2024-05-29 20:00:00,36.39,36.49,36.26,36.41,37592.89,0.00017,72,0.0,0.0,unknown,,1000.0,0.0,0.0,,{},,{},1000.0,0.0,1000.0,,unknown,0.0,{},,589.0,{},1000,0,1000,0
2024-05-29 21:00:00,36.41,36.68,36.25,36.64,36581.44,0.00017,72,0.0,0.0,unknown,,1000.0,0.0,0.0,,{},,{},1000.0,0.0,1000.0,,unknown,0.0,{},,590.0,{},1000,0,1000,0
2024-05-29 22:00:00,36.63,36.66,36.45,36.52,25508.39,0.00017,72,0.0,0.0,unknown,,1000.0,0.0,0.0,,{},,{},1000.0,0.0,1000.0,,unknown,0.0,{},,591.0,{},1000,0,1000,0
2024-05-29 23:00:00,36.53,36.58,36.14,36.2,37475.67,0.00017,72,0.0,0.0,unknown,,1000.0,0.0,0.0,,{},,{},1000.0,0.0,1000.0,,unknown,0.0,{},,592.0,{},1000,0,1000,0
2024-05-30 00:00:00,36.2,36.46,36.02,36.05,56968.26,0.0001,73,0.0,0.0,unknown,,1000.0,0.0,0.0,,{},,{},1000.0,0.0,1000.0,,unknown,0.0,{},,593.0,{},1000,0,1000,0
2024-05-30 01:00:00,36.06,36.28,35.99,36.2,74427.96,0.0001,73,0.0,0.0,unknown,,1000.0,0.0,0.0,,{},,{},1000.0,0.0,1000.0,,unknown,0.0,{},,594.0,{},1000,0,1000,0
2024-05-30 02:00:00,36.2,36.82,36.17,36.63,56180.12,0.0001,73,0.0,0.0,unknown,,1000.0,0.0,0.0,,{},,{},1000.0,0.0,1000.0,,unknown,0.0,{},,595.0,{},1000,0,1000,0
2024-05-30 03:00:00,36.62,36.84,36.56,36.81,29647.72,0.0001,73,0.0,0.0,unknown,,1000.0,0.0,0.0,,{},,{},1000.0,0.0,1000.0,,unknown,0.0,{},,596.0,{},1000,0,1000,0
2024-05-30 04:00:00,36.81,37.05,36.7,36.79,40095.05,0.0001,73,0.0,0.0,unknown,,1000.0,0.0,0.0,,{},,{},1000.0,0.0,1000.0,,unknown,0.0,{},,597.0,{},1000,0,1000,0
2024-05-30 05:00:00,36.79,36.8,36.58,36.7,24691.08,0.0001,73,0.0,0.0,unknown,,1000.0,0.0,0.0,,{},,{},1000.0,0.0,1000.0,,unknown,0.0,{},,598.0,{},1000,0,1000,0
2024-05-30 06:00:00,36.7,36.71,35.93,35.95,88036.51,0.0001,73,0.0,0.0,unknown,,1000.0,0.0,0.0,,{},,{},1000.0,0.0,1000.0,,unknown,0.0,{},,599.0,{},1000,0,1000,0
2024-05-30 07:00:00,35.96,36.06,35.41,35.57,203213.59,0.0001,73,0.0,0.0,unknown,,1000.0,0.0,0.0,,{},,{},1000.0,0.0,1000.0,,unknown,0.0,{},,600.0,{},1000,0,1000,0
2024-05-30 08:00:00,35.56,36.14,35.3,36.13,104407.88,0.0001,73,0.0,0.0,unknown,,1000.0,0.0,0.0,,{},,{},1000.0,0.0,1000.0,,unknown,0.0,{},,601.0,{},1000,0,1000,0
2024-05-30 09:00:00,36.12,36.18,35.9,36.13,45398.99,0.0001,73,0.0,0.0,unknown,,1000.0,0.0,0.0,,{},,{},1000.0,0.0,1000.0,,unknown,0.0,{},,602.0,{},1000,0,1000,0
2024-05-30 10:00:00,36.13,36.59,36.08,36.4,59087.89,0.0001,73,0.0,0.0,unknown,,1000.0,0.0,0.0,,{},,{},1000.0,0.0,1000.0,,unknown,0.0,{},,603.0,{},1000,0,1000,0
2024-05-30 11:00:00,36.4,36.74,36.32,36.55,69972.07,0.0001,73,0.0,0.0,unknown,,1000.0,0.0,0.0,,{},,{},1000.0,0.0,1000.0,,unknown,0.0,{},,604.0,{},1000,0,1000,0
2024-05-30 12:00:00,36.56,37.0,36.48,36.73,106068.03,0.0001,73,0.0,0.0,unknown,,1000.0,0.0,0.0,,{},,{},1000.0,0.0,1000.0,,unknown,0.0,{},,605.0,{},1000,0,1000,0
2024-05-30 13:00:00,36.73,37.03,36.61,36.77,109210.78,0.0001,73,0.0,0.0,unknown,,1000.0,0.0,0.0,,{},,{},1000.0,0.0,1000.0,,unknown,0.0,{},,606.0,{},1000,0,1000,0
2024-05-30 14:00:00,36.8,37.0,36.39,36.47,81463.58,0.0001,73,0.0,0.0,unknown,,1000.0,0.0,0.0,,{},,{},1000.0,0.0,1000.0,,unknown,0.0,{},,607.0,{},1000,0,1000,0
2024-05-30 15:00:00,36.47,36.79,36.34,36.73,69895.2,0.0001,73,0.0,0.0,unknown,,1000.0,0.0,0.0,,{},,{},1000.0,0.0,1000.0,,unknown,0.0,{},,608.0,{},1000,0,1000,0
2024-05-30 16:00:00,36.72,36.96,36.64,36.91,54568.81,0.000135,73,0.0,0.0,unknown,,1000.0,0.0,0.0,,{},,{},1000.0,0.0,1000.0,,unknown,0.0,{},,609.0,{},1000,0,1000,0
2024-05-30 17:00:00,36.92,37.09,36.83,37.0,64927.18,0.000135,73,0.0,0.0,unknown,,1000.0,0.0,0.0,,{},,{},1000.0,0.0,1000.0,,unknown,0.0,{},,610.0,{},1000,0,1000,0
2024-05-30 18:00:00,37.01,37.07,36.78,36.94,47548.03,0.000135,73,0.0,0.0,unknown,,1000.0,0.0,0.0,,{},,{},1000.0,0.0,1000.0,,unknown,0.0,{},,611.0,{},1000,0,1000,0
2024-05-30 19:00:00,36.93,36.94,36.47,36.6,46106.49,0.000135,73,0.0,0.0,unknown,,1000.0,0.0,0.0,,{},,{},1000.0,0.0,1000.0,,unknown,0.0,{},,612.0,{},1000,0,1000,0
2024-05-30 20:00:00,36.59,36.59,36.03,36.26,65101.85,0.000135,73,0.0,0.0,unknown,,1000.0,0.0,0.0,,{},,{},1000.0,0.0,1000.0,,unknown,0.0,{},,613.0,{},1000,0,1000,0
2024-05-30 21:00:00,36.25,36.27,36.02,36.07,40804.38,0.000135,73,0.0,0.0,unknown,,1000.0,0.0,0.0,,{},,{},1000.0,0.0,1000.0,,unknown,0.0,{},,614.0,{},1000,0,1000,0
2024-05-30 22:00:00,36.07,36.08,35.94,36.04,27899.72,0.000135,73,0.0,0.0,unknown,,1000.0,0.0,0.0,,{},,{},1000.0,0.0,1000.0,,unknown,0.0,{},,615.0,{},1000,0,1000,0
2024-05-30 23:00:00,36.04,36.09,35.94,35.98,23372.13,0.000135,73,0.0,0.0,unknown,,1000.0,0.0,0.0,,{},,{},1000.0,0.0,1000.0,,unknown,0.0,{},,616.0,{},1000,0,1000,0
2024-05-31 00:00:00,35.98,36.16,35.78,36.15,46053.69,0.0001,73,0.0,0.0,unknown,,1000.0,0.0,0.0,,{},,{},1000.0,0.0,1000.0,,unknown,0.0,{},,617.0,{},1000,0,1000,0
2024-05-31 01:00:00,36.15,36.27,35.92,35.98,38691.96,0.0001,73,0.0,0.0,unknown,,1000.0,0.0,0.0,,{},,{},1000.0,0.0,1000.0,,unknown,0.0,{},,618.0,{},1000,0,1000,0
2024-05-31 02:00:00,35.99,36.33,35.96,36.08,27763.12,0.0001,73,0.0,0.0,unknown,,1000.0,0.0,0.0,,{},,{},1000.0,0.0,1000.0,,unknown,0.0,{},,619.0,{},1000,0,1000,0
2024-05-31 03:00:00,36.09,36.21,36.02,36.12,21028.12,0.0001,73,0.0,0.0,unknown,,1000.0,0.0,0.0,,{},,{},1000.0,0.0,1000.0,,unknown,0.0,{},,620.0,{},1000,0,1000,0
2024-05-31 04:00:00,36.12,36.23,36.1,36.13,14426.84,0.0001,73,0.0,0.0,unknown,,1000.0,0.0,0.0,,{},,{},1000.0,0.0,1000.0,,unknown,0.0,{},,621.0,{},1000,0,1000,0
2024-05-31 05:00:00,36.12,36.13,35.68,35.94,42866.31,0.0001,73,0.0,0.0,unknown,,1000.0,0.0,0.0,,{},,{},1000.0,0.0,1000.0,,unknown,0.0,{},,622.0,{},1000,0,1000,0
2024-05-31 06:00:00,35.93,36.3,35.91,36.09,42667.5,0.0001,73,0.0,0.0,unknown,,1000.0,0.0,0.0,,{},,{},1000.0,0.0,1000.0,,unknown,0.0,{},,623.0,{},1000,0,1000,0
2024-05-31 07:00:00,36.07,36.27,36.06,36.17,26808.6,0.0001,73,0.0,0.0,unknown,,1000.0,0.0,0.0,,{},,{},1000.0,0.0,1000.0,,unknown,0.0,{},,624.0,{},1000,0,1000,0
2024-05-31 08:00:00,36.17,36.27,35.9,35.97,56902.5,0.0001,73,0.0,0.0,unknown,,1000.0,0.0,0.0,,{},,{},1000.0,0.0,1000.0,,unknown,0.0,{},,625.0,{},1000,0,1000,0
2024-05-31 09:00:00,35.96,36.05,35.81,36.0,24978.33,0.0001,73,0.0,0.0,unknown,,1000.0,0.0,0.0,,{},,{},1000.0,0.0,1000.0,,unknown,0.0,{},,626.0,{},1000,0,1000,0
2024-05-31 10:00:00,35.98,36.22,35.97,36.07,32521.38,0.0001,73,0.0,0.0,unknown,,1000.0,0.0,0.0,,{},,{},1000.0,0.0,1000.0,,unknown,0.0,{},,627.0,{},1000,0,1000,0
2024-05-31 11:00:00,36.07,36.32,36.05,36.32,39647.29,0.0001,73,0.0,0.0,unknown,,1000.0,0.0,0.0,,{},,{},1000.0,0.0,1000.0,,unknown,0.0,{},,628.0,{},1000,0,1000,0
2024-05-31 12:00:00,36.32,36.79,36.22,36.52,95976.06,0.0001,73,0.0,0.0,unknown,,1000.0,0.0,0.0,,{},,{},1000.0,0.0,1000.0,,unknown,0.0,{},,629.0,{},1000,0,1000,0
2024-05-31 13:00:00,36.53,36.64,36.05,36.09,71293.54,0.0001,73,0.0,0.0,unknown,,1000.0,0.0,0.0,,{},,{},1000.0,0.0,1000.0,,unknown,0.0,{},,630.0,{},1000,0,1000,0
2024-05-31 14:00:00,36.09,36.14,35.79,35.96,103433.19,0.0001,73,0.0,0.0,unknown,,1000.0,0.0,0.0,,{},,{},1000.0,0.0,1000.0,,unknown,0.0,{},,631.0,{},1000,0,1000,0
2024-05-31 15:00:00,35.95,36.0,35.51,35.52,67413.44,0.0001,73,0.0,0.0,unknown,,1000.0,0.0,0.0,,{},,{},1000.0,0.0,1000.0,,unknown,0.0,{},,632.0,{},1000,0,1000,0
2024-05-31 16:00:00,35.52,35.75,35.2,35.73,129286.19,0.0001,73,0.0,0.0,unknown,,1000.0,0.0,0.0,,{},,{},1000.0,0.0,1000.0,,unknown,0.0,{},,633.0,{},1000,0,1000,0
2024-05-31 17:00:00,35.72,35.87,35.65,35.85,32951.4,0.0001,73,0.0,0.0,unknown,,1000.0,0.0,0.0,,{},,{},1000.0,0.0,1000.0,,unknown,0.0,{},,634.0,{},1000,0,1000,0
2024-05-31 18:00:00,35.85,35.87,35.7,35.82,32854.71,0.0001,73,0.0,0.0,unknown,,1000.0,0.0,0.0,,{},,{},1000.0,0.0,1000.0,,unknown,0.0,{},,635.0,{},1000,0,1000,0
2024-05-31 19:00:00,35.81,36.19,35.77,36.14,42306.5,0.0001,73,0.0,0.0,unknown,,1000.0,0.0,0.0,,{},,{},1000.0,0.0,1000.0,,unknown,0.0,{},,636.0,{},1000,0,1000,0
2024-05-31 20:00:00,36.14,36.4,36.05,36.31,30406.31,0.0001,73,0.0,0.0,unknown,,1000.0,0.0,0.0,,{},,{},1000.0,0.0,1000.0,,unknown,0.0,{},,637.0,{},1000,0,1000,0
2024-05-31 21:00:00,36.31,36.49,36.25,36.34,31357.21,0.0001,73,0.0,0.0,unknown,,1000.0,0.0,0.0,,{},,{},1000.0,0.0,1000.0,,unknown,0.0,{},,638.0,{},1000,0,1000,0
2024-05-31 22:00:00,36.35,36.41,36.15,36.16,22473.1,0.0001,73,0.0,0.0,unknown,,1000.0,0.0,0.0,,{},,{},1000.0,0.0,1000.0,,unknown,0.0,{},,639.0,{},1000,0,1000,0
2024-05-31 23:00:00,36.16,36.21,35.94,36.02,35774.98,0.0001,73,0.0,0.0,unknown,,1000.0,0.0,0.0,,{},,{},1000.0,0.0,1000.0,,unknown,0.0,{},,640.0,{},1000,0,1000,0
2024-06-01 00:00:00,36.04,36.15,35.98,36.08,27185.71,0.0001,72,0.0,0.0,unknown,,1000.0,0.0,0.0,,{},,{},1000.0,0.0,1000.0,,unknown,0.0,{},,641.0,{},1000,0,1000,0
2024-06-01 01:00:00,36.07,36.12,35.92,35.99,21758.44,0.0001,72,0.0,0.0,unknown,,1000.0,0.0,0.0,,{},,{},1000.0,0.0,1000.0,,unknown,0.0,{},,642.0,{},1000,0,1000,0
2024-06-01 02:00:00,35.99,36.11,35.94,36.1,15243.82,0.0001,72,0.0,0.0,unknown,,1000.0,0.0,0.0,,{},,{},1000.0,0.0,1000.0,,unknown,0.0,{},,643.0,{},1000,0,1000,0
2024-06-01 03:00:00,36.1,36.15,35.98,35.99,13616.17,0.0001,72,0.0,0.0,unknown,,1000.0,0.0,0.0,,{},,{},1000.0,0.0,1000.0,,unknown,0.0,{},,644.0,{},1000,0,1000,0
2024-06-01 04:00:00,36.0,36.12,35.92,36.08,12663.68,0.0001,72,0.0,0.0,unknown,,1000.0,0.0,0.0,,{},,{},1000.0,0.0,1000.0,,unknown,0.0,{},,645.0,{},1000,0,1000,0
2024-06-01 05:00:00,36.09,36.09,35.92,35.95,11041.47,0.0001,72,0.0,0.0,unknown,,1000.0,0.0,0.0,,{},,{},1000.0,0.0,1000.0,,unknown,0.0,{},,646.0,{},1000,0,1000,0
2024-06-01 06:00:00,35.97,36.01,35.9,36.0,14813.42,0.0001,72,0.0,0.0,unknown,,1000.0,0.0,0.0,,{},,{},1000.0,0.0,1000.0,,unknown,0.0,{},,647.0,{},1000,0,1000,0
2024-06-01 07:00:00,35.99,36.05,35.93,36.02,16430.13,0.0001,72,0.0,0.0,unknown,,1000.0,0.0,0.0,,{},,{},1000.0,0.0,1000.0,,unknown,0.0,{},,648.0,{},1000,0,1000,0
2024-06-01 08:00:00,36.03,36.16,35.99,36.14,13265.46,0.00013,72,0.0,0.0,unknown,,1000.0,0.0,0.0,,{},,{},1000.0,0.0,1000.0,,unknown,0.0,{},,649.0,{},1000,0,1000,0
2024-06-01 09:00:00,36.15,36.18,36.04,36.07,14580.34,0.00013,72,0.0,0.0,unknown,,1000.0,0.0,0.0,,{},,{},1000.0,0.0,1000.0,,unknown,0.0,{},,650.0,{},1000,0,1000,0
2024-06-01 10:00:00,36.07,36.12,35.94,35.95,13621.57,0.00013,72,0.0,0.0,unknown,,1000.0,0.0,0.0,,{},,{},1000.0,0.0,1000.0,,unknown,0.0,{},,651.0,{},1000,0,1000,0
2024-06-01 11:00:00,35.95,36.1,35.93,36.05,16709.62,0.00013,72,0.0,0.0,unknown,,1000.0,0.0,0.0,,{},,{},1000.0,0.0,1000.0,,unknown,0.0,{},,652.0,{},1000,0,1000,0
2024-06-01 12:00:00,36.04,36.14,35.96,36.03,17761.08,0.00013,72,0.0,0.0,unknown,,1000.0,0.0,0.0,,{},,{},1000.0,0.0,1000.0,,unknown,0.0,{},,653.0,{},1000,0,1000,0
2024-06-01 13:00:00,36.03,36.15,36.02,36.07,19504.31,0.00013,72,0.0,0.0,unknown,,1000.0,0.0,0.0,,{},,{},1000.0,0.0,1000.0,,unknown,0.0,{},,654.0,{},1000,0,1000,0
2024-06-01 14:00:00,36.07,36.22,36.05,36.14,22223.86,0.00013,72,0.0,0.0,unknown,,1000.0,0.0,0.0,,{},,{},1000.0,0.0,1000.0,,unknown,0.0,{},,655.0,{},1000,0,1000,0
2024-06-01 15:00:00,36.14,36.21,35.95,35.96,75291.92,0.00013,72,0.0,0.0,unknown,,1000.0,0.0,0.0,,{},,{},1000.0,0.0,1000.0,,unknown,0.0,{},,656.0,{},1000,0,1000,0
2024-06-01 16:00:00,35.97,36.01,35.87,35.89,33751.77,0.00013,72,0.0,0.0,unknown,,1000.0,0.0,0.0,,{},,{},1000.0,0.0,1000.0,,unknown,0.0,{},,657.0,{},1000,0,1000,0
2024-06-01 17:00:00,35.9,35.99,35.78,35.97,28835.16,0.000246,72,0.0,0.0,unknown,,1000.0,0.0,0.0,,{},,{},1000.0,0.0,1000.0,,unknown,0.0,{},,658.0,{},1000,0,1000,0
2024-06-01 18:00:00,35.97,36.03,35.86,35.91,20425.96,0.000246,72,0.0,0.0,unknown,,1000.0,0.0,0.0,,{},,{},1000.0,0.0,1000.0,,unknown,0.0,{},,659.0,{},1000,0,1000,0
2024-06-01 19:00:00,35.92,36.01,35.9,35.99,13431.06,0.000246,72,0.0,0.0,unknown,,1000.0,0.0,0.0,,{},,{},1000.0,0.0,1000.0,,unknown,0.0,{},,660.0,{},1000,0,1000,0
2024-06-01 20:00:00,35.98,36.02,35.94,36.0,8193.17,0.000246,72,0.0,0.0,unknown,,1000.0,0.0,0.0,,{},,{},1000.0,0.0,1000.0,,unknown,0.0,{},,661.0,{},1000,0,1000,0
2024-06-01 21:00:00,36.0,36.1,35.96,36.03,13301.61,0.000246,72,0.0,0.0,unknown,,1000.0,0.0,0.0,,{},,{},1000.0,0.0,1000.0,,unknown,0.0,{},,662.0,{},1000,0,1000,0
