timestamp,open,high,low,close,volume,close_time,quote_asset_volume,number_of_trades,taker_buy_base_asset_volume,taker_buy_quote_asset_volume,ignore
2022-06-16,3.47,4.95,2.501,3.485,1541.34485314,2022-06-16 23:59:59.999,5371.586813192899,161,,,0
2022-06-17,4.474,4.474,2.65,3.476,7353.78144805,2022-06-17 23:59:59.999,25561.7443134218,168,,,0
2022-06-18,3.476,4.278,2.75,3.126,12359.86513732,2022-06-18 23:59:59.999,38636.93841926232,356,,,0
2022-06-19,3.119,4.837,2.942,3.28,17282.60086941,2022-06-19 23:59:59.999,56686.930851664794,299,,,0
2022-06-20,3.28,4.0,3.133,3.365,14314.49386024,2022-06-20 23:59:59.999,48168.2718397076,270,,,0
2022-06-21,3.503,3.799,3.423,3.479,18659.24474699,2022-06-21 23:59:59.999,64915.51247477821,239,,,0
2022-06-22,3.423,3.8,3.273,3.316,7475.41345969,2022-06-22 23:59:59.999,24788.47103233204,178,,,0
2022-06-23,3.469,4.293,3.367,3.579,28054.08061029,2022-06-23 23:59:59.999,100405.55450422791,152,,,0
2022-06-24,3.558,4.28,3.546,4.058,41195.59086342,2022-06-24 23:59:59.999,167171.70772375836,275,,,0
2022-06-25,3.991,4.41,3.97,4.229,48403.17725656,2022-06-25 23:59:59.999,204697.03661799224,308,,,0
2022-06-26,4.169,4.354,3.81,3.821,31663.65092679,2022-06-26 23:59:59.999,120986.8101912646,237,,,0
2022-06-27,3.791,5.167,3.66,3.701,27580.11715271,2022-06-27 23:59:59.999,102074.01358217972,241,,,0
2022-06-28,3.742,3.995,3.397,3.43,32153.94207661,2022-06-28 23:59:59.999,110288.02132277231,210,,,0
2022-06-29,3.413,4.05,3.344,3.427,13323.09768237,2022-06-29 23:59:59.999,45658.255757481995,155,,,0
2022-06-30,3.416,3.74,3.13,3.36,22561.01639723,2022-06-30 23:59:59.999,75805.01509469279,385,,,0
2022-07-01,3.306,3.699,3.252,3.399,18898.37513835,2022-07-01 23:59:59.999,64235.57709525165,183,,,0
2022-07-02,3.381,3.497,3.239,3.337,2944.56660648,2022-07-02 23:59:59.999,9826.01876582376,79,,,0
2022-07-03,3.296,3.505,3.204,3.336,2382.5029025,2022-07-03 23:59:59.999,7948.029682739999,79,,,0
2022-07-04,3.337,3.551,3.221,3.548,5468.80618785,2022-07-04 23:59:59.999,19403.3243544918,88,,,0
2022-07-05,3.537,3.98,3.279,3.427,14151.08071905,2022-07-05 23:59:59.999,48495.75362418435,183,,,0
2022-07-06,3.419,3.73,3.312,3.507,7849.79530274,2022-07-06 23:59:59.999,27529.23212670918,105,,,0
2022-07-07,3.516,3.778,3.46,3.72,15665.24189435,2022-07-07 23:59:59.999,58274.699846982,134,,,0
2022-07-08,3.693,3.824,3.5,3.62,13640.81494457,2022-07-08 23:59:59.999,49379.7500993434,131,,,0
2022-07-09,3.675,3.989,3.654,3.839,10283.98676846,2022-07-09 23:59:59.999,39480.22520411794,162,,,0
2022-07-10,3.835,3.835,3.54,3.643,11977.50486915,2022-07-10 23:59:59.999,43634.050238313444,148,,,0
2022-07-11,3.662,3.95,3.229,3.315,27654.32132225,2022-07-11 23:59:59.999,91674.07518325876,593,,,0
2022-07-12,3.315,3.462,3.225,3.323,5797.87728982,2022-07-12 23:59:59.999,19266.34623407186,256,,,0
2022-07-13,3.323,3.538,3.1,3.316,13959.14913115,2022-07-13 23:59:59.999,46288.538518893394,557,,,0
2022-07-14,3.333,3.532,3.234,3.488,14967.75875842,2022-07-14 23:59:59.999,52207.542549368954,229,,,0
2022-07-15,3.451,3.616,3.45,3.508,29711.48887511,2022-07-15 23:59:59.999,104227.90297388588,231,,,0
2022-07-16,3.492,3.683,3.384,3.642,23402.10659399,2022-07-16 23:59:59.999,85230.47221531157,208,,,0
2022-07-17,3.683,3.758,3.523,3.523,19697.38715114,2022-07-17 23:59:59.999,69393.89493346622,143,,,0
2022-07-18,3.542,4.104,3.542,4.082,73413.85100225,2022-07-18 23:59:59.999,299675.33979118447,363,,,0
2022-07-19,4.096,4.646,4.096,4.549,73499.36704797,2022-07-19 23:59:59.999,334348.6207012155,514,,,0
2022-07-20,4.529,4.8,4.157,4.192,34739.37115221,2022-07-20 23:59:59.999,145627.4438700643,321,,,0
2022-07-21,4.211,4.498,4.028,4.401,48154.13622123,2022-07-21 23:59:59.999,211926.35350963322,297,,,0
2022-07-22,4.369,4.8,4.285,4.321,53292.21104079,2022-07-22 23:59:59.999,230275.6439072536,415,,,0
2022-07-23,4.281,4.462,4.15,4.293,25522.66318028,2022-07-23 23:59:59.999,109568.79303294205,177,,,0
2022-07-24,4.331,4.8,4.263,4.363,15600.02287616,2022-07-24 23:59:59.999,68062.89980868608,228,,,0
2022-07-25,4.363,4.382,3.797,3.797,93104.5322520599,2022-07-25 23:59:59.999,353517.90896107146,569,,,0
2022-07-26,3.81,3.923,3.591,3.75,36561.71485873,2022-07-26 23:59:59.999,137106.43072023752,303,,,0
2022-07-27,3.764,4.485,3.645,4.146,55045.35924213,2022-07-27 23:59:59.999,228218.05941787097,518,,,0
2022-07-28,4.148,4.45,4.056,4.368,70155.76305234,2022-07-28 23:59:59.999,306440.37301262113,507,,,0
2022-07-29,4.384,4.585,4.27,4.383,142264.98200505,2022-07-29 23:59:59.999,623547.4161281341,790,,,0
2022-07-30,4.387,4.8,4.3,4.383,62169.5466505399,2022-07-30 23:59:59.999,272489.1229693164,898,,,0
2022-07-31,4.355,4.62,4.225,4.239,84359.7688252303,2022-07-31 23:59:59.999,357601.06005015125,1342,,,0
2022-08-01,4.247,4.355,4.136,4.265,56256.84295847,2022-08-01 23:59:59.999,239935.43521787453,421,,,0
2022-08-02,4.298,4.444,4.035,4.328,40996.88375998,2022-08-02 23:59:59.999,177434.51291319347,424,,,0
2022-08-03,4.391,4.652,4.185,4.496,72464.9869664799,2022-08-03 23:59:59.999,325802.5814012937,638,,,0
2022-08-04,4.496,4.706,4.335,4.415,35177.98692896,2022-08-04 23:59:59.999,155310.81229135842,387,,,0
2022-08-05,4.414,6.136,4.4,5.194,111384.0049145399,2022-08-05 23:59:59.999,578528.5215261203,1056,,,0
2022-08-06,5.15,5.208,4.882,4.912,38154.6305068,2022-08-06 23:59:59.999,187415.5450494016,431,,,0
2022-08-07,4.911,5.185,4.819,4.992,42356.15653783,2022-08-07 23:59:59.999,211441.93343684735,465,,,0
2022-08-08,4.988,5.781,4.988,5.501,255140.803620941,2022-08-08 23:59:59.999,1403529.5607187964,1839,,,0
2022-08-09,5.49,5.605,5.218,5.376,86363.5575242599,2022-08-09 23:59:59.999,464290.4852504213,748,,,0
2022-08-10,5.37,6.19,5.212,5.885,121192.9962930297,2022-08-10 23:59:59.999,713220.7831844798,1590,,,0
2022-08-11,5.899,5.96,5.732,5.76,58376.3647679499,2022-08-11 23:59:59.999,336247.8610633914,673,,,0
2022-08-12,5.724,6.054,5.663,5.978,54829.61658537,2022-08-12 23:59:59.999,327771.44794734183,587,,,0
2022-08-13,5.978,6.099,5.85,5.867,28533.29624036,2022-08-13 23:59:59.999,167404.84904219213,340,,,0
2022-08-14,5.884,5.957,5.513,5.617,61884.14210987,2022-08-14 23:59:59.999,347603.2262311398,530,,,0
2022-08-15,5.609,5.808,5.319,5.414,44562.51931456,2022-08-15 23:59:59.999,241261.4795690278,413,,,0
2022-08-16,5.406,5.52,5.259,5.281,27638.64872295,2022-08-16 23:59:59.999,145959.70390589896,361,,,0
2022-08-17,5.272,5.504,4.946,4.959,110399.98369978,2022-08-17 23:59:59.999,547473.5191672089,854,,,0
2022-08-18,4.992,5.184,4.85,4.856,62858.5913604501,2022-08-18 23:59:59.999,305241.3196463457,531,,,0
2022-08-19,4.911,4.924,4.202,4.254,310806.5139126602,2022-08-19 23:59:59.999,1322170.9101844563,2086,,,0
2022-08-20,4.255,5.155,4.0,4.154,48821.84254668,2022-08-20 23:59:59.999,202805.93393890874,577,,,0
2022-08-21,4.147,4.298,4.097,4.232,23294.52615472,2022-08-21 23:59:59.999,98582.43468677504,269,,,0
2022-08-22,4.238,4.239,3.95,4.129,27217.49455568,2022-08-22 23:59:59.999,112381.03502040272,304,,,0
2022-08-23,4.135,4.409,4.026,4.307,30688.09625587,2022-08-23 23:59:59.999,132173.6305740321,327,,,0
2022-08-24,4.316,4.4,4.149,4.281,58255.49932466,2022-08-24 23:59:59.999,249391.79260886944,404,,,0
2022-08-25,4.305,4.465,4.22,4.318,48070.96162492,2022-08-25 23:59:59.999,207570.41229640454,280,,,0
2022-08-26,4.28,4.427,3.9,3.9,33341.79921434,2022-08-26 23:59:59.999,130033.01693592599,438,,,0
2022-08-27,3.906,4.026,3.839,3.925,45854.34807389,2022-08-27 23:59:59.999,179978.31619001826,298,,,0
2022-08-28,3.885,3.926,3.702,3.702,19370.30551374,2022-08-28 23:59:59.999,71708.87101186549,217,,,0
2022-08-29,3.78,4.057,3.7,4.038,29220.31991605,2022-08-29 23:59:59.999,117991.65182100992,276,,,0
2022-08-30,4.019,4.27,3.976,4.201,53520.65470351,2022-08-30 23:59:59.999,224840.27040944548,471,,,0
2022-08-31,4.27,5.1,4.25,4.375,74861.2739035,2022-08-31 23:59:59.999,327518.0733278125,623,,,0
2022-09-01,4.369,4.41,4.199,4.35,19263.99007341,2022-09-01 23:59:59.999,83798.3568193335,277,,,0
2022-09-02,4.357,4.373,4.116,4.156,38546.35433982,2022-09-02 23:59:59.999,160198.6486362919,362,,,0
2022-09-03,4.16,4.205,4.128,4.151,44699.90918724,2022-09-03 23:59:59.999,185549.32303623325,222,,,0
2022-09-04,4.163,4.241,4.108,4.239,68353.0273054301,2022-09-04 23:59:59.999,289748.4827477182,359,,,0
2022-09-05,4.245,4.272,4.13,4.23,64874.33316304,2022-09-05 23:59:59.999,274418.42927965923,296,,,0
2022-09-06,4.244,4.552,3.983,4.108,90644.1349404199,2022-09-06 23:59:59.999,372366.1063352449,703,,,0
2022-09-07,4.135,4.452,4.047,4.374,47447.67673147,2022-09-07 23:59:59.999,207536.13802344975,395,,,0
2022-09-08,4.41,4.69,4.39,4.69,244856.31623011,2022-09-08 23:59:59.999,1148376.123119216,1055,,,0
2022-09-09,4.677,4.883,4.616,4.832,91814.81790647,2022-09-09 23:59:59.999,443649.200124063,594,,,0
2022-09-10,4.859,4.911,4.665,4.817,25411.91580884,2022-09-10 23:59:59.999,122409.19845118228,283,,,0
2022-09-11,4.833,5.039,4.639,4.886,36622.33796441,2022-09-11 23:59:59.999,178936.74329410726,351,,,0
2022-09-12,4.904,5.288,4.717,5.1,295140.8153756099,2022-09-12 23:59:59.999,1505218.1584156104,1783,,,0
2022-09-13,5.081,5.081,4.404,4.429,64663.3919183401,2022-09-13 23:59:59.999,286394.1628063283,690,,,0
2022-09-14,4.402,5.21,4.35,4.51,152855.2979168199,2022-09-14 23:59:59.999,689377.3936048577,1042,,,0
2022-09-15,4.516,4.516,4.144,4.18,47173.25410214,2022-09-15 23:59:59.999,197184.2021469452,533,,,0
2022-09-16,4.146,4.244,4.108,4.211,29996.51988407,2022-09-16 23:59:59.999,126315.34523181878,362,,,0
2022-09-17,4.206,4.437,4.206,4.382,57571.12303649,2022-09-17 23:59:59.999,252276.66114589915,440,,,0
2022-09-18,4.38,4.403,3.835,3.917,41169.75323113,2022-09-18 23:59:59.999,161261.92340633622,455,,,0
2022-09-19,3.918,4.079,3.812,4.063,56958.73074971,2022-09-19 23:59:59.999,231423.3230360717,503,,,0
2022-09-20,4.059,4.157,3.812,3.818,57827.74070841,2022-09-20 23:59:59.999,220786.31402470937,372,,,0
2022-09-21,3.826,4.026,3.223,3.657,119808.8984945298,2022-09-21 23:59:59.999,438141.14179449546,926,,,0
2022-09-22,3.654,3.937,3.625,3.873,74135.7401841201,2022-09-22 23:59:59.999,287127.72173309716,525,,,0
2022-09-23,3.867,3.943,3.625,3.793,59606.6373664,2022-09-23 23:59:59.999,226087.9755307552,390,,,0
2022-09-24,3.806,3.869,3.67,3.701,50809.95373464,2022-09-24 23:59:59.999,188047.63877190265,210,,,0
2022-09-25,3.682,3.771,3.407,3.649,54605.6227589999,2022-09-25 23:59:59.999,199255.91744759065,322,,,0
2022-09-26,3.676,3.718,3.575,3.684,39727.8059609399,2022-09-26 23:59:59.999,146357.23716010258,313,,,0
2022-09-27,3.694,4.029,3.566,3.625,83498.00322776,2022-09-27 23:59:59.999,302680.26170063,537,,,0
2022-09-28,3.625,3.639,3.45,3.566,49982.29038235,2022-09-28 23:59:59.999,178236.8475034601,321,,,0
2022-09-29,3.593,3.605,3.51,3.583,57176.07415843,2022-09-29 23:59:59.999,204861.8737096547,262,,,0
2022-09-30,3.584,3.643,3.519,3.563,33593.73852431,2022-09-30 23:59:59.999,119694.49036211653,246,,,0
2022-10-01,3.57,3.589,3.538,3.556,5787.00025993,2022-10-01 23:59:59.999,20578.57292431108,89,,,0
2022-10-02,3.56,3.608,3.456,3.488,15621.70546974,2022-10-02 23:59:59.999,54488.508678453116,174,,,0
2022-10-03,3.467,3.555,3.417,3.551,40616.74301004,2022-10-03 23:59:59.999,144230.05442865205,246,,,0
2022-10-04,3.558,3.647,3.538,3.63,27074.95902054,2022-10-04 23:59:59.999,98282.10124456021,220,,,0
2022-10-05,3.623,3.722,3.556,3.699,39933.93912869,2022-10-05 23:59:59.999,147715.6408370243,361,,,0
2022-10-06,3.696,3.756,3.605,3.62,11439.39831022,2022-10-06 23:59:59.999,41410.6218829964,155,,,0
2022-10-07,3.621,3.628,3.525,3.554,59762.0504703,2022-10-07 23:59:59.999,212394.32737144618,291,,,0
2022-10-08,3.567,3.57,3.467,3.495,14616.8446309,2022-10-08 23:59:59.999,51085.8719849955,128,,,0
2022-10-09,3.489,3.534,3.486,3.499,7361.45449366,2022-10-09 23:59:59.999,25757.729273316338,86,,,0
2022-10-10,3.533,3.547,3.22,3.22,43602.88162356,2022-10-10 23:59:59.999,140401.27882786322,344,,,0
2022-10-11,3.22,3.235,3.093,3.165,69479.38607655,2022-10-11 23:59:59.999,219902.25693228075,429,,,0
2022-10-12,3.185,3.331,3.094,3.179,87914.6827022701,2022-10-12 23:59:59.999,279480.77631051664,330,,,0
2022-10-13,3.15,3.153,2.77,3.045,129056.7863582399,2022-10-13 23:59:59.999,392977.91446084046,893,,,0
2022-10-14,3.05,3.171,2.968,3.014,57881.89469601,2022-10-14 23:59:59.999,174456.03061377414,321,,,0
2022-10-15,3.014,3.023,2.919,2.919,59657.70563845,2022-10-15 23:59:59.999,174140.84275863555,219,,,0
2022-10-16,2.925,3.034,2.925,3.024,8191.53550494,2022-10-16 23:59:59.999,24771.20336693856,129,,,0
2022-10-17,3.02,3.067,2.965,3.063,157480.18247936,2022-10-17 23:59:59.999,482361.7989342797,581,,,0
2022-10-18,3.067,3.098,2.904,2.963,247245.0155661697,2022-10-18 23:59:59.999,732586.9811225608,909,,,0
2022-10-19,2.971,2.973,2.81,2.836,48358.29390915,2022-10-19 23:59:59.999,137144.1215263494,264,,,0
2022-10-20,2.832,2.943,2.797,2.867,36340.62076603,2022-10-20 23:59:59.999,104188.559736208,233,,,0
2022-10-21,2.863,2.919,2.737,2.888,14204.36339782,2022-10-21 23:59:59.999,41022.201492904154,183,,,0
2022-10-22,2.893,2.928,2.834,2.918,17588.23331275,2022-10-22 23:59:59.999,51322.4648066045,139,,,0
2022-10-23,2.921,2.999,2.85,2.982,19492.94182002,2022-10-23 23:59:59.999,58127.95250729965,177,,,0
2022-10-24,2.984,3.009,2.874,2.924,26316.93823265,2022-10-24 23:59:59.999,76950.7273922686,206,,,0
2022-10-25,2.926,3.075,2.897,3.007,198482.5849495998,2022-10-25 23:59:59.999,596837.1329434466,821,,,0
2022-10-26,3.011,3.108,3.003,3.067,28117.14678533,2022-10-26 23:59:59.999,86235.28919060712,230,,,0
2022-10-27,3.061,3.176,2.598,2.966,91051.0529739801,2022-10-27 23:59:59.999,270057.42312082497,562,,,0
2022-10-28,2.965,3.059,2.895,3.027,32550.91102243,2022-10-28 23:59:59.999,98531.60766489561,283,,,0
2022-10-29,3.056,3.17,3.037,3.075,29694.17198449,2022-10-29 23:59:59.999,91309.57885230676,252,,,0
2022-10-30,3.092,3.228,3.065,3.104,35200.45377649,2022-10-30 23:59:59.999,109262.20852222497,266,,,0
2022-10-31,3.108,3.303,3.044,3.11,75964.40419831,2022-10-31 23:59:59.999,236249.2970567441,412,,,0
2022-11-01,3.141,3.159,3.014,3.017,12000.8784014,2022-11-01 23:59:59.999,36206.6501370238,150,,,0
2022-11-02,3.01,3.04,2.84,2.897,57768.74939944,2022-11-02 23:59:59.999,167356.06701017768,367,,,0
2022-11-03,2.896,3.117,2.896,3.017,35145.01336719,2022-11-03 23:59:59.999,106032.50532881221,275,,,0
2022-11-04,3.037,3.37,3.037,3.3,112179.43069066,2022-11-04 23:59:59.999,370192.12127917795,573,,,0
2022-11-05,3.304,3.436,3.267,3.335,77920.5394731699,2022-11-05 23:59:59.999,259864.99914302162,402,,,0
2022-11-06,3.342,3.352,3.086,3.093,34268.28311121,2022-11-06 23:59:59.999,105991.79966297254,231,,,0
2022-11-07,3.11,3.147,2.971,3.032,40948.87137855,2022-11-07 23:59:59.999,124156.9780197636,295,,,0
2022-11-08,3.055,3.243,2.5,2.638,209775.2935157801,2022-11-08 23:59:59.999,553387.2242946279,1676,,,0
2022-11-09,2.634,2.66,1.979,2.019,392480.6637595615,2022-11-09 23:59:59.999,792418.4601305547,3931,,,0
2022-11-10,2.016,2.5,1.977,2.319,484219.2903273755,2022-11-10 23:59:59.999,1122904.5342691839,3687,,,0
2022-11-11,2.313,2.5,2.0,2.122,307691.8743012098,2022-11-11 23:59:59.999,652922.1572671672,1046,,,0
2022-11-12,2.132,2.132,1.96,1.992,54213.21744256,2022-11-12 23:59:59.999,107992.72914557952,424,,,0
2022-11-13,1.994,2.077,1.78,1.94,134208.9238002,2022-11-13 23:59:59.999,260365.312172388,568,,,0
2022-11-14,1.947,2.012,1.805,1.96,166534.2277129637,2022-11-14 23:59:59.999,326407.0863174089,1755,,,0
2022-11-15,1.96,2.041,1.922,1.984,224366.7208816747,2022-11-15 23:59:59.999,445143.57422924263,2992,,,0
2022-11-16,1.991,2.259,1.899,1.923,102589.00623762,2022-11-16 23:59:59.999,197278.65899494325,503,,,0
2022-11-17,1.925,2.058,1.823,1.83,69164.94472852,2022-11-17 23:59:59.999,126571.84885319161,395,,,0
2022-11-18,1.847,1.865,1.75,1.784,30723.79607609,2022-11-18 23:59:59.999,54811.25219974456,302,,,0
2022-11-19,1.785,1.785,1.708,1.751,59775.0209755,2022-11-19 23:59:59.999,104666.0617281005,274,,,0
2022-11-20,1.728,1.76,1.558,1.569,117159.5881529898,2022-11-20 23:59:59.999,183823.393812041,606,,,0
2022-11-21,1.569,1.577,1.437,1.562,192714.2125774099,2022-11-21 23:59:59.999,301019.6000459143,779,,,0
2022-11-22,1.564,2.22,1.5,1.623,235463.653724,2022-11-22 23:59:59.999,382157.509994052,839,,,0
2022-11-23,1.627,2.0,1.593,1.696,184146.2439160903,2022-11-23 23:59:59.999,312312.0296816891,604,,,0
2022-11-24,1.694,1.732,1.625,1.643,139227.6049419101,2022-11-24 23:59:59.999,228750.9549195583,445,,,0
2022-11-25,1.639,1.654,1.598,1.645,56064.28128894,2022-11-25 23:59:59.999,92225.7427203063,258,,,0
2022-11-26,1.648,1.7,1.588,1.609,35693.12473104,2022-11-26 23:59:59.999,57430.23769224336,205,,,0
2022-11-27,1.61,1.8,1.582,1.619,111551.4052618,2022-11-27 23:59:59.999,180601.7251188542,349,,,0
2022-11-28,1.619,1.79,1.49,1.59,167334.7153128401,2022-11-28 23:59:59.999,266062.1973474158,620,,,0
2022-11-29,1.586,1.633,1.511,1.607,45433.77325417,2022-11-29 23:59:59.999,73012.0736194512,199,,,0
2022-11-30,1.612,1.8,1.612,1.725,151497.3917844499,2022-11-30 23:59:59.999,261333.00082817607,577,,,0
2022-12-01,1.725,1.898,1.696,1.733,75213.6877825001,2022-12-01 23:59:59.999,130345.32092707268,403,,,0
2022-12-02,1.737,1.895,1.719,1.752,77648.40428829,2022-12-02 23:59:59.999,136040.00431308406,453,,,0
2022-12-03,1.753,1.753,1.666,1.672,35761.70562648,2022-12-03 23:59:59.999,59793.57180747455,221,,,0
2022-12-04,1.68,1.737,1.68,1.734,24943.56137558,2022-12-04 23:59:59.999,43252.13542525572,187,,,0
2022-12-05,1.724,1.777,1.682,1.72,41405.70214109,2022-12-05 23:59:59.999,71217.8076826748,237,,,0
2022-12-06,1.722,1.848,1.721,1.788,87902.51378863,2022-12-06 23:59:59.999,157169.69465407045,367,,,0
2022-12-07,1.788,1.825,1.45,1.693,125642.1748431199,2022-12-07 23:59:59.999,212712.20200940198,576,,,0
2022-12-08,1.701,1.724,1.647,1.706,48890.80704093,2022-12-08 23:59:59.999,83407.71681182657,240,,,0
2022-12-09,1.708,1.833,1.681,1.691,97178.5057892001,2022-12-09 23:59:59.999,164328.8532895374,513,,,0
2022-12-10,1.694,1.724,1.692,1.701,12228.37392174,2022-12-10 23:59:59.999,20800.464040879742,59,,,0
2022-12-11,1.699,1.71,1.624,1.632,42532.52517691,2022-12-11 23:59:59.999,69413.08108871711,154,,,0
2022-12-12,1.638,1.638,1.582,1.627,46715.27784827,2022-12-12 23:59:59.999,76005.7570591353,198,,,0
2022-12-13,1.633,1.778,1.559,1.71,59400.61980516,2022-12-13 23:59:59.999,101575.0598668236,282,,,0
2022-12-14,1.715,1.734,1.662,1.663,82872.48822352,2022-12-14 23:59:59.999,137816.94791571377,253,,,0
2022-12-15,1.659,1.668,1.59,1.598,27718.92793085,2022-12-15 23:59:59.999,44294.846833498304,185,,,0
2022-12-16,1.588,1.608,1.35,1.374,95655.9312103299,2022-12-16 23:59:59.999,131431.2494829933,523,,,0
2022-12-17,1.373,1.439,1.03,1.395,334948.87633191,2022-12-17 23:59:59.999,467253.6824830145,956,,,0
2022-12-18,1.395,1.395,1.347,1.366,20412.19382623,2022-12-18 23:59:59.999,27883.05676663018,143,,,0
2022-12-19,1.381,1.383,1.027,1.252,238550.5553297999,2022-12-19 23:59:59.999,298665.2952729095,572,,,0
2022-12-20,1.253,1.349,1.253,1.347,41984.57239863,2022-12-20 23:59:59.999,56553.21902095461,202,,,0
2022-12-21,1.339,1.346,1.28,1.304,42623.216782,2022-12-21 23:59:59.999,55580.67468372801,209,,,0
2022-12-22,1.304,1.376,1.25,1.314,104038.40761009,2022-12-22 23:59:59.999,136706.46759965827,315,,,0
2022-12-23,1.317,1.362,1.317,1.342,79369.92811891,2022-12-23 23:59:59.999,106514.44353557723,224,,,0
2022-12-24,1.343,1.352,1.329,1.337,21994.57453096,2022-12-24 23:59:59.999,29406.74614789352,84,,,0
2022-12-25,1.339,1.339,1.302,1.332,17221.90522859,2022-12-25 23:59:59.999,22939.57776448188,117,,,0
2022-12-26,1.335,1.429,1.333,1.367,31762.2394093,2022-12-26 23:59:59.999,43418.9812725131,239,,,0
2022-12-27,1.373,1.401,1.318,1.357,400953.4598083401,2022-12-27 23:59:59.999,544093.8449599176,726,,,0
2022-12-28,1.354,1.357,1.268,1.31,177703.5199199498,2022-12-28 23:59:59.999,232791.61109513423,468,,,0
2022-12-29,1.313,1.329,1.266,1.297,50017.76919631,2022-12-29 23:59:59.999,64873.046647614065,234,,,0
2022-12-30,1.296,1.3,1.242,1.267,81315.31905587,2022-12-30 23:59:59.999,103026.50924378728,274,,,0
2022-12-31,1.275,1.277,1.213,1.251,69168.2512788099,2022-12-31 23:59:59.999,86529.48234979117,403,,,0
2023-01-01,1.25,1.281,1.211,1.273,46770.36093741,2023-01-01 23:59:59.999,59538.66947332292,228,,,0
2023-01-02,1.275,1.322,1.237,1.315,53301.01771641,2023-01-02 23:59:59.999,70090.83829707916,267,,,0
2023-01-03,1.313,1.38,1.298,1.334,188478.3001620801,2023-01-03 23:59:59.999,251430.05241621486,575,,,0
2023-01-04,1.334,1.619,1.329,1.549,266809.5849618701,2023-01-04 23:59:59.999,413288.0471059368,927,,,0
2023-01-05,1.549,1.692,1.513,1.528,148918.2707693999,2023-01-05 23:59:59.999,227547.11773564306,492,,,0
2023-01-06,1.532,1.616,1.483,1.59,25726.1808848,2023-01-06 23:59:59.999,40904.627606832,159,,,0
2023-01-07,1.593,1.599,1.546,1.564,31850.17204248,2023-01-07 23:59:59.999,49813.66907443872,165,,,0
2023-01-08,1.561,1.654,1.522,1.652,71502.53493955,2023-01-08 23:59:59.999,118122.18772013659,307,,,0
2023-01-09,1.652,1.724,1.623,1.625,313214.058093721,2023-01-09 23:59:59.999,508972.8444022966,922,,,0
2023-01-10,1.643,1.664,1.595,1.639,39318.84885094,2023-01-10 23:59:59.999,64443.59326669066,193,,,0
2023-01-11,1.648,1.899,1.56,1.823,221937.5462699899,2023-01-11 23:59:59.999,404592.1468501916,862,,,0
2023-01-12,1.83,1.951,1.72,1.84,205243.18144002,2023-01-12 23:59:59.999,377647.45384963683,910,,,0
2023-01-13,1.835,1.994,1.778,1.948,161428.9353601898,2023-01-13 23:59:59.999,314463.5660816497,588,,,0
2023-01-14,1.961,2.392,1.945,2.258,307468.5508077499,2023-01-14 23:59:59.999,694263.9877238993,1724,,,0
2023-01-15,2.256,2.256,2.112,2.239,65839.81833168,2023-01-15 23:59:59.999,147415.35324463152,516,,,0
2023-01-16,2.232,2.5,1.941,2.187,312165.9866611799,2023-01-16 23:59:59.999,682707.0128280005,1479,,,0
2023-01-17,2.172,2.253,2.143,2.149,97693.75726212,2023-01-17 23:59:59.999,209943.88435629586,458,,,0
2023-01-18,2.151,2.232,1.943,1.981,221951.52928562,2023-01-18 23:59:59.999,439685.9795148132,889,,,0
2023-01-19,1.971,2.155,1.971,2.088,142991.4696467203,2023-01-19 23:59:59.999,298566.188622352,618,,,0
2023-01-20,2.103,2.406,2.05,2.397,152308.8645083799,2023-01-20 23:59:59.999,365084.3482265866,670,,,0
2023-01-21,2.395,2.475,2.317,2.323,233497.6233791498,2023-01-21 23:59:59.999,542414.9791097649,1230,,,0
2023-01-22,2.32,3.05,2.32,2.398,215727.7054767202,2023-01-22 23:59:59.999,517315.0377331751,1103,,,0
2023-01-23,2.403,2.702,2.403,2.553,283929.64734526,2023-01-23 23:59:59.999,724872.3896724489,1100,,,0
2023-01-24,2.544,2.617,2.317,2.356,290980.9131337,2023-01-24 23:59:59.999,685551.0313429972,836,,,0
2023-01-25,2.352,2.622,2.285,2.549,347795.79481092,2023-01-25 23:59:59.999,886531.4809730351,1279,,,0
2023-01-26,2.559,2.707,2.502,2.525,145860.9448429099,2023-01-26 23:59:59.999,368298.88572834746,787,,,0
2023-01-27,2.522,2.66,2.39,2.568,312692.1265621407,2023-01-27 23:59:59.999,802993.3810115773,1374,,,0
2023-01-28,2.571,2.677,2.436,2.476,244278.2669976501,2023-01-28 23:59:59.999,604832.9890861816,969,,,0
2023-01-29,2.472,2.614,2.434,2.572,377729.5571867001,2023-01-29 23:59:59.999,971520.4210841927,1089,,,0
2023-01-30,2.58,2.58,2.222,2.306,123223.1291172099,2023-01-30 23:59:59.999,284152.535744286,908,,,0
2023-01-31,2.308,2.377,2.278,2.339,123680.2407928599,2023-01-31 23:59:59.999,289288.0832144993,520,,,0
2023-02-01,2.34,2.438,2.172,2.429,215911.1139029003,2023-02-01 23:59:59.999,524448.0956701448,783,,,0
2023-02-02,2.433,2.571,2.412,2.432,294325.7604795899,2023-02-02 23:59:59.999,715800.2494863627,1001,,,0
2023-02-03,2.455,2.515,2.395,2.515,135977.97490179,2023-02-03 23:59:59.999,341984.6068780019,415,,,0
2023-02-04,2.512,2.58,2.433,2.498,63006.50297664,2023-02-04 23:59:59.999,157390.24443564672,307,,,0
2023-02-05,2.501,2.551,2.22,2.392,140611.31890972,2023-02-05 23:59:59.999,336342.2748320502,558,,,0
2023-02-06,2.389,2.423,2.279,2.306,60236.57086873,2023-02-06 23:59:59.999,138905.53242329138,316,,,0
2023-02-07,2.316,2.504,2.31,2.492,122856.69124618,2023-02-07 23:59:59.999,306158.87458548055,439,,,0
2023-02-08,2.504,2.841,2.477,2.644,362256.2460949004,2023-02-08 23:59:59.999,957805.5146749167,1449,,,0
2023-02-09,2.639,2.639,2.21,2.266,355070.3288550302,2023-02-09 23:59:59.999,804589.3651854984,1195,,,0
2023-02-10,2.266,2.395,2.202,2.239,160940.7751346902,2023-02-10 23:59:59.999,360346.3955265713,650,,,0
2023-02-11,2.243,2.295,2.203,2.291,119035.4286398101,2023-02-11 23:59:59.999,272710.1670138049,303,,,0
2023-02-12,2.287,2.369,2.2,2.232,208057.18035132,2023-02-12 23:59:59.999,464383.62654414633,430,,,0
2023-02-13,2.24,2.303,2.091,2.196,153109.90333081,2023-02-13 23:59:59.999,336229.34771445877,473,,,0
2023-02-14,2.187,2.283,2.087,2.25,179511.90295813,2023-02-14 23:59:59.999,403901.7816557925,638,,,0
2023-02-15,2.246,2.524,2.202,2.52,230208.6628439099,2023-02-15 23:59:59.999,580125.8303666529,585,,,0
2023-02-16,2.516,2.56,2.303,2.314,354443.1013623699,2023-02-16 23:59:59.999,820181.336552524,1010,,,0
2023-02-17,2.301,2.485,2.295,2.458,230533.9235212101,2023-02-17 23:59:59.999,566652.3840151344,553,,,0
2023-02-18,2.472,2.694,2.472,2.576,197846.19272216,2023-02-18 23:59:59.999,509651.79245228413,665,,,0
2023-02-19,2.57,2.683,2.501,2.57,177782.0794890303,2023-02-19 23:59:59.999,456899.94428680785,607,,,0
2023-02-20,2.588,2.758,2.483,2.694,360190.5594992504,2023-02-20 23:59:59.999,970353.3672909805,975,,,0
2023-02-21,2.702,2.713,2.497,2.562,120088.38331691,2023-02-21 23:59:59.999,307666.4380579234,524,,,0
2023-02-22,2.563,2.563,2.4,2.503,69595.86207455,2023-02-22 23:59:59.999,174198.44277259865,347,,,0
2023-02-23,2.511,2.56,2.425,2.467,73510.32985728,2023-02-23 23:59:59.999,181349.98375790977,337,,,0
2023-02-24,2.471,2.486,2.255,2.311,91915.43101816,2023-02-24 23:59:59.999,212416.56108296776,486,,,0
2023-02-25,2.313,2.337,2.2,2.283,66521.87878478,2023-02-25 23:59:59.999,151869.44926565274,317,,,0
2023-02-26,2.284,2.385,2.275,2.371,29988.35972905,2023-02-26 23:59:59.999,71102.40091757756,210,,,0
2023-02-27,2.368,2.415,2.291,2.347,49695.04798273,2023-02-27 23:59:59.999,116634.2776154673,337,,,0
2023-02-28,2.347,2.347,2.221,2.237,56393.5687528,2023-02-28 23:59:59.999,126152.4133000136,332,,,0
2023-03-01,2.225,2.359,2.204,2.311,29191.51221021,2023-03-01 23:59:59.999,67461.58471779531,304,,,0
2023-03-02,2.32,2.326,2.21,2.253,49420.24262561,2023-03-02 23:59:59.999,111343.80663549934,240,,,0
2023-03-03,2.255,2.255,2.036,2.104,71814.0876247001,2023-03-03 23:59:59.999,151096.84036236902,641,,,0
2023-03-04,2.103,2.114,1.99,2.048,30559.97931884,2023-03-04 23:59:59.999,62586.83764498432,293,,,0
2023-03-05,2.05,2.114,2.018,2.027,6767.82045789,2023-03-05 23:59:59.999,13718.372068143031,168,,,0
2023-03-06,2.028,2.074,1.991,2.058,36937.91341656,2023-03-06 23:59:59.999,76018.22581128047,289,,,0
2023-03-07,2.062,2.087,1.943,2.001,76252.24717159,2023-03-07 23:59:59.999,152580.7465903516,360,,,0
2023-03-08,2.001,2.01,1.825,1.838,78507.47603764,2023-03-08 23:59:59.999,144296.7409571823,383,,,0
2023-03-09,1.849,2.01,1.739,1.788,140272.3046956301,2023-03-09 23:59:59.999,250806.88079578662,1118,,,0
2023-03-10,1.791,1.823,1.676,1.8,210115.23628124,2023-03-10 23:59:59.999,378207.425306232,903,,,0
2023-03-11,1.806,1.868,1.71,1.808,144956.0335585799,2023-03-11 23:59:59.999,262080.50867391244,474,,,0
2023-03-12,1.808,1.956,1.782,1.949,184377.5562822001,2023-03-12 23:59:59.999,359351.857194008,644,,,0
2023-03-13,1.946,2.053,1.9,2.048,248059.2773337903,2023-03-13 23:59:59.999,508025.39997960255,595,,,0
2023-03-14,2.035,2.522,1.984,2.126,172654.4024381803,2023-03-14 23:59:59.999,367063.2595835713,1138,,,0
2023-03-15,2.121,2.159,1.874,1.92,136041.9252604099,2023-03-15 23:59:59.999,261200.49649998697,723,,,0
2023-03-16,1.925,1.982,1.9,1.973,48758.92360174,2023-03-16 23:59:59.999,96201.35626623304,350,,,0
2023-03-17,1.966,2.168,1.95,2.166,152143.8544549001,2023-03-17 23:59:59.999,329543.5887493136,567,,,0
2023-03-18,2.166,2.216,2.061,2.074,90111.3893127,2023-03-18 23:59:59.999,186891.02143453978,561,,,0
2023-03-19,2.084,2.201,2.084,2.142,40167.80828557,2023-03-19 23:59:59.999,86039.44534769093,399,,,0
2023-03-20,2.159,2.159,1.972,1.998,113096.1175468599,2023-03-20 23:59:59.999,225966.04285862608,619,,,0
2023-03-21,1.994,2.082,1.932,2.073,72469.37123916,2023-03-21 23:59:59.999,150229.00657877867,424,,,0
2023-03-22,2.066,2.078,1.883,1.95,103885.7922914799,2023-03-22 23:59:59.999,202577.2949683858,644,,,0
2023-03-23,1.945,2.071,1.925,2.043,79391.5747539,2023-03-23 23:59:59.999,162196.98722221772,319,,,0
2023-03-24,2.043,2.046,1.94,1.968,75430.86582276,2023-03-24 23:59:59.999,148447.94393919167,435,,,0
2023-03-25,1.963,1.994,1.897,1.915,25492.70220957,2023-03-25 23:59:59.999,48818.52473132655,214,,,0
2023-03-26,1.924,1.982,1.924,1.966,34549.6222618,2023-03-26 23:59:59.999,67924.5573666988,183,,,0
2023-03-27,1.96,1.962,1.815,1.845,81028.05791259,2023-03-27 23:59:59.999,149496.76684872856,501,,,0
2023-03-28,1.844,1.903,1.812,1.887,32568.12627616,2023-03-28 23:59:59.999,61456.054283113925,274,,,0
2023-03-29,1.885,2.0,1.88,2.0,141102.9190059399,2023-03-29 23:59:59.999,282205.8380118798,458,,,0
2023-03-30,1.997,2.028,1.905,1.923,59177.64468487,2023-03-30 23:59:59.999,113798.61072900501,324,,,0
2023-03-31,1.925,2.36,1.89,1.998,181569.7804848803,2023-03-31 23:59:59.999,362776.4214087908,882,,,0
2023-04-01,2.002,2.008,1.965,1.989,35839.27401644,2023-04-01 23:59:59.999,71284.31601869917,204,,,0
2023-04-02,1.993,2.008,1.894,1.92,29111.28510294,2023-04-02 23:59:59.999,55893.6673976448,246,,,0
2023-04-03,1.92,2.015,1.863,1.947,81422.14841027,2023-04-03 23:59:59.999,158528.9229547957,526,,,0
2023-04-04,1.95,2.008,1.919,1.994,160060.7199977,2023-04-04 23:59:59.999,319161.0756754138,491,,,0
2023-04-05,1.996,2.078,1.996,2.031,212347.3293170698,2023-04-05 23:59:59.999,431277.42584296875,717,,,0
2023-04-06,2.031,2.031,1.943,1.987,98273.48629769,2023-04-06 23:59:59.999,195269.41727351004,377,,,0
2023-04-07,1.981,2.022,1.956,2.018,45122.37929711,2023-04-07 23:59:59.999,91056.96142156796,225,,,0
2023-04-08,2.004,2.018,1.955,1.973,42602.13145075,2023-04-08 23:59:59.999,84054.00535232975,185,,,0
2023-04-09,1.976,2.036,1.93,2.011,41923.74954184,2023-04-09 23:59:59.999,84308.66032864024,288,,,0
2023-04-10,2.011,2.068,1.97,2.067,215705.5034981399,2023-04-10 23:59:59.999,445863.27573065524,548,,,0
2023-04-11,2.068,2.108,2.043,2.054,116078.3564177301,2023-04-11 23:59:59.999,238424.9440820176,479,,,0
2023-04-12,2.057,2.246,1.975,2.23,156378.1747661199,2023-04-12 23:59:59.999,348723.32972844737,1006,,,0
2023-04-13,2.224,2.225,2.162,2.205,222727.8734098198,2023-04-13 23:59:59.999,491114.9608686527,557,,,0
2023-04-14,2.209,2.278,2.156,2.221,182385.2005328902,2023-04-14 23:59:59.999,405077.5303835491,701,,,0
2023-04-15,2.21,2.401,2.18,2.325,269043.9046517902,2023-04-15 23:59:59.999,625527.0783154123,929,,,0
2023-04-16,2.315,2.356,2.267,2.314,109175.3125539201,2023-04-16 23:59:59.999,252631.67324977112,421,,,0
2023-04-17,2.308,2.333,2.238,2.29,252961.9758673003,2023-04-17 23:59:59.999,579282.9247361177,789,,,0
2023-04-18,2.286,2.403,2.244,2.346,153777.7797820701,2023-04-18 23:59:59.999,360762.6713687365,624,,,0
2023-04-19,2.344,2.399,2.1,2.153,110942.54497803,2023-04-19 23:59:59.999,238859.29933769858,847,,,0
2023-04-20,2.153,2.195,2.013,2.045,104288.4478051601,2023-04-20 23:59:59.999,213269.8757615524,539,,,0
2023-04-21,2.04,2.06,1.889,1.926,99520.25303937,2023-04-21 23:59:59.999,191676.0073538266,472,,,0
2023-04-22,1.931,1.95,1.898,1.947,13886.4414031,2023-04-22 23:59:59.999,27036.9014118357,137,,,0
2023-04-23,1.938,1.948,1.848,1.916,21958.92860685,2023-04-23 23:59:59.999,42073.3072107246,178,,,0
2023-04-24,1.912,1.941,1.85,1.89,45919.37818394,2023-04-24 23:59:59.999,86787.6247676466,198,,,0
2023-04-25,1.886,1.986,1.847,1.963,64940.25212931,2023-04-25 23:59:59.999,127477.71492983554,242,,,0
2023-04-26,1.966,2.128,1.784,1.893,205623.6179777897,2023-04-26 23:59:59.999,389245.5088319559,756,,,0
2023-04-27,1.889,1.956,1.874,1.921,162173.8798750301,2023-04-27 23:59:59.999,311536.02323993284,375,,,0
2023-04-28,1.927,1.956,1.88,1.919,197381.6519067399,2023-04-28 23:59:59.999,378775.39000903384,320,,,0
2023-04-29,1.916,1.96,1.914,1.939,17013.41577335,2023-04-29 23:59:59.999,32989.01318452565,107,,,0
2023-04-30,1.93,1.985,1.897,1.936,34185.18182785,2023-04-30 23:59:59.999,66182.51201871759,179,,,0
2023-05-01,1.935,1.953,1.802,1.837,39882.09999421,2023-05-01 23:59:59.999,73263.41768936378,257,,,0
2023-05-02,1.837,1.853,1.815,1.839,37630.56323752,2023-05-02 23:59:59.999,69202.60579379927,153,,,0
2023-05-03,1.832,1.927,1.782,1.901,44437.92198607,2023-05-03 23:59:59.999,84476.48969551908,202,,,0
2023-05-04,1.9,1.9,1.83,1.842,42217.73707618,2023-05-04 23:59:59.999,77765.07169432356,172,,,0
2023-05-05,1.844,1.885,1.82,1.872,49273.72204851,2023-05-05 23:59:59.999,92240.40767481072,154,,,0
2023-05-06,1.866,1.866,1.743,1.772,26109.3926151,2023-05-06 23:59:59.999,46265.843713957205,196,,,0
2023-05-07,1.77,1.786,1.73,1.738,25484.95418581,2023-05-07 23:59:59.999,44292.85037493778,118,,,0
2023-05-08,1.749,1.749,1.574,1.648,98455.91715757,2023-05-08 23:59:59.999,162255.35147567536,367,,,0
2023-05-09,1.641,1.646,1.609,1.627,17092.31856175,2023-05-09 23:59:59.999,27809.202299967248,108,,,0
2023-05-10,1.631,1.685,1.554,1.665,67474.96390598,2023-05-10 23:59:59.999,112345.81490345669,219,,,0
2023-05-11,1.648,1.648,1.564,1.596,40605.91210345,2023-05-11 23:59:59.999,64807.0357171062,178,,,0
2023-05-12,1.587,1.657,1.542,1.653,216715.8259836302,2023-05-12 23:59:59.999,358231.26035094075,443,,,0
2023-05-13,1.639,1.675,1.622,1.659,48204.34444564,2023-05-13 23:59:59.999,79971.00743531677,119,,,0
2023-05-14,1.659,1.679,1.644,1.66,24738.2393973,2023-05-14 23:59:59.999,41065.477399518,117,,,0
2023-05-15,1.645,1.703,1.641,1.654,55376.87598987,2023-05-15 23:59:59.999,91593.35288724498,192,,,0
2023-05-16,1.662,1.666,1.631,1.66,26294.76831339,2023-05-16 23:59:59.999,43649.315400227395,111,,,0
2023-05-17,1.65,1.715,1.643,1.703,140276.6237235402,2023-05-17 23:59:59.999,238891.09020118896,296,,,0
2023-05-18,1.696,1.701,1.628,1.657,115108.8549079699,2023-05-18 23:59:59.999,190735.37258250613,205,,,0
2023-05-19,1.659,1.693,1.659,1.667,207187.3823012499,2023-05-19 23:59:59.999,345381.36629618355,226,,,0
2023-05-20,1.66,1.665,1.651,1.66,8014.70065926,2023-05-20 23:59:59.999,13304.403094371599,66,,,0
2023-05-21,1.665,1.665,1.611,1.618,55484.2598547,2023-05-21 23:59:59.999,89773.5324449046,105,,,0
2023-05-22,1.609,1.628,1.576,1.615,34563.02963024,2023-05-22 23:59:59.999,55819.2928528376,102,,,0
2023-05-23,1.609,1.675,1.609,1.648,25493.32375683,2023-05-23 23:59:59.999,42012.99755125584,113,,,0
2023-05-24,1.634,1.634,1.554,1.58,22200.42676915,2023-05-24 23:59:59.999,35076.674295257,119,,,0
2023-05-25,1.572,1.578,1.535,1.562,13096.40369847,2023-05-25 23:59:59.999,20456.58257701014,68,,,0
2023-05-26,1.559,1.595,1.535,1.589,47430.63488275,2023-05-26 23:59:59.999,75367.27882868974,123,,,0
2023-05-27,1.581,1.656,1.565,1.642,52057.81522775,2023-05-27 23:59:59.999,85478.93260396548,86,,,0
2023-05-28,1.629,1.687,1.628,1.668,380698.7094187698,2023-05-28 23:59:59.999,635005.447310508,665,,,0
2023-05-29,1.668,1.673,1.623,1.636,64331.45412045,2023-05-29 23:59:59.999,105246.25894105619,104,,,0
2023-05-30,1.631,1.647,1.605,1.61,37263.11688178,2023-05-30 23:59:59.999,59993.6181796658,89,,,0
2023-05-31,1.605,1.62,1.546,1.57,64824.57947039,2023-05-31 23:59:59.999,101774.5897685123,139,,,0
2023-06-01,1.574,1.574,1.535,1.55,42983.70187149,2023-06-01 23:59:59.999,66624.7379008095,143,,,0
2023-06-02,1.552,1.627,1.537,1.616,67738.43098866,2023-06-02 23:59:59.999,109465.30447767455,186,,,0
2023-06-03,1.613,1.639,1.601,1.617,366630.8535321699,2023-06-03 23:59:59.999,592842.0901615187,483,,,0
2023-06-04,1.618,1.647,1.6,1.617,86051.5420416801,2023-06-04 23:59:59.999,139145.34348139673,157,,,0
2023-06-05,1.613,1.653,1.44,1.499,380121.1707319804,2023-06-05 23:59:59.999,569801.6349272387,1111,,,0
2023-06-06,1.496,1.536,1.449,1.536,131986.97415419,2023-06-06 23:59:59.999,202731.99230083582,328,,,0
2023-06-07,1.528,1.53,1.357,1.414,205913.29975453,2023-06-07 23:59:59.999,291161.40585290536,541,,,0
2023-06-08,1.405,1.422,1.3,1.416,102944.4187058001,2023-06-08 23:59:59.999,145769.29688741293,357,,,0
2023-06-09,1.407,1.431,1.37,1.386,87233.02315981,2023-06-09 23:59:59.999,120904.97009949666,221,,,0
2023-06-10,1.383,1.383,1.172,1.204,325765.2216717899,2023-06-10 23:59:59.999,392221.32689283503,861,,,0
2023-06-11,1.205,1.24,1.186,1.202,166807.61856022,2023-06-11 23:59:59.999,200502.75750938442,264,,,0
2023-06-12,1.208,1.216,1.149,1.196,128692.9607975301,2023-06-12 23:59:59.999,153916.781113846,274,,,0
2023-06-13,1.2,1.242,0.925,1.196,182111.9558089099,2023-06-13 23:59:59.999,217805.89914745622,603,,,0
2023-06-14,1.198,1.242,1.155,1.172,86994.61021447,2023-06-14 23:59:59.999,101957.68317135883,378,,,0
2023-06-15,1.17,1.223,1.16,1.194,72324.1072967999,2023-06-15 23:59:59.999,86354.98411237908,303,,,0
2023-06-16,1.192,1.237,1.179,1.218,30378.31595326,2023-06-16 23:59:59.999,37000.78883107068,179,,,0
2023-06-17,1.209,1.278,1.206,1.259,43949.64872747,2023-06-17 23:59:59.999,55332.60774788472,192,,,0
2023-06-18,1.261,1.279,1.234,1.24,446215.0625533699,2023-06-18 23:59:59.999,553306.6775661787,815,,,0
2023-06-19,1.24,1.243,1.198,1.232,80994.18814461,2023-06-19 23:59:59.999,99784.83979415952,240,,,0
2023-06-20,1.241,1.311,1.219,1.299,32286.87472626,2023-06-20 23:59:59.999,41940.65026941174,233,,,0
2023-06-21,1.298,1.357,1.293,1.339,123297.5364969201,2023-06-21 23:59:59.999,165095.40136937602,385,,,0
2023-06-22,1.338,1.378,1.313,1.326,84355.170124,2023-06-22 23:59:59.999,111854.955584424,359,,,0
2023-06-23,1.325,1.409,1.323,1.384,162590.1427614701,2023-06-23 23:59:59.999,225024.7575818746,387,,,0
2023-06-24,1.389,1.457,1.373,1.415,61229.2541534999,2023-06-24 23:59:59.999,86639.39462720236,300,,,0
2023-06-25,1.411,1.462,1.39,1.4,54781.82699545,2023-06-25 23:59:59.999,76694.55779363,233,,,0
2023-06-26,1.4,1.626,1.352,1.479,290383.7852869409,2023-06-26 23:59:59.999,429477.61843938567,1301,,,0
2023-06-27,1.486,1.504,1.432,1.48,507645.8720793304,2023-06-27 23:59:59.999,751315.8906774089,634,,,0
2023-06-28,1.477,1.477,1.331,1.363,91555.05574734,2023-06-28 23:59:59.999,124789.54098362442,386,,,0
2023-06-29,1.363,1.397,1.338,1.353,95544.78835268,2023-06-29 23:59:59.999,129272.09864117604,255,,,0
2023-06-30,1.349,1.443,1.28,1.386,266791.6922773699,2023-06-30 23:59:59.999,369773.28549643466,810,,,0
2023-07-01,1.387,1.488,1.355,1.483,248574.9975720097,2023-07-01 23:59:59.999,368636.7213992904,611,,,0
2023-07-02,1.485,1.485,1.431,1.467,44845.67532305,2023-07-02 23:59:59.999,65788.60569891435,278,,,0
2023-07-03,1.469,1.485,1.433,1.456,59805.25607167,2023-07-03 23:59:59.999,87076.45284035153,240,,,0
2023-07-04,1.457,1.457,1.385,1.4,33929.0623031,2023-07-04 23:59:59.999,47500.68722434,183,,,0
2023-07-05,1.4,1.414,1.339,1.355,44304.00087664,2023-07-05 23:59:59.999,60031.9211878472,202,,,0
2023-07-06,1.356,1.391,1.288,1.311,49809.84828227,2023-07-06 23:59:59.999,65300.711098055974,311,,,0
2023-07-07,1.313,1.366,1.298,1.337,53953.63273849,2023-07-07 23:59:59.999,72136.00697136113,248,,,0
2023-07-08,1.333,1.398,1.331,1.384,122805.31425919,2023-07-08 23:59:59.999,169962.55493471894,299,,,0
2023-07-09,1.386,1.391,1.321,1.329,25081.99346704,2023-07-09 23:59:59.999,33333.96931769616,157,,,0
2023-07-10,1.329,1.36,1.289,1.33,24697.82722209,2023-07-10 23:59:59.999,32848.1102053797,209,,,0
2023-07-11,1.331,1.351,1.308,1.331,33037.57863252,2023-07-11 23:59:59.999,43973.01715988412,154,,,0
2023-07-12,1.331,1.37,1.309,1.33,66679.71022613,2023-07-12 23:59:59.999,88684.01460075291,259,,,0
2023-07-13,1.33,1.467,1.318,1.467,248810.5667182598,2023-07-13 23:59:59.999,365005.10137568717,687,,,0
2023-07-14,1.467,1.596,1.447,1.499,257432.5163337,2023-07-14 23:59:59.999,385891.34198421636,1079,,,0
2023-07-15,1.501,1.525,1.465,1.486,48801.27413273,2023-07-15 23:59:59.999,72518.69336123679,274,,,0
2023-07-16,1.493,1.511,1.44,1.44,97017.4374276799,2023-07-16 23:59:59.999,139705.10989585906,315,,,0
2023-07-17,1.447,1.508,1.419,1.501,129590.46139596,2023-07-17 23:59:59.999,194515.28255533593,477,,,0
2023-07-18,1.502,1.511,1.442,1.473,91906.1827549,2023-07-18 23:59:59.999,135377.80719796772,409,,,0
2023-07-19,1.471,1.567,1.461,1.472,172215.91041158,2023-07-19 23:59:59.999,253501.82012584576,479,,,0
2023-07-20,1.469,1.602,1.465,1.529,214913.0206358098,2023-07-20 23:59:59.999,328602.0085521532,564,,,0
2023-07-21,1.53,1.534,1.476,1.482,102559.47220574,2023-07-21 23:59:59.999,151993.1378089067,278,,,0
2023-07-22,1.482,1.488,1.43,1.439,22145.6344708,2023-07-22 23:59:59.999,31867.5680034812,157,,,0
2023-07-23,1.443,1.475,1.439,1.45,14787.70173243,2023-07-23 23:59:59.999,21442.167512023498,129,,,0
2023-07-24,1.456,1.462,1.351,1.384,52067.65637072,2023-07-24 23:59:59.999,72061.63641707647,369,,,0
2023-07-25,1.381,1.381,1.334,1.347,32943.64634919,2023-07-25 23:59:59.999,44375.091632358926,204,,,0
2023-07-26,1.349,1.376,1.319,1.36,111153.50687463,2023-07-26 23:59:59.999,151168.7693494968,301,,,0
2023-07-27,1.366,1.387,1.355,1.379,124100.4481540301,2023-07-27 23:59:59.999,171134.51800440752,188,,,0
2023-07-28,1.38,1.402,1.373,1.394,16315.42679748,2023-07-28 23:59:59.999,22743.70495568712,141,,,0
2023-07-29,1.391,1.409,1.385,1.405,133247.56084416,2023-07-29 23:59:59.999,187212.8229860448,205,,,0
2023-07-30,1.406,1.418,1.367,1.393,23411.82845973,2023-07-30 23:59:59.999,32612.677044403892,144,,,0
2023-07-31,1.396,1.414,1.355,1.371,34794.75157707,2023-07-31 23:59:59.999,47703.60441216297,158,,,0
2023-08-01,1.371,1.415,1.33,1.413,100087.6951383101,2023-08-01 23:59:59.999,141423.91323043217,322,,,0
2023-08-02,1.416,1.422,1.38,1.397,116146.3444613299,2023-08-02 23:59:59.999,162256.44321247787,195,,,0
2023-08-03,1.398,1.416,1.352,1.36,85950.2412687,2023-08-03 23:59:59.999,116892.32812543202,193,,,0
2023-08-04,1.361,1.365,1.329,1.34,45352.8765544,2023-08-04 23:59:59.999,60772.854582896,183,,,0
2023-08-05,1.339,1.356,1.332,1.356,20472.20274912,2023-08-05 23:59:59.999,27760.30692780672,136,,,0
2023-08-06,1.353,1.368,1.335,1.336,54315.5850738,2023-08-06 23:59:59.999,72565.6216585968,169,,,0
2023-08-07,1.339,1.36,1.306,1.332,53316.56928283,2023-08-07 23:59:59.999,71017.67028472957,251,,,0
2023-08-08,1.338,1.374,1.331,1.362,99930.31340125,2023-08-08 23:59:59.999,136105.0868525025,237,,,0
2023-08-09,1.363,1.37,1.337,1.35,49841.66773258,2023-08-09 23:59:59.999,67286.251438983,142,,,0
2023-08-10,1.347,1.351,1.328,1.338,75949.5919328,2023-08-10 23:59:59.999,101620.55400608642,190,,,0
2023-08-11,1.335,1.339,1.321,1.332,23422.31664244,2023-08-11 23:59:59.999,31198.525767730083,154,,,0
2023-08-12,1.332,1.358,1.329,1.346,27270.68395879,2023-08-12 23:59:59.999,36706.34060853134,162,,,0
2023-08-13,1.345,1.354,1.335,1.337,75630.5539338,2023-08-13 23:59:59.999,101118.05060949059,168,,,0
2023-08-14,1.343,1.352,1.328,1.335,26092.63617188,2023-08-14 23:59:59.999,34833.6692894598,161,,,0
2023-08-15,1.338,1.339,1.231,1.279,119819.87426969,2023-08-15 23:59:59.999,153249.6191909335,435,,,0
2023-08-16,1.281,1.288,1.183,1.21,239424.3267305501,2023-08-16 23:59:59.999,289703.4353439656,508,,,0
2023-08-17,1.204,1.457,1.089,1.122,224781.4679908605,2023-08-17 23:59:59.999,252204.8070857455,1264,,,0
2023-08-18,1.122,1.155,1.114,1.148,162097.64397265,2023-08-18 23:59:59.999,186088.09528060217,398,,,0
2023-08-19,1.144,1.191,1.138,1.166,79760.24718668,2023-08-19 23:59:59.999,93000.44821966888,295,,,0
2023-08-20,1.168,1.177,1.149,1.173,57078.59558256,2023-08-20 23:59:59.999,66953.19261834289,224,,,0
2023-08-21,1.168,1.172,1.109,1.131,214742.8121086,2023-08-21 23:59:59.999,242874.12049482658,513,,,0
2023-08-22,1.133,1.166,1.097,1.166,206101.5422131,2023-08-22 23:59:59.999,240314.3982204746,574,,,0
2023-08-23,1.168,1.229,1.144,1.206,223978.97095465,2023-08-23 23:59:59.999,270118.6389713079,571,,,0
2023-08-24,1.211,1.217,1.172,1.195,100438.10687184,2023-08-24 23:59:59.999,120023.53771184881,369,,,0
2023-08-25,1.196,1.212,1.158,1.186,34936.72703694,2023-08-25 23:59:59.999,41434.958265810834,393,,,0
2023-08-26,1.191,1.205,1.188,1.192,15698.85807515,2023-08-26 23:59:59.999,18713.0388255788,158,,,0
2023-08-27,1.194,1.227,1.171,1.176,92351.67485277,2023-08-27 23:59:59.999,108605.56962685751,359,,,0
2023-08-28,1.174,1.198,1.15,1.197,117663.7163607701,2023-08-28 23:59:59.999,140843.4684838418,335,,,0
2023-08-29,1.194,1.254,1.163,1.229,265954.4060809702,2023-08-29 23:59:59.999,326857.9650735124,687,,,0
2023-08-30,1.228,1.228,1.189,1.203,22485.86215607,2023-08-30 23:59:59.999,27050.492173752213,192,,,0
2023-08-31,1.198,1.206,1.134,1.156,220378.38457341,2023-08-31 23:59:59.999,254757.41256686195,534,,,0
2023-09-01,1.156,1.162,1.115,1.129,172865.7157930002,2023-09-01 23:59:59.999,195165.39313029725,649,,,0
2023-09-02,1.131,1.132,1.109,1.121,45783.63227806,2023-09-02 23:59:59.999,51323.45178370526,234,,,0
2023-09-03,1.121,1.136,1.115,1.127,33767.29434687,2023-09-03 23:59:59.999,38055.740728922494,293,,,0
2023-09-04,1.126,1.146,1.111,1.127,120765.4230721,2023-09-04 23:59:59.999,136102.6318022567,468,,,0
2023-09-05,1.128,1.152,1.112,1.129,126304.90848038,2023-09-05 23:59:59.999,142598.24167434903,388,,,0
2023-09-06,1.128,1.143,1.109,1.127,141099.43291773,2023-09-06 23:59:59.999,159019.06089828172,439,,,0
2023-09-07,1.13,1.154,1.125,1.151,227737.7106541299,2023-09-07 23:59:59.999,262126.10496290354,488,,,0
2023-09-08,1.151,1.163,1.129,1.151,116605.66628231,2023-09-08 23:59:59.999,134213.1218909388,358,,,0
2023-09-09,1.151,1.184,1.15,1.166,82356.11677116,2023-09-09 23:59:59.999,96027.23215517255,335,,,0
2023-09-10,1.163,1.164,1.106,1.147,70541.2293276101,2023-09-10 23:59:59.999,80910.79003876878,523,,,0
2023-09-11,1.152,1.152,1.082,1.103,245243.35850995,2023-09-11 23:59:59.999,270503.42443647486,612,,,0
2023-09-12,1.103,1.131,1.068,1.07,259242.3974934198,2023-09-12 23:59:59.999,277389.36531795916,670,,,0
2023-09-13,1.073,1.103,1.065,1.092,211801.2378442098,2023-09-13 23:59:59.999,231286.95172587712,450,,,0
2023-09-14,1.093,1.118,1.087,1.107,165511.01790907,2023-09-14 23:59:59.999,183220.6968253405,355,,,0
2023-09-15,1.109,1.133,1.099,1.129,140124.57391821,2023-09-15 23:59:59.999,158200.64395365908,402,,,0
2023-09-16,1.131,1.14,1.12,1.131,101168.5262843599,2023-09-16 23:59:59.999,114421.60322761105,317,,,0
2023-09-17,1.124,1.124,1.08,1.096,63127.6857794,2023-09-17 23:59:59.999,69187.94361422241,384,,,0
2023-09-18,1.094,1.127,1.081,1.1,226180.6318694298,2023-09-18 23:59:59.999,248798.69505637282,646,,,0
2023-09-19,1.101,1.13,1.092,1.122,140175.0719446499,2023-09-19 23:59:59.999,157276.43072189722,358,,,0
2023-09-20,1.123,1.13,1.101,1.119,138005.4791791499,2023-09-20 23:59:59.999,154428.13120146873,389,,,0
2023-09-21,1.123,1.15,1.104,1.13,281671.5292451801,2023-09-21 23:59:59.999,318288.8280470535,653,,,0
2023-09-22,1.122,1.132,1.101,1.121,44791.82497827,2023-09-22 23:59:59.999,50211.63580064067,253,,,0
2023-09-23,1.123,1.125,1.108,1.11,34593.20039837,2023-09-23 23:59:59.999,38398.452442190704,145,,,0
2023-09-24,1.112,1.115,1.094,1.094,55979.58508164,2023-09-24 23:59:59.999,61241.666079314164,206,,,0
2023-09-25,1.096,1.114,1.087,1.1,96307.44933161,2023-09-25 23:59:59.999,105938.19426477101,283,,,0
2023-09-26,1.102,1.106,1.074,1.079,119663.1538578701,2023-09-26 23:59:59.999,129116.54301264184,427,,,0
2023-09-27,1.08,1.097,1.061,1.076,134063.3759795699,2023-09-27 23:59:59.999,144252.1925540172,1309,,,0
2023-09-28,1.077,1.11,1.074,1.109,62052.09926182,2023-09-28 23:59:59.999,68815.77808135838,1247,,,0
2023-09-29,1.109,1.128,1.097,1.122,103942.5403611201,2023-09-29 23:59:59.999,116623.53028517676,970,,,0
2023-09-30,1.123,1.147,1.121,1.133,26254.4670574,2023-09-30 23:59:59.999,29746.3111760342,488,,,0
2023-10-01,1.132,1.169,1.129,1.161,90510.0802562401,2023-10-01 23:59:59.999,105082.20317749475,676,,,0
2023-10-02,1.164,1.171,1.108,1.115,175641.62677791,2023-10-02 23:59:59.999,195840.41385736963,753,,,0
2023-10-03,1.115,1.124,1.095,1.098,80958.4536621,2023-10-03 23:59:59.999,88892.38212098581,282,,,0
2023-10-04,1.098,1.105,1.063,1.103,60360.75979129,2023-10-04 23:59:59.999,66577.91804979288,418,,,0
2023-10-05,1.099,1.11,1.073,1.077,101665.816873,2023-10-05 23:59:59.999,109494.084772221,345,,,0
2023-10-06,1.079,1.102,1.078,1.092,180465.1625423799,2023-10-06 23:59:59.999,197067.95749627886,358,,,0
2023-10-07,1.096,1.109,1.084,1.093,64059.92973296,2023-10-07 23:59:59.999,70017.50319812528,234,,,0
2023-10-08,1.092,1.101,1.08,1.094,102363.02244489,2023-10-08 23:59:59.999,111985.14655470966,257,,,0
2023-10-09,1.093,1.096,1.021,1.041,193930.2323739797,2023-10-09 23:59:59.999,201881.37190131284,683,,,0
2023-10-10,1.042,1.056,1.034,1.045,21530.7734365,2023-10-10 23:59:59.999,22499.658241142497,215,,,0
2023-10-11,1.044,1.045,1.006,1.027,150319.0936200799,2023-10-11 23:59:59.999,154377.70914782202,377,,,0
2023-10-12,1.027,1.028,1.0,1.014,70024.09487243,2023-10-12 23:59:59.999,71004.43220064402,257,,,0
2023-10-13,1.012,1.018,0.997,1.007,94994.1218903701,2023-10-13 23:59:59.999,95659.08074360268,247,,,0
2023-10-14,1.008,1.016,1.007,1.014,41129.72095082,2023-10-14 23:59:59.999,41705.53704413148,137,,,0
2023-10-15,1.012,1.037,1.009,1.022,28968.37143795,2023-10-15 23:59:59.999,29605.6756095849,145,,,0
2023-10-16,1.029,1.068,1.022,1.038,101146.33255987,2023-10-16 23:59:59.999,104989.89319714507,271,,,0
2023-10-17,1.035,1.041,1.0,1.008,86872.28758458,2023-10-17 23:59:59.999,87567.26588525664,222,,,0
2023-10-18,1.002,1.018,0.99,1.0,63225.0754867,2023-10-18 23:59:59.999,63225.0754867,216,,,0
2023-10-19,0.999,1.002,0.972,0.988,35549.23125969,2023-10-19 23:59:59.999,35122.64048457372,239,,,0
2023-10-20,0.988,1.019,0.984,1.006,153492.32716989,2023-10-20 23:59:59.999,154413.28113290932,620,,,0
2023-10-21,1.005,1.049,1.0,1.046,85568.0746075401,2023-10-21 23:59:59.999,89504.20603948695,563,,,0
2023-10-22,1.039,1.058,1.021,1.054,37023.72280694,2023-10-22 23:59:59.999,39023.00383851476,276,,,0
2023-10-23,1.06,1.112,1.048,1.102,332710.1268410805,2023-10-23 23:59:59.999,366646.5597788707,731,,,0
2023-10-24,1.102,1.169,1.089,1.133,343502.8515494007,2023-10-24 23:59:59.999,389188.730805471,930,,,0
2023-10-25,1.137,1.165,1.108,1.142,178356.4031223003,2023-10-25 23:59:59.999,203683.01236566695,566,,,0
2023-10-26,1.14,1.269,1.14,1.192,712473.7650932603,2023-10-26 23:59:59.999,849268.7279911663,1696,,,0
2023-10-27,1.191,1.258,1.16,1.222,279732.9752208801,2023-10-27 23:59:59.999,341833.6957199155,828,,,0
2023-10-28,1.222,1.262,1.21,1.22,290505.8547279602,2023-10-28 23:59:59.999,354417.14276811143,862,,,0
2023-10-29,1.22,1.277,1.195,1.276,124750.1892251603,2023-10-29 23:59:59.999,159181.24145130455,761,,,0
2023-10-30,1.278,1.324,1.248,1.324,338367.734557831,2023-10-30 23:59:59.999,447998.8805545683,1239,,,0
2023-10-31,1.322,1.337,1.252,1.335,292963.9032726705,2023-10-31 23:59:59.999,391106.8108690151,1276,,,0
2023-11-01,1.327,2.0,1.323,1.534,2152625.8378359303,2023-11-01 23:59:59.999,3302128.035240317,6655,,,0
2023-11-02,1.529,1.57,1.455,1.523,1248993.2231197078,2023-11-02 23:59:59.999,1902216.6788113147,4173,,,0
2023-11-03,1.524,1.56,1.451,1.478,764335.1488155498,2023-11-03 23:59:59.999,1129687.3499493825,1990,,,0
2023-11-04,1.475,1.535,1.461,1.515,180297.6373453802,2023-11-04 23:59:59.999,273150.920578251,845,,,0
2023-11-05,1.513,1.675,1.5,1.638,451095.1578134626,2023-11-05 23:59:59.999,738893.8684984517,1948,,,0
2023-11-06,1.65,1.675,1.56,1.583,541988.8169393813,2023-11-06 23:59:59.999,857968.2972150405,1699,,,0
2023-11-07,1.584,1.584,1.409,1.447,897193.6508411224,2023-11-07 23:59:59.999,1298239.2127671042,2177,,,0
2023-11-08,1.446,1.53,1.42,1.472,1019312.2582963712,2023-11-08 23:59:59.999,1500427.6442122583,2128,,,0
2023-11-09,1.471,1.565,1.319,1.437,1932376.1784088896,2023-11-09 23:59:59.999,2776824.5683735744,4470,,,0
2023-11-10,1.437,1.583,1.401,1.553,1338014.5827506587,2023-11-10 23:59:59.999,2077936.647011773,3342,,,0
2023-11-11,1.557,1.631,1.47,1.599,491470.1900377617,2023-11-11 23:59:59.999,785860.833870381,1697,,,0
2023-11-12,1.602,1.802,1.524,1.7,821934.0939705407,2023-11-12 23:59:59.999,1397287.9597499191,2820,,,0
2023-11-13,1.702,1.745,1.592,1.592,1497232.968692881,2023-11-13 23:59:59.999,2383594.8861590666,3827,,,0
2023-11-14,1.591,1.626,1.451,1.537,956292.9989733732,2023-11-14 23:59:59.999,1469822.3394220746,3323,,,0
2023-11-15,1.539,1.738,1.535,1.702,1497784.4414827588,2023-11-15 23:59:59.999,2549229.1194036556,4038,,,0
2023-11-16,1.701,1.86,1.35,1.727,2246488.3366225166,2023-11-16 23:59:59.999,3879685.3573470865,6918,,,0
2023-11-17,1.718,1.945,1.714,1.863,1590087.934815477,2023-11-17 23:59:59.999,2962333.822561234,5114,,,0
2023-11-18,1.868,1.892,1.68,1.77,664692.2277077719,2023-11-18 23:59:59.999,1176505.2430427563,2641,,,0
2023-11-19,1.762,2.053,1.715,1.993,1106160.5393574606,2023-11-19 23:59:59.999,2204577.954939419,4551,,,0
2023-11-20,1.992,2.288,1.969,1.997,1371999.7805970032,2023-11-20 23:59:59.999,2739883.5618522153,5631,,,0
2023-11-21,2.005,2.049,1.732,1.751,1192605.6157798537,2023-11-21 23:59:59.999,2088252.4332305237,4018,,,0
2023-11-22,1.75,1.876,1.746,1.827,340211.3163287007,2023-11-22 23:59:59.999,621566.0749325361,1534,,,0
2023-11-23,1.825,1.854,1.769,1.805,530633.8677198807,2023-11-23 23:59:59.999,957794.1312343845,1122,,,0
2023-11-24,1.806,1.92,1.779,1.837,532660.6666619702,2023-11-24 23:59:59.999,978497.6446580392,1838,,,0
2023-11-25,1.831,1.909,1.819,1.886,680640.3288298,2023-11-25 23:59:59.999,1283687.6601730029,1568,,,0
2023-11-26,1.888,1.916,1.79,1.827,908143.8067474205,2023-11-26 23:59:59.999,1659178.7349275372,2099,,,0
2023-11-27,1.828,1.833,1.732,1.783,574057.6971023006,2023-11-27 23:59:59.999,1023544.8739334019,1722,,,0
2023-11-28,1.783,1.825,1.731,1.82,753754.3316285111,2023-11-28 23:59:59.999,1371832.8835638901,1690,,,0
2023-11-29,1.823,1.891,1.794,1.799,292359.5696121104,2023-11-29 23:59:59.999,525954.8657321866,1170,,,0
2023-11-30,1.801,1.891,1.789,1.883,449104.1946199903,2023-11-30 23:59:59.999,845663.1984694417,1758,,,0
2023-12-01,1.883,1.906,1.858,1.893,205396.1615624202,2023-12-01 23:59:59.999,388814.93383766146,1353,,,0
2023-12-02,1.893,2.032,1.893,2.01,596470.9401817448,2023-12-02 23:59:59.999,1198906.5897653068,2582,,,0
2023-12-03,2.009,2.024,1.95,1.983,312738.8554597009,2023-12-03 23:59:59.999,620161.150376587,1780,,,0
2023-12-04,1.984,2.195,1.983,2.149,1577258.9585299497,2023-12-04 23:59:59.999,3389529.501880862,5178,,,0
2023-12-05,2.15,2.32,2.134,2.257,2399268.930496176,2023-12-05 23:59:59.999,5415149.976129869,5865,,,0
2023-12-06,2.26,2.396,2.241,2.287,1026336.7801828722,2023-12-06 23:59:59.999,2347232.2162782284,3324,,,0
2023-12-07,2.297,2.372,2.208,2.267,684452.3723008013,2023-12-07 23:59:59.999,1551653.5280059166,2338,,,0
2023-12-08,2.274,2.395,2.192,2.378,1058574.8981221386,2023-12-08 23:59:59.999,2517291.1077344455,2543,,,0
2023-12-09,2.377,2.611,2.377,2.423,1589617.0756664372,2023-12-09 23:59:59.999,3851642.1743397773,4715,,,0
2023-12-10,2.425,2.594,2.386,2.516,418768.7442766897,2023-12-10 23:59:59.999,1053622.1606001514,1622,,,0
2023-12-11,2.519,2.541,2.021,2.241,1608234.134722974,2023-12-11 23:59:59.999,3604052.6959141847,4124,,,0
2023-12-12,2.241,2.464,2.225,2.309,1582551.5783086536,2023-12-12 23:59:59.999,3654111.5943146814,4177,,,0
2023-12-13,2.305,2.342,2.103,2.328,1398927.0935936484,2023-12-13 23:59:59.999,3256702.2738860133,3702,,,0
2023-12-14,2.335,2.356,2.185,2.324,1533226.8126507606,2023-12-14 23:59:59.999,3563219.1126003675,3094,,,0
2023-12-15,2.32,2.323,2.184,2.187,1322516.2720670558,2023-12-15 23:59:59.999,2892343.087010651,2902,,,0
2023-12-16,2.19,2.446,2.161,2.39,977686.4355315724,2023-12-16 23:59:59.999,2336670.5809204583,2827,,,0
2023-12-17,2.393,2.477,2.262,2.265,939498.452808661,2023-12-17 23:59:59.999,2127963.9956116173,2793,,,0
2023-12-18,2.265,2.316,2.07,2.291,889490.8503651104,2023-12-18 23:59:59.999,2037823.538186468,2365,,,0
2023-12-19,2.289,2.494,2.262,2.439,2037750.6437663357,2023-12-19 23:59:59.999,4970073.820146093,4286,,,0
2023-12-20,2.426,3.055,2.425,2.834,4178616.321549974,2023-12-20 23:59:59.999,11842198.655272627,11874,,,0
2023-12-21,2.844,3.616,2.783,3.539,3762933.15803948,2023-12-21 23:59:59.999,13317020.446301721,13009,,,0
2023-12-22,3.539,3.89,2.511,3.363,2277903.117512704,2023-12-22 23:59:59.999,7660588.184195223,7846,,,0
2023-12-23,3.361,3.973,3.21,3.903,1311877.858629441,2023-12-23 23:59:59.999,5120259.282230708,4674,,,0
2023-12-24,3.906,4.1,3.619,3.795,1294738.541848918,2023-12-24 23:59:59.999,4913532.766316644,5724,,,0
2023-12-25,3.807,4.372,3.72,4.252,1233040.9047626688,2023-12-25 23:59:59.999,5242889.927050867,5343,,,0
2023-12-26,4.264,4.62,4.027,4.308,1598304.6239527876,2023-12-26 23:59:59.999,6885496.319988608,5968,,,0
2023-12-27,4.322,4.392,3.991,4.085,925897.4797232306,2023-12-27 23:59:59.999,3782291.204669397,3203,,,0
2023-12-28,4.064,4.318,3.736,3.761,1015390.4666261446,2023-12-28 23:59:59.999,3818883.54498093,3993,,,0
2023-12-29,3.765,3.977,3.526,3.619,3219628.1504436517,2023-12-29 23:59:59.999,11651834.276455576,10185,,,0
2023-12-30,3.619,3.773,3.546,3.674,395741.0548314604,2023-12-30 23:59:59.999,1453952.6354507855,1785,,,0
2023-12-31,3.687,3.88,3.524,3.649,735823.4372897409,2023-12-31 23:59:59.999,2685019.7226702645,2869,,,0
2024-01-01,3.651,3.832,3.568,3.799,470894.8016874204,2024-01-01 23:59:59.999,1788929.3516105101,2025,,,0
2024-01-02,3.784,4.326,3.746,3.931,1084113.9854290823,2024-01-02 23:59:59.999,4261652.076721722,5085,,,0
2024-01-03,3.917,4.086,3.374,3.781,1551887.1582057509,2024-01-03 23:59:59.999,5867685.345175944,7632,,,0
2024-01-04,3.769,4.051,3.578,3.923,881164.8802258936,2024-01-04 23:59:59.999,3456809.8251261804,4913,,,0
2024-01-05,3.931,3.939,3.456,3.547,704475.3263666731,2024-01-05 23:59:59.999,2498773.9826225895,3560,,,0
2024-01-06,3.548,3.7,3.169,3.488,659750.2556496612,2024-01-06 23:59:59.999,2301208.8917060182,3336,,,0
2024-01-07,3.472,3.536,3.149,3.212,375701.9283187613,2024-01-07 23:59:59.999,1206754.5937598613,2044,,,0
2024-01-08,3.227,3.478,2.95,3.414,1571567.5532841878,2024-01-08 23:59:59.999,5365331.626912218,6148,,,0
2024-01-09,3.394,3.555,3.034,3.23,1924165.884298373,2024-01-09 23:59:59.999,6215055.806283745,6630,,,0
2024-01-10,3.225,3.69,3.088,3.608,1761935.3290204525,2024-01-10 23:59:59.999,6357062.667105793,4817,,,0
2024-01-11,3.616,3.842,3.513,3.619,1285998.6356757088,2024-01-11 23:59:59.999,4654029.06251039,4671,,,0
2024-01-12,3.628,3.681,3.307,3.446,1971554.157611972,2024-01-12 23:59:59.999,6793975.627130856,6675,,,0
2024-01-13,3.46,3.52,3.296,3.407,918713.7059279496,2024-01-13 23:59:59.999,3130057.5960965245,2585,,,0
2024-01-14,3.41,3.521,3.296,3.305,680560.8706754306,2024-01-14 23:59:59.999,2249253.6775822984,2574,,,0
2024-01-15,3.301,3.422,3.229,3.303,929167.038611472,2024-01-15 23:59:59.999,3069038.728533692,2688,,,0
2024-01-16,3.299,3.34,3.177,3.235,439754.6188000503,2024-01-16 23:59:59.999,1422606.1918181626,2312,,,0
2024-01-17,3.248,3.363,3.157,3.299,575312.8586493202,2024-01-17 23:59:59.999,1897957.1206841073,2716,,,0
2024-01-18,3.309,3.372,3.0,3.076,850833.3725936307,2024-01-18 23:59:59.999,2617163.454098008,3275,,,0
2024-01-19,3.081,3.094,2.788,3.005,580810.7816615117,2024-01-19 23:59:59.999,1745336.3988928427,3215,,,0
2024-01-20,3.007,3.007,2.88,2.97,448667.0511936499,2024-01-20 23:59:59.999,1332541.1420451403,1370,,,0
2024-01-21,2.966,3.04,2.921,2.921,742459.2943578112,2024-01-21 23:59:59.999,2168723.5988191664,1861,,,0
2024-01-22,2.93,2.939,2.6,2.643,1277269.71447378,2024-01-22 23:59:59.999,3375823.8553542,3511,,,0
2024-01-23,2.659,2.722,2.457,2.649,925861.531545071,2024-01-23 23:59:59.999,2452607.1970628933,3201,,,0
2024-01-24,2.649,2.691,2.545,2.684,1130575.3322819506,2024-01-24 23:59:59.999,3034464.191844756,2324,,,0
2024-01-25,2.679,2.74,2.608,2.694,916703.6998465402,2024-01-25 23:59:59.999,2469599.7673865794,2063,,,0
2024-01-26,2.691,3.003,2.649,2.929,1508753.1077988974,2024-01-26 23:59:59.999,4419137.85274297,5157,,,0
2024-01-27,2.915,2.961,2.812,2.911,688149.0279741518,2024-01-27 23:59:59.999,2003201.8204327559,2375,,,0
2024-01-28,2.905,3.07,2.862,2.882,532007.3122175616,2024-01-28 23:59:59.999,1533245.0738110128,2843,,,0
2024-01-29,2.879,3.062,2.855,3.009,729831.787331503,2024-01-29 23:59:59.999,2196063.8480804926,2875,,,0
2024-01-30,3.008,3.233,2.96,3.008,865468.2156482628,2024-01-30 23:59:59.999,2603328.3926699744,4740,,,0
2024-01-31,3.012,3.025,2.787,2.82,811453.1711345328,2024-01-31 23:59:59.999,2288297.9425993823,3769,,,0
2024-02-01,2.821,2.875,2.727,2.851,790918.1649477906,2024-02-01 23:59:59.999,2254907.6882661507,2669,,,0
2024-02-02,2.849,2.941,2.832,2.903,472479.5499290111,2024-02-02 23:59:59.999,1371608.1334439192,2123,,,0
2024-02-03,2.903,2.943,2.796,2.81,168143.8656792398,2024-02-03 23:59:59.999,472484.26255866385,1068,,,0
2024-02-04,2.811,2.815,2.747,2.752,196483.43769529,2024-02-04 23:59:59.999,540722.420537438,1009,,,0
2024-02-05,2.75,2.811,2.695,2.745,453349.1255545908,2024-02-05 23:59:59.999,1244443.3496473518,1741,,,0
2024-02-06,2.745,2.773,2.684,2.736,472903.1692284605,2024-02-06 23:59:59.999,1293863.071009068,1936,,,0
2024-02-07,2.738,2.891,2.684,2.867,487343.2862628812,2024-02-07 23:59:59.999,1397213.2017156803,2128,,,0
2024-02-08,2.873,2.999,2.873,2.923,771778.9315075312,2024-02-08 23:59:59.999,2255909.8167965137,2965,,,0
2024-02-09,2.927,3.055,2.927,2.993,711482.4218225216,2024-02-09 23:59:59.999,2129466.888514807,3283,,,0
2024-02-10,2.997,3.149,2.961,3.048,699955.27904365,2024-02-10 23:59:59.999,2133463.690525045,2721,,,0
2024-02-11,3.045,3.22,3.038,3.127,868190.5390935923,2024-02-11 23:59:59.999,2714831.815745663,3353,,,0
2024-02-12,3.128,3.398,3.077,3.38,1179002.8755711685,2024-02-12 23:59:59.999,3985029.7194305495,4603,,,0
2024-02-13,3.381,3.445,3.17,3.219,774730.7896979726,2024-02-13 23:59:59.999,2493858.4120377735,3531,,,0
2024-02-14,3.211,3.48,3.173,3.337,888577.458366261,2024-02-14 23:59:59.999,2965182.978568213,4020,,,0
2024-02-15,3.339,3.41,3.27,3.4,1227111.551460768,2024-02-15 23:59:59.999,4172179.2749666115,5334,,,0
2024-02-16,3.401,3.459,3.17,3.278,861721.5437681024,2024-02-16 23:59:59.999,2824723.22047184,4480,,,0
2024-02-17,3.277,3.348,3.132,3.333,478463.2984743982,2024-02-17 23:59:59.999,1594718.1738151694,2469,,,0
2024-02-18,3.33,3.581,3.265,3.517,769661.6593530087,2024-02-18 23:59:59.999,2706900.0559445317,4794,,,0
2024-02-19,3.52,3.614,3.465,3.527,797012.6692706582,2024-02-19 23:59:59.999,2811063.6845176113,4952,,,0
2024-02-20,3.527,3.55,3.235,3.396,932074.867244396,2024-02-20 23:59:59.999,3165326.249161969,5920,,,0
2024-02-21,3.396,3.398,3.089,3.24,823607.871970429,2024-02-21 23:59:59.999,2668489.50518419,5144,,,0
2024-02-22,3.233,3.348,3.115,3.249,1089136.931936933,2024-02-22 23:59:59.999,3538605.891863095,4874,,,0
2024-02-23,3.249,3.43,3.15,3.36,1962037.2701466824,2024-02-23 23:59:59.999,6592445.227692853,10046,,,0
2024-02-24,3.367,3.926,3.302,3.86,1418200.6873489271,2024-02-24 23:59:59.999,5474254.6531668585,6510,,,0
2024-02-25,3.867,3.877,3.66,3.709,814216.2554850937,2024-02-25 23:59:59.999,3019928.0915942127,4378,,,0
2024-02-26,3.708,4.2,3.633,4.1,2810045.710684499,2024-02-26 23:59:59.999,11521187.413806444,11918,,,0
2024-02-27,4.101,4.147,3.849,3.943,1416508.449742969,2024-02-27 23:59:59.999,5585292.817336527,6830,,,0
2024-02-28,3.942,4.098,3.511,3.898,2429582.401200566,2024-02-28 23:59:59.999,9470512.199879806,11044,,,0
2024-02-29,3.897,4.091,3.727,3.877,1354816.3805957937,2024-02-29 23:59:59.999,5252623.107569892,7531,,,0
2024-03-01,3.883,4.122,3.877,3.962,899008.803229998,2024-03-01 23:59:59.999,3561872.878397252,5136,,,0
2024-03-02,3.958,4.494,3.884,4.489,962662.3498829588,2024-03-02 23:59:59.999,4321391.288624602,5891,,,0
2024-03-03,4.497,4.508,3.9,4.437,1184823.3418435375,2024-03-03 23:59:59.999,5257061.167759776,7027,,,0
2024-03-04,4.45,4.78,4.224,4.336,1541792.5241666252,2024-03-04 23:59:59.999,6685212.384786488,7719,,,0
2024-03-05,4.335,4.8,3.562,4.265,1394684.3075931242,2024-03-05 23:59:59.999,5948328.571884674,10698,,,0
2024-03-06,4.286,5.949,4.007,5.896,2308628.8543938957,2024-03-06 23:59:59.999,13611675.725506408,13167,,,0
2024-03-07,5.908,6.19,5.435,5.54,1205950.2581489035,2024-03-07 23:59:59.999,6680964.430144926,9221,,,0
2024-03-08,5.524,5.772,5.163,5.761,798477.3095684298,2024-03-08 23:59:59.999,4600027.780423724,7195,,,0
2024-03-09,5.766,6.503,5.619,6.206,1078577.852177194,2024-03-09 23:59:59.999,6693654.150611667,8516,,,0
2024-03-10,6.227,6.309,5.771,5.96,461896.0157218883,2024-03-10 23:59:59.999,2752900.2537024543,4116,,,0
2024-03-11,5.972,7.303,5.614,6.692,1506489.0712133104,2024-03-11 23:59:59.999,10081424.864559473,12447,,,0
2024-03-12,6.692,8.089,6.359,8.081,2787455.1057407837,2024-03-12 23:59:59.999,22525424.70949127,24151,,,0
2024-03-13,8.084,8.531,7.6,7.774,1326628.4723858386,2024-03-13 23:59:59.999,10313209.74432751,11840,,,0
2024-03-14,7.776,8.904,7.62,8.859,2493974.89118575,2024-03-14 23:59:59.999,22094123.56101456,16818,,,0
2024-03-15,8.859,8.998,6.981,7.482,4234296.673633501,2024-03-15 23:59:59.999,31681007.712125856,36282,,,0
2024-03-16,7.484,7.966,6.517,6.736,1968990.6872358744,2024-03-16 23:59:59.999,13263121.26922085,12726,,,0
2024-03-17,6.729,8.437,6.63,8.241,1727003.282890325,2024-03-17 23:59:59.999,14232234.054299166,11381,,,0
2024-03-18,8.239,8.57,6.681,7.024,3163076.924917867,2024-03-18 23:59:59.999,22217452.320623096,20440,,,0
2024-03-19,7.024,7.118,6.2,6.365,3054918.605785886,2024-03-19 23:59:59.999,19444556.925827164,12403,,,0
2024-03-20,6.357,7.007,6.016,6.894,1700152.4209893134,2024-03-20 23:59:59.999,11720850.790300326,9425,,,0
2024-03-21,6.911,6.984,6.424,6.446,1128907.8355887292,2024-03-21 23:59:59.999,7276939.9082049485,6333,,,0
2024-03-22,6.444,6.825,6.216,6.491,940163.9803490592,2024-03-22 23:59:59.999,6102604.396445743,5162,,,0
2024-03-23,6.492,6.793,6.371,6.628,519071.2667333888,2024-03-23 23:59:59.999,3440404.355908901,2860,,,0
2024-03-24,6.621,7.001,6.436,7.001,619944.4121269892,2024-03-24 23:59:59.999,4340230.829301052,3831,,,0
2024-03-25,7.0,7.754,6.98,7.459,1671244.5521378787,2024-03-25 23:59:59.999,12465813.114396436,9510,,,0
2024-03-26,7.453,8.084,7.428,7.653,1449733.0567344222,2024-03-26 23:59:59.999,11094807.083188532,7841,,,0
2024-03-27,7.664,7.893,7.099,7.251,988961.5989646444,2024-03-27 23:59:59.999,7170960.554092636,7357,,,0
2024-03-28,7.245,7.431,7.117,7.189,538941.9920921705,2024-03-28 23:59:59.999,3874453.981150614,4282,,,0
2024-03-29,7.189,7.193,6.859,6.989,241895.51677892,2024-03-29 23:59:59.999,1690607.7667678718,2708,,,0
2024-03-30,6.981,7.322,6.914,6.93,358095.3685539094,2024-03-30 23:59:59.999,2481600.904078592,2711,,,0
2024-03-31,6.938,7.365,6.913,7.3,441381.9749505601,2024-03-31 23:59:59.999,3222088.4171390883,2257,,,0
2024-04-01,7.299,7.37,6.571,6.741,747803.9414724205,2024-04-01 23:59:59.999,5040946.369465586,4675,,,0
2024-04-02,6.736,6.736,6.11,6.21,1009421.8751011414,2024-04-02 23:59:59.999,6268509.844378088,6212,,,0
2024-04-03,6.215,6.904,6.0,6.594,1621002.5107330624,2024-04-03 23:59:59.999,10688890.555773813,8353,,,0
2024-04-04,6.593,7.029,6.342,6.728,834264.7882996037,2024-04-04 23:59:59.999,5612933.495679733,4877,,,0
2024-04-05,6.728,7.5,6.481,7.225,1061962.1965525728,2024-04-05 23:59:59.999,7672676.870092338,6938,,,0
2024-04-06,7.218,7.304,6.9,7.014,311403.2807698501,2024-04-06 23:59:59.999,2184182.6113197287,1815,,,0
2024-04-07,7.018,7.145,6.819,6.917,435250.9701098815,2024-04-07 23:59:59.999,3010630.9602500503,2649,,,0
2024-04-08,6.913,7.579,6.844,7.366,1168364.4215651972,2024-04-08 23:59:59.999,8606172.329249242,5212,,,0
2024-04-09,7.362,7.697,7.169,7.233,612499.3388852,2024-04-09 23:59:59.999,4430207.718156652,4727,,,0
2024-04-10,7.218,7.308,6.637,6.986,523404.5937747492,2024-04-10 23:59:59.999,3656504.4921103977,4136,,,0
2024-04-11,6.978,7.325,6.74,6.804,270353.3188318009,2024-04-11 23:59:59.999,1839483.9813315733,2631,,,0
2024-04-12,6.795,6.912,5.33,5.902,903544.5848323008,2024-04-12 23:59:59.999,5332720.139680239,8407,,,0
2024-04-13,5.902,6.442,4.322,5.222,1502561.7963077712,2024-04-13 23:59:59.999,7846377.700319182,14251,,,0
2024-04-14,5.223,5.732,5.022,5.726,685046.4155501727,2024-04-14 23:59:59.999,3922575.7754402887,6333,,,0
2024-04-15,5.679,5.864,4.995,5.226,1140090.1184322303,2024-04-15 23:59:59.999,5958110.958926836,8105,,,0
2024-04-16,5.221,5.541,4.913,5.504,742570.8948774397,2024-04-16 23:59:59.999,4087110.205405428,6598,,,0
2024-04-17,5.49,5.655,5.192,5.42,982395.7968581038,2024-04-17 23:59:59.999,5324585.218970923,7300,,,0
2024-04-18,5.41,5.885,5.233,5.709,652512.0008549388,2024-04-18 23:59:59.999,3725191.012880845,6608,,,0
2024-04-19,5.703,5.861,5.231,5.591,1237811.1392093755,2024-04-19 23:59:59.999,6920602.079319619,7307,,,0
2024-04-20,5.585,6.257,5.514,6.234,583329.2237958597,2024-04-20 23:59:59.999,3636474.3811433897,3959,,,0
2024-04-21,6.233,6.486,6.06,6.449,506838.9428959801,2024-04-21 23:59:59.999,3268604.3427361753,4390,,,0
2024-04-22,6.436,7.249,6.351,7.034,968805.6642264988,2024-04-22 23:59:59.999,6814579.042169193,7802,,,0
2024-04-23,7.045,7.276,6.847,6.892,683351.2654053014,2024-04-23 23:59:59.999,4709656.921173337,5824,,,0
2024-04-24,6.898,7.33,6.708,6.862,1166849.8990817163,2024-04-24 23:59:59.999,8006924.007498737,10439,,,0
2024-04-25,6.861,7.228,6.614,7.13,1264691.088301379,2024-04-25 23:59:59.999,9017247.459588831,10813,,,0
2024-04-26,7.13,7.575,6.9,6.928,1409769.019992306,2024-04-26 23:59:59.999,9766879.770506695,13526,,,0
2024-04-27,6.929,7.63,6.768,7.129,1438459.432972821,2024-04-27 23:59:59.999,10254777.29766324,16274,,,0
2024-04-28,7.129,7.443,7.027,7.043,821155.224706944,2024-04-28 23:59:59.999,5783396.247611007,13658,,,0
2024-04-29,7.04,7.106,6.674,6.86,1293100.819963804,2024-04-29 23:59:59.999,8870671.624951696,14800,,,0
2024-04-30,6.86,6.941,5.849,6.187,1322215.8931723395,2024-04-30 23:59:59.999,8180549.731057265,15163,,,0
2024-05-01,6.187,6.432,5.724,6.147,1400789.6284802873,2024-05-01 23:59:59.999,8610653.846268326,14232,,,0
2024-05-02,6.13,6.211,5.869,6.096,572625.1318889206,2024-05-02 23:59:59.999,3490722.8039948596,4811,,,0
2024-05-03,6.091,6.933,6.037,6.879,814725.8274620428,2024-05-03 23:59:59.999,5604498.967111392,8843,,,0
2024-05-04,6.885,6.983,6.784,6.865,492863.9640444697,2024-05-04 23:59:59.999,3383511.1131652845,11876,,,0
2024-05-05,6.864,7.512,6.692,7.496,717396.0939415678,2024-05-05 23:59:59.999,5377601.120185993,12152,,,0
2024-05-06,7.496,7.594,7.169,7.309,842872.6208654608,2024-05-06 23:59:59.999,6160555.985905654,13383,,,0
2024-05-07,7.31,7.969,7.121,7.123,1260012.9377561535,2024-05-07 23:59:59.999,8975072.155637082,14210,,,0
2024-05-08,7.124,7.29,6.793,6.807,630051.4254096317,2024-05-08 23:59:59.999,4288760.052763363,7503,,,0
2024-05-09,6.804,7.492,6.804,7.48,871665.3664272878,2024-05-09 23:59:59.999,6520056.940876113,6092,,,0
2024-05-10,7.485,7.641,7.14,7.254,1152068.502342221,2024-05-10 23:59:59.999,8357104.915990471,8778,,,0
2024-05-11,7.265,7.327,7.006,7.02,256253.28513602,2024-05-11 23:59:59.999,1798898.0616548602,2397,,,0
2024-05-12,7.027,7.058,6.841,6.896,242240.71518638,2024-05-12 23:59:59.999,1670491.9719252763,1678,,,0
2024-05-13,6.882,7.377,6.554,7.277,848140.1819704816,2024-05-13 23:59:59.999,6171916.104199195,5220,,,0
2024-05-14,7.288,7.394,6.934,7.025,610185.6845540641,2024-05-14 23:59:59.999,4286554.4339923,4547,,,0
2024-05-15,7.028,8.082,6.9,8.052,1430838.3469458884,2024-05-15 23:59:59.999,11521110.369608292,9176,,,0
2024-05-16,8.071,8.296,7.863,8.02,737239.2466364887,2024-05-16 23:59:59.999,5912658.758024639,4856,,,0
2024-05-17,8.04,8.523,7.916,8.039,482655.4242115503,2024-05-17 23:59:59.999,3880066.9552366524,3829,,,0
2024-05-18,8.047,8.119,7.842,7.922,299752.5515028585,2024-05-18 23:59:59.999,2374639.713005645,2216,,,0
2024-05-19,7.923,7.991,7.681,7.793,603338.7541792862,2024-05-19 23:59:59.999,4701818.911319178,4400,,,0
2024-05-20,7.792,8.342,7.716,8.3,639591.2018049891,2024-05-20 23:59:59.999,5308606.97498141,4948,,,0
2024-05-21,8.297,8.337,7.76,7.823,699491.0594855031,2024-05-21 23:59:59.999,5472118.558355091,4484,,,0
2024-05-22,7.827,8.276,7.707,7.97,497194.9663650292,2024-05-22 23:59:59.999,3962643.8819292826,4599,,,0
2024-05-23,7.988,8.172,7.271,7.692,647940.720466259,2024-05-23 23:59:59.999,4983960.021826465,6060,,,0
2024-05-24,7.692,8.061,7.598,7.914,455029.7692262311,2024-05-24 23:59:59.999,3601105.593656393,3253,,,0
2024-05-25,7.916,8.25,7.868,8.247,377846.3953321598,2024-05-25 23:59:59.999,3116099.222304322,2424,,,0
2024-05-26,8.245,8.377,7.776,7.815,294115.8637883808,2024-05-26 23:59:59.999,2298515.4755061963,2275,,,0
2024-05-27,7.806,7.96,7.686,7.823,528429.7823040886,2024-05-27 23:59:59.999,4133906.1869648853,2991,,,0
2024-05-28,7.804,7.983,7.525,7.709,494628.8562427317,2024-05-28 23:59:59.999,3813093.8527752184,2964,,,0
2024-05-29,7.709,7.815,7.542,7.582,362032.1674741299,2024-05-29 23:59:59.999,2744927.8937888527,2191,,,0
2024-05-30,7.6,7.641,7.221,7.284,548368.8505466686,2024-05-30 23:59:59.999,3994318.7073819344,3156,,,0
2024-05-31,7.282,7.429,7.083,7.242,456709.1419535757,2024-05-31 23:59:59.999,3307487.6060277955,4861,,,0
2024-06-01,7.238,7.454,7.171,7.374,245070.4275094499,2024-06-01 23:59:59.999,1807149.3324546835,8608,,,0
2024-06-02,7.37,7.495,7.12,7.188,292468.89111625,2024-06-02 23:59:59.999,2102266.389343605,9326,,,0
2024-06-03,7.188,7.376,7.091,7.118,419016.0657865493,2024-06-03 23:59:59.999,2982556.356268658,6920,,,0
2024-06-04,7.12,7.467,7.006,7.424,195601.4456288403,2024-06-04 23:59:59.999,1452145.1323485104,2087,,,0
2024-06-05,7.428,7.704,7.428,7.653,181443.0445080899,2024-06-05 23:59:59.999,1388583.619620412,2286,,,0
2024-06-06,7.668,7.669,7.239,7.341,119989.45474237,2024-06-06 23:59:59.999,880842.5872637382,1259,,,0
2024-06-07,7.312,7.443,6.086,6.876,512018.3908032576,2024-06-07 23:59:59.999,3520638.4551631995,5345,,,0
2024-06-08,6.868,6.902,6.481,6.568,141704.2773888001,2024-06-08 23:59:59.999,930713.6938896391,1297,,,0
2024-06-09,6.567,6.687,6.52,6.59,166885.6010139501,2024-06-09 23:59:59.999,1099776.1106819313,1005,,,0
2024-06-10,6.59,6.631,6.332,6.385,344381.9599069791,2024-06-10 23:59:59.999,2198878.8140060618,2123,,,0
2024-06-11,6.39,6.394,6.0,6.066,236417.8649483504,2024-06-11 23:59:59.999,1434110.7687766936,2297,,,0
2024-06-12,6.067,6.707,5.875,6.39,397071.2845570889,2024-06-12 23:59:59.999,2537285.508319798,3163,,,0
2024-06-13,6.398,6.398,5.852,5.918,328656.8480873995,2024-06-13 23:59:59.999,1944991.2269812303,2243,,,0
2024-06-14,5.92,5.998,5.395,5.584,410319.992357959,2024-06-14 23:59:59.999,2291226.837326843,3258,,,0
2024-06-15,5.58,5.689,5.511,5.599,138215.7704246202,2024-06-15 23:59:59.999,773870.0986074485,1027,,,0
2024-06-16,5.604,5.728,5.499,5.639,277763.9345289402,2024-06-16 23:59:59.999,1566310.8268086938,1576,,,0
2024-06-17,5.641,5.727,5.0,5.172,682331.2556583487,2024-06-17 23:59:59.999,3529017.254264979,4420,,,0
2024-06-18,5.168,5.189,4.462,4.736,1125478.9723210249,2024-06-18 23:59:59.999,5330268.412912373,7314,,,0
2024-06-19,4.73,6.29,4.664,4.97,743113.295747699,2024-06-19 23:59:59.999,3693273.079866064,6004,,,0
2024-06-20,4.951,5.493,4.928,5.163,990745.9005790984,2024-06-20 23:59:59.999,5115221.084689885,6122,,,0
2024-06-21,5.163,5.432,5.093,5.408,655334.7124072397,2024-06-21 23:59:59.999,3544050.1246983525,4403,,,0
2024-06-22,5.406,5.412,5.116,5.183,437644.9567477694,2024-06-22 23:59:59.999,2268313.8108236887,1903,,,0
2024-06-23,5.178,5.444,5.1,5.184,820468.6825527576,2024-06-23 23:59:59.999,4253309.650353495,3142,,,0
2024-06-24,5.192,5.59,5.035,5.383,986092.5334712951,2024-06-24 23:59:59.999,5308136.107675982,5708,,,0
2024-06-25,5.371,5.63,5.316,5.423,465437.5222862991,2024-06-25 23:59:59.999,2524067.6833586,3053,,,0
2024-06-26,5.423,5.508,5.154,5.167,362546.2735080493,2024-06-26 23:59:59.999,1873276.5952160908,2178,,,0
2024-06-27,5.173,5.362,5.077,5.209,372065.1944873501,2024-06-27 23:59:59.999,1938087.5980846067,2683,,,0
2024-06-28,5.211,5.234,4.854,4.95,502272.7542681528,2024-06-28 23:59:59.999,2486250.1336273565,2602,,,0
2024-06-29,4.948,5.037,4.915,4.951,70672.38388276,2024-06-29 23:59:59.999,349898.9726035447,669,,,0
2024-06-30,4.955,5.356,4.875,5.295,242051.4645977697,2024-06-30 23:59:59.999,1281662.5050451905,1641,,,0
2024-07-01,5.295,5.382,5.208,5.261,221010.0281137598,2024-07-01 23:59:59.999,1162733.7579064902,1464,,,0
2024-07-02,5.264,5.59,5.238,5.504,277498.0598183302,2024-07-02 23:59:59.999,1527349.3212400894,1862,,,0
2024-07-03,5.516,5.572,4.983,5.027,436059.3251537519,2024-07-03 23:59:59.999,2192070.227547911,2562,,,0
2024-07-04,5.026,5.082,4.608,4.614,873762.119771646,2024-07-04 23:59:59.999,4031538.4206263744,3833,,,0
2024-07-05,4.614,4.627,3.949,4.414,939744.8441270094,2024-07-05 23:59:59.999,4148033.741976619,6645,,,0
2024-07-06,4.422,4.992,4.378,4.815,491039.75087808,2024-07-06 23:59:59.999,2364356.4004779556,3306,,,0
2024-07-07,4.812,4.825,4.38,4.402,298004.4689523905,2024-07-07 23:59:59.999,1311815.672328423,1977,,,0
2024-07-08,4.401,4.752,4.168,4.47,465985.7550681593,2024-07-08 23:59:59.999,2082956.325154672,3277,,,0
2024-07-09,4.467,4.6,4.376,4.534,266762.6020821097,2024-07-09 23:59:59.999,1209501.6378402854,2054,,,0
2024-07-10,4.527,4.744,4.468,4.625,280560.1917528995,2024-07-10 23:59:59.999,1297590.8868571601,1724,,,0
2024-07-11,4.619,5.062,4.545,4.931,403912.069617162,2024-07-11 23:59:59.999,1991690.4152822257,2851,,,0
2024-07-12,4.94,5.185,4.748,5.185,534993.7815685434,2024-07-12 23:59:59.999,2773942.757432897,2749,,,0
2024-07-13,5.185,5.335,5.1,5.196,224381.1523115999,2024-07-13 23:59:59.999,1165884.467411073,1669,,,0
2024-07-14,5.206,5.487,5.202,5.403,260744.84885386,2024-07-14 23:59:59.999,1408804.4183574053,2165,,,0
2024-07-15,5.395,5.995,5.372,5.933,457368.8721473108,2024-07-15 23:59:59.999,2713569.518449995,3047,,,0
2024-07-16,5.92,6.279,5.869,6.239,374315.4915372416,2024-07-16 23:59:59.999,2335354.3517008503,3712,,,0
2024-07-17,6.25,6.491,6.016,6.07,441396.02115465,2024-07-17 23:59:59.999,2679273.8484087256,3533,,,0
2024-07-18,6.08,6.228,5.87,6.037,456607.7263083809,2024-07-18 23:59:59.999,2756540.8437236953,2615,,,0
2024-07-19,6.046,6.442,5.861,6.44,413550.2852262203,2024-07-19 23:59:59.999,2663263.8368568593,3070,,,0
2024-07-20,6.439,6.448,6.241,6.295,273162.6266809496,2024-07-20 23:59:59.999,1719558.7349565777,1911,,,0
2024-07-21,6.292,6.378,5.918,6.341,245270.0961140599,2024-07-21 23:59:59.999,1555257.679459254,2382,,,0
2024-07-22,6.334,6.455,5.997,6.029,296432.7754684302,2024-07-22 23:59:59.999,1787193.2032991657,2025,,,0
2024-07-23,6.032,6.089,5.7,5.769,266061.8852549389,2024-07-23 23:59:59.999,1534911.0160357426,2106,,,0
2024-07-24,5.764,6.003,5.544,5.619,290752.9887392898,2024-07-24 23:59:59.999,1633741.0437260694,1979,,,0
2024-07-25,5.612,5.725,5.138,5.433,358885.3525963609,2024-07-25 23:59:59.999,1949824.1206560286,3120,,,0
2024-07-26,5.412,5.814,5.394,5.736,472605.6928516909,2024-07-26 23:59:59.999,2710866.254197299,2623,,,0
2024-07-27,5.71,5.932,5.526,5.686,219504.3861427491,2024-07-27 23:59:59.999,1248101.9396076715,1753,,,0
2024-07-28,5.682,5.682,5.401,5.446,69936.8708544101,2024-07-28 23:59:59.999,380876.1986731174,908,,,0
2024-07-29,5.443,5.71,5.27,5.28,207404.5177786693,2024-07-29 23:59:59.999,1095095.853871374,2350,,,0
2024-07-30,5.27,5.368,5.07,5.151,97398.2311048099,2024-07-30 23:59:59.999,501698.2884208758,1146,,,0
2024-07-31,5.15,5.29,4.962,4.991,246435.0958865595,2024-07-31 23:59:59.999,1229957.5635698184,1782,,,0
2024-08-01,5.0,5.124,4.636,4.979,441238.1699235099,2024-08-01 23:59:59.999,2196924.848049156,2852,,,0
2024-08-02,4.978,5.04,4.571,4.601,682073.2185745831,2024-08-02 23:59:59.999,3138218.8786616568,3498,,,0
2024-08-03,4.606,4.717,4.243,4.365,358020.7074843604,2024-08-03 23:59:59.999,1562760.3881692332,2425,,,0
2024-08-04,4.348,4.442,3.994,4.13,350024.6030707289,2024-08-04 23:59:59.999,1445601.6106821103,2665,,,0
2024-08-05,4.133,4.182,3.075,3.526,2079006.8325052727,2024-08-05 23:59:59.999,7330578.091413591,14809,,,0
2024-08-06,3.525,3.809,3.501,3.681,718189.1052730186,2024-08-06 23:59:59.999,2643654.0965099814,4811,,,0
2024-08-07,3.68,3.875,3.508,3.563,428877.1390699501,2024-08-07 23:59:59.999,1528089.2465062323,3543,,,0
2024-08-08,3.565,4.088,3.474,4.068,604483.3766745626,2024-08-08 23:59:59.999,2459038.3763121204,3142,,,0
2024-08-09,4.057,4.17,3.914,4.056,549863.8242145517,2024-08-09 23:59:59.999,2230247.671014222,2759,,,0
2024-08-10,4.05,4.26,3.967,4.164,159395.4783858501,2024-08-10 23:59:59.999,663722.7719986797,1416,,,0
2024-08-11,4.155,4.216,3.844,3.863,248920.1663721797,2024-08-11 23:59:59.999,961578.6026957302,1479,,,0
2024-08-12,3.874,4.131,3.834,4.127,191638.0509312697,2024-08-12 23:59:59.999,790890.23619335,1778,,,0
2024-08-13,4.112,4.408,3.936,4.312,242625.4947882102,2024-08-13 23:59:59.999,1046201.1335267625,1722,,,0
2024-08-14,4.304,4.328,4.111,4.162,169010.7531055696,2024-08-14 23:59:59.999,703422.7544253806,1417,,,0
2024-08-15,4.169,4.245,3.934,4.026,310961.0685164898,2024-08-15 23:59:59.999,1251929.261847388,1769,,,0
2024-08-16,4.022,4.069,3.83,3.971,365053.3783877101,2024-08-16 23:59:59.999,1449626.9655775968,1251,,,0
2024-08-17,3.957,4.019,3.93,3.988,112003.00413305,2024-08-17 23:59:59.999,446667.98048260337,629,,,0
2024-08-18,3.988,4.062,3.897,3.897,56665.3219504101,2024-08-18 23:59:59.999,220824.75964074815,727,,,0
2024-08-19,3.896,4.013,3.844,4.004,160629.6687569997,2024-08-19 23:59:59.999,643161.1937030266,1167,,,0
2024-08-20,4.006,4.143,3.947,4.0,166723.9198336399,2024-08-20 23:59:59.999,666895.6793345596,1256,,,0
2024-08-21,4.016,4.3,3.965,4.244,261932.8065364294,2024-08-21 23:59:59.999,1111642.8309406063,1827,,,0
2024-08-22,4.249,4.383,4.169,4.304,264225.5937043289,2024-08-22 23:59:59.999,1137226.9553034315,1627,,,0
2024-08-23,4.304,4.852,4.304,4.826,571693.9703785619,2024-08-23 23:59:59.999,2758995.1010469394,3314,,,0
2024-08-24,4.849,5.251,4.74,5.046,599724.0063481006,2024-08-24 23:59:59.999,3026207.336032516,3258,,,0
2024-08-25,5.053,5.071,4.787,4.923,253850.9120391692,2024-08-25 23:59:59.999,1249708.03996883,1698,,,0
2024-08-26,4.922,5.002,4.711,4.785,427985.5518294203,2024-08-26 23:59:59.999,2047910.8655037764,1937,,,0
2024-08-27,4.783,5.008,4.436,4.533,568007.5362274008,2024-08-27 23:59:59.999,2574778.1617188076,3012,,,0
2024-08-28,4.526,4.6,4.21,4.346,648208.2290409524,2024-08-28 23:59:59.999,2817112.9634119794,3300,,,0
2024-08-29,4.338,4.564,4.117,4.214,408127.6958135201,2024-08-29 23:59:59.999,1719850.1101581738,2255,,,0
2024-08-30,4.207,4.306,3.933,4.116,299144.2732451893,2024-08-30 23:59:59.999,1231277.828677199,2004,,,0
2024-08-31,4.111,4.159,3.978,4.037,87330.76472013,2024-08-31 23:59:59.999,352554.2971751648,688,,,0
2024-09-01,4.034,4.075,3.814,3.851,240213.7275586002,2024-09-01 23:59:59.999,925063.0648281693,1684,,,0
2024-09-02,3.849,4.025,3.841,3.99,85443.77251038,2024-09-02 23:59:59.999,340920.6523164162,910,,,0
2024-09-03,3.99,4.073,3.711,3.724,208573.9543711895,2024-09-03 23:59:59.999,776729.4060783098,1405,,,0
2024-09-04,3.732,3.939,3.559,3.88,246839.6531307695,2024-09-04 23:59:59.999,957737.8541473856,1824,,,0
2024-09-05,3.886,3.918,3.699,3.705,172628.5738179394,2024-09-05 23:59:59.999,639588.8659954655,1136,,,0
2024-09-06,3.714,3.807,3.425,3.546,268219.0980579894,2024-09-06 23:59:59.999,951104.9217136303,2072,,,0
2024-09-07,3.549,3.753,3.549,3.662,205595.6023046598,2024-09-07 23:59:59.999,752891.0956396642,1265,,,0
2024-09-08,3.671,3.812,3.648,3.762,143560.51640219,2024-09-08 23:59:59.999,540074.6627050388,1250,,,0
2024-09-09,3.757,4.102,3.755,4.015,294283.8321429702,2024-09-09 23:59:59.999,1181549.5860540252,1867,,,0
2024-09-10,4.016,4.082,3.942,4.03,169986.3427461396,2024-09-10 23:59:59.999,685044.9612669426,1164,,,0
2024-09-11,4.031,4.046,3.821,3.978,96778.06846451,2024-09-11 23:59:59.999,384983.1563518208,988,,,0
2024-09-12,3.981,4.296,3.981,4.258,292771.9985034898,2024-09-12 23:59:59.999,1246623.1696278597,2077,,,0
2024-09-13,4.257,4.359,4.117,4.29,207616.0704990699,2024-09-13 23:59:59.999,890672.9424410099,1423,,,0
2024-09-14,4.29,4.305,4.158,4.197,74131.55504745,2024-09-14 23:59:59.999,311130.13653414766,752,,,0
2024-09-15,4.193,4.261,3.999,4.023,111320.6652812598,2024-09-15 23:59:59.999,447843.03642650816,1216,,,0
2024-09-16,4.018,4.026,3.853,3.883,268793.9747729797,2024-09-16 23:59:59.999,1043727.0040434801,1580,,,0
2024-09-17,3.876,4.301,3.833,4.135,287339.7854091493,2024-09-17 23:59:59.999,1188150.0126668324,2180,,,0
2024-09-18,4.134,4.255,3.934,4.253,265028.4814721287,2024-09-18 23:59:59.999,1127166.1317009635,2275,,,0
2024-09-19,4.263,4.584,4.263,4.37,550748.3363817814,2024-09-19 23:59:59.999,2406770.2299883845,3729,,,0
2024-09-20,4.371,4.507,4.258,4.384,560749.6419938595,2024-09-20 23:59:59.999,2458326.4305010806,3338,,,0
2024-09-21,4.387,4.69,4.289,4.672,431506.4493814856,2024-09-21 23:59:59.999,2015998.1315103006,2707,,,0
2024-09-22,4.672,4.685,4.388,4.519,279671.649870849,2024-09-22 23:59:59.999,1263836.1857663665,2460,,,0
2024-09-23,4.526,5.278,4.402,5.174,1497588.4817255212,2024-09-23 23:59:59.999,7748522.804447847,10906,,,0
2024-09-24,5.185,5.394,5.063,5.341,1834324.6289245344,2024-09-24 23:59:59.999,9797127.843085939,9560,,,0
2024-09-25,5.341,5.451,5.11,5.145,661872.8955229945,2024-09-25 23:59:59.999,3405336.0474658064,4463,,,0
2024-09-26,5.15,5.9,5.129,5.554,1905129.3863661825,2024-09-26 23:59:59.999,10581088.611877779,14322,,,0
2024-09-27,5.554,5.75,5.367,5.457,450131.7041111653,2024-09-27 23:59:59.999,2456368.709334629,4017,,,0
2024-09-28,5.468,5.577,5.351,5.567,432016.6593218195,2024-09-28 23:59:59.999,2405036.7424445692,4621,,,0
2024-09-29,5.575,5.622,5.362,5.499,495172.5293570674,2024-09-29 23:59:59.999,2722953.7389345136,3792,,,0
2024-09-30,5.505,5.507,5.229,5.293,625841.7658723416,2024-09-30 23:59:59.999,3312580.4667623043,4143,,,0
2024-10-01,5.293,5.562,4.6,4.838,649651.6966170947,2024-10-01 23:59:59.999,3143014.9082335043,5541,,,0
2024-10-02,4.838,4.996,4.525,4.637,393189.4915570407,2024-10-02 23:59:59.999,1823219.6723499976,2975,,,0
2024-10-03,4.626,4.764,4.425,4.639,420626.7901093292,2024-10-03 23:59:59.999,1951287.6793171784,3135,,,0
2024-10-04,4.651,4.86,4.595,4.83,405416.3705335182,2024-10-04 23:59:59.999,1958161.0696768928,2505,,,0
2024-10-05,4.844,4.867,4.64,4.768,305129.4074278088,2024-10-05 23:59:59.999,1454857.0146157923,2313,,,0
2024-10-06,4.774,4.963,4.72,4.949,210906.3652511697,2024-10-06 23:59:59.999,1043775.6016280387,1637,,,0
2024-10-07,4.951,5.319,4.921,5.038,525656.0494458033,2024-10-07 23:59:59.999,2648255.177107957,5392,,,0
2024-10-08,5.044,5.153,4.858,4.89,340708.7826768299,2024-10-08 23:59:59.999,1666065.947289698,3397,,,0
2024-10-09,4.891,4.984,4.551,4.602,474018.773283979,2024-10-09 23:59:59.999,2181434.3946528714,2993,,,0
2024-10-10,4.596,4.673,4.42,4.591,220258.6129813795,2024-10-10 23:59:59.999,1011207.2921975133,1857,,,0
2024-10-11,4.597,4.802,4.545,4.734,241013.2708682897,2024-10-11 23:59:59.999,1140956.8242904835,1566,,,0
2024-10-12,4.732,4.916,4.679,4.843,282109.9150652288,2024-10-12 23:59:59.999,1366258.3186609033,1927,,,0
2024-10-13,4.848,4.867,4.565,4.691,192426.1959187599,2024-10-13 23:59:59.999,902671.2850549028,1593,,,0
2024-10-14,4.697,5.072,4.629,5.019,289698.7573678094,2024-10-14 23:59:59.999,1453998.0632290356,2877,,,0
2024-10-15,5.025,5.278,4.748,5.071,709849.6736096124,2024-10-15 23:59:59.999,3599647.6948743444,5950,,,0
2024-10-16,5.037,5.071,4.89,4.95,128774.0487004696,2024-10-16 23:59:59.999,637431.5410673246,1551,,,0
2024-10-17,4.969,5.029,4.652,4.76,314703.6997673895,2024-10-17 23:59:59.999,1497989.610892774,2102,,,0
2024-10-18,4.757,4.943,4.736,4.9,195182.6853764399,2024-10-18 23:59:59.999,956395.1583445556,1473,,,0
2024-10-19,4.908,4.94,4.762,4.82,210912.7688872397,2024-10-19 23:59:59.999,1016599.5460364955,1286,,,0
2024-10-20,4.814,5.015,4.711,4.96,250378.0277894798,2024-10-20 23:59:59.999,1241875.0178358199,1764,,,0
2024-10-21,4.982,5.06,4.751,4.784,335364.3965037406,2024-10-21 23:59:59.999,1604383.2728738948,2431,,,0
2024-10-22,4.795,4.837,4.616,4.676,191371.3463049499,2024-10-22 23:59:59.999,894852.4153219458,1690,,,0
2024-10-23,4.68,4.682,4.442,4.653,233292.4786550898,2024-10-23 23:59:59.999,1085509.9031821326,1813,,,0
2024-10-24,4.654,4.771,4.542,4.718,371316.9501531092,2024-10-24 23:59:59.999,1751873.3708223694,2368,,,0
2024-10-25,4.729,4.736,4.02,4.176,327540.6218072181,2024-10-25 23:59:59.999,1367809.6366669429,3240,,,0
2024-10-26,4.169,4.301,4.101,4.235,237339.9792143424,2024-10-26 23:59:59.999,1005134.8119727401,2159,,,0
2024-10-27,4.234,4.376,4.189,4.303,150622.9839190303,2024-10-27 23:59:59.999,648130.6998035873,1270,,,0
2024-10-28,4.304,4.354,4.072,4.295,274203.5519909998,2024-10-28 23:59:59.999,1177704.255801344,3437,,,0
2024-10-29,4.299,4.513,4.289,4.436,420675.6510681589,2024-10-29 23:59:59.999,1866117.188138353,2357,,,0
2024-10-30,4.434,4.434,4.264,4.308,141278.6038443899,2024-10-30 23:59:59.999,608628.2253616317,1285,,,0
2024-10-31,4.327,4.33,4.015,4.05,217937.9515253624,2024-10-31 23:59:59.999,882648.7036777177,3474,,,0
2024-11-01,4.052,4.155,3.864,3.929,250700.0060220278,2024-11-01 23:59:59.999,985000.3236605473,2726,,,0
2024-11-02,3.934,3.987,3.771,3.804,116825.6604592202,2024-11-02 23:59:59.999,444404.81238687364,1598,,,0
2024-11-03,3.816,3.831,3.556,3.685,184133.7702482492,2024-11-03 23:59:59.999,678532.9433647983,2758,,,0
2024-11-04,3.684,3.753,3.507,3.613,200915.2511300794,2024-11-04 23:59:59.999,725906.802332977,1580,,,0
2024-11-05,3.616,3.94,3.616,3.813,306868.2572313694,2024-11-05 23:59:59.999,1170088.6648232115,1764,,,0
2024-11-06,3.82,4.291,3.811,4.236,497505.6844103968,2024-11-06 23:59:59.999,2107434.0791624407,3344,,,0
2024-11-07,4.233,4.345,4.088,4.235,278483.5814834701,2024-11-07 23:59:59.999,1179377.9675824959,2537,,,0
2024-11-08,4.248,4.391,4.16,4.333,291439.1165683591,2024-11-08 23:59:59.999,1262805.6920907,2300,,,0
2024-11-09,4.335,4.693,4.24,4.642,722303.9583550196,2024-11-09 23:59:59.999,3352934.974684001,4068,,,0
2024-11-10,4.645,4.949,4.453,4.731,1199336.147860121,2024-11-10 23:59:59.999,5674059.315526232,7183,,,0
2024-11-11,4.716,5.585,4.712,5.569,1496609.9795679937,2024-11-11 23:59:59.999,8334620.9762141565,15765,,,0
2024-11-12,5.569,5.754,4.95,5.335,1600605.7599423155,2024-11-12 23:59:59.999,8539231.729292253,15982,,,0
2024-11-13,5.343,5.55,4.972,5.168,1039938.9971321608,2024-11-13 23:59:59.999,5374404.737179007,8514,,,0
2024-11-14,5.168,5.65,5.022,5.413,726836.5709595088,2024-11-14 23:59:59.999,3934366.358603821,6749,,,0
2024-11-15,5.418,5.671,5.182,5.561,960785.1367378334,2024-11-15 23:59:59.999,5342926.145399092,7287,,,0
2024-11-16,5.56,6.389,5.462,5.937,1207807.9935586164,2024-11-16 23:59:59.999,7170756.057757506,10272,,,0
2024-11-17,5.949,6.157,5.608,5.701,666644.3024088182,2024-11-17 23:59:59.999,3800539.1680326723,5905,,,0
2024-11-18,5.701,6.291,5.657,6.027,1076665.3623597808,2024-11-18 23:59:59.999,6489062.138942399,8046,,,0
2024-11-19,6.023,6.1,5.625,5.789,1223646.9813658434,2024-11-19 23:59:59.999,7083692.375126868,6472,,,0
2024-11-20,5.788,5.868,5.346,5.47,1086464.3256862315,2024-11-20 23:59:59.999,5942959.861503686,6312,,,0
2024-11-21,5.468,5.859,5.313,5.794,941063.5698396084,2024-11-21 23:59:59.999,5452522.323650691,5611,,,0
2024-11-22,5.801,6.195,5.484,6.131,1111098.327451493,2024-11-22 23:59:59.999,6812143.845605103,7681,,,0
2024-11-23,6.152,6.583,5.87,6.195,1518133.5187084237,2024-11-23 23:59:59.999,9404837.148398686,13342,,,0
2024-11-24,6.18,7.0,5.916,6.883,1648617.7685982315,2024-11-24 23:59:59.999,11347436.101261627,14377,,,0
2024-11-25,6.874,7.25,6.343,6.455,1588358.3365102578,2024-11-25 23:59:59.999,10252853.062173715,13347,,,0
2024-11-26,6.465,6.668,5.952,6.522,987767.2756589348,2024-11-26 23:59:59.999,6442218.1718475735,7914,,,0
2024-11-27,6.521,6.876,6.397,6.834,764582.1211621774,2024-11-27 23:59:59.999,5225154.21602232,6220,,,0
2024-11-28,6.805,7.15,6.465,7.017,681285.2011252036,2024-11-28 23:59:59.999,4780578.256295554,6686,,,0
2024-11-29,7.015,7.037,6.789,6.97,608003.5053759379,2024-11-29 23:59:59.999,4237784.432470287,4598,,,0
2024-11-30,6.967,7.23,6.792,7.013,551871.9335637095,2024-11-30 23:59:59.999,3870277.8700822946,5056,,,0
2024-12-01,7.014,7.191,6.785,6.925,589055.8244755577,2024-12-01 23:59:59.999,4079211.5844932366,4227,,,0
2024-12-02,6.922,7.485,6.281,7.48,1200322.1911924996,2024-12-02 23:59:59.999,8978409.990119897,11543,,,0
2024-12-03,7.485,7.62,6.74,7.395,1195897.4636471216,2024-12-03 23:59:59.999,8843661.743670464,11559,,,0
2024-12-04,7.404,7.7,7.203,7.478,1956691.7311365071,2024-12-04 23:59:59.999,14632140.7654388,15606,,,0
2024-12-05,7.485,8.026,7.05,7.627,1408856.9718754443,2024-12-05 23:59:59.999,10745352.124494012,12766,,,0
2024-12-06,7.626,8.25,7.531,8.032,1187113.1765273772,2024-12-06 23:59:59.999,9534893.033867894,10167,,,0
2024-12-07,8.039,8.061,7.666,7.738,541313.4682179487,2024-12-07 23:59:59.999,4188683.6170704872,4996,,,0
2024-12-08,7.734,7.87,7.468,7.836,427401.0306239806,2024-12-08 23:59:59.999,3349114.4759695125,3879,,,0
2024-12-09,7.836,7.838,5.973,6.532,1038387.3194231348,2024-12-09 23:59:59.999,6782745.970471917,10482,,,0
2024-12-10,6.513,6.84,5.94,6.428,728673.5943825187,2024-12-10 23:59:59.999,4683913.86469083,7876,,,0
2024-12-11,6.421,6.93,6.16,6.852,390061.9291509083,2024-12-11 23:59:59.999,2672704.3385420237,3499,,,0
2024-12-12,6.859,7.326,6.793,6.915,558945.4234100381,2024-12-12 23:59:59.999,3865107.6028804136,5456,,,0
2024-12-13,6.917,7.069,6.75,6.93,276331.7667683095,2024-12-13 23:59:59.999,1914979.1437043848,3183,,,0
2024-12-14,6.934,7.035,6.5,6.68,296206.758977339,2024-12-14 23:59:59.999,1978661.1499686246,3181,,,0
2024-12-15,6.685,6.901,6.475,6.848,180660.9740902096,2024-12-15 23:59:59.999,1237166.3505697553,2566,,,0
2024-12-16,6.869,7.043,6.528,6.619,298440.9657907392,2024-12-16 23:59:59.999,1975380.752568903,3509,,,0
2024-12-17,6.618,7.009,6.337,6.365,413402.9574943295,2024-12-17 23:59:59.999,2631309.8244514074,4662,,,0
2024-12-18,6.385,6.428,5.664,5.699,552083.0349056172,2024-12-18 23:59:59.999,3146321.2159271124,6158,,,0
2024-12-19,5.688,5.872,4.99,5.198,633890.7965750828,2024-12-19 23:59:59.999,3294964.360597281,7528,,,0
2024-12-20,5.23,5.468,4.532,5.353,981950.6725898176,2024-12-20 23:59:59.999,5256381.950373293,7291,,,0
2024-12-21,5.339,5.652,4.932,5.014,248403.9929528702,2024-12-21 23:59:59.999,1245497.6206656913,2848,,,0
2024-12-22,5.022,5.131,4.845,5.036,241218.0290966,2024-12-22 23:59:59.999,1214773.9945304773,2289,,,0
2024-12-23,5.034,5.688,4.91,5.42,402116.994185449,2024-12-23 23:59:59.999,2179474.1084851334,3556,,,0
2024-12-24,5.42,5.65,5.285,5.552,272564.8365414705,2024-12-24 23:59:59.999,1513279.972478244,2755,,,0
2024-12-25,5.534,5.636,5.36,5.441,322017.3561579809,2024-12-25 23:59:59.999,1752096.434855574,1909,,,0
2024-12-26,5.439,5.49,4.995,5.083,133267.6140812699,2024-12-26 23:59:59.999,677399.2823750948,1791,,,0
2024-12-27,5.102,5.305,5.03,5.109,167462.4666023304,2024-12-27 23:59:59.999,855565.741871306,1807,,,0
2024-12-28,5.111,5.352,5.066,5.338,172848.8440380005,2024-12-28 23:59:59.999,922667.1294748468,1123,,,0
2024-12-29,5.346,5.464,5.075,5.12,246731.9300397403,2024-12-29 23:59:59.999,1263267.4818034705,1703,,,0
2024-12-30,5.119,5.268,4.945,5.035,165569.4156556797,2024-12-30 23:59:59.999,833642.0078263474,2022,,,0
2024-12-31,5.029,5.147,4.867,4.904,206614.8544788598,2024-12-31 23:59:59.999,1013239.2463643284,2016,,,0
2025-01-01,4.905,5.348,4.877,5.276,335132.8110575196,2025-01-01 23:59:59.999,1768160.7111394731,2090,,,0
2025-01-02,5.28,5.558,5.269,5.436,209377.5126102796,2025-01-02 23:59:59.999,1138176.15854948,2180,,,0
2025-01-03,5.438,5.82,5.391,5.816,270246.3855491507,2025-01-03 23:59:59.999,1571752.9783538603,2501,,,0
2025-01-04,5.819,5.926,5.732,5.794,178817.55718624,2025-01-04 23:59:59.999,1036068.9263370746,1771,,,0
2025-01-05,5.79,5.981,5.626,5.905,154536.2913292002,2025-01-05 23:59:59.999,912536.8002989272,1916,,,0
2025-01-06,5.906,6.228,5.781,6.022,343601.3602074588,2025-01-06 23:59:59.999,2069167.3911693168,3390,,,0
2025-01-07,5.995,6.014,5.35,5.367,315672.3266035988,2025-01-07 23:59:59.999,1694213.3768815147,3496,,,0
2025-01-08,5.374,5.445,4.868,5.156,294356.2060531291,2025-01-08 23:59:59.999,1517700.5984099335,3261,,,0
2025-01-09,5.149,5.213,4.84,4.978,358156.0976257193,2025-01-09 23:59:59.999,1782901.0539808308,3409,,,0
2025-01-10,4.989,5.149,4.885,5.084,204888.2313888205,2025-01-10 23:59:59.999,1041651.7683807634,1939,,,0
2025-01-11,5.088,5.158,4.987,5.082,164015.9625931101,2025-01-11 23:59:59.999,833529.1218981856,1031,,,0
2025-01-12,5.084,5.12,4.911,4.97,129557.8590377399,2025-01-12 23:59:59.999,643902.5594175672,1174,,,0
2025-01-13,4.969,5.092,4.408,4.754,383782.8908025863,2025-01-13 23:59:59.999,1824503.862875495,4223,,,0
2025-01-14,4.757,5.059,4.71,5.042,246890.3608576211,2025-01-14 23:59:59.999,1244821.1994441256,2389,,,0
2025-01-15,5.058,5.341,4.861,5.313,374625.2333109471,2025-01-15 23:59:59.999,1990383.8645810618,3149,,,0
2025-01-16,5.33,5.349,5.099,5.161,215291.1158498804,2025-01-16 23:59:59.999,1111117.4489012328,2475,,,0
2025-01-17,5.165,5.793,5.165,5.753,457027.4151206799,2025-01-17 23:59:59.999,2629278.7191892713,3187,,,0
2025-01-18,5.759,5.887,5.299,5.44,289248.3434088912,2025-01-18 23:59:59.999,1573510.9881443682,3070,,,0
2025-01-19,5.44,5.645,4.876,4.967,516711.8929738183,2025-01-19 23:59:59.999,2566507.9724009554,5393,,,0
2025-01-20,4.975,5.678,4.756,5.08,878355.6254435363,2025-01-20 23:59:59.999,4462046.577253165,7347,,,0
2025-01-21,5.092,5.343,4.867,5.257,662504.1800972171,2025-01-21 23:59:59.999,3482784.47477107,3547,,,0
2025-01-22,5.248,5.301,5.073,5.088,241388.8049494404,2025-01-22 23:59:59.999,1228186.2395827528,2178,,,0
2025-01-23,5.09,5.13,4.854,4.981,241184.2077944095,2025-01-23 23:59:59.999,1201338.5390239537,2610,,,0
2025-01-24,4.988,5.176,4.85,5.002,337234.5254835893,2025-01-24 23:59:59.999,1686847.0964689138,1958,,,0
2025-01-25,4.995,5.019,4.867,4.927,118755.74152362,2025-01-25 23:59:59.999,585109.5384868757,1005,,,0
2025-01-26,4.924,5.136,4.751,4.759,166784.9562645393,2025-01-26 23:59:59.999,793729.6068629426,1583,,,0
2025-01-27,4.755,4.765,4.35,4.638,637751.8166071071,2025-01-27 23:59:59.999,2957892.9254237623,4236,,,0
2025-01-28,4.634,4.677,4.254,4.282,183112.8836476792,2025-01-28 23:59:59.999,784089.3677793624,1850,,,0
2025-01-29,4.273,4.577,4.269,4.419,261770.4414608399,2025-01-29 23:59:59.999,1156763.5808154515,1762,,,0
2025-01-30,4.42,4.673,4.374,4.605,354543.2842152691,2025-01-30 23:59:59.999,1632671.8238113143,1667,,,0
2025-01-31,4.612,4.843,4.537,4.619,144959.48313041,2025-01-31 23:59:59.999,669567.8525793637,1467,,,0
2025-02-01,4.615,4.683,4.243,4.259,117022.2240703101,2025-02-01 23:59:59.999,498397.6523154508,1288,,,0
2025-02-02,4.255,4.337,3.504,3.752,799881.3355098988,2025-02-02 23:59:59.999,3001154.7708331402,5062,,,0
2025-02-03,3.751,3.797,2.675,3.78,1133272.1013529373,2025-02-03 23:59:59.999,4283768.543114102,7630,,,0
2025-02-04,3.782,3.797,3.279,3.396,461155.9274619782,2025-02-04 23:59:59.999,1566085.529660878,4124,,,0
2025-02-05,3.4,3.478,3.24,3.28,400762.466225431,2025-02-05 23:59:59.999,1314500.8892194137,1988,,,0
2025-02-06,3.285,3.379,3.12,3.141,197847.4494289299,2025-02-06 23:59:59.999,621438.8386562688,1523,,,0
2025-02-07,3.145,3.406,3.11,3.207,280288.0274884397,2025-02-07 23:59:59.999,898883.704155426,1376,,,0
2025-02-08,3.191,3.315,3.161,3.287,103699.49424759,2025-02-08 23:59:59.999,340860.23759182834,976,,,0
2025-02-09,3.287,3.466,3.031,3.182,147522.02173694,2025-02-09 23:59:59.999,469415.07316694304,1610,,,0
2025-02-10,3.181,3.303,3.07,3.209,438508.8140535098,2025-02-10 23:59:59.999,1407174.7842977128,1860,,,0
2025-02-11,3.207,3.384,3.131,3.202,623624.0468869419,2025-02-11 23:59:59.999,1996844.1981319878,1907,,,0
2025-02-12,3.2,3.469,3.101,3.427,275466.8867322499,2025-02-12 23:59:59.999,944025.0208314206,2112,,,0
2025-02-13,3.44,3.442,3.258,3.37,174821.5511183,2025-02-13 23:59:59.999,589148.627268671,1216,,,0
2025-02-14,3.378,3.628,3.344,3.55,255543.0695887002,2025-02-14 23:59:59.999,907177.8970398856,1679,,,0
2025-02-15,3.554,3.605,3.374,3.407,169487.6936010594,2025-02-15 23:59:59.999,577444.5720988094,1198,,,0
2025-02-16,3.401,3.551,3.36,3.418,192547.5523287093,2025-02-16 23:59:59.999,658127.5338595285,1231,,,0
2025-02-17,3.417,3.505,3.221,3.258,170662.4618745892,2025-02-17 23:59:59.999,556018.3007874116,1931,,,0
2025-02-18,3.259,3.308,3.025,3.13,574910.052994912,2025-02-18 23:59:59.999,1799468.4658740745,2288,,,0
2025-02-19,3.138,3.19,3.06,3.158,193728.0054004398,2025-02-19 23:59:59.999,611793.0410545889,1147,,,0
2025-02-20,3.166,3.506,3.147,3.47,359513.4880333501,2025-02-20 23:59:59.999,1247511.803475725,2162,,,0
2025-02-21,3.469,3.638,3.22,3.309,436323.6032983708,2025-02-21 23:59:59.999,1443794.803314309,2392,,,0
2025-02-22,3.299,3.639,3.293,3.466,144106.23072431,2025-02-22 23:59:59.999,499472.1956904585,1208,,,0
2025-02-23,3.469,3.494,3.354,3.428,118304.8262608398,2025-02-23 23:59:59.999,405548.9444221589,731,,,0
2025-02-24,3.434,3.456,3.031,3.063,340395.9097561401,2025-02-24 23:59:59.999,1042632.6715830571,2139,,,0
2025-02-25,3.064,3.089,2.757,3.008,604506.1825410522,2025-02-25 23:59:59.999,1818354.5970834852,3331,,,0
2025-02-26,3.001,3.099,2.88,3.018,298389.2683164174,2025-02-26 23:59:59.999,900538.8117789477,2413,,,0
2025-02-27,3.027,3.171,3.001,3.055,210535.2790934301,2025-02-27 23:59:59.999,643185.2776304289,1116,,,0
2025-02-28,3.056,3.096,2.766,3.065,284927.3378983902,2025-02-28 23:59:59.999,873302.2906585659,2103,,,0
2025-03-01,3.065,3.319,3.056,3.269,222998.7523876304,2025-03-01 23:59:59.999,728982.9215551638,1414,,,0
2025-03-02,3.265,3.558,3.179,3.554,394506.4316901995,2025-03-02 23:59:59.999,1402075.858226969,2443,,,0
2025-03-03,3.556,3.561,2.917,2.973,377803.9819867692,2025-03-03 23:59:59.999,1123211.2384466648,2450,,,0
2025-03-04,2.97,2.97,2.563,2.813,472255.4054022111,2025-03-04 23:59:59.999,1328454.4553964199,3262,,,0
2025-03-05,2.81,3.045,2.78,2.987,413477.1799384099,2025-03-05 23:59:59.999,1235056.3364760303,1893,,,0
2025-03-06,2.998,3.246,2.959,3.056,362843.2808159199,2025-03-06 23:59:59.999,1108849.0661734513,1841,,,0
2025-03-07,3.055,3.097,2.887,2.941,510409.0321128598,2025-03-07 23:59:59.999,1501112.9634439205,2393,,,0
2025-03-08,2.924,2.967,2.831,2.885,106745.9043351,2025-03-08 23:59:59.999,307961.9340067635,876,,,0
2025-03-09,2.885,2.897,2.491,2.548,437788.4432297911,2025-03-09 23:59:59.999,1115484.9533495079,2209,,,0
2025-03-10,2.553,2.673,2.238,2.283,530383.1691938974,2025-03-10 23:59:59.999,1210864.7752696676,3140,,,0
2025-03-11,2.289,2.56,2.144,2.449,494983.5277834314,2025-03-11 23:59:59.999,1212214.6595416234,2781,,,0
2025-03-12,2.449,2.579,2.341,2.556,443606.3292390395,2025-03-12 23:59:59.999,1133857.777534985,2397,,,0
2025-03-13,2.559,2.655,2.482,2.571,258784.8045059498,2025-03-13 23:59:59.999,665335.732384797,1939,,,0
2025-03-14,2.569,2.712,2.554,2.609,228166.5722474603,2025-03-14 23:59:59.999,595286.586993624,1989,,,0
2025-03-15,2.609,2.693,2.605,2.643,45110.7960039,2025-03-15 23:59:59.999,119227.83383830769,808,,,0
2025-03-16,2.641,2.667,2.488,2.517,98367.65795084,2025-03-16 23:59:59.999,247591.3950622643,1110,,,0
2025-03-17,2.516,2.685,2.509,2.637,129988.6758034199,2025-03-17 23:59:59.999,342780.13809361827,1219,,,0
2025-03-18,2.644,2.651,2.504,2.585,202628.9016860102,2025-03-18 23:59:59.999,523795.7108583364,2102,,,0
2025-03-19,2.588,2.821,2.562,2.793,443067.7529025093,2025-03-19 23:59:59.999,1237488.2338567085,3794,,,0
2025-03-20,2.793,2.814,2.678,2.74,213064.1192755402,2025-03-20 23:59:59.999,583795.6868149802,2544,,,0
2025-03-21,2.741,2.78,2.685,2.715,141609.7899741101,2025-03-21 23:59:59.999,384470.57977970893,2279,,,0
2025-03-22,2.715,2.793,2.714,2.733,129408.7684134,2025-03-22 23:59:59.999,353674.1640738222,2266,,,0
2025-03-23,2.733,2.796,2.716,2.78,148872.15855553,2025-03-23 23:59:59.999,413864.6007843734,2099,,,0
2025-03-24,2.78,3.029,2.762,2.923,1294868.4249585194,2025-03-24 23:59:59.999,3784900.4061537525,3315,,,0
2025-03-25,2.923,3.075,2.896,3.026,188460.3788550101,2025-03-25 23:59:59.999,570281.1064152605,1189,,,0
2025-03-26,3.023,3.073,2.935,2.984,130715.9970912299,2025-03-26 23:59:59.999,390056.53532023,1276,,,0
2025-03-27,2.998,3.089,2.937,3.015,120554.2034642201,2025-03-27 23:59:59.999,363470.92344462365,1037,,,0
2025-03-28,3.012,3.03,2.668,2.732,409480.5952179599,2025-03-28 23:59:59.999,1118700.9861354665,1738,,,0
2025-03-29,2.73,2.765,2.521,2.564,215194.8871890403,2025-03-29 23:59:59.999,551759.6907526994,1098,,,0
2025-03-30,2.565,2.773,2.55,2.591,220273.4789878002,2025-03-30 23:59:59.999,570728.5840573903,1425,,,0
2025-03-31,2.593,2.631,2.468,2.512,229912.5090660203,2025-03-31 23:59:59.999,577540.222773843,1742,,,0
2025-04-01,2.507,2.697,2.483,2.648,186595.00732192,2025-04-01 23:59:59.999,494103.5793884442,1264,,,0
2025-04-02,2.644,2.734,2.405,2.445,229581.2917916501,2025-04-02 23:59:59.999,561326.2584305845,2027,,,0
2025-04-03,2.449,2.549,2.366,2.504,280031.08915454,2025-04-03 23:59:59.999,701197.8472429682,1804,,,0
2025-04-04,2.508,2.57,2.403,2.505,200597.2287649401,2025-04-04 23:59:59.999,502496.05805617495,1535,,,0
2025-04-05,2.508,2.529,2.404,2.44,61795.89152731,2025-04-05 23:59:59.999,150781.9753266364,690,,,0
2025-04-06,2.427,2.453,2.11,2.161,286241.8785383689,2025-04-06 23:59:59.999,618568.6995214152,2192,,,0
2025-04-07,2.161,2.256,1.978,2.125,757516.2347429912,2025-04-07 23:59:59.999,1609721.9988288563,4479,,,0
2025-04-08,2.12,2.166,1.875,1.906,2048660.5834188992,2025-04-08 23:59:59.999,3904747.0719964216,4183,,,0
2025-04-09,1.9,2.144,1.82,2.097,720102.9193100599,2025-04-09 23:59:59.999,1510055.8217931956,2756,,,0
2025-04-10,2.102,2.102,1.934,2.003,173788.44477491,2025-04-10 23:59:59.999,348098.25488414476,1168,,,0
2025-04-11,2.002,2.118,2.002,2.092,202705.8867811204,2025-04-11 23:59:59.999,424060.71514610393,1048,,,0
2025-04-12,2.081,2.234,2.062,2.214,189923.1244460902,2025-04-12 23:59:59.999,420489.7975236437,1079,,,0
2025-04-13,2.216,2.247,2.079,2.098,277299.33216258,2025-04-13 23:59:59.999,581773.9988770927,1305,,,0
2025-04-14,2.095,2.207,2.079,2.105,315651.5653996898,2025-04-14 23:59:59.999,664446.545166347,1594,,,0
2025-04-15,2.117,2.144,2.016,2.04,142000.3516200001,2025-04-15 23:59:59.999,289680.7173048002,859,,,0
2025-04-16,2.039,2.059,1.917,1.956,155246.4675997903,2025-04-16 23:59:59.999,303662.0906251898,1017,,,0
2025-04-17,1.968,2.095,1.96,2.047,107482.0703460601,2025-04-17 23:59:59.999,220015.79799838507,710,,,0
2025-04-18,2.057,2.089,2.028,2.056,151889.8760883301,2025-04-18 23:59:59.999,312285.58523760666,534,,,0
2025-04-19,2.05,2.205,2.05,2.18,405066.2828391402,2025-04-19 23:59:59.999,883044.4965893257,981,,,0
2025-04-20,2.185,2.275,2.145,2.237,167261.2251235903,2025-04-20 23:59:59.999,374163.3606014715,895,,,0
2025-04-21,2.244,2.331,2.204,2.217,218841.1922662903,2025-04-21 23:59:59.999,485170.9232543656,1228,,,0
2025-04-22,2.216,2.427,2.15,2.404,563224.8503968894,2025-04-22 23:59:59.999,1353992.540354122,1913,,,0
2025-04-23,2.407,2.55,2.398,2.47,523812.9508898057,2025-04-23 23:59:59.999,1293817.98869782,2390,,,0
2025-04-24,2.472,2.617,2.362,2.54,354827.1796464902,2025-04-24 23:59:59.999,901261.0363020852,1605,,,0
2025-04-25,2.543,2.652,2.49,2.619,479095.2213742904,2025-04-25 23:59:59.999,1254750.3847792668,1678,,,0
2025-04-26,2.638,2.728,2.555,2.627,280071.3811839798,2025-04-26 23:59:59.999,735747.5183703149,1360,,,0
2025-04-27,2.615,2.656,2.489,2.49,104687.94349032,2025-04-27 23:59:59.999,260672.97929089682,704,,,0
2025-04-28,2.49,2.625,2.424,2.585,298394.2150163005,2025-04-28 23:59:59.999,771349.0458171368,1360,,,0
2025-04-29,2.584,2.618,2.49,2.528,172258.7325117297,2025-04-29 23:59:59.999,435470.0757896527,977,,,0
2025-04-30,2.533,2.549,2.346,2.463,285347.7676457904,2025-04-30 23:59:59.999,702811.5517115818,1307,,,0
2025-05-01,2.472,2.604,2.467,2.541,215611.84458608,2025-05-01 23:59:59.999,547869.6970932293,1144,,,0
2025-05-02,2.546,2.632,2.49,2.512,206769.58861739,2025-05-02 23:59:59.999,519405.2066068837,1157,,,0
2025-05-03,2.51,2.514,2.404,2.423,144511.2791134201,2025-05-03 23:59:59.999,350150.8292918169,937,,,0
2025-05-04,2.422,2.454,2.307,2.315,253081.2440663103,2025-05-04 23:59:59.999,585883.0800135083,1111,,,0
2025-05-05,2.322,2.395,2.285,2.315,151833.2597136403,2025-05-05 23:59:59.999,351493.9962370773,705,,,0
2025-05-06,2.322,2.339,2.235,2.328,464579.9801141196,2025-05-06 23:59:59.999,1081542.1937056703,1111,,,0
2025-05-07,2.33,2.382,2.228,2.284,254610.9829348403,2025-05-07 23:59:59.999,581531.4850231751,893,,,0
2025-05-08,2.287,2.739,2.276,2.735,525543.0983568203,2025-05-08 23:59:59.999,1437360.3740059035,2111,,,0
2025-05-09,2.736,2.985,2.724,2.901,689889.3078129479,2025-05-09 23:59:59.999,2001368.8819653618,3090,,,0
2025-05-10,2.902,3.381,2.877,3.35,411186.214920449,2025-05-10 23:59:59.999,1377473.8199835042,2818,,,0
2025-05-11,3.344,3.364,3.069,3.134,520775.7813388471,2025-05-11 23:59:59.999,1632111.2987159467,2770,,,0
2025-05-12,3.142,3.34,3.015,3.186,500666.0430562258,2025-05-12 23:59:59.999,1595122.0131771355,3178,,,0
2025-05-13,3.2,3.293,2.997,3.212,330897.0861346204,2025-05-13 23:59:59.999,1062841.4406644008,2228,,,0
2025-05-14,3.211,3.29,3.022,3.054,236361.6561793308,2025-05-14 23:59:59.999,721848.4979716763,1891,,,0
2025-05-15,3.051,3.1,2.819,2.874,276884.4952091812,2025-05-15 23:59:59.999,795766.0392311868,2125,,,0
2025-05-16,2.882,2.989,2.773,2.796,176007.0463284202,2025-05-16 23:59:59.999,492115.70153426286,1082,,,0
2025-05-17,2.795,2.801,2.657,2.692,160120.5809097204,2025-05-17 23:59:59.999,431044.60380896734,1084,,,0
2025-05-18,2.693,2.943,2.64,2.868,288677.31506639,2025-05-18 23:59:59.999,827926.5396104064,1871,,,0
2025-05-19,2.868,2.873,2.648,2.771,167590.0009628106,2025-05-19 23:59:59.999,464391.89266794815,1207,,,0
2025-05-20,2.769,2.882,2.677,2.813,379413.1982804603,2025-05-20 23:59:59.999,1067289.326762935,1601,,,0
2025-05-21,2.814,2.964,2.759,2.866,323356.5627966799,2025-05-21 23:59:59.999,926739.9089752847,2078,,,0
2025-05-22,2.864,3.101,2.864,3.078,316779.4464391699,2025-05-22 23:59:59.999,975047.1361397648,2524,,,0
2025-05-23,3.077,3.16,2.784,2.799,416303.6167772582,2025-05-23 23:59:59.999,1165233.8233595458,2571,,,0
2025-05-24,2.798,2.853,2.761,2.779,158539.5964190603,2025-05-24 23:59:59.999,440581.5384485686,837,,,0
2025-05-25,2.775,2.811,2.636,2.799,188968.2716146611,2025-05-25 23:59:59.999,528922.1922494364,1179,,,0
2025-05-26,2.797,2.87,2.74,2.77,209530.3322456206,2025-05-26 23:59:59.999,580399.020320369,1083,,,0
2025-05-27,2.768,2.925,2.7,2.818,314229.3047389697,2025-05-27 23:59:59.999,885498.1807544167,1746,,,0
2025-05-28,2.817,2.899,2.741,2.866,182412.3560604702,2025-05-28 23:59:59.999,522793.81246930757,1326,,,0
2025-05-29,2.87,2.988,2.748,2.755,260073.2969632304,2025-05-29 23:59:59.999,716501.9331336997,2021,,,0
2025-05-30,2.754,2.768,2.412,2.444,425418.1008038083,2025-05-30 23:59:59.999,1039721.8383645075,2636,,,0
2025-05-31,2.444,2.464,2.336,2.422,304736.8289775791,2025-05-31 23:59:59.999,738072.5997836966,1945,,,0
2025-06-01,2.422,2.473,2.355,2.463,110164.09466817,2025-06-01 23:59:59.999,271334.1651677027,1092,,,0
2025-06-02,2.463,2.515,2.377,2.506,274991.99568369,2025-06-02 23:59:59.999,689129.9411833271,1519,,,0
2025-06-03,2.502,2.591,2.478,2.508,227733.6163913004,2025-06-03 23:59:59.999,571155.9099093814,1401,,,0
2025-06-04,2.507,2.576,2.423,2.435,203167.6792903602,2025-06-04 23:59:59.999,494713.2990720271,1139,,,0
2025-06-05,2.435,2.518,2.226,2.249,394878.6847112577,2025-06-05 23:59:59.999,888082.1619156186,2320,,,0
2025-06-06,2.246,2.369,2.246,2.315,265420.1324087503,2025-06-06 23:59:59.999,614447.6065262569,2305,,,0
2025-06-07,2.316,2.463,2.31,2.422,77017.8515838301,2025-06-07 23:59:59.999,186537.2365360365,885,,,0
2025-06-08,2.423,2.463,2.374,2.422,153759.4865718801,2025-06-08 23:59:59.999,372405.4764770936,1241,,,0
2025-06-09,2.421,2.551,2.374,2.543,215676.9987268201,2025-06-09 23:59:59.999,548466.6077623036,1616,,,0
2025-06-10,2.544,2.665,2.504,2.662,275972.8650454403,2025-06-10 23:59:59.999,734639.7667509621,2054,,,0
2025-06-11,2.662,2.73,2.56,2.573,335298.0727019191,2025-06-11 23:59:59.999,862721.941062038,2096,,,0
2025-06-12,2.573,2.578,2.366,2.376,174607.1525096202,2025-06-12 23:59:59.999,414866.5943628576,1537,,,0
2025-06-13,2.368,2.368,2.162,2.242,360113.9847941704,2025-06-13 23:59:59.999,807375.55390853,2915,,,0
2025-06-14,2.24,2.244,2.16,2.233,111786.4219521,2025-06-14 23:59:59.999,249619.08021903932,730,,,0
2025-06-15,2.232,2.269,2.172,2.228,89564.24837171,2025-06-15 23:59:59.999,199549.14537216988,1032,,,0
2025-06-16,2.228,2.386,2.206,2.27,181772.0129143199,2025-06-16 23:59:59.999,412622.46931550617,1301,,,0
2025-06-17,2.272,2.297,2.09,2.138,603953.240183701,2025-06-17 23:59:59.999,1291252.0275127527,2495,,,0
2025-06-18,2.139,2.2,2.073,2.188,113444.5486244,2025-06-18 23:59:59.999,248216.67239018722,1090,,,0
2025-06-19,2.188,2.211,2.145,2.182,109131.61110682,2025-06-19 23:59:59.999,238125.17543508124,791,,,0
2025-06-20,2.181,2.198,2.019,2.076,174581.6162166,2025-06-20 23:59:59.999,362431.4352656616,1276,,,0
2025-06-21,2.074,2.1,1.907,1.974,165839.5409195597,2025-06-21 23:59:59.999,327367.2537752108,1273,,,0
2025-06-22,1.973,2.007,1.795,1.898,395056.9582408189,2025-06-22 23:59:59.999,749818.1067410742,2318,,,0
2025-06-23,1.897,2.2,1.866,2.122,656811.5045410696,2025-06-23 23:59:59.999,1393754.0126361498,2691,,,0
2025-06-24,2.123,2.229,2.115,2.191,248665.2101769705,2025-06-24 23:59:59.999,544825.4754977423,1573,,,0
2025-06-25,2.191,2.199,2.116,2.14,160156.07940173,2025-06-25 23:59:59.999,342734.00991970225,1019,,,0
2025-06-26,2.139,2.194,2.027,2.051,212283.13886815,2025-06-26 23:59:59.999,435392.7178185757,1264,,,0
2025-06-27,2.05,2.127,2.026,2.113,199643.3156240201,2025-06-27 23:59:59.999,421846.32591355446,1103,,,0
2025-06-28,2.113,2.185,2.09,2.168,66512.7996878299,2025-06-28 23:59:59.999,144199.74972321524,533,,,0
2025-06-29,2.167,2.295,2.115,2.26,110413.2565373,2025-06-29 23:59:59.999,249533.95977429798,1167,,,0
2025-06-30,2.258,2.277,2.113,2.15,185253.4360789504,2025-06-30 23:59:59.999,398294.8875697434,1476,,,0
2025-07-01,2.148,2.165,2.014,2.041,152755.7432011902,2025-07-01 23:59:59.999,311774.4718736292,1108,,,0
2025-07-02,2.04,2.269,2.027,2.221,292968.5479841996,2025-07-02 23:59:59.999,650683.1450729073,2051,,,0
2025-07-03,2.221,2.364,2.216,2.275,216434.3795336101,2025-07-03 23:59:59.999,492388.213438963,1788,,,0
2025-07-04,2.275,2.297,2.101,2.134,138931.5317317497,2025-07-04 23:59:59.999,296479.88871555385,1121,,,0
2025-07-05,2.134,2.16,2.1,2.15,41204.93941284,2025-07-05 23:59:59.999,88590.619737606,413,,,0
2025-07-06,2.149,2.226,2.116,2.182,85697.9429285499,2025-07-06 23:59:59.999,186992.9114700959,655,,,0
2025-07-07,2.181,2.213,2.133,2.16,113214.27649087,2025-07-07 23:59:59.999,244542.83722027924,797,,,0
2025-07-08,2.158,2.259,2.12,2.243,165770.1186472402,2025-07-08 23:59:59.999,371822.37612575974,1356,,,0
2025-07-09,2.245,2.359,2.207,2.338,205771.8997328203,2025-07-09 23:59:59.999,481094.7015753339,1826,,,0
2025-07-10,2.338,2.536,2.321,2.52,234032.08121678,2025-07-10 23:59:59.999,589760.8446662856,2131,,,0
2025-07-11,2.517,2.64,2.439,2.508,476098.3068596993,2025-07-11 23:59:59.999,1194054.553604126,3334,,,0
2025-07-12,2.506,2.554,2.41,2.483,202127.5384291901,2025-07-12 23:59:59.999,501882.6779196791,2097,,,0
2025-07-13,2.484,2.592,2.472,2.531,251819.8613587,2025-07-13 23:59:59.999,637356.0690988697,1776,,,0
2025-07-14,2.532,2.696,2.526,2.581,400563.2303158068,2025-07-14 23:59:59.999,1033853.6974450974,3375,,,0
2025-07-15,2.579,2.67,2.481,2.67,357560.4528090274,2025-07-15 23:59:59.999,954686.4090001031,2801,,,0
2025-07-16,2.67,2.818,2.614,2.733,449693.2694421563,2025-07-16 23:59:59.999,1229011.7053854133,3690,,,0
2025-07-17,2.732,2.862,2.663,2.817,461974.6817737774,2025-07-17 23:59:59.999,1301382.678556731,3487,,,0
2025-07-18,2.819,3.094,2.724,2.806,775144.6888402009,2025-07-18 23:59:59.999,2175055.9968856038,5122,,,0
2025-07-19,2.805,2.946,2.743,2.923,264926.5970675499,2025-07-19 23:59:59.999,774380.4432284483,2016,,,0
2025-07-20,2.921,3.07,2.888,2.977,368071.1131998651,2025-07-20 23:59:59.999,1095747.7039959983,3058,,,0
2025-07-21,2.976,3.1,2.916,3.023,422388.4108499276,2025-07-21 23:59:59.999,1276880.165999331,3711,,,0
2025-07-22,3.024,3.053,2.852,3.033,523508.5368999213,2025-07-22 23:59:59.999,1587801.3924174614,3987,,,0
2025-07-23,3.032,3.037,2.66,2.755,405782.978247709,2025-07-23 23:59:59.999,1117932.1050724383,3271,,,0
2025-07-24,2.754,2.827,2.587,2.717,490490.6107697403,2025-07-24 23:59:59.999,1332662.9894613845,2828,,,0
2025-07-25,2.719,2.866,2.606,2.856,316095.7828881203,2025-07-25 23:59:59.999,902769.5559284715,3045,,,0
2025-07-26,2.855,2.935,2.843,2.881,161851.31272994,2025-07-26 23:59:59.999,466293.63197495707,1589,,,0
2025-07-27,2.882,2.978,2.878,2.965,203598.9433186901,2025-07-27 23:59:59.999,603670.866939916,1565,,,0
2025-07-28,2.963,3.014,2.722,2.748,421141.2466557079,2025-07-28 23:59:59.999,1157296.1458098853,2971,,,0
2025-07-29,2.751,2.833,2.66,2.724,357668.2524836495,2025-07-29 23:59:59.999,974288.3197654614,2285,,,0
2025-07-30,2.724,2.733,2.508,2.657,347976.2006738405,2025-07-30 23:59:59.999,924572.7651903941,2570,,,0
2025-07-31,2.656,2.734,2.526,2.534,222711.4162108004,2025-07-31 23:59:59.999,564350.7286781681,1939,,,0
2025-08-01,2.534,2.548,2.353,2.417,437648.4035617282,2025-08-01 23:59:59.999,1057796.191408697,2997,,,0
2025-08-02,2.413,2.448,2.304,2.348,151153.4738961501,2025-08-02 23:59:59.999,354908.3567081604,1352,,,0
2025-08-03,2.347,2.461,2.318,2.446,136493.3066431301,2025-08-03 23:59:59.999,333862.62804909627,1042,,,0
2025-08-04,2.444,2.569,2.444,2.553,364028.6131622891,2025-08-04 23:59:59.999,929365.049403324,1670,,,0
2025-08-05,2.553,2.556,2.393,2.468,148774.5523115298,2025-08-05 23:59:59.999,367175.5951048556,1453,,,0
2025-08-06,2.469,2.527,2.387,2.49,158251.6272988502,2025-08-06 23:59:59.999,394046.551974137,1388,,,0
2025-08-07,2.488,2.653,2.472,2.649,167827.6793813498,2025-08-07 23:59:59.999,444575.5226811956,1376,,,0
2025-08-08,2.651,2.733,2.611,2.713,717495.4257972199,2025-08-08 23:59:59.999,1946565.0901878576,3914,,,0
2025-08-09,2.712,2.86,2.707,2.831,360575.6095405884,2025-08-09 23:59:59.999,1020789.5506094057,2297,,,0
2025-08-10,2.831,2.869,2.696,2.753,408602.1642651767,2025-08-10 23:59:59.999,1124881.7582220314,2694,,,0
2025-08-11,2.752,2.827,2.58,2.603,305832.42160097,2025-08-11 23:59:59.999,796081.7934273249,2276,,,0
2025-08-12,2.601,2.822,2.567,2.787,300679.1041202394,2025-08-12 23:59:59.999,837992.6631831072,2271,,,0
2025-08-13,2.788,3.048,2.757,2.992,959499.1958751712,2025-08-13 23:59:59.999,2870821.5940585122,4779,,,0
2025-08-14,2.998,3.061,2.695,2.761,768511.8106486714,2025-08-14 23:59:59.999,2121861.109200982,3936,,,0
2025-08-15,2.76,2.85,2.629,2.712,284763.3366677099,2025-08-15 23:59:59.999,772278.1690428294,1695,,,0
2025-08-16,2.709,2.767,2.689,2.744,116324.1396941701,2025-08-16 23:59:59.999,319193.43932080275,916,,,0
2025-08-17,2.743,2.84,2.694,2.704,572837.6381917376,2025-08-17 23:59:59.999,1548952.9736704584,2309,,,0
2025-08-18,2.703,2.703,2.547,2.576,353451.3335612805,2025-08-18 23:59:59.999,910490.6352538586,1938,,,0
2025-08-19,2.576,2.597,2.42,2.422,423875.8972075202,2025-08-19 23:59:59.999,1026627.423036614,1919,,,0
2025-08-20,2.423,2.561,2.415,2.546,242604.2223265677,2025-08-20 23:59:59.999,617670.3500434413,5049,,,0
2025-08-21,2.546,2.569,2.435,2.445,148000.8367468299,2025-08-21 23:59:59.999,361862.0458459991,890,,,0
2025-08-22,2.444,2.718,2.37,2.688,348762.4658114688,2025-08-22 23:59:59.999,937473.5081012282,2458,,,0
2025-08-23,2.687,2.716,2.605,2.699,256111.8044918801,2025-08-23 23:59:59.999,691245.7603235843,1161,,,0
2025-08-24,2.699,2.787,2.577,2.654,266865.1414435101,2025-08-24 23:59:59.999,708260.0853910757,2385,,,0
2025-08-25,2.654,2.684,2.351,2.396,404972.4863726397,2025-08-25 23:59:59.999,970314.0773488447,2531,,,0
2025-08-26,2.398,2.548,2.38,2.528,346974.0147072501,2025-08-26 23:59:59.999,877150.3091799283,1850,,,0
2025-08-27,2.527,2.574,2.496,2.517,306436.0986759303,2025-08-27 23:59:59.999,771299.6603673166,1369,,,0
2025-08-28,2.518,2.566,2.476,2.544,218643.9626870503,2025-08-28 23:59:59.999,556230.241075856,1188,,,0
2025-08-29,2.544,2.544,2.392,2.431,532027.86543746,2025-08-29 23:59:59.999,1293359.7408784654,2235,,,0
2025-08-30,2.43,2.462,2.394,2.435,162478.98192559,2025-08-30 23:59:59.999,395636.32098881167,782,,,0
2025-08-31,2.434,2.482,2.365,2.367,190817.2408566402,2025-08-31 23:59:59.999,451664.40910766734,956,,,0
2025-09-01,2.366,2.45,2.277,2.337,262778.16721092,2025-09-01 23:59:59.999,614112.5767719201,1456,,,0
2025-09-02,2.339,2.438,2.32,2.438,200562.6165886399,2025-09-02 23:59:59.999,488971.6592431041,1039,,,0
2025-09-03,2.438,2.494,2.42,2.469,354446.3447128703,2025-09-03 23:59:59.999,875128.0250960768,1148,,,0
2025-09-04,2.469,2.474,2.361,2.376,391696.7293885097,2025-09-04 23:59:59.999,930671.429027099,1086,,,0
2025-09-05,2.375,2.478,2.368,2.399,229903.9148733705,2025-09-05 23:59:59.999,551539.4917812158,1197,,,0
2025-09-06,2.398,2.41,2.375,2.403,62939.2654593299,2025-09-06 23:59:59.999,151243.05489876974,417,,,0
2025-09-07,2.401,2.486,2.401,2.468,107891.2105234099,2025-09-07 23:59:59.999,266275.50757177564,603,,,0
2025-09-08,2.465,2.594,2.454,2.578,242543.6790150399,2025-09-08 23:59:59.999,625277.6045007728,1361,,,0
2025-09-09,2.576,2.794,2.576,2.633,706119.4968207402,2025-09-09 23:59:59.999,1859212.635129009,2911,,,0
2025-09-10,2.634,2.733,2.621,2.727,380615.3150519098,2025-09-10 23:59:59.999,1037937.9641465581,1829,,,0
2025-09-11,2.726,2.771,2.679,2.747,235285.9878776901,2025-09-11 23:59:59.999,646330.6087000147,1370,,,0
2025-09-12,2.746,2.815,2.688,2.794,478673.2900793403,2025-09-12 23:59:59.999,1337413.1724816768,1984,,,0
2025-09-13,2.793,2.89,2.769,2.814,395003.8476528506,2025-09-13 23:59:59.999,1111540.8272951217,2329,,,0
2025-09-14,2.812,2.818,2.677,2.709,301323.24525297,2025-09-14 23:59:59.999,816284.6713902958,1770,,,0
2025-09-15,2.707,2.781,2.58,2.629,530200.677762451,2025-09-15 23:59:59.999,1393897.5818374837,2155,,,0
2025-09-16,2.627,2.735,2.581,2.709,655259.301021219,2025-09-16 23:59:59.999,1775097.4464664822,2099,,,0
2025-09-17,2.709,2.834,2.653,2.825,273525.6237282399,2025-09-17 23:59:59.999,772709.8870322778,1920,,,0
2025-09-18,2.826,3.265,2.81,3.178,1221069.6761857637,2025-09-18 23:59:59.999,3880559.430918357,6837,,,0
2025-09-19,3.176,3.34,3.093,3.122,1176367.4249678662,2025-09-19 23:59:59.999,3672619.100749678,6084,,,0
2025-09-20,3.122,3.285,3.054,3.16,472119.5170529531,2025-09-20 23:59:59.999,1491897.6738873317,3171,,,0
2025-09-21,3.157,3.168,3.075,3.133,295555.9456513699,2025-09-21 23:59:59.999,925976.777725742,1505,,,0
2025-09-22,3.13,3.157,2.75,2.974,673762.0925878274,2025-09-22 23:59:59.999,2003768.4633561987,3959,,,0
2025-09-23,2.965,3.133,2.858,2.921,504041.1818490505,2025-09-23 23:59:59.999,1472304.2921810765,4791,,,0
2025-09-24,2.92,3.122,2.868,3.025,668898.5527960584,2025-09-24 23:59:59.999,2023418.1222080765,3270,,,0
2025-09-25,3.023,3.035,2.708,2.728,748494.5172380011,2025-09-25 23:59:59.999,2041893.043025267,3049,,,0
2025-09-26,2.728,2.799,2.625,2.78,385546.3620141202,2025-09-26 23:59:59.999,1071818.8863992542,1952,,,0
2025-09-27,2.778,2.778,2.688,2.727,121876.36837606,2025-09-27 23:59:59.999,332356.8565615156,696,,,0
2025-09-28,2.727,2.815,2.648,2.803,151533.9206527198,2025-09-28 23:59:59.999,424749.5795895736,1041,,,0
2025-09-29,2.799,2.83,2.693,2.777,308050.6880055672,2025-09-29 23:59:59.999,855456.76059146,1644,,,0
2025-09-30,2.776,2.778,2.565,2.631,317290.0052035241,2025-09-30 23:59:59.999,834790.0036904718,2933,,,0
2025-10-01,2.63,2.873,2.619,2.832,334737.17842307,2025-10-01 23:59:59.999,947975.6892941342,2773,,,0
2025-10-02,2.834,2.989,2.827,2.973,470453.0742805,2025-10-02 23:59:59.999,1398656.9898359266,2568,,,0
2025-10-03,2.971,3.083,2.893,3.034,603436.92583618,2025-10-03 23:59:59.999,1830827.63298697,3398,,,0
2025-10-04,3.033,3.042,2.884,2.965,201430.85979413,2025-10-04 23:59:59.999,597242.4992895954,1060,,,0
2025-10-05,2.964,3.181,2.935,2.958,419759.89770387,2025-10-05 23:59:59.999,1241649.7774080476,2846,,,0
2025-10-06,2.958,3.088,2.938,3.051,365384.08584689,2025-10-06 23:59:59.999,1114786.8459188615,1883,,,0
2025-10-07,3.049,3.074,2.91,2.95,369613.68550922,2025-10-07 23:59:59.999,1090360.372252199,2000,,,0
2025-10-08,2.95,3.024,2.903,2.965,262357.00408379,2025-10-08 23:59:59.999,777888.5171084374,1236,,,0
2025-10-09,2.965,2.965,2.817,2.884,506692.40237575,2025-10-09 23:59:59.999,1461300.888451663,2915,,,0
2025-10-10,2.882,3.228,1.57,2.39,2880012.53841242,2025-10-10 23:59:59.999,6883229.966805684,12329,,,0
2025-10-11,2.385,2.582,2.189,2.299,843061.16604812,2025-10-11 23:59:59.999,1938197.620744628,4536,,,0
2025-10-12,2.301,2.52,2.222,2.461,703974.73884095,2025-10-12 23:59:59.999,1732481.8322875777,3146,,,0
2025-10-13,2.459,2.683,2.42,2.619,552637.9798271,2025-10-13 23:59:59.999,1447358.869167175,3155,,,0
2025-10-14,2.621,2.632,2.339,2.462,664563.36223823,2025-10-14 23:59:59.999,1636154.9978305222,2405,,,0
2025-10-15,2.461,2.52,2.295,2.326,364806.88070491,2025-10-15 23:59:59.999,848540.8045196207,1619,,,0
2025-10-16,2.326,2.378,2.185,2.198,413373.5614128,2025-10-16 23:59:59.999,908595.0879853343,1898,,,0
2025-10-17,2.198,2.234,2.057,2.149,571650.45789695,2025-10-17 23:59:59.999,1228476.8340205455,2253,,,0
2025-10-18,2.149,2.185,2.115,2.163,250141.40084139,2025-10-18 23:59:59.999,541055.8500199264,840,,,0
2025-10-19,2.166,2.299,2.136,2.258,330429.23892895,2025-10-19 23:59:59.999,746109.221501569,1065,,,0
2025-10-20,2.259,2.337,2.215,2.26,264269.42127057,2025-10-20 23:59:59.999,597248.8920714882,1063,,,0
2025-10-21,2.259,2.363,2.166,2.222,248731.43623037,2025-10-21 23:59:59.999,552681.2513038821,1503,,,0
2025-10-22,2.218,2.244,2.096,2.165,365046.71638551,2025-10-22 23:59:59.999,790326.1409746292,1491,,,0
2025-10-23,2.164,2.24,2.147,2.202,157154.18881086,2025-10-23 23:59:59.999,346053.52376151376,975,,,0
2025-10-24,2.202,2.302,2.193,2.271,215579.51312699,2025-10-24 23:59:59.999,489581.07431139424,1031,,,0
2025-10-25,2.271,2.297,2.227,2.278,190574.91736402,2025-10-25 23:59:59.999,434129.66175523755,1125,,,0
2025-10-26,2.279,2.39,2.258,2.37,293387.3678084,2025-10-26 23:59:59.999,695328.061705908,1230,,,0
2025-10-27,2.37,2.418,2.313,2.332,351090.66774958,2025-10-27 23:59:59.999,818743.4371920205,1483,,,0
2025-10-28,2.331,2.378,2.203,2.236,341779.99015163,2025-10-28 23:59:59.999,764220.0579790447,1576,,,0
2025-10-29,2.235,2.345,2.226,2.272,276169.68880345,2025-10-29 23:59:59.999,627457.5329614383,1416,,,0
2025-10-30,2.276,2.305,2.03,2.1,423104.31314678,2025-10-30 23:59:59.999,888519.0576082381,1855,,,0
2025-10-31,2.099,2.155,2.067,2.097,181304.01446011,2025-10-31 23:59:59.999,380194.51832285064,975,,,0
2025-11-01,2.097,2.19,2.087,2.175,243968.37147865,2025-11-01 23:59:59.999,530631.2079660636,801,,,0
2025-11-02,2.175,2.199,2.107,2.195,414423.09138016,2025-11-02 23:59:59.999,909658.6855794512,1224,,,0
2025-11-03,2.189,2.2,1.823,1.911,914467.85820645,2025-11-03 23:59:59.999,1747548.077032526,2851,,,0
2025-11-04,1.911,1.949,1.721,1.833,740843.61300001,2025-11-04 23:59:59.999,1357966.3426290182,3364,,,0
2025-11-05,1.832,1.971,1.737,1.951,611023.1514607,2025-11-05 23:59:59.999,1192106.1684998258,2117,,,0
2025-11-06,1.951,2.487,1.889,2.097,2034007.38525752,2025-11-06 23:59:59.999,4265313.48688502,6344,,,0
2025-11-07,2.096,2.987,2.077,2.758,8476821.76377129,2025-11-07 23:59:59.999,23379074.424481217,33008,,,0
2025-11-08,2.765,3.2,2.595,2.941,6916853.4156405805,2025-11-08 23:59:59.999,20342465.895398945,21377,,,0
2025-11-09,2.932,3.084,2.669,3.084,4373673.5522278,2025-11-09 23:59:59.999,13488409.235070534,16013,,,0
2025-11-10,3.076,3.147,2.739,2.788,3571664.25213991,2025-11-10 23:59:59.999,9957799.934966069,12710,,,0
2025-11-11,2.786,2.833,2.531,2.549,1904775.53291242,2025-11-11 23:59:59.999,4855272.833393759,5421,,,0
2025-11-12,2.548,2.663,2.48,2.533,681653.40678952,2025-11-12 23:59:59.999,1726628.0793978542,2281,,,0
2025-11-13,2.533,2.602,2.39,2.445,924575.10852027,2025-11-13 23:59:59.999,2260586.14033206,2910,,,0
2025-11-14,2.445,2.459,2.303,2.36,1038943.83668567,2025-11-14 23:59:59.999,2451907.454578181,2794,,,0
2025-11-15,2.352,2.62,2.351,2.405,1009730.27717831,2025-11-15 23:59:59.999,2428401.3166138353,3507,,,0
2025-11-16,2.406,2.557,2.229,2.284,2619512.49598858,2025-11-16 23:59:59.999,5982966.540837916,6005,,,0
2025-11-17,2.288,2.347,2.172,2.267,2497450.7685041702,2025-11-17 23:59:59.999,5661720.892198954,5051,,,0
2025-11-18,2.267,2.35,2.205,2.28,3035059.78939702,2025-11-18 23:59:59.999,6919936.319825205,5427,,,0
2025-11-19,2.273,2.417,2.146,2.375,2097292.07603568,2025-11-19 23:59:59.999,4981068.68058474,4530,,,0
2025-11-20,2.373,2.409,2.064,2.07,1347225.41414426,2025-11-20 23:59:59.999,2788756.607278618,3789,,,0
2025-11-21,2.071,2.086,1.821,1.862,1166460.63476969,2025-11-21 23:59:59.999,2171949.701941163,4115,,,0
2025-11-22,1.862,1.899,1.8,1.84,1030927.66828191,2025-11-22 23:59:59.999,1896906.9096387145,1745,,,0
2025-11-23,1.84,1.907,1.814,1.82,335490.27868486,2025-11-23 23:59:59.999,610592.3072064451,1323,,,0
2025-11-24,1.821,1.984,1.798,1.906,893749.68707874,2025-11-24 23:59:59.999,1703486.9035720783,2478,,,0
2025-11-25,1.906,1.946,1.818,1.911,652360.86421376,2025-11-25 23:59:59.999,1246661.6115124954,1909,,,0
2025-11-26,1.912,2.025,1.836,1.938,626046.05398022,2025-11-26 23:59:59.999,1213277.2526136662,1815,,,0
2025-11-27,1.935,1.955,1.9,1.907,315270.36321948003,2025-11-27 23:59:59.999,601220.5826595484,1170,,,0
2025-11-28,1.907,1.954,1.851,1.881,349422.65691847,2025-11-28 23:59:59.999,657264.0176636421,1634,,,0
2025-11-29,1.877,1.904,1.833,1.851,166863.80033077,2025-11-29 23:59:59.999,308864.89441225526,812,,,0
2025-11-30,1.854,1.869,1.802,1.802,199253.64333045,2025-11-30 23:59:59.999,359055.0652814709,985,,,0
2025-12-01,1.808,1.808,1.586,1.628,1166952.71451335,2025-12-01 23:59:59.999,1899799.0192277338,3347,,,0
2025-12-02,1.628,1.835,1.624,1.805,567310.27374837,2025-12-02 23:59:59.999,1023995.0441158079,1944,,,0
2025-12-03,1.804,1.871,1.76,1.844,332169.27610001,2025-12-03 23:59:59.999,612520.1451284186,1316,,,0
2025-12-04,1.847,1.901,1.747,1.795,344230.96163276,2025-12-04 23:59:59.999,617894.5761308041,1548,,,0
2025-12-05,1.8,1.816,1.661,1.684,269681.1585348,2025-12-05 23:59:59.999,454143.07097260316,1254,,,0
2025-12-06,1.677,1.743,1.671,1.71,117585.52728484,2025-12-06 23:59:59.999,201071.2516570764,766,,,0
2025-12-07,1.721,1.772,1.642,1.704,181909.18273656,2025-12-07 23:59:59.999,309973.24738309823,1086,,,0
2025-12-08,1.703,1.8,1.693,1.745,264343.26433278,2025-12-08 23:59:59.999,461278.9962607011,1240,,,0
2025-12-09,1.744,1.884,1.698,1.811,546012.29806691,2025-12-09 23:59:59.999,988828.271799174,1793,,,0
2025-12-10,1.811,1.862,1.737,1.762,312964.20861669,2025-12-10 23:59:59.999,551442.9355826078,1609,,,0
2025-12-11,1.759,1.761,1.631,1.67,306194.15838252,2025-12-11 23:59:59.999,511344.2444988084,1333,,,0
2025-12-12,1.67,1.718,1.585,1.637,384481.07796053,2025-12-12 23:59:59.999,629395.5246213876,1676,,,0
2025-12-13,1.64,1.685,1.632,1.666,106460.17585918,2025-12-13 23:59:59.999,177362.65298139388,571,,,0
2025-12-14,1.659,1.671,1.572,1.594,380247.74563974,2025-12-14 23:59:59.999,606114.9065497456,1072,,,0
2025-12-15,1.598,1.644,1.491,1.544,593611.09275439,2025-12-15 23:59:59.999,916535.5272127781,1717,,,0
2025-12-16,1.545,1.621,1.507,1.567,540877.83911437,2025-12-16 23:59:59.999,847555.5738922178,2008,,,0
2025-12-17,1.57,1.613,1.467,1.48,718200.38994487,2025-12-17 23:59:59.999,1062936.5771184077,2307,,,0
2025-12-18,1.478,1.598,1.418,1.426,825229.57673564,2025-12-18 23:59:59.999,1176777.3764250225,2389,,,0
2025-12-19,1.422,1.556,1.406,1.538,586332.02417118,2025-12-19 23:59:59.999,901778.6531752748,1581,,,0
2025-12-20,1.538,1.545,1.506,1.522,192011.89774151,2025-12-20 23:59:59.999,292242.10836257826,729,,,0
2025-12-21,1.524,1.532,1.455,1.51,152467.5155651,2025-12-21 23:59:59.999,230225.948503301,806,,,0
2025-12-22,1.513,1.585,1.491,1.504,280061.02266859,2025-12-22 23:59:59.999,421211.7780935594,1295,,,0
2025-12-23,1.505,1.529,1.462,1.486,331726.79315164,2025-12-23 23:59:59.999,492946.014623337,1061,,,0
2025-12-24,1.486,1.488,1.438,1.453,338200.76781340997,2025-12-24 23:59:59.999,491405.7156328847,992,,,0
2025-12-25,1.457,1.512,1.432,1.439,195810.57864348,2025-12-25 23:59:59.999,281771.42266796774,896,,,0
2025-12-26,1.437,1.561,1.432,1.519,298299.05040738,2025-12-26 23:59:59.999,453116.2575688102,1260,,,0
2025-12-27,1.516,1.603,1.5,1.594,291571.3071935,2025-12-27 23:59:59.999,464764.663666439,1139,,,0
2025-12-28,1.594,1.613,1.554,1.582,239014.07012262,2025-12-28 23:59:59.999,378120.25893398485,785,,,0
2025-12-29,1.58,1.607,1.511,1.522,685805.97779914,2025-12-29 23:59:59.999,1043796.6982102911,1545,,,0
2025-12-30,1.522,1.558,1.509,1.514,400558.78254181,2025-12-30 23:59:59.999,606445.9967683003,1031,,,0
2025-12-31,1.509,1.528,1.467,1.512,413242.84689028,2025-12-31 23:59:59.999,624823.1844981035,1308,,,0
