timestamp,open,high,low,close,volume,close_time,quote_asset_volume,number_of_trades,taker_buy_base_asset_volume,taker_buy_quote_asset_volume,ignore
2017-05-18,0.357,0.382273,0.296296,0.372797,2218227.02907546,2017-05-18 23:59:59.999,826948.3817582442,1083,,,0
2017-05-19,0.371779,0.371779,0.28,0.320106,10608448.69994588,2017-05-19 23:59:59.999,3395828.079544876,6224,,,0
2017-05-20,0.329228,0.37,0.290128,0.344005,8184247.951499944,2017-05-20 23:59:59.999,2815422.2165557384,4719,,,0
2017-05-21,0.344012,0.363981,0.32,0.323489,4263754.421443302,2017-05-21 23:59:59.999,1379277.6540382726,3329,,,0
2017-05-22,0.323491,0.335134,0.2215,0.30306,14361864.50106601,2017-05-22 23:59:59.999,4352506.655693065,8228,,,0
2017-05-23,0.295898,0.349,0.280003,0.322223,6275660.617561364,2017-05-23 23:59:59.999,2022162.1911724752,5524,,,0
2017-05-24,0.322183,0.33,0.2799,0.289,9604222.24465276,2017-05-24 23:59:59.999,2775620.228704647,6109,,,0
2017-05-25,0.289,0.305,0.21375,0.23706,13743979.785744544,2017-05-25 23:59:59.999,3258147.8480086015,8604,,,0
2017-05-26,0.241859,0.33,0.237242,0.264547,11191174.474050287,2017-05-26 23:59:59.999,2960591.633586581,7586,,,0
2017-05-27,0.269097,0.289962,0.132,0.208338,16670684.27365166,2017-05-27 23:59:59.999,3473137.0202040393,8993,,,0
2017-05-28,0.208313,0.249933,0.2,0.225,7099371.238298061,2017-05-28 23:59:59.999,1597358.5286170638,5672,,,0
2017-05-29,0.225001,0.243925,0.200002,0.230935,4193996.508465157,2017-05-29 23:59:59.999,968540.583682401,4425,,,0
2017-05-30,0.230911,0.235197,0.1856,0.201951,8721491.661294093,2017-05-30 23:59:59.999,1761313.9624900033,5204,,,0
2017-05-31,0.201876,0.254079,0.185602,0.249367,9568836.044952145,2017-05-31 23:59:59.999,2386151.9380215816,5605,,,0
2017-06-01,0.246133,0.342,0.246133,0.334991,20021593.40592764,2017-06-01 23:59:59.999,6707053.596645106,10226,,,0
2017-06-02,0.334989,0.337993,0.272351,0.293502,12386030.921154952,2017-06-02 23:59:59.999,3635324.8474208205,6643,,,0
2017-06-03,0.2935,0.309236,0.270169,0.29218,4033710.4848482814,2017-06-03 23:59:59.999,1178569.5294629708,4094,,,0
2017-06-04,0.290267,0.310238,0.270007,0.292552,5641416.984650351,2017-06-04 23:59:59.999,1650407.8216934295,4231,,,0
2017-06-05,0.292572,0.298958,0.284,0.290406,3677031.6592231686,2017-06-05 23:59:59.999,1067832.0560283635,2849,,,0
2017-06-06,0.29,0.2945,0.2725,0.283998,5678250.826677742,2017-06-06 23:59:59.999,1612611.8782748254,4766,,,0
2017-06-07,0.282044,0.299987,0.273325,0.276152,6719629.248690965,2017-06-07 23:59:59.999,1855639.0562845073,4744,,,0
2017-06-08,0.276118,0.298,0.270551,0.287996,2809750.4980872143,2017-06-08 23:59:59.999,809196.9044471253,2600,,,0
2017-06-09,0.287962,0.296871,0.2686,0.281727,4268499.653484553,2017-06-09 23:59:59.999,1202551.6018772428,2847,,,0
2017-06-10,0.2815,0.285136,0.248,0.253943,8691622.758771582,2017-06-10 23:59:59.999,2207176.7582307314,4952,,,0
2017-06-11,0.253455,0.273132,0.248,0.265691,3130398.40220698,2017-06-11 23:59:59.999,831718.6818807748,3499,,,0
2017-06-12,0.26678,0.279108,0.225001,0.237751,7817649.047972526,2017-06-12 23:59:59.999,1858653.878804516,4887,,,0
2017-06-13,0.24021,0.276301,0.237349,0.260004,3018018.593870138,2017-06-13 23:59:59.999,784696.9064806113,3307,,,0
2017-06-14,0.263726,0.305,0.241003,0.261026,12296493.895855092,2017-06-14 23:59:59.999,3209704.6156594707,7584,,,0
2017-06-15,0.260427,0.264678,0.201,0.246577,8351759.473448636,2017-06-15 23:59:59.999,2059351.7956845441,6641,,,0
2017-06-16,0.244287,0.258952,0.23,0.249997,4240616.513725411,2017-06-16 23:59:59.999,1060141.4065818116,4107,,,0
2017-06-17,0.249973,0.265,0.234375,0.2609,3840527.6642365777,2017-06-17 23:59:59.999,1001993.6675993232,4526,,,0
2017-06-18,0.2609,0.279298,0.24678,0.264066,5918556.059883736,2017-06-18 23:59:59.999,1562889.4245092587,4624,,,0
2017-06-19,0.265525,0.28,0.26,0.277698,3747274.3031461537,2017-06-19 23:59:59.999,1040610.5794350806,3097,,,0
2017-06-20,0.279999,0.321663,0.274981,0.302422,11766715.219328178,2017-06-20 23:59:59.999,3558513.5500596664,7836,,,0
2017-06-21,0.303306,0.30993,0.25123,0.273128,5408641.768226754,2017-06-21 23:59:59.999,1477251.5088722368,6369,,,0
2017-06-22,0.271659,0.28,0.26,0.272,4701276.377517505,2017-06-22 23:59:59.999,1278747.1746847613,3683,,,0
2017-06-23,0.275375,0.294999,0.272001,0.293598,2605279.2779112225,2017-06-23 23:59:59.999,764904.7854361791,2841,,,0
2017-06-24,0.292576,0.302911,0.263,0.277568,3558463.6991208536,2017-06-24 23:59:59.999,987715.652037577,3571,,,0
2017-06-25,0.276636,0.280001,0.243,0.255153,5805123.567280646,2017-06-25 23:59:59.999,1481194.6935623589,3277,,,0
2017-06-26,0.257891,0.264687,0.21,0.243982,8424862.134816773,2017-06-26 23:59:59.999,2055514.713376866,3960,,,0
2017-06-27,0.24616,0.260999,0.22,0.260999,5344566.631086902,2017-06-27 23:59:59.999,1394926.54614705,3090,,,0
2017-06-28,0.260323,0.269999,0.246384,0.268999,4298943.340889409,2017-06-28 23:59:59.999,1156411.45975591,2938,,,0
2017-06-29,0.269697,0.269999,0.25,0.257784,2600540.2231559856,2017-06-29 23:59:59.999,670377.6608860426,2959,,,0
2017-06-30,0.257771,0.259973,0.243633,0.244035,3011724.9635771173,2017-06-30 23:59:59.999,734966.3014865419,2561,,,0
2017-07-01,0.246792,0.249998,0.227,0.236885,3003338.3457182087,2017-07-01 23:59:59.999,711445.8040254579,1922,,,0
2017-07-02,0.235004,0.2553,0.2275,0.254533,3805208.0202875617,2017-07-02 23:59:59.999,968551.013027854,1862,,,0
2017-07-03,0.252266,0.256573,0.245,0.252402,4215987.481793495,2017-07-03 23:59:59.999,1064123.6723796418,1800,,,0
2017-07-04,0.252402,0.257996,0.2461,0.247021,3752072.642404677,2017-07-04 23:59:59.999,926840.7361994457,2097,,,0
2017-07-05,0.248073,0.257419,0.243016,0.252998,3494546.925426075,2017-07-05 23:59:59.999,884113.3830389461,1881,,,0
2017-07-06,0.251816,0.254124,0.248126,0.25026,2071451.2845323675,2017-07-06 23:59:59.999,518401.39846707025,1344,,,0
2017-07-07,0.25026,0.252,0.229501,0.23085,5071380.104060779,2017-07-07 23:59:59.999,1170728.097022431,2679,,,0
2017-07-08,0.232134,0.232744,0.2105,0.229995,17695882.20029311,2017-07-08 23:59:59.999,4069964.426656414,4894,,,0
2017-07-09,0.229601,0.2423,0.225379,0.22575,4485813.705251236,2017-07-09 23:59:59.999,1012672.4439604667,2505,,,0
2017-07-10,0.226125,0.22755,0.1701,0.189774,12074980.249087105,2017-07-10 23:59:59.999,2291517.301790256,5199,,,0
2017-07-11,0.189101,0.199999,0.150107,0.177111,20347032.432210192,2017-07-11 23:59:59.999,3603683.2611011793,8148,,,0
2017-07-12,0.1757,0.197125,0.165004,0.195101,10386411.295361228,2017-07-12 23:59:59.999,2026399.2301362709,5557,,,0
2017-07-13,0.1957,0.218257,0.18,0.191593,8082600.833162145,2017-07-13 23:59:59.999,1548569.7414280348,5240,,,0
2017-07-14,0.192021,0.192021,0.1722,0.1837,4944476.7238582615,2017-07-14 23:59:59.999,908300.3741727626,3229,,,0
2017-07-15,0.183008,0.187297,0.170155,0.171712,4699199.391981855,2017-07-15 23:59:59.999,806908.9259959883,3465,,,0
2017-07-16,0.171715,0.175022,0.1266,0.14692,17808664.557968892,2017-07-16 23:59:59.999,2616448.9968567896,6037,,,0
2017-07-17,0.146967,0.1735,0.144698,0.172752,11404861.805331793,2017-07-17 23:59:59.999,1970212.6865946776,5053,,,0
2017-07-18,0.171489,0.189994,0.16,0.179101,11138652.85483281,2017-07-18 23:59:59.999,1994943.864953411,5501,,,0
2017-07-19,0.1802,0.183401,0.158,0.162991,7425480.774334282,2017-07-19 23:59:59.999,1210286.5368895188,4986,,,0
2017-07-20,0.161523,0.196982,0.159204,0.191232,10661032.117656032,2017-07-20 23:59:59.999,2038730.4939235984,4618,,,0
2017-07-21,0.191,0.195,0.181255,0.1838,9303697.360250242,2017-07-21 23:59:59.999,1710019.5748139943,3688,,,0
2017-07-22,0.183508,0.204987,0.181602,0.1975,6430180.1505936915,2017-07-22 23:59:59.999,1269960.5797422542,3057,,,0
2017-07-23,0.1975,0.207489,0.188,0.197282,8115283.25033583,2017-07-23 23:59:59.999,1600999.3101927533,2972,,,0
2017-07-24,0.197301,0.198966,0.19,0.1911,3493302.038810888,2017-07-24 23:59:59.999,667570.0196167607,2177,,,0
2017-07-25,0.19109,0.193045,0.16,0.173612,9110492.807146084,2017-07-25 23:59:59.999,1581690.8772342457,3885,,,0
2017-07-26,0.17361,0.1795,0.162584,0.172588,7283487.586080174,2017-07-26 23:59:59.999,1257042.555506405,4581,,,0
2017-07-27,0.173067,0.175984,0.170113,0.172602,4184998.541371926,2017-07-27 23:59:59.999,722339.1182378773,3754,,,0
2017-07-28,0.172114,0.1743,0.161112,0.163899,6318135.556171365,2017-07-28 23:59:59.999,1035536.0995209306,4541,,,0
2017-07-29,0.16391,0.170991,0.155024,0.170336,5856421.368770271,2017-07-29 23:59:59.999,997559.3902708527,3670,,,0
2017-07-30,0.170729,0.17286,0.16222,0.164747,2224800.439415528,2017-07-30 23:59:59.999,366529.19799239,2498,,,0
2017-07-31,0.164689,0.1695,0.158301,0.1651,4782350.935267011,2017-07-31 23:59:59.999,789566.1394125834,3402,,,0
2017-08-01,0.165299,0.185,0.163995,0.177404,10566284.86188993,2017-08-01 23:59:59.999,1874501.1996387213,5333,,,0
2017-08-02,0.177604,0.180673,0.167401,0.171919,7498243.433748597,2017-08-02 23:59:59.999,1289090.512886625,4179,,,0
2017-08-03,0.171184,0.177745,0.1695,0.175,4672016.355122359,2017-08-03 23:59:59.999,817602.8621464127,2928,,,0
2017-08-04,0.175,0.177405,0.1719,0.174464,5583916.131121758,2017-08-04 23:59:59.999,974192.3439000265,3330,,,0
2017-08-05,0.174364,0.194999,0.171998,0.184947,11770921.065295847,2017-08-05 23:59:59.999,2176996.538263271,5242,,,0
2017-08-06,0.1842,0.191381,0.179001,0.181061,7136140.628673581,2017-08-06 23:59:59.999,1292076.7583682672,3726,,,0
2017-08-07,0.180959,0.182704,0.176518,0.178496,6742668.807130304,2017-08-07 23:59:59.999,1203539.4113975307,3414,,,0
2017-08-08,0.178899,0.1979,0.177001,0.197854,11554541.262716629,2017-08-08 23:59:59.999,2286112.206993536,5361,,,0
2017-08-09,0.196293,0.1975,0.1834,0.187,7204952.096902212,2017-08-09 23:59:59.999,1347326.0421207137,4653,,,0
2017-08-10,0.187,0.187,0.181489,0.183187,5080306.477696066,2017-08-10 23:59:59.999,930646.1027297091,3892,,,0
2017-08-11,0.183153,0.188,0.176072,0.1792,7301106.411034203,2017-08-11 23:59:59.999,1308358.2688573292,3966,,,0
2017-08-12,0.1792,0.1838,0.171535,0.172042,8635557.265524121,2017-08-12 23:59:59.999,1485678.5430753008,4415,,,0
2017-08-13,0.172036,0.175,0.158,0.166525,10243774.62489945,2017-08-13 23:59:59.999,1705844.5694113811,5965,,,0
2017-08-14,0.166513,0.1805,0.165095,0.168874,7297982.669379113,2017-08-14 23:59:59.999,1232439.5253087285,5178,,,0
2017-08-15,0.168874,0.169369,0.15376,0.158999,10097796.009320945,2017-08-15 23:59:59.999,1605539.4676860208,5258,,,0
2017-08-16,0.158344,0.161174,0.15,0.160452,10197948.24759021,2017-08-16 23:59:59.999,1636281.1922223445,4799,,,0
2017-08-17,0.160354,0.162517,0.152,0.1582,5521354.168165647,2017-08-17 23:59:59.999,873478.2294038055,4256,,,0
2017-08-18,0.1582,0.1729,0.15,0.157118,10195825.32721505,2017-08-18 23:59:59.999,1601947.6837613743,6337,,,0
2017-08-19,0.157184,0.1625,0.1485,0.156275,6477141.122174038,2017-08-19 23:59:59.999,1012215.2288677477,2336,,,0
2017-08-20,0.152784,0.162518,0.151601,0.159419,5015478.642024577,2017-08-20 23:59:59.999,799562.589632916,3529,,,0
2017-08-21,0.159419,0.21,0.152501,0.196741,18683360.199676298,2017-08-21 23:59:59.999,3675782.9690445145,9246,,,0
2017-08-22,0.197551,0.264587,0.175,0.241246,33932122.33258052,2017-08-22 23:59:59.999,8185988.78424572,19709,,,0
2017-08-23,0.242939,0.299,0.221,0.246618,45566234.75783111,2017-08-23 23:59:59.999,11237453.683506792,25928,,,0
2017-08-24,0.247,0.289448,0.212,0.218487,37223391.96442316,2017-08-24 23:59:59.999,8132827.240130922,18633,,,0
2017-08-25,0.218387,0.234999,0.203842,0.218164,17928176.35835902,2017-08-25 23:59:59.999,3911282.6670450373,12414,,,0
2017-08-26,0.218045,0.233333,0.2066,0.2101,10570556.555811096,2017-08-26 23:59:59.999,2220873.932375911,6446,,,0
2017-08-27,0.2101,0.211998,0.193,0.201847,11400127.878650174,2017-08-27 23:59:59.999,2301081.6119219013,5171,,,0
2017-08-28,0.201801,0.24,0.193201,0.224928,28464566.10034362,2017-08-28 23:59:59.999,6402477.923818089,10012,,,0
2017-08-29,0.225754,0.23,0.212041,0.2217,12416285.449887292,2017-08-29 23:59:59.999,2752690.4842400127,6935,,,0
2017-08-30,0.2217,0.234889,0.22,0.23238,9715876.966900548,2017-08-30 23:59:59.999,2257775.4895683494,6712,,,0
2017-08-31,0.232695,0.267,0.228,0.26,23120792.462211855,2017-08-31 23:59:59.999,6011406.040175082,12081,,,0
2017-09-01,0.259995,0.265,0.245202,0.253837,19415250.2106181,2017-09-01 23:59:59.999,4928308.867712666,9035,,,0
2017-09-02,0.253767,0.2545,0.223,0.228185,19101564.93207218,2017-09-02 23:59:59.999,4358690.594024891,7859,,,0
2017-09-03,0.228239,0.24,0.221,0.233889,9758798.013216317,2017-09-03 23:59:59.999,2282475.508513151,5938,,,0
2017-09-04,0.233884,0.234,0.197001,0.211397,15332558.63253202,2017-09-04 23:59:59.999,3241256.897241371,7492,,,0
2017-09-05,0.215967,0.228985,0.199,0.222448,9344906.060043655,2017-09-05 23:59:59.999,2078755.663244591,7087,,,0
2017-09-06,0.222441,0.24,0.222,0.23428,10359108.977011224,2017-09-06 23:59:59.999,2426932.0511341896,4590,,,0
2017-09-07,0.23432,0.23503,0.22031,0.22981,8419513.661740514,2017-09-07 23:59:59.999,1934888.4346045873,3651,,,0
2017-09-08,0.22983,0.23171,0.207,0.2162,12250533.595236138,2017-09-08 23:59:59.999,2648565.363290053,4402,,,0
2017-09-09,0.2162,0.2169,0.20702,0.21406,4710159.007766076,2017-09-09 23:59:59.999,1008256.6372024063,3105,,,0
2017-09-10,0.21417,0.22796,0.20459,0.22033,6876610.715762522,2017-09-10 23:59:59.999,1515123.6390039565,3314,,,0
2017-09-11,0.21945,0.22989,0.20752,0.21616,5908598.890997379,2017-09-11 23:59:59.999,1277202.7362779933,2977,,,0
2017-09-12,0.21432,0.22524,0.2058,0.21002,7588752.702487549,2017-09-12 23:59:59.999,1593789.842576435,3293,,,0
2017-09-13,0.2101,0.21097,0.191,0.20134,12007469.652649628,2017-09-13 23:59:59.999,2417583.939864476,5480,,,0
2017-09-14,0.19912,0.20294,0.1625,0.17266,21053135.047813285,2017-09-14 23:59:59.999,3635034.297355442,6536,,,0
2017-09-15,0.17179,0.195,0.15,0.187,22407131.062341463,2017-09-15 23:59:59.999,4190133.5086578536,7387,,,0
2017-09-16,0.18698,0.19599,0.17765,0.18437,11970950.055622904,2017-09-16 23:59:59.999,2207084.061755195,4533,,,0
2017-09-17,0.18359,0.188,0.17332,0.18285,6301514.973828217,2017-09-17 23:59:59.999,1152232.0129644896,3063,,,0
2017-09-18,0.183,0.19676,0.18247,0.19494,9104062.52712487,2017-09-18 23:59:59.999,1774745.9490377223,5118,,,0
2017-09-19,0.19458,0.19497,0.18404,0.18491,7091173.826981488,2017-09-19 23:59:59.999,1311228.9523471468,3941,,,0
2017-09-20,0.18497,0.18875,0.18042,0.18141,5752734.852069928,2017-09-20 23:59:59.999,1043603.6295140056,3511,,,0
2017-09-21,0.18102,0.1839,0.17,0.17111,6547123.88457554,2017-09-21 23:59:59.999,1120278.3678897207,3313,,,0
2017-09-22,0.17108,0.17771,0.16731,0.17268,4822524.445350045,2017-09-22 23:59:59.999,832753.5212230459,2544,,,0
2017-09-23,0.173,0.182,0.1702,0.17816,4965634.688817796,2017-09-23 23:59:59.999,884677.4761597787,2616,,,0
2017-09-24,0.17907,0.1805,0.17422,0.17641,1916203.771518757,2017-09-24 23:59:59.999,338037.50733362394,1469,,,0
2017-09-25,0.17638,0.18703,0.17498,0.18558,3798699.7113153217,2017-09-25 23:59:59.999,704962.6924258973,1963,,,0
2017-09-26,0.18509,0.194,0.1811,0.1885,5932564.722824264,2017-09-26 23:59:59.999,1118288.450252374,2492,,,0
2017-09-27,0.1885,0.21499,0.187,0.21023,15214687.816732174,2017-09-27 23:59:59.999,3198583.819711605,4307,,,0
2017-09-28,0.21034,0.21074,0.197,0.20214,9810179.45907479,2017-09-28 23:59:59.999,1983029.675857378,3460,,,0
2017-09-29,0.20197,0.20236,0.18769,0.19641,7150714.689481727,2017-09-29 23:59:59.999,1404471.872161106,2570,,,0
2017-09-30,0.1963,0.20636,0.19511,0.19903,6109957.443753689,2017-09-30 23:59:59.999,1216064.8300302967,2245,,,0
2017-10-01,0.19904,0.20969,0.19602,0.20735,3836907.147593757,2017-10-01 23:59:59.999,795582.6970535655,1963,,,0
2017-10-02,0.20749,0.2094,0.2,0.20302,6497345.523478189,2017-10-02 23:59:59.999,1319091.088176542,2182,,,0
2017-10-03,0.2029,0.20626,0.198,0.20272,4602371.450745662,2017-10-03 23:59:59.999,932992.7404951606,1837,,,0
2017-10-04,0.2028,0.219,0.2015,0.21392,12356032.61019978,2017-10-04 23:59:59.999,2643202.4959739367,4080,,,0
2017-10-05,0.21361,0.24467,0.21361,0.2382,22523905.57289954,2017-10-05 23:59:59.999,5365194.30746467,6736,,,0
2017-10-06,0.2382,0.244,0.23277,0.2336,11809045.654260105,2017-10-06 23:59:59.999,2758593.0648351605,3858,,,0
2017-10-07,0.2336,0.2405,0.23203,0.23873,6058353.376714581,2017-10-07 23:59:59.999,1446310.701623072,2053,,,0
2017-10-08,0.23992,0.2799,0.23769,0.27754,18627505.71915218,2017-10-08 23:59:59.999,5169877.937293496,6088,,,0
2017-10-09,0.279,0.27989,0.237,0.24904,19715292.158165023,2017-10-09 23:59:59.999,4909896.359069417,6647,,,0
2017-10-10,0.24907,0.273,0.23705,0.25748,14551888.183080835,2017-10-10 23:59:59.999,3746820.1693796534,4838,,,0
2017-10-11,0.25599,0.26948,0.25305,0.263,8173434.920500268,2017-10-11 23:59:59.999,2149613.3840915705,2557,,,0
2017-10-12,0.26306,0.2658,0.2459,0.2459,14024854.280568786,2017-10-12 23:59:59.999,3448711.6675918647,4907,,,0
2017-10-13,0.24588,0.265,0.235,0.25887,13641521.09946451,2017-10-13 23:59:59.999,3531380.5670183776,6275,,,0
2017-10-14,0.259,0.268,0.25493,0.25807,7190603.586245723,2017-10-14 23:59:59.999,1855679.067502434,3582,,,0
2017-10-15,0.256,0.2689,0.25,0.2655,7797351.668852445,2017-10-15 23:59:59.999,2070196.8680803243,3399,,,0
2017-10-16,0.265,0.2949,0.25,0.258,26072482.867077865,2017-10-16 23:59:59.999,6726700.57970609,7812,,,0
2017-10-17,0.25812,0.26599,0.2168,0.22889,24833597.42153967,2017-10-17 23:59:59.999,5684162.113816216,6918,,,0
2017-10-18,0.22889,0.23623,0.1999,0.21789,20925778.591768235,2017-10-18 23:59:59.999,4559517.897360381,4799,,,0
2017-10-19,0.21788,0.23,0.20513,0.21322,11536567.096058743,2017-10-19 23:59:59.999,2459826.836221645,3589,,,0
2017-10-20,0.21527,0.22487,0.206,0.20866,5786923.791241247,2017-10-20 23:59:59.999,1207499.5182803988,2090,,,0
2017-10-21,0.20858,0.21094,0.1975,0.20862,8207736.4099916,2017-10-21 23:59:59.999,1712297.9698524475,2271,,,0
2017-10-22,0.20915,0.21314,0.197,0.20099,4456866.988249689,2017-10-22 23:59:59.999,895785.6959683051,1289,,,0
2017-10-23,0.20212,0.20212,0.1869,0.19312,8251488.728007725,2017-10-23 23:59:59.999,1593527.503152852,2575,,,0
2017-10-24,0.19348,0.217,0.1851,0.20543,10536935.896711277,2017-10-24 23:59:59.999,2164602.7412613975,3935,,,0
2017-10-25,0.20515,0.2132,0.199,0.20323,4716176.172415661,2017-10-25 23:59:59.999,958468.4835200347,2196,,,0
2017-10-26,0.20307,0.20678,0.2005,0.2028,3362714.4454266117,2017-10-26 23:59:59.999,681958.4895325169,1226,,,0
2017-10-27,0.20281,0.205,0.2,0.2021,3402298.463924923,2017-10-27 23:59:59.999,687604.5195592269,1364,,,0
2017-10-28,0.20247,0.20305,0.198,0.20137,2583128.548818677,2017-10-28 23:59:59.999,520164.595875617,1122,,,0
2017-10-29,0.19973,0.20502,0.19643,0.20181,4405202.545343546,2017-10-29 23:59:59.999,889013.925675781,1635,,,0
2017-10-30,0.20181,0.205,0.2,0.2016,2373314.184493049,2017-10-30 23:59:59.999,478460.13959379867,1223,,,0
2017-10-31,0.20152,0.20489,0.19901,0.19906,4363063.177522777,2017-10-31 23:59:59.999,868511.3561176838,1596,,,0
2017-11-01,0.19901,0.2028,0.1903,0.1907,7618862.981099221,2017-11-01 23:59:59.999,1452917.1704956214,3681,,,0
2017-11-02,0.19087,0.20489,0.18,0.197,9065140.745174447,2017-11-02 23:59:59.999,1785832.726799366,3039,,,0
2017-11-03,0.1998,0.2199,0.1976,0.207,10280046.724799898,2017-11-03 23:59:59.999,2127969.6720335786,4456,,,0
2017-11-04,0.207,0.20999,0.201,0.2011,3289304.908637749,2017-11-04 23:59:59.999,661479.2171270513,1672,,,0
2017-11-05,0.2011,0.2044,0.197,0.20096,2586672.0974388635,2017-11-05 23:59:59.999,519817.624701314,1516,,,0
2017-11-06,0.20008,0.207,0.198,0.20334,4451643.418099016,2017-11-06 23:59:59.999,905197.1726362539,2012,,,0
2017-11-07,0.20338,0.208,0.20016,0.20578,4177519.61936528,2017-11-07 23:59:59.999,859649.9872729873,1797,,,0
2017-11-08,0.20578,0.22365,0.20444,0.21817,6538946.895768995,2017-11-08 23:59:59.999,1426602.0442499218,2558,,,0
2017-11-09,0.218,0.224,0.21234,0.21735,8226666.886151047,2017-11-09 23:59:59.999,1788066.04770493,3648,,,0
2017-11-10,0.21743,0.22138,0.2,0.20379,10965787.390425583,2017-11-10 23:59:59.999,2234717.8122948296,3425,,,0
2017-11-11,0.20379,0.2135,0.201,0.21027,5877126.270120889,2017-11-11 23:59:59.999,1235783.3408183195,2007,,,0
2017-11-12,0.20964,0.21104,0.1895,0.19536,17393226.014600884,2017-11-12 23:59:59.999,3397940.6342124287,6886,,,0
2017-11-13,0.19526,0.2055,0.195,0.202,6215929.17858325,2017-11-13 23:59:59.999,1255617.6940738168,3122,,,0
2017-11-14,0.202,0.209,0.2,0.20365,7693190.742366523,2017-11-14 23:59:59.999,1566718.2946829423,3293,,,0
2017-11-15,0.2045,0.21264,0.20301,0.2086,5452938.229596718,2017-11-15 23:59:59.999,1137482.9146938755,2679,,,0
2017-11-16,0.20861,0.267,0.205,0.222,34180611.36628858,2017-11-16 23:59:59.999,7588095.723316065,8389,,,0
2017-11-17,0.22205,0.235,0.21021,0.224,8905840.781587077,2017-11-17 23:59:59.999,1994908.3350755053,4369,,,0
2017-11-18,0.224,0.23,0.22,0.22815,5863883.846722231,2017-11-18 23:59:59.999,1337845.099629677,1750,,,0
2017-11-19,0.2281,0.237,0.22381,0.23,5536844.0788680725,2017-11-19 23:59:59.999,1273474.1381396567,2243,,,0
2017-11-20,0.23,0.25,0.22944,0.24293,10046070.888919184,2017-11-20 23:59:59.999,2440492.0010451376,3306,,,0
2017-11-21,0.23963,0.25,0.23,0.23218,8284070.115378686,2017-11-21 23:59:59.999,1923395.3993886234,2789,,,0
2017-11-22,0.23212,0.2448,0.23203,0.239,6562714.670769401,2017-11-22 23:59:59.999,1568488.8063138868,2567,,,0
2017-11-23,0.23974,0.24883,0.23689,0.2413,9133029.57551261,2017-11-23 23:59:59.999,2203800.0365711926,2525,,,0
2017-11-24,0.24189,0.24489387,0.2324,0.24,6945932.1834629495,2017-11-24 23:59:59.999,1667023.7240311077,2562,,,0
2017-11-25,0.2387,0.2499,0.2371,0.24844,6454754.02998461,2017-11-25 23:59:59.999,1603619.0912093765,2725,,,0
2017-11-26,0.24822,0.25,0.24299,0.24578,4937249.049661252,2017-11-26 23:59:59.999,1213477.0714257425,2273,,,0
2017-11-27,0.24448,0.2485,0.24211,0.245,5987811.695977157,2017-11-27 23:59:59.999,1467013.8655144034,2351,,,0
2017-11-28,0.24487,0.27965,0.243,0.279,15800839.100134952,2017-11-28 23:59:59.999,4408434.108937652,5181,,,0
2017-11-29,0.278,0.27964,0.23101,0.2387,22838380.291455697,2017-11-29 23:59:59.999,5451521.375570475,8647,,,0
2017-11-30,0.23642,0.2499,0.22,0.24,12060847.43410892,2017-11-30 23:59:59.999,2894603.3841861407,5132,,,0
2017-12-01,0.24,0.26682,0.229,0.25345,8149576.148289827,2017-12-01 23:59:59.999,2065510.0747840567,3893,,,0
2017-12-02,0.25206,0.25332,0.24101,0.2441,4364132.845348578,2017-12-02 23:59:59.999,1065284.827549588,2744,,,0
2017-12-03,0.24404,0.26,0.242,0.24565,5712562.791512424,2017-12-03 23:59:59.999,1403291.0497350271,2973,,,0
2017-12-04,0.24555,0.25444,0.242,0.25,5291367.366305094,2017-12-04 23:59:59.999,1322841.8415762736,2721,,,0
2017-12-05,0.25,0.25117,0.24,0.24184,9407485.433993572,2017-12-05 23:59:59.999,2275106.2773570055,4295,,,0
2017-12-06,0.24184,0.2425,0.224,0.22719,11288642.521325914,2017-12-06 23:59:59.999,2564666.6944200345,5282,,,0
2017-12-07,0.224,0.2374,0.21,0.21002,13631293.87433123,2017-12-07 23:59:59.999,2862844.339487045,4709,,,0
2017-12-08,0.21002,0.25,0.205,0.23809,15584792.057320798,2017-12-08 23:59:59.999,3710583.1409275085,6014,,,0
2017-12-09,0.23798,0.249,0.2296,0.2373,8828545.085805343,2017-12-09 23:59:59.999,2095013.748861608,3999,,,0
2017-12-10,0.23702,0.23997,0.2222,0.22802,4808728.318645678,2017-12-10 23:59:59.999,1096486.2312175876,3813,,,0
2017-12-11,0.22945,0.2481,0.22818,0.24336,8655421.28062579,2017-12-11 23:59:59.999,2106383.322853092,5100,,,0
2017-12-12,0.24338,0.41,0.243,0.343,39350638.44944013,2017-12-12 23:59:59.999,13497268.988157965,14797,,,0
2017-12-13,0.34298,0.499,0.32,0.47884,37917550.38003958,2017-12-13 23:59:59.999,18156439.823978152,17400,,,0
2017-12-14,0.47884,0.89999,0.46,0.87,33192365.53008826,2017-12-14 23:59:59.999,28877358.011176787,17160,,,0
2017-12-15,0.8769,0.885,0.6,0.74898,21606905.490365837,2017-12-15 23:59:59.999,16183140.074174205,13757,,,0
2017-12-16,0.74898,0.835,0.732,0.74711,12911213.14437249,2017-12-16 23:59:59.999,9646096.452292131,11529,,,0
2017-12-17,0.74711,0.78574,0.7,0.71884,12536460.86570308,2017-12-17 23:59:59.999,9011709.528702002,10041,,,0
2017-12-18,0.714,0.8,0.66001,0.75102,14340739.12423507,2017-12-18 23:59:59.999,10770181.897083022,10503,,,0
2017-12-19,0.75936,0.84,0.72814,0.74797,17292771.50458713,2017-12-19 23:59:59.999,12934474.302286034,11877,,,0
2017-12-20,0.74795,0.76439,0.65,0.71953,15422895.939382918,2017-12-20 23:59:59.999,11097236.315264191,12191,,,0
2017-12-21,0.71954,1.17,0.705,1.10103,40766333.634186044,2017-12-21 23:59:59.999,44884956.32124786,25397,,,0
2017-12-22,1.10103,1.248,0.68,1.01,42191897.25479329,2017-12-22 23:59:59.999,42613816.22734122,24015,,,0
2017-12-23,1.01997,1.0949,0.95,1.0317,13551416.976320423,2017-12-23 23:59:59.999,13980996.89446978,10800,,,0
2017-12-24,1.03,1.06,0.8575,0.9851,16081455.259236958,2017-12-24 23:59:59.999,15841841.575874327,10713,,,0
2017-12-25,0.99,1.061,0.95,1.00004,8114080.687472325,2017-12-25 23:59:59.999,8114405.250699824,6740,,,0
2017-12-26,1.00003,1.0987,0.987,1.075,8986049.005166773,2017-12-26 23:59:59.999,9660002.68055428,7513,,,0
2017-12-27,1.0749,1.3,1.06436,1.20687,26339202.317460258,2017-12-27 23:59:59.999,31787993.100873265,17275,,,0
2017-12-28,1.22505,1.3,1.15,1.279,21684296.516635057,2017-12-28 23:59:59.999,27734215.244776234,15620,,,0
2017-12-29,1.27822,1.95,1.27101,1.95,41852045.76738091,2017-12-29 23:59:59.999,81611489.24639277,32200,,,0
2017-12-30,1.95,2.48,1.78576,1.888,42476416.20205345,2017-12-30 23:59:59.999,80195473.78947692,32582,,,0
2017-12-31,1.9,2.1,1.60001,1.99004,17420762.514719784,2017-12-31 23:59:59.999,34668014.23479296,15651,,,0
2018-01-01,1.99004,2.1,1.82289,2.099,7967667.688834292,2018-01-01 23:59:59.999,16724134.47886318,8070,,,0
2018-01-02,2.07059,2.2199,1.93,2.20755,12392692.444292383,2018-01-02 23:59:59.999,27357488.20539765,10558,,,0
2018-01-03,2.2,2.9,2.188,2.78,20256723.51184331,2018-01-03 23:59:59.999,56313691.3629244,19071,,,0
2018-01-04,2.78004,3.34989,2.34421,2.59715,30106180.229088377,2018-01-04 23:59:59.999,78190265.98197688,29375,,,0
2018-01-05,2.6,3.0,2.15,2.65,26275290.710755102,2018-01-05 23:59:59.999,69629520.38350102,24400,,,0
2018-01-06,2.47,2.82537,2.45774,2.63248,8682993.10844811,2018-01-06 23:59:59.999,22857805.698127482,10413,,,0
2018-01-07,2.6325,2.78,2.55,2.763,5498470.738826058,2018-01-07 23:59:59.999,15192274.651376398,8013,,,0
2018-01-08,2.758,2.758,1.61001,2.40557,15979287.129619868,2018-01-08 23:59:59.999,38439293.740399666,15075,,,0
2018-01-09,2.39,2.50834,1.85,2.02336,17335738.985074356,2018-01-09 23:59:59.999,35076440.83284005,15210,,,0
2018-01-10,2.04,2.1,1.6,1.94981,23705498.359363556,2018-01-10 23:59:59.999,46221217.75607066,17801,,,0
2018-01-11,1.94999,1.96581,1.5053,1.64372,12696951.190462606,2018-01-11 23:59:59.999,20870232.610787194,6828,,,0
2018-01-13,2.49,2.49,1.47391,2.02675,4979468.0326470565,2018-01-13 23:59:59.999,10092136.835167421,7045,,,0
2018-01-14,2.02998,2.08,1.8,1.851,11702564.618240133,2018-01-14 23:59:59.999,21661447.108362485,19385,,,0
2018-01-15,1.851,1.9,1.625,1.66,13338804.741716972,2018-01-15 23:59:59.999,22142415.87125017,16552,,,0
2018-01-16,1.66,1.7,0.837,1.18,71372907.63870256,2018-01-16 23:59:59.999,84220031.01366901,51210,,,0
2018-01-17,1.18,1.47,0.88,1.32,82441177.93972707,2018-01-17 23:59:59.999,108822354.88043973,61636,,,0
2018-01-18,1.32,1.748,1.23323,1.57944,63550899.23581233,2018-01-18 23:59:59.999,100374832.28901142,56706,,,0
2018-01-19,1.57943,1.70002,1.481,1.54,33541754.37655941,2018-01-19 23:59:59.999,51654301.73990149,36921,,,0
2018-01-20,1.54,1.64,1.49,1.57131,21317229.906390585,2018-01-20 23:59:59.999,33495976.52421059,21057,,,0
2018-01-21,1.57131,1.579,1.301,1.3667,32801581.33561221,2018-01-21 23:59:59.999,44829921.21138121,32318,,,0
2018-01-22,1.37,1.42,1.13502,1.33999,39506755.5615081,2018-01-22 23:59:59.999,52938657.38486523,43615,,,0
2018-01-23,1.34,1.47,1.18,1.34,43765206.590495944,2018-01-23 23:59:59.999,58645376.83126457,41003,,,0
2018-01-24,1.34167,1.42,1.28589,1.35696,24876060.727077864,2018-01-24 23:59:59.999,33755819.364215575,29981,,,0
2018-01-25,1.35696,1.37679,1.275,1.30464,15577774.802546265,2018-01-25 23:59:59.999,20323388.118393958,19685,,,0
2018-01-26,1.3,1.325,1.10886,1.20999,25386667.281685323,2018-01-26 23:59:59.999,30717613.54416642,31810,,,0
2018-01-27,1.20989,1.235,1.17459,1.21204,9373233.002598906,2018-01-27 23:59:59.999,11360733.328469979,15655,,,0
2018-01-28,1.21204,1.397,1.21,1.34587,18901307.385686062,2018-01-28 23:59:59.999,25438702.5711733,22350,,,0
2018-01-29,1.34583,1.35641,1.24,1.25928,16294495.997380462,2018-01-29 23:59:59.999,20519332.919581268,18690,,,0
2018-01-30,1.25928,1.26,1.0649,1.09485,28760531.142486926,2018-01-30 23:59:59.999,31488467.521351814,24858,,,0
2018-01-31,1.095,1.14,1.001,1.1202,21826692.481989022,2018-01-31 23:59:59.999,24450260.918324105,22090,,,0
2018-02-01,1.12014,1.13265,0.87,0.9399,32441194.080237716,2018-02-01 23:59:59.999,30491478.31601543,29288,,,0
2018-02-02,0.94,0.985,0.61826,0.89,65850371.0868184,2018-02-02 23:59:59.999,58606830.267268375,48368,,,0
2018-02-03,0.88999,1.01557,0.76205,0.95225,27893502.364941455,2018-02-03 23:59:59.999,26561587.6270155,20880,,,0
2018-02-04,0.95024,0.961,0.77,0.807,21654680.29800654,2018-02-04 23:59:59.999,17475327.000491276,15764,,,0
2018-02-05,0.81002,0.831,0.621,0.672,48549891.82667551,2018-02-05 23:59:59.999,32625527.307525948,34032,,,0
2018-02-06,0.67267,0.7813,0.562,0.75703,58274470.53671472,2018-02-06 23:59:59.999,44115522.43040914,42086,,,0
2018-02-07,0.76085,0.82618,0.6872,0.70999,28575817.38299847,2018-02-07 23:59:59.999,20288544.583755083,21482,,,0
2018-02-08,0.70999,0.78899,0.70703,0.77837,18545980.75953176,2018-02-08 23:59:59.999,14435635.043796735,12665,,,0
2018-02-09,0.7809,0.92899,0.7398,0.9199,26514643.614640273,2018-02-09 23:59:59.999,24390820.66110759,18811,,,0
2018-02-10,0.919,1.22991,0.9035,1.028,61575576.04440767,2018-02-10 23:59:59.999,63299692.17365109,39645,,,0
2018-02-11,1.0269,1.04,0.893,0.95972,28293640.487907827,2018-02-11 23:59:59.999,27153972.6490549,20341,,,0
2018-02-12,0.95939,1.07612,0.95601,1.04007,22059475.784558028,2018-02-12 23:59:59.999,22943398.979245268,14214,,,0
2018-02-13,1.04051,1.0477,0.966,0.98252,11067715.965121616,2018-02-13 23:59:59.999,10874252.290051289,8850,,,0
2018-02-14,0.9831,1.155,0.9777,1.132,23789537.487283193,2018-02-14 23:59:59.999,26929756.435604572,16172,,,0
2018-02-15,1.12875,1.145,1.07501,1.1105,17678713.78076025,2018-02-15 23:59:59.999,19632211.65353426,12816,,,0
2018-02-16,1.1112,1.12,1.0704,1.11791,8233019.141588488,2018-02-16 23:59:59.999,9203774.428573186,8135,,,0
2018-02-17,1.116,1.208,1.1041,1.1812,12387971.458575124,2018-02-17 23:59:59.999,14632671.886868937,11735,,,0
2018-02-18,1.1812,1.18201,1.051,1.07229,13221351.32992107,2018-02-18 23:59:59.999,14177122.817561064,11964,,,0
2018-02-19,1.07419,1.1391,1.071,1.1091,6053933.326046161,2018-02-19 23:59:59.999,6714417.451917797,7203,,,0
2018-02-20,1.1101,1.131,1.0001,1.027,10250824.948114935,2018-02-20 23:59:59.999,10527597.221714038,10239,,,0
2018-02-21,1.025,1.0415,0.94,0.95133,16354853.500429075,2018-02-21 23:59:59.999,15558862.780563192,14269,,,0
2018-02-22,0.95134,1.01002,0.85357,0.88896,16847239.81828445,2018-02-22 23:59:59.999,14976522.308862142,12181,,,0
2018-02-23,0.8895,0.99,0.8501,0.93692,12733388.737728426,2018-02-23 23:59:59.999,11930166.576152517,9996,,,0
2018-02-24,0.93876,0.97199,0.86732,0.90124,7221143.710802501,2018-02-24 23:59:59.999,6507983.557923647,6858,,,0
2018-02-25,0.9,0.92619,0.87646,0.90249,4800253.500816575,2018-02-25 23:59:59.999,4332180.781951951,4365,,,0
2018-02-26,0.90169,0.95273,0.87803,0.9273,6992193.827801634,2018-02-26 23:59:59.999,6483861.336520455,5278,,,0
2018-02-27,0.928,0.96,0.91692,0.928,5823698.68838818,2018-02-27 23:59:59.999,5404392.382824231,4271,,,0
2018-02-28,0.928,0.94793,0.88,0.88697,5588497.535020234,2018-02-28 23:59:59.999,4956829.658636897,4009,,,0
2018-03-01,0.88485,0.949,0.875,0.9142,6910417.3587535815,2018-03-01 23:59:59.999,6317503.549372524,4711,,,0
2018-03-02,0.9143,0.92119,0.88658,0.89958,3761396.2850392833,2018-03-02 23:59:59.999,3383676.8700956386,2977,,,0
2018-03-03,0.899,0.92,0.89054,0.8973,3775247.2520766407,2018-03-03 23:59:59.999,3387529.35928837,3039,,,0
2018-03-04,0.8975,1.03098,0.885,1.00431,12463848.30388092,2018-03-04 23:59:59.999,12517567.490070648,8399,,,0
2018-03-05,1.00838,1.09587,0.93893,0.94401,21546099.285428487,2018-03-05 23:59:59.999,20339733.186437346,14870,,,0
2018-03-06,0.94281,0.97998,0.8916,0.90087,17198188.736216653,2018-03-06 23:59:59.999,15493332.286795495,9380,,,0
2018-03-07,0.9018,0.91402,0.78601,0.8519,17305286.530029118,2018-03-07 23:59:59.999,14742373.594931806,10675,,,0
2018-03-08,0.85017,0.87193,0.7923,0.8058,10783104.366952486,2018-03-08 23:59:59.999,8689025.498890312,7453,,,0
2018-03-09,0.8068,0.84499,0.7322,0.82169,22804507.466646135,2018-03-09 23:59:59.999,18738235.74026846,11839,,,0
2018-03-10,0.82169,0.84377,0.76547,0.77413,5875671.383613958,2018-03-10 23:59:59.999,4548533.488197073,4315,,,0
2018-03-11,0.77394,0.8305,0.75,0.81501,7411456.714713429,2018-03-11 23:59:59.999,6040411.337058592,5107,,,0
2018-03-12,0.81777,0.82996,0.76282,0.78,6829325.265991943,2018-03-12 23:59:59.999,5326873.707473716,4767,,,0
2018-03-13,0.78238,0.79839,0.7601,0.7778,5265905.969457289,2018-03-13 23:59:59.999,4095821.66304388,3915,,,0
2018-03-14,0.77799,0.78876,0.6515,0.68508,13908532.253882466,2018-03-14 23:59:59.999,9528457.2764898,10779,,,0
2018-03-15,0.68505,0.72127,0.62516,0.68179,16809247.560795095,2018-03-15 23:59:59.999,11460376.894474488,11978,,,0
2018-03-16,0.68179,0.70973,0.6556,0.6778,8320026.756370386,2018-03-16 23:59:59.999,5639314.135467848,6384,,,0
2018-03-17,0.67899,0.68295,0.61327,0.62879,9493954.18336843,2018-03-17 23:59:59.999,5969703.450960235,6553,,,0
2018-03-18,0.62673,0.67473,0.53354,0.64842,22377475.41737042,2018-03-18 23:59:59.999,14510002.610131327,13104,,,0
2018-03-19,0.648,0.72383,0.6261,0.7197,14833853.47165359,2018-03-19 23:59:59.999,10675924.34354909,8938,,,0
2018-03-20,0.71709,0.72,0.657,0.7005,14073419.428529046,2018-03-20 23:59:59.999,9858430.309684597,7740,,,0
2018-03-21,0.70057,0.70985,0.66,0.67874,9980681.576219246,2018-03-21 23:59:59.999,6774287.813043051,6327,,,0
2018-03-22,0.67866,0.69087,0.61004,0.65443,9408780.082931755,2018-03-22 23:59:59.999,6157387.949673028,5977,,,0
2018-03-23,0.652,0.652,0.612,0.64,6826708.835448175,2018-03-23 23:59:59.999,4369093.654686832,5144,,,0
2018-03-24,0.64,0.67836,0.628,0.62819,6157017.828364247,2018-03-24 23:59:59.999,3867777.029600137,4403,,,0
2018-03-25,0.628,0.65398,0.62101,0.63555,4076958.33952477,2018-03-25 23:59:59.999,2591110.8726849672,3010,,,0
2018-03-26,0.63507,0.64213,0.57502,0.58733,10234528.30796213,2018-03-26 23:59:59.999,6011045.511115398,5547,,,0
2018-03-27,0.58919,0.602,0.557,0.57,8798726.348101467,2018-03-27 23:59:59.999,5015274.018417835,5545,,,0
2018-03-28,0.56954,0.58788,0.56352,0.57239,4102044.747589809,2018-03-28 23:59:59.999,2347969.3930729306,2553,,,0
2018-03-29,0.57269,0.574,0.4976,0.5016,16473101.90436268,2018-03-29 23:59:59.999,8262907.915228321,8104,,,0
2018-03-30,0.50174,0.52341,0.47025,0.49844,17697828.814237483,2018-03-30 23:59:59.999,8821305.79416853,8139,,,0
2018-03-31,0.49804,0.521,0.49205,0.49841,6326914.023802412,2018-03-31 23:59:59.999,3153397.21860336,4188,,,0
2018-04-01,0.49842,0.5056,0.45,0.4788,10548803.096766608,2018-04-01 23:59:59.999,5050766.922731852,5375,,,0
2018-04-02,0.4792,0.50414,0.47152,0.493,8501741.537263306,2018-04-02 23:59:59.999,4191358.57787081,3729,,,0
2018-04-03,0.49295,0.5525,0.492,0.54908,13042688.643695652,2018-04-03 23:59:59.999,7161479.480480409,5894,,,0
2018-04-04,0.54672,0.55362,0.485,0.48963,9656720.671453573,2018-04-04 23:59:59.999,4728220.142363813,5438,,,0
2018-04-05,0.48962,0.49699,0.47472,0.48746,6505372.093300087,2018-04-05 23:59:59.999,3171108.6806000606,3784,,,0
2018-04-06,0.48931,0.49533,0.45875,0.47389,7308516.082350811,2018-04-06 23:59:59.999,3463432.6862652255,4059,,,0
2018-04-07,0.47324,0.496,0.47,0.4851,4959290.688193468,2018-04-07 23:59:59.999,2405751.9128426514,3313,,,0
2018-04-08,0.4856,0.5006,0.48366,0.49692,3230573.0176624316,2018-04-08 23:59:59.999,1605336.3439368154,2409,,,0
2018-04-09,0.49652,0.51128,0.47428,0.48727,6728603.983795436,2018-04-09 23:59:59.999,3278646.863184002,4866,,,0
2018-04-10,0.48719,0.49344,0.47773,0.49079,3296712.8423323943,2018-04-10 23:59:59.999,1617993.6958883158,2293,,,0
2018-04-11,0.49078,0.55504,0.48596,0.54124,8079753.374411144,2018-04-11 23:59:59.999,4373085.716366288,4752,,,0
2018-04-12,0.53948,0.66575,0.50211,0.64333,25698707.711343236,2018-04-12 23:59:59.999,16532749.631938443,13892,,,0
2018-04-13,0.64299,0.70813,0.61304,0.6416,25241904.64779063,2018-04-13 23:59:59.999,16195206.022022467,12942,,,0
2018-04-14,0.6422,0.674,0.62247,0.6395,9710154.886700364,2018-04-14 23:59:59.999,6209644.050044882,5475,,,0
2018-04-15,0.64033,0.69839,0.64033,0.69611,7394991.664958979,2018-04-15 23:59:59.999,5147727.647894595,4738,,,0
2018-04-16,0.69504,0.6974,0.63639,0.66223,6477143.832501784,2018-04-16 23:59:59.999,4289358.960197656,4688,,,0
2018-04-17,0.66275,0.68197,0.6468,0.65336,5222497.486463785,2018-04-17 23:59:59.999,3412170.957755979,4007,,,0
2018-04-18,0.65336,0.72999,0.65164,0.7122,10238843.792336682,2018-04-18 23:59:59.999,7292104.548902186,6200,,,0
2018-04-19,0.71285,0.78713,0.70413,0.782,12524391.871220233,2018-04-19 23:59:59.999,9794074.443294223,6697,,,0
2018-04-20,0.783,0.94049,0.78216,0.92678,25608461.04639075,2018-04-20 23:59:59.999,23733409.52857402,15663,,,0
2018-04-21,0.92675,0.92745,0.81,0.87,13643617.17112319,2018-04-21 23:59:59.999,11869946.938877175,10335,,,0
2018-04-22,0.865,0.919,0.84,0.86386,10122291.269875305,2018-04-22 23:59:59.999,8744242.53639448,6019,,,0
2018-04-23,0.8598,0.885,0.85001,0.87343,5816142.21352188,2018-04-23 23:59:59.999,5079993.093556416,4706,,,0
2018-04-24,0.87345,0.964,0.86716,0.92001,15945114.426844971,2018-04-24 23:59:59.999,14669664.723841641,10747,,,0
2018-04-25,0.922,0.9266,0.76952,0.79507,28836706.355078563,2018-04-25 23:59:59.999,22927200.121732313,17447,,,0
2018-04-26,0.79379,0.84989,0.75797,0.8488,14308708.250539493,2018-04-26 23:59:59.999,12145231.563057922,8189,,,0
2018-04-27,0.84781,0.86221,0.80154,0.8068,8118426.553635314,2018-04-27 23:59:59.999,6549946.543472971,5194,,,0
2018-04-28,0.8051,0.89,0.80307,0.86032,6817284.916479365,2018-04-28 23:59:59.999,5865046.559345528,5738,,,0
2018-04-29,0.85988,0.90862,0.82507,0.8699,8467253.866400097,2018-04-29 23:59:59.999,7365664.138381444,6169,,,0
2018-04-30,0.865,0.875,0.81672,0.83101,5772899.9371830765,2018-04-30 23:59:59.999,4797337.576798509,4353,,,0
2018-05-01,0.83103,0.8395,0.78103,0.83556,7758854.494564074,2018-05-01 23:59:59.999,6482988.461477958,5643,,,0
2018-05-02,0.8336,0.8749,0.82502,0.858,7224627.248981698,2018-05-02 23:59:59.999,6198730.179626297,4845,,,0
2018-05-03,0.85702,0.89,0.84,0.87344,8480558.249746159,2018-05-03 23:59:59.999,7407258.797658285,5742,,,0
2018-05-04,0.87479,0.92472,0.85618,0.88816,8852952.370073855,2018-05-04 23:59:59.999,7862838.177004795,6426,,,0
2018-05-05,0.887,0.924,0.88542,0.8986,4495830.253666933,2018-05-05 23:59:59.999,4039953.0659451056,4304,,,0
2018-05-06,0.89471,0.91,0.83771,0.85994,6769977.561354033,2018-05-06 23:59:59.999,5821774.504110787,4994,,,0
2018-05-07,0.85979,0.86291,0.80111,0.82859,8219262.150752147,2018-05-07 23:59:59.999,6810398.425491721,5484,,,0
2018-05-08,0.8267,0.84532,0.79191,0.80581,5158147.33768037,2018-05-08 23:59:59.999,4156486.7061762186,4028,,,0
2018-05-09,0.80652,0.8156,0.76,0.79558,10817721.961566972,2018-05-09 23:59:59.999,8606363.23818345,5597,,,0
2018-05-10,0.79539,0.80515,0.74554,0.74823,5167636.2655051,2018-05-10 23:59:59.999,3866580.4829388806,4079,,,0
2018-05-11,0.74803,0.75774,0.6501,0.67894,21754291.13034124,2018-05-11 23:59:59.999,14769858.420033881,12490,,,0
2018-05-12,0.67779,0.708,0.631,0.684,9566509.509070229,2018-05-12 23:59:59.999,6543492.504204037,6232,,,0
2018-05-13,0.68424,0.748,0.66503,0.73015,7675437.228957008,2018-05-13 23:59:59.999,5604220.492722959,4600,,,0
2018-05-14,0.73015,0.7494,0.69,0.7282,10422144.515160011,2018-05-14 23:59:59.999,7589405.63593952,6043,,,0
2018-05-15,0.7276,0.748,0.68314,0.69092,6828563.878847884,2018-05-15 23:59:59.999,4717991.355173579,4218,,,0
2018-05-16,0.68877,0.70997,0.66003,0.70881,7287380.438062407,2018-05-16 23:59:59.999,5165368.128303015,4059,,,0
2018-05-17,0.70767,0.71375,0.65,0.66,5016148.757647179,2018-05-17 23:59:59.999,3310658.180047138,3663,,,0
2018-05-18,0.66,0.68377,0.64682,0.67537,4697797.2980237715,2018-05-18 23:59:59.999,3172751.3611663147,3534,,,0
2018-05-19,0.67656,0.69131,0.662,0.67527,1950884.078687461,2018-05-19 23:59:59.999,1317373.491815282,2009,,,0
2018-05-20,0.67555,0.70674,0.6695,0.6982,3127742.9000976887,2018-05-20 23:59:59.999,2183790.0928482064,2590,,,0
2018-05-21,0.69805,0.70203,0.67,0.67587,3438912.5328646656,2018-05-21 23:59:59.999,2324257.8135872413,2698,,,0
2018-05-22,0.67576,0.67835,0.63537,0.63767,3082564.5399034913,2018-05-22 23:59:59.999,1965658.9301602591,2737,,,0
2018-05-23,0.63897,0.67705,0.575,0.59164,11087612.595641842,2018-05-23 23:59:59.999,6559875.1160855405,6393,,,0
2018-05-24,0.59114,0.638,0.57707,0.62967,6711401.458321845,2018-05-24 23:59:59.999,4225968.156261516,4979,,,0
2018-05-25,0.62958,0.6331,0.5937,0.6058,5602798.03936757,2018-05-25 23:59:59.999,3394175.0522488737,4046,,,0
2018-05-26,0.60562,0.62663,0.59733,0.60791,3312223.7554954696,2018-05-26 23:59:59.999,2013533.9432032506,2162,,,0
2018-05-27,0.60789,0.61025,0.59643,0.6033,2302223.912772042,2018-05-27 23:59:59.999,1388931.686575373,2055,,,0
2018-05-28,0.60453,0.60926,0.54566,0.548,6667140.732519714,2018-05-28 23:59:59.999,3653593.1214208035,4697,,,0
2018-05-29,0.54858,0.60999,0.5455,0.59987,7681722.1556552015,2018-05-29 23:59:59.999,4608034.669512886,4862,,,0
2018-05-30,0.5999,0.62626,0.58179,0.60049,6129502.780108261,2018-05-30 23:59:59.999,3680705.1244272096,4473,,,0
2018-05-31,0.59975,0.62001,0.5882,0.61108,3551273.277618754,2018-05-31 23:59:59.999,2170112.074487268,3352,,,0
2018-06-01,0.60989,0.62348,0.60424,0.62029,4600490.010444035,2018-06-01 23:59:59.999,2853637.94857833,3386,,,0
2018-06-02,0.62105,0.64949,0.60999,0.64207,6076525.056811873,2018-06-02 23:59:59.999,3901554.4432271994,3618,,,0
2018-06-03,0.64191,0.68822,0.63741,0.68762,7159055.094072226,2018-06-03 23:59:59.999,4922709.4637859445,4332,,,0
2018-06-04,0.6885,0.70406,0.6352,0.65546,10198350.503801271,2018-06-04 23:59:59.999,6684610.821221582,5553,,,0
2018-06-05,0.65541,0.685,0.634,0.67371,5079236.760897392,2018-06-05 23:59:59.999,3421932.5981841823,3929,,,0
2018-06-06,0.67404,0.68495,0.654,0.67473,3978827.3997490536,2018-06-06 23:59:59.999,2684634.211432679,3219,,,0
2018-06-07,0.67452,0.6885,0.66872,0.67821,2685930.6763320486,2018-06-07 23:59:59.999,1821625.0439951585,2485,,,0
2018-06-08,0.67674,0.68,0.65639,0.67246,1889694.433116903,2018-06-08 23:59:59.999,1270743.9184937926,2264,,,0
2018-06-09,0.67217,0.6799,0.6564,0.65783,2001317.2827831593,2018-06-09 23:59:59.999,1316526.5481332457,1431,,,0
2018-06-10,0.6565,0.6565,0.555,0.58269,8732803.081923569,2018-06-10 23:59:59.999,5088517.027806045,5671,,,0
2018-06-11,0.5815,0.59989,0.56102,0.59847,5721365.051960628,2018-06-11 23:59:59.999,3424065.3426468764,3408,,,0
2018-06-12,0.5983,0.59942,0.54478,0.55845,6493894.846442459,2018-06-12 23:59:59.999,3626515.5769957914,3841,,,0
2018-06-13,0.55686,0.56027,0.50203,0.52822,8488519.772092042,2018-06-13 23:59:59.999,4483805.914014459,4259,,,0
2018-06-14,0.52997,0.568,0.5205,0.55638,7565900.476221204,2018-06-14 23:59:59.999,4209515.7069599535,3861,,,0
2018-06-15,0.55686,0.56272,0.52812,0.53303,3820956.31320426,2018-06-15 23:59:59.999,2036684.3436272668,2435,,,0
2018-06-16,0.53337,0.53806,0.51871,0.5337,1538986.9374945927,2018-06-16 23:59:59.999,821357.328540864,1518,,,0
2018-06-17,0.53147,0.54,0.52241,0.5259,1425200.9243592676,2018-06-17 23:59:59.999,749513.1661205388,1312,,,0
2018-06-18,0.52483,0.55119,0.50971,0.53864,3940986.2325988943,2018-06-18 23:59:59.999,2122772.8243270684,2362,,,0
2018-06-19,0.53775,0.5882,0.53406,0.54922,3200686.6578633725,2018-06-19 23:59:59.999,1757881.1262317216,2227,,,0
2018-06-20,0.5483,0.55,0.52294,0.53995,2025628.3541270692,2018-06-20 23:59:59.999,1093738.029810911,1910,,,0
2018-06-21,0.539,0.549,0.53015,0.5332,1278634.259091289,2018-06-21 23:59:59.999,681767.7869474753,1412,,,0
2018-06-22,0.53474,0.5366,0.47001,0.48164,6420173.741576837,2018-06-22 23:59:59.999,3092212.480893068,4082,,,0
2018-06-23,0.48241,0.4939,0.4758,0.48993,1582393.8078446954,2018-06-23 23:59:59.999,775262.1982773516,1425,,,0
2018-06-24,0.49033,0.49488,0.44021,0.47443,8037247.941233517,2018-06-24 23:59:59.999,3813111.5407594177,4022,,,0
2018-06-25,0.47483,0.49285,0.47215,0.4802,4646756.639626664,2018-06-25 23:59:59.999,2231372.538348724,2456,,,0
2018-06-26,0.4814,0.4823,0.4516,0.45259,2392337.265274978,2018-06-26 23:59:59.999,1082747.9228908021,2135,,,0
2018-06-27,0.45227,0.4749,0.448,0.471,3168460.8036180884,2018-06-27 23:59:59.999,1492345.0385041195,2239,,,0
2018-06-28,0.47118,0.47253,0.43925,0.44743,3661520.5589842177,2018-06-28 23:59:59.999,1638274.1437063084,2143,,,0
2018-06-29,0.44561,0.46001,0.42411,0.45454,5048905.906041085,2018-06-29 23:59:59.999,2294929.6905319146,2350,,,0
2018-06-30,0.45454,0.482,0.4544,0.46871,3627560.44989132,2018-06-30 23:59:59.999,1700273.8584685607,2268,,,0
2018-07-01,0.46781,0.4696,0.4502,0.4616,1722169.425531061,2018-07-01 23:59:59.999,794953.4068251377,1264,,,0
2018-07-02,0.4611,0.49735,0.452,0.4891,6658589.344037823,2018-07-02 23:59:59.999,3256716.0481688995,3372,,,0
2018-07-03,0.48985,0.52,0.47781,0.48467,4548364.8977868995,2018-07-03 23:59:59.999,2204456.0150103765,3590,,,0
2018-07-04,0.4852,0.506,0.475,0.49196,2994179.2372691263,2018-07-04 23:59:59.999,1473016.4175669195,2202,,,0
2018-07-05,0.49196,0.5002,0.4696,0.4776,3665630.982100386,2018-07-05 23:59:59.999,1750705.3570511446,2423,,,0
2018-07-06,0.47698,0.48098,0.459,0.4758,2223295.7615740895,2018-07-06 23:59:59.999,1057844.1233569519,1667,,,0
2018-07-07,0.4758,0.48651,0.46265,0.48449,1582605.4162364595,2018-07-07 23:59:59.999,766756.4981124023,1072,,,0
2018-07-08,0.48589,0.4877,0.475,0.47818,1833275.21580368,2018-07-08 23:59:59.999,876635.5426930037,1636,,,0
2018-07-09,0.47681,0.48103,0.47,0.47196,2866796.819562011,2018-07-09 23:59:59.999,1353013.4269604867,1354,,,0
2018-07-10,0.47205,0.47277,0.43911,0.44261,4534614.612515076,2018-07-10 23:59:59.999,2007065.7736452979,1991,,,0
2018-07-11,0.44331,0.45184,0.4402,0.44907,2497515.6917593693,2018-07-11 23:59:59.999,1121559.37169838,1370,,,0
2018-07-12,0.44848,0.4489,0.42255,0.43656,5505366.343931914,2018-07-12 23:59:59.999,2403422.7311069164,2102,,,0
2018-07-13,0.43681,0.4457,0.43051,0.43934,2216094.889404254,2018-07-13 23:59:59.999,973619.128710865,1806,,,0
2018-07-14,0.43782,0.44255,0.414,0.43909,2704628.17926037,2018-07-14 23:59:59.999,1187575.1872314357,1336,,,0
2018-07-15,0.4388,0.44933,0.4356,0.44669,1631178.6690728082,2018-07-15 23:59:59.999,728631.1996881326,1447,,,0
2018-07-16,0.447,0.48342,0.443,0.48272,5584679.188269092,2018-07-16 23:59:59.999,2695836.337761256,2954,,,0
2018-07-17,0.48128,0.52,0.469,0.5079,7267317.918370977,2018-07-17 23:59:59.999,3691070.7707406194,4448,,,0
2018-07-18,0.50698,0.52383,0.47626,0.48895,7062816.812533989,2018-07-18 23:59:59.999,3453364.280488494,5028,,,0
2018-07-19,0.48952,0.49438,0.4716,0.47629,2859835.8572687395,2018-07-19 23:59:59.999,1362111.2204585278,2787,,,0
2018-07-20,0.47661,0.47661,0.42915,0.4436,5490107.151066812,2018-07-20 23:59:59.999,2435411.5322132376,3937,,,0
2018-07-21,0.4436,0.46001,0.4346,0.45286,4511127.696592566,2018-07-21 23:59:59.999,2042909.2886789092,2293,,,0
2018-07-22,0.45334,0.4625,0.44612,0.44979,2121680.8313368815,2018-07-22 23:59:59.999,954310.821127016,1669,,,0
2018-07-23,0.44925,0.46556,0.44202,0.44555,2643998.05055388,2018-07-23 23:59:59.999,1178033.3314242812,2315,,,0
2018-07-24,0.44509,0.46999,0.4375,0.45762,10063415.398507386,2018-07-24 23:59:59.999,4605220.15466495,4014,,,0
2018-07-25,0.45697,0.46781,0.45167,0.45899,4280602.078588907,2018-07-25 23:59:59.999,1964753.5480515223,2605,,,0
2018-07-26,0.4591,0.469,0.44611,0.4488,2600180.5682099075,2018-07-26 23:59:59.999,1166961.0390126065,2486,,,0
2018-07-27,0.4494,0.46084,0.44358,0.4532,2161352.648878642,2018-07-27 23:59:59.999,979525.0204718005,2255,,,0
2018-07-28,0.45512,0.45768,0.448,0.45681,840290.7888728386,2018-07-28 23:59:59.999,383853.2352650014,1125,,,0
2018-07-29,0.45694,0.458,0.45006,0.4528,453902.03456037,2018-07-29 23:59:59.999,205526.84124893553,716,,,0
2018-07-30,0.45265,0.45603,0.43417,0.44571,2456697.988832798,2018-07-30 23:59:59.999,1094974.8606026664,1994,,,0
2018-07-31,0.44466,0.44684,0.4268,0.43454,4062597.1406827737,2018-07-31 23:59:59.999,1765360.9615122925,2536,,,0
2018-08-01,0.43454,0.4608,0.42652,0.446,3776011.779857325,2018-08-01 23:59:59.999,1684101.253816367,5333,,,0
2018-08-02,0.446,0.4474,0.4301,0.4304,1117503.4911028794,2018-08-02 23:59:59.999,480973.5025706793,1375,,,0
2018-08-03,0.43021,0.44484,0.42593,0.43994,2965398.257612467,2018-08-03 23:59:59.999,1304597.3094540287,2679,,,0
2018-08-04,0.43994,0.44377,0.427,0.42946,1558518.1615642589,2018-08-04 23:59:59.999,669321.2096653866,1257,,,0
2018-08-05,0.42965,0.43658,0.42679,0.43464,1090065.420753109,2018-08-05 23:59:59.999,473786.0344761313,1192,,,0
2018-08-06,0.43479,0.43659,0.4026,0.41239,3051647.7503728867,2018-08-06 23:59:59.999,1258469.0157762747,2096,,,0
2018-08-07,0.41237,0.41504,0.37526,0.37872,6055059.395204618,2018-08-07 23:59:59.999,2293172.0941518927,3666,,,0
2018-08-08,0.37786,0.37864,0.32003,0.33186,10230943.01553183,2018-08-08 23:59:59.999,3395240.749134393,6179,,,0
2018-08-09,0.33141,0.3575,0.32842,0.34512,6145485.40245119,2018-08-09 23:59:59.999,2120929.922093955,4838,,,0
2018-08-10,0.3443,0.34626,0.31251,0.31898,4536328.852808108,2018-08-10 23:59:59.999,1446998.1774687301,3998,,,0
2018-08-11,0.31898,0.31982,0.28658,0.2984,10596203.560977977,2018-08-11 23:59:59.999,3161907.142595828,5971,,,0
2018-08-12,0.29822,0.31033,0.29498,0.2958,3725517.454592247,2018-08-12 23:59:59.999,1102008.0630683866,5427,,,0
2018-08-13,0.29581,0.30873,0.271,0.27472,4564226.126825613,2018-08-13 23:59:59.999,1253884.2015615324,2499,,,0
2018-08-14,0.27401,0.27657,0.24646,0.27342,8299389.347379301,2018-08-14 23:59:59.999,2269219.0353604485,3231,,,0
2018-08-15,0.273,0.30312,0.273,0.28027,11443253.42952878,2018-08-15 23:59:59.999,3207200.6386940316,3099,,,0
2018-08-16,0.2802,0.3014,0.276,0.29291,6516958.98711901,2018-08-16 23:59:59.999,1908882.456917029,2049,,,0
2018-08-17,0.292,0.37721,0.29057,0.36817,7443356.786127147,2018-08-17 23:59:59.999,2740420.667948432,3936,,,0
2018-08-18,0.36842,0.37189,0.31314,0.32943,6873265.474305212,2018-08-18 23:59:59.999,2264259.845200366,3969,,,0
2018-08-19,0.32902,0.35266,0.319,0.34228,4557138.621765869,2018-08-19 23:59:59.999,1559817.4074580215,2206,,,0
2018-08-20,0.34229,0.35045,0.31201,0.31416,5667707.209448368,2018-08-20 23:59:59.999,1780566.8969202994,3605,,,0
2018-08-21,0.3148,0.33769,0.31232,0.33387,3480390.456901324,2018-08-21 23:59:59.999,1161997.961845645,2671,,,0
2018-08-22,0.33398,0.35409,0.30901,0.3178,7790908.695372621,2018-08-22 23:59:59.999,2475950.783389419,3993,,,0
2018-08-23,0.31703,0.32957,0.31551,0.32596,2678290.659657592,2018-08-23 23:59:59.999,873015.6234219888,2079,,,0
2018-08-24,0.32622,0.32939,0.31552,0.32634,2396966.5998372026,2018-08-24 23:59:59.999,782226.0801908728,1762,,,0
2018-08-25,0.3263,0.3322,0.32207,0.32643,1362482.5037293814,2018-08-25 23:59:59.999,444755.16369238193,1418,,,0
2018-08-26,0.3259,0.32787,0.31899,0.3227,1476430.6370419909,2018-08-26 23:59:59.999,476444.16657345043,869,,,0
2018-08-27,0.32288,0.34,0.32207,0.33751,3947215.632742141,2018-08-27 23:59:59.999,1332224.7482067998,1292,,,0
2018-08-28,0.339,0.35792,0.33493,0.35143,6189734.0975276325,2018-08-28 23:59:59.999,2175258.253894136,2472,,,0
2018-08-29,0.3512,0.355,0.3387,0.3448,3735278.0409712913,2018-08-29 23:59:59.999,1287923.8685269011,1763,,,0
2018-08-30,0.34448,0.34618,0.32284,0.3352,3878552.3540507494,2018-08-30 23:59:59.999,1300090.7490778111,1431,,,0
2018-08-31,0.33466,0.34004,0.3272,0.335,3048816.409694153,2018-08-31 23:59:59.999,1021353.4972475413,1611,,,0
2018-09-01,0.33518,0.3529,0.33514,0.34643,2884715.704162196,2018-09-01 23:59:59.999,999352.0613929095,2543,,,0
2018-09-02,0.34667,0.34915,0.33544,0.34099,3416508.632041877,2018-09-02 23:59:59.999,1164995.2784399597,1985,,,0
2018-09-03,0.34258,0.34275,0.33285,0.335,2005935.7998818809,2018-09-03 23:59:59.999,671988.4929604301,893,,,0
2018-09-04,0.33416,0.34,0.3285,0.33056,1772019.242604161,2018-09-04 23:59:59.999,585758.6808352314,792,,,0
2018-09-05,0.33058,0.33375,0.27665,0.27867,14940534.026589653,2018-09-05 23:59:59.999,4163478.617189738,4109,,,0
2018-09-06,0.2784,0.30404,0.2668,0.30073,14214727.750999544,2018-09-06 23:59:59.999,4274795.076558093,4112,,,0
2018-09-07,0.30112,0.30334,0.28108,0.28704,4768796.971248447,2018-09-07 23:59:59.999,1368835.4826271543,2913,,,0
2018-09-08,0.28753,0.2926,0.26865,0.27657,5424637.2324834345,2018-09-08 23:59:59.999,1500291.9193879433,4071,,,0
2018-09-09,0.27626,0.29065,0.27084,0.27489,5520161.000027365,2018-09-09 23:59:59.999,1517437.0572975224,2834,,,0
2018-09-10,0.2755,0.2816,0.2599,0.2695,5805927.077219944,2018-09-10 23:59:59.999,1564697.3473107752,4848,,,0
2018-09-11,0.26956,0.2743,0.249,0.2622,8652034.779352015,2018-09-11 23:59:59.999,2268563.5191460983,3932,,,0
2018-09-12,0.26295,0.2732,0.25359,0.26941,7857212.1352346465,2018-09-12 23:59:59.999,2116811.521353566,3589,,,0
2018-09-13,0.27,0.286,0.267,0.2786,7449114.25500464,2018-09-13 23:59:59.999,2075323.2314442927,3389,,,0
2018-09-14,0.279,0.28468,0.2725,0.27564,8275592.1672072,2018-09-14 23:59:59.999,2281084.2249689926,2473,,,0
2018-09-15,0.27699,0.2842,0.27564,0.2816,1739006.8982020875,2018-09-15 23:59:59.999,489704.34253370785,1062,,,0
2018-09-16,0.28027,0.2818,0.27266,0.281,1178226.5778485895,2018-09-16 23:59:59.999,331081.6683754537,1272,,,0
2018-09-17,0.2809,0.28293,0.26611,0.2708,6563834.240254013,2018-09-17 23:59:59.999,1777486.3122607865,2388,,,0
2018-09-18,0.2707,0.33505,0.2697,0.31837,14060619.83339268,2018-09-18 23:59:59.999,4476479.536357227,6303,,,0
2018-09-19,0.31823,0.335,0.31037,0.32687,9099886.803821668,2018-09-19 23:59:59.999,2974479.999565189,4795,,,0
2018-09-20,0.3271,0.4917,0.3214,0.44824,25211735.6356956,2018-09-20 23:59:59.999,11300908.381344195,12235,,,0
2018-09-21,0.44931,0.8,0.42561,0.56414,64345825.75133958,2018-09-21 23:59:59.999,36300054.13936071,36795,,,0
2018-09-22,0.56407,0.62871,0.48891,0.573,27676620.64974451,2018-09-22 23:59:59.999,15858703.632303603,12492,,,0
2018-09-23,0.57355,0.597,0.55619,0.572,9945959.114988048,2018-09-23 23:59:59.999,5689088.6137731625,5148,,,0
2018-09-24,0.57061,0.58327,0.48101,0.49239,18198398.902229805,2018-09-24 23:59:59.999,8960709.635468934,6182,,,0
2018-09-25,0.4922,0.55,0.43347,0.5246,25852980.187039543,2018-09-25 23:59:59.999,13562473.406120943,10560,,,0
2018-09-26,0.52487,0.57389,0.4829,0.512,25317383.97675292,2018-09-26 23:59:59.999,12962500.596097494,11111,,,0
2018-09-27,0.51198,0.55698,0.50563,0.5438,9915755.196019342,2018-09-27 23:59:59.999,5392187.675595318,4626,,,0
2018-09-28,0.5424,0.55,0.515,0.5398,9013810.33972913,2018-09-28 23:59:59.999,4865654.821385784,4532,,,0
2018-09-29,0.5398,0.594,0.52491,0.56781,11315836.321716985,2018-09-29 23:59:59.999,6425245.021834121,5639,,,0
2018-09-30,0.568,0.61902,0.55513,0.5792,11881284.68674686,2018-09-30 23:59:59.999,6881640.090563782,5744,,,0
2018-10-01,0.5798,0.60445,0.532,0.5745,18367955.531630367,2018-10-01 23:59:59.999,10552390.452921646,8319,,,0
2018-10-02,0.57479,0.5788,0.51,0.51358,8742867.080654716,2018-10-02 23:59:59.999,4490161.67528265,5290,,,0
2018-10-03,0.51336,0.53473,0.50193,0.52535,8315822.277308725,2018-10-03 23:59:59.999,4368717.233384139,4194,,,0
2018-10-04,0.52536,0.54634,0.5226,0.52548,4765719.538121832,2018-10-04 23:59:59.999,2504290.30289226,2814,,,0
2018-10-05,0.5252,0.52968,0.50378,0.51708,5044509.70636406,2018-10-05 23:59:59.999,2608415.078966728,3344,,,0
2018-10-06,0.51708,0.51849,0.46152,0.48191,8246731.851822955,2018-10-06 23:59:59.999,3974182.546712,4350,,,0
2018-10-07,0.48499,0.48777,0.46593,0.47958,4540493.453914798,2018-10-07 23:59:59.999,2177529.850628459,2466,,,0
2018-10-08,0.48047,0.5,0.47586,0.48743,8956209.97281772,2018-10-08 23:59:59.999,4365525.427050541,3514,,,0
2018-10-09,0.48813,0.49,0.46751,0.47752,3616305.693514234,2018-10-09 23:59:59.999,1726858.294766917,2228,,,0
2018-10-10,0.477,0.477,0.45,0.45889,5079188.398078991,2018-10-10 23:59:59.999,2330788.7639944684,3595,,,0
2018-10-11,0.45889,0.45889,0.2843,0.37476,21965860.42259083,2018-10-11 23:59:59.999,8231925.851970139,9993,,,0
2018-10-12,0.37625,0.43918,0.3715,0.41225,10146494.29594699,2018-10-12 23:59:59.999,4182892.2735041464,5985,,,0
2018-10-13,0.41224,0.42606,0.40816,0.41269,4133855.547028166,2018-10-13 23:59:59.999,1706000.8457030538,2315,,,0
2018-10-14,0.41273,0.42235,0.39321,0.39817,3586571.1845841683,2018-10-14 23:59:59.999,1428065.0485658783,2609,,,0
2018-10-15,0.39832,0.47102,0.38801,0.4402,19072568.973918773,2018-10-15 23:59:59.999,8395744.862319043,9711,,,0
2018-10-16,0.44003,0.46601,0.43509,0.46367,6819120.371986216,2018-10-16 23:59:59.999,3161821.542878849,4297,,,0
2018-10-17,0.463,0.47482,0.45221,0.464,7322994.415102746,2018-10-17 23:59:59.999,3397869.4086076743,3005,,,0
2018-10-18,0.46263,0.47221,0.44,0.45512,7678317.83111065,2018-10-18 23:59:59.999,3494556.0112950793,3283,,,0
2018-10-19,0.45231,0.4553,0.44372,0.44992,3887343.6511037103,2018-10-19 23:59:59.999,1748993.6555045813,1709,,,0
2018-10-20,0.44978,0.46,0.44624,0.45574,2568275.789693229,2018-10-20 23:59:59.999,1170466.008394792,1293,,,0
2018-10-21,0.45477,0.46062,0.45124,0.4538,1720633.1856684808,2018-10-21 23:59:59.999,780823.3396563566,885,,,0
2018-10-22,0.4523,0.4568,0.444,0.45082,2752562.534816608,2018-10-22 23:59:59.999,1240910.2419460232,1402,,,0
2018-10-23,0.44991,0.47424,0.43201,0.45931,7872477.634698488,2018-10-23 23:59:59.999,3615907.7023933623,3554,,,0
2018-10-24,0.45919,0.46622,0.45003,0.45432,3521300.452311049,2018-10-24 23:59:59.999,1599797.221493956,2095,,,0
2018-10-25,0.45271,0.46198,0.44782,0.45372,5440137.920563401,2018-10-25 23:59:59.999,2468299.377318026,1938,,,0
2018-10-26,0.45376,0.45918,0.4488,0.45748,4589868.168824281,2018-10-26 23:59:59.999,2099772.889873732,1643,,,0
2018-10-27,0.45707,0.45834,0.45027,0.45374,2705188.6763618886,2018-10-27 23:59:59.999,1227452.3100124432,992,,,0
2018-10-28,0.45397,0.46,0.45266,0.46,3705404.4391029305,2018-10-28 23:59:59.999,1704486.041987348,1234,,,0
2018-10-29,0.45988,0.46,0.42629,0.43966,8622272.62867971,2018-10-29 23:59:59.999,3790868.383925321,3419,,,0
2018-10-30,0.44016,0.44782,0.43765,0.44359,4417074.380673309,2018-10-30 23:59:59.999,1959370.024522873,1479,,,0
2018-10-31,0.44359,0.45773,0.43325,0.45,5901564.082233434,2018-10-31 23:59:59.999,2655703.8370050453,2069,,,0
2018-11-01,0.45047,0.45782,0.44649,0.45596,4349511.444767113,2018-11-01 23:59:59.999,1983203.2383560126,1463,,,0
2018-11-02,0.45665,0.46303,0.45426,0.45596,6533253.891427699,2018-11-02 23:59:59.999,2978902.444335373,2790,,,0
2018-11-03,0.4567,0.4572,0.45132,0.45369,2119307.848882302,2018-11-03 23:59:59.999,961508.7779594116,1324,,,0
2018-11-04,0.45242,0.47552,0.447,0.46642,7601558.095090629,2018-11-04 23:59:59.999,3545518.726712171,3163,,,0
2018-11-05,0.46558,0.5,0.45893,0.4965,11443528.651664857,2018-11-05 23:59:59.999,5681711.9755516015,4205,,,0
2018-11-06,0.49649,0.562,0.49649,0.55023,20128089.9363652,2018-11-06 23:59:59.999,11075078.925686223,8844,,,0
2018-11-07,0.55001,0.55074,0.52037,0.5351,8477175.158064922,2018-11-07 23:59:59.999,4536136.42708054,4380,,,0
2018-11-08,0.53579,0.53999,0.486,0.49097,12680025.77191321,2018-11-08 23:59:59.999,6225512.253236229,6235,,,0
2018-11-09,0.49052,0.51495,0.48659,0.49745,8125211.938921675,2018-11-09 23:59:59.999,4041886.6790165873,4122,,,0
2018-11-10,0.49735,0.5095,0.49625,0.50139,3308693.9205362997,2018-11-10 23:59:59.999,1658946.0448176954,1915,,,0
2018-11-11,0.5022,0.50543,0.49199,0.50187,3722953.913506223,2018-11-11 23:59:59.999,1868438.8805713682,1542,,,0
2018-11-12,0.50291,0.52549,0.49697,0.51412,5574707.279673678,2018-11-12 23:59:59.999,2866068.5066258316,2989,,,0
2018-11-13,0.51385,0.5208,0.49705,0.50107,6118229.6496605985,2018-11-13 23:59:59.999,3065661.330555436,2779,,,0
2018-11-14,0.50044,0.50361,0.402,0.45792,27487740.24594997,2018-11-14 23:59:59.999,12587186.01342541,12154,,,0
2018-11-15,0.45817,0.4786,0.41319,0.4747,26809460.45918254,2018-11-15 23:59:59.999,12726450.879973954,10376,,,0
2018-11-16,0.47465,0.48324,0.45736,0.46595,12315873.221709196,2018-11-16 23:59:59.999,5738581.127655399,5149,,,0
2018-11-17,0.46621,0.49862,0.46057,0.487,6483794.807853869,2018-11-17 23:59:59.999,3157608.0714248344,2997,,,0
2018-11-18,0.487,0.51853,0.48575,0.50647,8871393.834810734,2018-11-18 23:59:59.999,4493094.8355165925,4496,,,0
2018-11-19,0.50645,0.50645,0.45991,0.46568,18840036.282037564,2018-11-19 23:59:59.999,8773428.095819252,9166,,,0
2018-11-20,0.46555,0.493,0.4009,0.42352,33253135.74487469,2018-11-20 23:59:59.999,14083368.05066933,15144,,,0
2018-11-21,0.42392,0.5,0.40401,0.44214,16407390.50008867,2018-11-21 23:59:59.999,7254363.635709204,8122,,,0
2018-11-22,0.44211,0.44452,0.41422,0.41662,6472955.077609153,2018-11-22 23:59:59.999,2696762.5444335253,3310,,,0
2018-11-23,0.41662,0.42311,0.38717,0.40165,15982772.671789903,2018-11-23 23:59:59.999,6419480.643624415,7090,,,0
2018-11-24,0.40182,0.413,0.3545,0.365,14420162.807635522,2018-11-24 23:59:59.999,5263359.424786965,7228,,,0
2018-11-25,0.36574,0.38322,0.31228,0.36815,24468448.66718393,2018-11-25 23:59:59.999,9008059.376823762,10661,,,0
2018-11-26,0.36967,0.38438,0.33027,0.35074,18935151.38303757,2018-11-26 23:59:59.999,6641314.996086597,7070,,,0
2018-11-27,0.35111,0.36576,0.33536,0.35604,8812916.394756416,2018-11-27 23:59:59.999,3137750.7531890743,3579,,,0
2018-11-28,0.35593,0.40105,0.35593,0.38852,13414224.80394058,2018-11-28 23:59:59.999,5211694.620826993,5994,,,0
2018-11-29,0.38793,0.39192,0.36703,0.3768,8446264.800297296,2018-11-29 23:59:59.999,3182552.5767520214,3829,,,0
2018-11-30,0.37729,0.38,0.35,0.35869,6887100.064411644,2018-11-30 23:59:59.999,2470333.9221038125,3544,,,0
2018-12-01,0.35869,0.375,0.35121,0.36813,3961484.2478741338,2018-12-01 23:59:59.999,1458341.196169905,2011,,,0
2018-12-02,0.36814,0.37528,0.35973,0.364,3902474.450883296,2018-12-02 23:59:59.999,1420500.7001215196,1827,,,0
2018-12-03,0.36399,0.3647,0.33973,0.34288,10053188.420467164,2018-12-03 23:59:59.999,3447037.2456097817,7097,,,0
2018-12-04,0.34287,0.3599,0.33379,0.34788,12413049.060485955,2018-12-04 23:59:59.999,4318251.507161855,9338,,,0
2018-12-05,0.34801,0.34868,0.33101,0.33202,5075743.3666987,2018-12-05 23:59:59.999,1685248.3126113024,2035,,,0
2018-12-06,0.33204,0.3407,0.301,0.30296,12223049.58948125,2018-12-06 23:59:59.999,3703095.1036292394,4391,,,0
2018-12-07,0.30286,0.3102,0.28602,0.299,14746808.230045114,2018-12-07 23:59:59.999,4409295.660783489,5237,,,0
2018-12-08,0.29873,0.31935,0.28951,0.30098,7211211.98954649,2018-12-08 23:59:59.999,2170430.5846137027,3158,,,0
2018-12-09,0.30056,0.31789,0.29636,0.30834,4792844.025931298,2018-12-09 23:59:59.999,1477825.5269556565,2330,,,0
2018-12-10,0.30877,0.312,0.29109,0.29709,6406060.347312158,2018-12-10 23:59:59.999,1903176.4685829692,2908,,,0
2018-12-11,0.297,0.30687,0.29151,0.29616,4212787.830521342,2018-12-11 23:59:59.999,1247659.2438872007,2313,,,0
2018-12-12,0.29569,0.30906,0.29468,0.30356,5086896.078296851,2018-12-12 23:59:59.999,1544178.173527792,1974,,,0
2018-12-13,0.30331,0.30444,0.29235,0.29559,3713384.902154399,2018-12-13 23:59:59.999,1097639.443227819,1561,,,0
2018-12-14,0.29559,0.29614,0.28,0.28448,6964909.044388974,2018-12-14 23:59:59.999,1981377.3249477753,2758,,,0
2018-12-15,0.2844,0.28756,0.27751,0.28122,5670156.400120295,2018-12-15 23:59:59.999,1594561.3828418294,2296,,,0
2018-12-16,0.28157,0.29196,0.28125,0.28287,2190698.3542955397,2018-12-16 23:59:59.999,619682.8434795793,1330,,,0
2018-12-17,0.28308,0.33655,0.28188,0.32615,14349282.531777011,2018-12-17 23:59:59.999,4680018.497739072,6390,,,0
2018-12-18,0.32615,0.3504,0.3212,0.3504,10323228.82559941,2018-12-18 23:59:59.999,3617259.380490033,3987,,,0
2018-12-19,0.35023,0.39433,0.34102,0.34698,20447420.932792623,2018-12-19 23:59:59.999,7094846.115260384,6616,,,0
2018-12-20,0.3465,0.3888,0.3418,0.37467,14006299.326737365,2018-12-20 23:59:59.999,5247740.168748689,6562,,,0
2018-12-21,0.37392,0.38436,0.34926,0.35428,10639186.475895137,2018-12-21 23:59:59.999,3769250.9846801287,5915,,,0
2018-12-22,0.35424,0.36259,0.345,0.36,7873343.900341076,2018-12-22 23:59:59.999,2834403.804122787,6109,,,0
2018-12-23,0.3607,0.38499,0.35771,0.36812,6611607.6114427,2018-12-23 23:59:59.999,2433864.9939242867,3480,,,0
2018-12-24,0.36812,0.452,0.36812,0.40326,24322476.64429056,2018-12-24 23:59:59.999,9808281.931576611,12567,,,0
2018-12-25,0.40327,0.4056,0.36313,0.37916,16294559.138353946,2018-12-25 23:59:59.999,6178245.042898282,7439,,,0
2018-12-26,0.37829,0.39102,0.35601,0.37564,10752266.15402846,2018-12-26 23:59:59.999,4038981.2580992505,4959,,,0
2018-12-27,0.37564,0.37686,0.32863,0.33579,10303113.815028464,2018-12-27 23:59:59.999,3459682.587948408,4623,,,0
2018-12-28,0.33601,0.38024,0.33298,0.3748,13970906.099063776,2018-12-28 23:59:59.999,5236295.605929104,6894,,,0
2018-12-29,0.37468,0.38374,0.35601,0.35875,9812720.59117392,2018-12-29 23:59:59.999,3520313.512083644,5085,,,0
2018-12-30,0.35876,0.3691,0.35142,0.36759,7371710.458710829,2018-12-30 23:59:59.999,2709767.0475175134,4129,,,0
2018-12-31,0.36776,0.3728,0.34376,0.34785,9335300.517609209,2018-12-31 23:59:59.999,3247284.2850503633,4403,,,0
2019-01-01,0.34718,0.36375,0.34401,0.3632,8144320.936916116,2019-01-01 23:59:59.999,2958017.3642879333,3662,,,0
2019-01-02,0.36379,0.37746,0.35629,0.3716,10136606.669773668,2019-01-02 23:59:59.999,3766763.038487895,4552,,,0
2019-01-03,0.37145,0.37148,0.34922,0.35416,7811771.925008379,2019-01-03 23:59:59.999,2766617.1449609674,4375,,,0
2019-01-04,0.35408,0.36045,0.34613,0.3563,5278051.70463329,2019-01-04 23:59:59.999,1880569.8223608413,3557,,,0
2019-01-05,0.3563,0.36159,0.34724,0.35109,5269560.891395996,2019-01-05 23:59:59.999,1850090.1333602204,3422,,,0
2019-01-06,0.35071,0.369,0.347,0.36492,8544121.023074673,2019-01-06 23:59:59.999,3117920.64374041,4089,,,0
2019-01-07,0.36492,0.376,0.35803,0.36277,9176780.133037943,2019-01-07 23:59:59.999,3329060.5288621746,4360,,,0
2019-01-08,0.36264,0.371,0.358,0.36412,6855032.12129873,2019-01-08 23:59:59.999,2496054.2960072937,2989,,,0
2019-01-09,0.36389,0.37145,0.3589,0.36776,7095665.535582468,2019-01-09 23:59:59.999,2609501.957365808,2639,,,0
2019-01-10,0.36775,0.3822,0.31676,0.32791,27517711.7268137,2019-01-10 23:59:59.999,9023332.85233948,9063,,,0
2019-01-11,0.328,0.33562,0.32244,0.32913,7586054.446554891,2019-01-11 23:59:59.999,2496798.099994611,3495,,,0
2019-01-12,0.32873,0.33521,0.32448,0.32839,3062333.895093681,2019-01-12 23:59:59.999,1005639.8278098139,1423,,,0
2019-01-13,0.32807,0.33196,0.31099,0.31415,7113825.064411885,2019-01-13 23:59:59.999,2234808.1439849935,2540,,,0
2019-01-14,0.31432,0.33862,0.31432,0.33197,9246900.584376436,2019-01-14 23:59:59.999,3069693.586995445,3572,,,0
2019-01-15,0.33207,0.335,0.3195,0.32415,7039765.6533904495,2019-01-15 23:59:59.999,2281940.0365465144,2634,,,0
2019-01-16,0.324,0.33425,0.32277,0.32789,6962021.135370419,2019-01-16 23:59:59.999,2282777.1100766067,2355,,,0
2019-01-17,0.3274,0.3297,0.32099,0.32686,4720953.291666511,2019-01-17 23:59:59.999,1543090.7929141158,1713,,,0
2019-01-18,0.32686,0.32753,0.31744,0.32139,5295916.559385436,2019-01-18 23:59:59.999,1702054.6230208853,1615,,,0
2019-01-19,0.32156,0.33531,0.32085,0.32842,5641007.789541067,2019-01-19 23:59:59.999,1852619.778241077,2337,,,0
2019-01-20,0.32823,0.33,0.31,0.31684,5959472.39302349,2019-01-20 23:59:59.999,1888199.2330055626,2543,,,0
2019-01-21,0.31684,0.32179,0.31315,0.31791,2406636.382187558,2019-01-21 23:59:59.999,765093.7722612466,1464,,,0
2019-01-22,0.31794,0.32292,0.30463,0.31799,5784513.108337935,2019-01-22 23:59:59.999,1839417.32332038,2264,,,0
2019-01-23,0.31794,0.31987,0.31251,0.31458,3973592.6429181094,2019-01-23 23:59:59.999,1250012.773609179,1212,,,0
2019-01-24,0.31458,0.31844,0.3123,0.31519,3233352.15662751,2019-01-24 23:59:59.999,1019120.266247425,1104,,,0
2019-01-25,0.31599,0.317,0.30971,0.31344,4321687.76282443,2019-01-25 23:59:59.999,1354589.8123796894,1203,,,0
2019-01-26,0.31344,0.31802,0.31114,0.31157,3461312.2683825325,2019-01-26 23:59:59.999,1078441.0634599456,1203,,,0
2019-01-27,0.31148,0.31269,0.302,0.305,2450134.704485019,2019-01-27 23:59:59.999,747291.0848679309,1193,,,0
2019-01-28,0.305,0.30564,0.27735,0.2926,12208335.211744277,2019-01-28 23:59:59.999,3572158.882956376,4262,,,0
2019-01-29,0.2926,0.2942,0.28055,0.28558,7312884.743261343,2019-01-29 23:59:59.999,2088413.6249805742,2351,,,0
2019-01-30,0.28552,0.3239,0.28285,0.3188,20457097.21239387,2019-01-30 23:59:59.999,6521722.591311165,6559,,,0
2019-01-31,0.31924,0.33376,0.30155,0.30649,15463576.742864206,2019-01-31 23:59:59.999,4739431.63592045,5331,,,0
2019-02-01,0.30779,0.30895,0.29316,0.304,10776158.633618103,2019-02-01 23:59:59.999,3275952.224619903,3516,,,0
2019-02-02,0.304,0.31108,0.3018,0.30683,4942716.656713248,2019-02-02 23:59:59.999,1516573.751779326,1777,,,0
2019-02-03,0.30728,0.30897,0.294,0.29839,5051054.3864106545,2019-02-03 23:59:59.999,1507184.1183610752,1823,,,0
2019-02-04,0.29839,0.30165,0.2938,0.29484,4413450.137594199,2019-02-04 23:59:59.999,1301261.6385682735,1594,,,0
2019-02-05,0.29477,0.29875,0.2928,0.2958,3800028.6272172895,2019-02-05 23:59:59.999,1124048.4679308743,1591,,,0
2019-02-06,0.29616,0.29727,0.28504,0.28619,12238977.12915379,2019-02-06 23:59:59.999,3502672.8645925233,3482,,,0
2019-02-07,0.28619,0.2905,0.28516,0.28826,5074219.026714869,2019-02-07 23:59:59.999,1462694.376640828,1272,,,0
2019-02-08,0.28791,0.3199,0.28632,0.30823,18865202.09282208,2019-02-08 23:59:59.999,5814821.241070549,5723,,,0
2019-02-09,0.30862,0.31245,0.3043,0.30897,8979139.177339643,2019-02-09 23:59:59.999,2774284.6316226297,2985,,,0
2019-02-10,0.30825,0.30894,0.29603,0.30682,9175011.261656,2019-02-10 23:59:59.999,2815076.9553012936,3062,,,0
2019-02-11,0.307,0.30743,0.29769,0.29874,5327451.230672026,2019-02-11 23:59:59.999,1591522.780650961,2050,,,0
2019-02-12,0.29875,0.304,0.2939,0.3011,8359984.773978711,2019-02-12 23:59:59.999,2517191.4154449897,3077,,,0
2019-02-13,0.3013,0.30941,0.29777,0.301,7844574.904807197,2019-02-13 23:59:59.999,2361217.046346966,2526,,,0
2019-02-14,0.30092,0.30234,0.29711,0.29781,4879007.557806274,2019-02-14 23:59:59.999,1453017.2407902866,1445,,,0
2019-02-15,0.29811,0.30351,0.29373,0.29889,6351488.49687253,2019-02-15 23:59:59.999,1898396.3968302305,1714,,,0
2019-02-16,0.29891,0.30045,0.2972,0.298,3220922.625976138,2019-02-16 23:59:59.999,959834.942540889,1412,,,0
2019-02-17,0.29766,0.3035,0.294,0.29998,6017436.822130488,2019-02-17 23:59:59.999,1805110.697902704,1979,,,0
2019-02-18,0.29939,0.3285,0.29757,0.31951,22476740.35287721,2019-02-18 23:59:59.999,7181543.310147798,7492,,,0
2019-02-19,0.31898,0.34604,0.318,0.32117,21906017.93815801,2019-02-19 23:59:59.999,7035555.781198208,7530,,,0
2019-02-20,0.32151,0.33354,0.31647,0.32929,11687426.596007336,2019-02-20 23:59:59.999,3848552.703799256,3331,,,0
2019-02-21,0.32835,0.33,0.3138,0.317,11158694.576137297,2019-02-21 23:59:59.999,3537306.180635523,3334,,,0
2019-02-22,0.31712,0.32075,0.31283,0.31913,4992985.96426688,2019-02-22 23:59:59.999,1593411.6107764896,2071,,,0
2019-02-23,0.319,0.33372,0.31584,0.33154,9328899.86421302,2019-02-23 23:59:59.999,3092903.4609811846,3666,,,0
2019-02-24,0.33169,0.34192,0.2941,0.29661,25324119.579187717,2019-02-24 23:59:59.999,7511387.108382869,8977,,,0
2019-02-25,0.29624,0.33889,0.29605,0.32646,24788914.85435708,2019-02-25 23:59:59.999,8092589.143353411,9366,,,0
2019-02-26,0.32646,0.334,0.31227,0.31533,11970776.055549454,2019-02-26 23:59:59.999,3774744.8135964093,4668,,,0
2019-02-27,0.31546,0.31753,0.2981,0.30918,9913039.25921302,2019-02-27 23:59:59.999,3064913.478163481,3714,,,0
2019-02-28,0.30895,0.31569,0.30506,0.31267,9295314.061877018,2019-02-28 23:59:59.999,2906365.8477270873,3567,,,0
2019-03-01,0.31247,0.32328,0.3103,0.31454,10982199.4213549,2019-03-01 23:59:59.999,3454341.00599297,4630,,,0
2019-03-02,0.31454,0.31641,0.30832,0.31312,4900826.641251624,2019-03-02 23:59:59.999,1534546.8379087085,2037,,,0
2019-03-03,0.3137,0.31438,0.3067,0.3094,4463642.78107433,2019-03-03 23:59:59.999,1381051.0764643978,2015,,,0
2019-03-04,0.30939,0.3105,0.2972,0.30074,8435150.197987456,2019-03-04 23:59:59.999,2536787.0705427476,3510,,,0
2019-03-05,0.30059,0.31702,0.30023,0.3142,9080923.701927127,2019-03-05 23:59:59.999,2853226.2271455033,3534,,,0
2019-03-06,0.31409,0.31974,0.30878,0.31557,8594934.080907447,2019-03-06 23:59:59.999,2712303.3479119632,3183,,,0
2019-03-07,0.31557,0.31766,0.31076,0.3113,7445745.61447432,2019-03-07 23:59:59.999,2317860.6097858557,2710,,,0
2019-03-08,0.3113,0.31408,0.302,0.30619,5872583.512037367,2019-03-08 23:59:59.999,1798126.3455507213,2224,,,0
2019-03-09,0.30619,0.31674,0.30551,0.31199,5148771.096494099,2019-03-09 23:59:59.999,1606365.094395194,1919,,,0
2019-03-10,0.31199,0.31588,0.3077,0.31156,6426134.250395572,2019-03-10 23:59:59.999,2002126.3870532443,2099,,,0
2019-03-11,0.31158,0.31286,0.307,0.3088,6448348.784062851,2019-03-11 23:59:59.999,1991250.1045186087,1812,,,0
2019-03-12,0.30884,0.3099,0.30442,0.30848,4246235.851993615,2019-03-12 23:59:59.999,1309878.8356229903,1679,,,0
2019-03-13,0.30865,0.32459,0.30606,0.31291,8260210.308538951,2019-03-13 23:59:59.999,2584702.4076449233,3463,,,0
2019-03-14,0.3126,0.31454,0.306,0.30957,5881381.801469395,2019-03-14 23:59:59.999,1820699.3642808807,2250,,,0
2019-03-15,0.30968,0.31552,0.30861,0.31288,3120293.298180111,2019-03-15 23:59:59.999,976277.3671345932,1698,,,0
2019-03-16,0.31319,0.32,0.3024,0.31766,12358518.687327145,2019-03-16 23:59:59.999,3925807.0462163407,4692,,,0
2019-03-17,0.31741,0.31765,0.31283,0.31419,2743480.4667536984,2019-03-17 23:59:59.999,861974.1278493446,1187,,,0
2019-03-18,0.314,0.31817,0.3105,0.31302,3897069.1350945495,2019-03-18 23:59:59.999,1219860.580667296,1989,,,0
2019-03-19,0.31298,0.31523,0.3109,0.31495,3057973.6236959053,2019-03-19 23:59:59.999,963108.7927830254,1516,,,0
2019-03-20,0.31418,0.32,0.3094,0.31668,6079441.944337683,2019-03-20 23:59:59.999,1925237.6749328575,2500,,,0
2019-03-21,0.31719,0.31826,0.30047,0.30908,10559139.741682664,2019-03-21 23:59:59.999,3263618.911359278,3905,,,0
2019-03-22,0.309,0.31155,0.30604,0.30951,2877439.224687582,2019-03-22 23:59:59.999,890596.2144330535,1522,,,0
2019-03-23,0.30981,0.31137,0.30774,0.30965,1837188.4856975111,2019-03-23 23:59:59.999,568885.4145962343,966,,,0
2019-03-24,0.30959,0.30959,0.30305,0.30574,4435121.804554521,2019-03-24 23:59:59.999,1355994.1405244994,1914,,,0
2019-03-25,0.30557,0.30659,0.29791,0.30091,5744842.575246016,2019-03-25 23:59:59.999,1728680.5793172787,2535,,,0
2019-03-26,0.3009,0.30164,0.29109,0.30088,8165733.850618134,2019-03-26 23:59:59.999,2456906.000973984,3033,,,0
2019-03-27,0.30105,0.31,0.29819,0.30876,8167169.515755535,2019-03-27 23:59:59.999,2521695.2596846786,3488,,,0
2019-03-28,0.30882,0.3091,0.30317,0.305,3671607.8818128007,2019-03-28 23:59:59.999,1119840.4039529043,1742,,,0
2019-03-29,0.30504,0.30941,0.3027,0.307,5260887.360294076,2019-03-29 23:59:59.999,1615092.4196102812,2474,,,0
2019-03-30,0.30698,0.3169,0.30635,0.30994,7181895.321184611,2019-03-30 23:59:59.999,2225956.6358479583,2772,,,0
2019-03-31,0.30989,0.3105,0.307,0.30811,2267483.688042951,2019-03-31 23:59:59.999,698634.3991229136,1161,,,0
2019-04-01,0.30808,0.31343,0.30712,0.31208,3137230.4591067787,2019-04-01 23:59:59.999,979066.8816780436,1589,,,0
2019-04-02,0.31189,0.36,0.31103,0.35334,44818244.27638701,2019-04-02 23:59:59.999,15836078.432618586,15650,,,0
2019-04-03,0.35341,0.375,0.328,0.34206,40382997.74895289,2019-04-03 23:59:59.999,13813408.210006824,14961,,,0
2019-04-04,0.34214,0.34917,0.32561,0.33072,14891556.054493029,2019-04-04 23:59:59.999,4924935.418341935,6431,,,0
2019-04-05,0.33083,0.37906,0.33083,0.3637,28857740.46519241,2019-04-05 23:59:59.999,10495560.20719048,10553,,,0
2019-04-06,0.36299,0.3635,0.3476,0.35253,11432561.431795375,2019-04-06 23:59:59.999,4030320.881550824,3720,,,0
2019-04-07,0.3522,0.36591,0.35087,0.36289,6374603.645477687,2019-04-07 23:59:59.999,2313279.9169073976,2987,,,0
2019-04-08,0.3616,0.37041,0.34952,0.35882,10965904.995495014,2019-04-08 23:59:59.999,3934786.0304835206,4488,,,0
2019-04-09,0.35909,0.35909,0.34872,0.35,5180583.088516362,2019-04-09 23:59:59.999,1813204.0809807265,2211,,,0
2019-04-10,0.35,0.36109,0.349,0.35424,6759145.243632673,2019-04-10 23:59:59.999,2394359.611104438,2958,,,0
2019-04-11,0.35425,0.35475,0.322,0.32947,18843647.2227472,2019-04-11 23:59:59.999,6208416.450478519,7417,,,0
2019-04-12,0.32915,0.33031,0.318,0.32556,6868404.5197959235,2019-04-12 23:59:59.999,2236077.775464761,2824,,,0
2019-04-13,0.32498,0.33687,0.32254,0.32613,5216189.2986524515,2019-04-13 23:59:59.999,1701155.815969524,2123,,,0
2019-04-14,0.32647,0.33103,0.322,0.32954,2655608.369994704,2019-04-14 23:59:59.999,875129.1822480548,1501,,,0
2019-04-15,0.32954,0.33264,0.31341,0.31932,7491364.872356105,2019-04-15 23:59:59.999,2392142.6310407515,3540,,,0
2019-04-16,0.31916,0.32657,0.31594,0.3256,5526407.566523655,2019-04-16 23:59:59.999,1799398.3036601022,2148,,,0
2019-04-17,0.32566,0.34187,0.3207,0.33535,17017480.92337803,2019-04-17 23:59:59.999,5706812.227654822,4552,,,0
2019-04-18,0.33532,0.3488,0.33381,0.3365,8526489.469685577,2019-04-18 23:59:59.999,2869163.706549197,2766,,,0
2019-04-19,0.33633,0.33633,0.32725,0.33198,4242794.542942213,2019-04-19 23:59:59.999,1408522.9323659558,1586,,,0
2019-04-20,0.33205,0.33443,0.32305,0.32807,4491808.250039354,2019-04-20 23:59:59.999,1473627.5325904107,1631,,,0
2019-04-21,0.3282,0.32965,0.3176,0.32184,7724350.038330857,2019-04-21 23:59:59.999,2486004.816336403,4582,,,0
2019-04-22,0.32191,0.33266,0.31855,0.32409,8072670.683045778,2019-04-22 23:59:59.999,2616271.8416683064,3874,,,0
2019-04-23,0.32427,0.3283,0.32007,0.32008,7828377.208516798,2019-04-23 23:59:59.999,2505706.9769020565,3306,,,0
2019-04-24,0.32044,0.32145,0.2902,0.30099,21865579.44601436,2019-04-24 23:59:59.999,6581320.757455861,10463,,,0
2019-04-25,0.30099,0.30803,0.27959,0.2864,13324576.451057598,2019-04-25 23:59:59.999,3816158.695582896,4690,,,0
2019-04-26,0.286,0.2953,0.28222,0.29379,9353793.706314707,2019-04-26 23:59:59.999,2748051.0529781976,3882,,,0
2019-04-27,0.29498,0.29596,0.29029,0.29222,3447419.108063651,2019-04-27 23:59:59.999,1007404.81175836,1526,,,0
2019-04-28,0.2922,0.29548,0.28757,0.29083,4072148.5800366313,2019-04-28 23:59:59.999,1184302.9715320533,1555,,,0
2019-04-29,0.29067,0.29493,0.28362,0.28794,7775722.663473534,2019-04-29 23:59:59.999,2238941.5837205695,2529,,,0
2019-04-30,0.28863,0.30839,0.28759,0.30511,13052765.51832216,2019-04-30 23:59:59.999,3982529.2872952744,3710,,,0
2019-05-01,0.30554,0.30896,0.29562,0.29916,6891880.274694898,2019-05-01 23:59:59.999,2061774.9029777257,2304,,,0
2019-05-02,0.3,0.30169,0.29502,0.29658,3430897.4167986307,2019-05-02 23:59:59.999,1017535.5558741379,1322,,,0
2019-05-03,0.2965,0.30741,0.29495,0.30206,7057520.62426837,2019-05-03 23:59:59.999,2131794.6797665036,2916,,,0
2019-05-04,0.30199,0.3125,0.29462,0.29977,7375231.656753422,2019-05-04 23:59:59.999,2210873.1937449733,2262,,,0
2019-05-05,0.29959,0.30113,0.29555,0.29731,2959462.103477378,2019-05-05 23:59:59.999,879877.6779848593,940,,,0
2019-05-06,0.29752,0.30619,0.29164,0.3,7160149.281165556,2019-05-06 23:59:59.999,2148044.784349667,1924,,,0
2019-05-07,0.3,0.304,0.29275,0.29363,6010399.903816346,2019-05-07 23:59:59.999,1764833.7237575937,1901,,,0
2019-05-08,0.29389,0.29889,0.29117,0.29705,3842047.0569103393,2019-05-08 23:59:59.999,1141280.0782552161,1475,,,0
2019-05-09,0.29711,0.29971,0.29013,0.29309,4493533.408222289,2019-05-09 23:59:59.999,1317009.7066158708,1947,,,0
2019-05-10,0.29337,0.301,0.29035,0.29773,8216657.8460895885,2019-05-10 23:59:59.999,2446345.540516253,2595,,,0
2019-05-11,0.29766,0.34098,0.29697,0.32259,31098614.722142056,2019-05-11 23:59:59.999,10032102.123215806,11735,,,0
2019-05-12,0.32221,0.3315,0.30206,0.31071,24422432.1522966,2019-05-12 23:59:59.999,7588293.894040076,7774,,,0
2019-05-13,0.30983,0.3321,0.30772,0.3243,22969118.25022887,2019-05-13 23:59:59.999,7448885.048549222,7747,,,0
2019-05-14,0.3244,0.42444,0.32299,0.40853,106361421.03578249,2019-05-14 23:59:59.999,43451831.33574822,35823,,,0
2019-05-15,0.4082,0.469,0.4069,0.45943,64814991.26727177,2019-05-15 23:59:59.999,29777951.43792267,19116,,,0
2019-05-16,0.45887,0.48,0.374,0.4201,60158396.55931567,2019-05-16 23:59:59.999,25272542.39456851,20511,,,0
2019-05-17,0.41993,0.42496,0.358,0.39029,51470037.02245265,2019-05-17 23:59:59.999,20088240.749493048,16836,,,0
2019-05-18,0.38958,0.395,0.36322,0.37213,14080000.971050292,2019-05-18 23:59:59.999,5239590.761356945,4961,,,0
2019-05-19,0.3722,0.42969,0.37045,0.41877,27070364.13173499,2019-05-19 23:59:59.999,11336256.38744666,9515,,,0
2019-05-20,0.41877,0.41877,0.38,0.3997,21545346.04789659,2019-05-20 23:59:59.999,8611674.815344267,6745,,,0
2019-05-21,0.39971,0.40915,0.38772,0.39752,14187005.254201151,2019-05-21 23:59:59.999,5639618.3286500415,5043,,,0
2019-05-22,0.39749,0.41345,0.36471,0.3719,25564607.94649905,2019-05-22 23:59:59.999,9507477.695302997,8443,,,0
2019-05-23,0.37099,0.38494,0.36116,0.38013,18889719.531867363,2019-05-23 23:59:59.999,7180549.085648741,5253,,,0
2019-05-24,0.38077,0.3955,0.37155,0.384,18773868.56677466,2019-05-24 23:59:59.999,7209165.529641469,4623,,,0
2019-05-25,0.38358,0.39795,0.38228,0.38776,6950327.557198668,2019-05-25 23:59:59.999,2695059.0135793556,2765,,,0
2019-05-26,0.38735,0.41578,0.3763,0.41001,20562751.714403916,2019-05-26 23:59:59.999,8430933.83042275,6495,,,0
2019-05-27,0.40944,0.44771,0.40638,0.43443,27066461.204621542,2019-05-27 23:59:59.999,11758482.741123736,9765,,,0
2019-05-28,0.434,0.46,0.39,0.44915,37790240.18941658,2019-05-28 23:59:59.999,16973486.381076455,11765,,,0
2019-05-29,0.4489,0.45746,0.42029,0.44427,23823908.86286995,2019-05-29 23:59:59.999,10584247.990507232,8585,,,0
2019-05-30,0.44426,0.478,0.4,0.41903,52377984.58742981,2019-05-30 23:59:59.999,21947946.881670713,18897,,,0
2019-05-31,0.4185,0.44153,0.40613,0.43844,18649224.100739885,2019-05-31 23:59:59.999,8176565.814728395,8074,,,0
2019-06-01,0.4375,0.44173,0.41738,0.42932,12679641.910129417,2019-06-01 23:59:59.999,5443623.864856761,4825,,,0
2019-06-02,0.42912,0.44749,0.42845,0.44509,10297319.980072288,2019-06-02 23:59:59.999,4583234.149930375,4013,,,0
2019-06-03,0.44433,0.46459,0.41721,0.41767,31575066.076134436,2019-06-03 23:59:59.999,13187957.848019069,9507,,,0
2019-06-04,0.41767,0.4435,0.384,0.39746,34883699.03639146,2019-06-04 23:59:59.999,13864875.01900415,12490,,,0
2019-06-05,0.398,0.40601,0.38788,0.4009,19770991.0229814,2019-06-05 23:59:59.999,7926190.301113243,6161,,,0
2019-06-06,0.39948,0.42692,0.3916,0.42031,24554412.154299196,2019-06-06 23:59:59.999,10320464.972573495,7138,,,0
2019-06-07,0.41991,0.432,0.41567,0.42086,15869849.595570538,2019-06-07 23:59:59.999,6678984.900791817,4843,,,0
2019-06-08,0.42013,0.42281,0.40251,0.40838,8141640.442747856,2019-06-08 23:59:59.999,3324883.1240093694,3151,,,0
2019-06-09,0.40861,0.41149,0.36821,0.3854,23692762.21975531,2019-06-09 23:59:59.999,9131190.559493696,7217,,,0
2019-06-10,0.38522,0.405,0.38021,0.40138,17786164.03595566,2019-06-10 23:59:59.999,7139010.520751883,4756,,,0
2019-06-11,0.40166,0.40391,0.38318,0.39386,11619193.204879472,2019-06-11 23:59:59.999,4576335.435673829,3398,,,0
2019-06-12,0.39385,0.40474,0.38863,0.4029,12216802.57338281,2019-06-12 23:59:59.999,4922149.756815934,3464,,,0
2019-06-13,0.4029,0.41,0.3953,0.3997,9622502.423248917,2019-06-13 23:59:59.999,3846114.218572592,2913,,,0
2019-06-14,0.3997,0.40571,0.39196,0.40394,10482603.54282271,2019-06-14 23:59:59.999,4234342.875087805,3335,,,0
2019-06-15,0.40426,0.41414,0.40276,0.41103,7786309.015370104,2019-06-15 23:59:59.999,3200406.5945875742,2882,,,0
2019-06-16,0.41055,0.442,0.40852,0.429,24276909.31283265,2019-06-16 23:59:59.999,10414794.095205206,9243,,,0
2019-06-17,0.42809,0.46289,0.42675,0.44774,23084835.83481374,2019-06-17 23:59:59.999,10336004.396679504,8791,,,0
2019-06-18,0.44843,0.45583,0.41744,0.42715,24774113.35630609,2019-06-18 23:59:59.999,10582262.520146146,8136,,,0
2019-06-19,0.42742,0.43913,0.42439,0.43489,12028479.525268674,2019-06-19 23:59:59.999,5231065.460744093,3742,,,0
2019-06-20,0.43458,0.43634,0.42127,0.42999,13450761.189055394,2019-06-20 23:59:59.999,5783692.803681929,4624,,,0
2019-06-21,0.43056,0.45,0.43056,0.445,14263309.768007156,2019-06-21 23:59:59.999,6347172.846763184,5711,,,0
2019-06-22,0.445,0.50861,0.4422,0.47403,38332481.01516371,2019-06-22 23:59:59.999,18170745.975618053,15489,,,0
2019-06-23,0.4733,0.48832,0.45939,0.46612,17249733.903598316,2019-06-23 23:59:59.999,8040445.967145246,7142,,,0
2019-06-24,0.46601,0.47426,0.4455,0.47236,16785034.931953408,2019-06-24 23:59:59.999,7928579.100457512,6367,,,0
2019-06-25,0.47213,0.4751,0.45486,0.46612,19147113.449226137,2019-06-25 23:59:59.999,8924852.520953286,7038,,,0
2019-06-26,0.46637,0.495,0.39,0.46268,52225039.646844454,2019-06-26 23:59:59.999,24163481.34380199,20050,,,0
2019-06-27,0.46197,0.46734,0.38709,0.40413,63179156.005349904,2019-06-27 23:59:59.999,25532592.316442057,20135,,,0
2019-06-28,0.40423,0.42517,0.3965,0.42469,18776697.3514341,2019-06-28 23:59:59.999,7974275.598180548,6816,,,0
2019-06-29,0.42446,0.42743,0.4002,0.42477,19011843.913117778,2019-06-29 23:59:59.999,8075660.938975038,6022,,,0
2019-06-30,0.42511,0.42698,0.39116,0.39216,13916347.391652258,2019-06-30 23:59:59.999,5457434.793110349,4749,,,0
2019-07-01,0.39224,0.41891,0.385,0.405,18871294.04528482,2019-07-01 23:59:59.999,7642874.088340352,6035,,,0
2019-07-02,0.40487,0.4088,0.38132,0.39776,20090657.455847055,2019-07-02 23:59:59.999,7991259.909637725,5827,,,0
2019-07-03,0.39799,0.40682,0.39504,0.40591,12872221.257366536,2019-07-03 23:59:59.999,5224963.330577651,4198,,,0
2019-07-04,0.40594,0.40633,0.38574,0.38708,6824391.982079236,2019-07-04 23:59:59.999,2641585.6484232303,2893,,,0
2019-07-05,0.38701,0.38776,0.374,0.3794,15411302.681600856,2019-07-05 23:59:59.999,5847048.237399365,4234,,,0
2019-07-06,0.37955,0.41083,0.37955,0.38923,12562020.651413737,2019-07-06 23:59:59.999,4889515.298149769,3389,,,0
2019-07-07,0.38923,0.40126,0.38651,0.39899,8587748.166930765,2019-07-07 23:59:59.999,3426425.641123706,2328,,,0
2019-07-08,0.39877,0.4047,0.39332,0.40276,8640989.267066445,2019-07-08 23:59:59.999,3480244.8372036815,3006,,,0
2019-07-09,0.40217,0.40791,0.39,0.39426,9184774.857790615,2019-07-09 23:59:59.999,3621189.335432528,3632,,,0
2019-07-10,0.39333,0.3969,0.346,0.36114,28520387.74731837,2019-07-10 23:59:59.999,10299852.831066556,9839,,,0
2019-07-11,0.36113,0.36254,0.30303,0.32936,27806868.718313675,2019-07-11 23:59:59.999,9158470.281063791,10315,,,0
2019-07-12,0.32913,0.35041,0.31922,0.3448,15424935.237153163,2019-07-12 23:59:59.999,5318517.66977041,6261,,,0
2019-07-13,0.3448,0.34523,0.32401,0.33203,9825848.526793243,2019-07-13 23:59:59.999,3262476.4863511603,3257,,,0
2019-07-14,0.33227,0.33555,0.3,0.31506,12678746.606040863,2019-07-14 23:59:59.999,3994565.9056992345,6022,,,0
2019-07-15,0.31425,0.32362,0.29566,0.31378,18338937.432099555,2019-07-15 23:59:59.999,5754391.7874441985,5265,,,0
2019-07-16,0.31329,0.32032,0.2835,0.2951,19808672.774541415,2019-07-16 23:59:59.999,5845539.335767171,6629,,,0
2019-07-17,0.2978,0.32487,0.29344,0.31029,13563627.866745038,2019-07-17 23:59:59.999,4208658.090772318,5226,,,0
2019-07-18,0.311,0.32734,0.30372,0.32098,13758558.469210746,2019-07-18 23:59:59.999,4416222.097447265,4861,,,0
2019-07-19,0.32117,0.32287,0.31,0.32022,12277147.783713272,2019-07-19 23:59:59.999,3931388.263300664,3316,,,0
2019-07-20,0.31988,0.34189,0.31916,0.33349,11145432.897412494,2019-07-20 23:59:59.999,3716890.4169580927,3165,,,0
2019-07-21,0.33308,0.33552,0.32142,0.33127,17351703.261480678,2019-07-21 23:59:59.999,5748098.739430704,3822,,,0
2019-07-22,0.33237,0.33242,0.31551,0.32086,7483761.167909299,2019-07-22 23:59:59.999,2401239.6083353776,2251,,,0
2019-07-23,0.32063,0.32063,0.3058,0.30784,8312933.904171876,2019-07-23 23:59:59.999,2559053.5730602704,2728,,,0
2019-07-24,0.30702,0.3185,0.30276,0.31611,8802360.01005772,2019-07-24 23:59:59.999,2782514.0227793455,2998,,,0
2019-07-25,0.31545,0.32386,0.31156,0.313,11051515.510281252,2019-07-25 23:59:59.999,3459124.354718032,2834,,,0
2019-07-26,0.31339,0.32552,0.30768,0.32391,8408533.613478899,2019-07-26 23:59:59.999,2723608.1227419497,2670,,,0
2019-07-27,0.323,0.32799,0.3056,0.30967,11260332.559642358,2019-07-27 23:59:59.999,3486987.1837444487,3085,,,0
2019-07-28,0.30979,0.31432,0.29918,0.31162,6424178.7159160115,2019-07-28 23:59:59.999,2001902.5714537476,2411,,,0
2019-07-29,0.31176,0.31425,0.3054,0.31017,5758971.309588866,2019-07-29 23:59:59.999,1786260.1310951787,1632,,,0
2019-07-30,0.30984,0.322,0.30638,0.31867,6633394.990648398,2019-07-30 23:59:59.999,2113863.981669925,2528,,,0
2019-07-31,0.3187,0.324,0.31403,0.31997,7037107.921715283,2019-07-31 23:59:59.999,2251663.421711239,2023,,,0
2019-08-01,0.31981,0.31981,0.31179,0.31656,5530287.129982092,2019-08-01 23:59:59.999,1750667.6938671311,1524,,,0
2019-08-02,0.31672,0.31798,0.30943,0.31144,4469917.1039279,2019-08-02 23:59:59.999,1392110.9828473052,1509,,,0
2019-08-03,0.31174,0.31798,0.31127,0.31598,3766905.755303547,2019-08-03 23:59:59.999,1190266.8805608146,1209,,,0
2019-08-04,0.31615,0.32345,0.3123,0.31938,4929140.964597172,2019-08-04 23:59:59.999,1574269.041273045,1954,,,0
2019-08-05,0.31994,0.33171,0.3196,0.32144,7997125.120860194,2019-08-05 23:59:59.999,2570595.8988493006,3130,,,0
2019-08-06,0.32155,0.3247,0.30646,0.31103,9698256.898009287,2019-08-06 23:59:59.999,3016448.8429878284,2868,,,0
2019-08-07,0.31089,0.3158,0.30654,0.31098,7708269.651409027,2019-08-07 23:59:59.999,2397117.696195179,2402,,,0
2019-08-08,0.31091,0.31144,0.3037,0.308,6472290.417993616,2019-08-08 23:59:59.999,1993465.448742034,2231,,,0
2019-08-09,0.30815,0.30836,0.2894,0.29617,9627121.824437026,2019-08-09 23:59:59.999,2851264.670743514,3171,,,0
2019-08-10,0.29592,0.30531,0.291,0.29812,8309487.507031585,2019-08-10 23:59:59.999,2477224.415596256,2856,,,0
2019-08-11,0.29823,0.30604,0.29435,0.30216,5494460.719516049,2019-08-11 23:59:59.999,1660206.2510089693,2130,,,0
2019-08-12,0.30248,0.30494,0.29764,0.30033,4173070.963764772,2019-08-12 23:59:59.999,1253298.4025474738,1156,,,0
2019-08-13,0.30056,0.30067,0.29186,0.2969,6044891.19237385,2019-08-13 23:59:59.999,1794728.1950157962,1693,,,0
2019-08-14,0.29687,0.29745,0.23355,0.26189,32208160.991567045,2019-08-14 23:59:59.999,8434995.282081494,9976,,,0
2019-08-15,0.26301,0.26843,0.24856,0.26454,18325300.07328604,2019-08-15 23:59:59.999,4847774.881387089,5568,,,0
2019-08-16,0.26376,0.26503,0.25442,0.26111,9759005.284032471,2019-08-16 23:59:59.999,2548173.8697137185,2963,,,0
2019-08-17,0.2611,0.26953,0.25811,0.26593,9362872.388956426,2019-08-17 23:59:59.999,2489868.654395182,2048,,,0
2019-08-18,0.26603,0.292,0.26366,0.28321,13633044.988417566,2019-08-18 23:59:59.999,3861014.671169739,3305,,,0
2019-08-19,0.2835,0.29065,0.27626,0.28232,10350159.330587484,2019-08-19 23:59:59.999,2922056.9822114585,3256,,,0
2019-08-20,0.2825,0.2825,0.27005,0.27406,5335717.530630799,2019-08-20 23:59:59.999,1462306.746444677,1919,,,0
2019-08-21,0.27407,0.30999,0.25794,0.26571,9356993.047917755,2019-08-21 23:59:59.999,2486246.622762227,3129,,,0
2019-08-22,0.26601,0.27416,0.26044,0.27132,10305119.21121247,2019-08-22 23:59:59.999,2795984.944386167,2706,,,0
2019-08-23,0.27067,0.27883,0.26779,0.27744,6188869.1870902525,2019-08-23 23:59:59.999,1717039.8672663197,2405,,,0
2019-08-24,0.27745,0.27798,0.26301,0.27166,6844469.425283106,2019-08-24 23:59:59.999,1859368.5640724087,2152,,,0
2019-08-25,0.27191,0.2763,0.26601,0.26985,7355971.657875104,2019-08-25 23:59:59.999,1985008.9518775966,2066,,,0
2019-08-26,0.27008,0.28053,0.26649,0.27011,8632938.380151967,2019-08-26 23:59:59.999,2331842.985862848,2487,,,0
2019-08-27,0.27021,0.27021,0.26404,0.26911,3899056.571391305,2019-08-27 23:59:59.999,1049275.113927114,1393,,,0
2019-08-28,0.26849,0.26923,0.24602,0.25627,11648475.25344658,2019-08-28 23:59:59.999,2985154.7532007555,3831,,,0
2019-08-29,0.25584,0.26234,0.24719,0.25693,14508992.852589116,2019-08-29 23:59:59.999,3727795.5336157214,4173,,,0
2019-08-30,0.25703,0.2572,0.25246,0.25546,4060414.09270876,2019-08-30 23:59:59.999,1037273.38412338,1749,,,0
2019-08-31,0.25527,0.26049,0.25308,0.25799,4052170.194297266,2019-08-31 23:59:59.999,1045419.3884267517,1291,,,0
2019-09-01,0.25785,0.25896,0.25094,0.2566,4963039.250258472,2019-09-01 23:59:59.999,1273515.871616324,1337,,,0
2019-09-02,0.25689,0.2651,0.25377,0.26166,6173359.755545062,2019-09-02 23:59:59.999,1615321.3136359209,1900,,,0
2019-09-03,0.26192,0.2673,0.25849,0.26321,5152004.267175934,2019-09-03 23:59:59.999,1356059.0431633776,1790,,,0
2019-09-04,0.26268,0.26285,0.25635,0.25883,7412718.13488823,2019-09-04 23:59:59.999,1918633.8348531206,2220,,,0
2019-09-05,0.25859,0.25907,0.25262,0.25623,5292889.142108143,2019-09-05 23:59:59.999,1356196.9848823696,2121,,,0
2019-09-06,0.25638,0.25995,0.24704,0.25153,7387216.058118816,2019-09-06 23:59:59.999,1858106.4550986257,2640,,,0
2019-09-07,0.25134,0.2635,0.25058,0.26048,7974247.098947656,2019-09-07 23:59:59.999,2077131.8843338855,2459,,,0
2019-09-08,0.26043,0.26638,0.2547,0.2625,10955349.815489728,2019-09-08 23:59:59.999,2875779.3265660536,2782,,,0
2019-09-09,0.26253,0.26492,0.25651,0.25877,9371041.733995732,2019-09-09 23:59:59.999,2424944.4695060756,2325,,,0
2019-09-10,0.25841,0.26358,0.2531,0.25854,8825734.68757277,2019-09-10 23:59:59.999,2281805.446125064,2971,,,0
2019-09-11,0.25856,0.25992,0.25101,0.25534,4965662.996600376,2019-09-11 23:59:59.999,1267932.3895519401,1988,,,0
2019-09-12,0.25557,0.25683,0.25059,0.25397,8377479.876667675,2019-09-12 23:59:59.999,2127628.564277289,2419,,,0
2019-09-13,0.25415,0.25606,0.25224,0.25594,5306749.608270721,2019-09-13 23:59:59.999,1358209.4947408081,1408,,,0
2019-09-14,0.25594,0.2652,0.25449,0.26188,6796946.359692089,2019-09-14 23:59:59.999,1779984.3126761643,1918,,,0
2019-09-15,0.26232,0.26443,0.25917,0.26043,4210364.367314348,2019-09-15 23:59:59.999,1096505.1921796757,1133,,,0
2019-09-16,0.26063,0.26354,0.25658,0.26112,7709818.989498403,2019-09-16 23:59:59.999,2013187.934537823,2131,,,0
2019-09-17,0.26139,0.29921,0.25992,0.28556,48460715.45915808,2019-09-17 23:59:59.999,13838441.90651718,11153,,,0
2019-09-18,0.28551,0.327,0.28539,0.31356,48588431.24289793,2019-09-18 23:59:59.999,15235388.500523074,11181,,,0
2019-09-19,0.31335,0.31335,0.282,0.3017,45104933.974656776,2019-09-19 23:59:59.999,13608158.58015395,10168,,,0
2019-09-20,0.30208,0.30208,0.284,0.29363,19757076.204446267,2019-09-20 23:59:59.999,5801270.285911557,4536,,,0
2019-09-21,0.29372,0.29768,0.286,0.28953,10050641.994928556,2019-09-21 23:59:59.999,2909962.376791665,2726,,,0
2019-09-22,0.28953,0.28971,0.26826,0.2765,16752034.43309373,2019-09-22 23:59:59.999,4631937.520750416,4054,,,0
2019-09-23,0.27696,0.2864,0.26414,0.26741,19510722.47753614,2019-09-23 23:59:59.999,5217362.297717938,6596,,,0
2019-09-24,0.26729,0.27278,0.20584,0.23392,55242524.10993418,2019-09-24 23:59:59.999,12922331.239795802,14499,,,0
2019-09-25,0.2339,0.24977,0.23176,0.24561,16093013.834257796,2019-09-25 23:59:59.999,3952605.1278320574,4872,,,0
2019-09-26,0.24568,0.2499,0.22407,0.24263,19198010.96083858,2019-09-26 23:59:59.999,4658013.399428264,5101,,,0
2019-09-27,0.24353,0.24743,0.23318,0.24277,21146355.032416355,2019-09-27 23:59:59.999,5133700.611219719,4639,,,0
2019-09-28,0.2433,0.24507,0.23782,0.24231,7647509.264701354,2019-09-28 23:59:59.999,1853067.9699297852,1841,,,0
2019-09-29,0.24226,0.24273,0.23494,0.24043,8508577.535760457,2019-09-29 23:59:59.999,2045717.2969228867,2085,,,0
2019-09-30,0.24029,0.26176,0.23528,0.25674,24862639.22554639,2019-09-30 23:59:59.999,6383233.994766781,5780,,,0
2019-10-01,0.25705,0.2615,0.24374,0.24796,16378070.54841782,2019-10-01 23:59:59.999,4061106.3731856826,3727,,,0
2019-10-02,0.24891,0.25501,0.2447,0.25349,17027514.785989836,2019-10-02 23:59:59.999,4316304.7231005635,4048,,,0
2019-10-03,0.2535,0.254,0.24102,0.24703,13804738.378042605,2019-10-03 23:59:59.999,3410184.5215278645,3916,,,0
2019-10-04,0.24747,0.25725,0.24506,0.25283,9304730.731210144,2019-10-04 23:59:59.999,2352515.070771861,2924,,,0
2019-10-05,0.25302,0.25682,0.24712,0.25375,6823098.6674752375,2019-10-05 23:59:59.999,1731361.2868718414,2281,,,0
2019-10-06,0.25403,0.25661,0.25102,0.25554,6472669.893899958,2019-10-06 23:59:59.999,1654026.064687195,2650,,,0
2019-10-07,0.25571,0.28219,0.25373,0.27646,30262196.43712838,2019-10-07 23:59:59.999,8366286.827008512,7936,,,0
2019-10-08,0.27629,0.28558,0.27123,0.27777,15018873.951778032,2019-10-08 23:59:59.999,4171792.6175853843,5172,,,0
2019-10-09,0.27765,0.28725,0.27351,0.28186,13544338.382587714,2019-10-09 23:59:59.999,3817607.216516173,4391,,,0
2019-10-10,0.28213,0.28229,0.2651,0.2711,9505802.719208265,2019-10-10 23:59:59.999,2577023.1171773607,3065,,,0
2019-10-11,0.27098,0.27624,0.26523,0.26772,10173138.321866244,2019-10-11 23:59:59.999,2723552.591530031,3892,,,0
2019-10-12,0.26777,0.27738,0.26777,0.27264,5572262.864135997,2019-10-12 23:59:59.999,1519221.7472780382,2123,,,0
2019-10-13,0.27268,0.2821,0.27174,0.27752,7289738.33287923,2019-10-13 23:59:59.999,2023048.182140644,2650,,,0
2019-10-14,0.27751,0.298,0.27685,0.29772,19318750.656734567,2019-10-14 23:59:59.999,5751578.445523015,5644,,,0
2019-10-15,0.29768,0.29927,0.28268,0.28827,15979665.004754247,2019-10-15 23:59:59.999,4606458.030920507,4610,,,0
2019-10-16,0.2886,0.292,0.27813,0.2836,13625456.40946573,2019-10-16 23:59:59.999,3864179.4377244813,4409,,,0
2019-10-17,0.28342,0.3041,0.28005,0.30176,22779246.46885434,2019-10-17 23:59:59.999,6873865.414441486,5677,,,0
2019-10-18,0.30165,0.31,0.28465,0.29447,23005192.843208645,2019-10-18 23:59:59.999,6774339.13653965,6354,,,0
2019-10-19,0.29443,0.2992,0.28712,0.29172,9437498.646382367,2019-10-19 23:59:59.999,2753107.105122664,3514,,,0
2019-10-20,0.29205,0.29753,0.28121,0.29407,9596536.591513015,2019-10-20 23:59:59.999,2822053.5154662323,3306,,,0
2019-10-21,0.29453,0.29574,0.28874,0.2926,8600137.929871313,2019-10-21 23:59:59.999,2516400.3582803463,2541,,,0
2019-10-22,0.29259,0.30323,0.27215,0.29043,14918756.836645829,2019-10-22 23:59:59.999,4332854.548067048,4032,,,0
2019-10-23,0.29053,0.29133,0.24727,0.27361,25458963.43889785,2019-10-23 23:59:59.999,6965826.986516842,7650,,,0
2019-10-24,0.27314,0.28089,0.26611,0.27671,8385861.020783765,2019-10-24 23:59:59.999,2320451.603061076,3894,,,0
2019-10-25,0.27669,0.30854,0.2751,0.29856,21222977.75628562,2019-10-25 23:59:59.999,6336332.238916635,6433,,,0
2019-10-26,0.29899,0.31497,0.2836,0.2945,24306704.95674457,2019-10-26 23:59:59.999,7158324.609761275,8354,,,0
2019-10-27,0.29474,0.30334,0.2909,0.29919,12137142.792623596,2019-10-27 23:59:59.999,3631311.752125054,3873,,,0
2019-10-28,0.29896,0.30603,0.29427,0.29437,12362518.128625007,2019-10-28 23:59:59.999,3639154.461523344,3966,,,0
2019-10-29,0.29478,0.30997,0.29266,0.30263,22733720.099294987,2019-10-29 23:59:59.999,6879905.713649642,4608,,,0
2019-10-30,0.30257,0.30648,0.29047,0.29523,9166857.031546565,2019-10-30 23:59:59.999,2706331.2014234923,3389,,,0
2019-10-31,0.29533,0.29885,0.28518,0.2946,11198193.87452745,2019-10-31 23:59:59.999,3298987.915435787,3579,,,0
2019-11-01,0.2946,0.29461,0.2845,0.29197,8447670.129661992,2019-11-01 23:59:59.999,2466466.247757412,2965,,,0
2019-11-02,0.2921,0.298,0.29186,0.2952,8864529.842702245,2019-11-02 23:59:59.999,2616809.209565703,2449,,,0
2019-11-03,0.29571,0.29615,0.28897,0.29009,10655287.287253076,2019-11-03 23:59:59.999,3090992.289159245,2397,,,0
2019-11-04,0.29021,0.30088,0.28933,0.29959,9185567.489943992,2019-11-04 23:59:59.999,2751904.1643123208,3096,,,0
2019-11-05,0.29949,0.30564,0.295,0.30094,11146980.874933992,2019-11-05 23:59:59.999,3354572.4245026354,3509,,,0
2019-11-06,0.30107,0.31426,0.29713,0.31043,11502934.80819793,2019-11-06 23:59:59.999,3570856.052508883,3050,,,0
2019-11-07,0.3104,0.31497,0.27459,0.29009,23818997.793117248,2019-11-07 23:59:59.999,6909653.069805383,6401,,,0
2019-11-08,0.29025,0.29061,0.2702,0.27501,17316418.156571545,2019-11-08 23:59:59.999,4762188.1572387405,4198,,,0
2019-11-09,0.275,0.2823,0.2746,0.28018,11302645.521979544,2019-11-09 23:59:59.999,3166775.2223482286,2634,,,0
2019-11-10,0.28044,0.285,0.277,0.27882,9229782.981909098,2019-11-10 23:59:59.999,2573448.091015895,2175,,,0
2019-11-11,0.27875,0.28084,0.26801,0.27419,11815200.785374988,2019-11-11 23:59:59.999,3239609.9033419676,2588,,,0
2019-11-12,0.27416,0.276,0.26685,0.27174,15044687.544838302,2019-11-12 23:59:59.999,4088243.3934343597,3183,,,0
2019-11-13,0.27238,0.27653,0.27002,0.27169,8987749.736983608,2019-11-13 23:59:59.999,2441881.7260410762,2302,,,0
2019-11-14,0.27167,0.2722,0.25654,0.26814,15005184.56746272,2019-11-14 23:59:59.999,4023490.1899194536,2872,,,0
2019-11-15,0.2684,0.26896,0.252,0.26066,14086260.34184352,2019-11-15 23:59:59.999,3671724.6207049317,3136,,,0
2019-11-16,0.26067,0.26418,0.25901,0.26195,3934529.2573799514,2019-11-16 23:59:59.999,1030649.9389706784,1018,,,0
2019-11-17,0.26209,0.26599,0.25904,0.26286,4623933.637749415,2019-11-17 23:59:59.999,1215447.196018811,1230,,,0
2019-11-18,0.26314,0.26322,0.24,0.25148,16821575.258799393,2019-11-18 23:59:59.999,4230289.746082871,3656,,,0
2019-11-19,0.25148,0.256,0.243,0.2535,10953136.811613131,2019-11-19 23:59:59.999,2776620.1817439287,2843,,,0
2019-11-20,0.25378,0.25865,0.24772,0.2498,10154473.967921514,2019-11-20 23:59:59.999,2536587.597186794,2242,,,0
2019-11-21,0.24973,0.25268,0.23454,0.24302,16108107.444162132,2019-11-21 23:59:59.999,3914592.2710802816,3746,,,0
2019-11-22,0.24302,0.24567,0.22177,0.23067,22330580.74288111,2019-11-22 23:59:59.999,5150995.059960386,6269,,,0
2019-11-23,0.23066,0.23501,0.2264,0.23451,6172242.8060570415,2019-11-23 23:59:59.999,1447452.6604484369,1865,,,0
2019-11-24,0.23441,0.23499,0.2187,0.21956,9075259.659899876,2019-11-24 23:59:59.999,1992564.0109276166,2434,,,0
2019-11-25,0.22016,0.22514,0.2002,0.21826,44689979.21693659,2019-11-25 23:59:59.999,9754034.86388858,9138,,,0
2019-11-26,0.21791,0.22177,0.21365,0.22098,13139001.483036092,2019-11-26 23:59:59.999,2903456.5477213156,2293,,,0
2019-11-27,0.22062,0.22995,0.21263,0.2245,14749469.572424842,2019-11-27 23:59:59.999,3311255.9190093772,3427,,,0
2019-11-28,0.2245,0.22984,0.22267,0.22377,6832431.858281472,2019-11-28 23:59:59.999,1528893.2769276449,1993,,,0
2019-11-29,0.2236,0.23255,0.22311,0.23023,4305793.343396508,2019-11-29 23:59:59.999,991322.801450178,1291,,,0
2019-11-30,0.23054,0.23188,0.2241,0.22594,2621975.8688218696,2019-11-30 23:59:59.999,592409.2278016133,1119,,,0
2019-12-01,0.22591,0.22591,0.21888,0.22527,5470771.346698828,2019-12-01 23:59:59.999,1232400.661270845,1652,,,0
2019-12-02,0.22535,0.22664,0.21732,0.2191,8327266.269123101,2019-12-02 23:59:59.999,1824504.0395648712,1702,,,0
2019-12-03,0.21956,0.22187,0.21795,0.21961,5425908.4670270495,2019-12-03 23:59:59.999,1191583.7584438103,1144,,,0
2019-12-04,0.21956,0.22778,0.20974,0.21414,15496567.566475216,2019-12-04 23:59:59.999,3318434.978685003,3452,,,0
2019-12-05,0.2141,0.22642,0.21162,0.22129,19369627.959257867,2019-12-05 23:59:59.999,4286304.971104173,3645,,,0
2019-12-06,0.22132,0.228,0.21928,0.22608,11082952.05921119,2019-12-06 23:59:59.999,2505633.801546466,2177,,,0
2019-12-07,0.22642,0.22871,0.22351,0.22799,7446585.485118469,2019-12-07 23:59:59.999,1697747.0247521598,1734,,,0
2019-12-08,0.228,0.23258,0.22405,0.22975,7004382.238655987,2019-12-08 23:59:59.999,1609256.8193312131,1608,,,0
2019-12-09,0.22953,0.23138,0.22069,0.22431,10457276.341642523,2019-12-09 23:59:59.999,2345671.6561938343,2065,,,0
2019-12-10,0.22429,0.2253,0.21869,0.22249,10073397.132676627,2019-12-10 23:59:59.999,2241230.1280492228,1595,,,0
2019-12-11,0.22237,0.22351,0.21983,0.22072,5996589.866509101,2019-12-11 23:59:59.999,1323567.3153358889,1240,,,0
2019-12-12,0.22059,0.22315,0.2166,0.21818,8444090.034100967,2019-12-12 23:59:59.999,1842331.563640149,2003,,,0
2019-12-13,0.21805,0.22052,0.21475,0.22052,6041110.607094639,2019-12-13 23:59:59.999,1332185.7110765097,1458,,,0
2019-12-14,0.22055,0.22082,0.21436,0.21597,4167651.854162483,2019-12-14 23:59:59.999,900087.7709434715,985,,,0
2019-12-15,0.21571,0.21928,0.21441,0.21703,2948545.6758833714,2019-12-15 23:59:59.999,639922.868036968,970,,,0
2019-12-16,0.21703,0.21704,0.20171,0.20528,17500445.02833666,2019-12-16 23:59:59.999,3592491.3554169494,4057,,,0
2019-12-17,0.2051,0.20524,0.1771,0.18266,48981694.14351989,2019-12-17 23:59:59.999,8946996.252255343,11833,,,0
2019-12-18,0.18277,0.20049,0.17401,0.19594,35069566.52772137,2019-12-18 23:59:59.999,6871530.865441725,7349,,,0
2019-12-19,0.19695,0.19708,0.18292,0.18787,15239246.148867944,2019-12-19 23:59:59.999,2862997.1739878207,3164,,,0
2019-12-20,0.18787,0.19777,0.18374,0.19514,14664505.598465685,2019-12-20 23:59:59.999,2861631.6224845937,3757,,,0
2019-12-21,0.1955,0.19624,0.18922,0.19142,7280036.047456474,2019-12-21 23:59:59.999,1393544.5002041182,1619,,,0
2019-12-22,0.19153,0.19699,0.19064,0.19693,4770539.161606183,2019-12-22 23:59:59.999,939462.2770951056,1652,,,0
2019-12-23,0.19696,0.19882,0.18843,0.18954,10000631.23589286,2019-12-23 23:59:59.999,1895519.6444511325,2639,,,0
2019-12-24,0.18911,0.1935,0.18739,0.19043,5716463.163063626,2019-12-24 23:59:59.999,1088586.0801422063,1663,,,0
2019-12-25,0.19046,0.19094,0.18621,0.18831,6037417.233384059,2019-12-25 23:59:59.999,1136906.0392185522,1406,,,0
2019-12-26,0.18842,0.1939,0.18693,0.18912,6425001.082893686,2019-12-26 23:59:59.999,1215096.204796854,1813,,,0
2019-12-27,0.18901,0.1898,0.18461,0.1898,4587629.8315147245,2019-12-27 23:59:59.999,870732.1420214947,1594,,,0
2019-12-28,0.18982,0.19422,0.18956,0.19274,5698173.357106378,2019-12-28 23:59:59.999,1098265.9328486833,1547,,,0
2019-12-29,0.19288,0.19818,0.1908,0.19658,4826239.980976028,2019-12-29 23:59:59.999,948742.2554602677,1540,,,0
2019-12-30,0.19614,0.19748,0.19073,0.19272,11701264.92595472,2019-12-30 23:59:59.999,2255067.776529994,2631,,,0
2019-12-31,0.19256,0.19367,0.1881,0.1926,12653896.8300577,2019-12-31 23:59:59.999,2437140.529469113,2412,,,0
2020-01-01,0.19236,0.1943,0.19169,0.19269,6095751.127746723,2020-01-01 23:59:59.999,1174590.284805516,1213,,,0
2020-01-02,0.19247,0.19284,0.18514,0.18682,13717065.982410988,2020-01-02 23:59:59.999,2562622.266834021,2215,,,0
2020-01-03,0.18679,0.19395,0.18409,0.19286,9088159.838985665,2020-01-03 23:59:59.999,1752742.5065467753,2572,,,0
2020-01-04,0.19319,0.19334,0.19106,0.19269,2771033.949722949,2020-01-04 23:59:59.999,533950.531772115,741,,,0
2020-01-05,0.19311,0.19749,0.19291,0.19443,6377897.318436717,2020-01-05 23:59:59.999,1240054.5756236508,1718,,,0
2020-01-06,0.19432,0.2236,0.19406,0.2233,29594423.64924386,2020-01-06 23:59:59.999,6608434.800876155,6122,,,0
2020-01-07,0.22341,0.22543,0.20739,0.21398,20843885.36325524,2020-01-07 23:59:59.999,4460174.590029356,5418,,,0
2020-01-08,0.2135,0.2188,0.20309,0.20743,17160595.33352316,2020-01-08 23:59:59.999,3559622.2900327095,4104,,,0
2020-01-09,0.20715,0.2087,0.20135,0.20382,7808738.367536671,2020-01-09 23:59:59.999,1591577.0540713244,2293,,,0
2020-01-10,0.20395,0.213,0.20022,0.2127,12201619.275672777,2020-01-10 23:59:59.999,2595284.4199355994,3234,,,0
2020-01-11,0.21253,0.21982,0.20856,0.21147,15383449.29547198,2020-01-11 23:59:59.999,3253138.0225134594,3562,,,0
2020-01-12,0.21147,0.21683,0.20956,0.2151,7022365.252414446,2020-01-12 23:59:59.999,1510510.7657943475,1541,,,0
2020-01-13,0.21534,0.21551,0.20981,0.2114,4074813.418729959,2020-01-13 23:59:59.999,861415.5567195134,1204,,,0
2020-01-14,0.21136,0.24509,0.21136,0.23518,40923663.05363617,2020-01-14 23:59:59.999,9624427.076954154,8520,,,0
2020-01-15,0.23475,0.24321,0.22623,0.2337,25215167.960762165,2020-01-15 23:59:59.999,5892784.752430118,6253,,,0
2020-01-16,0.23417,0.2348,0.22213,0.22922,13593637.010059496,2020-01-16 23:59:59.999,3115933.4754458377,3235,,,0
2020-01-17,0.22902,0.24428,0.22644,0.23884,18667545.808449045,2020-01-17 23:59:59.999,4458556.64088997,4398,,,0
2020-01-18,0.23861,0.25412,0.23183,0.24311,21688677.35663015,2020-01-18 23:59:59.999,5272734.352170356,4741,,,0
2020-01-19,0.243,0.25152,0.22683,0.23557,19785049.86725403,2020-01-19 23:59:59.999,4660764.1972290315,4632,,,0
2020-01-20,0.23647,0.23647,0.22359,0.23261,13414361.903863523,2020-01-20 23:59:59.999,3120314.7224576944,2954,,,0
2020-01-21,0.23222,0.24154,0.22908,0.23698,16678873.137341527,2020-01-21 23:59:59.999,3952559.356087195,3386,,,0
2020-01-22,0.23675,0.23948,0.23027,0.23665,11365335.064800275,2020-01-22 23:59:59.999,2689606.543084985,2128,,,0
2020-01-23,0.23662,0.23662,0.22081,0.22533,14681554.92719469,2020-01-23 23:59:59.999,3308194.77174478,3741,,,0
2020-01-24,0.22544,0.22587,0.21347,0.22158,13049229.609985704,2020-01-24 23:59:59.999,2891448.296980632,3040,,,0
2020-01-25,0.22194,0.22195,0.2165,0.22036,3994928.8896876727,2020-01-25 23:59:59.999,880322.5301315755,1196,,,0
2020-01-26,0.21881,0.23174,0.21751,0.23061,9139163.12983174,2020-01-26 23:59:59.999,2107582.409370498,1816,,,0
2020-01-27,0.23082,0.23332,0.2258,0.23042,9546233.529570302,2020-01-27 23:59:59.999,2199643.129883589,2280,,,0
2020-01-28,0.23048,0.24099,0.23042,0.23955,11119487.76537635,2020-01-28 23:59:59.999,2663673.294195905,3074,,,0
2020-01-29,0.23957,0.24165,0.23384,0.23501,8632046.444950268,2020-01-29 23:59:59.999,2028617.2350277624,2295,,,0
2020-01-30,0.235,0.2465,0.22931,0.24323,14004290.527897788,2020-01-30 23:59:59.999,3406263.585100579,3539,,,0
2020-01-31,0.24333,0.24446,0.2337,0.2389,11789358.544553068,2020-01-31 23:59:59.999,2816477.756293728,2862,,,0
2020-02-01,0.23902,0.24277,0.23655,0.2412,9023608.289730843,2020-02-01 23:59:59.999,2176494.3194830795,1933,,,0
2020-02-02,0.24089,0.26154,0.23415,0.25036,21052282.554837685,2020-02-02 23:59:59.999,5270649.460429164,4521,,,0
2020-02-03,0.2502,0.25956,0.24664,0.25436,14818170.229493774,2020-02-03 23:59:59.999,3769149.779574036,3310,,,0
2020-02-04,0.25452,0.27001,0.24731,0.26667,27806572.508024447,2020-02-04 23:59:59.999,7415178.69071488,6343,,,0
2020-02-05,0.26641,0.28154,0.26628,0.27805,36521896.25754659,2020-02-05 23:59:59.999,10154913.25441083,7936,,,0
2020-02-06,0.27815,0.288,0.2644,0.28316,26427407.49605892,2020-02-06 23:59:59.999,7483184.706584044,6388,,,0
2020-02-07,0.28324,0.28799,0.27708,0.27897,11076867.976170773,2020-02-07 23:59:59.999,3090113.8593123606,3319,,,0
2020-02-08,0.27853,0.28197,0.2635,0.27763,12068330.370751046,2020-02-08 23:59:59.999,3350530.5608316124,3445,,,0
2020-02-09,0.2774,0.28929,0.27697,0.28229,12177172.41597252,2020-02-09 23:59:59.999,3437494.0013048826,3779,,,0
2020-02-10,0.28268,0.2833,0.2675,0.27323,14439716.74958807,2020-02-10 23:59:59.999,3945363.807489948,4296,,,0
2020-02-11,0.27327,0.28451,0.26708,0.28257,23599726.488817144,2020-02-11 23:59:59.999,6668574.71394506,5157,,,0
2020-02-12,0.28229,0.3097,0.28219,0.30565,36193914.76212727,2020-02-12 23:59:59.999,11062670.0470442,9800,,,0
2020-02-13,0.30496,0.34,0.2655,0.32741,75238677.40812182,2020-02-13 23:59:59.999,24633895.370193165,17935,,,0
2020-02-14,0.32743,0.3397,0.31053,0.33679,30757858.213926207,2020-02-14 23:59:59.999,10358939.067868207,7602,,,0
2020-02-15,0.33699,0.347,0.295,0.30738,33024520.752393372,2020-02-15 23:59:59.999,10151077.188870674,10118,,,0
2020-02-16,0.30719,0.31908,0.26797,0.29263,36495886.114207774,2020-02-16 23:59:59.999,10679791.153600622,10136,,,0
2020-02-17,0.29262,0.29506,0.26901,0.28737,25545010.120601587,2020-02-17 23:59:59.999,7340869.558357279,6729,,,0
2020-02-18,0.28737,0.30333,0.27609,0.2987,22509728.570762403,2020-02-18 23:59:59.999,6723655.92408673,6108,,,0
2020-02-19,0.2987,0.30897,0.271,0.27516,20849162.8326902,2020-02-19 23:59:59.999,5736855.645043036,6776,,,0
2020-02-20,0.27506,0.2816,0.261,0.27134,24161247.84380235,2020-02-20 23:59:59.999,6555912.989937331,6705,,,0
2020-02-21,0.27123,0.2791,0.26849,0.27467,10880178.97764358,2020-02-21 23:59:59.999,2988458.759789362,3172,,,0
2020-02-22,0.27398,0.2781,0.2709,0.27563,4731397.552729834,2020-02-22 23:59:59.999,1304115.107458924,1397,,,0
2020-02-23,0.27511,0.28608,0.27511,0.2842,11043807.02420288,2020-02-23 23:59:59.999,3138649.9562784582,2525,,,0
2020-02-24,0.28402,0.28527,0.264,0.27082,15653416.868345248,2020-02-24 23:59:59.999,4239258.35628526,4003,,,0
2020-02-25,0.26974,0.26977,0.25112,0.25211,13024658.599121712,2020-02-25 23:59:59.999,3283646.679424575,3511,,,0
2020-02-26,0.25152,0.25489,0.22325,0.22893,34622070.01234381,2020-02-26 23:59:59.999,7926030.487925868,8996,,,0
2020-02-27,0.2292,0.24772,0.22364,0.23815,18986063.778938744,2020-02-27 23:59:59.999,4521531.0889542615,4836,,,0
2020-02-28,0.23856,0.244,0.22812,0.23692,18132034.450509097,2020-02-28 23:59:59.999,4295841.602014615,3535,,,0
2020-02-29,0.23685,0.24275,0.22876,0.22883,8571864.730012499,2020-02-29 23:59:59.999,1961499.8061687602,2142,,,0
2020-03-01,0.22929,0.236,0.22404,0.227,9886107.209949955,2020-03-01 23:59:59.999,2244146.33665864,2315,,,0
2020-03-02,0.22685,0.24164,0.22545,0.23918,9406783.00585818,2020-03-02 23:59:59.999,2249914.3593411595,2417,,,0
2020-03-03,0.23957,0.23957,0.22973,0.2339,9758607.868183697,2020-03-03 23:59:59.999,2282538.3803681666,2333,,,0
2020-03-04,0.23445,0.2382,0.23024,0.23482,6841149.784387931,2020-03-04 23:59:59.999,1606438.792369974,1911,,,0
2020-03-05,0.23507,0.24347,0.23507,0.23931,8374288.00858822,2020-03-05 23:59:59.999,2004050.863335247,2288,,,0
2020-03-06,0.23922,0.24645,0.23828,0.24532,7085116.438968934,2020-03-06 23:59:59.999,1738120.764807859,1958,,,0
2020-03-07,0.24535,0.24575,0.23557,0.23671,8183781.104610895,2020-03-07 23:59:59.999,1937182.8252724449,2114,,,0
2020-03-08,0.23631,0.23631,0.20012,0.20391,26637771.441616375,2020-03-08 23:59:59.999,5431707.974659995,7152,,,0
2020-03-09,0.20398,0.2115,0.19822,0.20979,24757660.755696703,2020-03-09 23:59:59.999,5193909.649937611,5083,,,0
2020-03-10,0.20987,0.21575,0.2055,0.2116,14067719.37719523,2020-03-10 23:59:59.999,2976729.420214511,3069,,,0
2020-03-11,0.21154,0.21355,0.1989,0.20743,20345375.73350279,2020-03-11 23:59:59.999,4220241.288400484,3024,,,0
2020-03-12,0.20835,0.20999,0.12,0.13661,157729885.43574488,2020-03-12 23:59:59.999,21547479.64937711,35483,,,0
2020-03-13,0.13684,0.17,0.1165,0.16031,122816280.1957704,2020-03-13 23:59:59.999,19688677.878183953,33221,,,0
2020-03-14,0.16026,0.1606,0.14337,0.14581,18561477.378499195,2020-03-14 23:59:59.999,2706449.0165589675,4272,,,0
2020-03-15,0.14581,0.16433,0.14451,0.15263,24766769.48556528,2020-03-15 23:59:59.999,3780152.026581828,5992,,,0
2020-03-16,0.15244,0.15255,0.128,0.14104,42484084.36085511,2020-03-16 23:59:59.999,5991955.258255005,9613,,,0
2020-03-17,0.14143,0.15471,0.14044,0.14809,28472704.103710484,2020-03-17 23:59:59.999,4216522.750718486,4910,,,0
2020-03-18,0.14736,0.14982,0.14056,0.14803,21329361.502073333,2020-03-18 23:59:59.999,3157385.3831519154,3972,,,0
2020-03-19,0.14807,0.17324,0.14473,0.16557,29172560.38881928,2020-03-19 23:59:59.999,4830100.823576808,6319,,,0
2020-03-20,0.16506,0.17577,0.14506,0.15694,37645939.6803432,2020-03-20 23:59:59.999,5908153.773433062,7860,,,0
2020-03-21,0.15691,0.16233,0.15151,0.15813,13539067.514870385,2020-03-21 23:59:59.999,2140932.746126454,2634,,,0
2020-03-22,0.15791,0.1617,0.14606,0.14775,20334764.026904512,2020-03-22 23:59:59.999,3004461.3849751414,3516,,,0
2020-03-23,0.14783,0.16259,0.14452,0.15905,16697418.514700277,2020-03-23 23:59:59.999,2655724.414763079,3600,,,0
2020-03-24,0.15964,0.16465,0.15758,0.16304,26782502.44110065,2020-03-24 23:59:59.999,4366619.197997049,4590,,,0
2020-03-25,0.16304,0.1658,0.1574,0.1619,26880201.98552714,2020-03-25 23:59:59.999,4351904.701456844,4198,,,0
2020-03-26,0.16214,0.17797,0.16026,0.1768,21590221.13135224,2020-03-26 23:59:59.999,3817151.096023076,3766,,,0
2020-03-27,0.17676,0.18773,0.16989,0.1729,38974750.63097962,2020-03-27 23:59:59.999,6738734.384096377,6707,,,0
2020-03-28,0.17291,0.18027,0.1665,0.17569,34020077.87091311,2020-03-28 23:59:59.999,5976987.481140725,6041,,,0
2020-03-29,0.17687,0.1769,0.16202,0.16255,19684829.105841335,2020-03-29 23:59:59.999,3199768.971154509,3460,,,0
2020-03-30,0.16256,0.17595,0.162,0.17137,18372951.81853228,2020-03-30 23:59:59.999,3148572.753141877,3313,,,0
2020-03-31,0.17137,0.17833,0.17058,0.17374,12785133.737667,2020-03-31 23:59:59.999,2221289.1355822645,2504,,,0
2020-04-01,0.17409,0.17658,0.16808,0.17563,15757082.03840383,2020-04-01 23:59:59.999,2767416.3184048645,3417,,,0
2020-04-02,0.17558,0.18675,0.1747,0.17854,17507927.28753066,2020-04-02 23:59:59.999,3125865.337915724,3830,,,0
2020-04-03,0.17795,0.18296,0.17588,0.17951,9169462.372225748,2020-04-03 23:59:59.999,1646010.190438244,1969,,,0
2020-04-04,0.17935,0.18399,0.17788,0.18159,8290850.706051254,2020-04-04 23:59:59.999,1505535.5797118472,1877,,,0
2020-04-05,0.18177,0.18247,0.17629,0.17959,4887927.387772589,2020-04-05 23:59:59.999,877822.8795700793,1386,,,0
2020-04-06,0.17959,0.19861,0.17959,0.19836,23249646.188235212,2020-04-06 23:59:59.999,4611799.817898337,4987,,,0
2020-04-07,0.19854,0.20538,0.18973,0.1929,23361845.988112073,2020-04-07 23:59:59.999,4506500.091106819,5517,,,0
2020-04-08,0.19285,0.20294,0.19165,0.20207,11370273.96658089,2020-04-08 23:59:59.999,2297591.2604270005,3020,,,0
2020-04-09,0.20207,0.2025,0.194,0.19888,9375194.412466712,2020-04-09 23:59:59.999,1864538.6647513798,2463,,,0
2020-04-10,0.19843,0.19867,0.18162,0.18778,16827886.933558468,2020-04-10 23:59:59.999,3159940.608383609,4130,,,0
2020-04-11,0.18798,0.19248,0.18528,0.18905,8306648.727957834,2020-04-11 23:59:59.999,1570371.9420204284,2359,,,0
2020-04-12,0.18917,0.19648,0.18657,0.18968,10675962.755635642,2020-04-12 23:59:59.999,2025016.6154889683,2641,,,0
2020-04-13,0.1895,0.18982,0.18037,0.18833,15405007.326488305,2020-04-13 23:59:59.999,2901225.0297975424,3860,,,0
2020-04-14,0.18857,0.1895,0.18407,0.18631,8555701.091237713,2020-04-14 23:59:59.999,1594012.6703084982,2069,,,0
2020-04-15,0.1862,0.18998,0.18003,0.18048,12118707.52647363,2020-04-15 23:59:59.999,2187184.334377961,2461,,,0
2020-04-16,0.18047,0.19349,0.17406,0.1909,21360876.36802676,2020-04-16 23:59:59.999,4077791.298656308,4291,,,0
2020-04-17,0.19113,0.192,0.18635,0.1888,8721099.117182963,2020-04-17 23:59:59.999,1646543.5133241434,2141,,,0
2020-04-18,0.18925,0.19739,0.1889,0.19501,11006594.1421436,2020-04-18 23:59:59.999,2146395.9236594234,2305,,,0
2020-04-19,0.19588,0.19635,0.18823,0.1892,8245157.401470888,2020-04-19 23:59:59.999,1559983.7803582922,1880,,,0
2020-04-20,0.18912,0.19487,0.17855,0.18177,15994982.32998412,2020-04-20 23:59:59.999,2907407.938121213,3393,,,0
2020-04-21,0.18175,0.18661,0.1815,0.1834,10207568.74904042,2020-04-21 23:59:59.999,1872068.108574013,2505,,,0
2020-04-22,0.18358,0.1899,0.18218,0.18815,7683087.6718719965,2020-04-22 23:59:59.999,1445572.9454627163,1790,,,0
2020-04-23,0.18834,0.19994,0.18581,0.19283,16199454.210393658,2020-04-23 23:59:59.999,3123740.755390209,3852,,,0
2020-04-24,0.19257,0.19702,0.19245,0.19328,6824994.890358957,2020-04-24 23:59:59.999,1319135.0124085792,1849,,,0
2020-04-25,0.19342,0.19805,0.19169,0.19437,6549128.185341509,2020-04-25 23:59:59.999,1272954.045384829,1755,,,0
2020-04-26,0.1943,0.19756,0.19229,0.19706,10192790.538371686,2020-04-26 23:59:59.999,2008591.3034915247,1998,,,0
2020-04-27,0.19682,0.19974,0.19448,0.19792,11842279.990598071,2020-04-27 23:59:59.999,2343824.0557391704,2352,,,0
2020-04-28,0.19782,0.21844,0.19501,0.21489,16192622.890289346,2020-04-28 23:59:59.999,3479632.7328942777,4313,,,0
2020-04-29,0.21441,0.235,0.20483,0.22662,35160584.09334072,2020-04-29 23:59:59.999,7968091.567232873,6918,,,0
2020-04-30,0.22675,0.23602,0.20846,0.21178,47393878.84303116,2020-04-30 23:59:59.999,10037075.66137714,8330,,,0
2020-05-01,0.21139,0.22436,0.21139,0.21774,13699369.258820144,2020-05-01 23:59:59.999,2982900.662415498,3125,,,0
2020-05-02,0.21789,0.22594,0.21561,0.224,9717886.252472674,2020-05-02 23:59:59.999,2176806.520553879,2618,,,0
2020-05-03,0.22388,0.22696,0.2159,0.21964,8093518.968688319,2020-05-03 23:59:59.999,1777660.5062827026,2383,,,0
2020-05-04,0.21971,0.22087,0.20747,0.21821,15375967.372835858,2020-05-04 23:59:59.999,3355189.8404265125,3851,,,0
2020-05-05,0.21889,0.22248,0.2138,0.21726,6681060.527157376,2020-05-05 23:59:59.999,1451527.2101302114,2009,,,0
2020-05-06,0.21731,0.22289,0.211,0.21168,8902302.649946257,2020-05-06 23:59:59.999,1884439.4249406238,2484,,,0
2020-05-07,0.21157,0.22117,0.21014,0.2188,12122338.84502865,2020-05-07 23:59:59.999,2652367.7392922686,2680,,,0
2020-05-08,0.2188,0.22237,0.21453,0.21927,8689332.22787322,2020-05-08 23:59:59.999,1905309.8776057607,2674,,,0
2020-05-09,0.21898,0.22533,0.21522,0.21564,10842529.976107895,2020-05-09 23:59:59.999,2338083.1640479066,2844,,,0
2020-05-10,0.21612,0.21612,0.18,0.19754,28448345.778744817,2020-05-10 23:59:59.999,5619686.2251332505,7836,,,0
2020-05-11,0.1976,0.2001,0.185,0.19334,18055467.78324016,2020-05-11 23:59:59.999,3490844.141211653,3966,,,0
2020-05-12,0.19257,0.20021,0.19166,0.19709,8128019.662919228,2020-05-12 23:59:59.999,1601951.3953647506,2037,,,0
2020-05-13,0.19725,0.20422,0.19596,0.20201,5383440.6285458375,2020-05-13 23:59:59.999,1087508.8413725446,1793,,,0
2020-05-14,0.20208,0.20651,0.19849,0.204,11336894.107449178,2020-05-14 23:59:59.999,2312726.397919632,2450,,,0
2020-05-15,0.20451,0.20461,0.19518,0.1973,9877419.698655896,2020-05-15 23:59:59.999,1948814.9065448083,2288,,,0
2020-05-16,0.19809,0.20222,0.19636,0.19961,4862585.9994365,2020-05-16 23:59:59.999,970620.7913475197,1145,,,0
2020-05-17,0.19923,0.20476,0.19909,0.20109,4245519.129381638,2020-05-17 23:59:59.999,853731.4417273536,1233,,,0
2020-05-18,0.2013,0.20819,0.2011,0.20527,7238697.787011608,2020-05-18 23:59:59.999,1485887.4947398726,2131,,,0
2020-05-19,0.20546,0.2066,0.20088,0.20504,5968123.397158955,2020-05-19 23:59:59.999,1223704.0213534723,1519,,,0
2020-05-20,0.20498,0.206,0.19725,0.20185,9114750.813425636,2020-05-20 23:59:59.999,1839812.4516899646,1905,,,0
2020-05-21,0.20178,0.20293,0.18941,0.19422,13850777.427129338,2020-05-21 23:59:59.999,2690097.99189706,2946,,,0
2020-05-22,0.1942,0.20259,0.19198,0.20005,11510630.638054913,2020-05-22 23:59:59.999,2302701.6591428854,2468,,,0
2020-05-23,0.20042,0.20217,0.19805,0.19879,4976523.208266799,2020-05-23 23:59:59.999,989283.048571357,1309,,,0
2020-05-24,0.19891,0.20121,0.19231,0.1926,7310393.292962769,2020-05-24 23:59:59.999,1407981.7482246293,1470,,,0
2020-05-25,0.19258,0.1971,0.1898,0.19602,6132983.738681188,2020-05-25 23:59:59.999,1202187.4724562864,1665,,,0
2020-05-26,0.19692,0.19692,0.19139,0.19377,4225639.672694264,2020-05-26 23:59:59.999,818802.1993779675,1098,,,0
2020-05-27,0.19383,0.20041,0.19383,0.19764,11567577.295352465,2020-05-27 23:59:59.999,2286215.9766534613,1841,,,0
2020-05-28,0.19789,0.20102,0.19502,0.20047,3965695.397040153,2020-05-28 23:59:59.999,795002.9562446395,1349,,,0
2020-05-29,0.20065,0.203,0.19634,0.19746,6372127.20766696,2020-05-29 23:59:59.999,1258240.238425918,1804,,,0
2020-05-30,0.19759,0.20785,0.19611,0.20697,7862692.110789398,2020-05-30 23:59:59.999,1627341.3861700816,2387,,,0
2020-05-31,0.20707,0.21364,0.20022,0.20239,9261633.5656361,2020-05-31 23:59:59.999,1874462.0173490902,2882,,,0
2020-06-01,0.2022,0.213,0.20117,0.21105,8938840.853957476,2020-06-01 23:59:59.999,1886542.3622277253,2741,,,0
2020-06-02,0.2112,0.21456,0.19766,0.20305,19052877.929383937,2020-06-02 23:59:59.999,3868686.8635614086,4320,,,0
2020-06-03,0.20278,0.20475,0.201,0.20403,6408319.411773557,2020-06-03 23:59:59.999,1307489.4095841588,2228,,,0
2020-06-04,0.20409,0.20738,0.1993,0.20434,8863748.770310057,2020-06-04 23:59:59.999,1811218.423725157,2430,,,0
2020-06-05,0.20434,0.20569,0.20134,0.2028,6103663.978034096,2020-06-05 23:59:59.999,1237823.0547453146,1691,,,0
2020-06-06,0.20261,0.20476,0.20131,0.20384,5059565.220491773,2020-06-06 23:59:59.999,1031341.774545043,1097,,,0
2020-06-07,0.20364,0.20487,0.19861,0.20327,7617436.802046177,2020-06-07 23:59:59.999,1548396.3787519264,1630,,,0
2020-06-08,0.20327,0.2045,0.20142,0.20431,5627260.413470802,2020-06-08 23:59:59.999,1149705.5750762194,1921,,,0
2020-06-09,0.20431,0.20562,0.20025,0.20144,8000050.309686083,2020-06-09 23:59:59.999,1611530.1343831646,2086,,,0
2020-06-10,0.20145,0.20408,0.2,0.20262,5642693.01465999,2020-06-10 23:59:59.999,1143322.458630407,1658,,,0
2020-06-11,0.20292,0.2035,0.18303,0.18875,18136890.672683906,2020-06-11 23:59:59.999,3423338.114469087,3436,,,0
2020-06-12,0.1875,0.19492,0.18663,0.19294,9454789.60697598,2020-06-12 23:59:59.999,1824207.1067699457,1937,,,0
2020-06-13,0.19293,0.19377,0.19096,0.19267,4229313.878256297,2020-06-13 23:59:59.999,814861.9049236408,1072,,,0
2020-06-14,0.19229,0.19244,0.18881,0.19015,4141650.3706006263,2020-06-14 23:59:59.999,787534.8179697092,993,,,0
2020-06-15,0.19003,0.19358,0.18195,0.1926,11113838.930231614,2020-06-15 23:59:59.999,2140525.377962609,3976,,,0
2020-06-16,0.1926,0.19415,0.1901,0.19241,10470007.663675366,2020-06-16 23:59:59.999,2014534.1745677772,2922,,,0
2020-06-17,0.1926,0.19869,0.18837,0.19311,13172761.660088902,2020-06-17 23:59:59.999,2543792.004179768,3571,,,0
2020-06-18,0.19309,0.19309,0.18813,0.18956,8414101.90328417,2020-06-18 23:59:59.999,1594977.1567865473,3172,,,0
2020-06-19,0.18964,0.19,0.18628,0.18693,6293317.998358789,2020-06-19 23:59:59.999,1176409.9334332084,3035,,,0
2020-06-20,0.18703,0.18889,0.18481,0.18784,4105720.5531206112,2020-06-20 23:59:59.999,771218.5486981757,1021,,,0
2020-06-21,0.18788,0.18821,0.18551,0.18571,2633579.1975214095,2020-06-21 23:59:59.999,489081.9927717009,797,,,0
2020-06-22,0.18579,0.19049,0.18571,0.18989,10821184.021032054,2020-06-22 23:59:59.999,2054834.6337537768,2301,,,0
2020-06-23,0.18941,0.19051,0.18837,0.18883,7285561.151291086,2020-06-23 23:59:59.999,1375732.512198296,1700,,,0
2020-06-24,0.18882,0.19,0.18138,0.18327,8569007.90940552,2020-06-24 23:59:59.999,1570442.0795567497,2111,,,0
2020-06-25,0.18321,0.18385,0.17842,0.18141,8202108.244214284,2020-06-25 23:59:59.999,1487944.4565829132,1720,,,0
2020-06-26,0.18139,0.18678,0.17834,0.18245,11183623.9721691,2020-06-26 23:59:59.999,2040452.1937222523,2116,,,0
2020-06-27,0.18238,0.1832,0.169,0.17512,13938297.240941407,2020-06-27 23:59:59.999,2440874.612833659,2900,,,0
2020-06-28,0.17513,0.17973,0.17333,0.17679,6254473.400407154,2020-06-28 23:59:59.999,1105728.3524579809,1578,,,0
2020-06-29,0.17678,0.1791,0.17493,0.17745,11569508.664647272,2020-06-29 23:59:59.999,2053009.3125416583,2201,,,0
2020-06-30,0.17727,0.17773,0.17491,0.17538,6716099.998441556,2020-06-30 23:59:59.999,1177869.6177266801,1370,,,0
2020-07-01,0.17534,0.17831,0.17379,0.17656,6690203.06111388,2020-07-01 23:59:59.999,1181222.2524702665,1602,,,0
2020-07-02,0.17655,0.17731,0.17226,0.17488,7375238.131678303,2020-07-02 23:59:59.999,1289781.6444679017,1746,,,0
2020-07-03,0.17488,0.17849,0.1745,0.17644,4768053.230946718,2020-07-03 23:59:59.999,841275.312068239,1248,,,0
2020-07-04,0.17622,0.17952,0.17614,0.17804,3613373.415204312,2020-07-04 23:59:59.999,643325.0028429758,1488,,,0
2020-07-05,0.17803,0.17877,0.17396,0.17728,5539508.058641042,2020-07-05 23:59:59.999,982043.9886358838,1278,,,0
2020-07-06,0.17701,0.18919,0.17668,0.18874,11152222.532502873,2020-07-06 23:59:59.999,2104870.480784592,2721,,,0
2020-07-07,0.18875,0.1895,0.18307,0.18521,7222890.149144343,2020-07-07 23:59:59.999,1337751.484523024,1845,,,0
2020-07-08,0.18521,0.20666,0.18401,0.20547,35305903.58095022,2020-07-08 23:59:59.999,7254304.008777843,6943,,,0
2020-07-09,0.20541,0.21177,0.19701,0.2026,24651308.845893953,2020-07-09 23:59:59.999,4994355.172178115,5615,,,0
2020-07-10,0.2026,0.2026,0.19222,0.19877,15530607.671808006,2020-07-10 23:59:59.999,3087018.8869252773,3399,,,0
2020-07-11,0.1992,0.20467,0.19805,0.20115,10017148.305012062,2020-07-11 23:59:59.999,2014949.3815531763,2244,,,0
2020-07-12,0.20115,0.20391,0.19749,0.20105,8893691.221015397,2020-07-12 23:59:59.999,1788076.6199851457,2081,,,0
2020-07-13,0.20127,0.20668,0.19213,0.19859,22966876.213268895,2020-07-13 23:59:59.999,4560991.947193069,4617,,,0
2020-07-14,0.19854,0.1996,0.19512,0.1989,7625394.220073509,2020-07-14 23:59:59.999,1516690.910372621,2142,,,0
2020-07-15,0.199,0.19967,0.19651,0.19716,8979059.253541442,2020-07-15 23:59:59.999,1770311.3224282307,2019,,,0
2020-07-16,0.19703,0.19735,0.18852,0.19404,11658006.705184488,2020-07-16 23:59:59.999,2262119.621073998,2910,,,0
2020-07-17,0.19443,0.19774,0.19113,0.19449,10814391.770088328,2020-07-17 23:59:59.999,2103291.055364479,2007,,,0
2020-07-18,0.1944,0.20186,0.19392,0.19969,9271839.404509524,2020-07-18 23:59:59.999,1851493.6106865068,1854,,,0
2020-07-19,0.19985,0.20217,0.19585,0.19965,8950190.84160037,2020-07-19 23:59:59.999,1786905.6015255137,1941,,,0
2020-07-20,0.19983,0.20029,0.19172,0.19484,8370877.900865798,2020-07-20 23:59:59.999,1630981.8502046922,1950,,,0
2020-07-21,0.19473,0.20114,0.19417,0.1996,8896131.073833251,2020-07-21 23:59:59.999,1775667.762337117,2173,,,0
2020-07-22,0.1996,0.20484,0.19628,0.20423,11475866.089707095,2020-07-22 23:59:59.999,2343716.13150088,2505,,,0
2020-07-23,0.20421,0.21049,0.202,0.20861,19612230.48704054,2020-07-23 23:59:59.999,4091307.4019015264,3944,,,0
2020-07-24,0.2086,0.2087,0.20191,0.20428,10545970.791420778,2020-07-24 23:59:59.999,2154330.9132714365,2214,,,0
2020-07-25,0.20424,0.21783,0.20388,0.21491,11531638.768200302,2020-07-25 23:59:59.999,2478264.487673927,3125,,,0
2020-07-26,0.21486,0.22528,0.21301,0.21547,21921112.723761503,2020-07-26 23:59:59.999,4723342.158588891,4548,,,0
2020-07-27,0.21544,0.22954,0.20903,0.22432,29767613.69376345,2020-07-27 23:59:59.999,6677471.103785017,6736,,,0
2020-07-28,0.22473,0.235,0.2172,0.23086,19955780.078241125,2020-07-28 23:59:59.999,4606991.388862746,5238,,,0
2020-07-29,0.23082,0.25,0.2299,0.24342,28537053.82033217,2020-07-29 23:59:59.999,6946489.640945257,7398,,,0
2020-07-30,0.2435,0.24977,0.235,0.24458,19951842.472500045,2020-07-30 23:59:59.999,4879821.631924061,5141,,,0
2020-07-31,0.24451,0.26125,0.24211,0.26012999,24988827.17027738,2020-07-31 23:59:59.999,6500343.361915982,5685,,,0
2020-08-01,0.25990999,0.29815,0.25611,0.29142,62189232.71078143,2020-08-01 23:59:59.999,18123186.196575925,14015,,,0
2020-08-02,0.29124,0.3262,0.24,0.28798,98308360.57138608,2020-08-02 23:59:59.999,28310841.677347764,23099,,,0
2020-08-03,0.28871,0.32,0.28410999,0.31029,54104634.49357056,2020-08-03 23:59:59.999,16788127.03701001,14023,,,0
2020-08-04,0.3103,0.31945,0.29121,0.30157,38622635.1538118,2020-08-04 23:59:59.999,11647428.083335023,10470,,,0
2020-08-05,0.30195,0.30877,0.29118,0.30275999,27669877.144413885,2020-08-05 23:59:59.999,8377331.727543976,7937,,,0
2020-08-06,0.30275999,0.31141,0.29738,0.3034,19144999.61475935,2020-08-06 23:59:59.999,5808592.883117986,6213,,,0
2020-08-07,0.30338,0.31049,0.2781,0.2947,33969665.36530322,2020-08-07 23:59:59.999,10010860.38315486,9161,,,0
2020-08-08,0.29471,0.29913,0.29057,0.29568,13799748.547214242,2020-08-08 23:59:59.999,4080309.650440307,4247,,,0
2020-08-09,0.29545,0.29845,0.28219,0.28794,18179513.62785707,2020-08-09 23:59:59.999,5234609.154005164,4620,,,0
2020-08-10,0.28806,0.30076,0.28475,0.29474,22244823.5272184,2020-08-10 23:59:59.999,6556439.286412352,6099,,,0
2020-08-11,0.29474,0.30749,0.26784,0.28292,40426168.17753971,2020-08-11 23:59:59.999,11437371.500789536,10528,,,0
2020-08-12,0.28292,0.28755,0.27205,0.28233,20407195.53570026,2020-08-12 23:59:59.999,5761563.515594255,5958,,,0
2020-08-13,0.28235,0.2957,0.27282,0.29507,28760762.102445632,2020-08-13 23:59:59.999,8486438.073568633,7073,,,0
2020-08-14,0.29491,0.3074,0.29018,0.30031999,36411036.33533461,2020-08-14 23:59:59.999,10934962.068117324,8232,,,0
2020-08-15,0.30056,0.30547999,0.29061,0.29891,22405182.81825004,2020-08-15 23:59:59.999,6697133.19620312,5475,,,0
2020-08-16,0.29891,0.3048,0.292,0.30467,22590631.768028535,2020-08-16 23:59:59.999,6882687.780765254,4341,,,0
2020-08-17,0.3048,0.32756999,0.29734,0.3155,41245982.96618777,2020-08-17 23:59:59.999,13013107.625832241,10223,,,0
2020-08-18,0.31548,0.32168,0.29809999,0.30292,28748263.9619591,2020-08-18 23:59:59.999,8708424.11935665,7342,,,0
2020-08-19,0.30292,0.30603,0.27889999,0.28992,26001837.85269743,2020-08-19 23:59:59.999,7538452.830254039,7739,,,0
2020-08-20,0.29003,0.295,0.28482,0.29246,11123938.588862495,2020-08-20 23:59:59.999,3253307.0796987256,3630,,,0
2020-08-21,0.29245,0.29576999,0.27752,0.27921,19074882.277102515,2020-08-21 23:59:59.999,5325897.880589793,5456,,,0
2020-08-22,0.27916999,0.28677,0.27317,0.28615,12408053.37021501,2020-08-22 23:59:59.999,3550564.471887025,3480,,,0
2020-08-23,0.28614,0.28811,0.27773,0.28493,7796220.976303923,2020-08-23 23:59:59.999,2221377.242778277,2157,,,0
2020-08-24,0.28476,0.292,0.28238,0.2887,8458042.16421014,2020-08-24 23:59:59.999,2441836.7728074677,2354,,,0
2020-08-25,0.2887,0.28971,0.27034999,0.27653,14437105.173440116,2020-08-25 23:59:59.999,3992292.693611395,4466,,,0
2020-08-26,0.27634,0.28097,0.27422,0.27649,10888984.07585613,2020-08-26 23:59:59.999,3010695.2071334617,2908,,,0
2020-08-27,0.27658,0.27836,0.25355,0.2645,26235491.657399695,2020-08-27 23:59:59.999,6939287.54338222,6275,,,0
2020-08-28,0.26493,0.27318,0.26004,0.27178,14140821.435541572,2020-08-28 23:59:59.999,3843192.449751489,3619,,,0
2020-08-29,0.27181,0.27719,0.26865,0.27399,8185316.379551769,2020-08-29 23:59:59.999,2242694.834833389,2597,,,0
2020-08-30,0.274,0.2838,0.274,0.283,11148031.444384092,2020-08-30 23:59:59.999,3154892.898760698,3118,,,0
2020-08-31,0.283,0.28465,0.27804,0.28132,11744776.639072292,2020-08-31 23:59:59.999,3304040.564103817,2948,,,0
2020-09-01,0.2814,0.29946,0.27464,0.29539,17764461.12932233,2020-09-01 23:59:59.999,5247444.172990523,5640,,,0
2020-09-02,0.29529,0.30432,0.26434,0.276,28098383.97072379,2020-09-02 23:59:59.999,7755153.975919766,8434,,,0
2020-09-03,0.27587,0.27652,0.23708,0.24456,38031682.180812925,2020-09-03 23:59:59.999,9301028.19413961,9233,,,0
2020-09-04,0.24471,0.2659,0.24033,0.25406,23142299.241219528,2020-09-04 23:59:59.999,5879532.5452242335,6920,,,0
2020-09-05,0.25405,0.25999,0.23122,0.23724,23771968.61088212,2020-09-05 23:59:59.999,5639661.833245674,6045,,,0
2020-09-06,0.23716,0.24328,0.22967,0.23988,11521140.708180709,2020-09-06 23:59:59.999,2763691.2330783885,2879,,,0
2020-09-07,0.23963,0.24294,0.23,0.24207,9186489.882185008,2020-09-07 23:59:59.999,2223773.605780525,2888,,,0
2020-09-08,0.24258,0.24334,0.231,0.23671,12000611.713614428,2020-09-08 23:59:59.999,2840664.798729671,3188,,,0
2020-09-09,0.23656,0.24302,0.23319,0.23918,8692816.66303596,2020-09-09 23:59:59.999,2079147.889464941,2660,,,0
2020-09-10,0.23903,0.24858,0.23903,0.24337,8782561.597441422,2020-09-10 23:59:59.999,2137412.015969319,2827,,,0
2020-09-11,0.24321,0.24452,0.23701,0.24276,7101947.672576911,2020-09-11 23:59:59.999,1724068.816994771,2098,,,0
2020-09-12,0.2429,0.24875,0.24033,0.24751,4251707.547872087,2020-09-12 23:59:59.999,1052340.1351738202,1444,,,0
2020-09-13,0.24799,0.25336,0.23778,0.24207,7203557.7431722,2020-09-13 23:59:59.999,1743765.2228896946,2431,,,0
2020-09-14,0.24207,0.24837,0.23903,0.24565,7902946.102892691,2020-09-14 23:59:59.999,1941358.7101755897,2171,,,0
2020-09-15,0.24569,0.249,0.24241,0.24344,8710952.96543115,2020-09-15 23:59:59.999,2120594.389904559,2256,,,0
2020-09-16,0.24284,0.251,0.23441,0.24688,12793532.942930534,2020-09-16 23:59:59.999,3158467.4129506904,2943,,,0
2020-09-17,0.2471,0.25849,0.24613,0.25222,12579000.1308064,2020-09-17 23:59:59.999,3172675.41299199,3240,,,0
2020-09-18,0.25205,0.25502,0.24662,0.25081,10797865.346899947,2020-09-18 23:59:59.999,2708212.6076559755,2446,,,0
2020-09-19,0.25072,0.25485,0.24753,0.25115,7177426.40670658,2020-09-19 23:59:59.999,1802610.6420443575,2177,,,0
2020-09-20,0.25098,0.25127,0.24252,0.2465,5051123.7521188045,2020-09-20 23:59:59.999,1245102.0048972853,1821,,,0
2020-09-21,0.24651,0.2479,0.2293,0.23075,14304721.049863536,2020-09-21 23:59:59.999,3300814.382256011,3958,,,0
2020-09-22,0.23115,0.23442,0.2295,0.23313,6700747.932428643,2020-09-22 23:59:59.999,1562145.3654870896,2133,,,0
2020-09-23,0.23296,0.23506,0.22059,0.22126,11417672.125282263,2020-09-23 23:59:59.999,2526274.1344399536,3051,,,0
2020-09-24,0.22139,0.235,0.21925,0.23297,11447093.42954601,2020-09-24 23:59:59.999,2666829.356281334,3086,,,0
2020-09-25,0.23298,0.2447,0.2299,0.24168,13096295.5968611,2020-09-25 23:59:59.999,3165112.719849391,2724,,,0
2020-09-26,0.24174,0.24555,0.23806,0.2416,6896831.87025341,2020-09-26 23:59:59.999,1666274.5798532239,1631,,,0
2020-09-27,0.24169,0.24483,0.23748,0.24335,4232487.289205061,2020-09-27 23:59:59.999,1029975.7818280517,1324,,,0
2020-09-28,0.24336,0.255,0.2396,0.24079,9232297.137699706,2020-09-28 23:59:59.999,2223044.8277867124,2230,,,0
2020-09-29,0.24072,0.24655,0.23831,0.24273,9669295.991200645,2020-09-29 23:59:59.999,2347028.2159441323,2073,,,0
2020-09-30,0.24253,0.24253,0.23786,0.24184,5506977.311072138,2020-09-30 23:59:59.999,1331807.3929096858,1401,,,0
2020-10-01,0.24198,0.24449,0.23379,0.23803,9335883.00864125,2020-10-01 23:59:59.999,2222220.2325468767,2190,,,0
2020-10-02,0.23771,0.23919,0.229,0.23404,12110816.17291565,2020-10-02 23:59:59.999,2834415.417109179,3404,,,0
2020-10-03,0.23409,0.23495,0.23261,0.23276,4211265.765176628,2020-10-03 23:59:59.999,980214.2195025119,1105,,,0
2020-10-04,0.23277,0.25031,0.2318,0.24789,14009168.20563335,2020-10-04 23:59:59.999,3472732.706494451,3133,,,0
2020-10-05,0.24789,0.25448,0.24657,0.25055,14607487.773588307,2020-10-05 23:59:59.999,3659906.06167255,3453,,,0
2020-10-06,0.25097,0.25929,0.2405,0.24565,19994626.85180971,2020-10-06 23:59:59.999,4911680.086147055,4613,,,0
2020-10-07,0.2456,0.25127,0.24105,0.24882,8926558.680839306,2020-10-07 23:59:59.999,2221106.3309664363,2311,,,0
2020-10-08,0.24893,0.253,0.24225,0.25145,7431425.02838668,2020-10-08 23:59:59.999,1868631.8233878308,2492,,,0
2020-10-09,0.25144,0.25653,0.24848,0.25314,9838575.802392151,2020-10-09 23:59:59.999,2490537.078617549,2894,,,0
2020-10-10,0.25313,0.26044,0.25309,0.25404,10065121.348008744,2020-10-10 23:59:59.999,2556943.4272481413,2734,,,0
2020-10-11,0.25411,0.25837,0.25354,0.25549,4875191.433449486,2020-10-11 23:59:59.999,1245562.6593320093,1462,,,0
2020-10-12,0.25546,0.25843,0.249,0.25622,11790733.515666747,2020-10-12 23:59:59.999,3021021.741384134,2939,,,0
2020-10-13,0.25615,0.25998,0.25261,0.25678,8820947.551098283,2020-10-13 23:59:59.999,2265042.9121710174,2183,,,0
2020-10-14,0.25662,0.25867,0.24632,0.24937,12901814.974827668,2020-10-14 23:59:59.999,3217325.6002727756,2959,,,0
2020-10-15,0.24911,0.25032,0.24294,0.24604,10664743.325644596,2020-10-15 23:59:59.999,2623953.4478415963,2672,,,0
2020-10-16,0.24586,0.24797,0.23783,0.24024,12134200.399191352,2020-10-16 23:59:59.999,2915120.3039017306,3155,,,0
2020-10-17,0.24024,0.24307,0.23899,0.24064,4361532.573971636,2020-10-17 23:59:59.999,1049559.1986005343,1085,,,0
2020-10-18,0.24064,0.24342,0.2404,0.24216,3173277.731374498,2020-10-18 23:59:59.999,768440.9354296484,983,,,0
2020-10-19,0.24229,0.24968,0.24035,0.24574,6124439.279721328,2020-10-19 23:59:59.999,1505019.708598719,2178,,,0
2020-10-20,0.24569,0.25034,0.24159,0.2436,6365016.62076121,2020-10-20 23:59:59.999,1550518.0488174309,2222,,,0
2020-10-21,0.24351,0.255,0.24311,0.25146,17703890.988822963,2020-10-21 23:59:59.999,4451820.428049423,4008,,,0
2020-10-22,0.25146,0.26391,0.25111,0.25746,15294868.04926706,2020-10-22 23:59:59.999,3937816.7279642974,4172,,,0
2020-10-23,0.25737,0.2596,0.2505,0.25499,7457840.034312868,2020-10-23 23:59:59.999,1901674.6303494382,2277,,,0
2020-10-24,0.25495,0.25751,0.25283,0.25632,3008071.447048938,2020-10-24 23:59:59.999,771028.8733075837,982,,,0
2020-10-25,0.2563,0.25738,0.25151,0.25323,5602960.5889373375,2020-10-25 23:59:59.999,1418837.709936602,1615,,,0
2020-10-26,0.25328,0.259,0.244,0.24854,9828905.580396105,2020-10-26 23:59:59.999,2442876.192951648,2891,,,0
2020-10-27,0.24849,0.2542,0.24796,0.25277,7294472.452629035,2020-10-27 23:59:59.999,1843823.8018510411,2325,,,0
2020-10-28,0.25276,0.25676,0.24448,0.24559,8924112.181934064,2020-10-28 23:59:59.999,2191672.7107611867,3040,,,0
2020-10-29,0.24557,0.24725,0.24,0.24239,10444691.133903695,2020-10-29 23:59:59.999,2531688.683946917,2613,,,0
2020-10-30,0.24259,0.24416,0.23101,0.2393,8881549.426871408,2020-10-30 23:59:59.999,2125354.777850328,2687,,,0
2020-10-31,0.23929,0.24376,0.2379,0.23999,8233021.233283742,2020-10-31 23:59:59.999,1975842.7657757653,1821,,,0
2020-11-01,0.23975,0.24148,0.23689,0.24009,3347617.688496155,2020-11-01 23:59:59.999,803729.5308310419,1127,,,0
2020-11-02,0.2406,0.24489,0.23297,0.23549,7677591.779723125,2020-11-02 23:59:59.999,1807996.0882069985,2225,,,0
2020-11-03,0.23546,0.2442,0.22838,0.23948,10198517.078993008,2020-11-03 23:59:59.999,2442340.8700772454,2893,,,0
2020-11-04,0.23972,0.24052,0.23267,0.2379,8978000.15803196,2020-11-04 23:59:59.999,2135866.237595803,2225,,,0
2020-11-05,0.23845,0.24752,0.2373,0.24602,18916214.35594722,2020-11-05 23:59:59.999,4653767.055850134,4428,,,0
2020-11-06,0.24605,0.26194,0.24554,0.25864,21917897.213983875,2020-11-06 23:59:59.999,5668844.935424789,5056,,,0
2020-11-07,0.25884,0.26752,0.24432,0.24923,22114576.71889752,2020-11-07 23:59:59.999,5511615.95565083,5488,,,0
2020-11-08,0.24923,0.25722,0.24784,0.25369,7714922.962287555,2020-11-08 23:59:59.999,1957198.8063027302,2091,,,0
2020-11-09,0.25369,0.2561,0.24593,0.25056,14850842.109335048,2020-11-09 23:59:59.999,3721026.9989149896,3530,,,0
2020-11-10,0.25055,0.26462,0.24823,0.25409,13762811.932410603,2020-11-10 23:59:59.999,3496992.88390621,3465,,,0
2020-11-11,0.25432,0.26,0.25274,0.25612,13841436.435063798,2020-11-11 23:59:59.999,3545068.6997485403,3374,,,0
2020-11-12,0.25613,0.25829,0.25281,0.25499,9872902.283138271,2020-11-12 23:59:59.999,2517491.353177428,2736,,,0
2020-11-13,0.25499,0.26598,0.25413,0.26598,14143496.809074055,2020-11-13 23:59:59.999,3761887.2812775173,3622,,,0
2020-11-14,0.266,0.27752,0.26111,0.2686,22248799.51053579,2020-11-14 23:59:59.999,5976027.548529914,6179,,,0
2020-11-15,0.26862,0.27705,0.26429,0.26964,13498930.034820342,2020-11-15 23:59:59.999,3639851.494588957,3942,,,0
2020-11-16,0.26925,0.28989,0.26767,0.28817,21018089.378465496,2020-11-16 23:59:59.999,6056782.816192402,6260,,,0
2020-11-17,0.28815,0.3055,0.28771,0.30278,34477531.959410675,2020-11-17 23:59:59.999,10439107.126670364,9905,,,0
2020-11-18,0.30278,0.3082,0.28049,0.29366,30107357.697861265,2020-11-18 23:59:59.999,8841326.661553938,8545,,,0
2020-11-19,0.2938,0.30694,0.28424,0.30386,23892367.354776997,2020-11-19 23:59:59.999,7259934.744422539,6285,,,0
2020-11-20,0.30394,0.33113,0.29727,0.33041,32736725.929480843,2020-11-20 23:59:59.999,10816541.614359764,9596,,,0
2020-11-21,0.3302,0.47084,0.32997,0.46241,136056258.0053837,2020-11-21 23:59:59.999,62913774.26426948,33900,,,0
2020-11-22,0.46316,0.498,0.40401,0.44669,159910788.76035392,2020-11-22 23:59:59.999,71430550.23136249,41876,,,0
2020-11-23,0.44603,0.62,0.43266,0.61686,181299581.64284357,2020-11-23 23:59:59.999,111836459.93220448,50655,,,0
2020-11-24,0.61749,0.78716,0.56641,0.69401,305590624.41417164,2020-11-24 23:59:59.999,212082949.24967927,99380,,,0
2020-11-25,0.69353,0.72399,0.58126,0.63053,171666650.11054638,2020-11-25 23:59:59.999,108240972.89420281,52678,,,0
2020-11-26,0.63013,0.6518,0.45501,0.537,212615879.9078088,2020-11-26 23:59:59.999,114174727.51049334,64959,,,0
2020-11-27,0.537,0.588,0.49552,0.56192,85594538.06044333,2020-11-27 23:59:59.999,48097282.82692431,25248,,,0
2020-11-28,0.562,0.65547,0.54014,0.62706,90993958.98756132,2020-11-28 23:59:59.999,57058671.92274019,27605,,,0
2020-11-29,0.62674,0.63799,0.58291,0.60568,71353127.9272533,2020-11-29 23:59:59.999,43217162.52297878,19306,,,0
2020-11-30,0.60595,0.68898,0.599,0.66415,87468492.54241395,2020-11-30 23:59:59.999,58092199.32204422,27341,,,0
2020-12-01,0.6647,0.68188,0.57287,0.61117,92344129.24807696,2020-12-01 23:59:59.999,56437961.472547196,28006,,,0
2020-12-02,0.61153,0.63711,0.59348,0.63098,41955012.704685174,2020-12-02 23:59:59.999,26472773.91640225,13624,,,0
2020-12-03,0.62979,0.64249,0.61447,0.63098,31069063.126131985,2020-12-03 23:59:59.999,19603957.45132676,9182,,,0
2020-12-04,0.6298,0.63459,0.543,0.5538,66608649.341490686,2020-12-04 23:59:59.999,36887870.00531754,20127,,,0
2020-12-05,0.55313,0.59649,0.54832,0.58591,34094486.452708036,2020-12-05 23:59:59.999,19976300.557506166,10454,,,0
2020-12-06,0.5857,0.62911,0.58001,0.62223,50968313.56506136,2020-12-06 23:59:59.999,31714013.74958813,15548,,,0
2020-12-07,0.62402,0.62469,0.59072,0.60845,26987059.49335279,2020-12-07 23:59:59.999,16420276.348730506,7787,,,0
2020-12-08,0.6085,0.61059,0.55,0.5588,41374188.963481456,2020-12-08 23:59:59.999,23119896.792793438,12647,,,0
2020-12-09,0.55843,0.60527,0.5028,0.58313,72903037.46791245,2020-12-09 23:59:59.999,42511948.23866379,21430,,,0
2020-12-10,0.58313,0.58874,0.55275,0.57194,31886261.36464234,2020-12-10 23:59:59.999,18237028.32489354,9955,,,0
2020-12-11,0.57199,0.5944,0.528,0.55074,79643851.89345993,2020-12-11 23:59:59.999,43863054.99180412,23465,,,0
2020-12-12,0.55212,0.55212,0.48,0.50679,75450622.86903869,2020-12-12 23:59:59.999,38237621.16380011,23950,,,0
2020-12-13,0.50668,0.52788,0.48604,0.5131,33767560.50943767,2020-12-13 23:59:59.999,17326135.29739247,13693,,,0
2020-12-14,0.51316,0.51886,0.48955,0.49777,22094555.293913245,2020-12-14 23:59:59.999,10998006.788651196,10145,,,0
2020-12-15,0.498,0.50711,0.465,0.46885,36300357.53306107,2020-12-15 23:59:59.999,17019422.629375685,14735,,,0
2020-12-16,0.46857,0.575,0.43727,0.5701,95616567.15178978,2020-12-16 23:59:59.999,54511004.93323536,31662,,,0
2020-12-17,0.57,0.659,0.54017,0.57848,165243850.89459735,2020-12-17 23:59:59.999,95590262.86550668,53238,,,0
2020-12-18,0.57727,0.6181,0.551,0.58474,75202122.15410097,2020-12-18 23:59:59.999,43973688.908389,25756,,,0
2020-12-19,0.5845,0.59836,0.56635,0.57786,38488276.24677789,2020-12-19 23:59:59.999,22240835.311963074,13053,,,0
2020-12-20,0.57696,0.58658,0.52863,0.55632,43648408.62304671,2020-12-20 23:59:59.999,24282482.685173348,15996,,,0
2020-12-21,0.556,0.569,0.49924,0.51467,60922513.802217975,2020-12-21 23:59:59.999,31354990.178587522,22155,,,0
2020-12-22,0.51458,0.52188,0.39706,0.44667,193738933.84868547,2020-12-22 23:59:59.999,86537369.58219235,51630,,,0
2020-12-23,0.4461,0.44813,0.2,0.26001,473191187.8776483,2020-12-23 23:59:59.999,123034440.76006734,115386,,,0
2020-12-24,0.26056,0.38,0.24008,0.33782,227533022.7743346,2020-12-24 23:59:59.999,76865205.75362572,58368,,,0
2020-12-25,0.33866,0.38632,0.27802,0.31855,258593768.3141945,2020-12-25 23:59:59.999,82375044.89648665,63984,,,0
2020-12-26,0.31739,0.3285,0.28237,0.29434,113881361.72000542,2020-12-26 23:59:59.999,33519840.008666396,26377,,,0
2020-12-27,0.29447,0.31138,0.26561,0.28339,109480715.52778272,2020-12-27 23:59:59.999,31025739.973418344,24998,,,0
2020-12-28,0.28355,0.30942,0.23336,0.24745,120831104.30455914,2020-12-28 23:59:59.999,29899656.76016316,27869,,,0
2020-12-29,0.24764,0.25113,0.17208,0.22127,327446323.1956054,2020-12-29 23:59:59.999,72454047.9334916,65536,,,0
2020-12-30,0.22136,0.23739,0.19186,0.21138,138884482.78737918,2020-12-30 23:59:59.999,29357401.97159621,31632,,,0
2020-12-31,0.21142,0.22927,0.2052,0.2195,63217676.42977034,2020-12-31 23:59:59.999,13876279.97633459,15720,,,0
2021-01-01,0.21994,0.25092,0.21601,0.23804,82579936.77732944,2021-01-01 23:59:59.999,19657328.150475502,19275,,,0
2021-01-02,0.23814,0.23855,0.21076,0.22108,79416428.74244052,2021-01-02 23:59:59.999,17557384.06637875,16432,,,0
2021-01-03,0.22108,0.23886,0.21524,0.22518,90160770.35220052,2021-01-03 23:59:59.999,20302402.267908514,20756,,,0
2021-01-04,0.22575,0.26805,0.21439,0.23601,114590665.74287464,2021-01-04 23:59:59.999,27044543.02197584,27374,,,0
2021-01-05,0.23601,0.24298,0.218,0.22635,65711954.65810415,2021-01-05 23:59:59.999,14873900.936861875,15228,,,0
2021-01-06,0.22647,0.27628,0.222,0.24905,128861486.55185732,2021-01-06 23:59:59.999,32092953.225740064,27838,,,0
2021-01-07,0.24941,0.37168,0.24613,0.32407,333461466.1337738,2021-01-07 23:59:59.999,108064857.32997209,71973,,,0
2021-01-08,0.32382,0.34626,0.28076,0.3211,166532126.6173543,2021-01-08 23:59:59.999,53473465.85683247,33807,,,0
2021-01-09,0.3211,0.3406,0.30563,0.32547,76575005.20139465,2021-01-09 23:59:59.999,24922866.942897916,20426,,,0
2021-01-10,0.32554,0.369,0.28657,0.31525,130704933.3837647,2021-01-10 23:59:59.999,41204730.249231815,32250,,,0
2021-01-11,0.315,0.31592,0.25333,0.28781,179938478.3240546,2021-01-11 23:59:59.999,51788093.44644616,31764,,,0
2021-01-12,0.28772,0.31,0.2775,0.29251,76791870.4253418,2021-01-12 23:59:59.999,22462390.018116727,17418,,,0
2021-01-13,0.2925,0.30984,0.284,0.30578,52829122.69709156,2021-01-13 23:59:59.999,16154089.138316656,10001,,,0
2021-01-14,0.30578,0.30906,0.28325,0.29573,59841862.89358581,2021-01-14 23:59:59.999,17697034.11352013,11214,,,0
2021-01-15,0.29627,0.30323,0.26186,0.28058,63698103.91944576,2021-01-15 23:59:59.999,17872413.997718092,12170,,,0
2021-01-16,0.28006,0.29663,0.27516,0.27904,43563575.668009005,2021-01-16 23:59:59.999,12155980.154401233,8388,,,0
2021-01-17,0.27921,0.28552,0.26854,0.27732,23755667.81690092,2021-01-17 23:59:59.999,6587921.798982963,5862,,,0
2021-01-18,0.27766,0.28852,0.27158,0.28536,29350579.38150828,2021-01-18 23:59:59.999,8375481.332307203,6066,,,0
2021-01-19,0.28602,0.3296,0.28415,0.29424,72901446.53553858,2021-01-19 23:59:59.999,21450521.628616873,14051,,,0
2021-01-20,0.29417,0.312,0.28021,0.29534,43627196.395393744,2021-01-20 23:59:59.999,12884856.183415588,8549,,,0
2021-01-21,0.29596,0.30713,0.26,0.26804,75248040.06403638,2021-01-21 23:59:59.999,20169484.658764314,11783,,,0
2021-01-22,0.26799,0.27801,0.24,0.27282,55669768.60860832,2021-01-22 23:59:59.999,15187826.271800522,11542,,,0
2021-01-23,0.2721,0.28385,0.2659,0.27176,19235768.368247684,2021-01-23 23:59:59.999,5227512.411754991,4307,,,0
2021-01-24,0.27189,0.27789,0.268,0.27357,18187688.94552853,2021-01-24 23:59:59.999,4975606.064828239,3749,,,0
2021-01-25,0.27351,0.285,0.26667,0.26768,25549403.99738496,2021-01-25 23:59:59.999,6839064.462020006,5764,,,0
2021-01-26,0.2675,0.27104,0.25814,0.26866,21848338.67410784,2021-01-26 23:59:59.999,5869774.668185812,4781,,,0
2021-01-27,0.26851,0.2687,0.24369,0.25103,35278249.82482578,2021-01-27 23:59:59.999,8855899.053526014,6671,,,0
2021-01-28,0.25066,0.27076,0.24749,0.26476,33164414.402440827,2021-01-28 23:59:59.999,8780610.357190233,6804,,,0
2021-01-29,0.26488,0.31694,0.26024,0.28314,78979912.11449634,2021-01-29 23:59:59.999,22362372.316098493,17954,,,0
2021-01-30,0.28329,0.51775,0.27865,0.44432,265122223.5579456,2021-01-30 23:59:59.999,117799106.3712664,54259,,,0
2021-01-31,0.44427,0.5369,0.38701,0.49561,188784385.10875335,2021-01-31 23:59:59.999,93563429.10374925,40613,,,0
2021-02-01,0.49576,0.75991,0.35925,0.37115,441504727.2496592,2021-02-01 23:59:59.999,163864479.518711,110622,,,0
2021-02-02,0.37118,0.41186,0.34007,0.37244,65170712.23052842,2021-02-02 23:59:59.999,24272180.063138004,17705,,,0
2021-02-03,0.3734,0.419,0.3734,0.39797,32557676.657689143,2021-02-03 23:59:59.999,12956978.579460548,9911,,,0
2021-02-04,0.39797,0.48151,0.38024,0.44619,79245353.20223598,2021-02-04 23:59:59.999,35358484.14530567,21016,,,0
2021-02-05,0.44611,0.4723,0.42657,0.45276,50053356.05656099,2021-02-05 23:59:59.999,22662157.488168556,13283,,,0
2021-02-06,0.45244,0.45688,0.42642,0.44412,34449989.60038275,2021-02-06 23:59:59.999,15299929.381321989,8132,,,0
2021-02-07,0.444,0.45144,0.39219,0.41967,33643379.04017668,2021-02-07 23:59:59.999,14119116.881790947,9754,,,0
2021-02-08,0.41926,0.47,0.41347,0.45193,33771944.866645835,2021-02-08 23:59:59.999,15262555.043583252,9824,,,0
2021-02-09,0.45194,0.49092,0.44946,0.47697,38120857.93022854,2021-02-09 23:59:59.999,18182505.606981106,10819,,,0
2021-02-10,0.47706,0.5429,0.451,0.50568,78534745.15928689,2021-02-10 23:59:59.999,39713449.932148196,21984,,,0
2021-02-11,0.50492,0.53544,0.49895,0.52917,31412718.182817765,2021-02-11 23:59:59.999,16622668.080801677,9409,,,0
2021-02-12,0.52855,0.62,0.5193,0.61031,63376893.36893075,2021-02-12 23:59:59.999,38679551.79199213,18348,,,0
2021-02-13,0.61058,0.6432,0.54365,0.63446,58323929.63544988,2021-02-13 23:59:59.999,37004200.39650753,18390,,,0
2021-02-14,0.63542,0.64031,0.56213,0.59259,35960086.45528495,2021-02-14 23:59:59.999,21309587.63253731,10785,,,0
2021-02-15,0.59312,0.60449,0.51117,0.54911,40523916.69927819,2021-02-15 23:59:59.999,22252087.898740645,13727,,,0
2021-02-16,0.54923,0.58012,0.48201,0.51985,38562350.80850831,2021-02-16 23:59:59.999,20046638.067803044,12010,,,0
2021-02-17,0.52017,0.55741,0.49394,0.53367,26752114.72499242,2021-02-17 23:59:59.999,14276801.065286705,7676,,,0
2021-02-18,0.53489,0.5599,0.51955,0.53199,19690665.489071157,2021-02-18 23:59:59.999,10475237.133530963,5442,,,0
2021-02-19,0.53255,0.58151,0.51469,0.56451,42977922.484606005,2021-02-19 23:59:59.999,24261467.021784935,9669,,,0
2021-02-20,0.56518,0.58285,0.431,0.51247,53140479.49377162,2021-02-20 23:59:59.999,27232901.52617314,13598,,,0
2021-02-21,0.51204,0.55839,0.50387,0.54515,27812971.863281015,2021-02-21 23:59:59.999,15162241.611267647,6950,,,0
2021-02-22,0.54511,0.64919,0.47,0.56619,103399300.14460668,2021-02-22 23:59:59.999,58543649.74887485,31289,,,0
2021-02-23,0.56657,0.57095,0.367,0.47646,121280619.93152273,2021-02-23 23:59:59.999,57785364.17257332,29015,,,0
2021-02-24,0.47104,0.50044,0.4513,0.46923,26556668.781116754,2021-02-24 23:59:59.999,12461185.692163413,7515,,,0
2021-02-25,0.46806,0.48195,0.42524,0.43564,21446046.09272716,2021-02-25 23:59:59.999,9342755.51983566,5960,,,0
2021-02-26,0.43489,0.4503,0.41137,0.42821,30460802.224385165,2021-02-26 23:59:59.999,13043620.120503971,7442,,,0
2021-02-27,0.42857,0.45856,0.42752,0.43639,18113479.472896177,2021-02-27 23:59:59.999,7904541.307177163,4328,,,0
2021-02-28,0.43602,0.43831,0.3934,0.41661,18604279.446324587,2021-02-28 23:59:59.999,7750728.860133286,5738,,,0
2021-03-01,0.41662,0.45422,0.41314,0.44593,17809919.22847637,2021-03-01 23:59:59.999,7941977.281554468,4300,,,0
2021-03-02,0.44625,0.45574,0.42228,0.43624,22902381.788985655,2021-03-02 23:59:59.999,9990935.031627102,4807,,,0
2021-03-03,0.43638,0.46884,0.43154,0.44935,14521441.68461362,2021-03-03 23:59:59.999,6525209.820981131,4169,,,0
2021-03-04,0.44818,0.49431,0.43562,0.48101,35052669.47498911,2021-03-04 23:59:59.999,16860684.544164512,9229,,,0
2021-03-05,0.48187,0.48418,0.44629,0.45649,19210646.8126776,2021-03-05 23:59:59.999,8769468.163519198,5575,,,0
2021-03-06,0.45504,0.47105,0.44967,0.46318,13101899.587068236,2021-03-06 23:59:59.999,6068537.850738265,3639,,,0
2021-03-07,0.46426,0.46885,0.45712,0.46577,5190286.232390816,2021-03-07 23:59:59.999,2417479.6184606706,2267,,,0
2021-03-08,0.46613,0.48957,0.45557,0.47441,13990202.822700744,2021-03-08 23:59:59.999,6637092.121117461,4208,,,0
2021-03-09,0.47424,0.48768,0.4714,0.48555,8544603.024473635,2021-03-09 23:59:59.999,4148831.9985331735,3004,,,0
2021-03-10,0.48555,0.48865,0.45521,0.46237,14321571.50556589,2021-03-10 23:59:59.999,6621865.0170285,4090,,,0
2021-03-11,0.46161,0.46384,0.441,0.45208,12758002.82768684,2021-03-11 23:59:59.999,5767637.918340667,3863,,,0
2021-03-12,0.45209,0.46441,0.4233,0.43941,14393190.867112014,2021-03-12 23:59:59.999,6324511.9989176905,4152,,,0
2021-03-13,0.43821,0.46644,0.43262,0.458,11479750.808650604,2021-03-13 23:59:59.999,5257725.870361976,3837,,,0
2021-03-14,0.45864,0.46124,0.43911,0.43989,6690941.428001975,2021-03-14 23:59:59.999,2943278.2247637887,2577,,,0
2021-03-15,0.43908,0.44807,0.4232,0.43562,12695030.76416984,2021-03-15 23:59:59.999,5530209.301487666,3770,,,0
2021-03-16,0.43593,0.53116,0.42736,0.45984,49745873.265989274,2021-03-16 23:59:59.999,22875142.36263251,11332,,,0
2021-03-17,0.46072,0.482,0.454,0.47013,15043285.212036287,2021-03-17 23:59:59.999,7072299.67673462,4639,,,0
2021-03-18,0.47014,0.49,0.46633,0.46898,15790579.668528715,2021-03-18 23:59:59.999,7405466.052946597,4770,,,0
2021-03-19,0.46902,0.47499,0.45902,0.46727,9258783.038248762,2021-03-19 23:59:59.999,4326351.5502825,2698,,,0
2021-03-20,0.46652,0.55,0.41784,0.52542,53833759.330833614,2021-03-20 23:59:59.999,28285333.827606596,13531,,,0
2021-03-21,0.52622,0.5458,0.49602,0.5171,19292484.88573808,2021-03-21 23:59:59.999,9976143.93441516,6245,,,0
2021-03-22,0.5172,0.6,0.5025,0.54441,65703144.67072174,2021-03-22 23:59:59.999,35769448.99018762,18596,,,0
2021-03-23,0.54676,0.59595,0.5383,0.54963,25000606.76152769,2021-03-23 23:59:59.999,13741083.494338464,9278,,,0
2021-03-24,0.54943,0.5626,0.45319,0.47929,36586186.81441603,2021-03-24 23:59:59.999,17535393.478281457,10801,,,0
2021-03-25,0.48033,0.524,0.45701,0.51231,24873545.364192683,2021-03-25 23:59:59.999,12742966.025529554,9209,,,0
2021-03-26,0.51053,0.57628,0.51053,0.56346,25868965.941368923,2021-03-26 23:59:59.999,14576127.549323732,7709,,,0
2021-03-27,0.5675,0.5745,0.53403,0.54807,20747072.76443558,2021-03-27 23:59:59.999,11370848.170004206,4859,,,0
2021-03-28,0.5474,0.56,0.54,0.54765,9245237.75903294,2021-03-28 23:59:59.999,5063154.458734389,2885,,,0
2021-03-29,0.54659,0.57088,0.54351,0.56522,18800877.508585133,2021-03-29 23:59:59.999,10626631.985402487,4597,,,0
2021-03-30,0.56598,0.58603,0.55938,0.56336,15658717.341548515,2021-03-30 23:59:59.999,8821495.001534771,4227,,,0
2021-03-31,0.56314,0.58,0.529,0.56954,19329189.45675547,2021-03-31 23:59:59.999,11008746.563200511,7132,,,0
2021-04-01,0.57029,0.59411,0.54864,0.57008,18258991.326582015,2021-04-01 23:59:59.999,10409085.775457876,6539,,,0
2021-04-02,0.57215,0.60877,0.56434,0.60649,26988755.43025235,2021-04-02 23:59:59.999,16368410.280893747,8240,,,0
2021-04-03,0.6071,0.64172,0.57372,0.57962,31256461.512662742,2021-04-03 23:59:59.999,18116870.22196958,12084,,,0
2021-04-04,0.57857,0.63534,0.56743,0.63465,10695541.188191408,2021-04-04 23:59:59.999,6787925.215085678,4856,,,0
2021-04-05,0.63466,0.93953,0.62015,0.91431,143191261.26439738,2021-04-05 23:59:59.999,130921202.08665116,50233,,,0
2021-04-06,0.91604,1.11964,0.80542,1.09702,118453973.77289385,2021-04-06 23:59:59.999,129946378.30834001,59396,,,0
2021-04-07,1.09702,1.11142,0.85518,0.91441,65502172.27596384,2021-04-07 23:59:59.999,59895841.3508641,38649,,,0
2021-04-08,0.91694,1.07202,0.90155,1.06262,33797347.36284936,2021-04-08 23:59:59.999,35913737.25471099,19458,,,0
2021-04-09,1.05711,1.08327,0.98012,1.01837,27303919.722058136,2021-04-09 23:59:59.999,27805492.727352343,15147,,,0
2021-04-10,1.01912,1.39852,1.00568,1.37394,91959774.4735959,2021-04-10 23:59:59.999,126347212.54025234,48054,,,0
2021-04-11,1.37056,1.49667,1.28937,1.35243,56902285.24386751,2021-04-11 23:59:59.999,76956357.63236374,34642,,,0
2021-04-12,1.35059,1.47648,1.31763,1.46819,36918031.2628468,2021-04-12 23:59:59.999,54202684.31979904,22356,,,0
2021-04-13,1.46908,1.88933,1.41863,1.79583,87216152.07401551,2021-04-13 23:59:59.999,156625382.37907928,54852,,,0
2021-04-14,1.79692,1.96598,1.5454,1.83817,87740983.90350763,2021-04-14 23:59:59.999,161282844.38191062,53513,,,0
2021-04-15,1.83586,1.88353,1.65261,1.75937,34501162.79168195,2021-04-15 23:59:59.999,60700310.78080148,26763,,,0
2021-04-16,1.75954,1.80892,1.42051,1.54981,73191953.82980825,2021-04-16 23:59:59.999,113433621.96497512,43789,,,0
2021-04-17,1.55171,1.74524,1.53407,1.54211,28782762.193901215,2021-04-17 23:59:59.999,44386185.406837,20756,,,0
2021-04-18,1.54127,1.56714,1.15,1.41371,95687312.14278828,2021-04-18 23:59:59.999,135274110.04938123,53701,,,0
2021-04-19,1.41956,1.5325,1.25329,1.31032,60689585.46914717,2021-04-19 23:59:59.999,79522777.63193291,34986,,,0
2021-04-20,1.31033,1.44778,1.17328,1.38587,59122723.13402276,2021-04-20 23:59:59.999,81936408.30974811,31754,,,0
2021-04-21,1.38649,1.46406,1.277,1.29017,41942474.97781815,2021-04-21 23:59:59.999,54112922.94213164,21863,,,0
2021-04-22,1.29195,1.41999,1.09124,1.15592,58182828.372071736,2021-04-22 23:59:59.999,67254694.97184516,29542,,,0
2021-04-23,1.15626,1.19617,0.868,1.17113,95937279.61960068,2021-04-23 23:59:59.999,112355026.28090295,50003,,,0
2021-04-24,1.17183,1.17279,1.02365,1.052,25888056.948939167,2021-04-24 23:59:59.999,27234235.910284005,15357,,,0
2021-04-25,1.05221,1.15555,0.94139,1.03246,40153100.46578528,2021-04-25 23:59:59.999,41456470.10690467,18993,,,0
2021-04-26,1.03676,1.37241,1.01639,1.365,72116749.717326,2021-04-26 23:59:59.999,98439363.36414999,31865,,,0
2021-04-27,1.36311,1.46435,1.33055,1.40322,51935581.77982082,2021-04-27 23:59:59.999,72877047.06508017,24655,,,0
2021-04-28,1.40356,1.44908,1.286,1.35998,29494969.68235327,2021-04-28 23:59:59.999,40112568.8686068,14988,,,0
2021-04-29,1.36044,1.419,1.32904,1.39984,23380176.789707955,2021-04-29 23:59:59.999,32728506.677304782,11219,,,0
2021-04-30,1.39905,1.63938,1.37663,1.60042,45942405.179918595,2021-04-30 23:59:59.999,73527144.09804532,24276,,,0
2021-05-01,1.60146,1.668,1.52634,1.6544,20873805.39353633,2021-05-01 23:59:59.999,34533623.6430665,11871,,,0
2021-05-02,1.65732,1.65732,1.52578,1.56244,14239244.345840666,2021-05-02 23:59:59.999,22247964.93571529,9059,,,0
2021-05-03,1.56179,1.62204,1.50399,1.55255,18370994.651542384,2021-05-03 23:59:59.999,28521887.74625213,11743,,,0
2021-05-04,1.55784,1.55784,1.325,1.38884,54392057.24238005,2021-05-04 23:59:59.999,75541864.78050712,28854,,,0
2021-05-05,1.38884,1.62749,1.36874,1.61348,42968275.5377131,2021-05-05 23:59:59.999,69328453.21458934,23015,,,0
2021-05-06,1.61515,1.76467,1.54,1.60424,49257601.52497808,2021-05-06 23:59:59.999,79021014.67043084,30755,,,0
2021-05-07,1.60423,1.69467,1.50786,1.58105,30063794.87728656,2021-05-07 23:59:59.999,47532362.89073392,18853,,,0
2021-05-08,1.58128,1.62888,1.54286,1.56533,12319267.490839984,2021-05-08 23:59:59.999,19283718.981436554,9917,,,0
2021-05-09,1.56474,1.59738,1.445,1.53661,25796629.72071819,2021-05-09 23:59:59.999,39639359.19515278,16878,,,0
2021-05-10,1.53661,1.62821,1.2,1.39233,43594123.73940033,2021-05-10 23:59:59.999,60697406.30607926,23068,,,0
2021-05-11,1.39176,1.48956,1.35105,1.47957,23080160.213793337,2021-05-11 23:59:59.999,34148712.64752221,12500,,,0
2021-05-12,1.48,1.54695,1.24092,1.255,46525119.77112516,2021-05-12 23:59:59.999,58389025.312762074,20243,,,0
2021-05-13,1.255,1.38951,1.2,1.36387,68524449.84684905,2021-05-13 23:59:59.999,93458441.41262202,29095,,,0
2021-05-14,1.3647,1.45,1.32289,1.4054,23015849.74230217,2021-05-14 23:59:59.999,32346475.227831468,12385,,,0
2021-05-15,1.40135,1.58491,1.324,1.48857,39757853.08604148,2021-05-15 23:59:59.999,59182347.36828876,24783,,,0
2021-05-16,1.49016,1.61324,1.34207,1.45004,61609338.719979584,2021-05-16 23:59:59.999,89336005.51751919,27221,,,0
2021-05-17,1.45015,1.56303,1.327,1.49543,46179246.97514547,2021-05-17 23:59:59.999,69057831.30404179,23016,,,0
2021-05-18,1.49577,1.70425,1.47331,1.59238,47844660.27502597,2021-05-18 23:59:59.999,76186880.12874585,24736,,,0
2021-05-19,1.59102,1.64397,1.052,1.06226,113349025.69656684,2021-05-19 23:59:59.999,120406136.03643508,61373,,,0
2021-05-20,1.06045,1.26853,0.933,1.18153,52178885.66699198,2021-05-20 23:59:59.999,61650918.78212103,32284,,,0
2021-05-21,1.18164,1.22081,0.8646,1.00921,62866028.45730673,2021-05-21 23:59:59.999,63445024.57939852,28313,,,0
2021-05-22,1.00736,1.01733,0.823,0.90547,39252007.328804016,2021-05-22 23:59:59.999,35541515.07601217,20786,,,0
2021-05-23,0.90616,0.96753,0.65085,0.7931,64981271.97004288,2021-05-23 23:59:59.999,51536646.79944101,32059,,,0
2021-05-24,0.7931,0.99853,0.756,0.99474,36383353.52042971,2021-05-24 23:59:59.999,36191977.08091225,19513,,,0
2021-05-25,0.99284,1.05906,0.882,0.97696,38321034.67671316,2021-05-25 23:59:59.999,37438118.03776169,23806,,,0
2021-05-26,0.97616,1.06941,0.9491,1.03307,21332059.93250915,2021-05-26 23:59:59.999,22037511.154477227,11493,,,0
2021-05-27,1.03053,1.0442,0.93482,0.97083,21219822.30230377,2021-05-27 23:59:59.999,20600840.085745566,11602,,,0
2021-05-28,0.9745,0.98495,0.84603,0.89936,28959311.61841484,2021-05-28 23:59:59.999,26044846.497137573,12455,,,0
2021-05-29,0.89901,0.94054,0.79454,0.83177,15433798.941143982,2021-05-29 23:59:59.999,12837370.94527533,9287,,,0
2021-05-30,0.8304,0.93292,0.79936,0.90521,12097273.509003466,2021-05-30 23:59:59.999,10950572.953085028,7725,,,0
2021-05-31,0.90443,1.0507,0.8808,1.04118,17971736.282804247,2021-05-31 23:59:59.999,18711812.382930126,11226,,,0
2021-06-01,1.04108,1.09942,0.97312,1.01077,14330928.07449939,2021-06-01 23:59:59.999,14485272.169861747,9649,,,0
2021-06-02,1.01244,1.04883,0.98064,1.02688,7459892.566693994,2021-06-02 23:59:59.999,7660414.478886729,5807,,,0
2021-06-03,1.02402,1.07773,1.00794,1.04516,7952971.371971876,2021-06-03 23:59:59.999,8312127.559130127,5277,,,0
2021-06-04,1.04295,1.04382,0.91692,0.96904,15559560.64628292,2021-06-04 23:59:59.999,15077836.648674002,8925,,,0
2021-06-05,0.97109,0.99739,0.89325,0.92237,9880808.553829145,2021-06-05 23:59:59.999,9113761.385795388,5100,,,0
2021-06-06,0.92249,0.94932,0.91819,0.94602,3208656.837081899,2021-06-06 23:59:59.999,3035453.541016218,2134,,,0
2021-06-07,0.94602,0.97494,0.84087,0.86301,15957128.902609443,2021-06-07 23:59:59.999,13771161.814240977,6729,,,0
2021-06-08,0.86208,0.8856,0.78324,0.87457,23690542.321791384,2021-06-08 23:59:59.999,20719037.59836909,9970,,,0
2021-06-09,0.87332,0.92205,0.83125,0.92205,13867738.147883767,2021-06-09 23:59:59.999,12786747.959256228,6568,,,0
2021-06-10,0.92205,0.93,0.85253,0.86854,10731919.609652176,2021-06-10 23:59:59.999,9321101.4577673,5322,,,0
2021-06-11,0.86878,0.87937,0.83459,0.844,9916233.051789206,2021-06-11 23:59:59.999,8369300.695710089,3839,,,0
2021-06-12,0.84672,0.84672,0.80681,0.83138,5305104.923662317,2021-06-12 23:59:59.999,4410558.131434377,3632,,,0
2021-06-13,0.83138,0.88876,0.81861,0.88289,5981644.90676244,2021-06-13 23:59:59.999,5281134.47173149,3019,,,0
2021-06-14,0.88558,0.92923,0.86381,0.89048,8241440.672476844,2021-06-14 23:59:59.999,7338838.0900271805,4508,,,0
2021-06-15,0.89088,0.90166,0.8564,0.86683,4584382.614165769,2021-06-15 23:59:59.999,3973880.3814373133,2685,,,0
2021-06-16,0.86607,0.8727,0.82682,0.83189,4237001.047674269,2021-06-16 23:59:59.999,3524718.801549748,2915,,,0
2021-06-17,0.8333,0.86104,0.82341,0.84073,3627558.610683348,2021-06-17 23:59:59.999,3049797.3507598112,2088,,,0
2021-06-18,0.84006,0.8448,0.77,0.79529,7417290.718723663,2021-06-18 23:59:59.999,5898897.135693743,3798,,,0
2021-06-19,0.79605,0.80527,0.75602,0.76057,2891478.4091738765,2021-06-19 23:59:59.999,2199171.733665375,2235,,,0
2021-06-20,0.75841,0.78398,0.69725,0.7741,10920968.943354402,2021-06-20 23:59:59.999,8453922.059050642,5750,,,0
2021-06-21,0.77513,0.77731,0.60442,0.60823,21744514.52978578,2021-06-21 23:59:59.999,13225666.072451605,10317,,,0
2021-06-22,0.61243,0.64947,0.50959,0.54636,38149024.26567621,2021-06-22 23:59:59.999,20843100.89779485,16551,,,0
2021-06-23,0.54636,0.66522,0.515,0.63771,21058675.414061427,2021-06-23 23:59:59.999,13429327.898301113,8094,,,0
2021-06-24,0.64035,0.69195,0.61644,0.67012,10516713.511107825,2021-06-24 23:59:59.999,7047460.058063576,6181,,,0
2021-06-25,0.67462,0.68823,0.60234,0.61128,21856928.424674314,2021-06-25 23:59:59.999,13360703.207434915,7653,,,0
2021-06-26,0.61107,0.63218,0.582,0.61605,9370465.597362028,2021-06-26 23:59:59.999,5772675.331254877,3987,,,0
2021-06-27,0.61686,0.65238,0.59724,0.64794,5729211.32764358,2021-06-27 23:59:59.999,3712185.1876333808,2921,,,0
2021-06-28,0.64847,0.6568,0.62491,0.64359,7615943.920150236,2021-06-28 23:59:59.999,4901545.347569491,3231,,,0
2021-06-29,0.64431,0.7321,0.64237,0.7056,13689338.20842381,2021-06-29 23:59:59.999,9659197.03986384,6350,,,0
2021-06-30,0.70727,0.71322,0.64855,0.70304,8606334.078098074,2021-06-30 23:59:59.999,6050597.11026607,4072,,,0
2021-07-01,0.70433,0.70433,0.645,0.66036,11464706.40247756,2021-07-01 23:59:59.999,7570833.519940081,4674,,,0
2021-07-02,0.65943,0.66686,0.63337,0.65717,6131269.905280025,2021-07-02 23:59:59.999,4029286.643652874,2658,,,0
2021-07-03,0.65625,0.68521,0.64328,0.67287,6408399.156679719,2021-07-03 23:59:59.999,4312019.540555082,2313,,,0
2021-07-04,0.6718,0.70946,0.66591,0.69587,6671423.249214139,2021-07-04 23:59:59.999,4642443.296430643,2163,,,0
2021-07-05,0.69548,0.69592,0.64476,0.65214,9154641.272906613,2021-07-05 23:59:59.999,5970107.759713319,4319,,,0
2021-07-06,0.65258,0.67966,0.65201,0.66534,5024137.067581464,2021-07-06 23:59:59.999,3342759.356544651,2980,,,0
2021-07-07,0.6634,0.6737,0.65055,0.65237,4248943.27980078,2021-07-07 23:59:59.999,2771883.127443635,2979,,,0
2021-07-08,0.65224,0.65328,0.61121,0.62407,8775925.558819393,2021-07-08 23:59:59.999,5476791.863492418,4468,,,0
2021-07-09,0.62157,0.64521,0.59227,0.63846,7188772.987149672,2021-07-09 23:59:59.999,4589744.001375579,3222,,,0
2021-07-10,0.63675,0.64866,0.61303,0.62414,3647545.527546688,2021-07-10 23:59:59.999,2276579.06556299,2000,,,0
2021-07-11,0.62602,0.64478,0.61727,0.63499,3275940.550983539,2021-07-11 23:59:59.999,2080189.4904690376,1557,,,0
2021-07-12,0.63442,0.65681,0.61768,0.62936,7498273.8400154365,2021-07-12 23:59:59.999,4719113.623952115,2688,,,0
2021-07-13,0.62903,0.64317,0.60814,0.61799,6265767.613012048,2021-07-13 23:59:59.999,3872181.727165316,3338,,,0
2021-07-14,0.61869,0.62474,0.5837,0.62,6941484.533133062,2021-07-14 23:59:59.999,4303720.410542498,2972,,,0
2021-07-15,0.62082,0.62652,0.5881,0.59773,6299757.390618681,2021-07-15 23:59:59.999,3765553.985094504,2840,,,0
2021-07-16,0.59916,0.61832,0.58757,0.59062,3910534.21812109,2021-07-16 23:59:59.999,2309639.7199066784,2156,,,0
2021-07-17,0.59146,0.5972,0.56072,0.58204,3878956.3087200806,2021-07-17 23:59:59.999,2257707.7299274355,2188,,,0
2021-07-18,0.58315,0.6011,0.57223,0.58743,2022589.4797532305,2021-07-18 23:59:59.999,1188129.7380914402,1385,,,0
2021-07-19,0.5857,0.58872,0.55372,0.55724,5175482.580529377,2021-07-19 23:59:59.999,2883985.9131741896,2104,,,0
2021-07-20,0.5575,0.56994,0.51651,0.52841,10141228.45444177,2021-07-20 23:59:59.999,5358726.527611577,4257,,,0
2021-07-21,0.52787,0.58395,0.52,0.56956,12304740.27175618,2021-07-21 23:59:59.999,7008287.8691814495,4084,,,0
2021-07-22,0.57054,0.60294,0.56139,0.59332,12199625.656324388,2021-07-22 23:59:59.999,7238281.894410386,3966,,,0
2021-07-23,0.59356,0.61004,0.57556,0.60913,7393504.914904224,2021-07-23 23:59:59.999,4503605.6488156095,2519,,,0
2021-07-24,0.60956,0.62059,0.60095,0.60962,6776952.51740098,2021-07-24 23:59:59.999,4131365.793657986,2232,,,0
2021-07-25,0.60973,0.61238,0.5915,0.60678,4030034.823933081,2021-07-25 23:59:59.999,2445344.5304661146,1379,,,0
2021-07-26,0.60702,0.67855,0.607,0.62558,14751213.832795631,2021-07-26 23:59:59.999,9228064.349520292,6389,,,0
2021-07-27,0.62356,0.65307,0.61312,0.645,8355441.821309461,2021-07-27 23:59:59.999,5389259.974744603,3301,,,0
2021-07-28,0.64467,0.75324,0.63183,0.73364,29499915.75909889,2021-07-28 23:59:59.999,21642318.19750531,10369,,,0
2021-07-29,0.73246,0.76596,0.69828,0.74995,14117211.782086486,2021-07-29 23:59:59.999,10587202.97597576,4445,,,0
2021-07-30,0.74995,0.76948,0.71252,0.75282,15050295.727695556,2021-07-30 23:59:59.999,11330163.629723769,6039,,,0
2021-07-31,0.75311,0.75957,0.73781,0.74644,5092861.883872801,2021-07-31 23:59:59.999,3801515.824598014,2507,,,0
2021-08-01,0.74644,0.77741,0.70587,0.72533,7458657.142343357,2021-08-01 23:59:59.999,5409987.785055907,3723,,,0
2021-08-02,0.72416,0.77278,0.71482,0.7398,8039369.976871364,2021-08-02 23:59:59.999,5947525.908889435,3489,,,0
2021-08-03,0.73756,0.7453,0.70118,0.71242,8763151.986186795,2021-08-03 23:59:59.999,6243044.737999197,4107,,,0
2021-08-04,0.71531,0.73919,0.69558,0.73049,4751340.530685448,2021-08-04 23:59:59.999,3470806.7442604126,3032,,,0
2021-08-05,0.73096,0.73866,0.7017,0.73321,6070261.929316526,2021-08-05 23:59:59.999,4450776.74919417,2770,,,0
2021-08-06,0.73426,0.75229,0.72284,0.74685,3858438.298753229,2021-08-06 23:59:59.999,2881674.6434238493,2453,,,0
2021-08-07,0.74562,0.81887,0.74196,0.81845,9705439.390735673,2021-08-07 23:59:59.999,7943416.869347611,5410,,,0
2021-08-08,0.81727,0.84169,0.77277,0.77952,11260290.818908771,2021-08-08 23:59:59.999,8777621.899155766,4608,,,0
2021-08-09,0.78108,0.82805,0.76107,0.81959,8772953.583741767,2021-08-09 23:59:59.999,7190225.027698915,4321,,,0
2021-08-10,0.81737,0.86217,0.8008,0.85256,7293159.904321638,2021-08-10 23:59:59.999,6217856.408028455,4427,,,0
2021-08-11,0.85136,1.09,0.84853,1.01214,28038209.82238814,2021-08-11 23:59:59.999,28378593.68963193,14080,,,0
2021-08-12,1.01182,1.04438,0.92341,0.96577,22114761.231135473,2021-08-12 23:59:59.999,21357772.954193708,11050,,,0
2021-08-13,0.96692,1.09695,0.9513,1.09072,19110889.46910092,2021-08-13 23:59:59.999,20844629.36173775,9129,,,0
2021-08-14,1.091,1.31157,1.07108,1.28265,34514383.34435368,2021-08-14 23:59:59.999,44269873.796635255,17603,,,0
2021-08-15,1.28058,1.34898,1.22694,1.28584,25722100.489594422,2021-08-15 23:59:59.999,33074505.693540093,13628,,,0
2021-08-16,1.28621,1.32844,1.14175,1.18541,20143153.99139713,2021-08-16 23:59:59.999,23877896.172942076,12000,,,0
2021-08-17,1.18541,1.22965,1.0851,1.09755,35375247.3668055,2021-08-17 23:59:59.999,38826102.74743738,13436,,,0
2021-08-18,1.09705,1.19591,1.0505,1.146,28879175.086286627,2021-08-18 23:59:59.999,33095534.64888447,12448,,,0
2021-08-19,1.14482,1.23499,1.09086,1.23437,21875088.98110414,2021-08-19 23:59:59.999,27001953.585605517,9324,,,0
2021-08-20,1.235,1.28974,1.20029,1.26451,15740035.710697634,2021-08-20 23:59:59.999,19903432.556534264,8252,,,0
2021-08-21,1.26166,1.28261,1.20485,1.21662,11026254.914712416,2021-08-21 23:59:59.999,13414762.25433742,5538,,,0
2021-08-22,1.2163,1.25708,1.18,1.22737,9440409.1968271,2021-08-22 23:59:59.999,11586875.035909679,4735,,,0
2021-08-23,1.2288,1.30363,1.20001,1.24621,18805101.12035257,2021-08-23 23:59:59.999,23435105.067194577,9546,,,0
2021-08-24,1.24429,1.265,1.12152,1.13691,16392839.673747055,2021-08-24 23:59:59.999,18637183.353479765,8648,,,0
2021-08-25,1.13573,1.17773,1.10831,1.174,25248633.36720255,2021-08-25 23:59:59.999,29641895.57309579,8391,,,0
2021-08-26,1.17337,1.1855,1.06485,1.07225,13420364.764815714,2021-08-26 23:59:59.999,14389986.119073648,7692,,,0
2021-08-27,1.07217,1.19177,1.05061,1.19177,14007033.991908455,2021-08-27 23:59:59.999,16693162.90053674,7453,,,0
2021-08-28,1.19213,1.19711,1.13479,1.14587,7273299.365366649,2021-08-28 23:59:59.999,8334255.543792682,3255,,,0
2021-08-29,1.14767,1.16707,1.11251,1.14131,4672390.730542536,2021-08-29 23:59:59.999,5332646.264675502,2877,,,0
2021-08-30,1.14133,1.1487,1.09627,1.101,7000755.846283148,2021-08-30 23:59:59.999,7707832.186757746,3731,,,0
2021-08-31,1.10047,1.24279,1.09181,1.18651,24552680.67967107,2021-08-31 23:59:59.999,29132001.153236523,10276,,,0
2021-09-01,1.18636,1.2377,1.15995,1.2377,12716022.918471696,2021-09-01 23:59:59.999,15738621.566192418,6273,,,0
2021-09-02,1.23755,1.295,1.22296,1.25431,15823268.499168985,2021-09-02 23:59:59.999,19847283.911192648,8121,,,0
2021-09-03,1.25432,1.32354,1.2202,1.29081,16698782.614077177,2021-09-03 23:59:59.999,21554955.58607696,7625,,,0
2021-09-04,1.29082,1.29644,1.23749,1.25659,8592028.24098165,2021-09-04 23:59:59.999,10796656.767335132,4075,,,0
2021-09-05,1.25519,1.31269,1.23801,1.30683,7027752.298184771,2021-09-05 23:59:59.999,9184077.535836805,3405,,,0
2021-09-06,1.31128,1.41608,1.31018,1.39238,24013327.654982407,2021-09-06 23:59:59.999,33435677.1602444,9891,,,0
2021-09-07,1.39149,1.39243,0.91,1.12345,56424090.420939125,2021-09-07 23:59:59.999,63389644.38340406,23632,,,0
2021-09-08,1.12953,1.14731,1.01291,1.09997,24611022.49788568,2021-09-08 23:59:59.999,27071386.41699931,11660,,,0
2021-09-09,1.10069,1.13805,1.07336,1.08799,12421618.31921112,2021-09-09 23:59:59.999,13514596.515118506,6972,,,0
2021-09-10,1.08959,1.24499,1.03058,1.05588,28532615.577378105,2021-09-10 23:59:59.999,30127018.13584199,13149,,,0
2021-09-11,1.05522,1.11292,1.05165,1.07779,5393912.111529174,2021-09-11 23:59:59.999,5813504.534685029,4453,,,0
2021-09-12,1.0775,1.12709,1.05845,1.1198,6402396.646271097,2021-09-12 23:59:59.999,7169403.764494373,3200,,,0
2021-09-13,1.12,1.12568,1.02285,1.06453,12106909.848036291,2021-09-13 23:59:59.999,12888168.740530072,5932,,,0
2021-09-14,1.06419,1.097,1.05695,1.09682,4450004.352381437,2021-09-14 23:59:59.999,4880853.773779008,3740,,,0
2021-09-15,1.09554,1.12952,1.07955,1.12008,4875646.682248357,2021-09-15 23:59:59.999,5461114.335852739,3235,,,0
2021-09-16,1.1215,1.13064,1.06601,1.09108,9792673.088701664,2021-09-16 23:59:59.999,10684589.753620612,4348,,,0
2021-09-17,1.09001,1.10294,1.0521,1.06436,5239669.865025915,2021-09-17 23:59:59.999,5576895.017538983,2604,,,0
2021-09-18,1.06693,1.09431,1.05663,1.07585,7157725.537574311,2021-09-18 23:59:59.999,7700639.019599322,2339,,,0
2021-09-19,1.07501,1.08399,1.03753,1.04805,4765129.563754344,2021-09-19 23:59:59.999,4994094.039292741,1951,,,0
2021-09-20,1.04866,1.04991,0.87506,0.92113,26508184.18458594,2021-09-20 23:59:59.999,24417483.697947647,10977,,,0
2021-09-21,0.92162,0.95887,0.858,0.87352,18412424.480275407,2021-09-21 23:59:59.999,16083621.032010173,7282,,,0
2021-09-22,0.87308,1.00765,0.86784,1.00265,14087077.016626809,2021-09-22 23:59:59.999,14124407.770720871,6055,,,0
2021-09-23,1.004,1.01611,0.96828,1.00164,5637397.845713891,2021-09-23 23:59:59.999,5646643.178180862,3269,,,0
2021-09-24,1.00194,1.00291,0.88738,0.94359,13921331.598831944,2021-09-24 23:59:59.999,13136029.283341834,5819,,,0
2021-09-25,0.94486,0.95731,0.91721,0.93981,4336918.065313292,2021-09-25 23:59:59.999,4075878.9669620846,2157,,,0
2021-09-26,0.93949,0.95634,0.89322,0.94438,11024704.147255726,2021-09-26 23:59:59.999,10411510.102585362,3314,,,0
2021-09-27,0.94359,0.98166,0.92034,0.92244,4146171.493399561,2021-09-27 23:59:59.999,3824594.432371491,2407,,,0
2021-09-28,0.92187,0.94242,0.89115,0.8936,7048428.624555699,2021-09-28 23:59:59.999,6298475.818902972,2725,,,0
2021-09-29,0.89261,0.99191,0.88657,0.92751,11935803.848333534,2021-09-29 23:59:59.999,11070577.427367836,4692,,,0
2021-09-30,0.92599,0.9625,0.92245,0.95348,6067127.638748672,2021-09-30 23:59:59.999,5784884.860994084,3587,,,0
2021-10-01,0.95386,1.07,0.94486,1.04247,16781671.211640116,2021-10-01 23:59:59.999,17494388.78799847,6878,,,0
2021-10-02,1.04235,1.0719,1.00864,1.03848,7014576.498200955,2021-10-02 23:59:59.999,7284497.401851729,3827,,,0
2021-10-03,1.03698,1.0892,1.02249,1.05524,9495505.290781302,2021-10-03 23:59:59.999,10020037.003044061,4519,,,0
2021-10-04,1.05542,1.05933,1.00679,1.04272,7494413.313494123,2021-10-04 23:59:59.999,7814574.650246592,3553,,,0
2021-10-05,1.04415,1.08759,1.03925,1.08544,7171780.661713757,2021-10-05 23:59:59.999,7784537.601450579,3033,,,0
2021-10-06,1.08386,1.10707,1.01807,1.07683,8691013.539088294,2021-10-06 23:59:59.999,9358744.109296447,4103,,,0
2021-10-07,1.07588,1.09393,1.04453,1.0675,7327005.584188201,2021-10-07 23:59:59.999,7821578.461120904,3158,,,0
2021-10-08,1.06879,1.09198,1.05401,1.06309,5715481.81023611,2021-10-08 23:59:59.999,6076071.557643907,2364,,,0
2021-10-09,1.06433,1.2085,1.05741,1.16048,15462232.42031994,2021-10-09 23:59:59.999,17943611.479132883,6427,,,0
2021-10-10,1.16047,1.22855,1.12733,1.13621,14462543.257015709,2021-10-10 23:59:59.999,16432486.274053818,6096,,,0
2021-10-11,1.13565,1.1815,1.10415,1.13802,7374562.07861226,2021-10-11 23:59:59.999,8392399.136702323,3249,,,0
2021-10-12,1.13609,1.13609,1.06533,1.10254,8316853.123993517,2021-10-12 23:59:59.999,9169663.243327813,4229,,,0
2021-10-13,1.09888,1.13862,1.07501,1.12682,7117645.640015702,2021-10-13 23:59:59.999,8020305.460082493,3247,,,0
2021-10-14,1.1276,1.158,1.11737,1.13371,6604421.4551668735,2021-10-14 23:59:59.999,7487498.647937236,3744,,,0
2021-10-15,1.13326,1.16471,1.09323,1.13982,8298811.037633371,2021-10-15 23:59:59.999,9459150.796915269,4449,,,0
2021-10-16,1.14252,1.18538,1.13,1.13333,13240654.047919933,2021-10-16 23:59:59.999,15006030.452129096,4516,,,0
2021-10-17,1.13284,1.13933,1.01879,1.09194,16482755.684125338,2021-10-17 23:59:59.999,17998180.24172382,7053,,,0
2021-10-18,1.0938,1.105,1.0651,1.08233,12218225.39488055,2021-10-18 23:59:59.999,13224151.891641065,4489,,,0
2021-10-19,1.08261,1.09986,1.06761,1.09065,6865463.810406213,2021-10-19 23:59:59.999,7487818.104819535,3161,,,0
2021-10-20,1.09118,1.15282,1.08687,1.14466,8086077.265303139,2021-10-20 23:59:59.999,9255809.202501891,4499,,,0
2021-10-21,1.14641,1.16356,1.08446,1.08867,14272442.185193395,2021-10-21 23:59:59.999,15537979.633754494,6132,,,0
2021-10-22,1.08918,1.12781,1.07617,1.08883,8140322.336280864,2021-10-22 23:59:59.999,8863427.169412693,3424,,,0
2021-10-23,1.08796,1.10167,1.07755,1.09303,2807156.2100369125,2021-10-23 23:59:59.999,3068305.9522566465,1454,,,0
2021-10-24,1.09395,1.0961,1.05291,1.0826,5362769.683078204,2021-10-24 23:59:59.999,5805734.458900464,2267,,,0
2021-10-25,1.08333,1.103,1.07828,1.09551,3822554.874634687,2021-10-25 23:59:59.999,4187647.0907110455,2084,,,0
2021-10-26,1.09539,1.15941,1.091,1.10703,12238453.447949735,2021-10-26 23:59:59.999,13548335.120483795,5369,,,0
2021-10-27,1.10512,1.12399,0.95242,0.99432,19631028.173537657,2021-10-27 23:59:59.999,19519523.93351196,9852,,,0
2021-10-28,0.99633,1.08056,0.98211,1.05804,11373323.337424496,2021-10-28 23:59:59.999,12033431.023928614,6500,,,0
2021-10-29,1.05925,1.08998,1.05411,1.08098,5392954.145331758,2021-10-29 23:59:59.999,5829675.572020724,3128,,,0
2021-10-30,1.08258,1.11539,1.06311,1.08461,5479538.297743359,2021-10-30 23:59:59.999,5943162.033115424,2603,,,0
2021-10-31,1.08356,1.1535,1.06999,1.11335,17308015.57491489,2021-10-31 23:59:59.999,19269879.140331496,5532,,,0
2021-11-01,1.1136,1.13226,1.07149,1.0939,9852666.187975695,2021-11-01 23:59:59.999,10777831.543026615,3303,,,0
2021-11-02,1.09294,1.14698,1.0871,1.13652,8165267.944772395,2021-11-02 23:59:59.999,9279990.324592723,4040,,,0
2021-11-03,1.13605,1.235,1.12841,1.21118,20204133.518604744,2021-11-03 23:59:59.999,24470842.435063694,10001,,,0
2021-11-04,1.21163,1.25739,1.16432,1.202,11761901.381203163,2021-11-04 23:59:59.999,14137805.460206201,5903,,,0
2021-11-05,1.20199,1.20199,1.13176,1.15991,4847959.72179453,2021-11-05 23:59:59.999,5623196.960906693,3574,,,0
2021-11-06,1.15878,1.17738,1.09925,1.1523,7125381.429342023,2021-11-06 23:59:59.999,8210577.021030814,3678,,,0
2021-11-07,1.15217,1.23648,1.14677,1.21942,14342622.267993968,2021-11-07 23:59:59.999,17489680.446037203,4414,,,0
2021-11-08,1.22067,1.29566,1.22044,1.28249,17544550.374461025,2021-11-08 23:59:59.999,22500710.40974252,7230,,,0
2021-11-09,1.28356,1.288,1.22573,1.25646,13345329.486959975,2021-11-09 23:59:59.999,16767872.687185729,6119,,,0
2021-11-10,1.25646,1.34813,1.12102,1.19282,33620238.47619526,2021-11-10 23:59:59.999,40102892.85917523,15070,,,0
2021-11-11,1.18879,1.25344,1.17794,1.21563,10569388.94342584,2021-11-11 23:59:59.999,12848466.281296754,4919,,,0
2021-11-12,1.21496,1.23241,1.15534,1.19052,14958925.886401713,2021-11-12 23:59:59.999,17808900.446278967,4396,,,0
2021-11-13,1.18887,1.20311,1.16653,1.19108,7847343.470657357,2021-11-13 23:59:59.999,9346813.861030564,2802,,,0
2021-11-14,1.19129,1.19915,1.16963,1.18769,2177061.398871244,2021-11-14 23:59:59.999,2585674.0528253876,1611,,,0
2021-11-15,1.18845,1.22,1.16646,1.17054,9642655.48587359,2021-11-15 23:59:59.999,11287113.95243447,3557,,,0
2021-11-16,1.17207,1.17207,1.04058,1.08885,22574664.114618607,2021-11-16 23:59:59.999,24580423.02120247,10178,,,0
2021-11-17,1.08842,1.11199,1.05879,1.09664,5634226.680977022,2021-11-17 23:59:59.999,6178718.347426642,3240,,,0
2021-11-18,1.09645,1.16128,1.01725,1.04207,19240955.54409191,2021-11-18 23:59:59.999,20050422.54383186,8753,,,0
2021-11-19,1.04384,1.1037,1.01907,1.09065,24553246.674769357,2021-11-19 23:59:59.999,26778998.485837195,7281,,,0
2021-11-20,1.09175,1.10169,1.0624,1.09703,4282795.804142125,2021-11-20 23:59:59.999,4698355.481018035,2203,,,0
2021-11-21,1.0985,1.09868,1.05735,1.06102,11273098.317745496,2021-11-21 23:59:59.999,11960982.777094327,2561,,,0
2021-11-22,1.06059,1.0702,1.02829,1.0381,8592059.620748239,2021-11-22 23:59:59.999,8919417.092298746,4130,,,0
2021-11-23,1.03721,1.07209,1.021,1.06662,5167463.856605122,2021-11-23 23:59:59.999,5511720.298732155,2901,,,0
2021-11-24,1.06798,1.07413,1.00771,1.03396,5282029.929974815,2021-11-24 23:59:59.999,5461407.666396759,4567,,,0
2021-11-25,1.03309,1.06344,1.02345,1.04347,5180926.441254993,2021-11-25 23:59:59.999,5406141.313656347,3349,,,0
2021-11-26,1.04593,1.04626,0.91318,0.9395,46274275.347484194,2021-11-26 23:59:59.999,43474681.6889614,12907,,,0
2021-11-27,0.93992,0.96546,0.9354,0.94569,7645435.257345948,2021-11-27 23:59:59.999,7230211.66851949,3319,,,0
2021-11-28,0.94635,0.96972,0.88519,0.96972,10195665.22629583,2021-11-28 23:59:59.999,9886940.483243594,6132,,,0
2021-11-29,0.96968,1.00254,0.96466,0.99105,6839474.388850702,2021-11-29 23:59:59.999,6778261.093070488,4475,,,0
2021-11-30,0.99105,1.02989,0.97135,0.99958,10402531.203957696,2021-11-30 23:59:59.999,10398162.140852034,5391,,,0
2021-12-01,0.99771,1.01775,0.98084,0.99115,4336599.394134659,2021-12-01 23:59:59.999,4298220.489496567,2938,,,0
2021-12-02,0.99008,0.99008,0.95733,0.97298,3708605.523118304,2021-12-02 23:59:59.999,3608399.0018836474,2722,,,0
2021-12-03,0.97287,0.9841,0.89454,0.92282,7008694.125883615,2021-12-03 23:59:59.999,6467763.113247917,4412,,,0
2021-12-04,0.92208,0.92424,0.6247,0.84801,44774830.444948725,2021-12-04 23:59:59.999,37969503.96562097,24776,,,0
2021-12-05,0.84642,0.86185,0.772,0.8054,16709599.120312097,2021-12-05 23:59:59.999,13457911.131499363,8085,,,0
2021-12-06,0.80561,0.83118,0.7506,0.82851,15589550.399646282,2021-12-06 23:59:59.999,12916098.40161094,5916,,,0
2021-12-07,0.8274,0.84587,0.80431,0.81699,10471858.803674327,2021-12-07 23:59:59.999,8555403.924013888,4780,,,0
2021-12-08,0.81651,0.885,0.80419,0.8625,15216202.420673247,2021-12-08 23:59:59.999,13123974.587830676,6908,,,0
2021-12-09,0.86282,0.93509,0.83271,0.85918,20481890.16125518,2021-12-09 23:59:59.999,17597630.388747226,9628,,,0
2021-12-10,0.86001,0.88199,0.79358,0.79873,17962632.062696885,2021-12-10 23:59:59.999,14347293.107437884,6056,,,0
2021-12-11,0.79963,0.84373,0.78603,0.83737,5437552.207973971,2021-12-11 23:59:59.999,4553243.092391164,3142,,,0
2021-12-12,0.83963,0.85688,0.81059,0.84044,6572576.09920344,2021-12-12 23:59:59.999,5523855.856814539,2531,,,0
2021-12-13,0.84044,0.84403,0.76127,0.78227,14648896.753693404,2021-12-13 23:59:59.999,11459392.463511739,4857,,,0
2021-12-14,0.78219,0.8207,0.77336,0.81159,6345539.06341965,2021-12-14 23:59:59.999,5149976.048480754,4036,,,0
2021-12-15,0.80944,0.83959,0.77849,0.82675,10077074.70082222,2021-12-15 23:59:59.999,8331221.50890477,4071,,,0
2021-12-16,0.82652,0.83627,0.80452,0.80485,3325998.482219743,2021-12-16 23:59:59.999,2676929.87841456,1890,,,0
2021-12-17,0.8043,0.83128,0.77604,0.79698,20032306.91146459,2021-12-17 23:59:59.999,15965347.96229905,4375,,,0
2021-12-18,0.79869,0.83379,0.79173,0.82679,5151043.432382651,2021-12-18 23:59:59.999,4258831.1994596515,2087,,,0
2021-12-19,0.82746,0.84875,0.82046,0.83338,2422083.463680434,2021-12-19 23:59:59.999,2018515.916962,1674,,,0
2021-12-20,0.835,0.9159,0.82493,0.88002,14893880.247807814,2021-12-20 23:59:59.999,13106912.495675832,7453,,,0
2021-12-21,0.8807,0.96068,0.85364,0.94713,17444891.93454818,2021-12-21 23:59:59.999,16522580.497968618,6672,,,0
2021-12-22,0.94737,0.97271,0.92398,0.95459,15102583.07445835,2021-12-22 23:59:59.999,14416774.777047196,5379,,,0
2021-12-23,0.954,1.01642,0.93801,0.99353,17084236.79911384,2021-12-23 23:59:59.999,16973701.787023574,6750,,,0
2021-12-24,0.99571,0.99572,0.89701,0.9115,15744448.608390694,2021-12-24 23:59:59.999,14351064.906548118,6452,,,0
2021-12-25,0.9105,0.93429,0.9,0.92627,5040501.558847252,2021-12-25 23:59:59.999,4668865.3789134445,2372,,,0
2021-12-26,0.92363,0.93267,0.90622,0.92018,3800170.020254482,2021-12-26 23:59:59.999,3496840.4492377695,2283,,,0
2021-12-27,0.92213,0.95543,0.91505,0.9277,3934464.248164751,2021-12-27 23:59:59.999,3650002.4830224393,2819,,,0
2021-12-28,0.92717,0.92717,0.84651,0.85179,7047699.776370465,2021-12-28 23:59:59.999,6003160.192514598,4391,,,0
2021-12-29,0.85181,0.86367,0.81072,0.81704,6931146.578780323,2021-12-29 23:59:59.999,5663024.000726676,3855,,,0
2021-12-30,0.81724,0.85875,0.8032,0.83877,7639436.915125692,2021-12-30 23:59:59.999,6407730.501299977,3264,,,0
2021-12-31,0.83891,0.85339,0.8031,0.82918,5796701.341122845,2021-12-31 23:59:59.999,4806508.8180322405,3273,,,0
2022-01-01,0.83107,0.85552,0.83106,0.84977,2958824.9187471573,2022-01-01 23:59:59.999,2514320.651203772,1713,,,0
2022-01-02,0.85051,0.86596,0.83761,0.85895,2854151.2904535024,2022-01-02 23:59:59.999,2451573.2509350358,2053,,,0
2022-01-03,0.85802,0.85855,0.82203,0.83254,4983257.12633808,2022-01-03 23:59:59.999,4148760.8879615045,2607,,,0
2022-01-04,0.8333,0.84521,0.81578,0.8228,4420620.253319696,2022-01-04 23:59:59.999,3637286.3444314455,2853,,,0
2022-01-05,0.82258,0.83642,0.70785,0.77412,10599654.70297584,2022-01-05 23:59:59.999,8205404.698667658,5568,,,0
2022-01-06,0.77144,0.79056,0.73874,0.77923,6174275.666892939,2022-01-06 23:59:59.999,4811180.827912985,4123,,,0
2022-01-07,0.77923,0.77978,0.72966,0.76215,8919682.857974852,2022-01-07 23:59:59.999,6798136.290205533,5019,,,0
2022-01-08,0.76516,0.77639,0.72358,0.74462,7413893.828209952,2022-01-08 23:59:59.999,5520533.622361694,3558,,,0
2022-01-09,0.74494,0.76644,0.73875,0.75248,2289537.0639138655,2022-01-09 23:59:59.999,1722830.8498539056,2156,,,0
2022-01-10,0.75181,0.75856,0.69867,0.74021,9760756.702141358,2022-01-10 23:59:59.999,7225009.718492054,5451,,,0
2022-01-11,0.74004,0.77632,0.73101,0.76972,6159700.124654395,2022-01-11 23:59:59.999,4741244.37994898,4146,,,0
2022-01-12,0.77131,0.80722,0.75785,0.79808,7330885.918898961,2022-01-12 23:59:59.999,5850633.434154882,4393,,,0
2022-01-13,0.7991,0.802,0.7612,0.76724,4503183.804819881,2022-01-13 23:59:59.999,3455022.7424100055,3464,,,0
2022-01-14,0.76907,0.79076,0.75213,0.7737,5725459.700712024,2022-01-14 23:59:59.999,4429788.170440894,2683,,,0
2022-01-15,0.77517,0.79004,0.76881,0.78029,2813177.182239602,2022-01-15 23:59:59.999,2195094.023529739,2324,,,0
2022-01-16,0.78001,0.7848,0.76896,0.77842,2874242.829162219,2022-01-16 23:59:59.999,2237368.1030764547,1629,,,0
2022-01-17,0.78002,0.7803,0.75071,0.76207,6311606.065557172,2022-01-17 23:59:59.999,4809885.634379154,2328,,,0
2022-01-18,0.76208,0.76857,0.73612,0.75131,3403823.15048618,2022-01-18 23:59:59.999,2557326.371191772,2799,,,0
2022-01-19,0.75163,0.75325,0.724,0.73848,4400444.476214122,2022-01-19 23:59:59.999,3249640.236794605,2756,,,0
2022-01-20,0.74044,0.76205,0.71608,0.72,6263028.151027594,2022-01-20 23:59:59.999,4509380.268739867,2911,,,0
2022-01-21,0.71905,0.72854,0.61245,0.63781,31764946.426053796,2022-01-21 23:59:59.999,20260000.48000137,10375,,,0
2022-01-22,0.63565,0.65312,0.55,0.59707,25702942.41628115,2022-01-22 23:59:59.999,15346455.828488985,9385,,,0
2022-01-23,0.59587,0.63499,0.59065,0.62928,6430628.025900848,2022-01-23 23:59:59.999,4046665.6041388856,4045,,,0
2022-01-24,0.62926,0.62926,0.5537,0.61195,20679049.856805865,2022-01-24 23:59:59.999,12654544.559872348,6224,,,0
2022-01-25,0.61245,0.6248,0.58757,0.61668,5668163.159425995,2022-01-25 23:59:59.999,3495442.857154823,3872,,,0
2022-01-26,0.6183,0.65967,0.60565,0.61978,15370340.770206263,2022-01-26 23:59:59.999,9526229.802558437,5591,,,0
2022-01-27,0.61971,0.62424,0.58951,0.60845,5680781.418444911,2022-01-27 23:59:59.999,3456471.4540528064,3597,,,0
2022-01-28,0.60932,0.61373,0.59255,0.61278,6886083.412604509,2022-01-28 23:59:59.999,4219654.193575791,2488,,,0
2022-01-29,0.61149,0.6251,0.60928,0.61752,4778214.842816515,2022-01-29 23:59:59.999,2950643.229736054,1835,,,0
2022-01-30,0.61703,0.62293,0.59787,0.6013,4671298.822402049,2022-01-30 23:59:59.999,2808851.9819103517,1684,,,0
2022-01-31,0.6016,0.62417,0.58105,0.61732,9826518.752851555,2022-01-31 23:59:59.999,6066106.556510322,3293,,,0
2022-02-01,0.61733,0.63113,0.61166,0.6291,7680045.461200826,2022-02-01 23:59:59.999,4831516.5996414395,2925,,,0
2022-02-02,0.6296,0.63142,0.59591,0.60143,7170282.794176169,2022-02-02 23:59:59.999,4312423.180901374,2804,,,0
2022-02-03,0.60119,0.61098,0.58934,0.61,7382637.7214949345,2022-02-03 23:59:59.999,4503409.01011191,2364,,,0
2022-02-04,0.60845,0.65944,0.60513,0.65561,8983898.669351473,2022-02-04 23:59:59.999,5889933.80661352,3298,,,0
2022-02-05,0.65691,0.68673,0.65113,0.66659,7590250.370770353,2022-02-05 23:59:59.999,5059584.994651809,3781,,,0
2022-02-06,0.66778,0.68719,0.65992,0.68414,1604420.8795121617,2022-02-06 23:59:59.999,1097648.5005094502,1743,,,0
2022-02-07,0.68448,0.83997,0.67253,0.83254,19404280.2878187,2022-02-07 23:59:59.999,16154839.510820579,8455,,,0
2022-02-08,0.83178,0.91385,0.8039,0.8747,34103723.24916866,2022-02-08 23:59:59.999,29830526.726047825,12236,,,0
2022-02-09,0.87845,0.91671,0.84486,0.87094,9695887.376359656,2022-02-09 23:59:59.999,8444536.15156668,6628,,,0
2022-02-10,0.8713,0.89598,0.823,0.8269,13970924.715042569,2022-02-10 23:59:59.999,11552557.6468687,5545,,,0
2022-02-11,0.82539,0.83415,0.75075,0.75967,19674650.401901845,2022-02-11 23:59:59.999,14946241.670812774,6919,,,0
2022-02-12,0.75934,0.8522,0.7478,0.82421,12912188.875831615,2022-02-12 23:59:59.999,10642355.193349175,5641,,,0
2022-02-13,0.82336,0.84808,0.7935,0.80548,5943773.774647086,2022-02-13 23:59:59.999,4787590.900002735,3179,,,0
2022-02-14,0.80586,0.81365,0.78061,0.80151,7997311.506004602,2022-02-14 23:59:59.999,6409925.145177748,4007,,,0
2022-02-15,0.80137,0.86,0.79713,0.85123,5925167.294878295,2022-02-15 23:59:59.999,5043680.156419251,3446,,,0
2022-02-16,0.85101,0.85319,0.80844,0.83786,6381836.474627913,2022-02-16 23:59:59.999,5347085.5086317435,3465,,,0
2022-02-17,0.83897,0.845,0.75475,0.76746,10713237.989316937,2022-02-17 23:59:59.999,8221981.627281177,6131,,,0
2022-02-18,0.76804,0.80533,0.7564,0.78502,8574340.732356599,2022-02-18 23:59:59.999,6731028.961714578,4927,,,0
2022-02-19,0.78395,0.85392,0.77087,0.82309,9070845.031815486,2022-02-19 23:59:59.999,7466121.837237008,4481,,,0
2022-02-20,0.82163,0.82257,0.76612,0.77789,7459296.47391079,2022-02-20 23:59:59.999,5802512.134090465,4718,,,0
2022-02-21,0.77542,0.80089,0.69653,0.70208,14677056.023557438,2022-02-21 23:59:59.999,10304467.493019206,6602,,,0
2022-02-22,0.70349,0.72675,0.67155,0.72173,12773151.228025593,2022-02-22 23:59:59.999,9218766.43580291,5785,,,0
2022-02-23,0.7215,0.74414,0.69319,0.69642,6888621.861556919,2022-02-23 23:59:59.999,4797374.03682547,4002,,,0
2022-02-24,0.69642,0.72105,0.62229,0.69542,27907378.257140037,2022-02-24 23:59:59.999,19407348.987580325,10081,,,0
2022-02-25,0.69935,0.78159,0.68325,0.76924,17295527.351018276,2022-02-25 23:59:59.999,13304411.459497299,4924,,,0
2022-02-26,0.77044,0.79304,0.74136,0.75107,9798919.79664238,2022-02-26 23:59:59.999,7359674.691664193,3988,,,0
2022-02-27,0.75088,0.76741,0.70431,0.72159,12942774.917002153,2022-02-27 23:59:59.999,9339376.952359583,4458,,,0
2022-02-28,0.72143,0.793,0.70885,0.78217,18356418.673155993,2022-02-28 23:59:59.999,14357839.993582424,4873,,,0
2022-03-01,0.78221,0.80407,0.75692,0.78466,7147209.072290453,2022-03-01 23:59:59.999,5608129.070663427,4073,,,0
2022-03-02,0.7845,0.78488,0.7563,0.76892,4378505.250580144,2022-03-02 23:59:59.999,3366720.2572760847,2698,,,0
2022-03-03,0.76899,0.78884,0.73414,0.75205,5794242.32559619,2022-03-03 23:59:59.999,4357559.940964615,2828,,,0
2022-03-04,0.75159,0.7533,0.69407,0.71213,13288742.418097334,2022-03-04 23:59:59.999,9463312.138199655,4511,,,0
2022-03-05,0.71238,0.76918,0.70556,0.75419,4743574.939947699,2022-03-05 23:59:59.999,3577556.7839591554,3179,,,0
2022-03-06,0.75392,0.75824,0.72135,0.7248,7859119.804384971,2022-03-06 23:59:59.999,5696290.034218227,2791,,,0
2022-03-07,0.72561,0.75354,0.70283,0.72064,6809907.962502392,2022-03-07 23:59:59.999,4907492.074097724,4202,,,0
2022-03-08,0.72051,0.73048,0.71381,0.72134,10228462.853488045,2022-03-08 23:59:59.999,7378199.394735066,2780,,,0
2022-03-09,0.72111,0.77956,0.72111,0.7658,9299506.236694535,2022-03-09 23:59:59.999,7121561.876060676,3950,,,0
2022-03-10,0.766,0.77807,0.72312,0.73663,15868168.861877222,2022-03-10 23:59:59.999,11688969.228724618,5537,,,0
2022-03-11,0.73716,0.81482,0.72573,0.80269,22591439.8699919,2022-03-11 23:59:59.999,18133922.869243797,6985,,,0
2022-03-12,0.80316,0.84868,0.779,0.78627,11797572.648539975,2022-03-12 23:59:59.999,9276077.446367526,6305,,,0
2022-03-13,0.7846,0.80396,0.75212,0.76133,8319619.585863087,2022-03-13 23:59:59.999,6333975.9793051435,3057,,,0
2022-03-14,0.75863,0.77725,0.74478,0.77396,5052759.054428949,2022-03-14 23:59:59.999,3910633.397765829,2946,,,0
2022-03-15,0.77475,0.77668,0.742,0.76632,3005719.548951152,2022-03-15 23:59:59.999,2303343.0047522467,1975,,,0
2022-03-16,0.76613,0.79437,0.75647,0.79298,10912449.661661722,2022-03-16 23:59:59.999,8653354.332704512,3733,,,0
2022-03-17,0.7927,0.80193,0.78382,0.79391,3339070.9236917975,2022-03-17 23:59:59.999,2650921.797028155,2769,,,0
2022-03-18,0.79423,0.80022,0.77731,0.79795,4398205.52566377,2022-03-18 23:59:59.999,3509548.0992034054,2633,,,0
2022-03-19,0.79693,0.82685,0.79287,0.81992,4015181.996622705,2022-03-19 23:59:59.999,3292128.0226708883,2925,,,0
2022-03-20,0.82091,0.82196,0.79151,0.80533,7970826.706265993,2022-03-20 23:59:59.999,6419145.871357192,2694,,,0
2022-03-21,0.80595,0.85454,0.78868,0.83794,8352978.072883013,2022-03-21 23:59:59.999,6999294.446391592,3647,,,0
2022-03-22,0.83741,0.86479,0.82827,0.83739,10508365.41158758,2022-03-22 23:59:59.999,8799600.112009322,4396,,,0
2022-03-23,0.83727,0.84571,0.8181,0.83779,6588405.571155463,2022-03-23 23:59:59.999,5519700.303458336,3102,,,0
2022-03-24,0.83785,0.85078,0.82807,0.84274,7168295.564166912,2022-03-24 23:59:59.999,6041009.403746024,3505,,,0
2022-03-25,0.84302,0.84639,0.82087,0.82496,3923470.719093788,2022-03-25 23:59:59.999,3236706.4044236112,2344,,,0
2022-03-26,0.82428,0.835,0.8213,0.83338,1608866.487363662,2022-03-26 23:59:59.999,1340797.1532391286,1382,,,0
2022-03-27,0.83337,0.85821,0.82882,0.85821,4046077.7957649697,2022-03-27 23:59:59.999,3472384.425103455,2639,,,0
2022-03-28,0.85747,0.91187,0.85406,0.86422,10925507.137235057,2022-03-28 23:59:59.999,9442041.77814128,6907,,,0
2022-03-29,0.86428,0.8856,0.84194,0.8579,6335081.659601025,2022-03-29 23:59:59.999,5434866.55577172,3845,,,0
2022-03-30,0.85666,0.87207,0.84688,0.86105,3644690.3084166185,2022-03-30 23:59:59.999,3138260.5900621293,3073,,,0
2022-03-31,0.85981,0.87331,0.78258,0.81524,11037529.257837808,2022-03-31 23:59:59.999,8998235.352159694,6405,,,0
2022-04-01,0.81528,0.834,0.80459,0.82816,5236634.873456159,2022-04-01 23:59:59.999,4336771.536801453,3066,,,0
2022-04-02,0.82689,0.84999,0.81986,0.82404,3775838.488220129,2022-04-02 23:59:59.999,3111441.947832915,3186,,,0
2022-04-03,0.82404,0.85146,0.81565,0.84347,4732171.6109609185,2022-04-03 23:59:59.999,3991444.788697206,2045,,,0
2022-04-04,0.84286,0.84287,0.80503,0.82654,4245008.978509698,2022-04-04 23:59:59.999,3508669.721097406,3558,,,0
2022-04-05,0.82639,0.83573,0.81562,0.81726,3318622.5964539433,2022-04-05 23:59:59.999,2712177.5031779497,2698,,,0
2022-04-06,0.81582,0.81841,0.75675,0.75979,11581091.331835745,2022-04-06 23:59:59.999,8799197.38301548,5592,,,0
2022-04-07,0.75951,0.79111,0.75238,0.78705,3144223.8954341267,2022-04-07 23:59:59.999,2474661.4169014296,2553,,,0
2022-04-08,0.78719,0.79344,0.74656,0.75525,3891144.8312500785,2022-04-08 23:59:59.999,2938787.133801622,2680,,,0
2022-04-09,0.75476,0.76657,0.75448,0.76271,1228578.2767423028,2022-04-09 23:59:59.999,937048.9374541218,1801,,,0
2022-04-10,0.76292,0.77281,0.75274,0.75418,1572673.92540183,2022-04-10 23:59:59.999,1186079.2210595522,1385,,,0
2022-04-11,0.75539,0.75539,0.68161,0.69447,10183054.920176689,2022-04-11 23:59:59.999,7071826.150415105,5346,,,0
2022-04-12,0.6982,0.72589,0.69266,0.71511,4572390.216155063,2022-04-12 23:59:59.999,3269761.9674746473,3529,,,0
2022-04-13,0.71539,0.7253,0.7024,0.72359,3001118.319878576,2022-04-13 23:59:59.999,2171579.2050809385,2546,,,0
2022-04-14,0.72294,0.74055,0.70846,0.7252,4568041.89299713,2022-04-14 23:59:59.999,3312743.9808015185,2585,,,0
2022-04-15,0.72926,0.79717,0.72825,0.78526,9678871.175654156,2022-04-15 23:59:59.999,7600430.379394182,4947,,,0
2022-04-16,0.78591,0.79958,0.76748,0.78208,2486129.3621011,2022-04-16 23:59:59.999,1944352.0515120283,1592,,,0
2022-04-17,0.78302,0.78592,0.74821,0.75232,2694346.422550578,2022-04-17 23:59:59.999,2027010.700613251,1945,,,0
2022-04-18,0.75268,0.77007,0.72824,0.76951,4164599.6398667376,2022-04-18 23:59:59.999,3204701.0688738534,2660,,,0
2022-04-19,0.76987,0.7817,0.75904,0.77513,3016987.1275474783,2022-04-19 23:59:59.999,2338557.232175877,2223,,,0
2022-04-20,0.77506,0.77506,0.74268,0.7517,3628545.90019532,2022-04-20 23:59:59.999,2727577.953176822,2816,,,0
2022-04-21,0.75176,0.76751,0.71847,0.73262,5692537.634053371,2022-04-21 23:59:59.999,4170466.921460181,3268,,,0
2022-04-22,0.73262,0.73831,0.71465,0.71948,3644810.891021103,2022-04-22 23:59:59.999,2622368.539871863,2066,,,0
2022-04-23,0.71802,0.72561,0.70313,0.70542,2590325.030684922,2022-04-23 23:59:59.999,1827267.0831457577,1463,,,0
2022-04-24,0.70555,0.71175,0.69527,0.69889,2591270.9040757827,2022-04-24 23:59:59.999,1811013.3221495238,1646,,,0
2022-04-25,0.69838,0.69867,0.6458,0.69368,14745494.99064137,2022-04-25 23:59:59.999,10228654.965108106,5205,,,0
2022-04-26,0.69369,0.70589,0.62762,0.64174,7568778.075188757,2022-04-26 23:59:59.999,4857187.641971633,3681,,,0
2022-04-27,0.642,0.662,0.63712,0.65247,12692583.409057792,2022-04-27 23:59:59.999,8281529.896907938,3379,,,0
2022-04-28,0.65227,0.657,0.63375,0.64335,11117831.12874054,2022-04-28 23:59:59.999,7152656.656675226,3538,,,0
2022-04-29,0.64318,0.64656,0.59984,0.61018,11625530.46483297,2022-04-29 23:59:59.999,7093666.179031782,3459,,,0
2022-04-30,0.61084,0.62847,0.56684,0.58488,6873633.77052348,2022-04-30 23:59:59.999,4020250.9197037728,3274,,,0
2022-05-01,0.58488,0.61199,0.57581,0.60772,2656814.8572285315,2022-05-01 23:59:59.999,1614599.5250349233,2237,,,0
2022-05-02,0.60686,0.63047,0.59871,0.6135,3750641.18480175,2022-05-02 23:59:59.999,2301018.366875874,2204,,,0
2022-05-03,0.6146,0.62739,0.59647,0.60463,3746921.458961471,2022-05-03 23:59:59.999,2265501.121731874,2029,,,0
2022-05-04,0.60444,0.64942,0.60444,0.64579,6854942.489941988,2022-05-04 23:59:59.999,4426853.310579636,3221,,,0
2022-05-05,0.64568,0.6573,0.58092,0.59811,10923909.038789231,2022-05-05 23:59:59.999,6533699.235190228,4802,,,0
2022-05-06,0.5978,0.61518,0.5875,0.60345,3362376.961220861,2022-05-06 23:59:59.999,2029026.3772487286,2475,,,0
2022-05-07,0.60239,0.60437,0.56983,0.58049,4003490.980563394,2022-05-07 23:59:59.999,2323986.479307244,2436,,,0
2022-05-08,0.58084,0.58223,0.55778,0.56511,9804790.200003453,2022-05-08 23:59:59.999,5540784.989923951,2317,,,0
2022-05-09,0.56631,0.57788,0.47191,0.48648,31651547.171764854,2022-05-09 23:59:59.999,15397844.668120166,7647,,,0
2022-05-10,0.48807,0.5364,0.4724,0.507,18188390.482056186,2022-05-10 23:59:59.999,9221513.974402485,4900,,,0
2022-05-13,0.38451,0.4642,0.38082,0.4219,25347922.500127435,2022-05-13 23:59:59.999,10694288.502803765,7917,,,0
2022-05-14,0.42323,0.43956,0.39524,0.42621,11180968.060064904,2022-05-14 23:59:59.999,4765440.3968802625,5525,,,0
2022-05-15,0.42562,0.44816,0.41484,0.44733,6898059.957754597,2022-05-15 23:59:59.999,3085709.1609023637,2378,,,0
2022-05-16,0.44753,0.44753,0.40862,0.42129,6973492.487823395,2022-05-16 23:59:59.999,2937862.650195118,3106,,,0
2022-05-17,0.42422,0.43896,0.41779,0.437,6537943.756697354,2022-05-17 23:59:59.999,2857081.421676744,2005,,,0
2022-05-18,0.439,0.44112,0.40351,0.4053,7413878.04200749,2022-05-18 23:59:59.999,3004844.770425636,3175,,,0
2022-05-19,0.40482,0.42356,0.39077,0.42003,7342978.682280841,2022-05-19 23:59:59.999,3084271.335918422,2765,,,0
2022-05-20,0.41982,0.4394,0.40144,0.4097,12758264.267567882,2022-05-20 23:59:59.999,5227060.870422562,3132,,,0
2022-05-21,0.40969,0.41748,0.40283,0.41477,11186555.785321224,2022-05-21 23:59:59.999,4639847.743077684,1424,,,0
2022-05-22,0.41395,0.4247,0.40967,0.42178,2054515.0231435136,2022-05-22 23:59:59.999,866553.3464614712,1123,,,0
2022-05-23,0.4214,0.42801,0.4001,0.40409,14197606.726254933,2022-05-23 23:59:59.999,5737110.902012356,3912,,,0
2022-05-24,0.40448,0.41309,0.39036,0.40867,6019124.096294087,2022-05-24 23:59:59.999,2459835.4444325045,1987,,,0
2022-05-25,0.40803,0.41291,0.39498,0.40539,7823271.671665841,2022-05-25 23:59:59.999,3171476.102976615,2754,,,0
2022-05-26,0.40543,0.41,0.37647,0.39215,11498457.793283328,2022-05-26 23:59:59.999,4509120.223636057,3167,,,0
2022-05-27,0.39184,0.4023,0.37614,0.38072,7862358.928458395,2022-05-27 23:59:59.999,2993357.2912426805,2710,,,0
2022-05-28,0.38124,0.38759,0.38028,0.38624,3837866.3665356496,2022-05-28 23:59:59.999,1482337.5054107294,1641,,,0
2022-05-29,0.38585,0.38988,0.37928,0.38835,3606729.8620959218,2022-05-29 23:59:59.999,1400673.541944951,1538,,,0
2022-05-30,0.38835,0.41942,0.38726,0.41794,8652997.379439542,2022-05-30 23:59:59.999,3616433.724762962,2338,,,0
2022-05-31,0.41922,0.4341,0.40632,0.42128,9204310.38554009,2022-05-31 23:59:59.999,3877591.879220329,3450,,,0
2022-06-01,0.42128,0.42633,0.3885,0.3977,7969684.585360674,2022-06-01 23:59:59.999,3169543.55959794,2552,,,0
2022-06-02,0.3972,0.40669,0.39042,0.40498,6044471.8786281925,2022-06-02 23:59:59.999,2447890.2214068454,1971,,,0
2022-06-03,0.40498,0.41032,0.38368,0.38965,9033769.22762718,2022-06-03 23:59:59.999,3520008.179544931,2640,,,0
2022-06-04,0.38926,0.3942,0.38443,0.39221,3989607.019569537,2022-06-04 23:59:59.999,1564763.7691453681,1366,,,0
2022-06-05,0.39235,0.39913,0.38938,0.39524,2118482.325807449,2022-06-05 23:59:59.999,837308.9544521361,997,,,0
2022-06-06,0.39403,0.40871,0.39403,0.40308,6273690.083872538,2022-06-06 23:59:59.999,2528798.9990073424,1910,,,0
2022-06-07,0.40202,0.41664,0.38446,0.40743,7794143.630287195,2022-06-07 23:59:59.999,3175567.9392879116,3381,,,0
2022-06-08,0.40824,0.40965,0.3948,0.40016,8044117.745260245,2022-06-08 23:59:59.999,3218934.15694334,2270,,,0
2022-06-09,0.40041,0.40347,0.39606,0.39998,4334472.995320012,2022-06-09 23:59:59.999,1733702.5086680984,2061,,,0
2022-06-10,0.39955,0.41097,0.37508,0.38125,5100090.255188181,2022-06-10 23:59:59.999,1944409.409790494,2349,,,0
2022-06-11,0.38076,0.38831,0.35569,0.35904,10316896.350231906,2022-06-11 23:59:59.999,3704178.465587264,2309,,,0
2022-06-12,0.35965,0.36493,0.33947,0.34272,10066642.24553145,2022-06-12 23:59:59.999,3450039.6303885384,2584,,,0
2022-06-13,0.34297,0.34995,0.3011,0.31138,30719152.71596586,2022-06-13 23:59:59.999,9565329.772697449,7212,,,0
2022-06-14,0.31088,0.32579,0.29376,0.32199,16151726.570540857,2022-06-14 23:59:59.999,5200694.4384484505,4412,,,0
2022-06-15,0.32112,0.34677,0.29646,0.34307,17482639.52461759,2022-06-15 23:59:59.999,5997769.141710556,5179,,,0
2022-06-16,0.3436,0.34683,0.30694,0.31243,8323609.74027042,2022-06-16 23:59:59.999,2600545.3911526874,2389,,,0
2022-06-17,0.31122,0.33932,0.31029,0.32106,3461911.885162532,2022-06-17 23:59:59.999,1111481.4298502826,1751,,,0
2022-06-18,0.32113,0.32575,0.28748,0.30732,10895013.324559186,2022-06-18 23:59:59.999,3348255.4949035286,3710,,,0
2022-06-19,0.30763,0.3321,0.29802,0.32563,5498949.750287103,2022-06-19 23:59:59.999,1790623.007185989,1968,,,0
2022-06-20,0.32633,0.32816,0.31371,0.32358,5840307.182902064,2022-06-20 23:59:59.999,1889806.5982434498,1630,,,0
2022-06-21,0.32256,0.33681,0.3185,0.32824,9779999.116640558,2022-06-21 23:59:59.999,3210186.910046097,2536,,,0
2022-06-22,0.3284,0.3291,0.31885,0.32204,4793579.420480257,2022-06-22 23:59:59.999,1543724.316571462,2229,,,0
2022-06-23,0.32216,0.33649,0.32158,0.33524,7579798.6117366925,2022-06-23 23:59:59.999,2541051.6865986087,1542,,,0
2022-06-24,0.33534,0.38662,0.33481,0.36739,26929148.941458076,2022-06-24 23:59:59.999,9893500.029602282,5610,,,0
2022-06-25,0.36659,0.37283,0.3542,0.36824,4745952.191697077,2022-06-25 23:59:59.999,1747649.4350705317,2852,,,0
2022-06-26,0.36767,0.37456,0.35756,0.35837,7859162.759595384,2022-06-26 23:59:59.999,2816488.158156198,1899,,,0
2022-06-27,0.35918,0.3668,0.34816,0.35314,6286914.02539682,2022-06-27 23:59:59.999,2220160.8189286334,2441,,,0
2022-06-28,0.35317,0.35534,0.33503,0.33637,21761210.65342542,2022-06-28 23:59:59.999,7319818.427492709,3615,,,0
2022-06-29,0.33679,0.34099,0.3203,0.32873,11244328.525929874,2022-06-29 23:59:59.999,3696348.1163289277,3600,,,0
2022-06-30,0.32908,0.33286,0.30598,0.33192,15071655.524055293,2022-06-30 23:59:59.999,5002583.901544433,3672,,,0
2022-07-01,0.33054,0.33621,0.30948,0.31312,5858962.867961767,2022-07-01 23:59:59.999,1834558.4532161886,2236,,,0
2022-07-02,0.31342,0.31781,0.30924,0.31499,2571893.2963241288,2022-07-02 23:59:59.999,810120.6694091373,1197,,,0
2022-07-03,0.31523,0.32502,0.30816,0.32107,3468290.6541797114,2022-07-03 23:59:59.999,1113564.08033748,1831,,,0
2022-07-04,0.32111,0.32871,0.31439,0.32866,1913361.3425408397,2022-07-04 23:59:59.999,628845.3388394724,1325,,,0
2022-07-05,0.32921,0.33038,0.31265,0.32542,2772880.6946522705,2022-07-05 23:59:59.999,902350.8356537418,1610,,,0
2022-07-06,0.32487,0.33296,0.31946,0.33205,2572418.8255921737,2022-07-06 23:59:59.999,854171.6710378813,1874,,,0
2022-07-07,0.33257,0.34429,0.32693,0.34244,9490230.267674295,2022-07-07 23:59:59.999,3249834.4528623857,1601,,,0
2022-07-08,0.34275,0.35821,0.33582,0.33944,11698203.189218318,2022-07-08 23:59:59.999,3970838.090548266,2771,,,0
2022-07-09,0.34084,0.34741,0.33945,0.34468,1166451.122787331,2022-07-09 23:59:59.999,402052.37300233723,943,,,0
2022-07-10,0.34424,0.34465,0.31908,0.32509,6861835.427020936,2022-07-10 23:59:59.999,2230714.0789702362,1826,,,0
2022-07-11,0.32438,0.3284,0.31,0.31496,11784351.795002818,2022-07-11 23:59:59.999,3711599.441354088,2449,,,0
2022-07-12,0.31443,0.3175,0.3077,0.31122,3981258.5654189377,2022-07-12 23:59:59.999,1239047.2907296817,1770,,,0
2022-07-13,0.31119,0.32577,0.30265,0.32379,8665041.658971447,2022-07-13 23:59:59.999,2805653.8387583653,2787,,,0
2022-07-14,0.32452,0.33365,0.31241,0.33329,4325086.060598736,2022-07-14 23:59:59.999,1441507.9331369526,1617,,,0
2022-07-15,0.33336,0.34832,0.32746,0.33411,10496441.754664185,2022-07-15 23:59:59.999,3506966.1546508507,2148,,,0
2022-07-16,0.33402,0.35601,0.33176,0.35085,12339933.672779411,2022-07-16 23:59:59.999,4329465.729094656,2611,,,0
2022-07-17,0.35067,0.36066,0.3409,0.34321,6740637.321291424,2022-07-17 23:59:59.999,2313454.13504043,1754,,,0
2022-07-18,0.34314,0.36963,0.34314,0.36554,8310269.044297921,2022-07-18 23:59:59.999,3037735.7464526617,2597,,,0
2022-07-19,0.36553,0.37646,0.35152,0.37324,9447347.22249455,2022-07-19 23:59:59.999,3526127.877323866,2203,,,0
2022-07-20,0.37296,0.38165,0.35777,0.36245,11741063.827271154,2022-07-20 23:59:59.999,4255548.58419443,2361,,,0
2022-07-21,0.36206,0.36869,0.34836,0.36682,4493021.083050872,2022-07-21 23:59:59.999,1648129.993684721,1549,,,0
2022-07-22,0.36694,0.37136,0.3544,0.35847,7545987.41689086,2022-07-22 23:59:59.999,2705010.1093328665,1773,,,0
2022-07-23,0.35821,0.36249,0.35005,0.3594,2498088.618970596,2022-07-23 23:59:59.999,897813.0496580323,1249,,,0
2022-07-24,0.35984,0.36637,0.35641,0.35848,3669815.449322192,2022-07-24 23:59:59.999,1315555.4422730196,981,,,0
2022-07-25,0.35864,0.35949,0.3352,0.3363,8022443.75423767,2022-07-25 23:59:59.999,2697947.8345501283,2396,,,0
2022-07-26,0.33661,0.33843,0.32593,0.33797,8901839.85755583,2022-07-26 23:59:59.999,3008554.816658144,2093,,,0
2022-07-27,0.33756,0.35921,0.33046,0.35921,11697508.668735104,2022-07-27 23:59:59.999,4201862.088896336,2407,,,0
2022-07-28,0.35934,0.37899,0.3494,0.3737,6847049.52158502,2022-07-28 23:59:59.999,2558742.406216322,2483,,,0
2022-07-29,0.37371,0.37965,0.36,0.36802,5722382.649301657,2022-07-29 23:59:59.999,2105951.2625959963,1717,,,0
2022-07-30,0.36856,0.40986,0.3639,0.3874,10902156.58253003,2022-07-30 23:59:59.999,4223495.460072134,2581,,,0
2022-07-31,0.38758,0.3984,0.37882,0.37972,6408443.3471792955,2022-07-31 23:59:59.999,2433414.1077909223,1692,,,0
2022-08-01,0.3793,0.38571,0.37144,0.37958,6855565.899403459,2022-08-01 23:59:59.999,2602235.704095565,1987,,,0
2022-08-02,0.37928,0.39418,0.36708,0.37134,6465566.756582027,2022-08-02 23:59:59.999,2400923.5593891703,1921,,,0
2022-08-03,0.37,0.37715,0.36345,0.37013,5107801.994868421,2022-08-03 23:59:59.999,1890550.7523606487,1464,,,0
2022-08-04,0.36923,0.37459,0.365,0.37153,3263794.267824262,2022-08-04 23:59:59.999,1212597.4843247482,1206,,,0
2022-08-05,0.372,0.37819,0.36778,0.37536,2945636.2023595627,2022-08-05 23:59:59.999,1105674.0049176856,1213,,,0
2022-08-06,0.37698,0.3777,0.37064,0.37121,1113425.4621491197,2022-08-06 23:59:59.999,413314.66580437473,546,,,0
2022-08-07,0.3711,0.37698,0.36818,0.37223,1398484.4974230705,2022-08-07 23:59:59.999,520557.88447578956,635,,,0
2022-08-08,0.37192,0.38457,0.37163,0.37827,3408645.688607012,2022-08-08 23:59:59.999,1289388.4046293744,1360,,,0
2022-08-09,0.37879,0.38011,0.361,0.36766,6011488.798132184,2022-08-09 23:59:59.999,2210183.971521279,1706,,,0
2022-08-10,0.36744,0.38108,0.3585,0.38107,4932131.346862019,2022-08-10 23:59:59.999,1879487.2923487097,1668,,,0
2022-08-11,0.38159,0.38569,0.37743,0.3805,2877067.3514287444,2022-08-11 23:59:59.999,1094724.1272186371,1473,,,0
2022-08-12,0.38029,0.38034,0.37047,0.37998,2679821.642372389,2022-08-12 23:59:59.999,1018278.6276686603,1238,,,0
2022-08-13,0.37976,0.38753,0.377,0.3778,1704333.2878991517,2022-08-13 23:59:59.999,643897.1161682996,1033,,,0
2022-08-14,0.3778,0.39213,0.37403,0.37585,2879103.301308574,2022-08-14 23:59:59.999,1082110.9757968276,1321,,,0
2022-08-15,0.37584,0.3849,0.366,0.37543,3878726.651209191,2022-08-15 23:59:59.999,1456190.3466634664,1366,,,0
2022-08-16,0.37525,0.3784,0.36711,0.37731,4262809.2218651725,2022-08-16 23:59:59.999,1608400.5475019482,1312,,,0
2022-08-17,0.37724,0.39216,0.36782,0.3793,11441026.453815447,2022-08-17 23:59:59.999,4339581.3339321995,2825,,,0
2022-08-18,0.3794,0.38104,0.36936,0.3704,7139046.724433123,2022-08-18 23:59:59.999,2644302.906730029,1311,,,0
2022-08-19,0.37038,0.37038,0.33011,0.33478,8852917.974188305,2022-08-19 23:59:59.999,2963779.8793987613,2866,,,0
2022-08-20,0.33537,0.34271,0.33218,0.33715,2157152.502591581,2022-08-20 23:59:59.999,727283.9662487516,939,,,0
2022-08-21,0.33718,0.362,0.33569,0.34481,17478638.07363572,2022-08-21 23:59:59.999,6026809.1941703325,2275,,,0
2022-08-22,0.34505,0.34505,0.3316,0.34404,2793303.3495239806,2022-08-22 23:59:59.999,961008.0843702303,1330,,,0
2022-08-23,0.3441,0.34772,0.3328,0.347,2374264.917957789,2022-08-23 23:59:59.999,823869.9265313527,1295,,,0
2022-08-24,0.34703,0.3525,0.339,0.34546,2726581.043894031,2022-08-24 23:59:59.999,941924.6874236319,996,,,0
2022-08-25,0.34567,0.35182,0.34346,0.34908,1351466.24900115,2022-08-25 23:59:59.999,471769.8382013214,982,,,0
2022-08-26,0.34891,0.37,0.33302,0.33772,6992326.004769178,2022-08-26 23:59:59.999,2361448.338330647,2586,,,0
2022-08-27,0.33908,0.34498,0.32766,0.33567,12170344.658008303,2022-08-27 23:59:59.999,4085219.5913536474,1544,,,0
2022-08-28,0.33454,0.33719,0.32181,0.32181,1119539.958958841,2022-08-28 23:59:59.999,360279.1541925446,937,,,0
2022-08-29,0.32217,0.33405,0.31868,0.334,2388384.317147847,2022-08-29 23:59:59.999,797720.3619273809,1589,,,0
2022-08-30,0.3342,0.33562,0.3202,0.32617,3918148.7836109474,2022-08-30 23:59:59.999,1277982.588750383,1763,,,0
2022-08-31,0.32683,0.3335,0.3233,0.32735,1960774.2199586744,2022-08-31 23:59:59.999,641859.440903472,1346,,,0
2022-09-01,0.32898,0.33322,0.32169,0.33322,2071010.4683953703,2022-09-01 23:59:59.999,690102.1082787053,1280,,,0
2022-09-02,0.33311,0.335,0.32533,0.33088,1893371.8748547796,2022-09-02 23:59:59.999,626478.8859519495,1344,,,0
2022-09-03,0.3317,0.33412,0.32664,0.32916,624484.5552460302,2022-09-03 23:59:59.999,205555.33620478332,533,,,0
2022-09-04,0.32971,0.33259,0.32776,0.33172,842639.4583868198,2022-09-04 23:59:59.999,279520.36113607587,431,,,0
2022-09-05,0.3317,0.33341,0.32263,0.33295,3710417.0025396575,2022-09-05 23:59:59.999,1235383.340995579,972,,,0
2022-09-06,0.3329,0.34279,0.31801,0.3216,4479138.274777999,2022-09-06 23:59:59.999,1440490.8691686045,2007,,,0
2022-09-07,0.32104,0.33885,0.31255,0.33661,8933925.619102264,2022-09-07 23:59:59.999,3007248.7026460133,1992,,,0
2022-09-08,0.33679,0.34292,0.32826,0.33991,2519734.6171570206,2022-09-08 23:59:59.999,856482.9937178429,1561,,,0
2022-09-09,0.33971,0.35927,0.33934,0.35722,7166207.899146896,2022-09-09 23:59:59.999,2559912.785733254,2269,,,0
2022-09-10,0.35598,0.36147,0.35179,0.3575,5183245.3317329325,2022-09-10 23:59:59.999,1853010.2060945232,1273,,,0
2022-09-11,0.35754,0.36045,0.3493,0.35478,1363357.6663181412,2022-09-11 23:59:59.999,483692.0328563501,760,,,0
2022-09-12,0.35524,0.35993,0.34808,0.35991,2290790.2910232185,2022-09-12 23:59:59.999,824478.3336421666,1392,,,0
2022-09-13,0.36,0.3602,0.33101,0.3325,5331297.406011426,2022-09-13 23:59:59.999,1772656.3874987992,2048,,,0
2022-09-14,0.33229,0.34428,0.33166,0.34182,1569969.7589437396,2022-09-14 23:59:59.999,536647.0630021491,967,,,0
2022-09-15,0.34179,0.3423,0.32442,0.32634,7329118.920034461,2022-09-15 23:59:59.999,2391784.668364046,1905,,,0
2022-09-16,0.32619,0.3575,0.32155,0.35647,5010015.242470254,2022-09-16 23:59:59.999,1785920.1334833715,1568,,,0
2022-09-17,0.35507,0.38,0.34675,0.37739,6098846.079200629,2022-09-17 23:59:59.999,2301643.5218295255,2683,,,0
2022-09-18,0.37628,0.39793,0.3557,0.35723,10629382.812247315,2022-09-18 23:59:59.999,3797134.422019108,4335,,,0
2022-09-19,0.35772,0.3933,0.34013,0.3847,10815316.847023536,2022-09-19 23:59:59.999,4160652.391049954,3842,,,0
2022-09-20,0.38573,0.42369,0.3709,0.41447,20525391.95777517,2022-09-20 23:59:59.999,8507159.204739075,6615,,,0
2022-09-21,0.41291,0.43422,0.38227,0.39437,16923627.751750175,2022-09-21 23:59:59.999,6674171.0764577165,6252,,,0
2022-09-22,0.39478,0.49964,0.39464,0.48469,23285623.776309688,2022-09-22 23:59:59.999,11286308.988139542,8513,,,0
2022-09-23,0.486,0.5587,0.45678,0.5073,29252432.389127217,2022-09-23 23:59:59.999,14839758.951004237,12515,,,0
2022-09-24,0.50694,0.51893,0.47167,0.4881,10837991.629428932,2022-09-24 23:59:59.999,5290023.714324262,5213,,,0
2022-09-25,0.48779,0.52023,0.47547,0.49052,22662990.488668688,2022-09-25 23:59:59.999,11116650.094501765,5787,,,0
2022-09-26,0.49185,0.50134,0.458,0.46791,21474829.555930983,2022-09-26 23:59:59.999,10048287.497515665,6518,,,0
2022-09-27,0.46811,0.48728,0.435,0.44599,12886848.160966732,2022-09-27 23:59:59.999,5747405.411309552,4715,,,0
2022-09-28,0.44675,0.45515,0.41736,0.4489,11106055.44204552,2022-09-28 23:59:59.999,4985508.287934233,4318,,,0
2022-09-29,0.44925,0.50938,0.4259,0.487,17504306.794065293,2022-09-29 23:59:59.999,8524597.408709798,5441,,,0
2022-09-30,0.48728,0.49943,0.46496,0.4801,16845459.933820542,2022-09-30 23:59:59.999,8087505.314227243,5983,,,0
2022-10-01,0.47977,0.4858,0.46773,0.47516,5388341.976654198,2022-10-01 23:59:59.999,2560324.573627009,2254,,,0
2022-10-02,0.47544,0.47801,0.444,0.44835,6743692.559347669,2022-10-02 23:59:59.999,3023534.5589835276,2651,,,0
2022-10-03,0.44845,0.46943,0.438,0.46274,7407225.381541238,2022-10-03 23:59:59.999,3427619.4730543923,3100,,,0
2022-10-04,0.46264,0.48524,0.452,0.4802,9643257.572579611,2022-10-04 23:59:59.999,4630692.286352729,3501,,,0
2022-10-05,0.47936,0.50139,0.47259,0.48875,9315336.878802354,2022-10-05 23:59:59.999,4552870.89951465,3996,,,0
2022-10-06,0.48858,0.50552,0.48835,0.49287,6433542.905204576,2022-10-06 23:59:59.999,3170900.2916881796,2987,,,0
2022-10-07,0.49256,0.5331,0.48245,0.51816,10846609.816978993,2022-10-07 23:59:59.999,5620279.342765834,4283,,,0
2022-10-08,0.5175,0.52904,0.51152,0.51721,7859653.152956917,2022-10-08 23:59:59.999,4065091.2072408465,2689,,,0
2022-10-09,0.51545,0.5486,0.50585,0.53204,6060820.252411191,2022-10-09 23:59:59.999,3224598.80709285,3109,,,0
2022-10-10,0.53204,0.53799,0.4934,0.49364,9888081.433941867,2022-10-10 23:59:59.999,4881152.519051064,3933,,,0
2022-10-11,0.4934,0.50198,0.47625,0.48478,11557531.042226424,2022-10-11 23:59:59.999,5602859.898650526,4180,,,0
2022-10-12,0.4857,0.4957,0.48207,0.48835,5956410.026675227,2022-10-12 23:59:59.999,2908812.836526847,2277,,,0
2022-10-13,0.48824,0.48938,0.44112,0.47903,17756703.363438815,2022-10-13 23:59:59.999,8505993.612188095,6056,,,0
2022-10-14,0.47943,0.5118,0.47828,0.48887,12473239.72886257,2022-10-14 23:59:59.999,6097792.706249045,3935,,,0
2022-10-15,0.48942,0.48942,0.47765,0.48164,5002706.053126592,2022-10-15 23:59:59.999,2409503.343427892,1489,,,0
2022-10-16,0.48185,0.48729,0.46879,0.47685,6220050.241596177,2022-10-16 23:59:59.999,2966030.957705137,2033,,,0
2022-10-17,0.47615,0.48258,0.46316,0.48041,7548707.100128419,2022-10-17 23:59:59.999,3626474.3779726936,2611,,,0
2022-10-18,0.48079,0.4839,0.45762,0.46541,5125000.226297045,2022-10-18 23:59:59.999,2385226.3553209077,2239,,,0
2022-10-19,0.4656,0.46642,0.4479,0.45123,5776484.174904829,2022-10-19 23:59:59.999,2606522.954242306,2474,,,0
2022-10-20,0.45057,0.46529,0.42204,0.44656,20476771.014747582,2022-10-20 23:59:59.999,9144106.86434568,4307,,,0
2022-10-21,0.44651,0.46122,0.435,0.46122,8264913.964220265,2022-10-21 23:59:59.999,3811943.618577671,2517,,,0
2022-10-22,0.4611,0.47041,0.45659,0.46554,2601455.1388923996,2022-10-22 23:59:59.999,1211081.4253599676,1191,,,0
2022-10-23,0.46541,0.47199,0.45176,0.46902,3510150.4232315207,2022-10-23 23:59:59.999,1646330.7515040478,1781,,,0
2022-10-24,0.46883,0.47322,0.448,0.45344,9607838.673368998,2022-10-24 23:59:59.999,4356578.368052439,2663,,,0
2022-10-25,0.45408,0.47259,0.44351,0.46134,8305922.962490675,2022-10-25 23:59:59.999,3831854.4995154478,3024,,,0
2022-10-26,0.46106,0.47104,0.45697,0.46941,6315863.853496108,2022-10-26 23:59:59.999,2964729.6514696083,1915,,,0
2022-10-27,0.46867,0.48214,0.45852,0.46207,5892378.240414546,2022-10-27 23:59:59.999,2722691.213548349,2316,,,0
2022-10-28,0.46156,0.47513,0.45668,0.47435,5347425.004649048,2022-10-28 23:59:59.999,2536551.0509552755,1792,,,0
2022-10-29,0.473,0.48297,0.46662,0.47049,7449248.644733636,2022-10-29 23:59:59.999,3504796.9948607283,2755,,,0
2022-10-30,0.47041,0.47303,0.4534,0.45765,4071758.820515115,2022-10-30 23:59:59.999,1863440.4242087423,1872,,,0
2022-10-31,0.45811,0.4674,0.44817,0.46499,9552078.304713732,2022-10-31 23:59:59.999,4441620.890908838,2422,,,0
2022-11-01,0.4643,0.46668,0.4547,0.46413,10411071.252585256,2022-11-01 23:59:59.999,4832090.500462395,2477,,,0
2022-11-02,0.46361,0.46579,0.44533,0.45025,5994290.805107432,2022-11-02 23:59:59.999,2698929.4349996215,3114,,,0
2022-11-03,0.45,0.45931,0.44902,0.45503,5030274.121851023,2022-11-03 23:59:59.999,2288925.633665871,1987,,,0
2022-11-04,0.45494,0.50707,0.45349,0.506,13607508.131509824,2022-11-04 23:59:59.999,6885399.114543971,5958,,,0
2022-11-05,0.50625,0.50999,0.48984,0.49332,4370292.803090424,2022-11-05 23:59:59.999,2155952.845620568,2473,,,0
2022-11-06,0.4932,0.49461,0.46763,0.47113,4475883.422227189,2022-11-06 23:59:59.999,2108722.9567138953,1913,,,0
2022-11-07,0.47094,0.47978,0.45821,0.46572,15396495.6816218,2022-11-07 23:59:59.999,7170455.968844905,4367,,,0
2022-11-08,0.46644,0.46659,0.33501,0.40637,44204665.54858755,2022-11-08 23:59:59.999,17963449.938979525,13776,,,0
2022-11-09,0.40637,0.41045,0.32,0.33264,35497252.33558841,2022-11-09 23:59:59.999,11807806.016910128,13615,,,0
2022-11-10,0.33146,0.40155,0.33019,0.39448,26933966.92180587,2022-11-10 23:59:59.999,10624911.27131398,10838,,,0
2022-11-11,0.39275,0.39777,0.36556,0.38356,10039518.208123,2022-11-11 23:59:59.999,3850757.6039076583,4597,,,0
2022-11-12,0.38333,0.38333,0.35902,0.36227,5463810.8828545315,2022-11-12 23:59:59.999,1979374.768531711,2731,,,0
2022-11-13,0.36276,0.36845,0.33276,0.34028,11799601.77890507,2022-11-13 23:59:59.999,4015168.4933258174,3578,,,0
2022-11-14,0.3395,0.37963,0.321,0.37691,34628754.81579609,2022-11-14 23:59:59.999,13051923.977621706,9254,,,0
2022-11-15,0.3768,0.39747,0.36658,0.38848,16813478.22669037,2022-11-15 23:59:59.999,6531700.021504675,7135,,,0
2022-11-16,0.38833,0.39066,0.36152,0.37546,12291843.317303812,2022-11-16 23:59:59.999,4615095.49191489,5039,,,0
2022-11-17,0.37493,0.38671,0.369,0.38213,8391100.777616948,2022-11-17 23:59:59.999,3206491.3401507647,3739,,,0
2022-11-18,0.38166,0.38696,0.3743,0.38251,5602247.446483295,2022-11-18 23:59:59.999,2142915.6707543256,2542,,,0
2022-11-19,0.38237,0.3878,0.37528,0.38396,3201777.6660281033,2022-11-19 23:59:59.999,1229354.5526481506,1561,,,0
2022-11-20,0.38347,0.3954,0.35852,0.36081,20212994.67210292,2022-11-20 23:59:59.999,7293050.607641455,4961,,,0
2022-11-21,0.36028,0.36811,0.34584,0.36386,9986334.795207275,2022-11-21 23:59:59.999,3633627.7785841194,4672,,,0
2022-11-22,0.364,0.37755,0.35112,0.37517,8979321.584883636,2022-11-22 23:59:59.999,3368772.079000794,3483,,,0
2022-11-23,0.37457,0.38205,0.36775,0.38159,6474755.451330147,2022-11-23 23:59:59.999,2470701.9326730706,2557,,,0
2022-11-24,0.38087,0.40475,0.374,0.40212,9845175.354862858,2022-11-24 23:59:59.999,3958941.9136974523,3652,,,0
2022-11-25,0.40095,0.41838,0.38894,0.40798,7607864.989780094,2022-11-25 23:59:59.999,3103856.7585304826,3099,,,0
2022-11-26,0.40752,0.41365,0.39277,0.39604,3436548.024721717,2022-11-26 23:59:59.999,1361010.4797107887,2304,,,0
2022-11-27,0.39654,0.423,0.39468,0.39656,5699856.282596689,2022-11-27 23:59:59.999,2260335.007426543,1913,,,0
2022-11-28,0.39598,0.39853,0.37312,0.38899,6800888.3172931345,2022-11-28 23:59:59.999,2645477.5465438566,3645,,,0
2022-11-29,0.38859,0.40366,0.38303,0.39817,5809900.251108521,2022-11-29 23:59:59.999,2313327.9829838797,3504,,,0
2022-11-30,0.39772,0.41147,0.39288,0.40786,5206339.783166516,2022-11-30 23:59:59.999,2123457.743962295,3956,,,0
2022-12-01,0.40783,0.40916,0.39446,0.39663,3631847.485012597,2022-12-01 23:59:59.999,1440499.6679805464,2605,,,0
2022-12-02,0.39674,0.39732,0.38367,0.39584,5756155.300465664,2022-12-02 23:59:59.999,2278516.5141363284,2743,,,0
2022-12-03,0.39489,0.39718,0.38566,0.38756,3291842.5332384305,2022-12-03 23:59:59.999,1275786.4921818862,1249,,,0
2022-12-04,0.38712,0.39326,0.38644,0.3899,4241350.188402753,2022-12-04 23:59:59.999,1653702.4384582336,1721,,,0
2022-12-05,0.38956,0.395,0.381,0.38942,5649068.448840219,2022-12-05 23:59:59.999,2199860.235347358,2731,,,0
2022-12-06,0.38923,0.39251,0.38093,0.39204,4903741.272942088,2022-12-06 23:59:59.999,1922462.728644216,2374,,,0
2022-12-07,0.39126,0.39233,0.37387,0.38317,3431478.488061189,2022-12-07 23:59:59.999,1314839.612270406,2004,,,0
2022-12-08,0.3833,0.3958,0.38324,0.39444,3004736.923556774,2022-12-08 23:59:59.999,1185188.432127734,1553,,,0
2022-12-09,0.39452,0.39494,0.38476,0.38887,3342962.004987141,2022-12-09 23:59:59.999,1299977.6348793495,1257,,,0
2022-12-10,0.38901,0.38905,0.38557,0.3865,2764440.59296735,2022-12-10 23:59:59.999,1068456.289181881,894,,,0
2022-12-11,0.38649,0.38863,0.37827,0.3813,6146844.923768943,2022-12-11 23:59:59.999,2343791.9694330976,1279,,,0
2022-12-12,0.38089,0.38967,0.3711,0.3868,8272639.801628166,2022-12-12 23:59:59.999,3199857.0752697745,2613,,,0
2022-12-13,0.38739,0.39684,0.37834,0.39535,11334273.22498898,2022-12-13 23:59:59.999,4481004.919499394,3092,,,0
2022-12-14,0.39499,0.39531,0.37538,0.38575,9104881.44449877,2022-12-14 23:59:59.999,3512208.0172154005,3042,,,0
2022-12-15,0.38539,0.38629,0.37391,0.37834,5172725.5442779185,2022-12-15 23:59:59.999,1957048.9824221078,2406,,,0
2022-12-16,0.3783,0.37989,0.34443,0.35158,11451182.541763632,2022-12-16 23:59:59.999,4026006.7580332574,4030,,,0
2022-12-17,0.3508,0.35703,0.34741,0.35445,4154698.53047086,2022-12-17 23:59:59.999,1472632.8941253964,1882,,,0
2022-12-18,0.35449,0.355,0.34756,0.34967,3745231.352703557,2022-12-18 23:59:59.999,1309595.0470998527,1724,,,0
2022-12-19,0.35036,0.35326,0.33218,0.33899,11985991.88148082,2022-12-19 23:59:59.999,4063131.3879031837,3738,,,0
2022-12-20,0.33911,0.35309,0.33621,0.34861,6343333.512978807,2022-12-20 23:59:59.999,2211349.4959595418,3246,,,0
2022-12-21,0.34816,0.3502,0.33733,0.34469,5829500.898672769,2022-12-21 23:59:59.999,2009370.6647635167,1920,,,0
2022-12-22,0.34472,0.35,0.34137,0.3493,6132184.54236927,2022-12-22 23:59:59.999,2141972.060649586,2079,,,0
2022-12-23,0.34911,0.35504,0.34708,0.35442,2931889.682389516,2022-12-23 23:59:59.999,1039120.3412324922,1321,,,0
2022-12-24,0.35443,0.35443,0.35109,0.35212,1288069.88499873,2022-12-24 23:59:59.999,453555.1679057528,750,,,0
2022-12-25,0.35149,0.35172,0.34423,0.34617,2162513.1802746286,2022-12-25 23:59:59.999,748597.1876156682,970,,,0
2022-12-26,0.34565,0.36968,0.34565,0.36587,10133212.264846971,2022-12-26 23:59:59.999,3707438.371339561,2823,,,0
2022-12-27,0.3654,0.3727,0.35858,0.36774,6639822.391773274,2022-12-27 23:59:59.999,2441728.286350704,3417,,,0
2022-12-28,0.36736,0.36836,0.35478,0.35593,5563144.880322948,2022-12-28 23:59:59.999,1980090.157253347,3052,,,0
2022-12-29,0.3559,0.35756,0.33654,0.34218,7074074.413057731,2022-12-29 23:59:59.999,2420606.7826600946,3437,,,0
2022-12-30,0.34209,0.3456,0.33365,0.34495,6966062.985027316,2022-12-30 23:59:59.999,2402943.4266851726,2960,,,0
2022-12-31,0.34481,0.34481,0.33855,0.33855,4834990.839584578,2022-12-31 23:59:59.999,1636886.148741359,1421,,,0
2023-01-01,0.33867,0.33975,0.33522,0.33852,2648929.9548918735,2023-01-01 23:59:59.999,896715.768329997,1360,,,0
2023-01-02,0.33891,0.355,0.30098,0.34786,17297646.80753295,2023-01-02 23:59:59.999,6017159.418468412,5351,,,0
2023-01-03,0.34822,0.35174,0.34048,0.34364,11663017.518937605,2023-01-03 23:59:59.999,4007879.3402077183,3068,,,0
2023-01-04,0.34359,0.35191,0.34246,0.34781,9820380.248631915,2023-01-04 23:59:59.999,3415626.4542766665,3089,,,0
2023-01-05,0.34711,0.34832,0.33385,0.33807,8461123.58887114,2023-01-05 23:59:59.999,2860452.051689666,2265,,,0
2023-01-06,0.33785,0.34562,0.33176,0.34454,8971075.483473007,2023-01-06 23:59:59.999,3090894.3470757897,2099,,,0
2023-01-07,0.34426,0.34554,0.34151,0.34382,3419106.09718511,2023-01-07 23:59:59.999,1175557.0583341846,1121,,,0
2023-01-08,0.34435,0.34672,0.33666,0.34451,4847995.490056689,2023-01-08 23:59:59.999,1670182.9262794298,1396,,,0
2023-01-09,0.34502,0.35743,0.34142,0.34911,9538578.86254315,2023-01-09 23:59:59.999,3330013.266702439,3088,,,0
2023-01-10,0.34976,0.35416,0.34289,0.35071,6924809.1095005255,2023-01-10 23:59:59.999,2428599.8027929296,2426,,,0
2023-01-11,0.35055,0.37834,0.348,0.37291,13138384.720540144,2023-01-11 23:59:59.999,4899435.046136625,4389,,,0
2023-01-12,0.37203,0.38108,0.36,0.37502,7383404.92891252,2023-01-12 23:59:59.999,2768924.5164407734,3069,,,0
2023-01-13,0.37478,0.3866,0.36825,0.38576,4566496.077415554,2023-01-13 23:59:59.999,1761571.526823824,2654,,,0
2023-01-14,0.3856,0.4084,0.37633,0.39505,7929752.990656558,2023-01-14 23:59:59.999,3132648.9189588735,3441,,,0
2023-01-15,0.39548,0.3961,0.37997,0.38483,2359480.182210232,2023-01-15 23:59:59.999,907998.7585199636,1146,,,0
2023-01-16,0.385,0.40603,0.377,0.38615,5498295.25029833,2023-01-16 23:59:59.999,2123166.7109026997,2421,,,0
2023-01-17,0.38563,0.39878,0.37937,0.3872,4966880.396685249,2023-01-17 23:59:59.999,1923176.0895965283,2332,,,0
2023-01-18,0.38731,0.39603,0.36558,0.37858,13976733.34517414,2023-01-18 23:59:59.999,5291311.7098160265,4950,,,0
2023-01-19,0.37797,0.3963,0.37658,0.39306,6262750.55933734,2023-01-19 23:59:59.999,2461636.734853135,2743,,,0
2023-01-20,0.39293,0.41407,0.38606,0.41328,8060100.294850446,2023-01-20 23:59:59.999,3331078.249855792,2611,,,0
2023-01-21,0.413,0.4164,0.39714,0.40312,7483594.879592033,2023-01-21 23:59:59.999,3016786.7678611404,2400,,,0
2023-01-22,0.4032,0.41198,0.3968,0.40076,4148753.253128704,2023-01-22 23:59:59.999,1662654.3537238594,1852,,,0
2023-01-23,0.40056,0.43296,0.4002,0.42467,13620389.714821143,2023-01-23 23:59:59.999,5784170.900193094,4943,,,0
2023-01-24,0.42296,0.43106,0.40314,0.40802,7910536.876619211,2023-01-24 23:59:59.999,3227657.2563981707,2635,,,0
2023-01-25,0.40717,0.42398,0.3977,0.41723,7659433.676062343,2023-01-25 23:59:59.999,3195745.512663491,2418,,,0
2023-01-26,0.41729,0.41729,0.40549,0.40947,5529996.088127005,2023-01-26 23:59:59.999,2264367.4982053647,2001,,,0
2023-01-27,0.40921,0.41358,0.39899,0.41256,6130654.930183679,2023-01-27 23:59:59.999,2529262.9979965785,2079,,,0
2023-01-28,0.4128,0.41643,0.40585,0.40797,3113695.5756320697,2023-01-28 23:59:59.999,1270294.3839906154,1295,,,0
2023-01-29,0.4078,0.41722,0.40692,0.41348,3878818.844370205,2023-01-29 23:59:59.999,1603814.0157701925,1648,,,0
2023-01-30,0.41339,0.42194,0.3861,0.39363,10000032.686694007,2023-01-30 23:59:59.999,3936312.866463362,3233,,,0
2023-01-31,0.39329,0.41122,0.38812,0.40593,9127384.544266878,2023-01-31 23:59:59.999,3705079.208054254,2541,,,0
2023-02-01,0.40571,0.4154,0.39684,0.41347,5016005.172214393,2023-02-01 23:59:59.999,2073967.6585554848,2206,,,0
2023-02-02,0.41346,0.41938,0.40865,0.4099,3989042.263870736,2023-02-02 23:59:59.999,1635108.4239606147,2216,,,0
2023-02-03,0.4098,0.41354,0.40558,0.41207,3845803.482896247,2023-02-03 23:59:59.999,1584740.2411970564,1849,,,0
2023-02-04,0.41169,0.42044,0.40792,0.41092,3205981.8026676625,2023-02-04 23:59:59.999,1317402.0423521958,1376,,,0
2023-02-05,0.4106,0.41187,0.39443,0.39857,7394441.88177536,2023-02-05 23:59:59.999,2947202.700819205,2445,,,0
2023-02-06,0.39857,0.40357,0.39132,0.39216,3861795.903771203,2023-02-06 23:59:59.999,1514441.881622915,1926,,,0
2023-02-07,0.39204,0.40482,0.39042,0.4038,4151383.04150773,2023-02-07 23:59:59.999,1676328.4721608213,1746,,,0
2023-02-08,0.40366,0.40577,0.394,0.39798,3218967.5758882356,2023-02-08 23:59:59.999,1281084.715852,1311,,,0
2023-02-09,0.39773,0.40861,0.37294,0.38165,11842161.337570798,2023-02-09 23:59:59.999,4519560.874483895,3592,,,0
2023-02-10,0.38179,0.38761,0.3777,0.38218,5580351.707472294,2023-02-10 23:59:59.999,2132698.815561761,1726,,,0
2023-02-11,0.382,0.38407,0.38,0.38372,1469563.90961366,2023-02-11 23:59:59.999,563901.0633969536,912,,,0
2023-02-12,0.38353,0.38489,0.37219,0.37492,2870530.933301861,2023-02-12 23:59:59.999,1076219.4575135335,1213,,,0
2023-02-13,0.37461,0.37838,0.3621,0.37066,8933089.101008974,2023-02-13 23:59:59.999,3311138.8061799863,2461,,,0
2023-02-14,0.37053,0.38373,0.36491,0.38228,5037089.214653644,2023-02-14 23:59:59.999,1925578.464977795,1894,,,0
2023-02-15,0.38211,0.40236,0.37675,0.40119,9051423.286720736,2023-02-15 23:59:59.999,3631340.508399492,2301,,,0
2023-02-16,0.40115,0.40447,0.38434,0.38434,7218150.0958713,2023-02-16 23:59:59.999,2774223.8078471757,2381,,,0
2023-02-17,0.38433,0.39985,0.38142,0.3953,3127662.5786754875,2023-02-17 23:59:59.999,1236365.0173504201,1469,,,0
2023-02-18,0.39498,0.39744,0.39148,0.39445,3238507.339758045,2023-02-18 23:59:59.999,1277429.220167561,1178,,,0
2023-02-19,0.39427,0.3976,0.38521,0.38609,2734958.0746229906,2023-02-19 23:59:59.999,1055939.9630311904,1059,,,0
2023-02-20,0.38608,0.40861,0.3775,0.39832,4356261.3784955125,2023-02-20 23:59:59.999,1735186.0322823327,2177,,,0
2023-02-21,0.39842,0.40222,0.38761,0.39142,3771649.233128174,2023-02-21 23:59:59.999,1476298.9428310299,1559,,,0
2023-02-22,0.39199,0.39749,0.3835,0.39509,4026100.897344517,2023-02-22 23:59:59.999,1590672.2035318452,1414,,,0
2023-02-23,0.39527,0.39751,0.38557,0.38832,4915249.965026475,2023-02-23 23:59:59.999,1908689.8664190806,1667,,,0
2023-02-24,0.38833,0.39061,0.37269,0.37835,6206710.437345454,2023-02-24 23:59:59.999,2348308.8939696522,2131,,,0
2023-02-25,0.37812,0.3793,0.36944,0.37786,2741262.546474038,2023-02-25 23:59:59.999,1035813.46581068,1302,,,0
2023-02-26,0.37785,0.38055,0.375,0.37794,2793303.982625327,2023-02-26 23:59:59.999,1055701.3071934162,1075,,,0
2023-02-27,0.37787,0.38,0.37088,0.37871,2273405.77081277,2023-02-27 23:59:59.999,860961.4994645041,1249,,,0
2023-02-28,0.37871,0.38227,0.37197,0.37669,3592787.714350086,2023-02-28 23:59:59.999,1353367.204118534,1436,,,0
2023-03-01,0.37615,0.38421,0.373,0.38349,4204988.449404891,2023-03-01 23:59:59.999,1612571.0204622815,1312,,,0
2023-03-02,0.38382,0.38458,0.37382,0.37729,2445466.8445295906,2023-03-02 23:59:59.999,922650.1857725693,1031,,,0
2023-03-03,0.37725,0.38049,0.352,0.37736,7070893.26774177,2023-03-03 23:59:59.999,2668272.283515034,2341,,,0
2023-03-04,0.37727,0.37993,0.36843,0.37354,2205664.43471972,2023-03-04 23:59:59.999,823903.8929452042,1007,,,0
2023-03-05,0.37351,0.37706,0.36577,0.36686,2042966.4836499605,2023-03-05 23:59:59.999,749482.6841918245,1031,,,0
2023-03-06,0.36672,0.37362,0.35936,0.37024,4238749.931717934,2023-03-06 23:59:59.999,1569354.774719248,1965,,,0
2023-03-07,0.36966,0.3843,0.36702,0.38015,7159964.524888571,2023-03-07 23:59:59.999,2721860.5141363903,2270,,,0
2023-03-08,0.38013,0.40117,0.37248,0.38899,10720560.635539262,2023-03-08 23:59:59.999,4170190.8816184173,3702,,,0
2023-03-09,0.38893,0.39717,0.36411,0.37122,8724932.127796132,2023-03-09 23:59:59.999,3238869.30448048,3614,,,0
2023-03-10,0.37068,0.37468,0.35744,0.37115,6651487.919952931,2023-03-10 23:59:59.999,2468699.7414905303,2360,,,0
2023-03-11,0.37106,0.37718,0.36092,0.36655,14272941.668038556,2023-03-11 23:59:59.999,5231746.768419533,7005,,,0
2023-03-12,0.36694,0.374,0.35182,0.37393,11071214.875925863,2023-03-12 23:59:59.999,4139859.378554958,4491,,,0
2023-03-13,0.37393,0.38146,0.35722,0.3735,18316254.499576528,2023-03-13 23:59:59.999,6841121.055591833,5883,,,0
2023-03-14,0.3739,0.38805,0.36677,0.3738,12927071.744599303,2023-03-14 23:59:59.999,4832139.41813122,4585,,,0
2023-03-15,0.37368,0.37738,0.35712,0.36038,7130701.105120279,2023-03-15 23:59:59.999,2569762.064263246,2559,,,0
2023-03-16,0.36011,0.36774,0.35772,0.36558,3603429.6227219985,2023-03-16 23:59:59.999,1317341.8014747084,1651,,,0
2023-03-17,0.36556,0.38283,0.3631,0.38039,6792405.119972231,2023-03-17 23:59:59.999,2583762.983586237,2512,,,0
2023-03-18,0.38027,0.39041,0.3704,0.37448,5453641.475688656,2023-03-18 23:59:59.999,2042279.6598158877,2544,,,0
2023-03-19,0.37471,0.40107,0.37392,0.3866,10956572.16495134,2023-03-19 23:59:59.999,4235810.798970188,4174,,,0
2023-03-20,0.38705,0.39206,0.372,0.37399,14134182.121269664,2023-03-20 23:59:59.999,5286042.771533641,4606,,,0
2023-03-21,0.37422,0.49265,0.37325,0.46841,35524677.40262366,2023-03-21 23:59:59.999,16640114.142162949,12289,,,0
2023-03-22,0.47033,0.47498,0.40969,0.42218,20935434.26520607,2023-03-22 23:59:59.999,8838521.638084698,8389,,,0
2023-03-23,0.42198,0.4555,0.4128,0.44439,14759569.6531214,2023-03-23 23:59:59.999,6559005.158150619,5460,,,0
2023-03-24,0.44452,0.44452,0.41492,0.42571,6231728.709703836,2023-03-24 23:59:59.999,2652909.22900802,3458,,,0
2023-03-25,0.4264,0.46513,0.42341,0.44365,10692864.38348885,2023-03-25 23:59:59.999,4743889.283734828,4515,,,0
2023-03-26,0.44307,0.46378,0.44104,0.4483,5138540.647151782,2023-03-26 23:59:59.999,2303607.7721181437,2149,,,0
2023-03-27,0.44829,0.48839,0.44292,0.47944,17412803.636452116,2023-03-27 23:59:59.999,8348394.5754606025,7137,,,0
2023-03-28,0.47916,0.53627,0.46542,0.514,29600700.27177047,2023-03-28 23:59:59.999,15214759.939690022,11830,,,0
2023-03-29,0.51399,0.58479,0.51399,0.54277,33344132.78704727,2023-03-29 23:59:59.999,18098194.952825647,14116,,,0
2023-03-30,0.54257,0.5573,0.52168,0.53229,18154247.528041936,2023-03-30 23:59:59.999,9663324.416701443,7372,,,0
2023-03-31,0.53186,0.54906,0.52602,0.53798,12063947.97824048,2023-03-31 23:59:59.999,6490162.733333814,5519,,,0
2023-04-01,0.53745,0.53764,0.4979,0.50973,9584375.779870337,2023-04-01 23:59:59.999,4885443.866273307,4982,,,0
2023-04-02,0.50968,0.52911,0.50201,0.51871,6828556.200431092,2023-04-02 23:59:59.999,3542040.3867256115,3733,,,0
2023-04-03,0.51854,0.52435,0.48227,0.49618,9040205.087285724,2023-04-03 23:59:59.999,4485568.96020943,5393,,,0
2023-04-04,0.49601,0.50761,0.48745,0.50367,6468327.349890968,2023-04-04 23:59:59.999,3257902.4363195836,4362,,,0
2023-04-05,0.50268,0.52683,0.49885,0.50646,6285011.115960426,2023-04-05 23:59:59.999,3183106.729789317,3948,,,0
2023-04-06,0.50577,0.50982,0.49166,0.50313,3470888.258522823,2023-04-06 23:59:59.999,1746308.009510588,2560,,,0
2023-04-07,0.50264,0.51479,0.49702,0.51308,4766336.135206005,2023-04-07 23:59:59.999,2445511.7442514966,2210,,,0
2023-04-08,0.51285,0.51294,0.503,0.50537,1906428.048469728,2023-04-08 23:59:59.999,963451.5428551465,1328,,,0
2023-04-09,0.50525,0.50882,0.49931,0.50589,1546644.425820678,2023-04-09 23:59:59.999,782431.9485784228,1082,,,0
2023-04-10,0.50528,0.51998,0.50049,0.51797,3830553.274812431,2023-04-10 23:59:59.999,1984111.679754595,1737,,,0
2023-04-11,0.51776,0.52858,0.51113,0.51756,6732944.813829853,2023-04-11 23:59:59.999,3484702.917845779,3052,,,0
2023-04-12,0.51756,0.51792,0.49815,0.50495,6312869.761620541,2023-04-12 23:59:59.999,3187683.586130292,3178,,,0
2023-04-13,0.50484,0.51603,0.50175,0.51329,5053572.031164214,2023-04-13 23:59:59.999,2593947.9878762797,2552,,,0
2023-04-14,0.51243,0.5476,0.51176,0.52358,9770531.731768765,2023-04-14 23:59:59.999,5115655.00411949,4720,,,0
2023-04-15,0.52317,0.52623,0.51712,0.5201,2217564.471210039,2023-04-15 23:59:59.999,1153355.2814763414,1331,,,0
2023-04-16,0.52079,0.52455,0.51603,0.5212,2357118.928100447,2023-04-16 23:59:59.999,1228530.3853259531,1272,,,0
2023-04-17,0.52104,0.52104,0.50698,0.51107,4165990.523260211,2023-04-17 23:59:59.999,2129112.776722596,2454,,,0
2023-04-18,0.51128,0.53827,0.50962,0.53189,5157008.995217134,2023-04-18 23:59:59.999,2742961.5144660412,3391,,,0
2023-04-19,0.53261,0.53705,0.46477,0.49198,14217764.118168266,2023-04-19 23:59:59.999,6994855.590856424,6524,,,0
2023-04-20,0.49214,0.49945,0.46501,0.47559,10249108.38199926,2023-04-20 23:59:59.999,4874373.455395028,4641,,,0
2023-04-21,0.47495,0.47916,0.44036,0.4494,11090418.068905689,2023-04-21 23:59:59.999,4984033.880166217,5097,,,0
2023-04-22,0.44937,0.47542,0.44576,0.47234,5523829.848891734,2023-04-22 23:59:59.999,2609125.7908255216,2716,,,0
2023-04-23,0.4718,0.47201,0.45349,0.46477,4129413.079795415,2023-04-23 23:59:59.999,1919227.317096515,2049,,,0
2023-04-24,0.4653,0.48499,0.44725,0.46046,6963552.869113623,2023-04-24 23:59:59.999,3206437.5541120586,3762,,,0
2023-04-25,0.46001,0.47162,0.45102,0.46974,3944297.695274682,2023-04-25 23:59:59.999,1852794.399378329,2690,,,0
2023-04-26,0.46939,0.48295,0.43327,0.46217,12244459.846490577,2023-04-26 23:59:59.999,5659022.00725255,5035,,,0
2023-04-27,0.46101,0.46972,0.4563,0.46695,3800623.6941459,2023-04-27 23:59:59.999,1774701.233981428,1982,,,0
2023-04-28,0.46628,0.4825,0.46378,0.48006,4008445.9485783847,2023-04-28 23:59:59.999,1924294.5620745393,2426,,,0
2023-04-29,0.4787,0.48686,0.47166,0.4783,1450637.0269180988,2023-04-29 23:59:59.999,693839.6899749266,1518,,,0
2023-04-30,0.47809,0.48172,0.46932,0.47163,1756316.7451708214,2023-04-30 23:59:59.999,828331.6665249146,1099,,,0
2023-05-01,0.47033,0.47256,0.45496,0.46478,3986565.3728198567,2023-05-01 23:59:59.999,1852875.8539792132,2018,,,0
2023-05-02,0.46457,0.46627,0.45782,0.46472,2601299.177761965,2023-05-02 23:59:59.999,1208875.7538895404,2020,,,0
2023-05-03,0.46455,0.46552,0.45047,0.46322,4062375.077035874,2023-05-03 23:59:59.999,1881773.3831845578,3596,,,0
2023-05-04,0.463,0.46503,0.45512,0.46126,2768376.2111526136,2023-05-04 23:59:59.999,1276941.2111562546,2115,,,0
2023-05-05,0.46108,0.47049,0.4546,0.46769,3655609.362220575,2023-05-05 23:59:59.999,1709691.9426169407,2290,,,0
2023-05-06,0.4675,0.46947,0.45201,0.45913,2423391.3317521834,2023-05-06 23:59:59.999,1112651.66214738,1866,,,0
2023-05-07,0.45911,0.46067,0.44684,0.44925,1698448.090449549,2023-05-07 23:59:59.999,763027.8046344599,923,,,0
2023-05-08,0.44833,0.45148,0.41001,0.42924,8487674.348893104,2023-05-08 23:59:59.999,3643249.337518876,3836,,,0
2023-05-09,0.42816,0.43051,0.42087,0.42903,5771825.902230594,2023-05-09 23:59:59.999,2476286.466833992,3294,,,0
2023-05-10,0.42898,0.43425,0.41259,0.43055,8300836.254623297,2023-05-10 23:59:59.999,3573925.04942806,4353,,,0
2023-05-11,0.4307,0.4307,0.41193,0.4211,5489814.877284418,2023-05-11 23:59:59.999,2311761.0448244684,3359,,,0
2023-05-12,0.42084,0.4437,0.41616,0.43058,4936603.824325647,2023-05-12 23:59:59.999,2125602.8746781372,3675,,,0
2023-05-13,0.43032,0.43032,0.42352,0.4244,1595627.5717346594,2023-05-13 23:59:59.999,677184.3414441894,1105,,,0
2023-05-14,0.42403,0.4316,0.42154,0.42523,775767.9854888095,2023-05-14 23:59:59.999,329879.8204694065,980,,,0
2023-05-15,0.4256,0.43038,0.42157,0.42732,2280917.3579903017,2023-05-15 23:59:59.999,974681.6054164156,1770,,,0
2023-05-16,0.42757,0.44267,0.4187,0.44173,6586018.830951682,2023-05-16 23:59:59.999,2909242.0981962867,2733,,,0
2023-05-17,0.44275,0.46138,0.43765,0.44825,12543814.077613886,2023-05-17 23:59:59.999,5622764.660290425,3717,,,0
2023-05-18,0.44838,0.47227,0.44315,0.45978,6769446.274578127,2023-05-18 23:59:59.999,3112456.0081255315,2831,,,0
2023-05-19,0.46035,0.475,0.45779,0.46759,9312058.134174364,2023-05-19 23:59:59.999,4354225.262958591,2485,,,0
2023-05-20,0.46759,0.47179,0.46238,0.46866,1714064.027254889,2023-05-20 23:59:59.999,803313.2470132763,1010,,,0
2023-05-21,0.46866,0.47048,0.45544,0.457,1986907.1652910216,2023-05-21 23:59:59.999,908016.5745379969,1384,,,0
2023-05-22,0.45757,0.46747,0.45,0.46179,5354977.731998785,2023-05-22 23:59:59.999,2472875.166859719,2075,,,0
2023-05-23,0.46185,0.467,0.45857,0.4656,2439861.5071789417,2023-05-23 23:59:59.999,1135999.5177425153,1495,,,0
2023-05-24,0.46465,0.46465,0.4456,0.45314,11038385.842890687,2023-05-24 23:59:59.999,5001934.160847486,2565,,,0
2023-05-25,0.45272,0.45469,0.44335,0.45372,3973932.564590632,2023-05-25 23:59:59.999,1803052.6832060616,1478,,,0
2023-05-26,0.45373,0.46972,0.45276,0.46877,4605258.885470289,2023-05-26 23:59:59.999,2158807.2077419073,2045,,,0
2023-05-27,0.46878,0.47883,0.46538,0.47211,3360818.301972865,2023-05-27 23:59:59.999,1586675.9285444093,1532,,,0
2023-05-28,0.47192,0.48617,0.47022,0.48258,3435146.2358685383,2023-05-28 23:59:59.999,1657732.8705054391,1741,,,0
2023-05-29,0.48269,0.4951,0.47617,0.4945,4650187.893215299,2023-05-29 23:59:59.999,2299517.913194965,2727,,,0
2023-05-30,0.4945,0.52868,0.48958,0.52161,17792275.973501436,2023-05-30 23:59:59.999,9280629.070538085,7141,,,0
2023-05-31,0.52121,0.52772,0.50112,0.51683,6488434.157133392,2023-05-31 23:59:59.999,3353417.425431251,3180,,,0
2023-06-01,0.51679,0.51679,0.50188,0.50655,4455111.919972559,2023-06-01 23:59:59.999,2256736.9430620996,1883,,,0
2023-06-02,0.50655,0.52753,0.50393,0.52518,9276491.915090485,2023-06-02 23:59:59.999,4871828.02396722,2787,,,0
2023-06-03,0.52474,0.53304,0.5145,0.51894,5864616.19446598,2023-06-03 23:59:59.999,3043383.9279561755,2045,,,0
2023-06-04,0.5189,0.54647,0.51558,0.53481,8247368.631134758,2023-06-04 23:59:59.999,4410775.21761718,3499,,,0
2023-06-05,0.5357,0.54288,0.4875,0.50917,15681214.23059358,2023-06-05 23:59:59.999,7984403.849791334,7228,,,0
2023-06-06,0.509,0.53224,0.49579,0.52984,13954027.794712637,2023-06-06 23:59:59.999,7393402.086750543,5023,,,0
2023-06-07,0.52994,0.5377,0.50738,0.5183,17406800.00369064,2023-06-07 23:59:59.999,9021944.44191286,5702,,,0
2023-06-08,0.51832,0.5277,0.51612,0.52413,4077262.642836972,2023-06-08 23:59:59.999,2137015.668990142,2191,,,0
2023-06-09,0.52419,0.54117,0.52064,0.53812,7298278.972192876,2023-06-09 23:59:59.999,3927349.880516431,4197,,,0
2023-06-10,0.53714,0.53852,0.47522,0.50711,20986486.40789968,2023-06-10 23:59:59.999,10642457.122310007,9597,,,0
2023-06-11,0.50704,0.52913,0.50309,0.52094,4317195.542688711,2023-06-11 23:59:59.999,2248999.8460082565,2758,,,0
2023-06-12,0.52055,0.52795,0.50903,0.52527,6906235.635088113,2023-06-12 23:59:59.999,3627638.3920427333,3829,,,0
2023-06-13,0.52565,0.565,0.50482,0.51926,23330971.414114457,2023-06-13 23:59:59.999,12114840.216493074,8407,,,0
2023-06-14,0.51912,0.52019,0.46141,0.47998,13178784.025170648,2023-06-14 23:59:59.999,6325552.756401408,6290,,,0
2023-06-15,0.48,0.48511,0.46761,0.47994,7495162.206954495,2023-06-15 23:59:59.999,3597228.1496057403,3814,,,0
2023-06-16,0.4797,0.48262,0.455,0.47549,9889223.56333572,2023-06-16 23:59:59.999,4702226.912130502,4809,,,0
2023-06-17,0.47551,0.48635,0.46982,0.47982,3501858.5327037964,2023-06-17 23:59:59.999,1680261.7611619357,2299,,,0
2023-06-18,0.47971,0.4975,0.47448,0.48678,6322567.652432733,2023-06-18 23:59:59.999,3077699.4818512057,3273,,,0
2023-06-19,0.48681,0.49802,0.48101,0.49281,3414132.3750044634,2023-06-19 23:59:59.999,1682518.5757259496,2206,,,0
2023-06-20,0.49212,0.49623,0.47128,0.49316,7443129.007264529,2023-06-20 23:59:59.999,3670653.501222575,3508,,,0
2023-06-21,0.49303,0.50325,0.48948,0.50007,10121284.478771755,2023-06-21 23:59:59.999,5061350.729299392,4171,,,0
2023-06-22,0.50022,0.52638,0.48233,0.49441,7111666.818190424,2023-06-22 23:59:59.999,3516079.1915815277,5392,,,0
2023-06-23,0.49389,0.50248,0.48404,0.49621,6782424.732789517,2023-06-23 23:59:59.999,3365506.9766574865,3193,,,0
2023-06-24,0.49628,0.49628,0.47883,0.4872,4506911.227510189,2023-06-24 23:59:59.999,2195767.150042964,1931,,,0
2023-06-25,0.48656,0.49748,0.48332,0.49016,3530603.2795700333,2023-06-25 23:59:59.999,1730560.5035140475,2209,,,0
2023-06-26,0.49028,0.49117,0.4707,0.47911,4934823.939125849,2023-06-26 23:59:59.999,2364323.497474585,3297,,,0
2023-06-27,0.478,0.48716,0.47637,0.48388,5143723.65878684,2023-06-27 23:59:59.999,2488945.004013776,2582,,,0
2023-06-28,0.48359,0.48405,0.44607,0.46472,9741749.56933195,2023-06-28 23:59:59.999,4527185.859859943,4500,,,0
2023-06-29,0.46477,0.4774,0.46186,0.47471,15649372.655511944,2023-06-29 23:59:59.999,7428913.693298075,5292,,,0
2023-06-30,0.47514,0.48233,0.45014,0.47339,10913673.438308636,2023-06-30 23:59:59.999,5166423.868960924,4992,,,0
2023-07-01,0.4731,0.47567,0.46457,0.47346,3828966.796746067,2023-07-01 23:59:59.999,1812862.6195873928,1770,,,0
2023-07-02,0.47345,0.49562,0.47057,0.48431,4233340.223936771,2023-07-02 23:59:59.999,2050249.0038548177,2697,,,0
2023-07-03,0.48445,0.491,0.47876,0.48951,10285002.205817556,2023-07-03 23:59:59.999,5034611.429769752,3675,,,0
2023-07-04,0.48908,0.49318,0.48202,0.48691,3987308.122078864,2023-07-04 23:59:59.999,1941460.1977214196,1987,,,0
2023-07-05,0.48826,0.49161,0.46935,0.47763,3507353.224591765,2023-07-05 23:59:59.999,1675217.1206617649,2742,,,0
2023-07-06,0.47723,0.48385,0.46158,0.462,5977329.394498404,2023-07-06 23:59:59.999,2761526.180258263,3006,,,0
2023-07-07,0.4627,0.47049,0.45805,0.46854,2223624.5098121604,2023-07-07 23:59:59.999,1041857.0278273897,1605,,,0
2023-07-08,0.46877,0.47467,0.46582,0.47041,1223355.1976922017,2023-07-08 23:59:59.999,575478.5185463886,907,,,0
2023-07-09,0.46991,0.47156,0.46698,0.46828,888297.2100358402,2023-07-09 23:59:59.999,415971.8175155832,748,,,0
2023-07-10,0.46858,0.48003,0.46289,0.47722,3398767.6777832857,2023-07-10 23:59:59.999,1621959.9111917396,2073,,,0
2023-07-11,0.478,0.47813,0.4711,0.4754,2059490.227189712,2023-07-11 23:59:59.999,979081.6540059891,1575,,,0
2023-07-12,0.47536,0.477,0.46444,0.47122,3360325.042453144,2023-07-12 23:59:59.999,1583452.3665047707,1879,,,0
2023-07-13,0.47159,0.94795,0.4695,0.81499,105962909.98195045,2023-07-13 23:59:59.999,86358712.0061898,53498,,,0
2023-07-14,0.81579,0.82499,0.66557,0.71822,62688911.45704171,2023-07-14 23:59:59.999,45024429.98667649,32466,,,0
2023-07-15,0.71901,0.73569,0.69327,0.71453,18261440.726812284,2023-07-15 23:59:59.999,13048347.242529182,10739,,,0
2023-07-16,0.71429,0.78957,0.705,0.74721,28268457.511867035,2023-07-16 23:59:59.999,21122474.137442168,15150,,,0
2023-07-17,0.74707,0.76721,0.71279,0.73754,21039595.040388133,2023-07-17 23:59:59.999,15517542.926087864,11530,,,0
2023-07-18,0.73741,0.7835,0.732,0.77881,25798704.4890532,2023-07-18 23:59:59.999,20092289.043119524,13141,,,0
2023-07-19,0.77845,0.8525,0.77078,0.82,62075079.13146032,2023-07-19 23:59:59.999,50901564.88779746,27328,,,0
2023-07-20,0.82,0.8502,0.77128,0.79399,30467875.382372245,2023-07-20 23:59:59.999,24191188.374849737,16291,,,0
2023-07-21,0.794,0.79873,0.75,0.77116,19789025.39487183,2023-07-21 23:59:59.999,15260504.82350936,10808,,,0
2023-07-22,0.77155,0.77993,0.7222,0.7329,15016123.553033233,2023-07-22 23:59:59.999,11005316.952018056,8143,,,0
2023-07-23,0.7329,0.75183,0.71561,0.73851,11326201.547292383,2023-07-23 23:59:59.999,8364513.104690898,6888,,,0
2023-07-24,0.73849,0.74213,0.6814,0.70229,26198610.74329102,2023-07-24 23:59:59.999,18399022.33890585,12163,,,0
2023-07-25,0.70216,0.71598,0.67349,0.70914,10322497.171679275,2023-07-25 23:59:59.999,7320095.644324641,7139,,,0
2023-07-26,0.7091,0.73258,0.6927,0.71636,12433016.304215517,2023-07-26 23:59:59.999,8906515.559687827,7369,,,0
2023-07-27,0.71594,0.73353,0.70711,0.71374,7682324.427281567,2023-07-27 23:59:59.999,5483182.2367279455,5812,,,0
2023-07-28,0.71357,0.71857,0.7018,0.71215,7512167.166816832,2023-07-28 23:59:59.999,5349789.847848606,4282,,,0
2023-07-29,0.71185,0.71512,0.705,0.71229,3770877.0368146817,2023-07-29 23:59:59.999,2685958.0045527294,2601,,,0
2023-07-30,0.71224,0.73465,0.68395,0.7046,5667455.1185030565,2023-07-30 23:59:59.999,3993288.876497254,4480,,,0
2023-07-31,0.70459,0.72064,0.686,0.69758,7543027.504155533,2023-07-31 23:59:59.999,5261865.126348817,5664,,,0
2023-08-01,0.6975,0.70818,0.67234,0.70682,13315761.316615006,2023-08-01 23:59:59.999,9411846.41380982,7097,,,0
2023-08-02,0.70659,0.70761,0.67578,0.68421,9702604.174538678,2023-08-02 23:59:59.999,6638618.8022611085,5670,,,0
2023-08-03,0.68436,0.68699,0.65325,0.66244,13707087.477658346,2023-08-03 23:59:59.999,9080123.028699996,7616,,,0
2023-08-04,0.66226,0.66708,0.6242,0.63452,12579252.87071346,2023-08-04 23:59:59.999,7981787.531525104,7776,,,0
2023-08-05,0.63448,0.63481,0.61,0.62815,11518245.023195578,2023-08-05 23:59:59.999,7235185.611320302,6917,,,0
2023-08-06,0.62805,0.63802,0.62043,0.62303,5295882.732207223,2023-08-06 23:59:59.999,3299493.818647066,3988,,,0
2023-08-07,0.62293,0.62855,0.59267,0.62281,13846308.703974908,2023-08-07 23:59:59.999,8623619.523922613,8233,,,0
2023-08-08,0.6229,0.648,0.61335,0.64167,13119376.225071516,2023-08-08 23:59:59.999,8418310.14234164,7489,,,0
2023-08-09,0.64166,0.66549,0.63,0.64318,22652318.16800384,2023-08-09 23:59:59.999,14569517.999296708,10944,,,0
2023-08-10,0.64302,0.64402,0.62351,0.63252,16242222.450020611,2023-08-10 23:59:59.999,10273530.544087037,6640,,,0
2023-08-11,0.63249,0.64,0.62521,0.63152,5251592.865545485,2023-08-11 23:59:59.999,3316485.9264492844,3941,,,0
2023-08-12,0.63113,0.63269,0.62216,0.62732,5269424.171465292,2023-08-12 23:59:59.999,3305615.1712436066,3086,,,0
2023-08-13,0.6273,0.63782,0.62346,0.62555,7589133.98474894,2023-08-13 23:59:59.999,4747382.7641597,4188,,,0
2023-08-14,0.6251,0.63623,0.62386,0.63348,8743979.815116081,2023-08-14 23:59:59.999,5539136.333279735,4692,,,0
2023-08-15,0.63358,0.63384,0.58003,0.60977,14524859.961085929,2023-08-15 23:59:59.999,8856823.858471368,9029,,,0
2023-08-16,0.60964,0.61749,0.57114,0.58836,24409600.32964313,2023-08-16 23:59:59.999,14361632.449948832,13145,,,0
2023-08-17,0.58825,0.59415,0.39948,0.50684,54971328.3173756,2023-08-17 23:59:59.999,27861668.044378646,30061,,,0
2023-08-18,0.50645,0.52,0.48304,0.50598,31834705.511832684,2023-08-18 23:59:59.999,16107724.2948771,22069,,,0
2023-08-19,0.50599,0.52402,0.50069,0.51932,10134388.846754847,2023-08-19 23:59:59.999,5262990.815896727,6994,,,0
2023-08-20,0.51982,0.55727,0.51592,0.53845,11772738.666299894,2023-08-20 23:59:59.999,6339031.134869178,9859,,,0
2023-08-21,0.53847,0.53961,0.50267,0.52457,13181822.773588054,2023-08-21 23:59:59.999,6914788.772341086,9978,,,0
2023-08-22,0.52429,0.52506,0.50302,0.52064,11913441.920726828,2023-08-22 23:59:59.999,6202614.401607215,7864,,,0
2023-08-23,0.52074,0.53646,0.51572,0.53021,11900136.678239204,2023-08-23 23:59:59.999,6309571.468169208,6555,,,0
2023-08-24,0.53032,0.53179,0.51111,0.51849,9028537.998223787,2023-08-24 23:59:59.999,4681206.666699052,6026,,,0
2023-08-25,0.51844,0.53167,0.50764,0.52537,12686322.995877024,2023-08-25 23:59:59.999,6665013.512343912,8390,,,0
2023-08-26,0.52547,0.5277,0.51792,0.52329,3911385.502187253,2023-08-26 23:59:59.999,2046788.9194395677,3497,,,0
2023-08-27,0.52295,0.52996,0.51307,0.52343,6143818.047902492,2023-08-27 23:59:59.999,3215858.6808136012,3765,,,0
2023-08-28,0.52333,0.52455,0.51009,0.52286,7138768.520500285,2023-08-28 23:59:59.999,3732576.5086287786,5699,,,0
2023-08-29,0.52274,0.54902,0.51293,0.54011,13596416.35032973,2023-08-29 23:59:59.999,7343560.434976591,10005,,,0
2023-08-30,0.53973,0.54029,0.52137,0.52843,8448784.686288483,2023-08-30 23:59:59.999,4464591.291775423,5785,,,0
2023-08-31,0.52844,0.52844,0.4945,0.51091,17294178.007676844,2023-08-31 23:59:59.999,8835768.485902175,8268,,,0
2023-09-01,0.51091,0.51153,0.48637,0.49809,14318884.415705595,2023-09-01 23:59:59.999,7132093.1386188,7581,,,0
2023-09-02,0.49792,0.50244,0.4944,0.49883,4677744.479903291,2023-09-02 23:59:59.999,2333399.2789101587,3122,,,0
2023-09-03,0.4989,0.51055,0.49753,0.50453,5952086.819632698,2023-09-03 23:59:59.999,3003006.3631092855,3589,,,0
2023-09-04,0.50459,0.51266,0.49653,0.50854,3526257.7413956826,2023-09-04 23:59:59.999,1793243.1118093603,3983,,,0
2023-09-05,0.50852,0.50852,0.49881,0.50527,4519116.409668251,2023-09-05 23:59:59.999,2283373.948313077,3468,,,0
2023-09-06,0.50546,0.50554,0.49047,0.50335,7709922.7083965875,2023-09-06 23:59:59.999,3880789.595271422,4177,,,0
2023-09-07,0.50273,0.50635,0.49631,0.505,4675830.553017616,2023-09-07 23:59:59.999,2361294.4292738964,3597,,,0
2023-09-08,0.50493,0.50728,0.4941,0.50496,7139259.04305322,2023-09-08 23:59:59.999,3605040.2463801536,3639,,,0
2023-09-09,0.50464,0.50464,0.50146,0.50362,1439995.697858543,2023-09-09 23:59:59.999,725210.6333555193,1686,,,0
2023-09-10,0.5035,0.5035,0.49261,0.49672,5291762.371606124,2023-09-10 23:59:59.999,2628524.2052241936,3437,,,0
2023-09-11,0.49697,0.4979,0.4589,0.47423,14058969.04835832,2023-09-11 23:59:59.999,6667184.891802966,8900,,,0
2023-09-12,0.47435,0.48662,0.46999,0.48062,8318258.833741012,2023-09-12 23:59:59.999,3997921.560672605,5172,,,0
2023-09-13,0.48036,0.4897,0.47285,0.48325,8674668.57510319,2023-09-13 23:59:59.999,4192033.5889186165,4054,,,0
2023-09-14,0.48297,0.49371,0.47999,0.48962,8140167.189682188,2023-09-14 23:59:59.999,3985588.659412193,3714,,,0
2023-09-15,0.4894,0.50864,0.48754,0.50042,8412528.760164907,2023-09-15 23:59:59.999,4209797.642161722,5771,,,0
2023-09-16,0.50065,0.50344,0.49735,0.49968,2270710.7200980987,2023-09-16 23:59:59.999,1134628.732618618,2382,,,0
2023-09-17,0.49987,0.50039,0.48984,0.49294,2584345.4671350885,2023-09-17 23:59:59.999,1273927.2545695705,3032,,,0
2023-09-18,0.49257,0.50739,0.48724,0.50322,7008662.334214118,2023-09-18 23:59:59.999,3526899.0598232285,5617,,,0
2023-09-19,0.50319,0.51648,0.50078,0.51401,6502162.649397512,2023-09-19 23:59:59.999,3342176.623416815,4656,,,0
2023-09-20,0.51401,0.52545,0.50694,0.52145,7613318.67921064,2023-09-20 23:59:59.999,3969965.0252743876,5758,,,0
2023-09-21,0.52139,0.52139,0.50018,0.50725,9655684.347665982,2023-09-21 23:59:59.999,4897845.885353569,4709,,,0
2023-09-22,0.50724,0.51677,0.50389,0.51208,7346312.606007342,2023-09-22 23:59:59.999,3761899.7592842397,4235,,,0
2023-09-23,0.51233,0.51478,0.50581,0.50769,3602866.8977020252,2023-09-23 23:59:59.999,1829139.4952943411,2316,,,0
2023-09-24,0.5071,0.5115,0.49841,0.50221,3798025.261652699,2023-09-24 23:59:59.999,1907406.2666546023,2575,,,0
2023-09-25,0.502,0.50698,0.49075,0.50541,11572751.396373888,2023-09-25 23:59:59.999,5848984.283241327,5176,,,0
2023-09-26,0.5054,0.50722,0.49598,0.50182,7824469.239200446,2023-09-26 23:59:59.999,3926475.153615568,3685,,,0
2023-09-27,0.50137,0.50719,0.49658,0.4989,9837407.293155327,2023-09-27 23:59:59.999,4907882.498555193,4209,,,0
2023-09-28,0.49892,0.51003,0.495,0.50988,12317404.35085443,2023-09-28 23:59:59.999,6280398.130413657,4536,,,0
2023-09-29,0.50991,0.54933,0.50609,0.52158,20196402.253065836,2023-09-29 23:59:59.999,10534039.48715408,11219,,,0
2023-09-30,0.52074,0.52105,0.51364,0.515,5842642.34071981,2023-09-30 23:59:59.999,3008960.8054707022,3226,,,0
2023-10-01,0.51485,0.52582,0.51374,0.52411,5006170.724921993,2023-10-01 23:59:59.999,2623784.1386388657,3195,,,0
2023-10-02,0.5245,0.52651,0.505,0.51235,9624655.302932672,2023-10-02 23:59:59.999,4931192.144457554,4504,,,0
2023-10-03,0.51231,0.551,0.50585,0.53909,14647262.977490405,2023-10-03 23:59:59.999,7896192.998535302,7398,,,0
2023-10-04,0.53908,0.54254,0.52,0.53255,22710046.271698605,2023-10-04 23:59:59.999,12094235.141993092,8800,,,0
2023-10-05,0.53269,0.53269,0.51592,0.52279,7406574.967321995,2023-10-05 23:59:59.999,3872083.3271662653,3558,,,0
2023-10-06,0.52272,0.52968,0.51715,0.52575,5958287.259633539,2023-10-06 23:59:59.999,3132569.5267523336,3436,,,0
2023-10-07,0.52566,0.52592,0.5201,0.52198,2036357.74172933,2023-10-07 23:59:59.999,1062938.0140278756,1638,,,0
2023-10-08,0.52195,0.52381,0.51593,0.51787,1536282.718130689,2023-10-08 23:59:59.999,795594.73123834,1865,,,0
2023-10-09,0.5176,0.52017,0.4875,0.50269,10809320.453724047,2023-10-09 23:59:59.999,5433737.298882541,6300,,,0
2023-10-10,0.50269,0.50269,0.49187,0.49664,5978375.849108566,2023-10-10 23:59:59.999,2969100.581701278,4405,,,0
2023-10-11,0.49642,0.4977,0.4785,0.48889,12998119.631178554,2023-10-11 23:59:59.999,6354650.706486884,5682,,,0
2023-10-12,0.4887,0.4887,0.473,0.48287,8079130.410942659,2023-10-12 23:59:59.999,3901169.701531882,4470,,,0
2023-10-13,0.48294,0.49128,0.47864,0.48521,6432293.228331958,2023-10-13 23:59:59.999,3121012.997318949,3992,,,0
2023-10-14,0.48499,0.48831,0.48348,0.48672,2704183.9210084807,2023-10-14 23:59:59.999,1316180.3980332478,2083,,,0
2023-10-15,0.48667,0.49,0.48533,0.48756,2169459.991702879,2023-10-15 23:59:59.999,1057741.9135546556,1893,,,0
2023-10-16,0.48755,0.51056,0.48508,0.49804,12856834.525037128,2023-10-16 23:59:59.999,6403217.866849491,5995,,,0
2023-10-17,0.49797,0.49801,0.48474,0.49149,4568068.438829147,2023-10-17 23:59:59.999,2245159.9570001373,2788,,,0
2023-10-18,0.49126,0.49264,0.48601,0.48796,7779456.12594354,2023-10-18 23:59:59.999,3796063.4112154096,3277,,,0
2023-10-19,0.48803,0.52457,0.47782,0.52036,14381439.629079385,2023-10-19 23:59:59.999,7483525.925387749,8672,,,0
2023-10-20,0.51986,0.53091,0.509,0.51504,28722721.0330636,2023-10-20 23:59:59.999,14793350.240869079,9495,,,0
2023-10-21,0.51505,0.535,0.51133,0.52128,10300487.178079924,2023-10-21 23:59:59.999,5369437.956189502,4812,,,0
2023-10-22,0.52117,0.52429,0.51215,0.522,6436816.100957152,2023-10-22 23:59:59.999,3360018.004699634,3934,,,0
2023-10-23,0.52266,0.55311,0.51977,0.54756,26139306.35926202,2023-10-23 23:59:59.999,14312838.590077512,11824,,,0
2023-10-24,0.54767,0.58597,0.52238,0.55876,53671083.89782915,2023-10-24 23:59:59.999,29989254.838751018,21047,,,0
2023-10-25,0.55862,0.564,0.53943,0.5554,25342219.3442016,2023-10-25 23:59:59.999,14075068.623769568,8226,,,0
2023-10-26,0.55513,0.56918,0.5424,0.55365,18408891.268888257,2023-10-26 23:59:59.999,10192082.651019983,9153,,,0
2023-10-27,0.55358,0.55862,0.53167,0.54312,10319247.18021196,2023-10-27 23:59:59.999,5604589.52851672,5930,,,0
2023-10-28,0.54283,0.55033,0.54082,0.5448,3855050.2940200777,2023-10-28 23:59:59.999,2100231.400182138,4029,,,0
2023-10-29,0.54476,0.56189,0.54084,0.55607,6648147.787819289,2023-10-29 23:59:59.999,3696835.5403726716,3961,,,0
2023-10-30,0.55618,0.58412,0.54937,0.57835,19996865.903130714,2023-10-30 23:59:59.999,11565187.395075649,9630,,,0
2023-10-31,0.57841,0.62046,0.56343,0.60002,25037260.056117825,2023-10-31 23:59:59.999,15022856.778871818,12723,,,0
2023-11-01,0.6,0.61703,0.58077,0.60885,23764133.54294383,2023-11-01 23:59:59.999,14468792.707621353,11583,,,0
2023-11-02,0.60884,0.62622,0.58664,0.60545,23086787.440459628,2023-11-02 23:59:59.999,13977895.455826283,11588,,,0
2023-11-03,0.60497,0.61542,0.59178,0.61274,17855427.10611028,2023-11-03 23:59:59.999,10940734.404998012,7379,,,0
2023-11-04,0.6123,0.61825,0.60927,0.61589,6489053.638522721,2023-11-04 23:59:59.999,3996543.245429759,4085,,,0
2023-11-05,0.61573,0.66292,0.615,0.66122,26997182.26747583,2023-11-05 23:59:59.999,17851076.85890037,14690,,,0
2023-11-06,0.66122,0.73295,0.65908,0.7151,44424262.886030465,2023-11-06 23:59:59.999,31767790.389800385,29513,,,0
2023-11-07,0.71473,0.71473,0.6505,0.68551,48427706.60709574,2023-11-07 23:59:59.999,33197677.1562302,21572,,,0
2023-11-08,0.68483,0.69881,0.67294,0.68737,23565923.89504677,2023-11-08 23:59:59.999,16198509.1077383,9300,,,0
2023-11-09,0.68738,0.70671,0.62608,0.66693,51749104.17981925,2023-11-09 23:59:59.999,34513030.05064685,24033,,,0
2023-11-10,0.66678,0.67101,0.63672,0.6598,26758550.809962988,2023-11-10 23:59:59.999,17655291.824413583,11775,,,0
2023-11-11,0.65959,0.68766,0.641,0.66233,25002443.856825806,2023-11-11 23:59:59.999,16559868.639691435,12741,,,0
2023-11-12,0.66303,0.67086,0.64602,0.66152,12901086.391659291,2023-11-12 23:59:59.999,8534326.669810455,5862,,,0
2023-11-13,0.66133,0.7499,0.64006,0.67098,56627773.49607125,2023-11-13 23:59:59.999,37996103.46039389,26952,,,0
2023-11-14,0.67062,0.672,0.5938,0.62967,30394929.916582353,2023-11-14 23:59:59.999,19138775.52057441,15493,,,0
2023-11-15,0.6297,0.65062,0.62536,0.64865,20250197.634914592,2023-11-15 23:59:59.999,13135290.69588735,13605,,,0
2023-11-16,0.64862,0.6526,0.602,0.61189,24477981.64169055,2023-11-16 23:59:59.999,14977832.18673403,13590,,,0
2023-11-17,0.61174,0.6242,0.58502,0.61339,17904544.236330878,2023-11-17 23:59:59.999,10982468.389122996,12525,,,0
2023-11-18,0.61339,0.61467,0.58988,0.61082,11657564.773222324,2023-11-18 23:59:59.999,7120673.71477966,6237,,,0
2023-11-19,0.61076,0.62864,0.60173,0.62585,13249817.8507544,2023-11-19 23:59:59.999,8292398.501894642,6733,,,0
2023-11-20,0.62633,0.62852,0.60707,0.61233,13830941.302902265,2023-11-20 23:59:59.999,8469100.288006144,8121,,,0
2023-11-21,0.61242,0.6179,0.57238,0.57953,21445801.59047704,2023-11-21 23:59:59.999,12428485.395729158,11271,,,0
2023-11-22,0.57877,0.61631,0.57799,0.61099,13901281.650603728,2023-11-22 23:59:59.999,8493544.075702373,9211,,,0
2023-11-23,0.61167,0.62392,0.6065,0.6201,9154040.43180409,2023-11-23 23:59:59.999,5676420.4717617165,5247,,,0
2023-11-24,0.62094,0.62551,0.6157,0.62158,9952364.245747073,2023-11-24 23:59:59.999,6186190.567871465,5567,,,0
2023-11-25,0.62135,0.62356,0.61555,0.62298,3374695.741268839,2023-11-25 23:59:59.999,2102367.9528956614,2319,,,0
2023-11-26,0.62312,0.6385,0.60705,0.61565,10222382.09226307,2023-11-26 23:59:59.999,6293409.53510176,5752,,,0
2023-11-27,0.61579,0.61692,0.594,0.60392,14027810.801313708,2023-11-27 23:59:59.999,8471675.499129374,6796,,,0
2023-11-28,0.60375,0.61399,0.59585,0.61093,8483842.961293587,2023-11-28 23:59:59.999,5183034.1803430915,4619,,,0
2023-11-29,0.6109,0.61762,0.60433,0.6094,12825111.781935764,2023-11-29 23:59:59.999,7815623.119911656,7224,,,0
2023-11-30,0.60923,0.60979,0.59794,0.60642,9768405.799515115,2023-11-30 23:59:59.999,5923756.644941956,4312,,,0
2023-12-01,0.60642,0.61446,0.60365,0.61285,4912437.668188781,2023-12-01 23:59:59.999,3010587.424949494,3778,,,0
2023-12-02,0.61285,0.62268,0.61129,0.62121,6554112.326227101,2023-12-02 23:59:59.999,4071480.1181755373,3860,,,0
2023-12-03,0.62151,0.63382,0.6174,0.62347,8213701.992785862,2023-12-03 23:59:59.999,5120996.781442201,5094,,,0
2023-12-04,0.6232,0.64388,0.585,0.6245,20659999.16830216,2023-12-04 23:59:59.999,12902169.4806047,13331,,,0
2023-12-05,0.62451,0.63,0.60815,0.62109,7705053.188149642,2023-12-05 23:59:59.999,4785531.4846278615,5385,,,0
2023-12-06,0.62122,0.64367,0.61123,0.64022,15118906.43918286,2023-12-06 23:59:59.999,9679426.28049365,8565,,,0
2023-12-07,0.64004,0.654,0.62231,0.64339,14297428.952547306,2023-12-07 23:59:59.999,9198822.813779412,7868,,,0
2023-12-08,0.64351,0.67575,0.63821,0.67264,16774538.303778252,2023-12-08 23:59:59.999,11283225.444653403,9391,,,0
2023-12-09,0.67217,0.70006,0.65275,0.65869,20208673.601013925,2023-12-09 23:59:59.999,13311251.214251863,12183,,,0
2023-12-10,0.65965,0.671,0.64732,0.66175,11518795.816028686,2023-12-10 23:59:59.999,7622563.131256983,6214,,,0
2023-12-11,0.66177,0.66276,0.60108,0.6185,21696788.728713907,2023-12-11 23:59:59.999,13419463.828709552,12220,,,0
2023-12-12,0.61851,0.62573,0.60683,0.619,9445982.445405765,2023-12-12 23:59:59.999,5847063.133706168,4740,,,0
2023-12-13,0.61919,0.63493,0.5934,0.62717,13609693.45063428,2023-12-13 23:59:59.999,8535591.441434301,6479,,,0
2023-12-14,0.62802,0.63782,0.60554,0.63172,9064928.941938084,2023-12-14 23:59:59.999,5726496.911201126,5221,,,0
2023-12-15,0.63141,0.64388,0.613,0.61538,12045079.519912384,2023-12-15 23:59:59.999,7412301.034963683,5553,,,0
2023-12-16,0.6155,0.62481,0.61088,0.61988,3284903.9376494614,2023-12-16 23:59:59.999,2036246.252870148,2545,,,0
2023-12-17,0.62037,0.62273,0.60821,0.61001,3796063.3241391066,2023-12-17 23:59:59.999,2315636.588358097,2691,,,0
2023-12-18,0.60976,0.61431,0.57814,0.61229,12208327.486613285,2023-12-18 23:59:59.999,7475036.836778448,6601,,,0
2023-12-19,0.6123,0.61633,0.59737,0.60506,5785339.81743977,2023-12-19 23:59:59.999,3500477.7099401075,3611,,,0
2023-12-20,0.60434,0.62634,0.60175,0.6172,8995451.085021393,2023-12-20 23:59:59.999,5551992.409675203,5310,,,0
2023-12-21,0.6166,0.62478,0.61024,0.62412,10375049.216789937,2023-12-21 23:59:59.999,6475275.717182935,4640,,,0
2023-12-22,0.62421,0.63099,0.61573,0.62523,7561907.617583672,2023-12-22 23:59:59.999,4727931.499741838,4633,,,0
2023-12-23,0.62525,0.62527,0.6115,0.61966,7574446.777170065,2023-12-23 23:59:59.999,4693581.689941202,5122,,,0
2023-12-24,0.61966,0.63146,0.60554,0.61245,15006846.708055409,2023-12-24 23:59:59.999,9190943.266348535,7530,,,0
2023-12-25,0.61288,0.64839,0.60908,0.64624,18360445.051799636,2023-12-25 23:59:59.999,11865254.010274997,9799,,,0
2023-12-26,0.64624,0.6468,0.59541,0.62238,18446527.82816314,2023-12-26 23:59:59.999,11480749.989692176,9907,,,0
2023-12-27,0.62237,0.64309,0.6131,0.63455,13444891.6559823,2023-12-27 23:59:59.999,8531456.000303568,8248,,,0
2023-12-28,0.63493,0.65782,0.62541,0.63512,20127215.562682062,2023-12-28 23:59:59.999,12783197.148170631,10937,,,0
2023-12-29,0.63562,0.63679,0.6123,0.62326,11680155.024144078,2023-12-29 23:59:59.999,7279773.420348038,6545,,,0
2023-12-30,0.623,0.62946,0.61643,0.62066,9195184.543910222,2023-12-30 23:59:59.999,5707083.2390233185,7633,,,0
2023-12-31,0.62058,0.62762,0.6063,0.61458,5129628.651198019,2023-12-31 23:59:59.999,3152567.176453279,4147,,,0
2024-01-01,0.615,0.63118,0.60786,0.62968,7084585.196608514,2024-01-01 23:59:59.999,4461021.606600449,3833,,,0
2024-01-02,0.62969,0.64,0.62187,0.62461,10854004.420659482,2024-01-02 23:59:59.999,6779519.701188119,6410,,,0
2024-01-03,0.62462,0.6394,0.45411,0.58252,39658694.21232809,2024-01-03 23:59:59.999,23101982.552565362,27747,,,0
2024-01-04,0.5828,0.59428,0.57025,0.58721,11793824.669469511,2024-01-04 23:59:59.999,6925451.784159192,6382,,,0
2024-01-05,0.5876,0.58915,0.55348,0.57632,9784073.510719622,2024-01-05 23:59:59.999,5638757.245697933,6709,,,0
2024-01-06,0.57601,0.57601,0.558,0.56829,5368856.583570123,2024-01-06 23:59:59.999,3051067.507877065,3657,,,0
2024-01-07,0.56764,0.57298,0.54638,0.55129,4808692.710657721,2024-01-07 23:59:59.999,2650984.204458495,3709,,,0
2024-01-08,0.55131,0.58186,0.5452,0.57805,18445622.20177877,2024-01-08 23:59:59.999,10662491.913738217,8491,,,0
2024-01-09,0.57804,0.57879,0.55437,0.5671,20530040.281309616,2024-01-09 23:59:59.999,11642585.843530685,8893,,,0
2024-01-10,0.56703,0.61428,0.54923,0.60085,23247284.897081647,2024-01-10 23:59:59.999,13968131.130411508,11509,,,0
2024-01-11,0.60095,0.62388,0.58666,0.60193,21144219.021984108,2024-01-11 23:59:59.999,12727339.755902894,10321,,,0
2024-01-12,0.60198,0.60366,0.5545,0.57,19328805.491089445,2024-01-12 23:59:59.999,11017419.129920982,8377,,,0
2024-01-13,0.56962,0.57736,0.5635,0.57456,6644759.021200628,2024-01-13 23:59:59.999,3817812.7432210324,3411,,,0
2024-01-14,0.57463,0.5922,0.57191,0.57625,8616830.79749194,2024-01-14 23:59:59.999,4965448.747054731,4184,,,0
2024-01-15,0.57625,0.58913,0.56855,0.57565,10492115.9917278,2024-01-15 23:59:59.999,6039786.570638107,4015,,,0
2024-01-16,0.57577,0.57981,0.56593,0.57562,6954330.303388926,2024-01-16 23:59:59.999,4003051.609236734,3689,,,0
2024-01-17,0.57575,0.5762,0.56122,0.5681,6619921.882679505,2024-01-17 23:59:59.999,3760777.621550227,3440,,,0
2024-01-18,0.56811,0.56852,0.54251,0.5513,8523820.14428055,2024-01-18 23:59:59.999,4699182.045541867,4523,,,0
2024-01-19,0.5515,0.55298,0.52129,0.54386,11670835.346164238,2024-01-19 23:59:59.999,6347300.511364883,6449,,,0
2024-01-20,0.54382,0.55393,0.53893,0.55337,3388931.9345540125,2024-01-20 23:59:59.999,1875333.264624154,2404,,,0
2024-01-21,0.55318,0.55485,0.54547,0.54568,4558730.708148076,2024-01-21 23:59:59.999,2487608.1728222426,2387,,,0
2024-01-22,0.54588,0.5489,0.51609,0.52634,10003436.047202272,2024-01-22 23:59:59.999,5265208.529084444,5308,,,0
2024-01-23,0.52634,0.53111,0.4961,0.51774,12584580.742397573,2024-01-23 23:59:59.999,6515540.833568919,6268,,,0
2024-01-24,0.5173,0.51874,0.51072,0.51788,7213665.154297384,2024-01-24 23:59:59.999,3735812.9101075297,3403,,,0
2024-01-25,0.51795,0.51795,0.504,0.51334,10052825.050677132,2024-01-25 23:59:59.999,5160517.211514599,3688,,,0
2024-01-26,0.51328,0.53645,0.50875,0.53182,11559346.44493004,2024-01-26 23:59:59.999,6147491.626342693,4635,,,0
2024-01-27,0.53223,0.53436,0.52626,0.53031,2472698.977679719,2024-01-27 23:59:59.999,1311296.9948533317,2162,,,0
2024-01-28,0.5304,0.53551,0.52133,0.52413,3679983.562962596,2024-01-28 23:59:59.999,1928789.7848555853,2502,,,0
2024-01-29,0.52377,0.54,0.51934,0.53538,8488200.893951451,2024-01-29 23:59:59.999,4544412.994603728,3737,,,0
2024-01-30,0.5353,0.53894,0.5075,0.51078,15809956.263868434,2024-01-30 23:59:59.999,8075409.460458719,5690,,,0
2024-01-31,0.51016,0.52499,0.485,0.50296,31201089.305987697,2024-01-31 23:59:59.999,15692899.877339572,9230,,,0
2024-02-01,0.50303,0.51026,0.49001,0.50579,12176406.530581068,2024-02-01 23:59:59.999,6158704.659102598,4910,,,0
2024-02-02,0.50583,0.513,0.49887,0.51034,15316144.869688084,2024-02-02 23:59:59.999,7816441.372796617,4052,,,0
2024-02-03,0.50989,0.52705,0.50583,0.51888,21473668.395746738,2024-02-03 23:59:59.999,11142257.057185067,6192,,,0
2024-02-04,0.51888,0.51897,0.50001,0.50357,5989768.200898018,2024-02-04 23:59:59.999,3016267.5729262144,2563,,,0
2024-02-05,0.50307,0.51321,0.4971,0.50613,21594175.004535895,2024-02-05 23:59:59.999,10929459.795045752,3904,,,0
2024-02-06,0.50578,0.51086,0.49803,0.5051,9762313.92779741,2024-02-06 23:59:59.999,4930944.764930472,3230,,,0
2024-02-07,0.50511,0.51517,0.49907,0.51404,7689985.324680343,2024-02-07 23:59:59.999,3952960.056298684,3165,,,0
2024-02-08,0.51375,0.51889,0.50979,0.51473,11503284.84226074,2024-02-08 23:59:59.999,5921085.806856872,5092,,,0
2024-02-09,0.51472,0.52822,0.51403,0.52595,11487897.732576828,2024-02-09 23:59:59.999,6042059.812448783,5587,,,0
2024-02-10,0.52614,0.52818,0.51925,0.52401,4403634.835267759,2024-02-10 23:59:59.999,2307548.690028658,3320,,,0
2024-02-11,0.52418,0.53582,0.52177,0.52613,6135532.841236214,2024-02-11 23:59:59.999,3228087.893759609,3178,,,0
2024-02-12,0.52612,0.53755,0.51482,0.53177,9127578.591739124,2024-02-12 23:59:59.999,4853772.467729113,4617,,,0
2024-02-13,0.5317,0.53393,0.5143,0.52492,12192187.67654014,2024-02-13 23:59:59.999,6399923.155169451,4818,,,0
2024-02-14,0.52481,0.5424,0.52074,0.53833,10971582.155927729,2024-02-14 23:59:59.999,5906331.822000574,5119,,,0
2024-02-15,0.53833,0.57741,0.53721,0.56264,22589063.56314748,2024-02-15 23:59:59.999,12709510.723169299,9753,,,0
2024-02-16,0.56285,0.57938,0.55305,0.56453,16195320.642785504,2024-02-16 23:59:59.999,9142744.3624717,10656,,,0
2024-02-17,0.56477,0.56571,0.54,0.54994,9484947.633155618,2024-02-17 23:59:59.999,5216152.101377601,4175,,,0
2024-02-18,0.54983,0.56266,0.54758,0.55701,4451347.017906423,2024-02-18 23:59:59.999,2479444.8024440566,3142,,,0
2024-02-19,0.55719,0.56759,0.55408,0.56254,8299147.845454459,2024-02-19 23:59:59.999,4668602.628981952,4217,,,0
2024-02-20,0.56258,0.57521,0.54485,0.563,16282436.392836371,2024-02-20 23:59:59.999,9167011.689166876,7318,,,0
2024-02-21,0.56283,0.56295,0.53259,0.54903,9777326.92688095,2024-02-21 23:59:59.999,5368045.802665448,5622,,,0
2024-02-22,0.54886,0.552,0.53694,0.54112,10021144.131764963,2024-02-22 23:59:59.999,5422641.512580657,4891,,,0
2024-02-23,0.54091,0.54335,0.525,0.53405,7580494.400028766,2024-02-23 23:59:59.999,4048363.0343353627,5188,,,0
2024-02-24,0.53388,0.54779,0.53151,0.54528,5034127.267667248,2024-02-24 23:59:59.999,2745008.9165135967,3374,,,0
2024-02-25,0.54489,0.54856,0.542,0.54245,2910720.0350463428,2024-02-25 23:59:59.999,1578920.0830108887,2644,,,0
2024-02-26,0.54253,0.55294,0.52901,0.55098,11517960.11200391,2024-02-26 23:59:59.999,6346165.662511914,6593,,,0
2024-02-27,0.5512,0.59715,0.54826,0.58649,26600677.32217095,2024-02-27 23:59:59.999,15601031.24268004,11981,,,0
2024-02-28,0.58649,0.60616,0.50966,0.57562,32833892.9729457,2024-02-28 23:59:59.999,18899845.473087005,18219,,,0
2024-02-29,0.5757,0.625,0.56803,0.58626,26186333.049148373,2024-02-29 23:59:59.999,15351999.613393726,16663,,,0
2024-03-01,0.58704,0.60391,0.58346,0.60172,13920467.392518954,2024-03-01 23:59:59.999,8376223.639426506,7994,,,0
2024-03-02,0.60175,0.6512,0.60023,0.64519,27567405.65681253,2024-03-02 23:59:59.999,17786214.45571888,15215,,,0
2024-03-03,0.64432,0.64482,0.5901,0.62738,11731782.938701158,2024-03-03 23:59:59.999,7360285.980082333,9078,,,0
2024-03-04,0.62702,0.66514,0.61395,0.64831,30224274.659607533,2024-03-04 23:59:59.999,19594699.50457016,16923,,,0
2024-03-05,0.64846,0.66926,0.53,0.59297,46239559.651398756,2024-03-05 23:59:59.999,27418671.68648992,28440,,,0
2024-03-06,0.59287,0.62404,0.57642,0.61254,21708925.682015587,2024-03-06 23:59:59.999,13297585.337261828,12048,,,0
2024-03-07,0.61321,0.63967,0.60751,0.62849,22095372.50076596,2024-03-07 23:59:59.999,13886720.663006399,10948,,,0
2024-03-08,0.62849,0.63461,0.60334,0.6218,25779798.962878775,2024-03-08 23:59:59.999,16029878.995118022,11821,,,0
2024-03-09,0.62179,0.63367,0.61769,0.62095,7658506.913361941,2024-03-09 23:59:59.999,4755549.867852097,5252,,,0
2024-03-10,0.62147,0.62863,0.59771,0.60861,9784742.134095984,2024-03-10 23:59:59.999,5955091.9102321565,6618,,,0
2024-03-11,0.60881,0.7442,0.585,0.72327,88291694.17900018,2024-03-11 23:59:59.999,63858733.64884546,38433,,,0
2024-03-12,0.72294,0.7328,0.66,0.688,48217289.02787157,2024-03-12 23:59:59.999,33173494.85117564,21259,,,0
2024-03-13,0.68817,0.70321,0.66884,0.68943,22962080.333777353,2024-03-13 23:59:59.999,15830747.04451612,10757,,,0
2024-03-14,0.68967,0.70768,0.63757,0.66889,29934853.339749742,2024-03-14 23:59:59.999,20023124.050425205,15676,,,0
2024-03-15,0.66891,0.67513,0.5979,0.63345,31763700.00940454,2024-03-15 23:59:59.999,20120715.770957306,17234,,,0
2024-03-16,0.63432,0.64702,0.59282,0.60257,18673074.530107487,2024-03-16 23:59:59.999,11251834.51960687,10120,,,0
2024-03-17,0.60256,0.62461,0.58744,0.6186,12957742.901228884,2024-03-17 23:59:59.999,8015659.758700188,7642,,,0
2024-03-18,0.61857,0.66855,0.59445,0.6453,24834881.517651647,2024-03-18 23:59:59.999,16025949.043340608,16000,,,0
2024-03-19,0.64519,0.64853,0.57147,0.58483,25506000.70197249,2024-03-19 23:59:59.999,14916674.390534569,15403,,,0
2024-03-20,0.58373,0.61905,0.56845,0.6115,27110757.69397501,2024-03-20 23:59:59.999,16578228.32986572,12899,,,0
2024-03-21,0.6115,0.6554,0.59758,0.64094,23192024.56720258,2024-03-21 23:59:59.999,14864696.22610282,13870,,,0
2024-03-22,0.64034,0.645,0.5992,0.61154,16846057.722531307,2024-03-22 23:59:59.999,10302038.139636796,10326,,,0
2024-03-23,0.6116,0.63265,0.60398,0.61726,7566748.728931494,2024-03-23 23:59:59.999,4670651.320420254,6208,,,0
2024-03-24,0.61676,0.63546,0.61428,0.6326,5943453.904862181,2024-03-24 23:59:59.999,3759828.9402158163,5012,,,0
2024-03-25,0.63219,0.6625,0.62724,0.64068,19487436.303096525,2024-03-25 23:59:59.999,12485210.690667883,10146,,,0
2024-03-26,0.64072,0.653,0.6255,0.63171,12830695.9750331,2024-03-26 23:59:59.999,8105278.95438816,7734,,,0
2024-03-27,0.63177,0.63463,0.60626,0.6115,12133109.37360258,2024-03-27 23:59:59.999,7419396.381957978,7785,,,0
2024-03-28,0.61137,0.63711,0.6031,0.62476,11387042.766863506,2024-03-28 23:59:59.999,7114168.839025644,7100,,,0
2024-03-29,0.62478,0.6449,0.60903,0.6306,16042686.423925072,2024-03-29 23:59:59.999,10116518.05892715,12981,,,0
2024-03-30,0.6306,0.63703,0.61855,0.62188,9090794.627423538,2024-03-30 23:59:59.999,5653383.36290215,9207,,,0
2024-03-31,0.62188,0.62983,0.621,0.62932,5307116.058380114,2024-03-31 23:59:59.999,3339874.277859773,3261,,,0
2024-04-01,0.62932,0.63315,0.59495,0.61128,13252993.923258498,2024-04-01 23:59:59.999,8101290.125409455,7371,,,0
2024-04-02,0.61148,0.61821,0.57889,0.58549,19509419.253985513,2024-04-02 23:59:59.999,11422569.879015977,10851,,,0
2024-04-03,0.58549,0.59285,0.5672,0.57425,14088353.131065218,2024-04-03 23:59:59.999,8090236.785514202,7827,,,0
2024-04-04,0.5743,0.61677,0.56235,0.5938,18422476.249527685,2024-04-04 23:59:59.999,10939266.39696954,9646,,,0
2024-04-05,0.59333,0.59391,0.56917,0.58723,15210005.673716,2024-04-05 23:59:59.999,8931771.631776247,7309,,,0
2024-04-06,0.5874,0.59843,0.58578,0.59309,8605592.678709308,2024-04-06 23:59:59.999,5103890.961815704,4455,,,0
2024-04-07,0.59314,0.60252,0.5902,0.59455,5335151.619792253,2024-04-07 23:59:59.999,3172014.395547484,3310,,,0
2024-04-08,0.59445,0.62624,0.5886,0.6151,15560124.408134222,2024-04-08 23:59:59.999,9571032.52344336,9389,,,0
2024-04-09,0.6151,0.642,0.6019,0.61386,15410946.99382168,2024-04-09 23:59:59.999,9460163.921627376,10723,,,0
2024-04-10,0.61376,0.62,0.59303,0.6175,12628522.294253225,2024-04-10 23:59:59.999,7798112.516701367,9318,,,0
2024-04-11,0.61728,0.62191,0.60326,0.60857,12517810.703616517,2024-04-11 23:59:59.999,7617964.059899904,6370,,,0
2024-04-12,0.60865,0.61575,0.45628,0.54736,45243826.79986385,2024-04-12 23:59:59.999,24764661.037173476,26242,,,0
2024-04-13,0.54715,0.54911,0.3875,0.47942,46567360.56814688,2024-04-13 23:59:59.999,22325324.003580976,26803,,,0
2024-04-14,0.47942,0.5075,0.46596,0.50385,17891992.195036776,2024-04-14 23:59:59.999,9014880.26746928,10315,,,0
2024-04-15,0.50374,0.51921,0.481,0.49779,19956210.65874149,2024-04-15 23:59:59.999,9934002.103814926,10319,,,0
2024-04-16,0.49743,0.51026,0.47431,0.4967,23585647.125389654,2024-04-16 23:59:59.999,11714990.92718104,10990,,,0
2024-04-17,0.4965,0.5079,0.47122,0.49514,14949538.17062663,2024-04-17 23:59:59.999,7402114.329804069,9523,,,0
2024-04-18,0.4951,0.50613,0.486,0.50296,9185084.766758086,2024-04-18 23:59:59.999,4619730.234288647,6438,,,0
2024-04-19,0.50295,0.5109,0.46689,0.50288,13085790.723927766,2024-04-19 23:59:59.999,6580582.439248795,8539,,,0
2024-04-20,0.50317,0.53008,0.49917,0.52916,15775964.928439671,2024-04-20 23:59:59.999,8348009.601533135,6634,,,0
2024-04-21,0.52908,0.53674,0.51781,0.52465,5166506.352585198,2024-04-21 23:59:59.999,2710607.557883824,3506,,,0
2024-04-22,0.52485,0.57053,0.5229,0.55601,27727590.77656894,2024-04-22 23:59:59.999,15416817.747680098,10371,,,0
2024-04-23,0.55609,0.5576,0.54177,0.5449,11536709.97437408,2024-04-23 23:59:59.999,6286353.265036437,6308,,,0
2024-04-24,0.5449,0.55171,0.52016,0.52719,12952646.136361612,2024-04-24 23:59:59.999,6828505.516628479,7515,,,0
2024-04-25,0.5271,0.53248,0.51365,0.52541,8079025.490720274,2024-04-25 23:59:59.999,4244800.783079339,5502,,,0
2024-04-26,0.52549,0.53542,0.51466,0.52579,8284066.398718805,2024-04-26 23:59:59.999,4355679.27178236,5111,,,0
2024-04-27,0.5261,0.52633,0.50688,0.5182,4586984.418782339,2024-04-27 23:59:59.999,2376975.3258130085,3867,,,0
2024-04-28,0.51765,0.52485,0.50862,0.50983,3638109.8548569,2024-04-28 23:59:59.999,1854817.5473016934,2873,,,0
2024-04-29,0.50984,0.51711,0.499,0.51516,8466059.581274118,2024-04-29 23:59:59.999,4361375.253889174,5252,,,0
2024-04-30,0.51433,0.51901,0.485,0.49975,28566575.93232326,2024-04-30 23:59:59.999,14276146.32217855,10956,,,0
2024-05-01,0.50017,0.52046,0.47871,0.51673,14301419.6240711,2024-05-01 23:59:59.999,7389972.56234626,8205,,,0
2024-05-02,0.51684,0.5246,0.50674,0.51819,6282525.895423182,2024-05-02 23:59:59.999,3255542.093749339,5174,,,0
2024-05-03,0.51811,0.53661,0.51467,0.53197,9610633.551813738,2024-05-03 23:59:59.999,5112568.730558355,6481,,,0
2024-05-04,0.53193,0.54,0.52777,0.53032,4019763.2860316406,2024-05-04 23:59:59.999,2131760.8658482996,3289,,,0
2024-05-05,0.53044,0.53301,0.52424,0.52965,4406431.702448695,2024-05-05 23:59:59.999,2333866.551201951,2927,,,0
2024-05-06,0.52965,0.56996,0.52445,0.54023,18988744.369498048,2024-05-06 23:59:59.999,10258289.37073393,12035,,,0
2024-05-07,0.54,0.54406,0.522,0.52489,7491516.31632013,2024-05-07 23:59:59.999,3932221.9992732727,5254,,,0
2024-05-08,0.52539,0.52992,0.51551,0.51713,7479153.806728797,2024-05-08 23:59:59.999,3867694.8080736627,4584,,,0
2024-05-09,0.51701,0.52345,0.50876,0.52092,9674279.562764073,2024-05-09 23:59:59.999,5039525.709835061,5680,,,0
2024-05-10,0.52065,0.52072,0.49728,0.50235,10312306.012874316,2024-05-10 23:59:59.999,5180386.925567413,5716,,,0
2024-05-11,0.50235,0.50717,0.50079,0.50592,1586197.2594816408,2024-05-11 23:59:59.999,802488.9175169518,1996,,,0
2024-05-12,0.50561,0.50856,0.49599,0.49926,2285964.271351657,2024-05-12 23:59:59.999,1141290.5221150282,1996,,,0
2024-05-13,0.4995,0.51202,0.48672,0.50497,14083494.545248728,2024-05-13 23:59:59.999,7111742.2405142505,5559,,,0
2024-05-14,0.50476,0.51288,0.49746,0.49992,6514220.102684944,2024-05-14 23:59:59.999,3256588.913734257,3917,,,0
2024-05-15,0.50052,0.51982,0.49679,0.51912,8971400.078742977,2024-05-15 23:59:59.999,4657233.208877055,4750,,,0
2024-05-16,0.51909,0.5225,0.51215,0.51588,7182254.502598094,2024-05-16 23:59:59.999,3705181.4528003046,4686,,,0
2024-05-17,0.51588,0.52939,0.51405,0.52353,5334328.932059167,2024-05-17 23:59:59.999,2792681.225800936,4370,,,0
2024-05-18,0.52353,0.52579,0.51914,0.52136,3056431.9504767647,2024-05-18 23:59:59.999,1593501.3617005663,2639,,,0
2024-05-19,0.52138,0.52362,0.50688,0.50961,4115457.208210997,2024-05-19 23:59:59.999,2097278.147876406,2661,,,0
2024-05-20,0.50958,0.53778,0.50649,0.53769,9641154.871040689,2024-05-20 23:59:59.999,5183952.562609868,5628,,,0
2024-05-21,0.53761,0.55712,0.5312,0.53715,18910102.06932958,2024-05-21 23:59:59.999,10157561.326540383,9117,,,0
2024-05-22,0.53714,0.53773,0.522,0.52643,8948458.58411161,2024-05-22 23:59:59.999,4710737.052433874,5360,,,0
2024-05-23,0.52643,0.5477,0.50282,0.52848,10907015.032069486,2024-05-23 23:59:59.999,5764139.304148081,8071,,,0
2024-05-24,0.52842,0.5367,0.51711,0.53567,6975435.937440164,2024-05-24 23:59:59.999,3736531.768608573,5203,,,0
2024-05-25,0.53584,0.54227,0.53321,0.54164,4022413.9883732377,2024-05-25 23:59:59.999,2178700.3126624804,3435,,,0
2024-05-26,0.54116,0.54164,0.52593,0.52809,2186504.111559084,2024-05-26 23:59:59.999,1154670.9562732365,2755,,,0
2024-05-27,0.52808,0.54058,0.52345,0.53347,5976388.249896208,2024-05-27 23:59:59.999,3188223.83967213,4792,,,0
2024-05-28,0.53352,0.53471,0.52123,0.52821,5150548.236386342,2024-05-28 23:59:59.999,2720571.0839416296,4187,,,0
2024-05-29,0.5285,0.53221,0.51929,0.52317,5511357.953817385,2024-05-29 23:59:59.999,2883377.1406986415,4226,,,0
2024-05-30,0.5231,0.52718,0.51267,0.51871,6423284.275817009,2024-05-30 23:59:59.999,3331821.7867090404,3625,,,0
2024-05-31,0.51834,0.52504,0.51188,0.51703,4493599.765753327,2024-05-31 23:59:59.999,2323325.886887443,3664,,,0
2024-06-01,0.5171,0.52133,0.51708,0.5183,1802437.0126159317,2024-06-01 23:59:59.999,934203.1036388373,2289,,,0
2024-06-02,0.5183,0.51948,0.508,0.51348,2455246.2761162207,2024-06-02 23:59:59.999,1260719.857860157,3053,,,0
2024-06-03,0.51348,0.52278,0.5118,0.5202,5321565.305015202,2024-06-03 23:59:59.999,2768278.2716689077,4418,,,0
2024-06-04,0.5198,0.53,0.51825,0.52576,5736112.407899205,2024-06-04 23:59:59.999,3015818.459577086,4597,,,0
2024-06-05,0.52586,0.53251,0.5244,0.52562,6521885.42652371,2024-06-05 23:59:59.999,3428033.417889392,3972,,,0
2024-06-06,0.52596,0.5277,0.5163,0.52149,5772379.392346763,2024-06-06 23:59:59.999,3010238.1293149134,3442,,,0
2024-06-07,0.52149,0.53476,0.4533,0.49891,30971153.17062902,2024-06-07 23:59:59.999,15451818.028358525,16055,,,0
2024-06-08,0.49891,0.5006,0.48956,0.49274,3755986.5287946686,2024-06-08 23:59:59.999,1850724.802198285,3529,,,0
2024-06-09,0.49265,0.49931,0.49145,0.49871,1586839.0319626294,2024-06-09 23:59:59.999,791372.4936300829,2432,,,0
2024-06-10,0.49866,0.5053,0.4934,0.49671,5624403.0666590305,2024-06-10 23:59:59.999,2793697.247240207,3729,,,0
2024-06-11,0.49671,0.49672,0.47011,0.48022,9817361.20950484,2024-06-11 23:59:59.999,4714493.200028415,7036,,,0
2024-06-12,0.48021,0.4981,0.47433,0.49156,11909241.888688952,2024-06-12 23:59:59.999,5854106.942803941,8200,,,0
2024-06-13,0.49155,0.49155,0.4758,0.47688,6161769.116809634,2024-06-13 23:59:59.999,2938424.456424178,5432,,,0
2024-06-14,0.47688,0.4813,0.46,0.47428,7450166.096245363,2024-06-14 23:59:59.999,3533464.776127251,5566,,,0
2024-06-15,0.47428,0.50497,0.47399,0.49052,4574260.8271895,2024-06-15 23:59:59.999,2243766.420952994,4540,,,0
2024-06-16,0.49052,0.49894,0.48758,0.48884,2581630.335586349,2024-06-16 23:59:59.999,1262004.173248031,2920,,,0
2024-06-17,0.48885,0.52026,0.48387,0.50521,12784293.868389158,2024-06-17 23:59:59.999,6458753.105248887,9980,,,0
2024-06-18,0.50453,0.51014,0.47001,0.49077,14758249.54279614,2024-06-18 23:59:59.999,7242906.128118061,9622,,,0
2024-06-19,0.49066,0.4994,0.48715,0.49291,9231117.803687774,2024-06-19 23:59:59.999,4550110.276615741,4155,,,0
2024-06-20,0.4925,0.50263,0.48837,0.48851,9551040.374265805,2024-06-20 23:59:59.999,4665778.7332325885,4254,,,0
2024-06-21,0.48853,0.49534,0.47957,0.48889,10780578.180022988,2024-06-21 23:59:59.999,5270516.866431438,5093,,,0
2024-06-22,0.48889,0.48941,0.48399,0.48641,2281281.0760117867,2024-06-22 23:59:59.999,1109637.9281828932,2447,,,0
2024-06-23,0.48648,0.48884,0.47408,0.47943,3195788.231117964,2024-06-23 23:59:59.999,1532156.7516448854,2768,,,0
2024-06-24,0.47947,0.48192,0.46194,0.47398,13455410.062874878,2024-06-24 23:59:59.999,6377595.261601435,6994,,,0
2024-06-25,0.4738,0.4797,0.47286,0.47572,10301980.35762049,2024-06-25 23:59:59.999,4900858.095727219,4960,,,0
2024-06-26,0.4757,0.47794,0.46553,0.46947,9389612.963017326,2024-06-26 23:59:59.999,4408141.597747744,4436,,,0
2024-06-27,0.4695,0.4767,0.46559,0.47469,6423439.724072575,2024-06-27 23:59:59.999,3049142.6026200103,3949,,,0
2024-06-28,0.47465,0.48,0.46873,0.47079,8879380.315803697,2024-06-28 23:59:59.999,4180323.4588772226,4541,,,0
2024-06-29,0.47085,0.47603,0.47082,0.47196,1555759.1453720932,2024-06-29 23:59:59.999,734256.0862498131,2189,,,0
2024-06-30,0.47192,0.47738,0.46947,0.47539,2227658.633913173,2024-06-30 23:59:59.999,1059006.6379759833,2681,,,0
2024-07-01,0.47548,0.4839,0.47479,0.47663,7080759.044515395,2024-07-01 23:59:59.999,3374902.1833873726,4259,,,0
2024-07-02,0.47663,0.48783,0.47575,0.4845,8320379.1971640065,2024-07-02 23:59:59.999,4031223.721025961,4704,,,0
2024-07-03,0.48454,0.4861,0.461,0.46689,10123356.534712208,2024-07-03 23:59:59.999,4726493.932491783,5967,,,0
2024-07-04,0.46701,0.46926,0.43165,0.43262,13780373.539221616,2024-07-04 23:59:59.999,5961665.200538056,8296,,,0
2024-07-05,0.43254,0.4329,0.3826,0.42509,25185365.653214972,2024-07-05 23:59:59.999,10706047.085525153,13776,,,0
2024-07-06,0.42516,0.44995,0.42361,0.44911,8364329.230866348,2024-07-06 23:59:59.999,3756503.9008743856,4877,,,0
2024-07-07,0.44911,0.44911,0.4185,0.41944,5539227.211506179,2024-07-07 23:59:59.999,2323373.4615941513,4510,,,0
2024-07-08,0.41987,0.44348,0.40351,0.43162,14904957.98824085,2024-07-08 23:59:59.999,6433277.966884515,6855,,,0
2024-07-09,0.43157,0.43793,0.42765,0.43566,9993454.69686949,2024-07-09 23:59:59.999,4353748.473238162,5452,,,0
2024-07-10,0.43569,0.4423,0.43076,0.43891,9653699.803528998,2024-07-10 23:59:59.999,4237105.380766912,4862,,,0
2024-07-11,0.43891,0.45471,0.43662,0.44914,12793387.078561742,2024-07-11 23:59:59.999,5746021.87246522,6986,,,0
2024-07-12,0.44919,0.47823,0.44437,0.47456,19033589.334484935,2024-07-12 23:59:59.999,9032580.15457317,10235,,,0
2024-07-13,0.47463,0.56595,0.47398,0.52589,40515957.96679777,2024-07-13 23:59:59.999,21306937.135159276,19580,,,0
2024-07-14,0.52592,0.54087,0.514,0.52005,10912580.60925265,2024-07-14 23:59:59.999,5675087.545841841,10713,,,0
2024-07-15,0.52079,0.54011,0.52079,0.53718,14216533.535621602,2024-07-15 23:59:59.999,7636837.484665212,11918,,,0
2024-07-16,0.53752,0.59416,0.53302,0.57931,30466250.79869989,2024-07-16 23:59:59.999,17649403.750194833,23878,,,0
2024-07-17,0.57932,0.63743,0.579,0.62607,48076093.71595496,2024-07-17 23:59:59.999,30098999.99274792,24572,,,0
2024-07-18,0.62608,0.64499,0.558,0.56965,35915730.497432224,2024-07-18 23:59:59.999,20459395.877862267,20955,,,0
2024-07-19,0.56963,0.58658,0.54043,0.57318,24395642.89527227,2024-07-19 23:59:59.999,13983094.59471216,16712,,,0
2024-07-20,0.57337,0.605,0.57127,0.59398,11613883.569099898,2024-07-20 23:59:59.999,6898414.562373957,9395,,,0
2024-07-21,0.594,0.60752,0.57334,0.59819,13655767.456630891,2024-07-21 23:59:59.999,8168743.534882033,10259,,,0
2024-07-22,0.59819,0.62323,0.58605,0.60841,19120744.296920653,2024-07-22 23:59:59.999,11633252.037689494,12724,,,0
2024-07-23,0.60848,0.61734,0.58024,0.59763,12504851.267478691,2024-07-23 23:59:59.999,7473274.2629832905,11832,,,0
2024-07-24,0.59764,0.63305,0.59222,0.61864,16778925.13573702,2024-07-24 23:59:59.999,10380114.24597235,10840,,,0
2024-07-25,0.61804,0.62658,0.58467,0.59953,23534927.85154491,2024-07-25 23:59:59.999,14109895.29483672,16064,,,0
2024-07-26,0.59956,0.60916,0.58599,0.60343,14255508.728496462,2024-07-26 23:59:59.999,8602201.63203662,8998,,,0
2024-07-27,0.60344,0.60942,0.58273,0.59575,8782990.47417234,2024-07-27 23:59:59.999,5232466.574988172,6296,,,0
2024-07-28,0.59575,0.61418,0.5914,0.60205,7141492.94942314,2024-07-28 23:59:59.999,4299535.830200201,5617,,,0
2024-07-29,0.60139,0.61172,0.59185,0.6022,12338558.99731626,2024-07-29 23:59:59.999,7430280.228183852,7548,,,0
2024-07-30,0.60179,0.63733,0.5957,0.62743,19931384.491317894,2024-07-30 23:59:59.999,12505548.571387587,12990,,,0
2024-07-31,0.62773,0.65824,0.6221,0.62281,31724596.591343112,2024-07-31 23:59:59.999,19758396.003054403,19974,,,0
2024-08-01,0.623,0.63005,0.56781,0.59583,19107705.97102471,2024-08-01 23:59:59.999,11384944.448715653,12963,,,0
2024-08-02,0.59564,0.59631,0.54616,0.55998,16448606.996902231,2024-08-02 23:59:59.999,9210890.946125312,11162,,,0
2024-08-03,0.55998,0.57673,0.54053,0.55612,8480290.734117223,2024-08-03 23:59:59.999,4716059.28305727,7284,,,0
2024-08-04,0.55522,0.55851,0.51407,0.52235,11638748.584933205,2024-08-04 23:59:59.999,6079500.323339859,7779,,,0
2024-08-05,0.52274,0.5255,0.432,0.48868,53777820.5645023,2024-08-05 23:59:59.999,26280145.353460982,34176,,,0
2024-08-06,0.48883,0.51887,0.48825,0.5061,24179172.329243027,2024-08-06 23:59:59.999,12237079.115829896,12124,,,0
2024-08-07,0.50631,0.64733,0.49278,0.60069,73654772.64561617,2024-08-07 23:59:59.999,44243685.380495176,40239,,,0
2024-08-08,0.6005,0.6425,0.57864,0.6174,38115764.49035023,2024-08-08 23:59:59.999,23532672.99634223,26028,,,0
2024-08-09,0.61677,0.62444,0.56745,0.58093,22479978.299820986,2024-08-09 23:59:59.999,13059293.793715004,14716,,,0
2024-08-10,0.58092,0.60204,0.57856,0.58403,8184261.570594888,2024-08-10 23:59:59.999,4779854.285074533,6895,,,0
2024-08-11,0.58425,0.59368,0.54575,0.55293,10805527.59368763,2024-08-11 23:59:59.999,5974700.372377701,8835,,,0
2024-08-12,0.55271,0.5793,0.55068,0.56862,20324199.849343676,2024-08-12 23:59:59.999,11556746.518333802,11187,,,0
2024-08-13,0.56815,0.58356,0.56326,0.57686,14823495.060227226,2024-08-13 23:59:59.999,8551081.360442678,7741,,,0
2024-08-14,0.57705,0.58282,0.56439,0.56895,15457837.405819468,2024-08-14 23:59:59.999,8794736.592040986,8229,,,0
2024-08-15,0.56895,0.57403,0.5506,0.56048,13020983.37440582,2024-08-15 23:59:59.999,7298000.761686973,7764,,,0
2024-08-16,0.56057,0.57094,0.55405,0.56393,10224008.24895127,2024-08-16 23:59:59.999,5765624.97183109,6918,,,0
2024-08-17,0.56393,0.57079,0.56169,0.56712,1888118.044215701,2024-08-17 23:59:59.999,1070789.5052356082,3808,,,0
2024-08-18,0.56666,0.58359,0.56312,0.56313,3548681.01551769,2024-08-18 23:59:59.999,1998368.740268477,5010,,,0
2024-08-19,0.56312,0.60965,0.56149,0.59839,16684593.20234836,2024-08-19 23:59:59.999,9983893.726353236,11574,,,0
2024-08-20,0.59864,0.61499,0.58637,0.59408,15206201.41891306,2024-08-20 23:59:59.999,9033700.138947872,9933,,,0
2024-08-21,0.59357,0.60524,0.58536,0.60026,10646616.244666278,2024-08-21 23:59:59.999,6390737.8670233805,6929,,,0
2024-08-22,0.60026,0.60443,0.59296,0.59745,5897824.975808084,2024-08-22 23:59:59.999,3523655.53179654,4931,,,0
2024-08-23,0.59743,0.6165,0.59101,0.61127,12749846.562495096,2024-08-23 23:59:59.999,7793598.708256377,8332,,,0
2024-08-24,0.61127,0.63068,0.6051,0.61316,11422851.601708893,2024-08-24 23:59:59.999,7004035.688103825,8008,,,0
2024-08-25,0.61302,0.61424,0.59579,0.59993,6271048.878590438,2024-08-25 23:59:59.999,3762190.353732761,5104,,,0
2024-08-26,0.60041,0.60217,0.57889,0.58772,6608674.282214134,2024-08-26 23:59:59.999,3884050.049142891,6386,,,0
2024-08-27,0.5877,0.6,0.55386,0.5674,14426239.705321427,2024-08-27 23:59:59.999,8185448.408799378,8082,,,0
2024-08-28,0.56709,0.58466,0.55627,0.56943,9754853.908376276,2024-08-28 23:59:59.999,5554706.461046703,7318,,,0
2024-08-29,0.56943,0.57695,0.55676,0.56227,8189361.770927571,2024-08-29 23:59:59.999,4604632.442939445,6033,,,0
2024-08-30,0.56208,0.56791,0.54633,0.56663,9353207.838954575,2024-08-30 23:59:59.999,5299808.15778683,6499,,,0
2024-08-31,0.56663,0.57214,0.56262,0.56633,2618345.8547281595,2024-08-31 23:59:59.999,1482847.8079081986,3566,,,0
2024-09-01,0.56625,0.56662,0.544,0.54744,6488999.2143139355,2024-09-01 23:59:59.999,3552337.729884021,5159,,,0
2024-09-02,0.54744,0.56858,0.54473,0.5677,3587394.1528509287,2024-09-02 23:59:59.999,2036563.6605734723,4099,,,0
2024-09-03,0.5677,0.57232,0.55501,0.55679,6749660.639654255,2024-09-03 23:59:59.999,3758143.5475530922,4968,,,0
2024-09-04,0.55711,0.5651,0.5333,0.5579,6817275.248329724,2024-09-04 23:59:59.999,3803357.861043153,6623,,,0
2024-09-05,0.55798,0.55973,0.54003,0.54411,5215047.7953553805,2024-09-05 23:59:59.999,2837559.655930816,4697,,,0
2024-09-06,0.5443,0.54707,0.50214,0.52104,13814401.006062768,2024-09-06 23:59:59.999,7197855.5001989445,8464,,,0
2024-09-07,0.52104,0.53277,0.51977,0.52486,3625189.959645844,2024-09-07 23:59:59.999,1902717.2022197177,3697,,,0
2024-09-08,0.52486,0.53134,0.52114,0.52901,2326694.0197452237,2024-09-08 23:59:59.999,1230844.4033854208,2910,,,0
2024-09-09,0.52901,0.54269,0.52691,0.53955,5292750.059424344,2024-09-09 23:59:59.999,2855703.294562405,4316,,,0
2024-09-10,0.53959,0.54269,0.53336,0.54077,4001709.4273617626,2024-09-10 23:59:59.999,2164004.4070344204,5065,,,0
2024-09-11,0.54083,0.54111,0.52348,0.53545,4752582.032273391,2024-09-11 23:59:59.999,2544770.049180787,3959,,,0
2024-09-12,0.5351,0.58892,0.53365,0.5629,13093782.177463325,2024-09-12 23:59:59.999,7370489.987694105,9778,,,0
2024-09-13,0.56291,0.57456,0.55598,0.57312,6893366.578786423,2024-09-13 23:59:59.999,3950726.2536340747,6302,,,0
2024-09-14,0.57309,0.5989,0.57091,0.59567,11250423.32390111,2024-09-14 23:59:59.999,6701539.661348174,8976,,,0
2024-09-15,0.59595,0.59634,0.56078,0.571,9784851.04052777,2024-09-15 23:59:59.999,5587149.944141356,6654,,,0
2024-09-16,0.571,0.59115,0.56022,0.58624,9151444.51966133,2024-09-16 23:59:59.999,5364942.835206258,7040,,,0
2024-09-17,0.58628,0.59329,0.5794,0.58407,8592714.775583139,2024-09-17 23:59:59.999,5018746.918974844,5893,,,0
2024-09-18,0.58397,0.58627,0.56226,0.58546,8630458.88520997,2024-09-18 23:59:59.999,5052788.458935029,6884,,,0
2024-09-19,0.58546,0.59414,0.57956,0.58685,10600151.338587517,2024-09-19 23:59:59.999,6220698.813050084,7624,,,0
2024-09-20,0.58684,0.59285,0.57663,0.58491,7798457.404472921,2024-09-20 23:59:59.999,4561395.720450257,6215,,,0
2024-09-21,0.58491,0.61235,0.58017,0.59811,9778115.759812312,2024-09-21 23:59:59.999,5848388.817101343,11525,,,0
2024-09-22,0.59786,0.605,0.5784,0.58751,7181538.872925563,2024-09-22 23:59:59.999,4219225.903232497,6645,,,0
2024-09-23,0.58751,0.59566,0.57947,0.58485,3847918.103561632,2024-09-23 23:59:59.999,2250454.9028680203,4432,,,0
2024-09-24,0.58485,0.59314,0.5816,0.5915,5715375.935214878,2024-09-24 23:59:59.999,3380644.8656796007,4531,,,0
2024-09-25,0.59137,0.59537,0.58259,0.58316,4058109.1466684695,2024-09-25 23:59:59.999,2366526.9299711846,4555,,,0
2024-09-26,0.58288,0.59612,0.57444,0.59068,9316857.731403423,2024-09-26 23:59:59.999,5503281.524785374,10614,,,0
2024-09-27,0.59067,0.59677,0.5831,0.58846,10580385.704742812,2024-09-27 23:59:59.999,6226133.771812955,6906,,,0
2024-09-28,0.58844,0.628,0.58603,0.61463,24681818.44133718,2024-09-28 23:59:59.999,15170186.068599071,14265,,,0
2024-09-29,0.6139,0.66429,0.60827,0.64149,26901408.53053131,2024-09-29 23:59:59.999,17256984.55825053,15709,,,0
2024-09-30,0.64149,0.65432,0.60919,0.61136,19444874.13090136,2024-09-30 23:59:59.999,11887818.248667855,11794,,,0
2024-10-01,0.61122,0.63396,0.57826,0.59694,27808748.085917354,2024-10-01 23:59:59.999,16600154.082407506,18511,,,0
2024-10-02,0.59689,0.62004,0.52685,0.53838,31341569.548070136,2024-10-02 23:59:59.999,16873674.21329,16357,,,0
2024-10-03,0.53807,0.54433,0.50705,0.52174,24236003.579409912,2024-10-03 23:59:59.999,12644892.507521328,15479,,,0
2024-10-04,0.52175,0.53885,0.51513,0.53416,13590301.502830718,2024-10-04 23:59:59.999,7259395.450752056,9473,,,0
2024-10-05,0.53416,0.53504,0.52662,0.52957,5054607.856148008,2024-10-05 23:59:59.999,2676768.6823803005,4490,,,0
2024-10-06,0.52952,0.53754,0.52812,0.53367,3996437.946336178,2024-10-06 23:59:59.999,2132779.0388212283,4152,,,0
2024-10-07,0.53367,0.54534,0.52879,0.52879,13057472.309153518,2024-10-07 23:59:59.999,6904660.7823572885,7828,,,0
2024-10-08,0.52885,0.53541,0.52119,0.53091,6207190.527678332,2024-10-08 23:59:59.999,3295459.5230497033,5698,,,0
2024-10-09,0.53087,0.53425,0.52103,0.52408,5944150.804940938,2024-10-09 23:59:59.999,3115210.5538534466,4839,,,0
2024-10-10,0.52403,0.54394,0.52229,0.53005,7066936.108741637,2024-10-10 23:59:59.999,3745829.484438505,6126,,,0
2024-10-11,0.53018,0.54245,0.52958,0.53864,10449672.69575766,2024-10-11 23:59:59.999,5628611.700842906,5825,,,0
2024-10-12,0.53864,0.543,0.53551,0.5396,2999294.340290651,2024-10-12 23:59:59.999,1618419.2260208353,3162,,,0
2024-10-13,0.53961,0.53961,0.5252,0.53158,4124731.393588765,2024-10-13 23:59:59.999,2192624.714203916,3563,,,0
2024-10-14,0.5316,0.5516,0.52825,0.54811,8412510.761484416,2024-10-14 23:59:59.999,4610981.273477224,7368,,,0
2024-10-15,0.54811,0.555,0.53175,0.54175,9169961.281855496,2024-10-15 23:59:59.999,4967826.524445214,6778,,,0
2024-10-16,0.54175,0.55373,0.53776,0.54817,4171389.378841785,2024-10-16 23:59:59.999,2286630.515799701,4482,,,0
2024-10-17,0.54821,0.56595,0.542,0.54363,7422533.215782271,2024-10-17 23:59:59.999,4035111.7320957156,6632,,,0
2024-10-18,0.54386,0.55279,0.53984,0.54659,5934466.898394945,2024-10-18 23:59:59.999,3243720.261993693,5069,,,0
2024-10-19,0.5466,0.5499,0.54079,0.54466,2769560.3694217834,2024-10-19 23:59:59.999,1508468.7508092686,3213,,,0
2024-10-20,0.54414,0.54837,0.5375,0.54811,4307574.795040391,2024-10-20 23:59:59.999,2361024.820909589,3669,,,0
2024-10-21,0.54833,0.56,0.5412,0.54495,5476741.130940276,2024-10-21 23:59:59.999,2984550.079305904,5539,,,0
2024-10-22,0.54491,0.54901,0.52929,0.53334,5129073.086428621,2024-10-22 23:59:59.999,2735539.839915841,4830,,,0
2024-10-23,0.53352,0.53403,0.51177,0.52551,10111080.960825833,2024-10-23 23:59:59.999,5313474.155723584,5783,,,0
2024-10-24,0.5255,0.53337,0.52387,0.53183,4346702.217907485,2024-10-24 23:59:59.999,2311706.6405497375,4821,,,0
2024-10-25,0.53167,0.53179,0.48676,0.50142,11982161.304216027,2024-10-25 23:59:59.999,6008095.32116,7742,,,0
2024-10-26,0.50126,0.51514,0.49842,0.51275,5541578.402522075,2024-10-26 23:59:59.999,2841444.325893194,3961,,,0
2024-10-27,0.51275,0.51712,0.5104,0.51638,3530304.6119551715,2024-10-27 23:59:59.999,1822978.6955214113,2862,,,0
2024-10-28,0.5163,0.52105,0.51117,0.51916,4252767.994112207,2024-10-28 23:59:59.999,2207867.031823293,4304,,,0
2024-10-29,0.51918,0.53072,0.5182,0.52814,7932386.590096374,2024-10-29 23:59:59.999,4189410.6536934995,6582,,,0
2024-10-30,0.52803,0.52813,0.51937,0.52281,4192302.293515365,2024-10-30 23:59:59.999,2191777.562072768,4489,,,0
2024-10-31,0.52274,0.52358,0.50291,0.50888,5221048.9322025785,2024-10-31 23:59:59.999,2656887.3806192484,5042,,,0
2024-11-01,0.50899,0.52361,0.5025,0.51276,5333321.0611206405,2024-11-01 23:59:59.999,2734713.7073002197,5370,,,0
2024-11-02,0.51282,0.51578,0.50665,0.51003,2357338.741741464,2024-11-02 23:59:59.999,1202313.478450399,2513,,,0
2024-11-03,0.51032,0.51073,0.49216,0.50292,6004017.203215127,2024-11-03 23:59:59.999,3019540.331840952,5196,,,0
2024-11-04,0.50292,0.51379,0.49483,0.50322,7585802.328685513,2024-11-04 23:59:59.999,3817327.4478411237,4872,,,0
2024-11-05,0.50322,0.51833,0.50154,0.5141,7128704.545142968,2024-11-05 23:59:59.999,3664867.006658,4573,,,0
2024-11-06,0.51422,0.54714,0.51419,0.54234,12826713.172631398,2024-11-06 23:59:59.999,6956439.622044913,9569,,,0
2024-11-07,0.54245,0.57851,0.53823,0.55617,14149930.1168551,2024-11-07 23:59:59.999,7869766.633091302,10453,,,0
2024-11-08,0.55615,0.56,0.54173,0.55413,10186029.631430097,2024-11-08 23:59:59.999,5644384.599664359,6806,,,0
2024-11-09,0.55398,0.56186,0.54399,0.5597,5890330.267991287,2024-11-09 23:59:59.999,3296817.850994723,5263,,,0
2024-11-10,0.55956,0.61968,0.556,0.58868,41006311.59249641,2024-11-10 23:59:59.999,24139595.508270785,25382,,,0
2024-11-11,0.58885,0.6336,0.57093,0.62181,35304397.54438237,2024-11-11 23:59:59.999,21952627.4370724,21445,,,0
2024-11-12,0.6218,0.74,0.59595,0.70445,97484640.38317358,2024-11-12 23:59:59.999,68673054.91792664,69919,,,0
2024-11-13,0.70461,0.74884,0.64194,0.69095,51240523.42113062,2024-11-13 23:59:59.999,35404639.6578302,40207,,,0
2024-11-14,0.69068,0.8989,0.68391,0.77298,92355646.23555084,2024-11-14 23:59:59.999,71389067.42715609,56748,,,0
2024-11-15,0.77409,0.92747,0.77062,0.89247,106200865.68383238,2024-11-15 23:59:59.999,94781086.59684987,72100,,,0
2024-11-16,0.89278,1.27472,0.87825,1.12065,175655157.34425408,2024-11-16 23:59:59.999,196847952.07783833,141239,,,0
2024-11-17,1.12066,1.15986,0.99888,1.05452,76185487.72431694,2024-11-17 23:59:59.999,80339120.51504669,64478,,,0
2024-11-18,1.05464,1.18673,1.05464,1.11493,71553576.40699178,2024-11-18 23:59:59.999,79777228.94344734,57216,,,0
2024-11-19,1.11503,1.14818,1.07,1.10191,48982844.42564309,2024-11-19 23:59:59.999,53974686.10106037,36733,,,0
2024-11-20,1.10197,1.15,1.0574,1.10467,54986776.19910296,2024-11-20 23:59:59.999,60742242.06386307,39512,,,0
2024-11-21,1.10466,1.26423,1.08,1.24757,99871271.29819448,2024-11-21 23:59:59.999,124596401.9334885,62077,,,0
2024-11-22,1.2485,1.50026,1.24523,1.4732,185991051.87426385,2024-11-22 23:59:59.999,274002017.6211655,124785,,,0
2024-11-23,1.47305,1.63397,1.41733,1.46985,118834964.3398906,2024-11-23 23:59:59.999,174669572.3349882,90644,,,0
2024-11-24,1.46821,1.51776,1.25945,1.43372,108999605.26092422,2024-11-24 23:59:59.999,156274914.0546923,72169,,,0
2024-11-25,1.4343,1.53897,1.35726,1.41293,116241868.05660535,2024-11-25 23:59:59.999,164241622.6332194,75860,,,0
2024-11-26,1.41293,1.45788,1.28288,1.39816,61001389.40665984,2024-11-26 23:59:59.999,85289702.61281553,53541,,,0
2024-11-27,1.39816,1.5238,1.35238,1.47274,48083595.10819477,2024-11-27 23:59:59.999,70814633.85964276,46914,,,0
2024-11-28,1.472,1.54545,1.4311,1.54545,29971760.486093868,2024-11-28 23:59:59.999,46319857.24323377,33901,,,0
2024-11-29,1.54239,1.8183,1.52383,1.80241,88485335.97683136,2024-11-29 23:59:59.999,159486854.4180006,81251,,,0
2024-11-30,1.80156,1.95846,1.75862,1.95253,101550682.85271429,2024-11-30 23:59:59.999,198280754.79041022,91546,,,0
2024-12-01,1.95259,2.3739,1.85022,2.29393,130468610.73894018,2024-12-01 23:59:59.999,299285860.23237705,104080,,,0
2024-12-02,2.29806,2.86971,2.19019,2.72585,276148155.21887153,2024-12-02 23:59:59.999,752738448.903361,257646,,,0
2024-12-03,2.72481,2.9,2.27639,2.51204,202990471.42157415,2024-12-03 23:59:59.999,509920183.8298511,207075,,,0
2024-12-04,2.51204,2.68,2.2729,2.36257,121855214.41527978,2024-12-04 23:59:59.999,287891473.92110753,122614,,,0
2024-12-05,2.361,2.4995,2.16666,2.2471,116966154.6699996,2024-12-05 23:59:59.999,262834646.1589561,111786,,,0
2024-12-06,2.2471,2.46857,2.2297,2.42906,50924739.1931029,2024-12-06 23:59:59.999,123699246.98439854,68049,,,0
2024-12-07,2.42932,2.62,2.38605,2.61247,58538963.33800095,2024-12-07 23:59:59.999,152931285.55162737,67863,,,0
2024-12-08,2.61248,2.64951,2.48037,2.60413,36975518.73333031,2024-12-08 23:59:59.999,96289057.59902745,53462,,,0
2024-12-09,2.60372,2.60857,1.9899,2.21737,92769734.83644524,2024-12-09 23:59:59.999,205704826.93428856,110455,,,0
2024-12-10,2.21501,2.42,1.899,2.37267,131180407.98932528,2024-12-10 23:59:59.999,311247818.6240324,136417,,,0
2024-12-11,2.37279,2.47351,2.22,2.39499,58169821.44329902,2024-12-11 23:59:59.999,139316140.65848672,72075,,,0
2024-12-12,2.395,2.48,2.31,2.33782,40140125.657498434,2024-12-12 23:59:59.999,93840388.56461298,58223,,,0
2024-12-13,2.33909,2.48854,2.28371,2.42284,34769827.29461977,2024-12-13 23:59:59.999,84241728.36249655,45076,,,0
2024-12-14,2.42284,2.53,2.35544,2.39957,27628551.058481432,2024-12-14 23:59:59.999,66296642.263400294,41419,,,0
2024-12-15,2.40012,2.47,2.36781,2.44586,18119777.797194913,2024-12-15 23:59:59.999,44318439.72304715,28026,,,0
2024-12-16,2.44598,2.587,2.32738,2.4849,48454992.920770995,2024-12-16 23:59:59.999,120405811.90882385,62814,,,0
2024-12-17,2.48487,2.72673,2.44108,2.56702,78632827.84056686,2024-12-17 23:59:59.999,201852041.72329193,78329,,,0
2024-12-18,2.56774,2.59,2.25,2.30918,54706179.60675221,2024-12-18 23:59:59.999,126326415.82432006,76095,,,0
2024-12-19,2.3089,2.43,2.1561,2.23663,61683446.47237232,2024-12-19 23:59:59.999,137963046.8835021,83290,,,0
2024-12-20,2.23665,2.35283,1.95502,2.27849,68854657.81321451,2024-12-20 23:59:59.999,156884649.28083113,87698,,,0
2024-12-21,2.27879,2.383,2.19139,2.23502,25298672.328608006,2024-12-21 23:59:59.999,56543038.62788547,33994,,,0
2024-12-22,2.23715,2.29,2.16,2.20022,18234191.180376902,2024-12-22 23:59:59.999,40119232.11888886,28171,,,0
2024-12-23,2.20116,2.27694,2.13,2.25902,28728738.927533012,2024-12-23 23:59:59.999,64898795.81207562,36507,,,0
2024-12-24,2.25912,2.348,2.21198,2.32191,19067162.200213183,2024-12-24 23:59:59.999,44272234.58429699,25534,,,0
2024-12-25,2.32214,2.33135,2.25693,2.29602,9748663.053172296,2024-12-25 23:59:59.999,22383125.343344655,15422,,,0
2024-12-26,2.29588,2.31381,2.12672,2.15371,16591207.062301608,2024-12-26 23:59:59.999,35732648.56214959,26169,,,0
2024-12-27,2.15372,2.234,2.11265,2.14298,18956435.294821363,2024-12-27 23:59:59.999,40623261.70809629,25378,,,0
2024-12-28,2.14299,2.20171,2.1311,2.18081,7785392.310267853,2024-12-28 23:59:59.999,16978461.404155236,13543,,,0
2024-12-29,2.18063,2.19458,2.06673,2.0908,11904162.034843627,2024-12-29 23:59:59.999,24889221.98245106,18396,,,0
2024-12-30,2.09081,2.1465,1.99338,2.0544,28322276.822147988,2024-12-30 23:59:59.999,58185285.50342082,36920,,,0
2024-12-31,2.0548,2.14637,2.01,2.08017,20039644.39367957,2024-12-31 23:59:59.999,41685867.078400426,22673,,,0
2025-01-01,2.07974,2.35,2.07804,2.327,33593325.114674866,2025-01-01 23:59:59.999,78171667.5418484,37353,,,0
2025-01-02,2.327,2.445,2.32575,2.4,29697542.68470043,2025-01-02 23:59:59.999,71274102.44328102,38450,,,0
2025-01-03,2.4003,2.47841,2.39588,2.45338,23438803.250439,2025-01-03 23:59:59.999,57504291.118562035,31040,,,0
2025-01-04,2.45339,2.50733,2.401,2.418,13312875.501557682,2025-01-04 23:59:59.999,32190532.962766476,21594,,,0
2025-01-05,2.418,2.42736,2.328,2.39897,14938440.146461194,2025-01-05 23:59:59.999,35836869.75815601,19911,,,0
2025-01-06,2.39906,2.45907,2.36922,2.42117,17689223.90914397,2025-01-06 23:59:59.999,42828618.25210211,23530,,,0
2025-01-07,2.42147,2.47,2.26,2.27059,28508533.093251243,2025-01-07 23:59:59.999,64731190.156205334,36541,,,0
2025-01-08,2.27085,2.395,2.2,2.37367,39490884.02375089,2025-01-08 23:59:59.999,93738326.68065678,46185,,,0
2025-01-09,2.37283,2.39435,2.235,2.27258,29230895.03248399,2025-01-09 23:59:59.999,66429547.43292247,34331,,,0
2025-01-10,2.27258,2.37,2.24675,2.34086,24135548.55444208,2025-01-10 23:59:59.999,56497940.189151295,27597,,,0
2025-01-11,2.34098,2.59963,2.32511,2.57577,42663007.21211719,2025-01-11 23:59:59.999,109890094.08675508,44556,,,0
2025-01-12,2.57585,2.58,2.46724,2.50349,23891109.700891227,2025-01-12 23:59:59.999,59811154.22508418,27771,,,0
2025-01-13,2.50326,2.56295,2.33217,2.5249,46998922.69627401,2025-01-13 23:59:59.999,118667579.91582227,53303,,,0
2025-01-14,2.52491,2.69331,2.51304,2.6675,41207358.7705477,2025-01-14 23:59:59.999,109920629.520436,42614,,,0
2025-01-15,2.6675,3.2,2.64742,3.14091,112028775.13555354,2025-01-15 23:59:59.999,351872300.11101145,112579,,,0
2025-01-16,3.14337,3.39987,2.9192,3.24232,131977067.15315716,2025-01-16 23:59:59.999,427911884.3720245,126197,,,0
2025-01-17,3.24545,3.35369,3.16943,3.29292,57898738.811101995,2025-01-17 23:59:59.999,190655915.00585398,65818,,,0
2025-01-18,3.29292,3.299,3.06029,3.265,51693545.84596245,2025-01-18 23:59:59.999,168779427.18706742,62948,,,0
2025-01-19,3.265,3.28696,2.8106,2.95537,76032110.1874512,2025-01-19 23:59:59.999,224703017.48468763,95177,,,0
2025-01-20,2.95651,3.3625,2.907,3.10321,90981688.85623316,2025-01-20 23:59:59.999,282335286.6755513,113718,,,0
2025-01-21,3.10259,3.23975,3.012,3.17544,40029831.46334719,2025-01-21 23:59:59.999,127112328.0219712,54251,,,0
2025-01-22,3.17504,3.28529,3.13,3.176,37327473.94056809,2025-01-22 23:59:59.999,118552057.23524426,46917,,,0
2025-01-23,3.17728,3.185,3.03564,3.11963,51219497.94250228,2025-01-23 23:59:59.999,159785882.36636838,50591,,,0
2025-01-24,3.11963,3.20722,3.05499,3.10303,24565671.428685673,2025-01-24 23:59:59.999,76228015.4133545,35443,,,0
2025-01-25,3.10303,3.14,3.075,3.10789,10516264.942796873,2025-01-25 23:59:59.999,32683394.65306897,16770,,,0
2025-01-26,3.10797,3.142,3.01112,3.02239,12885344.989861256,2025-01-26 23:59:59.999,38944537.84390676,25171,,,0
2025-01-27,3.02239,3.06001,2.6562,3.05479,83210454.01290679,2025-01-27 23:59:59.999,254190462.81408754,90636,,,0
2025-01-28,3.05544,3.21499,3.00774,3.05767,45097230.05294344,2025-01-28 23:59:59.999,137892447.41598356,51647,,,0
2025-01-29,3.05768,3.13333,2.96744,3.06824,32396377.129493993,2025-01-29 23:59:59.999,99399860.16379865,37033,,,0
2025-01-30,3.06828,3.1557,3.05,3.13001,20382278.712367367,2025-01-30 23:59:59.999,63796736.192496985,25551,,,0
2025-01-31,3.13001,3.13371,3.00151,3.03577,21295417.56424519,2025-01-31 23:59:59.999,64647989.77900862,26233,,,0
2025-02-01,3.03569,3.06974,2.85,2.8779,22045278.35054319,2025-02-01 23:59:59.999,63444106.56502824,29411,,,0
2025-02-02,2.87823,2.95473,2.47,2.57815,81917337.71341963,2025-02-02 23:59:59.999,211195184.22585282,84614,,,0
2025-02-03,2.5791,2.78499,1.75,2.70319,176930287.48540395,2025-02-03 23:59:59.999,478276183.82766914,147821,,,0
2025-02-04,2.70305,2.7916,2.41942,2.52781,74816370.052133,2025-02-04 23:59:59.999,189121568.3814823,63761,,,0
2025-02-05,2.52785,2.57,2.34454,2.38059,40615457.09791695,2025-02-05 23:59:59.999,96688751.01273012,37406,,,0
2025-02-06,2.38095,2.46922,2.27941,2.32562,33140892.1611124,2025-02-06 23:59:59.999,77073121.62772621,38492,,,0
2025-02-07,2.32564,2.53994,2.268,2.3978,59372308.33633291,2025-02-07 23:59:59.999,142362920.92885906,62063,,,0
2025-02-08,2.39781,2.435,2.35251,2.42001,15163585.28076043,2025-02-08 23:59:59.999,36696028.01529305,19158,,,0
2025-02-09,2.42001,2.50774,2.31102,2.3932,29032872.37301887,2025-02-09 23:59:59.999,69481470.16310877,31474,,,0
2025-02-10,2.3936,2.47275,2.3236,2.42366,26478325.225961227,2025-02-10 23:59:59.999,64174457.717153184,25688,,,0
2025-02-11,2.42372,2.5275,2.37066,2.41241,41696862.873374544,2025-02-11 23:59:59.999,100589928.96435748,35180,,,0
2025-02-12,2.41286,2.49501,2.33303,2.47318,41560460.56820196,2025-02-12 23:59:59.999,102786499.86806573,38782,,,0
2025-02-13,2.47354,2.60473,2.41723,2.55989,28610608.059826165,2025-02-13 23:59:59.999,73240009.4662684,34570,,,0
2025-02-14,2.56056,2.83464,2.5324,2.73929,61985324.292763874,2025-02-14 23:59:59.999,169795778.98192516,65152,,,0
2025-02-15,2.7393,2.83226,2.71423,2.76289,26924975.082988445,2025-02-15 23:59:59.999,74390744.40703794,31182,,,0
2025-02-16,2.76289,2.80331,2.695,2.72869,16564966.87864202,2025-02-16 23:59:59.999,45200659.47208169,20131,,,0
2025-02-17,2.72889,2.76322,2.60761,2.65941,32893578.38220171,2025-02-17 23:59:59.999,87477511.28541104,32501,,,0
2025-02-18,2.65949,2.6678,2.47,2.56137,38598031.1791466,2025-02-18 23:59:59.999,98863839.12133074,36266,,,0
2025-02-19,2.56137,2.745,2.51125,2.73928,35909237.58208424,2025-02-19 23:59:59.999,98365456.3238517,33067,,,0
2025-02-20,2.73928,2.74912,2.66786,2.68888,24660025.561811652,2025-02-20 23:59:59.999,66307849.532644115,24791,,,0
2025-02-21,2.68888,2.71549,2.50848,2.5702,38977095.97265435,2025-02-21 23:59:59.999,100178932.0689162,39810,,,0
2025-02-22,2.5702,2.61001,2.55268,2.57553,8773063.023970693,2025-02-22 23:59:59.999,22595287.01012724,12756,,,0
2025-02-23,2.57553,2.59993,2.52017,2.57581,14040870.359192908,2025-02-23 23:59:59.999,36166614.27991269,20851,,,0
2025-02-24,2.57603,2.6045,2.23101,2.275,59658638.376957774,2025-02-24 23:59:59.999,135723402.30757892,70207,,,0
2025-02-25,2.27753,2.36342,2.06397,2.31954,77266564.9060052,2025-02-25 23:59:59.999,179222887.9620753,89712,,,0
2025-02-26,2.31957,2.32808,2.14845,2.19492,34937388.35692219,2025-02-26 23:59:59.999,76684772.45237565,46411,,,0
2025-02-27,2.19536,2.25478,2.14411,2.19625,22550289.618082058,2025-02-27 23:59:59.999,49526073.57371272,34086,,,0
2025-02-28,2.19694,2.19936,1.95,2.14537,54587799.92487717,2025-02-28 23:59:59.999,117111028.32483374,61711,,,0
2025-03-01,2.14537,2.21889,2.122,2.189,19842238.57520528,2025-03-01 23:59:59.999,43434660.24112436,25692,,,0
2025-03-02,2.19099,3.0,2.17456,2.93911,133170546.4364614,2025-03-02 23:59:59.999,391402884.7368681,136017,,,0
2025-03-03,2.93977,2.97,2.29351,2.385,87049293.1623294,2025-03-03 23:59:59.999,207612564.1921556,120958,,,0
2025-03-04,2.385,2.54,2.21177,2.45475,78590607.4919238,2025-03-04 23:59:59.999,192920293.74079996,78785,,,0
2025-03-05,2.45408,2.54,2.408,2.50028,31291744.8559998,2025-03-05 23:59:59.999,78238123.82855919,36358,,,0
2025-03-06,2.50028,2.64501,2.47238,2.6001,35334508.494299114,2025-03-06 23:59:59.999,91873255.53602712,41948,,,0
2025-03-07,2.60002,2.62095,2.252,2.38186,81953658.8549354,2025-03-07 23:59:59.999,195202141.88021642,68014,,,0
2025-03-08,2.38404,2.40947,2.30166,2.32429,16440975.121749008,2025-03-08 23:59:59.999,38213594.06573,23650,,,0
2025-03-09,2.32496,2.34888,2.08169,2.1362,46926304.78507104,2025-03-09 23:59:59.999,100243972.28186876,43193,,,0
2025-03-10,2.13651,2.26,1.99152,2.01906,56089100.864732206,2025-03-10 23:59:59.999,113247259.9919462,59200,,,0
2025-03-11,2.02079,2.21311,1.9,2.16863,54347728.577324934,2025-03-11 23:59:59.999,117860114.62464416,51374,,,0
2025-03-12,2.16863,2.275,2.13234,2.239,35554145.807516605,2025-03-12 23:59:59.999,79605732.46302967,38859,,,0
2025-03-13,2.23901,2.35,2.2148,2.25186,34600159.08133135,2025-03-13 23:59:59.999,77914714.22888681,33818,,,0
2025-03-14,2.25179,2.38955,2.23703,2.35617,18898515.70921804,2025-03-14 23:59:59.999,44528115.75858827,25044,,,0
2025-03-15,2.35642,2.47702,2.355,2.39131,18915263.910144333,2025-03-15 23:59:59.999,45232259.740967244,25818,,,0
2025-03-16,2.3913,2.40957,2.26866,2.29486,21295769.698559977,2025-03-16 23:59:59.999,48870810.050437346,21623,,,0
2025-03-17,2.29407,2.38131,2.29185,2.33801,19012874.215794384,2025-03-17 23:59:59.999,44452290.04526943,20517,,,0
2025-03-18,2.3382,2.33896,2.223,2.28476,14288515.231307954,2025-03-18 23:59:59.999,32645828.05988316,20852,,,0
2025-03-19,2.28515,2.5924,2.26532,2.54757,54900073.446340166,2025-03-19 23:59:59.999,139861780.1096928,56020,,,0
2025-03-20,2.54796,2.56109,2.38901,2.43479,28372759.40282955,2025-03-20 23:59:59.999,69081710.86641537,28234,,,0
2025-03-21,2.43445,2.46485,2.35628,2.37989,14257421.50462616,2025-03-21 23:59:59.999,33931094.86464475,18917,,,0
2025-03-22,2.37993,2.41444,2.36,2.37011,6719933.895309512,2025-03-22 23:59:59.999,15926982.524612026,9795,,,0
2025-03-23,2.37058,2.44,2.36499,2.43952,7387572.903846797,2025-03-23 23:59:59.999,18022131.850392338,11311,,,0
2025-03-24,2.4395,2.50278,2.4154,2.45056,17148205.044540122,2025-03-24 23:59:59.999,42022705.353948236,20939,,,0
2025-03-25,2.45056,2.47639,2.40832,2.45,11346250.36983334,2025-03-25 23:59:59.999,27798313.406091686,15852,,,0
2025-03-26,2.44962,2.47811,2.32966,2.34892,23304193.09637752,2025-03-26 23:59:59.999,54739685.24794309,22365,,,0
2025-03-27,2.34893,2.38947,2.30096,2.34064,16971665.428341217,2025-03-27 23:59:59.999,39724558.968192585,18293,,,0
2025-03-28,2.34057,2.34183,2.15244,2.20667,22533747.149174385,2025-03-28 23:59:59.999,49724543.82166864,25923,,,0
2025-03-29,2.20664,2.22469,2.06001,2.13253,17865016.340057913,2025-03-29 23:59:59.999,38097683.2956637,23316,,,0
2025-03-30,2.13359,2.215,2.10755,2.13594,12523864.167928107,2025-03-30 23:59:59.999,26750222.430844363,16695,,,0
2025-03-31,2.13654,2.13932,2.02395,2.0896,20227390.964087542,2025-03-31 23:59:59.999,42267156.158557326,27336,,,0
2025-04-01,2.0896,2.19974,2.06606,2.13833,20698177.00333724,2025-04-01 23:59:59.999,44259532.83154612,26718,,,0
2025-04-02,2.13883,2.23506,1.98325,2.02231,33326918.406977728,2025-04-02 23:59:59.999,67397360.36361513,34234,,,0
2025-04-03,2.02231,2.08067,1.96053,2.06303,29647325.432445977,2025-04-03 23:59:59.999,61163321.78689902,29543,,,0
2025-04-04,2.06434,2.1597,2.0172,2.12968,27696348.53129938,2025-04-04 23:59:59.999,58984359.54013766,25611,,,0
2025-04-05,2.12949,2.17533,2.11384,2.14401,10031080.785384435,2025-04-05 23:59:59.999,21506737.514672086,15309,,,0
2025-04-06,2.14401,2.1575,1.86,1.92093,37509590.605548434,2025-04-06 23:59:59.999,72053297.88191615,36687,,,0
2025-04-07,1.92075,2.00723,1.61014,1.89631,97744390.74823073,2025-04-07 23:59:59.999,185353665.6197774,73430,,,0
2025-04-08,1.8974,1.97386,1.77649,1.79385,41762498.56567028,2025-04-08 23:59:59.999,74915658.05202763,38860,,,0
2025-04-09,1.79419,2.0896,1.72101,2.05196,55210181.81276621,2025-04-09 23:59:59.999,113289084.67252374,47834,,,0
2025-04-10,2.05241,2.05578,1.92084,1.96464,26967858.95664596,2025-04-10 23:59:59.999,52982134.420584925,29699,,,0
2025-04-11,1.96449,2.06435,1.9463,2.02284,17944466.4541033,2025-04-11 23:59:59.999,36298784.52201831,24659,,,0
2025-04-12,2.02284,2.1835,2.00268,2.15845,23080267.63134868,2025-04-12 23:59:59.999,49817603.66888457,21013,,,0
2025-04-13,2.15947,2.24466,2.08165,2.11777,26585145.950474437,2025-04-13 23:59:59.999,56301224.53953625,25942,,,0
2025-04-14,2.11868,2.17919,2.10496,2.12601,18354241.18684536,2025-04-14 23:59:59.999,39021300.3056451,23741,,,0
2025-04-15,2.12726,2.18479,2.08445,2.08533,16048197.209499924,2025-04-15 23:59:59.999,33465787.086886473,18667,,,0
2025-04-16,2.08446,2.12659,2.0363,2.08341,22304101.00389724,2025-04-16 23:59:59.999,46468587.07252955,21956,,,0
2025-04-17,2.08336,2.11364,2.053,2.06721,13698541.631213857,2025-04-17 23:59:59.999,28317762.2454616,15081,,,0
2025-04-18,2.06721,2.088,2.04357,2.06283,5731107.389259521,2025-04-18 23:59:59.999,11822300.255786218,10678,,,0
2025-04-19,2.06283,2.09781,2.05999,2.08648,6460425.361540539,2025-04-19 23:59:59.999,13479548.308347104,9337,,,0
2025-04-20,2.08758,2.09299,2.03803,2.07851,7504507.53010904,2025-04-20 23:59:59.999,15598193.946406942,10840,,,0
2025-04-21,2.07852,2.14,2.06009,2.08524,16509397.64120734,2025-04-21 23:59:59.999,34426056.337351196,16592,,,0
2025-04-22,2.08525,2.249,2.06576,2.21411,22316410.03677824,2025-04-22 23:59:59.999,49410986.626531065,21018,,,0
2025-04-23,2.21431,2.29999,2.19208,2.21956,24971762.495650142,2025-04-23 23:59:59.999,55426325.16484523,25683,,,0
2025-04-24,2.2198,2.23493,2.12,2.20568,30093851.225274533,2025-04-24 23:59:59.999,66377405.770563535,22496,,,0
2025-04-25,2.20595,2.21937,2.16599,2.18333,21197818.96510261,2025-04-25 23:59:59.999,46281834.08107749,17460,,,0
2025-04-26,2.18303,2.24745,2.18144,2.19207,10762052.865570912,2025-04-26 23:59:59.999,23591173.22503203,9886,,,0
2025-04-27,2.19213,2.29471,2.162,2.25269,18284859.596961822,2025-04-27 23:59:59.999,41190120.365479924,18875,,,0
2025-04-28,2.25272,2.35936,2.2195,2.29515,26336754.0896269,2025-04-28 23:59:59.999,60446801.14880718,27223,,,0
2025-04-29,2.29516,2.316,2.22201,2.23875,20538235.69934704,2025-04-29 23:59:59.999,45979975.17191319,18465,,,0
2025-04-30,2.23856,2.2589,2.125,2.19113,21197935.90111218,2025-04-30 23:59:59.999,46447433.29100393,21938,,,0
2025-05-01,2.19109,2.25796,2.18824,2.2134,15961854.474556727,2025-05-01 23:59:59.999,35329968.69398386,16774,,,0
2025-05-02,2.21319,2.24096,2.19399,2.20971,9726902.70234066,2025-05-02 23:59:59.999,21493634.17038918,12206,,,0
2025-05-03,2.21025,2.22,2.17728,2.18863,8124623.369272267,2025-05-03 23:59:59.999,17781794.44469036,11012,,,0
2025-05-04,2.18807,2.217,2.15172,2.15649,4895845.470307512,2025-05-04 23:59:59.999,10557841.798263445,10542,,,0
2025-05-05,2.15626,2.19975,2.10685,2.13222,12494248.377071569,2025-05-05 23:59:59.999,26640486.27455954,15273,,,0
2025-05-06,2.13178,2.15799,2.078,2.15459,14497928.60653122,2025-05-06 23:59:59.999,31237091.996346097,15883,,,0
2025-05-07,2.15489,2.17025,2.10542,2.12708,11367945.527362503,2025-05-07 23:59:59.999,24180529.572342232,12750,,,0
2025-05-08,2.12707,2.32794,2.11841,2.32711,39380573.50485781,2025-05-08 23:59:59.999,91642926.40888965,29430,,,0
2025-05-09,2.32691,2.42776,2.28735,2.34501,36187834.910980456,2025-05-09 23:59:59.999,84860834.74459827,32107,,,0
2025-05-10,2.34501,2.47523,2.33631,2.47008,26239783.96524995,2025-05-10 23:59:59.999,64814365.57688459,24033,,,0
2025-05-11,2.47008,2.48211,2.331,2.36733,20652260.75737172,2025-05-11 23:59:59.999,48890716.458748795,21171,,,0
2025-05-12,2.36739,2.656,2.35173,2.54379,70400158.93628559,2025-05-12 23:59:59.999,179083220.30053392,54208,,,0
2025-05-13,2.5438,2.605,2.42244,2.583,32621143.651753664,2025-05-13 23:59:59.999,84260414.05247971,29803,,,0
2025-05-14,2.58301,2.65001,2.52011,2.55241,30496006.35684967,2025-05-14 23:59:59.999,77838311.58528666,26369,,,0
2025-05-15,2.55241,2.5712,2.35464,2.38426,26245031.22216171,2025-05-15 23:59:59.999,62574978.141751274,25614,,,0
2025-05-16,2.38488,2.4399,2.34899,2.38,21946412.9937704,2025-05-16 23:59:59.999,52232462.92517354,18276,,,0
2025-05-17,2.38,2.39086,2.29963,2.35405,19447774.151142683,2025-05-17 23:59:59.999,45781032.74049743,16490,,,0
2025-05-18,2.35403,2.44958,2.33314,2.4303,19552921.11685283,2025-05-18 23:59:59.999,47519464.19028743,18487,,,0
2025-05-19,2.42958,2.4398,2.28464,2.38052,18267328.111595742,2025-05-19 23:59:59.999,43485739.9162159,18566,,,0
2025-05-20,2.38095,2.4068,2.31507,2.35589,18903203.413761776,2025-05-20 23:59:59.999,44533867.89044723,16798,,,0
2025-05-21,2.3559,2.42982,2.33209,2.39641,31947819.365288615,2025-05-21 23:59:59.999,76560073.80517128,23001,,,0
2025-05-22,2.39641,2.45681,2.38966,2.43094,26919631.3996419,2025-05-22 23:59:59.999,65440008.75464549,20009,,,0
2025-05-23,2.43109,2.47961,2.28616,2.29682,22749605.766898092,2025-05-23 23:59:59.999,52251749.51752687,25921,,,0
2025-05-24,2.29682,2.359,2.28602,2.33086,6042254.168433608,2025-05-24 23:59:59.999,14083648.551035158,9640,,,0
2025-05-25,2.3302,2.34525,2.267,2.343,10670227.311034836,2025-05-25 23:59:59.999,25000342.58975462,12050,,,0
2025-05-26,2.343,2.3588,2.29711,2.31088,8184510.505147709,2025-05-26 23:59:59.999,18913421.63613574,10352,,,0
2025-05-27,2.31088,2.354,2.27,2.319,10321229.604433008,2025-05-27 23:59:59.999,23934931.452680144,13446,,,0
2025-05-28,2.31901,2.32334,2.2279,2.27492,10494597.240453828,2025-05-28 23:59:59.999,23874369.154253222,15080,,,0
2025-05-29,2.27492,2.31199,2.2379,2.2452,10418378.916604051,2025-05-29 23:59:59.999,23391344.343559418,14650,,,0
2025-05-30,2.24519,2.25221,2.13069,2.14044,20502381.949997567,2025-05-30 23:59:59.999,43884118.42105279,22672,,,0
2025-05-31,2.14044,2.20685,2.08184,2.17456,15173154.04833509,2025-05-31 23:59:59.999,32994933.867347553,16377,,,0
2025-06-01,2.17527,2.18787,2.12516,2.18033,10678861.790069714,2025-06-01 23:59:59.999,23283442.7267427,10485,,,0
2025-06-02,2.18029,2.20563,2.137,2.19689,9564539.81489922,2025-06-02 23:59:59.999,21012241.873953942,11050,,,0
2025-06-03,2.1969,2.28169,2.18531,2.24573,17895651.7503386,2025-06-03 23:59:59.999,40188802.0052879,15463,,,0
2025-06-04,2.24601,2.265,2.1975,2.20198,14202846.254908592,2025-06-04 23:59:59.999,31274383.396383617,12749,,,0
2025-06-05,2.20195,2.22588,2.05974,2.095,19860226.100770384,2025-06-05 23:59:59.999,41607173.68111396,19737,,,0
2025-06-06,2.095,2.1915,2.08283,2.16221,12018493.285539292,2025-06-06 23:59:59.999,25986506.36692591,19182,,,0
2025-06-07,2.16221,2.19092,2.1501,2.17803,4079094.7080929466,2025-06-07 23:59:59.999,8884390.647067681,7652,,,0
2025-06-08,2.17796,2.295,2.16773,2.26784,18829049.717422307,2025-06-08 23:59:59.999,42701272.111159004,19398,,,0
2025-06-09,2.26672,2.32946,2.225,2.3207,13926510.823155014,2025-06-09 23:59:59.999,32319253.66729584,15302,,,0
2025-06-10,2.3207,2.32733,2.26123,2.30651,13050089.928070826,2025-06-10 23:59:59.999,30100162.91999464,15809,,,0
2025-06-11,2.30651,2.33815,2.25402,2.27081,19335303.03103994,2025-06-11 23:59:59.999,43906799.475915805,15347,,,0
2025-06-12,2.2708,2.27315,2.17304,2.19081,9943790.085363468,2025-06-12 23:59:59.999,21784954.756915137,14064,,,0
2025-06-13,2.19081,2.19242,2.08598,2.14856,20329417.71759228,2025-06-13 23:59:59.999,43678973.73131007,20941,,,0
2025-06-14,2.14814,2.17882,2.11166,2.14,10690407.686483094,2025-06-14 23:59:59.999,22877472.449073825,10237,,,0
2025-06-15,2.14,2.17499,2.13948,2.16648,4637011.560481294,2025-06-15 23:59:59.999,10045992.805551514,8125,,,0
2025-06-16,2.16648,2.336,2.15282,2.23925,26655380.471221596,2025-06-16 23:59:59.999,59688060.72018296,22266,,,0
2025-06-17,2.23893,2.25765,2.14252,2.15955,22022653.88747925,2025-06-17 23:59:59.999,47559022.20270581,19698,,,0
2025-06-18,2.15966,2.18076,2.12,2.17048,9913568.798652802,2025-06-18 23:59:59.999,21517202.806099933,13562,,,0
2025-06-19,2.1708,2.18458,2.14607,2.16572,7264446.886136226,2025-06-19 23:59:59.999,15732757.910242947,8802,,,0
2025-06-20,2.16506,2.178,2.08574,2.11945,10473446.006155668,2025-06-20 23:59:59.999,22197945.137746632,13337,,,0
2025-06-21,2.11945,2.14404,1.9984,2.0644,11306334.290216252,2025-06-21 23:59:59.999,23340796.508722432,13171,,,0
2025-06-22,2.06443,2.0885,1.91,2.01812,22311349.148173414,2025-06-22 23:59:59.999,45026979.94291174,25593,,,0
2025-06-23,2.0176,2.17094,1.96299,2.16084,22123685.58987566,2025-06-23 23:59:59.999,47805744.77002692,20997,,,0
2025-06-24,2.16034,2.216,2.13295,2.19034,13636242.582442582,2025-06-24 23:59:59.999,29868007.578027282,16462,,,0
2025-06-25,2.19034,2.22942,2.17122,2.18714,10525721.665716918,2025-06-25 23:59:59.999,23021226.8839561,11754,,,0
2025-06-26,2.18705,2.21301,2.09642,2.10599,16934730.036511753,2025-06-26 23:59:59.999,35664372.109593384,14799,,,0
2025-06-27,2.106,2.15548,2.07,2.14312,11065245.157291677,2025-06-27 23:59:59.999,23714148.20149494,14644,,,0
2025-06-28,2.14312,2.20824,2.1356,2.18611,9219142.941465778,2025-06-28 23:59:59.999,20154060.575767756,12176,,,0
2025-06-29,2.18541,2.21912,2.177,2.20786,6836735.60603165,2025-06-29 23:59:59.999,15094555.075133039,9318,,,0
2025-06-30,2.20786,2.32741,2.16576,2.23718,21898959.33395378,2025-06-30 23:59:59.999,48991913.84273472,21995,,,0
2025-07-01,2.23666,2.25411,2.14802,2.17219,14804996.101934122,2025-07-01 23:59:59.999,32159264.482660282,16512,,,0
2025-07-02,2.17219,2.2901,2.15866,2.23432,20081957.135103475,2025-07-02 23:59:59.999,44869518.466104396,19409,,,0
2025-07-03,2.23432,2.31177,2.226,2.25723,14571914.249545386,2025-07-03 23:59:59.999,32892162.00150133,17527,,,0
2025-07-04,2.25727,2.26855,2.19719,2.22084,13087086.543956531,2025-07-04 23:59:59.999,29064325.280280422,12996,,,0
2025-07-05,2.22085,2.23334,2.20345,2.21814,4357720.6105274325,2025-07-05 23:59:59.999,9666034.395035319,7954,,,0
2025-07-06,2.21831,2.28942,2.21,2.27262,11693835.11179684,2025-07-06 23:59:59.999,26575643.55177173,13364,,,0
2025-07-07,2.27262,2.35308,2.25728,2.27101,25213207.206348468,2025-07-07 23:59:59.999,57259445.69768944,21980,,,0
2025-07-08,2.27101,2.321,2.25035,2.31137,14336676.936674772,2025-07-08 23:59:59.999,33137364.97112197,16495,,,0
2025-07-09,2.31137,2.42801,2.29903,2.40476,27354545.31765631,2025-07-09 23:59:59.999,65781116.39808718,28094,,,0
2025-07-10,2.40468,2.56735,2.39438,2.5465,31106063.915546272,2025-07-10 23:59:59.999,79211591.76093858,34151,,,0
2025-07-11,2.54651,2.97358,2.51127,2.73373,79407266.01674426,2025-07-11 23:59:59.999,217078025.32795426,91192,,,0
2025-07-12,2.73373,2.84783,2.66084,2.73818,30319661.203964405,2025-07-12 23:59:59.999,83020689.91547126,37916,,,0
2025-07-13,2.73818,2.8944,2.72478,2.83733,27198120.677842796,2025-07-13 23:59:59.999,77170043.7428637,37458,,,0
2025-07-14,2.83738,3.03244,2.82378,2.95893,63755826.31230377,2025-07-14 23:59:59.999,188649027.15026498,64113,,,0
2025-07-15,2.95863,2.95872,2.80364,2.9195,35559112.276614994,2025-07-15 23:59:59.999,103814828.29157749,40697,,,0
2025-07-16,2.91918,3.1,2.88,3.04001,46937893.118654475,2025-07-16 23:59:59.999,142691664.4596408,51915,,,0
2025-07-17,3.04001,3.5534,2.99,3.48393,112597548.26485056,2025-07-17 23:59:59.999,392281976.3263608,112621,,,0
2025-07-18,3.48393,3.6645,3.34662,3.41783,96059363.11070688,2025-07-18 23:59:59.999,328314573.0206673,91974,,,0
2025-07-19,3.41782,3.48764,3.3575,3.42618,30454082.90599937,2025-07-19 23:59:59.999,104341169.77087691,32547,,,0
2025-07-20,3.42619,3.55829,3.39,3.45716,43950769.18838891,2025-07-20 23:59:59.999,151944841.20733058,41123,,,0
2025-07-21,3.45583,3.65,3.40972,3.55255,42656063.98512258,2025-07-21 23:59:59.999,151537800.1103472,43517,,,0
2025-07-22,3.55255,3.57958,3.42528,3.55231,43699020.58192701,2025-07-22 23:59:59.999,155232467.80338514,42033,,,0
2025-07-23,3.55231,3.55326,3.05,3.18547,68811336.60728745,2025-07-23 23:59:59.999,219196448.42241597,66968,,,0
2025-07-24,3.18611,3.26748,2.9593,3.14672,57535305.82020716,2025-07-24 23:59:59.999,181047497.5305623,47920,,,0
2025-07-25,3.14719,3.16271,3.0016,3.14213,43115281.85291638,2025-07-25 23:59:59.999,135473820.56850415,40159,,,0
2025-07-26,3.14214,3.2181,3.10914,3.16601,19706224.863243055,2025-07-26 23:59:59.999,62390104.97927614,19493,,,0
2025-07-27,3.16601,3.25,3.15828,3.23991,14484396.0010772,2025-07-27 23:59:59.999,46928139.44785003,19625,,,0
2025-07-28,3.24047,3.33,3.1071,3.12278,31937553.481695943,2025-07-28 23:59:59.999,99733953.26157045,31944,,,0
2025-07-29,3.12347,3.18549,3.05218,3.12758,43576885.77637454,2025-07-29 23:59:59.999,136290196.41647348,28341,,,0
2025-07-30,3.12758,3.16,2.99999,3.09528,47470185.02900488,2025-07-30 23:59:59.999,146933514.3165782,32438,,,0
2025-07-31,3.09528,3.17593,3.015,3.02276,33479400.381504256,2025-07-31 23:59:59.999,101200192.2971958,28596,,,0
2025-08-01,3.02276,3.05758,2.89202,2.95992,49298279.43818059,2025-08-01 23:59:59.999,145918963.27465948,49602,,,0
2025-08-02,2.95992,3.01828,2.74092,2.76919,44219087.83012066,2025-08-02 23:59:59.999,122451055.82829183,36891,,,0
2025-08-03,2.76896,2.96133,2.73,2.94837,28464519.06414951,2025-08-03 23:59:59.999,83923934.07316649,25147,,,0
2025-08-04,2.94838,3.08999,2.93308,3.07217,39242086.02859306,2025-08-04 23:59:59.999,120558359.43446274,29236,,,0
2025-08-05,3.07217,3.10613,2.91574,2.96119,33083942.165868673,2025-08-05 23:59:59.999,97967838.70214866,26893,,,0
2025-08-06,2.96119,3.01793,2.90279,2.99115,22411061.132317457,2025-08-06 23:59:59.999,67034845.50593137,21975,,,0
2025-08-07,2.99115,3.333,2.96621,3.3198,57069570.71240091,2025-08-07 23:59:59.999,189459560.85102853,42133,,,0
2025-08-08,3.31999,3.382,3.2075,3.28677,63181402.27172672,2025-08-08 23:59:59.999,207662737.54464325,51487,,,0
2025-08-09,3.28677,3.34858,3.211,3.22649,30794992.062521186,2025-08-09 23:59:59.999,99359733.93980399,28094,,,0
2025-08-10,3.22663,3.27886,3.15167,3.18765,25599138.24488434,2025-08-10 23:59:59.999,81601093.02630556,25025,,,0
2025-08-11,3.18765,3.33283,3.12,3.13167,52860759.45854771,2025-08-11 23:59:59.999,165542454.57355013,40806,,,0
2025-08-12,3.13167,3.3,3.10333,3.26628,37587147.37262701,2025-08-12 23:59:59.999,122770147.72026417,29816,,,0
2025-08-13,3.26628,3.33184,3.20175,3.2755,50450735.12526918,2025-08-13 23:59:59.999,165251382.90281922,36404,,,0
2025-08-14,3.2755,3.35,2.98795,3.08186,56448840.44134102,2025-08-14 23:59:59.999,173967423.40255123,48308,,,0
2025-08-15,3.08151,3.14334,3.00383,3.07959,25582363.04080284,2025-08-15 23:59:59.999,78783189.39682601,28744,,,0
2025-08-16,3.07977,3.15779,3.07594,3.10685,13571829.584648045,2025-08-16 23:59:59.999,42165638.74506378,19943,,,0
2025-08-17,3.10684,3.14808,3.07988,3.08966,13878005.357859315,2025-08-17 23:59:59.999,42878318.03396361,15030,,,0
2025-08-18,3.08966,3.097,2.94112,3.06208,29037636.638607822,2025-08-18 23:59:59.999,88915566.39834824,32410,,,0
2025-08-19,3.06209,3.08,2.85,2.86024,28739880.85728032,2025-08-19 23:59:59.999,82202956.82322747,31784,,,0
2025-08-20,2.85992,2.99,2.8201,2.95125,30622660.027628187,2025-08-20 23:59:59.999,90375125.40653768,29672,,,0
2025-08-21,2.95125,2.95833,2.842,2.85092,17163487.88030874,2025-08-21 23:59:59.999,48931730.86772979,19440,,,0
2025-08-22,2.85091,3.103,2.78174,3.07292,49469702.61323284,2025-08-22 23:59:59.999,152016438.55425546,39084,,,0
2025-08-23,3.07292,3.07327,2.96834,3.04751,19452587.79660615,2025-08-23 23:59:59.999,59281955.83603521,17205,,,0
2025-08-24,3.04746,3.126,2.98819,3.02473,30325359.291414075,2025-08-24 23:59:59.999,91726024.00951889,24064,,,0
2025-08-25,3.02477,3.05096,2.82443,2.85827,30974701.70022448,2025-08-25 23:59:59.999,88534060.62870063,30248,,,0
2025-08-26,2.85827,3.08051,2.8453,3.012,22105148.313600976,2025-08-26 23:59:59.999,66580706.72056614,24025,,,0
2025-08-27,3.012,3.04422,2.95,2.96815,17959559.923513327,2025-08-27 23:59:59.999,53306667.786976084,18525,,,0
2025-08-28,2.96814,3.04,2.94298,2.96737,22259830.04576043,2025-08-28 23:59:59.999,66053151.88288812,19141,,,0
2025-08-29,2.96737,2.97529,2.77,2.81926,22885667.697681285,2025-08-29 23:59:59.999,64520647.51336494,33910,,,0
2025-08-30,2.81944,2.83473,2.76,2.81729,8536649.039837478,2025-08-30 23:59:59.999,24050215.973443728,15452,,,0
2025-08-31,2.81729,2.86852,2.77046,2.7757,8227364.262641714,2025-08-31 23:59:59.999,22836694.983814605,12926,,,0
2025-09-01,2.77568,2.83786,2.7,2.7556,23917147.60922768,2025-09-01 23:59:59.999,65906091.95198779,27538,,,0
2025-09-02,2.75866,2.86319,2.74841,2.8625,20348647.43161337,2025-09-02 23:59:59.999,58248003.27299327,20164,,,0
2025-09-03,2.86251,2.88701,2.813,2.8445,14606838.493202971,2025-09-03 23:59:59.999,41549152.09391585,15482,,,0
2025-09-04,2.8445,2.86017,2.78652,2.79551,17680879.57763831,2025-09-04 23:59:59.999,49427075.668083675,15903,,,0
2025-09-05,2.79551,2.884,2.7782,2.81511,22337564.971249036,2025-09-05 23:59:59.999,62882702.52621287,19383,,,0
2025-09-06,2.81511,2.82882,2.79271,2.81023,4219995.158409211,2025-09-06 23:59:59.999,11859156.994016316,9181,,,0
2025-09-07,2.81008,2.92591,2.81008,2.87763,17637628.174788933,2025-09-07 23:59:59.999,50754567.96461788,14195,,,0
2025-09-08,2.87736,2.995,2.86238,2.97001,24657566.97286549,2025-09-08 23:59:59.999,73233220.48508023,22575,,,0
2025-09-09,2.97001,3.03651,2.93556,2.94679,21420497.328315664,2025-09-09 23:59:59.999,63121707.322107315,21407,,,0
2025-09-10,2.94704,3.17005,2.91331,2.98391,21824104.285992928,2025-09-10 23:59:59.999,65121163.020017155,19661,,,0
2025-09-11,2.98392,3.049,2.95144,3.04073,24407801.872362085,2025-09-11 23:59:59.999,74217535.38734756,20662,,,0
2025-09-12,3.04084,3.13874,3.01741,3.10647,17118237.901709817,2025-09-12 23:59:59.999,53177292.494524494,25246,,,0
2025-09-13,3.10721,3.18685,3.09,3.12114,19908196.11977613,2025-09-13 23:59:59.999,62136267.23727807,30306,,,0
2025-09-14,3.12074,3.12617,3.0125,3.02967,17695384.870087065,2025-09-14 23:59:59.999,53611176.67935667,20813,,,0
2025-09-15,3.02967,3.067,2.95693,2.99676,21183479.098220088,2025-09-15 23:59:59.999,63481802.82238203,32543,,,0
2025-09-16,2.99676,3.058,2.96512,3.03836,17772428.523238346,2025-09-16 23:59:59.999,53999035.92786646,20569,,,0
2025-09-17,3.03836,3.10718,2.983,3.0847,35439912.24199723,2025-09-17 23:59:59.999,109321497.29288885,30537,,,0
2025-09-18,3.08492,3.1398,3.05777,3.07486,23944554.21084733,2025-09-18 23:59:59.999,73626151.96076602,35143,,,0
2025-09-19,3.07486,3.09404,2.98047,2.99139,13004230.9232562,2025-09-19 23:59:59.999,38900726.34151936,21321,,,0
2025-09-20,2.99139,3.01032,2.97,2.97732,5163656.198379819,2025-09-20 23:59:59.999,15373856.872560205,13546,,,0
2025-09-21,2.97687,3.015,2.95354,2.97255,9911891.050612208,2025-09-21 23:59:59.999,29463591.742497317,14422,,,0
2025-09-22,2.97255,2.97599,2.67861,2.85447,25990626.87343871,2025-09-22 23:59:59.999,74189464.6914246,40078,,,0
2025-09-23,2.85447,2.8984,2.80221,2.82499,10792798.33942038,2025-09-23 23:59:59.999,30489547.380879182,21035,,,0
2025-09-24,2.82502,2.99544,2.79,2.9265,16205074.74303644,2025-09-24 23:59:59.999,47424151.23549614,22730,,,0
2025-09-25,2.9265,2.94407,2.72476,2.745,27291643.856821302,2025-09-25 23:59:59.999,74915562.38697448,33318,,,0
2025-09-26,2.745,2.81105,2.70067,2.78448,27323653.40326508,2025-09-26 23:59:59.999,76082166.42832355,33296,,,0
2025-09-27,2.78458,2.83,2.76264,2.80551,9283848.40802592,2025-09-27 23:59:59.999,26045929.5472008,14313,,,0
2025-09-28,2.8059,2.86682,2.76711,2.86682,7998206.673695112,2025-09-28 23:59:59.999,22929418.85628262,13963,,,0
2025-09-29,2.86682,2.92839,2.84505,2.88148,13398815.979269195,2025-09-29 23:59:59.999,38608420.2679446,21093,,,0
2025-09-30,2.88148,2.90751,2.81372,2.84623,13553141.945434162,2025-09-30 23:59:59.999,38575359.19935308,18941,,,0
2025-10-01,2.84623,2.96234,2.8147,2.94802,23289422.21076182,2025-10-01 23:59:59.999,68657682.46577007,26298,,,0
2025-10-02,2.94976,3.1,2.94261,3.04009,30249808.79333463,2025-10-02 23:59:59.999,91962141.21452868,39562,,,0
2025-10-03,3.04007,3.09556,3.0075,3.04195,20242607.54451273,2025-10-03 23:59:59.999,61577000.0200305,34291,,,0
2025-10-04,3.04197,3.05463,2.94,2.9689,18516346.63737682,2025-10-04 23:59:59.999,54973181.53170804,19330,,,0
2025-10-05,2.9689,3.07,2.95,2.97001,17402834.65828084,2025-10-05 23:59:59.999,51686592.96344067,24371,,,0
2025-10-06,2.97001,3.04992,2.95745,2.99065,16270894.23785352,2025-10-06 23:59:59.999,48660549.85243663,27065,,,0
2025-10-07,2.99065,3.0036,2.85026,2.85331,18388142.41295781,2025-10-07 23:59:59.999,52467070.62831665,30214,,,0
2025-10-08,2.85331,2.92553,2.83111,2.87911,13322652.29730743,2025-10-08 23:59:59.999,38357381.45570079,23178,,,0
2025-10-09,2.87972,2.88,2.77,2.8035,19197867.61174466,2025-10-09 23:59:59.999,53821221.84952616,28471,,,0
2025-10-10,2.8035,2.8375,1.4,2.37396,84792006.90803438,2025-10-10 23:59:59.999,201292832.7193973,104624,,,0
2025-10-11,2.37652,2.50602,2.09031,2.38495,35348860.8910289,2025-10-11 23:59:59.999,84305265.78205939,56337,,,0
2025-10-12,2.38497,2.58422,2.315,2.52997,24963031.04673996,2025-10-12 23:59:59.999,63155719.65732069,36592,,,0
2025-10-13,2.53076,2.6475,2.51637,2.60678,25825019.31094861,2025-10-13 23:59:59.999,67320143.83939461,33845,,,0
2025-10-14,2.60731,2.62219,2.38983,2.50468,38047159.08158498,2025-10-14 23:59:59.999,95295958.40846427,36561,,,0
2025-10-15,2.50448,2.54794,2.37486,2.41206,16587107.4722837,2025-10-15 23:59:59.999,40009098.44959662,27465,,,0
2025-10-16,2.4124,2.46641,2.285,2.32853,26631230.69228781,2025-10-16 23:59:59.999,62011619.60391294,34491,,,0
2025-10-17,2.32853,2.39829,2.19,2.29415,27859304.79441221,2025-10-17 23:59:59.999,63913424.09410077,39398,,,0
2025-10-18,2.29416,2.39242,2.29045,2.36063,7886821.1748738,2025-10-18 23:59:59.999,18617866.67004234,16266,,,0
2025-10-19,2.36049,2.41991,2.31961,2.39173,10282018.77894577,2025-10-19 23:59:59.999,24591812.774167966,15587,,,0
2025-10-20,2.392,2.552,2.35678,2.49602,16135514.88767339,2025-10-20 23:59:59.999,40274567.869930536,24401,,,0
2025-10-21,2.49601,2.5323,2.40241,2.42382,16340605.16721647,2025-10-21 23:59:59.999,39606685.616402626,24920,,,0
2025-10-22,2.42382,2.43874,2.3275,2.36508,12460063.76613539,2025-10-22 23:59:59.999,29469047.61201149,23767,,,0
2025-10-23,2.36564,2.42728,2.36188,2.39528,8968531.23435928,2025-10-23 23:59:59.999,21482143.495036095,18835,,,0
2025-10-24,2.39579,2.51506,2.38819,2.51106,13581671.86598395,2025-10-24 23:59:59.999,34104392.95579766,24051,,,0
2025-10-25,2.5111,2.6529,2.50323,2.59628,16933559.59599236,2025-10-25 23:59:59.999,43964262.10788305,26130,,,0
2025-10-26,2.59628,2.66146,2.59231,2.64608,14965061.83864636,2025-10-26 23:59:59.999,39598750.83000536,23712,,,0
2025-10-27,2.6458,2.6972,2.60239,2.63404,15449197.64259357,2025-10-27 23:59:59.999,40693804.55849717,30004,,,0
2025-10-28,2.63405,2.68906,2.56685,2.60575,16636829.16737416,2025-10-28 23:59:59.999,43351417.60288522,25383,,,0
2025-10-29,2.60576,2.66428,2.53167,2.5502,12749840.93513653,2025-10-29 23:59:59.999,32514644.352785178,23862,,,0
2025-10-30,2.5509,2.59361,2.37754,2.43873,25854174.07957103,2025-10-30 23:59:59.999,63051349.953072265,32904,,,0
2025-10-31,2.43929,2.55112,2.43399,2.50853,18800816.13687229,2025-10-31 23:59:59.999,47162411.30382825,26274,,,0
2025-11-01,2.50853,2.52216,2.475,2.50527,2814655.94310331,2025-11-01 23:59:59.999,7051473.094578429,10264,,,0
2025-11-02,2.50527,2.55255,2.47948,2.52718,8173681.83202721,2025-11-02 23:59:59.999,20656365.252262525,13626,,,0
2025-11-03,2.52602,2.53153,2.26074,2.30942,23251986.0470467,2025-11-03 23:59:59.999,53698601.61677058,36541,,,0
2025-11-04,2.30942,2.36333,2.06683,2.20506,29546815.88030261,2025-11-04 23:59:59.999,65152501.825020075,53390,,,0
2025-11-05,2.20509,2.37637,2.10125,2.34307,17423271.88331717,2025-11-05 23:59:59.999,40823945.65164396,32408,,,0
2025-11-06,2.34275,2.414,2.17963,2.21179,15517963.75345013,2025-11-06 23:59:59.999,34322477.05024347,27734,,,0
2025-11-07,2.2118,2.37,2.15251,2.31355,23146031.17415697,2025-11-07 23:59:59.999,53549500.42297087,33338,,,0
2025-11-08,2.31355,2.33568,2.24051,2.28456,9047478.66119075,2025-11-08 23:59:59.999,20669507.85020994,15516,,,0
2025-11-09,2.28456,2.39379,2.24,2.36571,10502737.14519919,2025-11-09 23:59:59.999,24846430.291769177,17248,,,0
2025-11-10,2.36571,2.58021,2.34513,2.52519,31280837.99050761,2025-11-10 23:59:59.999,78990059.2852499,37206,,,0
2025-11-11,2.52522,2.5692,2.38,2.3904,14875993.0216261,2025-11-11 23:59:59.999,35559573.71889503,23663,,,0
2025-11-12,2.3915,2.4493,2.31583,2.38714,15185624.13921682,2025-11-12 23:59:59.999,36250210.80769004,24689,,,0
2025-11-13,2.38769,2.5254,2.27543,2.32089,30786608.83780709,2025-11-13 23:59:59.999,71452332.5855781,41690,,,0
2025-11-14,2.32132,2.3375,2.22334,2.24342,25375930.07729522,2025-11-14 23:59:59.999,56928869.054005645,34833,,,0
2025-11-15,2.24301,2.3,2.21111,2.23592,11905917.23259663,2025-11-15 23:59:59.999,26620678.45870746,20093,,,0
2025-11-16,2.236,2.2775,2.15519,2.21327,20839702.41925772,2025-11-16 23:59:59.999,46123888.173470534,26877,,,0
2025-11-17,2.21327,2.3033,2.11302,2.1621,28613347.58125348,2025-11-17 23:59:59.999,61864918.805428155,33749,,,0
2025-11-18,2.1621,2.24,2.10584,2.21611,26969686.90741126,2025-11-18 23:59:59.999,59767792.85238317,31340,,,0
2025-11-19,2.21613,2.2175,2.025,2.10774,37766856.30206297,2025-11-19 23:59:59.999,79602713.70211022,40673,,,0
2025-11-20,2.10774,2.14768,1.97281,1.99757,29071003.67617698,2025-11-20 23:59:59.999,58071364.813420855,40414,,,0
2025-11-21,1.9977,2.02813,1.81779,1.94946,40085050.53564437,2025-11-21 23:59:59.999,78144202.61721727,55885,,,0
2025-11-22,1.9497,1.965,1.88751,1.94945,11640890.43310406,2025-11-22 23:59:59.999,22693333.85481471,23803,,,0
2025-11-23,1.94945,2.08412,1.9484,2.04847,20001278.72070281,2025-11-23 23:59:59.999,40972019.42099808,26851,,,0
2025-11-24,2.04872,2.28669,2.02408,2.22693,35906541.06350398,2025-11-24 23:59:59.999,79961353.49054891,34882,,,0
2025-11-25,2.22693,2.26397,2.14768,2.20191,21605500.37538045,2025-11-25 23:59:59.999,47573367.33155396,25201,,,0
2025-11-26,2.20119,2.25406,2.14432,2.22337,15818654.5148422,2025-11-26 23:59:59.999,35170721.8886647,21942,,,0
2025-11-27,2.22337,2.23437,2.17382,2.2,11660610.0982242,2025-11-27 23:59:59.999,25653342.216093242,16345,,,0
2025-11-28,2.2,2.275,2.15751,2.17966,21535102.02502106,2025-11-28 23:59:59.999,46939200.47985741,26898,,,0
2025-11-29,2.17982,2.222,2.16634,2.20284,9467735.12305334,2025-11-29 23:59:59.999,20855905.63846682,15607,,,0
2025-11-30,2.20285,2.2148,2.15371,2.15423,12032892.07713379,2025-11-30 23:59:59.999,25921617.099323925,15963,,,0
2025-12-01,2.15423,2.16128,1.98441,2.03001,25727999.1155587,2025-12-01 23:59:59.999,52228095.48457531,38007,,,0
2025-12-02,2.03001,2.18358,1.99598,2.15367,17434069.41017958,2025-12-02 23:59:59.999,37547232.266621456,26370,,,0
2025-12-03,2.15371,2.22,2.14166,2.19844,15541819.70485067,2025-12-03 23:59:59.999,34167758.11193191,24623,,,0
2025-12-04,2.19844,2.21422,2.06942,2.09615,12779926.35184155,2025-12-04 23:59:59.999,26788642.622412667,21538,,,0
2025-12-05,2.09615,2.11297,2.014,2.03579,12791948.14742041,2025-12-05 23:59:59.999,26041720.119036995,25278,,,0
2025-12-06,2.03579,2.05084,2.01688,2.03126,6887839.95272723,2025-12-06 23:59:59.999,13990993.782376714,15499,,,0
2025-12-07,2.03151,2.11041,1.99,2.0447,15436034.30791546,2025-12-07 23:59:59.999,31562059.349394746,23192,,,0
2025-12-08,2.0447,2.12356,2.02878,2.0725,17102610.03116138,2025-12-08 23:59:59.999,35445159.289581954,20492,,,0
2025-12-09,2.07251,2.17784,2.04201,2.10674,22088841.22668627,2025-12-09 23:59:59.999,46535445.365909025,26263,,,0
2025-12-10,2.10643,2.11048,2.03535,2.04225,17932413.07356208,2025-12-10 23:59:59.999,36622470.59948216,25367,,,0
2025-12-11,2.0422,2.05764,1.97866,2.03441,16661859.57064058,2025-12-11 23:59:59.999,33897053.7291069,27766,,,0
2025-12-12,2.03442,2.04804,1.97001,2.00772,12812780.50047973,2025-12-12 23:59:59.999,25724475.666423164,27343,,,0
2025-12-13,2.00772,2.04774,2.00703,2.02288,5211886.30569223,2025-12-13 23:59:59.999,10543020.570058698,17204,,,0
2025-12-14,2.02288,2.03089,1.9525,1.97863,6410682.77584562,2025-12-14 23:59:59.999,12684369.26077142,18032,,,0
2025-12-15,1.97883,2.01379,1.86985,1.89842,19892949.30105373,2025-12-15 23:59:59.999,37765172.81210642,38945,,,0
2025-12-16,1.89853,1.94815,1.85234,1.92935,15288272.85552121,2025-12-16 23:59:59.999,29496429.233799845,28374,,,0
2025-12-17,1.92927,1.98656,1.84731,1.86226,21131167.43824685,2025-12-17 23:59:59.999,39351727.87354958,33238,,,0
2025-12-18,1.86204,1.93319,1.80022,1.80629,27754070.85290396,2025-12-18 23:59:59.999,50131900.64089189,37320,,,0
2025-12-19,1.80654,1.91943,1.77078,1.90805,22383300.93532478,2025-12-19 23:59:59.999,42708457.34964645,34327,,,0
2025-12-20,1.90805,1.95786,1.89312,1.93271,9349025.82859963,2025-12-20 23:59:59.999,18068955.70919279,20636,,,0
2025-12-21,1.93271,1.94859,1.89501,1.92147,6115737.969521,2025-12-21 23:59:59.999,11751207.036295516,15092,,,0
2025-12-22,1.92147,1.9479,1.89132,1.90333,14255801.82744619,2025-12-22 23:59:59.999,27133495.292233158,21702,,,0
2025-12-23,1.90253,1.90809,1.8629,1.87222,10594089.50034306,2025-12-23 23:59:59.999,19834466.244332284,17769,,,0
2025-12-24,1.87265,1.87696,1.83568,1.86072,8171407.19026586,2025-12-24 23:59:59.999,15204700.78707149,16309,,,0
2025-12-25,1.86086,1.88729,1.82783,1.83175,6883342.4605155,2025-12-25 23:59:59.999,12608562.552049268,13133,,,0
2025-12-26,1.83162,1.88133,1.8238,1.84233,8298101.45701268,2025-12-26 23:59:59.999,15287841.257298172,16581,,,0
2025-12-27,1.84246,1.8772,1.84044,1.87186,4786609.82997008,2025-12-27 23:59:59.999,8959863.476327796,11745,,,0
2025-12-28,1.87219,1.87813,1.85259,1.86381,4556736.57343185,2025-12-28 23:59:59.999,8492891.192928016,11058,,,0
2025-12-29,1.86417,1.91559,1.843,1.84863,12426006.37882977,2025-12-29 23:59:59.999,22971088.172096077,16766,,,0
2025-12-30,1.84853,1.88429,1.84251,1.87552,8086931.37005211,2025-12-30 23:59:59.999,15167201.523160135,14042,,,0
2025-12-31,1.87543,1.88158,1.8094,1.83915,17359356.9712971,2025-12-31 23:59:59.999,31926461.37376106,20243,,,0
