timestamp,open,high,low,close,volume,funding_rate,fear_greed,forecast,confidence,regime,strategy,total_portfolio_value,previous_allocation,allocation_change,approved_rebalance,succcess_execute_portfolio_rebalance,postRebalance_total_value,postRebalance_current_allocation,portfolio_value,debug_info.error,debug_info.regime,debug_info.forecast_delta,debug_info.regime_margin,debug_info.bars_in_regime,debug_approve_allocation_change.symbol,debug_approve_allocation_change.time,debug_execute_portfolio_rebalance.symbol,debug_execute_portfolio_rebalance.price,debug_execute_portfolio_rebalance.quantity,debug_execute_portfolio_rebalance.trade_type,debug_info.regime_scores.trending,debug_info.regime_scores.mean_reversion,balances.USDT.free,balances.USDT.locked,balances.AVAXUSDT.free,balances.AVAXUSDT.locked,postRebalance_balances.USDT.free,postRebalance_balances.USDT.locked,postRebalance_balances.AVAXUSDT.free,postRebalance_balances.AVAXUSDT.locked,debug_info.components.keltner.last_history_value,debug_info.components.keltner.post_pipeline_value,debug_info.components.keltner.weight_normalized,debug_info.components.keltner.weighted_contribution,debug_approve_allocation_change.controls.max_allocation_change.passed,debug_approve_allocation_change.controls.min_allocation_change.passed
2024-02-01 00:00:00,33.18,33.32,32.83,33.05,171808.24,0.0001,63,0.0,0.0,NOT_READY,,1000.0,0.0,0.0,,,1000.0,0.0,1000.0,Strategy not ready,,,,,,,,,,,,,1040.714701,0.0,0.0,0.0,1040.714701,0.0,0.0,0.0,,,,,,
2024-02-01 01:00:00,33.05,33.06,32.3,32.48,206404.53,0.0001,63,0.0,0.0,NOT_READY,,1000.0,0.0,0.0,,,1000.0,0.0,1000.0,Strategy not ready,,,,,,,,,,,,,1040.714701,0.0,0.0,0.0,1040.714701,0.0,0.0,0.0,,,,,,
2024-02-01 02:00:00,32.48,32.99,32.45,32.98,85698.2,0.0001,63,0.0,0.0,NOT_READY,,1000.0,0.0,0.0,,,1000.0,0.0,1000.0,Strategy not ready,,,,,,,,,,,,,1040.714701,0.0,0.0,0.0,1040.714701,0.0,0.0,0.0,,,,,,
2024-02-01 03:00:00,32.98,33.09,32.85,32.9,46413.58,0.0001,63,0.0,0.0,NOT_READY,,1000.0,0.0,0.0,,,1000.0,0.0,1000.0,Strategy not ready,,,,,,,,,,,,,1040.714701,0.0,0.0,0.0,1040.714701,0.0,0.0,0.0,,,,,,
2024-02-01 04:00:00,32.89,33.12,32.76,33.03,59991.23,0.0001,63,0.0,0.0,NOT_READY,,1000.0,0.0,0.0,,,1000.0,0.0,1000.0,Strategy not ready,,,,,,,,,,,,,1040.714701,0.0,0.0,0.0,1040.714701,0.0,0.0,0.0,,,,,,
2024-02-01 05:00:00,33.02,33.23,32.86,33.03,80956.24,0.0001,63,0.0,0.0,NOT_READY,,1000.0,0.0,0.0,,,1000.0,0.0,1000.0,Strategy not ready,,,,,,,,,,,,,1040.714701,0.0,0.0,0.0,1040.714701,0.0,0.0,0.0,,,,,,
2024-02-01 06:00:00,33.02,33.2,32.93,33.19,71969.78,0.0001,63,0.0,0.0,NOT_READY,,1000.0,0.0,0.0,,,1000.0,0.0,1000.0,Strategy not ready,,,,,,,,,,,,,1040.714701,0.0,0.0,0.0,1040.714701,0.0,0.0,0.0,,,,,,
2024-02-01 07:00:00,33.2,33.49,33.09,33.36,78700.03,0.0001,63,0.0,0.0,NOT_READY,,1000.0,0.0,0.0,,,1000.0,0.0,1000.0,Strategy not ready,,,,,,,,,,,,,1040.714701,0.0,0.0,0.0,1040.714701,0.0,0.0,0.0,,,,,,
2024-02-01 08:00:00,33.36,33.53,33.27,33.44,53238.25,0.0001,63,0.0,0.0,NOT_READY,,1000.0,0.0,0.0,,,1000.0,0.0,1000.0,Strategy not ready,,,,,,,,,,,,,1040.714701,0.0,0.0,0.0,1040.714701,0.0,0.0,0.0,,,,,,
2024-02-01 09:00:00,33.44,33.55,33.25,33.39,51914.65,0.0001,63,0.0,0.0,NOT_READY,,1000.0,0.0,0.0,,,1000.0,0.0,1000.0,Strategy not ready,,,,,,,,,,,,,1040.714701,0.0,0.0,0.0,1040.714701,0.0,0.0,0.0,,,,,,
2024-02-01 10:00:00,33.39,33.42,33.13,33.18,51500.18,0.0001,63,0.0,0.0,NOT_READY,,1000.0,0.0,0.0,,,1000.0,0.0,1000.0,Strategy not ready,,,,,,,,,,,,,1040.714701,0.0,0.0,0.0,1040.714701,0.0,0.0,0.0,,,,,,
2024-02-01 11:00:00,33.18,33.27,33.02,33.05,50573.91,0.0001,63,0.0,0.0,NOT_READY,,1000.0,0.0,0.0,,,1000.0,0.0,1000.0,Strategy not ready,,,,,,,,,,,,,1040.714701,0.0,0.0,0.0,1040.714701,0.0,0.0,0.0,,,,,,
2024-02-01 12:00:00,33.05,33.3,33.04,33.12,69235.24,0.0001,63,0.0,0.0,NOT_READY,,1000.0,0.0,0.0,,,1000.0,0.0,1000.0,Strategy not ready,,,,,,,,,,,,,1040.714701,0.0,0.0,0.0,1040.714701,0.0,0.0,0.0,,,,,,
2024-02-01 13:00:00,33.11,33.2,32.83,33.11,68595.38,0.0001,63,0.0,0.0,NOT_READY,,1000.0,0.0,0.0,,,1000.0,0.0,1000.0,Strategy not ready,,,,,,,,,,,,,1040.714701,0.0,0.0,0.0,1040.714701,0.0,0.0,0.0,,,,,,
2024-02-01 14:00:00,33.11,33.62,33.09,33.49,114062.92,0.0001,63,0.0,0.0,NOT_READY,,1000.0,0.0,0.0,,,1000.0,0.0,1000.0,Strategy not ready,,,,,,,,,,,,,1040.714701,0.0,0.0,0.0,1040.714701,0.0,0.0,0.0,,,,,,
2024-02-01 15:00:00,33.48,33.95,33.37,33.37,166642.07,0.0001,63,0.0,0.0,NOT_READY,,1000.0,0.0,0.0,,,1000.0,0.0,1000.0,Strategy not ready,,,,,,,,,,,,,1040.714701,0.0,0.0,0.0,1040.714701,0.0,0.0,0.0,,,,,,
2024-02-01 16:00:00,33.37,33.46,32.93,33.29,129112.26,0.0001,63,0.0,0.0,NOT_READY,,1000.0,0.0,0.0,,,1000.0,0.0,1000.0,Strategy not ready,,,,,,,,,,,,,1040.714701,0.0,0.0,0.0,1040.714701,0.0,0.0,0.0,,,,,,
2024-02-01 17:00:00,33.28,33.85,33.27,33.69,154559.26,0.0001,63,0.0,0.0,NOT_READY,,1000.0,0.0,0.0,,,1000.0,0.0,1000.0,Strategy not ready,,,,,,,,,,,,,1040.714701,0.0,0.0,0.0,1040.714701,0.0,0.0,0.0,,,,,,
2024-02-01 18:00:00,33.71,33.72,33.21,33.39,71121.98,0.0001,63,0.0,0.0,NOT_READY,,1000.0,0.0,0.0,,,1000.0,0.0,1000.0,Strategy not ready,,,,,,,,,,,,,1040.714701,0.0,0.0,0.0,1040.714701,0.0,0.0,0.0,,,,,,
2024-02-01 19:00:00,33.38,33.8,33.27,33.72,69381.66,0.0001,63,0.0,0.0,NOT_READY,,1000.0,0.0,0.0,,,1000.0,0.0,1000.0,Strategy not ready,,,,,,,,,,,,,1040.714701,0.0,0.0,0.0,1040.714701,0.0,0.0,0.0,,,,,,
2024-02-01 20:00:00,33.72,33.83,33.53,33.62,63093.29,0.0001,63,0.0,0.0,NOT_READY,,1000.0,0.0,0.0,,,1000.0,0.0,1000.0,Strategy not ready,,,,,,,,,,,,,1040.714701,0.0,0.0,0.0,1040.714701,0.0,0.0,0.0,,,,,,
2024-02-01 21:00:00,33.62,33.97,33.58,33.89,99244.86,0.0001,63,0.0,0.0,NOT_READY,,1000.0,0.0,0.0,,,1000.0,0.0,1000.0,Strategy not ready,,,,,,,,,,,,,1040.714701,0.0,0.0,0.0,1040.714701,0.0,0.0,0.0,,,,,,
2024-02-01 22:00:00,33.89,33.93,33.63,33.75,36458.66,0.0001,63,0.0,0.0,NOT_READY,,1000.0,0.0,0.0,,,1000.0,0.0,1000.0,Strategy not ready,,,,,,,,,,,,,1040.714701,0.0,0.0,0.0,1040.714701,0.0,0.0,0.0,,,,,,
2024-02-01 23:00:00,33.75,33.87,33.68,33.85,49526.71,0.0001,63,0.0,0.0,NOT_READY,,1000.0,0.0,0.0,,,1000.0,0.0,1000.0,Strategy not ready,,,,,,,,,,,,,1040.714701,0.0,0.0,0.0,1040.714701,0.0,0.0,0.0,,,,,,
2024-02-02 00:00:00,33.87,34.36,33.76,34.16,154797.07,0.0001,63,0.0,0.0,NOT_READY,,1000.0,0.0,0.0,,,1000.0,0.0,1000.0,Strategy not ready,,,,,,,,,,,,,1040.714701,0.0,0.0,0.0,1040.714701,0.0,0.0,0.0,,,,,,
2024-02-02 01:00:00,34.17,34.39,34.01,34.04,72534.69,0.0001,63,0.0,0.0,NOT_READY,,1000.0,0.0,0.0,,,1000.0,0.0,1000.0,Strategy not ready,,,,,,,,,,,,,1040.714701,0.0,0.0,0.0,1040.714701,0.0,0.0,0.0,,,,,,
2024-02-02 02:00:00,34.05,34.45,33.9,34.42,145232.81,0.0001,63,0.0,0.0,NOT_READY,,1000.0,0.0,0.0,,,1000.0,0.0,1000.0,Strategy not ready,,,,,,,,,,,,,1040.714701,0.0,0.0,0.0,1040.714701,0.0,0.0,0.0,,,,,,
2024-02-02 03:00:00,34.43,34.5,34.26,34.39,96416.05,0.0001,63,0.0,0.0,NOT_READY,,1000.0,0.0,0.0,,,1000.0,0.0,1000.0,Strategy not ready,,,,,,,,,,,,,1040.714701,0.0,0.0,0.0,1040.714701,0.0,0.0,0.0,,,,,,
2024-02-02 04:00:00,34.38,34.44,34.12,34.15,60253.96,0.0001,63,0.0,0.0,NOT_READY,,1000.0,0.0,0.0,,,1000.0,0.0,1000.0,Strategy not ready,,,,,,,,,,,,,1040.714701,0.0,0.0,0.0,1040.714701,0.0,0.0,0.0,,,,,,
2024-02-02 05:00:00,34.15,34.29,34.05,34.17,47310.33,0.0001,63,0.0,0.0,NOT_READY,,1000.0,0.0,0.0,,,1000.0,0.0,1000.0,Strategy not ready,,,,,,,,,,,,,1040.714701,0.0,0.0,0.0,1040.714701,0.0,0.0,0.0,,,,,,
2024-02-02 06:00:00,34.16,34.59,34.15,34.48,52140.63,0.0001,63,0.0,0.0,NOT_READY,,1000.0,0.0,0.0,,,1000.0,0.0,1000.0,Strategy not ready,,,,,,,,,,,,,1040.714701,0.0,0.0,0.0,1040.714701,0.0,0.0,0.0,,,,,,
2024-02-02 07:00:00,34.48,34.92,34.39,34.89,120799.47,0.0001,63,0.0,0.0,NOT_READY,,1000.0,0.0,0.0,,,1000.0,0.0,1000.0,Strategy not ready,,,,,,,,,,,,,1040.714701,0.0,0.0,0.0,1040.714701,0.0,0.0,0.0,,,,,,
2024-02-02 08:00:00,34.9,35.1,34.69,35.09,110675.14,0.0001,63,0.0,0.0,NOT_READY,,1000.0,0.0,0.0,,,1000.0,0.0,1000.0,Strategy not ready,,,,,,,,,,,,,1040.714701,0.0,0.0,0.0,1040.714701,0.0,0.0,0.0,,,,,,
2024-02-02 09:00:00,35.1,35.34,34.93,35.17,113018.15,0.0001,63,0.0,0.0,NOT_READY,,1000.0,0.0,0.0,,,1000.0,0.0,1000.0,Strategy not ready,,,,,,,,,,,,,1040.714701,0.0,0.0,0.0,1040.714701,0.0,0.0,0.0,,,,,,
2024-02-02 10:00:00,35.18,36.17,35.03,36.02,213598.56,0.0001,63,0.0,0.0,NOT_READY,,1000.0,0.0,0.0,,,1000.0,0.0,1000.0,Strategy not ready,,,,,,,,,,,,,1040.714701,0.0,0.0,0.0,1040.714701,0.0,0.0,0.0,,,,,,
2024-02-02 11:00:00,36.03,36.31,35.81,36.24,236601.41,0.0001,63,0.0,0.0,NOT_READY,,1000.0,0.0,0.0,,,1000.0,0.0,1000.0,Strategy not ready,,,,,,,,,,,,,1040.714701,0.0,0.0,0.0,1040.714701,0.0,0.0,0.0,,,,,,
2024-02-02 12:00:00,36.24,36.49,36.02,36.11,288038.48,0.0001,63,0.0,0.0,NOT_READY,,1000.0,0.0,0.0,,,1000.0,0.0,1000.0,Strategy not ready,,,,,,,,,,,,,1040.714701,0.0,0.0,0.0,1040.714701,0.0,0.0,0.0,,,,,,
2024-02-02 13:00:00,36.11,36.43,35.38,35.57,382569.78,0.0001,63,0.0,0.0,NOT_READY,,1000.0,0.0,0.0,,,1000.0,0.0,1000.0,Strategy not ready,,,,,,,,,,,,,1040.714701,0.0,0.0,0.0,1040.714701,0.0,0.0,0.0,,,,,,
2024-02-02 14:00:00,35.56,36.24,35.49,35.96,204751.99,0.0001,63,0.0,0.0,NOT_READY,,1000.0,0.0,0.0,,,1000.0,0.0,1000.0,Strategy not ready,,,,,,,,,,,,,1040.714701,0.0,0.0,0.0,1040.714701,0.0,0.0,0.0,,,,,,
2024-02-02 15:00:00,35.97,36.83,35.92,36.58,254907.03,0.0001,63,0.0,0.0,NOT_READY,,1000.0,0.0,0.0,,,1000.0,0.0,1000.0,Strategy not ready,,,,,,,,,,,,,1040.714701,0.0,0.0,0.0,1040.714701,0.0,0.0,0.0,,,,,,
2024-02-02 16:00:00,36.58,36.94,36.27,36.3,259065.33,0.0001,63,0.0,0.0,NOT_READY,,1000.0,0.0,0.0,,,1000.0,0.0,1000.0,Strategy not ready,,,,,,,,,,,,,1040.714701,0.0,0.0,0.0,1040.714701,0.0,0.0,0.0,,,,,,
2024-02-02 17:00:00,36.3,36.55,36.0,36.08,168952.5,0.0001,63,0.0,0.0,NOT_READY,,1000.0,0.0,0.0,,,1000.0,0.0,1000.0,Strategy not ready,,,,,,,,,,,,,1040.714701,0.0,0.0,0.0,1040.714701,0.0,0.0,0.0,,,,,,
2024-02-02 18:00:00,36.08,36.13,35.82,36.01,149067.36,0.0001,63,0.0,0.0,NOT_READY,,1000.0,0.0,0.0,,,1000.0,0.0,1000.0,Strategy not ready,,,,,,,,,,,,,1040.714701,0.0,0.0,0.0,1040.714701,0.0,0.0,0.0,,,,,,
2024-02-02 19:00:00,36.01,36.27,36.01,36.23,105943.58,0.0001,63,0.0,0.0,NOT_READY,,1000.0,0.0,0.0,,,1000.0,0.0,1000.0,Strategy not ready,,,,,,,,,,,,,1040.714701,0.0,0.0,0.0,1040.714701,0.0,0.0,0.0,,,,,,
2024-02-02 20:00:00,36.23,36.4,36.13,36.18,99758.3,0.0001,63,0.0,0.0,NOT_READY,,1000.0,0.0,0.0,,,1000.0,0.0,1000.0,Strategy not ready,,,,,,,,,,,,,1040.714701,0.0,0.0,0.0,1040.714701,0.0,0.0,0.0,,,,,,
2024-02-02 21:00:00,36.18,36.41,36.1,36.19,86880.96,0.0001,63,0.0,0.0,NOT_READY,,1000.0,0.0,0.0,,,1000.0,0.0,1000.0,Strategy not ready,,,,,,,,,,,,,1040.714701,0.0,0.0,0.0,1040.714701,0.0,0.0,0.0,,,,,,
2024-02-02 22:00:00,36.19,36.75,36.11,36.72,87105.51,0.0001,63,0.0,0.0,NOT_READY,,1000.0,0.0,0.0,,,1000.0,0.0,1000.0,Strategy not ready,,,,,,,,,,,,,1040.714701,0.0,0.0,0.0,1040.714701,0.0,0.0,0.0,,,,,,
2024-02-02 23:00:00,36.73,36.8,36.56,36.76,109902.13,0.0001,63,0.0,0.0,NOT_READY,,1000.0,0.0,0.0,,,1000.0,0.0,1000.0,Strategy not ready,,,,,,,,,,,,,1040.714701,0.0,0.0,0.0,1040.714701,0.0,0.0,0.0,,,,,,
2024-02-03 00:00:00,36.76,37.6,36.55,36.95,273874.19,0.0001,60,0.0,0.0,NOT_READY,,1000.0,0.0,0.0,,,1000.0,0.0,1000.0,Strategy not ready,,,,,,,,,,,,,1040.714701,0.0,0.0,0.0,1040.714701,0.0,0.0,0.0,,,,,,
2024-02-03 01:00:00,36.95,37.14,36.66,36.67,127595.62,0.0001,60,0.0,0.0,NOT_READY,,1000.0,0.0,0.0,,,1000.0,0.0,1000.0,Strategy not ready,,,,,,,,,,,,,1040.714701,0.0,0.0,0.0,1040.714701,0.0,0.0,0.0,,,,,,
2024-02-03 02:00:00,36.67,36.71,36.14,36.21,95681.27,0.0001,60,0.0,0.0,NOT_READY,,1000.0,0.0,0.0,,,1000.0,0.0,1000.0,Strategy not ready,,,,,,,,,,,,,1040.714701,0.0,0.0,0.0,1040.714701,0.0,0.0,0.0,,,,,,
2024-02-03 03:00:00,36.22,36.35,36.01,36.04,94683.73,0.0001,60,0.0,0.0,NOT_READY,,1000.0,0.0,0.0,,,1000.0,0.0,1000.0,Strategy not ready,,,,,,,,,,,,,1040.714701,0.0,0.0,0.0,1040.714701,0.0,0.0,0.0,,,,,,
2024-02-03 04:00:00,36.04,36.13,35.9,36.03,46449.81,0.0001,60,0.0,0.0,NOT_READY,,1000.0,0.0,0.0,,,1000.0,0.0,1000.0,Strategy not ready,,,,,,,,,,,,,1040.714701,0.0,0.0,0.0,1040.714701,0.0,0.0,0.0,,,,,,
2024-02-03 05:00:00,36.03,36.39,36.02,36.37,43647.77,0.0001,60,0.0,0.0,NOT_READY,,1000.0,0.0,0.0,,,1000.0,0.0,1000.0,Strategy not ready,,,,,,,,,,,,,1040.714701,0.0,0.0,0.0,1040.714701,0.0,0.0,0.0,,,,,,
2024-02-03 06:00:00,36.38,36.42,36.05,36.09,45647.66,0.0001,60,0.0,0.0,NOT_READY,,1000.0,0.0,0.0,,,1000.0,0.0,1000.0,Strategy not ready,,,,,,,,,,,,,1040.714701,0.0,0.0,0.0,1040.714701,0.0,0.0,0.0,,,,,,
2024-02-03 07:00:00,36.08,36.19,35.87,35.97,51440.66,0.0001,60,0.0,0.0,NOT_READY,,1000.0,0.0,0.0,,,1000.0,0.0,1000.0,Strategy not ready,,,,,,,,,,,,,1040.714701,0.0,0.0,0.0,1040.714701,0.0,0.0,0.0,,,,,,
2024-02-03 08:00:00,35.97,36.13,35.56,35.62,122243.06,0.0001,60,0.0,0.0,NOT_READY,,1000.0,0.0,0.0,,,1000.0,0.0,1000.0,Strategy not ready,,,,,,,,,,,,,1040.714701,0.0,0.0,0.0,1040.714701,0.0,0.0,0.0,,,,,,
2024-02-03 09:00:00,35.61,35.9,35.57,35.88,48883.25,0.0001,60,0.0,0.0,NOT_READY,,1000.0,0.0,0.0,,,1000.0,0.0,1000.0,Strategy not ready,,,,,,,,,,,,,1040.714701,0.0,0.0,0.0,1040.714701,0.0,0.0,0.0,,,,,,
2024-02-03 10:00:00,35.87,35.89,35.7,35.74,58260.19,0.0001,60,0.0,0.0,NOT_READY,,1000.0,0.0,0.0,,,1000.0,0.0,1000.0,Strategy not ready,,,,,,,,,,,,,1040.714701,0.0,0.0,0.0,1040.714701,0.0,0.0,0.0,,,,,,
2024-02-03 11:00:00,35.75,35.75,35.57,35.74,55748.15,0.0001,60,0.0,0.0,NOT_READY,,1000.0,0.0,0.0,,,1000.0,0.0,1000.0,Strategy not ready,,,,,,,,,,,,,1040.714701,0.0,0.0,0.0,1040.714701,0.0,0.0,0.0,,,,,,
2024-02-03 12:00:00,35.74,35.84,35.66,35.72,48296.46,0.0001,60,0.0,0.0,NOT_READY,,1000.0,0.0,0.0,,,1000.0,0.0,1000.0,Strategy not ready,,,,,,,,,,,,,1040.714701,0.0,0.0,0.0,1040.714701,0.0,0.0,0.0,,,,,,
2024-02-03 13:00:00,35.72,35.73,35.59,35.61,43123.77,0.0001,60,0.0,0.0,NOT_READY,,1000.0,0.0,0.0,,,1000.0,0.0,1000.0,Strategy not ready,,,,,,,,,,,,,1040.714701,0.0,0.0,0.0,1040.714701,0.0,0.0,0.0,,,,,,
2024-02-03 14:00:00,35.61,35.8,35.44,35.58,93190.35,0.0001,60,0.0,0.0,NOT_READY,,1000.0,0.0,0.0,,,1000.0,0.0,1000.0,Strategy not ready,,,,,,,,,,,,,1040.714701,0.0,0.0,0.0,1040.714701,0.0,0.0,0.0,,,,,,
2024-02-03 15:00:00,35.57,35.92,35.4,35.78,77490.42,0.0001,60,0.0,0.0,NOT_READY,,1000.0,0.0,0.0,,,1000.0,0.0,1000.0,Strategy not ready,,,,,,,,,,,,,1040.714701,0.0,0.0,0.0,1040.714701,0.0,0.0,0.0,,,,,,
2024-02-03 16:00:00,35.79,35.99,35.73,35.81,39180.99,0.0001,60,0.0,0.0,NOT_READY,,1000.0,0.0,0.0,,,1000.0,0.0,1000.0,Strategy not ready,,,,,,,,,,,,,1040.714701,0.0,0.0,0.0,1040.714701,0.0,0.0,0.0,,,,,,
2024-02-03 17:00:00,35.8,36.8,35.78,36.47,263550.55,0.0001,60,0.0,0.0,NOT_READY,,1000.0,0.0,0.0,,,1000.0,0.0,1000.0,Strategy not ready,,,,,,,,,,,,,1040.714701,0.0,0.0,0.0,1040.714701,0.0,0.0,0.0,,,,,,
2024-02-03 18:00:00,36.46,36.6,36.12,36.16,103133.25,0.0001,60,0.0,0.0,NOT_READY,,1000.0,0.0,0.0,,,1000.0,0.0,1000.0,Strategy not ready,,,,,,,,,,,,,1040.714701,0.0,0.0,0.0,1040.714701,0.0,0.0,0.0,,,,,,
2024-02-03 19:00:00,36.16,36.42,36.13,36.28,30584.49,0.0001,60,0.0,0.0,NOT_READY,,1000.0,0.0,0.0,,,1000.0,0.0,1000.0,Strategy not ready,,,,,,,,,,,,,1040.714701,0.0,0.0,0.0,1040.714701,0.0,0.0,0.0,,,,,,
2024-02-03 20:00:00,36.28,36.3,36.04,36.14,51737.59,0.0001,60,0.0,0.0,NOT_READY,,1000.0,0.0,0.0,,,1000.0,0.0,1000.0,Strategy not ready,,,,,,,,,,,,,1040.714701,0.0,0.0,0.0,1040.714701,0.0,0.0,0.0,,,,,,
2024-02-03 21:00:00,36.14,36.25,36.03,36.15,42415.12,0.0001,60,0.0,0.0,NOT_READY,,1000.0,0.0,0.0,,,1000.0,0.0,1000.0,Strategy not ready,,,,,,,,,,,,,1040.714701,0.0,0.0,0.0,1040.714701,0.0,0.0,0.0,,,,,,
2024-02-03 22:00:00,36.15,36.26,36.04,36.08,39304.8,0.0001,60,0.0,0.0,NOT_READY,,1000.0,0.0,0.0,,,1000.0,0.0,1000.0,Strategy not ready,,,,,,,,,,,,,1040.714701,0.0,0.0,0.0,1040.714701,0.0,0.0,0.0,,,,,,
2024-02-03 23:00:00,36.09,36.25,35.86,35.95,71962.26,0.0001,60,0.0,0.0,NOT_READY,,1000.0,0.0,0.0,,,1000.0,0.0,1000.0,Strategy not ready,,,,,,,,,,,,,1040.714701,0.0,0.0,0.0,1040.714701,0.0,0.0,0.0,,,,,,
2024-02-04 00:00:00,35.96,36.27,35.73,36.23,79557.38,0.0001,60,0.0,0.0,NOT_READY,,1000.0,0.0,0.0,,,1000.0,0.0,1000.0,Strategy not ready,,,,,,,,,,,,,1040.714701,0.0,0.0,0.0,1040.714701,0.0,0.0,0.0,,,,,,
2024-02-04 01:00:00,36.22,36.44,36.1,36.43,52431.52,0.0001,60,0.0,0.0,NOT_READY,,1000.0,0.0,0.0,,,1000.0,0.0,1000.0,Strategy not ready,,,,,,,,,,,,,1040.714701,0.0,0.0,0.0,1040.714701,0.0,0.0,0.0,,,,,,
2024-02-04 02:00:00,36.41,36.53,36.29,36.3,43030.04,0.0001,60,0.0,0.0,NOT_READY,,1000.0,0.0,0.0,,,1000.0,0.0,1000.0,Strategy not ready,,,,,,,,,,,,,1040.714701,0.0,0.0,0.0,1040.714701,0.0,0.0,0.0,,,,,,
2024-02-04 03:00:00,36.29,36.37,36.15,36.21,22129.4,0.0001,60,0.0,0.0,NOT_READY,,1000.0,0.0,0.0,,,1000.0,0.0,1000.0,Strategy not ready,,,,,,,,,,,,,1040.714701,0.0,0.0,0.0,1040.714701,0.0,0.0,0.0,,,,,,
2024-02-04 04:00:00,36.21,36.22,35.65,35.81,61392.39,0.0001,60,0.0,0.0,NOT_READY,,1000.0,0.0,0.0,,,1000.0,0.0,1000.0,Strategy not ready,,,,,,,,,,,,,1040.714701,0.0,0.0,0.0,1040.714701,0.0,0.0,0.0,,,,,,
2024-02-04 05:00:00,35.81,35.9,35.7,35.75,33740.87,0.0001,60,0.0,0.0,NOT_READY,,1000.0,0.0,0.0,,,1000.0,0.0,1000.0,Strategy not ready,,,,,,,,,,,,,1040.714701,0.0,0.0,0.0,1040.714701,0.0,0.0,0.0,,,,,,
2024-02-04 06:00:00,35.75,36.05,35.71,35.77,49249.76,0.0001,60,0.0,0.0,NOT_READY,,1000.0,0.0,0.0,,,1000.0,0.0,1000.0,Strategy not ready,,,,,,,,,,,,,1040.714701,0.0,0.0,0.0,1040.714701,0.0,0.0,0.0,,,,,,
2024-02-04 07:00:00,35.78,35.95,35.49,35.72,60209.56,0.0001,60,0.0,0.0,NOT_READY,,1000.0,0.0,0.0,,,1000.0,0.0,1000.0,Strategy not ready,,,,,,,,,,,,,1040.714701,0.0,0.0,0.0,1040.714701,0.0,0.0,0.0,,,,,,
2024-02-04 08:00:00,35.71,35.77,35.48,35.5,48517.34,0.0001,60,0.0,0.0,NOT_READY,,1000.0,0.0,0.0,,,1000.0,0.0,1000.0,Strategy not ready,,,,,,,,,,,,,1040.714701,0.0,0.0,0.0,1040.714701,0.0,0.0,0.0,,,,,,
2024-02-04 09:00:00,35.5,35.87,35.41,35.82,62185.88,0.0001,60,0.0,0.0,NOT_READY,,1000.0,0.0,0.0,,,1000.0,0.0,1000.0,Strategy not ready,,,,,,,,,,,,,1040.714701,0.0,0.0,0.0,1040.714701,0.0,0.0,0.0,,,,,,
2024-02-04 10:00:00,35.82,35.83,35.56,35.62,35239.07,0.0001,60,0.0,0.0,NOT_READY,,1000.0,0.0,0.0,,,1000.0,0.0,1000.0,Strategy not ready,,,,,,,,,,,,,1040.714701,0.0,0.0,0.0,1040.714701,0.0,0.0,0.0,,,,,,
2024-02-04 11:00:00,35.61,36.13,35.59,35.98,51368.95,0.0001,60,0.0,0.0,NOT_READY,,1000.0,0.0,0.0,,,1000.0,0.0,1000.0,Strategy not ready,,,,,,,,,,,,,1040.714701,0.0,0.0,0.0,1040.714701,0.0,0.0,0.0,,,,,,
2024-02-04 12:00:00,35.98,36.29,35.95,36.01,62176.05,0.0001,60,0.0,0.0,NOT_READY,,1000.0,0.0,0.0,,,1000.0,0.0,1000.0,Strategy not ready,,,,,,,,,,,,,1040.714701,0.0,0.0,0.0,1040.714701,0.0,0.0,0.0,,,,,,
2024-02-04 13:00:00,36.01,36.05,35.88,35.91,33983.98,0.0001,60,0.0,0.0,NOT_READY,,1000.0,0.0,0.0,,,1000.0,0.0,1000.0,Strategy not ready,,,,,,,,,,,,,1040.714701,0.0,0.0,0.0,1040.714701,0.0,0.0,0.0,,,,,,
2024-02-04 14:00:00,35.92,36.04,35.61,35.61,58481.78,0.0001,60,0.0,0.0,NOT_READY,,1000.0,0.0,0.0,,,1000.0,0.0,1000.0,Strategy not ready,,,,,,,,,,,,,1040.714701,0.0,0.0,0.0,1040.714701,0.0,0.0,0.0,,,,,,
2024-02-04 15:00:00,35.62,35.81,35.57,35.76,38221.74,0.0001,60,0.0,0.0,NOT_READY,,1000.0,0.0,0.0,,,1000.0,0.0,1000.0,Strategy not ready,,,,,,,,,,,,,1040.714701,0.0,0.0,0.0,1040.714701,0.0,0.0,0.0,,,,,,
2024-02-04 16:00:00,35.77,35.88,35.63,35.68,27524.11,0.0001,60,0.0,0.0,NOT_READY,,1000.0,0.0,0.0,,,1000.0,0.0,1000.0,Strategy not ready,,,,,,,,,,,,,1040.714701,0.0,0.0,0.0,1040.714701,0.0,0.0,0.0,,,,,,
2024-02-04 17:00:00,35.68,35.76,35.54,35.71,41424.04,0.0001,60,0.0,0.0,NOT_READY,,1000.0,0.0,0.0,,,1000.0,0.0,1000.0,Strategy not ready,,,,,,,,,,,,,1040.714701,0.0,0.0,0.0,1040.714701,0.0,0.0,0.0,,,,,,
2024-02-04 18:00:00,35.71,35.75,35.47,35.65,49645.9,0.0001,60,0.0,0.0,NOT_READY,,1000.0,0.0,0.0,,,1000.0,0.0,1000.0,Strategy not ready,,,,,,,,,,,,,1040.714701,0.0,0.0,0.0,1040.714701,0.0,0.0,0.0,,,,,,
2024-02-04 19:00:00,35.65,35.69,35.33,35.48,56487.5,0.0001,60,0.0,0.0,NOT_READY,,1000.0,0.0,0.0,,,1000.0,0.0,1000.0,Strategy not ready,,,,,,,,,,,,,1040.714701,0.0,0.0,0.0,1040.714701,0.0,0.0,0.0,,,,,,
2024-02-04 20:00:00,35.48,35.6,34.98,35.44,301608.29,0.0001,60,0.0,0.0,NOT_READY,,1000.0,0.0,0.0,,,1000.0,0.0,1000.0,Strategy not ready,,,,,,,,,,,,,1040.714701,0.0,0.0,0.0,1040.714701,0.0,0.0,0.0,,,,,,
2024-02-04 21:00:00,35.44,35.58,35.22,35.26,52549.27,0.0001,60,0.0,0.0,NOT_READY,,1000.0,0.0,0.0,,,1000.0,0.0,1000.0,Strategy not ready,,,,,,,,,,,,,1040.714701,0.0,0.0,0.0,1040.714701,0.0,0.0,0.0,,,,,,
2024-02-04 22:00:00,35.26,35.39,34.68,35.02,132084.62,0.0001,60,0.0,0.0,NOT_READY,,1000.0,0.0,0.0,,,1000.0,0.0,1000.0,Strategy not ready,,,,,,,,,,,,,1040.714701,0.0,0.0,0.0,1040.714701,0.0,0.0,0.0,,,,,,
2024-02-04 23:00:00,35.02,35.1,34.82,34.87,92851.55,0.0001,60,0.0,0.0,NOT_READY,,1000.0,0.0,0.0,,,1000.0,0.0,1000.0,Strategy not ready,,,,,,,,,,,,,1040.714701,0.0,0.0,0.0,1040.714701,0.0,0.0,0.0,,,,,,
2024-02-05 00:00:00,34.86,35.02,34.67,34.68,88276.19,0.0001,60,0.0,0.0,NOT_READY,,1000.0,0.0,0.0,,,1000.0,0.0,1000.0,Strategy not ready,,,,,,,,,,,,,1040.714701,0.0,0.0,0.0,1040.714701,0.0,0.0,0.0,,,,,,
2024-02-05 01:00:00,34.67,34.97,34.32,34.95,135615.11,0.0001,60,0.0,0.0,NOT_READY,,1000.0,0.0,0.0,,,1000.0,0.0,1000.0,Strategy not ready,,,,,,,,,,,,,1040.714701,0.0,0.0,0.0,1040.714701,0.0,0.0,0.0,,,,,,
2024-02-05 02:00:00,34.95,35.07,34.82,34.86,55804.31,0.0001,60,0.0,0.0,NOT_READY,,1000.0,0.0,0.0,,,1000.0,0.0,1000.0,Strategy not ready,,,,,,,,,,,,,1040.714701,0.0,0.0,0.0,1040.714701,0.0,0.0,0.0,,,,,,
2024-02-05 03:00:00,34.87,34.94,34.64,34.93,101964.75,0.0001,60,0.0,0.0,NOT_READY,,1000.0,0.0,0.0,,,1000.0,0.0,1000.0,Strategy not ready,,,,,,,,,,,,,1040.714701,0.0,0.0,0.0,1040.714701,0.0,0.0,0.0,,,,,,
2024-02-05 04:00:00,34.93,35.14,34.81,34.92,69205.71,0.0001,60,0.0,0.0,NOT_READY,,1000.0,0.0,0.0,,,1000.0,0.0,1000.0,Strategy not ready,,,,,,,,,,,,,1040.714701,0.0,0.0,0.0,1040.714701,0.0,0.0,0.0,,,,,,
2024-02-05 05:00:00,34.93,34.96,34.69,34.92,66148.15,0.0001,60,0.0,0.0,NOT_READY,,1000.0,0.0,0.0,,,1000.0,0.0,1000.0,Strategy not ready,,,,,,,,,,,,,1040.714701,0.0,0.0,0.0,1040.714701,0.0,0.0,0.0,,,,,,
2024-02-05 06:00:00,34.91,35.29,34.89,35.25,56668.36,0.0001,60,0.0,0.0,NOT_READY,,1000.0,0.0,0.0,,,1000.0,0.0,1000.0,Strategy not ready,,,,,,,,,,,,,1040.714701,0.0,0.0,0.0,1040.714701,0.0,0.0,0.0,,,,,,
2024-02-05 07:00:00,35.25,35.73,35.07,35.57,237373.53,0.0001,60,0.0,0.0,NOT_READY,,1000.0,0.0,0.0,,,1000.0,0.0,1000.0,Strategy not ready,,,,,,,,,,,,,1040.714701,0.0,0.0,0.0,1040.714701,0.0,0.0,0.0,,,,,,
2024-02-05 08:00:00,35.57,35.69,35.32,35.48,81280.34,0.0001,60,0.0,0.0,NOT_READY,,1000.0,0.0,0.0,,,1000.0,0.0,1000.0,Strategy not ready,,,,,,,,,,,,,1040.714701,0.0,0.0,0.0,1040.714701,0.0,0.0,0.0,,,,,,
2024-02-05 09:00:00,35.48,35.58,35.29,35.46,79545.4,0.0001,60,0.0,0.0,NOT_READY,,1000.0,0.0,0.0,,,1000.0,0.0,1000.0,Strategy not ready,,,,,,,,,,,,,1040.714701,0.0,0.0,0.0,1040.714701,0.0,0.0,0.0,,,,,,
2024-02-05 10:00:00,35.46,35.77,35.46,35.64,76887.95,0.0001,60,0.0,0.0,NOT_READY,,1000.0,0.0,0.0,,,1000.0,0.0,1000.0,Strategy not ready,,,,,,,,,,,,,1040.714701,0.0,0.0,0.0,1040.714701,0.0,0.0,0.0,,,,,,
2024-02-05 11:00:00,35.65,35.74,35.52,35.64,41725.54,0.0001,60,0.0,0.0,NOT_READY,,1000.0,0.0,0.0,,,1000.0,0.0,1000.0,Strategy not ready,,,,,,,,,,,,,1040.714701,0.0,0.0,0.0,1040.714701,0.0,0.0,0.0,,,,,,
2024-02-05 12:00:00,35.65,35.7,35.43,35.6,45164.8,0.0001,60,0.0,0.0,NOT_READY,,1000.0,0.0,0.0,,,1000.0,0.0,1000.0,Strategy not ready,,,,,,,,,,,,,1040.714701,0.0,0.0,0.0,1040.714701,0.0,0.0,0.0,,,,,,
2024-02-05 13:00:00,35.61,35.92,35.53,35.77,79895.5,0.0001,60,0.0,0.0,NOT_READY,,1000.0,0.0,0.0,,,1000.0,0.0,1000.0,Strategy not ready,,,,,,,,,,,,,1040.714701,0.0,0.0,0.0,1040.714701,0.0,0.0,0.0,,,,,,
2024-02-05 14:00:00,35.78,35.86,35.38,35.4,88166.28,0.0001,60,0.0,0.0,NOT_READY,,1000.0,0.0,0.0,,,1000.0,0.0,1000.0,Strategy not ready,,,,,,,,,,,,,1040.714701,0.0,0.0,0.0,1040.714701,0.0,0.0,0.0,,,,,,
2024-02-05 15:00:00,35.4,35.4,34.57,34.65,221824.07,0.0001,60,0.0,0.0,NOT_READY,,1000.0,0.0,0.0,,,1000.0,0.0,1000.0,Strategy not ready,,,,,,,,,,,,,1040.714701,0.0,0.0,0.0,1040.714701,0.0,0.0,0.0,,,,,,
2024-02-05 16:00:00,34.64,34.82,34.43,34.77,136928.35,0.0001,60,0.0,0.0,NOT_READY,,1000.0,0.0,0.0,,,1000.0,0.0,1000.0,Strategy not ready,,,,,,,,,,,,,1040.714701,0.0,0.0,0.0,1040.714701,0.0,0.0,0.0,,,,,,
2024-02-05 17:00:00,34.77,34.87,34.67,34.68,49793.25,0.0001,60,0.0,0.0,NOT_READY,,1000.0,0.0,0.0,,,1000.0,0.0,1000.0,Strategy not ready,,,,,,,,,,,,,1040.714701,0.0,0.0,0.0,1040.714701,0.0,0.0,0.0,,,,,,
2024-02-05 18:00:00,34.68,34.75,34.47,34.66,85128.94,0.0001,60,0.0,0.0,NOT_READY,,1000.0,0.0,0.0,,,1000.0,0.0,1000.0,Strategy not ready,,,,,,,,,,,,,1040.714701,0.0,0.0,0.0,1040.714701,0.0,0.0,0.0,,,,,,
2024-02-05 19:00:00,34.66,34.82,34.56,34.58,36242.1,0.0001,60,0.0,0.0,NOT_READY,,1000.0,0.0,0.0,,,1000.0,0.0,1000.0,Strategy not ready,,,,,,,,,,,,,1040.714701,0.0,0.0,0.0,1040.714701,0.0,0.0,0.0,,,,,,
2024-02-05 20:00:00,34.59,34.59,34.12,34.54,97438.01,0.0001,60,0.0,0.0,NOT_READY,,1000.0,0.0,0.0,,,1000.0,0.0,1000.0,Strategy not ready,,,,,,,,,,,,,1040.714701,0.0,0.0,0.0,1040.714701,0.0,0.0,0.0,,,,,,
2024-02-05 21:00:00,34.54,34.59,34.21,34.22,51460.6,0.0001,60,0.0,0.0,NOT_READY,,1000.0,0.0,0.0,,,1000.0,0.0,1000.0,Strategy not ready,,,,,,,,,,,,,1040.714701,0.0,0.0,0.0,1040.714701,0.0,0.0,0.0,,,,,,
2024-02-05 22:00:00,34.22,34.43,34.11,34.34,43158.95,0.0001,60,0.0,0.0,NOT_READY,,1000.0,0.0,0.0,,,1000.0,0.0,1000.0,Strategy not ready,,,,,,,,,,,,,1040.714701,0.0,0.0,0.0,1040.714701,0.0,0.0,0.0,,,,,,
2024-02-05 23:00:00,34.35,34.6,34.3,34.55,43709.46,0.0001,60,0.0,0.0,NOT_READY,,1000.0,0.0,0.0,,,1000.0,0.0,1000.0,Strategy not ready,,,,,,,,,,,,,1040.714701,0.0,0.0,0.0,1040.714701,0.0,0.0,0.0,,,,,,
2024-02-06 00:00:00,34.55,34.55,34.39,34.46,32139.24,0.0001,64,0.0,0.0,NOT_READY,,1000.0,0.0,0.0,,,1000.0,0.0,1000.0,Strategy not ready,,,,,,,,,,,,,1040.714701,0.0,0.0,0.0,1040.714701,0.0,0.0,0.0,,,,,,
2024-02-06 01:00:00,34.45,34.59,34.32,34.45,41569.45,0.0001,64,0.0,0.0,NOT_READY,,1000.0,0.0,0.0,,,1000.0,0.0,1000.0,Strategy not ready,,,,,,,,,,,,,1040.714701,0.0,0.0,0.0,1040.714701,0.0,0.0,0.0,,,,,,
2024-02-06 02:00:00,34.45,34.75,34.34,34.65,56782.7,0.0001,64,0.0,0.0,NOT_READY,,1000.0,0.0,0.0,,,1000.0,0.0,1000.0,Strategy not ready,,,,,,,,,,,,,1040.714701,0.0,0.0,0.0,1040.714701,0.0,0.0,0.0,,,,,,
2024-02-06 03:00:00,34.65,34.71,34.39,34.47,44275.55,0.0001,64,0.0,0.0,NOT_READY,,1000.0,0.0,0.0,,,1000.0,0.0,1000.0,Strategy not ready,,,,,,,,,,,,,1040.714701,0.0,0.0,0.0,1040.714701,0.0,0.0,0.0,,,,,,
2024-02-06 04:00:00,34.47,34.55,34.23,34.25,52773.62,0.0001,64,0.0,0.0,NOT_READY,,1000.0,0.0,0.0,,,1000.0,0.0,1000.0,Strategy not ready,,,,,,,,,,,,,1040.714701,0.0,0.0,0.0,1040.714701,0.0,0.0,0.0,,,,,,
2024-02-06 05:00:00,34.25,34.27,34.04,34.2,60702.3,0.0001,64,0.0,0.0,NOT_READY,,1000.0,0.0,0.0,,,1000.0,0.0,1000.0,Strategy not ready,,,,,,,,,,,,,1040.714701,0.0,0.0,0.0,1040.714701,0.0,0.0,0.0,,,,,,
2024-02-06 06:00:00,34.2,34.24,34.08,34.17,33301.19,0.0001,64,0.0,0.0,NOT_READY,,1000.0,0.0,0.0,,,1000.0,0.0,1000.0,Strategy not ready,,,,,,,,,,,,,1040.714701,0.0,0.0,0.0,1040.714701,0.0,0.0,0.0,,,,,,
2024-02-06 07:00:00,34.17,34.33,34.04,34.29,55993.37,0.0001,64,0.0,0.0,NOT_READY,,1000.0,0.0,0.0,,,1000.0,0.0,1000.0,Strategy not ready,,,,,,,,,,,,,1040.714701,0.0,0.0,0.0,1040.714701,0.0,0.0,0.0,,,,,,
2024-02-06 08:00:00,34.29,34.55,34.26,34.46,72105.56,0.0001,64,0.0,0.0,NOT_READY,,1000.0,0.0,0.0,,,1000.0,0.0,1000.0,Strategy not ready,,,,,,,,,,,,,1040.714701,0.0,0.0,0.0,1040.714701,0.0,0.0,0.0,,,,,,
2024-02-06 09:00:00,34.46,34.49,34.12,34.26,137991.0,6.5e-05,64,0.0,0.0,NOT_READY,,1000.0,0.0,0.0,,,1000.0,0.0,1000.0,Strategy not ready,,,,,,,,,,,,,1040.714701,0.0,0.0,0.0,1040.714701,0.0,0.0,0.0,,,,,,
2024-02-06 10:00:00,34.25,34.32,33.72,33.98,183936.61,6.5e-05,64,0.0,0.0,NOT_READY,,1000.0,0.0,0.0,,,1000.0,0.0,1000.0,Strategy not ready,,,,,,,,,,,,,1040.714701,0.0,0.0,0.0,1040.714701,0.0,0.0,0.0,,,,,,
2024-02-06 11:00:00,33.97,34.06,33.78,34.0,92640.97,6.5e-05,64,0.0,0.0,NOT_READY,,1000.0,0.0,0.0,,,1000.0,0.0,1000.0,Strategy not ready,,,,,,,,,,,,,1040.714701,0.0,0.0,0.0,1040.714701,0.0,0.0,0.0,,,,,,
2024-02-06 12:00:00,34.0,34.17,33.76,34.03,153624.24,6.5e-05,64,0.0,0.0,NOT_READY,,1000.0,0.0,0.0,,,1000.0,0.0,1000.0,Strategy not ready,,,,,,,,,,,,,1040.714701,0.0,0.0,0.0,1040.714701,0.0,0.0,0.0,,,,,,
2024-02-06 13:00:00,34.03,34.23,33.84,34.02,81038.42,6.5e-05,64,0.0,0.0,NOT_READY,,1000.0,0.0,0.0,,,1000.0,0.0,1000.0,Strategy not ready,,,,,,,,,,,,,1040.714701,0.0,0.0,0.0,1040.714701,0.0,0.0,0.0,,,,,,
2024-02-06 14:00:00,34.01,34.22,33.9,33.93,91476.19,6.5e-05,64,0.0,0.0,NOT_READY,,1000.0,0.0,0.0,,,1000.0,0.0,1000.0,Strategy not ready,,,,,,,,,,,,,1040.714701,0.0,0.0,0.0,1040.714701,0.0,0.0,0.0,,,,,,
2024-02-06 15:00:00,33.93,34.26,33.88,34.25,90037.49,6.5e-05,64,0.0,0.0,NOT_READY,,1000.0,0.0,0.0,,,1000.0,0.0,1000.0,Strategy not ready,,,,,,,,,,,,,1040.714701,0.0,0.0,0.0,1040.714701,0.0,0.0,0.0,,,,,,
2024-02-06 16:00:00,34.26,34.43,34.13,34.13,102460.94,0.0001,64,0.0,0.0,NOT_READY,,1000.0,0.0,0.0,,,1000.0,0.0,1000.0,Strategy not ready,,,,,,,,,,,,,1040.714701,0.0,0.0,0.0,1040.714701,0.0,0.0,0.0,,,,,,
2024-02-06 17:00:00,34.13,34.24,34.06,34.17,69435.3,0.0001,64,0.0,0.0,NOT_READY,,1000.0,0.0,0.0,,,1000.0,0.0,1000.0,Strategy not ready,,,,,,,,,,,,,1040.714701,0.0,0.0,0.0,1040.714701,0.0,0.0,0.0,,,,,,
2024-02-06 18:00:00,34.17,34.28,33.99,34.21,61812.17,0.0001,64,0.0,0.0,NOT_READY,,1000.0,0.0,0.0,,,1000.0,0.0,1000.0,Strategy not ready,,,,,,,,,,,,,1040.714701,0.0,0.0,0.0,1040.714701,0.0,0.0,0.0,,,,,,
2024-02-06 19:00:00,34.21,34.29,34.08,34.25,72945.76,0.0001,64,0.0,0.0,NOT_READY,,1000.0,0.0,0.0,,,1000.0,0.0,1000.0,Strategy not ready,,,,,,,,,,,,,1040.714701,0.0,0.0,0.0,1040.714701,0.0,0.0,0.0,,,,,,
2024-02-06 20:00:00,34.25,34.46,34.1,34.14,81826.37,0.0001,64,0.0,0.0,NOT_READY,,1000.0,0.0,0.0,,,1000.0,0.0,1000.0,Strategy not ready,,,,,,,,,,,,,1040.714701,0.0,0.0,0.0,1040.714701,0.0,0.0,0.0,,,,,,
2024-02-06 21:00:00,34.14,34.28,34.08,34.21,51325.68,0.0001,64,0.0,0.0,NOT_READY,,1000.0,0.0,0.0,,,1000.0,0.0,1000.0,Strategy not ready,,,,,,,,,,,,,1040.714701,0.0,0.0,0.0,1040.714701,0.0,0.0,0.0,,,,,,
2024-02-06 22:00:00,34.22,34.4,34.19,34.32,51557.71,0.0001,64,0.0,0.0,NOT_READY,,1000.0,0.0,0.0,,,1000.0,0.0,1000.0,Strategy not ready,,,,,,,,,,,,,1040.714701,0.0,0.0,0.0,1040.714701,0.0,0.0,0.0,,,,,,
2024-02-06 23:00:00,34.33,34.36,34.12,34.16,42386.34,0.0001,64,0.0,0.0,NOT_READY,,1000.0,0.0,0.0,,,1000.0,0.0,1000.0,Strategy not ready,,,,,,,,,,,,,1040.714701,0.0,0.0,0.0,1040.714701,0.0,0.0,0.0,,,,,,
2024-02-07 00:00:00,34.16,34.34,34.04,34.16,46097.53,0.0001,62,0.0,0.0,NOT_READY,,1000.0,0.0,0.0,,,1000.0,0.0,1000.0,Strategy not ready,,,,,,,,,,,,,1040.714701,0.0,0.0,0.0,1040.714701,0.0,0.0,0.0,,,,,,
2024-02-07 01:00:00,34.17,34.4,34.15,34.22,25014.44,0.0001,62,0.0,0.0,NOT_READY,,1000.0,0.0,0.0,,,1000.0,0.0,1000.0,Strategy not ready,,,,,,,,,,,,,1040.714701,0.0,0.0,0.0,1040.714701,0.0,0.0,0.0,,,,,,
2024-02-07 02:00:00,34.22,34.35,34.16,34.19,19323.51,0.0001,62,0.0,0.0,NOT_READY,,1000.0,0.0,0.0,,,1000.0,0.0,1000.0,Strategy not ready,,,,,,,,,,,,,1040.714701,0.0,0.0,0.0,1040.714701,0.0,0.0,0.0,,,,,,
2024-02-07 03:00:00,34.19,34.21,33.88,33.91,50647.54,0.0001,62,0.0,0.0,NOT_READY,,1000.0,0.0,0.0,,,1000.0,0.0,1000.0,Strategy not ready,,,,,,,,,,,,,1040.714701,0.0,0.0,0.0,1040.714701,0.0,0.0,0.0,,,,,,
2024-02-07 04:00:00,33.9,34.01,33.74,33.87,46541.36,0.0001,62,0.0,0.0,NOT_READY,,1000.0,0.0,0.0,,,1000.0,0.0,1000.0,Strategy not ready,,,,,,,,,,,,,1040.714701,0.0,0.0,0.0,1040.714701,0.0,0.0,0.0,,,,,,
2024-02-07 05:00:00,33.87,34.28,33.65,34.21,51615.75,0.0001,62,0.0,0.0,NOT_READY,,1000.0,0.0,0.0,,,1000.0,0.0,1000.0,Strategy not ready,,,,,,,,,,,,,1040.714701,0.0,0.0,0.0,1040.714701,0.0,0.0,0.0,,,,,,
2024-02-07 06:00:00,34.21,34.21,33.99,34.14,32753.1,0.0001,62,0.0,0.0,NOT_READY,,1000.0,0.0,0.0,,,1000.0,0.0,1000.0,Strategy not ready,,,,,,,,,,,,,1040.714701,0.0,0.0,0.0,1040.714701,0.0,0.0,0.0,,,,,,
2024-02-07 07:00:00,34.14,34.2,33.96,34.04,29975.52,0.0001,62,0.0,0.0,NOT_READY,,1000.0,0.0,0.0,,,1000.0,0.0,1000.0,Strategy not ready,,,,,,,,,,,,,1040.714701,0.0,0.0,0.0,1040.714701,0.0,0.0,0.0,,,,,,
2024-02-07 08:00:00,34.04,34.21,33.94,34.11,52797.36,0.0001,62,0.0,0.0,NOT_READY,,1000.0,0.0,0.0,,,1000.0,0.0,1000.0,Strategy not ready,,,,,,,,,,,,,1040.714701,0.0,0.0,0.0,1040.714701,0.0,0.0,0.0,,,,,,
2024-02-07 09:00:00,34.1,34.46,34.04,34.37,67092.4,0.0001,62,0.0,0.0,NOT_READY,,1000.0,0.0,0.0,,,1000.0,0.0,1000.0,Strategy not ready,,,,,,,,,,,,,1040.714701,0.0,0.0,0.0,1040.714701,0.0,0.0,0.0,,,,,,
2024-02-07 10:00:00,34.38,34.44,34.1,34.15,70220.54,0.0001,62,0.0,0.0,NOT_READY,,1000.0,0.0,0.0,,,1000.0,0.0,1000.0,Strategy not ready,,,,,,,,,,,,,1040.714701,0.0,0.0,0.0,1040.714701,0.0,0.0,0.0,,,,,,
2024-02-07 11:00:00,34.16,34.45,34.16,34.17,52776.86,0.0001,62,0.0,0.0,NOT_READY,,1000.0,0.0,0.0,,,1000.0,0.0,1000.0,Strategy not ready,,,,,,,,,,,,,1040.714701,0.0,0.0,0.0,1040.714701,0.0,0.0,0.0,,,,,,
2024-02-07 12:00:00,34.16,34.41,34.14,34.36,51865.25,0.0001,62,0.0,0.0,NOT_READY,,1000.0,0.0,0.0,,,1000.0,0.0,1000.0,Strategy not ready,,,,,,,,,,,,,1040.714701,0.0,0.0,0.0,1040.714701,0.0,0.0,0.0,,,,,,
2024-02-07 13:00:00,34.36,34.45,34.25,34.3,42777.19,0.0001,62,0.0,0.0,NOT_READY,,1000.0,0.0,0.0,,,1000.0,0.0,1000.0,Strategy not ready,,,,,,,,,,,,,1040.714701,0.0,0.0,0.0,1040.714701,0.0,0.0,0.0,,,,,,
2024-02-07 14:00:00,34.3,34.67,34.26,34.37,93248.11,0.0001,62,0.0,0.0,NOT_READY,,1000.0,0.0,0.0,,,1000.0,0.0,1000.0,Strategy not ready,,,,,,,,,,,,,1040.714701,0.0,0.0,0.0,1040.714701,0.0,0.0,0.0,,,,,,
2024-02-07 15:00:00,34.39,34.58,34.2,34.42,60400.56,0.0001,62,0.0,0.0,NOT_READY,,1000.0,0.0,0.0,,,1000.0,0.0,1000.0,Strategy not ready,,,,,,,,,,,,,1040.714701,0.0,0.0,0.0,1040.714701,0.0,0.0,0.0,,,,,,
2024-02-07 16:00:00,34.43,35.04,34.37,35.03,211555.34,0.0001,62,0.0,0.0,NOT_READY,,1000.0,0.0,0.0,,,1000.0,0.0,1000.0,Strategy not ready,,,,,,,,,,,,,1040.714701,0.0,0.0,0.0,1040.714701,0.0,0.0,0.0,,,,,,
2024-02-07 17:00:00,35.04,35.48,34.97,35.12,280081.22,0.0001,62,0.0,0.0,NOT_READY,,1000.0,0.0,0.0,,,1000.0,0.0,1000.0,Strategy not ready,,,,,,,,,,,,,1040.714701,0.0,0.0,0.0,1040.714701,0.0,0.0,0.0,,,,,,
2024-02-07 18:00:00,35.13,35.28,35.02,35.25,128666.97,0.0001,62,0.0,0.0,NOT_READY,,1000.0,0.0,0.0,,,1000.0,0.0,1000.0,Strategy not ready,,,,,,,,,,,,,1040.714701,0.0,0.0,0.0,1040.714701,0.0,0.0,0.0,,,,,,
2024-02-07 19:00:00,35.26,35.32,35.03,35.07,83404.23,0.0001,62,0.0,0.0,NOT_READY,,1000.0,0.0,0.0,,,1000.0,0.0,1000.0,Strategy not ready,,,,,,,,,,,,,1040.714701,0.0,0.0,0.0,1040.714701,0.0,0.0,0.0,,,,,,
2024-02-07 20:00:00,35.07,35.49,35.05,35.39,251302.43,0.0001,62,0.0,0.0,NOT_READY,,1000.0,0.0,0.0,,,1000.0,0.0,1000.0,Strategy not ready,,,,,,,,,,,,,1040.714701,0.0,0.0,0.0,1040.714701,0.0,0.0,0.0,,,,,,
2024-02-07 21:00:00,35.39,35.5,35.23,35.43,173258.84,0.0001,62,0.0,0.0,NOT_READY,,1000.0,0.0,0.0,,,1000.0,0.0,1000.0,Strategy not ready,,,,,,,,,,,,,1040.714701,0.0,0.0,0.0,1040.714701,0.0,0.0,0.0,,,,,,
2024-02-07 22:00:00,35.44,35.48,35.24,35.28,87274.81,0.0001,62,0.0,0.0,NOT_READY,,1000.0,0.0,0.0,,,1000.0,0.0,1000.0,Strategy not ready,,,,,,,,,,,,,1040.714701,0.0,0.0,0.0,1040.714701,0.0,0.0,0.0,,,,,,
2024-02-07 23:00:00,35.27,35.43,35.24,35.28,89497.31,0.0001,62,0.0,0.0,NOT_READY,,1000.0,0.0,0.0,,,1000.0,0.0,1000.0,Strategy not ready,,,,,,,,,,,,,1040.714701,0.0,0.0,0.0,1040.714701,0.0,0.0,0.0,,,,,,
2024-02-08 00:00:00,35.28,35.55,35.27,35.5,208853.74,0.0001,66,0.0,0.0,NOT_READY,,1000.0,0.0,0.0,,,1000.0,0.0,1000.0,Strategy not ready,,,,,,,,,,,,,1040.714701,0.0,0.0,0.0,1040.714701,0.0,0.0,0.0,,,,,,
2024-02-08 01:00:00,35.51,35.53,35.25,35.42,47871.12,0.0001,66,0.0,0.0,NOT_READY,,1000.0,0.0,0.0,,,1000.0,0.0,1000.0,Strategy not ready,,,,,,,,,,,,,1040.714701,0.0,0.0,0.0,1040.714701,0.0,0.0,0.0,,,,,,
2024-02-08 02:00:00,35.41,35.48,35.33,35.46,37351.99,0.0001,66,0.0,0.0,NOT_READY,,1000.0,0.0,0.0,,,1000.0,0.0,1000.0,Strategy not ready,,,,,,,,,,,,,1040.714701,0.0,0.0,0.0,1040.714701,0.0,0.0,0.0,,,,,,
2024-02-08 03:00:00,35.47,35.59,35.41,35.5,38839.21,0.0001,66,0.0,0.0,NOT_READY,,1000.0,0.0,0.0,,,1000.0,0.0,1000.0,Strategy not ready,,,,,,,,,,,,,1040.714701,0.0,0.0,0.0,1040.714701,0.0,0.0,0.0,,,,,,
2024-02-08 04:00:00,35.49,35.75,35.18,35.25,121171.21,0.0001,66,0.0,0.0,NOT_READY,,1000.0,0.0,0.0,,,1000.0,0.0,1000.0,Strategy not ready,,,,,,,,,,,,,1040.714701,0.0,0.0,0.0,1040.714701,0.0,0.0,0.0,,,,,,
2024-02-08 05:00:00,35.24,35.3,35.17,35.21,23152.03,0.0001,66,0.0,0.0,NOT_READY,,1000.0,0.0,0.0,,,1000.0,0.0,1000.0,Strategy not ready,,,,,,,,,,,,,1040.714701,0.0,0.0,0.0,1040.714701,0.0,0.0,0.0,,,,,,
2024-02-08 06:00:00,35.21,35.34,35.12,35.17,80476.42,0.0001,66,0.0,0.0,NOT_READY,,1000.0,0.0,0.0,,,1000.0,0.0,1000.0,Strategy not ready,,,,,,,,,,,,,1040.714701,0.0,0.0,0.0,1040.714701,0.0,0.0,0.0,,,,,,
2024-02-08 07:00:00,35.16,35.45,35.08,35.21,425226.04,0.0001,66,0.0,0.0,NOT_READY,,1000.0,0.0,0.0,,,1000.0,0.0,1000.0,Strategy not ready,,,,,,,,,,,,,1040.714701,0.0,0.0,0.0,1040.714701,0.0,0.0,0.0,,,,,,
2024-02-08 08:00:00,35.22,35.54,35.2,35.53,73743.38,0.0001,66,0.0,0.0,NOT_READY,,1000.0,0.0,0.0,,,1000.0,0.0,1000.0,Strategy not ready,,,,,,,,,,,,,1040.714701,0.0,0.0,0.0,1040.714701,0.0,0.0,0.0,,,,,,
2024-02-08 09:00:00,35.54,35.65,35.41,35.54,72163.24,0.0001,66,0.0,0.0,NOT_READY,,1000.0,0.0,0.0,,,1000.0,0.0,1000.0,Strategy not ready,,,,,,,,,,,,,1040.714701,0.0,0.0,0.0,1040.714701,0.0,0.0,0.0,,,,,,
2024-02-08 10:00:00,35.54,35.58,35.43,35.47,33079.97,0.0001,66,0.0,0.0,NOT_READY,,1000.0,0.0,0.0,,,1000.0,0.0,1000.0,Strategy not ready,,,,,,,,,,,,,1040.714701,0.0,0.0,0.0,1040.714701,0.0,0.0,0.0,,,,,,
2024-02-08 11:00:00,35.47,35.47,35.28,35.33,44110.32,0.0001,66,0.0,0.0,NOT_READY,,1000.0,0.0,0.0,,,1000.0,0.0,1000.0,Strategy not ready,,,,,,,,,,,,,1040.714701,0.0,0.0,0.0,1040.714701,0.0,0.0,0.0,,,,,,
2024-02-08 12:00:00,35.34,35.46,35.17,35.27,59414.92,0.0001,66,0.0,0.0,NOT_READY,,1000.0,0.0,0.0,,,1000.0,0.0,1000.0,Strategy not ready,,,,,,,,,,,,,1040.714701,0.0,0.0,0.0,1040.714701,0.0,0.0,0.0,,,,,,
2024-02-08 13:00:00,35.27,35.66,35.2,35.64,74460.85,0.0001,66,0.0,0.0,NOT_READY,,1000.0,0.0,0.0,,,1000.0,0.0,1000.0,Strategy not ready,,,,,,,,,,,,,1040.714701,0.0,0.0,0.0,1040.714701,0.0,0.0,0.0,,,,,,
2024-02-08 14:00:00,35.65,35.96,35.54,35.81,222789.27,0.0001,66,0.0,0.0,NOT_READY,,1000.0,0.0,0.0,,,1000.0,0.0,1000.0,Strategy not ready,,,,,,,,,,,,,1040.714701,0.0,0.0,0.0,1040.714701,0.0,0.0,0.0,,,,,,
2024-02-08 15:00:00,35.81,36.15,35.74,36.04,192873.17,0.0001,66,0.0,0.0,NOT_READY,,1000.0,0.0,0.0,,,1000.0,0.0,1000.0,Strategy not ready,,,,,,,,,,,,,1040.714701,0.0,0.0,0.0,1040.714701,0.0,0.0,0.0,,,,,,
2024-02-08 16:00:00,36.04,36.1,35.23,35.45,173958.06,0.0001,66,0.0,0.0,NOT_READY,,1000.0,0.0,0.0,,,1000.0,0.0,1000.0,Strategy not ready,,,,,,,,,,,,,1040.714701,0.0,0.0,0.0,1040.714701,0.0,0.0,0.0,,,,,,
2024-02-08 17:00:00,35.45,35.58,35.23,35.35,147984.25,0.0001,66,0.0,0.0,NOT_READY,,1000.0,0.0,0.0,,,1000.0,0.0,1000.0,Strategy not ready,,,,,,,,,,,,,1040.714701,0.0,0.0,0.0,1040.714701,0.0,0.0,0.0,,,,,,
2024-02-08 18:00:00,35.35,35.61,35.28,35.6,61310.69,0.0001,66,0.0,0.0,NOT_READY,,1000.0,0.0,0.0,,,1000.0,0.0,1000.0,Strategy not ready,,,,,,,,,,,,,1040.714701,0.0,0.0,0.0,1040.714701,0.0,0.0,0.0,,,,,,
2024-02-08 19:00:00,35.61,35.69,35.47,35.51,63135.64,0.0001,66,0.0,0.0,NOT_READY,,1000.0,0.0,0.0,,,1000.0,0.0,1000.0,Strategy not ready,,,,,,,,,,,,,1040.714701,0.0,0.0,0.0,1040.714701,0.0,0.0,0.0,,,,,,
2024-02-08 20:00:00,35.51,35.77,35.48,35.61,74616.99,0.0001,66,0.0,0.0,NOT_READY,,1000.0,0.0,0.0,,,1000.0,0.0,1000.0,Strategy not ready,,,,,,,,,,,,,1040.714701,0.0,0.0,0.0,1040.714701,0.0,0.0,0.0,,,,,,
2024-02-08 21:00:00,35.61,35.71,35.5,35.55,47530.81,0.0001,66,0.0,0.0,NOT_READY,,1000.0,0.0,0.0,,,1000.0,0.0,1000.0,Strategy not ready,,,,,,,,,,,,,1040.714701,0.0,0.0,0.0,1040.714701,0.0,0.0,0.0,,,,,,
2024-02-08 22:00:00,35.55,35.66,35.41,35.45,49822.78,0.0001,66,0.0,0.0,NOT_READY,,1000.0,0.0,0.0,,,1000.0,0.0,1000.0,Strategy not ready,,,,,,,,,,,,,1040.714701,0.0,0.0,0.0,1040.714701,0.0,0.0,0.0,,,,,,
2024-02-08 23:00:00,35.45,35.55,35.31,35.42,76523.34,0.0001,66,0.0,0.0,NOT_READY,,1000.0,0.0,0.0,,,1000.0,0.0,1000.0,Strategy not ready,,,,,,,,,,,,,1040.714701,0.0,0.0,0.0,1040.714701,0.0,0.0,0.0,,,,,,
2024-02-09 00:00:00,35.43,35.71,35.41,35.63,49808.23,0.0001,72,0.0,0.0,NOT_READY,,1000.0,0.0,0.0,,,1000.0,0.0,1000.0,Strategy not ready,,,,,,,,,,,,,1040.714701,0.0,0.0,0.0,1040.714701,0.0,0.0,0.0,,,,,,
2024-02-09 01:00:00,35.65,35.75,35.6,35.74,35832.08,0.0001,72,0.0,0.0,NOT_READY,,1000.0,0.0,0.0,,,1000.0,0.0,1000.0,Strategy not ready,,,,,,,,,,,,,1040.714701,0.0,0.0,0.0,1040.714701,0.0,0.0,0.0,,,,,,
2024-02-09 02:00:00,35.74,36.28,35.7,36.25,117619.97,0.0001,72,0.0,0.0,NOT_READY,,1000.0,0.0,0.0,,,1000.0,0.0,1000.0,Strategy not ready,,,,,,,,,,,,,1040.714701,0.0,0.0,0.0,1040.714701,0.0,0.0,0.0,,,,,,
2024-02-09 03:00:00,36.24,36.28,35.89,35.91,86494.85,0.0001,72,0.0,0.0,NOT_READY,,1000.0,0.0,0.0,,,1000.0,0.0,1000.0,Strategy not ready,,,,,,,,,,,,,1040.714701,0.0,0.0,0.0,1040.714701,0.0,0.0,0.0,,,,,,
2024-02-09 04:00:00,35.92,35.98,35.72,35.83,61821.78,0.0001,72,0.0,0.0,NOT_READY,,1000.0,0.0,0.0,,,1000.0,0.0,1000.0,Strategy not ready,,,,,,,,,,,,,1040.714701,0.0,0.0,0.0,1040.714701,0.0,0.0,0.0,,,,,,
2024-02-09 05:00:00,35.84,35.98,35.8,35.96,68953.89,0.0001,72,0.0,0.0,NOT_READY,,1000.0,0.0,0.0,,,1000.0,0.0,1000.0,Strategy not ready,,,,,,,,,,,,,1040.714701,0.0,0.0,0.0,1040.714701,0.0,0.0,0.0,,,,,,
2024-02-09 06:00:00,35.96,36.02,35.87,35.96,74797.07,0.0001,72,0.0,0.0,NOT_READY,,1000.0,0.0,0.0,,,1000.0,0.0,1000.0,Strategy not ready,,,,,,,,,,,,,1040.714701,0.0,0.0,0.0,1040.714701,0.0,0.0,0.0,,,,,,
2024-02-09 07:00:00,35.96,36.14,35.95,36.09,101094.93,0.0001,72,0.0,0.0,NOT_READY,,1000.0,0.0,0.0,,,1000.0,0.0,1000.0,Strategy not ready,,,,,,,,,,,,,1040.714701,0.0,0.0,0.0,1040.714701,0.0,0.0,0.0,,,,,,
2024-02-09 08:00:00,36.1,36.31,36.07,36.28,109502.68,0.0001,72,0.0,0.0,NOT_READY,,1000.0,0.0,0.0,,,1000.0,0.0,1000.0,Strategy not ready,,,,,,,,,,,,,1040.714701,0.0,0.0,0.0,1040.714701,0.0,0.0,0.0,,,,,,
2024-02-09 09:00:00,36.29,36.34,36.08,36.19,97941.41,0.0001,72,0.0,0.0,NOT_READY,,1000.0,0.0,0.0,,,1000.0,0.0,1000.0,Strategy not ready,,,,,,,,,,,,,1040.714701,0.0,0.0,0.0,1040.714701,0.0,0.0,0.0,,,,,,
2024-02-09 10:00:00,36.19,36.29,36.03,36.14,87098.5,0.0001,72,0.0,0.0,NOT_READY,,1000.0,0.0,0.0,,,1000.0,0.0,1000.0,Strategy not ready,,,,,,,,,,,,,1040.714701,0.0,0.0,0.0,1040.714701,0.0,0.0,0.0,,,,,,
2024-02-09 11:00:00,36.14,36.45,36.03,36.45,169288.71,0.0001,72,0.0,0.0,NOT_READY,,1000.0,0.0,0.0,,,1000.0,0.0,1000.0,Strategy not ready,,,,,,,,,,,,,1040.714701,0.0,0.0,0.0,1040.714701,0.0,0.0,0.0,,,,,,
2024-02-09 12:00:00,36.46,36.8,36.42,36.72,304748.02,0.0001,72,0.0,0.0,NOT_READY,,1000.0,0.0,0.0,,,1000.0,0.0,1000.0,Strategy not ready,,,,,,,,,,,,,1040.714701,0.0,0.0,0.0,1040.714701,0.0,0.0,0.0,,,,,,
2024-02-09 13:00:00,36.73,37.5,36.65,37.21,350832.03,0.0001,72,0.0,0.0,NOT_READY,,1000.0,0.0,0.0,,,1000.0,0.0,1000.0,Strategy not ready,,,,,,,,,,,,,1040.714701,0.0,0.0,0.0,1040.714701,0.0,0.0,0.0,,,,,,
2024-02-09 14:00:00,37.21,37.39,36.55,37.04,397357.98,0.0001,72,0.0,0.0,NOT_READY,,1000.0,0.0,0.0,,,1000.0,0.0,1000.0,Strategy not ready,,,,,,,,,,,,,1040.714701,0.0,0.0,0.0,1040.714701,0.0,0.0,0.0,,,,,,
2024-02-09 15:00:00,37.04,37.83,36.7,37.58,408090.04,0.0001,72,0.0,0.0,NOT_READY,,1000.0,0.0,0.0,,,1000.0,0.0,1000.0,Strategy not ready,,,,,,,,,,,,,1040.714701,0.0,0.0,0.0,1040.714701,0.0,0.0,0.0,,,,,,
2024-02-09 16:00:00,37.58,37.66,37.13,37.36,231515.63,0.0001,72,-20.0,0.0,mean_reversion,,1000.0,0.0,-2.0,True,True,998.0,-2.004008,1000.0,,mean_reversion,-20.0,0.2381,1.0,AVAXUSDT,2024-02-09 16:00:00,AVAXUSDT,37.36,53.533191,SHORT,0.5238,0.7619,1040.714701,0.0,0.0,0.0,1040.714701,0.0,0.0,0.0,-24.0,-24.0,1.0,-24.0,True,True
2024-02-09 17:00:00,37.35,37.88,37.27,37.84,185286.29,0.0001,72,-20.0,0.0,mean_reversion,,972.304069,-2.083398,0.083398,False,,972.304069,-2.083398,972.304069,,mean_reversion,0.0,0.1048,2.0,AVAXUSDT,2024-02-09 17:00:00,,,,,0.619,0.7238,1040.714701,0.0,0.0,0.0,1040.714701,0.0,0.0,0.0,-24.0,-24.0,1.0,-24.0,True,False
2024-02-09 18:00:00,37.83,38.15,37.76,37.92,295745.35,0.0001,72,-20.0,0.0,trending,,968.021413,-2.097039,0.097039,False,,968.021413,-2.097039,968.021413,,trending,0.0,0.2143,1.0,AVAXUSDT,2024-02-09 18:00:00,,,,,0.7381,0.5238,1040.714701,0.0,0.0,0.0,1040.714701,0.0,0.0,0.0,-24.0,-24.0,1.0,-24.0,True,False
2024-02-09 19:00:00,37.92,38.12,37.63,38.1,171103.46,0.0001,72,-20.0,0.0,trending,,958.385439,-2.128178,0.128178,False,,958.385439,-2.128178,958.385439,,trending,0.0,0.6286,2.0,AVAXUSDT,2024-02-09 19:00:00,,,,,0.8762,0.2476,1040.714701,0.0,0.0,0.0,1040.714701,0.0,0.0,0.0,-24.0,-24.0,1.0,-24.0,True,False
2024-02-09 20:00:00,38.11,38.5,37.98,38.07,329636.01,0.0001,72,-20.0,0.0,trending,,959.991435,-2.122945,0.122945,False,,959.991435,-2.122945,959.991435,,trending,0.0,0.4286,3.0,AVAXUSDT,2024-02-09 20:00:00,,,,,0.8095,0.381,1040.714701,0.0,0.0,0.0,1040.714701,0.0,0.0,0.0,-24.0,-24.0,1.0,-24.0,True,False
2024-02-09 21:00:00,38.07,38.54,37.97,38.51,164292.86,0.0001,72,-20.0,0.0,trending,,936.436831,-2.201497,0.201497,True,True,936.247952,-2.000403,936.436831,,trending,0.0,0.2857,4.0,AVAXUSDT,2024-02-09 21:00:00,AVAXUSDT,38.51,4.899754,REDUCE_SHORT,0.7619,0.4762,1040.714701,0.0,0.0,0.0,1040.714701,0.0,0.0,0.0,-24.0,-24.0,1.0,-24.0,True,True
2024-02-09 22:00:00,38.52,38.61,38.04,38.24,120648.1,0.0001,72,-20.0,0.0,mean_reversion,,949.37898,-1.958904,-0.041096,False,,949.37898,-1.958904,949.37898,,mean_reversion,0.0,0.2286,1.0,AVAXUSDT,2024-02-09 22:00:00,,,,,0.5905,0.819,1040.714701,0.0,0.0,0.0,1040.714701,0.0,0.0,0.0,-24.0,-24.0,1.0,-24.0,True,False
2024-02-09 23:00:00,38.23,38.34,37.96,38.0,87349.5,0.0001,72,-20.0,0.0,mean_reversion,,961.051005,-1.922968,-0.077032,False,,961.051005,-1.922968,961.051005,,mean_reversion,0.0,0.4952,2.0,AVAXUSDT,2024-02-09 23:00:00,,,,,0.4952,0.9905,1040.714701,0.0,0.0,0.0,1040.714701,0.0,0.0,0.0,-21.022313,-21.022313,1.0,-21.022313,True,False
2024-02-10 00:00:00,38.0,38.72,38.0,38.64,149419.74,0.0001,74,-20.0,0.0,mean_reversion,,929.925606,-2.020803,0.020803,False,,929.925606,-2.020803,929.925606,,mean_reversion,0.0,0.4952,3.0,AVAXUSDT,2024-02-10 00:00:00,,,,,0.4952,0.9905,1040.714701,0.0,0.0,0.0,1040.714701,0.0,0.0,0.0,-24.0,-24.0,1.0,-24.0,True,False
2024-02-10 01:00:00,38.65,39.03,38.54,38.88,151438.51,0.0001,74,-20.0,0.0,mean_reversion,,918.253581,-2.0592,0.0592,False,,918.253581,-2.0592,918.253581,,mean_reversion,0.0,0.481,4.0,AVAXUSDT,2024-02-10 01:00:00,,,,,0.5,0.981,1040.714701,0.0,0.0,0.0,1040.714701,0.0,0.0,0.0,-24.0,-24.0,1.0,-24.0,True,False
2024-02-10 02:00:00,38.88,39.05,38.81,38.98,107734.25,0.0001,74,-20.0,0.0,mean_reversion,,913.390237,-2.075489,0.075489,False,,913.390237,-2.075489,913.390237,,mean_reversion,0.0,0.5095,5.0,AVAXUSDT,2024-02-10 02:00:00,,,,,0.481,0.9905,1040.714701,0.0,0.0,0.0,1040.714701,0.0,0.0,0.0,-24.0,-24.0,1.0,-24.0,True,False
2024-02-10 03:00:00,38.98,39.48,38.94,39.43,116557.16,0.0001,74,-20.0,0.0,mean_reversion,,891.50519,-2.150987,0.150987,False,,891.50519,-2.150987,891.50519,,mean_reversion,0.0,0.4429,6.0,AVAXUSDT,2024-02-10 03:00:00,,,,,0.519,0.9619,1040.714701,0.0,0.0,0.0,1040.714701,0.0,0.0,0.0,-24.0,-24.0,1.0,-24.0,True,False
2024-02-10 04:00:00,39.43,39.8,39.16,39.75,162039.34,0.0001,74,-20.0,0.0,mean_reversion,,875.94249,-2.20697,0.20697,True,True,875.761015,-2.000414,875.94249,,mean_reversion,0.0,0.3,7.0,AVAXUSDT,2024-02-10 04:00:00,AVAXUSDT,39.75,4.560859,REDUCE_SHORT,0.5667,0.8667,1040.714701,0.0,0.0,0.0,1040.714701,0.0,0.0,0.0,-24.0,-24.0,1.0,-24.0,True,True
2024-02-10 05:00:00,39.76,39.79,39.36,39.38,101938.51,0.0001,74,-20.0,0.0,mean_reversion,,892.067869,-1.945567,-0.054433,False,,892.067869,-1.945567,892.067869,,mean_reversion,0.0,0.4048,8.0,AVAXUSDT,2024-02-10 05:00:00,,,,,0.5286,0.9333,1040.714701,0.0,0.0,0.0,1040.714701,0.0,0.0,0.0,-24.0,-24.0,1.0,-24.0,True,False
2024-02-10 06:00:00,39.38,39.49,39.0,39.11,146749.1,0.0001,74,-20.0,0.0,mean_reversion,,903.967465,-1.906793,-0.093207,False,,903.967465,-1.906793,903.967465,,mean_reversion,0.0,0.4238,9.0,AVAXUSDT,2024-02-10 06:00:00,,,,,0.519,0.9429,1040.714701,0.0,0.0,0.0,1040.714701,0.0,0.0,0.0,-20.46937,-20.46937,1.0,-20.46937,True,False
2024-02-10 07:00:00,39.11,39.2,39.01,39.07,72462.25,0.0001,74,-18.029796,0.0,mean_reversion,,905.730368,-1.901135,0.098155,False,,905.730368,-1.901135,905.730368,,mean_reversion,1.970204,0.4238,10.0,AVAXUSDT,2024-02-10 07:00:00,,,,,0.5095,0.9333,1040.714701,0.0,0.0,0.0,1040.714701,0.0,0.0,0.0,-18.029796,-18.029796,1.0,-18.029796,True,False
2024-02-10 08:00:00,39.06,39.34,38.69,38.72,129792.25,0.0001,74,-8.429011,0.0,mean_reversion,,921.15577,-1.852553,1.009652,True,True,920.224792,-0.843754,921.15577,,mean_reversion,9.600785,0.3857,11.0,AVAXUSDT,2024-02-10 08:00:00,AVAXUSDT,38.72,24.01981,REDUCE_SHORT,0.5,0.8857,1040.714701,0.0,0.0,0.0,1040.714701,0.0,0.0,0.0,-8.429011,-8.429011,1.0,-8.429011,True,True
2024-02-10 09:00:00,38.71,38.94,38.66,38.7,113730.95,0.0001,74,-7.581534,0.0,mean_reversion,,920.625848,-0.842951,0.084797,False,,920.625848,-0.842951,920.625848,,mean_reversion,0.847477,0.0667,12.0,AVAXUSDT,2024-02-10 09:00:00,,,,,0.6,0.6667,1040.714701,0.0,0.0,0.0,1040.714701,0.0,0.0,0.0,-7.581534,-7.581534,1.0,-7.581534,True,False
2024-02-10 10:00:00,38.7,38.9,38.17,38.42,195113.64,0.0001,74,-0.55155,0.0,trending,,926.240623,-0.831779,0.776624,True,True,925.520562,-0.055198,926.240623,,trending,7.029984,0.0524,1.0,AVAXUSDT,2024-02-10 10:00:00,AVAXUSDT,38.42,18.723075,REDUCE_SHORT,0.6238,0.5714,1040.714701,0.0,0.0,0.0,1040.714701,0.0,0.0,0.0,-0.55155,-0.55155,1.0,-0.55155,True,True
2024-02-10 11:00:00,38.42,38.82,38.41,38.79,91998.12,0.0001,74,-9.579988,0.0,mean_reversion,,925.028576,-0.055759,-0.90224,True,True,924.193978,-0.958864,925.028576,,mean_reversion,-9.028438,0.0524,1.0,AVAXUSDT,2024-02-10 11:00:00,AVAXUSDT,38.79,21.515789,SHORT,0.5762,0.6286,1040.714701,0.0,0.0,0.0,1040.714701,0.0,0.0,0.0,-9.579988,-9.579988,1.0,-9.579988,True,True
2024-02-10 12:00:00,38.79,38.81,38.39,38.5,72481.02,0.0001,74,-1.596418,0.0,mean_reversion,,930.819168,-0.944922,0.78528,True,True,930.087483,-0.159767,930.819168,,mean_reversion,7.98357,0.0571,2.0,AVAXUSDT,2024-02-10 12:00:00,AVAXUSDT,38.5,18.985804,REDUCE_SHORT,0.5333,0.5905,1040.714701,0.0,0.0,0.0,1040.714701,0.0,0.0,0.0,-1.596418,-1.596418,1.0,-1.596418,True,True
2024-02-10 13:00:00,38.5,38.7,38.26,38.64,93603.9,0.0001,74,0.0,0.0,unknown,,929.547128,-0.160442,0.160442,False,,929.547128,-0.160442,929.547128,,unknown,1.596418,0.0333,1.0,AVAXUSDT,2024-02-10 13:00:00,,,,,0.5095,0.5429,1040.714701,0.0,0.0,0.0,1040.714701,0.0,0.0,0.0,,,,,True,False
2024-02-10 14:00:00,38.65,38.87,38.62,38.87,55997.55,0.0001,74,0.0,0.0,unknown,,928.659402,-0.161551,0.161551,False,,928.659402,-0.161551,928.659402,,unknown,0.0,0.0143,2.0,AVAXUSDT,2024-02-10 14:00:00,,,,,0.519,0.5048,1040.714701,0.0,0.0,0.0,1040.714701,0.0,0.0,0.0,,,,,True,False
2024-02-10 15:00:00,38.88,39.58,38.85,39.36,202136.3,0.0001,74,-20.0,0.0,mean_reversion,,926.768159,-0.163921,-1.836079,True,True,925.06654,-2.003679,926.768159,,mean_reversion,-20.0,0.0905,1.0,AVAXUSDT,2024-02-10 15:00:00,AVAXUSDT,39.36,43.232199,SHORT,0.481,0.5714,1040.714701,0.0,0.0,0.0,1040.714701,0.0,0.0,0.0,-21.426155,-21.426155,1.0,-21.426155,True,True
2024-02-10 16:00:00,39.35,39.39,39.01,39.19,103125.05,0.0001,74,-15.3749,0.0,mean_reversion,,933.072159,-1.977908,0.440418,True,True,932.660806,-1.538168,933.072159,,mean_reversion,4.6251,0.2095,2.0,AVAXUSDT,2024-02-10 16:00:00,AVAXUSDT,39.19,10.48588,REDUCE_SHORT,0.4381,0.6476,1040.714701,0.0,0.0,0.0,1040.714701,0.0,0.0,0.0,-15.3749,-15.3749,1.0,-15.3749,True,True
2024-02-10 17:00:00,39.2,39.29,38.96,39.02,51180.5,0.0001,74,-9.86365,0.0,mean_reversion,,938.883826,-1.521345,0.53498,True,True,938.381039,-0.986893,938.883826,,mean_reversion,5.51125,0.4143,3.0,AVAXUSDT,2024-02-10 17:00:00,AVAXUSDT,39.02,12.872474,REDUCE_SHORT,0.3476,0.7619,1040.714701,0.0,0.0,0.0,1040.714701,0.0,0.0,0.0,-9.86365,-9.86365,1.0,-9.86365,True,True
2024-02-10 18:00:00,39.02,39.48,38.97,39.43,96767.55,0.0001,74,-19.676264,0.0,mean_reversion,,928.650294,-1.007713,-0.959914,True,True,927.75887,-1.969517,928.650294,,mean_reversion,-9.812615,0.5238,4.0,AVAXUSDT,2024-02-10 18:00:00,AVAXUSDT,39.43,22.60776,SHORT,0.3048,0.8286,1040.714701,0.0,0.0,0.0,1040.714701,0.0,0.0,0.0,-19.676264,-19.676264,1.0,-19.676264,True,True
2024-02-10 19:00:00,39.43,39.67,39.34,39.39,105697.87,0.0001,74,-16.850087,0.0,mean_reversion,,929.612522,-1.963596,0.278587,True,True,929.353284,-1.685479,929.612522,,mean_reversion,2.826177,0.4476,5.0,AVAXUSDT,2024-02-10 19:00:00,AVAXUSDT,39.39,6.574715,REDUCE_SHORT,0.3238,0.7714,1040.714701,0.0,0.0,0.0,1040.714701,0.0,0.0,0.0,-16.850087,-16.850087,1.0,-16.850087,True,True
2024-02-10 20:00:00,39.38,40.45,39.16,40.01,265238.38,0.0001,74,-20.0,0.0,mean_reversion,,904.698011,-1.758665,-0.241335,True,True,904.479675,-2.000483,904.698011,,mean_reversion,-3.149913,0.6286,6.0,AVAXUSDT,2024-02-10 20:00:00,AVAXUSDT,40.01,5.457025,SHORT,0.2762,0.9048,1040.714701,0.0,0.0,0.0,1040.714701,0.0,0.0,0.0,-24.0,-24.0,1.0,-24.0,True,True
2024-02-10 21:00:00,40.02,41.24,40.01,40.83,491589.25,0.0001,74,-20.0,0.0,mean_reversion,,867.396328,-2.128761,0.128761,False,,867.396328,-2.128761,867.396328,,mean_reversion,0.0,0.6524,7.0,AVAXUSDT,2024-02-10 21:00:00,,,,,0.281,0.9333,1040.714701,0.0,0.0,0.0,1040.714701,0.0,0.0,0.0,-24.0,-24.0,1.0,-24.0,True,False
2024-02-10 22:00:00,40.83,41.08,40.46,40.73,193369.01,0.0001,74,-20.0,0.0,mean_reversion,,871.918687,-2.112533,0.112533,False,,871.918687,-2.112533,871.918687,,mean_reversion,0.0,0.2048,8.0,AVAXUSDT,2024-02-10 22:00:00,,,,,0.4619,0.6667,1040.714701,0.0,0.0,0.0,1040.714701,0.0,0.0,0.0,-24.0,-24.0,1.0,-24.0,True,False
2024-02-10 23:00:00,40.73,40.85,40.03,40.2,224477.23,0.0001,74,-20.0,0.0,mean_reversion,,895.887192,-2.029261,0.029261,False,,895.887192,-2.029261,895.887192,,mean_reversion,0.0,0.4905,9.0,AVAXUSDT,2024-02-10 23:00:00,,,,,0.3667,0.8571,1040.714701,0.0,0.0,0.0,1040.714701,0.0,0.0,0.0,-20.314917,-20.314917,1.0,-20.314917,True,False
2024-02-11 00:00:00,40.2,40.56,40.2,40.52,107740.6,0.0001,71,-20.0,0.0,mean_reversion,,881.415642,-2.078997,0.078997,False,,881.415642,-2.078997,881.415642,,mean_reversion,0.0,0.3762,10.0,AVAXUSDT,2024-02-11 00:00:00,,,,,0.3952,0.7714,1040.714701,0.0,0.0,0.0,1040.714701,0.0,0.0,0.0,-24.0,-24.0,1.0,-24.0,True,False
2024-02-11 01:00:00,40.51,40.56,40.24,40.39,67949.67,0.0001,71,-20.0,0.0,mean_reversion,,887.294709,-2.058596,0.058596,False,,887.294709,-2.058596,887.294709,,mean_reversion,0.0,0.4667,11.0,AVAXUSDT,2024-02-11 01:00:00,,,,,0.3429,0.8095,1040.714701,0.0,0.0,0.0,1040.714701,0.0,0.0,0.0,-20.801643,-20.801643,1.0,-20.801643,True,False
2024-02-11 02:00:00,40.39,40.45,40.1,40.22,51045.93,0.0001,71,-15.213298,0.0,mean_reversion,,894.982721,-2.032322,0.510992,True,True,894.524934,-1.522108,894.982721,,mean_reversion,4.786702,0.3429,12.0,AVAXUSDT,2024-02-11 02:00:00,AVAXUSDT,40.22,11.370689,REDUCE_SHORT,0.3619,0.7048,1040.714701,0.0,0.0,0.0,1040.714701,0.0,0.0,0.0,-15.213298,-15.213298,1.0,-15.213298,True,True
2024-02-11 03:00:00,40.22,40.65,40.13,40.39,82098.08,0.0001,71,-17.089263,0.0,mean_reversion,,888.76994,-1.53844,-0.170487,False,,888.76994,-1.53844,888.76994,,mean_reversion,-1.875966,0.2619,13.0,AVAXUSDT,2024-02-11 03:00:00,,,,,0.3762,0.6381,1040.714701,0.0,0.0,0.0,1040.714701,0.0,0.0,0.0,-17.089263,-17.089263,1.0,-17.089263,True,False
2024-02-11 04:00:00,40.4,40.53,40.18,40.3,106775.77,0.0001,71,-13.861361,0.0,mean_reversion,,891.816701,-1.529767,0.143631,False,,891.816701,-1.529767,891.816701,,mean_reversion,3.227902,0.3476,14.0,AVAXUSDT,2024-02-11 04:00:00,,,,,0.319,0.6667,1040.714701,0.0,0.0,0.0,1040.714701,0.0,0.0,0.0,-13.861361,-13.861361,1.0,-13.861361,True,False
2024-02-11 05:00:00,40.31,40.51,40.25,40.39,52079.73,0.0001,71,-14.603683,0.0,mean_reversion,,888.76994,-1.53844,0.078071,False,,888.76994,-1.53844,888.76994,,mean_reversion,-0.742322,0.2905,15.0,AVAXUSDT,2024-02-11 05:00:00,,,,,0.3381,0.6286,1040.714701,0.0,0.0,0.0,1040.714701,0.0,0.0,0.0,-14.603683,-14.603683,1.0,-14.603683,True,False
2024-02-11 06:00:00,40.4,40.6,40.26,40.46,48942.36,0.0001,71,-15.36119,0.0,mean_reversion,,886.400236,-1.545226,0.009107,False,,886.400236,-1.545226,886.400236,,mean_reversion,-0.757507,0.2619,16.0,AVAXUSDT,2024-02-11 06:00:00,,,,,0.3667,0.6286,1040.714701,0.0,0.0,0.0,1040.714701,0.0,0.0,0.0,-15.36119,-15.36119,1.0,-15.36119,True,False
2024-02-11 07:00:00,40.46,40.86,40.45,40.84,103971.45,0.0001,71,-20.0,0.0,mean_reversion,,873.536132,-1.582708,-0.417292,True,True,873.171613,-2.000835,873.536132,,mean_reversion,-4.63881,0.3286,17.0,AVAXUSDT,2024-02-11 07:00:00,AVAXUSDT,40.84,8.925553,SHORT,0.3571,0.6857,1040.714701,0.0,0.0,0.0,1040.714701,0.0,0.0,0.0,-22.834139,-22.834139,1.0,-22.834139,True,True
2024-02-11 08:00:00,40.83,41.05,40.62,40.96,99531.67,0.0001,71,-20.0,0.0,mean_reversion,,868.038197,-2.018581,0.018581,False,,868.038197,-2.018581,868.038197,,mean_reversion,0.0,0.3667,18.0,AVAXUSDT,2024-02-11 08:00:00,,,,,0.3762,0.7429,1040.714701,0.0,0.0,0.0,1040.714701,0.0,0.0,0.0,-23.458465,-23.458465,1.0,-23.458465,True,False
2024-02-11 09:00:00,40.95,41.2,40.55,40.6,121676.32,0.0001,71,-12.511133,0.0,mean_reversion,,883.438443,-1.965961,0.714848,True,True,882.806287,-1.252009,883.438443,,mean_reversion,7.488867,0.4429,19.0,AVAXUSDT,2024-02-11 09:00:00,AVAXUSDT,40.6,15.554774,REDUCE_SHORT,0.3571,0.8,1040.714701,0.0,0.0,0.0,1040.714701,0.0,0.0,0.0,-12.511133,-12.511133,1.0,-12.511133,True,True
2024-02-11 10:00:00,40.59,40.78,40.22,40.4,109415.59,0.0001,71,-6.522281,0.0,mean_reversion,,888.251024,-1.238205,0.585977,True,True,887.730008,-0.652611,888.251024,,mean_reversion,5.988853,0.5381,20.0,AVAXUSDT,2024-02-11 10:00:00,AVAXUSDT,40.4,12.883531,REDUCE_SHORT,0.3286,0.8667,1040.714701,0.0,0.0,0.0,1040.714701,0.0,0.0,0.0,-6.522281,-6.522281,1.0,-6.522281,True,True
2024-02-11 11:00:00,40.41,40.63,40.39,40.54,64850.79,0.0001,71,-9.461239,0.0,mean_reversion,,885.722387,-0.656357,-0.289767,True,True,885.465733,-0.946398,885.722387,,mean_reversion,-2.938959,0.5571,21.0,AVAXUSDT,2024-02-11 11:00:00,AVAXUSDT,40.54,6.330866,SHORT,0.319,0.8762,1040.714701,0.0,0.0,0.0,1040.714701,0.0,0.0,0.0,-9.461239,-9.461239,1.0,-9.461239,True,True
2024-02-11 12:00:00,40.54,40.72,40.43,40.51,67341.91,0.0001,71,-7.926704,0.0,mean_reversion,,886.085864,-0.945036,0.152366,False,,886.085864,-0.945036,886.085864,,mean_reversion,1.534536,0.3381,22.0,AVAXUSDT,2024-02-11 12:00:00,,,,,0.4238,0.7619,1040.714701,0.0,0.0,0.0,1040.714701,0.0,0.0,0.0,-7.926704,-7.926704,1.0,-7.926704,True,False
2024-02-11 13:00:00,40.51,40.51,39.71,39.88,222955.92,0.0001,71,7.376042,0.0,mean_reversion,,899.108606,-0.916864,1.654468,True,True,897.620235,0.738088,899.108606,,mean_reversion,15.302746,0.3286,23.0,AVAXUSDT,2024-02-11 13:00:00,AVAXUSDT,39.88,16.629546,LONG,0.3762,0.7048,1040.714701,0.0,0.0,0.0,1040.714701,0.0,0.0,0.0,7.376042,7.376042,1.0,7.376042,True,True
2024-02-11 14:00:00,39.89,40.05,39.59,40.02,131330.2,0.0001,71,3.527363,0.0,mean_reversion,,899.946043,0.738765,-0.386029,True,True,899.598638,0.352872,899.946043,,mean_reversion,-3.84868,0.0857,24.0,AVAXUSDT,2024-02-11 14:00:00,AVAXUSDT,40.02,8.680793,REDUCE_LONG,0.4286,0.5143,1040.714701,0.0,0.0,0.0,1040.714701,0.0,0.0,0.0,3.527363,3.527363,1.0,3.527363,True,True
2024-02-11 15:00:00,40.02,40.02,39.72,39.87,82992.34,0.0001,71,6.614651,0.0,mean_reversion,,898.408819,0.352015,0.30945,True,True,898.130807,0.66136,898.408819,,mean_reversion,3.087289,0.0524,25.0,AVAXUSDT,2024-02-11 15:00:00,AVAXUSDT,39.87,6.972971,LONG,0.4143,0.4667,1040.714701,0.0,0.0,0.0,1040.714701,0.0,0.0,0.0,6.614651,6.614651,1.0,6.614651,True,True
2024-02-11 16:00:00,39.88,39.95,39.55,39.89,80072.34,0.0001,71,6.036278,0.0,trending,,898.428769,0.661473,-0.057845,False,,898.428769,0.661473,898.428769,,trending,-0.578373,0.081,1.0,AVAXUSDT,2024-02-11 16:00:00,,,,,0.4333,0.3524,1040.714701,0.0,0.0,0.0,1040.714701,0.0,0.0,0.0,6.036278,6.036278,1.0,6.036278,True,False
2024-02-11 17:00:00,39.9,40.1,39.83,39.99,62391.55,0.0001,71,3.303218,0.0,trending,,899.918581,0.662033,-0.331711,True,True,899.620068,0.330431,899.918581,,trending,-2.73306,0.1,2.0,AVAXUSDT,2024-02-11 17:00:00,AVAXUSDT,39.99,7.464695,REDUCE_LONG,0.4429,0.3429,1040.714701,0.0,0.0,0.0,1040.714701,0.0,0.0,0.0,3.303218,3.303218,1.0,3.303218,True,True
2024-02-11 18:00:00,39.99,40.15,39.68,39.97,79276.16,0.0001,71,3.601846,0.0,trending,,899.4714,0.330321,0.029864,False,,899.4714,0.330321,899.4714,,trending,0.298628,0.0524,3.0,AVAXUSDT,2024-02-11 18:00:00,,,,,0.4048,0.3524,1040.714701,0.0,0.0,0.0,1040.714701,0.0,0.0,0.0,3.601846,3.601846,1.0,3.601846,True,False
2024-02-11 19:00:00,39.97,40.03,39.78,39.79,51886.65,0.0001,71,0.0,0.0,unknown,,898.133383,0.329323,-0.329323,True,True,897.837607,0.0,898.133383,,unknown,-3.601846,0.0333,1.0,AVAXUSDT,2024-02-11 19:00:00,AVAXUSDT,39.79,7.433426,CLOSE,0.3857,0.3524,1040.714701,0.0,0.0,0.0,1040.714701,0.0,0.0,0.0,,,,,True,True
2024-02-11 20:00:00,39.79,40.07,39.33,39.41,113658.77,0.0001,71,18.58879,0.0,trending,,897.837607,0.0,1.858879,True,True,896.168635,1.860479,897.837607,,trending,18.58879,0.1143,1.0,AVAXUSDT,2024-02-11 20:00:00,AVAXUSDT,39.41,42.348933,LONG,0.4095,0.2952,1040.714701,0.0,0.0,0.0,1040.714701,0.0,0.0,0.0,18.58879,18.58879,1.0,18.58879,True,True
2024-02-11 21:00:00,39.41,39.68,39.37,39.54,86894.41,0.0001,71,13.104513,0.0,trending,,901.668491,1.85523,-0.544779,True,True,901.177282,1.311166,901.668491,,trending,-5.484277,0.2048,2.0,AVAXUSDT,2024-02-11 21:00:00,AVAXUSDT,39.54,12.423109,REDUCE_LONG,0.481,0.2762,1040.714701,0.0,0.0,0.0,1040.714701,0.0,0.0,0.0,13.104513,13.104513,1.0,13.104513,True,True
2024-02-11 22:00:00,39.54,39.66,39.47,39.61,44193.5,0.0001,71,10.037064,0.0,trending,,903.269125,1.310445,-0.306739,True,True,902.992058,1.004014,903.269125,,trending,-3.067449,0.1476,3.0,AVAXUSDT,2024-02-11 22:00:00,AVAXUSDT,39.61,6.994887,REDUCE_LONG,0.481,0.3333,1040.714701,0.0,0.0,0.0,1040.714701,0.0,0.0,0.0,10.037064,10.037064,1.0,10.037064,True,True
2024-02-11 23:00:00,39.61,39.76,39.54,39.72,48636.6,0.0001,71,6.081741,0.0,trending,,905.509802,1.004003,-0.395829,True,True,905.151375,0.608415,905.509802,,trending,-3.955324,0.1762,4.0,AVAXUSDT,2024-02-11 23:00:00,AVAXUSDT,39.72,9.023847,REDUCE_LONG,0.4619,0.2857,1040.714701,0.0,0.0,0.0,1040.714701,0.0,0.0,0.0,6.081741,6.081741,1.0,6.081741,True,True
2024-02-12 00:00:00,39.73,40.12,39.61,39.95,110004.14,0.0001,70,0.0,0.0,unknown,,908.340266,0.60979,-0.60979,True,True,907.78637,0.0,908.340266,,unknown,-6.081741,0.0286,1.0,AVAXUSDT,2024-02-12 00:00:00,AVAXUSDT,39.95,13.864743,CLOSE,0.3905,0.3619,1040.714701,0.0,0.0,0.0,1040.714701,0.0,0.0,0.0,,,,,True,True
2024-02-12 01:00:00,39.94,39.95,39.08,39.28,224722.11,0.0001,70,17.333272,0.0,mean_reversion,,907.78637,0.0,1.733327,True,True,906.212879,1.7346,907.78637,,mean_reversion,17.333272,0.1048,1.0,AVAXUSDT,2024-02-12 01:00:00,AVAXUSDT,39.28,40.058319,LONG,0.3905,0.4952,1040.714701,0.0,0.0,0.0,1040.714701,0.0,0.0,0.0,17.333272,17.333272,1.0,17.333272,True,True
2024-02-12 02:00:00,39.28,39.42,38.6,38.84,243897.07,0.0001,70,0.0,0.0,unknown,,888.604844,1.749157,-1.749157,True,True,887.050535,0.0,888.604844,,unknown,-17.333272,0.0476,1.0,AVAXUSDT,2024-02-12 02:00:00,AVAXUSDT,38.84,40.018261,CLOSE,0.4286,0.4762,1040.714701,0.0,0.0,0.0,1040.714701,0.0,0.0,0.0,,,,,True,True
2024-02-12 03:00:00,38.84,38.9,38.71,38.75,54208.06,0.0001,70,20.0,0.0,trending,,887.050535,0.0,2.0,True,True,885.276434,2.002004,887.050535,,trending,20.0,0.1,1.0,AVAXUSDT,2024-02-12 03:00:00,AVAXUSDT,38.75,45.783253,LONG,0.5095,0.4095,1040.714701,0.0,0.0,0.0,1040.714701,0.0,0.0,0.0,24.0,24.0,1.0,24.0,True,True
2024-02-12 04:00:00,38.74,38.82,38.61,38.65,72850.3,0.0001,70,20.0,0.0,trending,,880.702687,2.007208,-0.007208,False,,880.702687,2.007208,880.702687,,trending,0.0,0.3905,2.0,AVAXUSDT,2024-02-12 04:00:00,,,,,0.6476,0.2571,1040.714701,0.0,0.0,0.0,1040.714701,0.0,0.0,0.0,24.0,24.0,1.0,24.0,True,False
2024-02-12 05:00:00,38.66,38.96,38.66,38.74,121883.93,0.0001,70,20.0,0.0,trending,,884.819059,2.002522,-0.002522,False,,884.819059,2.002522,884.819059,,trending,0.0,0.5381,3.0,AVAXUSDT,2024-02-12 05:00:00,,,,,0.719,0.181,1040.714701,0.0,0.0,0.0,1040.714701,0.0,0.0,0.0,23.505472,23.505472,1.0,23.505472,True,False
2024-02-12 06:00:00,38.74,38.83,38.38,38.61,111968.13,0.0001,70,20.0,0.0,trending,,878.873188,2.009304,-0.009304,False,,878.873188,2.009304,878.873188,,trending,0.0,0.5952,4.0,AVAXUSDT,2024-02-12 06:00:00,,,,,0.7476,0.1524,1040.714701,0.0,0.0,0.0,1040.714701,0.0,0.0,0.0,24.0,24.0,1.0,24.0,True,False
2024-02-12 07:00:00,38.6,39.03,38.6,38.87,90839.3,0.0001,70,15.013933,0.0,trending,,890.76493,1.99583,-0.494437,True,True,890.324503,1.502136,890.76493,,trending,-4.986067,0.6381,5.0,AVAXUSDT,2024-02-12 07:00:00,AVAXUSDT,38.87,11.330769,REDUCE_LONG,0.7905,0.1524,1040.714701,0.0,0.0,0.0,1040.714701,0.0,0.0,0.0,15.013933,15.013933,1.0,15.013933,True,True
2024-02-12 08:00:00,38.87,39.12,38.78,38.99,106237.98,0.0001,70,10.114294,0.0,trending,,894.453307,1.499818,-0.488389,True,True,894.016466,1.011924,894.453307,,trending,-4.899639,0.681,6.0,AVAXUSDT,2024-02-12 08:00:00,AVAXUSDT,38.99,11.203922,REDUCE_LONG,0.8143,0.1333,1040.714701,0.0,0.0,0.0,1040.714701,0.0,0.0,0.0,10.114294,10.114294,1.0,10.114294,True,True
2024-02-12 09:00:00,38.98,39.02,38.58,38.73,84565.54,0.0001,70,17.222486,0.0,trending,,887.983744,1.012005,0.710244,True,True,887.353059,1.722762,887.983744,,trending,7.108192,0.6429,7.0,AVAXUSDT,2024-02-12 09:00:00,AVAXUSDT,38.73,16.28415,LONG,0.8143,0.1714,1040.714701,0.0,0.0,0.0,1040.714701,0.0,0.0,0.0,17.222486,17.222486,1.0,17.222486,True,True
2024-02-12 10:00:00,38.73,38.99,38.7,38.76,72200.7,0.0001,70,15.009327,0.0,trending,,888.537178,1.721799,-0.220866,True,True,888.34093,1.501264,888.537178,,trending,-2.21316,0.6048,8.0,AVAXUSDT,2024-02-12 10:00:00,AVAXUSDT,38.76,5.063152,REDUCE_LONG,0.7857,0.181,1040.714701,0.0,0.0,0.0,1040.714701,0.0,0.0,0.0,15.009327,15.009327,1.0,15.009327,True,True
2024-02-12 11:00:00,38.75,38.79,38.39,38.62,115024.07,0.0001,70,17.577375,0.0,trending,,883.523881,1.503997,0.25374,True,True,883.299695,1.75793,883.523881,,trending,2.568048,0.6286,9.0,AVAXUSDT,2024-02-12 11:00:00,AVAXUSDT,38.62,5.80491,LONG,0.819,0.1905,1040.714701,0.0,0.0,0.0,1040.714701,0.0,0.0,0.0,17.577375,17.577375,1.0,17.577375,True,True
2024-02-12 12:00:00,38.61,38.86,38.51,38.85,94263.6,0.0001,70,9.117124,0.0,trending,,892.547213,1.750077,-0.838365,True,True,891.798933,0.912477,892.547213,,trending,-8.460251,0.619,10.0,AVAXUSDT,2024-02-12 12:00:00,AVAXUSDT,38.85,19.260748,REDUCE_LONG,0.7905,0.1714,1040.714701,0.0,0.0,0.0,1040.714701,0.0,0.0,0.0,9.117124,9.117124,1.0,9.117124,True,True
2024-02-12 13:00:00,38.85,38.85,38.57,38.59,39668.5,0.0001,70,16.011859,0.0,trending,,886.353012,0.91194,0.689246,True,True,885.742096,1.601601,886.353012,,trending,6.894735,0.5667,11.0,AVAXUSDT,2024-02-12 13:00:00,AVAXUSDT,38.59,15.830927,LONG,0.7476,0.181,1040.714701,0.0,0.0,0.0,1040.714701,0.0,0.0,0.0,16.011859,16.011859,1.0,16.011859,True,True
2024-02-12 14:00:00,38.58,39.46,38.56,39.4,173238.48,0.0001,70,-9.237545,0.0,trending,,915.518464,1.582034,-2.505788,True,True,913.224369,-0.926075,915.518464,,trending,-25.249403,0.2333,12.0,AVAXUSDT,2024-02-12 14:00:00,AVAXUSDT,39.4,21.464829,SHORT,0.5762,0.3429,1040.714701,0.0,0.0,0.0,1040.714701,0.0,0.0,0.0,-9.237545,-9.237545,1.0,-9.237545,True,True
2024-02-12 15:00:00,39.4,40.24,39.26,40.2,606035.04,0.0001,70,-20.0,0.0,trending,,896.052506,-0.962986,-1.037014,True,True,895.123287,-2.002076,896.052506,,trending,-10.762455,0.119,13.0,AVAXUSDT,2024-02-12 15:00:00,AVAXUSDT,40.2,23.114898,SHORT,0.481,0.3619,1040.714701,0.0,0.0,0.0,1040.714701,0.0,0.0,0.0,-24.0,-24.0,1.0,-24.0,True,True
2024-02-12 16:00:00,40.2,40.59,39.84,40.03,472342.11,0.0001,70,-20.0,0.0,trending,,902.70184,-1.976873,-0.023127,False,,902.70184,-1.976873,902.70184,,trending,0.0,0.2524,14.0,AVAXUSDT,2024-02-12 16:00:00,,,,,0.4619,0.2095,1040.714701,0.0,0.0,0.0,1040.714701,0.0,0.0,0.0,-21.416973,-21.416973,1.0,-21.416973,True,False
2024-02-12 17:00:00,40.03,40.98,39.97,40.68,476357.77,0.0001,70,-20.0,0.0,trending,,873.725018,-2.0756,0.0756,False,,873.725018,-2.0756,873.725018,,trending,0.0,0.3,15.0,AVAXUSDT,2024-02-12 17:00:00,,,,,0.4714,0.1714,1040.714701,0.0,0.0,0.0,1040.714701,0.0,0.0,0.0,-24.0,-24.0,1.0,-24.0,True,False
2024-02-12 18:00:00,40.68,41.13,40.65,40.7,245913.73,0.0001,70,-20.0,0.0,trending,,872.833423,-2.078741,0.078741,False,,872.833423,-2.078741,872.833423,,trending,0.0,0.5524,16.0,AVAXUSDT,2024-02-12 18:00:00,,,,,0.5524,0.0,1040.714701,0.0,0.0,0.0,1040.714701,0.0,0.0,0.0,-24.0,-24.0,1.0,-24.0,True,False
2024-02-12 19:00:00,40.69,40.99,40.21,40.29,187278.31,0.0001,70,-16.718022,0.0,trending,,891.111111,-2.015593,0.343791,True,True,890.804449,-1.672378,891.111111,,trending,3.281978,0.519,17.0,AVAXUSDT,2024-02-12 19:00:00,AVAXUSDT,40.29,7.603764,REDUCE_SHORT,0.5286,0.0095,1040.714701,0.0,0.0,0.0,1040.714701,0.0,0.0,0.0,-16.718022,-16.718022,1.0,-16.718022,True,True
2024-02-12 20:00:00,40.3,40.59,40.04,40.54,184038.73,0.0001,70,-20.0,0.0,trending,,881.560458,-1.7004,-0.2996,True,True,881.296343,-2.000599,881.560458,,trending,-3.281978,0.5667,18.0,AVAXUSDT,2024-02-12 20:00:00,AVAXUSDT,40.54,6.514933,SHORT,0.5667,0.0,1040.714701,0.0,0.0,0.0,1040.714701,0.0,0.0,0.0,-20.639443,-20.639443,1.0,-20.639443,True,True
2024-02-12 21:00:00,40.54,41.06,40.44,40.59,169557.7,0.0001,70,-20.0,0.0,trending,,879.121798,-2.008021,0.008021,False,,879.121798,-2.008021,879.121798,,trending,0.0,0.5857,19.0,AVAXUSDT,2024-02-12 21:00:00,,,,,0.5857,0.0,1040.714701,0.0,0.0,0.0,1040.714701,0.0,0.0,0.0,-20.25525,-20.25525,1.0,-20.25525,True,False
2024-02-12 22:00:00,40.6,41.14,40.46,41.05,109094.97,0.0001,70,-20.0,0.0,trending,,859.115986,-2.078068,0.078068,False,,859.115986,-2.078068,859.115986,,trending,0.0,0.6,20.0,AVAXUSDT,2024-02-12 22:00:00,,,,,0.619,0.019,1040.714701,0.0,0.0,0.0,1040.714701,0.0,0.0,0.0,-24.0,-24.0,1.0,-24.0,True,False
2024-02-12 23:00:00,41.05,41.18,40.78,40.97,121391.39,0.0001,70,-20.0,0.0,trending,,862.595258,-2.065652,0.065652,False,,862.595258,-2.065652,862.595258,,trending,0.0,0.6095,21.0,AVAXUSDT,2024-02-12 23:00:00,,,,,0.6381,0.0286,1040.714701,0.0,0.0,0.0,1040.714701,0.0,0.0,0.0,-24.0,-24.0,1.0,-24.0,True,False
2024-02-13 00:00:00,40.96,41.64,40.92,41.58,210061.29,0.0001,79,-20.0,0.0,trending,,836.065811,-2.16293,0.16293,False,,836.065811,-2.16293,836.065811,,trending,0.0,0.6286,22.0,AVAXUSDT,2024-02-13 00:00:00,,,,,0.6667,0.0381,1040.714701,0.0,0.0,0.0,1040.714701,0.0,0.0,0.0,-24.0,-24.0,1.0,-24.0,True,False
2024-02-13 01:00:00,41.58,41.7,41.23,41.43,106127.1,0.0001,79,-20.0,0.0,trending,,842.589446,-2.138441,0.138441,False,,842.589446,-2.138441,842.589446,,trending,0.0,0.681,23.0,AVAXUSDT,2024-02-13 01:00:00,,,,,0.719,0.0381,1040.714701,0.0,0.0,0.0,1040.714701,0.0,0.0,0.0,-24.0,-24.0,1.0,-24.0,True,False
2024-02-13 02:00:00,41.44,41.5,41.1,41.2,81385.89,0.0001,79,-19.719674,0.0,trending,,852.592352,-2.10162,0.129652,False,,852.592352,-2.10162,852.592352,,trending,0.280326,0.7143,24.0,AVAXUSDT,2024-02-13 02:00:00,,,,,0.7714,0.0571,1040.714701,0.0,0.0,0.0,1040.714701,0.0,0.0,0.0,-19.719674,-19.719674,1.0,-19.719674,True,False
2024-02-13 03:00:00,41.21,41.32,40.52,40.54,146918.33,0.0001,79,-3.594231,0.0,trending,,881.296343,-2.000599,1.641176,True,True,879.848532,-0.360014,881.296343,,trending,16.125443,0.6429,25.0,AVAXUSDT,2024-02-13 03:00:00,AVAXUSDT,40.54,35.677422,REDUCE_SHORT,0.7381,0.0952,1040.714701,0.0,0.0,0.0,1040.714701,0.0,0.0,0.0,-3.594231,-3.594231,1.0,-3.594231,True,True
2024-02-13 04:00:00,40.53,41.2,40.53,41.09,88351.98,0.0001,79,-14.248187,0.0,trending,,875.551122,-0.36669,-1.058129,True,True,874.624676,-1.426328,875.551122,,trending,-10.653956,0.6333,26.0,AVAXUSDT,2024-02-13 04:00:00,AVAXUSDT,41.09,22.54675,SHORT,0.7667,0.1333,1040.714701,0.0,0.0,0.0,1040.714701,0.0,0.0,0.0,-14.248187,-14.248187,1.0,-14.248187,True,True
2024-02-13 05:00:00,41.1,41.18,40.86,41.11,75129.44,0.0001,79,-13.428967,0.0,trending,,874.017471,-1.428014,0.085117,False,,874.017471,-1.428014,874.017471,,trending,0.81922,0.6714,27.0,AVAXUSDT,2024-02-13 05:00:00,,,,,0.7952,0.1238,1040.714701,0.0,0.0,0.0,1040.714701,0.0,0.0,0.0,-13.428967,-13.428967,1.0,-13.428967,True,False
2024-02-13 06:00:00,41.1,41.16,40.92,41.07,232830.03,0.0001,79,-11.383637,0.0,trending,,875.23188,-1.424645,0.286281,True,True,874.981067,-1.13869,875.23188,,trending,2.04533,0.7333,28.0,AVAXUSDT,2024-02-13 06:00:00,AVAXUSDT,41.07,6.100857,REDUCE_SHORT,0.819,0.0857,1040.714701,0.0,0.0,0.0,1040.714701,0.0,0.0,0.0,-11.383637,-11.383637,1.0,-11.383637,True,True
2024-02-13 07:00:00,41.06,41.21,40.8,41.09,303959.56,0.0001,79,-10.699346,0.0,trending,,874.49588,-1.139877,0.069942,False,,874.49588,-1.139877,874.49588,,trending,0.684291,0.7476,29.0,AVAXUSDT,2024-02-13 07:00:00,,,,,0.8238,0.0762,1040.714701,0.0,0.0,0.0,1040.714701,0.0,0.0,0.0,-10.699346,-10.699346,1.0,-10.699346,True,False
2024-02-13 08:00:00,41.08,41.55,41.01,41.48,105809.88,0.000164,79,-17.368358,0.0,trending,,865.034727,-1.163281,-0.573555,True,True,864.538582,-1.737833,865.034727,,trending,-6.669012,0.7333,30.0,AVAXUSDT,2024-02-13 08:00:00,AVAXUSDT,41.48,11.961059,SHORT,0.819,0.0857,1040.714701,0.0,0.0,0.0,1040.714701,0.0,0.0,0.0,-17.368358,-17.368358,1.0,-17.368358,True,True
2024-02-13 09:00:00,41.47,41.51,41.19,41.42,48813.03,0.000164,79,-14.459681,0.0,trending,,866.711808,-1.730968,0.285,True,True,866.464548,-1.446381,866.711808,,trending,2.908677,0.7333,31.0,AVAXUSDT,2024-02-13 09:00:00,AVAXUSDT,41.42,5.963604,REDUCE_SHORT,0.8286,0.0952,1040.714701,0.0,0.0,0.0,1040.714701,0.0,0.0,0.0,-14.459681,-14.459681,1.0,-14.459681,True,True
2024-02-13 10:00:00,41.41,41.41,40.94,40.99,90940.53,0.000164,79,-4.627202,0.0,trending,,879.474982,-1.41019,0.94747,True,True,878.640871,-0.463159,879.474982,,trending,9.832478,0.6857,32.0,AVAXUSDT,2024-02-13 10:00:00,AVAXUSDT,40.99,20.328771,REDUCE_SHORT,0.8,0.1143,1040.714701,0.0,0.0,0.0,1040.714701,0.0,0.0,0.0,-4.627202,-4.627202,1.0,-4.627202,True,True
2024-02-13 11:00:00,40.99,41.09,40.71,41.02,177308.93,0.000164,79,-5.071272,0.0,trending,,878.34303,-0.463656,-0.043472,False,,878.34303,-0.463656,878.34303,,trending,-0.44407,0.6524,33.0,AVAXUSDT,2024-02-13 11:00:00,,,,,0.7857,0.1333,1040.714701,0.0,0.0,0.0,1040.714701,0.0,0.0,0.0,-5.071272,-5.071272,1.0,-5.071272,True,False
2024-02-13 12:00:00,41.02,41.04,40.7,40.77,76444.01,0.000164,79,0.919365,0.0,trending,,880.825043,-0.459531,0.551468,True,True,880.338891,0.091895,880.825043,,trending,5.990637,0.6333,34.0,AVAXUSDT,2024-02-13 12:00:00,AVAXUSDT,40.77,1.986265,LONG,0.7667,0.1333,1040.714701,0.0,0.0,0.0,1040.714701,0.0,0.0,0.0,0.919365,0.919365,1.0,0.919365,True,True
2024-02-13 13:00:00,40.77,40.84,39.58,40.12,288543.4,0.000164,79,15.253303,0.0,trending,,879.04911,0.090563,1.434767,True,True,877.787879,1.526085,879.04911,,trending,14.333937,0.5524,35.0,AVAXUSDT,2024-02-13 13:00:00,AVAXUSDT,40.12,31.436465,LONG,0.6667,0.1143,1040.714701,0.0,0.0,0.0,1040.714701,0.0,0.0,0.0,15.253303,15.253303,1.0,15.253303,True,True
2024-02-13 14:00:00,40.12,40.29,38.89,39.34,435800.69,0.000164,79,20.0,0.0,trending,,851.74422,1.542171,0.457829,True,True,851.354266,2.000458,851.74422,,trending,4.746697,0.5619,36.0,AVAXUSDT,2024-02-13 14:00:00,AVAXUSDT,39.34,9.912382,LONG,0.6,0.0381,1040.714701,0.0,0.0,0.0,1040.714701,0.0,0.0,0.0,24.0,24.0,1.0,24.0,True,True
2024-02-13 15:00:00,39.33,39.73,39.16,39.43,184746.8,0.000164,79,20.0,0.0,trending,,855.250526,1.9959,0.0041,False,,855.250526,1.9959,855.250526,,trending,0.0,0.5476,37.0,AVAXUSDT,2024-02-13 15:00:00,,,,,0.5476,0.0,1040.714701,0.0,0.0,0.0,1040.714701,0.0,0.0,0.0,24.0,24.0,1.0,24.0,True,False
2024-02-13 16:00:00,39.44,39.58,38.9,38.91,179430.29,0.0001,79,20.0,0.0,trending,,832.738803,2.022823,-0.022823,False,,832.738803,2.022823,832.738803,,trending,0.0,0.5476,38.0,AVAXUSDT,2024-02-13 16:00:00,,,,,0.5476,0.0,1040.714701,0.0,0.0,0.0,1040.714701,0.0,0.0,0.0,24.0,24.0,1.0,24.0,True,False
2024-02-13 17:00:00,38.91,39.47,38.88,39.43,106374.25,0.0001,79,18.908164,0.0,trending,,855.250526,1.9959,-0.105084,False,,855.250526,1.9959,855.250526,,trending,-1.091836,0.5619,39.0,AVAXUSDT,2024-02-13 17:00:00,,,,,0.5619,0.0,1040.714701,0.0,0.0,0.0,1040.714701,0.0,0.0,0.0,18.908164,18.908164,1.0,18.908164,True,False
2024-02-13 18:00:00,39.43,39.94,39.34,39.68,123699.1,0.0001,79,12.021203,0.0,trending,,866.07347,1.983455,-0.781335,True,True,865.396777,1.20306,866.07347,,trending,-6.886961,0.5333,40.0,AVAXUSDT,2024-02-13 18:00:00,AVAXUSDT,39.68,17.05376,REDUCE_LONG,0.5429,0.0095,1040.714701,0.0,0.0,0.0,1040.714701,0.0,0.0,0.0,12.021203,12.021203,1.0,12.021203,True,True
2024-02-13 19:00:00,39.68,39.83,39.51,39.56,73568.79,0.0001,79,13.467333,0.0,trending,,862.248215,1.203802,0.142932,False,,862.248215,1.203802,862.248215,,trending,1.44613,0.5048,41.0,AVAXUSDT,2024-02-13 19:00:00,,,,,0.5238,0.019,1040.714701,0.0,0.0,0.0,1040.714701,0.0,0.0,0.0,13.467333,13.467333,1.0,13.467333,True,False
2024-02-13 20:00:00,39.56,39.99,39.52,39.86,76377.61,0.0001,79,6.027113,0.0,trending,,870.11962,1.201958,-0.599247,True,True,869.598204,0.603073,870.11962,,trending,-7.44022,0.4762,42.0,AVAXUSDT,2024-02-13 20:00:00,AVAXUSDT,39.86,13.081195,REDUCE_LONG,0.5048,0.0286,1040.714701,0.0,0.0,0.0,1040.714701,0.0,0.0,0.0,6.027113,6.027113,1.0,6.027113,True,True
2024-02-13 21:00:00,39.87,40.12,39.73,39.75,92960.21,0.0001,79,7.865976,0.0,trending,,868.150953,0.602411,0.184187,False,,868.150953,0.602411,868.150953,,trending,1.838863,0.4762,43.0,AVAXUSDT,2024-02-13 21:00:00,,,,,0.5048,0.0286,1040.714701,0.0,0.0,0.0,1040.714701,0.0,0.0,0.0,7.865976,7.865976,1.0,7.865976,True,False
2024-02-13 22:00:00,39.74,39.87,39.54,39.64,75936.79,0.0001,79,9.550486,0.0,trending,,866.703703,0.601747,0.353302,True,True,866.397495,0.955033,866.703703,,trending,1.68451,0.5048,44.0,AVAXUSDT,2024-02-13 22:00:00,AVAXUSDT,39.64,7.724717,LONG,0.5429,0.0381,1040.714701,0.0,0.0,0.0,1040.714701,0.0,0.0,0.0,9.550486,9.550486,1.0,9.550486,True,True
2024-02-13 23:00:00,39.64,39.78,39.41,39.74,60230.32,0.0001,79,6.729737,0.0,trending,,868.484877,0.955141,-0.282167,True,True,868.239819,0.673164,868.484877,,trending,-2.820749,0.4762,45.0,AVAXUSDT,2024-02-13 23:00:00,AVAXUSDT,39.74,6.166529,REDUCE_LONG,0.5429,0.0667,1040.714701,0.0,0.0,0.0,1040.714701,0.0,0.0,0.0,6.729737,6.729737,1.0,6.729737,True,True
2024-02-14 00:00:00,39.73,39.74,39.16,39.31,132315.62,0.0001,74,15.93716,0.0,trending,,861.915686,0.670766,0.92295,True,True,861.120181,1.594264,861.915686,,trending,9.207422,0.5619,46.0,AVAXUSDT,2024-02-14 00:00:00,AVAXUSDT,39.31,20.236719,LONG,0.6381,0.0762,1040.714701,0.0,0.0,0.0,1040.714701,0.0,0.0,0.0,15.93716,15.93716,1.0,15.93716,True,True
2024-02-14 01:00:00,39.31,39.45,39.1,39.3,52316.1,0.0001,74,14.605787,0.0,trending,,860.770943,1.594506,-0.133927,False,,860.770943,1.594506,860.770943,,trending,-1.331373,0.6,47.0,AVAXUSDT,2024-02-14 01:00:00,,,,,0.6762,0.0762,1040.714701,0.0,0.0,0.0,1040.714701,0.0,0.0,0.0,14.605787,14.605787,1.0,14.605787,True,False
2024-02-14 02:00:00,39.3,39.48,39.19,39.41,37567.15,0.0001,74,10.665517,0.0,trending,,864.612557,1.591864,-0.525312,True,True,864.158366,1.067112,864.612557,,trending,-3.94027,0.6143,48.0,AVAXUSDT,2024-02-14 02:00:00,AVAXUSDT,39.41,11.524783,REDUCE_LONG,0.6905,0.0762,1040.714701,0.0,0.0,0.0,1040.714701,0.0,0.0,0.0,10.665517,10.665517,1.0,10.665517,True,True
2024-02-14 03:00:00,39.41,39.61,39.38,39.5,48636.12,0.0001,74,7.745337,0.0,trending,,866.264274,1.066949,-0.292415,True,True,866.010965,0.77476,866.264274,,trending,-2.92018,0.5714,49.0,AVAXUSDT,2024-02-14 03:00:00,AVAXUSDT,39.5,6.412887,REDUCE_LONG,0.6476,0.0762,1040.714701,0.0,0.0,0.0,1040.714701,0.0,0.0,0.0,7.745337,7.745337,1.0,7.745337,True,True
2024-02-14 04:00:00,39.5,39.64,39.28,39.37,68812.94,0.0001,74,10.172231,0.0,trending,,863.802773,0.774184,0.243039,True,True,863.592835,1.017227,863.802773,,trending,2.426894,0.7286,50.0,AVAXUSDT,2024-02-14 04:00:00,AVAXUSDT,39.37,5.332423,LONG,0.7286,0.0,1040.714701,0.0,0.0,0.0,1040.714701,0.0,0.0,0.0,10.172231,10.172231,1.0,10.172231,True,True
2024-02-14 05:00:00,39.38,39.73,39.35,39.7,51878.81,0.0001,74,1.472371,0.0,trending,,870.956187,1.017082,-0.869844,True,True,870.198591,0.147365,870.956187,,trending,-8.69986,0.681,51.0,AVAXUSDT,2024-02-14 05:00:00,AVAXUSDT,39.7,19.083034,REDUCE_LONG,0.7095,0.0286,1040.714701,0.0,0.0,0.0,1040.714701,0.0,0.0,0.0,1.472371,1.472371,1.0,1.472371,True,True
2024-02-14 06:00:00,39.7,39.72,39.6,39.69,56909.95,0.0001,74,1.621084,0.0,trending,,870.166289,0.147334,0.014775,False,,870.166289,0.147334,870.166289,,trending,0.148712,0.6524,52.0,AVAXUSDT,2024-02-14 06:00:00,,,,,0.6905,0.0381,1040.714701,0.0,0.0,0.0,1040.714701,0.0,0.0,0.0,1.621084,1.621084,1.0,1.621084,True,False
2024-02-14 07:00:00,39.69,39.95,39.68,39.9,81342.08,0.0001,74,-3.634854,0.0,trending,,870.844621,0.147998,-0.511483,True,True,870.399199,-0.363671,870.844621,,trending,-5.255937,0.5905,53.0,AVAXUSDT,2024-02-14 07:00:00,AVAXUSDT,39.9,7.933315,SHORT,0.6571,0.0667,1040.714701,0.0,0.0,0.0,1040.714701,0.0,0.0,0.0,-3.634854,-3.634854,1.0,-3.634854,True,True
2024-02-14 08:00:00,39.91,40.6,39.76,40.57,150782.7,0.000122,74,-18.673913,0.0,trending,,865.083878,-0.37205,-1.495341,True,True,863.790282,-1.870188,865.083878,,trending,-15.03906,0.4333,54.0,AVAXUSDT,2024-02-14 08:00:00,AVAXUSDT,40.57,31.885519,SHORT,0.5857,0.1524,1040.714701,0.0,0.0,0.0,1040.714701,0.0,0.0,0.0,-18.673913,-18.673913,1.0,-18.673913,True,True
2024-02-14 09:00:00,40.57,41.89,40.4,41.76,560521.97,0.000122,74,-20.0,0.0,trending,,816.405869,-2.036774,0.036774,False,,816.405869,-2.036774,816.405869,,trending,-1.326087,0.3095,55.0,AVAXUSDT,2024-02-14 09:00:00,,,,,0.481,0.1714,1040.714701,0.0,0.0,0.0,1040.714701,0.0,0.0,0.0,-24.0,-24.0,1.0,-24.0,True,False
2024-02-14 10:00:00,41.76,41.86,41.34,41.41,290669.04,0.000122,74,-20.0,0.0,trending,,830.342461,-1.985805,-0.014195,False,,830.342461,-1.985805,830.342461,,trending,0.0,0.2857,56.0,AVAXUSDT,2024-02-14 10:00:00,,,,,0.4381,0.1524,1040.714701,0.0,0.0,0.0,1040.714701,0.0,0.0,0.0,-24.0,-24.0,1.0,-24.0,True,False
2024-02-14 11:00:00,41.4,41.55,41.15,41.48,210971.34,0.000122,74,-20.0,0.0,trending,,827.555142,-1.995861,-0.004139,False,,827.555142,-1.995861,827.555142,,trending,0.0,0.3762,57.0,AVAXUSDT,2024-02-14 11:00:00,,,,,0.4619,0.0857,1040.714701,0.0,0.0,0.0,1040.714701,0.0,0.0,0.0,-24.0,-24.0,1.0,-24.0,True,False
2024-02-14 12:00:00,41.49,41.69,41.29,41.4,150499.04,0.000122,74,-20.0,0.0,trending,,830.740649,-1.984374,-0.015626,False,,830.740649,-1.984374,830.740649,,trending,0.0,0.5048,58.0,AVAXUSDT,2024-02-14 12:00:00,,,,,0.5048,0.0,1040.714701,0.0,0.0,0.0,1040.714701,0.0,0.0,0.0,-24.0,-24.0,1.0,-24.0,True,False
2024-02-14 13:00:00,41.41,41.71,41.26,41.6,177104.31,0.000122,74,-20.0,0.0,trending,,822.776882,-2.01326,0.01326,False,,822.776882,-2.01326,822.776882,,trending,0.0,0.519,59.0,AVAXUSDT,2024-02-14 13:00:00,,,,,0.5476,0.0286,1040.714701,0.0,0.0,0.0,1040.714701,0.0,0.0,0.0,-24.0,-24.0,1.0,-24.0,True,False
2024-02-14 14:00:00,41.6,42.29,41.36,41.85,402468.5,0.000122,74,-20.0,0.0,trending,,812.822174,-2.050163,0.050163,False,,812.822174,-2.050163,812.822174,,trending,0.0,0.5714,60.0,AVAXUSDT,2024-02-14 14:00:00,,,,,0.6667,0.0952,1040.714701,0.0,0.0,0.0,1040.714701,0.0,0.0,0.0,-24.0,-24.0,1.0,-24.0,True,False
2024-02-14 15:00:00,41.85,41.97,41.07,41.68,363349.43,0.000122,74,-20.0,0.0,trending,,819.591376,-2.024971,0.024971,False,,819.591376,-2.024971,819.591376,,trending,0.0,0.6952,61.0,AVAXUSDT,2024-02-14 15:00:00,,,,,0.7714,0.0762,1040.714701,0.0,0.0,0.0,1040.714701,0.0,0.0,0.0,-24.0,-24.0,1.0,-24.0,True,False
2024-02-14 16:00:00,41.68,41.74,40.96,41.33,267374.63,0.000264,74,-13.89612,0.0,trending,,833.527968,-1.974394,0.584782,True,True,833.040048,-1.390426,833.527968,,trending,6.10388,0.7238,62.0,AVAXUSDT,2024-02-14 16:00:00,AVAXUSDT,41.33,11.793661,REDUCE_SHORT,0.8476,0.1238,1040.714701,0.0,0.0,0.0,1040.714701,0.0,0.0,0.0,-13.89612,-13.89612,1.0,-13.89612,True,True
2024-02-14 17:00:00,41.34,41.54,41.21,41.47,131610.36,0.000264,74,-15.918817,0.0,trending,,829.116523,-1.401738,-0.190144,False,,829.116523,-1.401738,829.116523,,trending,-2.022697,0.7286,63.0,AVAXUSDT,2024-02-14 17:00:00,,,,,0.8619,0.1333,1040.714701,0.0,0.0,0.0,1040.714701,0.0,0.0,0.0,-15.918817,-15.918817,1.0,-15.918817,True,False
2024-02-14 18:00:00,41.47,41.63,41.22,41.51,79555.75,0.000264,74,-15.21991,0.0,trending,,827.995516,-1.404989,-0.117002,False,,827.995516,-1.404989,827.995516,,trending,0.698907,0.7619,64.0,AVAXUSDT,2024-02-14 18:00:00,,,,,0.8762,0.1143,1040.714701,0.0,0.0,0.0,1040.714701,0.0,0.0,0.0,-15.21991,-15.21991,1.0,-15.21991,True,False
2024-02-14 19:00:00,41.51,41.87,41.34,41.83,102620.87,0.000264,74,-20.0,0.0,trending,,819.027461,-1.431323,-0.568677,True,True,818.561699,-2.001138,819.027461,,trending,-4.78009,0.819,65.0,AVAXUSDT,2024-02-14 19:00:00,AVAXUSDT,41.83,11.134638,SHORT,0.9143,0.0952,1040.714701,0.0,0.0,0.0,1040.714701,0.0,0.0,0.0,-20.87296,-20.87296,1.0,-20.87296,True,True
2024-02-14 20:00:00,41.84,42.0,41.71,41.94,122239.05,0.000264,74,-20.0,0.0,trending,,814.25412,-2.017015,0.017015,False,,814.25412,-2.017015,814.25412,,trending,0.0,0.8476,66.0,AVAXUSDT,2024-02-14 20:00:00,,,,,0.9333,0.0857,1040.714701,0.0,0.0,0.0,1040.714701,0.0,0.0,0.0,-22.002522,-22.002522,1.0,-22.002522,True,False
2024-02-14 21:00:00,41.93,42.13,41.67,42.1,145042.29,0.000264,74,-20.0,0.0,trending,,807.98855,-2.04041,0.04041,False,,807.98855,-2.04041,807.98855,,trending,0.0,0.9143,67.0,AVAXUSDT,2024-02-14 21:00:00,,,,,0.9619,0.0476,1040.714701,0.0,0.0,0.0,1040.714701,0.0,0.0,0.0,-23.415079,-23.415079,1.0,-23.415079,True,False
2024-02-14 22:00:00,42.09,42.36,41.92,42.23,149056.46,0.000264,74,-20.0,0.0,trending,,802.897774,-2.059688,0.059688,False,,802.897774,-2.059688,802.897774,,trending,0.0,0.9857,68.0,AVAXUSDT,2024-02-14 22:00:00,,,,,0.9952,0.0095,1040.714701,0.0,0.0,0.0,1040.714701,0.0,0.0,0.0,-23.861929,-23.861929,1.0,-23.861929,True,False
2024-02-14 23:00:00,42.23,42.42,42.07,42.22,115933.65,0.000264,74,-20.0,0.0,trending,,803.289372,-2.058196,0.058196,False,,803.289372,-2.058196,803.289372,,trending,0.0,0.9857,69.0,AVAXUSDT,2024-02-14 23:00:00,,,,,0.9952,0.0095,1040.714701,0.0,0.0,0.0,1040.714701,0.0,0.0,0.0,-21.11956,-21.11956,1.0,-21.11956,True,False
2024-02-15 00:00:00,42.23,42.73,42.19,42.69,198567.11,0.000324,72,-20.0,0.0,trending,,784.884261,-2.129909,0.129909,False,,784.884261,-2.129909,784.884261,,trending,0.0,1.0,70.0,AVAXUSDT,2024-02-15 00:00:00,,,,,1.0,0.0,1040.714701,0.0,0.0,0.0,1040.714701,0.0,0.0,0.0,-24.0,-24.0,1.0,-24.0,True,False
2024-02-15 01:00:00,42.68,42.7,41.83,42.25,173436.82,0.000324,72,-15.950468,0.0,trending,,802.114578,-2.062675,0.467629,True,True,801.739111,-1.595794,802.114578,,trending,4.049532,1.0,71.0,AVAXUSDT,2024-02-15 01:00:00,AVAXUSDT,42.25,8.877912,REDUCE_SHORT,1.0,0.0,1040.714701,0.0,0.0,0.0,1040.714701,0.0,0.0,0.0,-15.950468,-15.950468,1.0,-15.950468,True,True
2024-02-15 02:00:00,42.24,42.64,42.0,42.07,128616.46,0.000324,72,-10.129612,0.0,trending,,807.189853,-1.578265,0.565304,True,True,806.733088,-1.013535,807.189853,,trending,5.820856,0.819,72.0,AVAXUSDT,2024-02-15 02:00:00,AVAXUSDT,42.07,10.846389,REDUCE_SHORT,0.9333,0.1143,1040.714701,0.0,0.0,0.0,1040.714701,0.0,0.0,0.0,-10.129612,-10.129612,1.0,-10.129612,True,True
2024-02-15 03:00:00,42.07,42.4,42.03,42.38,100965.56,0.000324,72,-15.352254,0.0,trending,,800.70808,-1.028686,-0.50654,True,True,800.30249,-1.536003,800.70808,,trending,-5.222642,0.9,73.0,AVAXUSDT,2024-02-15 03:00:00,AVAXUSDT,42.38,9.570325,SHORT,0.9571,0.0571,1040.714701,0.0,0.0,0.0,1040.714701,0.0,0.0,0.0,-15.352254,-15.352254,1.0,-15.352254,True,True
2024-02-15 04:00:00,42.37,42.4,41.92,42.02,119299.73,0.000324,72,-6.821335,0.0,trending,,810.744591,-1.503341,0.821207,True,True,810.078135,-0.682695,810.744591,,trending,8.530919,0.6667,74.0,AVAXUSDT,2024-02-15 04:00:00,AVAXUSDT,42.02,15.844579,REDUCE_SHORT,0.8762,0.2095,1040.714701,0.0,0.0,0.0,1040.714701,0.0,0.0,0.0,-6.821335,-6.821335,1.0,-6.821335,True,True
2024-02-15 05:00:00,42.01,42.06,41.4,41.59,129593.28,0.000324,72,3.002598,0.0,trending,,815.737476,-0.671021,0.97128,True,True,814.944618,0.300251,815.737476,,trending,9.823933,0.7048,75.0,AVAXUSDT,2024-02-15 05:00:00,AVAXUSDT,41.59,5.889233,LONG,0.8762,0.1714,1040.714701,0.0,0.0,0.0,1040.714701,0.0,0.0,0.0,3.002598,3.002598,1.0,3.002598,True,True
2024-02-15 06:00:00,41.58,41.87,41.53,41.72,67982.15,0.000324,72,-0.204469,0.0,trending,,815.709453,0.300907,-0.321354,True,True,815.447321,-0.020453,815.709453,,trending,-3.207067,0.6619,76.0,AVAXUSDT,2024-02-15 06:00:00,AVAXUSDT,41.72,0.399778,SHORT,0.8429,0.181,1040.714701,0.0,0.0,0.0,1040.714701,0.0,0.0,0.0,-0.204469,-0.204469,1.0,-0.204469,True,True
2024-02-15 07:00:00,41.72,42.93,41.71,42.9,149536.67,0.000324,72,-20.0,0.0,trending,,814.975583,-0.021044,-1.978956,True,True,813.362782,-2.003966,814.975583,,trending,-19.795531,0.3619,77.0,AVAXUSDT,2024-02-15 07:00:00,AVAXUSDT,42.9,37.594422,SHORT,0.7429,0.381,1040.714701,0.0,0.0,0.0,1040.714701,0.0,0.0,0.0,-24.0,-24.0,1.0,-24.0,True,True
2024-02-15 08:00:00,42.9,42.92,42.26,42.56,192944.58,0.000345,72,-15.220748,0.0,trending,,826.28081,-1.957002,0.434927,True,True,825.921078,-1.522738,826.28081,,trending,4.779252,0.3,78.0,AVAXUSDT,2024-02-15 08:00:00,AVAXUSDT,42.56,8.44389,REDUCE_SHORT,0.7,0.4,1040.714701,0.0,0.0,0.0,1040.714701,0.0,0.0,0.0,-15.220748,-15.220748,1.0,-15.220748,True,True
2024-02-15 09:00:00,42.55,43.18,42.41,42.91,212602.49,0.000345,72,-20.0,0.0,trending,,815.57847,-1.554729,-0.445271,True,True,815.215317,-2.000891,815.57847,,trending,-4.779252,0.219,79.0,AVAXUSDT,2024-02-15 09:00:00,AVAXUSDT,42.91,8.463136,SHORT,0.619,0.4,1040.714701,0.0,0.0,0.0,1040.714701,0.0,0.0,0.0,-20.457675,-20.457675,1.0,-20.457675,True,True
2024-02-15 10:00:00,42.9,43.6,42.83,43.19,262780.87,0.000345,72,-20.0,0.0,trending,,804.571552,-2.04059,0.04059,False,,804.571552,-2.04059,804.571552,,trending,0.0,0.2476,80.0,AVAXUSDT,2024-02-15 10:00:00,,,,,0.619,0.3714,1040.714701,0.0,0.0,0.0,1040.714701,0.0,0.0,0.0,-24.0,-24.0,1.0,-24.0,True,False
2024-02-15 11:00:00,43.2,43.3,42.68,42.87,132507.94,0.000345,72,-15.990575,0.0,trending,,816.735855,-1.995304,0.396247,True,True,816.411902,-1.599692,816.735855,,trending,4.009425,0.2238,81.0,AVAXUSDT,2024-02-15 11:00:00,AVAXUSDT,42.87,7.549073,REDUCE_SHORT,0.5762,0.3524,1040.714701,0.0,0.0,0.0,1040.714701,0.0,0.0,0.0,-15.990575,-15.990575,1.0,-15.990575,True,True
2024-02-15 12:00:00,42.87,43.04,42.23,42.48,157254.62,0.000345,72,-6.290391,0.0,trending,,828.293007,-1.562402,0.933363,True,True,827.519136,-0.629627,828.293007,,trending,9.700184,0.1381,82.0,AVAXUSDT,2024-02-15 12:00:00,AVAXUSDT,42.48,18.199101,REDUCE_SHORT,0.519,0.381,1040.714701,0.0,0.0,0.0,1040.714701,0.0,0.0,0.0,-6.290391,-6.290391,1.0,-6.290391,True,True
2024-02-15 13:00:00,42.48,42.67,42.28,42.57,85155.97,0.000345,72,-7.530618,0.0,trending,,826.415261,-0.631804,-0.121258,False,,826.415261,-0.631804,826.415261,,trending,-1.240227,0.1476,83.0,AVAXUSDT,2024-02-15 13:00:00,,,,,0.5,0.3524,1040.714701,0.0,0.0,0.0,1040.714701,0.0,0.0,0.0,-7.530618,-7.530618,1.0,-7.530618,True,False
2024-02-15 14:00:00,42.57,43.2,42.39,43.01,150046.88,0.000345,72,-15.418522,0.0,trending,,821.018542,-0.64253,-0.899322,True,True,820.280182,-1.54324,821.018542,,trending,-7.887903,0.0714,84.0,AVAXUSDT,2024-02-15 14:00:00,AVAXUSDT,43.01,17.167169,SHORT,0.4619,0.3905,1040.714701,0.0,0.0,0.0,1040.714701,0.0,0.0,0.0,-15.418522,-15.418522,1.0,-15.418522,True,True
2024-02-15 15:00:00,43.0,43.15,41.49,41.88,402988.95,0.000345,72,7.981355,0.0,mean_reversion,,853.538839,-1.444141,2.242277,True,True,851.623735,0.79913,853.538839,,mean_reversion,23.399877,0.2095,1.0,AVAXUSDT,2024-02-15 15:00:00,AVAXUSDT,41.88,16.266468,LONG,0.2952,0.5048,1040.714701,0.0,0.0,0.0,1040.714701,0.0,0.0,0.0,7.981355,7.981355,1.0,7.981355,True,True
2024-02-15 16:00:00,41.88,42.27,41.28,41.9,263035.91,0.000294,72,6.507851,0.0,mean_reversion,,851.948739,0.799207,-0.148422,False,,851.948739,0.799207,851.948739,,mean_reversion,-1.473505,0.2381,2.0,AVAXUSDT,2024-02-15 16:00:00,,,,,0.2667,0.5048,1040.714701,0.0,0.0,0.0,1040.714701,0.0,0.0,0.0,6.507851,6.507851,1.0,6.507851,True,False
2024-02-15 17:00:00,41.89,42.26,41.76,41.9,130867.73,0.000294,72,5.871099,0.0,mean_reversion,,851.948739,0.799207,-0.212097,True,True,851.768043,0.587234,851.948739,,mean_reversion,-0.636752,0.1952,3.0,AVAXUSDT,2024-02-15 17:00:00,AVAXUSDT,41.9,4.312552,REDUCE_LONG,0.2714,0.4667,1040.714701,0.0,0.0,0.0,1040.714701,0.0,0.0,0.0,5.871099,5.871099,1.0,5.871099,True,True
2024-02-15 18:00:00,41.91,42.12,41.74,41.81,71393.45,0.000294,72,6.905078,0.0,mean_reversion,,850.693654,0.586713,0.103795,False,,850.693654,0.586713,850.693654,,mean_reversion,1.033979,0.1524,4.0,AVAXUSDT,2024-02-15 18:00:00,,,,,0.2857,0.4381,1040.714701,0.0,0.0,0.0,1040.714701,0.0,0.0,0.0,6.905078,6.905078,1.0,6.905078,True,False
2024-02-15 19:00:00,41.81,41.84,41.47,41.69,124951.52,0.000294,72,8.328854,0.0,mean_reversion,,849.261136,0.586016,0.246869,True,True,849.05148,0.832844,849.261136,,mean_reversion,1.423777,0.1238,5.0,AVAXUSDT,2024-02-15 19:00:00,AVAXUSDT,41.69,5.028942,LONG,0.2952,0.419,1040.714701,0.0,0.0,0.0,1040.714701,0.0,0.0,0.0,8.328854,8.328854,1.0,8.328854,True,True
2024-02-15 20:00:00,41.68,41.88,41.43,41.5,96042.38,0.000294,72,10.916406,0.0,mean_reversion,,845.828783,0.832207,0.259433,True,True,845.609347,1.091664,845.828783,,mean_reversion,2.587552,0.1476,6.0,AVAXUSDT,2024-02-15 20:00:00,AVAXUSDT,41.5,5.287618,LONG,0.2905,0.4381,1040.714701,0.0,0.0,0.0,1040.714701,0.0,0.0,0.0,10.916406,10.916406,1.0,10.916406,True,True
2024-02-15 21:00:00,41.5,41.77,40.84,40.99,149609.48,0.000294,72,18.737458,0.0,mean_reversion,,834.264961,1.092911,0.780835,True,True,833.613537,1.874429,834.264961,,mean_reversion,7.821052,0.1667,7.0,AVAXUSDT,2024-02-15 21:00:00,AVAXUSDT,40.99,15.892249,LONG,0.2905,0.4571,1040.714701,0.0,0.0,0.0,1040.714701,0.0,0.0,0.0,18.737458,18.737458,1.0,18.737458,True,True
2024-02-15 22:00:00,40.99,41.5,40.98,41.33,105085.22,0.000294,72,11.113713,0.0,mean_reversion,,846.574423,1.861041,-0.74967,True,True,845.939771,1.112205,846.574423,,mean_reversion,-7.623746,0.1714,8.0,AVAXUSDT,2024-02-15 22:00:00,AVAXUSDT,41.33,15.355709,REDUCE_LONG,0.2952,0.4667,1040.714701,0.0,0.0,0.0,1040.714701,0.0,0.0,0.0,11.113713,11.113713,1.0,11.113713,True,True
2024-02-15 23:00:00,41.33,41.65,41.28,41.55,61206.51,0.000294,72,6.180858,0.0,mean_reversion,,850.94797,1.111545,-0.493459,True,True,850.528062,0.618391,850.94797,,mean_reversion,-4.932855,0.1762,9.0,AVAXUSDT,2024-02-15 23:00:00,AVAXUSDT,41.55,10.106086,REDUCE_LONG,0.2905,0.4667,1040.714701,0.0,0.0,0.0,1040.714701,0.0,0.0,0.0,6.180858,6.180858,1.0,6.180858,True,True
2024-02-16 00:00:00,41.54,41.57,41.15,41.47,92553.78,0.000262,72,7.031876,0.0,mean_reversion,,849.515386,0.617936,0.085252,False,,849.515386,0.617936,849.515386,,mean_reversion,0.851018,0.119,10.0,AVAXUSDT,2024-02-16 00:00:00,,,,,0.3286,0.4476,1040.714701,0.0,0.0,0.0,1040.714701,0.0,0.0,0.0,7.031876,7.031876,1.0,7.031876,True,False
2024-02-16 01:00:00,41.46,41.74,41.35,41.71,58374.55,0.000262,72,2.159707,0.0,mean_reversion,,852.553415,0.619297,-0.403327,True,True,852.209558,0.216058,852.553415,,mean_reversion,-4.872169,0.1571,11.0,AVAXUSDT,2024-02-16 01:00:00,AVAXUSDT,41.71,8.244009,REDUCE_LONG,0.3095,0.4667,1040.714701,0.0,0.0,0.0,1040.714701,0.0,0.0,0.0,2.159707,2.159707,1.0,2.159707,True,True
2024-02-16 02:00:00,41.72,41.79,41.53,41.77,46773.34,0.000262,72,0.876529,0.0,mean_reversion,,852.474425,0.216301,-0.128649,False,,852.474425,0.216301,852.474425,,mean_reversion,-1.283178,0.1667,12.0,AVAXUSDT,2024-02-16 02:00:00,,,,,0.2905,0.4571,1040.714701,0.0,0.0,0.0,1040.714701,0.0,0.0,0.0,0.876529,0.876529,1.0,0.876529,True,False
2024-02-16 03:00:00,41.77,41.78,41.52,41.71,65807.83,0.000262,72,2.028858,0.0,mean_reversion,,852.209558,0.216058,-0.013172,False,,852.209558,0.216058,852.209558,,mean_reversion,1.15233,0.1762,13.0,AVAXUSDT,2024-02-16 03:00:00,,,,,0.2905,0.4667,1040.714701,0.0,0.0,0.0,1040.714701,0.0,0.0,0.0,2.028858,2.028858,1.0,2.028858,True,False
2024-02-16 04:00:00,41.71,41.76,41.54,41.56,65908.01,0.000262,72,4.947337,0.0,mean_reversion,,851.547391,0.215448,0.279285,True,True,851.309566,0.494593,851.547391,,mean_reversion,2.918479,0.1667,14.0,AVAXUSDT,2024-02-16 04:00:00,AVAXUSDT,41.56,5.722445,LONG,0.2905,0.4571,1040.714701,0.0,0.0,0.0,1040.714701,0.0,0.0,0.0,4.947337,4.947337,1.0,4.947337,True,True
2024-02-16 05:00:00,41.56,41.81,41.44,41.55,103098.85,0.000262,72,0.0,0.0,unknown,,851.208254,0.494532,-0.494532,True,True,850.787304,0.0,851.208254,,unknown,-4.947337,0.0238,1.0,AVAXUSDT,2024-02-16 05:00:00,AVAXUSDT,41.55,10.131169,CLOSE,0.3286,0.3524,1040.714701,0.0,0.0,0.0,1040.714701,0.0,0.0,0.0,,,,,True,True
2024-02-16 06:00:00,41.54,41.74,41.13,41.21,88458.34,0.000262,72,0.0,0.0,unknown,,850.787304,0.0,0.0,,,850.787304,0.0,850.787304,,unknown,0.0,0.0095,2.0,,,,,,,0.3429,0.3524,1040.714701,0.0,0.0,0.0,1040.714701,0.0,0.0,0.0,,,,,,
2024-02-16 07:00:00,41.21,41.29,40.67,40.76,149757.95,0.000262,72,0.0,0.0,unknown,,850.787304,0.0,0.0,,,850.787304,0.0,850.787304,,unknown,0.0,0.0429,3.0,,,,,,,0.4524,0.4095,1040.714701,0.0,0.0,0.0,1040.714701,0.0,0.0,0.0,,,,,,
2024-02-16 08:00:00,40.75,40.95,40.57,40.7,130145.22,0.000207,72,20.0,0.0,trending,,850.787304,0.0,2.0,True,True,849.085729,2.002004,850.787304,,trending,20.0,0.1,1.0,AVAXUSDT,2024-02-16 08:00:00,AVAXUSDT,40.7,41.80773,LONG,0.519,0.419,1040.714701,0.0,0.0,0.0,1040.714701,0.0,0.0,0.0,20.280986,20.280986,1.0,20.280986,True,True
2024-02-16 09:00:00,40.7,40.72,40.23,40.38,182634.38,0.000207,72,20.0,0.0,trending,,835.720634,2.018028,-0.018028,False,,835.720634,2.018028,835.720634,,trending,0.0,0.1381,2.0,AVAXUSDT,2024-02-16 09:00:00,,,,,0.5952,0.4571,1040.714701,0.0,0.0,0.0,1040.714701,0.0,0.0,0.0,24.0,24.0,1.0,24.0,True,False
2024-02-16 10:00:00,40.38,40.99,39.97,40.98,192018.96,0.000207,72,9.460493,0.0,mean_reversion,,860.780188,1.988391,-1.042342,True,True,859.882961,0.947036,860.780188,,mean_reversion,-10.539507,0.0905,1.0,AVAXUSDT,2024-02-16 10:00:00,AVAXUSDT,40.98,21.894266,REDUCE_LONG,0.5381,0.6286,1040.714701,0.0,0.0,0.0,1040.714701,0.0,0.0,0.0,9.460493,9.460493,1.0,9.460493,True,True
2024-02-16 11:00:00,40.98,41.21,40.92,41.0,96985.44,0.000207,72,0.0,0.0,unknown,,860.280394,0.947061,-0.947061,True,True,859.465656,0.0,860.280394,,unknown,-9.460493,0.0095,1.0,AVAXUSDT,2024-02-16 11:00:00,AVAXUSDT,41.0,19.871656,CLOSE,0.5714,0.5619,1040.714701,0.0,0.0,0.0,1040.714701,0.0,0.0,0.0,,,,,True,True
2024-02-16 12:00:00,41.0,41.35,40.85,41.31,90283.58,0.000207,72,0.818626,0.0,mean_reversion,,859.465656,0.0,0.081863,False,,859.465656,0.0,859.465656,,mean_reversion,0.818626,0.1333,1.0,AVAXUSDT,2024-02-16 12:00:00,,,,,0.4857,0.619,1040.714701,0.0,0.0,0.0,1040.714701,0.0,0.0,0.0,0.818626,0.818626,1.0,0.818626,True,False
2024-02-16 13:00:00,41.32,41.35,40.83,40.97,92717.83,0.000207,72,9.493803,0.0,mean_reversion,,859.465656,0.0,0.94938,True,True,858.649696,0.949332,859.465656,,mean_reversion,8.675177,0.181,2.0,AVAXUSDT,2024-02-16 13:00:00,AVAXUSDT,40.97,19.91603,LONG,0.4667,0.6476,1040.714701,0.0,0.0,0.0,1040.714701,0.0,0.0,0.0,9.493803,9.493803,1.0,9.493803,True,True
2024-02-16 14:00:00,40.98,41.06,39.76,40.13,247955.18,0.000207,72,20.0,0.0,mean_reversion,,841.93696,0.948326,1.051674,True,True,841.051517,2.001053,841.93696,,mean_reversion,10.506197,0.3143,3.0,AVAXUSDT,2024-02-16 14:00:00,AVAXUSDT,40.13,22.064362,LONG,0.4857,0.8,1040.714701,0.0,0.0,0.0,1040.714701,0.0,0.0,0.0,24.0,24.0,1.0,24.0,True,True
2024-02-16 15:00:00,40.13,40.15,39.41,40.08,274615.56,0.000207,72,20.0,0.0,mean_reversion,,838.954597,2.003555,-0.003555,False,,838.954597,2.003555,838.954597,,mean_reversion,0.0,0.2048,4.0,AVAXUSDT,2024-02-16 15:00:00,,,,,0.5286,0.7333,1040.714701,0.0,0.0,0.0,1040.714701,0.0,0.0,0.0,24.0,24.0,1.0,24.0,True,False
2024-02-16 16:00:00,40.08,40.49,39.92,40.02,127403.72,0.0001,72,20.0,0.0,mean_reversion,,836.438292,2.006574,-0.006574,False,,836.438292,2.006574,836.438292,,mean_reversion,0.0,0.1429,5.0,AVAXUSDT,2024-02-16 16:00:00,,,,,0.5524,0.6952,1040.714701,0.0,0.0,0.0,1040.714701,0.0,0.0,0.0,23.856859,23.856859,1.0,23.856859,True,False
2024-02-16 17:00:00,40.02,40.2,39.88,40.13,70248.29,0.0001,72,20.0,0.0,trending,,841.051517,2.001053,-0.001053,False,,841.051517,2.001053,841.051517,,trending,0.0,0.0667,1.0,AVAXUSDT,2024-02-16 17:00:00,,,,,0.619,0.5524,1040.714701,0.0,0.0,0.0,1040.714701,0.0,0.0,0.0,20.269834,20.269834,1.0,20.269834,True,False
2024-02-16 18:00:00,40.14,40.23,39.86,40.13,68442.46,0.0001,72,18.613915,0.0,trending,,841.051517,2.001053,-0.139661,False,,841.051517,2.001053,841.051517,,trending,-1.386085,0.3524,2.0,AVAXUSDT,2024-02-16 18:00:00,,,,,0.6952,0.3429,1040.714701,0.0,0.0,0.0,1040.714701,0.0,0.0,0.0,18.613915,18.613915,1.0,18.613915,True,False
2024-02-16 19:00:00,40.14,40.25,39.76,39.82,79175.79,0.0001,72,20.0,0.0,trending,,828.050609,2.01677,-0.01677,False,,828.050609,2.01677,828.050609,,trending,1.386085,0.3905,3.0,AVAXUSDT,2024-02-16 19:00:00,,,,,0.7143,0.3238,1040.714701,0.0,0.0,0.0,1040.714701,0.0,0.0,0.0,24.0,24.0,1.0,24.0,True,False
2024-02-16 20:00:00,39.82,40.07,39.75,39.99,43186.74,0.0001,72,17.861726,0.0,trending,,835.180139,2.00809,-0.221918,True,True,834.994798,1.786569,835.180139,,trending,-2.138274,0.2714,4.0,AVAXUSDT,2024-02-16 20:00:00,AVAXUSDT,39.99,4.634689,REDUCE_LONG,0.6524,0.381,1040.714701,0.0,0.0,0.0,1040.714701,0.0,0.0,0.0,17.861726,17.861726,1.0,17.861726,True,True
2024-02-16 21:00:00,39.99,40.25,39.9,40.16,44877.78,0.0001,72,12.123665,0.0,trending,,841.336431,1.78064,-0.568274,True,True,840.858322,1.213056,841.336431,,trending,-5.738062,0.0762,5.0,AVAXUSDT,2024-02-16 21:00:00,AVAXUSDT,40.16,11.905116,REDUCE_LONG,0.5429,0.4667,1040.714701,0.0,0.0,0.0,1040.714701,0.0,0.0,0.0,12.123665,12.123665,1.0,12.123665,True,True
2024-02-16 22:00:00,40.17,40.17,39.87,40.01,36355.13,0.0001,72,14.529958,0.0,mean_reversion,,837.048531,1.214026,0.23897,True,True,836.848501,1.453104,837.048531,,mean_reversion,2.406293,0.5048,1.0,AVAXUSDT,2024-02-16 22:00:00,AVAXUSDT,40.01,4.999492,LONG,0.3524,0.8571,1040.714701,0.0,0.0,0.0,1040.714701,0.0,0.0,0.0,14.529958,14.529958,1.0,14.529958,True,True
2024-02-16 23:00:00,40.01,40.41,40.0,40.26,45330.61,0.0001,72,7.033357,0.0,mean_reversion,,844.446776,1.449027,-0.745691,True,True,843.817079,0.703861,844.446776,,mean_reversion,-7.496601,0.5333,2.0,AVAXUSDT,2024-02-16 23:00:00,AVAXUSDT,40.26,15.640751,REDUCE_LONG,0.3333,0.8667,1040.714701,0.0,0.0,0.0,1040.714701,0.0,0.0,0.0,7.033357,7.033357,1.0,7.033357,True,True
2024-02-17 00:00:00,40.25,40.36,40.1,40.12,37900.34,0.000108,76,9.640467,0.0,mean_reversion,,841.751751,0.703134,0.260913,True,True,841.532127,0.964037,841.751751,,mean_reversion,2.60711,0.5238,3.0,AVAXUSDT,2024-02-17 00:00:00,AVAXUSDT,40.12,5.474172,LONG,0.3429,0.8667,1040.714701,0.0,0.0,0.0,1040.714701,0.0,0.0,0.0,9.640467,9.640467,1.0,9.640467,True,True
2024-02-17 01:00:00,40.12,40.15,39.56,39.74,75622.26,0.000108,76,17.312148,0.0,mean_reversion,,833.848129,0.963706,0.767509,True,True,833.208143,1.731776,833.848129,,mean_reversion,7.671681,0.5619,4.0,AVAXUSDT,2024-02-17 01:00:00,AVAXUSDT,39.74,16.104324,LONG,0.3714,0.9333,1040.714701,0.0,0.0,0.0,1040.714701,0.0,0.0,0.0,17.312148,17.312148,1.0,17.312148,True,True
2024-02-17 02:00:00,39.75,40.11,39.68,40.07,49289.66,0.000108,76,8.185316,0.0,mean_reversion,,845.190201,1.721402,-0.902871,True,True,844.427104,0.819271,845.190201,,mean_reversion,-9.126833,0.5333,5.0,AVAXUSDT,2024-02-17 02:00:00,AVAXUSDT,40.07,19.044109,REDUCE_LONG,0.381,0.9143,1040.714701,0.0,0.0,0.0,1040.714701,0.0,0.0,0.0,8.185316,8.185316,1.0,8.185316,True,True
2024-02-17 03:00:00,40.08,40.22,39.99,40.21,37985.4,0.000108,76,4.279291,0.0,mean_reversion,,846.844226,0.819787,-0.391858,True,True,846.512383,0.428097,846.844226,,mean_reversion,-3.906025,0.5476,6.0,AVAXUSDT,2024-02-17 03:00:00,AVAXUSDT,40.21,8.25274,REDUCE_LONG,0.3667,0.9143,1040.714701,0.0,0.0,0.0,1040.714701,0.0,0.0,0.0,4.279291,4.279291,1.0,4.279291,True,True
2024-02-17 04:00:00,40.21,40.3,40.04,40.3,62820.07,0.000108,76,1.694519,0.0,mean_reversion,,847.323501,0.428644,-0.259192,True,True,847.103881,0.169496,847.323501,,mean_reversion,-2.584773,0.581,7.0,AVAXUSDT,2024-02-17 04:00:00,AVAXUSDT,40.3,5.449625,REDUCE_LONG,0.3238,0.9048,1040.714701,0.0,0.0,0.0,1040.714701,0.0,0.0,0.0,1.694519,1.694519,1.0,1.694519,True,True
2024-02-17 05:00:00,40.3,40.39,40.08,40.38,45376.2,0.000108,76,-0.452837,0.0,mean_reversion,,847.388904,0.169775,-0.215059,True,True,847.206666,-0.045293,847.388904,,mean_reversion,-2.147356,0.719,8.0,AVAXUSDT,2024-02-17 05:00:00,AVAXUSDT,40.38,0.950295,SHORT,0.2429,0.9619,1040.714701,0.0,0.0,0.0,1040.714701,0.0,0.0,0.0,-0.452837,-0.452837,1.0,-0.452837,True,True
2024-02-17 06:00:00,40.39,40.47,40.26,40.35,53296.28,0.000108,76,0.377774,0.0,mean_reversion,,847.235175,-0.045258,0.083036,False,,847.235175,-0.045258,847.235175,,mean_reversion,0.830611,0.7333,9.0,AVAXUSDT,2024-02-17 06:00:00,,,,,0.219,0.9524,1040.714701,0.0,0.0,0.0,1040.714701,0.0,0.0,0.0,0.377774,0.377774,1.0,0.377774,True,False
2024-02-17 07:00:00,40.34,40.4,40.18,40.23,33389.54,0.000108,76,3.672405,0.0,mean_reversion,,847.34921,-0.045118,0.412358,True,True,846.99976,0.367025,847.34921,,mean_reversion,3.294632,0.4714,10.0,AVAXUSDT,2024-02-17 07:00:00,AVAXUSDT,40.23,7.735047,LONG,0.281,0.7524,1040.714701,0.0,0.0,0.0,1040.714701,0.0,0.0,0.0,3.672405,3.672405,1.0,3.672405,True,True
2024-02-17 08:00:00,40.23,40.23,39.71,39.82,72823.99,0.000193,76,14.659141,0.0,mean_reversion,,843.831562,0.364648,1.101266,True,True,842.902279,1.466428,843.831562,,mean_reversion,10.986736,0.4333,11.0,AVAXUSDT,2024-02-17 08:00:00,AVAXUSDT,39.82,23.337092,LONG,0.2905,0.7238,1040.714701,0.0,0.0,0.0,1040.714701,0.0,0.0,0.0,14.659141,14.659141,1.0,14.659141,True,True
2024-02-17 09:00:00,39.82,39.93,39.5,39.51,95328.47,0.000193,76,20.0,0.0,mean_reversion,,833.279549,1.471814,0.528186,True,True,832.839422,2.000528,833.279549,,mean_reversion,5.340859,0.4619,12.0,AVAXUSDT,2024-02-17 09:00:00,AVAXUSDT,39.51,11.139624,LONG,0.281,0.7429,1040.714701,0.0,0.0,0.0,1040.714701,0.0,0.0,0.0,22.068052,22.068052,1.0,22.068052,True,True
2024-02-17 10:00:00,39.51,39.58,39.27,39.57,109734.72,0.000193,76,20.0,0.0,mean_reversion,,835.369595,1.997498,0.002502,False,,835.369595,1.997498,835.369595,,mean_reversion,0.0,0.3667,13.0,AVAXUSDT,2024-02-17 10:00:00,,,,,0.3381,0.7048,1040.714701,0.0,0.0,0.0,1040.714701,0.0,0.0,0.0,20.658804,20.658804,1.0,20.658804,True,False
2024-02-17 11:00:00,39.56,39.76,39.52,39.71,69195.02,0.000193,76,15.269432,0.0,mean_reversion,,841.273332,1.990498,-0.463555,True,True,840.883356,1.527651,841.273332,,mean_reversion,-4.730568,0.3429,14.0,AVAXUSDT,2024-02-17 11:00:00,AVAXUSDT,39.71,9.820606,REDUCE_LONG,0.3619,0.7048,1040.714701,0.0,0.0,0.0,1040.714701,0.0,0.0,0.0,15.269432,15.269432,1.0,15.269432,True,True
2024-02-17 12:00:00,39.71,39.84,39.6,39.73,82183.9,0.000193,76,13.776085,0.0,mean_reversion,,841.530335,1.527246,-0.149637,False,,841.530335,1.527246,841.530335,,mean_reversion,-1.493348,0.2762,15.0,AVAXUSDT,2024-02-17 12:00:00,,,,,0.4286,0.7048,1040.714701,0.0,0.0,0.0,1040.714701,0.0,0.0,0.0,13.776085,13.776085,1.0,13.776085,True,False
2024-02-17 13:00:00,39.73,39.74,38.89,38.95,192643.83,0.000193,76,20.0,0.0,mean_reversion,,816.298157,1.543543,0.456457,True,True,815.925553,2.000457,816.298157,,mean_reversion,6.223915,0.4429,16.0,AVAXUSDT,2024-02-17 13:00:00,AVAXUSDT,38.95,9.566236,LONG,0.4238,0.8667,1040.714701,0.0,0.0,0.0,1040.714701,0.0,0.0,0.0,24.0,24.0,1.0,24.0,True,True
2024-02-17 14:00:00,38.94,39.15,38.38,38.74,246625.79,0.000193,76,20.0,0.0,mean_reversion,,807.125373,2.011365,-0.011365,False,,807.125373,2.011365,807.125373,,mean_reversion,0.0,0.3429,17.0,AVAXUSDT,2024-02-17 14:00:00,,,,,0.4571,0.8,1040.714701,0.0,0.0,0.0,1040.714701,0.0,0.0,0.0,24.0,24.0,1.0,24.0,True,False
2024-02-17 15:00:00,38.73,39.15,38.49,39.1,106900.78,0.000193,76,20.0,0.0,mean_reversion,,822.211395,1.992808,0.007192,False,,822.211395,1.992808,822.211395,,mean_reversion,0.0,0.481,18.0,AVAXUSDT,2024-02-17 15:00:00,,,,,0.3762,0.8571,1040.714701,0.0,0.0,0.0,1040.714701,0.0,0.0,0.0,23.074375,23.074375,1.0,23.074375,True,False
2024-02-17 16:00:00,39.1,39.37,38.84,39.29,77544.52,0.00011,76,14.691421,0.0,mean_reversion,,830.173462,1.983286,-0.514144,True,True,829.746633,1.469898,830.173462,,mean_reversion,-5.308579,0.5286,19.0,AVAXUSDT,2024-02-17 16:00:00,AVAXUSDT,39.29,10.863549,REDUCE_LONG,0.3095,0.8381,1040.714701,0.0,0.0,0.0,1040.714701,0.0,0.0,0.0,14.691421,14.691421,1.0,14.691421,True,True
2024-02-17 17:00:00,39.28,39.54,39.27,39.48,59548.21,0.00011,76,7.722849,0.0,mean_reversion,,835.644626,1.466581,-0.694296,True,True,835.06444,0.772821,835.644626,,mean_reversion,-6.968572,0.5476,20.0,AVAXUSDT,2024-02-17 17:00:00,AVAXUSDT,39.48,14.695671,REDUCE_LONG,0.2714,0.819,1040.714701,0.0,0.0,0.0,1040.714701,0.0,0.0,0.0,7.722849,7.722849,1.0,7.722849,True,True
2024-02-17 18:00:00,39.48,39.54,39.34,39.54,55565.69,0.00011,76,5.252143,0.0,mean_reversion,,836.045224,0.773088,-0.247874,True,True,835.837991,0.525345,836.045224,,mean_reversion,-2.470705,0.6429,21.0,AVAXUSDT,2024-02-17 18:00:00,AVAXUSDT,39.54,5.241112,REDUCE_LONG,0.2238,0.8667,1040.714701,0.0,0.0,0.0,1040.714701,0.0,0.0,0.0,5.252143,5.252143,1.0,5.252143,True,True
2024-02-17 19:00:00,39.53,39.7,39.45,39.61,57145.73,0.00011,76,2.678857,0.0,mean_reversion,,836.61536,0.525786,-0.2579,True,True,836.399597,0.267955,836.61536,,mean_reversion,-2.573286,0.8857,22.0,AVAXUSDT,2024-02-17 19:00:00,AVAXUSDT,39.61,5.447185,REDUCE_LONG,0.1048,0.9905,1040.714701,0.0,0.0,0.0,1040.714701,0.0,0.0,0.0,2.678857,2.678857,1.0,2.678857,True,True
2024-02-17 20:00:00,39.62,39.74,39.52,39.7,32020.07,0.00011,76,-0.36921,0.0,mean_reversion,,836.908826,0.2684,-0.305321,True,True,836.6533,-0.036932,836.908826,,mean_reversion,-3.048067,0.9095,23.0,AVAXUSDT,2024-02-17 20:00:00,AVAXUSDT,39.7,0.778325,SHORT,0.081,0.9905,1040.714701,0.0,0.0,0.0,1040.714701,0.0,0.0,0.0,-0.36921,-0.36921,1.0,-0.36921,True,True
2024-02-17 21:00:00,39.71,40.05,39.58,39.94,78190.05,0.00011,76,-7.938358,0.0,mean_reversion,,836.466502,-0.037164,-0.756672,True,True,835.833572,-0.794437,836.466502,,mean_reversion,-7.569148,0.9381,24.0,AVAXUSDT,2024-02-17 21:00:00,AVAXUSDT,39.94,15.847039,SHORT,0.0524,0.9905,1040.714701,0.0,0.0,0.0,1040.714701,0.0,0.0,0.0,-7.938358,-7.938358,1.0,-7.938358,True,True
2024-02-17 22:00:00,39.94,39.99,39.72,39.83,60877.15,0.00011,76,-3.77877,0.0,mean_reversion,,837.662362,-0.790519,0.412642,True,True,837.316361,-0.378033,837.662362,,mean_reversion,4.159588,0.9476,25.0,AVAXUSDT,2024-02-17 22:00:00,AVAXUSDT,39.83,8.678255,REDUCE_SHORT,0.0333,0.981,1040.714701,0.0,0.0,0.0,1040.714701,0.0,0.0,0.0,-3.77877,-3.77877,1.0,-3.77877,True,True
2024-02-17 23:00:00,39.83,39.83,39.61,39.76,67584.17,0.00011,76,-1.156511,0.0,mean_reversion,,837.872658,-0.377118,0.261467,True,True,837.653363,-0.115681,837.872658,,mean_reversion,2.622259,0.9095,26.0,AVAXUSDT,2024-02-17 23:00:00,AVAXUSDT,39.76,5.509963,REDUCE_SHORT,0.0619,0.9714,1040.714701,0.0,0.0,0.0,1040.714701,0.0,0.0,0.0,-1.156511,-1.156511,1.0,-1.156511,True,True
2024-02-18 00:00:00,39.75,39.96,39.63,39.7,72000.95,0.000116,72,0.888398,0.0,mean_reversion,,837.799592,-0.115487,0.204326,True,True,837.62831,0.088769,837.799592,,mean_reversion,2.044909,0.8667,27.0,AVAXUSDT,2024-02-18 00:00:00,AVAXUSDT,39.7,1.87481,LONG,0.0857,0.9524,1040.714701,0.0,0.0,0.0,1040.714701,0.0,0.0,0.0,0.888398,0.888398,1.0,0.888398,True,True
2024-02-18 01:00:00,39.7,39.81,39.13,39.24,76443.67,0.000116,72,14.832525,0.0,mean_reversion,,836.76676,0.087831,1.395422,True,True,835.599118,1.483928,836.76676,,mean_reversion,13.944126,0.9048,28.0,AVAXUSDT,2024-02-18 01:00:00,AVAXUSDT,39.24,29.756431,LONG,0.0857,0.9905,1040.714701,0.0,0.0,0.0,1040.714701,0.0,0.0,0.0,14.832525,14.832525,1.0,14.832525,True,True
2024-02-18 02:00:00,39.23,39.35,38.97,39.14,54168.67,0.000116,72,16.130276,0.0,mean_reversion,,832.439156,1.485765,0.127263,False,,832.439156,1.485765,832.439156,,mean_reversion,1.297751,0.8333,29.0,AVAXUSDT,2024-02-18 02:00:00,,,,,0.1476,0.981,1040.714701,0.0,0.0,0.0,1040.714701,0.0,0.0,0.0,16.130276,16.130276,1.0,16.130276,True,False
2024-02-18 03:00:00,39.13,39.35,38.99,39.34,50569.45,0.000116,72,8.460262,0.0,mean_reversion,,838.759079,1.482105,-0.636078,True,True,838.225562,0.846565,838.759079,,mean_reversion,-7.670014,0.7952,30.0,AVAXUSDT,2024-02-18 03:00:00,AVAXUSDT,39.34,13.561681,REDUCE_LONG,0.1762,0.9714,1040.714701,0.0,0.0,0.0,1040.714701,0.0,0.0,0.0,8.460262,8.460262,1.0,8.460262,True,True
2024-02-18 04:00:00,39.34,39.79,39.34,39.78,58613.63,0.000116,72,-5.337226,0.0,mean_reversion,,846.162251,0.848004,-1.381726,True,True,844.993086,-0.534461,846.162251,,mean_reversion,-13.797488,0.8238,31.0,AVAXUSDT,2024-02-18 04:00:00,AVAXUSDT,39.78,11.352838,SHORT,0.1571,0.981,1040.714701,0.0,0.0,0.0,1040.714701,0.0,0.0,0.0,-5.337226,-5.337226,1.0,-5.337226,True,True
2024-02-18 05:00:00,39.78,40.26,39.71,40.21,86130.77,0.000116,72,-17.333956,0.0,mean_reversion,,840.111366,-0.543378,-1.190018,True,True,839.111618,-1.735461,840.111366,,mean_reversion,-11.996731,0.8857,32.0,AVAXUSDT,2024-02-18 05:00:00,AVAXUSDT,40.21,24.863162,SHORT,0.1048,0.9905,1040.714701,0.0,0.0,0.0,1040.714701,0.0,0.0,0.0,-17.333956,-17.333956,1.0,-17.333956,True,True
2024-02-18 06:00:00,40.21,40.24,39.58,39.74,51778.04,0.000116,72,-1.85916,0.0,mean_reversion,,856.133138,-1.681075,1.495159,True,True,854.851802,-0.186195,856.133138,,mean_reversion,15.474796,0.881,33.0,AVAXUSDT,2024-02-18 06:00:00,AVAXUSDT,39.74,32.210745,REDUCE_SHORT,0.1095,0.9905,1040.714701,0.0,0.0,0.0,1040.714701,0.0,0.0,0.0,-1.85916,-1.85916,1.0,-1.85916,True,True
2024-02-18 07:00:00,39.74,40.07,39.54,40.0,64663.06,0.000116,72,-8.683486,0.0,mean_reversion,,853.810435,-0.187641,-0.680707,True,True,853.22924,-0.86894,853.810435,,mean_reversion,-6.824326,0.919,34.0,AVAXUSDT,2024-02-18 07:00:00,AVAXUSDT,40.0,14.529873,SHORT,0.0619,0.981,1040.714701,0.0,0.0,0.0,1040.714701,0.0,0.0,0.0,-8.683486,-8.683486,1.0,-8.683486,True,True
2024-02-18 08:00:00,39.99,40.0,39.81,39.97,51420.01,0.000232,72,-7.082136,0.0,mean_reversion,,853.785294,-0.867723,0.159509,False,,853.785294,-0.867723,853.785294,,mean_reversion,1.601351,0.9333,35.0,AVAXUSDT,2024-02-18 08:00:00,,,,,0.0381,0.9714,1040.714701,0.0,0.0,0.0,1040.714701,0.0,0.0,0.0,-7.082136,-7.082136,1.0,-7.082136,True,False
2024-02-18 09:00:00,39.96,40.42,39.96,40.4,96965.75,0.000232,72,-18.981021,0.0,mean_reversion,,845.815189,-0.885322,-1.01278,True,True,844.958565,-1.900026,845.815189,,mean_reversion,-11.898885,0.8524,36.0,AVAXUSDT,2024-02-18 09:00:00,AVAXUSDT,40.4,21.203575,SHORT,0.119,0.9714,1040.714701,0.0,0.0,0.0,1040.714701,0.0,0.0,0.0,-18.981021,-18.981021,1.0,-18.981021,True,True
2024-02-18 10:00:00,40.39,40.63,40.27,40.39,110814.15,0.000232,72,-17.748971,0.0,mean_reversion,,845.355952,-1.898663,0.123766,False,,845.355952,-1.898663,845.355952,,mean_reversion,1.23205,0.819,37.0,AVAXUSDT,2024-02-18 10:00:00,,,,,0.1524,0.9714,1040.714701,0.0,0.0,0.0,1040.714701,0.0,0.0,0.0,-17.748971,-17.748971,1.0,-17.748971,True,False
2024-02-18 11:00:00,40.39,40.49,40.3,40.34,60551.37,0.000232,72,-15.462034,0.0,mean_reversion,,847.342887,-1.891866,0.345663,True,True,847.049699,-1.546739,847.342887,,mean_reversion,2.286937,0.7714,38.0,AVAXUSDT,2024-02-18 11:00:00,AVAXUSDT,40.34,7.260656,REDUCE_SHORT,0.1714,0.9429,1040.714701,0.0,0.0,0.0,1040.714701,0.0,0.0,0.0,-15.462034,-15.462034,1.0,-15.462034,True,True
2024-02-18 12:00:00,40.34,40.49,39.95,39.98,93858.32,0.000232,72,-2.512277,0.0,mean_reversion,,858.741796,-1.512064,1.260836,True,True,857.657979,-0.251545,858.741796,,mean_reversion,12.949756,0.7905,39.0,AVAXUSDT,2024-02-18 12:00:00,AVAXUSDT,39.98,27.081855,REDUCE_SHORT,0.1238,0.9143,1040.714701,0.0,0.0,0.0,1040.714701,0.0,0.0,0.0,-2.512277,-2.512277,1.0,-2.512277,True,True
2024-02-18 13:00:00,39.98,40.14,39.87,39.94,46649.56,0.000232,72,-0.999821,0.0,mean_reversion,,857.873827,-0.25123,0.151248,False,,857.873827,-0.25123,857.873827,,mean_reversion,1.512456,0.6667,40.0,AVAXUSDT,2024-02-18 13:00:00,,,,,0.219,0.8857,1040.714701,0.0,0.0,0.0,1040.714701,0.0,0.0,0.0,-0.999821,-0.999821,1.0,-0.999821,True,False
2024-02-18 14:00:00,39.95,40.44,39.94,40.29,56112.9,0.000232,72,-11.586461,0.0,mean_reversion,,855.98516,-0.253991,-0.904655,True,True,855.210789,-1.159695,855.98516,,mean_reversion,-10.58664,0.7619,41.0,AVAXUSDT,2024-02-18 14:00:00,AVAXUSDT,40.29,19.219938,SHORT,0.2286,0.9905,1040.714701,0.0,0.0,0.0,1040.714701,0.0,0.0,0.0,-11.586461,-11.586461,1.0,-11.586461,True,True
2024-02-18 15:00:00,40.29,40.32,40.12,40.25,50421.08,0.000232,72,-9.317389,0.0,mean_reversion,,856.195434,-1.157212,0.225473,True,True,856.002192,-0.931949,856.195434,,mean_reversion,2.269072,0.7429,42.0,AVAXUSDT,2024-02-18 15:00:00,AVAXUSDT,40.25,4.796239,REDUCE_SHORT,0.2476,0.9905,1040.714701,0.0,0.0,0.0,1040.714701,0.0,0.0,0.0,-9.317389,-9.317389,1.0,-9.317389,True,True
2024-02-18 16:00:00,40.24,40.37,40.01,40.34,47646.68,0.0001,72,-11.006441,0.0,mean_reversion,,854.218402,-0.935984,-0.16466,False,,854.218402,-0.935984,854.218402,,mean_reversion,-1.689052,0.7286,43.0,AVAXUSDT,2024-02-18 16:00:00,,,,,0.2619,0.9905,1040.714701,0.0,0.0,0.0,1040.714701,0.0,0.0,0.0,-11.006441,-11.006441,1.0,-11.006441,True,False
2024-02-18 17:00:00,40.33,40.6,40.26,40.32,86320.02,0.0001,72,-9.507847,0.0,mean_reversion,,854.6148,-0.935086,-0.015699,False,,854.6148,-0.935086,854.6148,,mean_reversion,1.498593,0.7476,44.0,AVAXUSDT,2024-02-18 17:00:00,,,,,0.2429,0.9905,1040.714701,0.0,0.0,0.0,1040.714701,0.0,0.0,0.0,-9.507847,-9.507847,1.0,-9.507847,True,False
2024-02-18 18:00:00,40.32,40.35,40.0,40.3,57472.9,0.0001,72,-7.906178,0.0,mean_reversion,,855.011197,-0.934188,0.143571,False,,855.011197,-0.934188,855.011197,,mean_reversion,1.601669,0.7476,45.0,AVAXUSDT,2024-02-18 18:00:00,,,,,0.2333,0.981,1040.714701,0.0,0.0,0.0,1040.714701,0.0,0.0,0.0,-7.906178,-7.906178,1.0,-7.906178,True,False
2024-02-18 19:00:00,40.31,40.37,40.05,40.15,52328.56,0.0001,72,-2.551489,0.0,mean_reversion,,857.984181,-0.927486,0.672337,True,True,857.406749,-0.255321,857.984181,,mean_reversion,5.35469,0.781,46.0,AVAXUSDT,2024-02-18 19:00:00,AVAXUSDT,40.15,14.367495,REDUCE_SHORT,0.2,0.981,1040.714701,0.0,0.0,0.0,1040.714701,0.0,0.0,0.0,-2.551489,-2.551489,1.0,-2.551489,True,True
2024-02-18 20:00:00,40.14,40.23,39.88,40.07,58787.08,0.0001,72,0.097948,0.0,mean_reversion,,857.84294,-0.254682,0.264477,True,True,857.615842,0.009788,857.84294,,mean_reversion,2.649436,0.7667,47.0,AVAXUSDT,2024-02-18 20:00:00,AVAXUSDT,40.07,0.209692,LONG,0.1952,0.9619,1040.714701,0.0,0.0,0.0,1040.714701,0.0,0.0,0.0,0.097948,0.097948,1.0,0.097948,True,True
2024-02-18 21:00:00,40.08,40.37,40.05,40.22,40232.7,0.0001,72,-4.619528,0.0,mean_reversion,,857.647264,0.009824,-0.471777,True,True,857.242646,-0.462171,857.647264,,mean_reversion,-4.717476,0.8095,48.0,AVAXUSDT,2024-02-18 21:00:00,AVAXUSDT,40.22,9.850636,SHORT,0.1524,0.9619,1040.714701,0.0,0.0,0.0,1040.714701,0.0,0.0,0.0,-4.619528,-4.619528,1.0,-4.619528,True,True
2024-02-18 22:00:00,40.22,40.71,40.16,40.67,95481.09,0.0001,72,-17.919815,0.0,mean_reversion,,852.80986,-0.469771,-1.322211,True,True,851.682266,-1.794354,852.80986,,mean_reversion,-13.300287,0.8048,49.0,AVAXUSDT,2024-02-18 22:00:00,AVAXUSDT,40.67,27.725453,SHORT,0.1762,0.981,1040.714701,0.0,0.0,0.0,1040.714701,0.0,0.0,0.0,-17.919815,-17.919815,1.0,-17.919815,True,True
2024-02-18 23:00:00,40.67,40.75,40.14,40.29,92896.31,0.0001,72,-4.393928,0.0,mean_reversion,,865.96118,-1.748278,1.308885,True,True,864.826601,-0.439969,865.96118,,mean_reversion,13.525888,0.8381,50.0,AVAXUSDT,2024-02-18 23:00:00,AVAXUSDT,40.29,28.13213,REDUCE_SHORT,0.1524,0.9905,1040.714701,0.0,0.0,0.0,1040.714701,0.0,0.0,0.0,-4.393928,-4.393928,1.0,-4.393928,True,True
2024-02-19 00:00:00,40.29,40.64,40.22,40.56,81036.42,0.000161,75,-12.062462,0.0,mean_reversion,,862.276733,-0.444227,-0.762019,True,True,861.619662,-1.207166,862.276733,,mean_reversion,-7.668535,0.8095,51.0,AVAXUSDT,2024-02-19 00:00:00,AVAXUSDT,40.56,16.199978,SHORT,0.181,0.9905,1040.714701,0.0,0.0,0.0,1040.714701,0.0,0.0,0.0,-12.062462,-12.062462,1.0,-12.062462,True,True
2024-02-19 01:00:00,40.56,40.56,40.02,40.2,55586.79,0.000161,75,-0.150876,0.0,mean_reversion,,870.851479,-1.183768,1.168681,True,True,869.832713,-0.015105,870.851479,,mean_reversion,11.911586,0.7952,52.0,AVAXUSDT,2024-02-19 01:00:00,AVAXUSDT,40.2,25.317093,REDUCE_SHORT,0.1952,0.9905,1040.714701,0.0,0.0,0.0,1040.714701,0.0,0.0,0.0,-0.150876,-0.150876,1.0,-0.150876,True,True
2024-02-19 02:00:00,40.2,40.36,40.12,40.29,47299.1,0.000161,75,-2.986196,0.0,mean_reversion,,869.803297,-0.01514,-0.28348,True,True,869.556725,-0.298704,869.803297,,mean_reversion,-2.835319,0.7619,53.0,AVAXUSDT,2024-02-19 02:00:00,AVAXUSDT,40.29,6.119925,SHORT,0.2286,0.9905,1040.714701,0.0,0.0,0.0,1040.714701,0.0,0.0,0.0,-2.986196,-2.986196,1.0,-2.986196,True,True
2024-02-19 03:00:00,40.29,40.35,39.91,40.07,58093.22,0.000161,75,4.296377,0.0,mean_reversion,,870.975014,-0.296589,0.726227,True,True,870.34223,0.42952,870.975014,,mean_reversion,7.282572,0.781,54.0,AVAXUSDT,2024-02-19 03:00:00,AVAXUSDT,40.07,9.338749,LONG,0.2095,0.9905,1040.714701,0.0,0.0,0.0,1040.714701,0.0,0.0,0.0,4.296377,4.296377,1.0,4.296377,True,True
2024-02-19 04:00:00,40.06,40.21,39.82,40.0,66327.81,0.000161,75,5.966095,0.0,mean_reversion,,869.689171,0.429092,0.167518,False,,869.689171,0.429092,869.689171,,mean_reversion,1.669718,0.8333,55.0,AVAXUSDT,2024-02-19 04:00:00,,,,,0.1571,0.9905,1040.714701,0.0,0.0,0.0,1040.714701,0.0,0.0,0.0,5.966095,5.966095,1.0,5.966095,True,False
2024-02-19 05:00:00,40.0,40.04,39.7,39.96,91000.59,0.000161,75,6.747638,0.0,mean_reversion,,869.315995,0.428847,0.245917,True,True,869.102215,0.674684,869.315995,,mean_reversion,0.781544,0.8333,56.0,AVAXUSDT,2024-02-19 05:00:00,AVAXUSDT,39.96,5.349844,LONG,0.1286,0.9619,1040.714701,0.0,0.0,0.0,1040.714701,0.0,0.0,0.0,6.747638,6.747638,1.0,6.747638,True,True
2024-02-19 06:00:00,39.96,40.42,39.91,40.14,189099.56,0.000161,75,0.405222,0.0,mean_reversion,,871.743518,0.67567,-0.635147,True,True,871.189832,0.040548,871.743518,,mean_reversion,-6.342417,0.8333,57.0,AVAXUSDT,2024-02-19 06:00:00,AVAXUSDT,40.14,13.793861,REDUCE_LONG,0.1286,0.9619,1040.714701,0.0,0.0,0.0,1040.714701,0.0,0.0,0.0,0.405222,0.405222,1.0,0.405222,True,True
2024-02-19 07:00:00,40.15,40.57,40.06,40.5,110042.97,0.000161,75,-10.370959,0.0,mean_reversion,,871.506648,0.040897,-1.077993,True,True,870.56717,-1.038215,871.506648,,mean_reversion,-10.776181,0.8238,58.0,AVAXUSDT,2024-02-19 07:00:00,AVAXUSDT,40.5,22.316937,SHORT,0.1476,0.9714,1040.714701,0.0,0.0,0.0,1040.714701,0.0,0.0,0.0,-10.370959,-10.370959,1.0,-10.370959,True,True
2024-02-19 08:00:00,40.5,40.55,39.8,39.84,123744.54,0.000168,75,10.016099,0.0,mean_reversion,,885.296349,-1.004304,2.005914,True,True,883.51963,1.00262,885.296349,,mean_reversion,20.387058,0.9381,59.0,AVAXUSDT,2024-02-19 08:00:00,AVAXUSDT,39.84,22.257068,LONG,0.0524,0.9905,1040.714701,0.0,0.0,0.0,1040.714701,0.0,0.0,0.0,10.016099,10.016099,1.0,10.016099,True,True
2024-02-19 09:00:00,39.85,40.25,39.8,39.97,103002.81,0.000168,75,5.175698,0.0,mean_reversion,,886.410156,1.002612,-0.485042,True,True,885.980209,0.517821,886.410156,,mean_reversion,-4.840401,0.919,60.0,AVAXUSDT,2024-02-19 09:00:00,AVAXUSDT,39.97,10.756724,REDUCE_LONG,0.0714,0.9905,1040.714701,0.0,0.0,0.0,1040.714701,0.0,0.0,0.0,5.175698,5.175698,1.0,5.175698,True,True
2024-02-19 10:00:00,39.98,40.09,39.58,39.92,153923.67,0.000168,75,6.0965,0.0,mean_reversion,,885.406305,0.517508,0.092142,False,,885.406305,0.517508,885.406305,,mean_reversion,0.920802,0.8952,61.0,AVAXUSDT,2024-02-19 10:00:00,,,,,0.0952,0.9905,1040.714701,0.0,0.0,0.0,1040.714701,0.0,0.0,0.0,6.0965,6.0965,1.0,6.0965,True,False
2024-02-19 11:00:00,39.91,40.17,39.85,39.99,88177.24,0.000168,75,3.479826,0.0,mean_reversion,,886.209771,0.517946,-0.169963,False,,886.209771,0.517946,886.209771,,mean_reversion,-2.616674,0.6762,62.0,AVAXUSDT,2024-02-19 11:00:00,,,,,0.1619,0.8381,1040.714701,0.0,0.0,0.0,1040.714701,0.0,0.0,0.0,3.479826,3.479826,1.0,3.479826,True,False
2024-02-19 12:00:00,39.99,40.17,39.8,39.91,91856.8,0.000168,75,5.381334,0.0,mean_reversion,,885.291524,0.517446,0.020688,False,,885.291524,0.517446,885.291524,,mean_reversion,1.901508,0.6762,63.0,AVAXUSDT,2024-02-19 12:00:00,,,,,0.1238,0.8,1040.714701,0.0,0.0,0.0,1040.714701,0.0,0.0,0.0,5.381334,5.381334,1.0,5.381334,True,False
2024-02-19 13:00:00,39.92,40.35,39.82,39.82,175939.21,0.000168,75,7.225879,0.0,mean_reversion,,884.258496,0.516882,0.205706,True,True,884.076599,0.722531,884.258496,,mean_reversion,1.844545,0.7524,64.0,AVAXUSDT,2024-02-19 13:00:00,AVAXUSDT,39.82,4.567983,LONG,0.0857,0.8381,1040.714701,0.0,0.0,0.0,1040.714701,0.0,0.0,0.0,7.225879,7.225879,1.0,7.225879,True,True
2024-02-19 14:00:00,39.83,39.94,39.43,39.61,226323.89,0.000168,75,12.063383,0.0,mean_reversion,,880.707884,0.72147,0.484869,True,True,880.280856,1.206438,880.707884,,mean_reversion,4.837504,0.8429,65.0,AVAXUSDT,2024-02-19 14:00:00,AVAXUSDT,39.61,10.780808,LONG,0.119,0.9619,1040.714701,0.0,0.0,0.0,1040.714701,0.0,0.0,0.0,12.063383,12.063383,1.0,12.063383,True,True
2024-02-19 15:00:00,39.61,40.02,39.48,39.61,193755.43,0.000168,75,10.653491,0.0,mean_reversion,,880.280856,1.206438,-0.141089,False,,880.280856,1.206438,880.280856,,mean_reversion,-1.409892,0.8143,66.0,AVAXUSDT,2024-02-19 15:00:00,,,,,0.1762,0.9905,1040.714701,0.0,0.0,0.0,1040.714701,0.0,0.0,0.0,10.653491,10.653491,1.0,10.653491,True,False
2024-02-19 16:00:00,39.6,39.78,39.2,39.29,158532.8,0.000151,75,17.59109,0.0,mean_reversion,,871.701167,1.20847,0.550639,True,True,871.221175,1.759527,871.701167,,mean_reversion,6.937599,0.7238,67.0,AVAXUSDT,2024-02-19 16:00:00,AVAXUSDT,39.29,12.216656,LONG,0.2571,0.981,1040.714701,0.0,0.0,0.0,1040.714701,0.0,0.0,0.0,17.59109,17.59109,1.0,17.59109,True,True
2024-02-19 17:00:00,39.29,39.68,39.11,39.57,140936.01,0.000151,75,8.525821,0.0,mean_reversion,,882.145646,1.750121,-0.897539,True,True,881.353885,0.853348,882.145646,,mean_reversion,-9.065269,0.7143,68.0,AVAXUSDT,2024-02-19 17:00:00,AVAXUSDT,39.57,20.009104,REDUCE_LONG,0.2667,0.981,1040.714701,0.0,0.0,0.0,1040.714701,0.0,0.0,0.0,8.525821,8.525821,1.0,8.525821,True,True
2024-02-19 18:00:00,39.58,39.69,39.31,39.34,131553.15,0.000151,75,13.686858,0.0,mean_reversion,,876.982307,0.852617,0.516069,True,True,876.529723,1.368876,876.982307,,mean_reversion,5.161037,0.6381,69.0,AVAXUSDT,2024-02-19 18:00:00,AVAXUSDT,39.34,11.504402,LONG,0.3048,0.9429,1040.714701,0.0,0.0,0.0,1040.714701,0.0,0.0,0.0,13.686858,13.686858,1.0,13.686858,True,True
2024-02-19 19:00:00,39.33,39.47,39.19,39.38,86173.97,0.000151,75,11.777216,0.0,mean_reversion,,877.749714,1.368363,-0.190642,False,,877.749714,1.368363,877.749714,,mean_reversion,-1.909642,0.4381,70.0,AVAXUSDT,2024-02-19 19:00:00,,,,,0.3714,0.8095,1040.714701,0.0,0.0,0.0,1040.714701,0.0,0.0,0.0,11.777216,11.777216,1.0,11.777216,True,False
2024-02-19 20:00:00,39.37,39.5,39.25,39.34,51408.84,0.000151,75,11.927745,0.0,mean_reversion,,876.529723,1.368876,-0.176102,False,,876.529723,1.368876,876.529723,,mean_reversion,0.150529,0.5,71.0,AVAXUSDT,2024-02-19 20:00:00,,,,,0.3476,0.8476,1040.714701,0.0,0.0,0.0,1040.714701,0.0,0.0,0.0,11.927745,11.927745,1.0,11.927745,True,False
2024-02-19 21:00:00,39.35,39.69,39.3,39.68,65073.87,0.000151,75,1.715812,0.0,mean_reversion,,886.899642,1.364563,-1.192982,True,True,885.841587,0.171786,886.899642,,mean_reversion,-10.211933,0.5381,72.0,AVAXUSDT,2024-02-19 21:00:00,AVAXUSDT,39.68,26.664698,REDUCE_LONG,0.319,0.8571,1040.714701,0.0,0.0,0.0,1040.714701,0.0,0.0,0.0,1.715812,1.715812,1.0,1.715812,True,True
2024-02-19 22:00:00,39.69,39.9,39.64,39.81,115564.95,0.000151,75,-1.983198,0.0,mean_reversion,,886.340146,0.172252,-0.370572,True,True,886.011693,-0.198393,886.340146,,mean_reversion,-3.699011,0.5238,73.0,AVAXUSDT,2024-02-19 22:00:00,AVAXUSDT,39.81,4.415444,SHORT,0.3429,0.8667,1040.714701,0.0,0.0,0.0,1040.714701,0.0,0.0,0.0,-1.983198,-1.983198,1.0,-1.983198,True,True
2024-02-19 23:00:00,39.82,39.82,39.35,39.51,76352.86,0.000151,75,6.335283,0.0,mean_reversion,,887.336326,-0.196604,0.830133,True,True,886.599545,0.633421,887.336326,,mean_reversion,8.318481,0.6714,74.0,AVAXUSDT,2024-02-19 23:00:00,AVAXUSDT,39.51,14.228111,LONG,0.3,0.9714,1040.714701,0.0,0.0,0.0,1040.714701,0.0,0.0,0.0,6.335283,6.335283,1.0,6.335283,True,True
2024-02-20 00:00:00,39.51,39.63,39.01,39.08,140078.02,0.000452,72,16.938453,0.0,mean_reversion,,880.487575,0.630876,1.062969,True,True,879.551644,1.694584,880.487575,,mean_reversion,10.60317,0.6238,75.0,AVAXUSDT,2024-02-20 00:00:00,AVAXUSDT,39.08,23.94911,LONG,0.3667,0.9905,1040.714701,0.0,0.0,0.0,1040.714701,0.0,0.0,0.0,16.938453,16.938453,1.0,16.938453,True,True
2024-02-20 01:00:00,39.07,39.3,38.58,38.99,184868.03,0.000452,72,16.994457,0.0,mean_reversion,,876.11913,1.697305,0.002141,False,,876.11913,1.697305,876.11913,,mean_reversion,0.056003,0.5905,76.0,AVAXUSDT,2024-02-20 01:00:00,,,,,0.3905,0.981,1040.714701,0.0,0.0,0.0,1040.714701,0.0,0.0,0.0,16.994457,16.994457,1.0,16.994457,True,False
2024-02-20 02:00:00,38.99,39.23,38.9,39.23,54231.51,0.000452,72,9.472608,0.0,mean_reversion,,885.2725,1.690095,-0.742834,True,True,884.61489,0.947965,885.2725,,mean_reversion,-7.521849,0.5667,77.0,AVAXUSDT,2024-02-20 02:00:00,AVAXUSDT,39.23,16.762956,REDUCE_LONG,0.3952,0.9619,1040.714701,0.0,0.0,0.0,1040.714701,0.0,0.0,0.0,9.472608,9.472608,1.0,9.472608,True,True
2024-02-20 03:00:00,39.23,39.32,38.9,38.93,48204.33,0.000452,72,16.478811,0.0,mean_reversion,,878.202063,0.947585,0.700296,True,True,877.587062,1.648335,878.202063,,mean_reversion,7.006203,0.4762,78.0,AVAXUSDT,2024-02-20 03:00:00,AVAXUSDT,38.93,15.797623,LONG,0.4286,0.9048,1040.714701,0.0,0.0,0.0,1040.714701,0.0,0.0,0.0,16.478811,16.478811,1.0,16.478811,True,True
2024-02-20 04:00:00,38.93,39.39,38.8,39.26,68068.85,0.000452,72,6.412861,0.0,mean_reversion,,889.849173,1.639401,-0.998115,True,True,888.961001,0.641927,889.849173,,mean_reversion,-10.06595,0.5762,79.0,AVAXUSDT,2024-02-20 04:00:00,AVAXUSDT,39.26,22.622817,REDUCE_LONG,0.3667,0.9429,1040.714701,0.0,0.0,0.0,1040.714701,0.0,0.0,0.0,6.412861,6.412861,1.0,6.412861,True,True
2024-02-20 05:00:00,39.26,39.54,39.22,39.46,54095.34,0.000452,72,0.500807,0.0,mean_reversion,,891.868021,0.643094,-0.593013,True,True,891.339131,0.05011,891.868021,,mean_reversion,-5.912054,0.581,80.0,AVAXUSDT,2024-02-20 05:00:00,AVAXUSDT,39.46,13.403181,REDUCE_LONG,0.3333,0.9143,1040.714701,0.0,0.0,0.0,1040.714701,0.0,0.0,0.0,0.500807,0.500807,1.0,0.500807,True,True
2024-02-20 06:00:00,39.47,39.58,39.37,39.47,43547.06,0.000452,72,0.190205,0.0,mean_reversion,,891.35045,0.050122,-0.031102,False,,891.35045,0.050122,891.35045,,mean_reversion,-0.310602,0.7095,81.0,AVAXUSDT,2024-02-20 06:00:00,,,,,0.2619,0.9714,1040.714701,0.0,0.0,0.0,1040.714701,0.0,0.0,0.0,0.190205,0.190205,1.0,0.190205,True,False
2024-02-20 07:00:00,39.47,39.56,39.19,39.28,60446.42,0.000452,72,5.434165,0.0,mean_reversion,,891.135386,0.049893,0.493523,True,True,890.69559,0.543191,891.135386,,mean_reversion,5.243959,0.6762,82.0,AVAXUSDT,2024-02-20 07:00:00,AVAXUSDT,39.28,11.196436,LONG,0.3143,0.9905,1040.714701,0.0,0.0,0.0,1040.714701,0.0,0.0,0.0,5.434165,5.434165,1.0,5.434165,True,True
2024-02-20 08:00:00,39.27,39.33,38.82,39.02,70478.32,0.000277,72,11.927001,0.0,mean_reversion,,887.49313,0.541543,0.651158,True,True,886.915232,1.192826,887.49313,,mean_reversion,6.492837,0.681,83.0,AVAXUSDT,2024-02-20 08:00:00,AVAXUSDT,39.02,14.810298,LONG,0.3095,0.9905,1040.714701,0.0,0.0,0.0,1040.714701,0.0,0.0,0.0,11.927001,11.927001,1.0,11.927001,True,True
2024-02-20 09:00:00,39.03,39.12,38.07,38.49,320713.14,0.000277,72,20.0,0.0,mean_reversion,,872.545532,1.196001,0.803999,True,True,871.844007,2.000805,872.545532,,mean_reversion,8.072999,0.6238,84.0,AVAXUSDT,2024-02-20 09:00:00,AVAXUSDT,38.49,18.226175,LONG,0.3667,0.9905,1040.714701,0.0,0.0,0.0,1040.714701,0.0,0.0,0.0,23.839298,23.839298,1.0,23.839298,True,True
2024-02-20 10:00:00,38.48,39.01,38.44,38.95,116160.8,0.000277,72,9.662392,0.0,mean_reversion,,892.691478,1.977432,-1.011193,True,True,891.788795,0.967217,892.691478,,mean_reversion,-10.337608,0.6381,85.0,AVAXUSDT,2024-02-20 10:00:00,AVAXUSDT,38.95,23.175443,REDUCE_LONG,0.3524,0.9905,1040.714701,0.0,0.0,0.0,1040.714701,0.0,0.0,0.0,9.662392,9.662392,1.0,9.662392,True,True
2024-02-20 11:00:00,38.95,39.24,38.94,39.22,79127.27,0.000277,72,1.882019,0.0,mean_reversion,,897.767985,0.967436,-0.779234,True,True,897.068414,0.188349,897.767985,,mean_reversion,-7.780373,0.6857,86.0,AVAXUSDT,2024-02-20 11:00:00,AVAXUSDT,39.22,17.837101,REDUCE_LONG,0.3048,0.9905,1040.714701,0.0,0.0,0.0,1040.714701,0.0,0.0,0.0,1.882019,1.882019,1.0,1.882019,True,True
2024-02-20 12:00:00,39.23,39.41,38.88,38.88,90280.75,0.000277,72,10.687121,0.0,mean_reversion,,895.603678,0.187021,0.881691,True,True,894.814032,1.068773,895.603678,,mean_reversion,8.805102,0.7,87.0,AVAXUSDT,2024-02-20 12:00:00,AVAXUSDT,38.88,20.309814,LONG,0.2905,0.9905,1040.714701,0.0,0.0,0.0,1040.714701,0.0,0.0,0.0,10.687121,10.687121,1.0,10.687121,True,True
2024-02-20 13:00:00,38.89,39.72,38.75,39.67,165693.86,0.000277,72,-10.71549,0.0,mean_reversion,,914.246098,1.067311,-2.13886,True,True,912.290654,-1.073846,914.246098,,mean_reversion,-21.402611,0.8238,88.0,AVAXUSDT,2024-02-20 13:00:00,AVAXUSDT,39.67,24.695223,SHORT,0.1667,0.9905,1040.714701,0.0,0.0,0.0,1040.714701,0.0,0.0,0.0,-10.71549,-10.71549,1.0,-10.71549,True,True
2024-02-20 14:00:00,39.67,39.72,37.88,38.33,410605.45,0.000277,72,20.0,0.0,mean_reversion,,945.382253,-1.001254,3.001254,True,True,942.543973,2.004017,945.382253,,mean_reversion,30.71549,0.8,89.0,AVAXUSDT,2024-02-20 14:00:00,AVAXUSDT,38.33,49.328581,LONG,0.1905,0.9905,1040.714701,0.0,0.0,0.0,1040.714701,0.0,0.0,0.0,20.982873,20.982873,1.0,20.982873,True,True
2024-02-20 15:00:00,38.32,38.34,36.84,37.7,495995.6,0.000277,72,20.0,0.0,mean_reversion,,911.498044,2.038214,-0.038214,False,,911.498044,2.038214,911.498044,,mean_reversion,0.0,0.7,90.0,AVAXUSDT,2024-02-20 15:00:00,,,,,0.281,0.981,1040.714701,0.0,0.0,0.0,1040.714701,0.0,0.0,0.0,24.0,24.0,1.0,24.0,True,False
2024-02-20 16:00:00,37.71,37.97,37.27,37.32,163532.03,0.000151,72,20.0,0.0,mean_reversion,,892.771928,2.059991,-0.059991,False,,892.771928,2.059991,892.771928,,mean_reversion,0.0,0.6476,91.0,AVAXUSDT,2024-02-20 16:00:00,,,,,0.3238,0.9714,1040.714701,0.0,0.0,0.0,1040.714701,0.0,0.0,0.0,24.0,24.0,1.0,24.0,True,False
2024-02-20 17:00:00,37.31,37.55,36.92,37.53,203576.56,0.000151,72,20.0,0.0,mean_reversion,,903.120571,2.047844,-0.047844,False,,903.120571,2.047844,903.120571,,mean_reversion,0.0,0.581,92.0,AVAXUSDT,2024-02-20 17:00:00,,,,,0.3714,0.9524,1040.714701,0.0,0.0,0.0,1040.714701,0.0,0.0,0.0,24.0,24.0,1.0,24.0,True,False
2024-02-20 18:00:00,37.53,37.89,37.45,37.81,118071.42,0.000151,72,17.486336,0.0,mean_reversion,,916.918761,2.032076,-0.283442,True,True,916.658868,1.749129,916.918761,,mean_reversion,-2.513664,0.5048,93.0,AVAXUSDT,2024-02-20 18:00:00,AVAXUSDT,37.81,6.873672,REDUCE_LONG,0.381,0.8857,1040.714701,0.0,0.0,0.0,1040.714701,0.0,0.0,0.0,17.486336,17.486336,1.0,17.486336,True,True
2024-02-20 19:00:00,37.8,38.4,37.65,38.33,106686.49,0.000151,72,6.105923,0.0,mean_reversion,,938.70977,1.731532,-1.12094,True,True,937.657533,0.611278,938.70977,,mean_reversion,-11.380413,0.6143,94.0,AVAXUSDT,2024-02-20 19:00:00,AVAXUSDT,38.33,27.452046,REDUCE_LONG,0.3095,0.9238,1040.714701,0.0,0.0,0.0,1040.714701,0.0,0.0,0.0,6.105923,6.105923,1.0,6.105923,True,True
2024-02-20 20:00:00,38.34,38.38,38.14,38.29,93539.6,0.000151,72,6.428954,0.0,mean_reversion,,937.059391,0.611029,0.031866,False,,937.059391,0.611029,937.059391,,mean_reversion,0.323031,0.6714,95.0,AVAXUSDT,2024-02-20 20:00:00,,,,,0.2524,0.9238,1040.714701,0.0,0.0,0.0,1040.714701,0.0,0.0,0.0,6.428954,6.428954,1.0,6.428954,True,False
2024-02-20 21:00:00,38.29,38.38,38.11,38.18,65221.33,0.000151,72,8.141807,0.0,mean_reversion,,935.414502,0.610345,0.203835,True,True,935.223832,0.814143,935.414502,,mean_reversion,1.712853,0.6333,96.0,AVAXUSDT,2024-02-20 21:00:00,AVAXUSDT,38.18,4.993989,LONG,0.281,0.9143,1040.714701,0.0,0.0,0.0,1040.714701,0.0,0.0,0.0,8.141807,8.141807,1.0,8.141807,True,True
2024-02-20 22:00:00,38.19,38.58,38.18,38.56,58539.03,0.000151,72,0.054883,0.0,mean_reversion,,942.801993,0.815637,-0.810148,True,True,942.038183,0.005493,942.801993,,mean_reversion,-8.086924,0.619,97.0,AVAXUSDT,2024-02-20 22:00:00,AVAXUSDT,38.56,19.808338,REDUCE_LONG,0.2667,0.8857,1040.714701,0.0,0.0,0.0,1040.714701,0.0,0.0,0.0,0.054883,0.054883,1.0,0.054883,True,True
2024-02-20 23:00:00,38.55,38.79,38.47,38.49,73899.74,0.000151,72,1.400084,0.0,mean_reversion,,942.02879,0.005483,0.134526,False,,942.02879,0.005483,942.02879,,mean_reversion,1.345201,0.619,98.0,AVAXUSDT,2024-02-20 23:00:00,,,,,0.2476,0.8667,1040.714701,0.0,0.0,0.0,1040.714701,0.0,0.0,0.0,1.400084,1.400084,1.0,1.400084,True,False
2024-02-21 00:00:00,38.5,38.55,38.25,38.27,45282.14,0.0001,78,5.640451,0.0,mean_reversion,,941.999268,0.005452,0.558593,True,True,941.473074,0.563801,941.999268,,mean_reversion,4.240367,0.6524,99.0,AVAXUSDT,2024-02-21 00:00:00,AVAXUSDT,38.27,13.749534,LONG,0.2143,0.8667,1040.714701,0.0,0.0,0.0,1040.714701,0.0,0.0,0.0,5.640451,5.640451,1.0,5.640451,True,True
2024-02-21 01:00:00,38.27,38.45,38.09,38.14,44067.8,0.0001,78,7.644942,0.0,mean_reversion,,939.669977,0.562964,0.20153,True,True,939.480605,0.764447,939.669977,,mean_reversion,2.00449,0.6571,100.0,AVAXUSDT,2024-02-21 01:00:00,AVAXUSDT,38.14,4.965165,LONG,0.2,0.8571,1040.714701,0.0,0.0,0.0,1040.714701,0.0,0.0,0.0,7.644942,7.644942,1.0,7.644942,True,True
2024-02-21 02:00:00,38.14,38.24,37.99,38.02,38507.68,0.0001,78,9.24821,0.0,mean_reversion,,937.220985,0.763879,0.160942,False,,937.220985,0.763879,937.220985,,mean_reversion,1.603269,0.6,101.0,AVAXUSDT,2024-02-21 02:00:00,,,,,0.2381,0.8381,1040.714701,0.0,0.0,0.0,1040.714701,0.0,0.0,0.0,9.24821,9.24821,1.0,9.24821,True,False
2024-02-21 03:00:00,38.01,38.18,37.91,38.01,34735.72,0.0001,78,8.633776,0.0,mean_reversion,,937.032683,0.763831,0.099546,False,,937.032683,0.763831,937.032683,,mean_reversion,-0.614434,0.5571,102.0,AVAXUSDT,2024-02-21 03:00:00,,,,,0.2429,0.8,1040.714701,0.0,0.0,0.0,1040.714701,0.0,0.0,0.0,8.633776,8.633776,1.0,8.633776,True,False
2024-02-21 04:00:00,38.01,38.1,37.63,37.87,51652.16,0.0001,78,10.614985,0.0,mean_reversion,,934.396458,0.763165,0.298333,True,True,934.117697,1.061517,934.396458,,mean_reversion,1.981209,0.4714,103.0,AVAXUSDT,2024-02-21 04:00:00,AVAXUSDT,37.87,7.361018,LONG,0.3095,0.781,1040.714701,0.0,0.0,0.0,1040.714701,0.0,0.0,0.0,10.614985,10.614985,1.0,10.614985,True,True
2024-02-21 05:00:00,37.88,38.04,37.61,37.64,45494.42,0.0001,78,14.928693,0.0,mean_reversion,,928.095415,1.061916,0.430953,True,True,927.69545,1.493082,928.095415,,mean_reversion,4.313708,0.2667,104.0,AVAXUSDT,2024-02-21 05:00:00,AVAXUSDT,37.64,10.626083,LONG,0.4476,0.7143,1040.714701,0.0,0.0,0.0,1040.714701,0.0,0.0,0.0,14.928693,14.928693,1.0,14.928693,True,True
2024-02-21 06:00:00,37.63,37.72,37.36,37.45,87955.03,0.0001,78,17.80327,0.0,mean_reversion,,920.703585,1.496826,0.283501,True,True,920.442565,1.780548,920.703585,,mean_reversion,2.874576,0.0905,105.0,AVAXUSDT,2024-02-21 06:00:00,AVAXUSDT,37.45,6.969828,LONG,0.5476,0.6381,1040.714701,0.0,0.0,0.0,1040.714701,0.0,0.0,0.0,17.80327,17.80327,1.0,17.80327,True,True
2024-02-21 07:00:00,37.45,37.45,37.12,37.35,84826.99,0.0001,78,0.0,0.0,unknown,,916.06635,1.784277,-1.784277,True,True,914.431834,0.0,916.06635,,unknown,-17.80327,0.0095,1.0,AVAXUSDT,2024-02-21 07:00:00,AVAXUSDT,37.35,43.762147,CLOSE,0.6095,0.619,1040.714701,0.0,0.0,0.0,1040.714701,0.0,0.0,0.0,,,,,True,True
2024-02-21 08:00:00,37.35,37.55,37.23,37.41,55542.39,0.000172,78,0.0,0.0,unknown,,914.431834,0.0,0.0,,,914.431834,0.0,914.431834,,unknown,0.0,0.019,2.0,,,,,,,0.619,0.6,1040.714701,0.0,0.0,0.0,1040.714701,0.0,0.0,0.0,,,,,,
2024-02-21 09:00:00,37.43,37.43,36.46,36.62,175709.9,0.000172,78,0.0,0.0,unknown,,914.431834,0.0,0.0,,,914.431834,0.0,914.431834,,unknown,0.0,0.0286,3.0,,,,,,,0.6095,0.6381,1040.714701,0.0,0.0,0.0,1040.714701,0.0,0.0,0.0,,,,,,
2024-02-21 10:00:00,36.61,37.07,36.41,36.95,153936.26,0.000172,78,20.0,0.0,mean_reversion,,914.431834,0.0,2.0,True,True,912.60297,2.002004,914.431834,,mean_reversion,20.0,0.1381,1.0,AVAXUSDT,2024-02-21 10:00:00,AVAXUSDT,36.95,49.495634,LONG,0.5952,0.7333,1040.714701,0.0,0.0,0.0,1040.714701,0.0,0.0,0.0,23.472054,23.472054,1.0,23.472054,True,True
2024-02-21 11:00:00,36.95,37.16,36.62,36.74,84868.18,0.000172,78,20.0,0.0,mean_reversion,,902.219281,2.013536,-0.013536,False,,902.219281,2.013536,902.219281,,mean_reversion,0.0,0.0762,2.0,AVAXUSDT,2024-02-21 11:00:00,,,,,0.6286,0.7048,1040.714701,0.0,0.0,0.0,1040.714701,0.0,0.0,0.0,24.0,24.0,1.0,24.0,True,False
2024-02-21 12:00:00,36.74,37.22,36.43,37.14,110333.66,0.000172,78,15.483271,0.0,mean_reversion,,921.997737,1.991794,-0.443467,True,True,921.588861,1.549014,921.997737,,mean_reversion,-4.516729,0.1571,3.0,AVAXUSDT,2024-02-21 12:00:00,AVAXUSDT,37.14,11.009034,REDUCE_LONG,0.5952,0.7524,1040.714701,0.0,0.0,0.0,1040.714701,0.0,0.0,0.0,15.483271,15.483271,1.0,15.483271,True,True
2024-02-21 13:00:00,37.15,37.3,36.73,36.97,87567.85,0.000172,78,18.638805,0.0,mean_reversion,,915.054553,1.552934,0.310946,True,True,914.770021,1.864149,915.054553,,mean_reversion,3.155535,0.1667,4.0,AVAXUSDT,2024-02-21 13:00:00,AVAXUSDT,36.97,7.696312,LONG,0.6048,0.7714,1040.714701,0.0,0.0,0.0,1040.714701,0.0,0.0,0.0,18.638805,18.638805,1.0,18.638805,True,True
2024-02-21 14:00:00,36.97,36.99,36.24,36.54,185128.37,0.000172,78,20.0,0.0,mean_reversion,,894.935961,1.883301,0.116699,False,,894.935961,1.883301,894.935961,,mean_reversion,1.361195,0.3143,5.0,AVAXUSDT,2024-02-21 14:00:00,,,,,0.5524,0.8667,1040.714701,0.0,0.0,0.0,1040.714701,0.0,0.0,0.0,24.0,24.0,1.0,24.0,True,False
2024-02-21 15:00:00,36.54,37.0,36.36,36.69,165512.03,0.000172,78,20.0,0.0,mean_reversion,,901.854819,1.876524,0.123476,False,,901.854819,1.876524,901.854819,,mean_reversion,0.0,0.3476,6.0,AVAXUSDT,2024-02-21 15:00:00,,,,,0.5286,0.8762,1040.714701,0.0,0.0,0.0,1040.714701,0.0,0.0,0.0,21.169246,21.169246,1.0,21.169246,True,False
2024-02-21 16:00:00,36.69,36.89,36.42,36.79,119185.61,0.0001,78,16.140223,0.0,mean_reversion,,906.467391,1.872064,-0.258042,True,True,906.233485,1.614439,906.467391,,mean_reversion,-3.859777,0.4524,7.0,AVAXUSDT,2024-02-21 16:00:00,AVAXUSDT,36.79,6.357886,REDUCE_LONG,0.4238,0.8762,1040.714701,0.0,0.0,0.0,1040.714701,0.0,0.0,0.0,16.140223,16.140223,1.0,16.140223,True,True
2024-02-21 17:00:00,36.79,36.92,36.24,36.27,113044.71,0.0001,78,20.0,0.0,mean_reversion,,885.554211,1.628787,0.371213,True,True,885.225482,2.000371,885.554211,,mean_reversion,3.859777,0.3,8.0,AVAXUSDT,2024-02-21 17:00:00,AVAXUSDT,36.27,9.063389,LONG,0.4905,0.7905,1040.714701,0.0,0.0,0.0,1040.714701,0.0,0.0,0.0,24.0,24.0,1.0,24.0,True,True
2024-02-21 18:00:00,36.27,36.42,35.9,36.23,161680.17,0.0001,78,20.0,0.0,mean_reversion,,883.272596,2.002583,-0.002583,False,,883.272596,2.002583,883.272596,,mean_reversion,0.0,0.1905,9.0,AVAXUSDT,2024-02-21 18:00:00,,,,,0.5714,0.7619,1040.714701,0.0,0.0,0.0,1040.714701,0.0,0.0,0.0,24.0,24.0,1.0,24.0,True,False
2024-02-21 19:00:00,36.22,36.85,36.13,36.79,153394.33,0.0001,78,8.608251,0.0,mean_reversion,,910.613005,1.972481,-1.111656,True,True,909.600716,0.861783,910.613005,,mean_reversion,-11.391749,0.3,10.0,AVAXUSDT,2024-02-21 19:00:00,AVAXUSDT,36.79,27.515323,REDUCE_LONG,0.5381,0.8381,1040.714701,0.0,0.0,0.0,1040.714701,0.0,0.0,0.0,8.608251,8.608251,1.0,8.608251,True,True
2024-02-21 20:00:00,36.78,36.89,36.62,36.72,68620.42,0.0001,78,9.439578,0.0,mean_reversion,,908.109237,0.861556,0.082402,False,,908.109237,0.861556,908.109237,,mean_reversion,0.831328,0.2762,11.0,AVAXUSDT,2024-02-21 20:00:00,,,,,0.5524,0.8286,1040.714701,0.0,0.0,0.0,1040.714701,0.0,0.0,0.0,9.439578,9.439578,1.0,9.439578,True,False
2024-02-21 21:00:00,36.73,37.25,36.68,37.22,124362.04,0.0001,78,-3.031115,0.0,mean_reversion,,918.762655,0.863161,-1.166273,True,True,917.691127,-0.303465,918.762655,,mean_reversion,-12.470694,0.381,12.0,AVAXUSDT,2024-02-21 21:00:00,AVAXUSDT,37.22,7.482202,SHORT,0.4857,0.8667,1040.714701,0.0,0.0,0.0,1040.714701,0.0,0.0,0.0,-3.031115,-3.031115,1.0,-3.031115,True,True
2024-02-21 22:00:00,37.23,37.39,37.05,37.38,85743.93,0.0001,78,-6.337223,0.0,mean_reversion,,916.493975,-0.305168,-0.328554,True,True,916.192857,-0.633931,916.493975,,mean_reversion,-3.306107,0.1571,13.0,AVAXUSDT,2024-02-21 22:00:00,AVAXUSDT,37.38,8.055589,SHORT,0.5571,0.7143,1040.714701,0.0,0.0,0.0,1040.714701,0.0,0.0,0.0,-6.337223,-6.337223,1.0,-6.337223,True,True
2024-02-21 23:00:00,37.37,37.72,37.33,37.61,61804.99,0.0001,78,-10.812827,0.0,trending,,912.619165,-0.640329,-0.440954,True,True,912.216742,-1.08176,912.619165,,trending,-4.475604,0.0905,1.0,AVAXUSDT,2024-02-21 23:00:00,AVAXUSDT,37.61,10.699893,SHORT,0.5952,0.5048,1040.714701,0.0,0.0,0.0,1040.714701,0.0,0.0,0.0,-10.812827,-10.812827,1.0,-10.812827,True,True
2024-02-22 00:00:00,37.6,37.67,37.36,37.47,83305.71,0.0001,74,-6.752696,0.0,trending,,915.890018,-1.073411,0.398141,True,True,915.525,-0.675539,915.890018,,trending,4.060131,0.081,2.0,AVAXUSDT,2024-02-22 00:00:00,AVAXUSDT,37.47,9.731875,REDUCE_SHORT,0.5667,0.4857,1040.714701,0.0,0.0,0.0,1040.714701,0.0,0.0,0.0,-6.752696,-6.752696,1.0,-6.752696,True,True
2024-02-22 01:00:00,37.47,37.54,36.6,36.71,139126.72,0.0001,74,10.630181,0.0,mean_reversion,,928.069415,-0.652891,1.715909,True,True,926.476326,1.063781,928.069415,,mean_reversion,17.382877,0.381,1.0,AVAXUSDT,2024-02-22 01:00:00,AVAXUSDT,36.71,26.874275,LONG,0.4381,0.819,1040.714701,0.0,0.0,0.0,1040.714701,0.0,0.0,0.0,10.630181,10.630181,1.0,10.630181,True,True
2024-02-22 02:00:00,36.71,37.13,36.71,36.92,48059.74,0.0001,74,5.04245,0.0,mean_reversion,,932.11428,1.063395,-0.55915,True,True,931.593088,0.504527,932.11428,,mean_reversion,-5.587732,0.4524,2.0,AVAXUSDT,2024-02-22 02:00:00,AVAXUSDT,36.92,14.116795,REDUCE_LONG,0.3952,0.8476,1040.714701,0.0,0.0,0.0,1040.714701,0.0,0.0,0.0,5.04245,5.04245,1.0,5.04245,True,True
2024-02-22 03:00:00,36.93,37.04,36.84,36.97,29301.36,0.0001,74,3.526046,0.0,mean_reversion,,932.229618,0.504865,-0.152261,False,,932.229618,0.504865,932.229618,,mean_reversion,-1.516403,0.481,3.0,AVAXUSDT,2024-02-22 03:00:00,,,,,0.3762,0.8571,1040.714701,0.0,0.0,0.0,1040.714701,0.0,0.0,0.0,3.526046,3.526046,1.0,3.526046,True,False
2024-02-22 04:00:00,36.96,37.02,36.7,36.79,33192.76,0.0001,74,7.113319,0.0,mean_reversion,,929.938109,0.503645,0.207687,True,True,929.744973,0.711272,929.938109,,mean_reversion,3.587273,0.4143,4.0,AVAXUSDT,2024-02-22 04:00:00,AVAXUSDT,36.79,5.249679,LONG,0.3857,0.8,1040.714701,0.0,0.0,0.0,1040.714701,0.0,0.0,0.0,7.113319,7.113319,1.0,7.113319,True,True
2024-02-22 05:00:00,36.8,37.14,36.78,37.0,30467.65,0.0001,74,1.967333,0.0,mean_reversion,,933.519731,0.712439,-0.515706,True,True,933.038309,0.196835,933.519731,,mean_reversion,-5.145986,0.3952,5.0,AVAXUSDT,2024-02-22 05:00:00,AVAXUSDT,37.0,13.011401,REDUCE_LONG,0.3381,0.7333,1040.714701,0.0,0.0,0.0,1040.714701,0.0,0.0,0.0,1.967333,1.967333,1.0,1.967333,True,True
2024-02-22 06:00:00,37.0,37.46,36.97,37.41,52077.32,0.0001,74,-7.803904,0.0,mean_reversion,,935.073399,0.198583,-0.978973,True,True,934.157987,-0.781155,935.073399,,mean_reversion,-9.771237,0.581,6.0,AVAXUSDT,2024-02-22 06:00:00,AVAXUSDT,37.41,19.506075,SHORT,0.1905,0.7714,1040.714701,0.0,0.0,0.0,1040.714701,0.0,0.0,0.0,-7.803904,-7.803904,1.0,-7.803904,True,True
2024-02-22 07:00:00,37.42,37.78,37.22,37.74,79930.28,0.0001,74,-14.769485,0.0,mean_reversion,,927.720982,-0.793514,-0.683435,True,True,927.086945,-1.477959,927.720982,,mean_reversion,-6.965581,0.4571,7.0,AVAXUSDT,2024-02-22 07:00:00,AVAXUSDT,37.74,16.800128,SHORT,0.2095,0.6667,1040.714701,0.0,0.0,0.0,1040.714701,0.0,0.0,0.0,-14.769485,-14.769485,1.0,-14.769485,True,True
2024-02-22 08:00:00,37.73,38.12,37.66,38.01,112329.19,0.0001,74,-20.0,0.0,mean_reversion,,917.28427,-1.50444,-0.49556,True,True,916.829701,-2.000992,917.28427,,mean_reversion,-5.230515,0.0667,8.0,AVAXUSDT,2024-02-22 08:00:00,AVAXUSDT,38.01,11.959215,SHORT,0.3333,0.4,1040.714701,0.0,0.0,0.0,1040.714701,0.0,0.0,0.0,-20.332066,-20.332066,1.0,-20.332066,True,True
2024-02-22 09:00:00,38.02,38.22,37.89,38.08,87498.11,0.000211,74,-20.0,0.0,trending,,913.451121,-2.012091,0.012091,False,,913.451121,-2.012091,913.451121,,trending,0.0,0.2524,1.0,AVAXUSDT,2024-02-22 09:00:00,,,,,0.519,0.2667,1040.714701,0.0,0.0,0.0,1040.714701,0.0,0.0,0.0,-20.582933,-20.582933,1.0,-20.582933,True,False
2024-02-22 10:00:00,38.09,38.09,37.48,37.65,95535.04,0.000211,74,-8.087355,0.0,trending,,934.205251,-1.945175,1.13644,True,True,933.14252,-0.809657,934.205251,,trending,11.912645,0.2333,2.0,AVAXUSDT,2024-02-22 10:00:00,AVAXUSDT,37.65,28.198354,REDUCE_SHORT,0.4905,0.2571,1040.714701,0.0,0.0,0.0,1040.714701,0.0,0.0,0.0,-8.087355,-8.087355,1.0,-8.087355,True,True
2024-02-22 11:00:00,37.65,37.65,37.38,37.5,47195.98,0.000211,74,-3.689489,0.0,trending,,936.15258,-0.803838,0.434889,True,True,935.74505,-0.36911,936.15258,,trending,4.397867,0.2,3.0,AVAXUSDT,2024-02-22 11:00:00,AVAXUSDT,37.5,10.856599,REDUCE_SHORT,0.4762,0.2762,1040.714701,0.0,0.0,0.0,1040.714701,0.0,0.0,0.0,-3.689489,-3.689489,1.0,-3.689489,True,True
2024-02-22 12:00:00,37.5,37.64,37.16,37.27,78222.55,0.000211,74,2.671138,0.0,trending,,937.863457,-0.366017,0.633131,True,True,937.269323,0.267016,937.863457,,trending,6.360627,0.1095,4.0,AVAXUSDT,2024-02-22 12:00:00,AVAXUSDT,37.27,6.721661,LONG,0.4048,0.2952,1040.714701,0.0,0.0,0.0,1040.714701,0.0,0.0,0.0,2.671138,2.671138,1.0,2.671138,True,True
2024-02-22 13:00:00,37.26,37.31,36.52,36.83,136491.31,0.000211,74,13.742187,0.0,trending,,934.31475,0.264698,1.109521,True,True,933.278108,1.374634,934.31475,,trending,11.071048,0.1476,5.0,AVAXUSDT,2024-02-22 13:00:00,AVAXUSDT,36.83,28.146662,LONG,0.3952,0.2476,1040.714701,0.0,0.0,0.0,1040.714701,0.0,0.0,0.0,13.742187,13.742187,1.0,13.742187,True,True
2024-02-22 14:00:00,36.83,37.39,36.77,37.31,85128.26,0.000211,74,0.046861,0.0,trending,,949.998167,1.368041,-1.363355,True,True,948.702982,0.004692,949.998167,,trending,-13.695326,0.1,6.0,AVAXUSDT,2024-02-22 14:00:00,AVAXUSDT,37.31,34.714137,REDUCE_LONG,0.3857,0.2857,1040.714701,0.0,0.0,0.0,1040.714701,0.0,0.0,0.0,0.046861,0.046861,1.0,0.046861,True,True
2024-02-22 15:00:00,37.32,37.56,37.18,37.5,68186.34,0.000211,74,-4.987992,0.0,trending,,948.725653,0.004716,-0.503515,True,True,948.247954,-0.499051,948.725653,,trending,-5.034853,0.0619,7.0,AVAXUSDT,2024-02-22 15:00:00,AVAXUSDT,37.5,12.619297,SHORT,0.4048,0.3429,1040.714701,0.0,0.0,0.0,1040.714701,0.0,0.0,0.0,-4.987992,-4.987992,1.0,-4.987992,True,True
2024-02-22 16:00:00,37.5,37.5,36.93,37.05,77394.68,0.0001,74,0.0,0.0,unknown,,953.926638,-0.490127,0.490127,True,True,953.458625,0.0,953.926638,,unknown,4.987992,0.0095,1.0,AVAXUSDT,2024-02-22 16:00:00,AVAXUSDT,37.05,-12.619297,CLOSE,0.3524,0.3429,1040.714701,0.0,0.0,0.0,1040.714701,0.0,0.0,0.0,,,,,True,True
2024-02-22 17:00:00,37.06,37.32,37.04,37.32,43338.38,0.0001,74,0.0,0.0,unknown,,953.458625,0.0,0.0,,,953.458625,0.0,953.458625,,unknown,0.0,0.0333,2.0,,,,,,,0.4048,0.3714,1040.714701,0.0,0.0,0.0,1040.714701,0.0,0.0,0.0,,,,,,
2024-02-22 18:00:00,37.32,37.66,37.18,37.48,58971.8,0.0001,74,-4.570283,0.0,trending,,953.458625,0.0,-0.457028,True,True,953.022868,-0.457237,953.458625,,trending,-4.570283,0.2476,1.0,AVAXUSDT,2024-02-22 18:00:00,AVAXUSDT,37.48,11.626404,SHORT,0.5143,0.2667,1040.714701,0.0,0.0,0.0,1040.714701,0.0,0.0,0.0,-4.570283,-4.570283,1.0,-4.570283,True,True
2024-02-22 19:00:00,37.48,37.51,37.2,37.29,44665.32,0.0001,74,0.822549,0.0,trending,,955.231884,-0.453867,0.536122,True,True,954.719329,0.082217,955.231884,,trending,5.392832,0.2048,2.0,AVAXUSDT,2024-02-22 19:00:00,AVAXUSDT,37.29,2.107066,LONG,0.4714,0.2667,1040.714701,0.0,0.0,0.0,1040.714701,0.0,0.0,0.0,0.822549,0.822549,1.0,0.822549,True,True
2024-02-22 20:00:00,37.28,37.76,37.23,37.64,144089.75,0.0001,74,-8.256658,0.0,trending,,955.456065,0.082924,-0.90859,True,True,954.587947,-0.826417,955.456065,,trending,-9.079207,0.1429,3.0,AVAXUSDT,2024-02-22 20:00:00,AVAXUSDT,37.64,20.958752,SHORT,0.4571,0.3143,1040.714701,0.0,0.0,0.0,1040.714701,0.0,0.0,0.0,-8.256658,-8.256658,1.0,-8.256658,True,True
2024-02-22 21:00:00,37.63,37.64,36.95,37.12,101009.78,0.0001,74,6.037094,0.0,mean_reversion,,965.486498,-0.8058,1.409509,True,True,964.124857,0.603957,965.486498,,mean_reversion,14.293752,0.081,1.0,AVAXUSDT,2024-02-22 21:00:00,AVAXUSDT,37.12,15.702404,LONG,0.3286,0.4095,1040.714701,0.0,0.0,0.0,1040.714701,0.0,0.0,0.0,6.037094,6.037094,1.0,6.037094,True,True
2024-02-22 22:00:00,37.12,37.24,36.71,37.07,103524.44,0.0001,74,6.7,0.0,mean_reversion,,963.340522,0.603635,0.066365,False,,963.340522,0.603635,963.340522,,mean_reversion,0.662907,0.1238,2.0,AVAXUSDT,2024-02-22 22:00:00,,,,,0.3048,0.4286,1040.714701,0.0,0.0,0.0,1040.714701,0.0,0.0,0.0,6.7,6.7,1.0,6.7,True,False
2024-02-22 23:00:00,37.07,37.15,36.62,36.78,88682.66,0.0001,74,0.0,0.0,unknown,,958.791378,0.601754,-0.601754,True,True,958.214422,0.0,958.791378,,unknown,-6.7,0.0429,1.0,AVAXUSDT,2024-02-22 23:00:00,AVAXUSDT,36.78,15.686701,CLOSE,0.3667,0.4095,1040.714701,0.0,0.0,0.0,1040.714701,0.0,0.0,0.0,,,,,True,True
2024-02-23 00:00:00,36.77,36.96,36.67,36.84,74906.34,0.000173,76,0.0,0.0,unknown,,958.214422,0.0,0.0,,,958.214422,0.0,958.214422,,unknown,0.0,0.0095,2.0,,,,,,,0.381,0.3905,1040.714701,0.0,0.0,0.0,1040.714701,0.0,0.0,0.0,,,,,,
2024-02-23 01:00:00,36.85,36.93,36.6,36.62,46769.47,0.000173,76,15.027051,0.0,trending,,958.214422,0.0,1.502705,True,True,956.774508,1.503462,958.214422,,trending,15.027051,0.0571,1.0,AVAXUSDT,2024-02-23 01:00:00,AVAXUSDT,36.62,39.320419,LONG,0.3619,0.3048,1040.714701,0.0,0.0,0.0,1040.714701,0.0,0.0,0.0,15.027051,15.027051,1.0,15.027051,True,True
2024-02-23 02:00:00,36.62,36.84,36.18,36.27,88298.54,0.000173,76,20.0,0.0,trending,,943.026123,1.510802,0.489198,True,True,942.564797,2.000489,943.026123,,trending,4.972949,0.1905,2.0,AVAXUSDT,2024-02-23 02:00:00,AVAXUSDT,36.27,12.71924,LONG,0.419,0.2286,1040.714701,0.0,0.0,0.0,1040.714701,0.0,0.0,0.0,22.063238,22.063238,1.0,22.063238,True,True
2024-02-23 03:00:00,36.27,36.52,36.04,36.52,79261.86,0.000173,76,13.857975,0.0,trending,,955.561701,1.986881,-0.601084,True,True,954.987328,1.386631,955.561701,,trending,-6.142025,0.2571,3.0,AVAXUSDT,2024-02-23 03:00:00,AVAXUSDT,36.52,15.727624,REDUCE_LONG,0.4381,0.181,1040.714701,0.0,0.0,0.0,1040.714701,0.0,0.0,0.0,13.857975,13.857975,1.0,13.857975,True,True
2024-02-23 04:00:00,36.51,36.59,36.27,36.51,48628.67,0.000173,76,12.977834,0.0,trending,,954.624728,1.386778,-0.088994,False,,954.624728,1.386778,954.624728,,trending,-0.88014,0.2286,4.0,AVAXUSDT,2024-02-23 04:00:00,,,,,0.419,0.1905,1040.714701,0.0,0.0,0.0,1040.714701,0.0,0.0,0.0,12.977834,12.977834,1.0,12.977834,True,False
2024-02-23 05:00:00,36.51,36.61,36.47,36.59,34877.76,0.000173,76,9.904322,0.0,trending,,957.525528,1.385606,-0.395174,True,True,957.147139,0.990824,957.525528,,trending,-3.073512,0.2952,5.0,AVAXUSDT,2024-02-23 05:00:00,AVAXUSDT,36.59,10.341324,REDUCE_LONG,0.4476,0.1524,1040.714701,0.0,0.0,0.0,1040.714701,0.0,0.0,0.0,9.904322,9.904322,1.0,9.904322,True,True
2024-02-23 06:00:00,36.59,36.75,36.53,36.73,37270.43,0.000173,76,5.558473,0.0,trending,,960.775753,0.990858,-0.435011,True,True,960.357805,0.556089,960.775753,,trending,-4.345849,0.3286,6.0,AVAXUSDT,2024-02-23 06:00:00,AVAXUSDT,36.73,11.378931,REDUCE_LONG,0.481,0.1524,1040.714701,0.0,0.0,0.0,1040.714701,0.0,0.0,0.0,5.558473,5.558473,1.0,5.558473,True,True
2024-02-23 07:00:00,36.72,36.74,36.33,36.42,63502.9,0.000173,76,13.224844,0.0,trending,,955.850486,0.553996,0.768488,True,True,955.115926,1.322732,955.850486,,trending,7.666371,0.3905,7.0,AVAXUSDT,2024-02-23 07:00:00,AVAXUSDT,36.42,20.169141,LONG,0.5905,0.2,1040.714701,0.0,0.0,0.0,1040.714701,0.0,0.0,0.0,13.224844,13.224844,1.0,13.224844,True,True
2024-02-23 08:00:00,36.41,36.64,36.1,36.23,73436.0,0.000148,76,16.923945,0.0,trending,,948.525071,1.324975,0.36742,True,True,948.176564,1.692649,948.525071,,trending,3.699101,0.5,8.0,AVAXUSDT,2024-02-23 08:00:00,AVAXUSDT,36.23,9.619284,LONG,0.7286,0.2286,1040.714701,0.0,0.0,0.0,1040.714701,0.0,0.0,0.0,16.923945,16.923945,1.0,16.923945,True,True
2024-02-23 09:00:00,36.22,36.57,36.14,36.55,63793.76,0.000148,76,7.109168,0.0,trending,,962.352044,1.682446,-0.971529,True,True,961.417091,0.711608,962.352044,,trending,-9.814777,0.4619,9.0,AVAXUSDT,2024-02-23 09:00:00,AVAXUSDT,36.55,25.580118,REDUCE_LONG,0.7476,0.2857,1040.714701,0.0,0.0,0.0,1040.714701,0.0,0.0,0.0,7.109168,7.109168,1.0,7.109168,True,True
2024-02-23 10:00:00,36.54,36.84,36.5,36.81,63491.16,0.000148,76,-0.769925,0.0,trending,,966.283837,0.713061,-0.790053,True,True,965.520422,-0.077053,966.283837,,trending,-7.879093,0.3905,10.0,AVAXUSDT,2024-02-23 10:00:00,AVAXUSDT,36.81,2.021097,SHORT,0.6857,0.2952,1040.714701,0.0,0.0,0.0,1040.714701,0.0,0.0,0.0,-0.769925,-0.769925,1.0,-0.769925,True,True
2024-02-23 11:00:00,36.82,36.86,36.69,36.78,43522.71,0.000148,76,0.163015,0.0,trending,,965.581055,-0.076986,0.093287,False,,965.581055,-0.076986,965.581055,,trending,0.932939,0.4143,11.0,AVAXUSDT,2024-02-23 11:00:00,,,,,0.6524,0.2381,1040.714701,0.0,0.0,0.0,1040.714701,0.0,0.0,0.0,0.163015,0.163015,1.0,0.163015,True,False
2024-02-23 12:00:00,36.78,36.79,36.19,36.22,103543.5,0.000148,76,16.464722,0.0,trending,,966.712869,-0.075725,1.722197,True,True,965.047926,1.647663,966.712869,,trending,16.301707,0.4381,12.0,AVAXUSDT,2024-02-23 12:00:00,AVAXUSDT,36.22,43.944392,LONG,0.6667,0.2286,1040.714701,0.0,0.0,0.0,1040.714701,0.0,0.0,0.0,16.464722,16.464722,1.0,16.464722,True,True
2024-02-23 13:00:00,36.22,36.55,36.13,36.5,93936.27,0.000148,76,6.62574,0.0,trending,,977.340051,1.639518,-0.976944,True,True,976.385245,0.663222,977.340051,,trending,-9.838982,0.3286,13.0,AVAXUSDT,2024-02-23 13:00:00,AVAXUSDT,36.5,26.159074,REDUCE_LONG,0.5667,0.2381,1040.714701,0.0,0.0,0.0,1040.714701,0.0,0.0,0.0,6.62574,6.62574,1.0,6.62574,True,True
2024-02-23 14:00:00,36.5,36.69,36.02,36.55,145946.86,0.000148,76,4.461327,0.0,trending,,977.272314,0.663528,-0.217395,True,True,977.059859,0.44623,977.272314,,trending,-2.164413,0.3429,14.0,AVAXUSDT,2024-02-23 14:00:00,AVAXUSDT,36.55,5.812696,REDUCE_LONG,0.581,0.2381,1040.714701,0.0,0.0,0.0,1040.714701,0.0,0.0,0.0,4.461327,4.461327,1.0,4.461327,True,True
2024-02-23 15:00:00,36.54,36.54,35.55,35.74,313346.6,0.000148,76,20.0,0.0,trending,,967.39763,0.440699,1.559301,True,True,965.889166,2.001562,967.39763,,trending,15.538673,0.2238,15.0,AVAXUSDT,2024-02-23 15:00:00,AVAXUSDT,35.74,42.206612,LONG,0.6238,0.4,1040.714701,0.0,0.0,0.0,1040.714701,0.0,0.0,0.0,24.0,24.0,1.0,24.0,True,True
2024-02-23 16:00:00,35.74,36.09,35.14,36.03,394951.03,0.000196,76,14.227565,0.0,trending,,981.57616,1.985555,-0.562799,True,True,981.02373,1.423558,981.57616,,trending,-5.772435,0.181,16.0,AVAXUSDT,2024-02-23 16:00:00,AVAXUSDT,36.03,15.332498,REDUCE_LONG,0.6,0.419,1040.714701,0.0,0.0,0.0,1040.714701,0.0,0.0,0.0,14.227565,14.227565,1.0,14.227565,True,True
2024-02-23 17:00:00,36.04,36.38,35.95,36.36,86912.98,0.000196,76,4.80996,0.0,trending,,993.814723,1.418106,-0.93711,True,True,992.883409,0.481447,993.814723,,trending,-9.417605,0.0714,17.0,AVAXUSDT,2024-02-23 17:00:00,AVAXUSDT,36.36,25.613694,REDUCE_LONG,0.5476,0.4762,1040.714701,0.0,0.0,0.0,1040.714701,0.0,0.0,0.0,4.80996,4.80996,1.0,4.80996,True,True
2024-02-23 18:00:00,36.36,36.42,36.1,36.35,72302.31,0.000196,76,4.7115,0.0,trending,,992.75194,0.481379,-0.010228,False,,992.75194,0.481379,992.75194,,trending,-0.09846,0.1048,18.0,AVAXUSDT,2024-02-23 18:00:00,,,,,0.5714,0.4667,1040.714701,0.0,0.0,0.0,1040.714701,0.0,0.0,0.0,4.7115,4.7115,1.0,4.7115,True,False
2024-02-23 19:00:00,36.35,36.45,36.22,36.4,67037.38,0.000196,76,3.057797,0.0,trending,,993.409285,0.481722,-0.175942,False,,993.409285,0.481722,993.409285,,trending,-1.653704,0.0571,19.0,AVAXUSDT,2024-02-23 19:00:00,,,,,0.5333,0.4762,1040.714701,0.0,0.0,0.0,1040.714701,0.0,0.0,0.0,3.057797,3.057797,1.0,3.057797,True,False
2024-02-23 20:00:00,36.39,36.52,36.24,36.45,63217.18,0.000196,76,1.420289,0.0,trending,,994.06663,0.482064,-0.340036,True,True,993.728612,0.142077,994.06663,,trending,-1.637508,0.3238,20.0,AVAXUSDT,2024-02-23 20:00:00,AVAXUSDT,36.45,9.273471,REDUCE_LONG,0.6571,0.3333,1040.714701,0.0,0.0,0.0,1040.714701,0.0,0.0,0.0,1.420289,1.420289,1.0,1.420289,True,True
2024-02-23 21:00:00,36.44,36.5,36.23,36.25,48837.92,0.000196,76,6.727711,0.0,trending,,992.953928,0.141408,0.531363,True,True,992.426308,0.672597,992.953928,,trending,5.307422,0.3714,21.0,AVAXUSDT,2024-02-23 21:00:00,AVAXUSDT,36.25,14.555014,LONG,0.6667,0.2952,1040.714701,0.0,0.0,0.0,1040.714701,0.0,0.0,0.0,6.727711,6.727711,1.0,6.727711,True,True
2024-02-23 22:00:00,36.24,36.35,35.78,35.87,55327.14,0.000196,76,16.579624,0.0,trending,,985.429035,0.670272,0.98769,True,True,984.455736,1.658613,985.429035,,trending,9.851913,0.3857,22.0,AVAXUSDT,2024-02-23 22:00:00,AVAXUSDT,35.87,27.134052,LONG,0.7,0.3143,1040.714701,0.0,0.0,0.0,1040.714701,0.0,0.0,0.0,16.579624,16.579624,1.0,16.579624,True,True
2024-02-23 23:00:00,35.87,36.02,35.42,35.92,94373.11,0.000196,76,13.444656,0.0,trending,,986.731776,1.657094,-0.312628,True,True,986.423296,1.344886,986.731776,,trending,-3.134968,0.3571,23.0,AVAXUSDT,2024-02-23 23:00:00,AVAXUSDT,35.92,8.587975,REDUCE_LONG,0.6619,0.3048,1040.714701,0.0,0.0,0.0,1040.714701,0.0,0.0,0.0,13.444656,13.444656,1.0,13.444656,True,True
2024-02-24 00:00:00,35.91,36.07,35.69,36.05,72546.57,0.000308,72,8.586182,0.0,trending,,991.224563,1.343216,-0.484597,True,True,990.744218,0.859035,991.224563,,trending,-4.858474,0.281,24.0,AVAXUSDT,2024-02-24 00:00:00,AVAXUSDT,36.05,13.324403,REDUCE_LONG,0.5952,0.3143,1040.714701,0.0,0.0,0.0,1040.714701,0.0,0.0,0.0,8.586182,8.586182,1.0,8.586182,True,True
2024-02-24 01:00:00,36.06,36.14,35.21,35.23,89147.66,0.000308,72,20.0,0.0,trending,,971.385315,0.856225,1.143775,True,True,970.274269,2.001145,971.385315,,trending,11.413818,0.1143,25.0,AVAXUSDT,2024-02-24 01:00:00,AVAXUSDT,35.23,31.53693,LONG,0.6,0.4857,1040.714701,0.0,0.0,0.0,1040.714701,0.0,0.0,0.0,24.0,24.0,1.0,24.0,True,True
2024-02-24 02:00:00,35.25,35.69,35.2,35.66,49136.43,0.000308,72,13.788608,0.0,mean_reversion,,993.973208,1.977275,-0.598414,True,True,993.3784,1.379686,993.973208,,mean_reversion,-6.211392,0.1333,1.0,AVAXUSDT,2024-02-24 02:00:00,AVAXUSDT,35.66,16.679973,REDUCE_LONG,0.4286,0.5619,1040.714701,0.0,0.0,0.0,1040.714701,0.0,0.0,0.0,13.788608,13.788608,1.0,13.788608,True,True
2024-02-24 03:00:00,35.66,35.87,35.44,35.84,41674.07,0.000308,72,8.12933,0.0,mean_reversion,,1000.296491,1.377061,-0.564128,True,True,999.732196,0.813392,1000.296491,,mean_reversion,-5.659278,0.1714,2.0,AVAXUSDT,2024-02-24 03:00:00,AVAXUSDT,35.84,15.744832,REDUCE_LONG,0.3905,0.5619,1040.714701,0.0,0.0,0.0,1040.714701,0.0,0.0,0.0,8.12933,8.12933,1.0,8.12933,True,True
2024-02-24 04:00:00,35.85,36.18,35.78,36.14,45794.45,0.000308,72,0.155185,0.0,mean_reversion,,1006.538898,0.814654,-0.799135,True,True,1005.734537,0.015531,1006.538898,,mean_reversion,-7.974145,0.1857,3.0,AVAXUSDT,2024-02-24 04:00:00,AVAXUSDT,36.14,22.2568,REDUCE_LONG,0.3381,0.5238,1040.714701,0.0,0.0,0.0,1040.714701,0.0,0.0,0.0,0.155185,0.155185,1.0,0.155185,True,True
2024-02-24 05:00:00,36.14,36.23,36.01,36.19,43844.83,0.000308,72,-1.100214,0.0,mean_reversion,,1005.756148,0.015552,-0.125573,False,,1005.756148,0.015552,1005.756148,,mean_reversion,-1.255399,0.1857,4.0,AVAXUSDT,2024-02-24 05:00:00,,,,,0.3286,0.5143,1040.714701,0.0,0.0,0.0,1040.714701,0.0,0.0,0.0,-1.100214,-1.100214,1.0,-1.100214,True,False
2024-02-24 06:00:00,36.2,36.24,36.04,36.08,39398.4,0.000308,72,1.766108,0.0,trending,,1005.708605,0.015506,0.161105,False,,1005.708605,0.015506,1005.708605,,trending,2.866322,0.1095,1.0,AVAXUSDT,2024-02-24 06:00:00,,,,,0.4333,0.3238,1040.714701,0.0,0.0,0.0,1040.714701,0.0,0.0,0.0,1.766108,1.766108,1.0,1.766108,True,False
2024-02-24 07:00:00,36.08,36.43,35.98,36.36,57033.52,0.000308,72,-5.312963,0.0,trending,,1005.829623,0.015624,-0.54692,True,True,1005.279514,-0.531587,1005.829623,,trending,-7.079072,0.1238,2.0,AVAXUSDT,2024-02-24 07:00:00,AVAXUSDT,36.36,14.697294,SHORT,0.3905,0.2667,1040.714701,0.0,0.0,0.0,1040.714701,0.0,0.0,0.0,-5.312963,-5.312963,1.0,-5.312963,True,True
2024-02-24 08:00:00,36.37,36.42,36.1,36.14,61631.56,0.000308,72,0.604478,0.0,trending,,1008.512919,-0.526677,0.587124,True,True,1007.920265,0.060423,1008.512919,,trending,5.917442,0.2048,3.0,AVAXUSDT,2024-02-24 08:00:00,AVAXUSDT,36.14,1.68684,LONG,0.4048,0.2,1040.714701,0.0,0.0,0.0,1040.714701,0.0,0.0,0.0,0.604478,0.604478,1.0,0.604478,True,True
2024-02-24 09:00:00,36.15,36.49,36.11,36.45,70710.84,0.000431,72,-7.307269,0.0,trending,,1008.442662,0.06091,-0.791637,True,True,1007.644342,-0.731306,1008.442662,,trending,-7.911747,0.1333,4.0,AVAXUSDT,2024-02-24 09:00:00,AVAXUSDT,36.45,20.216631,SHORT,0.381,0.2476,1040.714701,0.0,0.0,0.0,1040.714701,0.0,0.0,0.0,-7.307269,-7.307269,1.0,-7.307269,True,True
2024-02-24 10:00:00,36.45,36.6,36.4,36.51,57189.24,0.000431,72,-8.554269,0.0,trending,,1006.431344,-0.733393,-0.122034,False,,1006.431344,-0.733393,1006.431344,,trending,-1.247,0.081,5.0,AVAXUSDT,2024-02-24 10:00:00,,,,,0.3667,0.2857,1040.714701,0.0,0.0,0.0,1040.714701,0.0,0.0,0.0,-8.554269,-8.554269,1.0,-8.554269,True,False
2024-02-24 11:00:00,36.51,36.69,36.4,36.63,56972.5,0.000431,72,-11.86997,0.0,trending,,1004.005348,-0.737581,-0.449416,True,True,1003.554132,-1.187531,1004.005348,,trending,-3.315701,0.2048,6.0,AVAXUSDT,2024-02-24 11:00:00,AVAXUSDT,36.63,12.318213,SHORT,0.4048,0.2,1040.714701,0.0,0.0,0.0,1040.714701,0.0,0.0,0.0,-11.86997,-11.86997,1.0,-11.86997,True,True
2024-02-24 12:00:00,36.62,36.77,36.52,36.61,83517.08,0.000431,72,-11.091886,0.0,trending,,1004.204829,-1.186113,0.076925,False,,1004.204829,-1.186113,1004.204829,,trending,0.778084,0.2476,7.0,AVAXUSDT,2024-02-24 12:00:00,,,,,0.4286,0.181,1040.714701,0.0,0.0,0.0,1040.714701,0.0,0.0,0.0,-11.091886,-11.091886,1.0,-11.091886,True,False
2024-02-24 13:00:00,36.6,36.72,36.47,36.52,74801.17,0.000431,72,-7.366897,0.0,trending,,1007.132965,-1.179757,0.443068,True,True,1006.686291,-0.737017,1007.132965,,trending,3.724988,0.4476,8.0,AVAXUSDT,2024-02-24 13:00:00,AVAXUSDT,36.52,12.21873,REDUCE_SHORT,0.4857,0.0381,1040.714701,0.0,0.0,0.0,1040.714701,0.0,0.0,0.0,-7.366897,-7.366897,1.0,-7.366897,True,True
2024-02-24 14:00:00,36.52,36.56,36.25,36.38,67083.79,0.000431,72,-2.140305,0.0,trending,,1009.530547,-0.732123,0.518092,True,True,1009.006993,-0.214142,1009.530547,,trending,5.226592,0.4619,9.0,AVAXUSDT,2024-02-24 14:00:00,AVAXUSDT,36.38,14.376854,REDUCE_SHORT,0.4905,0.0286,1040.714701,0.0,0.0,0.0,1040.714701,0.0,0.0,0.0,-2.140305,-2.140305,1.0,-2.140305,True,True
2024-02-24 15:00:00,36.39,36.44,36.26,36.36,58167.47,0.000431,72,-1.29747,0.0,trending,,1009.125778,-0.213999,0.084252,False,,1009.125778,-0.213999,1009.125778,,trending,0.842835,0.5429,10.0,AVAXUSDT,2024-02-24 15:00:00,,,,,0.5524,0.0095,1040.714701,0.0,0.0,0.0,1040.714701,0.0,0.0,0.0,-1.29747,-1.29747,1.0,-1.29747,True,False
2024-02-24 16:00:00,36.35,36.59,36.33,36.53,49600.45,0.00023,72,-6.734789,0.0,trending,,1008.116104,-0.215214,-0.458264,True,True,1007.65412,-0.673788,1008.116104,,trending,-5.437319,0.5762,11.0,AVAXUSDT,2024-02-24 16:00:00,AVAXUSDT,36.53,12.646694,SHORT,0.5857,0.0095,1040.714701,0.0,0.0,0.0,1040.714701,0.0,0.0,0.0,-6.734789,-6.734789,1.0,-6.734789,True,True
2024-02-24 17:00:00,36.52,36.83,36.52,36.78,71642.08,0.00023,72,-14.18957,0.0,trending,,1003.007632,-0.681542,-0.737415,True,True,1002.267998,-1.420004,1003.007632,,trending,-7.454781,0.6143,12.0,AVAXUSDT,2024-02-24 17:00:00,AVAXUSDT,36.78,20.109659,SHORT,0.6143,0.0,1040.714701,0.0,0.0,0.0,1040.714701,0.0,0.0,0.0,-14.18957,-14.18957,1.0,-14.18957,True,True
2024-02-24 18:00:00,36.79,36.95,36.63,36.67,62813.41,0.00023,72,-9.584328,0.0,trending,,1006.524516,-1.40977,0.451337,True,True,1006.069779,-0.958866,1006.524516,,trending,4.605242,0.5857,13.0,AVAXUSDT,2024-02-24 18:00:00,AVAXUSDT,36.67,12.388385,REDUCE_SHORT,0.5857,0.0,1040.714701,0.0,0.0,0.0,1040.714701,0.0,0.0,0.0,-9.584328,-9.584328,1.0,-9.584328,True,True
2024-02-24 19:00:00,36.68,36.77,36.66,36.75,21913.31,0.00023,72,-12.197079,0.0,trending,,1003.965201,-0.962972,-0.256736,True,True,1003.707447,-1.220021,1003.965201,,trending,-2.612752,0.5857,14.0,AVAXUSDT,2024-02-24 19:00:00,AVAXUSDT,36.75,7.013705,SHORT,0.5857,0.0,1040.714701,0.0,0.0,0.0,1040.714701,0.0,0.0,0.0,-12.197079,-12.197079,1.0,-12.197079,True,True
2024-02-24 20:00:00,36.75,36.77,36.6,36.64,43401.37,0.00023,72,-7.291676,0.0,trending,,1007.37275,-1.211944,0.482776,True,True,1006.885927,-0.72952,1007.37275,,trending,4.905404,0.5333,15.0,AVAXUSDT,2024-02-24 20:00:00,AVAXUSDT,36.64,13.273348,REDUCE_SHORT,0.5524,0.019,1040.714701,0.0,0.0,0.0,1040.714701,0.0,0.0,0.0,-7.291676,-7.291676,1.0,-7.291676,True,True
2024-02-24 21:00:00,36.65,36.79,36.55,36.7,57072.32,0.00023,72,-9.88932,0.0,trending,,1005.683072,-0.731589,-0.257343,True,True,1005.424267,-0.989187,1005.683072,,trending,-2.597645,0.5476,16.0,AVAXUSDT,2024-02-24 21:00:00,AVAXUSDT,36.7,7.051929,SHORT,0.5762,0.0286,1040.714701,0.0,0.0,0.0,1040.714701,0.0,0.0,0.0,-9.88932,-9.88932,1.0,-9.88932,True,True
2024-02-24 22:00:00,36.7,36.78,36.67,36.71,33415.47,0.00023,72,-10.023914,0.0,trending,,1005.153271,-0.989723,-0.012668,False,,1005.153271,-0.989723,1005.153271,,trending,-0.134593,0.619,17.0,AVAXUSDT,2024-02-24 22:00:00,,,,,0.6667,0.0476,1040.714701,0.0,0.0,0.0,1040.714701,0.0,0.0,0.0,-10.023914,-10.023914,1.0,-10.023914,True,False
2024-02-24 23:00:00,36.71,36.87,36.7,36.76,55320.69,0.00023,72,-11.874994,0.0,trending,,1003.798296,-0.992409,-0.195091,False,,1003.798296,-0.992409,1003.798296,,trending,-1.851081,0.7095,18.0,AVAXUSDT,2024-02-24 23:00:00,,,,,0.7476,0.0381,1040.714701,0.0,0.0,0.0,1040.714701,0.0,0.0,0.0,-11.874994,-11.874994,1.0,-11.874994,True,False
2024-02-25 00:00:00,36.76,36.87,36.61,36.8,76163.86,0.00023,74,-12.975034,0.0,trending,,1002.714315,-0.994563,-0.302941,True,True,1002.410552,-1.297897,1002.714315,,trending,-1.10004,0.7095,19.0,AVAXUSDT,2024-02-25 00:00:00,AVAXUSDT,36.8,8.254432,SHORT,0.7571,0.0476,1040.714701,0.0,0.0,0.0,1040.714701,0.0,0.0,0.0,-12.975034,-12.975034,1.0,-12.975034,True,True
2024-02-25 01:00:00,36.81,36.9,36.64,36.84,38903.65,0.000219,74,-13.560988,0.0,trending,,1000.996394,-1.301143,-0.054956,False,,1000.996394,-1.301143,1000.996394,,trending,-0.585953,0.8762,20.0,AVAXUSDT,2024-02-25 01:00:00,,,,,0.9524,0.0762,1040.714701,0.0,0.0,0.0,1040.714701,0.0,0.0,0.0,-13.560988,-13.560988,1.0,-13.560988,True,False
2024-02-25 02:00:00,36.83,37.04,36.77,36.85,57463.12,0.000219,74,-12.573543,0.0,trending,,1000.642855,-1.301956,0.044602,False,,1000.642855,-1.301956,1000.642855,,trending,0.987445,0.8143,21.0,AVAXUSDT,2024-02-25 02:00:00,,,,,0.9381,0.1238,1040.714701,0.0,0.0,0.0,1040.714701,0.0,0.0,0.0,-12.573543,-12.573543,1.0,-12.573543,True,False
2024-02-25 03:00:00,36.85,36.86,36.42,36.81,59815.33,0.000219,74,-9.506056,0.0,trending,,1002.057012,-1.298707,0.348102,True,True,1001.707845,-0.950937,1002.057012,,trending,3.067487,0.7571,22.0,AVAXUSDT,2024-02-25 03:00:00,AVAXUSDT,36.81,9.47617,REDUCE_SHORT,0.919,0.1619,1040.714701,0.0,0.0,0.0,1040.714701,0.0,0.0,0.0,-9.506056,-9.506056,1.0,-9.506056,True,True
2024-02-25 04:00:00,36.81,36.88,36.48,36.64,42955.68,0.000219,74,-0.549765,0.0,trending,,1006.107068,-0.942406,0.88743,True,True,1005.213324,-0.055025,1006.107068,,trending,8.95629,0.7381,23.0,AVAXUSDT,2024-02-25 04:00:00,AVAXUSDT,36.64,24.368163,REDUCE_SHORT,0.9,0.1619,1040.714701,0.0,0.0,0.0,1040.714701,0.0,0.0,0.0,-0.549765,-0.549765,1.0,-0.549765,True,True
2024-02-25 05:00:00,36.63,36.83,36.49,36.8,54411.82,0.000219,74,-8.011623,0.0,trending,,1004.971786,-0.055279,-0.745883,True,True,1004.222194,-0.80176,1004.971786,,trending,-7.461858,0.7,24.0,AVAXUSDT,2024-02-25 05:00:00,AVAXUSDT,36.8,20.369339,SHORT,0.881,0.181,1040.714701,0.0,0.0,0.0,1040.714701,0.0,0.0,0.0,-8.011623,-8.011623,1.0,-8.011623,True,True
2024-02-25 06:00:00,36.81,37.24,36.75,37.01,74499.9,0.000219,74,-16.192362,0.0,trending,,999.627614,-0.810042,-0.809195,True,True,998.818721,-1.620548,999.627614,,trending,-8.18074,0.6667,25.0,AVAXUSDT,2024-02-25 06:00:00,AVAXUSDT,37.01,21.856071,SHORT,0.8762,0.2095,1040.714701,0.0,0.0,0.0,1040.714701,0.0,0.0,0.0,-16.192362,-16.192362,1.0,-16.192362,True,True
2024-02-25 07:00:00,37.01,37.06,36.78,36.91,41013.93,0.000219,74,-10.22579,0.0,trending,,1003.192223,-1.609123,0.586544,True,True,1002.603218,-1.02318,1003.192223,,trending,5.966573,0.5143,26.0,AVAXUSDT,2024-02-25 07:00:00,AVAXUSDT,36.91,15.941926,REDUCE_SHORT,0.8095,0.2952,1040.714701,0.0,0.0,0.0,1040.714701,0.0,0.0,0.0,-10.22579,-10.22579,1.0,-10.22579,True,True
2024-02-25 08:00:00,36.9,36.91,36.66,36.66,40075.72,0.000218,74,1.876778,0.0,trending,,1009.551492,-1.009255,1.196933,True,True,1008.342107,0.187715,1009.551492,,trending,12.102567,0.319,27.0,AVAXUSDT,2024-02-25 08:00:00,AVAXUSDT,36.66,5.168314,LONG,0.7286,0.4095,1040.714701,0.0,0.0,0.0,1040.714701,0.0,0.0,0.0,1.876778,1.876778,1.0,1.876778,True,True
2024-02-25 09:00:00,36.67,36.81,36.6,36.8,32806.66,0.000218,74,-4.567735,0.0,trending,,1009.064948,0.188297,-0.64507,True,True,1008.41403,-0.457068,1009.064948,,trending,-6.444513,0.2095,28.0,AVAXUSDT,2024-02-25 09:00:00,AVAXUSDT,36.8,12.524842,SHORT,0.6667,0.4571,1040.714701,0.0,0.0,0.0,1040.714701,0.0,0.0,0.0,-4.567735,-4.567735,1.0,-4.567735,True,True
2024-02-25 10:00:00,36.8,36.89,36.56,36.63,37102.74,0.000218,74,3.478125,0.0,mean_reversion,,1010.543253,-0.453998,0.801811,True,True,1009.732529,0.347744,1010.543253,,mean_reversion,8.045861,0.1143,1.0,AVAXUSDT,2024-02-25 10:00:00,AVAXUSDT,36.63,9.595403,LONG,0.4667,0.581,1040.714701,0.0,0.0,0.0,1040.714701,0.0,0.0,0.0,3.478125,3.478125,1.0,3.478125,True,True
2024-02-25 11:00:00,36.63,36.8,36.56,36.79,25255.42,0.000218,74,-3.957884,0.0,mean_reversion,,1011.266258,0.348733,-0.744521,True,True,1010.513349,-0.396083,1011.266258,,mean_reversion,-7.43601,0.3381,2.0,AVAXUSDT,2024-02-25 11:00:00,AVAXUSDT,36.79,10.879246,SHORT,0.3571,0.6952,1040.714701,0.0,0.0,0.0,1040.714701,0.0,0.0,0.0,-3.957884,-3.957884,1.0,-3.957884,True,True
2024-02-25 12:00:00,36.8,36.96,36.68,36.94,31173.5,0.000218,74,-10.171975,0.0,mean_reversion,,1008.881462,-0.398342,-0.618856,True,True,1008.257109,-1.017827,1008.881462,,mean_reversion,-6.214091,0.4095,3.0,AVAXUSDT,2024-02-25 12:00:00,AVAXUSDT,36.94,16.901796,SHORT,0.3333,0.7429,1040.714701,0.0,0.0,0.0,1040.714701,0.0,0.0,0.0,-10.171975,-10.171975,1.0,-10.171975,True,True
2024-02-25 13:00:00,36.94,37.01,36.74,36.78,34075.84,0.000218,74,-2.174715,0.0,mean_reversion,,1012.702076,-1.008971,0.791499,True,True,1011.899721,-0.217644,1012.702076,,mean_reversion,7.997261,0.3476,4.0,AVAXUSDT,2024-02-25 13:00:00,AVAXUSDT,36.78,21.793174,REDUCE_SHORT,0.3381,0.6857,1040.714701,0.0,0.0,0.0,1040.714701,0.0,0.0,0.0,-2.174715,-2.174715,1.0,-2.174715,True,True
2024-02-25 14:00:00,36.77,37.23,36.72,37.21,87255.96,0.000218,74,-20.0,0.0,mean_reversion,,1009.324938,-0.22075,-1.77925,True,True,1007.529096,-2.003565,1009.324938,,mean_reversion,-17.825285,0.381,5.0,AVAXUSDT,2024-02-25 14:00:00,AVAXUSDT,37.21,48.26233,SHORT,0.3905,0.7714,1040.714701,0.0,0.0,0.0,1040.714701,0.0,0.0,0.0,-20.328556,-20.328556,1.0,-20.328556,True,True
2024-02-25 15:00:00,37.21,37.25,36.75,36.84,101925.64,0.000218,74,-2.372085,0.0,mean_reversion,,1027.60167,-1.944895,1.707686,True,True,1025.845092,-0.237615,1027.60167,,mean_reversion,17.627915,0.5524,6.0,AVAXUSDT,2024-02-25 15:00:00,AVAXUSDT,36.84,47.63359,REDUCE_SHORT,0.3238,0.8762,1040.714701,0.0,0.0,0.0,1040.714701,0.0,0.0,0.0,-2.372085,-2.372085,1.0,-2.372085,True,True
2024-02-25 16:00:00,36.84,36.91,36.67,36.7,71478.05,0.000397,74,3.42493,0.0,mean_reversion,,1026.771417,-0.236498,0.578991,True,True,1026.176682,0.342349,1026.771417,,mean_reversion,5.797015,0.5238,7.0,AVAXUSDT,2024-02-25 16:00:00,AVAXUSDT,36.7,9.582071,LONG,0.2952,0.819,1040.714701,0.0,0.0,0.0,1040.714701,0.0,0.0,0.0,3.42493,3.42493,1.0,3.42493,True,True
2024-02-25 17:00:00,36.7,36.92,36.63,36.88,46308.93,0.000397,74,-3.999545,0.0,mean_reversion,,1027.89973,0.343451,-0.743406,True,True,1027.135584,-0.400252,1027.89973,,mean_reversion,-7.424475,0.619,8.0,AVAXUSDT,2024-02-25 17:00:00,AVAXUSDT,36.88,11.14732,SHORT,0.2286,0.8476,1040.714701,0.0,0.0,0.0,1040.714701,0.0,0.0,0.0,-3.999545,-3.999545,1.0,-3.999545,True,True
2024-02-25 18:00:00,36.89,36.92,36.7,36.83,49835.79,0.000397,74,-1.624789,0.0,mean_reversion,,1027.69295,-0.399493,0.237014,True,True,1027.449128,-0.162518,1027.69295,,mean_reversion,2.374756,0.4857,9.0,AVAXUSDT,2024-02-25 18:00:00,AVAXUSDT,36.83,6.613557,REDUCE_SHORT,0.2286,0.7143,1040.714701,0.0,0.0,0.0,1040.714701,0.0,0.0,0.0,-1.624789,-1.624789,1.0,-1.624789,True,True
2024-02-25 19:00:00,36.83,37.12,36.69,37.05,87853.52,0.000397,74,-9.564848,0.0,mean_reversion,,1026.451701,-0.163647,-0.792838,True,True,1025.637891,-0.957244,1026.451701,,mean_reversion,-7.940059,0.5524,10.0,AVAXUSDT,2024-02-25 19:00:00,AVAXUSDT,37.05,21.965171,SHORT,0.219,0.7714,1040.714701,0.0,0.0,0.0,1040.714701,0.0,0.0,0.0,-9.564848,-9.564848,1.0,-9.564848,True,True
2024-02-25 20:00:00,37.05,37.33,37.03,37.08,107998.73,0.000397,74,-9.706115,0.0,mean_reversion,,1024.842923,-0.958762,-0.011849,False,,1024.842923,-0.958762,1024.842923,,mean_reversion,-0.141266,0.4286,11.0,AVAXUSDT,2024-02-25 20:00:00,,,,,0.3048,0.7333,1040.714701,0.0,0.0,0.0,1040.714701,0.0,0.0,0.0,-9.706115,-9.706115,1.0,-9.706115,True,False
2024-02-25 21:00:00,37.08,37.16,36.95,36.98,65034.18,0.000397,74,-5.137431,0.0,mean_reversion,,1027.492816,-0.95371,0.439967,True,True,1027.040301,-0.513969,1027.492816,,mean_reversion,4.568684,0.4048,12.0,AVAXUSDT,2024-02-25 21:00:00,AVAXUSDT,36.98,12.224533,REDUCE_SHORT,0.3095,0.7143,1040.714701,0.0,0.0,0.0,1040.714701,0.0,0.0,0.0,-5.137431,-5.137431,1.0,-5.137431,True,True
2024-02-25 22:00:00,36.97,37.48,36.91,37.37,126901.77,0.000397,74,-18.280621,0.0,mean_reversion,,1021.473284,-0.522221,-1.305842,True,True,1020.139402,-1.830452,1021.473284,,mean_reversion,-13.14319,0.5762,13.0,AVAXUSDT,2024-02-25 22:00:00,AVAXUSDT,37.37,35.693933,SHORT,0.2905,0.8667,1040.714701,0.0,0.0,0.0,1040.714701,0.0,0.0,0.0,-18.280621,-18.280621,1.0,-18.280621,True,True
2024-02-25 23:00:00,37.37,37.49,37.26,37.46,43802.44,0.000397,74,-20.0,0.0,mean_reversion,,1015.642252,-1.842985,-0.157015,False,,1015.642252,-1.842985,1015.642252,,mean_reversion,-1.719379,0.0952,14.0,AVAXUSDT,2024-02-25 23:00:00,,,,,0.4857,0.581,1040.714701,0.0,0.0,0.0,1040.714701,0.0,0.0,0.0,-20.361704,-20.361704,1.0,-20.361704,True,False
2024-02-26 00:00:00,37.46,37.53,37.21,37.4,58541.57,0.000457,72,-16.425199,0.0,mean_reversion,,1018.640352,-1.834618,0.192098,False,,1018.640352,-1.834618,1018.640352,,mean_reversion,3.574801,0.0571,15.0,AVAXUSDT,2024-02-26 00:00:00,,,,,0.5048,0.5619,1040.714701,0.0,0.0,0.0,1040.714701,0.0,0.0,0.0,-16.425199,-16.425199,1.0,-16.425199,True,False
2024-02-26 01:00:00,37.39,37.55,37.26,37.32,42801.53,0.000457,72,-11.988055,0.0,trending,,1022.637819,-1.823537,0.624732,True,True,1021.998305,-1.199556,1022.637819,,trending,4.437144,0.2762,1.0,AVAXUSDT,2024-02-26 01:00:00,AVAXUSDT,37.32,17.118819,REDUCE_SHORT,0.6095,0.3333,1040.714701,0.0,0.0,0.0,1040.714701,0.0,0.0,0.0,-11.988055,-11.988055,1.0,-11.988055,True,True
2024-02-26 02:00:00,37.32,37.37,37.1,37.11,36349.78,0.000457,72,-3.109081,0.0,mean_reversion,,1028.896703,-1.184808,0.8739,True,True,1027.99665,-0.31118,1028.896703,,mean_reversion,8.878975,0.419,1.0,AVAXUSDT,2024-02-26 02:00:00,AVAXUSDT,37.11,24.229405,REDUCE_SHORT,0.3333,0.7524,1040.714701,0.0,0.0,0.0,1040.714701,0.0,0.0,0.0,-3.109081,-3.109081,1.0,-3.109081,True,True
2024-02-26 03:00:00,37.1,37.1,36.82,37.0,109154.39,0.000457,72,1.437872,0.0,mean_reversion,,1028.944862,-0.309972,0.453759,True,True,1028.477649,0.143709,1028.944862,,mean_reversion,4.546953,0.819,2.0,AVAXUSDT,2024-02-26 03:00:00,AVAXUSDT,37.0,3.998625,LONG,0.1714,0.9905,1040.714701,0.0,0.0,0.0,1040.714701,0.0,0.0,0.0,1.437872,1.437872,1.0,1.437872,True,True
2024-02-26 04:00:00,36.99,37.12,36.94,37.05,29125.81,0.000457,72,-0.636354,0.0,mean_reversion,,1028.677381,0.143875,-0.20751,True,True,1028.463919,-0.063649,1028.677381,,mean_reversion,-2.074226,0.8048,3.0,AVAXUSDT,2024-02-26 04:00:00,AVAXUSDT,37.05,1.766809,SHORT,0.1857,0.9905,1040.714701,0.0,0.0,0.0,1040.714701,0.0,0.0,0.0,-0.636354,-0.636354,1.0,-0.636354,True,True
2024-02-26 05:00:00,37.04,37.22,36.88,37.2,40468.22,0.000457,72,-6.299303,0.0,mean_reversion,,1028.198898,-0.063923,-0.566008,True,True,1027.61693,-0.630287,1028.198898,,mean_reversion,-5.662949,0.4571,4.0,AVAXUSDT,2024-02-26 05:00:00,AVAXUSDT,37.2,15.644311,SHORT,0.3048,0.7619,1040.714701,0.0,0.0,0.0,1040.714701,0.0,0.0,0.0,-6.299303,-6.299303,1.0,-6.299303,True,True
2024-02-26 06:00:00,37.2,37.32,37.11,37.31,42535.33,0.000457,72,-10.097367,0.0,mean_reversion,,1025.701707,-0.633331,-0.376406,True,True,1025.315627,-1.010117,1025.701707,,mean_reversion,-3.798064,0.481,5.0,AVAXUSDT,2024-02-26 06:00:00,AVAXUSDT,37.31,10.347891,SHORT,0.281,0.7619,1040.714701,0.0,0.0,0.0,1040.714701,0.0,0.0,0.0,-10.097367,-10.097367,1.0,-10.097367,True,True
2024-02-26 07:00:00,37.32,37.33,36.77,36.83,94852.99,0.000457,72,9.102835,0.0,mean_reversion,,1038.639952,-0.98433,1.894613,True,True,1036.671107,0.9111,1038.639952,,mean_reversion,19.200203,0.8286,6.0,AVAXUSDT,2024-02-26 07:00:00,AVAXUSDT,36.83,25.670835,LONG,0.0952,0.9238,1040.714701,0.0,0.0,0.0,1040.714701,0.0,0.0,0.0,9.102835,9.102835,1.0,9.102835,True,True
2024-02-26 08:00:00,36.82,37.02,36.8,36.92,63403.24,0.000442,72,4.945956,0.0,mean_reversion,,1038.979172,0.911298,-0.416702,True,True,1038.546227,0.494802,1038.979172,,mean_reversion,-4.15688,0.9,7.0,AVAXUSDT,2024-02-26 08:00:00,AVAXUSDT,36.92,11.72657,REDUCE_LONG,0.0714,0.9714,1040.714701,0.0,0.0,0.0,1040.714701,0.0,0.0,0.0,4.945956,4.945956,1.0,4.945956,True,True
2024-02-26 09:00:00,36.91,37.06,36.28,36.37,185254.48,0.000442,72,20.0,0.0,mean_reversion,,1030.891,0.49105,1.50895,True,True,1029.335437,2.001511,1030.891,,mean_reversion,15.054044,0.8952,8.0,AVAXUSDT,2024-02-26 09:00:00,AVAXUSDT,36.37,42.77049,LONG,0.0952,0.9905,1040.714701,0.0,0.0,0.0,1040.714701,0.0,0.0,0.0,23.212873,23.212873,1.0,23.212873,True,True
2024-02-26 10:00:00,36.37,36.82,36.35,36.68,93548.44,0.000442,72,10.315192,0.0,mean_reversion,,1046.895795,1.984712,-0.953193,True,True,1045.897901,1.032503,1046.895795,,mean_reversion,-9.684808,0.9476,9.0,AVAXUSDT,2024-02-26 10:00:00,AVAXUSDT,36.68,27.20539,REDUCE_LONG,0.0429,0.9905,1040.714701,0.0,0.0,0.0,1040.714701,0.0,0.0,0.0,10.315192,10.315192,1.0,10.315192,True,True
2024-02-26 11:00:00,36.68,36.74,36.49,36.69,51037.16,0.000442,72,9.320874,0.0,mean_reversion,,1046.19231,1.032494,-0.100407,False,,1046.19231,1.032494,1046.19231,,mean_reversion,-0.994318,0.9619,10.0,AVAXUSDT,2024-02-26 11:00:00,,,,,0.0286,0.9905,1040.714701,0.0,0.0,0.0,1040.714701,0.0,0.0,0.0,9.320874,9.320874,1.0,9.320874,True,False
2024-02-26 12:00:00,36.7,36.79,36.48,36.79,80456.77,0.000442,72,4.765915,0.0,mean_reversion,,1049.136403,1.032403,-0.555812,True,True,1048.553281,0.476857,1049.136403,,mean_reversion,-4.554958,0.9619,11.0,AVAXUSDT,2024-02-26 12:00:00,AVAXUSDT,36.79,15.850016,REDUCE_LONG,0.0286,0.9905,1040.714701,0.0,0.0,0.0,1040.714701,0.0,0.0,0.0,4.765915,4.765915,1.0,4.765915,True,True
2024-02-26 13:00:00,36.79,37.14,36.76,36.97,96100.98,0.000442,72,-2.103304,0.0,mean_reversion,,1050.999644,0.478074,-0.688405,True,True,1050.276131,-0.210475,1050.999644,,mean_reversion,-6.869219,0.9571,12.0,AVAXUSDT,2024-02-26 13:00:00,AVAXUSDT,36.97,5.979366,SHORT,0.0333,0.9905,1040.714701,0.0,0.0,0.0,1040.714701,0.0,0.0,0.0,-2.103304,-2.103304,1.0,-2.103304,True,True
2024-02-26 14:00:00,36.98,37.75,36.97,37.72,193594.96,0.000442,72,-20.0,0.0,mean_reversion,,1045.791606,-0.215666,-1.784334,True,True,1043.925565,-2.003575,1045.791606,,mean_reversion,-17.896696,0.9143,13.0,AVAXUSDT,2024-02-26 14:00:00,AVAXUSDT,37.72,49.470878,SHORT,0.0667,0.981,1040.714701,0.0,0.0,0.0,1040.714701,0.0,0.0,0.0,-24.0,-24.0,1.0,-24.0,True,True
2024-02-26 15:00:00,37.73,38.5,37.64,38.27,400953.2,0.000442,72,-20.0,0.0,mean_reversion,,1013.42793,-2.093963,0.093963,False,,1013.42793,-2.093963,1013.42793,,mean_reversion,0.0,0.6095,14.0,AVAXUSDT,2024-02-26 15:00:00,,,,,0.3524,0.9619,1040.714701,0.0,0.0,0.0,1040.714701,0.0,0.0,0.0,-24.0,-24.0,1.0,-24.0,True,False
2024-02-26 16:00:00,38.27,39.02,38.2,38.91,320222.23,0.000497,72,-20.0,0.0,trending,,977.939774,-2.206239,0.206239,True,True,977.737883,-2.000413,977.939774,,trending,0.0,0.219,1.0,AVAXUSDT,2024-02-26 16:00:00,AVAXUSDT,38.91,5.183486,REDUCE_SHORT,0.7143,0.4952,1040.714701,0.0,0.0,0.0,1040.714701,0.0,0.0,0.0,-24.0,-24.0,1.0,-24.0,True,True
2024-02-26 17:00:00,38.92,39.2,38.72,39.17,183965.4,0.000497,72,-20.0,0.0,trending,,964.668526,-2.041063,0.041063,False,,964.668526,-2.041063,964.668526,,trending,0.0,0.9381,2.0,AVAXUSDT,2024-02-26 17:00:00,,,,,0.9667,0.0286,1040.714701,0.0,0.0,0.0,1040.714701,0.0,0.0,0.0,-24.0,-24.0,1.0,-24.0,True,False
2024-02-26 18:00:00,39.17,39.21,38.66,38.77,152837.96,0.000497,72,-20.0,0.0,trending,,984.775229,-1.978972,-0.021028,False,,984.775229,-1.978972,984.775229,,trending,0.0,0.9762,3.0,AVAXUSDT,2024-02-26 18:00:00,,,,,0.9857,0.0095,1040.714701,0.0,0.0,0.0,1040.714701,0.0,0.0,0.0,-24.0,-24.0,1.0,-24.0,True,False
2024-02-26 19:00:00,38.76,39.03,38.39,39.0,203740.49,0.000497,72,-20.0,0.0,trending,,973.213875,-2.01436,0.01436,False,,973.213875,-2.01436,973.213875,,trending,0.0,0.9905,4.0,AVAXUSDT,2024-02-26 19:00:00,,,,,0.9905,0.0,1040.714701,0.0,0.0,0.0,1040.714701,0.0,0.0,0.0,-24.0,-24.0,1.0,-24.0,True,False
2024-02-26 20:00:00,38.99,39.19,38.81,38.95,151226.14,0.000497,72,-20.0,0.0,trending,,975.727212,-2.006596,0.006596,False,,975.727212,-2.006596,975.727212,,trending,0.0,0.9905,5.0,AVAXUSDT,2024-02-26 20:00:00,,,,,0.9905,0.0,1040.714701,0.0,0.0,0.0,1040.714701,0.0,0.0,0.0,-24.0,-24.0,1.0,-24.0,True,False
2024-02-26 21:00:00,38.96,39.23,38.8,39.21,101701.87,0.000497,72,-20.0,0.0,trending,,962.657855,-2.047414,0.047414,False,,962.657855,-2.047414,962.657855,,trending,0.0,0.9952,6.0,AVAXUSDT,2024-02-26 21:00:00,,,,,0.9952,0.0,1040.714701,0.0,0.0,0.0,1040.714701,0.0,0.0,0.0,-24.0,-24.0,1.0,-24.0,True,False
2024-02-26 22:00:00,39.21,39.33,39.04,39.25,100436.06,0.000497,72,-20.0,0.0,trending,,960.647185,-2.053793,0.053793,False,,960.647185,-2.053793,960.647185,,trending,0.0,0.9619,7.0,AVAXUSDT,2024-02-26 22:00:00,,,,,0.981,0.019,1040.714701,0.0,0.0,0.0,1040.714701,0.0,0.0,0.0,-24.0,-24.0,1.0,-24.0,True,False
2024-02-26 23:00:00,39.25,39.35,39.05,39.29,87179.8,0.000497,72,-20.0,0.0,trending,,958.636515,-2.060198,0.060198,False,,958.636515,-2.060198,958.636515,,trending,0.0,0.9857,8.0,AVAXUSDT,2024-02-26 23:00:00,,,,,0.9857,0.0,1040.714701,0.0,0.0,0.0,1040.714701,0.0,0.0,0.0,-24.0,-24.0,1.0,-24.0,True,False
2024-02-27 00:00:00,39.29,39.44,38.96,39.18,82092.15,0.000562,79,-20.0,0.0,trending,,964.165858,-2.042648,0.042648,False,,964.165858,-2.042648,964.165858,,trending,0.0,0.9762,9.0,AVAXUSDT,2024-02-27 00:00:00,,,,,0.9762,0.0,1040.714701,0.0,0.0,0.0,1040.714701,0.0,0.0,0.0,-24.0,-24.0,1.0,-24.0,True,False
2024-02-27 01:00:00,39.19,39.67,39.18,39.57,99469.88,0.000562,79,-20.0,0.0,trending,,944.561823,-2.105797,0.105797,False,,944.561823,-2.105797,944.561823,,trending,0.0,1.0,10.0,AVAXUSDT,2024-02-27 01:00:00,,,,,1.0,0.0,1040.714701,0.0,0.0,0.0,1040.714701,0.0,0.0,0.0,-24.0,-24.0,1.0,-24.0,True,False
2024-02-27 02:00:00,39.57,39.94,39.4,39.75,182887.61,0.000562,79,-20.0,0.0,trending,,935.513806,-2.135836,0.135836,False,,935.513806,-2.135836,935.513806,,trending,0.0,0.9857,11.0,AVAXUSDT,2024-02-27 02:00:00,,,,,0.9952,0.0095,1040.714701,0.0,0.0,0.0,1040.714701,0.0,0.0,0.0,-24.0,-24.0,1.0,-24.0,True,False
2024-02-27 03:00:00,39.74,39.85,39.08,39.17,112098.76,0.000562,79,-14.70789,0.0,trending,,964.668526,-2.041063,0.570274,True,True,964.11785,-1.471629,964.668526,,trending,5.29211,0.9095,12.0,AVAXUSDT,2024-02-27 03:00:00,AVAXUSDT,39.17,14.04455,REDUCE_SHORT,0.9667,0.0571,1040.714701,0.0,0.0,0.0,1040.714701,0.0,0.0,0.0,-14.70789,-14.70789,1.0,-14.70789,True,True
2024-02-27 04:00:00,39.18,39.41,39.09,39.27,72376.36,0.000562,79,-15.51608,0.0,trending,,960.495629,-1.48095,-0.070658,False,,960.495629,-1.48095,960.495629,,trending,-0.808189,0.8762,13.0,AVAXUSDT,2024-02-27 04:00:00,,,,,0.9524,0.0762,1040.714701,0.0,0.0,0.0,1040.714701,0.0,0.0,0.0,-15.51608,-15.51608,1.0,-15.51608,True,False
2024-02-27 05:00:00,39.26,39.44,39.2,39.38,50926.92,0.000562,79,-17.527151,0.0,trending,,956.511186,-1.491285,-0.26143,True,True,956.261125,-1.753173,956.511186,,trending,-2.011071,0.8429,14.0,AVAXUSDT,2024-02-27 05:00:00,AVAXUSDT,39.38,6.34995,SHORT,0.9381,0.0952,1040.714701,0.0,0.0,0.0,1040.714701,0.0,0.0,0.0,-17.527151,-17.527151,1.0,-17.527151,True,True
2024-02-27 06:00:00,39.38,39.57,39.34,39.41,55318.79,0.000562,79,-17.015549,0.0,trending,,954.983961,-1.756855,0.0553,False,,954.983961,-1.756855,954.983961,,trending,0.511601,0.8238,15.0,AVAXUSDT,2024-02-27 06:00:00,,,,,0.9286,0.1048,1040.714701,0.0,0.0,0.0,1040.714701,0.0,0.0,0.0,-17.015549,-17.015549,1.0,-17.015549,True,False
2024-02-27 07:00:00,39.4,39.43,39.04,39.09,93356.21,0.000562,79,-7.196503,0.0,trending,,968.607051,-1.718081,0.998431,True,True,967.638996,-0.72037,968.607051,,trending,9.819046,0.8,16.0,AVAXUSDT,2024-02-27 07:00:00,AVAXUSDT,39.09,24.740018,REDUCE_SHORT,0.9238,0.1238,1040.714701,0.0,0.0,0.0,1040.714701,0.0,0.0,0.0,-7.196503,-7.196503,1.0,-7.196503,True,True
2024-02-27 08:00:00,39.09,39.38,39.08,39.26,66823.78,0.000745,79,-10.759414,0.0,trending,,964.607532,-0.725777,-0.350165,True,True,964.269761,-1.076318,964.607532,,trending,-3.562911,0.7905,17.0,AVAXUSDT,2024-02-27 08:00:00,AVAXUSDT,39.26,8.603447,SHORT,0.9238,0.1333,1040.714701,0.0,0.0,0.0,1040.714701,0.0,0.0,0.0,-10.759414,-10.759414,1.0,-10.759414,True,True
2024-02-27 09:00:00,39.25,39.58,39.18,39.47,68223.63,0.000745,79,-14.943374,0.0,trending,,958.718287,-1.088341,-0.405996,True,True,958.329051,-1.494944,958.718287,,trending,-4.18396,0.7571,18.0,AVAXUSDT,2024-02-27 09:00:00,AVAXUSDT,39.47,9.861564,SHORT,0.919,0.1619,1040.714701,0.0,0.0,0.0,1040.714701,0.0,0.0,0.0,-14.943374,-14.943374,1.0,-14.943374,True,True
2024-02-27 10:00:00,39.46,39.6,39.31,39.58,80041.55,0.000745,79,-17.125041,0.0,trending,,954.336365,-1.505382,-0.207122,True,True,954.138701,-1.712859,954.336365,,trending,-2.181667,0.7571,19.0,AVAXUSDT,2024-02-27 10:00:00,AVAXUSDT,39.58,4.994029,SHORT,0.919,0.1619,1040.714701,0.0,0.0,0.0,1040.714701,0.0,0.0,0.0,-17.125041,-17.125041,1.0,-17.125041,True,True
2024-02-27 11:00:00,39.58,39.61,39.37,39.55,55431.99,0.000745,79,-15.770103,0.0,trending,,955.377436,-1.709341,0.132331,False,,955.377436,-1.709341,955.377436,,trending,1.354938,0.8286,20.0,AVAXUSDT,2024-02-27 11:00:00,,,,,0.9429,0.1143,1040.714701,0.0,0.0,0.0,1040.714701,0.0,0.0,0.0,-15.770103,-15.770103,1.0,-15.770103,True,False
2024-02-27 12:00:00,39.55,39.84,39.36,39.38,104504.16,0.000745,79,-9.87927,0.0,trending,,962.396937,-1.68958,0.701653,True,True,961.720992,-0.988621,962.396937,,trending,5.890833,0.781,21.0,AVAXUSDT,2024-02-27 12:00:00,AVAXUSDT,39.38,17.147506,REDUCE_SHORT,0.9238,0.1429,1040.714701,0.0,0.0,0.0,1040.714701,0.0,0.0,0.0,-9.87927,-9.87927,1.0,-9.87927,True,True
2024-02-27 13:00:00,39.37,39.51,39.01,39.32,116464.91,0.000745,79,-7.164179,0.0,trending,,963.169613,-0.98563,0.269213,True,True,962.910056,-0.716611,963.169613,,trending,2.715091,0.8286,22.0,AVAXUSDT,2024-02-27 13:00:00,AVAXUSDT,39.32,6.59454,REDUCE_SHORT,0.9333,0.1048,1040.714701,0.0,0.0,0.0,1040.714701,0.0,0.0,0.0,-7.164179,-7.164179,1.0,-7.164179,True,True
2024-02-27 14:00:00,39.32,39.53,39.04,39.21,107653.04,0.000745,79,-3.292758,0.0,trending,,964.840461,-0.713176,0.383901,True,True,964.469687,-0.329402,964.840461,,trending,3.871421,0.8333,23.0,AVAXUSDT,2024-02-27 14:00:00,AVAXUSDT,39.21,9.446645,REDUCE_SHORT,0.9286,0.0952,1040.714701,0.0,0.0,0.0,1040.714701,0.0,0.0,0.0,-3.292758,-3.292758,1.0,-3.292758,True,True
2024-02-27 15:00:00,39.21,39.39,38.43,38.64,154883.06,0.000745,79,13.274024,0.0,trending,,969.088106,-0.323067,1.650469,True,True,967.488342,1.328268,969.088106,,trending,16.566782,0.7048,24.0,AVAXUSDT,2024-02-27 15:00:00,AVAXUSDT,38.64,33.291145,LONG,0.819,0.1143,1040.714701,0.0,0.0,0.0,1040.714701,0.0,0.0,0.0,13.274024,13.274024,1.0,13.274024,True,True
2024-02-27 16:00:00,38.64,38.99,38.31,38.82,146806.13,0.000356,79,6.677459,0.0,trending,,973.474756,1.326249,-0.658503,True,True,972.83372,0.668186,973.474756,,trending,-6.596565,0.7952,25.0,AVAXUSDT,2024-02-27 16:00:00,AVAXUSDT,38.82,16.513038,REDUCE_LONG,0.8238,0.0286,1040.714701,0.0,0.0,0.0,1040.714701,0.0,0.0,0.0,6.677459,6.677459,1.0,6.677459,True,True
2024-02-27 17:00:00,38.83,38.98,38.64,38.84,66492.68,0.000356,79,5.551057,0.0,trending,,973.168616,0.6683,-0.113194,False,,973.168616,0.6683,973.168616,,trending,-1.126402,0.7143,26.0,AVAXUSDT,2024-02-27 17:00:00,,,,,0.7333,0.019,1040.714701,0.0,0.0,0.0,1040.714701,0.0,0.0,0.0,5.551057,5.551057,1.0,5.551057,True,False
2024-02-27 18:00:00,38.83,39.17,38.79,39.0,55888.48,0.000356,79,0.594359,0.0,trending,,975.847787,0.669211,-0.609775,True,True,975.252739,0.059472,975.847787,,trending,-4.956698,0.6619,27.0,AVAXUSDT,2024-02-27 18:00:00,AVAXUSDT,39.0,15.257628,REDUCE_LONG,0.681,0.019,1040.714701,0.0,0.0,0.0,1040.714701,0.0,0.0,0.0,0.594359,0.594359,1.0,0.594359,True,True
2024-02-27 19:00:00,39.0,39.27,38.92,39.07,122334.83,0.000356,79,-1.369324,0.0,trending,,975.356843,0.059573,-0.196505,False,,975.356843,0.059573,975.356843,,trending,-1.963683,0.6238,28.0,AVAXUSDT,2024-02-27 19:00:00,,,,,0.6238,0.0,1040.714701,0.0,0.0,0.0,1040.714701,0.0,0.0,0.0,-1.369324,-1.369324,1.0,-1.369324,True,False
2024-02-27 20:00:00,39.08,39.22,38.9,39.21,74090.65,0.000356,79,-5.139716,0.0,trending,,975.565049,0.059773,-0.573745,True,True,975.005324,-0.514267,975.565049,,trending,-3.770392,0.5857,29.0,AVAXUSDT,2024-02-27 20:00:00,AVAXUSDT,39.21,12.78788,SHORT,0.5952,0.0095,1040.714701,0.0,0.0,0.0,1040.714701,0.0,0.0,0.0,-5.139716,-5.139716,1.0,-5.139716,True,True
2024-02-27 21:00:00,39.2,39.33,39.04,39.29,81519.93,0.000356,79,-7.027615,0.0,trending,,973.982293,-0.515857,-0.186904,False,,973.982293,-0.515857,973.982293,,trending,-1.887898,0.5571,30.0,AVAXUSDT,2024-02-27 21:00:00,,,,,0.5571,0.0,1040.714701,0.0,0.0,0.0,1040.714701,0.0,0.0,0.0,-7.027615,-7.027615,1.0,-7.027615,True,False
2024-02-27 22:00:00,39.29,39.41,39.19,39.22,71753.85,0.000356,79,-4.544615,0.0,trending,,974.877445,-0.514465,0.060004,False,,974.877445,-0.514465,974.877445,,trending,2.483,0.519,31.0,AVAXUSDT,2024-02-27 22:00:00,,,,,0.5286,0.0095,1040.714701,0.0,0.0,0.0,1040.714701,0.0,0.0,0.0,-4.544615,-4.544615,1.0,-4.544615,True,False
2024-02-27 23:00:00,39.22,39.3,39.18,39.26,42252.98,0.000356,79,-5.746206,0.0,trending,,974.36593,-0.51526,-0.05936,False,,974.36593,-0.51526,974.36593,,trending,-1.201591,0.4762,32.0,AVAXUSDT,2024-02-27 23:00:00,,,,,0.4952,0.019,1040.714701,0.0,0.0,0.0,1040.714701,0.0,0.0,0.0,-5.746206,-5.746206,1.0,-5.746206,True,False
2024-02-28 00:00:00,39.25,39.55,39.16,39.38,66851.46,0.000433,82,-8.955644,0.0,trending,,972.831384,-0.517651,-0.377914,True,True,972.463738,-0.895903,972.831384,,trending,-3.209438,0.4619,33.0,AVAXUSDT,2024-02-28 00:00:00,AVAXUSDT,39.38,9.335866,SHORT,0.5,0.0381,1040.714701,0.0,0.0,0.0,1040.714701,0.0,0.0,0.0,-8.955644,-8.955644,1.0,-8.955644,True,True
2024-02-28 01:00:00,39.38,39.43,39.09,39.19,70920.32,0.000433,82,-2.051942,0.0,trending,,976.667249,-0.887743,0.682549,True,True,975.999959,-0.205334,976.667249,,trending,6.903702,0.5143,34.0,AVAXUSDT,2024-02-28 01:00:00,AVAXUSDT,39.19,17.010033,REDUCE_SHORT,0.5524,0.0381,1040.714701,0.0,0.0,0.0,1040.714701,0.0,0.0,0.0,-2.051942,-2.051942,1.0,-2.051942,True,True
2024-02-28 02:00:00,39.2,39.42,39.09,39.39,40791.71,0.000433,82,-8.011233,0.0,trending,,974.977216,-0.206599,-0.594524,True,True,974.397568,-0.8016,974.977216,,trending,-5.959291,0.5905,35.0,AVAXUSDT,2024-02-28 02:00:00,AVAXUSDT,39.39,14.715607,SHORT,0.6,0.0095,1040.714701,0.0,0.0,0.0,1040.714701,0.0,0.0,0.0,-8.011233,-8.011233,1.0,-8.011233,True,True
2024-02-28 03:00:00,39.39,39.4,39.02,39.16,57842.56,0.000433,82,-0.143184,0.0,trending,,978.958312,-0.793207,0.778888,True,True,978.19505,-0.01433,978.958312,,trending,7.868049,0.4429,36.0,AVAXUSDT,2024-02-28 03:00:00,AVAXUSDT,39.16,19.471377,REDUCE_SHORT,0.519,0.0762,1040.714701,0.0,0.0,0.0,1040.714701,0.0,0.0,0.0,-0.143184,-0.143184,1.0,-0.143184,True,True
2024-02-28 04:00:00,39.15,39.53,39.15,39.48,54531.69,0.000433,82,-9.925992,0.0,trending,,978.080508,-0.014448,-0.978151,True,True,977.123797,-0.993571,978.080508,,trending,-9.782808,0.4381,37.0,AVAXUSDT,2024-02-28 04:00:00,AVAXUSDT,39.48,24.232784,SHORT,0.5238,0.0857,1040.714701,0.0,0.0,0.0,1040.714701,0.0,0.0,0.0,-9.925992,-9.925992,1.0,-9.925992,True,True
2024-02-28 05:00:00,39.48,39.48,39.25,39.26,35560.68,0.000433,82,-2.294193,0.0,trending,,982.533758,-0.982594,0.753175,True,True,981.792997,-0.229592,982.533758,,trending,7.631799,0.5524,38.0,AVAXUSDT,2024-02-28 05:00:00,AVAXUSDT,39.26,18.849203,REDUCE_SHORT,0.5524,0.0,1040.714701,0.0,0.0,0.0,1040.714701,0.0,0.0,0.0,-2.294193,-2.294193,1.0,-2.294193,True,True
2024-02-28 06:00:00,39.26,39.3,39.13,39.28,43232.49,0.000433,82,-2.744273,0.0,trending,,981.678167,-0.229736,-0.044691,False,,981.678167,-0.229736,981.678167,,trending,-0.45008,0.5381,39.0,AVAXUSDT,2024-02-28 06:00:00,,,,,0.5381,0.0,1040.714701,0.0,0.0,0.0,1040.714701,0.0,0.0,0.0,-2.744273,-2.744273,1.0,-2.744273,True,False
2024-02-28 07:00:00,39.28,39.75,39.16,39.75,97398.76,0.000433,82,-16.655182,0.0,trending,,978.97965,-0.233126,-1.432392,True,True,977.577367,-1.667907,978.97965,,trending,-13.910908,0.6429,40.0,AVAXUSDT,2024-02-28 07:00:00,AVAXUSDT,39.75,35.277555,SHORT,0.6619,0.019,1040.714701,0.0,0.0,0.0,1040.714701,0.0,0.0,0.0,-16.655182,-16.655182,1.0,-16.655182,True,True
2024-02-28 08:00:00,39.75,39.93,39.61,39.85,185870.12,0.000501,82,-18.48003,0.0,trending,,973.475459,-1.679149,-0.168854,False,,973.475459,-1.679149,973.475459,,trending,-1.824849,0.7143,41.0,AVAXUSDT,2024-02-28 08:00:00,,,,,0.7238,0.0095,1040.714701,0.0,0.0,0.0,1040.714701,0.0,0.0,0.0,-18.48003,-18.48003,1.0,-18.48003,True,False
2024-02-28 09:00:00,39.84,40.38,39.47,40.3,248991.86,0.000501,82,-20.0,0.0,trending,,955.016874,-1.730932,-0.269068,True,True,954.759909,-2.000538,955.016874,,trending,-1.51997,0.7381,42.0,AVAXUSDT,2024-02-28 09:00:00,AVAXUSDT,40.3,6.376299,SHORT,0.7667,0.0286,1040.714701,0.0,0.0,0.0,1040.714701,0.0,0.0,0.0,-24.0,-24.0,1.0,-24.0,True,True
2024-02-28 10:00:00,40.29,40.57,39.98,40.56,197849.3,0.000501,82,-20.0,0.0,trending,,942.437111,-2.039772,0.039772,False,,942.437111,-2.039772,942.437111,,trending,0.0,0.8238,43.0,AVAXUSDT,2024-02-28 10:00:00,,,,,0.8333,0.0095,1040.714701,0.0,0.0,0.0,1040.714701,0.0,0.0,0.0,-24.0,-24.0,1.0,-24.0,True,False
2024-02-28 11:00:00,40.55,40.61,39.15,39.57,229003.45,0.000501,82,-1.508402,0.0,trending,,989.358535,-1.895607,1.744767,True,True,987.630607,-0.151104,989.358535,,trending,18.491598,0.3381,44.0,AVAXUSDT,2024-02-28 11:00:00,AVAXUSDT,39.57,43.62396,REDUCE_SHORT,0.6048,0.2667,1040.714701,0.0,0.0,0.0,1040.714701,0.0,0.0,0.0,-1.508402,-1.508402,1.0,-1.508402,True,True
2024-02-28 12:00:00,39.57,39.91,39.48,39.6,121411.78,0.000501,82,-2.252248,0.0,trending,,987.517465,-0.151236,-0.073989,False,,987.517465,-0.151236,987.517465,,trending,-0.743846,0.3143,45.0,AVAXUSDT,2024-02-28 12:00:00,,,,,0.5619,0.2476,1040.714701,0.0,0.0,0.0,1040.714701,0.0,0.0,0.0,-2.252248,-2.252248,1.0,-2.252248,True,False
2024-02-28 13:00:00,39.6,40.36,39.58,40.22,226672.4,0.000501,82,-18.595732,0.0,trending,,985.179185,-0.153968,-1.705605,True,True,983.498859,-1.86275,985.179185,,trending,-16.343484,0.2952,46.0,AVAXUSDT,2024-02-28 13:00:00,AVAXUSDT,40.22,41.778378,SHORT,0.5905,0.2952,1040.714701,0.0,0.0,0.0,1040.714701,0.0,0.0,0.0,-18.595732,-18.595732,1.0,-18.595732,True,True
2024-02-28 14:00:00,40.21,40.37,39.16,39.67,326122.62,0.000501,82,-1.874361,0.0,trending,,1008.551247,-1.79164,1.604204,True,True,1006.931706,-0.187738,1008.551247,,trending,16.721371,0.1381,47.0,AVAXUSDT,2024-02-28 14:00:00,AVAXUSDT,39.67,40.78451,REDUCE_SHORT,0.5286,0.3905,1040.714701,0.0,0.0,0.0,1040.714701,0.0,0.0,0.0,-1.874361,-1.874361,1.0,-1.874361,True,True
2024-02-28 15:00:00,39.68,39.99,39.45,39.86,200569.67,0.000501,82,-6.247756,0.0,trending,,1006.026301,-0.188807,-0.435969,True,True,1005.587705,-0.625048,1006.026301,,trending,-4.373395,0.3048,48.0,AVAXUSDT,2024-02-28 15:00:00,AVAXUSDT,39.86,11.003422,SHORT,0.6286,0.3238,1040.714701,0.0,0.0,0.0,1040.714701,0.0,0.0,0.0,-6.247756,-6.247756,1.0,-6.247756,True,True
2024-02-28 16:00:00,39.84,41.02,39.83,40.84,384872.93,0.00063,82,-20.0,0.0,trending,,990.134371,-0.650411,-1.349589,True,True,988.798096,-2.002703,990.134371,,trending,-13.752244,0.1571,49.0,AVAXUSDT,2024-02-28 16:00:00,AVAXUSDT,40.84,32.719752,SHORT,0.6143,0.4571,1040.714701,0.0,0.0,0.0,1040.714701,0.0,0.0,0.0,-24.0,-24.0,1.0,-24.0,True,True
2024-02-28 17:00:00,40.83,41.3,36.2,39.34,1134533.56,0.00063,82,6.175706,0.0,mean_reversion,,1061.530787,-1.796967,2.414538,True,True,1058.965772,0.618447,1061.530787,,mean_reversion,26.175706,0.4667,1.0,AVAXUSDT,2024-02-28 17:00:00,AVAXUSDT,39.34,16.664215,LONG,0.381,0.8476,1040.714701,0.0,0.0,0.0,1040.714701,0.0,0.0,0.0,6.175706,6.175706,1.0,6.175706,True,True
2024-02-28 18:00:00,39.34,39.47,37.3,38.76,481067.56,0.00063,82,12.906931,0.0,mean_reversion,,1049.310192,0.614936,0.675757,True,True,1048.601114,1.29089,1049.310192,,mean_reversion,6.731225,0.3238,2.0,AVAXUSDT,2024-02-28 18:00:00,AVAXUSDT,38.76,18.294075,LONG,0.3714,0.6952,1040.714701,0.0,0.0,0.0,1040.714701,0.0,0.0,0.0,12.906931,12.906931,1.0,12.906931,True,True
2024-02-28 19:00:00,38.76,39.0,38.41,38.51,165024.24,0.00063,82,14.706923,0.0,mean_reversion,,1039.870281,1.293332,0.17736,False,,1039.870281,1.293332,1039.870281,,mean_reversion,1.799992,0.181,3.0,AVAXUSDT,2024-02-28 19:00:00,,,,,0.4,0.581,1040.714701,0.0,0.0,0.0,1040.714701,0.0,0.0,0.0,14.706923,14.706923,1.0,14.706923,True,False
2024-02-28 20:00:00,38.51,39.06,38.14,38.96,139721.47,0.00063,82,7.099943,0.0,mean_reversion,,1055.58578,1.288965,-0.578971,True,True,1054.974627,0.710406,1055.58578,,mean_reversion,-7.60698,0.2476,4.0,AVAXUSDT,2024-02-28 20:00:00,AVAXUSDT,38.96,15.686682,REDUCE_LONG,0.3238,0.5714,1040.714701,0.0,0.0,0.0,1040.714701,0.0,0.0,0.0,7.099943,7.099943,1.0,7.099943,True,True
2024-02-28 21:00:00,38.96,40.18,38.7,40.08,245958.52,0.00063,82,-7.614953,0.0,mean_reversion,,1076.519675,0.716201,-1.477697,True,True,1074.928906,-0.762622,1076.519675,,mean_reversion,-14.714896,0.5143,5.0,AVAXUSDT,2024-02-28 21:00:00,AVAXUSDT,40.08,20.453209,SHORT,0.2381,0.7524,1040.714701,0.0,0.0,0.0,1040.714701,0.0,0.0,0.0,-7.614953,-7.614953,1.0,-7.614953,True,True
2024-02-28 22:00:00,40.07,40.74,39.83,39.88,193774.15,0.00063,82,-4.322151,0.0,mean_reversion,,1079.019548,-0.75594,0.323725,True,True,1078.669892,-0.432355,1079.019548,,mean_reversion,3.292801,0.5,6.0,AVAXUSDT,2024-02-28 22:00:00,AVAXUSDT,39.88,8.758912,REDUCE_SHORT,0.2333,0.7333,1040.714701,0.0,0.0,0.0,1040.714701,0.0,0.0,0.0,-4.322151,-4.322151,1.0,-4.322151,True,True
2024-02-28 23:00:00,39.87,40.35,39.77,40.33,99712.96,0.00063,82,-9.15574,0.0,mean_reversion,,1073.407459,-0.439377,-0.476197,True,True,1072.896306,-0.91601,1073.407459,,mean_reversion,-4.833589,0.3238,7.0,AVAXUSDT,2024-02-28 23:00:00,AVAXUSDT,40.33,12.674262,SHORT,0.3238,0.6476,1040.714701,0.0,0.0,0.0,1040.714701,0.0,0.0,0.0,-9.15574,-9.15574,1.0,-9.15574,True,True
2024-02-29 00:00:00,40.33,41.46,40.15,41.43,348697.68,0.000546,80,0.0,0.0,unknown,,1046.090891,-0.965107,0.965107,True,True,1045.080291,0.0,1046.090891,,unknown,9.15574,0.019,1.0,AVAXUSDT,2024-02-29 00:00:00,AVAXUSDT,41.43,-24.368559,CLOSE,0.4857,0.5048,1040.714701,0.0,0.0,0.0,1040.714701,0.0,0.0,0.0,,,,,True,True
2024-02-29 01:00:00,41.44,41.66,41.07,41.63,176754.22,0.000546,80,-20.0,0.0,trending,,1045.080291,0.0,-2.0,True,True,1042.99013,-2.004008,1045.080291,,trending,-20.0,0.1095,1.0,AVAXUSDT,2024-02-29 01:00:00,AVAXUSDT,41.63,50.208037,SHORT,0.5667,0.4571,1040.714701,0.0,0.0,0.0,1040.714701,0.0,0.0,0.0,-20.256125,-20.256125,1.0,-20.256125,True,True
2024-02-29 02:00:00,41.63,41.8,41.27,41.44,118725.42,0.000546,80,-15.964854,0.0,trending,,1052.529657,-1.976781,0.380296,True,True,1052.128984,-1.597093,1052.529657,,trending,4.035146,0.1333,2.0,AVAXUSDT,2024-02-29 02:00:00,AVAXUSDT,41.44,9.659094,REDUCE_SHORT,0.5905,0.4571,1040.714701,0.0,0.0,0.0,1040.714701,0.0,0.0,0.0,-15.964854,-15.964854,1.0,-15.964854,True,True
2024-02-29 03:00:00,41.44,41.5,40.89,41.33,115177.96,0.000546,80,-13.236985,0.0,trending,,1056.589367,-1.58613,0.262431,True,True,1056.311808,-1.324046,1056.589367,,trending,2.727869,0.2048,3.0,AVAXUSDT,2024-02-29 03:00:00,AVAXUSDT,41.33,6.708978,REDUCE_SHORT,0.6238,0.419,1040.714701,0.0,0.0,0.0,1040.714701,0.0,0.0,0.0,-13.236985,-13.236985,1.0,-13.236985,True,True
2024-02-29 04:00:00,41.33,41.57,41.06,41.22,134409.22,0.000546,80,-10.690502,0.0,trending,,1060.034204,-1.315885,0.246835,True,True,1059.772289,-1.069314,1060.034204,,trending,2.546483,0.2333,4.0,AVAXUSDT,2024-02-29 04:00:00,AVAXUSDT,41.22,6.347735,REDUCE_SHORT,0.6238,0.3905,1040.714701,0.0,0.0,0.0,1040.714701,0.0,0.0,0.0,-10.690502,-10.690502,1.0,-10.690502,True,True
2024-02-29 05:00:00,41.21,41.74,41.15,41.49,127406.75,0.000546,80,-12.761449,0.0,trending,,1052.349386,-1.083911,-0.192234,False,,1052.349386,-1.083911,1052.349386,,trending,-2.070948,0.219,5.0,AVAXUSDT,2024-02-29 05:00:00,,,,,0.6286,0.4095,1040.714701,0.0,0.0,0.0,1040.714701,0.0,0.0,0.0,-12.761449,-12.761449,1.0,-12.761449,True,False
2024-02-29 06:00:00,41.49,41.82,41.27,41.58,179720.63,0.000546,80,-12.551793,0.0,trending,,1049.875085,-1.088822,-0.166357,False,,1049.875085,-1.088822,1049.875085,,trending,0.209656,0.2333,6.0,AVAXUSDT,2024-02-29 06:00:00,,,,,0.6333,0.4,1040.714701,0.0,0.0,0.0,1040.714701,0.0,0.0,0.0,-12.551793,-12.551793,1.0,-12.551793,True,False
2024-02-29 07:00:00,41.57,41.64,41.0,41.61,136093.83,0.000546,80,-12.135957,0.0,trending,,1049.050318,-1.090464,-0.123132,False,,1049.050318,-1.090464,1049.050318,,trending,0.415836,0.2286,7.0,AVAXUSDT,2024-02-29 07:00:00,,,,,0.6286,0.4,1040.714701,0.0,0.0,0.0,1040.714701,0.0,0.0,0.0,-12.135957,-12.135957,1.0,-12.135957,True,False
2024-02-29 08:00:00,41.61,43.94,41.51,43.91,634571.3,0.000852,80,0.0,0.0,unknown,,985.818187,-1.22455,1.22455,True,True,984.609795,0.0,985.818187,,unknown,12.135957,0.019,1.0,AVAXUSDT,2024-02-29 08:00:00,AVAXUSDT,43.91,-27.492231,CLOSE,0.5714,0.5524,1040.714701,0.0,0.0,0.0,1040.714701,0.0,0.0,0.0,,,,,True,True
2024-02-29 09:00:00,43.91,44.65,43.44,43.74,644884.76,0.000852,80,-20.0,0.0,trending,,984.609795,0.0,-2.0,True,True,982.640575,-2.004008,984.609795,,trending,-20.0,0.0667,1.0,AVAXUSDT,2024-02-29 09:00:00,AVAXUSDT,43.74,45.021024,SHORT,0.5905,0.5238,1040.714701,0.0,0.0,0.0,1040.714701,0.0,0.0,0.0,-24.0,-24.0,1.0,-24.0,True,True
2024-02-29 10:00:00,43.75,43.91,43.25,43.44,260258.92,0.000852,80,-20.0,0.0,trending,,996.146882,-1.963278,-0.036722,False,,996.146882,-1.963278,996.146882,,trending,0.0,0.0667,2.0,AVAXUSDT,2024-02-29 10:00:00,,,,,0.5905,0.5238,1040.714701,0.0,0.0,0.0,1040.714701,0.0,0.0,0.0,-23.175489,-23.175489,1.0,-23.175489,True,False
2024-02-29 11:00:00,43.43,43.62,42.86,42.94,198066.18,0.000852,80,-15.599764,0.0,trending,,1018.657394,-1.897795,0.337819,True,True,1018.312929,-1.560504,1018.657394,,trending,4.400236,0.0667,3.0,AVAXUSDT,2024-02-29 11:00:00,AVAXUSDT,42.94,8.014004,REDUCE_SHORT,0.6,0.5333,1040.714701,0.0,0.0,0.0,1040.714701,0.0,0.0,0.0,-15.599764,-15.599764,1.0,-15.599764,True,True
2024-02-29 12:00:00,42.93,43.04,42.47,42.49,255606.34,0.000852,80,0.0,0.0,unknown,,1034.966088,-1.519304,1.519304,True,True,1033.392085,0.0,1034.966088,,unknown,15.599764,0.0476,1.0,AVAXUSDT,2024-02-29 12:00:00,AVAXUSDT,42.49,-37.00702,CLOSE,0.5905,0.5429,1040.714701,0.0,0.0,0.0,1040.714701,0.0,0.0,0.0,,,,,True,True
2024-02-29 13:00:00,42.49,43.62,42.32,43.21,262641.3,0.000852,80,0.0,0.0,unknown,,1033.392085,0.0,0.0,,,1033.392085,0.0,1033.392085,,unknown,0.0,0.0286,2.0,,,,,,,0.581,0.5524,1040.714701,0.0,0.0,0.0,1040.714701,0.0,0.0,0.0,,,,,,
2024-02-29 14:00:00,43.2,43.72,42.78,43.05,279206.69,0.000852,80,-16.925265,0.0,trending,,1033.392085,0.0,-1.692527,True,True,1031.643042,-1.695396,1033.392085,,trending,-16.925265,0.0667,1.0,AVAXUSDT,2024-02-29 14:00:00,AVAXUSDT,43.05,40.628189,SHORT,0.6095,0.5429,1040.714701,0.0,0.0,0.0,1040.714701,0.0,0.0,0.0,-16.925265,-16.925265,1.0,-16.925265,True,True
2024-02-29 15:00:00,43.06,43.72,42.93,43.51,172173.26,0.000852,80,0.0,0.0,unknown,,1012.954075,-1.745126,1.745126,True,True,1011.184573,0.0,1012.954075,,unknown,16.925265,0.0429,1.0,AVAXUSDT,2024-02-29 15:00:00,AVAXUSDT,43.51,-40.628189,CLOSE,0.6048,0.5619,1040.714701,0.0,0.0,0.0,1040.714701,0.0,0.0,0.0,,,,,True,True
2024-02-29 16:00:00,43.51,43.63,41.93,42.75,364300.38,0.000913,80,0.0,0.0,unknown,,1011.184573,0.0,0.0,,,1011.184573,0.0,1011.184573,,unknown,0.0,0.0333,2.0,,,,,,,0.5571,0.5905,1040.714701,0.0,0.0,0.0,1040.714701,0.0,0.0,0.0,,,,,,
2024-02-29 17:00:00,42.75,43.01,41.66,42.05,289853.91,0.000913,80,1.204193,0.0,mean_reversion,,1011.184573,0.0,0.120419,False,,1011.184573,0.0,1011.184573,,mean_reversion,1.204193,0.0571,1.0,AVAXUSDT,2024-02-29 17:00:00,,,,,0.5524,0.6095,1040.714701,0.0,0.0,0.0,1040.714701,0.0,0.0,0.0,1.204193,1.204193,1.0,1.204193,True,False
2024-02-29 18:00:00,42.04,42.49,41.63,41.9,178205.84,0.000913,80,0.0,0.0,unknown,,1011.184573,0.0,0.0,,,1011.184573,0.0,1011.184573,,unknown,-1.204193,0.0048,1.0,,,,,,,0.5857,0.581,1040.714701,0.0,0.0,0.0,1040.714701,0.0,0.0,0.0,,,,,,
2024-02-29 19:00:00,41.89,42.49,41.69,42.44,91438.19,0.000913,80,0.0,0.0,unknown,,1011.184573,0.0,0.0,,,1011.184573,0.0,1011.184573,,unknown,0.0,0.0476,2.0,,,,,,,0.6095,0.5619,1040.714701,0.0,0.0,0.0,1040.714701,0.0,0.0,0.0,,,,,,
2024-02-29 20:00:00,42.45,42.47,42.06,42.11,137235.84,0.000913,80,0.44343,0.0,trending,,1011.184573,0.0,0.044343,False,,1011.184573,0.0,1011.184573,,trending,0.44343,0.1143,1.0,AVAXUSDT,2024-02-29 20:00:00,,,,,0.6286,0.5143,1040.714701,0.0,0.0,0.0,1040.714701,0.0,0.0,0.0,0.44343,0.44343,1.0,0.44343,True,False
2024-02-29 21:00:00,42.11,42.16,40.62,41.28,249768.38,0.000913,80,0.0,0.0,unknown,,1011.184573,0.0,0.0,,,1011.184573,0.0,1011.184573,,unknown,-0.44343,0.0381,1.0,,,,,,,0.5619,0.5238,1040.714701,0.0,0.0,0.0,1040.714701,0.0,0.0,0.0,,,,,,
2024-02-29 22:00:00,41.28,41.34,39.59,40.16,205012.83,0.000913,80,0.0,0.0,unknown,,1011.184573,0.0,0.0,,,1011.184573,0.0,1011.184573,,unknown,0.0,0.0476,2.0,,,,,,,0.4952,0.5429,1040.714701,0.0,0.0,0.0,1040.714701,0.0,0.0,0.0,,,,,,
2024-02-29 23:00:00,40.16,41.0,40.14,40.97,108359.41,0.000913,80,10.822492,0.0,mean_reversion,,1011.184573,0.0,1.082249,True,True,1010.09022,1.082338,1011.184573,,mean_reversion,10.822492,0.1429,1.0,AVAXUSDT,2024-02-29 23:00:00,AVAXUSDT,40.97,26.711097,LONG,0.4286,0.5714,1040.714701,0.0,0.0,0.0,1040.714701,0.0,0.0,0.0,10.822492,10.822492,1.0,10.822492,True,True
2024-03-01 00:00:00,40.98,41.94,40.98,41.93,123825.17,0.000597,80,-1.626175,0.0,mean_reversion,,1035.70723,1.080302,-1.242919,True,True,1034.41993,-0.16282,1035.70723,,mean_reversion,-12.448666,0.3143,2.0,AVAXUSDT,2024-03-01 00:00:00,AVAXUSDT,41.93,4.016792,SHORT,0.3333,0.6476,1040.714701,0.0,0.0,0.0,1040.714701,0.0,0.0,0.0,-1.626175,-1.626175,1.0,-1.626175,True,True
2024-03-01 01:00:00,41.94,42.7,41.48,42.46,236632.87,0.000597,80,-7.428415,0.0,mean_reversion,,1032.29103,-0.165218,-0.577624,True,True,1031.694754,-0.743271,1032.29103,,mean_reversion,-5.80224,0.3571,3.0,AVAXUSDT,2024-03-01 01:00:00,AVAXUSDT,42.46,14.043231,SHORT,0.3,0.6571,1040.714701,0.0,0.0,0.0,1040.714701,0.0,0.0,0.0,-7.428415,-7.428415,1.0,-7.428415,True,True
2024-03-01 02:00:00,42.46,42.65,41.98,42.58,148113.54,0.000597,80,-8.034333,0.0,mean_reversion,,1029.527551,-0.74694,-0.056493,False,,1029.527551,-0.74694,1029.527551,,mean_reversion,-0.605918,0.319,4.0,AVAXUSDT,2024-03-01 02:00:00,,,,,0.319,0.6381,1040.714701,0.0,0.0,0.0,1040.714701,0.0,0.0,0.0,-8.034333,-8.034333,1.0,-8.034333,True,False
2024-03-01 03:00:00,42.58,42.9,42.27,42.64,150866.2,0.000597,80,-7.948378,0.0,mean_reversion,,1028.44395,-0.748781,-0.046057,False,,1028.44395,-0.748781,1028.44395,,mean_reversion,0.085955,0.1143,5.0,AVAXUSDT,2024-03-01 03:00:00,,,,,0.4,0.5143,1040.714701,0.0,0.0,0.0,1040.714701,0.0,0.0,0.0,-7.948378,-7.948378,1.0,-7.948378,True,False
2024-03-01 04:00:00,42.65,43.37,42.65,43.25,171374.44,0.000597,80,-15.274552,0.0,mean_reversion,,1017.427336,-0.767717,-0.759738,True,True,1016.654357,-1.528617,1017.427336,,mean_reversion,-7.326174,0.0524,6.0,AVAXUSDT,2024-03-01 04:00:00,AVAXUSDT,43.25,17.872339,SHORT,0.4524,0.5048,1040.714701,0.0,0.0,0.0,1040.714701,0.0,0.0,0.0,-15.274552,-15.274552,1.0,-15.274552,True,True
2024-03-01 05:00:00,43.25,43.33,42.52,42.63,112220.46,0.000597,80,-6.363344,0.0,mean_reversion,,1038.932422,-1.474395,0.83806,True,True,1038.060862,-0.636869,1038.932422,,mean_reversion,8.911208,0.1048,7.0,AVAXUSDT,2024-03-01 05:00:00,AVAXUSDT,42.63,20.424307,REDUCE_SHORT,0.419,0.5238,1040.714701,0.0,0.0,0.0,1040.714701,0.0,0.0,0.0,-6.363344,-6.363344,1.0,-6.363344,True,True
2024-03-01 06:00:00,42.63,42.99,42.29,42.46,98393.09,0.000597,80,-3.626827,0.0,mean_reversion,,1040.697232,-0.632722,0.270039,True,True,1040.415921,-0.362781,1040.697232,,mean_reversion,2.736516,0.1429,8.0,AVAXUSDT,2024-03-01 06:00:00,AVAXUSDT,42.46,6.61868,REDUCE_SHORT,0.381,0.5238,1040.714701,0.0,0.0,0.0,1040.714701,0.0,0.0,0.0,-3.626827,-3.626827,1.0,-3.626827,True,True
2024-03-01 07:00:00,42.46,42.55,41.81,41.85,128655.27,0.000597,80,4.325047,0.0,mean_reversion,,1045.838441,-0.355715,0.78822,True,True,1045.013718,0.432413,1045.838441,,mean_reversion,7.951874,0.2333,9.0,AVAXUSDT,2024-03-01 07:00:00,AVAXUSDT,41.85,10.808364,LONG,0.3095,0.5429,1040.714701,0.0,0.0,0.0,1040.714701,0.0,0.0,0.0,4.325047,4.325047,1.0,4.325047,True,True
2024-03-01 08:00:00,41.84,42.61,41.77,42.35,167114.32,0.000616,80,-2.292445,0.0,mean_reversion,,1050.412496,0.43533,-0.664575,True,True,1049.714418,-0.229397,1050.412496,,mean_reversion,-6.617491,0.2048,10.0,AVAXUSDT,2024-03-01 08:00:00,AVAXUSDT,42.35,5.68598,SHORT,0.3571,0.5619,1040.714701,0.0,0.0,0.0,1040.714701,0.0,0.0,0.0,-2.292445,-2.292445,1.0,-2.292445,True,True
2024-03-01 09:00:00,42.34,42.74,42.06,42.7,154360.5,0.000616,80,-6.588619,0.0,mean_reversion,,1047.724325,-0.231732,-0.42713,True,True,1047.276811,-0.659143,1047.724325,,mean_reversion,-4.296174,0.2095,11.0,AVAXUSDT,2024-03-01 09:00:00,AVAXUSDT,42.7,10.480428,SHORT,0.3524,0.5619,1040.714701,0.0,0.0,0.0,1040.714701,0.0,0.0,0.0,-6.588619,-6.588619,1.0,-6.588619,True,True
2024-03-01 10:00:00,42.7,42.89,42.56,42.66,136945.66,0.000616,80,-5.6339,0.0,mean_reversion,,1047.923467,-0.65812,0.09473,False,,1047.923467,-0.65812,1047.923467,,mean_reversion,0.954718,0.2429,12.0,AVAXUSDT,2024-03-01 10:00:00,,,,,0.3286,0.5714,1040.714701,0.0,0.0,0.0,1040.714701,0.0,0.0,0.0,-5.6339,-5.6339,1.0,-5.6339,True,False
2024-03-01 11:00:00,42.67,42.83,42.42,42.52,83517.82,0.000616,80,-3.328406,0.0,mean_reversion,,1050.186764,-0.654546,0.321706,True,True,1049.848575,-0.332948,1050.186764,,mean_reversion,2.305495,0.2429,13.0,AVAXUSDT,2024-03-01 11:00:00,AVAXUSDT,42.52,7.945694,REDUCE_SHORT,0.3,0.5429,1040.714701,0.0,0.0,0.0,1040.714701,0.0,0.0,0.0,-3.328406,-3.328406,1.0,-3.328406,True,True
2024-03-01 12:00:00,42.52,42.68,42.09,42.17,136002.55,0.000616,80,1.790348,0.0,mean_reversion,,1052.725825,-0.329305,0.508339,True,True,1052.190336,0.178947,1052.725825,,mean_reversion,5.118754,0.3048,14.0,AVAXUSDT,2024-03-01 12:00:00,AVAXUSDT,42.17,4.469399,LONG,0.2667,0.5714,1040.714701,0.0,0.0,0.0,1040.714701,0.0,0.0,0.0,1.790348,1.790348,1.0,1.790348,True,True
2024-03-01 13:00:00,42.18,42.54,42.08,42.34,115802.83,0.000616,80,-0.85355,0.0,mean_reversion,,1052.949374,0.179539,-0.264894,True,True,1052.670454,-0.085378,1052.949374,,mean_reversion,-2.643898,0.2429,15.0,AVAXUSDT,2024-03-01 13:00:00,AVAXUSDT,42.34,2.122685,SHORT,0.3,0.5429,1040.714701,0.0,0.0,0.0,1040.714701,0.0,0.0,0.0,-0.85355,-0.85355,1.0,-0.85355,True,True
2024-03-01 14:00:00,42.35,42.43,41.62,41.95,224768.03,0.000616,80,5.124708,0.0,mean_reversion,,1053.498301,-0.084525,0.596995,True,True,1052.869278,0.512264,1053.498301,,mean_reversion,5.978258,0.2429,16.0,AVAXUSDT,2024-03-01 14:00:00,AVAXUSDT,41.95,12.869776,LONG,0.3286,0.5714,1040.714701,0.0,0.0,0.0,1040.714701,0.0,0.0,0.0,5.124708,5.124708,1.0,5.124708,True,True
2024-03-01 15:00:00,41.95,42.11,41.39,41.56,180269.81,0.000616,80,10.58914,0.0,mean_reversion,,1047.855085,0.50993,0.548984,True,True,1047.27983,1.058946,1047.855085,,mean_reversion,5.464432,0.1048,17.0,AVAXUSDT,2024-03-01 15:00:00,AVAXUSDT,41.56,13.841564,LONG,0.4381,0.5429,1040.714701,0.0,0.0,0.0,1040.714701,0.0,0.0,0.0,10.58914,10.58914,1.0,10.58914,True,True
2024-03-01 16:00:00,41.57,41.76,41.34,41.34,106822.86,0.000542,80,0.0,0.0,unknown,,1041.409211,1.059279,-1.059279,True,True,1040.306069,0.0,1041.409211,,unknown,-10.58914,0.0381,1.0,AVAXUSDT,2024-03-01 16:00:00,AVAXUSDT,41.34,26.684629,CLOSE,0.4762,0.5143,1040.714701,0.0,0.0,0.0,1040.714701,0.0,0.0,0.0,,,,,True,True
2024-03-01 17:00:00,41.34,42.04,41.34,41.92,127451.21,0.000542,80,3.035381,0.0,mean_reversion,,1040.306069,0.0,0.303538,True,True,1039.990296,0.303327,1040.306069,,mean_reversion,3.035381,0.1857,1.0,AVAXUSDT,2024-03-01 17:00:00,AVAXUSDT,41.92,7.532742,LONG,0.3571,0.5429,1040.714701,0.0,0.0,0.0,1040.714701,0.0,0.0,0.0,3.035381,3.035381,1.0,3.035381,True,True
2024-03-01 18:00:00,41.92,42.06,41.61,41.98,126689.95,0.000542,80,1.952556,0.0,mean_reversion,,1040.441809,0.303629,-0.108373,False,,1040.441809,0.303629,1040.441809,,mean_reversion,-1.082825,0.2095,2.0,AVAXUSDT,2024-03-01 18:00:00,,,,,0.3048,0.5143,1040.714701,0.0,0.0,0.0,1040.714701,0.0,0.0,0.0,1.952556,1.952556,1.0,1.952556,True,False
2024-03-01 19:00:00,41.98,42.07,41.78,42.01,89691.56,0.000542,80,1.293467,0.0,mean_reversion,,1040.667565,0.30378,-0.174433,False,,1040.667565,0.30378,1040.667565,,mean_reversion,-0.659089,0.2571,3.0,AVAXUSDT,2024-03-01 19:00:00,,,,,0.2857,0.5429,1040.714701,0.0,0.0,0.0,1040.714701,0.0,0.0,0.0,1.293467,1.293467,1.0,1.293467,True,False
2024-03-01 20:00:00,42.01,42.23,41.84,42.17,121674.76,0.000542,80,-1.841985,0.0,mean_reversion,,1041.871599,0.304585,-0.488783,True,True,1041.362349,-0.184289,1041.871599,,mean_reversion,-3.135452,0.5333,4.0,AVAXUSDT,2024-03-01 20:00:00,AVAXUSDT,42.17,4.550893,SHORT,0.1619,0.6952,1040.714701,0.0,0.0,0.0,1040.714701,0.0,0.0,0.0,-1.841985,-1.841985,1.0,-1.841985,True,True
2024-03-01 21:00:00,42.17,42.3,41.82,42.27,146597.0,0.000542,80,-3.806662,0.0,mean_reversion,,1040.90726,-0.184806,-0.19586,False,,1040.90726,-0.184806,1040.90726,,mean_reversion,-1.964677,0.7,5.0,AVAXUSDT,2024-03-01 21:00:00,,,,,0.1476,0.8476,1040.714701,0.0,0.0,0.0,1040.714701,0.0,0.0,0.0,-3.806662,-3.806662,1.0,-3.806662,True,False
2024-03-01 21:00:00,42.17,42.3,41.82,42.27,146597.0,0.000542,80,,,,,1040.90726,-0.184806,0.184806,,True,1040.714701,0.0,1040.90726,,,,,,,,AVAXUSDT,42.27,-4.550893,CLOSE,,,1040.714701,0.0,0.0,0.0,1040.714701,0.0,0.0,0.0,,,,,,
