timestamp,open,high,low,close,volume,funding_rate,fear_greed,forecast,confidence,regime,strategy,total_portfolio_value,previous_allocation,allocation_change,approved_rebalance,succcess_execute_portfolio_rebalance,postRebalance_total_value,postRebalance_current_allocation,debug_info.error,debug_info.regime,debug_info.forecast_delta,debug_info.regime_scores,debug_info.regime_margin,debug_info.bars_in_regime,debug_approve_allocation_change.symbol,debug_approve_allocation_change.time,debug_execute_portfolio_rebalance.symbol,debug_execute_portfolio_rebalance.price,debug_execute_portfolio_rebalance.quantity,debug_execute_portfolio_rebalance.trade_type,balances.USDT.free,balances.USDT.locked,balances.BTCUSDT.free,balances.BTCUSDT.locked,postRebalance_balances.USDT.free,postRebalance_balances.USDT.locked,postRebalance_balances.BTCUSDT.free,postRebalance_balances.BTCUSDT.locked,debug_info.components.rsi_momentum.last_history_value,debug_info.components.rsi_momentum.post_pipeline_value,debug_info.components.rsi_momentum.weight_normalized,debug_info.components.rsi_momentum.weighted_contribution,debug_approve_allocation_change.controls.max_allocation_change.passed,debug_approve_allocation_change.controls.min_allocation_change.passed
2024-01-01 00:00:00,42283.58,42554.57,42261.02,42475.23,1271.68108,0.00037409,65,0.0,0.0,NOT_READY,,1000.0,0.0,0.0,,,1000.0,0.0,Strategy not ready,,,,,,,,,,,,707.7099398439866,0.0,0.0,0.0,707.7099398439866,0.0,0.0,0.0,,,,,,
2024-01-01 01:00:00,42475.23,42775.0,42431.65,42613.56,1196.37856,0.00037409,65,0.0,0.0,NOT_READY,,1000.0,0.0,0.0,,,1000.0,0.0,Strategy not ready,,,,,,,,,,,,707.7099398439866,0.0,0.0,0.0,707.7099398439866,0.0,0.0,0.0,,,,,,
2024-01-01 02:00:00,42613.57,42638.41,42500.0,42581.1,685.2198,0.00037409,65,0.0,0.0,NOT_READY,,1000.0,0.0,0.0,,,1000.0,0.0,Strategy not ready,,,,,,,,,,,,707.7099398439866,0.0,0.0,0.0,707.7099398439866,0.0,0.0,0.0,,,,,,
2024-01-01 03:00:00,42581.09,42586.64,42230.08,42330.49,794.80391,0.00037409,65,0.0,0.0,NOT_READY,,1000.0,0.0,0.0,,,1000.0,0.0,Strategy not ready,,,,,,,,,,,,707.7099398439866,0.0,0.0,0.0,707.7099398439866,0.0,0.0,0.0,,,,,,
2024-01-01 04:00:00,42330.5,42399.99,42209.46,42399.99,715.4176,0.00037409,65,0.0,0.0,NOT_READY,,1000.0,0.0,0.0,,,1000.0,0.0,Strategy not ready,,,,,,,,,,,,707.7099398439866,0.0,0.0,0.0,707.7099398439866,0.0,0.0,0.0,,,,,,
2024-01-01 05:00:00,42399.98,42406.0,42180.77,42234.01,736.53152,0.00037409,65,0.0,0.0,NOT_READY,,1000.0,0.0,0.0,,,1000.0,0.0,Strategy not ready,,,,,,,,,,,,707.7099398439866,0.0,0.0,0.0,707.7099398439866,0.0,0.0,0.0,,,,,,
2024-01-01 06:00:00,42234.01,42424.82,42208.68,42396.69,601.3725,0.00037409,65,0.0,0.0,NOT_READY,,1000.0,0.0,0.0,,,1000.0,0.0,Strategy not ready,,,,,,,,,,,,707.7099398439866,0.0,0.0,0.0,707.7099398439866,0.0,0.0,0.0,,,,,,
2024-01-01 07:00:00,42396.69,42500.0,42396.68,42492.46,653.67718,0.00037409,65,0.0,0.0,NOT_READY,,1000.0,0.0,0.0,,,1000.0,0.0,Strategy not ready,,,,,,,,,,,,707.7099398439866,0.0,0.0,0.0,707.7099398439866,0.0,0.0,0.0,,,,,,
2024-01-01 08:00:00,42492.46,42556.5,42452.58,42549.99,427.19365,0.00027213,65,0.0,0.0,NOT_READY,,1000.0,0.0,0.0,,,1000.0,0.0,Strategy not ready,,,,,,,,,,,,707.7099398439866,0.0,0.0,0.0,707.7099398439866,0.0,0.0,0.0,,,,,,
2024-01-01 09:00:00,42550.0,42699.32,42537.18,42649.69,879.62491,0.00027213,65,0.0,0.0,NOT_READY,,1000.0,0.0,0.0,,,1000.0,0.0,Strategy not ready,,,,,,,,,,,,707.7099398439866,0.0,0.0,0.0,707.7099398439866,0.0,0.0,0.0,,,,,,
2024-01-01 10:00:00,42649.69,42749.36,42628.0,42691.1,856.81851,0.00027213,65,0.0,0.0,NOT_READY,,1000.0,0.0,0.0,,,1000.0,0.0,Strategy not ready,,,,,,,,,,,,707.7099398439866,0.0,0.0,0.0,707.7099398439866,0.0,0.0,0.0,,,,,,
2024-01-01 11:00:00,42691.1,42762.39,42605.21,42690.2,785.16567,0.00027213,65,0.0,0.0,NOT_READY,,1000.0,0.0,0.0,,,1000.0,0.0,Strategy not ready,,,,,,,,,,,,707.7099398439866,0.0,0.0,0.0,707.7099398439866,0.0,0.0,0.0,,,,,,
2024-01-01 12:00:00,42690.21,42780.0,42611.45,42648.38,785.52851,0.00027213,65,0.0,0.0,NOT_READY,,1000.0,0.0,0.0,,,1000.0,0.0,Strategy not ready,,,,,,,,,,,,707.7099398439866,0.0,0.0,0.0,707.7099398439866,0.0,0.0,0.0,,,,,,
2024-01-01 13:00:00,42648.37,42748.0,42612.76,42715.54,497.2024,0.00027213,65,0.0,0.0,NOT_READY,,1000.0,0.0,0.0,,,1000.0,0.0,Strategy not ready,,,,,,,,,,,,707.7099398439866,0.0,0.0,0.0,707.7099398439866,0.0,0.0,0.0,,,,,,
2024-01-01 14:00:00,42715.54,42715.55,42580.0,42612.24,711.01152,0.00027213,65,0.0,0.0,NOT_READY,,1000.0,0.0,0.0,,,1000.0,0.0,Strategy not ready,,,,,,,,,,,,707.7099398439866,0.0,0.0,0.0,707.7099398439866,0.0,0.0,0.0,,,,,,
2024-01-01 15:00:00,42612.24,42847.07,42586.51,42783.05,942.70163,0.00027213,65,0.0,0.0,NOT_READY,,1000.0,0.0,0.0,,,1000.0,0.0,Strategy not ready,,,,,,,,,,,,707.7099398439866,0.0,0.0,0.0,707.7099398439866,0.0,0.0,0.0,,,,,,
2024-01-01 16:00:00,42783.05,42856.0,42664.42,42725.15,918.71056,0.00033601,65,0.0,0.0,NOT_READY,,1000.0,0.0,0.0,,,1000.0,0.0,Strategy not ready,,,,,,,,,,,,707.7099398439866,0.0,0.0,0.0,707.7099398439866,0.0,0.0,0.0,,,,,,
2024-01-01 17:00:00,42725.15,42824.9,42704.42,42812.7,677.33678,0.00033601,65,0.0,0.0,NOT_READY,,1000.0,0.0,0.0,,,1000.0,0.0,Strategy not ready,,,,,,,,,,,,707.7099398439866,0.0,0.0,0.0,707.7099398439866,0.0,0.0,0.0,,,,,,
2024-01-01 18:00:00,42812.71,43208.86,42812.7,43111.1,2143.30897,0.00033601,65,0.0,0.0,NOT_READY,,1000.0,0.0,0.0,,,1000.0,0.0,Strategy not ready,,,,,,,,,,,,707.7099398439866,0.0,0.0,0.0,707.7099398439866,0.0,0.0,0.0,,,,,,
2024-01-01 19:00:00,43111.1,43550.0,43103.64,43517.99,1947.61533,0.00033601,65,0.0,0.0,NOT_READY,,1000.0,0.0,0.0,,,1000.0,0.0,Strategy not ready,,,,,,,,,,,,707.7099398439866,0.0,0.0,0.0,707.7099398439866,0.0,0.0,0.0,,,,,,
2024-01-01 20:00:00,43517.98,43829.99,43510.71,43687.86,2905.07295,0.00033601,65,0.0,0.0,NOT_READY,,1000.0,0.0,0.0,,,1000.0,0.0,Strategy not ready,,,,,,,,,,,,707.7099398439866,0.0,0.0,0.0,707.7099398439866,0.0,0.0,0.0,,,,,,
2024-01-01 21:00:00,43687.85,43792.59,43480.76,43619.21,1541.59126,0.00033601,65,0.0,0.0,NOT_READY,,1000.0,0.0,0.0,,,1000.0,0.0,Strategy not ready,,,,,,,,,,,,707.7099398439866,0.0,0.0,0.0,707.7099398439866,0.0,0.0,0.0,,,,,,
2024-01-01 22:00:00,43619.22,43661.1,43361.6,43529.93,1024.36372,0.00033601,65,0.0,0.0,NOT_READY,,1000.0,0.0,0.0,,,1000.0,0.0,Strategy not ready,,,,,,,,,,,,707.7099398439866,0.0,0.0,0.0,707.7099398439866,0.0,0.0,0.0,,,,,,
2024-01-01 23:00:00,43529.94,44184.1,43529.93,44179.55,3475.97051,0.00033601,65,0.0,0.0,NOT_READY,,1000.0,0.0,0.0,,,1000.0,0.0,Strategy not ready,,,,,,,,,,,,707.7099398439866,0.0,0.0,0.0,707.7099398439866,0.0,0.0,0.0,,,,,,
2024-01-02 00:00:00,44179.55,45200.0,44148.34,45056.0,6986.25967,0.00065846,71,0.0,0.0,NOT_READY,,1000.0,0.0,0.0,,,1000.0,0.0,Strategy not ready,,,,,,,,,,,,707.7099398439866,0.0,0.0,0.0,707.7099398439866,0.0,0.0,0.0,,,,,,
2024-01-02 01:00:00,45056.0,45372.79,44686.0,44855.96,4397.86376,0.00065846,71,0.0,0.0,NOT_READY,,1000.0,0.0,0.0,,,1000.0,0.0,Strategy not ready,,,,,,,,,,,,707.7099398439866,0.0,0.0,0.0,707.7099398439866,0.0,0.0,0.0,,,,,,
2024-01-02 02:00:00,44855.96,45381.42,44855.95,45378.96,3016.04235,0.00065846,71,0.0,0.0,NOT_READY,,1000.0,0.0,0.0,,,1000.0,0.0,Strategy not ready,,,,,,,,,,,,707.7099398439866,0.0,0.0,0.0,707.7099398439866,0.0,0.0,0.0,,,,,,
2024-01-02 03:00:00,45378.96,45500.0,45131.1,45402.38,2693.12081,0.00065846,71,0.0,0.0,NOT_READY,,1000.0,0.0,0.0,,,1000.0,0.0,Strategy not ready,,,,,,,,,,,,707.7099398439866,0.0,0.0,0.0,707.7099398439866,0.0,0.0,0.0,,,,,,
2024-01-02 04:00:00,45402.38,45468.99,45170.0,45179.8,2268.27572,0.00065846,71,0.0,0.0,NOT_READY,,1000.0,0.0,0.0,,,1000.0,0.0,Strategy not ready,,,,,,,,,,,,707.7099398439866,0.0,0.0,0.0,707.7099398439866,0.0,0.0,0.0,,,,,,
2024-01-02 05:00:00,45179.8,45324.72,45121.96,45179.48,1617.2842,0.00065846,71,0.0,0.0,NOT_READY,,1000.0,0.0,0.0,,,1000.0,0.0,Strategy not ready,,,,,,,,,,,,707.7099398439866,0.0,0.0,0.0,707.7099398439866,0.0,0.0,0.0,,,,,,
2024-01-02 06:00:00,45179.48,45308.15,45130.0,45168.75,1390.33832,0.00065846,71,0.0,0.0,NOT_READY,,1000.0,0.0,0.0,,,1000.0,0.0,Strategy not ready,,,,,,,,,,,,707.7099398439866,0.0,0.0,0.0,707.7099398439866,0.0,0.0,0.0,,,,,,
2024-01-02 07:00:00,45168.75,45643.75,45168.74,45455.53,3112.52478,0.00065846,71,0.0,0.0,NOT_READY,,1000.0,0.0,0.0,,,1000.0,0.0,Strategy not ready,,,,,,,,,,,,707.7099398439866,0.0,0.0,0.0,707.7099398439866,0.0,0.0,0.0,,,,,,
2024-01-02 08:00:00,45455.52,45852.93,45326.6,45759.3,3323.21707,0.00035179,71,0.0,0.0,NOT_READY,,1000.0,0.0,0.0,,,1000.0,0.0,Strategy not ready,,,,,,,,,,,,707.7099398439866,0.0,0.0,0.0,707.7099398439866,0.0,0.0,0.0,,,,,,
2024-01-02 09:00:00,45759.3,45879.63,45631.1,45673.48,2096.46195,0.00035179,71,0.0,0.0,NOT_READY,,1000.0,0.0,0.0,,,1000.0,0.0,Strategy not ready,,,,,,,,,,,,707.7099398439866,0.0,0.0,0.0,707.7099398439866,0.0,0.0,0.0,,,,,,
2024-01-02 10:00:00,45673.48,45711.1,45431.52,45584.99,2069.22249,0.00035179,71,0.0,0.0,NOT_READY,,1000.0,0.0,0.0,,,1000.0,0.0,Strategy not ready,,,,,,,,,,,,707.7099398439866,0.0,0.0,0.0,707.7099398439866,0.0,0.0,0.0,,,,,,
2024-01-02 11:00:00,45585.0,45698.67,45200.0,45433.99,2538.49307,0.00035179,71,0.0,0.0,NOT_READY,,1000.0,0.0,0.0,,,1000.0,0.0,Strategy not ready,,,,,,,,,,,,707.7099398439866,0.0,0.0,0.0,707.7099398439866,0.0,0.0,0.0,,,,,,
2024-01-02 12:00:00,45433.99,45589.68,45271.04,45301.99,2128.11147,0.00035179,71,0.0,0.0,NOT_READY,,1000.0,0.0,0.0,,,1000.0,0.0,Strategy not ready,,,,,,,,,,,,707.7099398439866,0.0,0.0,0.0,707.7099398439866,0.0,0.0,0.0,,,,,,
2024-01-02 13:00:00,45302.0,45705.8,45264.39,45637.93,2253.76868,0.00035179,71,0.0,0.0,NOT_READY,,1000.0,0.0,0.0,,,1000.0,0.0,Strategy not ready,,,,,,,,,,,,707.7099398439866,0.0,0.0,0.0,707.7099398439866,0.0,0.0,0.0,,,,,,
2024-01-02 14:00:00,45637.92,45800.0,44970.0,45258.73,4553.21243,0.00035179,71,0.0,0.0,NOT_READY,,1000.0,0.0,0.0,,,1000.0,0.0,Strategy not ready,,,,,,,,,,,,707.7099398439866,0.0,0.0,0.0,707.7099398439866,0.0,0.0,0.0,,,,,,
2024-01-02 15:00:00,45258.73,45349.98,44833.33,45184.82,4301.03657,0.00035179,71,0.0,0.0,NOT_READY,,1000.0,0.0,0.0,,,1000.0,0.0,Strategy not ready,,,,,,,,,,,,707.7099398439866,0.0,0.0,0.0,707.7099398439866,0.0,0.0,0.0,,,,,,
2024-01-02 16:00:00,45184.83,45399.84,44890.11,45357.84,3052.23783,0.0005373,71,0.0,0.0,NOT_READY,,1000.0,0.0,0.0,,,1000.0,0.0,Strategy not ready,,,,,,,,,,,,707.7099398439866,0.0,0.0,0.0,707.7099398439866,0.0,0.0,0.0,,,,,,
2024-01-02 17:00:00,45357.84,45382.08,44950.48,44966.15,2540.00308,0.0005373,71,0.0,0.0,NOT_READY,,1000.0,0.0,0.0,,,1000.0,0.0,Strategy not ready,,,,,,,,,,,,707.7099398439866,0.0,0.0,0.0,707.7099398439866,0.0,0.0,0.0,,,,,,
2024-01-02 18:00:00,44966.16,45271.2,44944.0,45154.69,1806.0773,0.0005373,71,0.0,0.0,NOT_READY,,1000.0,0.0,0.0,,,1000.0,0.0,Strategy not ready,,,,,,,,,,,,707.7099398439866,0.0,0.0,0.0,707.7099398439866,0.0,0.0,0.0,,,,,,
2024-01-02 19:00:00,45154.7,45243.0,44790.96,45039.49,2347.28624,0.0005373,71,0.0,0.0,NOT_READY,,1000.0,0.0,0.0,,,1000.0,0.0,Strategy not ready,,,,,,,,,,,,707.7099398439866,0.0,0.0,0.0,707.7099398439866,0.0,0.0,0.0,,,,,,
2024-01-02 20:00:00,45039.49,45180.55,44742.96,44788.28,1940.02489,0.0005373,71,0.0,0.0,NOT_READY,,1000.0,0.0,0.0,,,1000.0,0.0,Strategy not ready,,,,,,,,,,,,707.7099398439866,0.0,0.0,0.0,707.7099398439866,0.0,0.0,0.0,,,,,,
2024-01-02 21:00:00,44788.27,45119.76,44600.0,45119.74,2043.74183,0.0005373,71,0.0,0.0,NOT_READY,,1000.0,0.0,0.0,,,1000.0,0.0,Strategy not ready,,,,,,,,,,,,707.7099398439866,0.0,0.0,0.0,707.7099398439866,0.0,0.0,0.0,,,,,,
2024-01-02 22:00:00,45119.74,45297.26,44840.01,44981.73,1591.57491,0.0005373,71,0.0,0.0,NOT_READY,,1000.0,0.0,0.0,,,1000.0,0.0,Strategy not ready,,,,,,,,,,,,707.7099398439866,0.0,0.0,0.0,707.7099398439866,0.0,0.0,0.0,,,,,,
2024-01-02 23:00:00,44981.72,45049.98,44802.01,44946.91,1080.22719,0.0005373,71,0.0,0.0,NOT_READY,,1000.0,0.0,0.0,,,1000.0,0.0,Strategy not ready,,,,,,,,,,,,707.7099398439866,0.0,0.0,0.0,707.7099398439866,0.0,0.0,0.0,,,,,,
2024-01-03 00:00:00,44946.91,45212.57,44862.11,45135.61,1410.31904,0.00021159,70,0.0,0.0,NOT_READY,,1000.0,0.0,0.0,,,1000.0,0.0,Strategy not ready,,,,,,,,,,,,707.7099398439866,0.0,0.0,0.0,707.7099398439866,0.0,0.0,0.0,,,,,,
2024-01-03 01:00:00,45135.61,45329.83,45102.72,45317.58,1166.18095,0.00021159,70,0.0,0.0,NOT_READY,,1000.0,0.0,0.0,,,1000.0,0.0,Strategy not ready,,,,,,,,,,,,707.7099398439866,0.0,0.0,0.0,707.7099398439866,0.0,0.0,0.0,,,,,,
2024-01-03 02:00:00,45317.58,45410.91,45211.73,45274.57,1434.81631,0.00021159,70,0.0,0.0,NOT_READY,,1000.0,0.0,0.0,,,1000.0,0.0,Strategy not ready,,,,,,,,,,,,707.7099398439866,0.0,0.0,0.0,707.7099398439866,0.0,0.0,0.0,,,,,,
2024-01-03 03:00:00,45274.57,45310.0,45151.91,45262.69,739.36966,0.00021159,70,0.0,0.0,NOT_READY,,1000.0,0.0,0.0,,,1000.0,0.0,Strategy not ready,,,,,,,,,,,,707.7099398439866,0.0,0.0,0.0,707.7099398439866,0.0,0.0,0.0,,,,,,
2024-01-03 04:00:00,45262.7,45272.16,45115.59,45183.45,796.786,0.00021159,70,0.0,0.0,NOT_READY,,1000.0,0.0,0.0,,,1000.0,0.0,Strategy not ready,,,,,,,,,,,,707.7099398439866,0.0,0.0,0.0,707.7099398439866,0.0,0.0,0.0,,,,,,
2024-01-03 05:00:00,45183.45,45294.11,45118.91,45172.13,849.38832,0.00021159,70,0.0,0.0,NOT_READY,,1000.0,0.0,0.0,,,1000.0,0.0,Strategy not ready,,,,,,,,,,,,707.7099398439866,0.0,0.0,0.0,707.7099398439866,0.0,0.0,0.0,,,,,,
2024-01-03 06:00:00,45172.12,45363.19,45160.0,45326.93,1264.55564,0.00021159,70,0.0,0.0,NOT_READY,,1000.0,0.0,0.0,,,1000.0,0.0,Strategy not ready,,,,,,,,,,,,707.7099398439866,0.0,0.0,0.0,707.7099398439866,0.0,0.0,0.0,,,,,,
2024-01-03 07:00:00,45326.92,45384.84,44940.93,45011.77,1780.38521,0.00021159,70,0.0,0.0,NOT_READY,,1000.0,0.0,0.0,,,1000.0,0.0,Strategy not ready,,,,,,,,,,,,707.7099398439866,0.0,0.0,0.0,707.7099398439866,0.0,0.0,0.0,,,,,,
2024-01-03 08:00:00,45011.77,45200.0,45001.1,45200.0,1462.95207,0.00017123,70,0.0,0.0,NOT_READY,,1000.0,0.0,0.0,,,1000.0,0.0,Strategy not ready,,,,,,,,,,,,707.7099398439866,0.0,0.0,0.0,707.7099398439866,0.0,0.0,0.0,,,,,,
2024-01-03 09:00:00,45200.0,45500.0,45185.39,45344.67,2006.28796,0.00017123,70,0.0,0.0,NOT_READY,,1000.0,0.0,0.0,,,1000.0,0.0,Strategy not ready,,,,,,,,,,,,707.7099398439866,0.0,0.0,0.0,707.7099398439866,0.0,0.0,0.0,,,,,,
2024-01-03 10:00:00,45344.66,45398.37,45045.95,45151.91,1918.59612,0.00017123,70,0.0,0.0,NOT_READY,,1000.0,0.0,0.0,,,1000.0,0.0,Strategy not ready,,,,,,,,,,,,707.7099398439866,0.0,0.0,0.0,707.7099398439866,0.0,0.0,0.0,,,,,,
2024-01-03 11:00:00,45151.91,45174.07,43500.0,43702.88,7849.69163,0.00017123,70,0.0,0.0,NOT_READY,,1000.0,0.0,0.0,,,1000.0,0.0,Strategy not ready,,,,,,,,,,,,707.7099398439866,0.0,0.0,0.0,707.7099398439866,0.0,0.0,0.0,,,,,,
2024-01-03 12:00:00,43702.89,43716.0,40750.0,42789.38,20155.46959,0.00017123,70,0.0,0.0,NOT_READY,,1000.0,0.0,0.0,,,1000.0,0.0,Strategy not ready,,,,,,,,,,,,707.7099398439866,0.0,0.0,0.0,707.7099398439866,0.0,0.0,0.0,,,,,,
2024-01-03 13:00:00,42789.39,42820.92,42310.0,42529.4,5587.0456,0.00017123,70,0.0,0.0,NOT_READY,,1000.0,0.0,0.0,,,1000.0,0.0,Strategy not ready,,,,,,,,,,,,707.7099398439866,0.0,0.0,0.0,707.7099398439866,0.0,0.0,0.0,,,,,,
2024-01-03 14:00:00,42529.4,42532.0,42050.0,42179.99,4566.2886,0.00017123,70,0.0,0.0,NOT_READY,,1000.0,0.0,0.0,,,1000.0,0.0,Strategy not ready,,,,,,,,,,,,707.7099398439866,0.0,0.0,0.0,707.7099398439866,0.0,0.0,0.0,,,,,,
2024-01-03 15:00:00,42180.0,43009.02,42175.14,43000.01,5175.34831,0.00017123,70,0.0,0.0,NOT_READY,,1000.0,0.0,0.0,,,1000.0,0.0,Strategy not ready,,,,,,,,,,,,707.7099398439866,0.0,0.0,0.0,707.7099398439866,0.0,0.0,0.0,,,,,,
2024-01-03 16:00:00,43000.01,43567.92,42773.34,42992.67,6973.81609,0.0001,70,0.0,0.0,NOT_READY,,1000.0,0.0,0.0,,,1000.0,0.0,Strategy not ready,,,,,,,,,,,,707.7099398439866,0.0,0.0,0.0,707.7099398439866,0.0,0.0,0.0,,,,,,
2024-01-03 17:00:00,42992.68,43034.59,42600.0,42906.0,2945.17641,0.0001,70,0.0,0.0,NOT_READY,,1000.0,0.0,0.0,,,1000.0,0.0,Strategy not ready,,,,,,,,,,,,707.7099398439866,0.0,0.0,0.0,707.7099398439866,0.0,0.0,0.0,,,,,,
2024-01-03 18:00:00,42906.0,43050.0,42000.0,42255.72,3314.04996,0.0001,70,0.0,0.0,NOT_READY,,1000.0,0.0,0.0,,,1000.0,0.0,Strategy not ready,,,,,,,,,,,,707.7099398439866,0.0,0.0,0.0,707.7099398439866,0.0,0.0,0.0,,,,,,
2024-01-03 19:00:00,42255.72,43011.1,42161.1,42596.67,3662.29946,0.0001,70,0.0,0.0,NOT_READY,,1000.0,0.0,0.0,,,1000.0,0.0,Strategy not ready,,,,,,,,,,,,707.7099398439866,0.0,0.0,0.0,707.7099398439866,0.0,0.0,0.0,,,,,,
2024-01-03 20:00:00,42596.66,42846.17,42518.7,42721.02,1931.53987,0.0001,70,0.0,0.0,NOT_READY,,1000.0,0.0,0.0,,,1000.0,0.0,Strategy not ready,,,,,,,,,,,,707.7099398439866,0.0,0.0,0.0,707.7099398439866,0.0,0.0,0.0,,,,,,
2024-01-03 21:00:00,42721.02,42966.27,42581.1,42917.62,1692.53055,0.0001,70,0.0,0.0,NOT_READY,,1000.0,0.0,0.0,,,1000.0,0.0,Strategy not ready,,,,,,,,,,,,707.7099398439866,0.0,0.0,0.0,707.7099398439866,0.0,0.0,0.0,,,,,,
2024-01-03 22:00:00,42917.61,42941.1,42596.24,42749.68,1385.88591,0.0001,70,0.0,0.0,NOT_READY,,1000.0,0.0,0.0,,,1000.0,0.0,Strategy not ready,,,,,,,,,,,,707.7099398439866,0.0,0.0,0.0,707.7099398439866,0.0,0.0,0.0,,,,,,
2024-01-03 23:00:00,42749.69,42845.23,42591.09,42845.23,1125.77247,0.0001,70,0.0,0.0,NOT_READY,,1000.0,0.0,0.0,,,1000.0,0.0,Strategy not ready,,,,,,,,,,,,707.7099398439866,0.0,0.0,0.0,707.7099398439866,0.0,0.0,0.0,,,,,,
2024-01-04 00:00:00,42845.23,42983.77,42754.0,42874.01,1619.84247,0.0001,68,0.0,0.0,NOT_READY,,1000.0,0.0,0.0,,,1000.0,0.0,Strategy not ready,,,,,,,,,,,,707.7099398439866,0.0,0.0,0.0,707.7099398439866,0.0,0.0,0.0,,,,,,
2024-01-04 01:00:00,42874.0,42936.79,42613.77,42708.01,1337.96527,0.0001,68,0.0,0.0,NOT_READY,,1000.0,0.0,0.0,,,1000.0,0.0,Strategy not ready,,,,,,,,,,,,707.7099398439866,0.0,0.0,0.0,707.7099398439866,0.0,0.0,0.0,,,,,,
2024-01-04 02:00:00,42708.01,43219.36,42690.02,43138.49,1256.1727,0.0001,68,0.0,0.0,NOT_READY,,1000.0,0.0,0.0,,,1000.0,0.0,Strategy not ready,,,,,,,,,,,,707.7099398439866,0.0,0.0,0.0,707.7099398439866,0.0,0.0,0.0,,,,,,
2024-01-04 03:00:00,43138.5,43220.56,43002.15,43102.8,1274.15811,0.0001,68,0.0,0.0,NOT_READY,,1000.0,0.0,0.0,,,1000.0,0.0,Strategy not ready,,,,,,,,,,,,707.7099398439866,0.0,0.0,0.0,707.7099398439866,0.0,0.0,0.0,,,,,,
2024-01-04 04:00:00,43102.79,43200.0,42955.5,43149.99,1080.01392,0.0001,68,0.0,0.0,NOT_READY,,1000.0,0.0,0.0,,,1000.0,0.0,Strategy not ready,,,,,,,,,,,,707.7099398439866,0.0,0.0,0.0,707.7099398439866,0.0,0.0,0.0,,,,,,
2024-01-04 05:00:00,43149.99,43273.08,43072.7,43183.74,971.30246,0.0001,68,0.0,0.0,NOT_READY,,1000.0,0.0,0.0,,,1000.0,0.0,Strategy not ready,,,,,,,,,,,,707.7099398439866,0.0,0.0,0.0,707.7099398439866,0.0,0.0,0.0,,,,,,
2024-01-04 06:00:00,43183.74,43232.95,43086.59,43155.46,989.98669,0.0001,68,0.0,0.0,NOT_READY,,1000.0,0.0,0.0,,,1000.0,0.0,Strategy not ready,,,,,,,,,,,,707.7099398439866,0.0,0.0,0.0,707.7099398439866,0.0,0.0,0.0,,,,,,
2024-01-04 07:00:00,43155.46,43261.64,42756.97,42763.08,2402.09322,0.0001,68,0.0,0.0,NOT_READY,,1000.0,0.0,0.0,,,1000.0,0.0,Strategy not ready,,,,,,,,,,,,707.7099398439866,0.0,0.0,0.0,707.7099398439866,0.0,0.0,0.0,,,,,,
2024-01-04 08:00:00,42763.08,42975.38,42699.83,42849.66,1650.32861,0.0001,68,0.0,0.0,NOT_READY,,1000.0,0.0,0.0,,,1000.0,0.0,Strategy not ready,,,,,,,,,,,,707.7099398439866,0.0,0.0,0.0,707.7099398439866,0.0,0.0,0.0,,,,,,
2024-01-04 09:00:00,42849.67,43084.38,42849.66,43007.74,1411.97913,0.0001,68,0.0,0.0,NOT_READY,,1000.0,0.0,0.0,,,1000.0,0.0,Strategy not ready,,,,,,,,,,,,707.7099398439866,0.0,0.0,0.0,707.7099398439866,0.0,0.0,0.0,,,,,,
2024-01-04 10:00:00,43007.73,43100.0,42616.28,43073.26,2250.33233,0.0001,68,0.0,0.0,NOT_READY,,1000.0,0.0,0.0,,,1000.0,0.0,Strategy not ready,,,,,,,,,,,,707.7099398439866,0.0,0.0,0.0,707.7099398439866,0.0,0.0,0.0,,,,,,
2024-01-04 11:00:00,43073.26,43233.81,42927.33,43176.32,1433.76942,0.0001,68,0.0,0.0,NOT_READY,,1000.0,0.0,0.0,,,1000.0,0.0,Strategy not ready,,,,,,,,,,,,707.7099398439866,0.0,0.0,0.0,707.7099398439866,0.0,0.0,0.0,,,,,,
2024-01-04 12:00:00,43176.33,43423.95,43097.06,43378.12,2238.88425,0.0001,68,0.0,0.0,NOT_READY,,1000.0,0.0,0.0,,,1000.0,0.0,Strategy not ready,,,,,,,,,,,,707.7099398439866,0.0,0.0,0.0,707.7099398439866,0.0,0.0,0.0,,,,,,
2024-01-04 13:00:00,43378.11,43484.84,43167.27,43346.68,1658.84054,0.0001,68,0.0,0.0,NOT_READY,,1000.0,0.0,0.0,,,1000.0,0.0,Strategy not ready,,,,,,,,,,,,707.7099398439866,0.0,0.0,0.0,707.7099398439866,0.0,0.0,0.0,,,,,,
2024-01-04 14:00:00,43346.67,43753.15,43250.0,43676.07,2649.8067,0.0001,68,0.0,0.0,NOT_READY,,1000.0,0.0,0.0,,,1000.0,0.0,Strategy not ready,,,,,,,,,,,,707.7099398439866,0.0,0.0,0.0,707.7099398439866,0.0,0.0,0.0,,,,,,
2024-01-04 15:00:00,43676.07,44329.99,43608.0,44051.1,5051.47874,0.0001,68,0.0,0.0,NOT_READY,,1000.0,0.0,0.0,,,1000.0,0.0,Strategy not ready,,,,,,,,,,,,707.7099398439866,0.0,0.0,0.0,707.7099398439866,0.0,0.0,0.0,,,,,,
2024-01-04 16:00:00,44051.1,44134.8,43777.86,43915.71,2764.45038,0.0001,68,0.0,0.0,NOT_READY,,1000.0,0.0,0.0,,,1000.0,0.0,Strategy not ready,,,,,,,,,,,,707.7099398439866,0.0,0.0,0.0,707.7099398439866,0.0,0.0,0.0,,,,,,
2024-01-04 17:00:00,43915.7,44225.75,43827.69,43990.01,2510.89188,0.0001,68,0.0,0.0,NOT_READY,,1000.0,0.0,0.0,,,1000.0,0.0,Strategy not ready,,,,,,,,,,,,707.7099398439866,0.0,0.0,0.0,707.7099398439866,0.0,0.0,0.0,,,,,,
2024-01-04 18:00:00,43990.01,44152.09,43881.31,44048.96,1520.18678,0.0001,68,0.0,0.0,NOT_READY,,1000.0,0.0,0.0,,,1000.0,0.0,Strategy not ready,,,,,,,,,,,,707.7099398439866,0.0,0.0,0.0,707.7099398439866,0.0,0.0,0.0,,,,,,
2024-01-04 19:00:00,44048.95,44437.5,43910.01,43956.48,2603.99272,0.0001,68,0.0,0.0,NOT_READY,,1000.0,0.0,0.0,,,1000.0,0.0,Strategy not ready,,,,,,,,,,,,707.7099398439866,0.0,0.0,0.0,707.7099398439866,0.0,0.0,0.0,,,,,,
2024-01-04 20:00:00,43956.48,44690.0,43890.9,44113.68,3043.38975,0.0001,68,0.0,0.0,NOT_READY,,1000.0,0.0,0.0,,,1000.0,0.0,Strategy not ready,,,,,,,,,,,,707.7099398439866,0.0,0.0,0.0,707.7099398439866,0.0,0.0,0.0,,,,,,
2024-01-04 21:00:00,44113.68,44589.04,44113.67,44430.86,2538.90479,0.0001,68,0.0,0.0,NOT_READY,,1000.0,0.0,0.0,,,1000.0,0.0,Strategy not ready,,,,,,,,,,,,707.7099398439866,0.0,0.0,0.0,707.7099398439866,0.0,0.0,0.0,,,,,,
2024-01-04 22:00:00,44430.86,44729.58,44150.64,44318.0,2470.81905,0.0001,68,0.0,0.0,NOT_READY,,1000.0,0.0,0.0,,,1000.0,0.0,Strategy not ready,,,,,,,,,,,,707.7099398439866,0.0,0.0,0.0,707.7099398439866,0.0,0.0,0.0,,,,,,
2024-01-04 23:00:00,44318.01,44355.22,44050.0,44151.1,1308.47343,0.0001,68,0.0,0.0,NOT_READY,,1000.0,0.0,0.0,,,1000.0,0.0,Strategy not ready,,,,,,,,,,,,707.7099398439866,0.0,0.0,0.0,707.7099398439866,0.0,0.0,0.0,,,,,,
2024-01-05 00:00:00,44151.1,44248.47,43950.84,44211.1,1764.77429,0.0001,72,0.0,0.0,NOT_READY,,1000.0,0.0,0.0,,,1000.0,0.0,Strategy not ready,,,,,,,,,,,,707.7099398439866,0.0,0.0,0.0,707.7099398439866,0.0,0.0,0.0,,,,,,
2024-01-05 01:00:00,44211.1,44284.0,42450.0,43376.0,5302.04832,0.0001,72,0.0,0.0,NOT_READY,,1000.0,0.0,0.0,,,1000.0,0.0,Strategy not ready,,,,,,,,,,,,707.7099398439866,0.0,0.0,0.0,707.7099398439866,0.0,0.0,0.0,,,,,,
2024-01-05 02:00:00,43376.0,43972.86,43302.0,43506.0,3111.00846,0.0001,72,0.0,0.0,NOT_READY,,1000.0,0.0,0.0,,,1000.0,0.0,Strategy not ready,,,,,,,,,,,,707.7099398439866,0.0,0.0,0.0,707.7099398439866,0.0,0.0,0.0,,,,,,
2024-01-05 03:00:00,43506.01,43770.0,43409.79,43465.21,1543.67157,0.0001,72,0.0,0.0,NOT_READY,,1000.0,0.0,0.0,,,1000.0,0.0,Strategy not ready,,,,,,,,,,,,707.7099398439866,0.0,0.0,0.0,707.7099398439866,0.0,0.0,0.0,,,,,,
2024-01-05 04:00:00,43465.21,43629.99,43187.89,43589.88,1790.05634,0.0001,72,0.0,0.0,NOT_READY,,1000.0,0.0,0.0,,,1000.0,0.0,Strategy not ready,,,,,,,,,,,,707.7099398439866,0.0,0.0,0.0,707.7099398439866,0.0,0.0,0.0,,,,,,
2024-01-05 05:00:00,43589.87,43723.13,43507.48,43644.15,947.34888,0.0001,72,0.0,0.0,NOT_READY,,1000.0,0.0,0.0,,,1000.0,0.0,Strategy not ready,,,,,,,,,,,,707.7099398439866,0.0,0.0,0.0,707.7099398439866,0.0,0.0,0.0,,,,,,
2024-01-05 06:00:00,43644.16,43926.0,43578.08,43844.82,1112.36781,0.0001,72,0.0,0.0,NOT_READY,,1000.0,0.0,0.0,,,1000.0,0.0,Strategy not ready,,,,,,,,,,,,707.7099398439866,0.0,0.0,0.0,707.7099398439866,0.0,0.0,0.0,,,,,,
2024-01-05 07:00:00,43845.08,43926.0,43715.93,43777.47,1099.83728,0.0001,72,0.0,0.0,NOT_READY,,1000.0,0.0,0.0,,,1000.0,0.0,Strategy not ready,,,,,,,,,,,,707.7099398439866,0.0,0.0,0.0,707.7099398439866,0.0,0.0,0.0,,,,,,
2024-01-05 08:00:00,43777.48,43947.99,43771.1,43911.44,989.5563,0.0001,72,0.0,0.0,trending,,1000.0,0.0,0.0,,,1000.0,0.0,,trending,0.0,{},,1.0,,,,,,,707.7099398439866,0.0,0.0,0.0,707.7099398439866,0.0,0.0,0.0,-1.0248082219748051e-07,0.0,1.0,0.0,,
2024-01-05 09:00:00,43911.44,44324.8,43911.44,44147.21,2628.68996,0.0001,72,0.0,0.0,trending,,1000.0,0.0,0.0,,,1000.0,0.0,,trending,0.0,{},,2.0,,,,,,,707.7099398439866,0.0,0.0,0.0,707.7099398439866,0.0,0.0,0.0,-2.1446459495786778e-07,0.0,1.0,0.0,,
2024-01-05 10:00:00,44147.22,44157.03,43433.0,43628.18,1876.88721,0.0001,72,0.0,0.0,trending,,1000.0,0.0,0.0,,,1000.0,0.0,,trending,0.0,{},,3.0,,,,,,,707.7099398439866,0.0,0.0,0.0,707.7099398439866,0.0,0.0,0.0,5.442358958331756e-08,0.0,1.0,0.0,,
2024-01-05 11:00:00,43628.19,43916.8,43605.36,43771.34,1560.50376,0.0001,72,0.0,0.0,trending,,1000.0,0.0,0.0,,,1000.0,0.0,,trending,0.0,{},,4.0,,,,,,,707.7099398439866,0.0,0.0,0.0,707.7099398439866,0.0,0.0,0.0,-1.980996794596942e-08,0.0,1.0,0.0,,
2024-01-05 12:00:00,43771.34,44110.07,43616.0,43882.52,1865.99113,0.0001,72,0.0,0.0,trending,,1000.0,0.0,0.0,,,1000.0,0.0,,trending,0.0,{},,5.0,,,,,,,707.7099398439866,0.0,0.0,0.0,707.7099398439866,0.0,0.0,0.0,-8.407649684540444e-08,0.0,1.0,0.0,,
2024-01-05 13:00:00,43882.52,44096.49,43721.06,43986.01,1994.26258,0.0001,72,0.0,0.0,trending,,1000.0,0.0,0.0,,,1000.0,0.0,,trending,0.0,{},,6.0,,,,,,,707.7099398439866,0.0,0.0,0.0,707.7099398439866,0.0,0.0,0.0,-1.5281931174310958e-07,0.0,1.0,0.0,,
2024-01-05 14:00:00,43986.01,44062.36,43100.0,43486.04,3583.28008,0.0001,72,0.0,0.0,trending,,1000.0,0.0,0.0,,,1000.0,0.0,,trending,0.0,{},,7.0,,,,,,,707.7099398439866,0.0,0.0,0.0,707.7099398439866,0.0,0.0,0.0,1.5533089894685957e-07,0.0,1.0,0.0,,
2024-01-05 15:00:00,43488.21,43801.1,43355.54,43500.01,2600.74661,0.0001,72,0.0,0.0,trending,,1000.0,0.0,0.0,,,1000.0,0.0,,trending,0.0,{},,8.0,,,,,,,707.7099398439866,0.0,0.0,0.0,707.7099398439866,0.0,0.0,0.0,1.4208256399758307e-07,0.0,1.0,0.0,,
2024-01-05 16:00:00,43500.01,43592.64,43220.0,43225.99,2401.19219,0.0001,72,0.0,0.0,trending,,1000.0,0.0,0.0,,,1000.0,0.0,,trending,0.0,{},,9.0,,,,,,,707.7099398439866,0.0,0.0,0.0,707.7099398439866,0.0,0.0,0.0,2.605084787227838e-07,0.0,1.0,0.0,,
2024-01-05 17:00:00,43225.99,43627.57,43100.46,43609.53,2540.97502,0.0001,72,0.0,0.0,trending,,1000.0,0.0,0.0,,,1000.0,0.0,,trending,0.0,{},,10.0,,,,,,,707.7099398439866,0.0,0.0,0.0,707.7099398439866,0.0,0.0,0.0,3.9290097067014154e-08,0.0,1.0,0.0,,
2024-01-05 18:00:00,43609.52,43690.12,43418.0,43610.07,1274.08655,0.0001,72,0.0,0.0,trending,,1000.0,0.0,0.0,,,1000.0,0.0,,trending,0.0,{},,11.0,,,,,,,707.7099398439866,0.0,0.0,0.0,707.7099398439866,0.0,0.0,0.0,3.916880958398175e-08,0.0,1.0,0.0,,
2024-01-05 19:00:00,43610.08,43808.07,43520.15,43600.0,1243.82237,0.0001,72,0.0,0.0,trending,,1000.0,0.0,0.0,,,1000.0,0.0,,trending,0.0,{},,12.0,,,,,,,707.7099398439866,0.0,0.0,0.0,707.7099398439866,0.0,0.0,0.0,4.457313482940378e-08,0.0,1.0,0.0,,
2024-01-05 20:00:00,43600.0,44357.46,43599.99,43955.07,2500.69771,0.0001,72,0.0,0.0,trending,,1000.0,0.0,0.0,,,1000.0,0.0,,trending,0.0,{},,13.0,,,,,,,707.7099398439866,0.0,0.0,0.0,707.7099398439866,0.0,0.0,0.0,-1.4843196862120915e-07,0.0,1.0,0.0,,
2024-01-05 21:00:00,43955.07,43971.1,43580.51,43946.26,1609.24913,0.0001,72,0.0,0.0,trending,,1000.0,0.0,0.0,,,1000.0,0.0,,trending,0.0,{},,14.0,,,,,,,707.7099398439866,0.0,0.0,0.0,707.7099398439866,0.0,0.0,0.0,-1.5803209884696866e-07,0.0,1.0,0.0,,
2024-01-05 22:00:00,43946.26,44048.64,43764.42,43967.44,1024.55085,0.0001,72,0.0,0.0,trending,,1000.0,0.0,0.0,,,1000.0,0.0,,trending,0.0,{},,15.0,,,,,,,707.7099398439866,0.0,0.0,0.0,707.7099398439866,0.0,0.0,0.0,-1.851667767526669e-07,0.0,1.0,0.0,,
2024-01-05 23:00:00,43967.44,44318.61,43967.44,44145.11,1709.64887,0.0001,72,17.344368703060645,0.0,trending,,1000.0,0.0,1.7344368703060646,True,True,998.2655631296939,1.7357129179168602,,trending,17.344368703060645,{},,16.0,BTCUSDT,2024-01-05 23:00:00,BTCUSDT,44145.11,0.03928944497603618,LONG,707.7099398439866,0.0,0.0,0.0,707.7099398439866,0.0,0.0,0.0,-2.9934148519900686e-07,17.344368703060645,1.0,17.344368703060645,True,True
2024-01-06 00:00:00,44145.12,44214.42,43975.0,44068.8,879.60338,0.0001,70,0.0,0.0,trending,,995.2703837611189,1.7379269817420204,-1.7379269817420204,True,True,993.5406765070518,0.0,,trending,-17.344368703060645,{},,17.0,BTCUSDT,2024-01-06 00:00:00,BTCUSDT,44068.8,0.03925015553106015,CLOSE,707.7099398439866,0.0,0.0,0.0,707.7099398439866,0.0,0.0,0.0,-2.4149709184367803e-07,0.0,1.0,0.0,True,True
2024-01-06 01:00:00,44068.79,44094.4,43906.19,43970.64,857.49986,0.0001,70,0.0,0.0,trending,,993.5406765070518,0.0,0.0,,,993.5406765070518,0.0,,trending,0.0,{},,18.0,,,,,,,707.7099398439866,0.0,0.0,0.0,707.7099398439866,0.0,0.0,0.0,-1.5706310315850203e-07,0.0,1.0,0.0,,
2024-01-06 02:00:00,43970.65,44009.24,43823.06,43909.31,718.07637,0.0001,70,0.0,0.0,trending,,993.5406765070518,0.0,0.0,,,993.5406765070518,0.0,,trending,0.0,{},,19.0,,,,,,,707.7099398439866,0.0,0.0,0.0,707.7099398439866,0.0,0.0,0.0,-1.0109168113612497e-07,0.0,1.0,0.0,,
2024-01-06 03:00:00,43909.31,44018.57,43812.5,43931.1,668.28232,0.0001,70,0.0,0.0,trending,,993.5406765070518,0.0,0.0,,,993.5406765070518,0.0,,trending,0.0,{},,20.0,,,,,,,707.7099398439866,0.0,0.0,0.0,707.7099398439866,0.0,0.0,0.0,-1.2454642893847926e-07,0.0,1.0,0.0,,
2024-01-06 04:00:00,43931.1,43971.1,43832.0,43850.0,422.35739,0.0001,70,0.0,0.0,trending,,993.5406765070518,0.0,0.0,,,993.5406765070518,0.0,,trending,0.0,{},,21.0,,,,,,,707.7099398439866,0.0,0.0,0.0,707.7099398439866,0.0,0.0,0.0,-3.8260752149833446e-08,0.0,1.0,0.0,,
2024-01-06 05:00:00,43850.01,43871.1,43588.0,43698.72,1174.66016,0.0001,70,0.0,0.0,trending,,993.5406765070518,0.0,0.0,,,993.5406765070518,0.0,,trending,0.0,{},,22.0,,,,,,,707.7099398439866,0.0,0.0,0.0,707.7099398439866,0.0,0.0,0.0,1.205895486384584e-07,0.0,1.0,0.0,,
2024-01-06 06:00:00,43698.72,43700.34,43425.0,43454.7,1659.55792,0.0001,70,-19.301128052851965,0.0,trending,,993.5406765070518,0.0,-1.9301128052851966,True,True,991.6230309247537,-1.9338453449489237,,trending,-19.301128052851965,{},,23.0,BTCUSDT,2024-01-06 06:00:00,BTCUSDT,43454.7,0.04412976231104985,SHORT,707.7099398439866,0.0,0.0,0.0,707.7099398439866,0.0,0.0,0.0,3.313739099084031e-07,-19.301128052851965,1.0,-19.301128052851965,True,True
2024-01-06 07:00:00,43454.7,43668.02,43397.05,43653.2,986.22209,0.0001,70,0.0,0.0,trending,,982.8632731060102,-1.9599932084438991,1.9599932084438991,True,True,980.9349394322196,0.0,,trending,19.301128052851965,{},,24.0,BTCUSDT,2024-01-06 07:00:00,BTCUSDT,43653.2,-0.04412976231104985,CLOSE,707.7099398439866,0.0,0.0,0.0,707.7099398439866,0.0,0.0,0.0,1.1678084240720868e-07,0.0,1.0,0.0,True,True
2024-01-06 08:00:00,43653.2,43744.37,43551.28,43692.33,813.66676,0.0001,70,0.0,0.0,trending,,980.9349394322196,0.0,0.0,,,980.9349394322196,0.0,,trending,0.0,{},,25.0,,,,,,,707.7099398439866,0.0,0.0,0.0,707.7099398439866,0.0,0.0,0.0,7.720073844513528e-08,0.0,1.0,0.0,,
2024-01-06 09:00:00,43692.33,43756.0,43636.7,43651.9,562.07964,0.0001,70,0.0,0.0,trending,,980.9349394322196,0.0,0.0,,,980.9349394322196,0.0,,trending,0.0,{},,26.0,,,,,,,707.7099398439866,0.0,0.0,0.0,707.7099398439866,0.0,0.0,0.0,1.2287140271184336e-07,0.0,1.0,0.0,,
2024-01-06 10:00:00,43651.9,43771.1,43584.0,43694.48,677.68295,0.0001,70,0.0,0.0,trending,,980.9349394322196,0.0,0.0,,,980.9349394322196,0.0,,trending,0.0,{},,27.0,,,,,,,707.7099398439866,0.0,0.0,0.0,707.7099398439866,0.0,0.0,0.0,7.25223255195349e-08,0.0,1.0,0.0,,
2024-01-06 11:00:00,43694.47,43705.23,43616.02,43671.96,396.12062,0.0001,70,0.0,0.0,trending,,980.9349394322196,0.0,0.0,,,980.9349394322196,0.0,,trending,0.0,{},,28.0,,,,,,,707.7099398439866,0.0,0.0,0.0,707.7099398439866,0.0,0.0,0.0,9.828650604158403e-08,0.0,1.0,0.0,,
2024-01-06 12:00:00,43671.97,43750.0,43527.27,43607.96,531.76575,0.0001,70,0.0,0.0,trending,,980.9349394322196,0.0,0.0,,,980.9349394322196,0.0,,trending,0.0,{},,29.0,,,,,,,707.7099398439866,0.0,0.0,0.0,707.7099398439866,0.0,0.0,0.0,1.7364848258167152e-07,0.0,1.0,0.0,,
2024-01-06 13:00:00,43607.95,43740.27,43542.0,43704.07,473.0935,0.0001,70,0.0,0.0,trending,,980.9349394322196,0.0,0.0,,,980.9349394322196,0.0,,trending,0.0,{},,30.0,,,,,,,707.7099398439866,0.0,0.0,0.0,707.7099398439866,0.0,0.0,0.0,4.394676965006421e-08,0.0,1.0,0.0,,
2024-01-06 14:00:00,43704.08,43920.08,43703.41,43828.21,998.40603,0.0001,70,0.0,0.0,trending,,980.9349394322196,0.0,0.0,,,980.9349394322196,0.0,,trending,0.0,{},,31.0,,,,,,,707.7099398439866,0.0,0.0,0.0,707.7099398439866,0.0,0.0,0.0,-1.2079872617817085e-07,0.0,1.0,0.0,,
2024-01-06 15:00:00,43828.2,43898.0,43791.1,43867.17,606.8731,0.0001,70,0.0,0.0,trending,,980.9349394322196,0.0,0.0,,,980.9349394322196,0.0,,trending,0.0,{},,32.0,,,,,,,707.7099398439866,0.0,0.0,0.0,707.7099398439866,0.0,0.0,0.0,-1.755868370056908e-07,0.0,1.0,0.0,,
2024-01-06 16:00:00,43867.17,43978.78,43828.5,43872.34,762.52286,0.0001,70,0.0,0.0,trending,,980.9349394322196,0.0,0.0,,,980.9349394322196,0.0,,trending,0.0,{},,33.0,,,,,,,707.7099398439866,0.0,0.0,0.0,707.7099398439866,0.0,0.0,0.0,-2.175694876910522e-07,0.0,1.0,0.0,,
2024-01-06 17:00:00,43872.35,44000.0,43842.97,43963.72,618.69382,0.0001,70,20.0,0.0,trending,,980.9349394322196,0.0,2.0,True,True,978.9730695533551,2.002004008016032,,trending,20.0,{},,34.0,BTCUSDT,2024-01-06 17:00:00,BTCUSDT,43963.72,0.04462474692461055,LONG,707.7099398439866,0.0,0.0,0.0,707.7099398439866,0.0,0.0,0.0,-3.7069626703410754e-07,21.92309124074997,1.0,21.92309124074997,True,True
2024-01-06 18:00:00,43963.73,44148.58,43884.04,43995.89,883.24997,0.0001,70,20.0,0.0,trending,,980.4072120838111,2.0005382736294717,-0.000538273629471675,False,,980.4072120838111,2.0005382736294717,,trending,0.0,{},,35.0,BTCUSDT,2024-01-06 18:00:00,,,,,707.7099398439866,0.0,0.0,0.0,707.7099398439866,0.0,0.0,0.0,-4.255370295837191e-07,24.841599931245955,1.0,24.841599931245955,True,False
2024-01-06 19:00:00,43995.89,44017.46,43830.88,43906.36,706.77767,0.0001,70,0.0,0.0,trending,,976.4159537452431,2.0046281358571036,-2.0046281358571036,True,True,974.4586028520657,0.0,,trending,-20.0,{},,36.0,BTCUSDT,2024-01-06 19:00:00,BTCUSDT,43906.36,0.044580122177685935,CLOSE,707.7099398439866,0.0,0.0,0.0,707.7099398439866,0.0,0.0,0.0,-2.325797325446911e-07,0.0,1.0,0.0,True,True
2024-01-06 20:00:00,43906.35,43961.33,43611.19,43826.44,727.31918,0.0001,70,0.0,0.0,trending,,974.4586028520657,0.0,0.0,,,974.4586028520657,0.0,,trending,0.0,{},,37.0,,,,,,,707.7099398439866,0.0,0.0,0.0,707.7099398439866,0.0,0.0,0.0,-5.722388102581109e-08,0.0,1.0,0.0,,
2024-01-06 21:00:00,43826.45,43935.21,43723.76,43889.43,583.21345,0.0001,70,0.0,0.0,trending,,974.4586028520657,0.0,0.0,,,974.4586028520657,0.0,,trending,0.0,{},,38.0,,,,,,,707.7099398439866,0.0,0.0,0.0,707.7099398439866,0.0,0.0,0.0,-1.8870691090889967e-07,0.0,1.0,0.0,,
2024-01-06 22:00:00,43889.43,43928.0,43740.0,43878.61,480.5904,0.0001,70,0.0,0.0,trending,,974.4586028520657,0.0,0.0,,,974.4586028520657,0.0,,trending,0.0,{},,39.0,,,,,,,707.7099398439866,0.0,0.0,0.0,707.7099398439866,0.0,0.0,0.0,-1.6489974853017866e-07,0.0,1.0,0.0,,
2024-01-06 23:00:00,43878.62,43980.0,43732.5,43968.32,646.74625,0.0001,70,20.0,0.0,trending,,974.4586028520657,0.0,2.0,True,True,972.5096856463615,2.002004008016032,,trending,20.0,{},,40.0,BTCUSDT,2024-01-06 23:00:00,BTCUSDT,43968.32,0.044325487207701623,LONG,707.7099398439866,0.0,0.0,0.0,707.7099398439866,0.0,0.0,0.0,-3.8639120869196863e-07,22.369352447988557,1.0,22.369352447988557,True,True
2024-01-07 00:00:00,43968.32,44259.29,43915.56,44119.11,1359.49776,0.0001,71,20.0,0.0,trending,,979.1868420221949,1.9951712594908193,0.004828740509180696,False,,979.1868420221949,1.9951712594908193,,trending,0.0,{},,41.0,BTCUSDT,2024-01-07 00:00:00,,,,,707.7099398439866,0.0,0.0,0.0,707.7099398439866,0.0,0.0,0.0,-6.755201364358554e-07,38.19656873422343,1.0,38.19656873422343,True,False
2024-01-07 01:00:00,44119.11,44160.0,43963.89,43967.72,668.136,0.0001,71,15.22442129867511,0.0,trending,,972.4831169493293,2.00203138323772,-0.47958925337020886,True,True,972.0167244973566,1.523172627090491,,trending,-4.775578701324889,{},,42.0,BTCUSDT,2024-01-07 01:00:00,BTCUSDT,43967.72,0.010607610582783514,REDUCE_LONG,707.7099398439866,0.0,0.0,0.0,707.7099398439866,0.0,0.0,0.0,-2.704073672650618e-07,15.22442129867511,1.0,15.22442129867511,True,True
2024-01-07 02:00:00,43967.71,44089.1,43833.4,43930.28,741.95675,0.0001,71,0.0,0.0,trending,,970.7559867427606,1.5238520805186975,-1.5238520805186975,True,True,969.2766982126866,0.0,,trending,-15.22442129867511,{},,43.0,BTCUSDT,2024-01-07 02:00:00,BTCUSDT,43930.28,0.03367355113771041,CLOSE,707.7099398439866,0.0,0.0,0.0,707.7099398439866,0.0,0.0,0.0,-1.7618347399577196e-07,0.0,1.0,0.0,True,True
2024-01-07 03:00:00,43930.28,44034.92,43904.18,43940.41,627.84726,0.0001,71,0.0,0.0,trending,,969.2766982126866,0.0,0.0,,,969.2766982126866,0.0,,trending,0.0,{},,44.0,,,,,,,707.7099398439866,0.0,0.0,0.0,707.7099398439866,0.0,0.0,0.0,-1.9898747999532745e-07,0.0,1.0,0.0,,
2024-01-07 04:00:00,43940.41,44035.9,43885.24,44000.0,545.34387,0.0001,71,18.31366670095023,0.0,trending,,969.2766982126866,0.0,1.8313666700950229,True,True,967.5015971734799,1.8328920007449763,,trending,18.31366670095023,{},,45.0,BTCUSDT,2024-01-07 04:00:00,BTCUSDT,44000.0,0.0403432054365106,LONG,707.7099398439866,0.0,0.0,0.0,707.7099398439866,0.0,0.0,0.0,-3.2774876942658526e-07,18.31366670095023,1.0,18.31366670095023,True,True
2024-01-07 05:00:00,44000.01,44067.84,43843.52,43885.47,519.68969,0.0001,71,0.0,0.0,trending,,962.8857103621551,1.8368847229965617,-1.8368847229965617,True,True,961.1170003107991,0.0,,trending,-18.31366670095023,{},,46.0,BTCUSDT,2024-01-07 05:00:00,BTCUSDT,43885.47,0.040302862231074085,CLOSE,707.7099398439866,0.0,0.0,0.0,707.7099398439866,0.0,0.0,0.0,-2.6943914709666982e-08,0.0,1.0,0.0,True,True
2024-01-07 06:00:00,43885.48,44088.01,43858.0,44022.0,705.67701,0.0001,71,20.0,0.0,trending,,961.1170003107991,0.0,2.0,True,True,959.1947663101773,2.0020040080160326,,trending,20.0,{},,47.0,BTCUSDT,2024-01-07 06:00:00,BTCUSDT,44022.0,0.04366530372590065,LONG,707.7099398439866,0.0,0.0,0.0,707.7099398439866,0.0,0.0,0.0,-3.7923019452305185e-07,21.145766132936036,1.0,21.145766132936036,True,True
2024-01-07 07:00:00,44021.99,44100.0,43991.1,44080.0,576.4073,0.0001,71,20.0,0.0,trending,,961.7248213386633,1.9993679886237958,0.0006320113762041668,False,,961.7248213386633,1.9993679886237958,,trending,0.0,{},,48.0,BTCUSDT,2024-01-07 07:00:00,,,,,707.7099398439866,0.0,0.0,0.0,707.7099398439866,0.0,0.0,0.0,-5.132583978475301e-07,28.211944582885756,1.0,28.211944582885756,True,False
2024-01-07 08:00:00,44080.0,44167.81,44000.0,44017.99,866.45352,0.0001,71,17.81654006127455,0.0,trending,,959.0198435401041,2.002186770987922,-0.2205327648604669,True,True,958.8083482424521,1.7820470058807736,,trending,-2.1834599387254485,{},,49.0,BTCUSDT,2024-01-07 08:00:00,BTCUSDT,44017.99,0.004804746824013354,REDUCE_LONG,707.7099398439866,0.0,0.0,0.0,707.7099398439866,0.0,0.0,0.0,-3.2611137731918284e-07,17.81654006127455,1.0,17.81654006127455,True,True
2024-01-07 09:00:00,44018.0,44065.0,43880.65,43938.9,745.22164,0.0001,71,0.0,0.0,trending,,955.7383202859538,1.7845591016295674,-1.7845591016295674,True,True,954.0327487677113,0.0,,trending,-17.81654006127455,{},,50.0,BTCUSDT,2024-01-07 09:00:00,BTCUSDT,43938.9,0.03881689159816139,CLOSE,707.7099398439866,0.0,0.0,0.0,707.7099398439866,0.0,0.0,0.0,-9.213224361817264e-08,0.0,1.0,0.0,True,True
2024-01-07 10:00:00,43938.9,43996.0,43906.91,43960.0,673.28346,0.0001,71,0.0,0.0,trending,,954.0327487677113,0.0,0.0,,,954.0327487677113,0.0,,trending,0.0,{},,51.0,,,,,,,707.7099398439866,0.0,0.0,0.0,707.7099398439866,0.0,0.0,0.0,-1.6586452477638993e-07,0.0,1.0,0.0,,
2024-01-07 11:00:00,43960.0,44118.19,43959.1,44061.1,738.77639,0.0001,71,20.0,0.0,trending,,954.0327487677113,0.0,2.0,True,True,952.1246832701758,2.002004008016032,,trending,20.0,{},,52.0,BTCUSDT,2024-01-07 11:00:00,BTCUSDT,44061.1,0.04330499006006256,LONG,707.7099398439866,0.0,0.0,0.0,707.7099398439866,0.0,0.0,0.0,-5.119738046232894e-07,27.71934190690837,1.0,27.71934190690837,True,True
2024-01-07 12:00:00,44061.1,44139.43,43969.62,44088.63,637.81941,0.0001,71,20.0,0.0,trending,,953.3156774601529,2.0007521866308426,-0.0007521866308426439,False,,953.3156774601529,2.0007521866308426,,trending,0.0,{},,53.0,BTCUSDT,2024-01-07 12:00:00,,,,,707.7099398439866,0.0,0.0,0.0,707.7099398439866,0.0,0.0,0.0,-7.091768766443075e-07,37.59954921632677,1.0,37.59954921632677,True,False
2024-01-07 13:00:00,44088.63,44449.98,44082.66,44409.31,2234.29499,0.0001,71,20.0,0.0,trending,,967.1888346284012,1.9863976036636686,0.013602396336331424,False,,967.1888346284012,1.9863976036636686,,trending,0.0,{},,54.0,BTCUSDT,2024-01-07 13:00:00,,,,,707.7099398439866,0.0,0.0,0.0,707.7099398439866,0.0,0.0,0.0,-1.2968521484477449e-06,65.88948907362676,1.0,65.88948907362676,True,False
2024-01-07 14:00:00,44409.31,44480.59,44277.12,44402.0,1427.92526,0.0001,71,20.0,0.0,trending,,966.8725917105397,1.9867202327867077,0.01327976721329227,False,,966.8725917105397,1.9867202327867077,,trending,0.0,{},,55.0,BTCUSDT,2024-01-07 14:00:00,,,,,707.7099398439866,0.0,0.0,0.0,707.7099398439866,0.0,0.0,0.0,-1.0631014808346876e-06,52.32004342991832,1.0,52.32004342991832,True,False
2024-01-07 15:00:00,44402.0,44431.1,43945.15,44047.57,1672.94945,0.0001,71,0.0,0.0,trending,,951.5393526711786,2.0026203814792662,-2.0026203814792662,True,True,949.6337805697398,0.0,,trending,-20.0,{},,56.0,BTCUSDT,2024-01-07 15:00:00,BTCUSDT,44047.57,0.0432616850700025,CLOSE,707.7099398439866,0.0,0.0,0.0,707.7099398439866,0.0,0.0,0.0,-9.772263214768027e-08,0.0,1.0,0.0,True,True
2024-01-07 16:00:00,44047.57,44185.0,43857.14,43922.0,1260.33931,0.0001,71,0.0,0.0,trending,,949.6337805697398,0.0,0.0,,,949.6337805697398,0.0,,trending,0.0,{},,57.0,,,,,,,707.7099398439866,0.0,0.0,0.0,707.7099398439866,0.0,0.0,0.0,1.7120347843104857e-07,0.0,1.0,0.0,,
2024-01-07 17:00:00,43922.0,44110.15,43700.0,44064.84,1223.59528,0.0001,71,0.0,0.0,trending,,949.6337805697398,0.0,0.0,,,949.6337805697398,0.0,,trending,0.0,{},,58.0,,,,,,,707.7099398439866,0.0,0.0,0.0,707.7099398439866,0.0,0.0,0.0,-1.358533038812269e-07,0.0,1.0,0.0,,
2024-01-07 18:00:00,44064.83,44176.04,44035.25,44106.11,546.77236,0.0001,71,0.0,0.0,trending,,949.6337805697398,0.0,0.0,,,949.6337805697398,0.0,,trending,0.0,{},,59.0,,,,,,,707.7099398439866,0.0,0.0,0.0,707.7099398439866,0.0,0.0,0.0,-2.180892245343113e-07,0.0,1.0,0.0,,
2024-01-07 19:00:00,44106.11,44262.53,44041.27,44244.77,560.18451,0.0001,71,20.0,0.0,trending,,949.6337805697398,0.0,2.0,True,True,947.7345130086002,2.002004008016032,,trending,20.0,{},,60.0,BTCUSDT,2024-01-07 19:00:00,BTCUSDT,44244.77,0.04292637437463184,LONG,707.7099398439866,0.0,0.0,0.0,707.7099398439866,0.0,0.0,0.0,-4.6707777204160836e-07,22.927805561069516,1.0,22.927805561069516,True,True
2024-01-07 20:00:00,44244.77,44269.92,44120.0,44120.01,527.84094,0.0001,71,0.0,0.0,trending,,942.3843740360884,2.0076926217511475,-2.0076926217511475,True,True,940.4923558814825,0.0,,trending,-20.0,{},,61.0,BTCUSDT,2024-01-07 20:00:00,BTCUSDT,44120.01,0.04288344800025721,CLOSE,707.7099398439866,0.0,0.0,0.0,707.7099398439866,0.0,0.0,0.0,-1.9121662629626116e-07,0.0,1.0,0.0,True,True
2024-01-07 21:00:00,44120.01,44249.0,44110.45,44231.53,551.38125,0.0001,71,19.650164140496,0.0,trending,,940.4923558814825,0.0,1.9650164140495998,True,True,938.6442729648869,1.966916420687265,,trending,19.650164140496,{},,62.0,BTCUSDT,2024-01-07 21:00:00,BTCUSDT,44231.53,0.04178202555044537,LONG,707.7099398439866,0.0,0.0,0.0,707.7099398439866,0.0,0.0,0.0,-4.0287162374715635e-07,19.650164140496,1.0,19.650164140496,True,True
2024-01-07 22:00:00,44231.53,44231.54,43778.13,43862.85,1399.67049,0.0001,71,-15.706635982213852,0.0,trending,,923.2554799821288,1.98303295284137,-3.553696551062755,True,True,919.9745101671665,-1.5762651663064489,,trending,-35.35680012270985,{},,63.0,BTCUSDT,2024-01-07 22:00:00,BTCUSDT,43862.85,0.03306040930460156,SHORT,707.7099398439866,0.0,0.0,0.0,707.7099398439866,0.0,0.0,0.0,3.233108368764253e-07,-15.706635982213852,1.0,-15.706635982213852,True,True
2024-01-07 23:00:00,43862.85,44024.99,43572.09,43929.02,2212.7869,0.0001,71,0.0,0.0,trending,,917.7869028834812,-1.58240586893013,1.58240586893013,True,True,916.3331377367845,0.0,,trending,15.706635982213852,{},,64.0,BTCUSDT,2024-01-07 23:00:00,BTCUSDT,43929.02,-0.03306040930460156,CLOSE,707.7099398439866,0.0,0.0,0.0,707.7099398439866,0.0,0.0,0.0,1.8922181466921036e-07,0.0,1.0,0.0,True,True
2024-01-08 00:00:00,43929.01,43986.0,43625.18,43632.0,1712.48374,0.0001,71,-20.0,0.0,trending,,916.3331377367845,0.0,-2.0,True,True,914.5004714613108,-2.004008016032065,,trending,-20.0,{},,65.0,BTCUSDT,2024-01-08 00:00:00,BTCUSDT,43632.0,0.04200280242651194,SHORT,707.7099398439866,0.0,0.0,0.0,707.7099398439866,0.0,0.0,0.0,5.604227032340541e-07,-26.922916722220762,1.0,-26.922916722220762,True,True
2024-01-08 01:00:00,43632.0,43809.18,43610.25,43713.06,1111.57206,0.0001,71,-18.57773210492698,0.0,trending,,911.0957242966178,-2.015233936100119,0.15746072560742097,False,,911.0957242966178,-2.015233936100119,,trending,1.4222678950730199,{},,66.0,BTCUSDT,2024-01-08 01:00:00,,,,,707.7099398439866,0.0,0.0,0.0,707.7099398439866,0.0,0.0,0.0,3.8899622140997126e-07,-18.57773210492698,1.0,-18.57773210492698,True,False
2024-01-08 02:00:00,43713.07,43800.07,43175.0,43371.09,2425.01013,0.0001,71,-20.0,0.0,trending,,925.4594226424122,-1.9684356544677555,-0.03156434553224452,False,,925.4594226424122,-1.9684356544677555,,trending,-1.4222678950730199,{},,67.0,BTCUSDT,2024-01-08 02:00:00,,,,,707.7099398439866,0.0,0.0,0.0,707.7099398439866,0.0,0.0,0.0,6.035747247513488e-07,-28.463543877840998,1.0,-28.463543877840998,True,False
2024-01-08 03:00:00,43371.09,43568.85,43225.0,43518.2,2122.92505,0.0001,71,-17.74134399100508,0.0,trending,,919.2803903774479,-1.9883882824987913,0.21425388339828322,True,True,919.0832338273274,-1.774514976402653,,trending,2.258656008994919,{},,68.0,BTCUSDT,2024-01-08 03:00:00,BTCUSDT,43518.2,0.00452590855251959,REDUCE_SHORT,707.7099398439866,0.0,0.0,0.0,707.7099398439866,0.0,0.0,0.0,3.7818664575215375e-07,-17.74134399100508,1.0,-17.74134399100508,True,True
2024-01-08 04:00:00,43518.2,43610.68,43430.79,43599.26,1115.01613,0.0001,71,0.0,0.0,trending,,916.0453568099013,-1.7837160876998825,1.7837160876998825,True,True,914.4097563694561,0.0,,trending,17.74134399100508,{},,69.0,BTCUSDT,2024-01-08 04:00:00,BTCUSDT,43599.26,-0.037476893873992355,CLOSE,707.7099398439866,0.0,0.0,0.0,707.7099398439866,0.0,0.0,0.0,2.7270994797011195e-07,0.0,1.0,0.0,True,True
2024-01-08 05:00:00,43599.26,43650.0,43475.0,43641.74,1134.27526,0.0001,71,0.0,0.0,trending,,914.4097563694561,0.0,0.0,,,914.4097563694561,0.0,,trending,0.0,{},,70.0,,,,,,,707.7099398439866,0.0,0.0,0.0,707.7099398439866,0.0,0.0,0.0,2.1964060693752264e-07,0.0,1.0,0.0,,
2024-01-08 06:00:00,43641.74,44341.8,43584.87,43912.87,3381.02051,0.0001,71,0.0,0.0,trending,,914.4097563694561,0.0,0.0,,,914.4097563694561,0.0,,trending,0.0,{},,71.0,,,,,,,707.7099398439866,0.0,0.0,0.0,707.7099398439866,0.0,0.0,0.0,-3.943515499835266e-08,0.0,1.0,0.0,,
2024-01-08 07:00:00,43912.88,44074.99,43784.86,43974.55,1527.12031,0.0001,71,0.0,0.0,trending,,914.4097563694561,0.0,0.0,,,914.4097563694561,0.0,,trending,0.0,{},,72.0,,,,,,,707.7099398439866,0.0,0.0,0.0,707.7099398439866,0.0,0.0,0.0,-9.280297303947394e-08,0.0,1.0,0.0,,
2024-01-08 08:00:00,43974.55,44069.41,43851.1,43868.53,829.24271,0.0001,71,0.0,0.0,trending,,914.4097563694561,0.0,0.0,,,914.4097563694561,0.0,,trending,0.0,{},,73.0,,,,,,,707.7099398439866,0.0,0.0,0.0,707.7099398439866,0.0,0.0,0.0,7.610535845730507e-09,0.0,1.0,0.0,,
2024-01-08 09:00:00,43868.53,43920.14,43641.73,43720.46,1124.68124,0.0001,71,0.0,0.0,trending,,914.4097563694561,0.0,0.0,,,914.4097563694561,0.0,,trending,0.0,{},,74.0,,,,,,,707.7099398439866,0.0,0.0,0.0,707.7099398439866,0.0,0.0,0.0,1.3805656378088807e-07,0.0,1.0,0.0,,
2024-01-08 10:00:00,43720.45,44128.19,43689.26,44088.85,1256.15965,0.0001,71,0.0,0.0,trending,,914.4097563694561,0.0,0.0,,,914.4097563694561,0.0,,trending,0.0,{},,75.0,,,,,,,707.7099398439866,0.0,0.0,0.0,707.7099398439866,0.0,0.0,0.0,-1.7417981512005922e-07,0.0,1.0,0.0,,
2024-01-08 11:00:00,44088.86,44688.0,43950.0,44635.99,3426.18407,0.0001,71,20.0,0.0,trending,,914.4097563694561,0.0,2.0,True,True,912.5809368567172,2.0020040080160317,,trending,20.0,{},,76.0,BTCUSDT,2024-01-08 11:00:00,BTCUSDT,44635.99,0.040971859540673616,LONG,707.7099398439866,0.0,0.0,0.0,707.7099398439866,0.0,0.0,0.0,-4.3539704399858404e-07,20.625782316135112,1.0,20.625782316135112,True,True
2024-01-08 12:00:00,44636.0,45200.0,44350.0,45111.09,7517.5607,0.0001,71,20.0,0.0,trending,,932.0272015940234,1.9810977134632586,0.01890228653674142,False,,932.0272015940234,1.9810977134632586,,trending,0.0,{},,77.0,BTCUSDT,2024-01-08 12:00:00,,,,,707.7099398439866,0.0,0.0,0.0,707.7099398439866,0.0,0.0,0.0,-4.773373951729526e-07,22.43351639349229,1.0,22.43351639349229,True,False
2024-01-08 13:00:00,45111.1,45179.14,44807.56,44911.58,3323.31376,0.0001,71,15.633734411625326,0.0,trending,,923.8610801927607,1.9897697564861885,-0.42639631532365585,True,True,923.4671492322955,1.564040342201465,,trending,-4.366265588374674,{},,78.0,BTCUSDT,2024-01-08 13:00:00,BTCUSDT,44911.58,0.008771255886903237,REDUCE_LONG,707.7099398439866,0.0,0.0,0.0,707.7099398439866,0.0,0.0,0.0,-3.3384290188708815e-07,15.633734411625326,1.0,15.633734411625326,True,True
2024-01-08 14:00:00,44911.58,45090.0,44724.37,44783.91,2288.27888,0.0001,71,0.0,0.0,trending,,919.3613290411263,1.5665593172252026,-1.5665593172252026,True,True,917.9210949852204,0.0,,trending,-15.633734411625326,{},,79.0,BTCUSDT,2024-01-08 14:00:00,BTCUSDT,44783.91,0.032159631794229704,CLOSE,707.7099398439866,0.0,0.0,0.0,707.7099398439866,0.0,0.0,0.0,-2.569058492767963e-07,0.0,1.0,0.0,True,True
2024-01-08 15:00:00,44783.9,45333.0,44667.22,44963.04,4083.38544,0.0001,71,0.0,0.0,trending,,917.9210949852204,0.0,0.0,,,917.9210949852204,0.0,,trending,0.0,{},,80.0,,,,,,,707.7099398439866,0.0,0.0,0.0,707.7099398439866,0.0,0.0,0.0,-2.805404615928205e-07,0.0,1.0,0.0,,
2024-01-08 16:00:00,44963.04,45171.42,44793.97,44940.3,2531.38293,0.0001,71,0.0,0.0,trending,,917.9210949852204,0.0,0.0,,,917.9210949852204,0.0,,trending,0.0,{},,81.0,,,,,,,707.7099398439866,0.0,0.0,0.0,707.7099398439866,0.0,0.0,0.0,-2.5430226926184967e-07,0.0,1.0,0.0,,
2024-01-08 17:00:00,44940.31,45668.88,44903.86,45648.0,4294.58934,0.0001,71,15.465370291612015,0.0,trending,,917.9210949852204,0.0,1.5465370291612015,True,True,916.5014960219776,1.5473835781339402,,trending,15.465370291612015,{},,82.0,BTCUSDT,2024-01-08 17:00:00,BTCUSDT,45648.0,0.03109882061082281,LONG,707.7099398439866,0.0,0.0,0.0,707.7099398439866,0.0,0.0,0.0,-3.3281321028148665e-07,15.465370291612015,1.0,15.465370291612015,True,True
2024-01-08 18:00:00,45648.01,46995.0,45648.0,46970.01,10702.46628,0.0001,71,0.0,0.0,trending,,957.5733349058557,1.5239054284097646,-1.5239054284097646,True,True,956.1140837026924,0.0,,trending,-15.465370291612015,{},,83.0,BTCUSDT,2024-01-08 18:00:00,BTCUSDT,46970.01,0.03106772179021199,CLOSE,707.7099398439866,0.0,0.0,0.0,707.7099398439866,0.0,0.0,0.0,-3.2360621518992507e-07,0.0,1.0,0.0,True,True
2024-01-08 19:00:00,46970.02,47248.99,46540.01,46979.35,6934.53877,0.0001,71,0.0,0.0,trending,,956.1140837026924,0.0,0.0,,,956.1140837026924,0.0,,trending,0.0,{},,84.0,,,,,,,707.7099398439866,0.0,0.0,0.0,707.7099398439866,0.0,0.0,0.0,-2.701446153738114e-07,0.0,1.0,0.0,,
2024-01-08 20:00:00,46979.36,47143.15,46709.92,46774.01,3446.6373,0.0001,71,0.0,0.0,trending,,956.1140837026924,0.0,0.0,,,956.1140837026924,0.0,,trending,0.0,{},,85.0,,,,,,,707.7099398439866,0.0,0.0,0.0,707.7099398439866,0.0,0.0,0.0,-2.1061076740753945e-07,0.0,1.0,0.0,,
2024-01-08 21:00:00,46774.01,47207.16,46653.84,47071.41,2789.04666,0.0001,71,0.0,0.0,trending,,956.1140837026924,0.0,0.0,,,956.1140837026924,0.0,,trending,0.0,{},,86.0,,,,,,,707.7099398439866,0.0,0.0,0.0,707.7099398439866,0.0,0.0,0.0,-2.0208269976706167e-07,0.0,1.0,0.0,,
2024-01-08 22:00:00,47071.41,47120.0,46799.18,46999.99,1797.3167,0.0001,71,0.0,0.0,trending,,956.1140837026924,0.0,0.0,,,956.1140837026924,0.0,,trending,0.0,{},,87.0,,,,,,,707.7099398439866,0.0,0.0,0.0,707.7099398439866,0.0,0.0,0.0,-1.7989015066720073e-07,0.0,1.0,0.0,,
2024-01-08 23:00:00,47000.0,47100.0,46833.88,46951.04,1940.36827,0.0001,71,0.0,0.0,trending,,956.1140837026924,0.0,0.0,,,956.1140837026924,0.0,,trending,0.0,{},,88.0,,,,,,,707.7099398439866,0.0,0.0,0.0,707.7099398439866,0.0,0.0,0.0,-1.6516576458790585e-07,0.0,1.0,0.0,,
2024-01-09 00:00:00,46951.04,47150.0,46230.0,46668.88,4454.55224,0.0001,76,0.0,0.0,trending,,956.1140837026924,0.0,0.0,,,956.1140837026924,0.0,,trending,0.0,{},,89.0,,,,,,,707.7099398439866,0.0,0.0,0.0,707.7099398439866,0.0,0.0,0.0,-1.252116057364134e-07,0.0,1.0,0.0,,
2024-01-09 01:00:00,46668.87,46786.83,46288.0,46556.62,2579.21111,0.0001,76,0.0,0.0,trending,,956.1140837026924,0.0,0.0,,,956.1140837026924,0.0,,trending,0.0,{},,90.0,,,,,,,707.7099398439866,0.0,0.0,0.0,707.7099398439866,0.0,0.0,0.0,-1.1040398404737072e-07,0.0,1.0,0.0,,
2024-01-09 02:00:00,46556.62,46785.22,46483.83,46779.81,1420.86767,0.0001,76,0.0,0.0,trending,,956.1140837026924,0.0,0.0,,,956.1140837026924,0.0,,trending,0.0,{},,91.0,,,,,,,707.7099398439866,0.0,0.0,0.0,707.7099398439866,0.0,0.0,0.0,-1.2497321615359958e-07,0.0,1.0,0.0,,
2024-01-09 03:00:00,46779.82,46974.42,46750.92,46926.96,1647.49829,0.0001,76,0.0,0.0,trending,,956.1140837026924,0.0,0.0,,,956.1140837026924,0.0,,trending,0.0,{},,92.0,,,,,,,707.7099398439866,0.0,0.0,0.0,707.7099398439866,0.0,0.0,0.0,-1.3484370021466953e-07,0.0,1.0,0.0,,
2024-01-09 04:00:00,46926.96,46940.0,46670.91,46803.54,1286.08627,0.0001,76,0.0,0.0,trending,,956.1140837026924,0.0,0.0,,,956.1140837026924,0.0,,trending,0.0,{},,93.0,,,,,,,707.7099398439866,0.0,0.0,0.0,707.7099398439866,0.0,0.0,0.0,-1.2010400822346185e-07,0.0,1.0,0.0,,
2024-01-09 05:00:00,46803.54,46858.0,46599.43,46714.67,1293.90068,0.0001,76,0.0,0.0,trending,,956.1140837026924,0.0,0.0,,,956.1140837026924,0.0,,trending,0.0,{},,94.0,,,,,,,707.7099398439866,0.0,0.0,0.0,707.7099398439866,0.0,0.0,0.0,-1.1106495537505306e-07,0.0,1.0,0.0,,
2024-01-09 06:00:00,46714.66,46838.4,46665.84,46788.01,911.5216,0.0001,76,0.0,0.0,trending,,956.1140837026924,0.0,0.0,,,956.1140837026924,0.0,,trending,0.0,{},,95.0,,,,,,,707.7099398439866,0.0,0.0,0.0,707.7099398439866,0.0,0.0,0.0,-1.207661267073396e-07,0.0,1.0,0.0,,
2024-01-09 07:00:00,46788.02,46931.7,46735.18,46825.51,1215.90126,0.0001,76,0.0,0.0,trending,,956.1140837026924,0.0,0.0,,,956.1140837026924,0.0,,trending,0.0,{},,96.0,,,,,,,707.7099398439866,0.0,0.0,0.0,707.7099398439866,0.0,0.0,0.0,-1.2919241558558697e-07,0.0,1.0,0.0,,
2024-01-09 08:00:00,46825.52,46874.94,46510.0,46544.65,1331.10707,0.0001,76,0.0,0.0,trending,,956.1140837026924,0.0,0.0,,,956.1140837026924,0.0,,trending,0.0,{},,97.0,,,,,,,707.7099398439866,0.0,0.0,0.0,707.7099398439866,0.0,0.0,0.0,-8.544767638153673e-08,0.0,1.0,0.0,,
2024-01-09 09:00:00,46544.65,46694.61,46407.9,46491.99,1571.60244,0.0001,76,0.0,0.0,trending,,956.1140837026924,0.0,0.0,,,956.1140837026924,0.0,,trending,0.0,{},,98.0,,,,,,,707.7099398439866,0.0,0.0,0.0,707.7099398439866,0.0,0.0,0.0,-8.512836056138408e-08,0.0,1.0,0.0,,
2024-01-09 10:00:00,46491.99,46680.0,46381.1,46441.89,1685.90791,0.0001,76,0.0,0.0,trending,,956.1140837026924,0.0,0.0,,,956.1140837026924,0.0,,trending,0.0,{},,99.0,,,,,,,707.7099398439866,0.0,0.0,0.0,707.7099398439866,0.0,0.0,0.0,-8.37627622092324e-08,0.0,1.0,0.0,,
2024-01-09 11:00:00,46441.88,46644.0,46426.2,46615.99,1430.21749,0.0001,76,0.0,0.0,trending,,956.1140837026924,0.0,0.0,,,956.1140837026924,0.0,,trending,0.0,{},,100.0,,,,,,,707.7099398439866,0.0,0.0,0.0,707.7099398439866,0.0,0.0,0.0,-1.2267817247731124e-07,0.0,1.0,0.0,,
2024-01-09 12:00:00,46616.0,47000.0,45450.0,46166.35,4416.37703,0.0001,76,0.0,0.0,trending,,956.1140837026924,0.0,0.0,,,956.1140837026924,0.0,,trending,0.0,{},,101.0,,,,,,,707.7099398439866,0.0,0.0,0.0,707.7099398439866,0.0,0.0,0.0,-1.4965735349103463e-08,0.0,1.0,0.0,,
2024-01-09 13:00:00,46166.36,47051.21,46055.51,46834.0,5041.75722,0.0001,76,0.0,0.0,trending,,956.1140837026924,0.0,0.0,,,956.1140837026924,0.0,,trending,0.0,{},,102.0,,,,,,,707.7099398439866,0.0,0.0,0.0,707.7099398439866,0.0,0.0,0.0,-1.427646135353081e-07,0.0,1.0,0.0,,
2024-01-09 14:00:00,46834.01,47007.83,46498.93,46561.1,2999.84714,0.0001,76,0.0,0.0,trending,,956.1140837026924,0.0,0.0,,,956.1140837026924,0.0,,trending,0.0,{},,103.0,,,,,,,707.7099398439866,0.0,0.0,0.0,707.7099398439866,0.0,0.0,0.0,-9.291437364192666e-08,0.0,1.0,0.0,,
2024-01-09 15:00:00,46561.11,47010.0,46429.31,46868.09,3353.84219,0.0001,76,0.0,0.0,trending,,956.1140837026924,0.0,0.0,,,956.1140837026924,0.0,,trending,0.0,{},,104.0,,,,,,,707.7099398439866,0.0,0.0,0.0,707.7099398439866,0.0,0.0,0.0,-1.8564541545569726e-07,0.0,1.0,0.0,,
2024-01-09 16:00:00,46868.08,46975.0,46719.69,46902.88,1950.39781,0.0001,76,0.0,0.0,trending,,956.1140837026924,0.0,0.0,,,956.1140837026924,0.0,,trending,0.0,{},,105.0,,,,,,,707.7099398439866,0.0,0.0,0.0,707.7099398439866,0.0,0.0,0.0,-2.94818315064496e-07,0.0,1.0,0.0,,
2024-01-09 17:00:00,46902.89,46919.99,46632.01,46715.99,1744.55384,0.0001,76,0.0,0.0,trending,,956.1140837026924,0.0,0.0,,,956.1140837026924,0.0,,trending,0.0,{},,106.0,,,,,,,707.7099398439866,0.0,0.0,0.0,707.7099398439866,0.0,0.0,0.0,-2.835903724501278e-07,0.0,1.0,0.0,,
2024-01-09 18:00:00,46716.0,46731.1,46500.0,46640.5,2182.23673,0.0001,76,0.0,0.0,trending,,956.1140837026924,0.0,0.0,,,956.1140837026924,0.0,,trending,0.0,{},,107.0,,,,,,,707.7099398439866,0.0,0.0,0.0,707.7099398439866,0.0,0.0,0.0,-2.3003142446858057e-07,0.0,1.0,0.0,,
2024-01-09 19:00:00,46640.5,46890.0,46573.92,46876.01,1433.29461,0.0001,76,18.24735666744862,0.0,trending,,956.1140837026924,0.0,1.824735666744862,True,True,954.3694282326828,1.8262433424412252,,trending,18.24735666744862,{},,108.0,BTCUSDT,2024-01-09 19:00:00,BTCUSDT,46876.01,0.03721851475860222,LONG,707.7099398439866,0.0,0.0,0.0,707.7099398439866,0.0,0.0,0.0,-3.804690907736493e-07,18.24735666744862,1.0,18.24735666744862,True,True
2024-01-09 20:00:00,46876.0,46930.74,46591.6,46642.54,1427.66813,0.0001,76,0.0,0.0,trending,,945.6887109986328,1.8338276402538476,-1.8338276402538476,True,True,943.9544809013275,0.0,,trending,-18.24735666744862,{},,109.0,BTCUSDT,2024-01-09 20:00:00,BTCUSDT,46642.54,0.037181296243843615,CLOSE,707.7099398439866,0.0,0.0,0.0,707.7099398439866,0.0,0.0,0.0,-1.8862717099394027e-07,0.0,1.0,0.0,True,True
2024-01-09 21:00:00,46642.53,47972.0,44748.67,45439.44,17027.62509,0.0001,76,-15.615764457606092,0.0,trending,,943.9544809013275,0.0,-1.5615764457606092,True,True,942.4804238180816,-1.5640187806491985,,trending,-15.615764457606092,{},,110.0,BTCUSDT,2024-01-09 21:00:00,BTCUSDT,45439.44,0.03244003630426994,SHORT,707.7099398439866,0.0,0.0,0.0,707.7099398439866,0.0,0.0,0.0,3.264000506178357e-07,-15.615764457606092,1.0,-15.615764457606092,True,True
2024-01-09 22:00:00,45439.44,46261.09,45295.19,46254.0,4757.30303,0.0001,76,0.0,0.0,trending,,916.0560678460756,-1.6379799139869098,1.6379799139869098,True,True,914.5540844234354,0.0,,trending,15.615764457606092,{},,111.0,BTCUSDT,2024-01-09 22:00:00,BTCUSDT,46254.0,-0.03244003630426994,CLOSE,707.7099398439866,0.0,0.0,0.0,707.7099398439866,0.0,0.0,0.0,2.065496659066442e-08,0.0,1.0,0.0,True,True
2024-01-09 23:00:00,46254.0,46254.01,45924.0,46110.0,2764.38932,0.0001,76,0.0,0.0,trending,,914.5540844234354,0.0,0.0,,,914.5540844234354,0.0,,trending,0.0,{},,112.0,,,,,,,707.7099398439866,0.0,0.0,0.0,707.7099398439866,0.0,0.0,0.0,6.286461427845966e-08,0.0,1.0,0.0,,
2024-01-10 00:00:00,46110.0,46249.14,45788.85,45856.42,2839.97544,0.0001,73,0.0,0.0,trending,,914.5540844234354,0.0,0.0,,,914.5540844234354,0.0,,trending,0.0,{},,113.0,,,,,,,707.7099398439866,0.0,0.0,0.0,707.7099398439866,0.0,0.0,0.0,1.2532199468452657e-07,0.0,1.0,0.0,,
2024-01-10 01:00:00,45856.41,45960.0,45622.0,45929.3,2013.31088,0.0001,73,0.0,0.0,trending,,914.5540844234354,0.0,0.0,,,914.5540844234354,0.0,,trending,0.0,{},,114.0,,,,,,,707.7099398439866,0.0,0.0,0.0,707.7099398439866,0.0,0.0,0.0,9.556300118920737e-08,0.0,1.0,0.0,,
2024-01-10 02:00:00,45929.3,46082.87,45882.41,45971.09,1108.50161,0.0001,73,0.0,0.0,trending,,914.5540844234354,0.0,0.0,,,914.5540844234354,0.0,,trending,0.0,{},,115.0,,,,,,,707.7099398439866,0.0,0.0,0.0,707.7099398439866,0.0,0.0,0.0,7.946560756965706e-08,0.0,1.0,0.0,,
2024-01-10 03:00:00,45971.1,46211.95,45922.86,46117.1,1002.73836,0.0001,73,0.0,0.0,trending,,914.5540844234354,0.0,0.0,,,914.5540844234354,0.0,,trending,0.0,{},,116.0,,,,,,,707.7099398439866,0.0,0.0,0.0,707.7099398439866,0.0,0.0,0.0,3.3101451565144275e-08,0.0,1.0,0.0,,
2024-01-10 04:00:00,46117.1,46186.0,45944.82,45960.98,1131.61113,0.0001,73,0.0,0.0,trending,,914.5540844234354,0.0,0.0,,,914.5540844234354,0.0,,trending,0.0,{},,117.0,,,,,,,707.7099398439866,0.0,0.0,0.0,707.7099398439866,0.0,0.0,0.0,7.88725023353792e-08,0.0,1.0,0.0,,
2024-01-10 05:00:00,45960.97,46027.08,45890.58,45975.99,1082.47607,0.0001,73,0.0,0.0,trending,,914.5540844234354,0.0,0.0,,,914.5540844234354,0.0,,trending,0.0,{},,118.0,,,,,,,707.7099398439866,0.0,0.0,0.0,707.7099398439866,0.0,0.0,0.0,7.261612688534451e-08,0.0,1.0,0.0,,
2024-01-10 06:00:00,45975.99,46065.85,45875.28,46006.0,847.24073,0.0001,73,0.0,0.0,trending,,914.5540844234354,0.0,0.0,,,914.5540844234354,0.0,,trending,0.0,{},,119.0,,,,,,,707.7099398439866,0.0,0.0,0.0,707.7099398439866,0.0,0.0,0.0,6.177123992454692e-08,0.0,1.0,0.0,,
2024-01-10 07:00:00,46006.0,46023.4,45734.56,45757.98,1379.97341,0.0001,73,0.0,0.0,trending,,914.5540844234354,0.0,0.0,,,914.5540844234354,0.0,,trending,0.0,{},,120.0,,,,,,,707.7099398439866,0.0,0.0,0.0,707.7099398439866,0.0,0.0,0.0,1.404738815650605e-07,0.0,1.0,0.0,,
2024-01-10 08:00:00,45757.98,45861.1,45320.53,45329.94,2517.14697,0.0001,73,0.0,0.0,trending,,914.5540844234354,0.0,0.0,,,914.5540844234354,0.0,,trending,0.0,{},,121.0,,,,,,,707.7099398439866,0.0,0.0,0.0,707.7099398439866,0.0,0.0,0.0,2.360494369785467e-07,0.0,1.0,0.0,,
2024-01-10 09:00:00,45329.94,45700.0,45321.99,45661.42,2388.37211,0.0001,73,0.0,0.0,trending,,914.5540844234354,0.0,0.0,,,914.5540844234354,0.0,,trending,0.0,{},,122.0,,,,,,,707.7099398439866,0.0,0.0,0.0,707.7099398439866,0.0,0.0,0.0,1.1527731034750353e-07,0.0,1.0,0.0,,
2024-01-10 10:00:00,45661.43,45731.1,45532.0,45532.0,1101.89012,0.0001,73,0.0,0.0,trending,,914.5540844234354,0.0,0.0,,,914.5540844234354,0.0,,trending,0.0,{},,123.0,,,,,,,707.7099398439866,0.0,0.0,0.0,707.7099398439866,0.0,0.0,0.0,1.4191393509046795e-07,0.0,1.0,0.0,,
2024-01-10 11:00:00,45532.01,45659.42,45000.0,45515.89,2363.70366,0.0001,73,0.0,0.0,trending,,914.5540844234354,0.0,0.0,,,914.5540844234354,0.0,,trending,0.0,{},,124.0,,,,,,,707.7099398439866,0.0,0.0,0.0,707.7099398439866,0.0,0.0,0.0,1.4282643911878577e-07,0.0,1.0,0.0,,
2024-01-10 12:00:00,45515.88,45662.01,44363.93,44670.53,5540.87031,0.0001,73,0.0,0.0,trending,,914.5540844234354,0.0,0.0,,,914.5540844234354,0.0,,trending,0.0,{},,125.0,,,,,,,707.7099398439866,0.0,0.0,0.0,707.7099398439866,0.0,0.0,0.0,2.707628000140507e-07,0.0,1.0,0.0,,
2024-01-10 13:00:00,44670.54,45393.99,44300.36,45118.01,4518.06082,0.0001,73,0.0,0.0,trending,,914.5540844234354,0.0,0.0,,,914.5540844234354,0.0,,trending,0.0,{},,126.0,,,,,,,707.7099398439866,0.0,0.0,0.0,707.7099398439866,0.0,0.0,0.0,1.4763831435759218e-07,0.0,1.0,0.0,,
2024-01-10 14:00:00,45118.0,45404.89,44820.35,44884.0,3293.59955,0.0001,73,0.0,0.0,trending,,914.5540844234354,0.0,0.0,,,914.5540844234354,0.0,,trending,0.0,{},,127.0,,,,,,,707.7099398439866,0.0,0.0,0.0,707.7099398439866,0.0,0.0,0.0,1.7578405670309253e-07,0.0,1.0,0.0,,
2024-01-10 15:00:00,44884.01,45630.7,44800.0,45546.4,4166.8193,0.0001,73,0.0,0.0,trending,,914.5540844234354,0.0,0.0,,,914.5540844234354,0.0,,trending,0.0,{},,128.0,,,,,,,707.7099398439866,0.0,0.0,0.0,707.7099398439866,0.0,0.0,0.0,3.794146328112315e-08,0.0,1.0,0.0,,
2024-01-10 16:00:00,45546.39,45708.31,45173.97,45311.1,3383.80525,0.0001,73,0.0,0.0,trending,,914.5540844234354,0.0,0.0,,,914.5540844234354,0.0,,trending,0.0,{},,129.0,,,,,,,707.7099398439866,0.0,0.0,0.0,707.7099398439866,0.0,0.0,0.0,8.177719623639706e-08,0.0,1.0,0.0,,
2024-01-10 17:00:00,45311.09,46449.0,45227.01,46401.89,5565.30304,0.0001,73,0.0,0.0,trending,,914.5540844234354,0.0,0.0,,,914.5540844234354,0.0,,trending,0.0,{},,130.0,,,,,,,707.7099398439866,0.0,0.0,0.0,707.7099398439866,0.0,0.0,0.0,-1.082263883291049e-07,0.0,1.0,0.0,,
2024-01-10 18:00:00,46401.88,46633.86,45840.0,46527.33,4249.44238,0.0001,73,0.0,0.0,trending,,914.5540844234354,0.0,0.0,,,914.5540844234354,0.0,,trending,0.0,{},,131.0,,,,,,,707.7099398439866,0.0,0.0,0.0,707.7099398439866,0.0,0.0,0.0,-1.2747031213539063e-07,0.0,1.0,0.0,,
2024-01-10 19:00:00,46527.32,46666.0,46043.69,46489.18,4609.96145,0.0001,73,0.0,0.0,trending,,914.5540844234354,0.0,0.0,,,914.5540844234354,0.0,,trending,0.0,{},,132.0,,,,,,,707.7099398439866,0.0,0.0,0.0,707.7099398439866,0.0,0.0,0.0,-1.2623441905660242e-07,0.0,1.0,0.0,,
2024-01-10 20:00:00,46489.19,46504.92,44800.0,46127.0,10674.42987,0.0001,73,0.0,0.0,trending,,914.5540844234354,0.0,0.0,,,914.5540844234354,0.0,,trending,0.0,{},,133.0,,,,,,,707.7099398439866,0.0,0.0,0.0,707.7099398439866,0.0,0.0,0.0,-5.138350253499122e-08,0.0,1.0,0.0,,
2024-01-10 21:00:00,46127.0,46301.04,45080.0,45946.0,8142.82709,0.0001,73,0.0,0.0,trending,,914.5540844234354,0.0,0.0,,,914.5540844234354,0.0,,trending,0.0,{},,134.0,,,,,,,707.7099398439866,0.0,0.0,0.0,707.7099398439866,0.0,0.0,0.0,-1.2195146340623276e-08,0.0,1.0,0.0,,
2024-01-10 22:00:00,45946.0,46948.98,45760.45,46902.69,6635.62295,0.0001,73,0.0,0.0,trending,,914.5540844234354,0.0,0.0,,,914.5540844234354,0.0,,trending,0.0,{},,135.0,,,,,,,707.7099398439866,0.0,0.0,0.0,707.7099398439866,0.0,0.0,0.0,-1.6458627182814702e-07,0.0,1.0,0.0,,
2024-01-10 23:00:00,46902.69,47695.93,46381.86,46653.99,9353.72953,0.0001,73,0.0,0.0,trending,,914.5540844234354,0.0,0.0,,,914.5540844234354,0.0,,trending,0.0,{},,136.0,,,,,,,707.7099398439866,0.0,0.0,0.0,707.7099398439866,0.0,0.0,0.0,-1.1032614423947245e-07,0.0,1.0,0.0,,
2024-01-11 00:00:00,46654.0,46721.37,46296.46,46670.01,2859.39936,0.0001,76,0.0,0.0,trending,,914.5540844234354,0.0,0.0,,,914.5540844234354,0.0,,trending,0.0,{},,137.0,,,,,,,707.7099398439866,0.0,0.0,0.0,707.7099398439866,0.0,0.0,0.0,-1.0764345943913906e-07,0.0,1.0,0.0,,
2024-01-11 01:00:00,46670.01,46750.0,46468.33,46506.94,1772.5933,0.0001,76,0.0,0.0,trending,,914.5540844234354,0.0,0.0,,,914.5540844234354,0.0,,trending,0.0,{},,138.0,,,,,,,707.7099398439866,0.0,0.0,0.0,707.7099398439866,0.0,0.0,0.0,-7.435415760476864e-08,0.0,1.0,0.0,,
2024-01-11 02:00:00,46506.93,46622.39,46500.0,46559.0,1242.76928,0.0001,76,0.0,0.0,trending,,914.5540844234354,0.0,0.0,,,914.5540844234354,0.0,,trending,0.0,{},,139.0,,,,,,,707.7099398439866,0.0,0.0,0.0,707.7099398439866,0.0,0.0,0.0,-8.046241703237438e-08,0.0,1.0,0.0,,
2024-01-11 03:00:00,46559.0,46590.81,46200.0,46502.16,2090.15306,0.0001,76,0.0,0.0,trending,,914.5540844234354,0.0,0.0,,,914.5540844234354,0.0,,trending,0.0,{},,140.0,,,,,,,707.7099398439866,0.0,0.0,0.0,707.7099398439866,0.0,0.0,0.0,-6.7813556920022e-08,0.0,1.0,0.0,,
2024-01-11 04:00:00,46502.17,46507.08,46304.96,46400.01,1666.06111,0.0001,76,0.0,0.0,trending,,914.5540844234354,0.0,0.0,,,914.5540844234354,0.0,,trending,0.0,{},,141.0,,,,,,,707.7099398439866,0.0,0.0,0.0,707.7099398439866,0.0,0.0,0.0,-4.6261898043492384e-08,0.0,1.0,0.0,,
2024-01-11 05:00:00,46400.01,46417.33,45896.23,46070.0,2132.23648,0.0001,76,0.0,0.0,trending,,914.5540844234354,0.0,0.0,,,914.5540844234354,0.0,,trending,0.0,{},,142.0,,,,,,,707.7099398439866,0.0,0.0,0.0,707.7099398439866,0.0,0.0,0.0,1.8455169027456603e-08,0.0,1.0,0.0,,
2024-01-11 06:00:00,46070.0,46091.53,45618.1,45907.3,2234.87531,0.0001,76,0.0,0.0,trending,,914.5540844234354,0.0,0.0,,,914.5540844234354,0.0,,trending,0.0,{},,143.0,,,,,,,707.7099398439866,0.0,0.0,0.0,707.7099398439866,0.0,0.0,0.0,4.873775356802258e-08,0.0,1.0,0.0,,
2024-01-11 07:00:00,45907.29,46166.99,45881.1,46101.4,1518.70045,0.0001,76,0.0,0.0,trending,,914.5540844234354,0.0,0.0,,,914.5540844234354,0.0,,trending,0.0,{},,144.0,,,,,,,707.7099398439866,0.0,0.0,0.0,707.7099398439866,0.0,0.0,0.0,8.360617659854892e-09,0.0,1.0,0.0,,
2024-01-11 08:00:00,46101.4,46318.1,46052.0,46277.0,1468.58251,0.0001,76,0.0,0.0,trending,,914.5540844234354,0.0,0.0,,,914.5540844234354,0.0,,trending,0.0,{},,145.0,,,,,,,707.7099398439866,0.0,0.0,0.0,707.7099398439866,0.0,0.0,0.0,-2.733836411228397e-08,0.0,1.0,0.0,,
2024-01-11 09:00:00,46277.0,46354.0,46211.94,46220.12,1341.13559,0.0001,76,0.0,0.0,trending,,914.5540844234354,0.0,0.0,,,914.5540844234354,0.0,,trending,0.0,{},,146.0,,,,,,,707.7099398439866,0.0,0.0,0.0,707.7099398439866,0.0,0.0,0.0,-1.4826329692327992e-08,0.0,1.0,0.0,,
2024-01-11 10:00:00,46220.12,46860.0,46210.0,46859.91,2559.25355,0.0001,76,0.0,0.0,trending,,914.5540844234354,0.0,0.0,,,914.5540844234354,0.0,,trending,0.0,{},,147.0,,,,,,,707.7099398439866,0.0,0.0,0.0,707.7099398439866,0.0,0.0,0.0,-1.304115659072569e-07,0.0,1.0,0.0,,
2024-01-11 11:00:00,46859.9,47150.0,46705.97,47060.0,3169.51389,0.0001,76,0.0,0.0,trending,,914.5540844234354,0.0,0.0,,,914.5540844234354,0.0,,trending,0.0,{},,148.0,,,,,,,707.7099398439866,0.0,0.0,0.0,707.7099398439866,0.0,0.0,0.0,-1.5587391886543755e-07,0.0,1.0,0.0,,
2024-01-11 12:00:00,47059.99,47464.87,46941.1,47449.63,3177.46648,0.0001,76,0.0,0.0,trending,,914.5540844234354,0.0,0.0,,,914.5540844234354,0.0,,trending,0.0,{},,149.0,,,,,,,707.7099398439866,0.0,0.0,0.0,707.7099398439866,0.0,0.0,0.0,-2.170378208930117e-07,0.0,1.0,0.0,,
2024-01-11 13:00:00,47449.64,47449.64,46762.86,47325.2,4404.70297,0.0001,76,0.0,0.0,trending,,914.5540844234354,0.0,0.0,,,914.5540844234354,0.0,,trending,0.0,{},,150.0,,,,,,,707.7099398439866,0.0,0.0,0.0,707.7099398439866,0.0,0.0,0.0,-1.91165479810198e-07,0.0,1.0,0.0,,
2024-01-11 14:00:00,47325.21,48969.48,47215.0,48571.22,15868.93224,0.0001,76,15.103343664787555,0.0,trending,,914.5540844234354,0.0,1.5103343664787556,True,True,913.1728019597272,1.5111063079005018,,trending,15.103343664787555,{},,151.0,BTCUSDT,2024-01-11 14:00:00,BTCUSDT,48571.22,0.028438290487828546,LONG,707.7099398439866,0.0,0.0,0.0,707.7099398439866,0.0,0.0,0.0,-2.8787792292952034e-07,15.103343664787555,1.0,15.103343664787555,True,True
2024-01-11 15:00:00,48571.21,48657.98,46463.19,46783.78,12867.70365,0.0001,76,0.0,0.0,trending,,862.3918957481126,1.5412021861359355,-1.5412021861359355,True,True,861.0627754730797,0.0,,trending,-15.103343664787555,{},,152.0,BTCUSDT,2024-01-11 15:00:00,BTCUSDT,46783.78,0.02840985219734072,CLOSE,707.7099398439866,0.0,0.0,0.0,707.7099398439866,0.0,0.0,0.0,-2.318580886736309e-08,0.0,1.0,0.0,True,True
2024-01-11 16:00:00,46783.77,47022.07,45788.0,46007.29,9918.42093,0.0001,76,0.0,0.0,trending,,861.0627754730797,0.0,0.0,,,861.0627754730797,0.0,,trending,0.0,{},,153.0,,,,,,,707.7099398439866,0.0,0.0,0.0,707.7099398439866,0.0,0.0,0.0,6.710150887300469e-08,0.0,1.0,0.0,,
2024-01-11 17:00:00,46007.29,46550.0,45606.06,46497.14,4932.85516,0.0001,76,0.0,0.0,trending,,861.0627754730797,0.0,0.0,,,861.0627754730797,0.0,,trending,0.0,{},,154.0,,,,,,,707.7099398439866,0.0,0.0,0.0,707.7099398439866,0.0,0.0,0.0,5.8001726902542865e-09,0.0,1.0,0.0,,
2024-01-11 18:00:00,46497.14,46644.72,46259.09,46609.99,2426.83408,0.0001,76,0.0,0.0,trending,,861.0627754730797,0.0,0.0,,,861.0627754730797,0.0,,trending,0.0,{},,155.0,,,,,,,707.7099398439866,0.0,0.0,0.0,707.7099398439866,0.0,0.0,0.0,-7.847057515193237e-09,0.0,1.0,0.0,,
2024-01-11 19:00:00,46610.0,46735.29,46283.14,46692.3,1894.15573,0.0001,76,0.0,0.0,trending,,861.0627754730797,0.0,0.0,,,861.0627754730797,0.0,,trending,0.0,{},,156.0,,,,,,,707.7099398439866,0.0,0.0,0.0,707.7099398439866,0.0,0.0,0.0,-1.8185735761903138e-08,0.0,1.0,0.0,,
2024-01-11 20:00:00,46692.29,46975.0,46120.0,46241.92,4521.03099,0.0001,76,0.0,0.0,trending,,861.0627754730797,0.0,0.0,,,861.0627754730797,0.0,,trending,0.0,{},,157.0,,,,,,,707.7099398439866,0.0,0.0,0.0,707.7099398439866,0.0,0.0,0.0,4.072627746385328e-08,0.0,1.0,0.0,,
2024-01-11 21:00:00,46241.91,46450.0,46120.03,46156.01,1507.69927,0.0001,76,0.0,0.0,trending,,861.0627754730797,0.0,0.0,,,861.0627754730797,0.0,,trending,0.0,{},,158.0,,,,,,,707.7099398439866,0.0,0.0,0.0,707.7099398439866,0.0,0.0,0.0,5.2681301761423003e-08,0.0,1.0,0.0,,
2024-01-11 22:00:00,46156.0,46430.21,46084.69,46399.99,968.31728,0.0001,76,0.0,0.0,trending,,861.0627754730797,0.0,0.0,,,861.0627754730797,0.0,,trending,0.0,{},,159.0,,,,,,,707.7099398439866,0.0,0.0,0.0,707.7099398439866,0.0,0.0,0.0,1.5533393319410573e-08,0.0,1.0,0.0,,
2024-01-11 23:00:00,46399.99,46491.93,46296.37,46339.16,926.93693,0.0001,76,0.0,0.0,trending,,861.0627754730797,0.0,0.0,,,861.0627754730797,0.0,,trending,0.0,{},,160.0,,,,,,,707.7099398439866,0.0,0.0,0.0,707.7099398439866,0.0,0.0,0.0,2.4446287337152906e-08,0.0,1.0,0.0,,
2024-01-12 00:00:00,46339.16,46515.53,46012.8,46293.43,1773.38738,0.0001,71,0.0,0.0,trending,,861.0627754730797,0.0,0.0,,,861.0627754730797,0.0,,trending,0.0,{},,161.0,,,,,,,707.7099398439866,0.0,0.0,0.0,707.7099398439866,0.0,0.0,0.0,3.141249453656874e-08,0.0,1.0,0.0,,
2024-01-12 01:00:00,46293.42,46327.81,45898.0,46135.48,1400.91048,0.0001,71,0.0,0.0,trending,,861.0627754730797,0.0,0.0,,,861.0627754730797,0.0,,trending,0.0,{},,162.0,,,,,,,707.7099398439866,0.0,0.0,0.0,707.7099398439866,0.0,0.0,0.0,5.6053396596241916e-08,0.0,1.0,0.0,,
2024-01-12 02:00:00,46135.48,46250.0,45996.01,46144.01,998.84335,0.0001,71,0.0,0.0,trending,,861.0627754730797,0.0,0.0,,,861.0627754730797,0.0,,trending,0.0,{},,163.0,,,,,,,707.7099398439866,0.0,0.0,0.0,707.7099398439866,0.0,0.0,0.0,5.3850398149983036e-08,0.0,1.0,0.0,,
2024-01-12 03:00:00,46144.01,46184.57,45922.01,45994.0,1204.2988,0.0001,71,0.0,0.0,trending,,861.0627754730797,0.0,0.0,,,861.0627754730797,0.0,,trending,0.0,{},,164.0,,,,,,,707.7099398439866,0.0,0.0,0.0,707.7099398439866,0.0,0.0,0.0,7.793961552376108e-08,0.0,1.0,0.0,,
2024-01-12 04:00:00,45994.01,46110.0,45858.0,45956.34,1377.83064,0.0001,71,0.0,0.0,trending,,861.0627754730797,0.0,0.0,,,861.0627754730797,0.0,,trending,0.0,{},,165.0,,,,,,,707.7099398439866,0.0,0.0,0.0,707.7099398439866,0.0,0.0,0.0,8.294415756765012e-08,0.0,1.0,0.0,,
2024-01-12 05:00:00,45956.34,46209.98,45898.0,46194.01,1141.56622,0.0001,71,0.0,0.0,trending,,861.0627754730797,0.0,0.0,,,861.0627754730797,0.0,,trending,0.0,{},,166.0,,,,,,,707.7099398439866,0.0,0.0,0.0,707.7099398439866,0.0,0.0,0.0,3.274821364625528e-08,0.0,1.0,0.0,,
2024-01-12 06:00:00,46194.01,46366.0,46100.82,46100.85,1062.83821,0.0001,71,0.0,0.0,trending,,861.0627754730797,0.0,0.0,,,861.0627754730797,0.0,,trending,0.0,{},,167.0,,,,,,,707.7099398439866,0.0,0.0,0.0,707.7099398439866,0.0,0.0,0.0,5.109024784314766e-08,0.0,1.0,0.0,,
2024-01-12 07:00:00,46100.85,46144.45,45742.49,46008.19,2184.03364,0.0001,71,0.0,0.0,trending,,861.0627754730797,0.0,0.0,,,861.0627754730797,0.0,,trending,0.0,{},,168.0,,,,,,,707.7099398439866,0.0,0.0,0.0,707.7099398439866,0.0,0.0,0.0,6.903336082199979e-08,0.0,1.0,0.0,,
2024-01-12 08:00:00,46008.19,46008.19,45632.0,45860.01,1397.30176,0.0001,71,0.0,0.0,trending,,861.0627754730797,0.0,0.0,,,861.0627754730797,0.0,,trending,0.0,{},,169.0,,,,,,,707.7099398439866,0.0,0.0,0.0,707.7099398439866,0.0,0.0,0.0,9.626675110001902e-08,0.0,1.0,0.0,,
2024-01-12 09:00:00,45860.0,46076.34,45537.37,45925.92,2131.76464,0.0001,71,0.0,0.0,trending,,861.0627754730797,0.0,0.0,,,861.0627754730797,0.0,,trending,0.0,{},,170.0,,,,,,,707.7099398439866,0.0,0.0,0.0,707.7099398439866,0.0,0.0,0.0,7.828705254414303e-08,0.0,1.0,0.0,,
2024-01-12 10:00:00,45925.93,46133.33,45841.1,46063.62,1532.73873,0.0001,71,0.0,0.0,trending,,861.0627754730797,0.0,0.0,,,861.0627754730797,0.0,,trending,0.0,{},,171.0,,,,,,,707.7099398439866,0.0,0.0,0.0,707.7099398439866,0.0,0.0,0.0,4.3372530274639584e-08,0.0,1.0,0.0,,
2024-01-12 11:00:00,46063.62,46267.0,45941.61,45954.35,1976.90053,0.0001,71,0.0,0.0,trending,,861.0627754730797,0.0,0.0,,,861.0627754730797,0.0,,trending,0.0,{},,172.0,,,,,,,707.7099398439866,0.0,0.0,0.0,707.7099398439866,0.0,0.0,0.0,6.823578217003687e-08,0.0,1.0,0.0,,
2024-01-12 12:00:00,45954.35,46109.0,45667.47,45866.56,1852.17109,0.0001,71,0.0,0.0,trending,,861.0627754730797,0.0,0.0,,,861.0627754730797,0.0,,trending,0.0,{},,173.0,,,,,,,707.7099398439866,0.0,0.0,0.0,707.7099398439866,0.0,0.0,0.0,9.296099099561654e-08,0.0,1.0,0.0,,
2024-01-12 13:00:00,45866.57,45944.12,45573.44,45779.02,2155.66091,0.0001,71,0.0,0.0,trending,,861.0627754730797,0.0,0.0,,,861.0627754730797,0.0,,trending,0.0,{},,174.0,,,,,,,707.7099398439866,0.0,0.0,0.0,707.7099398439866,0.0,0.0,0.0,1.2001838531616244e-07,0.0,1.0,0.0,,
2024-01-12 14:00:00,45779.02,45904.66,45250.01,45442.02,5702.97549,0.0001,71,-20.0,0.0,trending,,861.0627754730797,0.0,-2.0,True,True,859.3406499221333,-2.004008016032065,,trending,-20.0,{},,175.0,BTCUSDT,2024-01-12 14:00:00,BTCUSDT,45442.02,0.037897205074645876,SHORT,707.7099398439866,0.0,0.0,0.0,707.7099398439866,0.0,0.0,0.0,3.6314755795763967e-07,-20.301161991044122,1.0,-20.301161991044122,True,True
2024-01-12 15:00:00,45442.01,45459.28,44333.44,44462.01,9485.40906,0.0001,71,-20.0,0.0,trending,,896.4802898673368,-1.879557119153511,-0.12044288084648902,False,,896.4802898673368,-1.879557119153511,,trending,0.0,{},,176.0,BTCUSDT,2024-01-12 15:00:00,,,,,707.7099398439866,0.0,0.0,0.0,707.7099398439866,0.0,0.0,0.0,4.695016860438178e-07,-26.081832194416595,1.0,-26.081832194416595,True,False
2024-01-12 16:00:00,44462.0,44675.88,43212.0,43624.0,12653.69131,0.0001,71,-20.0,0.0,trending,,928.2385266919409,-1.78103755299635,-0.21896244700364997,True,True,928.0352773127333,-2.0004380208041144,,trending,0.0,{},,177.0,BTCUSDT,2024-01-12 16:00:00,BTCUSDT,43624.0,0.004659118357040396,SHORT,707.7099398439866,0.0,0.0,0.0,707.7099398439866,0.0,0.0,0.0,3.914506501862986e-07,-21.647374969478253,1.0,-21.647374969478253,True,True
2024-01-12 17:00:00,43623.99,43836.88,43278.0,43803.99,6405.60756,0.0001,71,-15.961343882838184,0.0,trending,,920.3755646582642,-2.025408797907956,0.42927440962413743,True,True,919.980075491947,-1.5968205486424707,,trending,4.038656117161816,{},,178.0,BTCUSDT,2024-01-12 17:00:00,BTCUSDT,43803.99,0.009019581941077937,REDUCE_SHORT,707.7099398439866,0.0,0.0,0.0,707.7099398439866,0.0,0.0,0.0,2.892982952709249e-07,-15.961343882838184,1.0,-15.961343882838184,True,True
2024-01-12 18:00:00,43803.98,43925.23,43250.0,43472.0,4482.59182,0.0001,71,-15.078715331707288,0.0,trending,,931.113938299414,-1.5657688775902656,0.057897344419536756,False,,931.113938299414,-1.5657688775902656,,trending,0.882628551130896,{},,179.0,BTCUSDT,2024-01-12 18:00:00,,,,,707.7099398439866,0.0,0.0,0.0,707.7099398439866,0.0,0.0,0.0,2.7383767818808336e-07,-15.078715331707288,1.0,-15.078715331707288,True,False
2024-01-12 19:00:00,43472.0,43720.0,43274.68,43472.55,2846.14963,0.0001,71,0.0,0.0,trending,,931.0954930915941,-1.5658197060396741,1.5658197060396741,True,True,929.6361060332483,0.0,,trending,15.078715331707288,{},,180.0,BTCUSDT,2024-01-12 19:00:00,BTCUSDT,43472.55,-0.033536741490608334,CLOSE,707.7099398439866,0.0,0.0,0.0,707.7099398439866,0.0,0.0,0.0,2.5063840768679927e-07,0.0,1.0,0.0,True,True
2024-01-12 20:00:00,43472.56,43981.1,43401.64,43653.38,4898.5452,0.0001,71,0.0,0.0,trending,,929.6361060332483,0.0,0.0,,,929.6361060332483,0.0,,trending,0.0,{},,181.0,,,,,,,707.7099398439866,0.0,0.0,0.0,707.7099398439866,0.0,0.0,0.0,2.019861883243968e-07,0.0,1.0,0.0,,
2024-01-12 21:00:00,43653.39,43861.1,43213.73,43449.0,3001.91979,0.0001,71,0.0,0.0,trending,,929.6361060332483,0.0,0.0,,,929.6361060332483,0.0,,trending,0.0,{},,182.0,,,,,,,707.7099398439866,0.0,0.0,0.0,707.7099398439866,0.0,0.0,0.0,2.032947295105776e-07,0.0,1.0,0.0,,
2024-01-12 22:00:00,43450.01,43458.0,41500.0,42510.0,10954.10629,0.0001,71,0.0,0.0,trending,,929.6361060332483,0.0,0.0,,,929.6361060332483,0.0,,trending,0.0,{},,183.0,,,,,,,707.7099398439866,0.0,0.0,0.0,707.7099398439866,0.0,0.0,0.0,2.299362967231826e-07,0.0,1.0,0.0,,
2024-01-12 23:00:00,42509.99,42958.0,42481.1,42782.73,3706.69454,0.0001,71,0.0,0.0,trending,,929.6361060332483,0.0,0.0,,,929.6361060332483,0.0,,trending,0.0,{},,184.0,,,,,,,707.7099398439866,0.0,0.0,0.0,707.7099398439866,0.0,0.0,0.0,1.8007997310442518e-07,0.0,1.0,0.0,,
2024-01-13 00:00:00,42782.74,42997.29,42766.45,42801.76,2784.58772,0.0001,64,0.0,0.0,trending,,929.6361060332483,0.0,0.0,,,929.6361060332483,0.0,,trending,0.0,{},,185.0,,,,,,,707.7099398439866,0.0,0.0,0.0,707.7099398439866,0.0,0.0,0.0,1.710794827351606e-07,0.0,1.0,0.0,,
2024-01-13 01:00:00,42801.76,42891.09,42514.89,42673.83,3059.07599,0.0001,64,0.0,0.0,trending,,929.6361060332483,0.0,0.0,,,929.6361060332483,0.0,,trending,0.0,{},,186.0,,,,,,,707.7099398439866,0.0,0.0,0.0,707.7099398439866,0.0,0.0,0.0,1.715810107852245e-07,0.0,1.0,0.0,,
2024-01-13 02:00:00,42673.83,42853.75,42525.16,42530.0,2279.56144,0.0001,64,0.0,0.0,trending,,929.6361060332483,0.0,0.0,,,929.6361060332483,0.0,,trending,0.0,{},,187.0,,,,,,,707.7099398439866,0.0,0.0,0.0,707.7099398439866,0.0,0.0,0.0,1.7384722843767533e-07,0.0,1.0,0.0,,
2024-01-13 03:00:00,42530.0,42682.0,42436.12,42609.94,1822.30914,0.0001,64,0.0,0.0,trending,,929.6361060332483,0.0,0.0,,,929.6361060332483,0.0,,trending,0.0,{},,188.0,,,,,,,707.7099398439866,0.0,0.0,0.0,707.7099398439866,0.0,0.0,0.0,1.5962037751651742e-07,0.0,1.0,0.0,,
2024-01-13 04:00:00,42609.94,42850.0,42555.84,42840.01,1425.89376,0.0001,64,0.0,0.0,trending,,929.6361060332483,0.0,0.0,,,929.6361060332483,0.0,,trending,0.0,{},,189.0,,,,,,,707.7099398439866,0.0,0.0,0.0,707.7099398439866,0.0,0.0,0.0,1.274584770729656e-07,0.0,1.0,0.0,,
2024-01-13 05:00:00,42840.02,43138.0,42769.63,43101.09,1760.17482,0.0001,64,0.0,0.0,trending,,929.6361060332483,0.0,0.0,,,929.6361060332483,0.0,,trending,0.0,{},,190.0,,,,,,,707.7099398439866,0.0,0.0,0.0,707.7099398439866,0.0,0.0,0.0,9.610005883875188e-08,0.0,1.0,0.0,,
2024-01-13 06:00:00,43101.09,43185.0,42950.64,43149.99,1692.14955,0.0001,64,0.0,0.0,trending,,929.6361060332483,0.0,0.0,,,929.6361060332483,0.0,,trending,0.0,{},,191.0,,,,,,,707.7099398439866,0.0,0.0,0.0,707.7099398439866,0.0,0.0,0.0,9.272097447424084e-08,0.0,1.0,0.0,,
2024-01-13 07:00:00,43149.99,43254.03,43064.83,43102.97,1359.60409,0.0001,64,0.0,0.0,trending,,929.6361060332483,0.0,0.0,,,929.6361060332483,0.0,,trending,0.0,{},,192.0,,,,,,,707.7099398439866,0.0,0.0,0.0,707.7099398439866,0.0,0.0,0.0,1.0021837218350297e-07,0.0,1.0,0.0,,
2024-01-13 08:00:00,43102.97,43254.96,43063.72,43170.01,1167.90273,0.0001,64,0.0,0.0,trending,,929.6361060332483,0.0,0.0,,,929.6361060332483,0.0,,trending,0.0,{},,193.0,,,,,,,707.7099398439866,0.0,0.0,0.0,707.7099398439866,0.0,0.0,0.0,9.389565283971747e-08,0.0,1.0,0.0,,
2024-01-13 09:00:00,43170.01,43193.46,42819.31,42923.21,1671.71121,0.0001,64,0.0,0.0,trending,,929.6361060332483,0.0,0.0,,,929.6361060332483,0.0,,trending,0.0,{},,194.0,,,,,,,707.7099398439866,0.0,0.0,0.0,707.7099398439866,0.0,0.0,0.0,1.2359011311781204e-07,0.0,1.0,0.0,,
2024-01-13 10:00:00,42923.2,42923.21,42627.63,42700.12,2039.14575,0.0001,64,0.0,0.0,trending,,929.6361060332483,0.0,0.0,,,929.6361060332483,0.0,,trending,0.0,{},,195.0,,,,,,,707.7099398439866,0.0,0.0,0.0,707.7099398439866,0.0,0.0,0.0,1.5623253802071433e-07,0.0,1.0,0.0,,
2024-01-13 11:00:00,42700.13,42801.09,42509.11,42624.0,2083.54075,0.0001,64,0.0,0.0,trending,,929.6361060332483,0.0,0.0,,,929.6361060332483,0.0,,trending,0.0,{},,196.0,,,,,,,707.7099398439866,0.0,0.0,0.0,707.7099398439866,0.0,0.0,0.0,1.814295943864235e-07,0.0,1.0,0.0,,
2024-01-13 12:00:00,42624.01,42753.56,42505.0,42684.88,1343.63876,0.0001,64,0.0,0.0,trending,,929.6361060332483,0.0,0.0,,,929.6361060332483,0.0,,trending,0.0,{},,197.0,,,,,,,707.7099398439866,0.0,0.0,0.0,707.7099398439866,0.0,0.0,0.0,1.9289124877856836e-07,0.0,1.0,0.0,,
2024-01-13 13:00:00,42684.88,42791.1,42601.1,42739.14,1075.91091,0.0001,64,0.0,0.0,trending,,929.6361060332483,0.0,0.0,,,929.6361060332483,0.0,,trending,0.0,{},,198.0,,,,,,,707.7099398439866,0.0,0.0,0.0,707.7099398439866,0.0,0.0,0.0,2.2241606563326353e-07,0.0,1.0,0.0,,
2024-01-13 14:00:00,42739.15,42961.1,42640.01,42856.92,1828.24882,0.0001,64,0.0,0.0,trending,,929.6361060332483,0.0,0.0,,,929.6361060332483,0.0,,trending,0.0,{},,199.0,,,,,,,707.7099398439866,0.0,0.0,0.0,707.7099398439866,0.0,0.0,0.0,2.522658361709527e-07,0.0,1.0,0.0,,
2024-01-13 15:00:00,42856.92,43257.0,42856.1,43154.48,1815.55776,0.0001,64,0.0,0.0,trending,,929.6361060332483,0.0,0.0,,,929.6361060332483,0.0,,trending,0.0,{},,200.0,,,,,,,707.7099398439866,0.0,0.0,0.0,707.7099398439866,0.0,0.0,0.0,1.4493379228067806e-07,0.0,1.0,0.0,,
2024-01-13 16:00:00,43154.48,43185.0,42780.71,42895.41,1641.70519,0.0001,64,0.0,0.0,trending,,929.6361060332483,0.0,0.0,,,929.6361060332483,0.0,,trending,0.0,{},,201.0,,,,,,,707.7099398439866,0.0,0.0,0.0,707.7099398439866,0.0,0.0,0.0,2.6112743263760454e-07,0.0,1.0,0.0,,
2024-01-13 17:00:00,42895.41,42988.0,42769.38,42898.33,1001.47905,0.0001,64,-16.24971062733517,0.0,trending,,929.6361060332483,0.0,-1.624971062733517,True,True,928.125474262072,-1.6276158914583823,,trending,-16.24971062733517,{},,202.0,BTCUSDT,2024-01-13 17:00:00,BTCUSDT,42898.33,0.03521423260943482,SHORT,707.7099398439866,0.0,0.0,0.0,707.7099398439866,0.0,0.0,0.0,2.945579709687662e-07,-16.24971062733517,1.0,-16.24971062733517,True,True
2024-01-13 18:00:00,42898.95,42904.0,42724.39,42806.01,738.81709,0.0001,64,-19.785999681131326,0.0,trending,,931.376452216575,-1.6184441743554823,-0.3601557937576503,True,True,931.0410115911395,-1.9793128290961912,,trending,-3.536289053796157,{},,203.0,BTCUSDT,2024-01-13 18:00:00,BTCUSDT,42806.01,0.007836297413266146,SHORT,707.7099398439866,0.0,0.0,0.0,707.7099398439866,0.0,0.0,0.0,3.59904699134481e-07,-19.785999681131326,1.0,-19.785999681131326,True,True
2024-01-13 19:00:00,42806.0,42996.64,42782.0,42786.25,799.84192,0.0001,64,-20.0,0.0,trending,,931.8916900643883,-1.9765931597228,-0.02340684027720008,False,,931.8916900643883,-1.9765931597228,,trending,-0.2140003188686741,{},,204.0,BTCUSDT,2024-01-13 19:00:00,,,,,707.7099398439866,0.0,0.0,0.0,707.7099398439866,0.0,0.0,0.0,4.001347217243934e-07,-21.905456265383265,1.0,-21.905456265383265,True,False
2024-01-13 20:00:00,42786.25,42923.03,42699.52,42870.0,872.06655,0.0001,64,-20.0,0.0,trending,,928.286208174987,-1.9881543060966058,-0.011845693903394183,False,,928.286208174987,-1.9881543060966058,,trending,0.0,{},,205.0,BTCUSDT,2024-01-13 20:00:00,,,,,707.7099398439866,0.0,0.0,0.0,707.7099398439866,0.0,0.0,0.0,3.928975993557533e-07,-21.42304756106323,1.0,-21.42304756106323,True,False
2024-01-13 21:00:00,42870.0,42976.15,42818.0,42963.44,640.52376,0.0001,64,-18.413367636115314,0.0,trending,,924.2635666496658,-2.0011595505198425,0.1598227869083111,False,,924.2635666496658,-2.0011595505198425,,trending,1.5866323638846858,{},,206.0,BTCUSDT,2024-01-13 21:00:00,,,,,707.7099398439866,0.0,0.0,0.0,707.7099398439866,0.0,0.0,0.0,3.386965793108264e-07,-18.413367636115314,1.0,-18.413367636115314,True,False
2024-01-13 22:00:00,42963.45,43040.01,42886.0,42990.65,613.97101,0.0001,64,-17.344999533042383,0.0,trending,,923.0921617277481,-2.0049680251388438,0.27046807183460553,True,True,922.842244853766,-1.7349696769310763,,trending,1.068368103072931,{},,207.0,BTCUSDT,2024-01-13 22:00:00,BTCUSDT,42990.65,0.005807471092159385,REDUCE_SHORT,707.7099398439866,0.0,0.0,0.0,707.7099398439866,0.0,0.0,0.0,3.198635583546091e-07,-17.344999533042383,1.0,-17.344999533042383,True,True
2024-01-13 23:00:00,42990.65,42996.08,42800.3,42847.99,601.05687,0.0001,64,-20.0,0.0,trending,,928.1553396407974,-1.719313727422867,-0.2806862725771331,True,True,927.894819178141,-2.0005615301589614,,trending,-2.655000466957617,{},,208.0,BTCUSDT,2024-01-13 23:00:00,BTCUSDT,42847.99,0.006080109303991586,SHORT,707.7099398439866,0.0,0.0,0.0,707.7099398439866,0.0,0.0,0.0,4.808976438842752e-07,-25.93300609677643,1.0,-25.93300609677643,True,True
2024-01-14 00:00:00,42847.99,42890.23,42664.0,42687.36,927.44774,0.0001,60,-20.0,0.0,trending,,934.853819691654,-1.9782255148490056,-0.02177448515099445,False,,934.853819691654,-1.9782255148490056,,trending,0.0,{},,209.0,BTCUSDT,2024-01-14 00:00:00,,,,,707.7099398439866,0.0,0.0,0.0,707.7099398439866,0.0,0.0,0.0,6.369590018745559e-07,-34.062813554566056,1.0,-34.062813554566056,True,False
2024-01-14 01:00:00,42687.36,42839.86,42676.88,42769.19,615.7996,0.0001,60,-20.0,0.0,trending,,931.3086848350222,-1.9895624767559719,-0.010437523244028135,False,,931.3086848350222,-1.9895624767559719,,trending,0.0,{},,210.0,BTCUSDT,2024-01-14 01:00:00,,,,,707.7099398439866,0.0,0.0,0.0,707.7099398439866,0.0,0.0,0.0,5.130280166187528e-07,-27.271925396925255,1.0,-27.271925396925255,True,False
2024-01-14 02:00:00,42769.18,42829.33,42657.58,42779.06,520.14094,0.0001,60,-20.0,0.0,trending,,930.8810851645474,-1.9909357304940676,-0.00906426950593242,False,,930.8810851645474,-1.9909357304940676,,trending,0.0,{},,211.0,BTCUSDT,2024-01-14 02:00:00,,,,,707.7099398439866,0.0,0.0,0.0,707.7099398439866,0.0,0.0,0.0,5.34965638336767e-07,-28.25965852201996,1.0,-28.25965852201996,True,False
2024-01-14 03:00:00,42779.07,42804.78,42643.98,42681.82,705.78485,0.0001,60,-20.0,0.0,trending,,935.0938300436733,-1.9774610942836617,-0.02253890571633832,False,,935.0938300436733,-1.9774610942836617,,trending,0.0,{},,212.0,BTCUSDT,2024-01-14 03:00:00,,,,,707.7099398439866,0.0,0.0,0.0,707.7099398439866,0.0,0.0,0.0,6.738506214748036e-07,-35.28800968971264,1.0,-35.28800968971264,True,False
2024-01-14 04:00:00,42681.82,42698.99,42562.56,42580.01,691.38369,0.0001,60,-20.0,0.0,trending,,939.5045618016311,-1.963482681894203,-0.03651731810579695,False,,939.5045618016311,-1.963482681894203,,trending,0.0,{},,213.0,BTCUSDT,2024-01-14 04:00:00,,,,,707.7099398439866,0.0,0.0,0.0,707.7099398439866,0.0,0.0,0.0,7.515247758220873e-07,-38.96654941562567,1.0,-38.96654941562567,True,False
2024-01-14 05:00:00,42580.0,42815.17,42576.26,42749.99,519.82513,0.0001,60,-20.0,0.0,trending,,932.1404896651254,-1.98689471096784,-0.013105289032159906,False,,932.1404896651254,-1.98689471096784,,trending,0.0,{},,214.0,BTCUSDT,2024-01-14 05:00:00,,,,,707.7099398439866,0.0,0.0,0.0,707.7099398439866,0.0,0.0,0.0,4.445626843762383e-07,-22.949044368378463,1.0,-22.949044368378463,True,False
2024-01-14 06:00:00,42749.99,42999.0,42749.99,42998.99,864.88904,0.0001,60,0.0,0.0,trending,,921.3530207747265,-2.021866142164071,2.021866142164071,True,True,919.4883035798466,0.0,,trending,20.0,{},,215.0,BTCUSDT,2024-01-14 06:00:00,BTCUSDT,42998.99,-0.043323168234533166,CLOSE,707.7099398439866,0.0,0.0,0.0,707.7099398439866,0.0,0.0,0.0,3.430252447023234e-08,0.0,1.0,0.0,True,True
2024-01-14 07:00:00,42999.0,43060.0,42891.12,43011.44,960.65538,0.0001,60,0.0,0.0,trending,,919.4883035798466,0.0,0.0,,,919.4883035798466,0.0,,trending,0.0,{},,216.0,,,,,,,707.7099398439866,0.0,0.0,0.0,707.7099398439866,0.0,0.0,0.0,1.4629177773303778e-08,0.0,1.0,0.0,,
2024-01-14 08:00:00,43011.44,43030.0,42888.0,42996.25,569.7177,0.0001,60,0.0,0.0,trending,,919.4883035798466,0.0,0.0,,,919.4883035798466,0.0,,trending,0.0,{},,217.0,,,,,,,707.7099398439866,0.0,0.0,0.0,707.7099398439866,0.0,0.0,0.0,4.499823376656553e-08,0.0,1.0,0.0,,
2024-01-14 09:00:00,42996.26,43079.0,42818.34,43052.41,775.89013,0.0001,60,0.0,0.0,trending,,919.4883035798466,0.0,0.0,,,919.4883035798466,0.0,,trending,0.0,{},,218.0,,,,,,,707.7099398439866,0.0,0.0,0.0,707.7099398439866,0.0,0.0,0.0,-6.606628894007408e-08,0.0,1.0,0.0,,
2024-01-14 10:00:00,43052.41,43066.56,42865.9,42889.04,668.92506,0.0001,60,0.0,0.0,trending,,919.4883035798466,0.0,0.0,,,919.4883035798466,0.0,,trending,0.0,{},,219.0,,,,,,,707.7099398439866,0.0,0.0,0.0,707.7099398439866,0.0,0.0,0.0,2.505059319060519e-07,0.0,1.0,0.0,,
2024-01-14 11:00:00,42889.04,42938.75,42759.34,42829.99,870.7438,0.0001,60,-19.691413086945417,0.0,trending,,919.4883035798466,0.0,-1.9691413086945417,True,True,917.6777011784061,-1.9730264766328276,,trending,-19.691413086945417,{},,220.0,BTCUSDT,2024-01-14 11:00:00,BTCUSDT,42829.99,0.04227417287373972,SHORT,707.7099398439866,0.0,0.0,0.0,707.7099398439866,0.0,0.0,0.0,3.790179819929368e-07,-19.691413086945417,1.0,-19.691413086945417,True,True
2024-01-14 12:00:00,42829.99,42847.2,42710.0,42758.0,992.57492,0.0001,60,-20.0,0.0,trending,,920.7210188835866,-1.9631995432526406,-0.036800456747359434,False,,920.7210188835866,-1.9631995432526406,,trending,-0.3085869130545831,{},,221.0,BTCUSDT,2024-01-14 12:00:00,,,,,707.7099398439866,0.0,0.0,0.0,707.7099398439866,0.0,0.0,0.0,5.295424078968787e-07,-27.353115156201063,1.0,-27.353115156201063,True,False
2024-01-14 13:00:00,42757.99,42921.1,42735.75,42891.69,622.71029,0.0001,60,0.0,0.0,trending,,915.0693847120963,-1.9815008000484409,1.9815008000484409,True,True,913.2543589684458,0.0,,trending,20.0,{},,222.0,BTCUSDT,2024-01-14 13:00:00,BTCUSDT,42891.69,-0.04227417287373972,CLOSE,707.7099398439866,0.0,0.0,0.0,707.7099398439866,0.0,0.0,0.0,1.9698679573262396e-07,0.0,1.0,0.0,True,True
2024-01-14 14:00:00,42891.68,43005.25,42790.0,42811.99,1144.92876,0.0001,60,-18.85731992837156,0.0,trending,,913.2543589684458,0.0,-1.8857319928371559,True,True,911.532206006141,-1.8892946962898471,,trending,-18.85731992837156,{},,223.0,BTCUSDT,2024-01-14 14:00:00,BTCUSDT,42811.99,0.0402259498403318,SHORT,707.7099398439866,0.0,0.0,0.0,707.7099398439866,0.0,0.0,0.0,3.6615960017469845e-07,-18.85731992837156,1.0,-18.85731992837156,True,True
2024-01-14 15:00:00,42811.99,42967.97,42804.01,42904.38,875.65217,0.0001,60,0.0,0.0,trending,,907.8157305003926,-1.9011230801863577,1.9011230801863577,True,True,906.0881334655473,0.0,,trending,18.85731992837156,{},,224.0,BTCUSDT,2024-01-14 15:00:00,BTCUSDT,42904.38,-0.0402259498403318,CLOSE,707.7099398439866,0.0,0.0,0.0,707.7099398439866,0.0,0.0,0.0,1.5018377725800515e-07,0.0,1.0,0.0,True,True
2024-01-14 16:00:00,42904.39,42965.0,42856.72,42929.95,1007.12731,0.0001,60,0.0,0.0,trending,,906.0881334655473,0.0,0.0,,,906.0881334655473,0.0,,trending,0.0,{},,225.0,,,,,,,707.7099398439866,0.0,0.0,0.0,707.7099398439866,0.0,0.0,0.0,7.765971027831401e-08,0.0,1.0,0.0,,
2024-01-14 17:00:00,42929.94,43010.84,42877.77,42973.27,941.54492,0.0001,60,0.0,0.0,trending,,906.0881334655473,0.0,0.0,,,906.0881334655473,0.0,,trending,0.0,{},,226.0,,,,,,,707.7099398439866,0.0,0.0,0.0,707.7099398439866,0.0,0.0,0.0,-4.559201055590146e-08,0.0,1.0,0.0,,
2024-01-14 18:00:00,42973.27,43003.99,42836.0,42900.01,687.2036,0.0001,60,0.0,0.0,trending,,906.0881334655473,0.0,0.0,,,906.0881334655473,0.0,,trending,0.0,{},,227.0,,,,,,,707.7099398439866,0.0,0.0,0.0,707.7099398439866,0.0,0.0,0.0,1.6320865243302645e-07,0.0,1.0,0.0,,
2024-01-14 19:00:00,42900.01,42930.56,42632.59,42660.0,1388.49237,0.0001,60,-20.0,0.0,trending,,906.0881334655473,0.0,-2.0,True,True,904.2759571986162,-2.0040080160320644,,trending,-20.0,{},,228.0,BTCUSDT,2024-01-14 19:00:00,BTCUSDT,42660.0,0.04247951868099144,SHORT,707.7099398439866,0.0,0.0,0.0,707.7099398439866,0.0,0.0,0.0,7.188875931711431e-07,-36.90931131012549,1.0,-36.90931131012549,True,True
2024-01-14 20:00:00,42660.0,42745.98,42183.68,42507.92,2883.67843,0.0001,60,-20.0,0.0,trending,,910.7362423996215,-1.982699158839185,-0.017300841160815095,False,,910.7362423996215,-1.982699158839185,,trending,0.0,{},,229.0,BTCUSDT,2024-01-14 20:00:00,,,,,707.7099398439866,0.0,0.0,0.0,707.7099398439866,0.0,0.0,0.0,8.852803076246028e-07,-44.938363648936345,1.0,-44.938363648936345,True,False
2024-01-14 21:00:00,42507.91,42595.41,42000.0,42554.89,3242.00758,0.0001,60,-20.0,0.0,trending,,908.7409794071752,-1.9892480758398408,-0.010751924160159243,False,,908.7409794071752,-1.9892480758398408,,trending,0.0,{},,230.0,BTCUSDT,2024-01-14 21:00:00,,,,,707.7099398439866,0.0,0.0,0.0,707.7099398439866,0.0,0.0,0.0,7.121579722718391e-07,-35.848938588130615,1.0,-35.848938588130615,True,False
2024-01-14 22:00:00,42554.89,42649.0,42073.87,42270.99,1609.15241,0.0001,60,-20.0,0.0,trending,,920.8009147607088,-1.950097225778325,-0.049902774221675106,False,,920.8009147607088,-1.950097225778325,,trending,0.0,{},,231.0,BTCUSDT,2024-01-14 22:00:00,,,,,707.7099398439866,0.0,0.0,0.0,707.7099398439866,0.0,0.0,0.0,9.22528975559364e-07,-45.90259231293744,1.0,-45.90259231293744,True,False
2024-01-14 23:00:00,42271.0,42316.0,41720.0,41732.35,4142.13312,0.0001,60,-20.0,0.0,trending,,943.6820827030378,-1.878567129672352,-0.12143287032764793,False,,943.6820827030378,-1.878567129672352,,trending,0.0,{},,232.0,BTCUSDT,2024-01-14 23:00:00,,,,,707.7099398439866,0.0,0.0,0.0,707.7099398439866,0.0,0.0,0.0,8.867449633766933e-07,-43.64625988155589,1.0,-43.64625988155589,True,False
2024-01-15 00:00:00,41732.35,42353.94,41718.05,42279.75,2433.52283,0.0001,52,0.0,0.0,trending,,920.4287941770631,-1.9512899219525572,1.9512899219525572,True,True,918.6309729258592,0.0,,trending,20.0,{},,233.0,BTCUSDT,2024-01-15 00:00:00,BTCUSDT,42279.75,-0.04247951868099144,CLOSE,707.7099398439866,0.0,0.0,0.0,707.7099398439866,0.0,0.0,0.0,3.011599570758457e-07,0.0,1.0,0.0,True,True
2024-01-15 01:00:00,42279.76,42398.73,42176.28,42275.18,1404.6404,0.0001,52,0.0,0.0,trending,,918.6309729258592,0.0,0.0,,,918.6309729258592,0.0,,trending,0.0,{},,234.0,,,,,,,707.7099398439866,0.0,0.0,0.0,707.7099398439866,0.0,0.0,0.0,2.903861168764556e-07,0.0,1.0,0.0,,
2024-01-15 02:00:00,42275.17,42411.62,42194.12,42399.72,850.09544,0.0001,52,0.0,0.0,trending,,918.6309729258592,0.0,0.0,,,918.6309729258592,0.0,,trending,0.0,{},,235.0,,,,,,,707.7099398439866,0.0,0.0,0.0,707.7099398439866,0.0,0.0,0.0,1.8797131412304425e-07,0.0,1.0,0.0,,
2024-01-15 03:00:00,42399.71,42640.0,42389.27,42565.99,1140.03904,0.0001,52,0.0,0.0,trending,,918.6309729258592,0.0,0.0,,,918.6309729258592,0.0,,trending,0.0,{},,236.0,,,,,,,707.7099398439866,0.0,0.0,0.0,707.7099398439866,0.0,0.0,0.0,6.617438832681714e-08,0.0,1.0,0.0,,
2024-01-15 04:00:00,42565.99,42634.0,42499.01,42591.77,1090.60435,0.0001,52,0.0,0.0,trending,,918.6309729258592,0.0,0.0,,,918.6309729258592,0.0,,trending,0.0,{},,237.0,,,,,,,707.7099398439866,0.0,0.0,0.0,707.7099398439866,0.0,0.0,0.0,4.775045499002412e-08,0.0,1.0,0.0,,
2024-01-15 05:00:00,42591.76,42824.68,42569.73,42739.85,1213.71533,0.0001,52,0.0,0.0,trending,,918.6309729258592,0.0,0.0,,,918.6309729258592,0.0,,trending,0.0,{},,238.0,,,,,,,707.7099398439866,0.0,0.0,0.0,707.7099398439866,0.0,0.0,0.0,-5.6816212831555384e-08,0.0,1.0,0.0,,
2024-01-15 06:00:00,42739.85,42797.06,42612.0,42651.1,985.96635,0.0001,52,0.0,0.0,trending,,918.6309729258592,0.0,0.0,,,918.6309729258592,0.0,,trending,0.0,{},,239.0,,,,,,,707.7099398439866,0.0,0.0,0.0,707.7099398439866,0.0,0.0,0.0,8.278053820433165e-09,0.0,1.0,0.0,,
2024-01-15 07:00:00,42651.09,42764.0,42513.14,42714.78,1093.23136,0.0001,52,0.0,0.0,trending,,918.6309729258592,0.0,0.0,,,918.6309729258592,0.0,,trending,0.0,{},,240.0,,,,,,,707.7099398439866,0.0,0.0,0.0,707.7099398439866,0.0,0.0,0.0,-4.082430871752353e-08,0.0,1.0,0.0,,
2024-01-15 08:00:00,42714.78,42775.0,42641.1,42680.44,1082.69198,0.0001,52,0.0,0.0,trending,,918.6309729258592,0.0,0.0,,,918.6309729258592,0.0,,trending,0.0,{},,241.0,,,,,,,707.7099398439866,0.0,0.0,0.0,707.7099398439866,0.0,0.0,0.0,-1.247071129603971e-08,0.0,1.0,0.0,,
2024-01-15 09:00:00,42680.43,42762.11,42585.86,42750.88,966.05532,0.0001,52,0.0,0.0,trending,,918.6309729258592,0.0,0.0,,,918.6309729258592,0.0,,trending,0.0,{},,242.0,,,,,,,707.7099398439866,0.0,0.0,0.0,707.7099398439866,0.0,0.0,0.0,-7.591652384553987e-08,0.0,1.0,0.0,,
2024-01-15 10:00:00,42750.89,42761.1,42540.0,42565.26,916.19805,0.0001,52,0.0,0.0,trending,,918.6309729258592,0.0,0.0,,,918.6309729258592,0.0,,trending,0.0,{},,243.0,,,,,,,707.7099398439866,0.0,0.0,0.0,707.7099398439866,0.0,0.0,0.0,9.588778522574738e-08,0.0,1.0,0.0,,
2024-01-15 11:00:00,42565.25,42703.95,42542.0,42697.99,847.5779,0.0001,52,0.0,0.0,trending,,918.6309729258592,0.0,0.0,,,918.6309729258592,0.0,,trending,0.0,{},,244.0,,,,,,,707.7099398439866,0.0,0.0,0.0,707.7099398439866,0.0,0.0,0.0,-2.972968685579452e-08,0.0,1.0,0.0,,
2024-01-15 12:00:00,42698.0,42715.99,42570.0,42663.79,1219.39859,0.0001,52,0.0,0.0,trending,,918.6309729258592,0.0,0.0,,,918.6309729258592,0.0,,trending,0.0,{},,245.0,,,,,,,707.7099398439866,0.0,0.0,0.0,707.7099398439866,0.0,0.0,0.0,3.3802170296493527e-09,0.0,1.0,0.0,,
2024-01-15 13:00:00,42663.79,42958.03,42614.12,42852.54,1610.94481,0.0001,52,0.0,0.0,trending,,918.6309729258592,0.0,0.0,,,918.6309729258592,0.0,,trending,0.0,{},,246.0,,,,,,,707.7099398439866,0.0,0.0,0.0,707.7099398439866,0.0,0.0,0.0,-1.7159681415190047e-07,0.0,1.0,0.0,,
2024-01-15 14:00:00,42852.55,42868.53,42172.14,42199.0,3628.83988,0.0001,52,-17.11894784225243,0.0,trending,,918.6309729258592,0.0,-1.7118947842252432,True,True,917.0583733546796,-1.7148303934315898,,trending,-17.11894784225243,{},,247.0,BTCUSDT,2024-01-15 14:00:00,BTCUSDT,42199.0,0.03726627576908313,SHORT,707.7099398439866,0.0,0.0,0.0,707.7099398439866,0.0,0.0,0.0,3.409192393217004e-07,-17.11894784225243,1.0,-17.11894784225243,True,True
2024-01-15 15:00:00,42199.01,42473.99,42163.32,42278.99,2136.5516,0.0001,52,0.0,0.0,trending,,914.0774439559107,-1.7236838202237752,1.7236838202237752,True,True,912.5002862976742,0.0,,trending,17.11894784225243,{},,248.0,BTCUSDT,2024-01-15 15:00:00,BTCUSDT,42278.99,-0.03726627576908313,CLOSE,707.7099398439866,0.0,0.0,0.0,707.7099398439866,0.0,0.0,0.0,2.712465076498858e-07,0.0,1.0,0.0,True,True
2024-01-15 16:00:00,42278.99,42549.0,42249.0,42522.61,1121.26001,0.0001,52,0.0,0.0,trending,,912.5002862976742,0.0,0.0,,,912.5002862976742,0.0,,trending,0.0,{},,249.0,,,,,,,707.7099398439866,0.0,0.0,0.0,707.7099398439866,0.0,0.0,0.0,7.1747199284354e-08,0.0,1.0,0.0,,
2024-01-15 17:00:00,42522.6,42779.78,42521.1,42696.58,1280.44041,0.0001,52,0.0,0.0,trending,,912.5002862976742,0.0,0.0,,,912.5002862976742,0.0,,trending,0.0,{},,250.0,,,,,,,707.7099398439866,0.0,0.0,0.0,707.7099398439866,0.0,0.0,0.0,-6.472617452726536e-08,0.0,1.0,0.0,,
2024-01-15 18:00:00,42696.57,43400.43,42696.57,43015.82,7891.28853,0.0001,52,0.0,0.0,trending,,912.5002862976742,0.0,0.0,,,912.5002862976742,0.0,,trending,0.0,{},,251.0,,,,,,,707.7099398439866,0.0,0.0,0.0,707.7099398439866,0.0,0.0,0.0,-2.7730217455660613e-07,0.0,1.0,0.0,,
2024-01-15 19:00:00,43015.82,43133.8,42825.84,42992.67,2038.31756,0.0001,52,0.0,0.0,trending,,912.5002862976742,0.0,0.0,,,912.5002862976742,0.0,,trending,0.0,{},,252.0,,,,,,,707.7099398439866,0.0,0.0,0.0,707.7099398439866,0.0,0.0,0.0,-2.43702247362502e-07,0.0,1.0,0.0,,
2024-01-15 20:00:00,42992.67,43114.45,42850.0,42960.0,1245.90158,0.0001,52,0.0,0.0,trending,,912.5002862976742,0.0,0.0,,,912.5002862976742,0.0,,trending,0.0,{},,253.0,,,,,,,707.7099398439866,0.0,0.0,0.0,707.7099398439866,0.0,0.0,0.0,-2.0699335976191316e-07,0.0,1.0,0.0,,
2024-01-15 21:00:00,42959.99,42960.0,42710.0,42716.0,920.68651,0.0001,52,0.0,0.0,trending,,912.5002862976742,0.0,0.0,,,912.5002862976742,0.0,,trending,0.0,{},,254.0,,,,,,,707.7099398439866,0.0,0.0,0.0,707.7099398439866,0.0,0.0,0.0,-1.632723695905207e-08,0.0,1.0,0.0,,
2024-01-15 22:00:00,42716.0,42818.31,42342.18,42628.0,1850.23943,0.0001,52,0.0,0.0,trending,,912.5002862976742,0.0,0.0,,,912.5002862976742,0.0,,trending,0.0,{},,255.0,,,,,,,707.7099398439866,0.0,0.0,0.0,707.7099398439866,0.0,0.0,0.0,4.857108175891694e-08,0.0,1.0,0.0,,
2024-01-15 23:00:00,42628.0,42639.99,42474.0,42511.1,1301.68577,0.0001,52,0.0,0.0,trending,,912.5002862976742,0.0,0.0,,,912.5002862976742,0.0,,trending,0.0,{},,256.0,,,,,,,707.7099398439866,0.0,0.0,0.0,707.7099398439866,0.0,0.0,0.0,1.727201513270323e-07,0.0,1.0,0.0,,
2024-01-16 00:00:00,42511.1,42674.0,42466.88,42600.0,1007.25697,0.0001,64,0.0,0.0,trending,,912.5002862976742,0.0,0.0,,,912.5002862976742,0.0,,trending,0.0,{},,257.0,,,,,,,707.7099398439866,0.0,0.0,0.0,707.7099398439866,0.0,0.0,0.0,8.08795760400496e-08,0.0,1.0,0.0,,
2024-01-16 01:00:00,42600.01,42726.97,42555.0,42584.34,875.50468,0.0001,64,0.0,0.0,trending,,912.5002862976742,0.0,0.0,,,912.5002862976742,0.0,,trending,0.0,{},,258.0,,,,,,,707.7099398439866,0.0,0.0,0.0,707.7099398439866,0.0,0.0,0.0,1.0496939380491147e-07,0.0,1.0,0.0,,
2024-01-16 02:00:00,42584.34,42732.45,42553.96,42710.0,967.07632,0.0001,64,0.0,0.0,trending,,912.5002862976742,0.0,0.0,,,912.5002862976742,0.0,,trending,0.0,{},,259.0,,,,,,,707.7099398439866,0.0,0.0,0.0,707.7099398439866,0.0,0.0,0.0,-5.677406033069742e-08,0.0,1.0,0.0,,
2024-01-16 03:00:00,42710.0,42939.5,42702.0,42924.56,1175.44142,0.0001,64,15.220190100912927,0.0,trending,,912.5002862976742,0.0,1.5220190100912927,True,True,911.1114435152151,1.5228147440705242,,trending,15.220190100912927,{},,260.0,BTCUSDT,2024-01-16 03:00:00,BTCUSDT,42924.56,0.03235543433546686,LONG,707.7099398439866,0.0,0.0,0.0,707.7099398439866,0.0,0.0,0.0,-3.0010277824719424e-07,15.220190100912927,1.0,15.220190100912927,True,True
2024-01-16 04:00:00,42924.57,42946.05,42755.33,42803.19,917.47192,0.0001,64,0.0,0.0,trending,,907.1883914289851,1.5250756079570285,-1.5250756079570285,True,True,905.8048605413951,0.0,,trending,-15.220190100912927,{},,261.0,BTCUSDT,2024-01-16 04:00:00,BTCUSDT,42803.19,0.03232307890113139,CLOSE,707.7099398439866,0.0,0.0,0.0,707.7099398439866,0.0,0.0,0.0,-1.3810474682719965e-07,0.0,1.0,0.0,True,True
2024-01-16 05:00:00,42803.18,42931.33,42768.0,42773.82,814.04215,0.0001,64,0.0,0.0,trending,,905.8048605413951,0.0,0.0,,,905.8048605413951,0.0,,trending,0.0,{},,262.0,,,,,,,707.7099398439866,0.0,0.0,0.0,707.7099398439866,0.0,0.0,0.0,-9.891906928192416e-08,0.0,1.0,0.0,,
2024-01-16 06:00:00,42773.82,42780.0,42646.89,42741.09,963.99198,0.0001,64,0.0,0.0,trending,,905.8048605413951,0.0,0.0,,,905.8048605413951,0.0,,trending,0.0,{},,263.0,,,,,,,707.7099398439866,0.0,0.0,0.0,707.7099398439866,0.0,0.0,0.0,-5.378732847446962e-08,0.0,1.0,0.0,,
2024-01-16 07:00:00,42741.1,42791.14,42606.92,42791.13,952.74344,0.0001,64,0.0,0.0,trending,,905.8048605413951,0.0,0.0,,,905.8048605413951,0.0,,trending,0.0,{},,264.0,,,,,,,707.7099398439866,0.0,0.0,0.0,707.7099398439866,0.0,0.0,0.0,-1.2072849702480062e-07,0.0,1.0,0.0,,
2024-01-16 08:00:00,42791.14,43022.0,42720.06,43014.53,1421.99021,0.0001,64,19.04056297266902,0.0,trending,,905.8048605413951,0.0,1.904056297266902,True,True,904.0801570925862,1.9057809551985925,,trending,19.04056297266902,{},,265.0,BTCUSDT,2024-01-16 08:00:00,BTCUSDT,43014.53,0.04009583386843495,LONG,707.7099398439866,0.0,0.0,0.0,707.7099398439866,0.0,0.0,0.0,-3.7433003298186053e-07,19.04056297266902,1.0,19.04056297266902,True,True
2024-01-16 09:00:00,43014.53,43153.66,42896.41,42940.01,1762.34779,0.0001,64,0.0,0.0,trending,,901.0952034942504,1.9087814307432849,-1.9087814307432849,True,True,899.3752097024887,0.0,,trending,-19.04056297266902,{},,266.0,BTCUSDT,2024-01-16 09:00:00,BTCUSDT,42940.01,0.04005573803456652,CLOSE,707.7099398439866,0.0,0.0,0.0,707.7099398439866,0.0,0.0,0.0,-2.5814902926271854e-07,0.0,1.0,0.0,True,True
2024-01-16 10:00:00,42940.01,42971.1,42851.45,42872.0,823.26434,0.0001,64,0.0,0.0,trending,,899.3752097024887,0.0,0.0,,,899.3752097024887,0.0,,trending,0.0,{},,267.0,,,,,,,707.7099398439866,0.0,0.0,0.0,707.7099398439866,0.0,0.0,0.0,-1.6126264301578746e-07,0.0,1.0,0.0,,
2024-01-16 11:00:00,42872.01,42945.54,42753.55,42900.54,841.64338,0.0001,64,0.0,0.0,trending,,899.3752097024887,0.0,0.0,,,899.3752097024887,0.0,,trending,0.0,{},,268.0,,,,,,,707.7099398439866,0.0,0.0,0.0,707.7099398439866,0.0,0.0,0.0,-1.9452839544201057e-07,0.0,1.0,0.0,,
2024-01-16 12:00:00,42900.55,43166.0,42857.32,43156.12,1134.71946,0.0001,64,20.0,0.0,trending,,899.3752097024887,0.0,2.0,True,True,897.5764592830838,2.002004008016032,,trending,20.0,{},,269.0,BTCUSDT,2024-01-16 12:00:00,BTCUSDT,43156.12,0.0416800773425641,LONG,707.7099398439866,0.0,0.0,0.0,707.7099398439866,0.0,0.0,0.0,-4.460586922268111e-07,22.599227373302398,1.0,22.599227373302398,True,True
2024-01-16 13:00:00,43156.11,43174.48,42700.0,42805.83,1752.96929,0.0001,64,0.0,0.0,trending,,882.9909451050491,2.018555416324785,-2.018555416324785,True,True,881.2085789502416,0.0,,trending,-20.0,{},,270.0,BTCUSDT,2024-01-16 13:00:00,BTCUSDT,42805.83,0.04163839726522153,CLOSE,707.7099398439866,0.0,0.0,0.0,707.7099398439866,0.0,0.0,0.0,-1.2560620494370563e-08,0.0,1.0,0.0,True,True
2024-01-16 14:00:00,42805.83,42954.0,42050.0,42690.0,9514.26629,0.0001,64,0.0,0.0,trending,,881.2085789502416,0.0,0.0,,,881.2085789502416,0.0,,trending,0.0,{},,271.0,,,,,,,707.7099398439866,0.0,0.0,0.0,707.7099398439866,0.0,0.0,0.0,1.2602677485318338e-07,0.0,1.0,0.0,,
2024-01-16 15:00:00,42690.0,43314.73,42543.01,43252.67,5566.03085,0.0001,64,20.0,0.0,trending,,881.2085789502416,0.0,2.0,True,True,879.4461617923414,2.0020040080160317,,trending,20.0,{},,272.0,BTCUSDT,2024-01-16 15:00:00,BTCUSDT,43252.67,0.04074701418202584,LONG,707.7099398439866,0.0,0.0,0.0,707.7099398439866,0.0,0.0,0.0,-4.7162719851339535e-07,23.88843723435411,1.0,23.88843723435411,True,True
2024-01-16 16:00:00,43252.45,43434.0,43011.1,43249.72,3535.61086,0.0001,64,20.0,0.0,trending,,879.3260783041962,2.002140844781581,-0.0021408447815809417,False,,879.3260783041962,2.002140844781581,,trending,0.0,{},,273.0,BTCUSDT,2024-01-16 16:00:00,,,,,707.7099398439866,0.0,0.0,0.0,707.7099398439866,0.0,0.0,0.0,-4.474999035589485e-07,22.585550510803447,1.0,22.585550510803447,True,False
2024-01-16 17:00:00,43249.72,43249.72,43031.0,43051.74,1495.67672,0.0001,64,0.0,0.0,trending,,871.2670515303064,2.011410425084334,-2.011410425084334,True,True,869.5145758998258,0.0,,trending,-20.0,{},,274.0,BTCUSDT,2024-01-16 17:00:00,BTCUSDT,43051.74,0.04070626716784381,CLOSE,707.7099398439866,0.0,0.0,0.0,707.7099398439866,0.0,0.0,0.0,-2.0491934662228543e-07,0.0,1.0,0.0,True,True
2024-01-16 18:00:00,43051.74,43157.85,42834.29,43013.0,1537.50667,0.0001,64,0.0,0.0,trending,,869.5145758998258,0.0,0.0,,,869.5145758998258,0.0,,trending,0.0,{},,275.0,,,,,,,707.7099398439866,0.0,0.0,0.0,707.7099398439866,0.0,0.0,0.0,-1.5960816934865834e-07,0.0,1.0,0.0,,
2024-01-16 19:00:00,43013.0,43182.56,42949.0,43166.11,1155.16262,0.0001,64,15.161429749378195,0.0,trending,,869.5145758998258,0.0,1.5161429749378195,True,True,868.1962674839692,1.5169267097373453,,trending,15.161429749378195,{},,276.0,BTCUSDT,2024-01-16 19:00:00,BTCUSDT,43166.11,0.030540357142595388,LONG,707.7099398439866,0.0,0.0,0.0,707.7099398439866,0.0,0.0,0.0,-3.0070250628472877e-07,15.161429749378195,1.0,15.161429749378195,True,True
2024-01-16 20:00:00,43166.1,43370.11,43060.69,43200.01,2329.86499,0.0001,64,15.979186634436022,0.0,trending,,869.2305502729962,1.516311627353389,0.08160703609021325,False,,869.2305502729962,1.516311627353389,,trending,0.8177568850578272,{},,277.0,BTCUSDT,2024-01-16 20:00:00,,,,,707.7099398439866,0.0,0.0,0.0,707.7099398439866,0.0,0.0,0.0,-3.1745307900930394e-07,15.979186634436022,1.0,15.979186634436022,True,False
2024-01-16 21:00:00,43200.01,43578.01,43185.01,43434.71,2305.15993,0.0001,64,20.0,0.0,trending,,876.3912042725417,1.5120930444860623,0.4879069555139377,True,True,875.963606908226,2.0004881451249155,,trending,4.020813365563978,{},,278.0,BTCUSDT,2024-01-16 21:00:00,BTCUSDT,43434.71,0.009844600420166482,LONG,707.7099398439866,0.0,0.0,0.0,707.7099398439866,0.0,0.0,0.0,-4.6279372809492884e-07,23.20904232616801,1.0,23.20904232616801,True,True
2024-01-16 22:00:00,43434.71,43496.05,43202.0,43206.0,968.43985,0.0001,64,0.0,0.0,trending,,866.7363997076909,2.0111392628348215,-2.0111392628348215,True,True,864.9932721037108,0.0,,trending,-20.0,{},,279.0,BTCUSDT,2024-01-16 22:00:00,BTCUSDT,43206.0,0.04034457260519911,CLOSE,707.7099398439866,0.0,0.0,0.0,707.7099398439866,0.0,0.0,0.0,-2.182098341024438e-07,0.0,1.0,0.0,True,True
2024-01-16 23:00:00,43206.0,43286.0,43112.0,43137.95,1227.56376,0.0001,64,0.0,0.0,trending,,864.9932721037108,0.0,0.0,,,864.9932721037108,0.0,,trending,0.0,{},,280.0,,,,,,,707.7099398439866,0.0,0.0,0.0,707.7099398439866,0.0,0.0,0.0,-1.5876637897773124e-07,0.0,1.0,0.0,,
2024-01-17 00:00:00,43137.94,43175.99,43050.01,43092.0,938.65364,0.0001,60,0.0,0.0,trending,,864.9932721037108,0.0,0.0,,,864.9932721037108,0.0,,trending,0.0,{},,281.0,,,,,,,707.7099398439866,0.0,0.0,0.0,707.7099398439866,0.0,0.0,0.0,-1.145284213588368e-07,0.0,1.0,0.0,,
2024-01-17 01:00:00,43092.0,43198.0,42960.64,42970.0,868.4347,0.0001,60,0.0,0.0,trending,,864.9932721037108,0.0,0.0,,,864.9932721037108,0.0,,trending,0.0,{},,282.0,,,,,,,707.7099398439866,0.0,0.0,0.0,707.7099398439866,0.0,0.0,0.0,2.6354574374074644e-08,0.0,1.0,0.0,,
2024-01-17 02:00:00,42970.01,43061.1,42918.11,42997.25,1068.4692,0.0001,60,0.0,0.0,trending,,864.9932721037108,0.0,0.0,,,864.9932721037108,0.0,,trending,0.0,{},,283.0,,,,,,,707.7099398439866,0.0,0.0,0.0,707.7099398439866,0.0,0.0,0.0,-8.326954783709414e-09,0.0,1.0,0.0,,
2024-01-17 03:00:00,42997.26,43025.71,42844.98,42849.0,836.395,0.0001,60,0.0,0.0,trending,,864.9932721037108,0.0,0.0,,,864.9932721037108,0.0,,trending,0.0,{},,284.0,,,,,,,707.7099398439866,0.0,0.0,0.0,707.7099398439866,0.0,0.0,0.0,1.827927515212095e-07,0.0,1.0,0.0,,
2024-01-17 04:00:00,42849.0,42921.1,42781.49,42854.01,791.3964,0.0001,60,0.0,0.0,trending,,864.9932721037108,0.0,0.0,,,864.9932721037108,0.0,,trending,0.0,{},,285.0,,,,,,,707.7099398439866,0.0,0.0,0.0,707.7099398439866,0.0,0.0,0.0,1.7717933532762464e-07,0.0,1.0,0.0,,
2024-01-17 05:00:00,42854.01,42925.49,42765.41,42783.39,661.25196,0.0001,60,0.0,0.0,trending,,864.9932721037108,0.0,0.0,,,864.9932721037108,0.0,,trending,0.0,{},,286.0,,,,,,,707.7099398439866,0.0,0.0,0.0,707.7099398439866,0.0,0.0,0.0,2.7246433758750306e-07,0.0,1.0,0.0,,
2024-01-17 06:00:00,42783.39,42876.34,42766.0,42806.05,802.28142,0.0001,60,0.0,0.0,trending,,864.9932721037108,0.0,0.0,,,864.9932721037108,0.0,,trending,0.0,{},,287.0,,,,,,,707.7099398439866,0.0,0.0,0.0,707.7099398439866,0.0,0.0,0.0,2.3806614611429607e-07,0.0,1.0,0.0,,
2024-01-17 07:00:00,42806.05,42851.1,42619.6,42655.94,1357.30632,0.0001,60,-20.0,0.0,trending,,864.9932721037108,0.0,-2.0,True,True,863.2632855595036,-2.004008016032064,,trending,-20.0,{},,288.0,BTCUSDT,2024-01-17 07:00:00,BTCUSDT,42655.94,0.0405567558517623,SHORT,707.7099398439866,0.0,0.0,0.0,707.7099398439866,0.0,0.0,0.0,4.27050030052255e-07,-21.466179825566613,1.0,-21.466179825566613,True,True
2024-01-17 08:00:00,42655.95,42747.65,42564.0,42728.76,1188.18884,0.0001,60,0.0,0.0,trending,,860.3099425983785,-2.0143204226311506,2.0143204226311506,True,True,858.5752680366481,0.0,,trending,20.0,{},,289.0,BTCUSDT,2024-01-17 08:00:00,BTCUSDT,42728.76,-0.0405567558517623,CLOSE,707.7099398439866,0.0,0.0,0.0,707.7099398439866,0.0,0.0,0.0,2.860224083695493e-07,0.0,1.0,0.0,True,True
2024-01-17 09:00:00,42728.76,42830.0,42674.0,42678.57,938.2664,0.0001,60,-16.869688791000733,0.0,trending,,858.5752680366481,0.0,-1.6869688791000734,True,True,857.1268782791053,-1.689819552095754,,trending,-16.869688791000733,{},,290.0,BTCUSDT,2024-01-17 09:00:00,BTCUSDT,42678.57,0.03393716700308444,SHORT,707.7099398439866,0.0,0.0,0.0,707.7099398439866,0.0,0.0,0.0,3.3662908905592556e-07,-16.869688791000733,1.0,-16.869688791000733,True,True
2024-01-17 10:00:00,42678.56,42850.55,42622.36,42850.04,1193.04037,0.0001,60,0.0,0.0,trending,,851.3076722530864,-1.7082061056963256,1.7082061056963256,True,True,849.8520076248892,0.0,,trending,16.869688791000733,{},,291.0,BTCUSDT,2024-01-17 10:00:00,BTCUSDT,42850.04,-0.03393716700308444,CLOSE,707.7099398439866,0.0,0.0,0.0,707.7099398439866,0.0,0.0,0.0,6.302743084985255e-08,0.0,1.0,0.0,True,True
2024-01-17 11:00:00,42850.05,42850.55,42672.95,42680.16,1093.25163,0.0001,60,0.0,0.0,trending,,849.8520076248892,0.0,0.0,,,849.8520076248892,0.0,,trending,0.0,{},,292.0,,,,,,,707.7099398439866,0.0,0.0,0.0,707.7099398439866,0.0,0.0,0.0,2.7230130386975184e-07,0.0,1.0,0.0,,
2024-01-17 12:00:00,42680.16,42788.0,42411.0,42782.43,2445.67123,0.0001,60,0.0,0.0,trending,,849.8520076248892,0.0,0.0,,,849.8520076248892,0.0,,trending,0.0,{},,293.0,,,,,,,707.7099398439866,0.0,0.0,0.0,707.7099398439866,0.0,0.0,0.0,1.2288675107766731e-07,0.0,1.0,0.0,,
2024-01-17 13:00:00,42782.42,42782.43,42518.0,42609.84,1305.63482,0.0001,60,-15.752487139269984,0.0,trending,,849.8520076248892,0.0,-1.5752487139269984,True,True,848.5132793428497,-1.5777340374403954,,trending,-15.752487139269984,{},,294.0,BTCUSDT,2024-01-17 13:00:00,BTCUSDT,42609.84,0.03141828934441867,SHORT,707.7099398439866,0.0,0.0,0.0,707.7099398439866,0.0,0.0,0.0,3.1422755667996973e-07,-15.752487139269984,1.0,-15.752487139269984,True,True
2024-01-17 14:00:00,42609.83,42926.02,42365.58,42576.01,3407.6999,0.0001,60,-17.067584917123902,0.0,trending,,849.5761600713713,-1.5745091072217563,-0.13224938449063384,False,,849.5761600713713,-1.5745091072217563,,trending,-1.315097777853918,{},,295.0,BTCUSDT,2024-01-17 14:00:00,,,,,707.7099398439866,0.0,0.0,0.0,707.7099398439866,0.0,0.0,0.0,3.411037465426675e-07,-17.067584917123902,1.0,-17.067584917123902,True,False
2024-01-17 15:00:00,42576.02,42768.0,42472.85,42482.79,2383.89587,0.0001,60,-20.0,0.0,trending,,852.504973004058,-1.5656642842502486,-0.4343357157497514,True,True,852.1346996464281,-2.0008690488904715,,trending,-2.9324150828760978,{},,296.0,BTCUSDT,2024-01-17 15:00:00,BTCUSDT,42482.79,0.008715843701177346,SHORT,707.7099398439866,0.0,0.0,0.0,707.7099398439866,0.0,0.0,0.0,4.2407418947053465e-07,-21.156164151873146,1.0,-21.156164151873146,True,True
2024-01-17 16:00:00,42482.8,42564.13,42250.31,42360.28,2301.05574,0.0001,60,-20.0,0.0,trending,,857.0515322858441,-1.9836533152614262,-0.016346684738573813,False,,857.0515322858441,-1.9836533152614262,,trending,0.0,{},,297.0,BTCUSDT,2024-01-17 16:00:00,,,,,707.7099398439866,0.0,0.0,0.0,707.7099398439866,0.0,0.0,0.0,5.128243610676338e-07,-25.47868205580917,1.0,-25.47868205580917,True,False
2024-01-17 17:00:00,42360.29,42470.32,42200.69,42371.1,1419.22346,0.0001,60,-20.0,0.0,trending,,856.6172809662908,-1.9851658406540735,-0.014834159345926468,False,,856.6172809662908,-1.9851658406540735,,trending,0.0,{},,298.0,BTCUSDT,2024-01-17 17:00:00,,,,,707.7099398439866,0.0,0.0,0.0,707.7099398439866,0.0,0.0,0.0,4.6633613493014555e-07,-23.088778936909634,1.0,-23.088778936909634,True,False
2024-01-17 18:00:00,42371.1,42612.48,42278.98,42612.45,1471.83973,0.0001,60,0.0,0.0,trending,,846.9309079557363,-2.0193072677283728,2.0193072677283728,True,True,845.2189822923742,0.0,,trending,20.0,{},,299.0,BTCUSDT,2024-01-17 18:00:00,BTCUSDT,42612.45,-0.040134133045596015,CLOSE,707.7099398439866,0.0,0.0,0.0,707.7099398439866,0.0,0.0,0.0,1.4016592051883697e-07,0.0,1.0,0.0,True,True
2024-01-17 19:00:00,42612.46,42745.99,42555.22,42611.11,1041.3737,0.0001,60,0.0,0.0,trending,,845.2189822923742,0.0,0.0,,,845.2189822923742,0.0,,trending,0.0,{},,300.0,,,,,,,707.7099398439866,0.0,0.0,0.0,707.7099398439866,0.0,0.0,0.0,1.4483991480371205e-07,0.0,1.0,0.0,,
2024-01-17 20:00:00,42611.1,42876.48,42559.29,42722.9,2990.71477,0.0001,60,0.0,0.0,trending,,845.2189822923742,0.0,0.0,,,845.2189822923742,0.0,,trending,0.0,{},,301.0,,,,,,,707.7099398439866,0.0,0.0,0.0,707.7099398439866,0.0,0.0,0.0,6.142071921822428e-09,0.0,1.0,0.0,,
2024-01-17 21:00:00,42722.9,42822.96,42603.2,42676.13,1125.24713,0.0001,60,0.0,0.0,trending,,845.2189822923742,0.0,0.0,,,845.2189822923742,0.0,,trending,0.0,{},,302.0,,,,,,,707.7099398439866,0.0,0.0,0.0,707.7099398439866,0.0,0.0,0.0,7.624885316591642e-08,0.0,1.0,0.0,,
2024-01-17 22:00:00,42676.14,42729.06,42450.0,42722.14,767.12266,0.0001,60,0.0,0.0,trending,,845.2189822923742,0.0,0.0,,,845.2189822923742,0.0,,trending,0.0,{},,303.0,,,,,,,707.7099398439866,0.0,0.0,0.0,707.7099398439866,0.0,0.0,0.0,3.1292585501800966e-09,0.0,1.0,0.0,,
2024-01-17 23:00:00,42722.13,42792.48,42619.73,42776.1,869.79899,0.0001,60,0.0,0.0,trending,,845.2189822923742,0.0,0.0,,,845.2189822923742,0.0,,trending,0.0,{},,304.0,,,,,,,707.7099398439866,0.0,0.0,0.0,707.7099398439866,0.0,0.0,0.0,-1.0266064300308618e-07,0.0,1.0,0.0,,
2024-01-18 00:00:00,42776.09,42784.4,42617.31,42660.79,877.07281,0.0001,63,0.0,0.0,trending,,845.2189822923742,0.0,0.0,,,845.2189822923742,0.0,,trending,0.0,{},,305.0,,,,,,,707.7099398439866,0.0,0.0,0.0,707.7099398439866,0.0,0.0,0.0,1.449201341570197e-07,0.0,1.0,0.0,,
2024-01-18 01:00:00,42660.79,42713.92,42502.19,42584.62,814.27639,0.0001,63,-16.18281877383677,0.0,trending,,845.2189822923742,0.0,-1.6182818773836771,True,True,843.8511797309097,-1.620904958502984,,trending,-16.18281877383677,{},,306.0,BTCUSDT,2024-01-18 01:00:00,BTCUSDT,42584.62,0.032119637593676406,SHORT,707.7099398439866,0.0,0.0,0.0,707.7099398439866,0.0,0.0,0.0,3.2403587056481373e-07,-16.18281877383677,1.0,-16.18281877383677,True,True
2024-01-18 02:00:00,42584.61,42721.0,42584.12,42653.82,563.69795,0.0001,63,0.0,0.0,trending,,841.6285008094276,-1.6278265755832875,1.6278265755832875,True,True,840.2571041724048,0.0,,trending,16.18281877383677,{},,307.0,BTCUSDT,2024-01-18 02:00:00,BTCUSDT,42653.82,-0.032119637593676406,CLOSE,707.7099398439866,0.0,0.0,0.0,707.7099398439866,0.0,0.0,0.0,1.5772501368398126e-07,0.0,1.0,0.0,True,True
2024-01-18 03:00:00,42653.81,42676.75,42550.0,42592.05,522.20522,0.0001,63,-16.52681512289354,0.0,trending,,840.2571041724048,0.0,-1.6526815122893541,True,True,838.8684267907693,-1.6554173900049378,,trending,-16.52681512289354,{},,308.0,BTCUSDT,2024-01-18 03:00:00,BTCUSDT,42592.05,0.03260414517816173,SHORT,707.7099398439866,0.0,0.0,0.0,707.7099398439866,0.0,0.0,0.0,3.313000984481405e-07,-16.52681512289354,1.0,-16.52681512289354,True,True
2024-01-18 04:00:00,42592.04,42689.95,42589.0,42665.0,550.151,0.0001,63,0.0,0.0,trending,,836.4899544000225,-1.6629677938260639,1.6629677938260639,True,True,835.0975060976939,0.0,,trending,16.52681512289354,{},,309.0,BTCUSDT,2024-01-18 04:00:00,BTCUSDT,42665.0,-0.03260414517816173,CLOSE,707.7099398439866,0.0,0.0,0.0,707.7099398439866,0.0,0.0,0.0,1.0745139204413273e-07,0.0,1.0,0.0,True,True
2024-01-18 05:00:00,42664.99,42784.99,42634.0,42772.87,797.44359,0.0001,63,0.0,0.0,trending,,835.0975060976939,0.0,0.0,,,835.0975060976939,0.0,,trending,0.0,{},,310.0,,,,,,,707.7099398439866,0.0,0.0,0.0,707.7099398439866,0.0,0.0,0.0,-2.2507668118741147e-07,0.0,1.0,0.0,,
2024-01-18 06:00:00,42772.86,42873.25,42759.13,42807.05,817.27204,0.0001,63,16.23781236343501,0.0,trending,,835.0975060976939,0.0,1.6237812363435011,True,True,833.7414904367752,1.624795767988107,,trending,16.23781236343501,{},,311.0,BTCUSDT,2024-01-18 06:00:00,BTCUSDT,42807.05,0.03167739101196387,LONG,707.7099398439866,0.0,0.0,0.0,707.7099398439866,0.0,0.0,0.0,-3.2574231705874437e-07,16.23781236343501,1.0,16.23781236343501,True,True
2024-01-18 07:00:00,42807.04,42922.0,42804.0,42915.33,1228.24675,0.0001,63,20.0,0.0,trending,,837.1680883076517,1.6222384274991157,0.37776157250088427,True,True,836.851838374165,2.000377904330235,,trending,3.7621876365649882,{},,312.0,BTCUSDT,2024-01-18 07:00:00,BTCUSDT,42915.33,0.007369160006148331,LONG,707.7099398439866,0.0,0.0,0.0,707.7099398439866,0.0,0.0,0.0,-5.757603361110862e-07,28.564945208109457,1.0,28.564945208109457,True,True
2024-01-18 08:00:00,42915.32,42930.0,42724.0,42742.0,870.48171,0.0001,63,0.0,0.0,trending,,830.0906676248837,2.008526081497842,-2.008526081497842,True,True,828.4234088689511,0.0,,trending,-20.0,{},,313.0,BTCUSDT,2024-01-18 08:00:00,BTCUSDT,42742.0,0.039007504467094084,CLOSE,707.7099398439866,0.0,0.0,0.0,707.7099398439866,0.0,0.0,0.0,-4.419787911203336e-08,0.0,1.0,0.0,True,True
2024-01-18 09:00:00,42742.0,42871.85,42709.61,42743.84,958.8749,0.0001,63,0.0,0.0,trending,,828.4234088689511,0.0,0.0,,,828.4234088689511,0.0,,trending,0.0,{},,314.0,,,,,,,707.7099398439866,0.0,0.0,0.0,707.7099398439866,0.0,0.0,0.0,-4.900550731299106e-08,0.0,1.0,0.0,,
2024-01-18 10:00:00,42743.85,42779.27,42388.0,42447.66,1548.48202,0.0001,63,-20.0,0.0,trending,,828.4234088689511,0.0,-2.0,True,True,826.766562051213,-2.004008016032065,,trending,-20.0,{},,315.0,BTCUSDT,2024-01-18 10:00:00,BTCUSDT,42447.66,0.039032700924807213,SHORT,707.7099398439866,0.0,0.0,0.0,707.7099398439866,0.0,0.0,0.0,6.745333191496994e-07,-33.39710319375139,1.0,-33.39710319375139,True,True
2024-01-18 11:00:00,42447.67,42551.1,42387.68,42544.59,1489.29762,0.0001,63,-19.240014314407915,0.0,trending,,822.9831223505716,-2.0178181208571053,0.09381668941631371,False,,822.9831223505716,-2.0178181208571053,,trending,0.7599856855920848,{},,316.0,BTCUSDT,2024-01-18 11:00:00,,,,,707.7099398439866,0.0,0.0,0.0,707.7099398439866,0.0,0.0,0.0,3.895063467853017e-07,-19.240014314407915,1.0,-19.240014314407915,True,False
2024-01-18 12:00:00,42544.6,42547.39,42353.8,42433.44,1113.60163,0.0001,63,-20.0,0.0,trending,,827.3216070583637,-2.0019926454234476,0.00199264542344757,False,,827.3216070583637,-2.0019926454234476,,trending,-0.7599856855920848,{},,317.0,BTCUSDT,2024-01-18 12:00:00,,,,,707.7099398439866,0.0,0.0,0.0,707.7099398439866,0.0,0.0,0.0,6.114868019586314e-07,-30.05237300225279,1.0,-30.05237300225279,True,False
2024-01-18 13:00:00,42433.45,42657.16,42362.0,42508.0,1491.62445,0.0001,63,-19.391134651996307,0.0,trending,,824.4113288774101,-2.0125900661397003,0.07347660094006958,False,,824.4113288774101,-2.0125900661397003,,trending,0.6088653480036932,{},,318.0,BTCUSDT,2024-01-18 13:00:00,,,,,707.7099398439866,0.0,0.0,0.0,707.7099398439866,0.0,0.0,0.0,3.9549181837400484e-07,-19.391134651996307,1.0,-19.391134651996307,True,False
2024-01-18 14:00:00,42508.01,42742.0,42428.37,42738.7,1312.17402,0.0001,63,0.0,0.0,trending,,815.4064847740574,-2.0458592446407935,2.0458592446407935,True,True,813.7366080022705,0.0,,trending,19.391134651996307,{},,319.0,BTCUSDT,2024-01-18 14:00:00,BTCUSDT,42738.7,-0.039032700924807213,CLOSE,707.7099398439866,0.0,0.0,0.0,707.7099398439866,0.0,0.0,0.0,-1.5493889181770127e-07,0.0,1.0,0.0,True,True
2024-01-18 15:00:00,42738.7,42810.0,42611.1,42619.32,1369.13154,0.0001,63,0.0,0.0,trending,,813.7366080022705,0.0,0.0,,,813.7366080022705,0.0,,trending,0.0,{},,320.0,,,,,,,707.7099398439866,0.0,0.0,0.0,707.7099398439866,0.0,0.0,0.0,1.1008323551155665e-07,0.0,1.0,0.0,,
2024-01-18 16:00:00,42619.31,42619.32,41736.27,41948.99,4847.44805,0.0001,63,-20.0,0.0,trending,,813.7366080022705,0.0,-2.0,True,True,812.1091347862662,-2.0040080160320635,,trending,-20.0,{},,321.0,BTCUSDT,2024-01-18 16:00:00,BTCUSDT,41948.99,0.038796481536374085,SHORT,707.7099398439866,0.0,0.0,0.0,707.7099398439866,0.0,0.0,0.0,8.462903791656158e-07,-41.242749461538196,1.0,-41.242749461538196,True,True
2024-01-18 17:00:00,41948.99,42178.39,41500.0,41816.71,4035.11879,0.0001,63,-20.0,0.0,trending,,817.2411333638977,-1.9851438592537414,-0.014856140746258628,False,,817.2411333638977,-1.9851438592537414,,trending,0.0,{},,322.0,BTCUSDT,2024-01-18 17:00:00,,,,,707.7099398439866,0.0,0.0,0.0,707.7099398439866,0.0,0.0,0.0,7.358227806217778e-07,-35.63063843542439,1.0,-35.63063843542439,True,False
2024-01-18 18:00:00,41816.71,41916.07,41370.0,41508.95,3372.52432,0.0001,63,-20.0,0.0,trending,,829.1811385215321,-1.9421585193564508,-0.057841480643549215,False,,829.1811385215321,-1.9421585193564508,,trending,0.0,{},,323.0,BTCUSDT,2024-01-18 18:00:00,,,,,707.7099398439866,0.0,0.0,0.0,707.7099398439866,0.0,0.0,0.0,6.746026900166452e-07,-32.483937720513325,1.0,-32.483937720513325,True,False
2024-01-18 19:00:00,41508.95,41601.52,40831.99,41022.32,5153.56414,0.0001,63,-20.0,0.0,trending,,848.0606703315777,-1.876660168472346,-0.12333983152765393,False,,848.0606703315777,-1.876660168472346,,trending,0.0,{},,324.0,BTCUSDT,2024-01-18 19:00:00,,,,,707.7099398439866,0.0,0.0,0.0,707.7099398439866,0.0,0.0,0.0,6.063324133134559e-07,-29.05880446260283,1.0,-29.05880446260283,True,False
2024-01-18 20:00:00,41022.33,41315.8,40683.28,40835.6,4564.22596,0.0001,63,-20.0,0.0,trending,,855.3047493640497,-1.8522960413872664,-0.14770395861273355,False,,855.3047493640497,-1.8522960413872664,,trending,0.0,{},,325.0,BTCUSDT,2024-01-18 20:00:00,,,,,707.7099398439866,0.0,0.0,0.0,707.7099398439866,0.0,0.0,0.0,5.202151218608666e-07,-24.840231628762094,1.0,-24.840231628762094,True,False
2024-01-18 21:00:00,40835.6,41266.0,40757.85,41124.0,2812.08735,0.0001,63,-16.01980148166412,0.0,trending,,844.1158440889592,-1.8901037314656848,0.28812358329927257,True,True,843.8723909541056,-1.6024423117508888,,trending,3.980198518335879,{},,326.0,BTCUSDT,2024-01-18 21:00:00,BTCUSDT,41124.0,0.005914057040137171,REDUCE_SHORT,707.7099398439866,0.0,0.0,0.0,707.7099398439866,0.0,0.0,0.0,3.3599194946336483e-07,-16.01980148166412,1.0,-16.01980148166412,True,True
2024-01-18 22:00:00,41123.99,41366.99,41076.01,41354.67,1784.04241,0.0001,63,0.0,0.0,trending,,836.2874020955587,-1.6260460344545653,1.6260460344545653,True,True,834.9261990787002,0.0,,trending,16.01980148166412,{},,327.0,BTCUSDT,2024-01-18 22:00:00,BTCUSDT,41354.67,-0.03288242449623691,CLOSE,707.7099398439866,0.0,0.0,0.0,707.7099398439866,0.0,0.0,0.0,2.2983551746347704e-07,0.0,1.0,0.0,True,True
2024-01-18 23:00:00,41354.67,41361.0,41203.18,41327.5,1014.47175,0.0001,63,0.0,0.0,trending,,834.9261990787002,0.0,0.0,,,834.9261990787002,0.0,,trending,0.0,{},,328.0,,,,,,,707.7099398439866,0.0,0.0,0.0,707.7099398439866,0.0,0.0,0.0,2.2860527734090313e-07,0.0,1.0,0.0,,
2024-01-19 00:00:00,41327.51,41370.99,41100.0,41290.5,1141.18505,0.0001,51,0.0,0.0,trending,,834.9261990787002,0.0,0.0,,,834.9261990787002,0.0,,trending,0.0,{},,329.0,,,,,,,707.7099398439866,0.0,0.0,0.0,707.7099398439866,0.0,0.0,0.0,2.2976692153788596e-07,0.0,1.0,0.0,,
2024-01-19 01:00:00,41290.5,41333.46,41122.15,41270.0,1267.99894,0.0001,51,0.0,0.0,trending,,834.9261990787002,0.0,0.0,,,834.9261990787002,0.0,,trending,0.0,{},,330.0,,,,,,,707.7099398439866,0.0,0.0,0.0,707.7099398439866,0.0,0.0,0.0,2.2836870820693248e-07,0.0,1.0,0.0,,
2024-01-19 02:00:00,41270.01,41303.89,41084.03,41119.44,1095.25472,0.0001,51,0.0,0.0,trending,,834.9261990787002,0.0,0.0,,,834.9261990787002,0.0,,trending,0.0,{},,331.0,,,,,,,707.7099398439866,0.0,0.0,0.0,707.7099398439866,0.0,0.0,0.0,2.5381696230398326e-07,0.0,1.0,0.0,,
2024-01-19 03:00:00,41119.44,41147.58,40752.26,41055.87,2243.08236,0.0001,51,0.0,0.0,trending,,834.9261990787002,0.0,0.0,,,834.9261990787002,0.0,,trending,0.0,{},,332.0,,,,,,,707.7099398439866,0.0,0.0,0.0,707.7099398439866,0.0,0.0,0.0,2.603537253055417e-07,0.0,1.0,0.0,,
2024-01-19 04:00:00,41055.88,41225.0,41038.81,41098.53,893.56087,0.0001,51,0.0,0.0,trending,,834.9261990787002,0.0,0.0,,,834.9261990787002,0.0,,trending,0.0,{},,333.0,,,,,,,707.7099398439866,0.0,0.0,0.0,707.7099398439866,0.0,0.0,0.0,2.387293589656749e-07,0.0,1.0,0.0,,
2024-01-19 05:00:00,41098.53,41238.56,41062.72,41210.5,713.83193,0.0001,51,0.0,0.0,trending,,834.9261990787002,0.0,0.0,,,834.9261990787002,0.0,,trending,0.0,{},,334.0,,,,,,,707.7099398439866,0.0,0.0,0.0,707.7099398439866,0.0,0.0,0.0,1.908017205439734e-07,0.0,1.0,0.0,,
2024-01-19 06:00:00,41210.51,41522.41,41194.01,41474.0,1605.55925,0.0001,51,0.0,0.0,trending,,834.9261990787002,0.0,0.0,,,834.9261990787002,0.0,,trending,0.0,{},,335.0,,,,,,,707.7099398439866,0.0,0.0,0.0,707.7099398439866,0.0,0.0,0.0,8.752090542470724e-08,0.0,1.0,0.0,,
2024-01-19 07:00:00,41474.01,41576.0,41270.7,41284.25,2039.3522,0.0001,51,0.0,0.0,trending,,834.9261990787002,0.0,0.0,,,834.9261990787002,0.0,,trending,0.0,{},,336.0,,,,,,,707.7099398439866,0.0,0.0,0.0,707.7099398439866,0.0,0.0,0.0,1.4754117413921622e-07,0.0,1.0,0.0,,
2024-01-19 08:00:00,41284.26,41385.59,41143.33,41289.99,1124.49065,0.0001,51,0.0,0.0,trending,,834.9261990787002,0.0,0.0,,,834.9261990787002,0.0,,trending,0.0,{},,337.0,,,,,,,707.7099398439866,0.0,0.0,0.0,707.7099398439866,0.0,0.0,0.0,1.5192562302102973e-07,0.0,1.0,0.0,,
2024-01-19 09:00:00,41290.0,41464.34,41248.1,41398.37,1417.81427,0.0001,51,0.0,0.0,trending,,834.9261990787002,0.0,0.0,,,834.9261990787002,0.0,,trending,0.0,{},,338.0,,,,,,,707.7099398439866,0.0,0.0,0.0,707.7099398439866,0.0,0.0,0.0,1.0888972838204598e-07,0.0,1.0,0.0,,
2024-01-19 10:00:00,41398.37,41489.73,41334.0,41486.06,928.98376,0.0001,51,0.0,0.0,trending,,834.9261990787002,0.0,0.0,,,834.9261990787002,0.0,,trending,0.0,{},,339.0,,,,,,,707.7099398439866,0.0,0.0,0.0,707.7099398439866,0.0,0.0,0.0,7.031692187676884e-08,0.0,1.0,0.0,,
2024-01-19 11:00:00,41486.05,41509.69,41368.9,41475.37,961.48242,0.0001,51,0.0,0.0,trending,,834.9261990787002,0.0,0.0,,,834.9261990787002,0.0,,trending,0.0,{},,340.0,,,,,,,707.7099398439866,0.0,0.0,0.0,707.7099398439866,0.0,0.0,0.0,8.027525776975808e-08,0.0,1.0,0.0,,
2024-01-19 12:00:00,41475.37,41488.2,41260.21,41337.31,1249.91312,0.0001,51,0.0,0.0,trending,,834.9261990787002,0.0,0.0,,,834.9261990787002,0.0,,trending,0.0,{},,341.0,,,,,,,707.7099398439866,0.0,0.0,0.0,707.7099398439866,0.0,0.0,0.0,1.5325844430668112e-07,0.0,1.0,0.0,,
2024-01-19 13:00:00,41337.3,41429.86,41268.33,41393.08,1053.49049,0.0001,51,0.0,0.0,trending,,834.9261990787002,0.0,0.0,,,834.9261990787002,0.0,,trending,0.0,{},,342.0,,,,,,,707.7099398439866,0.0,0.0,0.0,707.7099398439866,0.0,0.0,0.0,1.3013071598188617e-07,0.0,1.0,0.0,,
2024-01-19 14:00:00,41393.08,41455.0,40841.1,40969.31,3475.38975,0.0001,51,-19.46476619770978,0.0,trending,,834.9261990787002,0.0,-1.9464766197709777,True,True,833.3010347529589,-1.9502727801396962,,trending,-19.46476619770978,{},,343.0,BTCUSDT,2024-01-19 14:00:00,BTCUSDT,40969.31,0.039667847121197274,SHORT,707.7099398439866,0.0,0.0,0.0,707.7099398439866,0.0,0.0,0.0,4.065519284544666e-07,-19.46476619770978,1.0,-19.46476619770978,True,True
2024-01-19 15:00:00,40969.31,41156.38,40718.0,40894.71,3482.09452,0.0001,51,-20.0,0.0,trending,,836.2602561482004,-1.9398328360330606,-0.06016716396693944,False,,836.2602561482004,-1.9398328360330606,,trending,-0.5352338022902217,{},,344.0,BTCUSDT,2024-01-19 15:00:00,,,,,707.7099398439866,0.0,0.0,0.0,707.7099398439866,0.0,0.0,0.0,6.155127054917699e-07,-29.334941105190588,1.0,-29.334941105190588,True,False
2024-01-19 16:00:00,40894.71,40953.59,40310.0,40395.01,4971.06182,0.0001,51,-20.0,0.0,trending,,856.0822793546624,-1.8717629365569324,-0.12823706344306762,False,,856.0822793546624,-1.8717629365569324,,trending,0.0,{},,345.0,BTCUSDT,2024-01-19 16:00:00,,,,,707.7099398439866,0.0,0.0,0.0,707.7099398439866,0.0,0.0,0.0,8.267976299997272e-07,-39.13451923466854,1.0,-39.13451923466854,True,False
2024-01-19 17:00:00,40395.0,41250.0,40280.0,41239.57,4450.92747,0.0001,51,0.0,0.0,trending,,822.5804023899841,-1.9887234771833806,1.9887234771833806,True,True,820.9428799093996,0.0,,trending,20.0,{},,346.0,BTCUSDT,2024-01-19 17:00:00,BTCUSDT,41239.57,-0.039667847121197274,CLOSE,707.7099398439866,0.0,0.0,0.0,707.7099398439866,0.0,0.0,0.0,1.1389972072150422e-07,0.0,1.0,0.0,True,True
2024-01-19 18:00:00,41239.57,41979.0,41006.61,41808.08,4197.78344,0.0001,51,0.0,0.0,trending,,820.9428799093996,0.0,0.0,,,820.9428799093996,0.0,,trending,0.0,{},,347.0,,,,,,,707.7099398439866,0.0,0.0,0.0,707.7099398439866,0.0,0.0,0.0,-2.0654447696863245e-07,0.0,1.0,0.0,,
2024-01-19 19:00:00,41808.08,41929.65,41575.4,41814.27,2480.82816,0.0001,51,0.0,0.0,trending,,820.9428799093996,0.0,0.0,,,820.9428799093996,0.0,,trending,0.0,{},,348.0,,,,,,,707.7099398439866,0.0,0.0,0.0,707.7099398439866,0.0,0.0,0.0,-1.9388552301731868e-07,0.0,1.0,0.0,,
2024-01-19 20:00:00,41814.27,42196.86,41517.6,41620.0,4230.96342,0.0001,51,0.0,0.0,trending,,820.9428799093996,0.0,0.0,,,820.9428799093996,0.0,,trending,0.0,{},,349.0,,,,,,,707.7099398439866,0.0,0.0,0.0,707.7099398439866,0.0,0.0,0.0,-8.294218655849951e-08,0.0,1.0,0.0,,
2024-01-19 21:00:00,41619.99,41791.7,41552.35,41633.83,1610.94515,0.0001,51,0.0,0.0,trending,,820.9428799093996,0.0,0.0,,,820.9428799093996,0.0,,trending,0.0,{},,350.0,,,,,,,707.7099398439866,0.0,0.0,0.0,707.7099398439866,0.0,0.0,0.0,-8.836040467774112e-08,0.0,1.0,0.0,,
2024-01-19 22:00:00,41633.83,41735.61,41532.89,41687.1,890.03453,0.0001,51,0.0,0.0,trending,,820.9428799093996,0.0,0.0,,,820.9428799093996,0.0,,trending,0.0,{},,351.0,,,,,,,707.7099398439866,0.0,0.0,0.0,707.7099398439866,0.0,0.0,0.0,-1.1373424978445248e-07,0.0,1.0,0.0,,
2024-01-19 23:00:00,41687.1,41721.1,41613.67,41659.03,816.7173,0.0001,51,0.0,0.0,trending,,820.9428799093996,0.0,0.0,,,820.9428799093996,0.0,,trending,0.0,{},,352.0,,,,,,,707.7099398439866,0.0,0.0,0.0,707.7099398439866,0.0,0.0,0.0,-9.338955574723545e-08,0.0,1.0,0.0,,
2024-01-20 00:00:00,41659.03,41679.52,41456.3,41482.29,1037.43812,0.0001,52,0.0,0.0,trending,,820.9428799093996,0.0,0.0,,,820.9428799093996,0.0,,trending,0.0,{},,353.0,,,,,,,707.7099398439866,0.0,0.0,0.0,707.7099398439866,0.0,0.0,0.0,1.6767410557423084e-08,0.0,1.0,0.0,,
2024-01-20 01:00:00,41482.28,41700.0,41482.28,41655.42,792.03395,0.0001,52,0.0,0.0,trending,,820.9428799093996,0.0,0.0,,,820.9428799093996,0.0,,trending,0.0,{},,354.0,,,,,,,707.7099398439866,0.0,0.0,0.0,707.7099398439866,0.0,0.0,0.0,-8.43928582708061e-08,0.0,1.0,0.0,,
2024-01-20 02:00:00,41655.42,41662.74,41538.0,41621.23,594.98282,0.0001,52,0.0,0.0,trending,,820.9428799093996,0.0,0.0,,,820.9428799093996,0.0,,trending,0.0,{},,355.0,,,,,,,707.7099398439866,0.0,0.0,0.0,707.7099398439866,0.0,0.0,0.0,-6.225918181298951e-08,0.0,1.0,0.0,,
2024-01-20 03:00:00,41621.23,41649.61,41524.0,41634.65,561.75741,0.0001,52,0.0,0.0,trending,,820.9428799093996,0.0,0.0,,,820.9428799093996,0.0,,trending,0.0,{},,356.0,,,,,,,707.7099398439866,0.0,0.0,0.0,707.7099398439866,0.0,0.0,0.0,-7.133327291473337e-08,0.0,1.0,0.0,,
2024-01-20 04:00:00,41634.64,41659.03,41578.63,41607.2,436.82811,0.0001,52,0.0,0.0,trending,,820.9428799093996,0.0,0.0,,,820.9428799093996,0.0,,trending,0.0,{},,357.0,,,,,,,707.7099398439866,0.0,0.0,0.0,707.7099398439866,0.0,0.0,0.0,-5.1799786566819405e-08,0.0,1.0,0.0,,
2024-01-20 05:00:00,41607.19,41646.46,41564.81,41627.63,453.58365,0.0001,52,0.0,0.0,trending,,820.9428799093996,0.0,0.0,,,820.9428799093996,0.0,,trending,0.0,{},,358.0,,,,,,,707.7099398439866,0.0,0.0,0.0,707.7099398439866,0.0,0.0,0.0,-6.68118678541253e-08,0.0,1.0,0.0,,
2024-01-20 06:00:00,41627.62,41698.71,41615.92,41672.02,582.85375,0.0001,52,0.0,0.0,trending,,820.9428799093996,0.0,0.0,,,820.9428799093996,0.0,,trending,0.0,{},,359.0,,,,,,,707.7099398439866,0.0,0.0,0.0,707.7099398439866,0.0,0.0,0.0,-9.942142527791849e-08,0.0,1.0,0.0,,
2024-01-20 07:00:00,41672.02,41774.0,41644.72,41650.95,638.34351,0.0001,52,0.0,0.0,trending,,820.9428799093996,0.0,0.0,,,820.9428799093996,0.0,,trending,0.0,{},,360.0,,,,,,,707.7099398439866,0.0,0.0,0.0,707.7099398439866,0.0,0.0,0.0,-8.043684855499638e-08,0.0,1.0,0.0,,
2024-01-20 08:00:00,41650.95,41668.66,41522.38,41590.0,1054.68234,0.0001,52,0.0,0.0,trending,,820.9428799093996,0.0,0.0,,,820.9428799093996,0.0,,trending,0.0,{},,361.0,,,,,,,707.7099398439866,0.0,0.0,0.0,707.7099398439866,0.0,0.0,0.0,-2.472370255699027e-08,0.0,1.0,0.0,,
2024-01-20 09:00:00,41590.01,41643.06,41459.02,41521.1,735.91109,0.0001,52,0.0,0.0,trending,,820.9428799093996,0.0,0.0,,,820.9428799093996,0.0,,trending,0.0,{},,362.0,,,,,,,707.7099398439866,0.0,0.0,0.0,707.7099398439866,0.0,0.0,0.0,3.847972687859289e-08,0.0,1.0,0.0,,
2024-01-20 10:00:00,41521.1,41616.43,41495.81,41543.31,640.825,0.0001,52,0.0,0.0,trending,,820.9428799093996,0.0,0.0,,,820.9428799093996,0.0,,trending,0.0,{},,363.0,,,,,,,707.7099398439866,0.0,0.0,0.0,707.7099398439866,0.0,0.0,0.0,1.6613389886291673e-08,0.0,1.0,0.0,,
2024-01-20 11:00:00,41543.3,41619.0,41475.69,41580.83,674.93419,0.0001,52,0.0,0.0,trending,,820.9428799093996,0.0,0.0,,,820.9428799093996,0.0,,trending,0.0,{},,364.0,,,,,,,707.7099398439866,0.0,0.0,0.0,707.7099398439866,0.0,0.0,0.0,-2.1454804859803987e-08,0.0,1.0,0.0,,
2024-01-20 12:00:00,41580.82,41700.0,41540.0,41620.01,645.31586,0.0001,52,0.0,0.0,trending,,820.9428799093996,0.0,0.0,,,820.9428799093996,0.0,,trending,0.0,{},,365.0,,,,,,,707.7099398439866,0.0,0.0,0.0,707.7099398439866,0.0,0.0,0.0,-6.200562445310847e-08,0.0,1.0,0.0,,
2024-01-20 13:00:00,41620.0,41685.77,41584.68,41633.12,653.88181,0.0001,52,0.0,0.0,trending,,820.9428799093996,0.0,0.0,,,820.9428799093996,0.0,,trending,0.0,{},,366.0,,,,,,,707.7099398439866,0.0,0.0,0.0,707.7099398439866,0.0,0.0,0.0,-7.596031731049065e-08,0.0,1.0,0.0,,
2024-01-20 14:00:00,41633.11,41646.0,41491.16,41542.99,795.56394,0.0001,52,0.0,0.0,trending,,820.9428799093996,0.0,0.0,,,820.9428799093996,0.0,,trending,0.0,{},,367.0,,,,,,,707.7099398439866,0.0,0.0,0.0,707.7099398439866,0.0,0.0,0.0,3.2492417443311946e-08,0.0,1.0,0.0,,
2024-01-20 15:00:00,41542.98,41688.53,41478.0,41570.11,813.88059,0.0001,52,0.0,0.0,trending,,820.9428799093996,0.0,0.0,,,820.9428799093996,0.0,,trending,0.0,{},,368.0,,,,,,,707.7099398439866,0.0,0.0,0.0,707.7099398439866,0.0,0.0,0.0,-2.856104787223111e-09,0.0,1.0,0.0,,
2024-01-20 16:00:00,41570.1,41645.81,41537.84,41563.66,625.85698,0.0001,52,0.0,0.0,trending,,820.9428799093996,0.0,0.0,,,820.9428799093996,0.0,,trending,0.0,{},,369.0,,,,,,,707.7099398439866,0.0,0.0,0.0,707.7099398439866,0.0,0.0,0.0,1.7186252497456474e-08,0.0,1.0,0.0,,
2024-01-20 17:00:00,41563.66,41625.0,41543.61,41591.11,495.01011,0.0001,52,0.0,0.0,trending,,820.9428799093996,0.0,0.0,,,820.9428799093996,0.0,,trending,0.0,{},,370.0,,,,,,,707.7099398439866,0.0,0.0,0.0,707.7099398439866,0.0,0.0,0.0,-1.3081864157232338e-07,0.0,1.0,0.0,,
2024-01-20 18:00:00,41591.1,41634.19,41526.36,41606.17,565.6199,0.0001,52,0.0,0.0,trending,,820.9428799093996,0.0,0.0,,,820.9428799093996,0.0,,trending,0.0,{},,371.0,,,,,,,707.7099398439866,0.0,0.0,0.0,707.7099398439866,0.0,0.0,0.0,-2.560583013312159e-07,0.0,1.0,0.0,,
2024-01-20 19:00:00,41606.16,41684.94,41605.01,41632.96,456.72684,0.0001,52,20.0,0.0,trending,,820.9428799093996,0.0,2.0,True,True,819.3009941495809,2.0020040080160317,,trending,20.0,{},,372.0,BTCUSDT,2024-01-20 19:00:00,BTCUSDT,41632.96,0.039437161321673964,LONG,707.7099398439866,0.0,0.0,0.0,707.7099398439866,0.0,0.0,0.0,-5.847589383591829e-07,28.578467365800936,1.0,28.578467365800936,True,True
2024-01-20 20:00:00,41632.97,41822.99,41617.58,41751.36,829.62416,0.0001,52,20.0,0.0,trending,,823.9656846901667,1.9963313948178514,0.003668605182148621,False,,823.9656846901667,1.9963313948178514,,trending,0.0,{},,373.0,BTCUSDT,2024-01-20 20:00:00,,,,,707.7099398439866,0.0,0.0,0.0,707.7099398439866,0.0,0.0,0.0,-1.3771848413915595e-06,66.46710032141284,1.0,66.46710032141284,True,False
2024-01-20 21:00:00,41751.37,41872.56,41729.9,41733.85,726.76463,0.0001,52,20.0,0.0,trending,,823.2758305401187,1.9971662588112316,0.002833741188768446,False,,823.2758305401187,1.9971662588112316,,trending,0.0,{},,374.0,BTCUSDT,2024-01-20 21:00:00,,,,,707.7099398439866,0.0,0.0,0.0,707.7099398439866,0.0,0.0,0.0,-1.1106666061763876e-06,53.09529581935087,1.0,53.09529581935087,True,False
2024-01-20 22:00:00,41733.85,41819.99,41669.9,41781.53,478.92579,0.0001,52,20.0,0.0,trending,,825.1543140280844,1.9948961860259493,0.005103813974050686,False,,825.1543140280844,1.9948961860259493,,trending,0.0,{},,375.0,BTCUSDT,2024-01-20 22:00:00,,,,,707.7099398439866,0.0,0.0,0.0,707.7099398439866,0.0,0.0,0.0,-1.282310682930352e-06,60.61875160865269,1.0,60.61875160865269,True,False
2024-01-20 23:00:00,41781.54,41809.87,41610.54,41696.04,632.65038,0.0001,52,20.0,0.0,trending,,821.7862025896159,1.998973793089299,0.0010262069107009886,False,,821.7862025896159,1.998973793089299,,trending,0.0,{},,376.0,BTCUSDT,2024-01-20 23:00:00,,,,,707.7099398439866,0.0,0.0,0.0,707.7099398439866,0.0,0.0,0.0,-5.698956493736353e-07,26.84121326211497,1.0,26.84121326211497,True,False
2024-01-21 00:00:00,41696.05,41727.0,41629.87,41645.98,405.51248,0.0001,56,0.0,0.0,trending,,819.8139525181487,2.0013770531567356,-2.0013770531567356,True,True,818.1731956857211,0.0,,trending,-20.0,{},,377.0,BTCUSDT,2024-01-21 00:00:00,BTCUSDT,41645.98,0.03939772416035229,CLOSE,707.7099398439866,0.0,0.0,0.0,707.7099398439866,0.0,0.0,0.0,-2.1104048034724487e-07,0.0,1.0,0.0,True,True
2024-01-21 01:00:00,41645.98,41722.14,41633.8,41666.82,411.49944,0.0001,56,17.49807538203916,0.0,trending,,818.1731956857211,0.0,1.7498075382039162,True,True,816.741550060354,1.7511218568912137,,trending,17.49807538203916,{},,378.0,BTCUSDT,2024-01-21 01:00:00,BTCUSDT,41666.82,0.03435936856633798,LONG,707.7099398439866,0.0,0.0,0.0,707.7099398439866,0.0,0.0,0.0,-3.7212542494704457e-07,17.49807538203916,1.0,17.49807538203916,True,True
2024-01-21 02:00:00,41666.83,41719.36,41652.29,41699.8,406.21108,0.0001,56,20.0,0.0,trending,,817.8735888636968,1.7500822107898877,0.24991778921011232,True,True,817.6691877045146,2.000249980263725,,trending,2.5019246179608388,{},,379.0,BTCUSDT,2024-01-21 02:00:00,BTCUSDT,41699.8,0.004901729964703798,LONG,707.7099398439866,0.0,0.0,0.0,707.7099398439866,0.0,0.0,0.0,-6.165952118224594e-07,28.874306703511227,1.0,28.874306703511227,True,True
2024-01-21 03:00:00,41699.8,41730.0,41661.74,41680.82,377.67063,0.0001,56,20.0,0.0,trending,,816.9247572300453,2.0011614675957046,-0.0011614675957045684,False,,816.9247572300453,2.0011614675957046,,trending,0.0,{},,380.0,BTCUSDT,2024-01-21 03:00:00,,,,,707.7099398439866,0.0,0.0,0.0,707.7099398439866,0.0,0.0,0.0,-4.3627053088009073e-07,20.383831977025583,1.0,20.383831977025583,True,False
2024-01-21 04:00:00,41680.83,41685.55,41651.74,41673.41,258.81267,0.0001,56,17.000954941842814,0.0,trending,,816.6341234146707,2.0015177732762908,-0.30142227909200936,True,True,816.3879716960068,1.700608095352225,,trending,-2.9990450581571864,{},,381.0,BTCUSDT,2024-01-21 04:00:00,BTCUSDT,41673.41,0.005906685309984359,REDUCE_LONG,707.7099398439866,0.0,0.0,0.0,707.7099398439866,0.0,0.0,0.0,-3.644210075019785e-07,17.000954941842814,1.0,17.000954941842814,True,True
2024-01-21 05:00:00,41673.41,41691.11,41628.46,41628.47,305.06196,0.0001,56,0.0,0.0,trending,,814.8907887596204,1.7018953089272515,-1.7018953089272515,True,True,813.5039299489424,0.0,,trending,-17.000954941842814,{},,382.0,BTCUSDT,2024-01-21 05:00:00,BTCUSDT,41628.47,0.03331515212252638,CLOSE,707.7099398439866,0.0,0.0,0.0,707.7099398439866,0.0,0.0,0.0,6.567310995702313e-08,0.0,1.0,0.0,True,True
2024-01-21 06:00:00,41628.46,41654.99,41564.29,41597.66,349.76971,0.0001,56,-16.472760535370142,0.0,trending,,813.5039299489424,0.0,-1.6472760535370141,True,True,812.1638644056795,-1.6499940492227767,,trending,-16.472760535370142,{},,383.0,BTCUSDT,2024-01-21 06:00:00,BTCUSDT,41597.66,0.03221492611034239,SHORT,707.7099398439866,0.0,0.0,0.0,707.7099398439866,0.0,0.0,0.0,3.5306359386684497e-07,-16.472760535370142,1.0,-16.472760535370142,True,True
2024-01-21 07:00:00,41597.66,41669.94,41587.27,41648.51,284.99252,0.0001,56,0.0,0.0,trending,,810.5257354129685,-1.655349871860946,1.655349871860946,True,True,809.1826886939937,0.0,,trending,16.472760535370142,{},,384.0,BTCUSDT,2024-01-21 07:00:00,BTCUSDT,41648.51,-0.03221492611034239,CLOSE,707.7099398439866,0.0,0.0,0.0,707.7099398439866,0.0,0.0,0.0,-1.513216748411068e-07,0.0,1.0,0.0,True,True
2024-01-21 08:00:00,41648.5,41710.0,41648.5,41663.96,423.86113,0.0001,56,0.0,0.0,trending,,809.1826886939937,0.0,0.0,,,809.1826886939937,0.0,,trending,0.0,{},,385.0,,,,,,,707.7099398439866,0.0,0.0,0.0,707.7099398439866,0.0,0.0,0.0,-3.0326422544928306e-07,0.0,1.0,0.0,,
2024-01-21 09:00:00,41663.96,41747.53,41663.96,41747.53,430.35767,0.0001,56,20.0,0.0,trending,,809.1826886939937,0.0,2.0,True,True,807.5643233166059,2.0020040080160317,,trending,20.0,{},,386.0,BTCUSDT,2024-01-21 09:00:00,BTCUSDT,41747.53,0.0387655360062736,LONG,707.7099398439866,0.0,0.0,0.0,707.7099398439866,0.0,0.0,0.0,-1.0817711655495235e-06,50.025314353001605,1.0,50.025314353001605,True,True
2024-01-21 10:00:00,41747.52,41826.97,41709.99,41785.99,717.32999,0.0001,56,20.0,0.0,trending,,809.0537549088924,2.000159363681732,-0.0001593636817318611,False,,809.0537549088924,2.000159363681732,,trending,0.0,{},,387.0,BTCUSDT,2024-01-21 10:00:00,,,,,707.7099398439866,0.0,0.0,0.0,707.7099398439866,0.0,0.0,0.0,-1.359436626706793e-06,62.163444193246335,1.0,62.163444193246335,True,False
2024-01-21 11:00:00,41786.0,41795.61,41686.0,41719.89,401.3789,0.0001,56,20.0,0.0,trending,,806.4939153808077,2.003333904028174,-0.0033339040281741283,False,,806.4939153808077,2.003333904028174,,trending,0.0,{},,388.0,BTCUSDT,2024-01-21 11:00:00,,,,,707.7099398439866,0.0,0.0,0.0,707.7099398439866,0.0,0.0,0.0,-6.263992796354105e-07,28.530171096258382,1.0,28.530171096258382,True,False
2024-01-21 12:00:00,41719.9,41821.1,41700.91,41735.99,509.28923,0.0001,56,20.0,0.0,trending,,807.1174163853789,2.002558825106097,-0.0025588251060968403,False,,807.1174163853789,2.002558825106097,,trending,0.0,{},,389.0,BTCUSDT,2024-01-21 12:00:00,,,,,707.7099398439866,0.0,0.0,0.0,707.7099398439866,0.0,0.0,0.0,-7.61294316508586e-07,34.49305899832174,1.0,34.49305899832174,True,False
2024-01-21 13:00:00,41735.99,41862.02,41735.98,41859.53,691.91268,0.0001,56,20.0,0.0,trending,,811.9017216092759,1.9966510319624735,0.0033489680375264896,False,,811.9017216092759,1.9966510319624735,,trending,0.0,{},,390.0,BTCUSDT,2024-01-21 13:00:00,,,,,707.7099398439866,0.0,0.0,0.0,707.7099398439866,0.0,0.0,0.0,-1.5175132194653733e-06,67.90900975327173,1.0,67.90900975327173,True,False
2024-01-21 14:00:00,41859.52,41881.39,41757.25,41787.5,630.51659,0.0001,56,20.0,0.0,trending,,809.1122323323025,2.0000870786015534,-8.707860155343639e-05,False,,809.1122323323025,2.0000870786015534,,trending,0.0,{},,391.0,BTCUSDT,2024-01-21 14:00:00,,,,,707.7099398439866,0.0,0.0,0.0,707.7099398439866,0.0,0.0,0.0,-8.570631047352031e-07,38.12471868536397,1.0,38.12471868536397,True,False
2024-01-21 15:00:00,41787.49,41860.0,41605.0,41656.28,978.43312,0.0001,56,0.0,0.0,trending,,804.030505511194,2.006407944906921,-2.006407944906921,True,True,802.4172923169888,0.0,,trending,-20.0,{},,392.0,BTCUSDT,2024-01-21 15:00:00,BTCUSDT,41656.28,0.03872677047026733,CLOSE,707.7099398439866,0.0,0.0,0.0,707.7099398439866,0.0,0.0,0.0,2.2409995195152516e-07,0.0,1.0,0.0,True,True
2024-01-21 16:00:00,41656.27,41673.06,41525.0,41607.18,791.19285,0.0001,56,-20.0,0.0,trending,,802.4172923169888,0.0,-2.0,True,True,800.8124577323545,-2.0040080160320652,,trending,-20.0,{},,393.0,BTCUSDT,2024-01-21 16:00:00,BTCUSDT,41607.18,0.038571097215287786,SHORT,707.7099398439866,0.0,0.0,0.0,707.7099398439866,0.0,0.0,0.0,6.119230699133441e-07,-27.12180750495819,1.0,-27.12180750495819,True,True
2024-01-21 17:00:00,41607.18,41695.07,41599.39,41678.0,481.67127,0.0001,56,0.0,0.0,trending,,798.080852627568,-2.0142898861012397,2.0142898861012397,True,True,796.471677262464,0.0,,trending,20.0,{},,394.0,BTCUSDT,2024-01-21 17:00:00,BTCUSDT,41678.0,-0.038571097215287786,CLOSE,707.7099398439866,0.0,0.0,0.0,707.7099398439866,0.0,0.0,0.0,2.845807858235812e-09,0.0,1.0,0.0,True,True
2024-01-21 18:00:00,41677.99,41729.77,41627.0,41681.09,467.73485,0.0001,56,0.0,0.0,trending,,796.471677262464,0.0,0.0,,,796.471677262464,0.0,,trending,0.0,{},,395.0,,,,,,,707.7099398439866,0.0,0.0,0.0,707.7099398439866,0.0,0.0,0.0,-2.5558884428178533e-08,0.0,1.0,0.0,,
2024-01-21 19:00:00,41681.09,41720.0,41635.25,41719.4,360.44499,0.0001,56,17.54143679261077,0.0,trending,,796.471677262464,0.0,1.7541436792610772,True,True,795.0745515040835,1.7554688802221976,,trending,17.54143679261077,{},,396.0,BTCUSDT,2024-01-21 19:00:00,BTCUSDT,41719.4,0.03348863498469345,LONG,707.7099398439866,0.0,0.0,0.0,707.7099398439866,0.0,0.0,0.0,-3.948377767514325e-07,17.54143679261077,1.0,17.54143679261077,True,True
2024-01-21 20:00:00,41719.39,41772.75,41618.68,41643.91,686.10169,0.0001,56,-15.691575383617486,0.0,trending,,792.549022506144,1.7578762499997904,-3.327033788361539,True,True,789.9121851293332,-1.5743956057382875,,trending,-33.23301217622826,{},,397.0,BTCUSDT,2024-01-21 20:00:00,BTCUSDT,41643.91,0.02986353282356894,SHORT,707.7099398439866,0.0,0.0,0.0,707.7099398439866,0.0,0.0,0.0,3.5362144387552513e-07,-15.691575383617486,1.0,-15.691575383617486,True,True
2024-01-21 21:00:00,41643.9,41811.1,41620.27,41785.91,419.9635,0.0001,56,20.0,0.0,trending,,785.6715634683865,-1.5882907729775677,3.588290772977568,True,True,782.8510963225833,2.0051984230255107,,trending,35.69157538361749,{},,398.0,BTCUSDT,2024-01-21 21:00:00,BTCUSDT,41785.91,0.03760461665036786,LONG,707.7099398439866,0.0,0.0,0.0,707.7099398439866,0.0,0.0,0.0,-8.809077966075489e-07,38.85339232378753,1.0,38.85339232378753,True,True
2024-01-21 22:00:00,41785.9,41785.91,41620.23,41633.39,340.64799,0.0001,56,-17.81610134202344,0.0,trending,,777.1213756472005,2.0126097571719623,-3.7942198913743064,True,True,774.172806265708,-1.7883957007437534,,trending,-37.816101342023444,{},,399.0,BTCUSDT,2024-01-21 22:00:00,BTCUSDT,41633.39,0.03325521458517596,SHORT,707.7099398439866,0.0,0.0,0.0,707.7099398439866,0.0,0.0,0.0,4.045977146076446e-07,-17.81610134202344,1.0,-17.81610134202344,True,True
2024-01-21 23:00:00,41633.39,41676.78,41500.98,41580.33,599.79607,0.0001,56,-20.0,0.0,trending,,775.9373279515974,-1.7820547444505541,-0.21794525554944588,True,True,775.7682160923664,-2.0004359855320777,,trending,-2.1838986579765596,{},,400.0,BTCUSDT,2024-01-21 23:00:00,BTCUSDT,41580.33,0.004067112002977491,SHORT,707.7099398439866,0.0,0.0,0.0,707.7099398439866,0.0,0.0,0.0,7.48517913833631e-07,-32.803734959429434,1.0,-32.803734959429434,True,True
2024-01-22 00:00:00,41580.32,41683.53,41467.58,41657.43,958.2692,0.0001,55,0.0,0.0,trending,,772.8906647124197,-2.0116069170813957,2.0116069170813957,True,True,771.3343561966208,0.0,,trending,20.0,{},,401.0,BTCUSDT,2024-01-22 00:00:00,BTCUSDT,41657.43,-0.03732232658815345,CLOSE,707.7099398439866,0.0,0.0,0.0,707.7099398439866,0.0,0.0,0.0,1.300497162377702e-07,0.0,1.0,0.0,True,True
2024-01-22 01:00:00,41657.43,41689.65,41263.6,41363.37,1980.3783,0.0001,55,-20.0,0.0,trending,,771.3343561966208,0.0,-2.0,True,True,769.7916874842279,-2.004008016032063,,trending,-20.0,{},,402.0,BTCUSDT,2024-01-22 01:00:00,BTCUSDT,41363.37,0.03729552771916895,SHORT,707.7099398439866,0.0,0.0,0.0,707.7099398439866,0.0,0.0,0.0,1.3202817139728598e-06,-57.344062823615104,1.0,-57.344062823615104,True,True
2024-01-22 02:00:00,41363.38,41426.03,41258.1,41317.98,824.53378,0.0001,55,-20.0,0.0,trending,,771.4845314874008,-1.997416416657259,-0.0025835833427410027,False,,771.4845314874008,-1.997416416657259,,trending,0.0,{},,403.0,BTCUSDT,2024-01-22 02:00:00,,,,,707.7099398439866,0.0,0.0,0.0,707.7099398439866,0.0,0.0,0.0,1.1669028811137548e-06,-50.259872605215506,1.0,-50.259872605215506,True,False
2024-01-22 03:00:00,41317.97,41343.99,41058.22,41197.04,1431.49598,0.0001,55,-20.0,0.0,trending,,775.9950526097573,-1.9799937410688493,-0.02000625893115071,False,,775.9950526097573,-1.9799937410688493,,trending,0.0,{},,404.0,BTCUSDT,2024-01-22 03:00:00,,,,,707.7099398439866,0.0,0.0,0.0,707.7099398439866,0.0,0.0,0.0,1.1486179759129255e-06,-49.07293424205898,1.0,-49.07293424205898,True,False
2024-01-22 04:00:00,41197.04,41221.99,40768.0,40786.41,2024.89969,0.0001,55,-20.0,0.0,trending,,791.3097151570794,-1.9223202440000788,-0.07767975599992116,False,,791.3097151570794,-1.9223202440000788,,trending,0.0,{},,405.0,BTCUSDT,2024-01-22 04:00:00,,,,,707.7099398439866,0.0,0.0,0.0,707.7099398439866,0.0,0.0,0.0,1.131030452337238e-06,-47.94349563246119,1.0,-47.94349563246119,True,False
2024-01-22 05:00:00,40786.41,41157.23,40684.0,41138.46,2043.09323,0.0001,55,-18.71508253000955,0.0,trending,,778.1798246235462,-1.9716272855006869,0.10011903249973186,False,,778.1798246235462,-1.9716272855006869,,trending,1.2849174699904502,{},,406.0,BTCUSDT,2024-01-22 05:00:00,,,,,707.7099398439866,0.0,0.0,0.0,707.7099398439866,0.0,0.0,0.0,4.4229887684491836e-07,-18.71508253000955,1.0,-18.71508253000955,True,False
2024-01-22 06:00:00,41138.47,41321.17,41009.16,41205.99,1603.68724,0.0001,55,0.0,0.0,trending,,775.6612576366708,-1.9812761396942862,1.9812761396942862,True,True,774.1229201569504,0.0,,trending,18.71508253000955,{},,407.0,BTCUSDT,2024-01-22 06:00:00,BTCUSDT,41205.99,-0.03729552771916895,CLOSE,707.7099398439866,0.0,0.0,0.0,707.7099398439866,0.0,0.0,0.0,3.3183088768722336e-07,0.0,1.0,0.0,True,True
2024-01-22 07:00:00,41205.99,41214.0,40978.63,41043.7,1048.82053,0.0001,55,-18.631396514510847,0.0,trending,,774.1229201569504,0.0,-1.8631396514510847,True,True,772.6806210493087,-1.8666174203810866,,trending,-18.631396514510847,{},,408.0,BTCUSDT,2024-01-22 07:00:00,BTCUSDT,41043.7,0.0351405723080891,SHORT,707.7099398439866,0.0,0.0,0.0,707.7099398439866,0.0,0.0,0.0,4.4146653881362616e-07,-18.631396514510847,1.0,-18.631396514510847,True,True
2024-01-22 08:00:00,41043.7,41043.71,40761.87,40959.0,1986.47106,0.0001,55,-19.753476355435293,0.0,trending,,775.6570275238039,-1.8556174315365825,-0.11973020400694678,False,,775.6570275238039,-1.8556174315365825,,trending,-1.122079840924446,{},,409.0,BTCUSDT,2024-01-22 08:00:00,,,,,707.7099398439866,0.0,0.0,0.0,707.7099398439866,0.0,0.0,0.0,4.68989390512446e-07,-19.753476355435293,1.0,-19.753476355435293,True,False
2024-01-22 09:00:00,40958.99,41047.51,40610.0,40744.85,1725.51154,0.0001,55,-20.0,0.0,trending,,783.182381083581,-1.828178700376615,-0.171821299623385,False,,783.182381083581,-1.828178700376615,,trending,-0.2465236445647072,{},,410.0,BTCUSDT,2024-01-22 09:00:00,,,,,707.7099398439866,0.0,0.0,0.0,707.7099398439866,0.0,0.0,0.0,5.475924105176357e-07,-23.002971107287497,1.0,-23.002971107287497,True,False
2024-01-22 10:00:00,40744.86,40852.1,40364.63,40703.91,3247.98208,0.0001,55,-20.0,0.0,trending,,784.6210361138742,-1.8229930459949573,-0.17700695400504274,False,,784.6210361138742,-1.8229930459949573,,trending,0.0,{},,411.0,BTCUSDT,2024-01-22 10:00:00,,,,,707.7099398439866,0.0,0.0,0.0,707.7099398439866,0.0,0.0,0.0,5.273730816199803e-07,-22.099018276855183,1.0,-22.099018276855183,True,False
2024-01-22 11:00:00,40703.9,40941.09,40670.98,40815.99,1820.31952,0.0001,55,-16.201443581244195,0.0,trending,,780.6824807695837,-1.8372350901320795,0.21709073200766005,True,True,780.512832189788,-1.620496505043835,,trending,3.7985564187558047,{},,412.0,BTCUSDT,2024-01-22 11:00:00,BTCUSDT,40815.99,0.004152268050237784,REDUCE_SHORT,707.7099398439866,0.0,0.0,0.0,707.7099398439866,0.0,0.0,0.0,3.871207448014373e-07,-16.201443581244195,1.0,-16.201443581244195,True,True
2024-01-22 12:00:00,40815.92,40922.14,40685.96,40884.97,1281.48051,0.0001,55,0.0,0.0,trending,,778.3752589620815,-1.6276929094875598,1.6276929094875598,True,True,777.1070348480343,0.0,,trending,16.201443581244195,{},,413.0,BTCUSDT,2024-01-22 12:00:00,BTCUSDT,40884.97,-0.030988304257851314,CLOSE,707.7099398439866,0.0,0.0,0.0,707.7099398439866,0.0,0.0,0.0,3.1156347417027625e-07,0.0,1.0,0.0,True,True
2024-01-22 13:00:00,40884.97,41244.06,40865.6,40943.17,2170.12828,0.0001,55,0.0,0.0,trending,,777.1070348480343,0.0,0.0,,,777.1070348480343,0.0,,trending,0.0,{},,414.0,,,,,,,707.7099398439866,0.0,0.0,0.0,707.7099398439866,0.0,0.0,0.0,2.580074499765785e-07,0.0,1.0,0.0,,
2024-01-22 14:00:00,40943.17,40978.69,40515.9,40694.75,2673.37652,0.0001,55,-16.830144402933964,0.0,trending,,777.1070348480343,0.0,-1.6830144402933964,True,True,775.7991524867318,-1.6858517531381212,,trending,-16.830144402933964,{},,415.0,BTCUSDT,2024-01-22 14:00:00,BTCUSDT,40694.75,0.032138847426334494,SHORT,707.7099398439866,0.0,0.0,0.0,707.7099398439866,0.0,0.0,0.0,4.0301087886758717e-07,-16.830144402933964,1.0,-16.830144402933964,True,True
2024-01-22 15:00:00,40694.76,40850.0,40350.0,40771.99,3208.29236,0.0001,55,0.0,0.0,trending,,773.3167479115218,-1.694473538064327,1.694473538064327,True,True,772.0050714692015,0.0,,trending,16.830144402933964,{},,416.0,BTCUSDT,2024-01-22 15:00:00,BTCUSDT,40771.99,-0.032138847426334494,CLOSE,707.7099398439866,0.0,0.0,0.0,707.7099398439866,0.0,0.0,0.0,3.2192001460740676e-07,0.0,1.0,0.0,True,True
2024-01-22 16:00:00,40772.0,40874.99,40400.0,40518.6,2429.98915,0.0001,55,-18.211204957484153,0.0,trending,,772.0050714692015,0.0,-1.8211204957484153,True,True,770.5991572107273,-1.8244430263370028,,trending,-18.211204957484153,{},,417.0,BTCUSDT,2024-01-22 16:00:00,BTCUSDT,40518.6,0.034697996931638386,SHORT,707.7099398439866,0.0,0.0,0.0,707.7099398439866,0.0,0.0,0.0,4.371057728037477e-07,-18.211204957484153,1.0,-18.211204957484153,True,True
2024-01-22 17:00:00,40518.61,40806.42,40457.95,40708.0,1602.30202,0.0001,55,0.0,0.0,trending,,764.0273565918749,-1.84873754441708,1.84873754441708,True,True,762.6134566328226,0.0,,trending,18.211204957484153,{},,418.0,BTCUSDT,2024-01-22 17:00:00,BTCUSDT,40708.0,-0.034697996931638386,CLOSE,707.7099398439866,0.0,0.0,0.0,707.7099398439866,0.0,0.0,0.0,2.70140465511356e-07,0.0,1.0,0.0,True,True
2024-01-22 18:00:00,40707.99,40800.01,40119.11,40316.01,3457.46147,0.0001,55,-17.93096205398698,0.0,trending,,762.6134566328226,0.0,-1.793096205398698,True,True,761.246017337548,-1.7963171749087201,,trending,-17.93096205398698,{},,419.0,BTCUSDT,2024-01-22 18:00:00,BTCUSDT,40316.01,0.03391802153224733,SHORT,707.7099398439866,0.0,0.0,0.0,707.7099398439866,0.0,0.0,0.0,4.3117290317157707e-07,-17.93096205398698,1.0,-17.93096205398698,True,True
2024-01-22 19:00:00,40316.0,40570.83,39431.58,39820.31,7927.00782,0.0001,55,-20.0,0.0,trending,,778.0591806110831,-1.7358912607907149,-0.2641087392092851,True,True,777.8536883818617,-2.0005283570221257,,trending,-2.069037946013019,{},,420.0,BTCUSDT,2024-01-22 19:00:00,BTCUSDT,39820.31,0.005160487932449612,SHORT,707.7099398439866,0.0,0.0,0.0,707.7099398439866,0.0,0.0,0.0,5.242842963881754e-07,-21.82249870309745,1.0,-21.82249870309745,True,True
2024-01-22 20:00:00,39820.31,40343.18,39751.14,40181.2,3814.77652,0.0001,55,0.0,0.0,trending,,763.7506451011475,-2.0559346359634536,2.0559346359634536,True,True,762.1788519034469,0.0,,trending,20.0,{},,421.0,BTCUSDT,2024-01-22 20:00:00,BTCUSDT,40181.2,-0.039078509464696945,CLOSE,707.7099398439866,0.0,0.0,0.0,707.7099398439866,0.0,0.0,0.0,2.9988187304693703e-07,0.0,1.0,0.0,True,True
2024-01-22 21:00:00,40181.2,40206.34,39845.7,39849.95,2123.7816,0.0001,55,-15.76339706946301,0.0,trending,,762.1788519034469,0.0,-1.576339706946301,True,True,760.9773991153968,-1.5788284769649983,,trending,-15.76339706946301,{},,422.0,BTCUSDT,2024-01-22 21:00:00,BTCUSDT,39849.95,0.030149417704417387,SHORT,707.7099398439866,0.0,0.0,0.0,707.7099398439866,0.0,0.0,0.0,3.779921627777066e-07,-15.76339706946301,1.0,-15.76339706946301,True,True
2024-01-22 22:00:00,39849.95,40088.88,39480.0,39832.8,2201.86927,0.0001,55,-15.467747719226193,0.0,trending,,761.4944616290275,-1.5770774261015825,0.030302654178963273,False,,761.4944616290275,-1.5770774261015825,,trending,0.29564935023681826,{},,423.0,BTCUSDT,2024-01-22 22:00:00,,,,,707.7099398439866,0.0,0.0,0.0,707.7099398439866,0.0,0.0,0.0,3.7095908179073335e-07,-15.467747719226193,1.0,-15.467747719226193,True,False
2024-01-22 23:00:00,39832.81,39961.1,39488.12,39568.02,1840.27144,0.0001,55,-17.095368184040325,0.0,trending,,769.4774244488033,-1.5503414717738915,-0.159195346630141,False,,769.4774244488033,-1.5503414717738915,,trending,-1.6276204648141324,{},,424.0,BTCUSDT,2024-01-22 23:00:00,,,,,707.7099398439866,0.0,0.0,0.0,707.7099398439866,0.0,0.0,0.0,4.1029963144257027e-07,-17.095368184040325,1.0,-17.095368184040325,True,False
2024-01-23 00:00:00,39568.02,39888.0,39511.1,39872.0,1591.36214,0.0001,50,0.0,0.0,trending,,760.3126044550143,-1.5810833276559948,1.5810833276559948,True,True,759.1092835514,0.0,,trending,17.095368184040325,{},,425.0,BTCUSDT,2024-01-23 00:00:00,BTCUSDT,39872.0,-0.030149417704417387,CLOSE,707.7099398439866,0.0,0.0,0.0,707.7099398439866,0.0,0.0,0.0,2.691951004457207e-07,0.0,1.0,0.0,True,True
2024-01-23 01:00:00,39872.0,39912.18,39713.2,39830.71,883.18985,0.0001,50,0.0,0.0,trending,,759.1092835514,0.0,0.0,,,759.1092835514,0.0,,trending,0.0,{},,426.0,,,,,,,707.7099398439866,0.0,0.0,0.0,707.7099398439866,0.0,0.0,0.0,2.7973636707202426e-07,0.0,1.0,0.0,,
2024-01-23 02:00:00,39830.7,40067.99,39810.0,40060.46,1017.58919,0.0001,50,0.0,0.0,trending,,759.1092835514,0.0,0.0,,,759.1092835514,0.0,,trending,0.0,{},,427.0,,,,,,,707.7099398439866,0.0,0.0,0.0,707.7099398439866,0.0,0.0,0.0,1.7860046489558208e-07,0.0,1.0,0.0,,
2024-01-23 03:00:00,40060.47,40118.87,39979.52,40000.44,954.67378,0.0001,50,0.0,0.0,trending,,759.1092835514,0.0,0.0,,,759.1092835514,0.0,,trending,0.0,{},,428.0,,,,,,,707.7099398439866,0.0,0.0,0.0,707.7099398439866,0.0,0.0,0.0,2.0182107974864336e-07,0.0,1.0,0.0,,
2024-01-23 04:00:00,40000.43,40176.74,40000.43,40065.51,819.53223,0.0001,50,0.0,0.0,trending,,759.1092835514,0.0,0.0,,,759.1092835514,0.0,,trending,0.0,{},,429.0,,,,,,,707.7099398439866,0.0,0.0,0.0,707.7099398439866,0.0,0.0,0.0,1.689763734539982e-07,0.0,1.0,0.0,,
2024-01-23 05:00:00,40065.5,40129.16,40062.3,40069.34,528.4638,0.0001,50,0.0,0.0,trending,,759.1092835514,0.0,0.0,,,759.1092835514,0.0,,trending,0.0,{},,430.0,,,,,,,707.7099398439866,0.0,0.0,0.0,707.7099398439866,0.0,0.0,0.0,1.7305161283620279e-07,0.0,1.0,0.0,,
2024-01-23 06:00:00,40069.35,40129.12,39960.87,40019.42,810.99682,0.0001,50,0.0,0.0,trending,,759.1092835514,0.0,0.0,,,759.1092835514,0.0,,trending,0.0,{},,431.0,,,,,,,707.7099398439866,0.0,0.0,0.0,707.7099398439866,0.0,0.0,0.0,2.04230712293732e-07,0.0,1.0,0.0,,
2024-01-23 07:00:00,40019.43,40026.37,39665.02,39780.0,1693.37353,0.0001,50,0.0,0.0,trending,,759.1092835514,0.0,0.0,,,759.1092835514,0.0,,trending,0.0,{},,432.0,,,,,,,707.7099398439866,0.0,0.0,0.0,707.7099398439866,0.0,0.0,0.0,3.080229885681433e-07,0.0,1.0,0.0,,
2024-01-23 08:00:00,39780.01,39860.0,39328.0,39464.96,2986.78985,0.0001,50,-17.13506256470589,0.0,trending,,759.1092835514,0.0,-1.713506256470589,True,True,757.8085450446899,-1.7164473998290983,,trending,-17.13506256470589,{},,433.0,BTCUSDT,2024-01-23 08:00:00,BTCUSDT,39464.96,0.03295932662063335,SHORT,707.7099398439866,0.0,0.0,0.0,707.7099398439866,0.0,0.0,0.0,4.11893650859338e-07,-17.13506256470589,1.0,-17.13506256470589,True,True
2024-01-23 09:00:00,39464.97,39492.57,38907.67,38961.39,6604.67363,0.0001,50,-20.0,0.0,trending,,774.4058731510422,-1.6582275821059218,-0.3417724178940782,True,True,774.1412025833442,-2.00068377853243,,trending,-2.8649374352941095,{},,434.0,BTCUSDT,2024-01-23 09:00:00,BTCUSDT,38961.39,0.0067931500313055185,SHORT,707.7099398439866,0.0,0.0,0.0,707.7099398439866,0.0,0.0,0.0,4.896583182591584e-07,-20.31872354086872,1.0,-20.31872354086872,True,True
2024-01-23 10:00:00,38961.39,39150.0,38855.12,38917.28,3342.72993,0.0001,50,-18.97869256285288,0.0,trending,,775.8946843284614,-1.9939023888222018,0.0960331325369137,False,,775.8946843284614,-1.9939023888222018,,trending,1.0213074371471187,{},,435.0,BTCUSDT,2024-01-23 10:00:00,,,,,707.7099398439866,0.0,0.0,0.0,707.7099398439866,0.0,0.0,0.0,4.586557916967632e-07,-18.97869256285288,1.0,-18.97869256285288,True,False
2024-01-23 11:00:00,38917.27,39045.56,38657.0,38845.56,3393.58407,0.0001,50,-18.47638265059689,0.0,trending,,778.7457319539385,-1.9829414834248202,0.13530321836513126,False,,778.7457319539385,-1.9829414834248202,,trending,0.502309912255992,{},,436.0,BTCUSDT,2024-01-23 11:00:00,,,,,707.7099398439866,0.0,0.0,0.0,707.7099398439866,0.0,0.0,0.0,4.477584652010781e-07,-18.47638265059689,1.0,-18.47638265059689,True,False
2024-01-23 12:00:00,38845.56,39088.01,38758.82,39065.67,2870.76139,0.0001,50,0.0,0.0,trending,,769.9958143180802,-2.0168384109239224,2.0168384109239224,True,True,768.4413026718667,0.0,,trending,18.47638265059689,{},,437.0,BTCUSDT,2024-01-23 12:00:00,BTCUSDT,39065.67,-0.039752476651938866,CLOSE,707.7099398439866,0.0,0.0,0.0,707.7099398439866,0.0,0.0,0.0,3.306323749901844e-07,0.0,1.0,0.0,True,True
2024-01-23 13:00:00,39065.68,39083.35,38853.39,38864.16,1462.05395,0.0001,50,-15.551016767744079,0.0,trending,,768.4413026718667,0.0,-1.555101676774408,True,True,767.246298313579,-1.5575237846234917,,trending,-15.551016767744079,{},,438.0,BTCUSDT,2024-01-23 13:00:00,BTCUSDT,38864.16,0.030748235862751955,SHORT,707.7099398439866,0.0,0.0,0.0,707.7099398439866,0.0,0.0,0.0,3.7840442717937126e-07,-15.551016767744079,1.0,-15.551016767744079,True,True
2024-01-23 14:00:00,38864.15,38900.0,38555.0,38767.74,4060.57085,0.0001,50,-16.11766677277147,0.0,trending,,770.2110432154657,-1.547679202844631,-0.06408747443251617,False,,770.2110432154657,-1.547679202844631,,trending,-0.5666500050273928,{},,439.0,BTCUSDT,2024-01-23 14:00:00,,,,,707.7099398439866,0.0,0.0,0.0,707.7099398439866,0.0,0.0,0.0,3.930937869818847e-07,-16.11766677277147,1.0,-16.11766677277147,True,False
2024-01-23 15:00:00,38767.75,39460.0,38766.0,39204.0,5829.55514,0.0001,50,0.0,0.0,trending,,756.7968178379815,-1.5928368227116365,1.5928368227116365,True,True,755.5901573387189,0.0,,trending,16.11766677277147,{},,440.0,BTCUSDT,2024-01-23 15:00:00,BTCUSDT,39204.0,-0.030748235862751955,CLOSE,707.7099398439866,0.0,0.0,0.0,707.7099398439866,0.0,0.0,0.0,1.9729239731133027e-07,0.0,1.0,0.0,True,True
2024-01-23 16:00:00,39204.0,39374.11,38925.2,39307.59,4118.59618,0.0001,50,0.0,0.0,trending,,755.5901573387189,0.0,0.0,,,755.5901573387189,0.0,,trending,0.0,{},,441.0,,,,,,,707.7099398439866,0.0,0.0,0.0,707.7099398439866,0.0,0.0,0.0,1.5976173756321356e-07,0.0,1.0,0.0,,
2024-01-23 17:00:00,39307.6,39634.29,39270.0,39398.89,3340.69119,0.0001,50,0.0,0.0,trending,,755.5901573387189,0.0,0.0,,,755.5901573387189,0.0,,trending,0.0,{},,442.0,,,,,,,707.7099398439866,0.0,0.0,0.0,707.7099398439866,0.0,0.0,0.0,1.3132828240141255e-07,0.0,1.0,0.0,,
2024-01-23 18:00:00,39398.88,39654.34,39092.54,39092.54,2484.66969,0.0001,50,0.0,0.0,trending,,755.5901573387189,0.0,0.0,,,755.5901573387189,0.0,,trending,0.0,{},,443.0,,,,,,,707.7099398439866,0.0,0.0,0.0,707.7099398439866,0.0,0.0,0.0,2.4707679204744853e-07,0.0,1.0,0.0,,
2024-01-23 19:00:00,39092.55,39287.57,38981.1,39148.07,1755.83945,0.0001,50,0.0,0.0,trending,,755.5901573387189,0.0,0.0,,,755.5901573387189,0.0,,trending,0.0,{},,444.0,,,,,,,707.7099398439866,0.0,0.0,0.0,707.7099398439866,0.0,0.0,0.0,2.1620195181448814e-07,0.0,1.0,0.0,,
2024-01-23 20:00:00,39148.07,39365.96,39032.02,39175.06,2123.40651,0.0001,50,0.0,0.0,trending,,755.5901573387189,0.0,0.0,,,755.5901573387189,0.0,,trending,0.0,{},,445.0,,,,,,,707.7099398439866,0.0,0.0,0.0,707.7099398439866,0.0,0.0,0.0,2.0928002975824495e-07,0.0,1.0,0.0,,
2024-01-23 21:00:00,39175.07,39303.91,39070.0,39223.75,1242.30046,0.0001,50,0.0,0.0,trending,,755.5901573387189,0.0,0.0,,,755.5901573387189,0.0,,trending,0.0,{},,446.0,,,,,,,707.7099398439866,0.0,0.0,0.0,707.7099398439866,0.0,0.0,0.0,1.821312191812247e-07,0.0,1.0,0.0,,
2024-01-23 22:00:00,39223.76,39554.7,39201.1,39468.71,1183.11412,0.0001,50,0.0,0.0,trending,,755.5901573387189,0.0,0.0,,,755.5901573387189,0.0,,trending,0.0,{},,447.0,,,,,,,707.7099398439866,0.0,0.0,0.0,707.7099398439866,0.0,0.0,0.0,4.378123816328818e-08,0.0,1.0,0.0,,
2024-01-23 23:00:00,39468.71,39907.23,39468.71,39897.6,2858.11576,0.0001,50,0.0,0.0,trending,,755.5901573387189,0.0,0.0,,,755.5901573387189,0.0,,trending,0.0,{},,448.0,,,,,,,707.7099398439866,0.0,0.0,0.0,707.7099398439866,0.0,0.0,0.0,-1.4896058844585167e-07,0.0,1.0,0.0,,
2024-01-24 00:00:00,39897.59,40250.0,39784.34,40179.52,2520.72618,0.0001,48,0.0,0.0,trending,,755.5901573387189,0.0,0.0,,,755.5901573387189,0.0,,trending,0.0,{},,449.0,,,,,,,707.7099398439866,0.0,0.0,0.0,707.7099398439866,0.0,0.0,0.0,-2.3935346526026835e-07,0.0,1.0,0.0,,
2024-01-24 01:00:00,40179.53,40179.53,39757.91,39769.97,2861.66348,0.0001,48,0.0,0.0,trending,,755.5901573387189,0.0,0.0,,,755.5901573387189,0.0,,trending,0.0,{},,450.0,,,,,,,707.7099398439866,0.0,0.0,0.0,707.7099398439866,0.0,0.0,0.0,-5.6220667911243875e-08,0.0,1.0,0.0,,
2024-01-24 02:00:00,39769.98,39895.36,39701.34,39763.49,833.35398,0.0001,48,0.0,0.0,trending,,755.5901573387189,0.0,0.0,,,755.5901573387189,0.0,,trending,0.0,{},,451.0,,,,,,,707.7099398439866,0.0,0.0,0.0,707.7099398439866,0.0,0.0,0.0,-5.507238449334074e-08,0.0,1.0,0.0,,
2024-01-24 03:00:00,39763.5,39796.71,39570.43,39614.0,1292.50052,0.0001,48,0.0,0.0,trending,,755.5901573387189,0.0,0.0,,,755.5901573387189,0.0,,trending,0.0,{},,452.0,,,,,,,707.7099398439866,0.0,0.0,0.0,707.7099398439866,0.0,0.0,0.0,1.093637818071187e-08,0.0,1.0,0.0,,
2024-01-24 04:00:00,39614.0,39747.11,39557.01,39654.38,1290.20825,0.0001,48,0.0,0.0,trending,,755.5901573387189,0.0,0.0,,,755.5901573387189,0.0,,trending,0.0,{},,453.0,,,,,,,707.7099398439866,0.0,0.0,0.0,707.7099398439866,0.0,0.0,0.0,-8.132239452339433e-09,0.0,1.0,0.0,,
2024-01-24 05:00:00,39654.39,39847.46,39654.38,39798.85,1493.42547,0.0001,48,0.0,0.0,trending,,755.5901573387189,0.0,0.0,,,755.5901573387189,0.0,,trending,0.0,{},,454.0,,,,,,,707.7099398439866,0.0,0.0,0.0,707.7099398439866,0.0,0.0,0.0,-8.058113590758574e-08,0.0,1.0,0.0,,
2024-01-24 06:00:00,39798.85,39888.0,39661.91,39888.0,1359.63753,0.0001,48,0.0,0.0,trending,,755.5901573387189,0.0,0.0,,,755.5901573387189,0.0,,trending,0.0,{},,455.0,,,,,,,707.7099398439866,0.0,0.0,0.0,707.7099398439866,0.0,0.0,0.0,-1.2630916055191938e-07,0.0,1.0,0.0,,
2024-01-24 07:00:00,39888.0,40191.97,39821.02,39981.09,2365.65855,0.0001,48,0.0,0.0,trending,,755.5901573387189,0.0,0.0,,,755.5901573387189,0.0,,trending,0.0,{},,456.0,,,,,,,707.7099398439866,0.0,0.0,0.0,707.7099398439866,0.0,0.0,0.0,-1.6736557920560105e-07,0.0,1.0,0.0,,
2024-01-24 08:00:00,39981.09,40137.44,39859.51,39954.53,1325.22092,0.0001,48,0.0,0.0,trending,,755.5901573387189,0.0,0.0,,,755.5901573387189,0.0,,trending,0.0,{},,457.0,,,,,,,707.7099398439866,0.0,0.0,0.0,707.7099398439866,0.0,0.0,0.0,-1.4476038245804153e-07,0.0,1.0,0.0,,
2024-01-24 09:00:00,39954.53,40104.95,39910.38,40024.81,1235.71287,0.0001,48,0.0,0.0,trending,,755.5901573387189,0.0,0.0,,,755.5901573387189,0.0,,trending,0.0,{},,458.0,,,,,,,707.7099398439866,0.0,0.0,0.0,707.7099398439866,0.0,0.0,0.0,-1.769322048468812e-07,0.0,1.0,0.0,,
2024-01-24 10:00:00,40024.82,40555.0,39985.49,40352.42,2438.24395,0.0001,48,0.0,0.0,trending,,755.5901573387189,0.0,0.0,,,755.5901573387189,0.0,,trending,0.0,{},,459.0,,,,,,,707.7099398439866,0.0,0.0,0.0,707.7099398439866,0.0,0.0,0.0,-3.027916019125674e-07,0.0,1.0,0.0,,
2024-01-24 11:00:00,40352.42,40373.98,40100.0,40209.34,1433.94563,0.0001,48,0.0,0.0,trending,,755.5901573387189,0.0,0.0,,,755.5901573387189,0.0,,trending,0.0,{},,460.0,,,,,,,707.7099398439866,0.0,0.0,0.0,707.7099398439866,0.0,0.0,0.0,-2.1519268492408537e-07,0.0,1.0,0.0,,
2024-01-24 12:00:00,40209.34,40298.86,39975.78,40029.66,1663.46694,0.0001,48,0.0,0.0,trending,,755.5901573387189,0.0,0.0,,,755.5901573387189,0.0,,trending,0.0,{},,461.0,,,,,,,707.7099398439866,0.0,0.0,0.0,707.7099398439866,0.0,0.0,0.0,-1.1139017256397693e-07,0.0,1.0,0.0,,
2024-01-24 13:00:00,40029.66,40122.83,39885.0,39984.87,1525.73714,0.0001,48,0.0,0.0,trending,,755.5901573387189,0.0,0.0,,,755.5901573387189,0.0,,trending,0.0,{},,462.0,,,,,,,707.7099398439866,0.0,0.0,0.0,707.7099398439866,0.0,0.0,0.0,-9.057643313711229e-08,0.0,1.0,0.0,,
2024-01-24 14:00:00,39984.87,40222.43,39766.0,39914.01,3051.04305,0.0001,48,0.0,0.0,trending,,755.5901573387189,0.0,0.0,,,755.5901573387189,0.0,,trending,0.0,{},,463.0,,,,,,,707.7099398439866,0.0,0.0,0.0,707.7099398439866,0.0,0.0,0.0,-5.187529171687325e-08,0.0,1.0,0.0,,
2024-01-24 15:00:00,39914.0,40118.26,39840.0,40050.71,1880.47332,0.0001,48,0.0,0.0,trending,,755.5901573387189,0.0,0.0,,,755.5901573387189,0.0,,trending,0.0,{},,464.0,,,,,,,707.7099398439866,0.0,0.0,0.0,707.7099398439866,0.0,0.0,0.0,-1.407694918144291e-07,0.0,1.0,0.0,,
2024-01-24 16:00:00,40050.72,40190.61,39923.42,40190.02,1600.34595,0.0001,48,0.0,0.0,trending,,755.5901573387189,0.0,0.0,,,755.5901573387189,0.0,,trending,0.0,{},,465.0,,,,,,,707.7099398439866,0.0,0.0,0.0,707.7099398439866,0.0,0.0,0.0,-2.2463982973046628e-07,0.0,1.0,0.0,,
2024-01-24 17:00:00,40190.01,40207.0,40047.36,40141.98,1229.58381,0.0001,48,0.0,0.0,trending,,755.5901573387189,0.0,0.0,,,755.5901573387189,0.0,,trending,0.0,{},,466.0,,,,,,,707.7099398439866,0.0,0.0,0.0,707.7099398439866,0.0,0.0,0.0,-1.8675368132606916e-07,0.0,1.0,0.0,,
2024-01-24 18:00:00,40141.98,40150.18,39615.76,39761.11,2000.38477,0.0001,48,0.0,0.0,trending,,755.5901573387189,0.0,0.0,,,755.5901573387189,0.0,,trending,0.0,{},,467.0,,,,,,,707.7099398439866,0.0,0.0,0.0,707.7099398439866,0.0,0.0,0.0,9.592543062762963e-08,0.0,1.0,0.0,,
2024-01-24 19:00:00,39761.1,39847.44,39640.58,39803.05,884.85462,0.0001,48,0.0,0.0,trending,,755.5901573387189,0.0,0.0,,,755.5901573387189,0.0,,trending,0.0,{},,468.0,,,,,,,707.7099398439866,0.0,0.0,0.0,707.7099398439866,0.0,0.0,0.0,7.032023920080707e-08,0.0,1.0,0.0,,
2024-01-24 20:00:00,39803.04,40000.0,39511.61,39544.4,1926.08163,0.0001,48,0.0,0.0,trending,,755.5901573387189,0.0,0.0,,,755.5901573387189,0.0,,trending,0.0,{},,469.0,,,,,,,707.7099398439866,0.0,0.0,0.0,707.7099398439866,0.0,0.0,0.0,2.9827510387354526e-07,0.0,1.0,0.0,,
2024-01-24 21:00:00,39544.4,39792.75,39484.19,39792.74,1240.02202,0.0001,48,0.0,0.0,trending,,755.5901573387189,0.0,0.0,,,755.5901573387189,0.0,,trending,0.0,{},,470.0,,,,,,,707.7099398439866,0.0,0.0,0.0,707.7099398439866,0.0,0.0,0.0,6.447210841502027e-08,0.0,1.0,0.0,,
2024-01-24 22:00:00,39792.75,39900.0,39754.11,39875.98,596.56918,0.0001,48,0.0,0.0,trending,,755.5901573387189,0.0,0.0,,,755.5901573387189,0.0,,trending,0.0,{},,471.0,,,,,,,707.7099398439866,0.0,0.0,0.0,707.7099398439866,0.0,0.0,0.0,-2.6009308743493963e-08,0.0,1.0,0.0,,
2024-01-24 23:00:00,39875.98,40175.11,39849.06,40084.88,1244.96885,0.0001,48,0.0,0.0,trending,,755.5901573387189,0.0,0.0,,,755.5901573387189,0.0,,trending,0.0,{},,472.0,,,,,,,707.7099398439866,0.0,0.0,0.0,707.7099398439866,0.0,0.0,0.0,-2.4997997915076895e-07,0.0,1.0,0.0,,
2024-01-25 00:00:00,40084.89,40178.84,40012.0,40170.15,1009.56617,0.0001,52,0.0,0.0,trending,,755.5901573387189,0.0,0.0,,,755.5901573387189,0.0,,trending,0.0,{},,473.0,,,,,,,707.7099398439866,0.0,0.0,0.0,707.7099398439866,0.0,0.0,0.0,-3.360575375486816e-07,0.0,1.0,0.0,,
2024-01-25 01:00:00,40170.15,40178.62,39925.79,39978.83,1209.84353,0.0001,52,0.0,0.0,trending,,755.5901573387189,0.0,0.0,,,755.5901573387189,0.0,,trending,0.0,{},,474.0,,,,,,,707.7099398439866,0.0,0.0,0.0,707.7099398439866,0.0,0.0,0.0,-9.72729651159442e-08,0.0,1.0,0.0,,
2024-01-25 02:00:00,39978.84,40065.62,39914.0,39939.84,556.29622,0.0001,52,0.0,0.0,trending,,755.5901573387189,0.0,0.0,,,755.5901573387189,0.0,,trending,0.0,{},,475.0,,,,,,,707.7099398439866,0.0,0.0,0.0,707.7099398439866,0.0,0.0,0.0,-4.999777945414794e-08,0.0,1.0,0.0,,
2024-01-25 03:00:00,39939.84,40099.87,39931.86,40012.01,708.95318,0.0001,52,0.0,0.0,trending,,755.5901573387189,0.0,0.0,,,755.5901573387189,0.0,,trending,0.0,{},,476.0,,,,,,,707.7099398439866,0.0,0.0,0.0,707.7099398439866,0.0,0.0,0.0,-1.485659175026473e-07,0.0,1.0,0.0,,
2024-01-25 04:00:00,40012.01,40032.5,39912.0,39956.89,776.13036,0.0001,52,0.0,0.0,trending,,755.5901573387189,0.0,0.0,,,755.5901573387189,0.0,,trending,0.0,{},,477.0,,,,,,,707.7099398439866,0.0,0.0,0.0,707.7099398439866,0.0,0.0,0.0,-7.156623654707901e-08,0.0,1.0,0.0,,
2024-01-25 05:00:00,39956.88,39965.0,39792.01,39876.47,1073.67047,0.0001,52,0.0,0.0,trending,,755.5901573387189,0.0,0.0,,,755.5901573387189,0.0,,trending,0.0,{},,478.0,,,,,,,707.7099398439866,0.0,0.0,0.0,707.7099398439866,0.0,0.0,0.0,5.756932813943902e-08,0.0,1.0,0.0,,
2024-01-25 06:00:00,39876.47,40050.0,39876.46,40035.0,942.6811,0.0001,52,0.0,0.0,trending,,755.5901573387189,0.0,0.0,,,755.5901573387189,0.0,,trending,0.0,{},,479.0,,,,,,,707.7099398439866,0.0,0.0,0.0,707.7099398439866,0.0,0.0,0.0,-1.9508403815722708e-07,0.0,1.0,0.0,,
2024-01-25 07:00:00,40035.01,40135.37,39985.57,40130.0,855.68848,0.0001,52,0.0,0.0,trending,,755.5901573387189,0.0,0.0,,,755.5901573387189,0.0,,trending,0.0,{},,480.0,,,,,,,707.7099398439866,0.0,0.0,0.0,707.7099398439866,0.0,0.0,0.0,-3.3109500417487295e-07,0.0,1.0,0.0,,
2024-01-25 08:00:00,40130.0,40177.68,40028.01,40080.23,784.23093,0.0001,52,0.0,0.0,trending,,755.5901573387189,0.0,0.0,,,755.5901573387189,0.0,,trending,0.0,{},,481.0,,,,,,,707.7099398439866,0.0,0.0,0.0,707.7099398439866,0.0,0.0,0.0,-2.3928954693535944e-07,0.0,1.0,0.0,,
2024-01-25 09:00:00,40080.23,40130.0,40023.79,40031.54,763.59512,0.0001,52,0.0,0.0,trending,,755.5901573387189,0.0,0.0,,,755.5901573387189,0.0,,trending,0.0,{},,482.0,,,,,,,707.7099398439866,0.0,0.0,0.0,707.7099398439866,0.0,0.0,0.0,-1.4908695125024537e-07,0.0,1.0,0.0,,
2024-01-25 10:00:00,40031.53,40121.0,39957.44,40115.99,1233.34302,0.0001,52,0.0,0.0,trending,,755.5901573387189,0.0,0.0,,,755.5901573387189,0.0,,trending,0.0,{},,483.0,,,,,,,707.7099398439866,0.0,0.0,0.0,707.7099398439866,0.0,0.0,0.0,-3.1675724896116763e-07,0.0,1.0,0.0,,
2024-01-25 11:00:00,40116.0,40300.24,40080.12,40178.07,1842.66754,0.0001,52,17.73665109749948,0.0,trending,,755.5901573387189,0.0,1.7736651097499478,True,True,754.2499934393766,1.7750397707499956,,trending,17.73665109749948,{},,484.0,BTCUSDT,2024-01-25 11:00:00,BTCUSDT,40178.07,0.03335560666159821,LONG,707.7099398439866,0.0,0.0,0.0,707.7099398439866,0.0,0.0,0.0,-4.320290061921372e-07,17.73665109749948,1.0,17.73665109749948,True,True
2024-01-25 12:00:00,40178.07,40283.82,39798.68,39859.81,2316.54371,0.0001,52,0.0,0.0,trending,,743.6448538186326,1.786092634140667,-1.786092634140667,True,True,742.3166352228104,0.0,,trending,-17.73665109749948,{},,485.0,BTCUSDT,2024-01-25 12:00:00,BTCUSDT,39859.81,0.03332225105493661,CLOSE,707.7099398439866,0.0,0.0,0.0,707.7099398439866,0.0,0.0,0.0,2.0952061384295632e-07,0.0,1.0,0.0,True,True
2024-01-25 13:00:00,39859.81,39965.03,39731.64,39913.84,1669.62305,0.0001,52,0.0,0.0,trending,,742.3166352228104,0.0,0.0,,,742.3166352228104,0.0,,trending,0.0,{},,486.0,,,,,,,707.7099398439866,0.0,0.0,0.0,707.7099398439866,0.0,0.0,0.0,1.0256487294778387e-07,0.0,1.0,0.0,,
2024-01-25 14:00:00,39913.84,40090.19,39862.59,40012.94,1760.22455,0.0001,52,0.0,0.0,trending,,742.3166352228104,0.0,0.0,,,742.3166352228104,0.0,,trending,0.0,{},,487.0,,,,,,,707.7099398439866,0.0,0.0,0.0,707.7099398439866,0.0,0.0,0.0,-8.835706865937458e-08,0.0,1.0,0.0,,
2024-01-25 15:00:00,40012.93,40046.07,39623.4,39804.24,2406.58999,0.0001,52,0.0,0.0,trending,,742.3166352228104,0.0,0.0,,,742.3166352228104,0.0,,trending,0.0,{},,488.0,,,,,,,707.7099398439866,0.0,0.0,0.0,707.7099398439866,0.0,0.0,0.0,2.881748680517916e-07,0.0,1.0,0.0,,
2024-01-25 16:00:00,39804.23,39852.2,39666.66,39710.32,1765.66859,0.0001,52,-17.965881973443032,0.0,trending,,742.3166352228104,0.0,-1.7965881973443032,True,True,740.9829979172769,-1.7998217358322228,,trending,-17.965881973443032,{},,489.0,BTCUSDT,2024-01-25 16:00:00,BTCUSDT,39710.32,0.033584149045730115,SHORT,707.7099398439866,0.0,0.0,0.0,707.7099398439866,0.0,0.0,0.0,4.376672103064838e-07,-17.965881973443032,1.0,-17.965881973443032,True,True
2024-01-25 17:00:00,39710.33,39844.91,39550.0,39803.16,1771.49832,0.0001,52,0.0,0.0,trending,,737.8650455198713,-1.811652775866645,1.811652775866645,True,True,736.5269521685889,0.0,,trending,17.965881973443032,{},,490.0,BTCUSDT,2024-01-25 17:00:00,BTCUSDT,39803.16,-0.033584149045730115,CLOSE,707.7099398439866,0.0,0.0,0.0,707.7099398439866,0.0,0.0,0.0,2.499965013614706e-07,0.0,1.0,0.0,True,True
2024-01-25 18:00:00,39803.16,40044.91,39725.0,39842.64,2788.5616,0.0001,52,0.0,0.0,trending,,736.5269521685889,0.0,0.0,,,736.5269521685889,0.0,,trending,0.0,{},,491.0,,,,,,,707.7099398439866,0.0,0.0,0.0,707.7099398439866,0.0,0.0,0.0,1.7108009999994813e-07,0.0,1.0,0.0,,
2024-01-25 19:00:00,39842.63,39991.24,39734.0,39989.25,1076.4391,0.0001,52,0.0,0.0,trending,,736.5269521685889,0.0,0.0,,,736.5269521685889,0.0,,trending,0.0,{},,492.0,,,,,,,707.7099398439866,0.0,0.0,0.0,707.7099398439866,0.0,0.0,0.0,-1.2810385337304593e-07,0.0,1.0,0.0,,
2024-01-25 20:00:00,39989.25,39995.99,39637.99,39838.31,1432.49568,0.0001,52,0.0,0.0,trending,,736.5269521685889,0.0,0.0,,,736.5269521685889,0.0,,trending,0.0,{},,493.0,,,,,,,707.7099398439866,0.0,0.0,0.0,707.7099398439866,0.0,0.0,0.0,2.0459858183211112e-07,0.0,1.0,0.0,,
2024-01-25 21:00:00,39838.3,39935.94,39792.02,39929.6,1064.77144,0.0001,52,0.0,0.0,trending,,736.5269521685889,0.0,0.0,,,736.5269521685889,0.0,,trending,0.0,{},,494.0,,,,,,,707.7099398439866,0.0,0.0,0.0,707.7099398439866,0.0,0.0,0.0,-1.8532653067035898e-08,0.0,1.0,0.0,,
2024-01-25 22:00:00,39929.6,39981.1,39888.23,39956.31,579.54506,0.0001,52,0.0,0.0,trending,,736.5269521685889,0.0,0.0,,,736.5269521685889,0.0,,trending,0.0,{},,495.0,,,,,,,707.7099398439866,0.0,0.0,0.0,707.7099398439866,0.0,0.0,0.0,-8.694247699623423e-08,0.0,1.0,0.0,,
2024-01-25 23:00:00,39956.32,39984.32,39893.03,39961.09,633.49132,0.0001,52,0.0,0.0,trending,,736.5269521685889,0.0,0.0,,,736.5269521685889,0.0,,trending,0.0,{},,496.0,,,,,,,707.7099398439866,0.0,0.0,0.0,707.7099398439866,0.0,0.0,0.0,-1.0187737532927973e-07,0.0,1.0,0.0,,
2024-01-26 00:00:00,39961.09,39970.71,39884.14,39895.92,473.15533,0.0001,49,0.0,0.0,trending,,736.5269521685889,0.0,0.0,,,736.5269521685889,0.0,,trending,0.0,{},,497.0,,,,,,,707.7099398439866,0.0,0.0,0.0,707.7099398439866,0.0,0.0,0.0,9.733499105203371e-08,0.0,1.0,0.0,,
2024-01-26 01:00:00,39895.93,39959.45,39822.52,39937.78,572.62062,0.0001,49,0.0,0.0,trending,,736.5269521685889,0.0,0.0,,,736.5269521685889,0.0,,trending,0.0,{},,498.0,,,,,,,707.7099398439866,0.0,0.0,0.0,707.7099398439866,0.0,0.0,0.0,-4.06276510460778e-08,0.0,1.0,0.0,,
2024-01-26 02:00:00,39937.77,40245.0,39937.77,40144.31,1519.9574,0.0001,49,20.0,0.0,trending,,736.5269521685889,0.0,2.0,True,True,735.0538982642518,2.002004008016032,,trending,20.0,{},,499.0,BTCUSDT,2024-01-26 02:00:00,BTCUSDT,40144.31,0.03669396495635815,LONG,707.7099398439866,0.0,0.0,0.0,707.7099398439866,0.0,0.0,0.0,-6.126799855206182e-07,25.04863298504933,1.0,25.04863298504933,True,True
2024-01-26 03:00:00,40144.3,40191.92,40067.52,40067.52,614.84384,0.0001,49,0.0,0.0,trending,,732.2389864248219,2.005855964819223,-2.005855964819223,True,True,730.7702204862285,0.0,,trending,-20.0,{},,500.0,BTCUSDT,2024-01-26 03:00:00,BTCUSDT,40067.52,0.03665727099140179,CLOSE,707.7099398439866,0.0,0.0,0.0,707.7099398439866,0.0,0.0,0.0,-3.5632857465742656e-07,0.0,1.0,0.0,True,True
2024-01-26 04:00:00,40067.52,40220.0,40067.52,40149.26,594.42059,0.0001,49,20.0,0.0,trending,,730.7702204862285,0.0,2.0,True,True,729.3086800452561,2.0020040080160317,,trending,20.0,{},,501.0,BTCUSDT,2024-01-26 04:00:00,BTCUSDT,40149.26,0.036402674444621315,LONG,707.7099398439866,0.0,0.0,0.0,707.7099398439866,0.0,0.0,0.0,-5.433903766778587e-07,22.078681233776457,1.0,22.078681233776457,True,True
2024-01-26 05:00:00,40149.25,40180.71,40083.92,40102.4,529.74803,0.0001,49,15.756698880272333,0.0,trending,,727.6045565501056,2.0043508027920174,-0.4286809147647841,True,True,727.2926463632165,1.576345637317024,,trending,-4.243301119727667,{},,502.0,BTCUSDT,2024-01-26 05:00:00,BTCUSDT,40102.4,0.007777843393136678,REDUCE_LONG,707.7099398439866,0.0,0.0,0.0,707.7099398439866,0.0,0.0,0.0,-3.883446013967506e-07,15.756698880272333,1.0,15.756698880272333,True,True
2024-01-26 06:00:00,40102.4,40156.56,39988.69,40002.83,643.2162,0.0001,49,0.0,0.0,trending,,724.4460965497148,1.5786102593147555,-1.5786102593147555,True,True,723.3024785093809,0.0,,trending,-15.756698880272333,{},,503.0,BTCUSDT,2024-01-26 06:00:00,BTCUSDT,40002.83,0.028588428377040013,CLOSE,707.7099398439866,0.0,0.0,0.0,707.7099398439866,0.0,0.0,0.0,-7.989298190954132e-08,0.0,1.0,0.0,True,True
2024-01-26 07:00:00,40002.84,40028.85,39896.84,39969.99,1627.61036,0.0001,49,0.0,0.0,trending,,723.3024785093809,0.0,0.0,,,723.3024785093809,0.0,,trending,0.0,{},,504.0,,,,,,,707.7099398439866,0.0,0.0,0.0,707.7099398439866,0.0,0.0,0.0,2.0618415990521715e-08,0.0,1.0,0.0,,
2024-01-26 08:00:00,39970.0,40176.47,39962.14,40133.8,1038.20517,0.0001,49,18.198886167773214,0.0,trending,,723.3024785093809,0.0,1.8198886167773214,True,True,721.9861485622547,1.8213834431555298,,trending,18.198886167773214,{},,505.0,BTCUSDT,2024-01-26 08:00:00,BTCUSDT,40133.8,0.03279853756997955,LONG,707.7099398439866,0.0,0.0,0.0,707.7099398439866,0.0,0.0,0.0,-4.499629149151171e-07,18.198886167773214,1.0,18.198886167773214,True,True
2024-01-26 09:00:00,40133.79,40411.39,40037.5,40079.82,2097.66496,0.0001,49,0.0,0.0,trending,,720.2174539692852,1.8234005790172854,-1.8234005790172854,True,True,718.9042090466993,0.0,,trending,-18.198886167773214,{},,506.0,BTCUSDT,2024-01-26 09:00:00,BTCUSDT,40079.82,0.03276573903240957,CLOSE,707.7099398439866,0.0,0.0,0.0,707.7099398439866,0.0,0.0,0.0,-2.699955520695708e-07,0.0,1.0,0.0,True,True
2024-01-26 10:00:00,40079.83,40755.98,40068.0,40692.64,3407.41985,0.0001,49,20.0,0.0,trending,,718.9042090466993,0.0,2.0,True,True,717.4664006286058,2.002004008016032,,trending,20.0,{},,507.0,BTCUSDT,2024-01-26 10:00:00,BTCUSDT,40692.64,0.03533337768435271,LONG,707.7099398439866,0.0,0.0,0.0,707.7099398439866,0.0,0.0,0.0,-9.599163776479534e-07,38.536770841255276,1.0,38.536770841255276,True,True
2024-01-26 11:00:00,40692.64,41348.13,40684.79,41289.52,4980.03788,0.0001,49,20.0,0.0,trending,,738.5350973143699,1.973419153214171,0.02658084678582906,False,,738.5350973143699,1.973419153214171,,trending,0.0,{},,508.0,BTCUSDT,2024-01-26 11:00:00,,,,,707.7099398439866,0.0,0.0,0.0,707.7099398439866,0.0,0.0,0.0,-7.994829367867018e-07,31.92748939178132,1.0,31.92748939178132,True,False
2024-01-26 12:00:00,41289.52,41500.0,41091.93,41140.01,4270.58522,0.0001,49,20.0,0.0,trending,,733.2576867100801,1.980425056670349,0.01957494332965104,False,,733.2576867100801,1.980425056670349,,trending,0.0,{},,509.0,BTCUSDT,2024-01-26 12:00:00,,,,,707.7099398439866,0.0,0.0,0.0,707.7099398439866,0.0,0.0,0.0,-5.426607401114011e-07,21.62252288714434,1.0,21.62252288714434,True,False
2024-01-26 13:00:00,41140.01,41229.76,40914.5,41021.65,2049.46599,0.0001,49,16.220886953502045,0.0,trending,,729.0798101859428,1.986043227370885,-0.3639545320206805,True,True,728.8144582848208,1.6226792768270217,,trending,-3.7791130464979545,{},,510.0,BTCUSDT,2024-01-26 13:00:00,BTCUSDT,41021.65,0.006468581861576787,REDUCE_LONG,707.7099398439866,0.0,0.0,0.0,707.7099398439866,0.0,0.0,0.0,-4.082929229587821e-07,16.220886953502045,1.0,16.220886953502045,True,True
2024-01-26 14:00:00,41021.65,41588.0,41021.65,41588.0,2212.73241,0.0001,49,18.16955106566018,0.0,trending,,745.1420243405985,1.6090351167986647,0.20791998976735315,True,True,744.9870944185222,1.8171250031883195,,trending,1.9486641121581343,{},,511.0,BTCUSDT,2024-01-26 14:00:00,BTCUSDT,41588.0,0.003725351593635713,LONG,707.7099398439866,0.0,0.0,0.0,707.7099398439866,0.0,0.0,0.0,-4.5886753169082416e-07,18.16955106566018,1.0,18.16955106566018,True,True
2024-01-26 15:00:00,41588.0,41588.0,41218.0,41422.99,3619.35725,0.0001,49,0.0,0.0,trending,,739.6158392742582,1.823059147163912,-1.823059147163912,True,True,738.267475853082,0.0,,trending,-18.16955106566018,{},,512.0,BTCUSDT,2024-01-26 15:00:00,BTCUSDT,41422.99,0.03255108868713365,CLOSE,707.7099398439866,0.0,0.0,0.0,707.7099398439866,0.0,0.0,0.0,-3.4263714003521974e-07,0.0,1.0,0.0,True,True
2024-01-26 16:00:00,41422.98,41995.99,41405.31,41961.14,4401.51543,0.0001,49,0.0,0.0,trending,,738.267475853082,0.0,0.0,,,738.267475853082,0.0,,trending,0.0,{},,513.0,,,,,,,707.7099398439866,0.0,0.0,0.0,707.7099398439866,0.0,0.0,0.0,-3.7429875856460803e-07,0.0,1.0,0.0,,
2024-01-26 17:00:00,41961.15,42010.02,41752.83,41915.16,2539.86023,0.0001,49,0.0,0.0,trending,,738.267475853082,0.0,0.0,,,738.267475853082,0.0,,trending,0.0,{},,514.0,,,,,,,707.7099398439866,0.0,0.0,0.0,707.7099398439866,0.0,0.0,0.0,-3.2666894405255425e-07,0.0,1.0,0.0,,
2024-01-26 18:00:00,41915.17,42193.8,41851.5,42105.01,2701.00331,0.0001,49,0.0,0.0,trending,,738.267475853082,0.0,0.0,,,738.267475853082,0.0,,trending,0.0,{},,515.0,,,,,,,707.7099398439866,0.0,0.0,0.0,707.7099398439866,0.0,0.0,0.0,-3.204824154321625e-07,0.0,1.0,0.0,,
2024-01-26 19:00:00,42105.0,42125.0,41936.0,42064.49,1717.73397,0.0001,49,0.0,0.0,trending,,738.267475853082,0.0,0.0,,,738.267475853082,0.0,,trending,0.0,{},,516.0,,,,,,,707.7099398439866,0.0,0.0,0.0,707.7099398439866,0.0,0.0,0.0,-2.8833019899693694e-07,0.0,1.0,0.0,,
2024-01-26 20:00:00,42064.48,42246.82,41838.83,41977.18,2276.19959,0.0001,49,0.0,0.0,trending,,738.267475853082,0.0,0.0,,,738.267475853082,0.0,,trending,0.0,{},,517.0,,,,,,,707.7099398439866,0.0,0.0,0.0,707.7099398439866,0.0,0.0,0.0,-2.5152382772274053e-07,0.0,1.0,0.0,,
2024-01-26 21:00:00,41977.18,42048.0,41878.93,41998.78,1148.22293,0.0001,49,0.0,0.0,trending,,738.267475853082,0.0,0.0,,,738.267475853082,0.0,,trending,0.0,{},,518.0,,,,,,,707.7099398439866,0.0,0.0,0.0,707.7099398439866,0.0,0.0,0.0,-2.4831070986498344e-07,0.0,1.0,0.0,,
2024-01-26 22:00:00,41998.77,42011.75,41820.64,41906.28,1674.96289,0.0001,49,0.0,0.0,trending,,738.267475853082,0.0,0.0,,,738.267475853082,0.0,,trending,0.0,{},,519.0,,,,,,,707.7099398439866,0.0,0.0,0.0,707.7099398439866,0.0,0.0,0.0,-2.1499073377166687e-07,0.0,1.0,0.0,,
2024-01-26 23:00:00,41906.28,41972.0,41800.02,41823.51,674.42781,0.0001,49,0.0,0.0,trending,,738.267475853082,0.0,0.0,,,738.267475853082,0.0,,trending,0.0,{},,520.0,,,,,,,707.7099398439866,0.0,0.0,0.0,707.7099398439866,0.0,0.0,0.0,-1.8791632863233775e-07,0.0,1.0,0.0,,
2024-01-27 00:00:00,41823.51,41866.67,41708.0,41785.94,930.043,8.966e-05,55,0.0,0.0,trending,,738.267475853082,0.0,0.0,,,738.267475853082,0.0,,trending,0.0,{},,521.0,,,,,,,707.7099398439866,0.0,0.0,0.0,707.7099398439866,0.0,0.0,0.0,-1.7828184266598915e-07,0.0,1.0,0.0,,
2024-01-27 01:00:00,41785.94,41933.17,41768.5,41818.86,630.61808,8.966e-05,55,0.0,0.0,trending,,738.267475853082,0.0,0.0,,,738.267475853082,0.0,,trending,0.0,{},,522.0,,,,,,,707.7099398439866,0.0,0.0,0.0,707.7099398439866,0.0,0.0,0.0,-1.8908092845936354e-07,0.0,1.0,0.0,,
2024-01-27 02:00:00,41818.86,41896.09,41815.48,41838.59,382.71397,8.966e-05,55,0.0,0.0,trending,,738.267475853082,0.0,0.0,,,738.267475853082,0.0,,trending,0.0,{},,523.0,,,,,,,707.7099398439866,0.0,0.0,0.0,707.7099398439866,0.0,0.0,0.0,-1.967728361017195e-07,0.0,1.0,0.0,,
2024-01-27 03:00:00,41838.6,41865.21,41765.64,41815.01,832.99188,8.966e-05,55,0.0,0.0,trending,,738.267475853082,0.0,0.0,,,738.267475853082,0.0,,trending,0.0,{},,524.0,,,,,,,707.7099398439866,0.0,0.0,0.0,707.7099398439866,0.0,0.0,0.0,-1.9301916190109508e-07,0.0,1.0,0.0,,
2024-01-27 04:00:00,41815.01,41875.67,41791.1,41844.26,491.10343,8.966e-05,55,0.0,0.0,trending,,738.267475853082,0.0,0.0,,,738.267475853082,0.0,,trending,0.0,{},,525.0,,,,,,,707.7099398439866,0.0,0.0,0.0,707.7099398439866,0.0,0.0,0.0,-2.0804799329113987e-07,0.0,1.0,0.0,,
2024-01-27 05:00:00,41844.26,41890.0,41738.59,41762.48,435.4705,8.966e-05,55,0.0,0.0,trending,,738.267475853082,0.0,0.0,,,738.267475853082,0.0,,trending,0.0,{},,526.0,,,,,,,707.7099398439866,0.0,0.0,0.0,707.7099398439866,0.0,0.0,0.0,-1.7631534218011864e-07,0.0,1.0,0.0,,
2024-01-27 06:00:00,41762.49,41812.0,41691.24,41704.04,559.96951,8.966e-05,55,0.0,0.0,trending,,738.267475853082,0.0,0.0,,,738.267475853082,0.0,,trending,0.0,{},,527.0,,,,,,,707.7099398439866,0.0,0.0,0.0,707.7099398439866,0.0,0.0,0.0,-1.5932174047789274e-07,0.0,1.0,0.0,,
2024-01-27 07:00:00,41704.04,41729.41,41602.01,41710.14,898.52317,8.966e-05,55,0.0,0.0,trending,,738.267475853082,0.0,0.0,,,738.267475853082,0.0,,trending,0.0,{},,528.0,,,,,,,707.7099398439866,0.0,0.0,0.0,707.7099398439866,0.0,0.0,0.0,-1.8598327124065803e-07,0.0,1.0,0.0,,
2024-01-27 08:00:00,41710.15,41719.85,41421.21,41470.01,1368.20378,0.0001,55,0.0,0.0,trending,,738.267475853082,0.0,0.0,,,738.267475853082,0.0,,trending,0.0,{},,529.0,,,,,,,707.7099398439866,0.0,0.0,0.0,707.7099398439866,0.0,0.0,0.0,-3.605016791143718e-08,0.0,1.0,0.0,,
2024-01-27 09:00:00,41470.01,41742.7,41394.34,41669.78,1071.11625,0.0001,55,0.0,0.0,trending,,738.267475853082,0.0,0.0,,,738.267475853082,0.0,,trending,0.0,{},,530.0,,,,,,,707.7099398439866,0.0,0.0,0.0,707.7099398439866,0.0,0.0,0.0,-2.0667392834101858e-07,0.0,1.0,0.0,,
2024-01-27 10:00:00,41669.79,41800.0,41651.1,41747.3,732.18207,0.0001,55,0.0,0.0,trending,,738.267475853082,0.0,0.0,,,738.267475853082,0.0,,trending,0.0,{},,531.0,,,,,,,707.7099398439866,0.0,0.0,0.0,707.7099398439866,0.0,0.0,0.0,-3.2749427956560147e-07,0.0,1.0,0.0,,
2024-01-27 11:00:00,41747.31,41786.87,41702.88,41761.23,575.83689,0.0001,55,0.0,0.0,trending,,738.267475853082,0.0,0.0,,,738.267475853082,0.0,,trending,0.0,{},,532.0,,,,,,,707.7099398439866,0.0,0.0,0.0,707.7099398439866,0.0,0.0,0.0,-3.6042393762705053e-07,0.0,1.0,0.0,,
2024-01-27 12:00:00,41761.22,41807.03,41714.0,41750.0,612.54473,0.0001,55,15.322469775849836,0.0,trending,,738.267475853082,0.0,1.5322469775849836,True,True,737.1362677445568,1.533063762924585,,trending,15.322469775849836,{},,533.0,BTCUSDT,2024-01-27 12:00:00,BTCUSDT,41750.0,0.027094804994615085,LONG,707.7099398439866,0.0,0.0,0.0,707.7099398439866,0.0,0.0,0.0,-3.936983263537149e-07,15.322469775849836,1.0,15.322469775849836,True,True
2024-01-27 13:00:00,41750.01,41806.55,41725.21,41742.44,419.38468,0.0001,55,20.0,0.0,trending,,736.9316358555234,1.5332117845855846,0.4667882154144154,True,True,736.58764485234,2.000467006208409,,trending,4.677530224150164,{},,534.0,BTCUSDT,2024-01-27 13:00:00,BTCUSDT,41742.44,0.008240797691352627,LONG,707.7099398439866,0.0,0.0,0.0,707.7099398439866,0.0,0.0,0.0,-5.261093220224996e-07,20.451075275130673,1.0,20.451075275130673,True,True
2024-01-27 14:00:00,41742.44,41818.39,41731.01,41766.0,493.43458,0.0001,55,20.0,0.0,trending,,737.4193191448221,1.9993386621741016,0.0006613378258983893,False,,737.4193191448221,1.9993386621741016,,trending,0.0,{},,535.0,BTCUSDT,2024-01-27 14:00:00,,,,,707.7099398439866,0.0,0.0,0.0,707.7099398439866,0.0,0.0,0.0,-5.911204862266274e-07,22.9486659282514,1.0,22.9486659282514,True,False
2024-01-27 15:00:00,41765.99,41894.87,41733.6,41814.0,581.25856,0.0001,55,20.0,0.0,trending,,739.1137319648196,1.997047685606523,0.0029523143934770957,False,,739.1137319648196,1.997047685606523,,trending,0.0,{},,536.0,BTCUSDT,2024-01-27 15:00:00,,,,,707.7099398439866,0.0,0.0,0.0,707.7099398439866,0.0,0.0,0.0,-7.96905460735281e-07,30.802747129283155,1.0,30.802747129283155,True,False
2024-01-27 16:00:00,41813.99,41895.74,41791.22,41810.18,609.18361,8.3e-05,55,20.0,0.0,trending,,738.9788849445615,1.9972296243766265,0.0027703756233734556,False,,738.9788849445615,1.9972296243766265,,trending,0.0,{},,537.0,BTCUSDT,2024-01-27 16:00:00,,,,,707.7099398439866,0.0,0.0,0.0,707.7099398439866,0.0,0.0,0.0,-8.012793450874411e-07,30.794680040659724,1.0,30.794680040659724,True,False
2024-01-27 17:00:00,41810.17,41845.34,41774.07,41779.28,448.23397,8.3e-05,55,20.0,0.0,trending,,737.8881066916879,1.998703772526633,0.0012962274733669954,False,,737.8881066916879,1.998703772526633,,trending,0.0,{},,538.0,BTCUSDT,2024-01-27 17:00:00,,,,,707.7099398439866,0.0,0.0,0.0,707.7099398439866,0.0,0.0,0.0,-6.856315730563713e-07,26.2498548755648,1.0,26.2498548755648,True,False
2024-01-27 18:00:00,41779.28,41817.64,41745.26,41797.62,392.55791,8.3e-05,55,20.0,0.0,trending,,738.5355135899954,1.997828299783885,0.0021717002161150134,False,,738.5355135899954,1.997828299783885,,trending,0.0,{},,539.0,BTCUSDT,2024-01-27 18:00:00,,,,,707.7099398439866,0.0,0.0,0.0,707.7099398439866,0.0,0.0,0.0,-8.367079141686377e-07,31.869968723511448,1.0,31.869968723511448,True,False
2024-01-27 19:00:00,41797.62,41986.06,41790.87,41910.47,806.22964,8.3e-05,55,20.0,0.0,trending,,742.5191487303437,1.9924749242031339,0.007525075796866121,False,,742.5191487303437,1.9924749242031339,,trending,0.0,{},,540.0,BTCUSDT,2024-01-27 19:00:00,,,,,707.7099398439866,0.0,0.0,0.0,707.7099398439866,0.0,0.0,0.0,-1.3072708417398189e-06,49.446699125729566,1.0,49.446699125729566,True,False
2024-01-27 20:00:00,41910.48,42076.7,41910.47,42059.93,664.97501,8.3e-05,55,20.0,0.0,trending,,747.7951266486111,1.9854726376169707,0.014527362383029319,False,,747.7951266486111,1.9854726376169707,,trending,0.0,{},,541.0,BTCUSDT,2024-01-27 20:00:00,,,,,707.7099398439866,0.0,0.0,0.0,707.7099398439866,0.0,0.0,0.0,-1.609422432411745e-06,60.448334769857716,1.0,60.448334769857716,True,False
2024-01-27 21:00:00,42059.94,42176.47,42022.92,42150.59,746.05127,8.3e-05,55,20.0,0.0,trending,,750.9954488623812,1.9812731048794479,0.018726895120552145,False,,750.9954488623812,1.9812731048794479,,trending,0.0,{},,542.0,BTCUSDT,2024-01-27 21:00:00,,,,,707.7099398439866,0.0,0.0,0.0,707.7099398439866,0.0,0.0,0.0,-1.5958927224838486e-06,59.34924428900719,1.0,59.34924428900719,True,False
2024-01-27 22:00:00,42150.59,42200.0,42079.25,42155.51,624.6537,8.3e-05,55,20.0,0.0,trending,,751.1691261764311,1.9810462253775274,0.018953774622472608,False,,751.1691261764311,1.9810462253775274,,trending,0.0,{},,543.0,BTCUSDT,2024-01-27 22:00:00,,,,,707.7099398439866,0.0,0.0,0.0,707.7099398439866,0.0,0.0,0.0,-1.4092534993247884e-06,51.93208329772731,1.0,51.93208329772731,True,False
2024-01-27 23:00:00,42155.5,42171.08,42090.0,42120.63,917.13648,8.3e-05,55,20.0,0.0,trending,,749.9378528605662,1.9826569402312046,0.017343059768795355,False,,749.9378528605662,1.9826569402312046,,trending,0.0,{},,544.0,BTCUSDT,2024-01-27 23:00:00,,,,,707.7099398439866,0.0,0.0,0.0,707.7099398439866,0.0,0.0,0.0,-1.1494371016748493e-06,42.06299808570621,1.0,42.06299808570621,True,False
2024-01-28 00:00:00,42120.63,42145.28,41925.0,41990.85,968.77133,0.0001,54,20.0,0.0,trending,,745.3565841984978,1.9886967546519576,0.01130324534804239,False,,745.3565841984978,1.9886967546519576,,trending,0.0,{},,545.0,BTCUSDT,2024-01-28 00:00:00,,,,,707.7099398439866,0.0,0.0,0.0,707.7099398439866,0.0,0.0,0.0,-6.445251095605025e-07,23.531473876150464,1.0,23.531473876150464,True,False
2024-01-28 01:00:00,41990.85,42244.0,41990.85,42100.0,1661.33541,0.0001,54,20.0,0.0,trending,,749.2096083506381,1.9836120995269344,0.016387900473065597,False,,749.2096083506381,1.9836120995269344,,trending,0.0,{},,546.0,BTCUSDT,2024-01-28 01:00:00,,,,,707.7099398439866,0.0,0.0,0.0,707.7099398439866,0.0,0.0,0.0,-8.209527102675571e-07,29.80003266398958,1.0,29.80003266398958,True,False
2024-01-28 02:00:00,42100.0,42177.4,42100.0,42102.22,700.8102,0.0001,54,20.0,0.0,trending,,749.2879749435631,1.9835092254230153,0.016490774576984668,False,,749.2879749435631,1.9835092254230153,,trending,0.0,{},,547.0,BTCUSDT,2024-01-28 02:00:00,,,,,707.7099398439866,0.0,0.0,0.0,707.7099398439866,0.0,0.0,0.0,-7.886358755516431e-07,28.542119490032995,1.0,28.542119490032995,True,False
2024-01-28 03:00:00,42102.21,42244.0,42100.0,42231.83,600.99075,0.0001,54,20.0,0.0,trending,,753.8632425602273,1.9775402145259109,0.02245978547408911,False,,753.8632425602273,1.9775402145259109,,trending,0.0,{},,548.0,BTCUSDT,2024-01-28 03:00:00,,,,,707.7099398439866,0.0,0.0,0.0,707.7099398439866,0.0,0.0,0.0,-9.260152632794347e-07,33.414289986714124,1.0,33.414289986714124,True,False
2024-01-28 04:00:00,42231.84,42765.22,42228.64,42720.32,2631.50653,0.0001,54,20.0,0.0,trending,,771.1070700277394,1.955680040424235,0.04431995957576507,False,,771.1070700277394,1.955680040424235,,trending,0.0,{},,549.0,BTCUSDT,2024-01-28 04:00:00,,,,,707.7099398439866,0.0,0.0,0.0,707.7099398439866,0.0,0.0,0.0,-1.0462110208442337e-06,37.556255238059876,1.0,37.556255238059876,True,False
2024-01-28 05:00:00,42720.33,42842.68,42453.41,42562.44,2401.725,0.0001,54,20.0,0.0,trending,,765.5338638606311,1.9626375404729126,0.03736245952708739,False,,765.5338638606311,1.9626375404729126,,trending,0.0,{},,550.0,BTCUSDT,2024-01-28 05:00:00,,,,,707.7099398439866,0.0,0.0,0.0,707.7099398439866,0.0,0.0,0.0,-6.819364527548789e-07,24.376523365276586,1.0,24.376523365276586,True,False
2024-01-28 06:00:00,42562.45,42577.81,42293.66,42413.27,1652.27318,0.0001,54,16.11732569521704,0.0,trending,,760.2681230198177,1.969304924857824,-0.3575723553361201,True,True,759.9962721563825,1.612309086679358,,trending,-3.8826743047829595,{},,551.0,BTCUSDT,2024-01-28 06:00:00,BTCUSDT,42413.27,0.006409570953505054,REDUCE_LONG,707.7099398439866,0.0,0.0,0.0,707.7099398439866,0.0,0.0,0.0,-4.5180603226540525e-07,16.11732569521704,1.0,16.11732569521704,True,True
2024-01-28 07:00:00,42413.27,42530.63,42359.13,42388.82,1168.39227,0.0001,54,0.0,0.0,trending,,759.2898946360094,1.6128787259928874,-1.6128787259928874,True,True,758.0652521180896,0.0,,trending,-16.11732569521704,{},,552.0,BTCUSDT,2024-01-28 07:00:00,BTCUSDT,42388.82,0.02889069612977669,CLOSE,707.7099398439866,0.0,0.0,0.0,707.7099398439866,0.0,0.0,0.0,-4.108463615845703e-07,0.0,1.0,0.0,True,True
2024-01-28 08:00:00,42388.82,42614.18,42323.14,42491.1,1299.94364,4.725e-05,54,17.747363110623276,0.0,trending,,758.0652521180896,0.0,1.7747363110623275,True,True,756.719886189001,1.7761137082418577,,trending,17.747363110623276,{},,553.0,BTCUSDT,2024-01-28 08:00:00,BTCUSDT,42491.1,0.0316622993777189,LONG,707.7099398439866,0.0,0.0,0.0,707.7099398439866,0.0,0.0,0.0,-4.963855165931398e-07,17.747363110623276,1.0,17.747363110623276,True,True
2024-01-28 09:00:00,42491.09,42698.0,42424.0,42575.03,1422.02088,4.725e-05,54,19.483010371610018,0.0,trending,,759.3746455589862,1.7734004294259547,0.174900607735047,False,,759.3746455589862,1.7734004294259547,,trending,1.7356472609867417,{},,554.0,BTCUSDT,2024-01-28 09:00:00,,,,,707.7099398439866,0.0,0.0,0.0,707.7099398439866,0.0,0.0,0.0,-5.419893657629437e-07,19.483010371610018,1.0,19.483010371610018,True,False
2024-01-28 10:00:00,42575.02,42645.83,42500.0,42600.02,683.9497,4.725e-05,54,19.611829389035226,0.0,trending,,760.1650951795739,1.7725962171832739,0.1885867217202486,False,,760.1650951795739,1.7725962171832739,,trending,0.12881901742520796,{},,555.0,BTCUSDT,2024-01-28 10:00:00,,,,,707.7099398439866,0.0,0.0,0.0,707.7099398439866,0.0,0.0,0.0,-5.435349959578721e-07,19.611829389035226,1.0,19.611829389035226,True,False
2024-01-28 11:00:00,42600.03,42612.62,42357.88,42471.98,1042.17023,4.725e-05,54,0.0,0.0,trending,,756.1151084080632,1.776734481879372,-1.776734481879372,True,True,754.7716926226847,0.0,,trending,-19.611829389035226,{},,556.0,BTCUSDT,2024-01-28 11:00:00,BTCUSDT,42471.98,0.031630637078341184,CLOSE,707.7099398439866,0.0,0.0,0.0,707.7099398439866,0.0,0.0,0.0,-3.644742760937969e-07,0.0,1.0,0.0,True,True
2024-01-28 12:00:00,42471.98,42493.33,42291.11,42417.04,1188.06665,4.725e-05,54,0.0,0.0,trending,,754.7716926226847,0.0,0.0,,,754.7716926226847,0.0,,trending,0.0,{},,557.0,,,,,,,707.7099398439866,0.0,0.0,0.0,707.7099398439866,0.0,0.0,0.0,-2.9757797271756184e-07,0.0,1.0,0.0,,
2024-01-28 13:00:00,42417.04,42449.99,42240.22,42397.18,910.01882,4.725e-05,54,0.0,0.0,trending,,754.7716926226847,0.0,0.0,,,754.7716926226847,0.0,,trending,0.0,{},,558.0,,,,,,,707.7099398439866,0.0,0.0,0.0,707.7099398439866,0.0,0.0,0.0,-2.7984061079891765e-07,0.0,1.0,0.0,,
2024-01-28 14:00:00,42397.19,42544.0,42252.13,42288.0,910.41591,4.725e-05,54,0.0,0.0,trending,,754.7716926226847,0.0,0.0,,,754.7716926226847,0.0,,trending,0.0,{},,559.0,,,,,,,707.7099398439866,0.0,0.0,0.0,707.7099398439866,0.0,0.0,0.0,-1.3186007922780034e-07,0.0,1.0,0.0,,
2024-01-28 15:00:00,42288.0,42411.1,42155.55,42258.01,970.07038,4.725e-05,54,0.0,0.0,trending,,754.7716926226847,0.0,0.0,,,754.7716926226847,0.0,,trending,0.0,{},,560.0,,,,,,,707.7099398439866,0.0,0.0,0.0,707.7099398439866,0.0,0.0,0.0,-9.32690427638186e-08,0.0,1.0,0.0,,
2024-01-28 16:00:00,42258.0,42354.7,42136.58,42312.34,755.82534,0.0001,54,0.0,0.0,trending,,754.7716926226847,0.0,0.0,,,754.7716926226847,0.0,,trending,0.0,{},,561.0,,,,,,,707.7099398439866,0.0,0.0,0.0,707.7099398439866,0.0,0.0,0.0,-1.7783758585170154e-07,0.0,1.0,0.0,,
2024-01-28 17:00:00,42312.35,42312.35,42100.0,42168.17,755.94073,0.0001,54,0.0,0.0,trending,,754.7716926226847,0.0,0.0,,,754.7716926226847,0.0,,trending,0.0,{},,562.0,,,,,,,707.7099398439866,0.0,0.0,0.0,707.7099398439866,0.0,0.0,0.0,5.8206559866598444e-08,0.0,1.0,0.0,,
2024-01-28 18:00:00,42168.16,42170.4,41920.51,41971.67,1049.86327,0.0001,54,0.0,0.0,trending,,754.7716926226847,0.0,0.0,,,754.7716926226847,0.0,,trending,0.0,{},,563.0,,,,,,,707.7099398439866,0.0,0.0,0.0,707.7099398439866,0.0,0.0,0.0,3.6238044674718605e-07,0.0,1.0,0.0,,
2024-01-28 19:00:00,41971.67,42025.0,41721.08,41785.92,1257.9253,0.0001,54,-20.0,0.0,trending,,754.7716926226847,0.0,-2.0,True,True,753.2621492374392,-2.0040080160320644,,trending,-20.0,{},,564.0,BTCUSDT,2024-01-28 19:00:00,BTCUSDT,41785.92,0.03612564675482482,SHORT,707.7099398439866,0.0,0.0,0.0,707.7099398439866,0.0,0.0,0.0,5.669561912099638e-07,-20.43687983443046,1.0,-20.43687983443046,True,True
2024-01-28 20:00:00,41785.91,41969.75,41681.72,41945.09,1140.40494,0.0001,54,0.0,0.0,trending,,747.5120300434737,-2.0271158771200093,2.0271158771200093,True,True,745.9952197287196,0.0,,trending,20.0,{},,565.0,BTCUSDT,2024-01-28 20:00:00,BTCUSDT,41945.09,-0.03612564675482482,CLOSE,707.7099398439866,0.0,0.0,0.0,707.7099398439866,0.0,0.0,0.0,2.81552031822252e-07,0.0,1.0,0.0,True,True
2024-01-28 21:00:00,41945.09,42028.0,41810.0,41979.59,626.47209,0.0001,54,0.0,0.0,trending,,745.9952197287196,0.0,0.0,,,745.9952197287196,0.0,,trending,0.0,{},,566.0,,,,,,,707.7099398439866,0.0,0.0,0.0,707.7099398439866,0.0,0.0,0.0,2.2044242016961025e-07,0.0,1.0,0.0,,
2024-01-28 22:00:00,41979.59,41979.59,41620.81,41834.0,726.07206,0.0001,54,0.0,0.0,trending,,745.9952197287196,0.0,0.0,,,745.9952197287196,0.0,,trending,0.0,{},,567.0,,,,,,,707.7099398439866,0.0,0.0,0.0,707.7099398439866,0.0,0.0,0.0,3.696377924359109e-07,0.0,1.0,0.0,,
2024-01-28 23:00:00,41834.01,42073.81,41753.19,42031.06,770.03377,0.0001,54,0.0,0.0,trending,,745.9952197287196,0.0,0.0,,,745.9952197287196,0.0,,trending,0.0,{},,568.0,,,,,,,707.7099398439866,0.0,0.0,0.0,707.7099398439866,0.0,0.0,0.0,9.040901494519915e-08,0.0,1.0,0.0,,
2024-01-29 00:00:00,42031.05,42069.23,41874.94,41971.42,735.96031,0.0001,55,0.0,0.0,trending,,745.9952197287196,0.0,0.0,,,745.9952197287196,0.0,,trending,0.0,{},,569.0,,,,,,,707.7099398439866,0.0,0.0,0.0,707.7099398439866,0.0,0.0,0.0,1.5807549639804867e-07,0.0,1.0,0.0,,
2024-01-29 01:00:00,41971.43,42318.31,41967.57,42160.21,893.00449,0.0001,55,0.0,0.0,trending,,745.9952197287196,0.0,0.0,,,745.9952197287196,0.0,,trending,0.0,{},,570.0,,,,,,,707.7099398439866,0.0,0.0,0.0,707.7099398439866,0.0,0.0,0.0,-7.521550547761826e-08,0.0,1.0,0.0,,
2024-01-29 02:00:00,42160.21,42328.67,42127.96,42237.56,689.79483,0.0001,55,0.0,0.0,trending,,745.9952197287196,0.0,0.0,,,745.9952197287196,0.0,,trending,0.0,{},,571.0,,,,,,,707.7099398439866,0.0,0.0,0.0,707.7099398439866,0.0,0.0,0.0,-1.6252374392157981e-07,0.0,1.0,0.0,,
2024-01-29 03:00:00,42237.56,42504.0,42237.56,42331.2,1118.92636,0.0001,55,0.0,0.0,trending,,745.9952197287196,0.0,0.0,,,745.9952197287196,0.0,,trending,0.0,{},,572.0,,,,,,,707.7099398439866,0.0,0.0,0.0,707.7099398439866,0.0,0.0,0.0,-2.627639978779589e-07,0.0,1.0,0.0,,
2024-01-29 04:00:00,42331.19,42345.36,42195.61,42218.0,560.51436,0.0001,55,0.0,0.0,trending,,745.9952197287196,0.0,0.0,,,745.9952197287196,0.0,,trending,0.0,{},,573.0,,,,,,,707.7099398439866,0.0,0.0,0.0,707.7099398439866,0.0,0.0,0.0,-1.1922543515598416e-07,0.0,1.0,0.0,,
2024-01-29 05:00:00,42218.0,42284.94,42131.1,42144.23,656.26092,0.0001,55,0.0,0.0,trending,,745.9952197287196,0.0,0.0,,,745.9952197287196,0.0,,trending,0.0,{},,574.0,,,,,,,707.7099398439866,0.0,0.0,0.0,707.7099398439866,0.0,0.0,0.0,-1.7653449852148672e-08,0.0,1.0,0.0,,
2024-01-29 06:00:00,42144.23,42251.75,42133.0,42163.23,643.13454,0.0001,55,0.0,0.0,trending,,745.9952197287196,0.0,0.0,,,745.9952197287196,0.0,,trending,0.0,{},,575.0,,,,,,,707.7099398439866,0.0,0.0,0.0,707.7099398439866,0.0,0.0,0.0,-4.55761807736795e-08,0.0,1.0,0.0,,
2024-01-29 07:00:00,42163.24,42242.15,41988.88,42053.46,875.94242,0.0001,55,0.0,0.0,trending,,745.9952197287196,0.0,0.0,,,745.9952197287196,0.0,,trending,0.0,{},,576.0,,,,,,,707.7099398439866,0.0,0.0,0.0,707.7099398439866,0.0,0.0,0.0,1.1907298317821688e-07,0.0,1.0,0.0,,
2024-01-29 08:00:00,42053.45,42151.26,41966.02,42122.85,711.30358,0.0001,55,0.0,0.0,trending,,745.9952197287196,0.0,0.0,,,745.9952197287196,0.0,,trending,0.0,{},,577.0,,,,,,,707.7099398439866,0.0,0.0,0.0,707.7099398439866,0.0,0.0,0.0,9.033934225963205e-09,0.0,1.0,0.0,,
2024-01-29 09:00:00,42122.85,42329.93,41961.1,42295.67,946.51948,9.142e-05,55,0.0,0.0,trending,,745.9952197287196,0.0,0.0,,,745.9952197287196,0.0,,trending,0.0,{},,578.0,,,,,,,707.7099398439866,0.0,0.0,0.0,707.7099398439866,0.0,0.0,0.0,-2.6551252759082693e-07,0.0,1.0,0.0,,
2024-01-29 10:00:00,42295.9,42381.1,42208.2,42313.18,867.1729,9.142e-05,55,0.0,0.0,trending,,745.9952197287196,0.0,0.0,,,745.9952197287196,0.0,,trending,0.0,{},,579.0,,,,,,,707.7099398439866,0.0,0.0,0.0,707.7099398439866,0.0,0.0,0.0,-3.2126858488354633e-07,0.0,1.0,0.0,,
2024-01-29 11:00:00,42313.18,42353.27,42191.1,42246.95,679.92992,9.142e-05,55,0.0,0.0,trending,,745.9952197287196,0.0,0.0,,,745.9952197287196,0.0,,trending,0.0,{},,580.0,,,,,,,707.7099398439866,0.0,0.0,0.0,707.7099398439866,0.0,0.0,0.0,-1.9148633150196632e-07,0.0,1.0,0.0,,
2024-01-29 12:00:00,42246.95,42371.1,41975.0,42102.66,1381.93262,9.142e-05,55,0.0,0.0,trending,,745.9952197287196,0.0,0.0,,,745.9952197287196,0.0,,trending,0.0,{},,581.0,,,,,,,707.7099398439866,0.0,0.0,0.0,707.7099398439866,0.0,0.0,0.0,1.1770339234977613e-07,0.0,1.0,0.0,,
2024-01-29 13:00:00,42102.67,42139.21,41930.88,42006.7,1287.44408,9.142e-05,55,0.0,0.0,trending,,745.9952197287196,0.0,0.0,,,745.9952197287196,0.0,,trending,0.0,{},,582.0,,,,,,,707.7099398439866,0.0,0.0,0.0,707.7099398439866,0.0,0.0,0.0,3.255374568008844e-07,0.0,1.0,0.0,,
2024-01-29 14:00:00,42006.71,42104.98,41804.88,41951.86,1502.31136,9.142e-05,55,-16.026137004046,0.0,trending,,745.9952197287196,0.0,-1.6026137004046,True,True,744.7996775691461,-1.6051861937904686,,trending,-16.026137004046,{},,583.0,BTCUSDT,2024-01-29 14:00:00,BTCUSDT,41951.86,0.028497953596660217,SHORT,707.7099398439866,0.0,0.0,0.0,707.7099398439866,0.0,0.0,0.0,4.3824967309920527e-07,-16.026137004046,1.0,-16.026137004046,True,True
2024-01-29 15:00:00,41951.86,42647.27,41882.33,42641.75,2591.39618,9.142e-05,55,20.0,0.0,trending,,725.1392243623461,-1.6758197211700674,3.6758197211700674,True,True,722.4725268818092,2.005374760102102,,trending,36.026137004046,{},,584.0,BTCUSDT,2024-01-29 15:00:00,BTCUSDT,42641.75,0.034010762896098126,LONG,707.7099398439866,0.0,0.0,0.0,707.7099398439866,0.0,0.0,0.0,-6.567207989918549e-07,23.94759318229105,1.0,23.94759318229105,True,True
2024-01-29 16:00:00,42641.75,43313.8,42518.0,43200.0,5705.29111,0.0001,55,20.0,0.0,trending,,741.4400487601692,1.9796552595301062,0.020344740469893763,False,,741.4400487601692,1.9796552595301062,,trending,0.0,{},,585.0,BTCUSDT,2024-01-29 16:00:00,,,,,707.7099398439866,0.0,0.0,0.0,707.7099398439866,0.0,0.0,0.0,-7.038432350165365e-07,25.573937949883494,1.0,25.573937949883494,True,False
2024-01-29 17:00:00,43200.01,43308.69,42920.01,42996.57,2648.14943,0.0001,55,15.904309480184839,0.0,trending,,734.5281580737119,1.988873789806798,-0.39844284178831413,True,True,734.2354905870354,1.59106489643729,,trending,-4.095690519815161,{},,586.0,BTCUSDT,2024-01-29 17:00:00,BTCUSDT,42996.57,0.006806763578500001,REDUCE_LONG,707.7099398439866,0.0,0.0,0.0,707.7099398439866,0.0,0.0,0.0,-4.384686466267839e-07,15.904309480184839,1.0,15.904309480184839,True,True
2024-01-29 18:00:00,42996.56,43118.1,42883.72,43028.75,1544.40022,0.0001,55,0.0,0.0,trending,,735.1098208187257,1.590361891398845,-1.590361891398845,True,True,733.9407301737026,0.0,,trending,-15.904309480184839,{},,587.0,BTCUSDT,2024-01-29 18:00:00,BTCUSDT,43028.75,0.027169988554702023,CLOSE,707.7099398439866,0.0,0.0,0.0,707.7099398439866,0.0,0.0,0.0,-4.0689270785073695e-07,0.0,1.0,0.0,True,True
2024-01-29 19:00:00,43028.74,43152.47,42978.29,42995.99,1416.98804,0.0001,55,0.0,0.0,trending,,733.9407301737026,0.0,0.0,,,733.9407301737026,0.0,,trending,0.0,{},,588.0,,,,,,,707.7099398439866,0.0,0.0,0.0,707.7099398439866,0.0,0.0,0.0,-3.645389706565493e-07,0.0,1.0,0.0,,
2024-01-29 20:00:00,42995.99,43199.99,42982.66,43147.6,1242.65529,0.0001,55,0.0,0.0,trending,,733.9407301737026,0.0,0.0,,,733.9407301737026,0.0,,trending,0.0,{},,589.0,,,,,,,707.7099398439866,0.0,0.0,0.0,707.7099398439866,0.0,0.0,0.0,-3.921337450590375e-07,0.0,1.0,0.0,,
2024-01-29 21:00:00,43147.61,43263.15,43061.66,43176.29,1186.41986,0.0001,55,0.0,0.0,trending,,733.9407301737026,0.0,0.0,,,733.9407301737026,0.0,,trending,0.0,{},,590.0,,,,,,,707.7099398439866,0.0,0.0,0.0,707.7099398439866,0.0,0.0,0.0,-3.788722604893696e-07,0.0,1.0,0.0,,
2024-01-29 22:00:00,43176.29,43210.31,43081.1,43111.1,685.97624,0.0001,55,0.0,0.0,trending,,733.9407301737026,0.0,0.0,,,733.9407301737026,0.0,,trending,0.0,{},,591.0,,,,,,,707.7099398439866,0.0,0.0,0.0,707.7099398439866,0.0,0.0,0.0,-3.2623558330606064e-07,0.0,1.0,0.0,,
2024-01-29 23:00:00,43111.11,43333.0,43078.11,43302.7,971.31353,0.0001,55,0.0,0.0,trending,,733.9407301737026,0.0,0.0,,,733.9407301737026,0.0,,trending,0.0,{},,592.0,,,,,,,707.7099398439866,0.0,0.0,0.0,707.7099398439866,0.0,0.0,0.0,-3.7296746403257207e-07,0.0,1.0,0.0,,
2024-01-30 00:00:00,43302.71,43310.97,43133.9,43162.02,944.79046,0.0001,61,0.0,0.0,trending,,733.9407301737026,0.0,0.0,,,733.9407301737026,0.0,,trending,0.0,{},,593.0,,,,,,,707.7099398439866,0.0,0.0,0.0,707.7099398439866,0.0,0.0,0.0,-2.754121868662895e-07,0.0,1.0,0.0,,
2024-01-30 01:00:00,43162.02,43559.0,43157.15,43439.51,2487.03277,0.0001,61,0.0,0.0,trending,,733.9407301737026,0.0,0.0,,,733.9407301737026,0.0,,trending,0.0,{},,594.0,,,,,,,707.7099398439866,0.0,0.0,0.0,707.7099398439866,0.0,0.0,0.0,-3.452151201228204e-07,0.0,1.0,0.0,,
2024-01-30 02:00:00,43439.51,43787.35,43439.51,43615.15,1837.02834,0.0001,61,0.0,0.0,trending,,733.9407301737026,0.0,0.0,,,733.9407301737026,0.0,,trending,0.0,{},,595.0,,,,,,,707.7099398439866,0.0,0.0,0.0,707.7099398439866,0.0,0.0,0.0,-3.6535504293531056e-07,0.0,1.0,0.0,,
2024-01-30 03:00:00,43615.15,43685.2,43460.02,43519.71,1493.36525,0.0001,61,0.0,0.0,trending,,733.9407301737026,0.0,0.0,,,733.9407301737026,0.0,,trending,0.0,{},,596.0,,,,,,,707.7099398439866,0.0,0.0,0.0,707.7099398439866,0.0,0.0,0.0,-2.9772017679331385e-07,0.0,1.0,0.0,,
2024-01-30 04:00:00,43519.71,43570.09,43412.0,43421.49,817.52946,0.0001,61,0.0,0.0,trending,,733.9407301737026,0.0,0.0,,,733.9407301737026,0.0,,trending,0.0,{},,597.0,,,,,,,707.7099398439866,0.0,0.0,0.0,707.7099398439866,0.0,0.0,0.0,-2.409034684760901e-07,0.0,1.0,0.0,,
2024-01-30 05:00:00,43421.5,43465.22,43342.0,43365.04,650.69606,0.0001,61,0.0,0.0,trending,,733.9407301737026,0.0,0.0,,,733.9407301737026,0.0,,trending,0.0,{},,598.0,,,,,,,707.7099398439866,0.0,0.0,0.0,707.7099398439866,0.0,0.0,0.0,-2.1168722489163482e-07,0.0,1.0,0.0,,
2024-01-30 06:00:00,43365.03,43422.71,43259.26,43340.68,792.67818,0.0001,61,0.0,0.0,trending,,733.9407301737026,0.0,0.0,,,733.9407301737026,0.0,,trending,0.0,{},,599.0,,,,,,,707.7099398439866,0.0,0.0,0.0,707.7099398439866,0.0,0.0,0.0,-2.0073840287405288e-07,0.0,1.0,0.0,,
2024-01-30 07:00:00,43340.68,43446.11,43323.82,43358.25,1091.75741,0.0001,61,0.0,0.0,trending,,733.9407301737026,0.0,0.0,,,733.9407301737026,0.0,,trending,0.0,{},,600.0,,,,,,,707.7099398439866,0.0,0.0,0.0,707.7099398439866,0.0,0.0,0.0,-2.14025287183609e-07,0.0,1.0,0.0,,
2024-01-30 08:00:00,43358.24,43467.03,43215.76,43432.1,1235.47793,9.492e-05,61,0.0,0.0,trending,,733.9407301737026,0.0,0.0,,,733.9407301737026,0.0,,trending,0.0,{},,601.0,,,,,,,707.7099398439866,0.0,0.0,0.0,707.7099398439866,0.0,0.0,0.0,-2.497235161097976e-07,0.0,1.0,0.0,,
2024-01-30 09:00:00,43432.1,43459.89,43320.4,43324.4,893.68806,9.492e-05,61,0.0,0.0,trending,,733.9407301737026,0.0,0.0,,,733.9407301737026,0.0,,trending,0.0,{},,602.0,,,,,,,707.7099398439866,0.0,0.0,0.0,707.7099398439866,0.0,0.0,0.0,-1.822065748406685e-07,0.0,1.0,0.0,,
2024-01-30 10:00:00,43324.41,43510.0,43295.55,43482.01,949.27329,9.492e-05,61,0.0,0.0,trending,,733.9407301737026,0.0,0.0,,,733.9407301737026,0.0,,trending,0.0,{},,603.0,,,,,,,707.7099398439866,0.0,0.0,0.0,707.7099398439866,0.0,0.0,0.0,-2.5541898555837097e-07,0.0,1.0,0.0,,
2024-01-30 11:00:00,43482.01,43564.85,43414.41,43537.74,1045.71402,9.492e-05,61,0.0,0.0,trending,,733.9407301737026,0.0,0.0,,,733.9407301737026,0.0,,trending,0.0,{},,604.0,,,,,,,707.7099398439866,0.0,0.0,0.0,707.7099398439866,0.0,0.0,0.0,-2.9106395743979133e-07,0.0,1.0,0.0,,
2024-01-30 12:00:00,43537.75,43882.36,43257.39,43394.53,3427.46676,9.492e-05,61,0.0,0.0,trending,,733.9407301737026,0.0,0.0,,,733.9407301737026,0.0,,trending,0.0,{},,605.0,,,,,,,707.7099398439866,0.0,0.0,0.0,707.7099398439866,0.0,0.0,0.0,-2.0363441448460807e-07,0.0,1.0,0.0,,
2024-01-30 13:00:00,43394.54,43480.0,43153.06,43287.61,1976.10308,9.492e-05,61,0.0,0.0,trending,,733.9407301737026,0.0,0.0,,,733.9407301737026,0.0,,trending,0.0,{},,606.0,,,,,,,707.7099398439866,0.0,0.0,0.0,707.7099398439866,0.0,0.0,0.0,-1.4754392915505835e-07,0.0,1.0,0.0,,
2024-01-30 14:00:00,43287.61,43498.0,43114.13,43473.99,1788.03155,9.492e-05,61,15.285265629756603,0.0,trending,,733.9407301737026,0.0,1.5285265629756604,True,True,732.8188822719824,1.5293356666027933,,trending,15.285265629756603,{},,607.0,BTCUSDT,2024-01-30 14:00:00,BTCUSDT,43473.99,0.025805036568307998,LONG,707.7099398439866,0.0,0.0,0.0,707.7099398439866,0.0,0.0,0.0,-4.3121569342291033e-07,15.285265629756603,1.0,15.285265629756603,True,True
2024-01-30 15:00:00,43474.0,43622.0,43292.98,43375.5,2628.65407,9.492e-05,61,0.0,0.0,trending,,730.2798857584214,1.5311760314248535,-1.5311760314248535,True,True,729.1616987011164,0.0,,trending,-15.285265629756603,{},,608.0,BTCUSDT,2024-01-30 15:00:00,BTCUSDT,43375.5,0.02577923153173969,CLOSE,707.7099398439866,0.0,0.0,0.0,707.7099398439866,0.0,0.0,0.0,-3.6149486099600803e-07,0.0,1.0,0.0,True,True
2024-01-30 16:00:00,43375.5,43516.06,43224.0,43499.03,1844.52412,9.492e-05,61,18.36705194351766,0.0,trending,,729.1616987011164,0.0,1.8367051943517658,True,True,727.8224436215896,1.838244802935456,,trending,18.36705194351766,{},,609.0,BTCUSDT,2024-01-30 16:00:00,BTCUSDT,43499.03,0.030788159633138894,LONG,707.7099398439866,0.0,0.0,0.0,707.7099398439866,0.0,0.0,0.0,-5.193015877328157e-07,18.36705194351766,1.0,18.36705194351766,True,True
2024-01-30 17:00:00,43499.03,43599.0,43306.51,43398.31,1501.00015,5.149e-05,61,0.0,0.0,trending,,724.7245611667781,1.8418279350755753,-1.8418279350755753,True,True,723.3897432247857,0.0,,trending,-18.36705194351766,{},,610.0,BTCUSDT,2024-01-30 17:00:00,BTCUSDT,43398.31,0.030757371473505754,CLOSE,707.7099398439866,0.0,0.0,0.0,707.7099398439866,0.0,0.0,0.0,-3.608112155902627e-07,0.0,1.0,0.0,True,True
2024-01-30 18:00:00,43398.31,43496.0,43282.94,43371.63,1362.58564,5.149e-05,61,0.0,0.0,trending,,723.3897432247857,0.0,0.0,,,723.3897432247857,0.0,,trending,0.0,{},,611.0,,,,,,,707.7099398439866,0.0,0.0,0.0,707.7099398439866,0.0,0.0,0.0,-3.364202319200916e-07,0.0,1.0,0.0,,
2024-01-30 19:00:00,43371.64,43574.8,43336.35,43547.98,1126.04706,5.149e-05,61,20.0,0.0,trending,,723.3897432247857,0.0,2.0,True,True,721.942963738336,2.0020040080160326,,trending,20.0,{},,612.0,BTCUSDT,2024-01-30 19:00:00,BTCUSDT,43547.98,0.033222654333210665,LONG,707.7099398439866,0.0,0.0,0.0,707.7099398439866,0.0,0.0,0.0,-7.068502992230583e-07,24.825830292763985,1.0,24.825830292763985,True,True
2024-01-30 20:00:00,43547.99,43760.0,43480.18,43561.1,2556.66446,5.149e-05,61,20.0,0.0,trending,,722.3784090819627,2.0014000060496113,-0.0014000060496113242,False,,722.3784090819627,2.0014000060496113,,trending,0.0,{},,613.0,BTCUSDT,2024-01-30 20:00:00,,,,,707.7099398439866,0.0,0.0,0.0,707.7099398439866,0.0,0.0,0.0,-7.558253048204085e-07,26.4288687123112,1.0,26.4288687123112,True,False
2024-01-30 21:00:00,43561.1,43694.15,43488.32,43546.07,1431.55277,5.149e-05,61,20.0,0.0,trending,,721.8795719238292,2.0020919989423334,-0.002091998942333362,False,,721.8795719238292,2.0020919989423334,,trending,0.0,{},,614.0,BTCUSDT,2024-01-30 21:00:00,,,,,707.7099398439866,0.0,0.0,0.0,707.7099398439866,0.0,0.0,0.0,-7.423101324847026e-07,25.839414672935494,1.0,25.839414672935494,True,False
2024-01-30 22:00:00,43546.07,43574.8,43326.27,43327.77,1000.28757,5.149e-05,61,0.0,0.0,trending,,714.63431898833,2.012251614572402,-2.012251614572402,True,True,713.1962949261169,0.0,,trending,-20.0,{},,615.0,BTCUSDT,2024-01-30 22:00:00,BTCUSDT,43327.77,0.03318943167887745,CLOSE,707.7099398439866,0.0,0.0,0.0,707.7099398439866,0.0,0.0,0.0,-1.3291984290235718e-07,0.0,1.0,0.0,True,True
2024-01-30 23:00:00,43327.78,43354.48,42683.99,42941.1,2737.297,5.149e-05,61,-20.0,0.0,trending,,713.1962949261169,0.0,-2.0,True,True,711.769902336265,-2.004008016032063,,trending,-20.0,{},,616.0,BTCUSDT,2024-01-30 23:00:00,BTCUSDT,42941.1,0.03321742083580145,SHORT,707.7099398439866,0.0,0.0,0.0,707.7099398439866,0.0,0.0,0.0,6.062924896792861e-07,-21.013041744722322,1.0,-21.013041744722322,True,True
2024-01-31 00:00:00,42941.1,43107.77,42850.0,42933.21,1782.346,2.154e-05,60,-18.448633773985417,0.0,trending,,712.0319877866593,-2.0029022977393818,0.1580389203408401,False,,712.0319877866593,-2.0029022977393818,,trending,1.5513662260145828,{},,617.0,BTCUSDT,2024-01-31 00:00:00,,,,,707.7099398439866,0.0,0.0,0.0,707.7099398439866,0.0,0.0,0.0,5.339804604460286e-07,-18.448633773985417,1.0,-18.448633773985417,True,False
2024-01-31 01:00:00,42933.2,43000.0,42724.31,42782.82,1138.38172,2.154e-05,60,-20.0,0.0,trending,,717.0275557061555,-1.9819809227314236,-0.018019077268576433,False,,717.0275557061555,-1.9819809227314236,,trending,-1.5513662260145828,{},,618.0,BTCUSDT,2024-01-31 01:00:00,,,,,707.7099398439866,0.0,0.0,0.0,707.7099398439866,0.0,0.0,0.0,5.866230853293018e-07,-20.19566868897281,1.0,-20.19566868897281,True,False
2024-01-31 02:00:00,42782.81,42899.55,42655.07,42883.0,1250.57913,2.154e-05,60,0.0,0.0,trending,,713.6998344868248,-1.9958848088088916,1.9958848088088916,True,True,712.2739459405768,0.0,,trending,20.0,{},,619.0,BTCUSDT,2024-01-31 02:00:00,BTCUSDT,42883.0,-0.03321742083580145,CLOSE,707.7099398439866,0.0,0.0,0.0,707.7099398439866,0.0,0.0,0.0,3.9078580126856586e-07,0.0,1.0,0.0,True,True
2024-01-31 03:00:00,42883.01,42991.49,42861.1,42930.07,742.17294,2.154e-05,60,0.0,0.0,trending,,712.2739459405768,0.0,0.0,,,712.2739459405768,0.0,,trending,0.0,{},,620.0,,,,,,,707.7099398439866,0.0,0.0,0.0,707.7099398439866,0.0,0.0,0.0,3.0375087067401295e-07,0.0,1.0,0.0,,
2024-01-31 04:00:00,42930.06,42994.27,42871.1,42962.64,599.95705,2.154e-05,60,0.0,0.0,trending,,712.2739459405768,0.0,0.0,,,712.2739459405768,0.0,,trending,0.0,{},,621.0,,,,,,,707.7099398439866,0.0,0.0,0.0,707.7099398439866,0.0,0.0,0.0,2.457336083018191e-07,0.0,1.0,0.0,,
2024-01-31 05:00:00,42962.64,43050.04,42924.13,42980.0,695.26876,2.154e-05,60,0.0,0.0,trending,,712.2739459405768,0.0,0.0,,,712.2739459405768,0.0,,trending,0.0,{},,622.0,,,,,,,707.7099398439866,0.0,0.0,0.0,707.7099398439866,0.0,0.0,0.0,2.132786286302294e-07,0.0,1.0,0.0,,
2024-01-31 06:00:00,42980.0,43061.3,42909.2,42975.93,698.88654,2.154e-05,60,0.0,0.0,trending,,712.2739459405768,0.0,0.0,,,712.2739459405768,0.0,,trending,0.0,{},,623.0,,,,,,,707.7099398439866,0.0,0.0,0.0,707.7099398439866,0.0,0.0,0.0,2.1229699310570364e-07,0.0,1.0,0.0,,
2024-01-31 07:00:00,42975.92,43087.93,42945.0,43050.01,845.39333,2.154e-05,60,0.0,0.0,trending,,712.2739459405768,0.0,0.0,,,712.2739459405768,0.0,,trending,0.0,{},,624.0,,,,,,,707.7099398439866,0.0,0.0,0.0,707.7099398439866,0.0,0.0,0.0,9.950204737729433e-08,0.0,1.0,0.0,,
2024-01-31 08:00:00,43050.01,43091.1,42938.35,42978.01,701.56744,0.0001,60,0.0,0.0,trending,,712.2739459405768,0.0,0.0,,,712.2739459405768,0.0,,trending,0.0,{},,625.0,,,,,,,707.7099398439866,0.0,0.0,0.0,707.7099398439866,0.0,0.0,0.0,1.9000835053910287e-07,0.0,1.0,0.0,,
2024-01-31 09:00:00,42978.0,42978.01,42585.17,42646.0,1698.27618,0.0001,60,-16.61455920491669,0.0,trending,,712.2739459405768,0.0,-1.6614559204916692,True,True,711.090534176082,-1.6642209502424556,,trending,-16.61455920491669,{},,626.0,BTCUSDT,2024-01-31 09:00:00,BTCUSDT,42646.0,0.02774965446923356,SHORT,707.7099398439866,0.0,0.0,0.0,707.7099398439866,0.0,0.0,0.0,4.855407518197402e-07,-16.61455920491669,1.0,-16.61455920491669,True,True
2024-01-31 10:00:00,42645.99,42796.72,42383.0,42384.73,2369.64791,0.0001,60,-20.0,0.0,trending,,718.3406863992586,-1.6373311919270004,-0.3626688080729996,True,True,718.080166638732,-2.0007256007689116,,trending,-3.3854407950833085,{},,627.0,BTCUSDT,2024-01-31 10:00:00,BTCUSDT,42384.73,0.006146547601618779,SHORT,707.7099398439866,0.0,0.0,0.0,707.7099398439866,0.0,0.0,0.0,5.86833531000186e-07,-20.024332764698705,1.0,-20.024332764698705,True,True
2024-01-31 11:00:00,42384.72,42678.03,42355.0,42647.98,1346.7386,0.0001,60,0.0,0.0,trending,,709.15699144358,-2.038483108022324,2.038483108022324,True,True,707.7099398439866,0.0,,trending,20.0,{},,628.0,BTCUSDT,2024-01-31 11:00:00,BTCUSDT,42647.98,-0.03389620207085234,CLOSE,707.7099398439866,0.0,0.0,0.0,707.7099398439866,0.0,0.0,0.0,2.902326775289368e-07,0.0,1.0,0.0,True,True
2024-01-31 12:00:00,42647.98,42729.36,42550.54,42622.81,1259.93539,0.0001,60,0.0,0.0,trending,,707.7099398439866,0.0,0.0,,,707.7099398439866,0.0,,trending,0.0,{},,629.0,,,,,,,707.7099398439866,0.0,0.0,0.0,707.7099398439866,0.0,0.0,0.0,2.9814785004069786e-07,0.0,1.0,0.0,,
2024-01-31 13:00:00,42622.8,42925.52,42521.31,42803.92,1599.83425,0.0001,60,0.0,0.0,trending,,707.7099398439866,0.0,0.0,,,707.7099398439866,0.0,,trending,0.0,{},,630.0,,,,,,,707.7099398439866,0.0,0.0,0.0,707.7099398439866,0.0,0.0,0.0,1.2808220866329822e-07,0.0,1.0,0.0,,
2024-01-31 14:00:00,42803.91,42988.97,42571.1,42882.08,2001.57212,0.0001,60,0.0,0.0,trending,,707.7099398439866,0.0,0.0,,,707.7099398439866,0.0,,trending,0.0,{},,631.0,,,,,,,707.7099398439866,0.0,0.0,0.0,707.7099398439866,0.0,0.0,0.0,6.298169987732014e-08,0.0,1.0,0.0,,
2024-01-31 15:00:00,42882.08,43465.02,42691.1,43361.1,3277.41349,0.0001,60,0.0,0.0,trending,,707.7099398439866,0.0,0.0,,,707.7099398439866,0.0,,trending,0.0,{},,632.0,,,,,,,707.7099398439866,0.0,0.0,0.0,707.7099398439866,0.0,0.0,0.0,-2.675594847981222e-07,0.0,1.0,0.0,,
2024-01-31 16:00:00,43361.11,43611.8,43294.46,43474.81,2297.91748,0.0001,60,0.0,0.0,trending,,707.7099398439866,0.0,0.0,,,707.7099398439866,0.0,,trending,0.0,{},,633.0,,,,,,,707.7099398439866,0.0,0.0,0.0,707.7099398439866,0.0,0.0,0.0,-3.296098188829272e-07,0.0,1.0,0.0,,
2024-01-31 17:00:00,43474.81,43745.1,43432.01,43715.04,1913.45351,0.0001,60,0.0,0.0,trending,,707.7099398439866,0.0,0.0,,,707.7099398439866,0.0,,trending,0.0,{},,634.0,,,,,,,707.7099398439866,0.0,0.0,0.0,707.7099398439866,0.0,0.0,0.0,-4.1900880824134987e-07,0.0,1.0,0.0,,
2024-01-31 18:00:00,43715.04,43745.11,43474.13,43513.38,1499.79579,0.0001,60,0.0,0.0,trending,,707.7099398439866,0.0,0.0,,,707.7099398439866,0.0,,trending,0.0,{},,635.0,,,,,,,707.7099398439866,0.0,0.0,0.0,707.7099398439866,0.0,0.0,0.0,-2.5818683865084845e-07,0.0,1.0,0.0,,
2024-01-31 19:00:00,43513.38,43551.99,43041.1,43334.64,2549.59458,0.0001,60,0.0,0.0,trending,,707.7099398439866,0.0,0.0,,,707.7099398439866,0.0,,trending,0.0,{},,636.0,,,,,,,707.7099398439866,0.0,0.0,0.0,707.7099398439866,0.0,0.0,0.0,-1.390820090082114e-07,0.0,1.0,0.0,,
2024-01-31 20:00:00,43334.63,43361.1,42519.92,42541.18,3928.70425,0.0001,60,0.0,0.0,trending,,707.7099398439866,0.0,0.0,,,707.7099398439866,0.0,,trending,0.0,{},,637.0,,,,,,,707.7099398439866,0.0,0.0,0.0,707.7099398439866,0.0,0.0,0.0,2.7353701025190633e-07,0.0,1.0,0.0,,
2024-01-31 21:00:00,42541.19,42707.68,42276.84,42487.12,3017.45402,0.0001,60,0.0,0.0,trending,,707.7099398439866,0.0,0.0,,,707.7099398439866,0.0,,trending,0.0,{},,638.0,,,,,,,707.7099398439866,0.0,0.0,0.0,707.7099398439866,0.0,0.0,0.0,2.989535081849756e-07,0.0,1.0,0.0,,
2024-01-31 22:00:00,42487.12,42690.42,42381.1,42656.07,1398.3185,0.0001,60,0.0,0.0,trending,,707.7099398439866,0.0,0.0,,,707.7099398439866,0.0,,trending,0.0,{},,639.0,,,,,,,707.7099398439866,0.0,0.0,0.0,707.7099398439866,0.0,0.0,0.0,1.948475715480025e-07,0.0,1.0,0.0,,
2024-01-31 23:00:00,42656.07,42688.88,42555.46,42580.0,1257.9279,0.0001,60,0.0,0.0,trending,,707.7099398439866,0.0,0.0,,,707.7099398439866,0.0,,trending,0.0,{},,640.0,,,,,,,707.7099398439866,0.0,0.0,0.0,707.7099398439866,0.0,0.0,0.0,2.2531443963034178e-07,0.0,1.0,0.0,,
2024-02-01 00:00:00,42580.0,42687.63,42220.85,42474.95,1507.53813,0.0001,63,0.0,0.0,trending,,707.7099398439866,0.0,0.0,,,707.7099398439866,0.0,,trending,0.0,{},,641.0,,,,,,,707.7099398439866,0.0,0.0,0.0,707.7099398439866,0.0,0.0,0.0,2.646563219860092e-07,0.0,1.0,0.0,,
2024-02-01 01:00:00,42474.96,42476.0,41884.28,41983.54,2384.42419,0.0001,63,0.0,0.0,trending,,707.7099398439866,0.0,0.0,,,707.7099398439866,0.0,,trending,0.0,{},,642.0,,,,,,,707.7099398439866,0.0,0.0,0.0,707.7099398439866,0.0,0.0,0.0,4.0231796065173937e-07,0.0,1.0,0.0,,
2024-02-01 02:00:00,41983.54,42176.87,41958.71,42162.56,1253.03633,0.0001,63,0.0,0.0,trending,,707.7099398439866,0.0,0.0,,,707.7099398439866,0.0,,trending,0.0,{},,643.0,,,,,,,707.7099398439866,0.0,0.0,0.0,707.7099398439866,0.0,0.0,0.0,2.8194808868030415e-07,0.0,1.0,0.0,,
2024-02-01 03:00:00,42162.55,42190.4,41958.71,42015.65,1014.26773,0.0001,63,0.0,0.0,trending,,707.7099398439866,0.0,0.0,,,707.7099398439866,0.0,,trending,0.0,{},,644.0,,,,,,,707.7099398439866,0.0,0.0,0.0,707.7099398439866,0.0,0.0,0.0,3.0527452688108747e-07,0.0,1.0,0.0,,
2024-02-01 04:00:00,42015.65,42141.68,41889.95,42073.43,1689.40041,0.0001,63,0.0,0.0,trending,,707.7099398439866,0.0,0.0,,,707.7099398439866,0.0,,trending,0.0,{},,645.0,,,,,,,707.7099398439866,0.0,0.0,0.0,707.7099398439866,0.0,0.0,0.0,2.6264928906064904e-07,0.0,1.0,0.0,,
2024-02-01 05:00:00,42073.43,42198.0,42028.41,42156.5,1043.08963,0.0001,63,0.0,0.0,trending,,707.7099398439866,0.0,0.0,,,707.7099398439866,0.0,,trending,0.0,{},,646.0,,,,,,,707.7099398439866,0.0,0.0,0.0,707.7099398439866,0.0,0.0,0.0,2.1472896660410482e-07,0.0,1.0,0.0,,
2024-02-01 06:00:00,42156.5,42225.47,42123.35,42192.4,1034.13285,0.0001,63,0.0,0.0,trending,,707.7099398439866,0.0,0.0,,,707.7099398439866,0.0,,trending,0.0,{},,647.0,,,,,,,707.7099398439866,0.0,0.0,0.0,707.7099398439866,0.0,0.0,0.0,1.9318890912063815e-07,0.0,1.0,0.0,,
2024-02-01 07:00:00,42192.39,42300.0,42124.59,42190.16,1046.12528,0.0001,63,0.0,0.0,trending,,707.7099398439866,0.0,0.0,,,707.7099398439866,0.0,,trending,0.0,{},,648.0,,,,,,,707.7099398439866,0.0,0.0,0.0,707.7099398439866,0.0,0.0,0.0,1.9229119166677085e-07,0.0,1.0,0.0,,
2024-02-01 08:00:00,42190.15,42250.0,42125.25,42244.54,819.12804,0.0001,63,0.0,0.0,trending,,707.7099398439866,0.0,0.0,,,707.7099398439866,0.0,,trending,0.0,{},,649.0,,,,,,,707.7099398439866,0.0,0.0,0.0,707.7099398439866,0.0,0.0,0.0,1.6200511705654816e-07,0.0,1.0,0.0,,
2024-02-01 09:00:00,42244.54,42261.81,42130.0,42148.31,744.12464,0.0001,63,0.0,0.0,trending,,707.7099398439866,0.0,0.0,,,707.7099398439866,0.0,,trending,0.0,{},,650.0,,,,,,,707.7099398439866,0.0,0.0,0.0,707.7099398439866,0.0,0.0,0.0,1.9515570548431824e-07,0.0,1.0,0.0,,
2024-02-01 10:00:00,42148.31,42331.1,42112.95,42226.02,1161.43848,0.0001,63,0.0,0.0,trending,,707.7099398439866,0.0,0.0,,,707.7099398439866,0.0,,trending,0.0,{},,651.0,,,,,,,707.7099398439866,0.0,0.0,0.0,707.7099398439866,0.0,0.0,0.0,1.4985767671655775e-07,0.0,1.0,0.0,,
2024-02-01 11:00:00,42226.01,42298.03,42026.52,42087.52,1278.06135,0.0001,63,0.0,0.0,trending,,707.7099398439866,0.0,0.0,,,707.7099398439866,0.0,,trending,0.0,{},,652.0,,,,,,,707.7099398439866,0.0,0.0,0.0,707.7099398439866,0.0,0.0,0.0,1.9986223468416868e-07,0.0,1.0,0.0,,
2024-02-01 12:00:00,42087.52,42237.24,41944.89,42142.8,1494.45184,0.0001,63,0.0,0.0,trending,,707.7099398439866,0.0,0.0,,,707.7099398439866,0.0,,trending,0.0,{},,653.0,,,,,,,707.7099398439866,0.0,0.0,0.0,707.7099398439866,0.0,0.0,0.0,1.6529080070688056e-07,0.0,1.0,0.0,,
2024-02-01 13:00:00,42142.81,42294.0,41981.17,42219.61,1253.09846,0.0001,63,0.0,0.0,trending,,707.7099398439866,0.0,0.0,,,707.7099398439866,0.0,,trending,0.0,{},,654.0,,,,,,,707.7099398439866,0.0,0.0,0.0,707.7099398439866,0.0,0.0,0.0,1.2069680327701248e-07,0.0,1.0,0.0,,
2024-02-01 14:00:00,42219.61,42657.48,42186.0,42651.1,2229.76128,0.0001,63,0.0,0.0,trending,,707.7099398439866,0.0,0.0,,,707.7099398439866,0.0,,trending,0.0,{},,655.0,,,,,,,707.7099398439866,0.0,0.0,0.0,707.7099398439866,0.0,0.0,0.0,-8.116274651861369e-08,0.0,1.0,0.0,,
2024-02-01 15:00:00,42651.1,42946.6,42516.11,42516.12,2881.0304,0.0001,63,0.0,0.0,trending,,707.7099398439866,0.0,0.0,,,707.7099398439866,0.0,,trending,0.0,{},,656.0,,,,,,,707.7099398439866,0.0,0.0,0.0,707.7099398439866,0.0,0.0,0.0,-2.1382201127652756e-08,0.0,1.0,0.0,,
2024-02-01 16:00:00,42516.12,42698.0,42364.0,42658.15,1874.20315,0.0001,63,0.0,0.0,trending,,707.7099398439866,0.0,0.0,,,707.7099398439866,0.0,,trending,0.0,{},,657.0,,,,,,,707.7099398439866,0.0,0.0,0.0,707.7099398439866,0.0,0.0,0.0,-8.997339274239456e-08,0.0,1.0,0.0,,
2024-02-01 17:00:00,42658.15,43169.23,42628.0,42924.0,2693.82895,0.0001,63,0.0,0.0,trending,,707.7099398439866,0.0,0.0,,,707.7099398439866,0.0,,trending,0.0,{},,658.0,,,,,,,707.7099398439866,0.0,0.0,0.0,707.7099398439866,0.0,0.0,0.0,-2.343463250934198e-07,0.0,1.0,0.0,,
2024-02-01 18:00:00,42923.99,43053.03,42771.82,42847.06,1644.6931,0.0001,63,0.0,0.0,trending,,707.7099398439866,0.0,0.0,,,707.7099398439866,0.0,,trending,0.0,{},,659.0,,,,,,,707.7099398439866,0.0,0.0,0.0,707.7099398439866,0.0,0.0,0.0,-2.1727316719916115e-07,0.0,1.0,0.0,,
2024-02-01 19:00:00,42847.07,43285.13,42831.11,43218.94,1870.84384,0.0001,63,0.0,0.0,trending,,707.7099398439866,0.0,0.0,,,707.7099398439866,0.0,,trending,0.0,{},,660.0,,,,,,,707.7099398439866,0.0,0.0,0.0,707.7099398439866,0.0,0.0,0.0,-4.1744831022553124e-07,0.0,1.0,0.0,,
2024-02-01 20:00:00,43218.94,43279.91,42895.86,43011.83,1625.6493,0.0001,63,0.0,0.0,trending,,707.7099398439866,0.0,0.0,,,707.7099398439866,0.0,,trending,0.0,{},,661.0,,,,,,,707.7099398439866,0.0,0.0,0.0,707.7099398439866,0.0,0.0,0.0,-2.400466190759103e-07,0.0,1.0,0.0,,
2024-02-01 21:00:00,43011.83,43220.0,42967.19,43096.41,1259.54812,0.0001,63,0.0,0.0,trending,,707.7099398439866,0.0,0.0,,,707.7099398439866,0.0,,trending,0.0,{},,662.0,,,,,,,707.7099398439866,0.0,0.0,0.0,707.7099398439866,0.0,0.0,0.0,-2.5974690332137475e-07,0.0,1.0,0.0,,
