timestamp,open,high,low,close,volume,funding_rate,fear_greed,forecast,confidence,regime,strategy,total_portfolio_value,previous_allocation,allocation_change,approved_rebalance,succcess_execute_portfolio_rebalance,postRebalance_total_value,postRebalance_current_allocation,debug_info.error,debug_info.regime,debug_info.forecast_delta,debug_info.regime_scores,debug_info.regime_margin,debug_info.bars_in_regime,debug_approve_allocation_change.symbol,debug_approve_allocation_change.time,debug_execute_portfolio_rebalance.symbol,debug_execute_portfolio_rebalance.price,debug_execute_portfolio_rebalance.quantity,debug_execute_portfolio_rebalance.trade_type,balances.USDT.free,balances.USDT.locked,balances.ETHUSDT.free,balances.ETHUSDT.locked,postRebalance_balances.USDT.free,postRebalance_balances.USDT.locked,postRebalance_balances.ETHUSDT.free,postRebalance_balances.ETHUSDT.locked,debug_info.components.rsi.last_history_value,debug_info.components.rsi.post_pipeline_value,debug_info.components.rsi.weight_normalized,debug_info.components.rsi.weighted_contribution,debug_approve_allocation_change.controls.max_allocation_change.passed,debug_approve_allocation_change.controls.min_allocation_change.passed
2024-03-01 00:00:00,3340.1,3380.0,3338.54,3378.73,21396.3919,0.0005304,80,0.0,0.0,NOT_READY,,1000.0,0.0,0.0,,,1000.0,0.0,Strategy not ready,,,,,,,,,,,,1142.8790088232981,0.0,0.0,0.0,1142.8790088232981,0.0,0.0,0.0,,,,,,
2024-03-01 01:00:00,3378.73,3388.82,3364.61,3375.2,20170.9398,0.0005304,80,0.0,0.0,NOT_READY,,1000.0,0.0,0.0,,,1000.0,0.0,Strategy not ready,,,,,,,,,,,,1142.8790088232981,0.0,0.0,0.0,1142.8790088232981,0.0,0.0,0.0,,,,,,
2024-03-01 02:00:00,3375.2,3380.83,3352.05,3366.73,13248.5356,0.0005304,80,0.0,0.0,NOT_READY,,1000.0,0.0,0.0,,,1000.0,0.0,Strategy not ready,,,,,,,,,,,,1142.8790088232981,0.0,0.0,0.0,1142.8790088232981,0.0,0.0,0.0,,,,,,
2024-03-01 03:00:00,3366.73,3377.59,3355.18,3367.79,11386.0363,0.0005304,80,0.0,0.0,NOT_READY,,1000.0,0.0,0.0,,,1000.0,0.0,Strategy not ready,,,,,,,,,,,,1142.8790088232981,0.0,0.0,0.0,1142.8790088232981,0.0,0.0,0.0,,,,,,
2024-03-01 04:00:00,3367.78,3382.43,3365.59,3376.87,13837.3731,0.0005304,80,0.0,0.0,NOT_READY,,1000.0,0.0,0.0,,,1000.0,0.0,Strategy not ready,,,,,,,,,,,,1142.8790088232981,0.0,0.0,0.0,1142.8790088232981,0.0,0.0,0.0,,,,,,
2024-03-01 05:00:00,3376.87,3386.65,3368.9,3368.9,11423.7132,0.0005304,80,0.0,0.0,NOT_READY,,1000.0,0.0,0.0,,,1000.0,0.0,Strategy not ready,,,,,,,,,,,,1142.8790088232981,0.0,0.0,0.0,1142.8790088232981,0.0,0.0,0.0,,,,,,
2024-03-01 06:00:00,3368.91,3399.0,3368.52,3387.26,15260.7699,0.0005304,80,0.0,0.0,NOT_READY,,1000.0,0.0,0.0,,,1000.0,0.0,Strategy not ready,,,,,,,,,,,,1142.8790088232981,0.0,0.0,0.0,1142.8790088232981,0.0,0.0,0.0,,,,,,
2024-03-01 07:00:00,3387.26,3396.01,3364.32,3365.41,14902.1153,0.0005304,80,0.0,0.0,NOT_READY,,1000.0,0.0,0.0,,,1000.0,0.0,Strategy not ready,,,,,,,,,,,,1142.8790088232981,0.0,0.0,0.0,1142.8790088232981,0.0,0.0,0.0,,,,,,
2024-03-01 08:00:00,3365.41,3437.08,3353.74,3420.93,51341.8222,0.00039096,80,0.0,0.0,NOT_READY,,1000.0,0.0,0.0,,,1000.0,0.0,Strategy not ready,,,,,,,,,,,,1142.8790088232981,0.0,0.0,0.0,1142.8790088232981,0.0,0.0,0.0,,,,,,
2024-03-01 09:00:00,3420.94,3431.76,3416.75,3429.14,15375.3166,0.00039096,80,0.0,0.0,NOT_READY,,1000.0,0.0,0.0,,,1000.0,0.0,Strategy not ready,,,,,,,,,,,,1142.8790088232981,0.0,0.0,0.0,1142.8790088232981,0.0,0.0,0.0,,,,,,
2024-03-01 10:00:00,3429.13,3429.14,3400.61,3406.04,13245.9951,0.00039096,80,0.0,0.0,NOT_READY,,1000.0,0.0,0.0,,,1000.0,0.0,Strategy not ready,,,,,,,,,,,,1142.8790088232981,0.0,0.0,0.0,1142.8790088232981,0.0,0.0,0.0,,,,,,
2024-03-01 11:00:00,3406.04,3418.32,3398.61,3410.9,11726.0176,0.00039096,80,0.0,0.0,NOT_READY,,1000.0,0.0,0.0,,,1000.0,0.0,Strategy not ready,,,,,,,,,,,,1142.8790088232981,0.0,0.0,0.0,1142.8790088232981,0.0,0.0,0.0,,,,,,
2024-03-01 12:00:00,3410.89,3436.86,3410.26,3423.98,13534.4603,0.00039096,80,0.0,0.0,NOT_READY,,1000.0,0.0,0.0,,,1000.0,0.0,Strategy not ready,,,,,,,,,,,,1142.8790088232981,0.0,0.0,0.0,1142.8790088232981,0.0,0.0,0.0,,,,,,
2024-03-01 13:00:00,3423.98,3449.81,3422.6,3438.51,15137.9077,0.00039096,80,0.0,0.0,NOT_READY,,1000.0,0.0,0.0,,,1000.0,0.0,Strategy not ready,,,,,,,,,,,,1142.8790088232981,0.0,0.0,0.0,1142.8790088232981,0.0,0.0,0.0,,,,,,
2024-03-01 14:00:00,3438.5,3449.41,3382.1,3415.85,34918.4622,0.00039096,80,0.0,0.0,NOT_READY,,1000.0,0.0,0.0,,,1000.0,0.0,Strategy not ready,,,,,,,,,,,,1142.8790088232981,0.0,0.0,0.0,1142.8790088232981,0.0,0.0,0.0,,,,,,
2024-03-01 15:00:00,3415.84,3428.28,3379.6,3390.76,26222.3249,0.00039096,80,0.0,0.0,NOT_READY,,1000.0,0.0,0.0,,,1000.0,0.0,Strategy not ready,,,,,,,,,,,,1142.8790088232981,0.0,0.0,0.0,1142.8790088232981,0.0,0.0,0.0,,,,,,
2024-03-01 16:00:00,3390.76,3402.49,3380.06,3387.19,20676.2846,0.00052446,80,0.0,0.0,NOT_READY,,1000.0,0.0,0.0,,,1000.0,0.0,Strategy not ready,,,,,,,,,,,,1142.8790088232981,0.0,0.0,0.0,1142.8790088232981,0.0,0.0,0.0,,,,,,
2024-03-01 17:00:00,3387.19,3425.45,3387.19,3419.39,17209.914,0.00052446,80,0.0,0.0,NOT_READY,,1000.0,0.0,0.0,,,1000.0,0.0,Strategy not ready,,,,,,,,,,,,1142.8790088232981,0.0,0.0,0.0,1142.8790088232981,0.0,0.0,0.0,,,,,,
2024-03-01 18:00:00,3419.38,3433.91,3410.19,3431.69,14897.0747,0.00052446,80,0.0,0.0,NOT_READY,,1000.0,0.0,0.0,,,1000.0,0.0,Strategy not ready,,,,,,,,,,,,1142.8790088232981,0.0,0.0,0.0,1142.8790088232981,0.0,0.0,0.0,,,,,,
2024-03-01 19:00:00,3431.69,3435.9,3420.0,3427.73,11098.4712,0.00052446,80,0.0,0.0,NOT_READY,,1000.0,0.0,0.0,,,1000.0,0.0,Strategy not ready,,,,,,,,,,,,1142.8790088232981,0.0,0.0,0.0,1142.8790088232981,0.0,0.0,0.0,,,,,,
2024-03-01 20:00:00,3427.73,3450.0,3421.28,3443.64,14618.2126,0.00052446,80,0.0,0.0,NOT_READY,,1000.0,0.0,0.0,,,1000.0,0.0,Strategy not ready,,,,,,,,,,,,1142.8790088232981,0.0,0.0,0.0,1142.8790088232981,0.0,0.0,0.0,,,,,,
2024-03-01 21:00:00,3443.65,3448.99,3423.61,3426.71,12755.1301,0.00052446,80,0.0,0.0,NOT_READY,,1000.0,0.0,0.0,,,1000.0,0.0,Strategy not ready,,,,,,,,,,,,1142.8790088232981,0.0,0.0,0.0,1142.8790088232981,0.0,0.0,0.0,,,,,,
2024-03-01 22:00:00,3426.71,3438.0,3424.36,3433.21,8366.3778,0.00052446,80,0.0,0.0,NOT_READY,,1000.0,0.0,0.0,,,1000.0,0.0,Strategy not ready,,,,,,,,,,,,1142.8790088232981,0.0,0.0,0.0,1142.8790088232981,0.0,0.0,0.0,,,,,,
2024-03-01 23:00:00,3433.21,3450.0,3428.84,3433.43,10038.9306,0.00052446,80,0.0,0.0,NOT_READY,,1000.0,0.0,0.0,,,1000.0,0.0,Strategy not ready,,,,,,,,,,,,1142.8790088232981,0.0,0.0,0.0,1142.8790088232981,0.0,0.0,0.0,,,,,,
2024-03-02 00:00:00,3433.42,3460.04,3427.3,3457.82,19911.4755,0.00048856,80,0.0,0.0,NOT_READY,,1000.0,0.0,0.0,,,1000.0,0.0,Strategy not ready,,,,,,,,,,,,1142.8790088232981,0.0,0.0,0.0,1142.8790088232981,0.0,0.0,0.0,,,,,,
2024-03-02 01:00:00,3457.81,3458.48,3424.71,3442.47,13311.3401,0.00048856,80,0.0,0.0,NOT_READY,,1000.0,0.0,0.0,,,1000.0,0.0,Strategy not ready,,,,,,,,,,,,1142.8790088232981,0.0,0.0,0.0,1142.8790088232981,0.0,0.0,0.0,,,,,,
2024-03-02 02:00:00,3442.47,3446.47,3428.73,3437.68,10271.5455,0.00048856,80,0.0,0.0,NOT_READY,,1000.0,0.0,0.0,,,1000.0,0.0,Strategy not ready,,,,,,,,,,,,1142.8790088232981,0.0,0.0,0.0,1142.8790088232981,0.0,0.0,0.0,,,,,,
2024-03-02 03:00:00,3437.67,3444.15,3428.44,3442.34,10109.6104,0.00048856,80,0.0,0.0,NOT_READY,,1000.0,0.0,0.0,,,1000.0,0.0,Strategy not ready,,,,,,,,,,,,1142.8790088232981,0.0,0.0,0.0,1142.8790088232981,0.0,0.0,0.0,,,,,,
2024-03-02 04:00:00,3442.33,3445.0,3427.56,3427.57,10073.9166,0.00048856,80,0.0,0.0,NOT_READY,,1000.0,0.0,0.0,,,1000.0,0.0,Strategy not ready,,,,,,,,,,,,1142.8790088232981,0.0,0.0,0.0,1142.8790088232981,0.0,0.0,0.0,,,,,,
2024-03-02 05:00:00,3427.56,3431.0,3390.01,3419.7,33936.0911,0.00048856,80,0.0,0.0,NOT_READY,,1000.0,0.0,0.0,,,1000.0,0.0,Strategy not ready,,,,,,,,,,,,1142.8790088232981,0.0,0.0,0.0,1142.8790088232981,0.0,0.0,0.0,,,,,,
2024-03-02 06:00:00,3419.69,3452.76,3414.71,3435.82,20029.1321,0.00048856,80,0.0,0.0,NOT_READY,,1000.0,0.0,0.0,,,1000.0,0.0,Strategy not ready,,,,,,,,,,,,1142.8790088232981,0.0,0.0,0.0,1142.8790088232981,0.0,0.0,0.0,,,,,,
2024-03-02 07:00:00,3435.83,3439.91,3422.85,3430.25,9921.408,0.00048856,80,0.0,0.0,NOT_READY,,1000.0,0.0,0.0,,,1000.0,0.0,Strategy not ready,,,,,,,,,,,,1142.8790088232981,0.0,0.0,0.0,1142.8790088232981,0.0,0.0,0.0,,,,,,
2024-03-02 08:00:00,3430.26,3435.68,3405.17,3417.5,12554.4078,0.00048856,80,0.0,0.0,NOT_READY,,1000.0,0.0,0.0,,,1000.0,0.0,Strategy not ready,,,,,,,,,,,,1142.8790088232981,0.0,0.0,0.0,1142.8790088232981,0.0,0.0,0.0,,,,,,
2024-03-02 09:00:00,3417.5,3422.78,3391.83,3403.0,16948.979,0.00057488,80,0.0,0.0,NOT_READY,,1000.0,0.0,0.0,,,1000.0,0.0,Strategy not ready,,,,,,,,,,,,1142.8790088232981,0.0,0.0,0.0,1142.8790088232981,0.0,0.0,0.0,,,,,,
2024-03-02 10:00:00,3402.99,3415.1,3401.42,3407.31,8851.8163,0.00057488,80,0.0,0.0,NOT_READY,,1000.0,0.0,0.0,,,1000.0,0.0,Strategy not ready,,,,,,,,,,,,1142.8790088232981,0.0,0.0,0.0,1142.8790088232981,0.0,0.0,0.0,,,,,,
2024-03-02 11:00:00,3407.32,3416.48,3403.1,3403.39,8634.0374,0.00057488,80,0.0,0.0,NOT_READY,,1000.0,0.0,0.0,,,1000.0,0.0,Strategy not ready,,,,,,,,,,,,1142.8790088232981,0.0,0.0,0.0,1142.8790088232981,0.0,0.0,0.0,,,,,,
2024-03-02 12:00:00,3403.4,3427.01,3403.14,3420.64,9774.9899,0.00057488,80,0.0,0.0,NOT_READY,,1000.0,0.0,0.0,,,1000.0,0.0,Strategy not ready,,,,,,,,,,,,1142.8790088232981,0.0,0.0,0.0,1142.8790088232981,0.0,0.0,0.0,,,,,,
2024-03-02 13:00:00,3420.64,3424.51,3409.13,3410.15,8593.1447,0.00057488,80,0.0,0.0,NOT_READY,,1000.0,0.0,0.0,,,1000.0,0.0,Strategy not ready,,,,,,,,,,,,1142.8790088232981,0.0,0.0,0.0,1142.8790088232981,0.0,0.0,0.0,,,,,,
2024-03-02 14:00:00,3410.15,3416.5,3394.47,3413.22,14372.7741,0.00057488,80,0.0,0.0,NOT_READY,,1000.0,0.0,0.0,,,1000.0,0.0,Strategy not ready,,,,,,,,,,,,1142.8790088232981,0.0,0.0,0.0,1142.8790088232981,0.0,0.0,0.0,,,,,,
2024-03-02 15:00:00,3413.22,3424.19,3409.2,3418.05,10744.5165,0.00057488,80,0.0,0.0,NOT_READY,,1000.0,0.0,0.0,,,1000.0,0.0,Strategy not ready,,,,,,,,,,,,1142.8790088232981,0.0,0.0,0.0,1142.8790088232981,0.0,0.0,0.0,,,,,,
2024-03-02 16:00:00,3418.04,3425.73,3410.0,3424.6,12189.0112,0.00055344,80,0.0,0.0,NOT_READY,,1000.0,0.0,0.0,,,1000.0,0.0,Strategy not ready,,,,,,,,,,,,1142.8790088232981,0.0,0.0,0.0,1142.8790088232981,0.0,0.0,0.0,,,,,,
2024-03-02 17:00:00,3424.59,3430.84,3414.0,3414.01,9119.6722,0.00055344,80,0.0,0.0,NOT_READY,,1000.0,0.0,0.0,,,1000.0,0.0,Strategy not ready,,,,,,,,,,,,1142.8790088232981,0.0,0.0,0.0,1142.8790088232981,0.0,0.0,0.0,,,,,,
2024-03-02 18:00:00,3414.0,3430.56,3413.37,3430.52,5680.5715,0.00055344,80,0.0,0.0,NOT_READY,,1000.0,0.0,0.0,,,1000.0,0.0,Strategy not ready,,,,,,,,,,,,1142.8790088232981,0.0,0.0,0.0,1142.8790088232981,0.0,0.0,0.0,,,,,,
2024-03-02 19:00:00,3430.51,3431.03,3423.79,3426.19,7455.7281,0.00055344,80,0.0,0.0,NOT_READY,,1000.0,0.0,0.0,,,1000.0,0.0,Strategy not ready,,,,,,,,,,,,1142.8790088232981,0.0,0.0,0.0,1142.8790088232981,0.0,0.0,0.0,,,,,,
2024-03-02 20:00:00,3426.2,3431.31,3404.4,3406.29,13255.7449,0.00055344,80,0.0,0.0,NOT_READY,,1000.0,0.0,0.0,,,1000.0,0.0,Strategy not ready,,,,,,,,,,,,1142.8790088232981,0.0,0.0,0.0,1142.8790088232981,0.0,0.0,0.0,,,,,,
2024-03-02 21:00:00,3406.3,3413.4,3402.56,3408.19,6862.3405,0.00055344,80,0.0,0.0,NOT_READY,,1000.0,0.0,0.0,,,1000.0,0.0,Strategy not ready,,,,,,,,,,,,1142.8790088232981,0.0,0.0,0.0,1142.8790088232981,0.0,0.0,0.0,,,,,,
2024-03-02 22:00:00,3408.19,3409.88,3402.99,3404.0,4882.2389,0.00055344,80,0.0,0.0,NOT_READY,,1000.0,0.0,0.0,,,1000.0,0.0,Strategy not ready,,,,,,,,,,,,1142.8790088232981,0.0,0.0,0.0,1142.8790088232981,0.0,0.0,0.0,,,,,,
2024-03-02 23:00:00,3404.01,3421.48,3404.0,3421.4,6500.4525,0.00055344,80,0.0,0.0,NOT_READY,,1000.0,0.0,0.0,,,1000.0,0.0,Strategy not ready,,,,,,,,,,,,1142.8790088232981,0.0,0.0,0.0,1142.8790088232981,0.0,0.0,0.0,,,,,,
2024-03-03 00:00:00,3421.39,3431.0,3409.1,3427.86,13926.4053,0.00039105,83,0.0,0.0,NOT_READY,,1000.0,0.0,0.0,,,1000.0,0.0,Strategy not ready,,,,,,,,,,,,1142.8790088232981,0.0,0.0,0.0,1142.8790088232981,0.0,0.0,0.0,,,,,,
2024-03-03 01:00:00,3427.86,3434.0,3422.42,3430.76,10359.4624,0.00039105,83,0.0,0.0,NOT_READY,,1000.0,0.0,0.0,,,1000.0,0.0,Strategy not ready,,,,,,,,,,,,1142.8790088232981,0.0,0.0,0.0,1142.8790088232981,0.0,0.0,0.0,,,,,,
2024-03-03 02:00:00,3430.75,3430.97,3410.81,3416.1,8935.3151,0.00039105,83,0.0,0.0,NOT_READY,,1000.0,0.0,0.0,,,1000.0,0.0,Strategy not ready,,,,,,,,,,,,1142.8790088232981,0.0,0.0,0.0,1142.8790088232981,0.0,0.0,0.0,,,,,,
2024-03-03 03:00:00,3416.11,3431.86,3415.16,3431.56,8976.9543,0.00039105,83,0.0,0.0,NOT_READY,,1000.0,0.0,0.0,,,1000.0,0.0,Strategy not ready,,,,,,,,,,,,1142.8790088232981,0.0,0.0,0.0,1142.8790088232981,0.0,0.0,0.0,,,,,,
2024-03-03 04:00:00,3431.57,3446.23,3428.78,3440.6,13711.6275,0.00039105,83,0.0,0.0,NOT_READY,,1000.0,0.0,0.0,,,1000.0,0.0,Strategy not ready,,,,,,,,,,,,1142.8790088232981,0.0,0.0,0.0,1142.8790088232981,0.0,0.0,0.0,,,,,,
2024-03-03 05:00:00,3440.59,3443.69,3420.72,3421.4,9980.8833,0.00039105,83,0.0,0.0,NOT_READY,,1000.0,0.0,0.0,,,1000.0,0.0,Strategy not ready,,,,,,,,,,,,1142.8790088232981,0.0,0.0,0.0,1142.8790088232981,0.0,0.0,0.0,,,,,,
2024-03-03 06:00:00,3421.4,3425.8,3408.83,3412.51,12608.0828,0.00039105,83,0.0,0.0,NOT_READY,,1000.0,0.0,0.0,,,1000.0,0.0,Strategy not ready,,,,,,,,,,,,1142.8790088232981,0.0,0.0,0.0,1142.8790088232981,0.0,0.0,0.0,,,,,,
2024-03-03 07:00:00,3412.5,3415.23,3360.0,3392.76,39751.443,0.00039105,83,0.0,0.0,NOT_READY,,1000.0,0.0,0.0,,,1000.0,0.0,Strategy not ready,,,,,,,,,,,,1142.8790088232981,0.0,0.0,0.0,1142.8790088232981,0.0,0.0,0.0,,,,,,
2024-03-03 08:00:00,3392.76,3401.77,3375.0,3395.37,18999.2754,0.00038668,83,0.0,0.0,NOT_READY,,1000.0,0.0,0.0,,,1000.0,0.0,Strategy not ready,,,,,,,,,,,,1142.8790088232981,0.0,0.0,0.0,1142.8790088232981,0.0,0.0,0.0,,,,,,
2024-03-03 09:00:00,3395.38,3414.91,3391.94,3407.02,14630.8231,0.00038668,83,0.0,0.0,NOT_READY,,1000.0,0.0,0.0,,,1000.0,0.0,Strategy not ready,,,,,,,,,,,,1142.8790088232981,0.0,0.0,0.0,1142.8790088232981,0.0,0.0,0.0,,,,,,
2024-03-03 10:00:00,3407.01,3409.98,3396.13,3400.46,8391.7247,0.00038668,83,0.0,0.0,NOT_READY,,1000.0,0.0,0.0,,,1000.0,0.0,Strategy not ready,,,,,,,,,,,,1142.8790088232981,0.0,0.0,0.0,1142.8790088232981,0.0,0.0,0.0,,,,,,
2024-03-03 11:00:00,3400.46,3414.0,3395.95,3413.39,9791.882,0.00038668,83,0.0,0.0,NOT_READY,,1000.0,0.0,0.0,,,1000.0,0.0,Strategy not ready,,,,,,,,,,,,1142.8790088232981,0.0,0.0,0.0,1142.8790088232981,0.0,0.0,0.0,,,,,,
2024-03-03 12:00:00,3413.39,3447.53,3411.4,3419.51,26322.6643,0.00038668,83,0.0,0.0,NOT_READY,,1000.0,0.0,0.0,,,1000.0,0.0,Strategy not ready,,,,,,,,,,,,1142.8790088232981,0.0,0.0,0.0,1142.8790088232981,0.0,0.0,0.0,,,,,,
2024-03-03 13:00:00,3419.51,3429.03,3403.92,3428.75,14753.5496,0.00038668,83,0.0,0.0,NOT_READY,,1000.0,0.0,0.0,,,1000.0,0.0,Strategy not ready,,,,,,,,,,,,1142.8790088232981,0.0,0.0,0.0,1142.8790088232981,0.0,0.0,0.0,,,,,,
2024-03-03 14:00:00,3428.75,3436.41,3415.81,3418.45,10664.5129,0.00038668,83,0.0,0.0,NOT_READY,,1000.0,0.0,0.0,,,1000.0,0.0,Strategy not ready,,,,,,,,,,,,1142.8790088232981,0.0,0.0,0.0,1142.8790088232981,0.0,0.0,0.0,,,,,,
2024-03-03 15:00:00,3418.44,3431.24,3417.8,3422.5,8764.5935,0.00038668,83,0.0,0.0,NOT_READY,,1000.0,0.0,0.0,,,1000.0,0.0,Strategy not ready,,,,,,,,,,,,1142.8790088232981,0.0,0.0,0.0,1142.8790088232981,0.0,0.0,0.0,,,,,,
2024-03-03 16:00:00,3422.5,3483.81,3418.22,3480.52,34142.7924,0.00037021,83,0.0,0.0,NOT_READY,,1000.0,0.0,0.0,,,1000.0,0.0,Strategy not ready,,,,,,,,,,,,1142.8790088232981,0.0,0.0,0.0,1142.8790088232981,0.0,0.0,0.0,,,,,,
2024-03-03 17:00:00,3480.51,3484.44,3454.68,3460.74,18089.865,0.00037021,83,0.0,0.0,NOT_READY,,1000.0,0.0,0.0,,,1000.0,0.0,Strategy not ready,,,,,,,,,,,,1142.8790088232981,0.0,0.0,0.0,1142.8790088232981,0.0,0.0,0.0,,,,,,
2024-03-03 18:00:00,3460.75,3473.8,3457.0,3469.8,9477.4606,0.00037021,83,0.0,0.0,NOT_READY,,1000.0,0.0,0.0,,,1000.0,0.0,Strategy not ready,,,,,,,,,,,,1142.8790088232981,0.0,0.0,0.0,1142.8790088232981,0.0,0.0,0.0,,,,,,
2024-03-03 19:00:00,3469.8,3474.48,3462.6,3465.2,7918.7985,0.00037021,83,0.0,0.0,NOT_READY,,1000.0,0.0,0.0,,,1000.0,0.0,Strategy not ready,,,,,,,,,,,,1142.8790088232981,0.0,0.0,0.0,1142.8790088232981,0.0,0.0,0.0,,,,,,
2024-03-03 20:00:00,3465.2,3473.55,3458.65,3468.25,6502.6696,0.00037021,83,0.0,0.0,NOT_READY,,1000.0,0.0,0.0,,,1000.0,0.0,Strategy not ready,,,,,,,,,,,,1142.8790088232981,0.0,0.0,0.0,1142.8790088232981,0.0,0.0,0.0,,,,,,
2024-03-03 21:00:00,3468.24,3478.34,3462.14,3476.95,5770.7086,0.00037021,83,0.0,0.0,NOT_READY,,1000.0,0.0,0.0,,,1000.0,0.0,Strategy not ready,,,,,,,,,,,,1142.8790088232981,0.0,0.0,0.0,1142.8790088232981,0.0,0.0,0.0,,,,,,
2024-03-03 22:00:00,3476.94,3491.8,3461.0,3473.82,16358.7459,0.00037021,83,0.0,0.0,NOT_READY,,1000.0,0.0,0.0,,,1000.0,0.0,Strategy not ready,,,,,,,,,,,,1142.8790088232981,0.0,0.0,0.0,1142.8790088232981,0.0,0.0,0.0,,,,,,
2024-03-03 23:00:00,3473.83,3490.6,3465.13,3487.81,12801.2912,0.00037021,83,0.0,0.0,NOT_READY,,1000.0,0.0,0.0,,,1000.0,0.0,Strategy not ready,,,,,,,,,,,,1142.8790088232981,0.0,0.0,0.0,1142.8790088232981,0.0,0.0,0.0,,,,,,
2024-03-04 00:00:00,3487.8,3528.96,3423.78,3485.51,59928.6071,0.00041907,82,0.0,0.0,NOT_READY,,1000.0,0.0,0.0,,,1000.0,0.0,Strategy not ready,,,,,,,,,,,,1142.8790088232981,0.0,0.0,0.0,1142.8790088232981,0.0,0.0,0.0,,,,,,
2024-03-04 01:00:00,3485.52,3493.21,3467.46,3478.21,17830.7338,0.00041907,82,0.0,0.0,NOT_READY,,1000.0,0.0,0.0,,,1000.0,0.0,Strategy not ready,,,,,,,,,,,,1142.8790088232981,0.0,0.0,0.0,1142.8790088232981,0.0,0.0,0.0,,,,,,
2024-03-04 02:00:00,3478.21,3499.0,3461.2,3487.69,16550.0976,0.00041907,82,0.0,0.0,NOT_READY,,1000.0,0.0,0.0,,,1000.0,0.0,Strategy not ready,,,,,,,,,,,,1142.8790088232981,0.0,0.0,0.0,1142.8790088232981,0.0,0.0,0.0,,,,,,
2024-03-04 03:00:00,3487.68,3487.84,3465.52,3471.85,9931.6885,0.00041907,82,0.0,0.0,NOT_READY,,1000.0,0.0,0.0,,,1000.0,0.0,Strategy not ready,,,,,,,,,,,,1142.8790088232981,0.0,0.0,0.0,1142.8790088232981,0.0,0.0,0.0,,,,,,
2024-03-04 04:00:00,3471.84,3487.34,3468.6,3484.2,9915.2554,0.00041907,82,0.0,0.0,NOT_READY,,1000.0,0.0,0.0,,,1000.0,0.0,Strategy not ready,,,,,,,,,,,,1142.8790088232981,0.0,0.0,0.0,1142.8790088232981,0.0,0.0,0.0,,,,,,
2024-03-04 05:00:00,3484.21,3485.72,3456.36,3465.45,26494.8978,0.00041907,82,0.0,0.0,NOT_READY,,1000.0,0.0,0.0,,,1000.0,0.0,Strategy not ready,,,,,,,,,,,,1142.8790088232981,0.0,0.0,0.0,1142.8790088232981,0.0,0.0,0.0,,,,,,
2024-03-04 06:00:00,3465.46,3473.79,3463.0,3473.14,10550.2157,0.00041907,82,0.0,0.0,NOT_READY,,1000.0,0.0,0.0,,,1000.0,0.0,Strategy not ready,,,,,,,,,,,,1142.8790088232981,0.0,0.0,0.0,1142.8790088232981,0.0,0.0,0.0,,,,,,
2024-03-04 07:00:00,3473.14,3487.09,3462.0,3478.61,17971.0734,0.00041907,82,0.0,0.0,NOT_READY,,1000.0,0.0,0.0,,,1000.0,0.0,Strategy not ready,,,,,,,,,,,,1142.8790088232981,0.0,0.0,0.0,1142.8790088232981,0.0,0.0,0.0,,,,,,
2024-03-04 08:00:00,3478.61,3544.14,3478.6,3534.0,58958.167,0.00028996,82,0.0,0.0,NOT_READY,,1000.0,0.0,0.0,,,1000.0,0.0,Strategy not ready,,,,,,,,,,,,1142.8790088232981,0.0,0.0,0.0,1142.8790088232981,0.0,0.0,0.0,,,,,,
2024-03-04 09:00:00,3534.01,3535.0,3499.8,3523.0,31319.8771,0.00028996,82,0.0,0.0,NOT_READY,,1000.0,0.0,0.0,,,1000.0,0.0,Strategy not ready,,,,,,,,,,,,1142.8790088232981,0.0,0.0,0.0,1142.8790088232981,0.0,0.0,0.0,,,,,,
2024-03-04 10:00:00,3523.01,3523.52,3481.67,3497.3,26267.9891,0.00028996,82,0.0,0.0,NOT_READY,,1000.0,0.0,0.0,,,1000.0,0.0,Strategy not ready,,,,,,,,,,,,1142.8790088232981,0.0,0.0,0.0,1142.8790088232981,0.0,0.0,0.0,,,,,,
2024-03-04 11:00:00,3497.29,3511.93,3491.17,3506.91,14015.2061,0.00028996,82,0.0,0.0,NOT_READY,,1000.0,0.0,0.0,,,1000.0,0.0,Strategy not ready,,,,,,,,,,,,1142.8790088232981,0.0,0.0,0.0,1142.8790088232981,0.0,0.0,0.0,,,,,,
2024-03-04 12:00:00,3506.92,3508.51,3497.19,3506.1,11181.5715,0.00028996,82,0.0,0.0,NOT_READY,,1000.0,0.0,0.0,,,1000.0,0.0,Strategy not ready,,,,,,,,,,,,1142.8790088232981,0.0,0.0,0.0,1142.8790088232981,0.0,0.0,0.0,,,,,,
2024-03-04 13:00:00,3506.09,3519.0,3484.7,3490.12,20352.5608,0.00028996,82,0.0,0.0,NOT_READY,,1000.0,0.0,0.0,,,1000.0,0.0,Strategy not ready,,,,,,,,,,,,1142.8790088232981,0.0,0.0,0.0,1142.8790088232981,0.0,0.0,0.0,,,,,,
2024-03-04 14:00:00,3490.11,3546.0,3459.03,3534.16,56537.4479,0.00028996,82,0.0,0.0,NOT_READY,,1000.0,0.0,0.0,,,1000.0,0.0,Strategy not ready,,,,,,,,,,,,1142.8790088232981,0.0,0.0,0.0,1142.8790088232981,0.0,0.0,0.0,,,,,,
2024-03-04 15:00:00,3534.17,3568.18,3521.78,3560.42,44048.8711,0.00028996,82,0.0,0.0,NOT_READY,,1000.0,0.0,0.0,,,1000.0,0.0,Strategy not ready,,,,,,,,,,,,1142.8790088232981,0.0,0.0,0.0,1142.8790088232981,0.0,0.0,0.0,,,,,,
2024-03-04 16:00:00,3560.42,3575.0,3534.65,3549.8,46523.1991,0.00050061,82,0.0,0.0,NOT_READY,,1000.0,0.0,0.0,,,1000.0,0.0,Strategy not ready,,,,,,,,,,,,1142.8790088232981,0.0,0.0,0.0,1142.8790088232981,0.0,0.0,0.0,,,,,,
2024-03-04 17:00:00,3549.8,3585.34,3528.42,3543.64,58292.8417,0.00050061,82,0.0,0.0,NOT_READY,,1000.0,0.0,0.0,,,1000.0,0.0,Strategy not ready,,,,,,,,,,,,1142.8790088232981,0.0,0.0,0.0,1142.8790088232981,0.0,0.0,0.0,,,,,,
2024-03-04 18:00:00,3543.64,3597.0,3529.8,3596.41,45948.9035,0.00050061,82,0.0,0.0,NOT_READY,,1000.0,0.0,0.0,,,1000.0,0.0,Strategy not ready,,,,,,,,,,,,1142.8790088232981,0.0,0.0,0.0,1142.8790088232981,0.0,0.0,0.0,,,,,,
2024-03-04 19:00:00,3596.41,3610.0,3581.52,3593.01,33923.9878,0.00050061,82,0.0,0.0,NOT_READY,,1000.0,0.0,0.0,,,1000.0,0.0,Strategy not ready,,,,,,,,,,,,1142.8790088232981,0.0,0.0,0.0,1142.8790088232981,0.0,0.0,0.0,,,,,,
2024-03-04 20:00:00,3593.0,3595.99,3573.4,3583.37,23112.3325,0.00050061,82,0.0,0.0,NOT_READY,,1000.0,0.0,0.0,,,1000.0,0.0,Strategy not ready,,,,,,,,,,,,1142.8790088232981,0.0,0.0,0.0,1142.8790088232981,0.0,0.0,0.0,,,,,,
2024-03-04 21:00:00,3583.38,3593.23,3558.3,3580.4,20094.1304,0.00050061,82,0.0,0.0,NOT_READY,,1000.0,0.0,0.0,,,1000.0,0.0,Strategy not ready,,,,,,,,,,,,1142.8790088232981,0.0,0.0,0.0,1142.8790088232981,0.0,0.0,0.0,,,,,,
2024-03-04 22:00:00,3580.41,3609.79,3564.31,3608.48,21438.4133,0.00050061,82,0.0,0.0,NOT_READY,,1000.0,0.0,0.0,,,1000.0,0.0,Strategy not ready,,,,,,,,,,,,1142.8790088232981,0.0,0.0,0.0,1142.8790088232981,0.0,0.0,0.0,,,,,,
2024-03-04 23:00:00,3608.49,3640.94,3606.53,3627.76,34172.5679,0.00050061,82,0.0,0.0,NOT_READY,,1000.0,0.0,0.0,,,1000.0,0.0,Strategy not ready,,,,,,,,,,,,1142.8790088232981,0.0,0.0,0.0,1142.8790088232981,0.0,0.0,0.0,,,,,,
2024-03-05 00:00:00,3627.75,3635.81,3607.24,3618.94,30449.7764,0.00038776,90,0.0,0.0,NOT_READY,,1000.0,0.0,0.0,,,1000.0,0.0,Strategy not ready,,,,,,,,,,,,1142.8790088232981,0.0,0.0,0.0,1142.8790088232981,0.0,0.0,0.0,,,,,,
2024-03-05 01:00:00,3618.94,3655.27,3614.71,3642.72,30049.0692,0.00038776,90,0.0,0.0,NOT_READY,,1000.0,0.0,0.0,,,1000.0,0.0,Strategy not ready,,,,,,,,,,,,1142.8790088232981,0.0,0.0,0.0,1142.8790088232981,0.0,0.0,0.0,,,,,,
2024-03-05 02:00:00,3642.72,3643.38,3607.28,3623.1,23062.6615,0.00038776,90,0.0,0.0,NOT_READY,,1000.0,0.0,0.0,,,1000.0,0.0,Strategy not ready,,,,,,,,,,,,1142.8790088232981,0.0,0.0,0.0,1142.8790088232981,0.0,0.0,0.0,,,,,,
2024-03-05 03:00:00,3623.09,3697.2,3612.62,3689.81,32050.9823,0.00038776,90,0.0,0.0,NOT_READY,,1000.0,0.0,0.0,,,1000.0,0.0,Strategy not ready,,,,,,,,,,,,1142.8790088232981,0.0,0.0,0.0,1142.8790088232981,0.0,0.0,0.0,,,,,,
2024-03-05 04:00:00,3689.81,3740.0,3672.06,3695.65,71354.0667,0.00038776,90,0.0,0.0,NOT_READY,,1000.0,0.0,0.0,,,1000.0,0.0,Strategy not ready,,,,,,,,,,,,1142.8790088232981,0.0,0.0,0.0,1142.8790088232981,0.0,0.0,0.0,,,,,,
2024-03-05 05:00:00,3695.65,3734.21,3641.5,3715.8,87710.1527,0.00038776,90,0.0,0.0,NOT_READY,,1000.0,0.0,0.0,,,1000.0,0.0,Strategy not ready,,,,,,,,,,,,1142.8790088232981,0.0,0.0,0.0,1142.8790088232981,0.0,0.0,0.0,,,,,,
2024-03-05 06:00:00,3715.8,3727.25,3698.4,3712.25,25350.1719,0.00038776,90,0.0,0.0,NOT_READY,,1000.0,0.0,0.0,,,1000.0,0.0,Strategy not ready,,,,,,,,,,,,1142.8790088232981,0.0,0.0,0.0,1142.8790088232981,0.0,0.0,0.0,,,,,,
2024-03-05 07:00:00,3712.26,3722.06,3670.81,3672.98,30238.8645,0.00038776,90,0.0,0.0,NOT_READY,,1000.0,0.0,0.0,,,1000.0,0.0,Strategy not ready,,,,,,,,,,,,1142.8790088232981,0.0,0.0,0.0,1142.8790088232981,0.0,0.0,0.0,,,,,,
2024-03-05 08:00:00,3672.99,3700.0,3651.87,3692.61,33317.611,0.00101724,90,0.0,0.0,trending,,1000.0,0.0,0.0,,,1000.0,0.0,,trending,0.0,{},,1.0,,,,,,,1142.8790088232981,0.0,0.0,0.0,1142.8790088232981,0.0,0.0,0.0,-6.964299939538432,0.0,1.0,0.0,,
2024-03-05 09:00:00,3692.6,3701.65,3674.0,3688.67,18698.1377,0.00101724,90,0.0,0.0,trending,,1000.0,0.0,0.0,,,1000.0,0.0,,trending,0.0,{},,2.0,,,,,,,1142.8790088232981,0.0,0.0,0.0,1142.8790088232981,0.0,0.0,0.0,-6.556602296482493,0.0,1.0,0.0,,
2024-03-05 10:00:00,3688.68,3725.03,3688.16,3710.5,20333.3931,0.00101724,90,0.0,0.0,trending,,1000.0,0.0,0.0,,,1000.0,0.0,,trending,0.0,{},,3.0,,,,,,,1142.8790088232981,0.0,0.0,0.0,1142.8790088232981,0.0,0.0,0.0,-7.669069223016795,0.0,1.0,0.0,,
2024-03-05 11:00:00,3710.5,3742.0,3710.0,3731.45,24208.7197,0.00101724,90,-8.64058323790572,0.0,trending,,1000.0,0.0,-0.8640583237905719,True,True,999.1359416762095,-0.8648055662385407,,trending,-8.64058323790572,{},,4.0,ETHUSDT,2024-03-05 11:00:00,ETHUSDT,3731.45,0.23156100813104072,SHORT,1142.8790088232981,0.0,0.0,0.0,1142.8790088232981,0.0,0.0,0.0,-8.64058323790572,-8.64058323790572,1.0,-8.64058323790572,True,True
2024-03-05 12:00:00,3731.46,3769.0,3730.8,3759.01,45733.9222,0.00101724,90,-9.78118400354992,0.0,trending,,992.754120292118,-0.8767932838380326,-0.1013251165169593,False,,992.754120292118,-0.8767932838380326,,trending,-1.1406007656441997,{},,5.0,ETHUSDT,2024-03-05 12:00:00,,,,,1142.8790088232981,0.0,0.0,0.0,1142.8790088232981,0.0,0.0,0.0,-9.78118400354992,-9.78118400354992,1.0,-9.78118400354992,True,False
2024-03-05 13:00:00,3759.0,3782.03,3751.57,3779.41,37179.7834,0.00101724,90,-10.53849374553539,0.0,trending,,988.0302757262449,-0.885766368947807,-0.16808300560573208,False,,988.0302757262449,-0.885766368947807,,trending,-0.7573097419854715,{},,6.0,ETHUSDT,2024-03-05 13:00:00,,,,,1142.8790088232981,0.0,0.0,0.0,1142.8790088232981,0.0,0.0,0.0,-10.53849374553539,-10.53849374553539,1.0,-10.53849374553539,True,False
2024-03-05 14:00:00,3779.4,3806.3,3745.95,3803.95,57543.2736,0.00101724,90,-11.36729245663799,0.0,trending,,982.3477685867091,-0.8966748080950341,-0.24005443756876488,True,True,982.1119516456242,-1.1370021880845738,,trending,-0.8287987111025998,{},,7.0,ETHUSDT,2024-03-05 14:00:00,ETHUSDT,3803.95,0.061992650030892535,SHORT,1142.8790088232981,0.0,0.0,0.0,1142.8790088232981,0.0,0.0,0.0,-11.36729245663799,-11.36729245663799,1.0,-11.36729245663799,True,True
2024-03-05 15:00:00,3803.95,3822.04,3753.46,3783.01,91846.1568,0.00101724,90,-9.030450388688877,0.0,trending,,988.2589652475351,-1.1237099418420327,0.220664902973145,True,True,988.0406728864954,-0.9032445527543678,,trending,2.3368420679491138,{},,8.0,ETHUSDT,2024-03-05 15:00:00,ETHUSDT,3783.01,0.05764564954327057,REDUCE_SHORT,1142.8790088232981,0.0,0.0,0.0,1142.8790088232981,0.0,0.0,0.0,-9.030450388688877,-9.030450388688877,1.0,-9.030450388688877,True,True
2024-03-05 16:00:00,3783.0,3796.07,3664.0,3688.07,115174.6274,0.00082409,90,0.0,0.0,trending,,1010.4377792247511,-0.8610577189757942,0.8610577189757942,True,True,1009.5668630592394,0.0,,trending,9.030450388688877,{},,9.0,ETHUSDT,2024-03-05 16:00:00,ETHUSDT,3688.07,-0.23590800861866268,CLOSE,1142.8790088232981,0.0,0.0,0.0,1142.8790088232981,0.0,0.0,0.0,-1.2871372452401175,0.0,1.0,0.0,True,True
2024-03-05 17:00:00,3688.06,3688.64,3556.46,3686.51,99730.306,0.00082409,90,0.0,0.0,trending,,1009.5668630592394,0.0,0.0,,,1009.5668630592394,0.0,,trending,0.0,{},,10.0,,,,,,,1142.8790088232981,0.0,0.0,0.0,1142.8790088232981,0.0,0.0,0.0,-1.1871360115232648,0.0,1.0,0.0,,
2024-03-05 18:00:00,3686.51,3686.52,3590.85,3611.88,47136.7529,0.00082409,90,0.0,0.0,trending,,1009.5668630592394,0.0,0.0,,,1009.5668630592394,0.0,,trending,0.0,{},,11.0,,,,,,,1142.8790088232981,0.0,0.0,0.0,1142.8790088232981,0.0,0.0,0.0,2.9414683724888335,0.0,1.0,0.0,,
2024-03-05 19:00:00,3611.88,3626.52,3200.0,3376.46,159403.1988,0.00082409,90,9.73602570591267,0.0,trending,,1009.5668630592394,0.0,0.973602570591267,True,True,1008.5839461661811,0.9735768449395769,,trending,9.73602570591267,{},,12.0,ETHUSDT,2024-03-05 19:00:00,ETHUSDT,3376.46,0.2911087035114401,LONG,1142.8790088232981,0.0,0.0,0.0,1142.8790088232981,0.0,0.0,0.0,9.73602570591267,9.73602570591267,1.0,9.73602570591267,True,True
2024-03-05 20:00:00,3376.46,3464.88,3324.68,3387.8,142627.0398,0.00082409,90,9.134055701417884,0.0,trending,,1011.8818176913031,0.9736629618844158,-0.06025739174262745,False,,1011.8818176913031,0.9736629618844158,,trending,-0.6019700044947864,{},,13.0,ETHUSDT,2024-03-05 20:00:00,,,,,1142.8790088232981,0.0,0.0,0.0,1142.8790088232981,0.0,0.0,0.0,9.134055701417884,9.134055701417884,1.0,9.134055701417884,True,False
2024-03-05 21:00:00,3387.81,3529.61,3385.21,3520.05,91867.0088,0.00082409,90,0.0,0.0,trending,,1050.3424446046515,0.9746273511673297,-0.9746273511673297,True,True,1049.3187521300479,0.0,,trending,-9.134055701417884,{},,14.0,ETHUSDT,2024-03-05 21:00:00,ETHUSDT,3520.05,0.2908175948079286,CLOSE,1142.8790088232981,0.0,0.0,0.0,1142.8790088232981,0.0,0.0,0.0,3.2282871423409065,0.0,1.0,0.0,True,True
2024-03-05 22:00:00,3520.05,3527.44,3434.97,3506.51,43540.4554,0.00082409,90,0.0,0.0,trending,,1049.3187521300479,0.0,0.0,,,1049.3187521300479,0.0,,trending,0.0,{},,15.0,,,,,,,1142.8790088232981,0.0,0.0,0.0,1142.8790088232981,0.0,0.0,0.0,3.5949448665360366,0.0,1.0,0.0,,
2024-03-05 23:00:00,3506.51,3580.6,3494.6,3553.65,34298.7322,0.00082409,90,0.0,0.0,trending,,1049.3187521300479,0.0,0.0,,,1049.3187521300479,0.0,,trending,0.0,{},,16.0,,,,,,,1142.8790088232981,0.0,0.0,0.0,1142.8790088232981,0.0,0.0,0.0,1.807453425656317,0.0,1.0,0.0,,
2024-03-06 00:00:00,3553.66,3591.23,3545.4,3562.6,34749.3863,0.0002058,75,0.0,0.0,trending,,1049.3187521300479,0.0,0.0,,,1049.3187521300479,0.0,,trending,0.0,{},,17.0,,,,,,,1142.8790088232981,0.0,0.0,0.0,1142.8790088232981,0.0,0.0,0.0,1.474814879916383,0.0,1.0,0.0,,
2024-03-06 01:00:00,3562.6,3583.65,3515.0,3519.02,30506.5016,0.0002058,75,0.0,0.0,trending,,1049.3187521300479,0.0,0.0,,,1049.3187521300479,0.0,,trending,0.0,{},,18.0,,,,,,,1142.8790088232981,0.0,0.0,0.0,1142.8790088232981,0.0,0.0,0.0,2.846835815241582,0.0,1.0,0.0,,
2024-03-06 02:00:00,3519.01,3548.93,3499.4,3502.79,27129.3112,0.0002058,75,0.0,0.0,trending,,1049.3187521300479,0.0,0.0,,,1049.3187521300479,0.0,,trending,0.0,{},,19.0,,,,,,,1142.8790088232981,0.0,0.0,0.0,1142.8790088232981,0.0,0.0,0.0,3.3416544265877324,0.0,1.0,0.0,,
2024-03-06 03:00:00,3502.8,3551.6,3500.01,3538.01,23435.5812,0.0002058,75,0.0,0.0,trending,,1049.3187521300479,0.0,0.0,,,1049.3187521300479,0.0,,trending,0.0,{},,20.0,,,,,,,1142.8790088232981,0.0,0.0,0.0,1142.8790088232981,0.0,0.0,0.0,1.8674572250889498,0.0,1.0,0.0,,
2024-03-06 04:00:00,3538.01,3653.38,3536.2,3649.28,43237.5617,0.0002058,75,0.0,0.0,trending,,1049.3187521300479,0.0,0.0,,,1049.3187521300479,0.0,,trending,0.0,{},,21.0,,,,,,,1142.8790088232981,0.0,0.0,0.0,1142.8790088232981,0.0,0.0,0.0,-2.0003251288509576,0.0,1.0,0.0,,
2024-03-06 05:00:00,3649.28,3770.63,3647.0,3769.44,95810.0525,0.0002058,75,0.0,0.0,trending,,1049.3187521300479,0.0,0.0,,,1049.3187521300479,0.0,,trending,0.0,{},,22.0,,,,,,,1142.8790088232981,0.0,0.0,0.0,1142.8790088232981,0.0,0.0,0.0,-5.071159160560072,0.0,1.0,0.0,,
2024-03-06 06:00:00,3769.44,3789.0,3747.67,3748.48,55196.9153,0.0002058,75,0.0,0.0,trending,,1049.3187521300479,0.0,0.0,,,1049.3187521300479,0.0,,trending,0.0,{},,23.0,,,,,,,1142.8790088232981,0.0,0.0,0.0,1142.8790088232981,0.0,0.0,0.0,-4.292617184902338,0.0,1.0,0.0,,
2024-03-06 07:00:00,3748.49,3789.77,3740.83,3786.6,36493.3187,0.0002058,75,0.0,0.0,trending,,1049.3187521300479,0.0,0.0,,,1049.3187521300479,0.0,,trending,0.0,{},,24.0,,,,,,,1142.8790088232981,0.0,0.0,0.0,1142.8790088232981,0.0,0.0,0.0,-5.193183327251745,0.0,1.0,0.0,,
2024-03-06 08:00:00,3786.61,3868.07,3778.6,3825.38,77653.1595,0.0002058,75,0.0,0.0,trending,,1049.3187521300479,0.0,0.0,,,1049.3187521300479,0.0,,trending,0.0,{},,25.0,,,,,,,1142.8790088232981,0.0,0.0,0.0,1142.8790088232981,0.0,0.0,0.0,-6.068280166535465,0.0,1.0,0.0,,
2024-03-06 09:00:00,3825.38,3867.27,3788.04,3792.23,41179.4745,0.00038362,75,0.0,0.0,trending,,1049.3187521300479,0.0,0.0,,,1049.3187521300479,0.0,,trending,0.0,{},,26.0,,,,,,,1142.8790088232981,0.0,0.0,0.0,1142.8790088232981,0.0,0.0,0.0,-4.72316668869176,0.0,1.0,0.0,,
2024-03-06 10:00:00,3792.23,3842.6,3791.8,3839.8,35942.1788,0.00038362,75,0.0,0.0,trending,,1049.3187521300479,0.0,0.0,,,1049.3187521300479,0.0,,trending,0.0,{},,27.0,,,,,,,1142.8790088232981,0.0,0.0,0.0,1142.8790088232981,0.0,0.0,0.0,-5.851388925019876,0.0,1.0,0.0,,
2024-03-06 11:00:00,3839.8,3899.47,3835.49,3879.74,46277.0628,0.00038362,75,0.0,0.0,trending,,1049.3187521300479,0.0,0.0,,,1049.3187521300479,0.0,,trending,0.0,{},,28.0,,,,,,,1142.8790088232981,0.0,0.0,0.0,1142.8790088232981,0.0,0.0,0.0,-6.737037540299679,0.0,1.0,0.0,,
2024-03-06 12:00:00,3879.74,3900.0,3755.0,3817.41,68729.1301,0.00038362,75,0.0,0.0,trending,,1049.3187521300479,0.0,0.0,,,1049.3187521300479,0.0,,trending,0.0,{},,29.0,,,,,,,1142.8790088232981,0.0,0.0,0.0,1142.8790088232981,0.0,0.0,0.0,-4.192005460664999,0.0,1.0,0.0,,
2024-03-06 13:00:00,3817.42,3845.58,3771.88,3830.77,48306.4603,0.00038362,75,0.0,0.0,trending,,1049.3187521300479,0.0,0.0,,,1049.3187521300479,0.0,,trending,0.0,{},,30.0,,,,,,,1142.8790088232981,0.0,0.0,0.0,1142.8790088232981,0.0,0.0,0.0,-4.5318745557377325,0.0,1.0,0.0,,
2024-03-06 14:00:00,3830.78,3863.18,3768.93,3781.95,66592.1385,0.00038362,75,0.0,0.0,trending,,1049.3187521300479,0.0,0.0,,,1049.3187521300479,0.0,,trending,0.0,{},,31.0,,,,,,,1142.8790088232981,0.0,0.0,0.0,1142.8790088232981,0.0,0.0,0.0,-2.6181965234954534,0.0,1.0,0.0,,
2024-03-06 15:00:00,3781.96,3808.7,3724.0,3790.94,50412.0675,0.00038362,75,0.0,0.0,trending,,1049.3187521300479,0.0,0.0,,,1049.3187521300479,0.0,,trending,0.0,{},,32.0,,,,,,,1142.8790088232981,0.0,0.0,0.0,1142.8790088232981,0.0,0.0,0.0,-2.8829932177371775,0.0,1.0,0.0,,
2024-03-06 16:00:00,3790.95,3822.92,3764.25,3816.01,34889.7408,0.00040511,75,0.0,0.0,trending,,1049.3187521300479,0.0,0.0,,,1049.3187521300479,0.0,,trending,0.0,{},,33.0,,,,,,,1142.8790088232981,0.0,0.0,0.0,1142.8790088232981,0.0,0.0,0.0,-3.631846501262052,0.0,1.0,0.0,,
2024-03-06 17:00:00,3816.01,3850.62,3789.72,3847.05,26886.817,0.00040511,75,0.0,0.0,trending,,1049.3187521300479,0.0,0.0,,,1049.3187521300479,0.0,,trending,0.0,{},,34.0,,,,,,,1142.8790088232981,0.0,0.0,0.0,1142.8790088232981,0.0,0.0,0.0,-4.534036402147604,0.0,1.0,0.0,,
2024-03-06 18:00:00,3847.06,3862.5,3828.39,3862.12,26092.6305,0.00040511,75,0.0,0.0,trending,,1049.3187521300479,0.0,0.0,,,1049.3187521300479,0.0,,trending,0.0,{},,35.0,,,,,,,1142.8790088232981,0.0,0.0,0.0,1142.8790088232981,0.0,0.0,0.0,-4.9672605202954605,0.0,1.0,0.0,,
2024-03-06 19:00:00,3862.11,3880.0,3836.34,3852.59,19136.6005,0.00040511,75,0.0,0.0,trending,,1049.3187521300479,0.0,0.0,,,1049.3187521300479,0.0,,trending,0.0,{},,36.0,,,,,,,1142.8790088232981,0.0,0.0,0.0,1142.8790088232981,0.0,0.0,0.0,-4.499887050150284,0.0,1.0,0.0,,
2024-03-06 20:00:00,3852.59,3892.58,3844.61,3858.05,23243.6888,0.00040511,75,0.0,0.0,trending,,1049.3187521300479,0.0,0.0,,,1049.3187521300479,0.0,,trending,0.0,{},,37.0,,,,,,,1142.8790088232981,0.0,0.0,0.0,1142.8790088232981,0.0,0.0,0.0,-4.676867440138608,0.0,1.0,0.0,,
2024-03-06 21:00:00,3858.05,3861.97,3832.83,3845.55,17121.9059,0.00040511,75,0.0,0.0,trending,,1049.3187521300479,0.0,0.0,,,1049.3187521300479,0.0,,trending,0.0,{},,38.0,,,,,,,1142.8790088232981,0.0,0.0,0.0,1142.8790088232981,0.0,0.0,0.0,-4.001211646424307,0.0,1.0,0.0,,
2024-03-06 22:00:00,3845.54,3845.88,3805.03,3813.42,14629.6013,0.00040511,75,0.0,0.0,trending,,1049.3187521300479,0.0,0.0,,,1049.3187521300479,0.0,,trending,0.0,{},,39.0,,,,,,,1142.8790088232981,0.0,0.0,0.0,1142.8790088232981,0.0,0.0,0.0,-2.3102805733658527,0.0,1.0,0.0,,
2024-03-06 23:00:00,3813.43,3832.53,3792.7,3818.59,25843.4247,0.00040511,75,0.0,0.0,trending,,1049.3187521300479,0.0,0.0,,,1049.3187521300479,0.0,,trending,0.0,{},,40.0,,,,,,,1142.8790088232981,0.0,0.0,0.0,1142.8790088232981,0.0,0.0,0.0,-2.5236382458924282,0.0,1.0,0.0,,
2024-03-07 00:00:00,3818.58,3852.69,3795.6,3838.0,32851.0354,0.00035699,82,0.0,0.0,trending,,1049.3187521300479,0.0,0.0,,,1049.3187521300479,0.0,,trending,0.0,{},,41.0,,,,,,,1142.8790088232981,0.0,0.0,0.0,1142.8790088232981,0.0,0.0,0.0,-3.3362440010467966,0.0,1.0,0.0,,
2024-03-07 01:00:00,3838.0,3838.01,3774.82,3830.99,29160.0499,0.00035699,82,0.0,0.0,trending,,1049.3187521300479,0.0,0.0,,,1049.3187521300479,0.0,,trending,0.0,{},,42.0,,,,,,,1142.8790088232981,0.0,0.0,0.0,1142.8790088232981,0.0,0.0,0.0,-2.9217166664935803,0.0,1.0,0.0,,
2024-03-07 02:00:00,3830.99,3831.4,3777.25,3784.76,20616.4923,0.00035699,82,0.0,0.0,trending,,1049.3187521300479,0.0,0.0,,,1049.3187521300479,0.0,,trending,0.0,{},,43.0,,,,,,,1142.8790088232981,0.0,0.0,0.0,1142.8790088232981,0.0,0.0,0.0,-0.3539189073088295,0.0,1.0,0.0,,
2024-03-07 03:00:00,3784.76,3805.4,3764.21,3775.18,18994.2721,0.00035699,82,0.0,0.0,trending,,1049.3187521300479,0.0,0.0,,,1049.3187521300479,0.0,,trending,0.0,{},,44.0,,,,,,,1142.8790088232981,0.0,0.0,0.0,1142.8790088232981,0.0,0.0,0.0,0.14251810120772176,0.0,1.0,0.0,,
2024-03-07 04:00:00,3775.18,3799.98,3761.2,3780.07,15031.0223,0.00035699,82,0.0,0.0,trending,,1049.3187521300479,0.0,0.0,,,1049.3187521300479,0.0,,trending,0.0,{},,45.0,,,,,,,1142.8790088232981,0.0,0.0,0.0,1142.8790088232981,0.0,0.0,0.0,-0.12396755662933004,0.0,1.0,0.0,,
2024-03-07 05:00:00,3780.08,3803.36,3742.51,3753.97,21124.8072,0.00035699,82,0.0,0.0,trending,,1049.3187521300479,0.0,0.0,,,1049.3187521300479,0.0,,trending,0.0,{},,46.0,,,,,,,1142.8790088232981,0.0,0.0,0.0,1142.8790088232981,0.0,0.0,0.0,1.2982275435677906,0.0,1.0,0.0,,
2024-03-07 06:00:00,3753.98,3780.95,3735.0,3771.67,18223.6426,0.00035699,82,0.0,0.0,trending,,1049.3187521300479,0.0,0.0,,,1049.3187521300479,0.0,,trending,0.0,{},,47.0,,,,,,,1142.8790088232981,0.0,0.0,0.0,1142.8790088232981,0.0,0.0,0.0,0.2529049519762651,0.0,1.0,0.0,,
2024-03-07 07:00:00,3771.67,3800.99,3756.0,3789.22,17473.0038,0.00035699,82,0.0,0.0,trending,,1049.3187521300479,0.0,0.0,,,1049.3187521300479,0.0,,trending,0.0,{},,48.0,,,,,,,1142.8790088232981,0.0,0.0,0.0,1142.8790088232981,0.0,0.0,0.0,-0.7556479974986048,0.0,1.0,0.0,,
2024-03-07 08:00:00,3789.23,3814.85,3784.25,3791.54,18098.7367,0.00039169,82,0.0,0.0,trending,,1049.3187521300479,0.0,0.0,,,1049.3187521300479,0.0,,trending,0.0,{},,49.0,,,,,,,1142.8790088232981,0.0,0.0,0.0,1142.8790088232981,0.0,0.0,0.0,-0.8911177108618915,0.0,1.0,0.0,,
2024-03-07 09:00:00,3791.53,3800.84,3774.08,3784.21,17427.028,0.00039169,82,0.0,0.0,trending,,1049.3187521300479,0.0,0.0,,,1049.3187521300479,0.0,,trending,0.0,{},,50.0,,,,,,,1142.8790088232981,0.0,0.0,0.0,1142.8790088232981,0.0,0.0,0.0,-0.40244091047816255,0.0,1.0,0.0,,
2024-03-07 10:00:00,3784.21,3801.7,3773.09,3794.21,14180.0398,0.00039169,82,0.0,0.0,trending,,1049.3187521300479,0.0,0.0,,,1049.3187521300479,0.0,,trending,0.0,{},,51.0,,,,,,,1142.8790088232981,0.0,0.0,0.0,1142.8790088232981,0.0,0.0,0.0,-1.0535715158909853,0.0,1.0,0.0,,
2024-03-07 11:00:00,3794.21,3814.92,3770.36,3787.58,23642.4952,0.00039169,82,0.0,0.0,trending,,1049.3187521300479,0.0,0.0,,,1049.3187521300479,0.0,,trending,0.0,{},,52.0,,,,,,,1142.8790088232981,0.0,0.0,0.0,1142.8790088232981,0.0,0.0,0.0,-0.5656973972724785,0.0,1.0,0.0,,
2024-03-07 12:00:00,3787.58,3804.5,3773.4,3781.6,15571.213,0.00039169,82,0.0,0.0,trending,,1049.3187521300479,0.0,0.0,,,1049.3187521300479,0.0,,trending,0.0,{},,53.0,,,,,,,1142.8790088232981,0.0,0.0,0.0,1142.8790088232981,0.0,0.0,0.0,-0.11297635394569738,0.0,1.0,0.0,,
2024-03-07 13:00:00,3781.6,3810.77,3765.12,3806.07,17184.6835,0.00039169,82,0.0,0.0,trending,,1049.3187521300479,0.0,0.0,,,1049.3187521300479,0.0,,trending,0.0,{},,54.0,,,,,,,1142.8790088232981,0.0,0.0,0.0,1142.8790088232981,0.0,0.0,0.0,-1.8715677980687788,0.0,1.0,0.0,,
2024-03-07 14:00:00,3806.06,3853.8,3780.52,3806.85,46102.8592,0.00039169,82,0.0,0.0,trending,,1049.3187521300479,0.0,0.0,,,1049.3187521300479,0.0,,trending,0.0,{},,55.0,,,,,,,1142.8790088232981,0.0,0.0,0.0,1142.8790088232981,0.0,0.0,0.0,-1.926431409776521,0.0,1.0,0.0,,
2024-03-07 15:00:00,3806.85,3855.23,3796.51,3837.16,33913.9343,0.00039169,82,0.0,0.0,trending,,1049.3187521300479,0.0,0.0,,,1049.3187521300479,0.0,,trending,0.0,{},,56.0,,,,,,,1142.8790088232981,0.0,0.0,0.0,1142.8790088232981,0.0,0.0,0.0,-3.958112883496563,0.0,1.0,0.0,,
2024-03-07 16:00:00,3837.17,3848.14,3812.44,3830.63,20991.4323,0.00044218,82,0.0,0.0,trending,,1049.3187521300479,0.0,0.0,,,1049.3187521300479,0.0,,trending,0.0,{},,57.0,,,,,,,1142.8790088232981,0.0,0.0,0.0,1142.8790088232981,0.0,0.0,0.0,-3.3491446851584104,0.0,1.0,0.0,,
2024-03-07 17:00:00,3830.62,3872.6,3825.63,3858.6,24554.2701,0.00044218,82,0.0,0.0,trending,,1049.3187521300479,0.0,0.0,,,1049.3187521300479,0.0,,trending,0.0,{},,58.0,,,,,,,1142.8790088232981,0.0,0.0,0.0,1142.8790088232981,0.0,0.0,0.0,-5.096546894266945,0.0,1.0,0.0,,
2024-03-07 18:00:00,3858.61,3881.61,3843.89,3879.08,17341.2194,0.00044218,82,0.0,0.0,trending,,1049.3187521300479,0.0,0.0,,,1049.3187521300479,0.0,,trending,0.0,{},,59.0,,,,,,,1142.8790088232981,0.0,0.0,0.0,1142.8790088232981,0.0,0.0,0.0,-6.235580173629211,0.0,1.0,0.0,,
2024-03-07 19:00:00,3879.08,3883.77,3852.43,3870.19,15442.6307,0.00044218,82,0.0,0.0,trending,,1049.3187521300479,0.0,0.0,,,1049.3187521300479,0.0,,trending,0.0,{},,60.0,,,,,,,1142.8790088232981,0.0,0.0,0.0,1142.8790088232981,0.0,0.0,0.0,-5.330575027849247,0.0,1.0,0.0,,
2024-03-07 20:00:00,3870.19,3933.16,3863.0,3928.87,38426.9218,0.00044218,82,-8.219290942548787,0.0,trending,,1049.3187521300479,0.0,-0.8219290942548787,True,True,1048.4562865185248,-0.822605217416159,,trending,-8.219290942548787,{},,61.0,ETHUSDT,2024-03-07 20:00:00,ETHUSDT,3928.87,0.21952001759358541,SHORT,1142.8790088232981,0.0,0.0,0.0,1142.8790088232981,0.0,0.0,0.0,-8.219290942548787,-8.219290942548787,1.0,-8.219290942548787,True,True
2024-03-07 21:00:00,3928.87,3933.81,3854.01,3869.15,30096.7416,0.00044218,82,0.0,0.0,trending,,1061.5660219692138,-0.8000970815707333,0.8000970815707333,True,True,1060.7158158870593,0.0,,trending,8.219290942548787,{},,62.0,ETHUSDT,2024-03-07 21:00:00,ETHUSDT,3869.15,-0.21952001759358541,CLOSE,1142.8790088232981,0.0,0.0,0.0,1142.8790088232981,0.0,0.0,0.0,-3.209952517794659,0.0,1.0,0.0,True,True
2024-03-07 22:00:00,3869.15,3888.53,3840.0,3857.01,18618.9046,0.00044218,82,0.0,0.0,trending,,1060.7158158870593,0.0,0.0,,,1060.7158158870593,0.0,,trending,0.0,{},,63.0,,,,,,,1142.8790088232981,0.0,0.0,0.0,1142.8790088232981,0.0,0.0,0.0,-2.3417230708324697,0.0,1.0,0.0,,
2024-03-07 23:00:00,3857.01,3870.29,3851.86,3868.76,15713.2392,0.00044218,82,0.0,0.0,trending,,1060.7158158870593,0.0,0.0,,,1060.7158158870593,0.0,,trending,0.0,{},,64.0,,,,,,,1142.8790088232981,0.0,0.0,0.0,1142.8790088232981,0.0,0.0,0.0,-3.00439819759915,0.0,1.0,0.0,,
2024-03-08 00:00:00,3868.76,3908.28,3863.56,3905.06,20765.0654,0.00042931,81,0.0,0.0,trending,,1060.7158158870593,0.0,0.0,,,1060.7158158870593,0.0,,trending,0.0,{},,65.0,,,,,,,1142.8790088232981,0.0,0.0,0.0,1142.8790088232981,0.0,0.0,0.0,-4.890850414136435,0.0,1.0,0.0,,
2024-03-08 01:00:00,3905.06,3940.6,3902.46,3904.83,29575.5401,0.00042931,81,0.0,0.0,trending,,1060.7158158870593,0.0,0.0,,,1060.7158158870593,0.0,,trending,0.0,{},,66.0,,,,,,,1142.8790088232981,0.0,0.0,0.0,1142.8790088232981,0.0,0.0,0.0,-4.872012791677719,0.0,1.0,0.0,,
2024-03-08 02:00:00,3904.83,3916.56,3891.26,3903.0,14768.0972,0.00042931,81,0.0,0.0,trending,,1060.7158158870593,0.0,0.0,,,1060.7158158870593,0.0,,trending,0.0,{},,67.0,,,,,,,1142.8790088232981,0.0,0.0,0.0,1142.8790088232981,0.0,0.0,0.0,-4.71176279932763,0.0,1.0,0.0,,
2024-03-08 03:00:00,3903.0,3912.38,3891.45,3900.85,12617.213,0.00042931,81,0.0,0.0,trending,,1060.7158158870593,0.0,0.0,,,1060.7158158870593,0.0,,trending,0.0,{},,68.0,,,,,,,1142.8790088232981,0.0,0.0,0.0,1142.8790088232981,0.0,0.0,0.0,-4.511943749294758,0.0,1.0,0.0,,
2024-03-08 04:00:00,3900.85,3910.22,3885.8,3899.14,10913.2195,0.00042931,81,0.0,0.0,trending,,1060.7158158870593,0.0,0.0,,,1060.7158158870593,0.0,,trending,0.0,{},,69.0,,,,,,,1142.8790088232981,0.0,0.0,0.0,1142.8790088232981,0.0,0.0,0.0,-4.3433444592379065,0.0,1.0,0.0,,
2024-03-08 05:00:00,3899.14,3904.25,3880.0,3888.06,10927.7602,0.00042931,81,0.0,0.0,trending,,1060.7158158870593,0.0,0.0,,,1060.7158158870593,0.0,,trending,0.0,{},,70.0,,,,,,,1142.8790088232981,0.0,0.0,0.0,1142.8790088232981,0.0,0.0,0.0,-3.2284676430791452,0.0,1.0,0.0,,
2024-03-08 06:00:00,3888.07,3932.0,3883.59,3930.57,14561.1809,0.00042931,81,0.0,0.0,trending,,1060.7158158870593,0.0,0.0,,,1060.7158158870593,0.0,,trending,0.0,{},,71.0,,,,,,,1142.8790088232981,0.0,0.0,0.0,1142.8790088232981,0.0,0.0,0.0,-5.897112126452839,0.0,1.0,0.0,,
2024-03-08 07:00:00,3930.57,3946.57,3906.39,3908.16,28342.7885,0.00042931,81,0.0,0.0,trending,,1060.7158158870593,0.0,0.0,,,1060.7158158870593,0.0,,trending,0.0,{},,72.0,,,,,,,1142.8790088232981,0.0,0.0,0.0,1142.8790088232981,0.0,0.0,0.0,-3.751530636225482,0.0,1.0,0.0,,
2024-03-08 08:00:00,3908.16,3952.91,3908.15,3940.03,24858.2897,0.00057985,81,0.0,0.0,trending,,1060.7158158870593,0.0,0.0,,,1060.7158158870593,0.0,,trending,0.0,{},,73.0,,,,,,,1142.8790088232981,0.0,0.0,0.0,1142.8790088232981,0.0,0.0,0.0,-5.581106794668774,0.0,1.0,0.0,,
2024-03-08 09:00:00,3940.03,3950.73,3927.4,3930.43,22987.8716,0.00057985,81,0.0,0.0,trending,,1060.7158158870593,0.0,0.0,,,1060.7158158870593,0.0,,trending,0.0,{},,74.0,,,,,,,1142.8790088232981,0.0,0.0,0.0,1142.8790088232981,0.0,0.0,0.0,-4.67963804653188,0.0,1.0,0.0,,
2024-03-08 10:00:00,3930.43,3954.98,3922.57,3946.56,16830.2237,0.00057985,81,0.0,0.0,trending,,1060.7158158870593,0.0,0.0,,,1060.7158158870593,0.0,,trending,0.0,{},,75.0,,,,,,,1142.8790088232981,0.0,0.0,0.0,1142.8790088232981,0.0,0.0,0.0,-5.597976316408719,0.0,1.0,0.0,,
2024-03-08 11:00:00,3946.55,3952.0,3933.63,3950.46,14767.5788,0.00057985,81,0.0,0.0,trending,,1060.7158158870593,0.0,0.0,,,1060.7158158870593,0.0,,trending,0.0,{},,76.0,,,,,,,1142.8790088232981,0.0,0.0,0.0,1142.8790088232981,0.0,0.0,0.0,-5.819309212845884,0.0,1.0,0.0,,
2024-03-08 12:00:00,3950.46,3953.0,3933.43,3944.99,15004.1699,0.00057985,81,0.0,0.0,trending,,1060.7158158870593,0.0,0.0,,,1060.7158158870593,0.0,,trending,0.0,{},,77.0,,,,,,,1142.8790088232981,0.0,0.0,0.0,1142.8790088232981,0.0,0.0,0.0,-5.233564400457886,0.0,1.0,0.0,,
2024-03-08 13:00:00,3944.99,3981.75,3941.18,3971.07,32131.2096,0.00057985,81,0.0,0.0,trending,,1060.7158158870593,0.0,0.0,,,1060.7158158870593,0.0,,trending,0.0,{},,78.0,,,,,,,1142.8790088232981,0.0,0.0,0.0,1142.8790088232981,0.0,0.0,0.0,-6.774170764174778,0.0,1.0,0.0,,
2024-03-08 14:00:00,3971.08,3986.2,3945.4,3973.42,32646.1153,0.00057985,81,0.0,0.0,trending,,1060.7158158870593,0.0,0.0,,,1060.7158158870593,0.0,,trending,0.0,{},,79.0,,,,,,,1142.8790088232981,0.0,0.0,0.0,1142.8790088232981,0.0,0.0,0.0,-6.906729728726339,0.0,1.0,0.0,,
2024-03-08 15:00:00,3973.42,3993.75,3886.0,3900.75,92459.6486,0.00057985,81,0.0,0.0,trending,,1060.7158158870593,0.0,0.0,,,1060.7158158870593,0.0,,trending,0.0,{},,80.0,,,,,,,1142.8790088232981,0.0,0.0,0.0,1142.8790088232981,0.0,0.0,0.0,-0.17331408617390595,0.0,1.0,0.0,,
2024-03-08 16:00:00,3900.76,3911.6,3820.0,3905.1,92993.2279,0.00048823,81,0.0,0.0,trending,,1060.7158158870593,0.0,0.0,,,1060.7158158870593,0.0,,trending,0.0,{},,81.0,,,,,,,1142.8790088232981,0.0,0.0,0.0,1142.8790088232981,0.0,0.0,0.0,-0.48808399273117686,0.0,1.0,0.0,,
2024-03-08 17:00:00,3905.09,3978.49,3898.23,3942.38,37977.8801,0.00048823,81,0.0,0.0,trending,,1060.7158158870593,0.0,0.0,,,1060.7158158870593,0.0,,trending,0.0,{},,82.0,,,,,,,1142.8790088232981,0.0,0.0,0.0,1142.8790088232981,0.0,0.0,0.0,-2.9817050406439733,0.0,1.0,0.0,,
2024-03-08 18:00:00,3942.38,3950.74,3916.79,3928.21,18317.4515,0.00048823,81,0.0,0.0,trending,,1060.7158158870593,0.0,0.0,,,1060.7158158870593,0.0,,trending,0.0,{},,83.0,,,,,,,1142.8790088232981,0.0,0.0,0.0,1142.8790088232981,0.0,0.0,0.0,-1.8392305791289119,0.0,1.0,0.0,,
2024-03-08 19:00:00,3928.2,3930.8,3885.12,3928.82,24716.5602,0.00048823,81,0.0,0.0,trending,,1060.7158158870593,0.0,0.0,,,1060.7158158870593,0.0,,trending,0.0,{},,84.0,,,,,,,1142.8790088232981,0.0,0.0,0.0,1142.8790088232981,0.0,0.0,0.0,-1.8809889370768218,0.0,1.0,0.0,,
2024-03-08 20:00:00,3928.82,3950.25,3921.8,3939.44,22349.481,0.00048823,81,0.0,0.0,trending,,1060.7158158870593,0.0,0.0,,,1060.7158158870593,0.0,,trending,0.0,{},,85.0,,,,,,,1142.8790088232981,0.0,0.0,0.0,1142.8790088232981,0.0,0.0,0.0,-2.629834878361939,0.0,1.0,0.0,,
2024-03-08 21:00:00,3939.44,3950.85,3890.0,3903.34,23770.9212,0.00048823,81,0.0,0.0,trending,,1060.7158158870593,0.0,0.0,,,1060.7158158870593,0.0,,trending,0.0,{},,86.0,,,,,,,1142.8790088232981,0.0,0.0,0.0,1142.8790088232981,0.0,0.0,0.0,0.34402171726655695,0.0,1.0,0.0,,
2024-03-08 22:00:00,3903.35,3912.37,3871.28,3876.88,20668.4167,0.00048823,81,0.0,0.0,trending,,1060.7158158870593,0.0,0.0,,,1060.7158158870593,0.0,,trending,0.0,{},,87.0,,,,,,,1142.8790088232981,0.0,0.0,0.0,1142.8790088232981,0.0,0.0,0.0,2.191322552202365,0.0,1.0,0.0,,
2024-03-08 23:00:00,3876.87,3901.02,3873.66,3883.36,11449.3483,0.00048823,81,0.0,0.0,trending,,1060.7158158870593,0.0,0.0,,,1060.7158158870593,0.0,,trending,0.0,{},,88.0,,,,,,,1142.8790088232981,0.0,0.0,0.0,1142.8790088232981,0.0,0.0,0.0,1.6545841604709182,0.0,1.0,0.0,,
2024-03-09 00:00:00,3883.37,3905.83,3877.5,3904.14,12146.868,0.00033201,84,0.0,0.0,trending,,1060.7158158870593,0.0,0.0,,,1060.7158158870593,0.0,,trending,0.0,{},,89.0,,,,,,,1142.8790088232981,0.0,0.0,0.0,1142.8790088232981,0.0,0.0,0.0,-0.014753547274403901,0.0,1.0,0.0,,
2024-03-09 01:00:00,3904.13,3909.0,3889.4,3901.99,9516.3063,0.00033201,84,0.0,0.0,trending,,1060.7158158870593,0.0,0.0,,,1060.7158158870593,0.0,,trending,0.0,{},,90.0,,,,,,,1142.8790088232981,0.0,0.0,0.0,1142.8790088232981,0.0,0.0,0.0,0.15570065983234543,0.0,1.0,0.0,,
2024-03-09 02:00:00,3902.0,3925.66,3899.32,3918.15,12324.0696,0.00033201,84,0.0,0.0,trending,,1060.7158158870593,0.0,0.0,,,1060.7158158870593,0.0,,trending,0.0,{},,91.0,,,,,,,1142.8790088232981,0.0,0.0,0.0,1142.8790088232981,0.0,0.0,0.0,-1.1441435983191242,0.0,1.0,0.0,,
2024-03-09 03:00:00,3918.14,3929.0,3911.33,3923.21,8994.2571,0.00033201,84,0.0,0.0,trending,,1060.7158158870593,0.0,0.0,,,1060.7158158870593,0.0,,trending,0.0,{},,92.0,,,,,,,1142.8790088232981,0.0,0.0,0.0,1142.8790088232981,0.0,0.0,0.0,-1.5454632366915917,0.0,1.0,0.0,,
2024-03-09 04:00:00,3923.22,3931.39,3918.28,3925.55,7488.4791,0.00033201,84,0.0,0.0,trending,,1060.7158158870593,0.0,0.0,,,1060.7158158870593,0.0,,trending,0.0,{},,93.0,,,,,,,1142.8790088232981,0.0,0.0,0.0,1142.8790088232981,0.0,0.0,0.0,-1.7390243676561228,0.0,1.0,0.0,,
2024-03-09 05:00:00,3925.55,3927.79,3912.05,3918.41,8287.7968,0.00033201,84,0.0,0.0,trending,,1060.7158158870593,0.0,0.0,,,1060.7158158870593,0.0,,trending,0.0,{},,94.0,,,,,,,1142.8790088232981,0.0,0.0,0.0,1142.8790088232981,0.0,0.0,0.0,-1.0147449173633931,0.0,1.0,0.0,,
2024-03-09 06:00:00,3918.4,3940.0,3917.51,3937.97,11177.9816,0.00033201,84,0.0,0.0,trending,,1060.7158158870593,0.0,0.0,,,1060.7158158870593,0.0,,trending,0.0,{},,95.0,,,,,,,1142.8790088232981,0.0,0.0,0.0,1142.8790088232981,0.0,0.0,0.0,-2.713848127113619,0.0,1.0,0.0,,
2024-03-09 07:00:00,3937.98,3942.0,3925.4,3925.47,9377.5759,0.00033201,84,0.0,0.0,trending,,1060.7158158870593,0.0,0.0,,,1060.7158158870593,0.0,,trending,0.0,{},,96.0,,,,,,,1142.8790088232981,0.0,0.0,0.0,1142.8790088232981,0.0,0.0,0.0,-1.3960103041152452,0.0,1.0,0.0,,
2024-03-09 08:00:00,3925.46,3936.0,3922.68,3922.89,9050.4914,0.00033201,84,0.0,0.0,trending,,1060.7158158870593,0.0,0.0,,,1060.7158158870593,0.0,,trending,0.0,{},,97.0,,,,,,,1142.8790088232981,0.0,0.0,0.0,1142.8790088232981,0.0,0.0,0.0,-1.1235937883150684,0.0,1.0,0.0,,
2024-03-09 09:00:00,3922.88,3930.6,3906.86,3919.79,11822.4003,0.0003653,84,0.0,0.0,trending,,1060.7158158870593,0.0,0.0,,,1060.7158158870593,0.0,,trending,0.0,{},,98.0,,,,,,,1142.8790088232981,0.0,0.0,0.0,1142.8790088232981,0.0,0.0,0.0,-0.7812216762684188,0.0,1.0,0.0,,
2024-03-09 10:00:00,3919.79,3920.0,3887.99,3906.86,17710.8335,0.0003653,84,0.0,0.0,trending,,1060.7158158870593,0.0,0.0,,,1060.7158158870593,0.0,,trending,0.0,{},,99.0,,,,,,,1142.8790088232981,0.0,0.0,0.0,1142.8790088232981,0.0,0.0,0.0,0.629050682595937,0.0,1.0,0.0,,
2024-03-09 11:00:00,3906.85,3917.81,3904.44,3912.49,9265.9986,0.0003653,84,0.0,0.0,trending,,1060.7158158870593,0.0,0.0,,,1060.7158158870593,0.0,,trending,0.0,{},,100.0,,,,,,,1142.8790088232981,0.0,0.0,0.0,1142.8790088232981,0.0,0.0,0.0,-0.007160007815340919,0.0,1.0,0.0,,
2024-03-09 12:00:00,3912.5,3919.73,3901.62,3917.91,10457.9496,0.0003653,84,0.0,0.0,trending,,1060.7158158870593,0.0,0.0,,,1060.7158158870593,0.0,,trending,0.0,{},,101.0,,,,,,,1142.8790088232981,0.0,0.0,0.0,1142.8790088232981,0.0,0.0,0.0,-0.6266053891794258,0.0,1.0,0.0,,
2024-03-09 13:00:00,3917.9,3927.05,3910.37,3916.42,11783.0705,0.0003653,84,0.0,0.0,trending,,1060.7158158870593,0.0,0.0,,,1060.7158158870593,0.0,,trending,0.0,{},,102.0,,,,,,,1142.8790088232981,0.0,0.0,0.0,1142.8790088232981,0.0,0.0,0.0,-0.43911981223541546,0.0,1.0,0.0,,
2024-03-09 14:00:00,3916.42,3924.64,3907.31,3909.06,10481.5451,0.0003653,84,0.0,0.0,trending,,1060.7158158870593,0.0,0.0,,,1060.7158158870593,0.0,,trending,0.0,{},,103.0,,,,,,,1142.8790088232981,0.0,0.0,0.0,1142.8790088232981,0.0,0.0,0.0,0.50355960916105,0.0,1.0,0.0,,
2024-03-09 15:00:00,3909.07,3921.57,3905.82,3916.66,7485.9974,0.0003653,84,0.0,0.0,trending,,1060.7158158870593,0.0,0.0,,,1060.7158158870593,0.0,,trending,0.0,{},,104.0,,,,,,,1142.8790088232981,0.0,0.0,0.0,1142.8790088232981,0.0,0.0,0.0,-0.4967471947501338,0.0,1.0,0.0,,
2024-03-09 16:00:00,3916.66,3920.22,3874.08,3884.44,23365.7022,0.00035498,84,0.0,0.0,trending,,1060.7158158870593,0.0,0.0,,,1060.7158158870593,0.0,,trending,0.0,{},,105.0,,,,,,,1142.8790088232981,0.0,0.0,0.0,1142.8790088232981,0.0,0.0,0.0,3.2370473259901704,0.0,1.0,0.0,,
2024-03-09 17:00:00,3884.45,3894.11,3870.01,3883.07,15212.6997,0.00035498,84,0.0,0.0,trending,,1060.7158158870593,0.0,0.0,,,1060.7158158870593,0.0,,trending,0.0,{},,106.0,,,,,,,1142.8790088232981,0.0,0.0,0.0,1142.8790088232981,0.0,0.0,0.0,3.375705916341272,0.0,1.0,0.0,,
2024-03-09 18:00:00,3883.07,3893.4,3878.41,3889.37,10265.3587,0.00035498,84,0.0,0.0,trending,,1060.7158158870593,0.0,0.0,,,1060.7158158870593,0.0,,trending,0.0,{},,107.0,,,,,,,1142.8790088232981,0.0,0.0,0.0,1142.8790088232981,0.0,0.0,0.0,2.4557652560026555,0.0,1.0,0.0,,
2024-03-09 19:00:00,3889.36,3891.76,3878.02,3881.18,8609.6765,0.00035498,84,0.0,0.0,trending,,1060.7158158870593,0.0,0.0,,,1060.7158158870593,0.0,,trending,0.0,{},,108.0,,,,,,,1142.8790088232981,0.0,0.0,0.0,1142.8790088232981,0.0,0.0,0.0,3.3718902511776694,0.0,1.0,0.0,,
2024-03-09 20:00:00,3881.18,3900.75,3881.17,3900.68,6824.2445,0.00035498,84,0.0,0.0,trending,,1060.7158158870593,0.0,0.0,,,1060.7158158870593,0.0,,trending,0.0,{},,109.0,,,,,,,1142.8790088232981,0.0,0.0,0.0,1142.8790088232981,0.0,0.0,0.0,0.6120069571936398,0.0,1.0,0.0,,
2024-03-09 21:00:00,3900.67,3907.64,3892.1,3904.2,6027.4699,0.00035498,84,0.0,0.0,trending,,1060.7158158870593,0.0,0.0,,,1060.7158158870593,0.0,,trending,0.0,{},,110.0,,,,,,,1142.8790088232981,0.0,0.0,0.0,1142.8790088232981,0.0,0.0,0.0,0.1494738815982629,0.0,1.0,0.0,,
2024-03-09 22:00:00,3904.19,3912.0,3896.32,3901.08,6912.3952,0.00035498,84,0.0,0.0,trending,,1060.7158158870593,0.0,0.0,,,1060.7158158870593,0.0,,trending,0.0,{},,111.0,,,,,,,1142.8790088232981,0.0,0.0,0.0,1142.8790088232981,0.0,0.0,0.0,0.5657542346962032,0.0,1.0,0.0,,
2024-03-09 23:00:00,3901.07,3912.68,3898.0,3905.21,10249.9711,0.00035498,84,0.0,0.0,trending,,1060.7158158870593,0.0,0.0,,,1060.7158158870593,0.0,,trending,0.0,{},,112.0,,,,,,,1142.8790088232981,0.0,0.0,0.0,1142.8790088232981,0.0,0.0,0.0,-0.03123083672747953,0.0,1.0,0.0,,
2024-03-10 00:00:00,3905.2,3917.19,3899.51,3908.65,12456.7956,0.00034688,79,0.0,0.0,trending,,1060.7158158870593,0.0,0.0,,,1060.7158158870593,0.0,,trending,0.0,{},,113.0,,,,,,,1142.8790088232981,0.0,0.0,0.0,1142.8790088232981,0.0,0.0,0.0,-0.5379847592674566,0.0,1.0,0.0,,
2024-03-10 01:00:00,3908.66,3940.1,3907.68,3929.47,21797.8115,0.00034688,79,0.0,0.0,trending,,1060.7158158870593,0.0,0.0,,,1060.7158158870593,0.0,,trending,0.0,{},,114.0,,,,,,,1142.8790088232981,0.0,0.0,0.0,1142.8790088232981,0.0,0.0,0.0,-3.3002119030284778,0.0,1.0,0.0,,
2024-03-10 02:00:00,3929.48,3938.64,3921.0,3921.68,8196.5631,0.00034688,79,0.0,0.0,trending,,1060.7158158870593,0.0,0.0,,,1060.7158158870593,0.0,,trending,0.0,{},,115.0,,,,,,,1142.8790088232981,0.0,0.0,0.0,1142.8790088232981,0.0,0.0,0.0,-2.0397678339006093,0.0,1.0,0.0,,
2024-03-10 03:00:00,3921.68,3937.87,3910.96,3935.0,9466.8586,0.00034688,79,0.0,0.0,trending,,1060.7158158870593,0.0,0.0,,,1060.7158158870593,0.0,,trending,0.0,{},,116.0,,,,,,,1142.8790088232981,0.0,0.0,0.0,1142.8790088232981,0.0,0.0,0.0,-3.666778378572383,0.0,1.0,0.0,,
2024-03-10 04:00:00,3935.01,3950.0,3931.89,3940.65,16796.538,0.00034688,79,0.0,0.0,trending,,1060.7158158870593,0.0,0.0,,,1060.7158158870593,0.0,,trending,0.0,{},,117.0,,,,,,,1142.8790088232981,0.0,0.0,0.0,1142.8790088232981,0.0,0.0,0.0,-4.3158262562421585,0.0,1.0,0.0,,
2024-03-10 05:00:00,3940.65,3948.65,3934.0,3938.84,7668.5941,0.00034688,79,0.0,0.0,trending,,1060.7158158870593,0.0,0.0,,,1060.7158158870593,0.0,,trending,0.0,{},,118.0,,,,,,,1142.8790088232981,0.0,0.0,0.0,1142.8790088232981,0.0,0.0,0.0,-3.986977341694916,0.0,1.0,0.0,,
2024-03-10 06:00:00,3938.83,3947.81,3929.79,3942.99,6300.1737,0.00034688,79,0.0,0.0,trending,,1060.7158158870593,0.0,0.0,,,1060.7158158870593,0.0,,trending,0.0,{},,119.0,,,,,,,1142.8790088232981,0.0,0.0,0.0,1142.8790088232981,0.0,0.0,0.0,-4.504406255910143,0.0,1.0,0.0,,
2024-03-10 07:00:00,3943.0,3949.46,3937.99,3944.82,7939.4404,0.00034688,79,0.0,0.0,trending,,1060.7158158870593,0.0,0.0,,,1060.7158158870593,0.0,,trending,0.0,{},,120.0,,,,,,,1142.8790088232981,0.0,0.0,0.0,1142.8790088232981,0.0,0.0,0.0,-4.738606142905877,0.0,1.0,0.0,,
2024-03-10 08:00:00,3944.81,3964.67,3940.0,3959.16,10587.139,0.00049375,79,0.0,0.0,trending,,1060.7158158870593,0.0,0.0,,,1060.7158158870593,0.0,,trending,0.0,{},,121.0,,,,,,,1142.8790088232981,0.0,0.0,0.0,1142.8790088232981,0.0,0.0,0.0,-6.464837508094281,0.0,1.0,0.0,,
2024-03-10 09:00:00,3959.15,3959.2,3920.02,3945.57,24532.6453,0.00049375,79,0.0,0.0,trending,,1060.7158158870593,0.0,0.0,,,1060.7158158870593,0.0,,trending,0.0,{},,122.0,,,,,,,1142.8790088232981,0.0,0.0,0.0,1142.8790088232981,0.0,0.0,0.0,-3.725884398074072,0.0,1.0,0.0,,
2024-03-10 10:00:00,3945.56,3955.88,3932.02,3938.27,14283.2479,0.00049375,79,0.0,0.0,trending,,1060.7158158870593,0.0,0.0,,,1060.7158158870593,0.0,,trending,0.0,{},,123.0,,,,,,,1142.8790088232981,0.0,0.0,0.0,1142.8790088232981,0.0,0.0,0.0,-2.385661694408856,0.0,1.0,0.0,,
2024-03-10 11:00:00,3938.26,3943.68,3926.47,3932.72,11054.1241,0.00049375,79,0.0,0.0,trending,,1060.7158158870593,0.0,0.0,,,1060.7158158870593,0.0,,trending,0.0,{},,124.0,,,,,,,1142.8790088232981,0.0,0.0,0.0,1142.8790088232981,0.0,0.0,0.0,-1.396113336108735,0.0,1.0,0.0,,
2024-03-10 12:00:00,3932.72,3947.18,3911.98,3927.46,16530.3808,0.00049375,79,0.0,0.0,trending,,1060.7158158870593,0.0,0.0,,,1060.7158158870593,0.0,,trending,0.0,{},,125.0,,,,,,,1142.8790088232981,0.0,0.0,0.0,1142.8790088232981,0.0,0.0,0.0,-0.4724124686312621,0.0,1.0,0.0,,
2024-03-10 13:00:00,3927.46,3931.4,3886.32,3898.59,19695.5584,0.00049375,79,0.0,0.0,trending,,1060.7158158870593,0.0,0.0,,,1060.7158158870593,0.0,,trending,0.0,{},,126.0,,,,,,,1142.8790088232981,0.0,0.0,0.0,1142.8790088232981,0.0,0.0,0.0,3.6895337887438644,0.0,1.0,0.0,,
2024-03-10 14:00:00,3898.59,3911.57,3860.65,3896.83,30676.6761,0.00049375,79,0.0,0.0,trending,,1060.7158158870593,0.0,0.0,,,1060.7158158870593,0.0,,trending,0.0,{},,127.0,,,,,,,1142.8790088232981,0.0,0.0,0.0,1142.8790088232981,0.0,0.0,0.0,3.9043544350783694,0.0,1.0,0.0,,
2024-03-10 15:00:00,3896.84,3903.23,3874.35,3883.69,18573.0726,0.00049375,79,0.0,0.0,trending,,1060.7158158870593,0.0,0.0,,,1060.7158158870593,0.0,,trending,0.0,{},,128.0,,,,,,,1142.8790088232981,0.0,0.0,0.0,1142.8790088232981,0.0,0.0,0.0,5.445642452511294,0.0,1.0,0.0,,
2024-03-10 16:00:00,3883.7,3927.05,3882.06,3904.55,21063.8407,0.00029818,79,0.0,0.0,trending,,1060.7158158870593,0.0,0.0,,,1060.7158158870593,0.0,,trending,0.0,{},,129.0,,,,,,,1142.8790088232981,0.0,0.0,0.0,1142.8790088232981,0.0,0.0,0.0,1.8659543644059313,0.0,1.0,0.0,,
2024-03-10 17:00:00,3904.55,3916.24,3900.0,3912.04,9443.7904,0.00029818,79,0.0,0.0,trending,,1060.7158158870593,0.0,0.0,,,1060.7158158870593,0.0,,trending,0.0,{},,130.0,,,,,,,1142.8790088232981,0.0,0.0,0.0,1142.8790088232981,0.0,0.0,0.0,0.7378419436867063,0.0,1.0,0.0,,
2024-03-10 18:00:00,3912.03,3918.0,3893.12,3893.31,10110.7013,0.00029818,79,0.0,0.0,trending,,1060.7158158870593,0.0,0.0,,,1060.7158158870593,0.0,,trending,0.0,{},,131.0,,,,,,,1142.8790088232981,0.0,0.0,0.0,1142.8790088232981,0.0,0.0,0.0,3.0876195574486847,0.0,1.0,0.0,,
2024-03-10 19:00:00,3893.31,3902.13,3888.85,3898.0,7832.2913,0.00029818,79,0.0,0.0,trending,,1060.7158158870593,0.0,0.0,,,1060.7158158870593,0.0,,trending,0.0,{},,132.0,,,,,,,1142.8790088232981,0.0,0.0,0.0,1142.8790088232981,0.0,0.0,0.0,2.3523268035927773,0.0,1.0,0.0,,
2024-03-10 20:00:00,3898.01,3903.89,3892.21,3900.37,5745.0508,0.00029818,79,0.0,0.0,trending,,1060.7158158870593,0.0,0.0,,,1060.7158158870593,0.0,,trending,0.0,{},,133.0,,,,,,,1142.8790088232981,0.0,0.0,0.0,1142.8790088232981,0.0,0.0,0.0,1.971522093399051,0.0,1.0,0.0,,
2024-03-10 21:00:00,3900.36,3903.4,3875.0,3880.55,7156.3193,0.00029818,79,0.0,0.0,trending,,1060.7158158870593,0.0,0.0,,,1060.7158158870593,0.0,,trending,0.0,{},,134.0,,,,,,,1142.8790088232981,0.0,0.0,0.0,1142.8790088232981,0.0,0.0,0.0,4.369722360590217,0.0,1.0,0.0,,
2024-03-10 22:00:00,3880.54,3882.17,3791.26,3823.7,39770.8415,0.00029818,79,8.921796406857538,0.0,trending,,1060.7158158870593,0.0,0.8921796406857538,True,True,1059.7694668315717,0.892083359656348,,trending,8.921796406857538,{},,135.0,ETHUSDT,2024-03-10 22:00:00,ETHUSDT,3823.7,0.24749563393776,LONG,1142.8790088232981,0.0,0.0,0.0,1142.8790088232981,0.0,0.0,0.0,8.921796406857538,8.921796406857538,1.0,8.921796406857538,True,True
2024-03-10 23:00:00,3823.71,3884.05,3819.48,3878.47,18986.2255,0.00029818,79,0.0,0.0,trending,,1073.311247366472,0.8934449250579809,-0.8934449250579809,True,True,1072.3523028795048,0.0,,trending,-8.921796406857538,{},,136.0,ETHUSDT,2024-03-10 23:00:00,ETHUSDT,3878.47,0.24724813830382225,CLOSE,1142.8790088232981,0.0,0.0,0.0,1142.8790088232981,0.0,0.0,0.0,2.2105972866020553,0.0,1.0,0.0,True,True
2024-03-11 00:00:00,3878.47,3888.38,3722.95,3827.6,38301.0552,0.00029368,82,0.0,0.0,trending,,1072.3523028795048,0.0,0.0,,,1072.3523028795048,0.0,,trending,0.0,{},,137.0,,,,,,,1142.8790088232981,0.0,0.0,0.0,1142.8790088232981,0.0,0.0,0.0,5.561747778694041,0.0,1.0,0.0,,
2024-03-11 01:00:00,3827.59,3840.5,3778.21,3818.44,31625.1389,0.00029368,82,0.0,0.0,trending,,1072.3523028795048,0.0,0.0,,,1072.3523028795048,0.0,,trending,0.0,{},,138.0,,,,,,,1142.8790088232981,0.0,0.0,0.0,1142.8790088232981,0.0,0.0,0.0,6.070586151843327,0.0,1.0,0.0,,
2024-03-11 02:00:00,3818.43,3843.6,3814.41,3835.21,19608.4072,0.00029368,82,0.0,0.0,trending,,1072.3523028795048,0.0,0.0,,,1072.3523028795048,0.0,,trending,0.0,{},,139.0,,,,,,,1142.8790088232981,0.0,0.0,0.0,1142.8790088232981,0.0,0.0,0.0,4.376768393976301,0.0,1.0,0.0,,
2024-03-11 03:00:00,3835.21,3867.6,3833.8,3866.93,15126.2445,0.00029368,82,0.0,0.0,trending,,1072.3523028795048,0.0,0.0,,,1072.3523028795048,0.0,,trending,0.0,{},,140.0,,,,,,,1142.8790088232981,0.0,0.0,0.0,1142.8790088232981,0.0,0.0,0.0,1.5277268854252157,0.0,1.0,0.0,,
2024-03-11 04:00:00,3866.92,3878.17,3852.18,3856.67,11920.7105,0.00029368,82,0.0,0.0,trending,,1072.3523028795048,0.0,0.0,,,1072.3523028795048,0.0,,trending,0.0,{},,141.0,,,,,,,1142.8790088232981,0.0,0.0,0.0,1142.8790088232981,0.0,0.0,0.0,2.250353828723314,0.0,1.0,0.0,,
2024-03-11 05:00:00,3856.67,3879.17,3842.38,3847.98,13776.1574,0.00029368,82,0.0,0.0,trending,,1072.3523028795048,0.0,0.0,,,1072.3523028795048,0.0,,trending,0.0,{},,142.0,,,,,,,1142.8790088232981,0.0,0.0,0.0,1142.8790088232981,0.0,0.0,0.0,2.861866269116067,0.0,1.0,0.0,,
2024-03-11 06:00:00,3847.98,3884.91,3834.22,3884.91,14197.2532,0.00029368,82,0.0,0.0,trending,,1072.3523028795048,0.0,0.0,,,1072.3523028795048,0.0,,trending,0.0,{},,143.0,,,,,,,1142.8790088232981,0.0,0.0,0.0,1142.8790088232981,0.0,0.0,0.0,-0.25192559195774894,0.0,1.0,0.0,,
2024-03-11 07:00:00,3884.91,4011.79,3881.01,4001.4,118847.2233,0.00029368,82,0.0,0.0,trending,,1072.3523028795048,0.0,0.0,,,1072.3523028795048,0.0,,trending,0.0,{},,144.0,,,,,,,1142.8790088232981,0.0,0.0,0.0,1142.8790088232981,0.0,0.0,0.0,-6.4986226647297265,0.0,1.0,0.0,,
2024-03-11 08:00:00,4001.4,4019.64,3986.86,4015.79,43809.6989,0.00067235,82,0.0,0.0,trending,,1072.3523028795048,0.0,0.0,,,1072.3523028795048,0.0,,trending,0.0,{},,145.0,,,,,,,1142.8790088232981,0.0,0.0,0.0,1142.8790088232981,0.0,0.0,0.0,-7.043833236284707,0.0,1.0,0.0,,
2024-03-11 09:00:00,4015.79,4047.81,3990.0,4037.01,36217.5341,0.00067235,82,0.0,0.0,trending,,1072.3523028795048,0.0,0.0,,,1072.3523028795048,0.0,,trending,0.0,{},,146.0,,,,,,,1142.8790088232981,0.0,0.0,0.0,1142.8790088232981,0.0,0.0,0.0,-7.8246199090896145,0.0,1.0,0.0,,
2024-03-11 10:00:00,4037.01,4038.48,4022.13,4026.36,41510.3048,0.00067235,82,0.0,0.0,trending,,1072.3523028795048,0.0,0.0,,,1072.3523028795048,0.0,,trending,0.0,{},,147.0,,,,,,,1142.8790088232981,0.0,0.0,0.0,1142.8790088232981,0.0,0.0,0.0,-6.946906838480181,0.0,1.0,0.0,,
2024-03-11 11:00:00,4026.36,4054.6,4020.02,4034.25,45250.348,0.00067235,82,0.0,0.0,trending,,1072.3523028795048,0.0,0.0,,,1072.3523028795048,0.0,,trending,0.0,{},,148.0,,,,,,,1142.8790088232981,0.0,0.0,0.0,1142.8790088232981,0.0,0.0,0.0,-7.2673519703078,0.0,1.0,0.0,,
2024-03-11 12:00:00,4034.25,4065.8,4028.0,4054.99,33872.1535,0.00067235,82,-8.09471921549398,0.0,trending,,1072.3523028795048,0.0,-0.809471921549398,True,True,1071.4842638003151,-0.8101276971731289,,trending,-8.09471921549398,{},,149.0,ETHUSDT,2024-03-11 12:00:00,ETHUSDT,4054.99,0.21406688529189832,SHORT,1142.8790088232981,0.0,0.0,0.0,1142.8790088232981,0.0,0.0,0.0,-8.09471921549398,-8.09471921549398,1.0,-8.09471921549398,True,True
2024-03-11 13:00:00,4054.89,4062.37,4017.0,4022.66,39312.0289,0.00067235,82,0.0,0.0,trending,,1078.4050462018022,-0.7985110045814515,0.7985110045814515,True,True,1077.5430659247368,0.0,,trending,8.09471921549398,{},,150.0,ETHUSDT,2024-03-11 13:00:00,ETHUSDT,4022.66,-0.21406688529189832,CLOSE,1142.8790088232981,0.0,0.0,0.0,1142.8790088232981,0.0,0.0,0.0,-5.331454613715974,0.0,1.0,0.0,True,True
2024-03-11 14:00:00,4022.66,4049.0,4022.55,4034.26,19508.6236,0.00067235,82,0.0,0.0,trending,,1077.5430659247368,0.0,0.0,,,1077.5430659247368,0.0,,trending,0.0,{},,151.0,,,,,,,1142.8790088232981,0.0,0.0,0.0,1142.8790088232981,0.0,0.0,0.0,-5.868520530150363,0.0,1.0,0.0,,
2024-03-11 15:00:00,4034.26,4053.12,4017.57,4018.0,36101.6743,0.00067235,82,0.0,0.0,trending,,1077.5430659247368,0.0,0.0,,,1077.5430659247368,0.0,,trending,0.0,{},,152.0,,,,,,,1142.8790088232981,0.0,0.0,0.0,1142.8790088232981,0.0,0.0,0.0,-4.513671980196597,0.0,1.0,0.0,,
2024-03-11 16:00:00,4018.01,4046.0,3998.92,4040.2,39058.5159,0.00064296,82,0.0,0.0,trending,,1077.5430659247368,0.0,0.0,,,1077.5430659247368,0.0,,trending,0.0,{},,153.0,,,,,,,1142.8790088232981,0.0,0.0,0.0,1142.8790088232981,0.0,0.0,0.0,-5.620964711293027,0.0,1.0,0.0,,
2024-03-11 17:00:00,4040.2,4050.52,4030.05,4038.66,20106.9982,0.00064296,82,0.0,0.0,trending,,1077.5430659247368,0.0,0.0,,,1077.5430659247368,0.0,,trending,0.0,{},,154.0,,,,,,,1142.8790088232981,0.0,0.0,0.0,1142.8790088232981,0.0,0.0,0.0,-5.48483899154017,0.0,1.0,0.0,,
2024-03-11 18:00:00,4038.66,4086.23,4034.08,4058.43,28047.5239,0.00064296,82,0.0,0.0,trending,,1077.5430659247368,0.0,0.0,,,1077.5430659247368,0.0,,trending,0.0,{},,155.0,,,,,,,1142.8790088232981,0.0,0.0,0.0,1142.8790088232981,0.0,0.0,0.0,-6.478097790965467,0.0,1.0,0.0,,
2024-03-11 19:00:00,4058.44,4062.59,4029.77,4031.71,20700.526,0.00064296,82,0.0,0.0,trending,,1077.5430659247368,0.0,0.0,,,1077.5430659247368,0.0,,trending,0.0,{},,156.0,,,,,,,1142.8790088232981,0.0,0.0,0.0,1142.8790088232981,0.0,0.0,0.0,-4.07977456187671,0.0,1.0,0.0,,
2024-03-11 20:00:00,4031.7,4038.0,4027.92,4031.71,8798.0509,0.00064296,82,0.0,0.0,trending,,1077.5430659247368,0.0,0.0,,,1077.5430659247368,0.0,,trending,0.0,{},,157.0,,,,,,,1142.8790088232981,0.0,0.0,0.0,1142.8790088232981,0.0,0.0,0.0,-4.079776561465451,0.0,1.0,0.0,,
2024-03-11 21:00:00,4031.71,4058.6,4029.61,4054.65,12600.6052,0.00064296,82,0.0,0.0,trending,,1077.5430659247368,0.0,0.0,,,1077.5430659247368,0.0,,trending,0.0,{},,158.0,,,,,,,1142.8790088232981,0.0,0.0,0.0,1142.8790088232981,0.0,0.0,0.0,-5.396803827446985,0.0,1.0,0.0,,
2024-03-11 22:00:00,4054.66,4069.4,4045.01,4067.79,15864.721,0.00064296,82,0.0,0.0,trending,,1077.5430659247368,0.0,0.0,,,1077.5430659247368,0.0,,trending,0.0,{},,159.0,,,,,,,1142.8790088232981,0.0,0.0,0.0,1142.8790088232981,0.0,0.0,0.0,-6.10584136290654,0.0,1.0,0.0,,
2024-03-11 23:00:00,4067.79,4082.0,4062.6,4064.8,17393.0165,0.00064296,82,0.0,0.0,trending,,1077.5430659247368,0.0,0.0,,,1077.5430659247368,0.0,,trending,0.0,{},,160.0,,,,,,,1142.8790088232981,0.0,0.0,0.0,1142.8790088232981,0.0,0.0,0.0,-5.798881423149294,0.0,1.0,0.0,,
2024-03-12 00:00:00,4064.8,4093.92,4054.25,4057.72,35478.2778,0.00068106,81,0.0,0.0,trending,,1077.5430659247368,0.0,0.0,,,1077.5430659247368,0.0,,trending,0.0,{},,161.0,,,,,,,1142.8790088232981,0.0,0.0,0.0,1142.8790088232981,0.0,0.0,0.0,-5.047848881355927,0.0,1.0,0.0,,
2024-03-12 01:00:00,4057.72,4069.44,4049.12,4061.84,13800.708,0.00068106,81,0.0,0.0,trending,,1077.5430659247368,0.0,0.0,,,1077.5430659247368,0.0,,trending,0.0,{},,162.0,,,,,,,1142.8790088232981,0.0,0.0,0.0,1142.8790088232981,0.0,0.0,0.0,-5.315733845396824,0.0,1.0,0.0,,
2024-03-12 02:00:00,4061.85,4061.85,4048.6,4052.21,8204.0936,0.00068106,81,0.0,0.0,trending,,1077.5430659247368,0.0,0.0,,,1077.5430659247368,0.0,,trending,0.0,{},,163.0,,,,,,,1142.8790088232981,0.0,0.0,0.0,1142.8790088232981,0.0,0.0,0.0,-4.2232880030970765,0.0,1.0,0.0,,
2024-03-12 03:00:00,4052.21,4059.63,4021.19,4028.69,24872.2049,0.00068106,81,0.0,0.0,trending,,1077.5430659247368,0.0,0.0,,,1077.5430659247368,0.0,,trending,0.0,{},,164.0,,,,,,,1142.8790088232981,0.0,0.0,0.0,1142.8790088232981,0.0,0.0,0.0,-1.7541456416875378,0.0,1.0,0.0,,
2024-03-12 04:00:00,4028.69,4052.4,4022.74,4036.7,15955.8827,0.00068106,81,0.0,0.0,trending,,1077.5430659247368,0.0,0.0,,,1077.5430659247368,0.0,,trending,0.0,{},,165.0,,,,,,,1142.8790088232981,0.0,0.0,0.0,1142.8790088232981,0.0,0.0,0.0,-2.4116568295162555,0.0,1.0,0.0,,
2024-03-12 05:00:00,4036.7,4043.18,4033.11,4040.01,9000.8901,0.00068106,81,0.0,0.0,trending,,1077.5430659247368,0.0,0.0,,,1077.5430659247368,0.0,,trending,0.0,{},,166.0,,,,,,,1142.8790088232981,0.0,0.0,0.0,1142.8790088232981,0.0,0.0,0.0,-2.6892880756049067,0.0,1.0,0.0,,
2024-03-12 06:00:00,4040.01,4040.01,4000.02,4030.38,23229.2112,0.00068106,81,0.0,0.0,trending,,1077.5430659247368,0.0,0.0,,,1077.5430659247368,0.0,,trending,0.0,{},,167.0,,,,,,,1142.8790088232981,0.0,0.0,0.0,1142.8790088232981,0.0,0.0,0.0,-1.6200648533326245,0.0,1.0,0.0,,
2024-03-12 07:00:00,4030.38,4032.61,4015.64,4027.13,13833.7113,0.00068106,81,0.0,0.0,trending,,1077.5430659247368,0.0,0.0,,,1077.5430659247368,0.0,,trending,0.0,{},,168.0,,,,,,,1142.8790088232981,0.0,0.0,0.0,1142.8790088232981,0.0,0.0,0.0,-1.2560112296803738,0.0,1.0,0.0,,
2024-03-12 08:00:00,4027.13,4034.0,3965.0,3985.4,32957.0013,0.00037542,81,0.0,0.0,trending,,1077.5430659247368,0.0,0.0,,,1077.5430659247368,0.0,,trending,0.0,{},,169.0,,,,,,,1142.8790088232981,0.0,0.0,0.0,1142.8790088232981,0.0,0.0,0.0,2.7585285303520495,0.0,1.0,0.0,,
2024-03-12 09:00:00,3985.39,4012.03,3984.0,4009.09,14341.8509,0.00037542,81,0.0,0.0,trending,,1077.5430659247368,0.0,0.0,,,1077.5430659247368,0.0,,trending,0.0,{},,170.0,,,,,,,1142.8790088232981,0.0,0.0,0.0,1142.8790088232981,0.0,0.0,0.0,0.4027063247869109,0.0,1.0,0.0,,
2024-03-12 10:00:00,4009.09,4011.3,3992.7,4007.52,10912.2356,0.00037542,81,0.0,0.0,trending,,1077.5430659247368,0.0,0.0,,,1077.5430659247368,0.0,,trending,0.0,{},,171.0,,,,,,,1142.8790088232981,0.0,0.0,0.0,1142.8790088232981,0.0,0.0,0.0,0.546420317859753,0.0,1.0,0.0,,
2024-03-12 11:00:00,4007.53,4065.0,4005.43,4020.83,25631.3058,0.00037542,81,0.0,0.0,trending,,1077.5430659247368,0.0,0.0,,,1077.5430659247368,0.0,,trending,0.0,{},,172.0,,,,,,,1142.8790088232981,0.0,0.0,0.0,1142.8790088232981,0.0,0.0,0.0,-0.7429352972496389,0.0,1.0,0.0,,
2024-03-12 12:00:00,4020.84,4049.81,3977.16,4022.14,40688.3432,0.00037542,81,0.0,0.0,trending,,1077.5430659247368,0.0,0.0,,,1077.5430659247368,0.0,,trending,0.0,{},,173.0,,,,,,,1142.8790088232981,0.0,0.0,0.0,1142.8790088232981,0.0,0.0,0.0,-0.8701744026700425,0.0,1.0,0.0,,
2024-03-12 13:00:00,4022.14,4037.52,3999.0,4024.59,23341.347,0.00037542,81,0.0,0.0,trending,,1077.5430659247368,0.0,0.0,,,1077.5430659247368,0.0,,trending,0.0,{},,174.0,,,,,,,1142.8790088232981,0.0,0.0,0.0,1142.8790088232981,0.0,0.0,0.0,-1.1214197458183464,0.0,1.0,0.0,,
2024-03-12 14:00:00,4024.6,4053.8,3978.94,3979.81,52364.3476,0.00037542,81,0.0,0.0,trending,,1077.5430659247368,0.0,0.0,,,1077.5430659247368,0.0,,trending,0.0,{},,175.0,,,,,,,1142.8790088232981,0.0,0.0,0.0,1142.8790088232981,0.0,0.0,0.0,3.217135143146189,0.0,1.0,0.0,,
2024-03-12 15:00:00,3979.81,4005.85,3950.0,3988.46,30582.1813,0.00037542,81,0.0,0.0,trending,,1077.5430659247368,0.0,0.0,,,1077.5430659247368,0.0,,trending,0.0,{},,176.0,,,,,,,1142.8790088232981,0.0,0.0,0.0,1142.8790088232981,0.0,0.0,0.0,2.2657005714623724,0.0,1.0,0.0,,
2024-03-12 16:00:00,3988.46,3991.62,3900.0,3921.81,48241.1825,0.00048306,81,0.0,0.0,trending,,1077.5430659247368,0.0,0.0,,,1077.5430659247368,0.0,,trending,0.0,{},,177.0,,,,,,,1142.8790088232981,0.0,0.0,0.0,1142.8790088232981,0.0,0.0,0.0,6.7658862110451885,0.0,1.0,0.0,,
2024-03-12 17:00:00,3921.81,3950.64,3828.98,3950.56,76502.592,0.00048306,81,0.0,0.0,trending,,1077.5430659247368,0.0,0.0,,,1077.5430659247368,0.0,,trending,0.0,{},,178.0,,,,,,,1142.8790088232981,0.0,0.0,0.0,1142.8790088232981,0.0,0.0,0.0,3.9434402378121405,0.0,1.0,0.0,,
2024-03-12 18:00:00,3950.56,3973.46,3932.22,3970.36,34755.2791,0.00048306,81,0.0,0.0,trending,,1077.5430659247368,0.0,0.0,,,1077.5430659247368,0.0,,trending,0.0,{},,179.0,,,,,,,1142.8790088232981,0.0,0.0,0.0,1142.8790088232981,0.0,0.0,0.0,2.2066850399869398,0.0,1.0,0.0,,
2024-03-12 19:00:00,3970.37,3991.0,3956.46,3980.23,39521.7182,0.00048306,81,0.0,0.0,trending,,1077.5430659247368,0.0,0.0,,,1077.5430659247368,0.0,,trending,0.0,{},,180.0,,,,,,,1142.8790088232981,0.0,0.0,0.0,1142.8790088232981,0.0,0.0,0.0,1.3743647836156982,0.0,1.0,0.0,,
2024-03-12 20:00:00,3980.23,3980.56,3927.18,3949.11,16231.176,0.00048306,81,0.0,0.0,trending,,1077.5430659247368,0.0,0.0,,,1077.5430659247368,0.0,,trending,0.0,{},,181.0,,,,,,,1142.8790088232981,0.0,0.0,0.0,1142.8790088232981,0.0,0.0,0.0,3.4771512891887597,0.0,1.0,0.0,,
2024-03-12 21:00:00,3949.12,3952.94,3930.0,3940.86,9671.3737,0.00048306,81,0.0,0.0,trending,,1077.5430659247368,0.0,0.0,,,1077.5430659247368,0.0,,trending,0.0,{},,182.0,,,,,,,1142.8790088232981,0.0,0.0,0.0,1142.8790088232981,0.0,0.0,0.0,3.9930802239520378,0.0,1.0,0.0,,
2024-03-12 22:00:00,3940.87,3957.8,3933.81,3949.79,15801.7671,0.00048306,81,0.0,0.0,trending,,1077.5430659247368,0.0,0.0,,,1077.5430659247368,0.0,,trending,0.0,{},,183.0,,,,,,,1142.8790088232981,0.0,0.0,0.0,1142.8790088232981,0.0,0.0,0.0,3.150427810105558,0.0,1.0,0.0,,
2024-03-12 23:00:00,3949.79,3980.54,3939.95,3979.96,16868.7132,0.00048306,81,0.0,0.0,trending,,1077.5430659247368,0.0,0.0,,,1077.5430659247368,0.0,,trending,0.0,{},,184.0,,,,,,,1142.8790088232981,0.0,0.0,0.0,1142.8790088232981,0.0,0.0,0.0,0.5274185997327522,0.0,1.0,0.0,,
2024-03-13 00:00:00,3979.97,3999.77,3973.53,3977.43,14178.5563,0.00046983,81,0.0,0.0,trending,,1077.5430659247368,0.0,0.0,,,1077.5430659247368,0.0,,trending,0.0,{},,185.0,,,,,,,1142.8790088232981,0.0,0.0,0.0,1142.8790088232981,0.0,0.0,0.0,0.7246533144412468,0.0,1.0,0.0,,
2024-03-13 01:00:00,3977.43,4029.69,3975.4,4021.4,23571.6463,0.00046983,81,0.0,0.0,trending,,1077.5430659247368,0.0,0.0,,,1077.5430659247368,0.0,,trending,0.0,{},,186.0,,,,,,,1142.8790088232981,0.0,0.0,0.0,1142.8790088232981,0.0,0.0,0.0,-2.578051152239337,0.0,1.0,0.0,,
2024-03-13 02:00:00,4021.4,4037.0,4012.84,4032.61,14597.2493,0.00046983,81,0.0,0.0,trending,,1077.5430659247368,0.0,0.0,,,1077.5430659247368,0.0,,trending,0.0,{},,187.0,,,,,,,1142.8790088232981,0.0,0.0,0.0,1142.8790088232981,0.0,0.0,0.0,-3.308366253165028,0.0,1.0,0.0,,
2024-03-13 03:00:00,4032.61,4045.86,4025.1,4043.78,12627.5129,0.00046983,81,0.0,0.0,trending,,1077.5430659247368,0.0,0.0,,,1077.5430659247368,0.0,,trending,0.0,{},,188.0,,,,,,,1142.8790088232981,0.0,0.0,0.0,1142.8790088232981,0.0,0.0,0.0,-4.026874989209171,0.0,1.0,0.0,,
2024-03-13 04:00:00,4043.78,4045.0,4029.1,4043.0,13260.3685,0.00046983,81,0.0,0.0,trending,,1077.5430659247368,0.0,0.0,,,1077.5430659247368,0.0,,trending,0.0,{},,189.0,,,,,,,1142.8790088232981,0.0,0.0,0.0,1142.8790088232981,0.0,0.0,0.0,-3.9493485828071244,0.0,1.0,0.0,,
2024-03-13 05:00:00,4043.0,4043.15,4029.6,4037.04,9106.913,0.00046983,81,0.0,0.0,trending,,1077.5430659247368,0.0,0.0,,,1077.5430659247368,0.0,,trending,0.0,{},,190.0,,,,,,,1142.8790088232981,0.0,0.0,0.0,1142.8790088232981,0.0,0.0,0.0,-3.3299088862351938,0.0,1.0,0.0,,
2024-03-13 06:00:00,4037.04,4054.73,4033.7,4048.27,18363.8289,0.00046983,81,0.0,0.0,trending,,1077.5430659247368,0.0,0.0,,,1077.5430659247368,0.0,,trending,0.0,{},,191.0,,,,,,,1142.8790088232981,0.0,0.0,0.0,1142.8790088232981,0.0,0.0,0.0,-4.161192054609609,0.0,1.0,0.0,,
2024-03-13 07:00:00,4048.26,4078.38,4033.6,4038.36,29387.0543,0.00046983,81,0.0,0.0,trending,,1077.5430659247368,0.0,0.0,,,1077.5430659247368,0.0,,trending,0.0,{},,192.0,,,,,,,1142.8790088232981,0.0,0.0,0.0,1142.8790088232981,0.0,0.0,0.0,-3.0679697679724485,0.0,1.0,0.0,,
2024-03-13 08:00:00,4038.36,4083.0,4038.09,4063.75,28861.6652,0.00046983,81,0.0,0.0,trending,,1077.5430659247368,0.0,0.0,,,1077.5430659247368,0.0,,trending,0.0,{},,193.0,,,,,,,1142.8790088232981,0.0,0.0,0.0,1142.8790088232981,0.0,0.0,0.0,-4.9472031879022245,0.0,1.0,0.0,,
2024-03-13 09:00:00,4063.76,4066.67,4044.0,4049.77,15659.9824,0.00060121,81,0.0,0.0,trending,,1077.5430659247368,0.0,0.0,,,1077.5430659247368,0.0,,trending,0.0,{},,194.0,,,,,,,1142.8790088232981,0.0,0.0,0.0,1142.8790088232981,0.0,0.0,0.0,-3.4067827438305445,0.0,1.0,0.0,,
2024-03-13 10:00:00,4049.78,4057.34,4042.98,4055.89,15381.4723,0.00060121,81,0.0,0.0,trending,,1077.5430659247368,0.0,0.0,,,1077.5430659247368,0.0,,trending,0.0,{},,195.0,,,,,,,1142.8790088232981,0.0,0.0,0.0,1142.8790088232981,0.0,0.0,0.0,-3.8761523958914808,0.0,1.0,0.0,,
2024-03-13 11:00:00,4055.88,4060.21,4045.4,4048.9,11597.8707,0.00060121,81,0.0,0.0,trending,,1077.5430659247368,0.0,0.0,,,1077.5430659247368,0.0,,trending,0.0,{},,196.0,,,,,,,1142.8790088232981,0.0,0.0,0.0,1142.8790088232981,0.0,0.0,0.0,-3.073341703555957,0.0,1.0,0.0,,
2024-03-13 12:00:00,4048.91,4053.0,4002.56,4006.37,28548.0448,0.00060121,81,0.0,0.0,trending,,1077.5430659247368,0.0,0.0,,,1077.5430659247368,0.0,,trending,0.0,{},,197.0,,,,,,,1142.8790088232981,0.0,0.0,0.0,1142.8790088232981,0.0,0.0,0.0,1.092315315636617,0.0,1.0,0.0,,
2024-03-13 13:00:00,4006.38,4022.6,3932.23,3976.32,47849.1509,0.00060121,81,0.0,0.0,trending,,1077.5430659247368,0.0,0.0,,,1077.5430659247368,0.0,,trending,0.0,{},,198.0,,,,,,,1142.8790088232981,0.0,0.0,0.0,1142.8790088232981,0.0,0.0,0.0,3.376046781416298,0.0,1.0,0.0,,
2024-03-13 14:00:00,3976.27,4000.0,3951.39,3965.81,38323.8661,0.00060121,81,0.0,0.0,trending,,1077.5430659247368,0.0,0.0,,,1077.5430659247368,0.0,,trending,0.0,{},,199.0,,,,,,,1142.8790088232981,0.0,0.0,0.0,1142.8790088232981,0.0,0.0,0.0,4.099385944047839,0.0,1.0,0.0,,
2024-03-13 15:00:00,3965.8,3999.94,3948.0,3962.8,33427.2435,0.00060121,81,0.0,0.0,trending,,1077.5430659247368,0.0,0.0,,,1077.5430659247368,0.0,,trending,0.0,{},,200.0,,,,,,,1142.8790088232981,0.0,0.0,0.0,1142.8790088232981,0.0,0.0,0.0,4.309981505337191,0.0,1.0,0.0,,
2024-03-13 16:00:00,3962.8,3989.4,3952.23,3983.01,24995.8136,0.00044242,81,0.0,0.0,trending,,1077.5430659247368,0.0,0.0,,,1077.5430659247368,0.0,,trending,0.0,{},,201.0,,,,,,,1142.8790088232981,0.0,0.0,0.0,1142.8790088232981,0.0,0.0,0.0,2.185559830982035,0.0,1.0,0.0,,
2024-03-13 17:00:00,3983.02,3995.26,3959.69,3981.01,18351.3212,0.00044242,81,0.0,0.0,trending,,1077.5430659247368,0.0,0.0,,,1077.5430659247368,0.0,,trending,0.0,{},,202.0,,,,,,,1142.8790088232981,0.0,0.0,0.0,1142.8790088232981,0.0,0.0,0.0,2.3499490281108564,0.0,1.0,0.0,,
2024-03-13 18:00:00,3981.01,4011.06,3973.51,4003.85,15059.7319,0.00044242,81,0.0,0.0,trending,,1077.5430659247368,0.0,0.0,,,1077.5430659247368,0.0,,trending,0.0,{},,203.0,,,,,,,1142.8790088232981,0.0,0.0,0.0,1142.8790088232981,0.0,0.0,0.0,0.07213052249889244,0.0,1.0,0.0,,
2024-03-13 19:00:00,4003.85,4010.18,3980.0,4000.44,12171.4482,0.00044242,81,0.0,0.0,trending,,1077.5430659247368,0.0,0.0,,,1077.5430659247368,0.0,,trending,0.0,{},,204.0,,,,,,,1142.8790088232981,0.0,0.0,0.0,1142.8790088232981,0.0,0.0,0.0,0.3933937943840306,0.0,1.0,0.0,,
2024-03-13 20:00:00,4000.44,4021.0,3974.62,3988.99,22907.146,0.00044242,81,0.0,0.0,trending,,1077.5430659247368,0.0,0.0,,,1077.5430659247368,0.0,,trending,0.0,{},,205.0,,,,,,,1142.8790088232981,0.0,0.0,0.0,1142.8790088232981,0.0,0.0,0.0,1.4734891689717955,0.0,1.0,0.0,,
2024-03-13 21:00:00,3988.98,4004.6,3978.43,4004.31,9647.2785,0.00044242,81,0.0,0.0,trending,,1077.5430659247368,0.0,0.0,,,1077.5430659247368,0.0,,trending,0.0,{},,206.0,,,,,,,1142.8790088232981,0.0,0.0,0.0,1142.8790088232981,0.0,0.0,0.0,-0.10567108478255137,0.0,1.0,0.0,,
2024-03-13 22:00:00,4004.3,4005.37,3980.33,3983.11,11605.1731,0.00044242,81,0.0,0.0,trending,,1077.5430659247368,0.0,0.0,,,1077.5430659247368,0.0,,trending,0.0,{},,207.0,,,,,,,1142.8790088232981,0.0,0.0,0.0,1142.8790088232981,0.0,0.0,0.0,1.880138492798173,0.0,1.0,0.0,,
2024-03-13 23:00:00,3983.1,4011.61,3983.1,4004.79,12825.4387,0.00044242,81,0.0,0.0,trending,,1077.5430659247368,0.0,0.0,,,1077.5430659247368,0.0,,trending,0.0,{},,208.0,,,,,,,1142.8790088232981,0.0,0.0,0.0,1142.8790088232981,0.0,0.0,0.0,-0.26637861989625267,0.0,1.0,0.0,,
2024-03-14 00:00:00,4004.79,4010.98,3975.0,3975.08,13536.598,0.00044242,88,0.0,0.0,trending,,1077.5430659247368,0.0,0.0,,,1077.5430659247368,0.0,,trending,0.0,{},,209.0,,,,,,,1142.8790088232981,0.0,0.0,0.0,1142.8790088232981,0.0,0.0,0.0,2.296723944813371,0.0,1.0,0.0,,
2024-03-14 01:00:00,3975.09,3987.5,3955.0,3983.89,18420.2329,0.00040995,88,0.0,0.0,trending,,1077.5430659247368,0.0,0.0,,,1077.5430659247368,0.0,,trending,0.0,{},,210.0,,,,,,,1142.8790088232981,0.0,0.0,0.0,1142.8790088232981,0.0,0.0,0.0,1.4311701851993093,0.0,1.0,0.0,,
2024-03-14 02:00:00,3983.89,4001.76,3980.8,3984.54,12235.3174,0.00040995,88,0.0,0.0,trending,,1077.5430659247368,0.0,0.0,,,1077.5430659247368,0.0,,trending,0.0,{},,211.0,,,,,,,1142.8790088232981,0.0,0.0,0.0,1142.8790088232981,0.0,0.0,0.0,1.3652870558423502,0.0,1.0,0.0,,
2024-03-14 03:00:00,3984.53,4000.8,3984.53,3993.77,14890.8522,0.00040995,88,0.0,0.0,trending,,1077.5430659247368,0.0,0.0,,,1077.5430659247368,0.0,,trending,0.0,{},,212.0,,,,,,,1142.8790088232981,0.0,0.0,0.0,1142.8790088232981,0.0,0.0,0.0,0.40577532364459334,0.0,1.0,0.0,,
2024-03-14 04:00:00,3993.77,4005.69,3940.64,3956.63,20774.249,0.00040995,88,0.0,0.0,trending,,1077.5430659247368,0.0,0.0,,,1077.5430659247368,0.0,,trending,0.0,{},,213.0,,,,,,,1142.8790088232981,0.0,0.0,0.0,1142.8790088232981,0.0,0.0,0.0,3.5978597068375,0.0,1.0,0.0,,
2024-03-14 05:00:00,3956.63,3972.83,3941.26,3969.16,14529.6185,0.00040995,88,0.0,0.0,trending,,1077.5430659247368,0.0,0.0,,,1077.5430659247368,0.0,,trending,0.0,{},,214.0,,,,,,,1142.8790088232981,0.0,0.0,0.0,1142.8790088232981,0.0,0.0,0.0,2.279190024027082,0.0,1.0,0.0,,
2024-03-14 06:00:00,3969.16,3993.21,3967.4,3980.75,15214.2644,0.00040995,88,0.0,0.0,trending,,1077.5430659247368,0.0,0.0,,,1077.5430659247368,0.0,,trending,0.0,{},,215.0,,,,,,,1142.8790088232981,0.0,0.0,0.0,1142.8790088232981,0.0,0.0,0.0,1.104452826870397,0.0,1.0,0.0,,
2024-03-14 07:00:00,3980.75,3989.94,3959.0,3963.46,13997.51,0.00040995,88,0.0,0.0,trending,,1077.5430659247368,0.0,0.0,,,1077.5430659247368,0.0,,trending,0.0,{},,216.0,,,,,,,1142.8790088232981,0.0,0.0,0.0,1142.8790088232981,0.0,0.0,0.0,2.580084397245713,0.0,1.0,0.0,,
2024-03-14 08:00:00,3963.45,3983.41,3962.6,3978.61,12724.3955,0.00050365,88,0.0,0.0,trending,,1077.5430659247368,0.0,0.0,,,1077.5430659247368,0.0,,trending,0.0,{},,217.0,,,,,,,1142.8790088232981,0.0,0.0,0.0,1142.8790088232981,0.0,0.0,0.0,1.030194040560059,0.0,1.0,0.0,,
2024-03-14 09:00:00,3978.6,3997.7,3971.89,3988.2,15645.9446,0.00050365,88,0.0,0.0,trending,,1077.5430659247368,0.0,0.0,,,1077.5430659247368,0.0,,trending,0.0,{},,218.0,,,,,,,1142.8790088232981,0.0,0.0,0.0,1142.8790088232981,0.0,0.0,0.0,0.09022701415951247,0.0,1.0,0.0,,
2024-03-14 10:00:00,3988.19,3990.0,3962.4,3968.34,13919.3482,0.00050365,88,0.0,0.0,trending,,1077.5430659247368,0.0,0.0,,,1077.5430659247368,0.0,,trending,0.0,{},,219.0,,,,,,,1142.8790088232981,0.0,0.0,0.0,1142.8790088232981,0.0,0.0,0.0,1.8950364099555175,0.0,1.0,0.0,,
2024-03-14 11:00:00,3968.34,3969.85,3943.12,3955.04,17499.4798,0.00050365,88,0.0,0.0,trending,,1077.5430659247368,0.0,0.0,,,1077.5430659247368,0.0,,trending,0.0,{},,220.0,,,,,,,1142.8790088232981,0.0,0.0,0.0,1142.8790088232981,0.0,0.0,0.0,3.0060706288050967,0.0,1.0,0.0,,
2024-03-14 12:00:00,3955.04,3967.4,3911.0,3943.41,24231.1924,0.00050365,88,0.0,0.0,trending,,1077.5430659247368,0.0,0.0,,,1077.5430659247368,0.0,,trending,0.0,{},,221.0,,,,,,,1142.8790088232981,0.0,0.0,0.0,1142.8790088232981,0.0,0.0,0.0,3.934480317252749,0.0,1.0,0.0,,
2024-03-14 13:00:00,3943.4,3952.28,3850.0,3878.69,56312.1931,0.00050365,88,0.0,0.0,trending,,1077.5430659247368,0.0,0.0,,,1077.5430659247368,0.0,,trending,0.0,{},,222.0,,,,,,,1142.8790088232981,0.0,0.0,0.0,1142.8790088232981,0.0,0.0,0.0,7.897015940013285,0.0,1.0,0.0,,
2024-03-14 14:00:00,3878.68,3930.78,3864.8,3887.2,49884.6418,0.00050365,88,0.0,0.0,trending,,1077.5430659247368,0.0,0.0,,,1077.5430659247368,0.0,,trending,0.0,{},,223.0,,,,,,,1142.8790088232981,0.0,0.0,0.0,1142.8790088232981,0.0,0.0,0.0,6.955535787708522,0.0,1.0,0.0,,
2024-03-14 15:00:00,3887.21,3904.0,3820.2,3845.81,49956.2484,0.00050365,88,8.914947088185716,0.0,trending,,1077.5430659247368,0.0,0.8914947088185716,True,True,1076.5824419829407,0.8913978906126864,,trending,8.914947088185716,{},,224.0,ETHUSDT,2024-03-14 15:00:00,ETHUSDT,3845.81,0.2497845556062427,LONG,1142.8790088232981,0.0,0.0,0.0,1142.8790088232981,0.0,0.0,0.0,8.914947088185716,8.914947088185716,1.0,8.914947088185716,True,True
2024-03-14 16:00:00,3845.81,3896.02,3825.07,3892.1,49424.4509,0.00035217,88,0.0,0.0,trending,,1088.1334065348747,0.8925507447648192,-0.8925507447648192,True,True,1087.1621922524687,0.0,,trending,-8.914947088185716,{},,225.0,ETHUSDT,2024-03-14 16:00:00,ETHUSDT,3892.1,0.24953477105063646,CLOSE,1142.8790088232981,0.0,0.0,0.0,1142.8790088232981,0.0,0.0,0.0,4.485138518119164,0.0,1.0,0.0,True,True
2024-03-14 17:00:00,3892.11,3895.66,3853.45,3874.81,19929.6661,0.00035217,88,0.0,0.0,trending,,1087.1621922524687,0.0,0.0,,,1087.1621922524687,0.0,,trending,0.0,{},,226.0,,,,,,,1142.8790088232981,0.0,0.0,0.0,1142.8790088232981,0.0,0.0,0.0,5.385780756024639,0.0,1.0,0.0,,
2024-03-14 18:00:00,3874.8,3874.81,3760.29,3812.31,46685.5074,0.00035217,88,8.079465587360062,0.0,trending,,1087.1621922524687,0.0,0.8079465587360062,True,True,1086.2838233004504,0.8077912643494783,,trending,8.079465587360062,{},,227.0,ETHUSDT,2024-03-14 18:00:00,ETHUSDT,3812.31,0.2304033386629824,LONG,1142.8790088232981,0.0,0.0,0.0,1142.8790088232981,0.0,0.0,0.0,8.079465587360062,8.079465587360062,1.0,8.079465587360062,True,True
2024-03-14 19:00:00,3812.31,3828.0,3723.0,3785.89,68618.5649,0.00035217,88,9.002278290251212,0.0,trending,,1080.202654349182,0.8067091953592805,0.09351863366584068,False,,1080.202654349182,0.8067091953592805,,trending,0.9228127028911501,{},,228.0,ETHUSDT,2024-03-14 19:00:00,,,,,1142.8790088232981,0.0,0.0,0.0,1142.8790088232981,0.0,0.0,0.0,9.002278290251212,9.002278290251212,1.0,9.002278290251212,True,False
2024-03-14 20:00:00,3785.89,3865.0,3780.79,3844.2,38464.8016,0.00035217,88,0.0,0.0,trending,,1093.6240382079432,0.8090813360537215,-0.8090813360537215,True,True,1092.7392074099694,0.0,,trending,-9.002278290251212,{},,229.0,ETHUSDT,2024-03-14 20:00:00,ETHUSDT,3844.2,0.23017293532431943,CLOSE,1142.8790088232981,0.0,0.0,0.0,1142.8790088232981,0.0,0.0,0.0,4.49522593823346,0.0,1.0,0.0,True,True
2024-03-14 21:00:00,3844.2,3870.77,3820.86,3865.75,34323.7509,0.00035217,88,0.0,0.0,trending,,1092.7392074099694,0.0,0.0,,,1092.7392074099694,0.0,,trending,0.0,{},,230.0,,,,,,,1142.8790088232981,0.0,0.0,0.0,1142.8790088232981,0.0,0.0,0.0,3.0683911772504615,0.0,1.0,0.0,,
2024-03-14 22:00:00,3865.75,3890.76,3864.75,3877.61,16244.1348,0.00035217,88,0.0,0.0,trending,,1092.7392074099694,0.0,0.0,,,1092.7392074099694,0.0,,trending,0.0,{},,231.0,,,,,,,1142.8790088232981,0.0,0.0,0.0,1142.8790088232981,0.0,0.0,0.0,2.298578281084454,0.0,1.0,0.0,,
2024-03-14 23:00:00,3877.61,3892.0,3872.76,3881.7,10774.5617,0.00035217,88,0.0,0.0,trending,,1092.7392074099694,0.0,0.0,,,1092.7392074099694,0.0,,trending,0.0,{},,232.0,,,,,,,1142.8790088232981,0.0,0.0,0.0,1142.8790088232981,0.0,0.0,0.0,2.025627815812942,0.0,1.0,0.0,,
2024-03-15 00:00:00,3881.69,3934.02,3870.0,3904.04,24077.0903,0.00040271,83,0.0,0.0,trending,,1092.7392074099694,0.0,0.0,,,1092.7392074099694,0.0,,trending,0.0,{},,233.0,,,,,,,1142.8790088232981,0.0,0.0,0.0,1142.8790088232981,0.0,0.0,0.0,0.5461032889994328,0.0,1.0,0.0,,
2024-03-15 01:00:00,3904.03,3909.79,3876.23,3878.83,15920.6636,0.00040271,83,0.0,0.0,trending,,1092.7392074099694,0.0,0.0,,,1092.7392074099694,0.0,,trending,0.0,{},,234.0,,,,,,,1142.8790088232981,0.0,0.0,0.0,1142.8790088232981,0.0,0.0,0.0,2.0143339197373393,0.0,1.0,0.0,,
2024-03-15 02:00:00,3878.84,3884.6,3700.0,3747.42,75071.7516,0.00040271,83,0.0,0.0,trending,,1092.7392074099694,0.0,0.0,,,1092.7392074099694,0.0,,trending,0.0,{},,235.0,,,,,,,1142.8790088232981,0.0,0.0,0.0,1142.8790088232981,0.0,0.0,0.0,7.366647559661709,0.0,1.0,0.0,,
2024-03-15 03:00:00,3747.41,3770.37,3623.0,3722.2,93857.4838,0.00040271,83,8.098647366851798,0.0,trending,,1092.7392074099694,0.0,0.8098647366851799,True,True,1091.8542364594946,0.8097106280330579,,trending,8.098647366851798,{},,236.0,ETHUSDT,2024-03-15 03:00:00,ETHUSDT,3722.2,0.2377548091114521,LONG,1142.8790088232981,0.0,0.0,0.0,1142.8790088232981,0.0,0.0,0.0,8.098647366851798,8.098647366851798,1.0,8.098647366851798,True,True
2024-03-15 04:00:00,3722.2,3735.0,3656.49,3672.64,76809.5289,0.00040271,83,9.398601805718863,0.0,trending,,1080.0828912482707,0.8076367484210393,0.1322234321508471,False,,1080.0828912482707,0.8076367484210393,,trending,1.299954438867065,{},,237.0,ETHUSDT,2024-03-15 04:00:00,,,,,1142.8790088232981,0.0,0.0,0.0,1142.8790088232981,0.0,0.0,0.0,9.398601805718863,9.398601805718863,1.0,9.398601805718863,True,False
2024-03-15 05:00:00,3672.64,3727.66,3661.86,3674.21,40431.1324,0.00040271,83,9.289462820966992,0.0,trending,,1080.4557930235255,0.8077031394742139,0.12124314262248537,False,,1080.4557930235255,0.8077031394742139,,trending,-0.1091389847518709,{},,238.0,ETHUSDT,2024-03-15 05:00:00,,,,,1142.8790088232981,0.0,0.0,0.0,1142.8790088232981,0.0,0.0,0.0,9.289462820966992,9.289462820966992,1.0,9.289462820966992,True,False
2024-03-15 06:00:00,3674.21,3752.22,3673.8,3749.83,33603.6368,0.00040271,83,0.0,0.0,trending,,1098.4168326698684,0.8108475300489432,-0.8108475300489432,True,True,1097.526184094134,0.0,,trending,-9.289462820966992,{},,239.0,ETHUSDT,2024-03-15 06:00:00,ETHUSDT,3749.83,0.23751705430234066,CLOSE,1142.8790088232981,0.0,0.0,0.0,1142.8790088232981,0.0,0.0,0.0,4.559928434109179,0.0,1.0,0.0,True,True
2024-03-15 07:00:00,3749.82,3779.92,3731.0,3754.12,24134.0876,0.00040271,83,0.0,0.0,trending,,1097.526184094134,0.0,0.0,,,1097.526184094134,0.0,,trending,0.0,{},,240.0,,,,,,,1142.8790088232981,0.0,0.0,0.0,1142.8790088232981,0.0,0.0,0.0,4.320000541146237,0.0,1.0,0.0,,
2024-03-15 08:00:00,3754.12,3761.65,3658.2,3661.73,49540.9172,0.00023171,83,0.0,0.0,trending,,1097.526184094134,0.0,0.0,,,1097.526184094134,0.0,,trending,0.0,{},,241.0,,,,,,,1142.8790088232981,0.0,0.0,0.0,1142.8790088232981,0.0,0.0,0.0,7.216382255238017,0.0,1.0,0.0,,
2024-03-15 09:00:00,3661.72,3698.4,3570.0,3682.91,97515.895,0.00023171,83,0.0,0.0,trending,,1097.526184094134,0.0,0.0,,,1097.526184094134,0.0,,trending,0.0,{},,242.0,,,,,,,1142.8790088232981,0.0,0.0,0.0,1142.8790088232981,0.0,0.0,0.0,6.029362988509007,0.0,1.0,0.0,,
2024-03-15 10:00:00,3682.91,3695.73,3648.61,3659.05,37727.2506,0.00023171,83,0.0,0.0,trending,,1097.526184094134,0.0,0.0,,,1097.526184094134,0.0,,trending,0.0,{},,243.0,,,,,,,1142.8790088232981,0.0,0.0,0.0,1142.8790088232981,0.0,0.0,0.0,6.731429791575948,0.0,1.0,0.0,,
2024-03-15 11:00:00,3659.04,3698.0,3621.86,3689.33,46479.7906,0.00023171,83,0.0,0.0,trending,,1097.526184094134,0.0,0.0,,,1097.526184094134,0.0,,trending,0.0,{},,244.0,,,,,,,1142.8790088232981,0.0,0.0,0.0,1142.8790088232981,0.0,0.0,0.0,5.013481241841607,0.0,1.0,0.0,,
2024-03-15 12:00:00,3689.33,3708.19,3671.17,3697.33,28148.0269,0.00023171,83,0.0,0.0,trending,,1097.526184094134,0.0,0.0,,,1097.526184094134,0.0,,trending,0.0,{},,245.0,,,,,,,1142.8790088232981,0.0,0.0,0.0,1142.8790088232981,0.0,0.0,0.0,4.564316405765846,0.0,1.0,0.0,,
2024-03-15 13:00:00,3697.32,3742.0,3670.77,3723.4,36065.7651,0.00023171,83,0.0,0.0,trending,,1097.526184094134,0.0,0.0,,,1097.526184094134,0.0,,trending,0.0,{},,246.0,,,,,,,1142.8790088232981,0.0,0.0,0.0,1142.8790088232981,0.0,0.0,0.0,3.108072503524855,0.0,1.0,0.0,,
2024-03-15 14:00:00,3723.41,3731.41,3687.22,3720.8,28086.805,0.00023171,83,0.0,0.0,trending,,1097.526184094134,0.0,0.0,,,1097.526184094134,0.0,,trending,0.0,{},,247.0,,,,,,,1142.8790088232981,0.0,0.0,0.0,1142.8790088232981,0.0,0.0,0.0,3.2149404798889094,0.0,1.0,0.0,,
2024-03-15 15:00:00,3720.8,3725.8,3684.84,3688.9,24260.9216,0.00023171,83,0.0,0.0,trending,,1097.526184094134,0.0,0.0,,,1097.526184094134,0.0,,trending,0.0,{},,248.0,,,,,,,1142.8790088232981,0.0,0.0,0.0,1142.8790088232981,0.0,0.0,0.0,4.509874757552933,0.0,1.0,0.0,,
2024-03-15 16:00:00,3688.89,3716.1,3659.01,3683.89,29195.0949,0.00033557,83,0.0,0.0,trending,,1097.526184094134,0.0,0.0,,,1097.526184094134,0.0,,trending,0.0,{},,249.0,,,,,,,1142.8790088232981,0.0,0.0,0.0,1142.8790088232981,0.0,0.0,0.0,4.70939787407192,0.0,1.0,0.0,,
2024-03-15 17:00:00,3683.93,3698.42,3663.4,3694.75,18336.37,0.00033557,83,0.0,0.0,trending,,1097.526184094134,0.0,0.0,,,1097.526184094134,0.0,,trending,0.0,{},,250.0,,,,,,,1142.8790088232981,0.0,0.0,0.0,1142.8790088232981,0.0,0.0,0.0,3.98811539156296,0.0,1.0,0.0,,
2024-03-15 18:00:00,3694.74,3789.16,3691.79,3787.57,31119.6808,0.00033557,83,0.0,0.0,trending,,1097.526184094134,0.0,0.0,,,1097.526184094134,0.0,,trending,0.0,{},,251.0,,,,,,,1142.8790088232981,0.0,0.0,0.0,1142.8790088232981,0.0,0.0,0.0,-1.0920599893769662,0.0,1.0,0.0,,
2024-03-15 19:00:00,3787.58,3806.62,3675.09,3689.54,49532.7198,0.00033557,83,0.0,0.0,trending,,1097.526184094134,0.0,0.0,,,1097.526184094134,0.0,,trending,0.0,{},,252.0,,,,,,,1142.8790088232981,0.0,0.0,0.0,1142.8790088232981,0.0,0.0,0.0,3.002217823146407,0.0,1.0,0.0,,
2024-03-15 20:00:00,3689.53,3690.0,3606.65,3629.65,43256.1957,0.00033557,83,0.0,0.0,trending,,1097.526184094134,0.0,0.0,,,1097.526184094134,0.0,,trending,0.0,{},,253.0,,,,,,,1142.8790088232981,0.0,0.0,0.0,1142.8790088232981,0.0,0.0,0.0,4.927222032680269,0.0,1.0,0.0,,
2024-03-15 21:00:00,3629.66,3671.35,3626.8,3669.65,14807.8778,0.00033557,83,0.0,0.0,trending,,1097.526184094134,0.0,0.0,,,1097.526184094134,0.0,,trending,0.0,{},,254.0,,,,,,,1142.8790088232981,0.0,0.0,0.0,1142.8790088232981,0.0,0.0,0.0,3.049658554137082,0.0,1.0,0.0,,
2024-03-15 22:00:00,3669.65,3734.44,3666.51,3729.8,14873.5775,0.00033557,83,0.0,0.0,trending,,1097.526184094134,0.0,0.0,,,1097.526184094134,0.0,,trending,0.0,{},,255.0,,,,,,,1142.8790088232981,0.0,0.0,0.0,1142.8790088232981,0.0,0.0,0.0,0.5437781321017156,0.0,1.0,0.0,,
2024-03-15 23:00:00,3729.79,3749.93,3711.82,3742.19,14685.1436,0.00033557,83,0.0,0.0,trending,,1097.526184094134,0.0,0.0,,,1097.526184094134,0.0,,trending,0.0,{},,256.0,,,,,,,1142.8790088232981,0.0,0.0,0.0,1142.8790088232981,0.0,0.0,0.0,0.05999848254533333,0.0,1.0,0.0,,
2024-03-16 00:00:00,3742.19,3774.89,3736.15,3759.73,26113.4728,0.00018856,81,0.0,0.0,trending,,1097.526184094134,0.0,0.0,,,1097.526184094134,0.0,,trending,0.0,{},,257.0,,,,,,,1142.8790088232981,0.0,0.0,0.0,1142.8790088232981,0.0,0.0,0.0,-0.6352266877566592,0.0,1.0,0.0,,
2024-03-16 01:00:00,3759.74,3781.12,3737.33,3743.2,24856.623,0.00018856,81,0.0,0.0,trending,,1097.526184094134,0.0,0.0,,,1097.526184094134,0.0,,trending,0.0,{},,258.0,,,,,,,1142.8790088232981,0.0,0.0,0.0,1142.8790088232981,0.0,0.0,0.0,0.06593461004516143,0.0,1.0,0.0,,
2024-03-16 02:00:00,3743.2,3745.0,3725.87,3731.41,12209.2938,0.00018856,81,0.0,0.0,trending,,1097.526184094134,0.0,0.0,,,1097.526184094134,0.0,,trending,0.0,{},,259.0,,,,,,,1142.8790088232981,0.0,0.0,0.0,1142.8790088232981,0.0,0.0,0.0,0.5729652867328298,0.0,1.0,0.0,,
2024-03-16 03:00:00,3731.41,3749.31,3722.41,3735.52,10183.9065,0.00018856,81,0.0,0.0,trending,,1097.526184094134,0.0,0.0,,,1097.526184094134,0.0,,trending,0.0,{},,260.0,,,,,,,1142.8790088232981,0.0,0.0,0.0,1142.8790088232981,0.0,0.0,0.0,0.3783799269990226,0.0,1.0,0.0,,
2024-03-16 04:00:00,3735.52,3743.6,3714.15,3725.41,10510.508,0.00018856,81,0.0,0.0,trending,,1097.526184094134,0.0,0.0,,,1097.526184094134,0.0,,trending,0.0,{},,261.0,,,,,,,1142.8790088232981,0.0,0.0,0.0,1142.8790088232981,0.0,0.0,0.0,0.8580063194137098,0.0,1.0,0.0,,
2024-03-16 05:00:00,3725.41,3728.2,3690.18,3714.0,14128.3675,0.00018856,81,0.0,0.0,trending,,1097.526184094134,0.0,0.0,,,1097.526184094134,0.0,,trending,0.0,{},,262.0,,,,,,,1142.8790088232981,0.0,0.0,0.0,1142.8790088232981,0.0,0.0,0.0,1.41029599416313,0.0,1.0,0.0,,
2024-03-16 06:00:00,3714.01,3728.97,3705.25,3725.34,11051.978,0.00018856,81,0.0,0.0,trending,,1097.526184094134,0.0,0.0,,,1097.526184094134,0.0,,trending,0.0,{},,263.0,,,,,,,1142.8790088232981,0.0,0.0,0.0,1142.8790088232981,0.0,0.0,0.0,0.7689376284699364,0.0,1.0,0.0,,
2024-03-16 07:00:00,3725.33,3741.35,3719.2,3740.19,14528.1142,0.00018856,81,0.0,0.0,trending,,1097.526184094134,0.0,0.0,,,1097.526184094134,0.0,,trending,0.0,{},,264.0,,,,,,,1142.8790088232981,0.0,0.0,0.0,1142.8790088232981,0.0,0.0,0.0,-0.07290665711232407,0.0,1.0,0.0,,
2024-03-16 08:00:00,3740.2,3741.1,3713.34,3718.24,14611.8053,0.0002749,81,0.0,0.0,trending,,1097.526184094134,0.0,0.0,,,1097.526184094134,0.0,,trending,0.0,{},,265.0,,,,,,,1142.8790088232981,0.0,0.0,0.0,1142.8790088232981,0.0,0.0,0.0,1.1437487772019637,0.0,1.0,0.0,,
2024-03-16 09:00:00,3718.25,3731.8,3712.28,3719.47,9960.7263,0.0002749,81,0.0,0.0,trending,,1097.526184094134,0.0,0.0,,,1097.526184094134,0.0,,trending,0.0,{},,266.0,,,,,,,1142.8790088232981,0.0,0.0,0.0,1142.8790088232981,0.0,0.0,0.0,1.0666837463443102,0.0,1.0,0.0,,
2024-03-16 10:00:00,3719.47,3722.74,3698.11,3701.97,14352.2268,0.0002749,81,0.0,0.0,trending,,1097.526184094134,0.0,0.0,,,1097.526184094134,0.0,,trending,0.0,{},,267.0,,,,,,,1142.8790088232981,0.0,0.0,0.0,1142.8790088232981,0.0,0.0,0.0,2.0679801782192384,0.0,1.0,0.0,,
2024-03-16 11:00:00,3701.97,3708.2,3661.83,3692.29,23088.2729,0.0002749,81,0.0,0.0,trending,,1097.526184094134,0.0,0.0,,,1097.526184094134,0.0,,trending,0.0,{},,268.0,,,,,,,1142.8790088232981,0.0,0.0,0.0,1142.8790088232981,0.0,0.0,0.0,2.615643332037493,0.0,1.0,0.0,,
2024-03-16 12:00:00,3692.29,3711.37,3664.15,3665.39,22867.1544,0.0002749,81,0.0,0.0,trending,,1097.526184094134,0.0,0.0,,,1097.526184094134,0.0,,trending,0.0,{},,269.0,,,,,,,1142.8790088232981,0.0,0.0,0.0,1142.8790088232981,0.0,0.0,0.0,4.071532934306248,0.0,1.0,0.0,,
2024-03-16 13:00:00,3665.39,3684.6,3646.03,3646.41,27831.7025,0.0002749,81,0.0,0.0,trending,,1097.526184094134,0.0,0.0,,,1097.526184094134,0.0,,trending,0.0,{},,270.0,,,,,,,1142.8790088232981,0.0,0.0,0.0,1142.8790088232981,0.0,0.0,0.0,5.024498133928583,0.0,1.0,0.0,,
2024-03-16 14:00:00,3646.41,3666.55,3637.73,3665.01,23933.4548,0.0002749,81,0.0,0.0,trending,,1097.526184094134,0.0,0.0,,,1097.526184094134,0.0,,trending,0.0,{},,271.0,,,,,,,1142.8790088232981,0.0,0.0,0.0,1142.8790088232981,0.0,0.0,0.0,3.538291303294122,0.0,1.0,0.0,,
2024-03-16 15:00:00,3665.01,3684.01,3647.66,3679.55,18309.7648,0.0002749,81,0.0,0.0,trending,,1097.526184094134,0.0,0.0,,,1097.526184094134,0.0,,trending,0.0,{},,272.0,,,,,,,1142.8790088232981,0.0,0.0,0.0,1142.8790088232981,0.0,0.0,0.0,2.417469265663539,0.0,1.0,0.0,,
2024-03-16 16:00:00,3679.54,3679.88,3656.86,3664.56,12788.504,0.00028914,81,0.0,0.0,trending,,1097.526184094134,0.0,0.0,,,1097.526184094134,0.0,,trending,0.0,{},,273.0,,,,,,,1142.8790088232981,0.0,0.0,0.0,1142.8790088232981,0.0,0.0,0.0,3.300330624641663,0.0,1.0,0.0,,
2024-03-16 17:00:00,3664.55,3672.01,3626.39,3632.38,28228.0626,0.00028914,81,0.0,0.0,trending,,1097.526184094134,0.0,0.0,,,1097.526184094134,0.0,,trending,0.0,{},,274.0,,,,,,,1142.8790088232981,0.0,0.0,0.0,1142.8790088232981,0.0,0.0,0.0,5.0372740744078985,0.0,1.0,0.0,,
2024-03-16 18:00:00,3632.39,3638.14,3570.0,3595.61,54524.4934,0.00028914,81,0.0,0.0,trending,,1097.526184094134,0.0,0.0,,,1097.526184094134,0.0,,trending,0.0,{},,275.0,,,,,,,1142.8790088232981,0.0,0.0,0.0,1142.8790088232981,0.0,0.0,0.0,6.735063170723691,0.0,1.0,0.0,,
2024-03-16 19:00:00,3595.6,3638.01,3592.0,3600.6,27229.3184,0.00028914,81,0.0,0.0,trending,,1097.526184094134,0.0,0.0,,,1097.526184094134,0.0,,trending,0.0,{},,276.0,,,,,,,1142.8790088232981,0.0,0.0,0.0,1142.8790088232981,0.0,0.0,0.0,6.298936127490794,0.0,1.0,0.0,,
2024-03-16 20:00:00,3600.6,3633.8,3578.25,3619.4,22105.4248,0.00028914,81,0.0,0.0,trending,,1097.526184094134,0.0,0.0,,,1097.526184094134,0.0,,trending,0.0,{},,277.0,,,,,,,1142.8790088232981,0.0,0.0,0.0,1142.8790088232981,0.0,0.0,0.0,4.666402846298425,0.0,1.0,0.0,,
2024-03-16 21:00:00,3619.4,3628.78,3541.18,3556.39,37084.6512,0.00028914,81,0.0,0.0,trending,,1097.526184094134,0.0,0.0,,,1097.526184094134,0.0,,trending,0.0,{},,278.0,,,,,,,1142.8790088232981,0.0,0.0,0.0,1142.8790088232981,0.0,0.0,0.0,7.473154356685047,0.0,1.0,0.0,,
2024-03-16 22:00:00,3556.39,3581.7,3523.68,3557.99,28960.167,0.00028914,81,0.0,0.0,trending,,1097.526184094134,0.0,0.0,,,1097.526184094134,0.0,,trending,0.0,{},,279.0,,,,,,,1142.8790088232981,0.0,0.0,0.0,1142.8790088232981,0.0,0.0,0.0,7.336323669390135,0.0,1.0,0.0,,
2024-03-16 23:00:00,3557.99,3557.99,3468.8,3523.09,58830.1639,0.00028914,81,8.662758364867846,0.0,trending,,1097.526184094134,0.0,0.8662758364867846,True,True,1096.5754236809416,0.866159894037036,,trending,8.662758364867846,{},,280.0,ETHUSDT,2024-03-16 23:00:00,ETHUSDT,3523.09,0.2698654911433698,LONG,1142.8790088232981,0.0,0.0,0.0,1142.8790088232981,0.0,0.0,0.0,8.662758364867846,8.662758364867846,1.0,8.662758364867846,True,True
2024-03-17 00:00:00,3523.09,3568.03,3504.95,3508.84,34525.3185,0.00013396,79,9.161922102982016,0.0,trending,,1092.7336860153973,0.8656893506806642,0.05050285961753742,False,,1092.7336860153973,0.8656893506806642,,trending,0.49916373811417003,{},,281.0,ETHUSDT,2024-03-17 00:00:00,,,,,1142.8790088232981,0.0,0.0,0.0,1142.8790088232981,0.0,0.0,0.0,9.161922102982016,9.161922102982016,1.0,9.161922102982016,True,False
2024-03-17 01:00:00,3508.84,3559.68,3508.83,3558.59,27197.2504,0.00013396,79,0.0,0.0,trending,,1106.1460683915957,0.8673179111731186,-0.8673179111731186,True,True,1105.1866880941059,0.0,,trending,-9.161922102982016,{},,282.0,ETHUSDT,2024-03-17 01:00:00,ETHUSDT,3558.59,0.2695956256522264,CLOSE,1142.8790088232981,0.0,0.0,0.0,1142.8790088232981,0.0,0.0,0.0,5.020070353328626,0.0,1.0,0.0,True,True
2024-03-17 02:00:00,3558.59,3582.4,3552.76,3571.6,17743.1363,0.00013396,79,0.0,0.0,trending,,1105.1866880941059,0.0,0.0,,,1105.1866880941059,0.0,,trending,0.0,{},,283.0,,,,,,,1142.8790088232981,0.0,0.0,0.0,1142.8790088232981,0.0,0.0,0.0,4.057798986941751,0.0,1.0,0.0,,
2024-03-17 03:00:00,3571.6,3574.18,3555.35,3571.5,10918.474,0.00013396,79,0.0,0.0,trending,,1105.1866880941059,0.0,0.0,,,1105.1866880941059,0.0,,trending,0.0,{},,284.0,,,,,,,1142.8790088232981,0.0,0.0,0.0,1142.8790088232981,0.0,0.0,0.0,4.06285747854063,0.0,1.0,0.0,,
2024-03-17 04:00:00,3571.49,3572.51,3550.53,3558.94,7760.0809,0.00013396,79,0.0,0.0,trending,,1105.1866880941059,0.0,0.0,,,1105.1866880941059,0.0,,trending,0.0,{},,285.0,,,,,,,1142.8790088232981,0.0,0.0,0.0,1142.8790088232981,0.0,0.0,0.0,4.7206029922880814,0.0,1.0,0.0,,
2024-03-17 05:00:00,3558.95,3569.23,3536.0,3545.78,11363.0718,0.00013396,79,0.0,0.0,trending,,1105.1866880941059,0.0,0.0,,,1105.1866880941059,0.0,,trending,0.0,{},,286.0,,,,,,,1142.8790088232981,0.0,0.0,0.0,1142.8790088232981,0.0,0.0,0.0,5.4005144995039736,0.0,1.0,0.0,,
2024-03-17 06:00:00,3545.78,3550.27,3441.87,3444.07,37932.7267,0.00013396,79,9.34627349644614,0.0,trending,,1105.1866880941059,0.0,0.9346273496446139,True,True,1104.15375038895,0.9345661934193923,,trending,9.34627349644614,{},,287.0,ETHUSDT,2024-03-17 06:00:00,ETHUSDT,3444.07,0.29991774416777317,LONG,1142.8790088232981,0.0,0.0,0.0,1142.8790088232981,0.0,0.0,0.0,9.34627349644614,9.34627349644614,1.0,9.34627349644614,True,True
2024-03-17 07:00:00,3444.07,3481.7,3412.0,3472.72,57064.9934,0.00013396,79,0.0,0.0,trending,,1112.737801115986,0.9350709728152101,-0.9350709728152101,True,True,1111.6973122978081,0.0,,trending,-9.34627349644614,{},,288.0,ETHUSDT,2024-03-17 07:00:00,ETHUSDT,3472.72,0.2996178264236054,CLOSE,1142.8790088232981,0.0,0.0,0.0,1142.8790088232981,0.0,0.0,0.0,7.122601022213906,0.0,1.0,0.0,True,True
2024-03-17 08:00:00,3472.72,3575.0,3460.01,3556.61,42767.7616,0.00011824,79,0.0,0.0,trending,,1111.6973122978081,0.0,0.0,,,1111.6973122978081,0.0,,trending,0.0,{},,289.0,,,,,,,1142.8790088232981,0.0,0.0,0.0,1142.8790088232981,0.0,0.0,0.0,1.8917999242715695,0.0,1.0,0.0,,
2024-03-17 09:00:00,3556.6,3574.69,3545.0,3555.6,20229.9071,0.00011824,79,0.0,0.0,trending,,1111.6973122978081,0.0,0.0,,,1111.6973122978081,0.0,,trending,0.0,{},,290.0,,,,,,,1142.8790088232981,0.0,0.0,0.0,1142.8790088232981,0.0,0.0,0.0,1.9369655690028311,0.0,1.0,0.0,,
2024-03-17 10:00:00,3555.6,3605.57,3555.6,3596.4,28080.1686,0.00011824,79,0.0,0.0,trending,,1111.6973122978081,0.0,0.0,,,1111.6973122978081,0.0,,trending,0.0,{},,291.0,,,,,,,1142.8790088232981,0.0,0.0,0.0,1142.8790088232981,0.0,0.0,0.0,-0.21042036907352044,0.0,1.0,0.0,,
2024-03-17 11:00:00,3596.39,3606.41,3573.91,3578.99,16406.1448,0.00011824,79,0.0,0.0,trending,,1111.6973122978081,0.0,0.0,,,1111.6973122978081,0.0,,trending,0.0,{},,292.0,,,,,,,1142.8790088232981,0.0,0.0,0.0,1142.8790088232981,0.0,0.0,0.0,0.6595813639606889,0.0,1.0,0.0,,
2024-03-17 12:00:00,3578.99,3601.8,3528.36,3540.31,25224.9702,0.00011824,79,0.0,0.0,trending,,1111.6973122978081,0.0,0.0,,,1111.6973122978081,0.0,,trending,0.0,{},,293.0,,,,,,,1142.8790088232981,0.0,0.0,0.0,1142.8790088232981,0.0,0.0,0.0,2.4655562274127902,0.0,1.0,0.0,,
2024-03-17 13:00:00,3540.31,3584.06,3539.98,3574.97,21224.315,0.00011824,79,0.0,0.0,trending,,1111.6973122978081,0.0,0.0,,,1111.6973122978081,0.0,,trending,0.0,{},,294.0,,,,,,,1142.8790088232981,0.0,0.0,0.0,1142.8790088232981,0.0,0.0,0.0,0.6085244645477105,0.0,1.0,0.0,,
2024-03-17 14:00:00,3574.96,3601.34,3560.05,3599.05,18788.1709,0.00011824,79,0.0,0.0,trending,,1111.6973122978081,0.0,0.0,,,1111.6973122978081,0.0,,trending,0.0,{},,295.0,,,,,,,1142.8790088232981,0.0,0.0,0.0,1142.8790088232981,0.0,0.0,0.0,-0.59179935533341,0.0,1.0,0.0,,
2024-03-17 15:00:00,3599.04,3647.15,3580.52,3628.42,29932.303,0.00011824,79,0.0,0.0,trending,,1111.6973122978081,0.0,0.0,,,1111.6973122978081,0.0,,trending,0.0,{},,296.0,,,,,,,1142.8790088232981,0.0,0.0,0.0,1142.8790088232981,0.0,0.0,0.0,-1.9710839897567696,0.0,1.0,0.0,,
2024-03-17 16:00:00,3628.42,3636.55,3602.43,3611.36,25020.2433,0.00030376,79,0.0,0.0,trending,,1111.6973122978081,0.0,0.0,,,1111.6973122978081,0.0,,trending,0.0,{},,297.0,,,,,,,1142.8790088232981,0.0,0.0,0.0,1142.8790088232981,0.0,0.0,0.0,-1.0359134583784255,0.0,1.0,0.0,,
2024-03-17 17:00:00,3611.36,3649.0,3603.97,3644.62,12812.702,0.00030376,79,0.0,0.0,trending,,1111.6973122978081,0.0,0.0,,,1111.6973122978081,0.0,,trending,0.0,{},,298.0,,,,,,,1142.8790088232981,0.0,0.0,0.0,1142.8790088232981,0.0,0.0,0.0,-2.591614953186692,0.0,1.0,0.0,,
2024-03-17 18:00:00,3644.63,3653.72,3623.04,3632.93,15239.6652,0.00030376,79,0.0,0.0,trending,,1111.6973122978081,0.0,0.0,,,1111.6973122978081,0.0,,trending,0.0,{},,299.0,,,,,,,1142.8790088232981,0.0,0.0,0.0,1142.8790088232981,0.0,0.0,0.0,-1.9112512234089423,0.0,1.0,0.0,,
2024-03-17 19:00:00,3632.93,3656.45,3627.36,3651.18,9307.4079,0.00030376,79,0.0,0.0,trending,,1111.6973122978081,0.0,0.0,,,1111.6973122978081,0.0,,trending,0.0,{},,300.0,,,,,,,1142.8790088232981,0.0,0.0,0.0,1142.8790088232981,0.0,0.0,0.0,-2.78298154477595,0.0,1.0,0.0,,
2024-03-17 20:00:00,3651.18,3658.0,3632.0,3634.1,8456.0049,0.00030376,79,0.0,0.0,trending,,1111.6973122978081,0.0,0.0,,,1111.6973122978081,0.0,,trending,0.0,{},,301.0,,,,,,,1142.8790088232981,0.0,0.0,0.0,1142.8790088232981,0.0,0.0,0.0,-1.7276358516338917,0.0,1.0,0.0,,
2024-03-17 21:00:00,3634.11,3643.67,3624.19,3639.88,9115.5571,0.00030376,79,0.0,0.0,trending,,1111.6973122978081,0.0,0.0,,,1111.6973122978081,0.0,,trending,0.0,{},,302.0,,,,,,,1142.8790088232981,0.0,0.0,0.0,1142.8790088232981,0.0,0.0,0.0,-2.0309759562595278,0.0,1.0,0.0,,
2024-03-17 22:00:00,3639.88,3678.68,3639.41,3645.49,19716.5652,0.00030376,79,0.0,0.0,trending,,1111.6973122978081,0.0,0.0,,,1111.6973122978081,0.0,,trending,0.0,{},,303.0,,,,,,,1142.8790088232981,0.0,0.0,0.0,1142.8790088232981,0.0,0.0,0.0,-2.3374668710182305,0.0,1.0,0.0,,
2024-03-17 23:00:00,3645.49,3654.99,3630.12,3644.71,10964.0548,0.00030376,79,0.0,0.0,trending,,1111.6973122978081,0.0,0.0,,,1111.6973122978081,0.0,,trending,0.0,{},,304.0,,,,,,,1142.8790088232981,0.0,0.0,0.0,1142.8790088232981,0.0,0.0,0.0,-2.2805645794930203,0.0,1.0,0.0,,
2024-03-18 00:00:00,3644.7,3645.02,3575.78,3577.8,28262.2309,0.00017304,77,0.0,0.0,trending,,1111.6973122978081,0.0,0.0,,,1111.6973122978081,0.0,,trending,0.0,{},,305.0,,,,,,,1142.8790088232981,0.0,0.0,0.0,1142.8790088232981,0.0,0.0,0.0,1.9638724233364258,0.0,1.0,0.0,,
2024-03-18 01:00:00,3577.81,3612.34,3557.31,3601.97,22316.042,0.00017304,77,0.0,0.0,trending,,1111.6973122978081,0.0,0.0,,,1111.6973122978081,0.0,,trending,0.0,{},,306.0,,,,,,,1142.8790088232981,0.0,0.0,0.0,1142.8790088232981,0.0,0.0,0.0,0.448481309480664,0.0,1.0,0.0,,
2024-03-18 02:00:00,3601.98,3627.45,3584.22,3598.07,19022.9414,0.00017304,77,0.0,0.0,trending,,1111.6973122978081,0.0,0.0,,,1111.6973122978081,0.0,,trending,0.0,{},,307.0,,,,,,,1142.8790088232981,0.0,0.0,0.0,1142.8790088232981,0.0,0.0,0.0,0.6801071139211701,0.0,1.0,0.0,,
2024-03-18 03:00:00,3598.08,3617.63,3597.0,3600.39,12407.2269,0.00017304,77,0.0,0.0,trending,,1111.6973122978081,0.0,0.0,,,1111.6973122978081,0.0,,trending,0.0,{},,308.0,,,,,,,1142.8790088232981,0.0,0.0,0.0,1142.8790088232981,0.0,0.0,0.0,0.5243445483846074,0.0,1.0,0.0,,
2024-03-18 04:00:00,3600.38,3629.98,3576.9,3615.49,19035.4906,0.00017304,77,0.0,0.0,trending,,1111.6973122978081,0.0,0.0,,,1111.6973122978081,0.0,,trending,0.0,{},,309.0,,,,,,,1142.8790088232981,0.0,0.0,0.0,1142.8790088232981,0.0,0.0,0.0,-0.5049478538706922,0.0,1.0,0.0,,
2024-03-18 05:00:00,3615.5,3642.52,3604.26,3634.3,15011.9828,0.00017304,77,0.0,0.0,trending,,1111.6973122978081,0.0,0.0,,,1111.6973122978081,0.0,,trending,0.0,{},,310.0,,,,,,,1142.8790088232981,0.0,0.0,0.0,1142.8790088232981,0.0,0.0,0.0,-1.7338320019999742,0.0,1.0,0.0,,
2024-03-18 06:00:00,3634.29,3640.97,3623.04,3627.17,10969.8886,0.00017304,77,0.0,0.0,trending,,1111.6973122978081,0.0,0.0,,,1111.6973122978081,0.0,,trending,0.0,{},,311.0,,,,,,,1142.8790088232981,0.0,0.0,0.0,1142.8790088232981,0.0,0.0,0.0,-1.188605633238288,0.0,1.0,0.0,,
2024-03-18 07:00:00,3627.17,3635.74,3612.99,3626.65,20453.5277,0.00017304,77,0.0,0.0,trending,,1111.6973122978081,0.0,0.0,,,1111.6973122978081,0.0,,trending,0.0,{},,312.0,,,,,,,1142.8790088232981,0.0,0.0,0.0,1142.8790088232981,0.0,0.0,0.0,-1.1469472606519049,0.0,1.0,0.0,,
2024-03-18 08:00:00,3626.65,3627.0,3562.2,3597.95,32711.4397,0.00026393,77,0.0,0.0,trending,,1111.6973122978081,0.0,0.0,,,1111.6973122978081,0.0,,trending,0.0,{},,313.0,,,,,,,1142.8790088232981,0.0,0.0,0.0,1142.8790088232981,0.0,0.0,0.0,1.0660755521146599,0.0,1.0,0.0,,
2024-03-18 09:00:00,3597.95,3601.32,3555.26,3562.95,28764.0685,0.00026393,77,0.0,0.0,trending,,1111.6973122978081,0.0,0.0,,,1111.6973122978081,0.0,,trending,0.0,{},,314.0,,,,,,,1142.8790088232981,0.0,0.0,0.0,1142.8790088232981,0.0,0.0,0.0,3.353892601053909,0.0,1.0,0.0,,
2024-03-18 10:00:00,3562.94,3593.0,3548.99,3591.78,24011.8917,0.00026393,77,0.0,0.0,trending,,1111.6973122978081,0.0,0.0,,,1111.6973122978081,0.0,,trending,0.0,{},,315.0,,,,,,,1142.8790088232981,0.0,0.0,0.0,1142.8790088232981,0.0,0.0,0.0,1.0929980320778812,0.0,1.0,0.0,,
2024-03-18 11:00:00,3591.79,3615.0,3583.79,3597.82,18669.3505,0.00026393,77,0.0,0.0,trending,,1111.6973122978081,0.0,0.0,,,1111.6973122978081,0.0,,trending,0.0,{},,316.0,,,,,,,1142.8790088232981,0.0,0.0,0.0,1142.8790088232981,0.0,0.0,0.0,0.6421274360000467,0.0,1.0,0.0,,
2024-03-18 12:00:00,3597.83,3613.41,3577.78,3598.19,23835.1205,0.00026393,77,0.0,0.0,trending,,1111.6973122978081,0.0,0.0,,,1111.6973122978081,0.0,,trending,0.0,{},,317.0,,,,,,,1142.8790088232981,0.0,0.0,0.0,1142.8790088232981,0.0,0.0,0.0,0.6130548776211726,0.0,1.0,0.0,,
2024-03-18 13:00:00,3598.2,3600.0,3526.54,3546.11,38765.4976,0.00026393,77,0.0,0.0,trending,,1111.6973122978081,0.0,0.0,,,1111.6973122978081,0.0,,trending,0.0,{},,318.0,,,,,,,1142.8790088232981,0.0,0.0,0.0,1142.8790088232981,0.0,0.0,0.0,4.023350623975424,0.0,1.0,0.0,,
2024-03-18 14:00:00,3546.12,3563.99,3489.56,3513.4,41234.961,0.00026393,77,0.0,0.0,trending,,1111.6973122978081,0.0,0.0,,,1111.6973122978081,0.0,,trending,0.0,{},,319.0,,,,,,,1142.8790088232981,0.0,0.0,0.0,1142.8790088232981,0.0,0.0,0.0,5.722132803185883,0.0,1.0,0.0,,
2024-03-18 15:00:00,3513.4,3529.09,3486.0,3525.18,30876.7296,0.00026393,77,0.0,0.0,trending,,1111.6973122978081,0.0,0.0,,,1111.6973122978081,0.0,,trending,0.0,{},,320.0,,,,,,,1142.8790088232981,0.0,0.0,0.0,1142.8790088232981,0.0,0.0,0.0,4.703404074629151,0.0,1.0,0.0,,
2024-03-18 16:00:00,3525.17,3563.86,3493.43,3501.2,27808.3675,0.00026393,77,0.0,0.0,trending,,1111.6973122978081,0.0,0.0,,,1111.6973122978081,0.0,,trending,0.0,{},,321.0,,,,,,,1142.8790088232981,0.0,0.0,0.0,1142.8790088232981,0.0,0.0,0.0,5.925421671591085,0.0,1.0,0.0,,
2024-03-18 17:00:00,3501.2,3516.66,3454.09,3508.17,38400.7117,0.00029608,77,0.0,0.0,trending,,1111.6973122978081,0.0,0.0,,,1111.6973122978081,0.0,,trending,0.0,{},,322.0,,,,,,,1142.8790088232981,0.0,0.0,0.0,1142.8790088232981,0.0,0.0,0.0,5.292936026033363,0.0,1.0,0.0,,
2024-03-18 18:00:00,3508.18,3516.24,3472.51,3477.3,32741.9702,0.00029608,77,0.0,0.0,trending,,1111.6973122978081,0.0,0.0,,,1111.6973122978081,0.0,,trending,0.0,{},,323.0,,,,,,,1142.8790088232981,0.0,0.0,0.0,1142.8790088232981,0.0,0.0,0.0,6.8259044970497715,0.0,1.0,0.0,,
2024-03-18 19:00:00,3477.3,3508.4,3465.0,3478.89,30969.6576,0.00029608,77,0.0,0.0,trending,,1111.6973122978081,0.0,0.0,,,1111.6973122978081,0.0,,trending,0.0,{},,324.0,,,,,,,1142.8790088232981,0.0,0.0,0.0,1142.8790088232981,0.0,0.0,0.0,6.671693338727073,0.0,1.0,0.0,,
2024-03-18 20:00:00,3478.88,3510.71,3478.88,3508.53,11956.1008,0.00029608,77,0.0,0.0,trending,,1111.6973122978081,0.0,0.0,,,1111.6973122978081,0.0,,trending,0.0,{},,325.0,,,,,,,1142.8790088232981,0.0,0.0,0.0,1142.8790088232981,0.0,0.0,0.0,3.912182602631029,0.0,1.0,0.0,,
2024-03-18 21:00:00,3508.54,3548.0,3507.52,3526.59,16846.6246,0.00029608,77,0.0,0.0,trending,,1111.6973122978081,0.0,0.0,,,1111.6973122978081,0.0,,trending,0.0,{},,326.0,,,,,,,1142.8790088232981,0.0,0.0,0.0,1142.8790088232981,0.0,0.0,0.0,2.3919852910106614,0.0,1.0,0.0,,
2024-03-18 22:00:00,3526.6,3529.0,3502.81,3522.31,14578.2745,0.00029608,77,0.0,0.0,trending,,1111.6973122978081,0.0,0.0,,,1111.6973122978081,0.0,,trending,0.0,{},,327.0,,,,,,,1142.8790088232981,0.0,0.0,0.0,1142.8790088232981,0.0,0.0,0.0,2.673117633895774,0.0,1.0,0.0,,
2024-03-18 23:00:00,3522.32,3546.26,3516.12,3520.46,11251.1882,0.00029608,77,0.0,0.0,trending,,1111.6973122978081,0.0,0.0,,,1111.6973122978081,0.0,,trending,0.0,{},,328.0,,,,,,,1142.8790088232981,0.0,0.0,0.0,1142.8790088232981,0.0,0.0,0.0,2.8009433124938514,0.0,1.0,0.0,,
2024-03-19 00:00:00,3520.47,3548.09,3449.6,3457.19,33464.4389,0.00028148,79,0.0,0.0,trending,,1111.6973122978081,0.0,0.0,,,1111.6973122978081,0.0,,trending,0.0,{},,329.0,,,,,,,1142.8790088232981,0.0,0.0,0.0,1142.8790088232981,0.0,0.0,0.0,6.475670406857631,0.0,1.0,0.0,,
2024-03-19 01:00:00,3457.19,3461.99,3380.0,3391.76,77118.8269,0.00028148,79,9.075208028458674,0.0,trending,,1111.6973122978081,0.0,0.9075208028458673,True,True,1110.6884238604298,0.9074367998161227,,trending,9.075208028458674,{},,330.0,ETHUSDT,2024-03-19 01:00:00,ETHUSDT,3391.76,0.29745277890478683,LONG,1142.8790088232981,0.0,0.0,0.0,1142.8790088232981,0.0,0.0,0.0,9.075208028458674,9.075208028458674,1.0,9.075208028458674,True,True
2024-03-19 02:00:00,3391.76,3442.65,3388.08,3407.14,41685.2681,0.00028148,79,0.0,0.0,trending,,1115.258672776246,0.9078161170773206,-0.9078161170773206,True,True,1114.2462229783894,0.0,,trending,-9.075208028458674,{},,331.0,ETHUSDT,2024-03-19 02:00:00,ETHUSDT,3407.14,0.297155326125882,CLOSE,1142.8790088232981,0.0,0.0,0.0,1142.8790088232981,0.0,0.0,0.0,7.726139512120875,0.0,1.0,0.0,True,True
2024-03-19 03:00:00,3407.14,3437.52,3362.15,3419.17,37430.0893,0.00028148,79,0.0,0.0,trending,,1114.2462229783894,0.0,0.0,,,1114.2462229783894,0.0,,trending,0.0,{},,332.0,,,,,,,1142.8790088232981,0.0,0.0,0.0,1142.8790088232981,0.0,0.0,0.0,6.68322734375293,0.0,1.0,0.0,,
2024-03-19 04:00:00,3419.18,3427.8,3366.67,3379.07,31979.5572,0.00028148,79,8.267435908746547,0.0,trending,,1114.2462229783894,0.0,0.8267435908746548,True,True,1113.3250270548856,0.8266002337292314,,trending,8.267435908746547,{},,333.0,ETHUSDT,2024-03-19 04:00:00,ETHUSDT,3379.07,0.27261818296267165,LONG,1142.8790088232981,0.0,0.0,0.0,1142.8790088232981,0.0,0.0,0.0,8.267435908746547,8.267435908746547,1.0,8.267435908746547,True,True
2024-03-19 05:00:00,3379.07,3397.4,3353.0,3382.21,38205.316,0.00028148,79,0.0,0.0,trending,,1114.180192128294,0.8267333229951325,-0.8267333229951325,True,True,1113.2590622356406,0.0,,trending,-8.267435908746547,{},,334.0,ETHUSDT,2024-03-19 05:00:00,ETHUSDT,3382.21,0.272345564779709,CLOSE,1142.8790088232981,0.0,0.0,0.0,1142.8790088232981,0.0,0.0,0.0,7.9866822221327425,0.0,1.0,0.0,True,True
2024-03-19 06:00:00,3382.2,3393.07,3347.08,3374.99,28250.5279,0.00028148,79,8.27504786844815,0.0,trending,,1113.2590622356406,0.0,0.827504786844815,True,True,1112.3378350326423,0.8273619280138548,,trending,8.27504786844815,{},,335.0,ETHUSDT,2024-03-19 06:00:00,ETHUSDT,3374.99,0.2729570170573431,LONG,1142.8790088232981,0.0,0.0,0.0,1142.8790088232981,0.0,0.0,0.0,8.27504786844815,8.27504786844815,1.0,8.27504786844815,True,True
2024-03-19 07:00:00,3375.0,3375.0,3306.1,3360.14,47785.5536,0.00028148,79,8.866983918202612,0.0,trending,,1108.2884767410442,0.8267311595605922,0.059967232259669045,False,,1108.2884767410442,0.8267311595605922,,trending,0.5919360497544623,{},,336.0,ETHUSDT,2024-03-19 07:00:00,,,,,1142.8790088232981,0.0,0.0,0.0,1142.8790088232981,0.0,0.0,0.0,8.866983918202612,8.866983918202612,1.0,8.866983918202612,True,False
2024-03-19 08:00:00,3360.14,3360.16,3228.0,3241.76,85606.8207,0.00023311,79,12.233201080287337,0.0,trending,,1076.0081377134752,0.8215330790663466,0.40178702896238705,True,True,1075.5758116006837,1.223409871217131,,trending,3.366217162084725,{},,337.0,ETHUSDT,2024-03-19 08:00:00,ETHUSDT,3241.76,0.13336154212256557,LONG,1142.8790088232981,0.0,0.0,0.0,1142.8790088232981,0.0,0.0,0.0,12.233201080287337,12.233201080287337,1.0,12.233201080287337,True,True
2024-03-19 09:00:00,3241.38,3295.94,3206.1,3291.9,72590.8797,0.00023311,79,8.326485459698564,0.0,trending,,1095.9282513454073,1.2192609354298283,-0.3866123894599719,True,True,1095.5045519054777,0.8329705827171905,,trending,-3.9067156205887734,{},,338.0,ETHUSDT,2024-03-19 09:00:00,ETHUSDT,3291.9,0.12870969346861585,REDUCE_LONG,1142.8790088232981,0.0,0.0,0.0,1142.8790088232981,0.0,0.0,0.0,8.326485459698564,8.326485459698564,1.0,8.326485459698564,True,True
2024-03-19 10:00:00,3291.89,3292.05,3210.04,3238.21,52699.7098,0.00023311,79,9.757955961957869,0.0,trending,,1080.6215471488808,0.8306701477328332,0.14512544846295372,False,,1080.6215471488808,0.8306701477328332,,trending,1.4314705022593053,{},,339.0,ETHUSDT,2024-03-19 10:00:00,,,,,1142.8790088232981,0.0,0.0,0.0,1142.8790088232981,0.0,0.0,0.0,9.757955961957869,9.757955961957869,1.0,9.757955961957869,True,False
2024-03-19 11:00:00,3238.21,3281.91,3202.84,3276.51,54512.8038,0.00023311,79,0.0,0.0,trending,,1091.2384047048067,0.8323175887628919,-0.8323175887628919,True,True,1090.3301477870373,0.0,,trending,-9.757955961957869,{},,340.0,ETHUSDT,2024-03-19 11:00:00,ETHUSDT,3276.51,0.2772025471521129,CLOSE,1142.8790088232981,0.0,0.0,0.0,1142.8790088232981,0.0,0.0,0.0,7.195964177512247,0.0,1.0,0.0,True,True
2024-03-19 12:00:00,3276.51,3316.73,3253.67,3295.93,48665.1236,0.00023311,79,0.0,0.0,trending,,1090.3301477870373,0.0,0.0,,,1090.3301477870373,0.0,,trending,0.0,{},,341.0,,,,,,,1142.8790088232981,0.0,0.0,0.0,1142.8790088232981,0.0,0.0,0.0,5.974818897141233,0.0,1.0,0.0,,
2024-03-19 13:00:00,3295.94,3308.79,3265.01,3292.48,35351.2634,0.00023311,79,0.0,0.0,trending,,1090.3301477870373,0.0,0.0,,,1090.3301477870373,0.0,,trending,0.0,{},,342.0,,,,,,,1142.8790088232981,0.0,0.0,0.0,1142.8790088232981,0.0,0.0,0.0,6.094269978110453,0.0,1.0,0.0,,
2024-03-19 14:00:00,3292.48,3292.64,3223.5,3258.94,35895.587,0.00023311,79,0.0,0.0,trending,,1090.3301477870373,0.0,0.0,,,1090.3301477870373,0.0,,trending,0.0,{},,343.0,,,,,,,1142.8790088232981,0.0,0.0,0.0,1142.8790088232981,0.0,0.0,0.0,7.2327497559907385,0.0,1.0,0.0,,
2024-03-19 15:00:00,3258.93,3325.69,3225.0,3303.16,44557.5688,0.00023311,79,0.0,0.0,trending,,1090.3301477870373,0.0,0.0,,,1090.3301477870373,0.0,,trending,0.0,{},,344.0,,,,,,,1142.8790088232981,0.0,0.0,0.0,1142.8790088232981,0.0,0.0,0.0,4.396763869136836,0.0,1.0,0.0,,
2024-03-19 16:00:00,3303.16,3345.0,3289.0,3327.79,43973.6054,0.00023311,79,0.0,0.0,trending,,1090.3301477870373,0.0,0.0,,,1090.3301477870373,0.0,,trending,0.0,{},,345.0,,,,,,,1142.8790088232981,0.0,0.0,0.0,1142.8790088232981,0.0,0.0,0.0,2.962392814596447,0.0,1.0,0.0,,
2024-03-19 17:00:00,3327.79,3357.68,3304.07,3314.29,39635.2901,0.00013469,79,0.0,0.0,trending,,1090.3301477870373,0.0,0.0,,,1090.3301477870373,0.0,,trending,0.0,{},,346.0,,,,,,,1142.8790088232981,0.0,0.0,0.0,1142.8790088232981,0.0,0.0,0.0,3.5338297877200207,0.0,1.0,0.0,,
2024-03-19 18:00:00,3314.29,3333.04,3280.8,3316.38,26299.606,0.00013469,79,0.0,0.0,trending,,1090.3301477870373,0.0,0.0,,,1090.3301477870373,0.0,,trending,0.0,{},,347.0,,,,,,,1142.8790088232981,0.0,0.0,0.0,1142.8790088232981,0.0,0.0,0.0,3.4029424979654976,0.0,1.0,0.0,,
2024-03-19 19:00:00,3316.37,3359.8,3305.69,3333.26,19928.9227,0.00013469,79,0.0,0.0,trending,,1090.3301477870373,0.0,0.0,,,1090.3301477870373,0.0,,trending,0.0,{},,348.0,,,,,,,1142.8790088232981,0.0,0.0,0.0,1142.8790088232981,0.0,0.0,0.0,2.3232496841905856,0.0,1.0,0.0,,
2024-03-19 20:00:00,3333.27,3338.84,3266.13,3279.28,31993.4047,0.00013469,79,0.0,0.0,trending,,1090.3301477870373,0.0,0.0,,,1090.3301477870373,0.0,,trending,0.0,{},,349.0,,,,,,,1142.8790088232981,0.0,0.0,0.0,1142.8790088232981,0.0,0.0,0.0,4.74676845490437,0.0,1.0,0.0,,
2024-03-19 21:00:00,3279.27,3298.9,3253.0,3290.88,21412.8124,0.00013469,79,0.0,0.0,trending,,1090.3301477870373,0.0,0.0,,,1090.3301477870373,0.0,,trending,0.0,{},,350.0,,,,,,,1142.8790088232981,0.0,0.0,0.0,1142.8790088232981,0.0,0.0,0.0,3.985736252768075,0.0,1.0,0.0,,
2024-03-19 22:00:00,3290.88,3296.43,3188.47,3211.29,48664.3188,0.00013469,79,0.0,0.0,trending,,1090.3301477870373,0.0,0.0,,,1090.3301477870373,0.0,,trending,0.0,{},,351.0,,,,,,,1142.8790088232981,0.0,0.0,0.0,1142.8790088232981,0.0,0.0,0.0,6.950927899199809,0.0,1.0,0.0,,
2024-03-19 23:00:00,3211.28,3218.44,3150.88,3158.64,51922.3988,0.00013469,79,8.471610128421856,0.0,trending,,1090.3301477870373,0.0,0.8471610128421856,True,True,1089.4064625947058,0.8470314238282628,,trending,8.471610128421856,{},,352.0,ETHUSDT,2024-03-19 23:00:00,ETHUSDT,3158.64,0.29243129711889815,LONG,1142.8790088232981,0.0,0.0,0.0,1142.8790088232981,0.0,0.0,0.0,8.471610128421856,8.471610128421856,1.0,8.471610128421856,True,True
2024-03-20 00:00:00,3158.65,3238.9,3156.02,3235.11,45083.4592,0.00016096,74,0.0,0.0,trending,,1111.7463216640972,0.850105233353989,-0.850105233353989,True,True,1110.8012202978884,0.0,,trending,-8.471610128421856,{},,353.0,ETHUSDT,2024-03-20 00:00:00,ETHUSDT,3235.11,0.2921388658217792,CLOSE,1142.8790088232981,0.0,0.0,0.0,1142.8790088232981,0.0,0.0,0.0,4.081976371540569,0.0,1.0,0.0,True,True
2024-03-20 01:00:00,3235.11,3236.42,3160.22,3175.38,45114.8439,0.00016096,74,0.0,0.0,trending,,1110.8012202978884,0.0,0.0,,,1110.8012202978884,0.0,,trending,0.0,{},,354.0,,,,,,,1142.8790088232981,0.0,0.0,0.0,1142.8790088232981,0.0,0.0,0.0,5.909369694326045,0.0,1.0,0.0,,
2024-03-20 02:00:00,3175.37,3228.73,3166.08,3224.32,32194.42,0.00016096,74,0.0,0.0,trending,,1110.8012202978884,0.0,0.0,,,1110.8012202978884,0.0,,trending,0.0,{},,355.0,,,,,,,1142.8790088232981,0.0,0.0,0.0,1142.8790088232981,0.0,0.0,0.0,3.526217721153171,0.0,1.0,0.0,,
2024-03-20 03:00:00,3224.33,3266.01,3153.26,3161.02,54292.1298,0.00016096,74,0.0,0.0,trending,,1110.8012202978884,0.0,0.0,,,1110.8012202978884,0.0,,trending,0.0,{},,356.0,,,,,,,1142.8790088232981,0.0,0.0,0.0,1142.8790088232981,0.0,0.0,0.0,5.397142868887994,0.0,1.0,0.0,,
2024-03-20 04:00:00,3161.02,3194.24,3099.99,3129.11,74271.8618,0.00016096,74,0.0,0.0,trending,,1110.8012202978884,0.0,0.0,,,1110.8012202978884,0.0,,trending,0.0,{},,357.0,,,,,,,1142.8790088232981,0.0,0.0,0.0,1142.8790088232981,0.0,0.0,0.0,6.245206555344584,0.0,1.0,0.0,,
2024-03-20 05:00:00,3129.1,3140.65,3056.56,3109.96,62212.9206,0.00016096,74,0.0,0.0,trending,,1110.8012202978884,0.0,0.0,,,1110.8012202978884,0.0,,trending,0.0,{},,358.0,,,,,,,1142.8790088232981,0.0,0.0,0.0,1142.8790088232981,0.0,0.0,0.0,6.742787622846447,0.0,1.0,0.0,,
2024-03-20 06:00:00,3109.95,3148.38,3108.23,3141.18,26653.5321,0.00016096,74,0.0,0.0,trending,,1110.8012202978884,0.0,0.0,,,1110.8012202978884,0.0,,trending,0.0,{},,359.0,,,,,,,1142.8790088232981,0.0,0.0,0.0,1142.8790088232981,0.0,0.0,0.0,5.145717044434765,0.0,1.0,0.0,,
2024-03-20 07:00:00,3141.19,3226.0,3140.34,3218.48,78359.7186,0.00016096,74,0.0,0.0,trending,,1110.8012202978884,0.0,0.0,,,1110.8012202978884,0.0,,trending,0.0,{},,360.0,,,,,,,1142.8790088232981,0.0,0.0,0.0,1142.8790088232981,0.0,0.0,0.0,1.6915624023781135,0.0,1.0,0.0,,
2024-03-20 08:00:00,3218.47,3234.19,3205.1,3207.79,38035.9745,0.00016096,74,0.0,0.0,trending,,1110.8012202978884,0.0,0.0,,,1110.8012202978884,0.0,,trending,0.0,{},,361.0,,,,,,,1142.8790088232981,0.0,0.0,0.0,1142.8790088232981,0.0,0.0,0.0,2.058601427906777,0.0,1.0,0.0,,
2024-03-20 09:00:00,3207.78,3246.0,3205.6,3235.18,30285.9571,0.0001,74,0.0,0.0,trending,,1110.8012202978884,0.0,0.0,,,1110.8012202978884,0.0,,trending,0.0,{},,362.0,,,,,,,1142.8790088232981,0.0,0.0,0.0,1142.8790088232981,0.0,0.0,0.0,0.9023338188163251,0.0,1.0,0.0,,
2024-03-20 10:00:00,3235.19,3254.26,3216.6,3231.18,29157.9148,0.0001,74,0.0,0.0,trending,,1110.8012202978884,0.0,0.0,,,1110.8012202978884,0.0,,trending,0.0,{},,363.0,,,,,,,1142.8790088232981,0.0,0.0,0.0,1142.8790088232981,0.0,0.0,0.0,1.0584886840120846,0.0,1.0,0.0,,
2024-03-20 11:00:00,3231.19,3296.72,3225.0,3293.26,39819.464,0.0001,74,0.0,0.0,trending,,1110.8012202978884,0.0,0.0,,,1110.8012202978884,0.0,,trending,0.0,{},,364.0,,,,,,,1142.8790088232981,0.0,0.0,0.0,1142.8790088232981,0.0,0.0,0.0,-1.4733765865992894,0.0,1.0,0.0,,
2024-03-20 12:00:00,3293.26,3357.0,3275.35,3354.75,58154.6622,0.0001,74,0.0,0.0,trending,,1110.8012202978884,0.0,0.0,,,1110.8012202978884,0.0,,trending,0.0,{},,365.0,,,,,,,1142.8790088232981,0.0,0.0,0.0,1142.8790088232981,0.0,0.0,0.0,-3.5793018729001265,0.0,1.0,0.0,,
2024-03-20 13:00:00,3354.83,3372.4,3324.21,3346.09,43629.5946,0.0001,74,0.0,0.0,trending,,1110.8012202978884,0.0,0.0,,,1110.8012202978884,0.0,,trending,0.0,{},,366.0,,,,,,,1142.8790088232981,0.0,0.0,0.0,1142.8790088232981,0.0,0.0,0.0,-3.1796754496413513,0.0,1.0,0.0,,
2024-03-20 14:00:00,3346.09,3388.0,3329.51,3385.59,39437.5291,0.0001,74,0.0,0.0,trending,,1110.8012202978884,0.0,0.0,,,1110.8012202978884,0.0,,trending,0.0,{},,367.0,,,,,,,1142.8790088232981,0.0,0.0,0.0,1142.8790088232981,0.0,0.0,0.0,-4.472351026131861,0.0,1.0,0.0,,
2024-03-20 15:00:00,3385.59,3397.0,3283.65,3292.55,84846.2819,0.0001,74,0.0,0.0,trending,,1110.8012202978884,0.0,0.0,,,1110.8012202978884,0.0,,trending,0.0,{},,368.0,,,,,,,1142.8790088232981,0.0,0.0,0.0,1142.8790088232981,0.0,0.0,0.0,-0.4798927430989295,0.0,1.0,0.0,,
2024-03-20 16:00:00,3292.54,3315.51,3140.71,3241.21,106595.9857,0.0001,74,0.0,0.0,trending,,1110.8012202978884,0.0,0.0,,,1110.8012202978884,0.0,,trending,0.0,{},,369.0,,,,,,,1142.8790088232981,0.0,0.0,0.0,1142.8790088232981,0.0,0.0,0.0,1.330105237761211,0.0,1.0,0.0,,
2024-03-20 17:00:00,3241.21,3340.69,3226.53,3299.19,67147.1327,0.0001,74,0.0,0.0,trending,,1110.8012202978884,0.0,0.0,,,1110.8012202978884,0.0,,trending,0.0,{},,370.0,,,,,,,1142.8790088232981,0.0,0.0,0.0,1142.8790088232981,0.0,0.0,0.0,-0.7400893826631858,0.0,1.0,0.0,,
2024-03-20 18:00:00,3299.19,3405.78,3295.42,3397.6,55117.4161,0.0001,74,0.0,0.0,trending,,1110.8012202978884,0.0,0.0,,,1110.8012202978884,0.0,,trending,0.0,{},,371.0,,,,,,,1142.8790088232981,0.0,0.0,0.0,1142.8790088232981,0.0,0.0,0.0,-3.642059836825706,0.0,1.0,0.0,,
2024-03-20 19:00:00,3397.59,3398.28,3354.32,3379.01,35046.3221,0.0001,74,0.0,0.0,trending,,1110.8012202978884,0.0,0.0,,,1110.8012202978884,0.0,,trending,0.0,{},,372.0,,,,,,,1142.8790088232981,0.0,0.0,0.0,1142.8790088232981,0.0,0.0,0.0,-2.938922938616247,0.0,1.0,0.0,,
2024-03-20 20:00:00,3379.0,3492.56,3370.91,3460.73,54779.5873,0.0001,74,0.0,0.0,trending,,1110.8012202978884,0.0,0.0,,,1110.8012202978884,0.0,,trending,0.0,{},,373.0,,,,,,,1142.8790088232981,0.0,0.0,0.0,1142.8790088232981,0.0,0.0,0.0,-5.0445701076864315,0.0,1.0,0.0,,
2024-03-20 21:00:00,3460.74,3518.75,3456.43,3498.53,44515.4912,0.0001,74,0.0,0.0,trending,,1110.8012202978884,0.0,0.0,,,1110.8012202978884,0.0,,trending,0.0,{},,374.0,,,,,,,1142.8790088232981,0.0,0.0,0.0,1142.8790088232981,0.0,0.0,0.0,-5.910758047439913,0.0,1.0,0.0,,
2024-03-20 22:00:00,3498.52,3525.0,3491.49,3520.46,33476.6749,0.0001,74,0.0,0.0,trending,,1110.8012202978884,0.0,0.0,,,1110.8012202978884,0.0,,trending,0.0,{},,375.0,,,,,,,1142.8790088232981,0.0,0.0,0.0,1142.8790088232981,0.0,0.0,0.0,-6.4027939673743735,0.0,1.0,0.0,,
2024-03-20 23:00:00,3520.47,3535.24,3503.6,3516.53,29093.9459,0.0001,74,0.0,0.0,trending,,1110.8012202978884,0.0,0.0,,,1110.8012202978884,0.0,,trending,0.0,{},,376.0,,,,,,,1142.8790088232981,0.0,0.0,0.0,1142.8790088232981,0.0,0.0,0.0,-6.226034840737623,0.0,1.0,0.0,,
2024-03-21 00:00:00,3516.53,3550.81,3494.79,3516.36,42694.2558,0.00019507,78,0.0,0.0,trending,,1110.8012202978884,0.0,0.0,,,1110.8012202978884,0.0,,trending,0.0,{},,377.0,,,,,,,1142.8790088232981,0.0,0.0,0.0,1142.8790088232981,0.0,0.0,0.0,-6.217858446879621,0.0,1.0,0.0,,
2024-03-21 01:00:00,3516.36,3530.17,3508.64,3526.05,21662.0825,0.00019507,78,0.0,0.0,trending,,1110.8012202978884,0.0,0.0,,,1110.8012202978884,0.0,,trending,0.0,{},,378.0,,,,,,,1142.8790088232981,0.0,0.0,0.0,1142.8790088232981,0.0,0.0,0.0,-6.47665780485595,0.0,1.0,0.0,,
2024-03-21 02:00:00,3526.05,3558.99,3526.05,3540.25,19946.9146,0.00019507,78,0.0,0.0,trending,,1110.8012202978884,0.0,0.0,,,1110.8012202978884,0.0,,trending,0.0,{},,379.0,,,,,,,1142.8790088232981,0.0,0.0,0.0,1142.8790088232981,0.0,0.0,0.0,-6.865902404055237,0.0,1.0,0.0,,
2024-03-21 03:00:00,3540.24,3555.0,3493.4,3510.59,25499.4897,0.00019507,78,0.0,0.0,trending,,1110.8012202978884,0.0,0.0,,,1110.8012202978884,0.0,,trending,0.0,{},,380.0,,,,,,,1142.8790088232981,0.0,0.0,0.0,1142.8790088232981,0.0,0.0,0.0,-5.23226713115366,0.0,1.0,0.0,,
2024-03-21 04:00:00,3510.59,3521.6,3485.94,3494.3,19222.4659,0.00019507,78,0.0,0.0,trending,,1110.8012202978884,0.0,0.0,,,1110.8012202978884,0.0,,trending,0.0,{},,381.0,,,,,,,1142.8790088232981,0.0,0.0,0.0,1142.8790088232981,0.0,0.0,0.0,-4.3563015415333615,0.0,1.0,0.0,,
2024-03-21 05:00:00,3494.29,3511.27,3446.47,3510.08,26531.7108,0.00019507,78,0.0,0.0,trending,,1110.8012202978884,0.0,0.0,,,1110.8012202978884,0.0,,trending,0.0,{},,382.0,,,,,,,1142.8790088232981,0.0,0.0,0.0,1142.8790088232981,0.0,0.0,0.0,-4.903062820535175,0.0,1.0,0.0,,
2024-03-21 06:00:00,3510.09,3533.57,3502.0,3507.16,20641.1879,0.00019507,78,0.0,0.0,trending,,1110.8012202978884,0.0,0.0,,,1110.8012202978884,0.0,,trending,0.0,{},,383.0,,,,,,,1142.8790088232981,0.0,0.0,0.0,1142.8790088232981,0.0,0.0,0.0,-4.730811868008175,0.0,1.0,0.0,,
2024-03-21 07:00:00,3507.16,3537.2,3502.05,3516.03,23570.1519,0.00019507,78,0.0,0.0,trending,,1110.8012202978884,0.0,0.0,,,1110.8012202978884,0.0,,trending,0.0,{},,384.0,,,,,,,1142.8790088232981,0.0,0.0,0.0,1142.8790088232981,0.0,0.0,0.0,-5.068657413348413,0.0,1.0,0.0,,
2024-03-21 08:00:00,3516.04,3585.76,3516.03,3569.46,30416.0353,0.00013771,78,0.0,0.0,trending,,1110.8012202978884,0.0,0.0,,,1110.8012202978884,0.0,,trending,0.0,{},,385.0,,,,,,,1142.8790088232981,0.0,0.0,0.0,1142.8790088232981,0.0,0.0,0.0,-6.942832481075522,0.0,1.0,0.0,,
2024-03-21 09:00:00,3569.45,3587.32,3523.77,3536.96,29376.6606,0.00013771,78,0.0,0.0,trending,,1110.8012202978884,0.0,0.0,,,1110.8012202978884,0.0,,trending,0.0,{},,386.0,,,,,,,1142.8790088232981,0.0,0.0,0.0,1142.8790088232981,0.0,0.0,0.0,-4.895827717827871,0.0,1.0,0.0,,
2024-03-21 10:00:00,3536.96,3550.0,3525.55,3541.98,17616.1582,0.00013771,78,0.0,0.0,trending,,1110.8012202978884,0.0,0.0,,,1110.8012202978884,0.0,,trending,0.0,{},,387.0,,,,,,,1142.8790088232981,0.0,0.0,0.0,1142.8790088232981,0.0,0.0,0.0,-5.084336184609095,0.0,1.0,0.0,,
2024-03-21 11:00:00,3541.98,3549.8,3520.14,3531.18,17435.9901,0.00013771,78,0.0,0.0,trending,,1110.8012202978884,0.0,0.0,,,1110.8012202978884,0.0,,trending,0.0,{},,388.0,,,,,,,1142.8790088232981,0.0,0.0,0.0,1142.8790088232981,0.0,0.0,0.0,-4.379387041979633,0.0,1.0,0.0,,
2024-03-21 12:00:00,3531.18,3565.73,3523.44,3541.6,17847.5428,0.00013771,78,0.0,0.0,trending,,1110.8012202978884,0.0,0.0,,,1110.8012202978884,0.0,,trending,0.0,{},,389.0,,,,,,,1142.8790088232981,0.0,0.0,0.0,1142.8790088232981,0.0,0.0,0.0,-4.822573476093044,0.0,1.0,0.0,,
2024-03-21 13:00:00,3541.6,3574.41,3515.01,3519.85,33580.9229,0.00013771,78,0.0,0.0,trending,,1110.8012202978884,0.0,0.0,,,1110.8012202978884,0.0,,trending,0.0,{},,390.0,,,,,,,1142.8790088232981,0.0,0.0,0.0,1142.8790088232981,0.0,0.0,0.0,-3.3343939834943317,0.0,1.0,0.0,,
2024-03-21 14:00:00,3519.84,3564.84,3511.0,3529.52,20372.7314,0.00013771,78,0.0,0.0,trending,,1110.8012202978884,0.0,0.0,,,1110.8012202978884,0.0,,trending,0.0,{},,391.0,,,,,,,1142.8790088232981,0.0,0.0,0.0,1142.8790088232981,0.0,0.0,0.0,-3.7994326886740257,0.0,1.0,0.0,,
2024-03-21 15:00:00,3529.53,3533.2,3478.73,3497.6,32167.2224,0.00013771,78,0.0,0.0,trending,,1110.8012202978884,0.0,0.0,,,1110.8012202978884,0.0,,trending,0.0,{},,392.0,,,,,,,1142.8790088232981,0.0,0.0,0.0,1142.8790088232981,0.0,0.0,0.0,-1.6516937318153255,0.0,1.0,0.0,,
2024-03-21 16:00:00,3497.59,3530.41,3484.94,3528.56,20023.4558,0.00017743,78,0.0,0.0,trending,,1110.8012202978884,0.0,0.0,,,1110.8012202978884,0.0,,trending,0.0,{},,393.0,,,,,,,1142.8790088232981,0.0,0.0,0.0,1142.8790088232981,0.0,0.0,0.0,-3.232255501154262,0.0,1.0,0.0,,
2024-03-21 17:00:00,3528.56,3545.99,3462.1,3472.99,32550.4428,0.00017743,78,0.0,0.0,trending,,1110.8012202978884,0.0,0.0,,,1110.8012202978884,0.0,,trending,0.0,{},,394.0,,,,,,,1142.8790088232981,0.0,0.0,0.0,1142.8790088232981,0.0,0.0,0.0,0.08395788888342111,0.0,1.0,0.0,,
2024-03-21 18:00:00,3473.0,3481.14,3412.22,3421.71,36285.4092,0.00017743,78,0.0,0.0,trending,,1110.8012202978884,0.0,0.0,,,1110.8012202978884,0.0,,trending,0.0,{},,395.0,,,,,,,1142.8790088232981,0.0,0.0,0.0,1142.8790088232981,0.0,0.0,0.0,2.558168618472422,0.0,1.0,0.0,,
2024-03-21 19:00:00,3421.72,3452.43,3416.94,3441.38,42820.1937,0.00017743,78,0.0,0.0,trending,,1110.8012202978884,0.0,0.0,,,1110.8012202978884,0.0,,trending,0.0,{},,396.0,,,,,,,1142.8790088232981,0.0,0.0,0.0,1142.8790088232981,0.0,0.0,0.0,1.4570192444839707,0.0,1.0,0.0,,
2024-03-21 20:00:00,3441.37,3500.0,3412.0,3484.27,31690.3376,0.00017743,78,0.0,0.0,trending,,1110.8012202978884,0.0,0.0,,,1110.8012202978884,0.0,,trending,0.0,{},,397.0,,,,,,,1142.8790088232981,0.0,0.0,0.0,1142.8790088232981,0.0,0.0,0.0,-0.7495397721411706,0.0,1.0,0.0,,
2024-03-21 21:00:00,3484.26,3507.36,3468.36,3503.75,13538.5968,0.00017743,78,0.0,0.0,trending,,1110.8012202978884,0.0,0.0,,,1110.8012202978884,0.0,,trending,0.0,{},,398.0,,,,,,,1142.8790088232981,0.0,0.0,0.0,1142.8790088232981,0.0,0.0,0.0,-1.671463314917989,0.0,1.0,0.0,,
2024-03-21 22:00:00,3503.74,3521.91,3482.68,3483.2,17815.729,0.00017743,78,0.0,0.0,trending,,1110.8012202978884,0.0,0.0,,,1110.8012202978884,0.0,,trending,0.0,{},,399.0,,,,,,,1142.8790088232981,0.0,0.0,0.0,1142.8790088232981,0.0,0.0,0.0,-0.5532098993324069,0.0,1.0,0.0,,
2024-03-21 23:00:00,3483.19,3500.0,3480.6,3492.85,9449.5195,0.00017743,78,0.0,0.0,trending,,1110.8012202978884,0.0,0.0,,,1110.8012202978884,0.0,,trending,0.0,{},,400.0,,,,,,,1142.8790088232981,0.0,0.0,0.0,1142.8790088232981,0.0,0.0,0.0,-1.0477540967053671,0.0,1.0,0.0,,
2024-03-22 00:00:00,3492.84,3519.8,3472.95,3495.32,16934.4776,0.00022775,75,0.0,0.0,trending,,1110.8012202978884,0.0,0.0,,,1110.8012202978884,0.0,,trending,0.0,{},,401.0,,,,,,,1142.8790088232981,0.0,0.0,0.0,1142.8790088232981,0.0,0.0,0.0,-1.17968732018266,0.0,1.0,0.0,,
2024-03-22 01:00:00,3495.33,3511.38,3460.0,3463.21,13058.0327,0.00022775,75,0.0,0.0,trending,,1110.8012202978884,0.0,0.0,,,1110.8012202978884,0.0,,trending,0.0,{},,402.0,,,,,,,1142.8790088232981,0.0,0.0,0.0,1142.8790088232981,0.0,0.0,0.0,0.7011162330027816,0.0,1.0,0.0,,
2024-03-22 02:00:00,3463.22,3481.5,3454.01,3478.02,11915.0798,0.00022775,75,0.0,0.0,trending,,1110.8012202978884,0.0,0.0,,,1110.8012202978884,0.0,,trending,0.0,{},,403.0,,,,,,,1142.8790088232981,0.0,0.0,0.0,1142.8790088232981,0.0,0.0,0.0,-0.17341071449878598,0.0,1.0,0.0,,
2024-03-22 03:00:00,3478.01,3527.61,3475.86,3522.01,19181.2661,0.00022775,75,0.0,0.0,trending,,1110.8012202978884,0.0,0.0,,,1110.8012202978884,0.0,,trending,0.0,{},,404.0,,,,,,,1142.8790088232981,0.0,0.0,0.0,1142.8790088232981,0.0,0.0,0.0,-2.5336943723486147,0.0,1.0,0.0,,
2024-03-22 04:00:00,3522.0,3527.0,3502.0,3511.12,15461.4059,0.00022775,75,0.0,0.0,trending,,1110.8012202978884,0.0,0.0,,,1110.8012202978884,0.0,,trending,0.0,{},,405.0,,,,,,,1142.8790088232981,0.0,0.0,0.0,1142.8790088232981,0.0,0.0,0.0,-1.8405242597772258,0.0,1.0,0.0,,
2024-03-22 05:00:00,3511.13,3533.49,3500.63,3531.81,12465.4113,0.00022775,75,0.0,0.0,trending,,1110.8012202978884,0.0,0.0,,,1110.8012202978884,0.0,,trending,0.0,{},,406.0,,,,,,,1142.8790088232981,0.0,0.0,0.0,1142.8790088232981,0.0,0.0,0.0,-2.9157973928525935,0.0,1.0,0.0,,
2024-03-22 06:00:00,3531.8,3542.52,3521.27,3532.18,13019.4179,0.00022775,75,0.0,0.0,trending,,1110.8012202978884,0.0,0.0,,,1110.8012202978884,0.0,,trending,0.0,{},,407.0,,,,,,,1142.8790088232981,0.0,0.0,0.0,1142.8790088232981,0.0,0.0,0.0,-2.9352517440826604,0.0,1.0,0.0,,
2024-03-22 07:00:00,3532.19,3533.0,3509.45,3511.4,17255.0638,0.00022775,75,0.0,0.0,trending,,1110.8012202978884,0.0,0.0,,,1110.8012202978884,0.0,,trending,0.0,{},,408.0,,,,,,,1142.8790088232981,0.0,0.0,0.0,1142.8790088232981,0.0,0.0,0.0,-1.4570182679056929,0.0,1.0,0.0,,
2024-03-22 08:00:00,3511.39,3523.8,3476.6,3483.0,15835.7278,0.00023317,75,0.0,0.0,trending,,1110.8012202978884,0.0,0.0,,,1110.8012202978884,0.0,,trending,0.0,{},,409.0,,,,,,,1142.8790088232981,0.0,0.0,0.0,1142.8790088232981,0.0,0.0,0.0,0.402089391649821,0.0,1.0,0.0,,
2024-03-22 09:00:00,3483.0,3494.04,3455.71,3466.49,15995.6257,0.00023317,75,0.0,0.0,trending,,1110.8012202978884,0.0,0.0,,,1110.8012202978884,0.0,,trending,0.0,{},,410.0,,,,,,,1142.8790088232981,0.0,0.0,0.0,1142.8790088232981,0.0,0.0,0.0,1.410465233548405,0.0,1.0,0.0,,
2024-03-22 10:00:00,3466.5,3473.0,3428.0,3433.01,18959.8804,0.00023317,75,0.0,0.0,trending,,1110.8012202978884,0.0,0.0,,,1110.8012202978884,0.0,,trending,0.0,{},,411.0,,,,,,,1142.8790088232981,0.0,0.0,0.0,1142.8790088232981,0.0,0.0,0.0,3.288271693720722,0.0,1.0,0.0,,
2024-03-22 11:00:00,3433.01,3442.0,3394.42,3405.19,17907.0001,0.00023317,75,0.0,0.0,trending,,1110.8012202978884,0.0,0.0,,,1110.8012202978884,0.0,,trending,0.0,{},,412.0,,,,,,,1142.8790088232981,0.0,0.0,0.0,1142.8790088232981,0.0,0.0,0.0,4.67369429891356,0.0,1.0,0.0,,
2024-03-22 12:00:00,3405.18,3425.84,3381.18,3411.5,20569.8211,0.00023317,75,0.0,0.0,trending,,1110.8012202978884,0.0,0.0,,,1110.8012202978884,0.0,,trending,0.0,{},,413.0,,,,,,,1142.8790088232981,0.0,0.0,0.0,1142.8790088232981,0.0,0.0,0.0,4.183972653229839,0.0,1.0,0.0,,
2024-03-22 13:00:00,3411.51,3419.5,3330.0,3340.35,41082.7254,0.00023317,75,0.0,0.0,trending,,1110.8012202978884,0.0,0.0,,,1110.8012202978884,0.0,,trending,0.0,{},,414.0,,,,,,,1142.8790088232981,0.0,0.0,0.0,1142.8790088232981,0.0,0.0,0.0,7.255540053209955,0.0,1.0,0.0,,
2024-03-22 14:00:00,3340.35,3360.86,3281.0,3287.4,52943.7208,0.00023317,75,8.972001627826518,0.0,trending,,1110.8012202978884,0.0,0.8972001627826518,True,True,1109.804609262218,0.8971078479270629,,trending,8.972001627826518,{},,415.0,ETHUSDT,2024-03-22 14:00:00,ETHUSDT,3287.4,0.30316086745465526,LONG,1142.8790088232981,0.0,0.0,0.0,1142.8790088232981,0.0,0.0,0.0,8.972001627826518,8.972001627826518,1.0,8.972001627826518,True,True
2024-03-22 15:00:00,3287.4,3377.47,3281.12,3349.31,45799.2118,0.00023317,75,0.0,0.0,trending,,1128.5545298770317,0.8988173086860969,-0.8988173086860969,True,True,1127.5401655317821,0.0,,trending,-8.972001627826518,{},,416.0,ETHUSDT,2024-03-22 15:00:00,ETHUSDT,3349.31,0.3028577065872006,CLOSE,1142.8790088232981,0.0,0.0,0.0,1142.8790088232981,0.0,0.0,0.0,4.771144086760296,0.0,1.0,0.0,True,True
2024-03-22 16:00:00,3349.3,3349.7,3289.0,3312.79,33687.3549,0.00016092,75,0.0,0.0,trending,,1127.5401655317821,0.0,0.0,,,1127.5401655317821,0.0,,trending,0.0,{},,417.0,,,,,,,1142.8790088232981,0.0,0.0,0.0,1142.8790088232981,0.0,0.0,0.0,6.055579998938907,0.0,1.0,0.0,,
2024-03-22 17:00:00,3312.8,3344.41,3312.65,3335.97,19350.7372,0.00016092,75,0.0,0.0,trending,,1127.5401655317821,0.0,0.0,,,1127.5401655317821,0.0,,trending,0.0,{},,418.0,,,,,,,1142.8790088232981,0.0,0.0,0.0,1142.8790088232981,0.0,0.0,0.0,4.635303312427894,0.0,1.0,0.0,,
2024-03-22 18:00:00,3335.97,3362.19,3321.16,3342.5,36833.6704,0.00016092,75,0.0,0.0,trending,,1127.5401655317821,0.0,0.0,,,1127.5401655317821,0.0,,trending,0.0,{},,419.0,,,,,,,1142.8790088232981,0.0,0.0,0.0,1142.8790088232981,0.0,0.0,0.0,4.234542037254565,0.0,1.0,0.0,,
2024-03-22 19:00:00,3342.49,3358.99,3321.53,3340.46,34077.6015,0.00016092,75,0.0,0.0,trending,,1127.5401655317821,0.0,0.0,,,1127.5401655317821,0.0,,trending,0.0,{},,420.0,,,,,,,1142.8790088232981,0.0,0.0,0.0,1142.8790088232981,0.0,0.0,0.0,4.320352140440451,0.0,1.0,0.0,,
2024-03-22 20:00:00,3340.46,3345.59,3305.46,3317.49,27818.932,0.00016092,75,0.0,0.0,trending,,1127.5401655317821,0.0,0.0,,,1127.5401655317821,0.0,,trending,0.0,{},,421.0,,,,,,,1142.8790088232981,0.0,0.0,0.0,1142.8790088232981,0.0,0.0,0.0,5.29121463064993,0.0,1.0,0.0,,
2024-03-22 21:00:00,3317.5,3318.83,3250.0,3294.8,29229.637,0.00016092,75,0.0,0.0,trending,,1127.5401655317821,0.0,0.0,,,1127.5401655317821,0.0,,trending,0.0,{},,422.0,,,,,,,1142.8790088232981,0.0,0.0,0.0,1142.8790088232981,0.0,0.0,0.0,6.200195391365316,0.0,1.0,0.0,,
2024-03-22 22:00:00,3294.81,3301.49,3254.42,3287.2,18368.5759,0.00016092,75,0.0,0.0,trending,,1127.5401655317821,0.0,0.0,,,1127.5401655317821,0.0,,trending,0.0,{},,423.0,,,,,,,1142.8790088232981,0.0,0.0,0.0,1142.8790088232981,0.0,0.0,0.0,6.501104829836447,0.0,1.0,0.0,,
2024-03-22 23:00:00,3287.2,3336.36,3281.4,3336.35,11098.5109,0.00016092,75,0.0,0.0,trending,,1127.5401655317821,0.0,0.0,,,1127.5401655317821,0.0,,trending,0.0,{},,424.0,,,,,,,1142.8790088232981,0.0,0.0,0.0,1142.8790088232981,0.0,0.0,0.0,3.0071186237705434,0.0,1.0,0.0,,
2024-03-23 00:00:00,3336.35,3337.01,3315.51,3319.04,11662.7198,0.00010552,73,0.0,0.0,trending,,1127.5401655317821,0.0,0.0,,,1127.5401655317821,0.0,,trending,0.0,{},,425.0,,,,,,,1142.8790088232981,0.0,0.0,0.0,1142.8790088232981,0.0,0.0,0.0,3.8163930172516274,0.0,1.0,0.0,,
2024-03-23 01:00:00,3319.05,3353.4,3318.02,3347.26,13738.7311,0.00010552,73,0.0,0.0,trending,,1127.5401655317821,0.0,0.0,,,1127.5401655317821,0.0,,trending,0.0,{},,426.0,,,,,,,1142.8790088232981,0.0,0.0,0.0,1142.8790088232981,0.0,0.0,0.0,1.9786962066978164,0.0,1.0,0.0,,
2024-03-23 02:00:00,3347.25,3362.38,3328.09,3338.59,14606.6996,0.00010552,73,0.0,0.0,trending,,1127.5401655317821,0.0,0.0,,,1127.5401655317821,0.0,,trending,0.0,{},,427.0,,,,,,,1142.8790088232981,0.0,0.0,0.0,1142.8790088232981,0.0,0.0,0.0,2.4273272815008227,0.0,1.0,0.0,,
2024-03-23 03:00:00,3338.6,3339.5,3270.08,3303.56,18610.1905,0.00010552,73,0.0,0.0,trending,,1127.5401655317821,0.0,0.0,,,1127.5401655317821,0.0,,trending,0.0,{},,428.0,,,,,,,1142.8790088232981,0.0,0.0,0.0,1142.8790088232981,0.0,0.0,0.0,4.144712928096226,0.0,1.0,0.0,,
2024-03-23 04:00:00,3303.55,3337.5,3298.6,3327.58,10034.8219,0.00010552,73,0.0,0.0,trending,,1127.5401655317821,0.0,0.0,,,1127.5401655317821,0.0,,trending,0.0,{},,429.0,,,,,,,1142.8790088232981,0.0,0.0,0.0,1142.8790088232981,0.0,0.0,0.0,2.519511642337406,0.0,1.0,0.0,,
2024-03-23 05:00:00,3327.57,3336.8,3315.8,3331.62,6636.1399,0.00010552,73,0.0,0.0,trending,,1127.5401655317821,0.0,0.0,,,1127.5401655317821,0.0,,trending,0.0,{},,430.0,,,,,,,1142.8790088232981,0.0,0.0,0.0,1142.8790088232981,0.0,0.0,0.0,2.2482655291296285,0.0,1.0,0.0,,
2024-03-23 06:00:00,3331.62,3347.63,3321.21,3341.83,9173.8598,0.00010552,73,0.0,0.0,trending,,1127.5401655317821,0.0,0.0,,,1127.5401655317821,0.0,,trending,0.0,{},,431.0,,,,,,,1142.8790088232981,0.0,0.0,0.0,1142.8790088232981,0.0,0.0,0.0,1.5420456781414715,0.0,1.0,0.0,,
2024-03-23 07:00:00,3341.84,3383.8,3341.5,3365.28,16610.933,0.00010552,73,0.0,0.0,trending,,1127.5401655317821,0.0,0.0,,,1127.5401655317821,0.0,,trending,0.0,{},,432.0,,,,,,,1142.8790088232981,0.0,0.0,0.0,1142.8790088232981,0.0,0.0,0.0,-0.02617811773130825,0.0,1.0,0.0,,
2024-03-23 08:00:00,3365.28,3377.44,3340.63,3350.79,11825.5731,0.00012459,73,0.0,0.0,trending,,1127.5401655317821,0.0,0.0,,,1127.5401655317821,0.0,,trending,0.0,{},,433.0,,,,,,,1142.8790088232981,0.0,0.0,0.0,1142.8790088232981,0.0,0.0,0.0,0.8991238583627421,0.0,1.0,0.0,,
2024-03-23 09:00:00,3350.79,3356.96,3328.34,3354.11,10269.8563,0.00012459,73,0.0,0.0,trending,,1127.5401655317821,0.0,0.0,,,1127.5401655317821,0.0,,trending,0.0,{},,434.0,,,,,,,1142.8790088232981,0.0,0.0,0.0,1142.8790088232981,0.0,0.0,0.0,0.663545371235702,0.0,1.0,0.0,,
2024-03-23 10:00:00,3354.11,3380.57,3336.62,3347.49,13995.1872,0.00012459,73,0.0,0.0,trending,,1127.5401655317821,0.0,0.0,,,1127.5401655317821,0.0,,trending,0.0,{},,435.0,,,,,,,1142.8790088232981,0.0,0.0,0.0,1142.8790088232981,0.0,0.0,0.0,1.1205375391289039,0.0,1.0,0.0,,
2024-03-23 11:00:00,3347.49,3368.8,3342.43,3364.99,7417.3984,0.00012459,73,0.0,0.0,trending,,1127.5401655317821,0.0,0.0,,,1127.5401655317821,0.0,,trending,0.0,{},,436.0,,,,,,,1142.8790088232981,0.0,0.0,0.0,1142.8790088232981,0.0,0.0,0.0,-0.21090444497955332,0.0,1.0,0.0,,
2024-03-23 12:00:00,3364.98,3382.28,3359.5,3369.67,9912.8424,0.00012459,73,0.0,0.0,trending,,1127.5401655317821,0.0,0.0,,,1127.5401655317821,0.0,,trending,0.0,{},,437.0,,,,,,,1142.8790088232981,0.0,0.0,0.0,1142.8790088232981,0.0,0.0,0.0,-0.5637648103254804,0.0,1.0,0.0,,
2024-03-23 13:00:00,3369.68,3374.27,3343.41,3365.67,13006.0936,0.00012459,73,0.0,0.0,trending,,1127.5401655317821,0.0,0.0,,,1127.5401655317821,0.0,,trending,0.0,{},,438.0,,,,,,,1142.8790088232981,0.0,0.0,0.0,1142.8790088232981,0.0,0.0,0.0,-0.23166528729196045,0.0,1.0,0.0,,
2024-03-23 14:00:00,3365.68,3422.55,3352.71,3415.17,23983.5853,0.00012459,73,0.0,0.0,trending,,1127.5401655317821,0.0,0.0,,,1127.5401655317821,0.0,,trending,0.0,{},,439.0,,,,,,,1142.8790088232981,0.0,0.0,0.0,1142.8790088232981,0.0,0.0,0.0,-3.7325399009750644,0.0,1.0,0.0,,
2024-03-23 15:00:00,3415.18,3423.03,3383.19,3405.5,22974.8615,0.00012459,73,0.0,0.0,trending,,1127.5401655317821,0.0,0.0,,,1127.5401655317821,0.0,,trending,0.0,{},,440.0,,,,,,,1142.8790088232981,0.0,0.0,0.0,1142.8790088232981,0.0,0.0,0.0,-2.8800865476061777,0.0,1.0,0.0,,
2024-03-23 16:00:00,3405.49,3435.48,3385.0,3414.64,17664.8503,0.00013906,73,0.0,0.0,trending,,1127.5401655317821,0.0,0.0,,,1127.5401655317821,0.0,,trending,0.0,{},,441.0,,,,,,,1142.8790088232981,0.0,0.0,0.0,1142.8790088232981,0.0,0.0,0.0,-3.4839595495548936,0.0,1.0,0.0,,
2024-03-23 17:00:00,3414.65,3422.61,3397.25,3403.82,14244.9463,0.00013906,73,0.0,0.0,trending,,1127.5401655317821,0.0,0.0,,,1127.5401655317821,0.0,,trending,0.0,{},,442.0,,,,,,,1142.8790088232981,0.0,0.0,0.0,1142.8790088232981,0.0,0.0,0.0,-2.473409831332768,0.0,1.0,0.0,,
2024-03-23 18:00:00,3403.81,3413.39,3396.25,3405.32,6432.1491,0.00013906,73,0.0,0.0,trending,,1127.5401655317821,0.0,0.0,,,1127.5401655317821,0.0,,trending,0.0,{},,443.0,,,,,,,1142.8790088232981,0.0,0.0,0.0,1142.8790088232981,0.0,0.0,0.0,-2.585271450664189,0.0,1.0,0.0,,
2024-03-23 19:00:00,3405.31,3411.79,3384.82,3386.12,6736.0895,0.00013906,73,0.0,0.0,trending,,1127.5401655317821,0.0,0.0,,,1127.5401655317821,0.0,,trending,0.0,{},,444.0,,,,,,,1142.8790088232981,0.0,0.0,0.0,1142.8790088232981,0.0,0.0,0.0,-0.7585890019585748,0.0,1.0,0.0,,
2024-03-23 20:00:00,3386.11,3394.49,3378.17,3387.0,5628.639,0.00013906,73,0.0,0.0,trending,,1127.5401655317821,0.0,0.0,,,1127.5401655317821,0.0,,trending,0.0,{},,445.0,,,,,,,1142.8790088232981,0.0,0.0,0.0,1142.8790088232981,0.0,0.0,0.0,-0.8351362782629366,0.0,1.0,0.0,,
2024-03-23 21:00:00,3387.01,3397.98,3371.77,3388.05,8810.505,0.00013906,73,0.0,0.0,trending,,1127.5401655317821,0.0,0.0,,,1127.5401655317821,0.0,,trending,0.0,{},,446.0,,,,,,,1142.8790088232981,0.0,0.0,0.0,1142.8790088232981,0.0,0.0,0.0,-0.9325399803349002,0.0,1.0,0.0,,
2024-03-23 22:00:00,3388.05,3401.6,3374.3,3377.1,29188.9738,0.00013906,73,0.0,0.0,trending,,1127.5401655317821,0.0,0.0,,,1127.5401655317821,0.0,,trending,0.0,{},,447.0,,,,,,,1142.8790088232981,0.0,0.0,0.0,1142.8790088232981,0.0,0.0,0.0,0.1979218863497465,0.0,1.0,0.0,,
2024-03-23 23:00:00,3377.1,3379.78,3327.28,3329.53,20510.2984,0.00013906,73,0.0,0.0,trending,,1127.5401655317821,0.0,0.0,,,1127.5401655317821,0.0,,trending,0.0,{},,448.0,,,,,,,1142.8790088232981,0.0,0.0,0.0,1142.8790088232981,0.0,0.0,0.0,4.192051583892115,0.0,1.0,0.0,,
2024-03-24 00:00:00,3329.53,3358.82,3327.44,3357.61,8791.6619,0.00012767,74,0.0,0.0,trending,,1127.5401655317821,0.0,0.0,,,1127.5401655317821,0.0,,trending,0.0,{},,449.0,,,,,,,1142.8790088232981,0.0,0.0,0.0,1142.8790088232981,0.0,0.0,0.0,1.4426467365631028,0.0,1.0,0.0,,
2024-03-24 01:00:00,3357.61,3368.16,3347.0,3351.28,5799.8622,0.00012767,74,0.0,0.0,trending,,1127.5401655317821,0.0,0.0,,,1127.5401655317821,0.0,,trending,0.0,{},,450.0,,,,,,,1142.8790088232981,0.0,0.0,0.0,1142.8790088232981,0.0,0.0,0.0,1.9409124160808915,0.0,1.0,0.0,,
2024-03-24 02:00:00,3351.28,3356.7,3338.68,3344.07,8265.2136,0.00012767,74,0.0,0.0,trending,,1127.5401655317821,0.0,0.0,,,1127.5401655317821,0.0,,trending,0.0,{},,451.0,,,,,,,1142.8790088232981,0.0,0.0,0.0,1142.8790088232981,0.0,0.0,0.0,2.516726265950348,0.0,1.0,0.0,,
2024-03-24 03:00:00,3344.08,3344.08,3307.0,3307.62,25184.3251,0.00012767,74,0.0,0.0,trending,,1127.5401655317821,0.0,0.0,,,1127.5401655317821,0.0,,trending,0.0,{},,452.0,,,,,,,1142.8790088232981,0.0,0.0,0.0,1142.8790088232981,0.0,0.0,0.0,5.102744505094805,0.0,1.0,0.0,,
2024-03-24 04:00:00,3307.63,3325.49,3298.76,3323.4,21576.1099,0.00012767,74,0.0,0.0,trending,,1127.5401655317821,0.0,0.0,,,1127.5401655317821,0.0,,trending,0.0,{},,453.0,,,,,,,1142.8790088232981,0.0,0.0,0.0,1142.8790088232981,0.0,0.0,0.0,3.4833043330026925,0.0,1.0,0.0,,
2024-03-24 05:00:00,3323.41,3334.82,3316.51,3325.14,5481.8728,0.00012767,74,0.0,0.0,trending,,1127.5401655317821,0.0,0.0,,,1127.5401655317821,0.0,,trending,0.0,{},,454.0,,,,,,,1142.8790088232981,0.0,0.0,0.0,1142.8790088232981,0.0,0.0,0.0,3.304741395061575,0.0,1.0,0.0,,
2024-03-24 06:00:00,3325.13,3335.07,3315.01,3326.48,5778.1502,0.00012767,74,0.0,0.0,trending,,1127.5401655317821,0.0,0.0,,,1127.5401655317821,0.0,,trending,0.0,{},,455.0,,,,,,,1142.8790088232981,0.0,0.0,0.0,1142.8790088232981,0.0,0.0,0.0,3.1587901187764773,0.0,1.0,0.0,,
2024-03-24 07:00:00,3326.47,3343.07,3316.9,3341.8,6697.7708,0.00012767,74,0.0,0.0,trending,,1127.5401655317821,0.0,0.0,,,1127.5401655317821,0.0,,trending,0.0,{},,456.0,,,,,,,1142.8790088232981,0.0,0.0,0.0,1142.8790088232981,0.0,0.0,0.0,1.5001631663196322,0.0,1.0,0.0,,
2024-03-24 08:00:00,3341.81,3379.69,3335.5,3377.59,12537.195,0.00017907,74,0.0,0.0,trending,,1127.5401655317821,0.0,0.0,,,1127.5401655317821,0.0,,trending,0.0,{},,457.0,,,,,,,1142.8790088232981,0.0,0.0,0.0,1142.8790088232981,0.0,0.0,0.0,-1.7824044834918737,0.0,1.0,0.0,,
2024-03-24 09:00:00,3377.59,3378.5,3356.8,3365.08,8262.7638,0.00017907,74,0.0,0.0,trending,,1127.5401655317821,0.0,0.0,,,1127.5401655317821,0.0,,trending,0.0,{},,458.0,,,,,,,1142.8790088232981,0.0,0.0,0.0,1142.8790088232981,0.0,0.0,0.0,-0.598591717852841,0.0,1.0,0.0,,
2024-03-24 10:00:00,3365.07,3392.72,3364.45,3376.11,8383.1483,0.00017907,74,0.0,0.0,trending,,1127.5401655317821,0.0,0.0,,,1127.5401655317821,0.0,,trending,0.0,{},,459.0,,,,,,,1142.8790088232981,0.0,0.0,0.0,1142.8790088232981,0.0,0.0,0.0,-1.5506347631527064,0.0,1.0,0.0,,
2024-03-24 11:00:00,3376.11,3391.99,3366.34,3387.38,7031.2134,0.00017907,74,0.0,0.0,trending,,1127.5401655317821,0.0,0.0,,,1127.5401655317821,0.0,,trending,0.0,{},,460.0,,,,,,,1142.8790088232981,0.0,0.0,0.0,1142.8790088232981,0.0,0.0,0.0,-2.4957976378552815,0.0,1.0,0.0,,
2024-03-24 12:00:00,3387.37,3405.0,3376.73,3400.01,10677.1972,0.00017907,74,0.0,0.0,trending,,1127.5401655317821,0.0,0.0,,,1127.5401655317821,0.0,,trending,0.0,{},,461.0,,,,,,,1142.8790088232981,0.0,0.0,0.0,1142.8790088232981,0.0,0.0,0.0,-3.515025941514114,0.0,1.0,0.0,,
2024-03-24 13:00:00,3400.01,3412.47,3383.01,3386.49,10140.0577,0.00017907,74,0.0,0.0,trending,,1127.5401655317821,0.0,0.0,,,1127.5401655317821,0.0,,trending,0.0,{},,462.0,,,,,,,1142.8790088232981,0.0,0.0,0.0,1142.8790088232981,0.0,0.0,0.0,-2.0358447548435437,0.0,1.0,0.0,,
2024-03-24 14:00:00,3386.49,3414.46,3384.76,3397.98,8610.4925,0.00017907,74,0.0,0.0,trending,,1127.5401655317821,0.0,0.0,,,1127.5401655317821,0.0,,trending,0.0,{},,463.0,,,,,,,1142.8790088232981,0.0,0.0,0.0,1142.8790088232981,0.0,0.0,0.0,-3.0137673258195066,0.0,1.0,0.0,,
2024-03-24 15:00:00,3397.98,3406.88,3388.0,3397.51,6837.5711,0.00017907,74,0.0,0.0,trending,,1127.5401655317821,0.0,0.0,,,1127.5401655317821,0.0,,trending,0.0,{},,464.0,,,,,,,1142.8790088232981,0.0,0.0,0.0,1142.8790088232981,0.0,0.0,0.0,-2.9587054265810226,0.0,1.0,0.0,,
2024-03-24 16:00:00,3397.5,3409.5,3368.43,3369.68,10192.7141,0.00017171,74,0.0,0.0,trending,,1127.5401655317821,0.0,0.0,,,1127.5401655317821,0.0,,trending,0.0,{},,465.0,,,,,,,1142.8790088232981,0.0,0.0,0.0,1142.8790088232981,0.0,0.0,0.0,0.08010982952971518,0.0,1.0,0.0,,
2024-03-24 17:00:00,3369.68,3379.8,3333.0,3367.52,23678.9445,0.00017171,74,0.0,0.0,trending,,1127.5401655317821,0.0,0.0,,,1127.5401655317821,0.0,,trending,0.0,{},,466.0,,,,,,,1142.8790088232981,0.0,0.0,0.0,1142.8790088232981,0.0,0.0,0.0,0.2980680216723869,0.0,1.0,0.0,,
2024-03-24 18:00:00,3367.53,3396.05,3367.08,3386.49,10488.1831,0.00017171,74,0.0,0.0,trending,,1127.5401655317821,0.0,0.0,,,1127.5401655317821,0.0,,trending,0.0,{},,467.0,,,,,,,1142.8790088232981,0.0,0.0,0.0,1142.8790088232981,0.0,0.0,0.0,-1.605586958522858,0.0,1.0,0.0,,
2024-03-24 19:00:00,3386.49,3395.0,3379.5,3382.5,5212.4222,0.00017171,74,0.0,0.0,trending,,1127.5401655317821,0.0,0.0,,,1127.5401655317821,0.0,,trending,0.0,{},,468.0,,,,,,,1142.8790088232981,0.0,0.0,0.0,1142.8790088232981,0.0,0.0,0.0,-1.156144016514324,0.0,1.0,0.0,,
2024-03-24 20:00:00,3382.49,3425.45,3375.56,3414.18,14187.912,0.00017171,74,0.0,0.0,trending,,1127.5401655317821,0.0,0.0,,,1127.5401655317821,0.0,,trending,0.0,{},,469.0,,,,,,,1142.8790088232981,0.0,0.0,0.0,1142.8790088232981,0.0,0.0,0.0,-4.0016978332725275,0.0,1.0,0.0,,
2024-03-24 21:00:00,3414.17,3429.62,3406.01,3423.46,10117.0714,0.00017171,74,0.0,0.0,trending,,1127.5401655317821,0.0,0.0,,,1127.5401655317821,0.0,,trending,0.0,{},,470.0,,,,,,,1142.8790088232981,0.0,0.0,0.0,1142.8790088232981,0.0,0.0,0.0,-4.729144670877367,0.0,1.0,0.0,,
2024-03-24 22:00:00,3423.45,3450.0,3420.66,3441.54,14090.5593,0.00017171,74,0.0,0.0,trending,,1127.5401655317821,0.0,0.0,,,1127.5401655317821,0.0,,trending,0.0,{},,471.0,,,,,,,1142.8790088232981,0.0,0.0,0.0,1142.8790088232981,0.0,0.0,0.0,-6.059162869228709,0.0,1.0,0.0,,
2024-03-24 23:00:00,3441.55,3471.22,3440.72,3454.98,12801.7287,0.00017171,74,0.0,0.0,trending,,1127.5401655317821,0.0,0.0,,,1127.5401655317821,0.0,,trending,0.0,{},,472.0,,,,,,,1142.8790088232981,0.0,0.0,0.0,1142.8790088232981,0.0,0.0,0.0,-6.967802861149136,0.0,1.0,0.0,,
2024-03-25 00:00:00,3454.99,3461.17,3420.12,3428.5,10005.2624,0.00020242,75,0.0,0.0,trending,,1127.5401655317821,0.0,0.0,,,1127.5401655317821,0.0,,trending,0.0,{},,473.0,,,,,,,1142.8790088232981,0.0,0.0,0.0,1142.8790088232981,0.0,0.0,0.0,-3.6913782443765886,0.0,1.0,0.0,,
2024-03-25 01:00:00,3428.5,3446.71,3423.55,3429.08,10891.8147,0.00020242,75,0.0,0.0,trending,,1127.5401655317821,0.0,0.0,,,1127.5401655317821,0.0,,trending,0.0,{},,474.0,,,,,,,1142.8790088232981,0.0,0.0,0.0,1142.8790088232981,0.0,0.0,0.0,-3.737996476137616,0.0,1.0,0.0,,
2024-03-25 02:00:00,3429.09,3445.33,3421.07,3440.6,12544.8064,0.00020242,75,0.0,0.0,trending,,1127.5401655317821,0.0,0.0,,,1127.5401655317821,0.0,,trending,0.0,{},,475.0,,,,,,,1142.8790088232981,0.0,0.0,0.0,1142.8790088232981,0.0,0.0,0.0,-4.674745518937558,0.0,1.0,0.0,,
2024-03-25 03:00:00,3440.6,3454.99,3434.2,3454.97,8922.6332,0.00020242,75,0.0,0.0,trending,,1127.5401655317821,0.0,0.0,,,1127.5401655317821,0.0,,trending,0.0,{},,476.0,,,,,,,1142.8790088232981,0.0,0.0,0.0,1142.8790088232981,0.0,0.0,0.0,-5.775454156813942,0.0,1.0,0.0,,
2024-03-25 04:00:00,3454.98,3491.37,3447.02,3489.99,33230.5597,0.00020242,75,-8.031513500810581,0.0,trending,,1127.5401655317821,0.0,-0.8031513500810581,True,True,1126.6345801255648,-0.8037969206630795,,trending,-8.031513500810581,{},,477.0,ETHUSDT,2024-03-25 04:00:00,ETHUSDT,3489.99,0.2594808025861021,SHORT,1142.8790088232981,0.0,0.0,0.0,1142.8790088232981,0.0,0.0,0.0,-8.031513500810581,-8.031513500810581,1.0,-8.031513500810581,True,True
2024-03-25 05:00:00,3490.0,3506.49,3482.0,3486.33,27632.9952,0.00020242,75,0.0,0.0,trending,,1127.5842798630297,-0.8022776856998163,0.8022776856998163,True,True,1126.6787386153019,0.0,,trending,8.031513500810581,{},,478.0,ETHUSDT,2024-03-25 05:00:00,ETHUSDT,3486.33,-0.2594808025861021,CLOSE,1142.8790088232981,0.0,0.0,0.0,1142.8790088232981,0.0,0.0,0.0,-7.5398957317422175,0.0,1.0,0.0,True,True
2024-03-25 06:00:00,3486.32,3487.98,3458.41,3467.77,10570.666,0.00020242,75,0.0,0.0,trending,,1126.6787386153019,0.0,0.0,,,1126.6787386153019,0.0,,trending,0.0,{},,479.0,,,,,,,1142.8790088232981,0.0,0.0,0.0,1142.8790088232981,0.0,0.0,0.0,-5.132777256055693,0.0,1.0,0.0,,
2024-03-25 07:00:00,3467.77,3479.0,3440.8,3444.6,13139.1073,0.00020242,75,0.0,0.0,trending,,1126.6787386153019,0.0,0.0,,,1126.6787386153019,0.0,,trending,0.0,{},,480.0,,,,,,,1142.8790088232981,0.0,0.0,0.0,1142.8790088232981,0.0,0.0,0.0,-2.490002595295215,0.0,1.0,0.0,,
2024-03-25 08:00:00,3444.59,3464.14,3441.03,3448.99,14781.9232,0.00020242,75,0.0,0.0,trending,,1126.6787386153019,0.0,0.0,,,1126.6787386153019,0.0,,trending,0.0,{},,481.0,,,,,,,1142.8790088232981,0.0,0.0,0.0,1142.8790088232981,0.0,0.0,0.0,-2.8577689832850015,0.0,1.0,0.0,,
2024-03-25 09:00:00,3448.99,3460.0,3434.67,3456.83,11270.6179,0.00011009,75,0.0,0.0,trending,,1126.6787386153019,0.0,0.0,,,1126.6787386153019,0.0,,trending,0.0,{},,482.0,,,,,,,1142.8790088232981,0.0,0.0,0.0,1142.8790088232981,0.0,0.0,0.0,-3.523419268350938,0.0,1.0,0.0,,
2024-03-25 10:00:00,3456.82,3472.0,3445.72,3454.9,13290.1793,0.00011009,75,0.0,0.0,trending,,1126.6787386153019,0.0,0.0,,,1126.6787386153019,0.0,,trending,0.0,{},,483.0,,,,,,,1142.8790088232981,0.0,0.0,0.0,1142.8790088232981,0.0,0.0,0.0,-3.28371825775246,0.0,1.0,0.0,,
2024-03-25 11:00:00,3454.91,3455.72,3432.15,3436.19,9813.1288,0.00011009,75,0.0,0.0,trending,,1126.6787386153019,0.0,0.0,,,1126.6787386153019,0.0,,trending,0.0,{},,484.0,,,,,,,1142.8790088232981,0.0,0.0,0.0,1142.8790088232981,0.0,0.0,0.0,-1.0450587280786239,0.0,1.0,0.0,,
2024-03-25 12:00:00,3436.2,3460.5,3432.3,3449.99,11597.6062,0.00011009,75,0.0,0.0,trending,,1126.6787386153019,0.0,0.0,,,1126.6787386153019,0.0,,trending,0.0,{},,485.0,,,,,,,1142.8790088232981,0.0,0.0,0.0,1142.8790088232981,0.0,0.0,0.0,-2.389976071096078,0.0,1.0,0.0,,
2024-03-25 13:00:00,3449.99,3486.0,3430.0,3484.91,15858.3693,0.00011009,75,0.0,0.0,trending,,1126.6787386153019,0.0,0.0,,,1126.6787386153019,0.0,,trending,0.0,{},,486.0,,,,,,,1142.8790088232981,0.0,0.0,0.0,1142.8790088232981,0.0,0.0,0.0,-5.243198479612807,0.0,1.0,0.0,,
2024-03-25 14:00:00,3484.91,3565.0,3471.62,3562.46,66890.6769,0.00011009,75,-9.364451502678662,0.0,trending,,1126.6787386153019,0.0,-0.9364451502678662,True,True,1125.6236657746158,-0.9373229017534481,,trending,-9.364451502678662,{},,487.0,ETHUSDT,2024-03-25 14:00:00,ETHUSDT,3562.46,0.2961641227371581,SHORT,1142.8790088232981,0.0,0.0,0.0,1142.8790088232981,0.0,0.0,0.0,-9.364451502678662,-9.364451502678662,1.0,-9.364451502678662,True,True
2024-03-25 15:00:00,3562.45,3587.9,3552.79,3581.49,31876.2956,0.00011009,75,-10.095440546893526,0.0,trending,,1119.987662518928,-0.9470719003781688,-0.0624721543111838,False,,1119.987662518928,-0.9470719003781688,,trending,-0.7309890442148639,{},,488.0,ETHUSDT,2024-03-25 15:00:00,,,,,1142.8790088232981,0.0,0.0,0.0,1142.8790088232981,0.0,0.0,0.0,-10.095440546893526,-10.095440546893526,1.0,-10.095440546893526,True,False
2024-03-25 16:00:00,3581.49,3613.0,3566.2,3605.68,33947.4413,0.00022958,75,-10.947202779482893,0.0,trending,,1112.823452389916,-0.959606891621071,-0.13511338632721837,False,,1112.823452389916,-0.959606891621071,,trending,-0.8517622325893672,{},,489.0,ETHUSDT,2024-03-25 16:00:00,,,,,1142.8790088232981,0.0,0.0,0.0,1142.8790088232981,0.0,0.0,0.0,-10.947202779482893,-10.947202779482893,1.0,-10.947202779482893,True,False
2024-03-25 17:00:00,3605.69,3666.0,3605.0,3638.91,74352.2091,0.00022958,75,-11.968895378743504,0.0,trending,,1102.9819185913602,-0.9770917996968094,-0.2197977381775411,True,True,1102.7394856604033,-1.1971526693233208,,trending,-1.0216925992606107,{},,490.0,ETHUSDT,2024-03-25 17:00:00,ETHUSDT,3638.91,0.06662240367503064,SHORT,1142.8790088232981,0.0,0.0,0.0,1142.8790088232981,0.0,0.0,0.0,-11.968895378743504,-11.968895378743504,1.0,-11.968895378743504,True,True
2024-03-25 18:00:00,3638.91,3645.15,3619.36,3639.4,48613.9792,0.00022958,75,-11.983311913178397,0.0,trending,,1102.5617202624612,-1.1975069149963056,-0.0008242763215342563,False,,1102.5617202624612,-1.1975069149963056,,trending,-0.014416534434893435,{},,491.0,ETHUSDT,2024-03-25 18:00:00,,,,,1142.8790088232981,0.0,0.0,0.0,1142.8790088232981,0.0,0.0,0.0,-11.983311913178397,-11.983311913178397,1.0,-11.983311913178397,True,False
2024-03-25 19:00:00,3639.41,3642.1,3619.09,3638.96,27863.2794,0.00022958,75,-11.928080351566827,0.0,trending,,1102.7213463340827,-1.1971888116083844,0.004380776451701651,False,,1102.7213463340827,-1.1971888116083844,,trending,0.05523156161157061,{},,492.0,ETHUSDT,2024-03-25 19:00:00,,,,,1142.8790088232981,0.0,0.0,0.0,1142.8790088232981,0.0,0.0,0.0,-11.928080351566827,-11.928080351566827,1.0,-11.928080351566827,True,False
2024-03-25 20:00:00,3638.96,3646.66,3624.5,3627.61,13692.8889,0.00022958,75,-10.46634709193819,0.0,trending,,1106.838973408861,-1.1890148998141379,0.14238019062031904,False,,1106.838973408861,-1.1890148998141379,,trending,1.4617332596286374,{},,493.0,ETHUSDT,2024-03-25 20:00:00,,,,,1142.8790088232981,0.0,0.0,0.0,1142.8790088232981,0.0,0.0,0.0,-10.46634709193819,-10.46634709193819,1.0,-10.46634709193819,True,False
2024-03-25 21:00:00,3627.61,3628.53,3566.47,3589.01,19973.8573,0.00022958,75,0.0,0.0,trending,,1120.8425333283715,-1.1616658294472053,1.1616658294472053,True,True,1119.539185509394,0.0,,trending,10.46634709193819,{},,494.0,ETHUSDT,2024-03-25 21:00:00,ETHUSDT,3589.01,-0.3627865264121887,CLOSE,1142.8790088232981,0.0,0.0,0.0,1142.8790088232981,0.0,0.0,0.0,-6.091470612294387,0.0,1.0,0.0,True,True
2024-03-25 22:00:00,3589.0,3620.5,3589.0,3611.75,13329.1458,0.00022958,75,0.0,0.0,trending,,1119.539185509394,0.0,0.0,,,1119.539185509394,0.0,,trending,0.0,{},,495.0,,,,,,,1142.8790088232981,0.0,0.0,0.0,1142.8790088232981,0.0,0.0,0.0,-7.252769492513221,0.0,1.0,0.0,,
2024-03-25 23:00:00,3611.75,3619.86,3576.54,3590.42,14488.2511,0.00022958,75,0.0,0.0,trending,,1119.539185509394,0.0,0.0,,,1119.539185509394,0.0,,trending,0.0,{},,496.0,,,,,,,1142.8790088232981,0.0,0.0,0.0,1142.8790088232981,0.0,0.0,0.0,-5.132952489838454,0.0,1.0,0.0,,
2024-03-26 00:00:00,3590.43,3618.27,3580.95,3598.0,24588.6115,0.00039028,81,0.0,0.0,trending,,1119.539185509394,0.0,0.0,,,1119.539185509394,0.0,,trending,0.0,{},,497.0,,,,,,,1142.8790088232981,0.0,0.0,0.0,1142.8790088232981,0.0,0.0,0.0,-5.562742491080446,0.0,1.0,0.0,,
2024-03-26 01:00:00,3597.99,3623.82,3592.45,3616.02,36211.7659,0.00039028,81,0.0,0.0,trending,,1119.539185509394,0.0,0.0,,,1119.539185509394,0.0,,trending,0.0,{},,498.0,,,,,,,1142.8790088232981,0.0,0.0,0.0,1142.8790088232981,0.0,0.0,0.0,-6.557589311671951,0.0,1.0,0.0,,
2024-03-26 02:00:00,3616.01,3622.12,3598.5,3622.11,20505.9544,0.00039028,81,0.0,0.0,trending,,1119.539185509394,0.0,0.0,,,1119.539185509394,0.0,,trending,0.0,{},,499.0,,,,,,,1142.8790088232981,0.0,0.0,0.0,1142.8790088232981,0.0,0.0,0.0,-6.886471736409408,0.0,1.0,0.0,,
2024-03-26 03:00:00,3622.11,3643.71,3611.65,3623.0,36853.231,0.00039028,81,0.0,0.0,trending,,1119.539185509394,0.0,0.0,,,1119.539185509394,0.0,,trending,0.0,{},,500.0,,,,,,,1142.8790088232981,0.0,0.0,0.0,1142.8790088232981,0.0,0.0,0.0,-6.936758136136945,0.0,1.0,0.0,,
2024-03-26 04:00:00,3623.0,3640.93,3618.4,3639.84,27340.8001,0.00039028,81,0.0,0.0,trending,,1119.539185509394,0.0,0.0,,,1119.539185509394,0.0,,trending,0.0,{},,501.0,,,,,,,1142.8790088232981,0.0,0.0,0.0,1142.8790088232981,0.0,0.0,0.0,-7.883783101207411,0.0,1.0,0.0,,
2024-03-26 05:00:00,3639.85,3639.85,3622.24,3630.29,22298.1299,0.00039028,81,0.0,0.0,trending,,1119.539185509394,0.0,0.0,,,1119.539185509394,0.0,,trending,0.0,{},,502.0,,,,,,,1142.8790088232981,0.0,0.0,0.0,1142.8790088232981,0.0,0.0,0.0,-6.701581389640063,0.0,1.0,0.0,,
2024-03-26 06:00:00,3630.29,3650.0,3627.0,3649.44,10572.4013,0.00039028,81,0.0,0.0,trending,,1119.539185509394,0.0,0.0,,,1119.539185509394,0.0,,trending,0.0,{},,503.0,,,,,,,1142.8790088232981,0.0,0.0,0.0,1142.8790088232981,0.0,0.0,0.0,-7.817013389048964,0.0,1.0,0.0,,
2024-03-26 07:00:00,3649.45,3678.86,3630.48,3635.13,23410.1796,0.00039028,81,0.0,0.0,trending,,1119.539185509394,0.0,0.0,,,1119.539185509394,0.0,,trending,0.0,{},,504.0,,,,,,,1142.8790088232981,0.0,0.0,0.0,1142.8790088232981,0.0,0.0,0.0,-6.05811354577869,0.0,1.0,0.0,,
2024-03-26 08:00:00,3635.14,3660.81,3630.0,3653.33,17066.2658,0.00018,81,0.0,0.0,trending,,1119.539185509394,0.0,0.0,,,1119.539185509394,0.0,,trending,0.0,{},,505.0,,,,,,,1142.8790088232981,0.0,0.0,0.0,1142.8790088232981,0.0,0.0,0.0,-7.169326782083022,0.0,1.0,0.0,,
2024-03-26 09:00:00,3653.34,3670.32,3643.78,3664.72,13990.5347,0.00018,81,0.0,0.0,trending,,1119.539185509394,0.0,0.0,,,1119.539185509394,0.0,,trending,0.0,{},,506.0,,,,,,,1142.8790088232981,0.0,0.0,0.0,1142.8790088232981,0.0,0.0,0.0,-7.8234130184958595,0.0,1.0,0.0,,
2024-03-26 10:00:00,3664.71,3667.33,3642.71,3649.23,15340.2741,0.00018,81,0.0,0.0,trending,,1119.539185509394,0.0,0.0,,,1119.539185509394,0.0,,trending,0.0,{},,507.0,,,,,,,1142.8790088232981,0.0,0.0,0.0,1142.8790088232981,0.0,0.0,0.0,-5.890390230019626,0.0,1.0,0.0,,
2024-03-26 11:00:00,3649.23,3649.27,3630.0,3631.6,12561.3353,0.00018,81,0.0,0.0,trending,,1119.539185509394,0.0,0.0,,,1119.539185509394,0.0,,trending,0.0,{},,508.0,,,,,,,1142.8790088232981,0.0,0.0,0.0,1142.8790088232981,0.0,0.0,0.0,-3.8586685804114325,0.0,1.0,0.0,,
2024-03-26 12:00:00,3631.61,3654.34,3628.0,3644.55,15565.8494,0.00018,81,0.0,0.0,trending,,1119.539185509394,0.0,0.0,,,1119.539185509394,0.0,,trending,0.0,{},,509.0,,,,,,,1142.8790088232981,0.0,0.0,0.0,1142.8790088232981,0.0,0.0,0.0,-4.80212417650564,0.0,1.0,0.0,,
2024-03-26 13:00:00,3644.55,3648.37,3592.69,3608.2,31730.457,0.00018,81,0.0,0.0,trending,,1119.539185509394,0.0,0.0,,,1119.539185509394,0.0,,trending,0.0,{},,510.0,,,,,,,1142.8790088232981,0.0,0.0,0.0,1142.8790088232981,0.0,0.0,0.0,-1.0780572569250382,0.0,1.0,0.0,,
2024-03-26 14:00:00,3608.21,3620.2,3545.13,3593.49,43380.3088,0.00018,81,0.0,0.0,trending,,1119.539185509394,0.0,0.0,,,1119.539185509394,0.0,,trending,0.0,{},,511.0,,,,,,,1142.8790088232981,0.0,0.0,0.0,1142.8790088232981,0.0,0.0,0.0,0.21650517060330687,0.0,1.0,0.0,,
2024-03-26 15:00:00,3593.49,3597.99,3561.73,3593.35,18341.6239,0.00018,81,0.0,0.0,trending,,1119.539185509394,0.0,0.0,,,1119.539185509394,0.0,,trending,0.0,{},,512.0,,,,,,,1142.8790088232981,0.0,0.0,0.0,1142.8790088232981,0.0,0.0,0.0,0.22894655024075236,0.0,1.0,0.0,,
2024-03-26 16:00:00,3593.35,3603.55,3542.62,3561.41,24375.1786,0.00026242,81,0.0,0.0,trending,,1119.539185509394,0.0,0.0,,,1119.539185509394,0.0,,trending,0.0,{},,513.0,,,,,,,1142.8790088232981,0.0,0.0,0.0,1142.8790088232981,0.0,0.0,0.0,2.875754812855078,0.0,1.0,0.0,,
2024-03-26 17:00:00,3561.4,3589.4,3553.33,3583.8,13737.4568,0.00026242,81,0.0,0.0,trending,,1119.539185509394,0.0,0.0,,,1119.539185509394,0.0,,trending,0.0,{},,514.0,,,,,,,1142.8790088232981,0.0,0.0,0.0,1142.8790088232981,0.0,0.0,0.0,0.7760517757297749,0.0,1.0,0.0,,
2024-03-26 18:00:00,3583.81,3594.99,3570.27,3573.71,8129.6623,0.00026242,81,0.0,0.0,trending,,1119.539185509394,0.0,0.0,,,1119.539185509394,0.0,,trending,0.0,{},,515.0,,,,,,,1142.8790088232981,0.0,0.0,0.0,1142.8790088232981,0.0,0.0,0.0,1.5958747406701548,0.0,1.0,0.0,,
2024-03-26 19:00:00,3573.71,3580.9,3555.56,3560.82,42079.5809,0.00026242,81,0.0,0.0,trending,,1119.539185509394,0.0,0.0,,,1119.539185509394,0.0,,trending,0.0,{},,516.0,,,,,,,1142.8790088232981,0.0,0.0,0.0,1142.8790088232981,0.0,0.0,0.0,2.6158332407538953,0.0,1.0,0.0,,
2024-03-26 20:00:00,3560.83,3583.54,3558.15,3576.37,13413.981,0.00026242,81,0.0,0.0,trending,,1119.539185509394,0.0,0.0,,,1119.539185509394,0.0,,trending,0.0,{},,517.0,,,,,,,1142.8790088232981,0.0,0.0,0.0,1142.8790088232981,0.0,0.0,0.0,1.0968829530606599,0.0,1.0,0.0,,
2024-03-26 21:00:00,3576.38,3597.0,3571.73,3587.01,7805.0714,0.00026242,81,0.0,0.0,trending,,1119.539185509394,0.0,0.0,,,1119.539185509394,0.0,,trending,0.0,{},,518.0,,,,,,,1142.8790088232981,0.0,0.0,0.0,1142.8790088232981,0.0,0.0,0.0,0.10199009119893675,0.0,1.0,0.0,,
2024-03-26 22:00:00,3587.01,3606.36,3570.0,3605.02,9459.9701,0.00026242,81,0.0,0.0,trending,,1119.539185509394,0.0,0.0,,,1119.539185509394,0.0,,trending,0.0,{},,519.0,,,,,,,1142.8790088232981,0.0,0.0,0.0,1142.8790088232981,0.0,0.0,0.0,-1.489221831902526,0.0,1.0,0.0,,
2024-03-26 23:00:00,3605.02,3613.5,3583.66,3587.33,10255.2146,0.00026242,81,0.0,0.0,trending,,1119.539185509394,0.0,0.0,,,1119.539185509394,0.0,,trending,0.0,{},,520.0,,,,,,,1142.8790088232981,0.0,0.0,0.0,1142.8790088232981,0.0,0.0,0.0,0.17108852702849334,0.0,1.0,0.0,,
2024-03-27 00:00:00,3587.32,3618.91,3577.0,3616.56,11439.3066,0.00024667,83,0.0,0.0,trending,,1119.539185509394,0.0,0.0,,,1119.539185509394,0.0,,trending,0.0,{},,521.0,,,,,,,1142.8790088232981,0.0,0.0,0.0,1142.8790088232981,0.0,0.0,0.0,-2.266915223501306,0.0,1.0,0.0,,
2024-03-27 01:00:00,3616.57,3627.67,3598.8,3606.18,9633.7984,0.00024667,83,0.0,0.0,trending,,1119.539185509394,0.0,0.0,,,1119.539185509394,0.0,,trending,0.0,{},,522.0,,,,,,,1142.8790088232981,0.0,0.0,0.0,1142.8790088232981,0.0,0.0,0.0,-1.283144528954813,0.0,1.0,0.0,,
2024-03-27 02:00:00,3606.18,3619.96,3597.1,3618.79,8081.439,0.00024667,83,0.0,0.0,trending,,1119.539185509394,0.0,0.0,,,1119.539185509394,0.0,,trending,0.0,{},,523.0,,,,,,,1142.8790088232981,0.0,0.0,0.0,1142.8790088232981,0.0,0.0,0.0,-2.3059065486443786,0.0,1.0,0.0,,
2024-03-27 03:00:00,3618.79,3622.22,3603.0,3603.11,8923.6111,0.00024667,83,0.0,0.0,trending,,1119.539185509394,0.0,0.0,,,1119.539185509394,0.0,,trending,0.0,{},,524.0,,,,,,,1142.8790088232981,0.0,0.0,0.0,1142.8790088232981,0.0,0.0,0.0,-0.7849930956408117,0.0,1.0,0.0,,
2024-03-27 04:00:00,3603.1,3609.2,3581.24,3591.28,11546.9314,0.00024667,83,0.0,0.0,trending,,1119.539185509394,0.0,0.0,,,1119.539185509394,0.0,,trending,0.0,{},,525.0,,,,,,,1142.8790088232981,0.0,0.0,0.0,1142.8790088232981,0.0,0.0,0.0,0.30602869836965285,0.0,1.0,0.0,,
2024-03-27 05:00:00,3591.28,3614.28,3590.0,3612.41,9329.5299,0.00024667,83,0.0,0.0,trending,,1119.539185509394,0.0,0.0,,,1119.539185509394,0.0,,trending,0.0,{},,526.0,,,,,,,1142.8790088232981,0.0,0.0,0.0,1142.8790088232981,0.0,0.0,0.0,-1.5562048665437005,0.0,1.0,0.0,,
2024-03-27 06:00:00,3612.41,3616.5,3600.38,3607.14,5833.543,0.00024667,83,0.0,0.0,trending,,1119.539185509394,0.0,0.0,,,1119.539185509394,0.0,,trending,0.0,{},,527.0,,,,,,,1142.8790088232981,0.0,0.0,0.0,1142.8790088232981,0.0,0.0,0.0,-1.037999213658921,0.0,1.0,0.0,,
2024-03-27 07:00:00,3607.13,3609.0,3560.2,3565.21,14700.5855,0.00024667,83,0.0,0.0,trending,,1119.539185509394,0.0,0.0,,,1119.539185509394,0.0,,trending,0.0,{},,528.0,,,,,,,1142.8790088232981,0.0,0.0,0.0,1142.8790088232981,0.0,0.0,0.0,2.555351978892125,0.0,1.0,0.0,,
2024-03-27 08:00:00,3565.21,3581.28,3545.67,3551.21,12758.2651,0.00024667,83,0.0,0.0,trending,,1119.539185509394,0.0,0.0,,,1119.539185509394,0.0,,trending,0.0,{},,529.0,,,,,,,1142.8790088232981,0.0,0.0,0.0,1142.8790088232981,0.0,0.0,0.0,3.5647498011087606,0.0,1.0,0.0,,
2024-03-27 09:00:00,3551.21,3576.52,3532.96,3573.81,17642.9918,0.00021635,83,0.0,0.0,trending,,1119.539185509394,0.0,0.0,,,1119.539185509394,0.0,,trending,0.0,{},,530.0,,,,,,,1142.8790088232981,0.0,0.0,0.0,1142.8790088232981,0.0,0.0,0.0,1.4109838689700696,0.0,1.0,0.0,,
2024-03-27 10:00:00,3573.81,3585.88,3564.99,3582.01,11307.2201,0.00021635,83,0.0,0.0,trending,,1119.539185509394,0.0,0.0,,,1119.539185509394,0.0,,trending,0.0,{},,531.0,,,,,,,1142.8790088232981,0.0,0.0,0.0,1142.8790088232981,0.0,0.0,0.0,0.6726973959034069,0.0,1.0,0.0,,
2024-03-27 11:00:00,3582.01,3590.84,3571.95,3585.07,13990.4999,0.00021635,83,0.0,0.0,trending,,1119.539185509394,0.0,0.0,,,1119.539185509394,0.0,,trending,0.0,{},,532.0,,,,,,,1142.8790088232981,0.0,0.0,0.0,1142.8790088232981,0.0,0.0,0.0,0.39016455119224247,0.0,1.0,0.0,,
2024-03-27 12:00:00,3585.07,3594.83,3566.99,3580.68,12651.5843,0.00021635,83,0.0,0.0,trending,,1119.539185509394,0.0,0.0,,,1119.539185509394,0.0,,trending,0.0,{},,533.0,,,,,,,1142.8790088232981,0.0,0.0,0.0,1142.8790088232981,0.0,0.0,0.0,0.7957009711099773,0.0,1.0,0.0,,
2024-03-27 13:00:00,3580.68,3665.84,3554.3,3565.86,73886.331,0.00021635,83,0.0,0.0,trending,,1119.539185509394,0.0,0.0,,,1119.539185509394,0.0,,trending,0.0,{},,534.0,,,,,,,1142.8790088232981,0.0,0.0,0.0,1142.8790088232981,0.0,0.0,0.0,2.1385602558438737,0.0,1.0,0.0,,
2024-03-27 14:00:00,3565.86,3573.17,3496.15,3558.54,73842.5441,0.00021635,83,0.0,0.0,trending,,1119.539185509394,0.0,0.0,,,1119.539185509394,0.0,,trending,0.0,{},,535.0,,,,,,,1142.8790088232981,0.0,0.0,0.0,1142.8790088232981,0.0,0.0,0.0,2.7790993255576155,0.0,1.0,0.0,,
2024-03-27 15:00:00,3558.55,3560.7,3512.0,3514.3,30753.8464,0.00021635,83,0.0,0.0,trending,,1119.539185509394,0.0,0.0,,,1119.539185509394,0.0,,trending,0.0,{},,536.0,,,,,,,1142.8790088232981,0.0,0.0,0.0,1142.8790088232981,0.0,0.0,0.0,6.037974392130298,0.0,1.0,0.0,,
2024-03-27 16:00:00,3514.29,3528.27,3484.0,3524.15,24542.5359,0.00035332,83,0.0,0.0,trending,,1119.539185509394,0.0,0.0,,,1119.539185509394,0.0,,trending,0.0,{},,537.0,,,,,,,1142.8790088232981,0.0,0.0,0.0,1142.8790088232981,0.0,0.0,0.0,4.907774947262931,0.0,1.0,0.0,,
2024-03-27 17:00:00,3524.15,3531.76,3493.25,3498.0,12718.6543,0.00035332,83,0.0,0.0,trending,,1119.539185509394,0.0,0.0,,,1119.539185509394,0.0,,trending,0.0,{},,538.0,,,,,,,1142.8790088232981,0.0,0.0,0.0,1142.8790088232981,0.0,0.0,0.0,6.573924017074012,0.0,1.0,0.0,,
2024-03-27 18:00:00,3498.0,3508.67,3460.02,3461.24,22053.0435,0.00035332,83,8.496481484362738,0.0,trending,,1119.539185509394,0.0,0.8496481484362738,True,True,1118.587971113324,0.8495202936323814,,trending,8.496481484362738,{},,539.0,ETHUSDT,2024-03-27 18:00:00,ETHUSDT,3461.24,0.27481896547766427,LONG,1142.8790088232981,0.0,0.0,0.0,1142.8790088232981,0.0,0.0,0.0,8.496481484362738,8.496481484362738,1.0,8.496481484362738,True,True
2024-03-27 19:00:00,3461.24,3499.84,3461.23,3491.18,14344.0237,0.00035332,83,0.0,0.0,trending,,1126.8078228598988,0.8506180148694159,-0.8506180148694159,True,True,1125.8493398264786,0.0,,trending,-8.496481484362738,{},,540.0,ETHUSDT,2024-03-27 19:00:00,ETHUSDT,3491.18,0.2745441465121866,CLOSE,1142.8790088232981,0.0,0.0,0.0,1142.8790088232981,0.0,0.0,0.0,5.31671712455578,0.0,1.0,0.0,True,True
2024-03-27 20:00:00,3491.18,3514.99,3489.68,3512.2,13026.3808,0.00035332,83,0.0,0.0,trending,,1125.8493398264786,0.0,0.0,,,1125.8493398264786,0.0,,trending,0.0,{},,541.0,,,,,,,1142.8790088232981,0.0,0.0,0.0,1142.8790088232981,0.0,0.0,0.0,3.346960648884766,0.0,1.0,0.0,,
2024-03-27 21:00:00,3512.21,3520.65,3502.81,3506.55,7002.5757,0.00035332,83,0.0,0.0,trending,,1125.8493398264786,0.0,0.0,,,1125.8493398264786,0.0,,trending,0.0,{},,542.0,,,,,,,1142.8790088232981,0.0,0.0,0.0,1142.8790088232981,0.0,0.0,0.0,3.7137811130394827,0.0,1.0,0.0,,
2024-03-27 22:00:00,3506.56,3521.47,3505.46,3515.15,12699.368,0.00035332,83,0.0,0.0,trending,,1125.8493398264786,0.0,0.0,,,1125.8493398264786,0.0,,trending,0.0,{},,543.0,,,,,,,1142.8790088232981,0.0,0.0,0.0,1142.8790088232981,0.0,0.0,0.0,2.8874190656745755,0.0,1.0,0.0,,
2024-03-27 23:00:00,3515.15,3515.25,3485.04,3501.19,10486.7202,0.00035332,83,0.0,0.0,trending,,1125.8493398264786,0.0,0.0,,,1125.8493398264786,0.0,,trending,0.0,{},,544.0,,,,,,,1142.8790088232981,0.0,0.0,0.0,1142.8790088232981,0.0,0.0,0.0,3.8699916859815318,0.0,1.0,0.0,,
2024-03-28 00:00:00,3501.2,3531.47,3495.41,3515.77,15066.2194,0.00038952,80,0.0,0.0,trending,,1125.8493398264786,0.0,0.0,,,1125.8493398264786,0.0,,trending,0.0,{},,545.0,,,,,,,1142.8790088232981,0.0,0.0,0.0,1142.8790088232981,0.0,0.0,0.0,2.421972708023299,0.0,1.0,0.0,,
2024-03-28 01:00:00,3515.78,3520.58,3491.59,3496.39,38134.2531,0.00038952,80,0.0,0.0,trending,,1125.8493398264786,0.0,0.0,,,1125.8493398264786,0.0,,trending,0.0,{},,546.0,,,,,,,1142.8790088232981,0.0,0.0,0.0,1142.8790088232981,0.0,0.0,0.0,3.8264457866766977,0.0,1.0,0.0,,
2024-03-28 02:00:00,3496.4,3512.91,3465.0,3480.19,34365.013,0.00038952,80,0.0,0.0,trending,,1125.8493398264786,0.0,0.0,,,1125.8493398264786,0.0,,trending,0.0,{},,547.0,,,,,,,1142.8790088232981,0.0,0.0,0.0,1142.8790088232981,0.0,0.0,0.0,4.911664104816373,0.0,1.0,0.0,,
2024-03-28 03:00:00,3480.18,3498.89,3475.05,3496.61,10477.8737,0.00038952,80,0.0,0.0,trending,,1125.8493398264786,0.0,0.0,,,1125.8493398264786,0.0,,trending,0.0,{},,548.0,,,,,,,1142.8790088232981,0.0,0.0,0.0,1142.8790088232981,0.0,0.0,0.0,3.211591444199121,0.0,1.0,0.0,,
2024-03-28 04:00:00,3496.61,3516.74,3495.79,3516.19,10156.7595,0.00038952,80,0.0,0.0,trending,,1125.8493398264786,0.0,0.0,,,1125.8493398264786,0.0,,trending,0.0,{},,549.0,,,,,,,1142.8790088232981,0.0,0.0,0.0,1142.8790088232981,0.0,0.0,0.0,1.3413022090556865,0.0,1.0,0.0,,
2024-03-28 05:00:00,3516.19,3542.37,3512.81,3533.7,20121.8273,0.00038952,80,0.0,0.0,trending,,1125.8493398264786,0.0,0.0,,,1125.8493398264786,0.0,,trending,0.0,{},,550.0,,,,,,,1142.8790088232981,0.0,0.0,0.0,1142.8790088232981,0.0,0.0,0.0,-0.19554040707191123,0.0,1.0,0.0,,
2024-03-28 06:00:00,3533.7,3576.99,3526.09,3574.4,31997.9099,0.00038952,80,0.0,0.0,trending,,1125.8493398264786,0.0,0.0,,,1125.8493398264786,0.0,,trending,0.0,{},,551.0,,,,,,,1142.8790088232981,0.0,0.0,0.0,1142.8790088232981,0.0,0.0,0.0,-3.2202648533427354,0.0,1.0,0.0,,
2024-03-28 07:00:00,3574.39,3579.95,3564.69,3573.88,11212.5525,0.00038952,80,0.0,0.0,trending,,1125.8493398264786,0.0,0.0,,,1125.8493398264786,0.0,,trending,0.0,{},,552.0,,,,,,,1142.8790088232981,0.0,0.0,0.0,1142.8790088232981,0.0,0.0,0.0,-3.1715477590892878,0.0,1.0,0.0,,
2024-03-28 08:00:00,3573.88,3595.7,3565.81,3575.69,18660.6858,0.00035672,80,0.0,0.0,trending,,1125.8493398264786,0.0,0.0,,,1125.8493398264786,0.0,,trending,0.0,{},,553.0,,,,,,,1142.8790088232981,0.0,0.0,0.0,1142.8790088232981,0.0,0.0,0.0,-3.3028240282558303,0.0,1.0,0.0,,
2024-03-28 09:00:00,3575.69,3594.95,3571.14,3584.08,10321.0718,0.00035672,80,0.0,0.0,trending,,1125.8493398264786,0.0,0.0,,,1125.8493398264786,0.0,,trending,0.0,{},,554.0,,,,,,,1142.8790088232981,0.0,0.0,0.0,1142.8790088232981,0.0,0.0,0.0,-3.928517979609899,0.0,1.0,0.0,,
2024-03-28 10:00:00,3584.08,3593.6,3570.48,3589.75,14280.1694,0.00035672,80,0.0,0.0,trending,,1125.8493398264786,0.0,0.0,,,1125.8493398264786,0.0,,trending,0.0,{},,555.0,,,,,,,1142.8790088232981,0.0,0.0,0.0,1142.8790088232981,0.0,0.0,0.0,-4.355225613422684,0.0,1.0,0.0,,
2024-03-28 11:00:00,3589.76,3593.35,3571.0,3579.73,12266.1786,0.00035672,80,0.0,0.0,trending,,1125.8493398264786,0.0,0.0,,,1125.8493398264786,0.0,,trending,0.0,{},,556.0,,,,,,,1142.8790088232981,0.0,0.0,0.0,1142.8790088232981,0.0,0.0,0.0,-3.1838405407091557,0.0,1.0,0.0,,
2024-03-28 12:00:00,3579.74,3592.4,3555.96,3576.78,16221.2177,0.00035672,80,0.0,0.0,trending,,1125.8493398264786,0.0,0.0,,,1125.8493398264786,0.0,,trending,0.0,{},,557.0,,,,,,,1142.8790088232981,0.0,0.0,0.0,1142.8790088232981,0.0,0.0,0.0,-2.835550981578766,0.0,1.0,0.0,,
2024-03-28 13:00:00,3576.78,3603.38,3552.55,3582.59,27891.2829,0.00035672,80,0.0,0.0,trending,,1125.8493398264786,0.0,0.0,,,1125.8493398264786,0.0,,trending,0.0,{},,558.0,,,,,,,1142.8790088232981,0.0,0.0,0.0,1142.8790088232981,0.0,0.0,0.0,-3.3655505975942335,0.0,1.0,0.0,,
2024-03-28 14:00:00,3582.6,3611.78,3568.27,3607.38,22272.1875,0.00035672,80,0.0,0.0,trending,,1125.8493398264786,0.0,0.0,,,1125.8493398264786,0.0,,trending,0.0,{},,559.0,,,,,,,1142.8790088232981,0.0,0.0,0.0,1142.8790088232981,0.0,0.0,0.0,-5.432244884378085,0.0,1.0,0.0,,
2024-03-28 15:00:00,3607.37,3609.71,3568.51,3578.7,17645.7539,0.00035672,80,0.0,0.0,trending,,1125.8493398264786,0.0,0.0,,,1125.8493398264786,0.0,,trending,0.0,{},,560.0,,,,,,,1142.8790088232981,0.0,0.0,0.0,1142.8790088232981,0.0,0.0,0.0,-2.023130679041452,0.0,1.0,0.0,,
2024-03-28 16:00:00,3578.71,3580.75,3555.38,3563.22,13462.0313,0.00036879,80,0.0,0.0,trending,,1125.8493398264786,0.0,0.0,,,1125.8493398264786,0.0,,trending,0.0,{},,561.0,,,,,,,1142.8790088232981,0.0,0.0,0.0,1142.8790088232981,0.0,0.0,0.0,-0.4311880444833577,0.0,1.0,0.0,,
2024-03-28 17:00:00,3563.23,3565.63,3537.48,3553.86,10911.908,0.00036879,80,0.0,0.0,trending,,1125.8493398264786,0.0,0.0,,,1125.8493398264786,0.0,,trending,0.0,{},,562.0,,,,,,,1142.8790088232981,0.0,0.0,0.0,1142.8790088232981,0.0,0.0,0.0,0.487247457840013,0.0,1.0,0.0,,
2024-03-28 18:00:00,3553.85,3569.28,3551.05,3561.4,22989.4581,0.00036879,80,0.0,0.0,trending,,1125.8493398264786,0.0,0.0,,,1125.8493398264786,0.0,,trending,0.0,{},,563.0,,,,,,,1142.8790088232981,0.0,0.0,0.0,1142.8790088232981,0.0,0.0,0.0,-0.2817456549932388,0.0,1.0,0.0,,
2024-03-28 19:00:00,3561.39,3576.14,3559.58,3563.05,13145.3845,0.00036879,80,0.0,0.0,trending,,1125.8493398264786,0.0,0.0,,,1125.8493398264786,0.0,,trending,0.0,{},,564.0,,,,,,,1142.8790088232981,0.0,0.0,0.0,1142.8790088232981,0.0,0.0,0.0,-0.4546006429583258,0.0,1.0,0.0,,
2024-03-28 20:00:00,3563.06,3566.74,3552.0,3561.0,6887.5154,0.00036879,80,0.0,0.0,trending,,1125.8493398264786,0.0,0.0,,,1125.8493398264786,0.0,,trending,0.0,{},,565.0,,,,,,,1142.8790088232981,0.0,0.0,0.0,1142.8790088232981,0.0,0.0,0.0,-0.21743469702552148,0.0,1.0,0.0,,
2024-03-28 21:00:00,3561.0,3575.2,3547.8,3560.59,8838.8954,0.00036879,80,0.0,0.0,trending,,1125.8493398264786,0.0,0.0,,,1125.8493398264786,0.0,,trending,0.0,{},,566.0,,,,,,,1142.8790088232981,0.0,0.0,0.0,1142.8790088232981,0.0,0.0,0.0,-0.1670529916790997,0.0,1.0,0.0,,
2024-03-28 22:00:00,3560.59,3569.49,3541.37,3566.69,10555.6271,0.00036879,80,0.0,0.0,trending,,1125.8493398264786,0.0,0.0,,,1125.8493398264786,0.0,,trending,0.0,{},,567.0,,,,,,,1142.8790088232981,0.0,0.0,0.0,1142.8790088232981,0.0,0.0,0.0,-0.9283592365505428,0.0,1.0,0.0,,
2024-03-28 23:00:00,3566.69,3580.0,3558.43,3560.49,6772.2553,0.00036879,80,0.0,0.0,trending,,1125.8493398264786,0.0,0.0,,,1125.8493398264786,0.0,,trending,0.0,{},,568.0,,,,,,,1142.8790088232981,0.0,0.0,0.0,1142.8790088232981,0.0,0.0,0.0,-0.08451505231548424,0.0,1.0,0.0,,
2024-03-29 00:00:00,3560.49,3564.19,3552.8,3564.18,5859.1084,0.00034117,79,0.0,0.0,trending,,1125.8493398264786,0.0,0.0,,,1125.8493398264786,0.0,,trending,0.0,{},,569.0,,,,,,,1142.8790088232981,0.0,0.0,0.0,1142.8790088232981,0.0,0.0,0.0,-0.5861933782026568,0.0,1.0,0.0,,
2024-03-29 01:00:00,3564.19,3584.37,3560.6,3569.58,7721.8259,0.00034117,79,0.0,0.0,trending,,1125.8493398264786,0.0,0.0,,,1125.8493398264786,0.0,,trending,0.0,{},,570.0,,,,,,,1142.8790088232981,0.0,0.0,0.0,1142.8790088232981,0.0,0.0,0.0,-1.3275618834183378,0.0,1.0,0.0,,
2024-03-29 02:00:00,3569.57,3571.0,3551.35,3561.96,8060.7864,0.00034117,79,0.0,0.0,trending,,1125.8493398264786,0.0,0.0,,,1125.8493398264786,0.0,,trending,0.0,{},,571.0,,,,,,,1142.8790088232981,0.0,0.0,0.0,1142.8790088232981,0.0,0.0,0.0,-0.15772691576297293,0.0,1.0,0.0,,
2024-03-29 03:00:00,3561.95,3570.72,3550.05,3562.39,6978.1605,0.00034117,79,0.0,0.0,trending,,1125.8493398264786,0.0,0.0,,,1125.8493398264786,0.0,,trending,0.0,{},,572.0,,,,,,,1142.8790088232981,0.0,0.0,0.0,1142.8790088232981,0.0,0.0,0.0,-0.22366912263414065,0.0,1.0,0.0,,
2024-03-29 04:00:00,3562.39,3580.8,3555.38,3564.01,10422.4642,0.00034117,79,0.0,0.0,trending,,1125.8493398264786,0.0,0.0,,,1125.8493398264786,0.0,,trending,0.0,{},,573.0,,,,,,,1142.8790088232981,0.0,0.0,0.0,1142.8790088232981,0.0,0.0,0.0,-0.4867469836046411,0.0,1.0,0.0,,
2024-03-29 05:00:00,3564.0,3574.61,3555.48,3558.04,8065.6662,0.00034117,79,0.0,0.0,trending,,1125.8493398264786,0.0,0.0,,,1125.8493398264786,0.0,,trending,0.0,{},,574.0,,,,,,,1142.8790088232981,0.0,0.0,0.0,1142.8790088232981,0.0,0.0,0.0,0.5403087347465771,0.0,1.0,0.0,,
2024-03-29 06:00:00,3558.03,3575.0,3552.55,3574.61,18843.0116,0.00034117,79,0.0,0.0,trending,,1125.8493398264786,0.0,0.0,,,1125.8493398264786,0.0,,trending,0.0,{},,575.0,,,,,,,1142.8790088232981,0.0,0.0,0.0,1142.8790088232981,0.0,0.0,0.0,-2.136508697425603,0.0,1.0,0.0,,
2024-03-29 07:00:00,3574.6,3576.27,3512.85,3519.43,21255.9464,0.00034117,79,0.0,0.0,trending,,1125.8493398264786,0.0,0.0,,,1125.8493398264786,0.0,,trending,0.0,{},,576.0,,,,,,,1142.8790088232981,0.0,0.0,0.0,1142.8790088232981,0.0,0.0,0.0,4.91418012458062,0.0,1.0,0.0,,
2024-03-29 08:00:00,3519.42,3546.03,3517.15,3536.8,25157.8502,0.00030332,79,0.0,0.0,trending,,1125.8493398264786,0.0,0.0,,,1125.8493398264786,0.0,,trending,0.0,{},,577.0,,,,,,,1142.8790088232981,0.0,0.0,0.0,1142.8790088232981,0.0,0.0,0.0,2.486227641625601,0.0,1.0,0.0,,
2024-03-29 09:00:00,3536.79,3546.12,3521.26,3533.38,8646.9256,0.00030332,79,0.0,0.0,trending,,1125.8493398264786,0.0,0.0,,,1125.8493398264786,0.0,,trending,0.0,{},,578.0,,,,,,,1142.8790088232981,0.0,0.0,0.0,1142.8790088232981,0.0,0.0,0.0,2.840808881276519,0.0,1.0,0.0,,
2024-03-29 10:00:00,3533.37,3551.49,3523.01,3551.18,10816.1032,0.00030332,79,0.0,0.0,trending,,1125.8493398264786,0.0,0.0,,,1125.8493398264786,0.0,,trending,0.0,{},,579.0,,,,,,,1142.8790088232981,0.0,0.0,0.0,1142.8790088232981,0.0,0.0,0.0,0.5130757575062006,0.0,1.0,0.0,,
2024-03-29 11:00:00,3551.18,3562.71,3545.4,3549.85,11236.296,0.00030332,79,0.0,0.0,trending,,1125.8493398264786,0.0,0.0,,,1125.8493398264786,0.0,,trending,0.0,{},,580.0,,,,,,,1142.8790088232981,0.0,0.0,0.0,1142.8790088232981,0.0,0.0,0.0,0.6715767889799822,0.0,1.0,0.0,,
2024-03-29 12:00:00,3549.86,3556.8,3533.8,3539.78,11250.7135,0.00030332,79,0.0,0.0,trending,,1125.8493398264786,0.0,0.0,,,1125.8493398264786,0.0,,trending,0.0,{},,581.0,,,,,,,1142.8790088232981,0.0,0.0,0.0,1142.8790088232981,0.0,0.0,0.0,1.873736901172717,0.0,1.0,0.0,,
2024-03-29 13:00:00,3539.77,3558.0,3527.99,3548.5,9957.1899,0.00030332,79,0.0,0.0,trending,,1125.8493398264786,0.0,0.0,,,1125.8493398264786,0.0,,trending,0.0,{},,582.0,,,,,,,1142.8790088232981,0.0,0.0,0.0,1142.8790088232981,0.0,0.0,0.0,0.674577771907471,0.0,1.0,0.0,,
2024-03-29 14:00:00,3548.51,3558.0,3540.8,3543.65,9779.1016,0.00030332,79,0.0,0.0,trending,,1125.8493398264786,0.0,0.0,,,1125.8493398264786,0.0,,trending,0.0,{},,583.0,,,,,,,1142.8790088232981,0.0,0.0,0.0,1142.8790088232981,0.0,0.0,0.0,1.2890117937949612,0.0,1.0,0.0,,
2024-03-29 15:00:00,3543.66,3547.95,3481.14,3488.53,33523.6023,0.00030332,79,0.0,0.0,trending,,1125.8493398264786,0.0,0.0,,,1125.8493398264786,0.0,,trending,0.0,{},,584.0,,,,,,,1142.8790088232981,0.0,0.0,0.0,1142.8790088232981,0.0,0.0,0.0,6.530322706034167,0.0,1.0,0.0,,
2024-03-29 16:00:00,3488.52,3502.36,3468.07,3479.36,20888.3722,0.00037327,79,0.0,0.0,trending,,1125.8493398264786,0.0,0.0,,,1125.8493398264786,0.0,,trending,0.0,{},,585.0,,,,,,,1142.8790088232981,0.0,0.0,0.0,1142.8790088232981,0.0,0.0,0.0,7.174003517475717,0.0,1.0,0.0,,
2024-03-29 17:00:00,3479.36,3495.7,3445.91,3485.23,27882.5439,0.00037327,79,0.0,0.0,trending,,1125.8493398264786,0.0,0.0,,,1125.8493398264786,0.0,,trending,0.0,{},,586.0,,,,,,,1142.8790088232981,0.0,0.0,0.0,1142.8790088232981,0.0,0.0,0.0,6.307345968794374,0.0,1.0,0.0,,
2024-03-29 18:00:00,3485.24,3496.11,3475.39,3492.63,7424.3648,0.00037327,79,0.0,0.0,trending,,1125.8493398264786,0.0,0.0,,,1125.8493398264786,0.0,,trending,0.0,{},,587.0,,,,,,,1142.8790088232981,0.0,0.0,0.0,1142.8790088232981,0.0,0.0,0.0,5.215534692384705,0.0,1.0,0.0,,
2024-03-29 19:00:00,3492.63,3500.6,3483.68,3500.34,4569.9303,0.00037327,79,0.0,0.0,trending,,1125.8493398264786,0.0,0.0,,,1125.8493398264786,0.0,,trending,0.0,{},,588.0,,,,,,,1142.8790088232981,0.0,0.0,0.0,1142.8790088232981,0.0,0.0,0.0,4.093552528237083,0.0,1.0,0.0,,
2024-03-29 20:00:00,3500.35,3501.0,3492.19,3497.2,14901.2361,0.00037327,79,0.0,0.0,trending,,1125.8493398264786,0.0,0.0,,,1125.8493398264786,0.0,,trending,0.0,{},,589.0,,,,,,,1142.8790088232981,0.0,0.0,0.0,1142.8790088232981,0.0,0.0,0.0,4.398066813341228,0.0,1.0,0.0,,
2024-03-29 21:00:00,3497.19,3499.6,3476.01,3485.3,21471.0579,0.00037327,79,0.0,0.0,trending,,1125.8493398264786,0.0,0.0,,,1125.8493398264786,0.0,,trending,0.0,{},,590.0,,,,,,,1142.8790088232981,0.0,0.0,0.0,1142.8790088232981,0.0,0.0,0.0,5.528595787526465,0.0,1.0,0.0,,
2024-03-29 22:00:00,3485.3,3522.03,3485.29,3521.89,10624.4524,0.00037327,79,0.0,0.0,trending,,1125.8493398264786,0.0,0.0,,,1125.8493398264786,0.0,,trending,0.0,{},,591.0,,,,,,,1142.8790088232981,0.0,0.0,0.0,1142.8790088232981,0.0,0.0,0.0,0.5885213783696884,0.0,1.0,0.0,,
2024-03-29 23:00:00,3521.88,3524.55,3509.73,3509.74,7749.4695,0.00037327,79,0.0,0.0,trending,,1125.8493398264786,0.0,0.0,,,1125.8493398264786,0.0,,trending,0.0,{},,592.0,,,,,,,1142.8790088232981,0.0,0.0,0.0,1142.8790088232981,0.0,0.0,0.0,1.8448473793499005,0.0,1.0,0.0,,
2024-03-30 00:00:00,3509.74,3514.35,3501.16,3514.19,6720.3672,0.00024188,75,0.0,0.0,trending,,1125.8493398264786,0.0,0.0,,,1125.8493398264786,0.0,,trending,0.0,{},,593.0,,,,,,,1142.8790088232981,0.0,0.0,0.0,1142.8790088232981,0.0,0.0,0.0,1.3010889982038407,0.0,1.0,0.0,,
2024-03-30 01:00:00,3514.19,3521.89,3508.0,3511.41,7289.1004,0.00024188,75,0.0,0.0,trending,,1125.8493398264786,0.0,0.0,,,1125.8493398264786,0.0,,trending,0.0,{},,594.0,,,,,,,1142.8790088232981,0.0,0.0,0.0,1142.8790088232981,0.0,0.0,0.0,1.6090679624076019,0.0,1.0,0.0,,
2024-03-30 02:00:00,3511.4,3512.74,3501.8,3506.26,6094.9913,0.00024188,75,0.0,0.0,trending,,1125.8493398264786,0.0,0.0,,,1125.8493398264786,0.0,,trending,0.0,{},,595.0,,,,,,,1142.8790088232981,0.0,0.0,0.0,1142.8790088232981,0.0,0.0,0.0,2.1941909517433174,0.0,1.0,0.0,,
2024-03-30 03:00:00,3506.26,3509.43,3486.58,3490.0,14088.8186,0.00024188,75,0.0,0.0,trending,,1125.8493398264786,0.0,0.0,,,1125.8493398264786,0.0,,trending,0.0,{},,596.0,,,,,,,1142.8790088232981,0.0,0.0,0.0,1142.8790088232981,0.0,0.0,0.0,3.932286596285687,0.0,1.0,0.0,,
2024-03-30 04:00:00,3489.99,3511.01,3487.0,3507.42,14237.6309,0.00024188,75,0.0,0.0,trending,,1125.8493398264786,0.0,0.0,,,1125.8493398264786,0.0,,trending,0.0,{},,597.0,,,,,,,1142.8790088232981,0.0,0.0,0.0,1142.8790088232981,0.0,0.0,0.0,1.5098053169501044,0.0,1.0,0.0,,
2024-03-30 05:00:00,3507.41,3532.77,3505.09,3508.01,22373.9,0.00024188,75,0.0,0.0,trending,,1125.8493398264786,0.0,0.0,,,1125.8493398264786,0.0,,trending,0.0,{},,598.0,,,,,,,1142.8790088232981,0.0,0.0,0.0,1142.8790088232981,0.0,0.0,0.0,1.430679608120883,0.0,1.0,0.0,,
2024-03-30 06:00:00,3508.0,3508.56,3493.48,3499.6,11278.1963,0.00024188,75,0.0,0.0,trending,,1125.8493398264786,0.0,0.0,,,1125.8493398264786,0.0,,trending,0.0,{},,599.0,,,,,,,1142.8790088232981,0.0,0.0,0.0,1142.8790088232981,0.0,0.0,0.0,2.4231671907146364,0.0,1.0,0.0,,
2024-03-30 07:00:00,3499.59,3503.0,3492.34,3492.64,8188.9714,0.00024188,75,0.0,0.0,trending,,1125.8493398264786,0.0,0.0,,,1125.8493398264786,0.0,,trending,0.0,{},,600.0,,,,,,,1142.8790088232981,0.0,0.0,0.0,1142.8790088232981,0.0,0.0,0.0,3.2223832056298534,0.0,1.0,0.0,,
2024-03-30 08:00:00,3492.65,3510.0,3492.2,3505.24,10240.7911,0.00024854,75,0.0,0.0,trending,,1125.8493398264786,0.0,0.0,,,1125.8493398264786,0.0,,trending,0.0,{},,601.0,,,,,,,1142.8790088232981,0.0,0.0,0.0,1142.8790088232981,0.0,0.0,0.0,1.331379215700656,0.0,1.0,0.0,,
2024-03-30 09:00:00,3505.24,3515.25,3500.6,3515.25,7923.5071,0.00024854,75,0.0,0.0,trending,,1125.8493398264786,0.0,0.0,,,1125.8493398264786,0.0,,trending,0.0,{},,602.0,,,,,,,1142.8790088232981,0.0,0.0,0.0,1142.8790088232981,0.0,0.0,0.0,-0.05793488912020735,0.0,1.0,0.0,,
2024-03-30 10:00:00,3515.25,3529.39,3509.57,3526.88,8073.7671,0.00024854,75,0.0,0.0,trending,,1125.8493398264786,0.0,0.0,,,1125.8493398264786,0.0,,trending,0.0,{},,603.0,,,,,,,1142.8790088232981,0.0,0.0,0.0,1142.8790088232981,0.0,0.0,0.0,-1.5606236243173244,0.0,1.0,0.0,,
2024-03-30 11:00:00,3526.88,3564.0,3526.57,3560.0,17536.2912,0.00024854,75,0.0,0.0,trending,,1125.8493398264786,0.0,0.0,,,1125.8493398264786,0.0,,trending,0.0,{},,604.0,,,,,,,1142.8790088232981,0.0,0.0,0.0,1142.8790088232981,0.0,0.0,0.0,-5.021964595973714,0.0,1.0,0.0,,
2024-03-30 12:00:00,3559.99,3565.81,3548.4,3552.0,8263.268,0.00024854,75,0.0,0.0,trending,,1125.8493398264786,0.0,0.0,,,1125.8493398264786,0.0,,trending,0.0,{},,605.0,,,,,,,1142.8790088232981,0.0,0.0,0.0,1142.8790088232981,0.0,0.0,0.0,-3.8570180622706887,0.0,1.0,0.0,,
2024-03-30 13:00:00,3551.99,3552.97,3535.26,3543.47,7117.3214,0.00024854,75,0.0,0.0,trending,,1125.8493398264786,0.0,0.0,,,1125.8493398264786,0.0,,trending,0.0,{},,606.0,,,,,,,1142.8790088232981,0.0,0.0,0.0,1142.8790088232981,0.0,0.0,0.0,-2.646386823068616,0.0,1.0,0.0,,
2024-03-30 14:00:00,3543.47,3547.34,3531.0,3534.19,5793.6034,0.00024854,75,0.0,0.0,trending,,1125.8493398264786,0.0,0.0,,,1125.8493398264786,0.0,,trending,0.0,{},,607.0,,,,,,,1142.8790088232981,0.0,0.0,0.0,1142.8790088232981,0.0,0.0,0.0,-1.3755210299006961,0.0,1.0,0.0,,
2024-03-30 15:00:00,3534.19,3548.92,3532.76,3536.61,7492.4247,0.00024854,75,0.0,0.0,trending,,1125.8493398264786,0.0,0.0,,,1125.8493398264786,0.0,,trending,0.0,{},,608.0,,,,,,,1142.8790088232981,0.0,0.0,0.0,1142.8790088232981,0.0,0.0,0.0,-1.664463650927212,0.0,1.0,0.0,,
2024-03-30 16:00:00,3536.6,3547.71,3526.17,3542.53,8240.5673,0.00045204,75,0.0,0.0,trending,,1125.8493398264786,0.0,0.0,,,1125.8493398264786,0.0,,trending,0.0,{},,609.0,,,,,,,1142.8790088232981,0.0,0.0,0.0,1142.8790088232981,0.0,0.0,0.0,-2.3845115917942734,0.0,1.0,0.0,,
2024-03-30 17:00:00,3542.53,3542.54,3526.08,3531.96,5873.478,0.00045204,75,0.0,0.0,trending,,1125.8493398264786,0.0,0.0,,,1125.8493398264786,0.0,,trending,0.0,{},,610.0,,,,,,,1142.8790088232981,0.0,0.0,0.0,1142.8790088232981,0.0,0.0,0.0,-0.8129447744350586,0.0,1.0,0.0,,
2024-03-30 18:00:00,3531.97,3531.97,3519.91,3524.75,5054.4745,0.00045204,75,0.0,0.0,trending,,1125.8493398264786,0.0,0.0,,,1125.8493398264786,0.0,,trending,0.0,{},,611.0,,,,,,,1142.8790088232981,0.0,0.0,0.0,1142.8790088232981,0.0,0.0,0.0,0.20782110734588174,0.0,1.0,0.0,,
2024-03-30 19:00:00,3524.75,3524.75,3485.0,3509.02,14996.0283,0.00045204,75,0.0,0.0,trending,,1125.8493398264786,0.0,0.0,,,1125.8493398264786,0.0,,trending,0.0,{},,612.0,,,,,,,1142.8790088232981,0.0,0.0,0.0,1142.8790088232981,0.0,0.0,0.0,2.252832628232568,0.0,1.0,0.0,,
2024-03-30 20:00:00,3509.02,3511.99,3498.47,3505.81,4695.2345,0.00045204,75,0.0,0.0,trending,,1125.8493398264786,0.0,0.0,,,1125.8493398264786,0.0,,trending,0.0,{},,613.0,,,,,,,1142.8790088232981,0.0,0.0,0.0,1142.8790088232981,0.0,0.0,0.0,2.6468670085795285,0.0,1.0,0.0,,
2024-03-30 21:00:00,3505.81,3510.9,3494.88,3504.25,4557.6891,0.00045204,75,0.0,0.0,trending,,1125.8493398264786,0.0,0.0,,,1125.8493398264786,0.0,,trending,0.0,{},,614.0,,,,,,,1142.8790088232981,0.0,0.0,0.0,1142.8790088232981,0.0,0.0,0.0,2.8462066155773416,0.0,1.0,0.0,,
2024-03-30 22:00:00,3504.25,3519.0,3500.46,3506.4,5371.2208,0.00045204,75,0.0,0.0,trending,,1125.8493398264786,0.0,0.0,,,1125.8493398264786,0.0,,trending,0.0,{},,615.0,,,,,,,1142.8790088232981,0.0,0.0,0.0,1142.8790088232981,0.0,0.0,0.0,2.463230336778804,0.0,1.0,0.0,,
2024-03-30 23:00:00,3506.39,3510.22,3496.39,3505.64,4523.6208,0.00045204,75,0.0,0.0,trending,,1125.8493398264786,0.0,0.0,,,1125.8493398264786,0.0,,trending,0.0,{},,616.0,,,,,,,1142.8790088232981,0.0,0.0,0.0,1142.8790088232981,0.0,0.0,0.0,2.574409535083183,0.0,1.0,0.0,,
2024-03-31 00:00:00,3505.65,3520.0,3505.09,3518.2,5996.1466,0.00026461,75,0.0,0.0,trending,,1125.8493398264786,0.0,0.0,,,1125.8493398264786,0.0,,trending,0.0,{},,617.0,,,,,,,1142.8790088232981,0.0,0.0,0.0,1142.8790088232981,0.0,0.0,0.0,0.2852162133452225,0.0,1.0,0.0,,
2024-03-31 01:00:00,3518.2,3528.77,3515.0,3523.31,5838.503,0.00026461,75,0.0,0.0,trending,,1125.8493398264786,0.0,0.0,,,1125.8493398264786,0.0,,trending,0.0,{},,618.0,,,,,,,1142.8790088232981,0.0,0.0,0.0,1142.8790088232981,0.0,0.0,0.0,-0.5777539140578682,0.0,1.0,0.0,,
2024-03-31 03:00:00,3523.31,3544.07,3520.03,3537.26,13266.2289,0.00026461,75,0.0,0.0,trending,,1125.8493398264786,0.0,0.0,,,1125.8493398264786,0.0,,trending,0.0,{},,619.0,,,,,,,1142.8790088232981,0.0,0.0,0.0,1142.8790088232981,0.0,0.0,0.0,-2.736903305484387,0.0,1.0,0.0,,
2024-03-31 04:00:00,3537.26,3547.96,3532.42,3543.01,4642.0967,0.00026461,75,0.0,0.0,trending,,1125.8493398264786,0.0,0.0,,,1125.8493398264786,0.0,,trending,0.0,{},,620.0,,,,,,,1142.8790088232981,0.0,0.0,0.0,1142.8790088232981,0.0,0.0,0.0,-3.548642459922266,0.0,1.0,0.0,,
2024-03-31 05:00:00,3543.01,3607.97,3540.0,3604.2,33620.1937,0.00026461,75,-9.309852732578026,0.0,trending,,1125.8493398264786,0.0,-0.9309852732578026,True,True,1124.8011906711931,-0.9318528145049506,,trending,-9.309852732578026,{},,621.0,ETHUSDT,2024-03-31 05:00:00,ETHUSDT,3604.2,0.2908132609970232,SHORT,1142.8790088232981,0.0,0.0,0.0,1142.8790088232981,0.0,0.0,0.0,-9.309852732578026,-9.309852732578026,1.0,-9.309852732578026,True,True
2024-03-31 06:00:00,3604.2,3631.99,3604.03,3615.99,25906.5206,0.00026461,75,-10.034030522196526,0.0,trending,,1121.3725023240381,-0.9377596128434011,-0.0656434393762515,False,,1121.3725023240381,-0.9377596128434011,,trending,-0.7241777896184995,{},,622.0,ETHUSDT,2024-03-31 06:00:00,,,,,1142.8790088232981,0.0,0.0,0.0,1142.8790088232981,0.0,0.0,0.0,-10.034030522196526,-10.034030522196526,1.0,-10.034030522196526,True,False
2024-03-31 07:00:00,3615.99,3629.21,3610.93,3625.38,11773.8272,0.00026461,75,-10.581285398123754,0.0,trending,,1118.641765803276,-0.9424899126632452,-0.1156386271491302,False,,1118.641765803276,-0.9424899126632452,,trending,-0.5472548759272282,{},,623.0,ETHUSDT,2024-03-31 07:00:00,,,,,1142.8790088232981,0.0,0.0,0.0,1142.8790088232981,0.0,0.0,0.0,-10.581285398123754,-10.581285398123754,1.0,-10.581285398123754,True,False
2024-03-31 08:00:00,3625.38,3632.8,3614.0,3617.82,11112.2078,0.00065366,75,-9.191419206537649,0.0,trending,,1120.8403140564135,-0.9386796840779019,0.019537763424137045,False,,1120.8403140564135,-0.9386796840779019,,trending,1.3898661915861048,{},,624.0,ETHUSDT,2024-03-31 08:00:00,,,,,1142.8790088232981,0.0,0.0,0.0,1142.8790088232981,0.0,0.0,0.0,-9.191419206537649,-9.191419206537649,1.0,-9.191419206537649,True,False
2024-03-31 09:00:00,3617.81,3618.45,3601.2,3601.21,7578.6676,0.00065366,75,0.0,0.0,trending,,1125.670722321574,-0.9303605422686922,0.9303605422686922,True,True,1124.6223943699872,0.0,,trending,9.191419206537649,{},,625.0,ETHUSDT,2024-03-31 09:00:00,ETHUSDT,3601.21,-0.2908132609970232,CLOSE,1142.8790088232981,0.0,0.0,0.0,1142.8790088232981,0.0,0.0,0.0,-6.357135142585037,0.0,1.0,0.0,True,True
2024-03-31 10:00:00,3601.2,3609.7,3601.2,3604.76,6155.2292,0.00065366,75,0.0,0.0,trending,,1124.6223943699872,0.0,0.0,,,1124.6223943699872,0.0,,trending,0.0,{},,626.0,,,,,,,1142.8790088232981,0.0,0.0,0.0,1142.8790088232981,0.0,0.0,0.0,-6.655365812282333,0.0,1.0,0.0,,
2024-03-31 11:00:00,3604.76,3612.39,3600.38,3609.2,8397.7301,0.00065366,75,0.0,0.0,trending,,1124.6223943699872,0.0,0.0,,,1124.6223943699872,0.0,,trending,0.0,{},,627.0,,,,,,,1142.8790088232981,0.0,0.0,0.0,1142.8790088232981,0.0,0.0,0.0,-7.03704686544944,0.0,1.0,0.0,,
2024-03-31 12:00:00,3609.2,3627.53,3606.78,3616.33,10218.5787,0.00065366,75,0.0,0.0,trending,,1124.6223943699872,0.0,0.0,,,1124.6223943699872,0.0,,trending,0.0,{},,628.0,,,,,,,1142.8790088232981,0.0,0.0,0.0,1142.8790088232981,0.0,0.0,0.0,-7.647960100553803,0.0,1.0,0.0,,
2024-03-31 13:00:00,3616.33,3630.0,3616.2,3623.44,10361.0297,0.00065366,75,-8.243034897395217,0.0,trending,,1124.6223943699872,0.0,-0.8243034897395217,True,True,1123.6953642056692,-0.8249835265394255,,trending,-8.243034897395217,{},,629.0,ETHUSDT,2024-03-31 13:00:00,ETHUSDT,3623.44,0.2558425596445359,SHORT,1142.8790088232981,0.0,0.0,0.0,1142.8790088232981,0.0,0.0,0.0,-8.243034897395217,-8.243034897395217,1.0,-8.243034897395217,True,True
2024-03-31 14:00:00,3623.45,3638.0,3616.0,3622.35,10827.724,0.00065366,75,-8.020160111632567,0.0,trending,,1123.9742325956818,-0.8245307312678914,0.022514720104634733,False,,1123.9742325956818,-0.8245307312678914,,trending,0.22287478576265052,{},,630.0,ETHUSDT,2024-03-31 14:00:00,,,,,1142.8790088232981,0.0,0.0,0.0,1142.8790088232981,0.0,0.0,0.0,-8.020160111632567,-8.020160111632567,1.0,-8.020160111632567,True,False
2024-03-31 15:00:00,3622.35,3624.6,3613.03,3617.68,8157.7942,0.00065366,75,0.0,0.0,trending,,1125.1690173492216,-0.8225933143407709,0.8225933143407709,True,True,1124.2425343550526,0.0,,trending,8.020160111632567,{},,631.0,ETHUSDT,2024-03-31 15:00:00,ETHUSDT,3617.68,-0.2558425596445359,CLOSE,1142.8790088232981,0.0,0.0,0.0,1142.8790088232981,0.0,0.0,0.0,-7.035825739498285,0.0,1.0,0.0,True,True
2024-03-31 16:00:00,3617.69,3633.81,3617.32,3621.0,8460.6032,0.00065366,75,0.0,0.0,trending,,1124.2425343550526,0.0,0.0,,,1124.2425343550526,0.0,,trending,0.0,{},,632.0,,,,,,,1142.8790088232981,0.0,0.0,0.0,1142.8790088232981,0.0,0.0,0.0,-7.375400936668484,0.0,1.0,0.0,,
2024-03-31 17:00:00,3621.0,3629.83,3620.14,3626.58,4911.3682,0.00058292,75,0.0,0.0,trending,,1124.2425343550526,0.0,0.0,,,1124.2425343550526,0.0,,trending,0.0,{},,633.0,,,,,,,1142.8790088232981,0.0,0.0,0.0,1142.8790088232981,0.0,0.0,0.0,-7.946775500174681,0.0,1.0,0.0,,
2024-03-31 18:00:00,3626.59,3655.32,3623.0,3629.19,15264.4942,0.00058292,75,-8.215444362673612,0.0,trending,,1124.2425343550526,0.0,-0.8215444362673612,True,True,1123.3189191559381,-0.8222199264733434,,trending,-8.215444362673612,{},,634.0,ETHUSDT,2024-03-31 18:00:00,ETHUSDT,3629.19,0.2544962372084435,SHORT,1142.8790088232981,0.0,0.0,0.0,1142.8790088232981,0.0,0.0,0.0,-8.215444362673612,-8.215444362673612,1.0,-8.215444362673612,True,True
2024-03-31 19:00:00,3629.18,3643.71,3613.75,3638.18,12453.9052,0.00058292,75,-9.11541503931411,0.0,trending,,1121.0309979834344,-0.825938909764828,-0.085602594166583,False,,1121.0309979834344,-0.825938909764828,,trending,-0.899970676640498,{},,635.0,ETHUSDT,2024-03-31 19:00:00,,,,,1142.8790088232981,0.0,0.0,0.0,1142.8790088232981,0.0,0.0,0.0,-9.11541503931411,-9.11541503931411,1.0,-9.11541503931411,True,False
2024-03-31 20:00:00,3638.19,3644.06,3629.16,3633.25,6054.9244,0.00058292,75,0.0,0.0,trending,,1122.285664432872,-0.8238975896612141,0.8238975896612141,True,True,1121.3600904050065,0.0,,trending,9.11541503931411,{},,636.0,ETHUSDT,2024-03-31 20:00:00,ETHUSDT,3633.25,-0.2544962372084435,CLOSE,1142.8790088232981,0.0,0.0,0.0,1142.8790088232981,0.0,0.0,0.0,-7.858929946826527,0.0,1.0,0.0,True,True
2024-03-31 21:00:00,3633.24,3639.61,3617.8,3625.32,7404.4659,0.00058292,75,0.0,0.0,trending,,1121.3600904050065,0.0,0.0,,,1121.3600904050065,0.0,,trending,0.0,{},,637.0,,,,,,,1142.8790088232981,0.0,0.0,0.0,1142.8790088232981,0.0,0.0,0.0,-5.9212167508798474,0.0,1.0,0.0,,
2024-03-31 22:00:00,3625.32,3639.82,3623.2,3629.8,6739.7872,0.00058292,75,0.0,0.0,trending,,1121.3600904050065,0.0,0.0,,,1121.3600904050065,0.0,,trending,0.0,{},,638.0,,,,,,,1142.8790088232981,0.0,0.0,0.0,1142.8790088232981,0.0,0.0,0.0,-6.492797120586835,0.0,1.0,0.0,,
2024-03-31 23:00:00,3629.8,3650.6,3628.8,3645.29,8322.9614,0.00058292,75,-8.266593191406356,0.0,trending,,1121.3600904050065,0.0,-0.8266593191406356,True,True,1120.433107636161,-0.827343250148499,,trending,-8.266593191406356,{},,639.0,ETHUSDT,2024-03-31 23:00:00,ETHUSDT,3645.29,0.2542960282571988,SHORT,1142.8790088232981,0.0,0.0,0.0,1142.8790088232981,0.0,0.0,0.0,-8.266593191406356,-8.266593191406356,1.0,-8.266593191406356,True,True
2024-04-01 00:00:00,3645.29,3645.95,3614.6,3625.41,12065.4509,0.00060909,79,0.0,0.0,trending,,1125.488512677914,-0.8191352940692013,0.8191352940692013,True,True,1124.565662463896,0.0,,trending,8.266593191406356,{},,640.0,ETHUSDT,2024-04-01 00:00:00,ETHUSDT,3625.41,-0.2542960282571988,CLOSE,1142.8790088232981,0.0,0.0,0.0,1142.8790088232981,0.0,0.0,0.0,-3.9242537052160404,0.0,1.0,0.0,True,True
2024-04-01 01:00:00,3625.41,3627.0,3606.26,3609.79,9330.8143,0.00060909,79,0.0,0.0,trending,,1124.565662463896,0.0,0.0,,,1124.565662463896,0.0,,trending,0.0,{},,641.0,,,,,,,1142.8790088232981,0.0,0.0,0.0,1142.8790088232981,0.0,0.0,0.0,-1.1721487303628864,0.0,1.0,0.0,,
2024-04-01 02:00:00,3609.79,3615.38,3606.06,3613.01,7111.2755,0.00060909,79,0.0,0.0,trending,,1124.565662463896,0.0,0.0,,,1124.565662463896,0.0,,trending,0.0,{},,642.0,,,,,,,1142.8790088232981,0.0,0.0,0.0,1142.8790088232981,0.0,0.0,0.0,-1.6410285490741843,0.0,1.0,0.0,,
2024-04-01 03:00:00,3613.01,3620.0,3600.74,3610.42,8821.0982,0.00060909,79,0.0,0.0,trending,,1124.565662463896,0.0,0.0,,,1124.565662463896,0.0,,trending,0.0,{},,643.0,,,,,,,1142.8790088232981,0.0,0.0,0.0,1142.8790088232981,0.0,0.0,0.0,-1.1840406817054514,0.0,1.0,0.0,,
2024-04-01 04:00:00,3610.41,3613.3,3600.0,3600.41,6671.0959,0.00060909,79,0.0,0.0,trending,,1124.565662463896,0.0,0.0,,,1124.565662463896,0.0,,trending,0.0,{},,644.0,,,,,,,1142.8790088232981,0.0,0.0,0.0,1142.8790088232981,0.0,0.0,0.0,0.527297505557334,0.0,1.0,0.0,,
2024-04-01 05:00:00,3600.41,3605.9,3500.0,3510.0,44533.1559,0.00060909,79,9.095651698297155,0.0,trending,,1124.565662463896,0.0,0.9095651698297156,True,True,1123.5427967061323,0.9094828385724091,,trending,9.095651698297155,{},,645.0,ETHUSDT,2024-04-01 05:00:00,ETHUSDT,3510.0,0.29141474580160687,LONG,1142.8790088232981,0.0,0.0,0.0,1142.8790088232981,0.0,0.0,0.0,9.095651698297155,9.095651698297155,1.0,9.095651698297155,True,True
2024-04-01 06:00:00,3510.0,3547.94,3502.23,3542.3,31222.7834,0.00060909,79,0.0,0.0,trending,,1132.9460802992348,0.9102341175200546,-0.9102341175200546,True,True,1131.914834123636,0.0,,trending,-9.095651698297155,{},,646.0,ETHUSDT,2024-04-01 06:00:00,ETHUSDT,3542.3,0.29112333105580523,CLOSE,1142.8790088232981,0.0,0.0,0.0,1142.8790088232981,0.0,0.0,0.0,4.883090055314321,0.0,1.0,0.0,True,True
2024-04-01 07:00:00,3542.31,3555.71,3538.98,3546.88,16263.6761,0.00060909,79,0.0,0.0,trending,,1131.914834123636,0.0,0.0,,,1131.914834123636,0.0,,trending,0.0,{},,647.0,,,,,,,1142.8790088232981,0.0,0.0,0.0,1142.8790088232981,0.0,0.0,0.0,4.3448601535817515,0.0,1.0,0.0,,
2024-04-01 08:00:00,3546.88,3546.89,3520.07,3534.2,19599.453,0.00035798,79,0.0,0.0,trending,,1131.914834123636,0.0,0.0,,,1131.914834123636,0.0,,trending,0.0,{},,648.0,,,,,,,1142.8790088232981,0.0,0.0,0.0,1142.8790088232981,0.0,0.0,0.0,5.293319411799047,0.0,1.0,0.0,,
2024-04-01 09:00:00,3534.19,3551.25,3534.19,3539.93,8313.0817,0.00035798,79,0.0,0.0,trending,,1131.914834123636,0.0,0.0,,,1131.914834123636,0.0,,trending,0.0,{},,649.0,,,,,,,1142.8790088232981,0.0,0.0,0.0,1142.8790088232981,0.0,0.0,0.0,4.568932171233283,0.0,1.0,0.0,,
2024-04-01 10:00:00,3539.93,3547.19,3529.69,3546.45,6887.0532,0.00035798,79,0.0,0.0,trending,,1131.914834123636,0.0,0.0,,,1131.914834123636,0.0,,trending,0.0,{},,650.0,,,,,,,1142.8790088232981,0.0,0.0,0.0,1142.8790088232981,0.0,0.0,0.0,3.7359290317865232,0.0,1.0,0.0,,
2024-04-01 11:00:00,3546.45,3560.17,3535.9,3537.98,9837.3402,0.00035798,79,0.0,0.0,trending,,1131.914834123636,0.0,0.0,,,1131.914834123636,0.0,,trending,0.0,{},,651.0,,,,,,,1142.8790088232981,0.0,0.0,0.0,1142.8790088232981,0.0,0.0,0.0,4.472462680181005,0.0,1.0,0.0,,
2024-04-01 12:00:00,3537.98,3559.56,3534.74,3558.01,9474.7485,0.00035798,79,0.0,0.0,trending,,1131.914834123636,0.0,0.0,,,1131.914834123636,0.0,,trending,0.0,{},,652.0,,,,,,,1142.8790088232981,0.0,0.0,0.0,1142.8790088232981,0.0,0.0,0.0,1.941894315423187,0.0,1.0,0.0,,
2024-04-01 13:00:00,3558.01,3570.58,3546.81,3555.21,14480.524,0.00035798,79,0.0,0.0,trending,,1131.914834123636,0.0,0.0,,,1131.914834123636,0.0,,trending,0.0,{},,653.0,,,,,,,1142.8790088232981,0.0,0.0,0.0,1142.8790088232981,0.0,0.0,0.0,2.21870647078743,0.0,1.0,0.0,,
2024-04-01 14:00:00,3555.21,3557.54,3491.7,3508.49,30551.9514,0.00035798,79,0.0,0.0,trending,,1131.914834123636,0.0,0.0,,,1131.914834123636,0.0,,trending,0.0,{},,654.0,,,,,,,1142.8790088232981,0.0,0.0,0.0,1142.8790088232981,0.0,0.0,0.0,6.058640292653081,0.0,1.0,0.0,,
2024-04-01 15:00:00,3508.5,3513.99,3437.23,3444.04,58240.9081,0.00035798,79,9.444947033747088,0.0,trending,,1131.914834123636,0.0,0.9444947033747088,True,True,1130.845746558135,0.9444422293546028,,trending,9.444947033747088,{},,655.0,ETHUSDT,2024-04-01 15:00:00,ETHUSDT,3444.04,0.3104167098817192,LONG,1142.8790088232981,0.0,0.0,0.0,1142.8790088232981,0.0,0.0,0.0,9.444947033747088,9.444947033747088,1.0,9.444947033747088,True,True
2024-04-01 16:00:00,3444.04,3463.67,3433.0,3444.99,27282.917,0.00019362,79,9.33183844566254,0.0,trending,,1131.140347536648,0.9444566991537147,-0.011272854587460746,False,,1131.140347536648,0.9444566991537147,,trending,-0.1131085880845486,{},,656.0,ETHUSDT,2024-04-01 16:00:00,,,,,1142.8790088232981,0.0,0.0,0.0,1142.8790088232981,0.0,0.0,0.0,9.33183844566254,9.33183844566254,1.0,9.33183844566254,True,False
2024-04-01 17:00:00,3444.99,3451.01,3413.71,3443.55,21969.8737,0.00019362,79,9.398316410076303,0.0,trending,,1130.6937944744807,0.9444347630369719,-0.004603122029341655,False,,1130.6937944744807,0.9444347630369719,,trending,0.06647796441376386,{},,657.0,ETHUSDT,2024-04-01 17:00:00,,,,,1142.8790088232981,0.0,0.0,0.0,1142.8790088232981,0.0,0.0,0.0,9.398316410076303,9.398316410076303,1.0,9.398316410076303,True,False
2024-04-01 18:00:00,3443.55,3448.96,3418.93,3446.83,13115.5115,0.00019362,79,8.955753989538852,0.0,trending,,1131.7109431160843,0.9444847034441414,-0.0489093044902561,False,,1131.7109431160843,0.9444847034441414,,trending,-0.44256242053745076,{},,658.0,ETHUSDT,2024-04-01 18:00:00,,,,,1142.8790088232981,0.0,0.0,0.0,1142.8790088232981,0.0,0.0,0.0,8.955753989538852,8.955753989538852,1.0,8.955753989538852,True,False
2024-04-01 19:00:00,3446.82,3489.18,3442.49,3486.33,16109.9161,0.00019362,79,0.0,0.0,trending,,1143.960141696372,0.9450791453892496,-0.9450791453892496,True,True,1142.8790088232981,0.0,,trending,-8.955753989538852,{},,659.0,ETHUSDT,2024-04-01 19:00:00,ETHUSDT,3486.33,0.31010629317183747,CLOSE,1142.8790088232981,0.0,0.0,0.0,1142.8790088232981,0.0,0.0,0.0,4.225963949908007,0.0,1.0,0.0,True,True
2024-04-01 20:00:00,3486.33,3497.38,3471.32,3495.99,10626.6613,0.00019362,79,0.0,0.0,trending,,1142.8790088232981,0.0,0.0,,,1142.8790088232981,0.0,,trending,0.0,{},,660.0,,,,,,,1142.8790088232981,0.0,0.0,0.0,1142.8790088232981,0.0,0.0,0.0,3.226739912978701,0.0,1.0,0.0,,
2024-04-01 21:00:00,3495.99,3504.57,3484.44,3492.8,12688.9584,0.00019362,79,0.0,0.0,trending,,1142.8790088232981,0.0,0.0,,,1142.8790088232981,0.0,,trending,0.0,{},,661.0,,,,,,,1142.8790088232981,0.0,0.0,0.0,1142.8790088232981,0.0,0.0,0.0,3.46923464776651,0.0,1.0,0.0,,
