timestamp,open,high,low,close,volume,funding_rate,fear_greed,forecast,confidence,regime,strategy,total_portfolio_value,previous_allocation,allocation_change,approved_rebalance,succcess_execute_portfolio_rebalance,postRebalance_total_value,postRebalance_current_allocation,portfolio_value,debug_info.error,debug_info.regime,debug_info.forecast_delta,debug_info.regime_scores,debug_info.regime_margin,debug_info.bars_in_regime,debug_approve_allocation_change.symbol,debug_approve_allocation_change.time,debug_execute_portfolio_rebalance.symbol,debug_execute_portfolio_rebalance.price,debug_execute_portfolio_rebalance.quantity,debug_execute_portfolio_rebalance.trade_type,balances.USDT.free,balances.USDT.locked,balances.ETHUSDT.free,balances.ETHUSDT.locked,postRebalance_balances.USDT.free,postRebalance_balances.USDT.locked,postRebalance_balances.ETHUSDT.free,postRebalance_balances.ETHUSDT.locked,debug_info.components.rsi_momentum.last_history_value,debug_info.components.rsi_momentum.post_pipeline_value,debug_info.components.rsi_momentum.weight_normalized,debug_info.components.rsi_momentum.weighted_contribution,debug_approve_allocation_change.controls.max_allocation_change.passed,debug_approve_allocation_change.controls.min_allocation_change.passed
2024-03-01 00:00:00,3340.1,3380.0,3338.54,3378.73,21396.3919,0.00053,80,0.0,0.0,NOT_READY,,1000.0,0.0,0.0,,,1000.0,0.0,1000.0,Strategy not ready,,,,,,,,,,,,671.31801,0.0,0.0,0.0,671.31801,0.0,0.0,0.0,,,,,,
2024-03-01 01:00:00,3378.73,3388.82,3364.61,3375.2,20170.9398,0.00053,80,0.0,0.0,NOT_READY,,1000.0,0.0,0.0,,,1000.0,0.0,1000.0,Strategy not ready,,,,,,,,,,,,671.31801,0.0,0.0,0.0,671.31801,0.0,0.0,0.0,,,,,,
2024-03-01 02:00:00,3375.2,3380.83,3352.05,3366.73,13248.5356,0.00053,80,0.0,0.0,NOT_READY,,1000.0,0.0,0.0,,,1000.0,0.0,1000.0,Strategy not ready,,,,,,,,,,,,671.31801,0.0,0.0,0.0,671.31801,0.0,0.0,0.0,,,,,,
2024-03-01 03:00:00,3366.73,3377.59,3355.18,3367.79,11386.0363,0.00053,80,0.0,0.0,NOT_READY,,1000.0,0.0,0.0,,,1000.0,0.0,1000.0,Strategy not ready,,,,,,,,,,,,671.31801,0.0,0.0,0.0,671.31801,0.0,0.0,0.0,,,,,,
2024-03-01 04:00:00,3367.78,3382.43,3365.59,3376.87,13837.3731,0.00053,80,0.0,0.0,NOT_READY,,1000.0,0.0,0.0,,,1000.0,0.0,1000.0,Strategy not ready,,,,,,,,,,,,671.31801,0.0,0.0,0.0,671.31801,0.0,0.0,0.0,,,,,,
2024-03-01 05:00:00,3376.87,3386.65,3368.9,3368.9,11423.7132,0.00053,80,0.0,0.0,NOT_READY,,1000.0,0.0,0.0,,,1000.0,0.0,1000.0,Strategy not ready,,,,,,,,,,,,671.31801,0.0,0.0,0.0,671.31801,0.0,0.0,0.0,,,,,,
2024-03-01 06:00:00,3368.91,3399.0,3368.52,3387.26,15260.7699,0.00053,80,0.0,0.0,NOT_READY,,1000.0,0.0,0.0,,,1000.0,0.0,1000.0,Strategy not ready,,,,,,,,,,,,671.31801,0.0,0.0,0.0,671.31801,0.0,0.0,0.0,,,,,,
2024-03-01 07:00:00,3387.26,3396.01,3364.32,3365.41,14902.1153,0.00053,80,0.0,0.0,NOT_READY,,1000.0,0.0,0.0,,,1000.0,0.0,1000.0,Strategy not ready,,,,,,,,,,,,671.31801,0.0,0.0,0.0,671.31801,0.0,0.0,0.0,,,,,,
2024-03-01 08:00:00,3365.41,3437.08,3353.74,3420.93,51341.8222,0.000391,80,0.0,0.0,NOT_READY,,1000.0,0.0,0.0,,,1000.0,0.0,1000.0,Strategy not ready,,,,,,,,,,,,671.31801,0.0,0.0,0.0,671.31801,0.0,0.0,0.0,,,,,,
2024-03-01 09:00:00,3420.94,3431.76,3416.75,3429.14,15375.3166,0.000391,80,0.0,0.0,NOT_READY,,1000.0,0.0,0.0,,,1000.0,0.0,1000.0,Strategy not ready,,,,,,,,,,,,671.31801,0.0,0.0,0.0,671.31801,0.0,0.0,0.0,,,,,,
2024-03-01 10:00:00,3429.13,3429.14,3400.61,3406.04,13245.9951,0.000391,80,0.0,0.0,NOT_READY,,1000.0,0.0,0.0,,,1000.0,0.0,1000.0,Strategy not ready,,,,,,,,,,,,671.31801,0.0,0.0,0.0,671.31801,0.0,0.0,0.0,,,,,,
2024-03-01 11:00:00,3406.04,3418.32,3398.61,3410.9,11726.0176,0.000391,80,0.0,0.0,NOT_READY,,1000.0,0.0,0.0,,,1000.0,0.0,1000.0,Strategy not ready,,,,,,,,,,,,671.31801,0.0,0.0,0.0,671.31801,0.0,0.0,0.0,,,,,,
2024-03-01 12:00:00,3410.89,3436.86,3410.26,3423.98,13534.4603,0.000391,80,0.0,0.0,NOT_READY,,1000.0,0.0,0.0,,,1000.0,0.0,1000.0,Strategy not ready,,,,,,,,,,,,671.31801,0.0,0.0,0.0,671.31801,0.0,0.0,0.0,,,,,,
2024-03-01 13:00:00,3423.98,3449.81,3422.6,3438.51,15137.9077,0.000391,80,0.0,0.0,NOT_READY,,1000.0,0.0,0.0,,,1000.0,0.0,1000.0,Strategy not ready,,,,,,,,,,,,671.31801,0.0,0.0,0.0,671.31801,0.0,0.0,0.0,,,,,,
2024-03-01 14:00:00,3438.5,3449.41,3382.1,3415.85,34918.4622,0.000391,80,0.0,0.0,NOT_READY,,1000.0,0.0,0.0,,,1000.0,0.0,1000.0,Strategy not ready,,,,,,,,,,,,671.31801,0.0,0.0,0.0,671.31801,0.0,0.0,0.0,,,,,,
2024-03-01 15:00:00,3415.84,3428.28,3379.6,3390.76,26222.3249,0.000391,80,0.0,0.0,NOT_READY,,1000.0,0.0,0.0,,,1000.0,0.0,1000.0,Strategy not ready,,,,,,,,,,,,671.31801,0.0,0.0,0.0,671.31801,0.0,0.0,0.0,,,,,,
2024-03-01 16:00:00,3390.76,3402.49,3380.06,3387.19,20676.2846,0.000524,80,0.0,0.0,NOT_READY,,1000.0,0.0,0.0,,,1000.0,0.0,1000.0,Strategy not ready,,,,,,,,,,,,671.31801,0.0,0.0,0.0,671.31801,0.0,0.0,0.0,,,,,,
2024-03-01 17:00:00,3387.19,3425.45,3387.19,3419.39,17209.914,0.000524,80,0.0,0.0,NOT_READY,,1000.0,0.0,0.0,,,1000.0,0.0,1000.0,Strategy not ready,,,,,,,,,,,,671.31801,0.0,0.0,0.0,671.31801,0.0,0.0,0.0,,,,,,
2024-03-01 18:00:00,3419.38,3433.91,3410.19,3431.69,14897.0747,0.000524,80,0.0,0.0,NOT_READY,,1000.0,0.0,0.0,,,1000.0,0.0,1000.0,Strategy not ready,,,,,,,,,,,,671.31801,0.0,0.0,0.0,671.31801,0.0,0.0,0.0,,,,,,
2024-03-01 19:00:00,3431.69,3435.9,3420.0,3427.73,11098.4712,0.000524,80,0.0,0.0,NOT_READY,,1000.0,0.0,0.0,,,1000.0,0.0,1000.0,Strategy not ready,,,,,,,,,,,,671.31801,0.0,0.0,0.0,671.31801,0.0,0.0,0.0,,,,,,
2024-03-01 20:00:00,3427.73,3450.0,3421.28,3443.64,14618.2126,0.000524,80,0.0,0.0,NOT_READY,,1000.0,0.0,0.0,,,1000.0,0.0,1000.0,Strategy not ready,,,,,,,,,,,,671.31801,0.0,0.0,0.0,671.31801,0.0,0.0,0.0,,,,,,
2024-03-01 21:00:00,3443.65,3448.99,3423.61,3426.71,12755.1301,0.000524,80,0.0,0.0,NOT_READY,,1000.0,0.0,0.0,,,1000.0,0.0,1000.0,Strategy not ready,,,,,,,,,,,,671.31801,0.0,0.0,0.0,671.31801,0.0,0.0,0.0,,,,,,
2024-03-01 22:00:00,3426.71,3438.0,3424.36,3433.21,8366.3778,0.000524,80,0.0,0.0,NOT_READY,,1000.0,0.0,0.0,,,1000.0,0.0,1000.0,Strategy not ready,,,,,,,,,,,,671.31801,0.0,0.0,0.0,671.31801,0.0,0.0,0.0,,,,,,
2024-03-01 23:00:00,3433.21,3450.0,3428.84,3433.43,10038.9306,0.000524,80,0.0,0.0,NOT_READY,,1000.0,0.0,0.0,,,1000.0,0.0,1000.0,Strategy not ready,,,,,,,,,,,,671.31801,0.0,0.0,0.0,671.31801,0.0,0.0,0.0,,,,,,
2024-03-02 00:00:00,3433.42,3460.04,3427.3,3457.82,19911.4755,0.000489,80,0.0,0.0,NOT_READY,,1000.0,0.0,0.0,,,1000.0,0.0,1000.0,Strategy not ready,,,,,,,,,,,,671.31801,0.0,0.0,0.0,671.31801,0.0,0.0,0.0,,,,,,
2024-03-02 01:00:00,3457.81,3458.48,3424.71,3442.47,13311.3401,0.000489,80,0.0,0.0,NOT_READY,,1000.0,0.0,0.0,,,1000.0,0.0,1000.0,Strategy not ready,,,,,,,,,,,,671.31801,0.0,0.0,0.0,671.31801,0.0,0.0,0.0,,,,,,
2024-03-02 02:00:00,3442.47,3446.47,3428.73,3437.68,10271.5455,0.000489,80,0.0,0.0,NOT_READY,,1000.0,0.0,0.0,,,1000.0,0.0,1000.0,Strategy not ready,,,,,,,,,,,,671.31801,0.0,0.0,0.0,671.31801,0.0,0.0,0.0,,,,,,
2024-03-02 03:00:00,3437.67,3444.15,3428.44,3442.34,10109.6104,0.000489,80,0.0,0.0,NOT_READY,,1000.0,0.0,0.0,,,1000.0,0.0,1000.0,Strategy not ready,,,,,,,,,,,,671.31801,0.0,0.0,0.0,671.31801,0.0,0.0,0.0,,,,,,
2024-03-02 04:00:00,3442.33,3445.0,3427.56,3427.57,10073.9166,0.000489,80,0.0,0.0,NOT_READY,,1000.0,0.0,0.0,,,1000.0,0.0,1000.0,Strategy not ready,,,,,,,,,,,,671.31801,0.0,0.0,0.0,671.31801,0.0,0.0,0.0,,,,,,
2024-03-02 05:00:00,3427.56,3431.0,3390.01,3419.7,33936.0911,0.000489,80,0.0,0.0,NOT_READY,,1000.0,0.0,0.0,,,1000.0,0.0,1000.0,Strategy not ready,,,,,,,,,,,,671.31801,0.0,0.0,0.0,671.31801,0.0,0.0,0.0,,,,,,
2024-03-02 06:00:00,3419.69,3452.76,3414.71,3435.82,20029.1321,0.000489,80,0.0,0.0,NOT_READY,,1000.0,0.0,0.0,,,1000.0,0.0,1000.0,Strategy not ready,,,,,,,,,,,,671.31801,0.0,0.0,0.0,671.31801,0.0,0.0,0.0,,,,,,
2024-03-02 07:00:00,3435.83,3439.91,3422.85,3430.25,9921.408,0.000489,80,0.0,0.0,NOT_READY,,1000.0,0.0,0.0,,,1000.0,0.0,1000.0,Strategy not ready,,,,,,,,,,,,671.31801,0.0,0.0,0.0,671.31801,0.0,0.0,0.0,,,,,,
2024-03-02 08:00:00,3430.26,3435.68,3405.17,3417.5,12554.4078,0.000489,80,0.0,0.0,NOT_READY,,1000.0,0.0,0.0,,,1000.0,0.0,1000.0,Strategy not ready,,,,,,,,,,,,671.31801,0.0,0.0,0.0,671.31801,0.0,0.0,0.0,,,,,,
2024-03-02 09:00:00,3417.5,3422.78,3391.83,3403.0,16948.979,0.000575,80,0.0,0.0,NOT_READY,,1000.0,0.0,0.0,,,1000.0,0.0,1000.0,Strategy not ready,,,,,,,,,,,,671.31801,0.0,0.0,0.0,671.31801,0.0,0.0,0.0,,,,,,
2024-03-02 10:00:00,3402.99,3415.1,3401.42,3407.31,8851.8163,0.000575,80,0.0,0.0,NOT_READY,,1000.0,0.0,0.0,,,1000.0,0.0,1000.0,Strategy not ready,,,,,,,,,,,,671.31801,0.0,0.0,0.0,671.31801,0.0,0.0,0.0,,,,,,
2024-03-02 11:00:00,3407.32,3416.48,3403.1,3403.39,8634.0374,0.000575,80,0.0,0.0,NOT_READY,,1000.0,0.0,0.0,,,1000.0,0.0,1000.0,Strategy not ready,,,,,,,,,,,,671.31801,0.0,0.0,0.0,671.31801,0.0,0.0,0.0,,,,,,
2024-03-02 12:00:00,3403.4,3427.01,3403.14,3420.64,9774.9899,0.000575,80,0.0,0.0,NOT_READY,,1000.0,0.0,0.0,,,1000.0,0.0,1000.0,Strategy not ready,,,,,,,,,,,,671.31801,0.0,0.0,0.0,671.31801,0.0,0.0,0.0,,,,,,
2024-03-02 13:00:00,3420.64,3424.51,3409.13,3410.15,8593.1447,0.000575,80,0.0,0.0,NOT_READY,,1000.0,0.0,0.0,,,1000.0,0.0,1000.0,Strategy not ready,,,,,,,,,,,,671.31801,0.0,0.0,0.0,671.31801,0.0,0.0,0.0,,,,,,
2024-03-02 14:00:00,3410.15,3416.5,3394.47,3413.22,14372.7741,0.000575,80,0.0,0.0,NOT_READY,,1000.0,0.0,0.0,,,1000.0,0.0,1000.0,Strategy not ready,,,,,,,,,,,,671.31801,0.0,0.0,0.0,671.31801,0.0,0.0,0.0,,,,,,
2024-03-02 15:00:00,3413.22,3424.19,3409.2,3418.05,10744.5165,0.000575,80,0.0,0.0,NOT_READY,,1000.0,0.0,0.0,,,1000.0,0.0,1000.0,Strategy not ready,,,,,,,,,,,,671.31801,0.0,0.0,0.0,671.31801,0.0,0.0,0.0,,,,,,
2024-03-02 16:00:00,3418.04,3425.73,3410.0,3424.6,12189.0112,0.000553,80,0.0,0.0,NOT_READY,,1000.0,0.0,0.0,,,1000.0,0.0,1000.0,Strategy not ready,,,,,,,,,,,,671.31801,0.0,0.0,0.0,671.31801,0.0,0.0,0.0,,,,,,
2024-03-02 17:00:00,3424.59,3430.84,3414.0,3414.01,9119.6722,0.000553,80,0.0,0.0,NOT_READY,,1000.0,0.0,0.0,,,1000.0,0.0,1000.0,Strategy not ready,,,,,,,,,,,,671.31801,0.0,0.0,0.0,671.31801,0.0,0.0,0.0,,,,,,
2024-03-02 18:00:00,3414.0,3430.56,3413.37,3430.52,5680.5715,0.000553,80,0.0,0.0,NOT_READY,,1000.0,0.0,0.0,,,1000.0,0.0,1000.0,Strategy not ready,,,,,,,,,,,,671.31801,0.0,0.0,0.0,671.31801,0.0,0.0,0.0,,,,,,
2024-03-02 19:00:00,3430.51,3431.03,3423.79,3426.19,7455.7281,0.000553,80,0.0,0.0,NOT_READY,,1000.0,0.0,0.0,,,1000.0,0.0,1000.0,Strategy not ready,,,,,,,,,,,,671.31801,0.0,0.0,0.0,671.31801,0.0,0.0,0.0,,,,,,
2024-03-02 20:00:00,3426.2,3431.31,3404.4,3406.29,13255.7449,0.000553,80,0.0,0.0,NOT_READY,,1000.0,0.0,0.0,,,1000.0,0.0,1000.0,Strategy not ready,,,,,,,,,,,,671.31801,0.0,0.0,0.0,671.31801,0.0,0.0,0.0,,,,,,
2024-03-02 21:00:00,3406.3,3413.4,3402.56,3408.19,6862.3405,0.000553,80,0.0,0.0,NOT_READY,,1000.0,0.0,0.0,,,1000.0,0.0,1000.0,Strategy not ready,,,,,,,,,,,,671.31801,0.0,0.0,0.0,671.31801,0.0,0.0,0.0,,,,,,
2024-03-02 22:00:00,3408.19,3409.88,3402.99,3404.0,4882.2389,0.000553,80,0.0,0.0,NOT_READY,,1000.0,0.0,0.0,,,1000.0,0.0,1000.0,Strategy not ready,,,,,,,,,,,,671.31801,0.0,0.0,0.0,671.31801,0.0,0.0,0.0,,,,,,
2024-03-02 23:00:00,3404.01,3421.48,3404.0,3421.4,6500.4525,0.000553,80,0.0,0.0,NOT_READY,,1000.0,0.0,0.0,,,1000.0,0.0,1000.0,Strategy not ready,,,,,,,,,,,,671.31801,0.0,0.0,0.0,671.31801,0.0,0.0,0.0,,,,,,
2024-03-03 00:00:00,3421.39,3431.0,3409.1,3427.86,13926.4053,0.000391,83,0.0,0.0,NOT_READY,,1000.0,0.0,0.0,,,1000.0,0.0,1000.0,Strategy not ready,,,,,,,,,,,,671.31801,0.0,0.0,0.0,671.31801,0.0,0.0,0.0,,,,,,
2024-03-03 01:00:00,3427.86,3434.0,3422.42,3430.76,10359.4624,0.000391,83,0.0,0.0,NOT_READY,,1000.0,0.0,0.0,,,1000.0,0.0,1000.0,Strategy not ready,,,,,,,,,,,,671.31801,0.0,0.0,0.0,671.31801,0.0,0.0,0.0,,,,,,
2024-03-03 02:00:00,3430.75,3430.97,3410.81,3416.1,8935.3151,0.000391,83,0.0,0.0,NOT_READY,,1000.0,0.0,0.0,,,1000.0,0.0,1000.0,Strategy not ready,,,,,,,,,,,,671.31801,0.0,0.0,0.0,671.31801,0.0,0.0,0.0,,,,,,
2024-03-03 03:00:00,3416.11,3431.86,3415.16,3431.56,8976.9543,0.000391,83,0.0,0.0,NOT_READY,,1000.0,0.0,0.0,,,1000.0,0.0,1000.0,Strategy not ready,,,,,,,,,,,,671.31801,0.0,0.0,0.0,671.31801,0.0,0.0,0.0,,,,,,
2024-03-03 04:00:00,3431.57,3446.23,3428.78,3440.6,13711.6275,0.000391,83,0.0,0.0,NOT_READY,,1000.0,0.0,0.0,,,1000.0,0.0,1000.0,Strategy not ready,,,,,,,,,,,,671.31801,0.0,0.0,0.0,671.31801,0.0,0.0,0.0,,,,,,
2024-03-03 05:00:00,3440.59,3443.69,3420.72,3421.4,9980.8833,0.000391,83,0.0,0.0,NOT_READY,,1000.0,0.0,0.0,,,1000.0,0.0,1000.0,Strategy not ready,,,,,,,,,,,,671.31801,0.0,0.0,0.0,671.31801,0.0,0.0,0.0,,,,,,
2024-03-03 06:00:00,3421.4,3425.8,3408.83,3412.51,12608.0828,0.000391,83,0.0,0.0,NOT_READY,,1000.0,0.0,0.0,,,1000.0,0.0,1000.0,Strategy not ready,,,,,,,,,,,,671.31801,0.0,0.0,0.0,671.31801,0.0,0.0,0.0,,,,,,
2024-03-03 07:00:00,3412.5,3415.23,3360.0,3392.76,39751.443,0.000391,83,0.0,0.0,NOT_READY,,1000.0,0.0,0.0,,,1000.0,0.0,1000.0,Strategy not ready,,,,,,,,,,,,671.31801,0.0,0.0,0.0,671.31801,0.0,0.0,0.0,,,,,,
2024-03-03 08:00:00,3392.76,3401.77,3375.0,3395.37,18999.2754,0.000387,83,0.0,0.0,NOT_READY,,1000.0,0.0,0.0,,,1000.0,0.0,1000.0,Strategy not ready,,,,,,,,,,,,671.31801,0.0,0.0,0.0,671.31801,0.0,0.0,0.0,,,,,,
2024-03-03 09:00:00,3395.38,3414.91,3391.94,3407.02,14630.8231,0.000387,83,0.0,0.0,NOT_READY,,1000.0,0.0,0.0,,,1000.0,0.0,1000.0,Strategy not ready,,,,,,,,,,,,671.31801,0.0,0.0,0.0,671.31801,0.0,0.0,0.0,,,,,,
2024-03-03 10:00:00,3407.01,3409.98,3396.13,3400.46,8391.7247,0.000387,83,0.0,0.0,NOT_READY,,1000.0,0.0,0.0,,,1000.0,0.0,1000.0,Strategy not ready,,,,,,,,,,,,671.31801,0.0,0.0,0.0,671.31801,0.0,0.0,0.0,,,,,,
2024-03-03 11:00:00,3400.46,3414.0,3395.95,3413.39,9791.882,0.000387,83,0.0,0.0,NOT_READY,,1000.0,0.0,0.0,,,1000.0,0.0,1000.0,Strategy not ready,,,,,,,,,,,,671.31801,0.0,0.0,0.0,671.31801,0.0,0.0,0.0,,,,,,
2024-03-03 12:00:00,3413.39,3447.53,3411.4,3419.51,26322.6643,0.000387,83,0.0,0.0,NOT_READY,,1000.0,0.0,0.0,,,1000.0,0.0,1000.0,Strategy not ready,,,,,,,,,,,,671.31801,0.0,0.0,0.0,671.31801,0.0,0.0,0.0,,,,,,
2024-03-03 13:00:00,3419.51,3429.03,3403.92,3428.75,14753.5496,0.000387,83,0.0,0.0,NOT_READY,,1000.0,0.0,0.0,,,1000.0,0.0,1000.0,Strategy not ready,,,,,,,,,,,,671.31801,0.0,0.0,0.0,671.31801,0.0,0.0,0.0,,,,,,
2024-03-03 14:00:00,3428.75,3436.41,3415.81,3418.45,10664.5129,0.000387,83,0.0,0.0,NOT_READY,,1000.0,0.0,0.0,,,1000.0,0.0,1000.0,Strategy not ready,,,,,,,,,,,,671.31801,0.0,0.0,0.0,671.31801,0.0,0.0,0.0,,,,,,
2024-03-03 15:00:00,3418.44,3431.24,3417.8,3422.5,8764.5935,0.000387,83,0.0,0.0,NOT_READY,,1000.0,0.0,0.0,,,1000.0,0.0,1000.0,Strategy not ready,,,,,,,,,,,,671.31801,0.0,0.0,0.0,671.31801,0.0,0.0,0.0,,,,,,
2024-03-03 16:00:00,3422.5,3483.81,3418.22,3480.52,34142.7924,0.00037,83,0.0,0.0,NOT_READY,,1000.0,0.0,0.0,,,1000.0,0.0,1000.0,Strategy not ready,,,,,,,,,,,,671.31801,0.0,0.0,0.0,671.31801,0.0,0.0,0.0,,,,,,
2024-03-03 17:00:00,3480.51,3484.44,3454.68,3460.74,18089.865,0.00037,83,0.0,0.0,NOT_READY,,1000.0,0.0,0.0,,,1000.0,0.0,1000.0,Strategy not ready,,,,,,,,,,,,671.31801,0.0,0.0,0.0,671.31801,0.0,0.0,0.0,,,,,,
2024-03-03 18:00:00,3460.75,3473.8,3457.0,3469.8,9477.4606,0.00037,83,0.0,0.0,NOT_READY,,1000.0,0.0,0.0,,,1000.0,0.0,1000.0,Strategy not ready,,,,,,,,,,,,671.31801,0.0,0.0,0.0,671.31801,0.0,0.0,0.0,,,,,,
2024-03-03 19:00:00,3469.8,3474.48,3462.6,3465.2,7918.7985,0.00037,83,0.0,0.0,NOT_READY,,1000.0,0.0,0.0,,,1000.0,0.0,1000.0,Strategy not ready,,,,,,,,,,,,671.31801,0.0,0.0,0.0,671.31801,0.0,0.0,0.0,,,,,,
2024-03-03 20:00:00,3465.2,3473.55,3458.65,3468.25,6502.6696,0.00037,83,0.0,0.0,NOT_READY,,1000.0,0.0,0.0,,,1000.0,0.0,1000.0,Strategy not ready,,,,,,,,,,,,671.31801,0.0,0.0,0.0,671.31801,0.0,0.0,0.0,,,,,,
2024-03-03 21:00:00,3468.24,3478.34,3462.14,3476.95,5770.7086,0.00037,83,0.0,0.0,NOT_READY,,1000.0,0.0,0.0,,,1000.0,0.0,1000.0,Strategy not ready,,,,,,,,,,,,671.31801,0.0,0.0,0.0,671.31801,0.0,0.0,0.0,,,,,,
2024-03-03 22:00:00,3476.94,3491.8,3461.0,3473.82,16358.7459,0.00037,83,0.0,0.0,NOT_READY,,1000.0,0.0,0.0,,,1000.0,0.0,1000.0,Strategy not ready,,,,,,,,,,,,671.31801,0.0,0.0,0.0,671.31801,0.0,0.0,0.0,,,,,,
2024-03-03 23:00:00,3473.83,3490.6,3465.13,3487.81,12801.2912,0.00037,83,0.0,0.0,NOT_READY,,1000.0,0.0,0.0,,,1000.0,0.0,1000.0,Strategy not ready,,,,,,,,,,,,671.31801,0.0,0.0,0.0,671.31801,0.0,0.0,0.0,,,,,,
2024-03-04 00:00:00,3487.8,3528.96,3423.78,3485.51,59928.6071,0.000419,82,0.0,0.0,NOT_READY,,1000.0,0.0,0.0,,,1000.0,0.0,1000.0,Strategy not ready,,,,,,,,,,,,671.31801,0.0,0.0,0.0,671.31801,0.0,0.0,0.0,,,,,,
2024-03-04 01:00:00,3485.52,3493.21,3467.46,3478.21,17830.7338,0.000419,82,0.0,0.0,NOT_READY,,1000.0,0.0,0.0,,,1000.0,0.0,1000.0,Strategy not ready,,,,,,,,,,,,671.31801,0.0,0.0,0.0,671.31801,0.0,0.0,0.0,,,,,,
2024-03-04 02:00:00,3478.21,3499.0,3461.2,3487.69,16550.0976,0.000419,82,0.0,0.0,NOT_READY,,1000.0,0.0,0.0,,,1000.0,0.0,1000.0,Strategy not ready,,,,,,,,,,,,671.31801,0.0,0.0,0.0,671.31801,0.0,0.0,0.0,,,,,,
2024-03-04 03:00:00,3487.68,3487.84,3465.52,3471.85,9931.6885,0.000419,82,0.0,0.0,NOT_READY,,1000.0,0.0,0.0,,,1000.0,0.0,1000.0,Strategy not ready,,,,,,,,,,,,671.31801,0.0,0.0,0.0,671.31801,0.0,0.0,0.0,,,,,,
2024-03-04 04:00:00,3471.84,3487.34,3468.6,3484.2,9915.2554,0.000419,82,0.0,0.0,NOT_READY,,1000.0,0.0,0.0,,,1000.0,0.0,1000.0,Strategy not ready,,,,,,,,,,,,671.31801,0.0,0.0,0.0,671.31801,0.0,0.0,0.0,,,,,,
2024-03-04 05:00:00,3484.21,3485.72,3456.36,3465.45,26494.8978,0.000419,82,0.0,0.0,NOT_READY,,1000.0,0.0,0.0,,,1000.0,0.0,1000.0,Strategy not ready,,,,,,,,,,,,671.31801,0.0,0.0,0.0,671.31801,0.0,0.0,0.0,,,,,,
2024-03-04 06:00:00,3465.46,3473.79,3463.0,3473.14,10550.2157,0.000419,82,0.0,0.0,NOT_READY,,1000.0,0.0,0.0,,,1000.0,0.0,1000.0,Strategy not ready,,,,,,,,,,,,671.31801,0.0,0.0,0.0,671.31801,0.0,0.0,0.0,,,,,,
2024-03-04 07:00:00,3473.14,3487.09,3462.0,3478.61,17971.0734,0.000419,82,0.0,0.0,NOT_READY,,1000.0,0.0,0.0,,,1000.0,0.0,1000.0,Strategy not ready,,,,,,,,,,,,671.31801,0.0,0.0,0.0,671.31801,0.0,0.0,0.0,,,,,,
2024-03-04 08:00:00,3478.61,3544.14,3478.6,3534.0,58958.167,0.00029,82,0.0,0.0,NOT_READY,,1000.0,0.0,0.0,,,1000.0,0.0,1000.0,Strategy not ready,,,,,,,,,,,,671.31801,0.0,0.0,0.0,671.31801,0.0,0.0,0.0,,,,,,
2024-03-04 09:00:00,3534.01,3535.0,3499.8,3523.0,31319.8771,0.00029,82,0.0,0.0,NOT_READY,,1000.0,0.0,0.0,,,1000.0,0.0,1000.0,Strategy not ready,,,,,,,,,,,,671.31801,0.0,0.0,0.0,671.31801,0.0,0.0,0.0,,,,,,
2024-03-04 10:00:00,3523.01,3523.52,3481.67,3497.3,26267.9891,0.00029,82,0.0,0.0,NOT_READY,,1000.0,0.0,0.0,,,1000.0,0.0,1000.0,Strategy not ready,,,,,,,,,,,,671.31801,0.0,0.0,0.0,671.31801,0.0,0.0,0.0,,,,,,
2024-03-04 11:00:00,3497.29,3511.93,3491.17,3506.91,14015.2061,0.00029,82,0.0,0.0,NOT_READY,,1000.0,0.0,0.0,,,1000.0,0.0,1000.0,Strategy not ready,,,,,,,,,,,,671.31801,0.0,0.0,0.0,671.31801,0.0,0.0,0.0,,,,,,
2024-03-04 12:00:00,3506.92,3508.51,3497.19,3506.1,11181.5715,0.00029,82,0.0,0.0,NOT_READY,,1000.0,0.0,0.0,,,1000.0,0.0,1000.0,Strategy not ready,,,,,,,,,,,,671.31801,0.0,0.0,0.0,671.31801,0.0,0.0,0.0,,,,,,
2024-03-04 13:00:00,3506.09,3519.0,3484.7,3490.12,20352.5608,0.00029,82,0.0,0.0,NOT_READY,,1000.0,0.0,0.0,,,1000.0,0.0,1000.0,Strategy not ready,,,,,,,,,,,,671.31801,0.0,0.0,0.0,671.31801,0.0,0.0,0.0,,,,,,
2024-03-04 14:00:00,3490.11,3546.0,3459.03,3534.16,56537.4479,0.00029,82,0.0,0.0,NOT_READY,,1000.0,0.0,0.0,,,1000.0,0.0,1000.0,Strategy not ready,,,,,,,,,,,,671.31801,0.0,0.0,0.0,671.31801,0.0,0.0,0.0,,,,,,
2024-03-04 15:00:00,3534.17,3568.18,3521.78,3560.42,44048.8711,0.00029,82,0.0,0.0,NOT_READY,,1000.0,0.0,0.0,,,1000.0,0.0,1000.0,Strategy not ready,,,,,,,,,,,,671.31801,0.0,0.0,0.0,671.31801,0.0,0.0,0.0,,,,,,
2024-03-04 16:00:00,3560.42,3575.0,3534.65,3549.8,46523.1991,0.000501,82,0.0,0.0,NOT_READY,,1000.0,0.0,0.0,,,1000.0,0.0,1000.0,Strategy not ready,,,,,,,,,,,,671.31801,0.0,0.0,0.0,671.31801,0.0,0.0,0.0,,,,,,
2024-03-04 17:00:00,3549.8,3585.34,3528.42,3543.64,58292.8417,0.000501,82,0.0,0.0,NOT_READY,,1000.0,0.0,0.0,,,1000.0,0.0,1000.0,Strategy not ready,,,,,,,,,,,,671.31801,0.0,0.0,0.0,671.31801,0.0,0.0,0.0,,,,,,
2024-03-04 18:00:00,3543.64,3597.0,3529.8,3596.41,45948.9035,0.000501,82,0.0,0.0,NOT_READY,,1000.0,0.0,0.0,,,1000.0,0.0,1000.0,Strategy not ready,,,,,,,,,,,,671.31801,0.0,0.0,0.0,671.31801,0.0,0.0,0.0,,,,,,
2024-03-04 19:00:00,3596.41,3610.0,3581.52,3593.01,33923.9878,0.000501,82,0.0,0.0,NOT_READY,,1000.0,0.0,0.0,,,1000.0,0.0,1000.0,Strategy not ready,,,,,,,,,,,,671.31801,0.0,0.0,0.0,671.31801,0.0,0.0,0.0,,,,,,
2024-03-04 20:00:00,3593.0,3595.99,3573.4,3583.37,23112.3325,0.000501,82,0.0,0.0,NOT_READY,,1000.0,0.0,0.0,,,1000.0,0.0,1000.0,Strategy not ready,,,,,,,,,,,,671.31801,0.0,0.0,0.0,671.31801,0.0,0.0,0.0,,,,,,
2024-03-04 21:00:00,3583.38,3593.23,3558.3,3580.4,20094.1304,0.000501,82,0.0,0.0,NOT_READY,,1000.0,0.0,0.0,,,1000.0,0.0,1000.0,Strategy not ready,,,,,,,,,,,,671.31801,0.0,0.0,0.0,671.31801,0.0,0.0,0.0,,,,,,
2024-03-04 22:00:00,3580.41,3609.79,3564.31,3608.48,21438.4133,0.000501,82,0.0,0.0,NOT_READY,,1000.0,0.0,0.0,,,1000.0,0.0,1000.0,Strategy not ready,,,,,,,,,,,,671.31801,0.0,0.0,0.0,671.31801,0.0,0.0,0.0,,,,,,
2024-03-04 23:00:00,3608.49,3640.94,3606.53,3627.76,34172.5679,0.000501,82,0.0,0.0,NOT_READY,,1000.0,0.0,0.0,,,1000.0,0.0,1000.0,Strategy not ready,,,,,,,,,,,,671.31801,0.0,0.0,0.0,671.31801,0.0,0.0,0.0,,,,,,
2024-03-05 00:00:00,3627.75,3635.81,3607.24,3618.94,30449.7764,0.000388,90,0.0,0.0,NOT_READY,,1000.0,0.0,0.0,,,1000.0,0.0,1000.0,Strategy not ready,,,,,,,,,,,,671.31801,0.0,0.0,0.0,671.31801,0.0,0.0,0.0,,,,,,
2024-03-05 01:00:00,3618.94,3655.27,3614.71,3642.72,30049.0692,0.000388,90,0.0,0.0,NOT_READY,,1000.0,0.0,0.0,,,1000.0,0.0,1000.0,Strategy not ready,,,,,,,,,,,,671.31801,0.0,0.0,0.0,671.31801,0.0,0.0,0.0,,,,,,
2024-03-05 02:00:00,3642.72,3643.38,3607.28,3623.1,23062.6615,0.000388,90,0.0,0.0,NOT_READY,,1000.0,0.0,0.0,,,1000.0,0.0,1000.0,Strategy not ready,,,,,,,,,,,,671.31801,0.0,0.0,0.0,671.31801,0.0,0.0,0.0,,,,,,
2024-03-05 03:00:00,3623.09,3697.2,3612.62,3689.81,32050.9823,0.000388,90,0.0,0.0,NOT_READY,,1000.0,0.0,0.0,,,1000.0,0.0,1000.0,Strategy not ready,,,,,,,,,,,,671.31801,0.0,0.0,0.0,671.31801,0.0,0.0,0.0,,,,,,
2024-03-05 04:00:00,3689.81,3740.0,3672.06,3695.65,71354.0667,0.000388,90,0.0,0.0,NOT_READY,,1000.0,0.0,0.0,,,1000.0,0.0,1000.0,Strategy not ready,,,,,,,,,,,,671.31801,0.0,0.0,0.0,671.31801,0.0,0.0,0.0,,,,,,
2024-03-05 05:00:00,3695.65,3734.21,3641.5,3715.8,87710.1527,0.000388,90,0.0,0.0,NOT_READY,,1000.0,0.0,0.0,,,1000.0,0.0,1000.0,Strategy not ready,,,,,,,,,,,,671.31801,0.0,0.0,0.0,671.31801,0.0,0.0,0.0,,,,,,
2024-03-05 06:00:00,3715.8,3727.25,3698.4,3712.25,25350.1719,0.000388,90,0.0,0.0,NOT_READY,,1000.0,0.0,0.0,,,1000.0,0.0,1000.0,Strategy not ready,,,,,,,,,,,,671.31801,0.0,0.0,0.0,671.31801,0.0,0.0,0.0,,,,,,
2024-03-05 07:00:00,3712.26,3722.06,3670.81,3672.98,30238.8645,0.000388,90,0.0,0.0,NOT_READY,,1000.0,0.0,0.0,,,1000.0,0.0,1000.0,Strategy not ready,,,,,,,,,,,,671.31801,0.0,0.0,0.0,671.31801,0.0,0.0,0.0,,,,,,
2024-03-05 08:00:00,3672.99,3700.0,3651.87,3692.61,33317.611,0.001017,90,0.0,0.0,trending,,1000.0,0.0,0.0,,,1000.0,0.0,1000.0,,trending,0.0,{},,1.0,,,,,,,671.31801,0.0,0.0,0.0,671.31801,0.0,0.0,0.0,-2.6e-05,0.0,1.0,0.0,,
2024-03-05 09:00:00,3692.6,3701.65,3674.0,3688.67,18698.1377,0.001017,90,0.0,0.0,trending,,1000.0,0.0,0.0,,,1000.0,0.0,1000.0,,trending,0.0,{},,2.0,,,,,,,671.31801,0.0,0.0,0.0,671.31801,0.0,0.0,0.0,-2.5e-05,0.0,1.0,0.0,,
2024-03-05 10:00:00,3688.68,3725.03,3688.16,3710.5,20333.3931,0.001017,90,0.0,0.0,trending,,1000.0,0.0,0.0,,,1000.0,0.0,1000.0,,trending,0.0,{},,3.0,,,,,,,671.31801,0.0,0.0,0.0,671.31801,0.0,0.0,0.0,-2.9e-05,0.0,1.0,0.0,,
2024-03-05 11:00:00,3710.5,3742.0,3710.0,3731.45,24208.7197,0.001017,90,0.0,0.0,trending,,1000.0,0.0,0.0,,,1000.0,0.0,1000.0,,trending,0.0,{},,4.0,,,,,,,671.31801,0.0,0.0,0.0,671.31801,0.0,0.0,0.0,-3.2e-05,0.0,1.0,0.0,,
2024-03-05 12:00:00,3731.46,3769.0,3730.8,3759.01,45733.9222,0.001017,90,0.0,0.0,trending,,1000.0,0.0,0.0,,,1000.0,0.0,1000.0,,trending,0.0,{},,5.0,,,,,,,671.31801,0.0,0.0,0.0,671.31801,0.0,0.0,0.0,-3.6e-05,0.0,1.0,0.0,,
2024-03-05 13:00:00,3759.0,3782.03,3751.57,3779.41,37179.7834,0.001017,90,0.0,0.0,trending,,1000.0,0.0,0.0,,,1000.0,0.0,1000.0,,trending,0.0,{},,6.0,,,,,,,671.31801,0.0,0.0,0.0,671.31801,0.0,0.0,0.0,-3.9e-05,0.0,1.0,0.0,,
2024-03-05 14:00:00,3779.4,3806.3,3745.95,3803.95,57543.2736,0.001017,90,0.0,0.0,trending,,1000.0,0.0,0.0,,,1000.0,0.0,1000.0,,trending,0.0,{},,7.0,,,,,,,671.31801,0.0,0.0,0.0,671.31801,0.0,0.0,0.0,-4e-05,0.0,1.0,0.0,,
2024-03-05 15:00:00,3803.95,3822.04,3753.46,3783.01,91846.1568,0.001017,90,0.0,0.0,trending,,1000.0,0.0,0.0,,,1000.0,0.0,1000.0,,trending,0.0,{},,8.0,,,,,,,671.31801,0.0,0.0,0.0,671.31801,0.0,0.0,0.0,-3.2e-05,0.0,1.0,0.0,,
2024-03-05 16:00:00,3783.0,3796.07,3664.0,3688.07,115174.6274,0.000824,90,0.0,0.0,trending,,1000.0,0.0,0.0,,,1000.0,0.0,1000.0,,trending,0.0,{},,9.0,,,,,,,671.31801,0.0,0.0,0.0,671.31801,0.0,0.0,0.0,-5e-06,0.0,1.0,0.0,,
2024-03-05 17:00:00,3688.06,3688.64,3556.46,3686.51,99730.306,0.000824,90,0.0,0.0,trending,,1000.0,0.0,0.0,,,1000.0,0.0,1000.0,,trending,0.0,{},,10.0,,,,,,,671.31801,0.0,0.0,0.0,671.31801,0.0,0.0,0.0,-5e-06,0.0,1.0,0.0,,
2024-03-05 18:00:00,3686.51,3686.52,3590.85,3611.88,47136.7529,0.000824,90,0.0,0.0,trending,,1000.0,0.0,0.0,,,1000.0,0.0,1000.0,,trending,0.0,{},,11.0,,,,,,,671.31801,0.0,0.0,0.0,671.31801,0.0,0.0,0.0,1.3e-05,0.0,1.0,0.0,,
2024-03-05 19:00:00,3611.88,3626.52,3200.0,3376.46,159403.1988,0.000824,90,0.0,0.0,trending,,1000.0,0.0,0.0,,,1000.0,0.0,1000.0,,trending,0.0,{},,12.0,,,,,,,671.31801,0.0,0.0,0.0,671.31801,0.0,0.0,0.0,3.3e-05,0.0,1.0,0.0,,
2024-03-05 20:00:00,3376.46,3464.88,3324.68,3387.8,142627.0398,0.000824,90,0.0,0.0,trending,,1000.0,0.0,0.0,,,1000.0,0.0,1000.0,,trending,0.0,{},,13.0,,,,,,,671.31801,0.0,0.0,0.0,671.31801,0.0,0.0,0.0,2.6e-05,0.0,1.0,0.0,,
2024-03-05 21:00:00,3387.81,3529.61,3385.21,3520.05,91867.0088,0.000824,90,0.0,0.0,trending,,1000.0,0.0,0.0,,,1000.0,0.0,1000.0,,trending,0.0,{},,14.0,,,,,,,671.31801,0.0,0.0,0.0,671.31801,0.0,0.0,0.0,9e-06,0.0,1.0,0.0,,
2024-03-05 22:00:00,3520.05,3527.44,3434.97,3506.51,43540.4554,0.000824,90,0.0,0.0,trending,,1000.0,0.0,0.0,,,1000.0,0.0,1000.0,,trending,0.0,{},,15.0,,,,,,,671.31801,0.0,0.0,0.0,671.31801,0.0,0.0,0.0,9e-06,0.0,1.0,0.0,,
2024-03-05 23:00:00,3506.51,3580.6,3494.6,3553.65,34298.7322,0.000824,90,0.0,0.0,trending,,1000.0,0.0,0.0,,,1000.0,0.0,1000.0,,trending,0.0,{},,16.0,,,,,,,671.31801,0.0,0.0,0.0,671.31801,0.0,0.0,0.0,5e-06,0.0,1.0,0.0,,
2024-03-06 00:00:00,3553.66,3591.23,3545.4,3562.6,34749.3863,0.000206,75,0.0,0.0,trending,,1000.0,0.0,0.0,,,1000.0,0.0,1000.0,,trending,0.0,{},,17.0,,,,,,,671.31801,0.0,0.0,0.0,671.31801,0.0,0.0,0.0,4e-06,0.0,1.0,0.0,,
2024-03-06 01:00:00,3562.6,3583.65,3515.0,3519.02,30506.5016,0.000206,75,0.0,0.0,trending,,1000.0,0.0,0.0,,,1000.0,0.0,1000.0,,trending,0.0,{},,18.0,,,,,,,671.31801,0.0,0.0,0.0,671.31801,0.0,0.0,0.0,7e-06,0.0,1.0,0.0,,
2024-03-06 02:00:00,3519.01,3548.93,3499.4,3502.79,27129.3112,0.000206,75,0.0,0.0,trending,,1000.0,0.0,0.0,,,1000.0,0.0,1000.0,,trending,0.0,{},,19.0,,,,,,,671.31801,0.0,0.0,0.0,671.31801,0.0,0.0,0.0,8e-06,0.0,1.0,0.0,,
2024-03-06 03:00:00,3502.8,3551.6,3500.01,3538.01,23435.5812,0.000206,75,0.0,0.0,trending,,1000.0,0.0,0.0,,,1000.0,0.0,1000.0,,trending,0.0,{},,20.0,,,,,,,671.31801,0.0,0.0,0.0,671.31801,0.0,0.0,0.0,4e-06,0.0,1.0,0.0,,
2024-03-06 04:00:00,3538.01,3653.38,3536.2,3649.28,43237.5617,0.000206,75,0.0,0.0,trending,,1000.0,0.0,0.0,,,1000.0,0.0,1000.0,,trending,0.0,{},,21.0,,,,,,,671.31801,0.0,0.0,0.0,671.31801,0.0,0.0,0.0,-5e-06,0.0,1.0,0.0,,
2024-03-06 05:00:00,3649.28,3770.63,3647.0,3769.44,95810.0525,0.000206,75,0.0,0.0,trending,,1000.0,0.0,0.0,,,1000.0,0.0,1000.0,,trending,0.0,{},,22.0,,,,,,,671.31801,0.0,0.0,0.0,671.31801,0.0,0.0,0.0,-1.1e-05,0.0,1.0,0.0,,
2024-03-06 06:00:00,3769.44,3789.0,3747.67,3748.48,55196.9153,0.000206,75,0.0,0.0,trending,,1000.0,0.0,0.0,,,1000.0,0.0,1000.0,,trending,0.0,{},,23.0,,,,,,,671.31801,0.0,0.0,0.0,671.31801,0.0,0.0,0.0,-9e-06,0.0,1.0,0.0,,
2024-03-06 07:00:00,3748.49,3789.77,3740.83,3786.6,36493.3187,0.000206,75,0.0,0.0,trending,,1000.0,0.0,0.0,,,1000.0,0.0,1000.0,,trending,0.0,{},,24.0,,,,,,,671.31801,0.0,0.0,0.0,671.31801,0.0,0.0,0.0,-1.1e-05,0.0,1.0,0.0,,
2024-03-06 08:00:00,3786.61,3868.07,3778.6,3825.38,77653.1595,0.000206,75,0.0,0.0,trending,,1000.0,0.0,0.0,,,1000.0,0.0,1000.0,,trending,0.0,{},,25.0,,,,,,,671.31801,0.0,0.0,0.0,671.31801,0.0,0.0,0.0,-1.2e-05,0.0,1.0,0.0,,
2024-03-06 09:00:00,3825.38,3867.27,3788.04,3792.23,41179.4745,0.000384,75,0.0,0.0,trending,,1000.0,0.0,0.0,,,1000.0,0.0,1000.0,,trending,0.0,{},,26.0,,,,,,,671.31801,0.0,0.0,0.0,671.31801,0.0,0.0,0.0,-9e-06,0.0,1.0,0.0,,
2024-03-06 10:00:00,3792.23,3842.6,3791.8,3839.8,35942.1788,0.000384,75,0.0,0.0,trending,,1000.0,0.0,0.0,,,1000.0,0.0,1000.0,,trending,0.0,{},,27.0,,,,,,,671.31801,0.0,0.0,0.0,671.31801,0.0,0.0,0.0,-1.1e-05,0.0,1.0,0.0,,
2024-03-06 11:00:00,3839.8,3899.47,3835.49,3879.74,46277.0628,0.000384,75,0.0,0.0,trending,,1000.0,0.0,0.0,,,1000.0,0.0,1000.0,,trending,0.0,{},,28.0,,,,,,,671.31801,0.0,0.0,0.0,671.31801,0.0,0.0,0.0,-1.2e-05,0.0,1.0,0.0,,
2024-03-06 12:00:00,3879.74,3900.0,3755.0,3817.41,68729.1301,0.000384,75,0.0,0.0,trending,,1000.0,0.0,0.0,,,1000.0,0.0,1000.0,,trending,0.0,{},,29.0,,,,,,,671.31801,0.0,0.0,0.0,671.31801,0.0,0.0,0.0,-7e-06,0.0,1.0,0.0,,
2024-03-06 13:00:00,3817.42,3845.58,3771.88,3830.77,48306.4603,0.000384,75,0.0,0.0,trending,,1000.0,0.0,0.0,,,1000.0,0.0,1000.0,,trending,0.0,{},,30.0,,,,,,,671.31801,0.0,0.0,0.0,671.31801,0.0,0.0,0.0,-8e-06,0.0,1.0,0.0,,
2024-03-06 14:00:00,3830.78,3863.18,3768.93,3781.95,66592.1385,0.000384,75,0.0,0.0,trending,,1000.0,0.0,0.0,,,1000.0,0.0,1000.0,,trending,0.0,{},,31.0,,,,,,,671.31801,0.0,0.0,0.0,671.31801,0.0,0.0,0.0,-5e-06,0.0,1.0,0.0,,
2024-03-06 15:00:00,3781.96,3808.7,3724.0,3790.94,50412.0675,0.000384,75,0.0,0.0,trending,,1000.0,0.0,0.0,,,1000.0,0.0,1000.0,,trending,0.0,{},,32.0,,,,,,,671.31801,0.0,0.0,0.0,671.31801,0.0,0.0,0.0,-5e-06,0.0,1.0,0.0,,
2024-03-06 16:00:00,3790.95,3822.92,3764.25,3816.01,34889.7408,0.000405,75,0.0,0.0,trending,,1000.0,0.0,0.0,,,1000.0,0.0,1000.0,,trending,0.0,{},,33.0,,,,,,,671.31801,0.0,0.0,0.0,671.31801,0.0,0.0,0.0,-6e-06,0.0,1.0,0.0,,
2024-03-06 17:00:00,3816.01,3850.62,3789.72,3847.05,26886.817,0.000405,75,0.0,0.0,trending,,1000.0,0.0,0.0,,,1000.0,0.0,1000.0,,trending,0.0,{},,34.0,,,,,,,671.31801,0.0,0.0,0.0,671.31801,0.0,0.0,0.0,-7e-06,0.0,1.0,0.0,,
2024-03-06 18:00:00,3847.06,3862.5,3828.39,3862.12,26092.6305,0.000405,75,0.0,0.0,trending,,1000.0,0.0,0.0,,,1000.0,0.0,1000.0,,trending,0.0,{},,35.0,,,,,,,671.31801,0.0,0.0,0.0,671.31801,0.0,0.0,0.0,-8e-06,0.0,1.0,0.0,,
2024-03-06 19:00:00,3862.11,3880.0,3836.34,3852.59,19136.6005,0.000405,75,0.0,0.0,trending,,1000.0,0.0,0.0,,,1000.0,0.0,1000.0,,trending,0.0,{},,36.0,,,,,,,671.31801,0.0,0.0,0.0,671.31801,0.0,0.0,0.0,-8e-06,0.0,1.0,0.0,,
2024-03-06 20:00:00,3852.59,3892.58,3844.61,3858.05,23243.6888,0.000405,75,0.0,0.0,trending,,1000.0,0.0,0.0,,,1000.0,0.0,1000.0,,trending,0.0,{},,37.0,,,,,,,671.31801,0.0,0.0,0.0,671.31801,0.0,0.0,0.0,-9e-06,0.0,1.0,0.0,,
2024-03-06 21:00:00,3858.05,3861.97,3832.83,3845.55,17121.9059,0.000405,75,0.0,0.0,trending,,1000.0,0.0,0.0,,,1000.0,0.0,1000.0,,trending,0.0,{},,38.0,,,,,,,671.31801,0.0,0.0,0.0,671.31801,0.0,0.0,0.0,-8e-06,0.0,1.0,0.0,,
2024-03-06 22:00:00,3845.54,3845.88,3805.03,3813.42,14629.6013,0.000405,75,0.0,0.0,trending,,1000.0,0.0,0.0,,,1000.0,0.0,1000.0,,trending,0.0,{},,39.0,,,,,,,671.31801,0.0,0.0,0.0,671.31801,0.0,0.0,0.0,-5e-06,0.0,1.0,0.0,,
2024-03-06 23:00:00,3813.43,3832.53,3792.7,3818.59,25843.4247,0.000405,75,0.0,0.0,trending,,1000.0,0.0,0.0,,,1000.0,0.0,1000.0,,trending,0.0,{},,40.0,,,,,,,671.31801,0.0,0.0,0.0,671.31801,0.0,0.0,0.0,-6e-06,0.0,1.0,0.0,,
2024-03-07 00:00:00,3818.58,3852.69,3795.6,3838.0,32851.0354,0.000357,82,0.0,0.0,trending,,1000.0,0.0,0.0,,,1000.0,0.0,1000.0,,trending,0.0,{},,41.0,,,,,,,671.31801,0.0,0.0,0.0,671.31801,0.0,0.0,0.0,-8e-06,0.0,1.0,0.0,,
2024-03-07 01:00:00,3838.0,3838.01,3774.82,3830.99,29160.0499,0.000357,82,0.0,0.0,trending,,1000.0,0.0,0.0,,,1000.0,0.0,1000.0,,trending,0.0,{},,42.0,,,,,,,671.31801,0.0,0.0,0.0,671.31801,0.0,0.0,0.0,-8e-06,0.0,1.0,0.0,,
2024-03-07 02:00:00,3830.99,3831.4,3777.25,3784.76,20616.4923,0.000357,82,0.0,0.0,trending,,1000.0,0.0,0.0,,,1000.0,0.0,1000.0,,trending,0.0,{},,43.0,,,,,,,671.31801,0.0,0.0,0.0,671.31801,0.0,0.0,0.0,-1e-06,0.0,1.0,0.0,,
2024-03-07 03:00:00,3784.76,3805.4,3764.21,3775.18,18994.2721,0.000357,82,0.0,0.0,trending,,1000.0,0.0,0.0,,,1000.0,0.0,1000.0,,trending,0.0,{},,44.0,,,,,,,671.31801,0.0,0.0,0.0,671.31801,0.0,0.0,0.0,1e-06,0.0,1.0,0.0,,
2024-03-07 04:00:00,3775.18,3799.98,3761.2,3780.07,15031.0223,0.000357,82,0.0,0.0,trending,,1000.0,0.0,0.0,,,1000.0,0.0,1000.0,,trending,0.0,{},,45.0,,,,,,,671.31801,0.0,0.0,0.0,671.31801,0.0,0.0,0.0,-1e-06,0.0,1.0,0.0,,
2024-03-07 05:00:00,3780.08,3803.36,3742.51,3753.97,21124.8072,0.000357,82,0.0,0.0,trending,,1000.0,0.0,0.0,,,1000.0,0.0,1000.0,,trending,0.0,{},,46.0,,,,,,,671.31801,0.0,0.0,0.0,671.31801,0.0,0.0,0.0,1e-05,0.0,1.0,0.0,,
2024-03-07 06:00:00,3753.98,3780.95,3735.0,3771.67,18223.6426,0.000357,82,0.0,0.0,trending,,1000.0,0.0,0.0,,,1000.0,0.0,1000.0,,trending,0.0,{},,47.0,,,,,,,671.31801,0.0,0.0,0.0,671.31801,0.0,0.0,0.0,2e-06,0.0,1.0,0.0,,
2024-03-07 07:00:00,3771.67,3800.99,3756.0,3789.22,17473.0038,0.000357,82,0.0,0.0,trending,,1000.0,0.0,0.0,,,1000.0,0.0,1000.0,,trending,0.0,{},,48.0,,,,,,,671.31801,0.0,0.0,0.0,671.31801,0.0,0.0,0.0,-6e-06,0.0,1.0,0.0,,
2024-03-07 08:00:00,3789.23,3814.85,3784.25,3791.54,18098.7367,0.000392,82,0.0,0.0,trending,,1000.0,0.0,0.0,,,1000.0,0.0,1000.0,,trending,0.0,{},,49.0,,,,,,,671.31801,0.0,0.0,0.0,671.31801,0.0,0.0,0.0,-7e-06,0.0,1.0,0.0,,
2024-03-07 09:00:00,3791.53,3800.84,3774.08,3784.21,17427.028,0.000392,82,0.0,0.0,trending,,1000.0,0.0,0.0,,,1000.0,0.0,1000.0,,trending,0.0,{},,50.0,,,,,,,671.31801,0.0,0.0,0.0,671.31801,0.0,0.0,0.0,-3e-06,0.0,1.0,0.0,,
2024-03-07 10:00:00,3784.21,3801.7,3773.09,3794.21,14180.0398,0.000392,82,0.0,0.0,trending,,1000.0,0.0,0.0,,,1000.0,0.0,1000.0,,trending,0.0,{},,51.0,,,,,,,671.31801,0.0,0.0,0.0,671.31801,0.0,0.0,0.0,-8e-06,0.0,1.0,0.0,,
2024-03-07 11:00:00,3794.21,3814.92,3770.36,3787.58,23642.4952,0.000392,82,0.0,0.0,trending,,1000.0,0.0,0.0,,,1000.0,0.0,1000.0,,trending,0.0,{},,52.0,,,,,,,671.31801,0.0,0.0,0.0,671.31801,0.0,0.0,0.0,-5e-06,0.0,1.0,0.0,,
2024-03-07 12:00:00,3787.58,3804.5,3773.4,3781.6,15571.213,0.000392,82,0.0,0.0,trending,,1000.0,0.0,0.0,,,1000.0,0.0,1000.0,,trending,0.0,{},,53.0,,,,,,,671.31801,0.0,0.0,0.0,671.31801,0.0,0.0,0.0,-1e-06,0.0,1.0,0.0,,
2024-03-07 13:00:00,3781.6,3810.77,3765.12,3806.07,17184.6835,0.000392,82,0.0,0.0,trending,,1000.0,0.0,0.0,,,1000.0,0.0,1000.0,,trending,0.0,{},,54.0,,,,,,,671.31801,0.0,0.0,0.0,671.31801,0.0,0.0,0.0,-1.6e-05,0.0,1.0,0.0,,
2024-03-07 14:00:00,3806.06,3853.8,3780.52,3806.85,46102.8592,0.000392,82,0.0,0.0,trending,,1000.0,0.0,0.0,,,1000.0,0.0,1000.0,,trending,0.0,{},,55.0,,,,,,,671.31801,0.0,0.0,0.0,671.31801,0.0,0.0,0.0,-1.7e-05,0.0,1.0,0.0,,
2024-03-07 15:00:00,3806.85,3855.23,3796.51,3837.16,33913.9343,0.000392,82,0.0,0.0,trending,,1000.0,0.0,0.0,,,1000.0,0.0,1000.0,,trending,0.0,{},,56.0,,,,,,,671.31801,0.0,0.0,0.0,671.31801,0.0,0.0,0.0,-3.3e-05,0.0,1.0,0.0,,
2024-03-07 16:00:00,3837.17,3848.14,3812.44,3830.63,20991.4323,0.000442,82,0.0,0.0,trending,,1000.0,0.0,0.0,,,1000.0,0.0,1000.0,,trending,0.0,{},,57.0,,,,,,,671.31801,0.0,0.0,0.0,671.31801,0.0,0.0,0.0,-2.8e-05,0.0,1.0,0.0,,
2024-03-07 17:00:00,3830.62,3872.6,3825.63,3858.6,24554.2701,0.000442,82,15.256585,0.0,trending,,1000.0,0.0,1.525658,True,True,998.474342,1.526462,1000.0,,trending,15.256585,{},,58.0,ETHUSDT,2024-03-07 17:00:00,ETHUSDT,3858.6,0.395392,LONG,671.31801,0.0,0.0,0.0,671.31801,0.0,0.0,0.0,-4.1e-05,15.256585,1.0,15.256585,True,True
2024-03-07 18:00:00,3858.61,3881.61,3843.89,3879.08,17341.2194,0.000442,82,17.711102,0.0,trending,,1006.563866,1.522231,0.24888,True,True,1006.313353,1.771302,1006.563866,,trending,2.454518,{},,59.0,ETHUSDT,2024-03-07 18:00:00,ETHUSDT,3879.08,0.064581,LONG,671.31801,0.0,0.0,0.0,671.31801,0.0,0.0,0.0,-4.8e-05,17.711102,1.0,17.711102,True,True
2024-03-07 19:00:00,3879.08,3883.77,3852.43,3870.19,15442.6307,0.000442,82,0.0,0.0,trending,,1002.228288,1.774446,-1.774446,True,True,1000.449888,0.0,1002.228288,,trending,-17.711102,{},,60.0,ETHUSDT,2024-03-07 19:00:00,ETHUSDT,3870.19,0.459512,CLOSE,671.31801,0.0,0.0,0.0,671.31801,0.0,0.0,0.0,-4e-05,0.0,1.0,0.0,True,True
2024-03-07 20:00:00,3870.19,3933.16,3863.0,3928.87,38426.9218,0.000442,82,18.541916,0.0,trending,,1000.449888,0.0,1.854192,True,True,998.594863,1.855778,1000.449888,,trending,18.541916,{},,61.0,ETHUSDT,2024-03-07 20:00:00,ETHUSDT,3928.87,0.472153,LONG,671.31801,0.0,0.0,0.0,671.31801,0.0,0.0,0.0,-5.1e-05,18.541916,1.0,18.541916,True,True
2024-03-07 21:00:00,3928.87,3933.81,3854.01,3869.15,30096.7416,0.000442,82,0.0,0.0,trending,,970.426112,1.880619,-1.880619,True,True,968.60111,0.0,970.426112,,trending,-18.541916,{},,62.0,ETHUSDT,2024-03-07 21:00:00,ETHUSDT,3869.15,0.47168,CLOSE,671.31801,0.0,0.0,0.0,671.31801,0.0,0.0,0.0,-2e-05,0.0,1.0,0.0,True,True
2024-03-07 22:00:00,3869.15,3888.53,3840.0,3857.01,18618.9046,0.000442,82,0.0,0.0,trending,,968.60111,0.0,0.0,,,968.60111,0.0,968.60111,,trending,0.0,{},,63.0,,,,,,,671.31801,0.0,0.0,0.0,671.31801,0.0,0.0,0.0,-1.4e-05,0.0,1.0,0.0,,
2024-03-07 23:00:00,3857.01,3870.29,3851.86,3868.76,15713.2392,0.000442,82,0.0,0.0,trending,,968.60111,0.0,0.0,,,968.60111,0.0,968.60111,,trending,0.0,{},,64.0,,,,,,,671.31801,0.0,0.0,0.0,671.31801,0.0,0.0,0.0,-1.8e-05,0.0,1.0,0.0,,
2024-03-08 00:00:00,3868.76,3908.28,3863.56,3905.06,20765.0654,0.000429,81,0.0,0.0,trending,,968.60111,0.0,0.0,,,968.60111,0.0,968.60111,,trending,0.0,{},,65.0,,,,,,,671.31801,0.0,0.0,0.0,671.31801,0.0,0.0,0.0,-2.7e-05,0.0,1.0,0.0,,
2024-03-08 01:00:00,3905.06,3940.6,3902.46,3904.83,29575.5401,0.000429,81,0.0,0.0,trending,,968.60111,0.0,0.0,,,968.60111,0.0,968.60111,,trending,0.0,{},,66.0,,,,,,,671.31801,0.0,0.0,0.0,671.31801,0.0,0.0,0.0,-2.5e-05,0.0,1.0,0.0,,
2024-03-08 02:00:00,3904.83,3916.56,3891.26,3903.0,14768.0972,0.000429,81,0.0,0.0,trending,,968.60111,0.0,0.0,,,968.60111,0.0,968.60111,,trending,0.0,{},,67.0,,,,,,,671.31801,0.0,0.0,0.0,671.31801,0.0,0.0,0.0,-2.3e-05,0.0,1.0,0.0,,
2024-03-08 03:00:00,3903.0,3912.38,3891.45,3900.85,12617.213,0.000429,81,0.0,0.0,trending,,968.60111,0.0,0.0,,,968.60111,0.0,968.60111,,trending,0.0,{},,68.0,,,,,,,671.31801,0.0,0.0,0.0,671.31801,0.0,0.0,0.0,-2.2e-05,0.0,1.0,0.0,,
2024-03-08 04:00:00,3900.85,3910.22,3885.8,3899.14,10913.2195,0.000429,81,0.0,0.0,trending,,968.60111,0.0,0.0,,,968.60111,0.0,968.60111,,trending,0.0,{},,69.0,,,,,,,671.31801,0.0,0.0,0.0,671.31801,0.0,0.0,0.0,-2.1e-05,0.0,1.0,0.0,,
2024-03-08 05:00:00,3899.14,3904.25,3880.0,3888.06,10927.7602,0.000429,81,0.0,0.0,trending,,968.60111,0.0,0.0,,,968.60111,0.0,968.60111,,trending,0.0,{},,70.0,,,,,,,671.31801,0.0,0.0,0.0,671.31801,0.0,0.0,0.0,-1.7e-05,0.0,1.0,0.0,,
2024-03-08 06:00:00,3888.07,3932.0,3883.59,3930.57,14561.1809,0.000429,81,0.0,0.0,trending,,968.60111,0.0,0.0,,,968.60111,0.0,968.60111,,trending,0.0,{},,71.0,,,,,,,671.31801,0.0,0.0,0.0,671.31801,0.0,0.0,0.0,-3e-05,0.0,1.0,0.0,,
2024-03-08 07:00:00,3930.57,3946.57,3906.39,3908.16,28342.7885,0.000429,81,0.0,0.0,trending,,968.60111,0.0,0.0,,,968.60111,0.0,968.60111,,trending,0.0,{},,72.0,,,,,,,671.31801,0.0,0.0,0.0,671.31801,0.0,0.0,0.0,-2e-05,0.0,1.0,0.0,,
2024-03-08 08:00:00,3908.16,3952.91,3908.15,3940.03,24858.2897,0.00058,81,0.0,0.0,trending,,968.60111,0.0,0.0,,,968.60111,0.0,968.60111,,trending,0.0,{},,73.0,,,,,,,671.31801,0.0,0.0,0.0,671.31801,0.0,0.0,0.0,-2.8e-05,0.0,1.0,0.0,,
2024-03-08 09:00:00,3940.03,3950.73,3927.4,3930.43,22987.8716,0.00058,81,0.0,0.0,trending,,968.60111,0.0,0.0,,,968.60111,0.0,968.60111,,trending,0.0,{},,74.0,,,,,,,671.31801,0.0,0.0,0.0,671.31801,0.0,0.0,0.0,-2.5e-05,0.0,1.0,0.0,,
2024-03-08 10:00:00,3930.43,3954.98,3922.57,3946.56,16830.2237,0.00058,81,0.0,0.0,trending,,968.60111,0.0,0.0,,,968.60111,0.0,968.60111,,trending,0.0,{},,75.0,,,,,,,671.31801,0.0,0.0,0.0,671.31801,0.0,0.0,0.0,-2.9e-05,0.0,1.0,0.0,,
2024-03-08 11:00:00,3946.55,3952.0,3933.63,3950.46,14767.5788,0.00058,81,0.0,0.0,trending,,968.60111,0.0,0.0,,,968.60111,0.0,968.60111,,trending,0.0,{},,76.0,,,,,,,671.31801,0.0,0.0,0.0,671.31801,0.0,0.0,0.0,-3.2e-05,0.0,1.0,0.0,,
2024-03-08 12:00:00,3950.46,3953.0,3933.43,3944.99,15004.1699,0.00058,81,0.0,0.0,trending,,968.60111,0.0,0.0,,,968.60111,0.0,968.60111,,trending,0.0,{},,77.0,,,,,,,671.31801,0.0,0.0,0.0,671.31801,0.0,0.0,0.0,-3.1e-05,0.0,1.0,0.0,,
2024-03-08 13:00:00,3944.99,3981.75,3941.18,3971.07,32131.2096,0.00058,81,0.0,0.0,trending,,968.60111,0.0,0.0,,,968.60111,0.0,968.60111,,trending,0.0,{},,78.0,,,,,,,671.31801,0.0,0.0,0.0,671.31801,0.0,0.0,0.0,-4.1e-05,0.0,1.0,0.0,,
2024-03-08 14:00:00,3971.08,3986.2,3945.4,3973.42,32646.1153,0.00058,81,15.825454,0.0,trending,,968.60111,0.0,1.582545,True,True,967.068255,1.583469,968.60111,,trending,15.825454,{},,79.0,ETHUSDT,2024-03-08 14:00:00,ETHUSDT,3973.42,0.385777,LONG,671.31801,0.0,0.0,0.0,671.31801,0.0,0.0,0.0,-4.3e-05,15.825454,1.0,15.825454,True,True
2024-03-08 15:00:00,3973.42,3993.75,3886.0,3900.75,92459.6486,0.00058,81,0.0,0.0,trending,,939.061852,1.60087,-1.60087,True,True,937.558536,0.0,939.061852,,trending,-15.825454,{},,80.0,ETHUSDT,2024-03-08 15:00:00,ETHUSDT,3900.75,0.385392,CLOSE,671.31801,0.0,0.0,0.0,671.31801,0.0,0.0,0.0,-1e-06,0.0,1.0,0.0,True,True
2024-03-08 16:00:00,3900.76,3911.6,3820.0,3905.1,92993.2279,0.000488,81,0.0,0.0,trending,,937.558536,0.0,0.0,,,937.558536,0.0,937.558536,,trending,0.0,{},,81.0,,,,,,,671.31801,0.0,0.0,0.0,671.31801,0.0,0.0,0.0,-4e-06,0.0,1.0,0.0,,
2024-03-08 17:00:00,3905.09,3978.49,3898.23,3942.38,37977.8801,0.000488,81,0.0,0.0,trending,,937.558536,0.0,0.0,,,937.558536,0.0,937.558536,,trending,0.0,{},,82.0,,,,,,,671.31801,0.0,0.0,0.0,671.31801,0.0,0.0,0.0,-2.3e-05,0.0,1.0,0.0,,
2024-03-08 18:00:00,3942.38,3950.74,3916.79,3928.21,18317.4515,0.000488,81,0.0,0.0,trending,,937.558536,0.0,0.0,,,937.558536,0.0,937.558536,,trending,0.0,{},,83.0,,,,,,,671.31801,0.0,0.0,0.0,671.31801,0.0,0.0,0.0,-1.5e-05,0.0,1.0,0.0,,
2024-03-08 19:00:00,3928.2,3930.8,3885.12,3928.82,24716.5602,0.000488,81,0.0,0.0,trending,,937.558536,0.0,0.0,,,937.558536,0.0,937.558536,,trending,0.0,{},,84.0,,,,,,,671.31801,0.0,0.0,0.0,671.31801,0.0,0.0,0.0,-1.6e-05,0.0,1.0,0.0,,
2024-03-08 20:00:00,3928.82,3950.25,3921.8,3939.44,22349.481,0.000488,81,0.0,0.0,trending,,937.558536,0.0,0.0,,,937.558536,0.0,937.558536,,trending,0.0,{},,85.0,,,,,,,671.31801,0.0,0.0,0.0,671.31801,0.0,0.0,0.0,-2.2e-05,0.0,1.0,0.0,,
2024-03-08 21:00:00,3939.44,3950.85,3890.0,3903.34,23770.9212,0.000488,81,0.0,0.0,trending,,937.558536,0.0,0.0,,,937.558536,0.0,937.558536,,trending,0.0,{},,86.0,,,,,,,671.31801,0.0,0.0,0.0,671.31801,0.0,0.0,0.0,3e-06,0.0,1.0,0.0,,
2024-03-08 22:00:00,3903.35,3912.37,3871.28,3876.88,20668.4167,0.000488,81,0.0,0.0,trending,,937.558536,0.0,0.0,,,937.558536,0.0,937.558536,,trending,0.0,{},,87.0,,,,,,,671.31801,0.0,0.0,0.0,671.31801,0.0,0.0,0.0,2.1e-05,0.0,1.0,0.0,,
2024-03-08 23:00:00,3876.87,3901.02,3873.66,3883.36,11449.3483,0.000488,81,0.0,0.0,trending,,937.558536,0.0,0.0,,,937.558536,0.0,937.558536,,trending,0.0,{},,88.0,,,,,,,671.31801,0.0,0.0,0.0,671.31801,0.0,0.0,0.0,1.6e-05,0.0,1.0,0.0,,
2024-03-09 00:00:00,3883.37,3905.83,3877.5,3904.14,12146.868,0.000332,84,0.0,0.0,trending,,937.558536,0.0,0.0,,,937.558536,0.0,937.558536,,trending,0.0,{},,89.0,,,,,,,671.31801,0.0,0.0,0.0,671.31801,0.0,0.0,0.0,-0.0,0.0,1.0,0.0,,
2024-03-09 01:00:00,3904.13,3909.0,3889.4,3901.99,9516.3063,0.000332,84,0.0,0.0,trending,,937.558536,0.0,0.0,,,937.558536,0.0,937.558536,,trending,0.0,{},,90.0,,,,,,,671.31801,0.0,0.0,0.0,671.31801,0.0,0.0,0.0,2e-06,0.0,1.0,0.0,,
2024-03-09 02:00:00,3902.0,3925.66,3899.32,3918.15,12324.0696,0.000332,84,0.0,0.0,trending,,937.558536,0.0,0.0,,,937.558536,0.0,937.558536,,trending,0.0,{},,91.0,,,,,,,671.31801,0.0,0.0,0.0,671.31801,0.0,0.0,0.0,-1.1e-05,0.0,1.0,0.0,,
2024-03-09 03:00:00,3918.14,3929.0,3911.33,3923.21,8994.2571,0.000332,84,0.0,0.0,trending,,937.558536,0.0,0.0,,,937.558536,0.0,937.558536,,trending,0.0,{},,92.0,,,,,,,671.31801,0.0,0.0,0.0,671.31801,0.0,0.0,0.0,-1.5e-05,0.0,1.0,0.0,,
2024-03-09 04:00:00,3923.22,3931.39,3918.28,3925.55,7488.4791,0.000332,84,0.0,0.0,trending,,937.558536,0.0,0.0,,,937.558536,0.0,937.558536,,trending,0.0,{},,93.0,,,,,,,671.31801,0.0,0.0,0.0,671.31801,0.0,0.0,0.0,-1.7e-05,0.0,1.0,0.0,,
2024-03-09 05:00:00,3925.55,3927.79,3912.05,3918.41,8287.7968,0.000332,84,0.0,0.0,trending,,937.558536,0.0,0.0,,,937.558536,0.0,937.558536,,trending,0.0,{},,94.0,,,,,,,671.31801,0.0,0.0,0.0,671.31801,0.0,0.0,0.0,-1.1e-05,0.0,1.0,0.0,,
2024-03-09 06:00:00,3918.4,3940.0,3917.51,3937.97,11177.9816,0.000332,84,0.0,0.0,trending,,937.558536,0.0,0.0,,,937.558536,0.0,937.558536,,trending,0.0,{},,95.0,,,,,,,671.31801,0.0,0.0,0.0,671.31801,0.0,0.0,0.0,-2.8e-05,0.0,1.0,0.0,,
2024-03-09 07:00:00,3937.98,3942.0,3925.4,3925.47,9377.5759,0.000332,84,0.0,0.0,trending,,937.558536,0.0,0.0,,,937.558536,0.0,937.558536,,trending,0.0,{},,96.0,,,,,,,671.31801,0.0,0.0,0.0,671.31801,0.0,0.0,0.0,-1.5e-05,0.0,1.0,0.0,,
2024-03-09 08:00:00,3925.46,3936.0,3922.68,3922.89,9050.4914,0.000332,84,0.0,0.0,trending,,937.558536,0.0,0.0,,,937.558536,0.0,937.558536,,trending,0.0,{},,97.0,,,,,,,671.31801,0.0,0.0,0.0,671.31801,0.0,0.0,0.0,-1.2e-05,0.0,1.0,0.0,,
2024-03-09 09:00:00,3922.88,3930.6,3906.86,3919.79,11822.4003,0.000365,84,0.0,0.0,trending,,937.558536,0.0,0.0,,,937.558536,0.0,937.558536,,trending,0.0,{},,98.0,,,,,,,671.31801,0.0,0.0,0.0,671.31801,0.0,0.0,0.0,-8e-06,0.0,1.0,0.0,,
2024-03-09 10:00:00,3919.79,3920.0,3887.99,3906.86,17710.8335,0.000365,84,0.0,0.0,trending,,937.558536,0.0,0.0,,,937.558536,0.0,937.558536,,trending,0.0,{},,99.0,,,,,,,671.31801,0.0,0.0,0.0,671.31801,0.0,0.0,0.0,7e-06,0.0,1.0,0.0,,
2024-03-09 11:00:00,3906.85,3917.81,3904.44,3912.49,9265.9986,0.000365,84,0.0,0.0,trending,,937.558536,0.0,0.0,,,937.558536,0.0,937.558536,,trending,0.0,{},,100.0,,,,,,,671.31801,0.0,0.0,0.0,671.31801,0.0,0.0,0.0,-0.0,0.0,1.0,0.0,,
2024-03-09 12:00:00,3912.5,3919.73,3901.62,3917.91,10457.9496,0.000365,84,0.0,0.0,trending,,937.558536,0.0,0.0,,,937.558536,0.0,937.558536,,trending,0.0,{},,101.0,,,,,,,671.31801,0.0,0.0,0.0,671.31801,0.0,0.0,0.0,-7e-06,0.0,1.0,0.0,,
2024-03-09 13:00:00,3917.9,3927.05,3910.37,3916.42,11783.0705,0.000365,84,0.0,0.0,trending,,937.558536,0.0,0.0,,,937.558536,0.0,937.558536,,trending,0.0,{},,102.0,,,,,,,671.31801,0.0,0.0,0.0,671.31801,0.0,0.0,0.0,-6e-06,0.0,1.0,0.0,,
2024-03-09 14:00:00,3916.42,3924.64,3907.31,3909.06,10481.5451,0.000365,84,0.0,0.0,trending,,937.558536,0.0,0.0,,,937.558536,0.0,937.558536,,trending,0.0,{},,103.0,,,,,,,671.31801,0.0,0.0,0.0,671.31801,0.0,0.0,0.0,8e-06,0.0,1.0,0.0,,
2024-03-09 15:00:00,3909.07,3921.57,3905.82,3916.66,7485.9974,0.000365,84,0.0,0.0,trending,,937.558536,0.0,0.0,,,937.558536,0.0,937.558536,,trending,0.0,{},,104.0,,,,,,,671.31801,0.0,0.0,0.0,671.31801,0.0,0.0,0.0,-8e-06,0.0,1.0,0.0,,
2024-03-09 16:00:00,3916.66,3920.22,3874.08,3884.44,23365.7022,0.000355,84,-19.479485,0.0,trending,,937.558536,0.0,-1.947949,True,True,935.73222,-1.95175,937.558536,,trending,-19.479485,{},,105.0,ETHUSDT,2024-03-09 16:00:00,ETHUSDT,3884.44,0.470162,SHORT,671.31801,0.0,0.0,0.0,671.31801,0.0,0.0,0.0,4.9e-05,-19.479485,1.0,-19.479485,True,True
2024-03-09 17:00:00,3884.45,3894.11,3870.01,3883.07,15212.6997,0.000355,84,-19.996394,0.0,trending,,936.376342,-1.94972,-0.049919,False,,936.376342,-1.94972,936.376342,,trending,-0.516909,{},,106.0,ETHUSDT,2024-03-09 17:00:00,,,,,671.31801,0.0,0.0,0.0,671.31801,0.0,0.0,0.0,5.1e-05,-19.996394,1.0,-19.996394,True,False
2024-03-09 18:00:00,3883.07,3893.4,3878.41,3889.37,10265.3587,0.000355,84,0.0,0.0,trending,,933.414322,-1.95908,1.95908,True,True,931.583858,0.0,933.414322,,trending,19.996394,{},,107.0,ETHUSDT,2024-03-09 18:00:00,ETHUSDT,3889.37,-0.470162,CLOSE,671.31801,0.0,0.0,0.0,671.31801,0.0,0.0,0.0,3.6e-05,0.0,1.0,0.0,True,True
2024-03-09 19:00:00,3889.36,3891.76,3878.02,3881.18,8609.6765,0.000355,84,-18.853378,0.0,trending,,931.583858,0.0,-1.885338,True,True,929.827508,-1.888899,931.583858,,trending,-18.853378,{},,108.0,ETHUSDT,2024-03-09 19:00:00,ETHUSDT,3881.18,0.45253,SHORT,671.31801,0.0,0.0,0.0,671.31801,0.0,0.0,0.0,4.8e-05,-18.853378,1.0,-18.853378,True,True
2024-03-09 20:00:00,3881.18,3900.75,3881.17,3900.68,6824.2445,0.000355,84,0.0,0.0,trending,,921.003173,-1.916578,1.916578,True,True,919.236232,0.0,921.003173,,trending,18.853378,{},,109.0,ETHUSDT,2024-03-09 20:00:00,ETHUSDT,3900.68,-0.45253,CLOSE,671.31801,0.0,0.0,0.0,671.31801,0.0,0.0,0.0,9e-06,0.0,1.0,0.0,True,True
2024-03-09 21:00:00,3900.67,3907.64,3892.1,3904.2,6027.4699,0.000355,84,0.0,0.0,trending,,919.236232,0.0,0.0,,,919.236232,0.0,919.236232,,trending,0.0,{},,110.0,,,,,,,671.31801,0.0,0.0,0.0,671.31801,0.0,0.0,0.0,2e-06,0.0,1.0,0.0,,
2024-03-09 22:00:00,3904.19,3912.0,3896.32,3901.08,6912.3952,0.000355,84,0.0,0.0,trending,,919.236232,0.0,0.0,,,919.236232,0.0,919.236232,,trending,0.0,{},,111.0,,,,,,,671.31801,0.0,0.0,0.0,671.31801,0.0,0.0,0.0,9e-06,0.0,1.0,0.0,,
2024-03-09 23:00:00,3901.07,3912.68,3898.0,3905.21,10249.9711,0.000355,84,0.0,0.0,trending,,919.236232,0.0,0.0,,,919.236232,0.0,919.236232,,trending,0.0,{},,112.0,,,,,,,671.31801,0.0,0.0,0.0,671.31801,0.0,0.0,0.0,-1e-06,0.0,1.0,0.0,,
2024-03-10 00:00:00,3905.2,3917.19,3899.51,3908.65,12456.7956,0.000347,79,0.0,0.0,trending,,919.236232,0.0,0.0,,,919.236232,0.0,919.236232,,trending,0.0,{},,113.0,,,,,,,671.31801,0.0,0.0,0.0,671.31801,0.0,0.0,0.0,-9e-06,0.0,1.0,0.0,,
2024-03-10 01:00:00,3908.66,3940.1,3907.68,3929.47,21797.8115,0.000347,79,20.0,0.0,trending,,919.236232,0.0,2.0,True,True,917.397759,2.002004,919.236232,,trending,20.0,{},,114.0,ETHUSDT,2024-03-10 01:00:00,ETHUSDT,3929.47,0.467868,LONG,671.31801,0.0,0.0,0.0,671.31801,0.0,0.0,0.0,-5.6e-05,22.03049,1.0,22.03049,True,True
2024-03-10 02:00:00,3929.48,3938.64,3921.0,3921.68,8196.5631,0.000347,79,0.0,0.0,trending,,913.756714,2.005997,-2.005997,True,True,911.923721,0.0,913.756714,,trending,-20.0,{},,115.0,ETHUSDT,2024-03-10 02:00:00,ETHUSDT,3921.68,0.4674,CLOSE,671.31801,0.0,0.0,0.0,671.31801,0.0,0.0,0.0,-3.4e-05,0.0,1.0,0.0,True,True
2024-03-10 03:00:00,3921.68,3937.87,3910.96,3935.0,9466.8586,0.000347,79,20.0,0.0,trending,,911.923721,0.0,2.0,True,True,910.099874,2.002004,911.923721,,trending,20.0,{},,116.0,ETHUSDT,2024-03-10 03:00:00,ETHUSDT,3935.0,0.463494,LONG,671.31801,0.0,0.0,0.0,671.31801,0.0,0.0,0.0,-5.9e-05,23.177984,1.0,23.177984,True,True
2024-03-10 04:00:00,3935.01,3950.0,3931.89,3940.65,16796.538,0.000347,79,20.0,0.0,trending,,912.715994,1.999132,0.000868,False,,912.715994,1.999132,912.715994,,trending,0.0,{},,117.0,ETHUSDT,2024-03-10 04:00:00,,,,,671.31801,0.0,0.0,0.0,671.31801,0.0,0.0,0.0,-6.6e-05,25.616548,1.0,25.616548,True,False
2024-03-10 05:00:00,3940.65,3948.65,3934.0,3938.84,7668.5941,0.000347,79,20.0,0.0,trending,,911.877909,2.00005,-5e-05,False,,911.877909,2.00005,911.877909,,trending,0.0,{},,118.0,ETHUSDT,2024-03-10 05:00:00,,,,,671.31801,0.0,0.0,0.0,671.31801,0.0,0.0,0.0,-5.8e-05,22.392772,1.0,22.392772,True,False
2024-03-10 06:00:00,3938.83,3947.81,3929.79,3942.99,6300.1737,0.000347,79,20.0,0.0,trending,,913.799484,1.997947,0.002053,False,,913.799484,1.997947,913.799484,,trending,0.0,{},,119.0,ETHUSDT,2024-03-10 06:00:00,,,,,671.31801,0.0,0.0,0.0,671.31801,0.0,0.0,0.0,-6.4e-05,24.607627,1.0,24.607627,True,False
2024-03-10 07:00:00,3943.0,3949.46,3937.99,3944.82,7939.4404,0.000347,79,20.0,0.0,trending,,914.64683,1.997023,0.002977,False,,914.64683,1.997023,914.64683,,trending,0.0,{},,120.0,ETHUSDT,2024-03-10 07:00:00,,,,,671.31801,0.0,0.0,0.0,671.31801,0.0,0.0,0.0,-6.4e-05,24.330477,1.0,24.330477,True,False
2024-03-10 08:00:00,3944.81,3964.67,3940.0,3959.16,10587.139,0.000494,79,20.0,0.0,trending,,921.286682,1.989837,0.010163,False,,921.286682,1.989837,921.286682,,trending,0.0,{},,121.0,ETHUSDT,2024-03-10 08:00:00,,,,,671.31801,0.0,0.0,0.0,671.31801,0.0,0.0,0.0,-7.8e-05,29.470475,1.0,29.470475,True,False
2024-03-10 09:00:00,3959.15,3959.2,3920.02,3945.57,24532.6453,0.000494,79,16.304292,0.0,trending,,914.994102,1.996644,-0.366215,True,True,914.659018,1.631027,914.994102,,trending,-3.695708,{},,122.0,ETHUSDT,2024-03-10 09:00:00,ETHUSDT,3945.57,0.084927,REDUCE_LONG,671.31801,0.0,0.0,0.0,671.31801,0.0,0.0,0.0,-4.3e-05,16.304292,1.0,16.304292,True,True
2024-03-10 10:00:00,3945.56,3955.88,3932.02,3938.27,14283.2479,0.000494,79,0.0,0.0,trending,,911.898863,1.632937,-1.632937,True,True,910.40979,0.0,911.898863,,trending,-16.304292,{},,123.0,ETHUSDT,2024-03-10 10:00:00,ETHUSDT,3938.27,0.378103,CLOSE,671.31801,0.0,0.0,0.0,671.31801,0.0,0.0,0.0,-2.7e-05,0.0,1.0,0.0,True,True
2024-03-10 11:00:00,3938.26,3943.68,3926.47,3932.72,11054.1241,0.000494,79,0.0,0.0,trending,,910.40979,0.0,0.0,,,910.40979,0.0,910.40979,,trending,0.0,{},,124.0,,,,,,,671.31801,0.0,0.0,0.0,671.31801,0.0,0.0,0.0,-1.6e-05,0.0,1.0,0.0,,
2024-03-10 12:00:00,3932.72,3947.18,3911.98,3927.46,16530.3808,0.000494,79,0.0,0.0,trending,,910.40979,0.0,0.0,,,910.40979,0.0,910.40979,,trending,0.0,{},,125.0,,,,,,,671.31801,0.0,0.0,0.0,671.31801,0.0,0.0,0.0,-5e-06,0.0,1.0,0.0,,
2024-03-10 13:00:00,3927.46,3931.4,3886.32,3898.59,19695.5584,0.000494,79,-15.690944,0.0,trending,,910.40979,0.0,-1.569094,True,True,908.981271,-1.57156,910.40979,,trending,-15.690944,{},,126.0,ETHUSDT,2024-03-10 13:00:00,ETHUSDT,3898.59,0.366419,SHORT,671.31801,0.0,0.0,0.0,671.31801,0.0,0.0,0.0,4.2e-05,-15.690944,1.0,-15.690944,True,True
2024-03-10 14:00:00,3898.59,3911.57,3860.65,3896.83,30676.6761,0.000494,79,-16.310523,0.0,trending,,909.626169,-1.569737,-0.061315,False,,909.626169,-1.569737,909.626169,,trending,-0.619578,{},,127.0,ETHUSDT,2024-03-10 14:00:00,,,,,671.31801,0.0,0.0,0.0,671.31801,0.0,0.0,0.0,4.3e-05,-16.310523,1.0,-16.310523,True,False
2024-03-10 15:00:00,3896.84,3903.23,3874.35,3883.69,18573.0726,0.000494,79,-20.0,0.0,trending,,914.44092,-1.556207,-0.443793,True,True,914.035098,-2.000888,914.44092,,trending,-3.689477,{},,128.0,ETHUSDT,2024-03-10 15:00:00,ETHUSDT,3883.69,0.104494,SHORT,671.31801,0.0,0.0,0.0,671.31801,0.0,0.0,0.0,5.8e-05,-21.731512,1.0,-21.731512,True,True
2024-03-10 16:00:00,3883.7,3927.05,3882.06,3904.55,21063.8407,0.000298,79,0.0,0.0,trending,,904.211843,-2.033489,2.033489,True,True,902.371297,0.0,904.211843,,trending,20.0,{},,129.0,ETHUSDT,2024-03-10 16:00:00,ETHUSDT,3904.55,-0.470913,CLOSE,671.31801,0.0,0.0,0.0,671.31801,0.0,0.0,0.0,2.1e-05,0.0,1.0,0.0,True,True
2024-03-10 17:00:00,3904.55,3916.24,3900.0,3912.04,9443.7904,0.000298,79,0.0,0.0,trending,,902.371297,0.0,0.0,,,902.371297,0.0,902.371297,,trending,0.0,{},,130.0,,,,,,,671.31801,0.0,0.0,0.0,671.31801,0.0,0.0,0.0,9e-06,0.0,1.0,0.0,,
2024-03-10 18:00:00,3912.03,3918.0,3893.12,3893.31,10110.7013,0.000298,79,0.0,0.0,trending,,902.371297,0.0,0.0,,,902.371297,0.0,902.371297,,trending,0.0,{},,131.0,,,,,,,671.31801,0.0,0.0,0.0,671.31801,0.0,0.0,0.0,3.6e-05,0.0,1.0,0.0,,
2024-03-10 19:00:00,3893.31,3902.13,3888.85,3898.0,7832.2913,0.000298,79,0.0,0.0,trending,,902.371297,0.0,0.0,,,902.371297,0.0,902.371297,,trending,0.0,{},,132.0,,,,,,,671.31801,0.0,0.0,0.0,671.31801,0.0,0.0,0.0,2.9e-05,0.0,1.0,0.0,,
2024-03-10 20:00:00,3898.01,3903.89,3892.21,3900.37,5745.0508,0.000298,79,0.0,0.0,trending,,902.371297,0.0,0.0,,,902.371297,0.0,902.371297,,trending,0.0,{},,133.0,,,,,,,671.31801,0.0,0.0,0.0,671.31801,0.0,0.0,0.0,2.4e-05,0.0,1.0,0.0,,
2024-03-10 21:00:00,3900.36,3903.4,3875.0,3880.55,7156.3193,0.000298,79,-18.907385,0.0,trending,,902.371297,0.0,-1.890739,True,True,900.665149,-1.89432,902.371297,,trending,-18.907385,{},,134.0,ETHUSDT,2024-03-10 21:00:00,ETHUSDT,3880.55,0.439667,SHORT,671.31801,0.0,0.0,0.0,671.31801,0.0,0.0,0.0,5.1e-05,-18.907385,1.0,-18.907385,True,True
2024-03-10 22:00:00,3880.54,3882.17,3791.26,3823.7,39770.8415,0.000298,79,-20.0,0.0,trending,,925.660195,-1.816167,-0.183833,False,,925.660195,-1.816167,925.660195,,trending,-1.092615,{},,135.0,ETHUSDT,2024-03-10 22:00:00,,,,,671.31801,0.0,0.0,0.0,671.31801,0.0,0.0,0.0,8e-05,-29.440114,1.0,-29.440114,True,False
2024-03-10 23:00:00,3823.71,3884.05,3819.48,3878.47,18986.2255,0.000298,79,0.0,0.0,trending,,901.579656,-1.891384,1.891384,True,True,899.872715,0.0,901.579656,,trending,20.0,{},,136.0,ETHUSDT,2024-03-10 23:00:00,ETHUSDT,3878.47,-0.439667,CLOSE,671.31801,0.0,0.0,0.0,671.31801,0.0,0.0,0.0,1.9e-05,0.0,1.0,0.0,True,True
2024-03-11 00:00:00,3878.47,3888.38,3722.95,3827.6,38301.0552,0.000294,82,-15.351133,0.0,trending,,899.872715,0.0,-1.535113,True,True,898.491309,-1.537474,899.872715,,trending,-15.351133,{},,137.0,ETHUSDT,2024-03-11 00:00:00,ETHUSDT,3827.6,0.360907,SHORT,671.31801,0.0,0.0,0.0,671.31801,0.0,0.0,0.0,4.2e-05,-15.351133,1.0,-15.351133,True,True
2024-03-11 01:00:00,3827.59,3840.5,3778.21,3818.44,31625.1389,0.000294,82,0.0,0.0,trending,,901.797214,-1.528171,1.528171,True,True,900.417734,0.0,901.797214,,trending,15.351133,{},,138.0,ETHUSDT,2024-03-11 01:00:00,ETHUSDT,3818.44,-0.360907,CLOSE,671.31801,0.0,0.0,0.0,671.31801,0.0,0.0,0.0,4e-05,0.0,1.0,0.0,True,True
2024-03-11 02:00:00,3818.43,3843.6,3814.41,3835.21,19608.4072,0.000294,82,0.0,0.0,trending,,900.417734,0.0,0.0,,,900.417734,0.0,900.417734,,trending,0.0,{},,139.0,,,,,,,671.31801,0.0,0.0,0.0,671.31801,0.0,0.0,0.0,2.7e-05,0.0,1.0,0.0,,
2024-03-11 03:00:00,3835.21,3867.6,3833.8,3866.93,15126.2445,0.000294,82,0.0,0.0,trending,,900.417734,0.0,0.0,,,900.417734,0.0,900.417734,,trending,0.0,{},,140.0,,,,,,,671.31801,0.0,0.0,0.0,671.31801,0.0,0.0,0.0,9e-06,0.0,1.0,0.0,,
2024-03-11 04:00:00,3866.92,3878.17,3852.18,3856.67,11920.7105,0.000294,82,0.0,0.0,trending,,900.417734,0.0,0.0,,,900.417734,0.0,900.417734,,trending,0.0,{},,141.0,,,,,,,671.31801,0.0,0.0,0.0,671.31801,0.0,0.0,0.0,1.4e-05,0.0,1.0,0.0,,
2024-03-11 05:00:00,3856.67,3879.17,3842.38,3847.98,13776.1574,0.000294,82,0.0,0.0,trending,,900.417734,0.0,0.0,,,900.417734,0.0,900.417734,,trending,0.0,{},,142.0,,,,,,,671.31801,0.0,0.0,0.0,671.31801,0.0,0.0,0.0,1.8e-05,0.0,1.0,0.0,,
2024-03-11 06:00:00,3847.98,3884.91,3834.22,3884.91,14197.2532,0.000294,82,0.0,0.0,trending,,900.417734,0.0,0.0,,,900.417734,0.0,900.417734,,trending,0.0,{},,143.0,,,,,,,671.31801,0.0,0.0,0.0,671.31801,0.0,0.0,0.0,-2e-06,0.0,1.0,0.0,,
2024-03-11 07:00:00,3884.91,4011.79,3881.01,4001.4,118847.2233,0.000294,82,0.0,0.0,trending,,900.417734,0.0,0.0,,,900.417734,0.0,900.417734,,trending,0.0,{},,144.0,,,,,,,671.31801,0.0,0.0,0.0,671.31801,0.0,0.0,0.0,-3.6e-05,0.0,1.0,0.0,,
2024-03-11 08:00:00,4001.4,4019.64,3986.86,4015.79,43809.6989,0.000672,82,0.0,0.0,trending,,900.417734,0.0,0.0,,,900.417734,0.0,900.417734,,trending,0.0,{},,145.0,,,,,,,671.31801,0.0,0.0,0.0,671.31801,0.0,0.0,0.0,-3.5e-05,0.0,1.0,0.0,,
2024-03-11 09:00:00,4015.79,4047.81,3990.0,4037.01,36217.5341,0.000672,82,0.0,0.0,trending,,900.417734,0.0,0.0,,,900.417734,0.0,900.417734,,trending,0.0,{},,146.0,,,,,,,671.31801,0.0,0.0,0.0,671.31801,0.0,0.0,0.0,-3.4e-05,0.0,1.0,0.0,,
2024-03-11 10:00:00,4037.01,4038.48,4022.13,4026.36,41510.3048,0.000672,82,0.0,0.0,trending,,900.417734,0.0,0.0,,,900.417734,0.0,900.417734,,trending,0.0,{},,147.0,,,,,,,671.31801,0.0,0.0,0.0,671.31801,0.0,0.0,0.0,-2.8e-05,0.0,1.0,0.0,,
2024-03-11 11:00:00,4026.36,4054.6,4020.02,4034.25,45250.348,0.000672,82,0.0,0.0,trending,,900.417734,0.0,0.0,,,900.417734,0.0,900.417734,,trending,0.0,{},,148.0,,,,,,,671.31801,0.0,0.0,0.0,671.31801,0.0,0.0,0.0,-2.7e-05,0.0,1.0,0.0,,
2024-03-11 12:00:00,4034.25,4065.8,4028.0,4054.99,33872.1535,0.000672,82,0.0,0.0,trending,,900.417734,0.0,0.0,,,900.417734,0.0,900.417734,,trending,0.0,{},,149.0,,,,,,,671.31801,0.0,0.0,0.0,671.31801,0.0,0.0,0.0,-2.7e-05,0.0,1.0,0.0,,
2024-03-11 13:00:00,4054.89,4062.37,4017.0,4022.66,39312.0289,0.000672,82,0.0,0.0,trending,,900.417734,0.0,0.0,,,900.417734,0.0,900.417734,,trending,0.0,{},,150.0,,,,,,,671.31801,0.0,0.0,0.0,671.31801,0.0,0.0,0.0,-1.7e-05,0.0,1.0,0.0,,
2024-03-11 14:00:00,4022.66,4049.0,4022.55,4034.26,19508.6236,0.000672,82,0.0,0.0,trending,,900.417734,0.0,0.0,,,900.417734,0.0,900.417734,,trending,0.0,{},,151.0,,,,,,,671.31801,0.0,0.0,0.0,671.31801,0.0,0.0,0.0,-1.8e-05,0.0,1.0,0.0,,
2024-03-11 15:00:00,4034.26,4053.12,4017.57,4018.0,36101.6743,0.000672,82,0.0,0.0,trending,,900.417734,0.0,0.0,,,900.417734,0.0,900.417734,,trending,0.0,{},,152.0,,,,,,,671.31801,0.0,0.0,0.0,671.31801,0.0,0.0,0.0,-1.4e-05,0.0,1.0,0.0,,
2024-03-11 16:00:00,4018.01,4046.0,3998.92,4040.2,39058.5159,0.000643,82,0.0,0.0,trending,,900.417734,0.0,0.0,,,900.417734,0.0,900.417734,,trending,0.0,{},,153.0,,,,,,,671.31801,0.0,0.0,0.0,671.31801,0.0,0.0,0.0,-1.6e-05,0.0,1.0,0.0,,
2024-03-11 17:00:00,4040.2,4050.52,4030.05,4038.66,20106.9982,0.000643,82,0.0,0.0,trending,,900.417734,0.0,0.0,,,900.417734,0.0,900.417734,,trending,0.0,{},,154.0,,,,,,,671.31801,0.0,0.0,0.0,671.31801,0.0,0.0,0.0,-1.5e-05,0.0,1.0,0.0,,
2024-03-11 18:00:00,4038.66,4086.23,4034.08,4058.43,28047.5239,0.000643,82,0.0,0.0,trending,,900.417734,0.0,0.0,,,900.417734,0.0,900.417734,,trending,0.0,{},,155.0,,,,,,,671.31801,0.0,0.0,0.0,671.31801,0.0,0.0,0.0,-1.8e-05,0.0,1.0,0.0,,
2024-03-11 19:00:00,4058.44,4062.59,4029.77,4031.71,20700.526,0.000643,82,0.0,0.0,trending,,900.417734,0.0,0.0,,,900.417734,0.0,900.417734,,trending,0.0,{},,156.0,,,,,,,671.31801,0.0,0.0,0.0,671.31801,0.0,0.0,0.0,-1.1e-05,0.0,1.0,0.0,,
2024-03-11 20:00:00,4031.7,4038.0,4027.92,4031.71,8798.0509,0.000643,82,0.0,0.0,trending,,900.417734,0.0,0.0,,,900.417734,0.0,900.417734,,trending,0.0,{},,157.0,,,,,,,671.31801,0.0,0.0,0.0,671.31801,0.0,0.0,0.0,-1.1e-05,0.0,1.0,0.0,,
2024-03-11 21:00:00,4031.71,4058.6,4029.61,4054.65,12600.6052,0.000643,82,0.0,0.0,trending,,900.417734,0.0,0.0,,,900.417734,0.0,900.417734,,trending,0.0,{},,158.0,,,,,,,671.31801,0.0,0.0,0.0,671.31801,0.0,0.0,0.0,-1.4e-05,0.0,1.0,0.0,,
2024-03-11 22:00:00,4054.66,4069.4,4045.01,4067.79,15864.721,0.000643,82,0.0,0.0,trending,,900.417734,0.0,0.0,,,900.417734,0.0,900.417734,,trending,0.0,{},,159.0,,,,,,,671.31801,0.0,0.0,0.0,671.31801,0.0,0.0,0.0,-1.7e-05,0.0,1.0,0.0,,
2024-03-11 23:00:00,4067.79,4082.0,4062.6,4064.8,17393.0165,0.000643,82,0.0,0.0,trending,,900.417734,0.0,0.0,,,900.417734,0.0,900.417734,,trending,0.0,{},,160.0,,,,,,,671.31801,0.0,0.0,0.0,671.31801,0.0,0.0,0.0,-1.6e-05,0.0,1.0,0.0,,
2024-03-12 00:00:00,4064.8,4093.92,4054.25,4057.72,35478.2778,0.000681,81,0.0,0.0,trending,,900.417734,0.0,0.0,,,900.417734,0.0,900.417734,,trending,0.0,{},,161.0,,,,,,,671.31801,0.0,0.0,0.0,671.31801,0.0,0.0,0.0,-1.5e-05,0.0,1.0,0.0,,
2024-03-12 01:00:00,4057.72,4069.44,4049.12,4061.84,13800.708,0.000681,81,0.0,0.0,trending,,900.417734,0.0,0.0,,,900.417734,0.0,900.417734,,trending,0.0,{},,162.0,,,,,,,671.31801,0.0,0.0,0.0,671.31801,0.0,0.0,0.0,-1.7e-05,0.0,1.0,0.0,,
2024-03-12 02:00:00,4061.85,4061.85,4048.6,4052.21,8204.0936,0.000681,81,0.0,0.0,trending,,900.417734,0.0,0.0,,,900.417734,0.0,900.417734,,trending,0.0,{},,163.0,,,,,,,671.31801,0.0,0.0,0.0,671.31801,0.0,0.0,0.0,-1.5e-05,0.0,1.0,0.0,,
2024-03-12 03:00:00,4052.21,4059.63,4021.19,4028.69,24872.2049,0.000681,81,0.0,0.0,trending,,900.417734,0.0,0.0,,,900.417734,0.0,900.417734,,trending,0.0,{},,164.0,,,,,,,671.31801,0.0,0.0,0.0,671.31801,0.0,0.0,0.0,-7e-06,0.0,1.0,0.0,,
2024-03-12 04:00:00,4028.69,4052.4,4022.74,4036.7,15955.8827,0.000681,81,0.0,0.0,trending,,900.417734,0.0,0.0,,,900.417734,0.0,900.417734,,trending,0.0,{},,165.0,,,,,,,671.31801,0.0,0.0,0.0,671.31801,0.0,0.0,0.0,-1.1e-05,0.0,1.0,0.0,,
2024-03-12 05:00:00,4036.7,4043.18,4033.11,4040.01,9000.8901,0.000681,81,0.0,0.0,trending,,900.417734,0.0,0.0,,,900.417734,0.0,900.417734,,trending,0.0,{},,166.0,,,,,,,671.31801,0.0,0.0,0.0,671.31801,0.0,0.0,0.0,-1.9e-05,0.0,1.0,0.0,,
2024-03-12 06:00:00,4040.01,4040.01,4000.02,4030.38,23229.2112,0.000681,81,0.0,0.0,trending,,900.417734,0.0,0.0,,,900.417734,0.0,900.417734,,trending,0.0,{},,167.0,,,,,,,671.31801,0.0,0.0,0.0,671.31801,0.0,0.0,0.0,-2.4e-05,0.0,1.0,0.0,,
2024-03-12 07:00:00,4030.38,4032.61,4015.64,4027.13,13833.7113,0.000681,81,0.0,0.0,trending,,900.417734,0.0,0.0,,,900.417734,0.0,900.417734,,trending,0.0,{},,168.0,,,,,,,671.31801,0.0,0.0,0.0,671.31801,0.0,0.0,0.0,-2.1e-05,0.0,1.0,0.0,,
2024-03-12 08:00:00,4027.13,4034.0,3965.0,3985.4,32957.0013,0.000375,81,0.0,0.0,trending,,900.417734,0.0,0.0,,,900.417734,0.0,900.417734,,trending,0.0,{},,169.0,,,,,,,671.31801,0.0,0.0,0.0,671.31801,0.0,0.0,0.0,3.8e-05,0.0,1.0,0.0,,
2024-03-12 09:00:00,3985.39,4012.03,3984.0,4009.09,14341.8509,0.000375,81,0.0,0.0,trending,,900.417734,0.0,0.0,,,900.417734,0.0,900.417734,,trending,0.0,{},,170.0,,,,,,,671.31801,0.0,0.0,0.0,671.31801,0.0,0.0,0.0,5e-06,0.0,1.0,0.0,,
2024-03-12 10:00:00,4009.09,4011.3,3992.7,4007.52,10912.2356,0.000375,81,0.0,0.0,trending,,900.417734,0.0,0.0,,,900.417734,0.0,900.417734,,trending,0.0,{},,171.0,,,,,,,671.31801,0.0,0.0,0.0,671.31801,0.0,0.0,0.0,7e-06,0.0,1.0,0.0,,
2024-03-12 11:00:00,4007.53,4065.0,4005.43,4020.83,25631.3058,0.000375,81,0.0,0.0,trending,,900.417734,0.0,0.0,,,900.417734,0.0,900.417734,,trending,0.0,{},,172.0,,,,,,,671.31801,0.0,0.0,0.0,671.31801,0.0,0.0,0.0,-9e-06,0.0,1.0,0.0,,
2024-03-12 12:00:00,4020.84,4049.81,3977.16,4022.14,40688.3432,0.000375,81,0.0,0.0,trending,,900.417734,0.0,0.0,,,900.417734,0.0,900.417734,,trending,0.0,{},,173.0,,,,,,,671.31801,0.0,0.0,0.0,671.31801,0.0,0.0,0.0,-1.1e-05,0.0,1.0,0.0,,
2024-03-12 13:00:00,4022.14,4037.52,3999.0,4024.59,23341.347,0.000375,81,0.0,0.0,trending,,900.417734,0.0,0.0,,,900.417734,0.0,900.417734,,trending,0.0,{},,174.0,,,,,,,671.31801,0.0,0.0,0.0,671.31801,0.0,0.0,0.0,-1.4e-05,0.0,1.0,0.0,,
2024-03-12 14:00:00,4024.6,4053.8,3978.94,3979.81,52364.3476,0.000375,81,0.0,0.0,trending,,900.417734,0.0,0.0,,,900.417734,0.0,900.417734,,trending,0.0,{},,175.0,,,,,,,671.31801,0.0,0.0,0.0,671.31801,0.0,0.0,0.0,3.5e-05,0.0,1.0,0.0,,
2024-03-12 15:00:00,3979.81,4005.85,3950.0,3988.46,30582.1813,0.000375,81,0.0,0.0,trending,,900.417734,0.0,0.0,,,900.417734,0.0,900.417734,,trending,0.0,{},,176.0,,,,,,,671.31801,0.0,0.0,0.0,671.31801,0.0,0.0,0.0,2.3e-05,0.0,1.0,0.0,,
2024-03-12 16:00:00,3988.46,3991.62,3900.0,3921.81,48241.1825,0.000483,81,-20.0,0.0,trending,,900.417734,0.0,-2.0,True,True,898.616899,-2.004008,900.417734,,trending,-20.0,{},,177.0,ETHUSDT,2024-03-12 16:00:00,ETHUSDT,3921.81,0.459185,SHORT,671.31801,0.0,0.0,0.0,671.31801,0.0,0.0,0.0,5.2e-05,-20.052192,1.0,-20.052192,True,True
2024-03-12 17:00:00,3921.81,3950.64,3828.98,3950.56,76502.592,0.000483,81,0.0,0.0,trending,,885.415336,-2.048798,2.048798,True,True,883.599483,0.0,885.415336,,trending,20.0,{},,178.0,ETHUSDT,2024-03-12 17:00:00,ETHUSDT,3950.56,-0.459185,CLOSE,671.31801,0.0,0.0,0.0,671.31801,0.0,0.0,0.0,2.7e-05,0.0,1.0,0.0,True,True
2024-03-12 18:00:00,3950.56,3973.46,3932.22,3970.36,34755.2791,0.000483,81,0.0,0.0,trending,,883.599483,0.0,0.0,,,883.599483,0.0,883.599483,,trending,0.0,{},,179.0,,,,,,,671.31801,0.0,0.0,0.0,671.31801,0.0,0.0,0.0,1.5e-05,0.0,1.0,0.0,,
2024-03-12 19:00:00,3970.37,3991.0,3956.46,3980.23,39521.7182,0.000483,81,0.0,0.0,trending,,883.599483,0.0,0.0,,,883.599483,0.0,883.599483,,trending,0.0,{},,180.0,,,,,,,671.31801,0.0,0.0,0.0,671.31801,0.0,0.0,0.0,9e-06,0.0,1.0,0.0,,
2024-03-12 20:00:00,3980.23,3980.56,3927.18,3949.11,16231.176,0.000483,81,0.0,0.0,trending,,883.599483,0.0,0.0,,,883.599483,0.0,883.599483,,trending,0.0,{},,181.0,,,,,,,671.31801,0.0,0.0,0.0,671.31801,0.0,0.0,0.0,2.2e-05,0.0,1.0,0.0,,
2024-03-12 21:00:00,3949.12,3952.94,3930.0,3940.86,9671.3737,0.000483,81,0.0,0.0,trending,,883.599483,0.0,0.0,,,883.599483,0.0,883.599483,,trending,0.0,{},,182.0,,,,,,,671.31801,0.0,0.0,0.0,671.31801,0.0,0.0,0.0,2.4e-05,0.0,1.0,0.0,,
2024-03-12 22:00:00,3940.87,3957.8,3933.81,3949.79,15801.7671,0.000483,81,0.0,0.0,trending,,883.599483,0.0,0.0,,,883.599483,0.0,883.599483,,trending,0.0,{},,183.0,,,,,,,671.31801,0.0,0.0,0.0,671.31801,0.0,0.0,0.0,1.9e-05,0.0,1.0,0.0,,
2024-03-12 23:00:00,3949.79,3980.54,3939.95,3979.96,16868.7132,0.000483,81,0.0,0.0,trending,,883.599483,0.0,0.0,,,883.599483,0.0,883.599483,,trending,0.0,{},,184.0,,,,,,,671.31801,0.0,0.0,0.0,671.31801,0.0,0.0,0.0,3e-06,0.0,1.0,0.0,,
2024-03-13 00:00:00,3979.97,3999.77,3973.53,3977.43,14178.5563,0.00047,81,0.0,0.0,trending,,883.599483,0.0,0.0,,,883.599483,0.0,883.599483,,trending,0.0,{},,185.0,,,,,,,671.31801,0.0,0.0,0.0,671.31801,0.0,0.0,0.0,5e-06,0.0,1.0,0.0,,
2024-03-13 01:00:00,3977.43,4029.69,3975.4,4021.4,23571.6463,0.00047,81,0.0,0.0,trending,,883.599483,0.0,0.0,,,883.599483,0.0,883.599483,,trending,0.0,{},,186.0,,,,,,,671.31801,0.0,0.0,0.0,671.31801,0.0,0.0,0.0,-1.8e-05,0.0,1.0,0.0,,
2024-03-13 02:00:00,4021.4,4037.0,4012.84,4032.61,14597.2493,0.00047,81,0.0,0.0,trending,,883.599483,0.0,0.0,,,883.599483,0.0,883.599483,,trending,0.0,{},,187.0,,,,,,,671.31801,0.0,0.0,0.0,671.31801,0.0,0.0,0.0,-2.3e-05,0.0,1.0,0.0,,
2024-03-13 03:00:00,4032.61,4045.86,4025.1,4043.78,12627.5129,0.00047,81,0.0,0.0,trending,,883.599483,0.0,0.0,,,883.599483,0.0,883.599483,,trending,0.0,{},,188.0,,,,,,,671.31801,0.0,0.0,0.0,671.31801,0.0,0.0,0.0,-2.8e-05,0.0,1.0,0.0,,
2024-03-13 04:00:00,4043.78,4045.0,4029.1,4043.0,13260.3685,0.00047,81,0.0,0.0,trending,,883.599483,0.0,0.0,,,883.599483,0.0,883.599483,,trending,0.0,{},,189.0,,,,,,,671.31801,0.0,0.0,0.0,671.31801,0.0,0.0,0.0,-2.7e-05,0.0,1.0,0.0,,
2024-03-13 05:00:00,4043.0,4043.15,4029.6,4037.04,9106.913,0.00047,81,0.0,0.0,trending,,883.599483,0.0,0.0,,,883.599483,0.0,883.599483,,trending,0.0,{},,190.0,,,,,,,671.31801,0.0,0.0,0.0,671.31801,0.0,0.0,0.0,-2.3e-05,0.0,1.0,0.0,,
2024-03-13 06:00:00,4037.04,4054.73,4033.7,4048.27,18363.8289,0.00047,81,0.0,0.0,trending,,883.599483,0.0,0.0,,,883.599483,0.0,883.599483,,trending,0.0,{},,191.0,,,,,,,671.31801,0.0,0.0,0.0,671.31801,0.0,0.0,0.0,-2.8e-05,0.0,1.0,0.0,,
2024-03-13 07:00:00,4048.26,4078.38,4033.6,4038.36,29387.0543,0.00047,81,0.0,0.0,trending,,883.599483,0.0,0.0,,,883.599483,0.0,883.599483,,trending,0.0,{},,192.0,,,,,,,671.31801,0.0,0.0,0.0,671.31801,0.0,0.0,0.0,-2e-05,0.0,1.0,0.0,,
2024-03-13 08:00:00,4038.36,4083.0,4038.09,4063.75,28861.6652,0.00047,81,0.0,0.0,trending,,883.599483,0.0,0.0,,,883.599483,0.0,883.599483,,trending,0.0,{},,193.0,,,,,,,671.31801,0.0,0.0,0.0,671.31801,0.0,0.0,0.0,-3.1e-05,0.0,1.0,0.0,,
2024-03-13 09:00:00,4063.76,4066.67,4044.0,4049.77,15659.9824,0.000601,81,0.0,0.0,trending,,883.599483,0.0,0.0,,,883.599483,0.0,883.599483,,trending,0.0,{},,194.0,,,,,,,671.31801,0.0,0.0,0.0,671.31801,0.0,0.0,0.0,-2.1e-05,0.0,1.0,0.0,,
2024-03-13 10:00:00,4049.78,4057.34,4042.98,4055.89,15381.4723,0.000601,81,0.0,0.0,trending,,883.599483,0.0,0.0,,,883.599483,0.0,883.599483,,trending,0.0,{},,195.0,,,,,,,671.31801,0.0,0.0,0.0,671.31801,0.0,0.0,0.0,-2.3e-05,0.0,1.0,0.0,,
2024-03-13 11:00:00,4055.88,4060.21,4045.4,4048.9,11597.8707,0.000601,81,0.0,0.0,trending,,883.599483,0.0,0.0,,,883.599483,0.0,883.599483,,trending,0.0,{},,196.0,,,,,,,671.31801,0.0,0.0,0.0,671.31801,0.0,0.0,0.0,-1.8e-05,0.0,1.0,0.0,,
2024-03-13 12:00:00,4048.91,4053.0,4002.56,4006.37,28548.0448,0.000601,81,0.0,0.0,trending,,883.599483,0.0,0.0,,,883.599483,0.0,883.599483,,trending,0.0,{},,197.0,,,,,,,671.31801,0.0,0.0,0.0,671.31801,0.0,0.0,0.0,6e-06,0.0,1.0,0.0,,
2024-03-13 13:00:00,4006.38,4022.6,3932.23,3976.32,47849.1509,0.000601,81,0.0,0.0,trending,,883.599483,0.0,0.0,,,883.599483,0.0,883.599483,,trending,0.0,{},,198.0,,,,,,,671.31801,0.0,0.0,0.0,671.31801,0.0,0.0,0.0,2e-05,0.0,1.0,0.0,,
2024-03-13 14:00:00,3976.27,4000.0,3951.39,3965.81,38323.8661,0.000601,81,0.0,0.0,trending,,883.599483,0.0,0.0,,,883.599483,0.0,883.599483,,trending,0.0,{},,199.0,,,,,,,671.31801,0.0,0.0,0.0,671.31801,0.0,0.0,0.0,2.4e-05,0.0,1.0,0.0,,
2024-03-13 15:00:00,3965.8,3999.94,3948.0,3962.8,33427.2435,0.000601,81,0.0,0.0,trending,,883.599483,0.0,0.0,,,883.599483,0.0,883.599483,,trending,0.0,{},,200.0,,,,,,,671.31801,0.0,0.0,0.0,671.31801,0.0,0.0,0.0,2.5e-05,0.0,1.0,0.0,,
2024-03-13 16:00:00,3962.8,3989.4,3952.23,3983.01,24995.8136,0.000442,81,0.0,0.0,trending,,883.599483,0.0,0.0,,,883.599483,0.0,883.599483,,trending,0.0,{},,201.0,,,,,,,671.31801,0.0,0.0,0.0,671.31801,0.0,0.0,0.0,1.3e-05,0.0,1.0,0.0,,
2024-03-13 17:00:00,3983.02,3995.26,3959.69,3981.01,18351.3212,0.000442,81,0.0,0.0,trending,,883.599483,0.0,0.0,,,883.599483,0.0,883.599483,,trending,0.0,{},,202.0,,,,,,,671.31801,0.0,0.0,0.0,671.31801,0.0,0.0,0.0,1.5e-05,0.0,1.0,0.0,,
2024-03-13 18:00:00,3981.01,4011.06,3973.51,4003.85,15059.7319,0.000442,81,0.0,0.0,trending,,883.599483,0.0,0.0,,,883.599483,0.0,883.599483,,trending,0.0,{},,203.0,,,,,,,671.31801,0.0,0.0,0.0,671.31801,0.0,0.0,0.0,0.0,0.0,1.0,0.0,,
2024-03-13 19:00:00,4003.85,4010.18,3980.0,4000.44,12171.4482,0.000442,81,0.0,0.0,trending,,883.599483,0.0,0.0,,,883.599483,0.0,883.599483,,trending,0.0,{},,204.0,,,,,,,671.31801,0.0,0.0,0.0,671.31801,0.0,0.0,0.0,3e-06,0.0,1.0,0.0,,
2024-03-13 20:00:00,4000.44,4021.0,3974.62,3988.99,22907.146,0.000442,81,0.0,0.0,trending,,883.599483,0.0,0.0,,,883.599483,0.0,883.599483,,trending,0.0,{},,205.0,,,,,,,671.31801,0.0,0.0,0.0,671.31801,0.0,0.0,0.0,1e-05,0.0,1.0,0.0,,
2024-03-13 21:00:00,3988.98,4004.6,3978.43,4004.31,9647.2785,0.000442,81,0.0,0.0,trending,,883.599483,0.0,0.0,,,883.599483,0.0,883.599483,,trending,0.0,{},,206.0,,,,,,,671.31801,0.0,0.0,0.0,671.31801,0.0,0.0,0.0,-1e-06,0.0,1.0,0.0,,
2024-03-13 22:00:00,4004.3,4005.37,3980.33,3983.11,11605.1731,0.000442,81,0.0,0.0,trending,,883.599483,0.0,0.0,,,883.599483,0.0,883.599483,,trending,0.0,{},,207.0,,,,,,,671.31801,0.0,0.0,0.0,671.31801,0.0,0.0,0.0,1.5e-05,0.0,1.0,0.0,,
2024-03-13 23:00:00,3983.1,4011.61,3983.1,4004.79,12825.4387,0.000442,81,0.0,0.0,trending,,883.599483,0.0,0.0,,,883.599483,0.0,883.599483,,trending,0.0,{},,208.0,,,,,,,671.31801,0.0,0.0,0.0,671.31801,0.0,0.0,0.0,-2e-06,0.0,1.0,0.0,,
2024-03-14 00:00:00,4004.79,4010.98,3975.0,3975.08,13536.598,0.000442,88,0.0,0.0,trending,,883.599483,0.0,0.0,,,883.599483,0.0,883.599483,,trending,0.0,{},,209.0,,,,,,,671.31801,0.0,0.0,0.0,671.31801,0.0,0.0,0.0,1.8e-05,0.0,1.0,0.0,,
2024-03-14 01:00:00,3975.09,3987.5,3955.0,3983.89,18420.2329,0.00041,88,0.0,0.0,trending,,883.599483,0.0,0.0,,,883.599483,0.0,883.599483,,trending,0.0,{},,210.0,,,,,,,671.31801,0.0,0.0,0.0,671.31801,0.0,0.0,0.0,1.1e-05,0.0,1.0,0.0,,
2024-03-14 02:00:00,3983.89,4001.76,3980.8,3984.54,12235.3174,0.00041,88,0.0,0.0,trending,,883.599483,0.0,0.0,,,883.599483,0.0,883.599483,,trending,0.0,{},,211.0,,,,,,,671.31801,0.0,0.0,0.0,671.31801,0.0,0.0,0.0,1.1e-05,0.0,1.0,0.0,,
2024-03-14 03:00:00,3984.53,4000.8,3984.53,3993.77,14890.8522,0.00041,88,0.0,0.0,trending,,883.599483,0.0,0.0,,,883.599483,0.0,883.599483,,trending,0.0,{},,212.0,,,,,,,671.31801,0.0,0.0,0.0,671.31801,0.0,0.0,0.0,3e-06,0.0,1.0,0.0,,
2024-03-14 04:00:00,3993.77,4005.69,3940.64,3956.63,20774.249,0.00041,88,0.0,0.0,trending,,883.599483,0.0,0.0,,,883.599483,0.0,883.599483,,trending,0.0,{},,213.0,,,,,,,671.31801,0.0,0.0,0.0,671.31801,0.0,0.0,0.0,2.8e-05,0.0,1.0,0.0,,
2024-03-14 05:00:00,3956.63,3972.83,3941.26,3969.16,14529.6185,0.00041,88,0.0,0.0,trending,,883.599483,0.0,0.0,,,883.599483,0.0,883.599483,,trending,0.0,{},,214.0,,,,,,,671.31801,0.0,0.0,0.0,671.31801,0.0,0.0,0.0,1.8e-05,0.0,1.0,0.0,,
2024-03-14 06:00:00,3969.16,3993.21,3967.4,3980.75,15214.2644,0.00041,88,0.0,0.0,trending,,883.599483,0.0,0.0,,,883.599483,0.0,883.599483,,trending,0.0,{},,215.0,,,,,,,671.31801,0.0,0.0,0.0,671.31801,0.0,0.0,0.0,9e-06,0.0,1.0,0.0,,
2024-03-14 07:00:00,3980.75,3989.94,3959.0,3963.46,13997.51,0.00041,88,0.0,0.0,trending,,883.599483,0.0,0.0,,,883.599483,0.0,883.599483,,trending,0.0,{},,216.0,,,,,,,671.31801,0.0,0.0,0.0,671.31801,0.0,0.0,0.0,2.1e-05,0.0,1.0,0.0,,
2024-03-14 08:00:00,3963.45,3983.41,3962.6,3978.61,12724.3955,0.000504,88,0.0,0.0,trending,,883.599483,0.0,0.0,,,883.599483,0.0,883.599483,,trending,0.0,{},,217.0,,,,,,,671.31801,0.0,0.0,0.0,671.31801,0.0,0.0,0.0,1e-05,0.0,1.0,0.0,,
2024-03-14 09:00:00,3978.6,3997.7,3971.89,3988.2,15645.9446,0.000504,88,0.0,0.0,trending,,883.599483,0.0,0.0,,,883.599483,0.0,883.599483,,trending,0.0,{},,218.0,,,,,,,671.31801,0.0,0.0,0.0,671.31801,0.0,0.0,0.0,1e-06,0.0,1.0,0.0,,
2024-03-14 10:00:00,3988.19,3990.0,3962.4,3968.34,13919.3482,0.000504,88,0.0,0.0,trending,,883.599483,0.0,0.0,,,883.599483,0.0,883.599483,,trending,0.0,{},,219.0,,,,,,,671.31801,0.0,0.0,0.0,671.31801,0.0,0.0,0.0,2.4e-05,0.0,1.0,0.0,,
2024-03-14 11:00:00,3968.34,3969.85,3943.12,3955.04,17499.4798,0.000504,88,-20.0,0.0,trending,,883.599483,0.0,-2.0,True,True,881.832284,-2.004008,883.599483,,trending,-20.0,{},,220.0,ETHUSDT,2024-03-14 11:00:00,ETHUSDT,3955.04,0.446822,SHORT,671.31801,0.0,0.0,0.0,671.31801,0.0,0.0,0.0,4.9e-05,-20.069266,1.0,-20.069266,True,True
2024-03-14 12:00:00,3955.04,3967.4,3911.0,3943.41,24231.1924,0.000504,88,-20.0,0.0,trending,,887.028824,-1.986409,-0.013591,False,,887.028824,-1.986409,887.028824,,trending,0.0,{},,221.0,ETHUSDT,2024-03-14 12:00:00,,,,,671.31801,0.0,0.0,0.0,671.31801,0.0,0.0,0.0,6.1e-05,-24.721939,1.0,-24.721939,True,False
2024-03-14 13:00:00,3943.4,3952.28,3850.0,3878.69,56312.1931,0.000504,88,-20.0,0.0,trending,,915.947146,-1.892122,-0.107878,False,,915.947146,-1.892122,915.947146,,trending,0.0,{},,222.0,ETHUSDT,2024-03-14 13:00:00,,,,,671.31801,0.0,0.0,0.0,671.31801,0.0,0.0,0.0,7.8e-05,-31.223379,1.0,-31.223379,True,False
2024-03-14 14:00:00,3878.68,3930.78,3864.8,3887.2,49884.6418,0.000504,88,-20.0,0.0,trending,,912.14469,-1.904179,-0.095821,False,,912.14469,-1.904179,912.14469,,trending,0.0,{},,223.0,ETHUSDT,2024-03-14 14:00:00,,,,,671.31801,0.0,0.0,0.0,671.31801,0.0,0.0,0.0,5.6e-05,-22.57144,1.0,-22.57144,True,False
2024-03-14 15:00:00,3887.21,3904.0,3820.2,3845.81,49956.2484,0.000504,88,-20.0,0.0,trending,,930.638654,-1.846466,-0.153534,False,,930.638654,-1.846466,930.638654,,trending,0.0,{},,224.0,ETHUSDT,2024-03-14 15:00:00,,,,,671.31801,0.0,0.0,0.0,671.31801,0.0,0.0,0.0,5.7e-05,-22.627302,1.0,-22.627302,True,False
2024-03-14 16:00:00,3845.81,3896.02,3825.07,3892.1,49424.4509,0.000352,88,0.0,0.0,trending,,909.955262,-1.911166,1.911166,True,True,908.214445,0.0,909.955262,,trending,20.0,{},,225.0,ETHUSDT,2024-03-14 16:00:00,ETHUSDT,3892.1,-0.446822,CLOSE,671.31801,0.0,0.0,0.0,671.31801,0.0,0.0,0.0,2.7e-05,0.0,1.0,0.0,True,True
2024-03-14 17:00:00,3892.11,3895.66,3853.45,3874.81,19929.6661,0.000352,88,0.0,0.0,trending,,908.214445,0.0,0.0,,,908.214445,0.0,908.214445,,trending,0.0,{},,226.0,,,,,,,671.31801,0.0,0.0,0.0,671.31801,0.0,0.0,0.0,3e-05,0.0,1.0,0.0,,
2024-03-14 18:00:00,3874.8,3874.81,3760.29,3812.31,46685.5074,0.000352,88,-15.482164,0.0,trending,,908.214445,0.0,-1.548216,True,True,906.808333,-1.550617,908.214445,,trending,-15.482164,{},,227.0,ETHUSDT,2024-03-14 18:00:00,ETHUSDT,3812.31,0.368835,SHORT,671.31801,0.0,0.0,0.0,671.31801,0.0,0.0,0.0,3.9e-05,-15.482164,1.0,-15.482164,True,True
2024-03-14 19:00:00,3812.31,3828.0,3723.0,3785.89,68618.5649,0.000352,88,-15.017187,0.0,trending,,916.552948,-1.523499,0.021781,False,,916.552948,-1.523499,916.552948,,trending,0.464977,{},,228.0,ETHUSDT,2024-03-14 19:00:00,,,,,671.31801,0.0,0.0,0.0,671.31801,0.0,0.0,0.0,3.8e-05,-15.017187,1.0,-15.017187,True,False
2024-03-14 20:00:00,3785.89,3865.0,3780.79,3844.2,38464.8016,0.000352,88,0.0,0.0,trending,,895.046192,-1.584136,1.584136,True,True,893.626898,0.0,895.046192,,trending,15.017187,{},,229.0,ETHUSDT,2024-03-14 20:00:00,ETHUSDT,3844.2,-0.368835,CLOSE,671.31801,0.0,0.0,0.0,671.31801,0.0,0.0,0.0,1.8e-05,0.0,1.0,0.0,True,True
2024-03-14 21:00:00,3844.2,3870.77,3820.86,3865.75,34323.7509,0.000352,88,0.0,0.0,trending,,893.626898,0.0,0.0,,,893.626898,0.0,893.626898,,trending,0.0,{},,230.0,,,,,,,671.31801,0.0,0.0,0.0,671.31801,0.0,0.0,0.0,1.2e-05,0.0,1.0,0.0,,
2024-03-14 22:00:00,3865.75,3890.76,3864.75,3877.61,16244.1348,0.000352,88,0.0,0.0,trending,,893.626898,0.0,0.0,,,893.626898,0.0,893.626898,,trending,0.0,{},,231.0,,,,,,,671.31801,0.0,0.0,0.0,671.31801,0.0,0.0,0.0,9e-06,0.0,1.0,0.0,,
2024-03-14 23:00:00,3877.61,3892.0,3872.76,3881.7,10774.5617,0.000352,88,0.0,0.0,trending,,893.626898,0.0,0.0,,,893.626898,0.0,893.626898,,trending,0.0,{},,232.0,,,,,,,671.31801,0.0,0.0,0.0,671.31801,0.0,0.0,0.0,8e-06,0.0,1.0,0.0,,
2024-03-15 00:00:00,3881.69,3934.02,3870.0,3904.04,24077.0903,0.000403,83,0.0,0.0,trending,,893.626898,0.0,0.0,,,893.626898,0.0,893.626898,,trending,0.0,{},,233.0,,,,,,,671.31801,0.0,0.0,0.0,671.31801,0.0,0.0,0.0,2e-06,0.0,1.0,0.0,,
2024-03-15 01:00:00,3904.03,3909.79,3876.23,3878.83,15920.6636,0.000403,83,0.0,0.0,trending,,893.626898,0.0,0.0,,,893.626898,0.0,893.626898,,trending,0.0,{},,234.0,,,,,,,671.31801,0.0,0.0,0.0,671.31801,0.0,0.0,0.0,9e-06,0.0,1.0,0.0,,
2024-03-15 02:00:00,3878.84,3884.6,3700.0,3747.42,75071.7516,0.000403,83,0.0,0.0,trending,,893.626898,0.0,0.0,,,893.626898,0.0,893.626898,,trending,0.0,{},,235.0,,,,,,,671.31801,0.0,0.0,0.0,671.31801,0.0,0.0,0.0,2.9e-05,0.0,1.0,0.0,,
2024-03-15 03:00:00,3747.41,3770.37,3623.0,3722.2,93857.4838,0.000403,83,0.0,0.0,trending,,893.626898,0.0,0.0,,,893.626898,0.0,893.626898,,trending,0.0,{},,236.0,,,,,,,671.31801,0.0,0.0,0.0,671.31801,0.0,0.0,0.0,2.9e-05,0.0,1.0,0.0,,
2024-03-15 04:00:00,3722.2,3735.0,3656.49,3672.64,76809.5289,0.000403,83,0.0,0.0,trending,,893.626898,0.0,0.0,,,893.626898,0.0,893.626898,,trending,0.0,{},,237.0,,,,,,,671.31801,0.0,0.0,0.0,671.31801,0.0,0.0,0.0,3e-05,0.0,1.0,0.0,,
2024-03-15 05:00:00,3672.64,3727.66,3661.86,3674.21,40431.1324,0.000403,83,0.0,0.0,trending,,893.626898,0.0,0.0,,,893.626898,0.0,893.626898,,trending,0.0,{},,238.0,,,,,,,671.31801,0.0,0.0,0.0,671.31801,0.0,0.0,0.0,2.7e-05,0.0,1.0,0.0,,
2024-03-15 06:00:00,3674.21,3752.22,3673.8,3749.83,33603.6368,0.000403,83,0.0,0.0,trending,,893.626898,0.0,0.0,,,893.626898,0.0,893.626898,,trending,0.0,{},,239.0,,,,,,,671.31801,0.0,0.0,0.0,671.31801,0.0,0.0,0.0,1.3e-05,0.0,1.0,0.0,,
2024-03-15 07:00:00,3749.82,3779.92,3731.0,3754.12,24134.0876,0.000403,83,0.0,0.0,trending,,893.626898,0.0,0.0,,,893.626898,0.0,893.626898,,trending,0.0,{},,240.0,,,,,,,671.31801,0.0,0.0,0.0,671.31801,0.0,0.0,0.0,1.3e-05,0.0,1.0,0.0,,
2024-03-15 08:00:00,3754.12,3761.65,3658.2,3661.73,49540.9172,0.000232,83,0.0,0.0,trending,,893.626898,0.0,0.0,,,893.626898,0.0,893.626898,,trending,0.0,{},,241.0,,,,,,,671.31801,0.0,0.0,0.0,671.31801,0.0,0.0,0.0,2.1e-05,0.0,1.0,0.0,,
2024-03-15 09:00:00,3661.72,3698.4,3570.0,3682.91,97515.895,0.000232,83,0.0,0.0,trending,,893.626898,0.0,0.0,,,893.626898,0.0,893.626898,,trending,0.0,{},,242.0,,,,,,,671.31801,0.0,0.0,0.0,671.31801,0.0,0.0,0.0,1.7e-05,0.0,1.0,0.0,,
2024-03-15 10:00:00,3682.91,3695.73,3648.61,3659.05,37727.2506,0.000232,83,0.0,0.0,trending,,893.626898,0.0,0.0,,,893.626898,0.0,893.626898,,trending,0.0,{},,243.0,,,,,,,671.31801,0.0,0.0,0.0,671.31801,0.0,0.0,0.0,1.9e-05,0.0,1.0,0.0,,
2024-03-15 11:00:00,3659.04,3698.0,3621.86,3689.33,46479.7906,0.000232,83,0.0,0.0,trending,,893.626898,0.0,0.0,,,893.626898,0.0,893.626898,,trending,0.0,{},,244.0,,,,,,,671.31801,0.0,0.0,0.0,671.31801,0.0,0.0,0.0,1.5e-05,0.0,1.0,0.0,,
2024-03-15 12:00:00,3689.33,3708.19,3671.17,3697.33,28148.0269,0.000232,83,0.0,0.0,trending,,893.626898,0.0,0.0,,,893.626898,0.0,893.626898,,trending,0.0,{},,245.0,,,,,,,671.31801,0.0,0.0,0.0,671.31801,0.0,0.0,0.0,1.4e-05,0.0,1.0,0.0,,
2024-03-15 13:00:00,3697.32,3742.0,3670.77,3723.4,36065.7651,0.000232,83,0.0,0.0,trending,,893.626898,0.0,0.0,,,893.626898,0.0,893.626898,,trending,0.0,{},,246.0,,,,,,,671.31801,0.0,0.0,0.0,671.31801,0.0,0.0,0.0,9e-06,0.0,1.0,0.0,,
2024-03-15 14:00:00,3723.41,3731.41,3687.22,3720.8,28086.805,0.000232,83,0.0,0.0,trending,,893.626898,0.0,0.0,,,893.626898,0.0,893.626898,,trending,0.0,{},,247.0,,,,,,,671.31801,0.0,0.0,0.0,671.31801,0.0,0.0,0.0,1e-05,0.0,1.0,0.0,,
2024-03-15 15:00:00,3720.8,3725.8,3684.84,3688.9,24260.9216,0.000232,83,0.0,0.0,trending,,893.626898,0.0,0.0,,,893.626898,0.0,893.626898,,trending,0.0,{},,248.0,,,,,,,671.31801,0.0,0.0,0.0,671.31801,0.0,0.0,0.0,1.4e-05,0.0,1.0,0.0,,
2024-03-15 16:00:00,3688.89,3716.1,3659.01,3683.89,29195.0949,0.000336,83,0.0,0.0,trending,,893.626898,0.0,0.0,,,893.626898,0.0,893.626898,,trending,0.0,{},,249.0,,,,,,,671.31801,0.0,0.0,0.0,671.31801,0.0,0.0,0.0,1.5e-05,0.0,1.0,0.0,,
2024-03-15 17:00:00,3683.93,3698.42,3663.4,3694.75,18336.37,0.000336,83,0.0,0.0,trending,,893.626898,0.0,0.0,,,893.626898,0.0,893.626898,,trending,0.0,{},,250.0,,,,,,,671.31801,0.0,0.0,0.0,671.31801,0.0,0.0,0.0,1.3e-05,0.0,1.0,0.0,,
2024-03-15 18:00:00,3694.74,3789.16,3691.79,3787.57,31119.6808,0.000336,83,0.0,0.0,trending,,893.626898,0.0,0.0,,,893.626898,0.0,893.626898,,trending,0.0,{},,251.0,,,,,,,671.31801,0.0,0.0,0.0,671.31801,0.0,0.0,0.0,-4e-06,0.0,1.0,0.0,,
2024-03-15 19:00:00,3787.58,3806.62,3675.09,3689.54,49532.7198,0.000336,83,0.0,0.0,trending,,893.626898,0.0,0.0,,,893.626898,0.0,893.626898,,trending,0.0,{},,252.0,,,,,,,671.31801,0.0,0.0,0.0,671.31801,0.0,0.0,0.0,1e-05,0.0,1.0,0.0,,
2024-03-15 20:00:00,3689.53,3690.0,3606.65,3629.65,43256.1957,0.000336,83,0.0,0.0,trending,,893.626898,0.0,0.0,,,893.626898,0.0,893.626898,,trending,0.0,{},,253.0,,,,,,,671.31801,0.0,0.0,0.0,671.31801,0.0,0.0,0.0,1.6e-05,0.0,1.0,0.0,,
2024-03-15 21:00:00,3629.66,3671.35,3626.8,3669.65,14807.8778,0.000336,83,0.0,0.0,trending,,893.626898,0.0,0.0,,,893.626898,0.0,893.626898,,trending,0.0,{},,254.0,,,,,,,671.31801,0.0,0.0,0.0,671.31801,0.0,0.0,0.0,1.1e-05,0.0,1.0,0.0,,
2024-03-15 22:00:00,3669.65,3734.44,3666.51,3729.8,14873.5775,0.000336,83,0.0,0.0,trending,,893.626898,0.0,0.0,,,893.626898,0.0,893.626898,,trending,0.0,{},,255.0,,,,,,,671.31801,0.0,0.0,0.0,671.31801,0.0,0.0,0.0,2e-06,0.0,1.0,0.0,,
2024-03-15 23:00:00,3729.79,3749.93,3711.82,3742.19,14685.1436,0.000336,83,0.0,0.0,trending,,893.626898,0.0,0.0,,,893.626898,0.0,893.626898,,trending,0.0,{},,256.0,,,,,,,671.31801,0.0,0.0,0.0,671.31801,0.0,0.0,0.0,0.0,0.0,1.0,0.0,,
2024-03-16 00:00:00,3742.19,3774.89,3736.15,3759.73,26113.4728,0.000189,81,0.0,0.0,trending,,893.626898,0.0,0.0,,,893.626898,0.0,893.626898,,trending,0.0,{},,257.0,,,,,,,671.31801,0.0,0.0,0.0,671.31801,0.0,0.0,0.0,-3e-06,0.0,1.0,0.0,,
2024-03-16 01:00:00,3759.74,3781.12,3737.33,3743.2,24856.623,0.000189,81,0.0,0.0,trending,,893.626898,0.0,0.0,,,893.626898,0.0,893.626898,,trending,0.0,{},,258.0,,,,,,,671.31801,0.0,0.0,0.0,671.31801,0.0,0.0,0.0,0.0,0.0,1.0,0.0,,
2024-03-16 02:00:00,3743.2,3745.0,3725.87,3731.41,12209.2938,0.000189,81,0.0,0.0,trending,,893.626898,0.0,0.0,,,893.626898,0.0,893.626898,,trending,0.0,{},,259.0,,,,,,,671.31801,0.0,0.0,0.0,671.31801,0.0,0.0,0.0,4e-06,0.0,1.0,0.0,,
2024-03-16 03:00:00,3731.41,3749.31,3722.41,3735.52,10183.9065,0.000189,81,0.0,0.0,trending,,893.626898,0.0,0.0,,,893.626898,0.0,893.626898,,trending,0.0,{},,260.0,,,,,,,671.31801,0.0,0.0,0.0,671.31801,0.0,0.0,0.0,3e-06,0.0,1.0,0.0,,
2024-03-16 04:00:00,3735.52,3743.6,3714.15,3725.41,10510.508,0.000189,81,0.0,0.0,trending,,893.626898,0.0,0.0,,,893.626898,0.0,893.626898,,trending,0.0,{},,261.0,,,,,,,671.31801,0.0,0.0,0.0,671.31801,0.0,0.0,0.0,6e-06,0.0,1.0,0.0,,
2024-03-16 05:00:00,3725.41,3728.2,3690.18,3714.0,14128.3675,0.000189,81,0.0,0.0,trending,,893.626898,0.0,0.0,,,893.626898,0.0,893.626898,,trending,0.0,{},,262.0,,,,,,,671.31801,0.0,0.0,0.0,671.31801,0.0,0.0,0.0,1e-05,0.0,1.0,0.0,,
2024-03-16 06:00:00,3714.01,3728.97,3705.25,3725.34,11051.978,0.000189,81,0.0,0.0,trending,,893.626898,0.0,0.0,,,893.626898,0.0,893.626898,,trending,0.0,{},,263.0,,,,,,,671.31801,0.0,0.0,0.0,671.31801,0.0,0.0,0.0,6e-06,0.0,1.0,0.0,,
2024-03-16 07:00:00,3725.33,3741.35,3719.2,3740.19,14528.1142,0.000189,81,0.0,0.0,trending,,893.626898,0.0,0.0,,,893.626898,0.0,893.626898,,trending,0.0,{},,264.0,,,,,,,671.31801,0.0,0.0,0.0,671.31801,0.0,0.0,0.0,-1e-06,0.0,1.0,0.0,,
2024-03-16 08:00:00,3740.2,3741.1,3713.34,3718.24,14611.8053,0.000275,81,0.0,0.0,trending,,893.626898,0.0,0.0,,,893.626898,0.0,893.626898,,trending,0.0,{},,265.0,,,,,,,671.31801,0.0,0.0,0.0,671.31801,0.0,0.0,0.0,9e-06,0.0,1.0,0.0,,
2024-03-16 09:00:00,3718.25,3731.8,3712.28,3719.47,9960.7263,0.000275,81,0.0,0.0,trending,,893.626898,0.0,0.0,,,893.626898,0.0,893.626898,,trending,0.0,{},,266.0,,,,,,,671.31801,0.0,0.0,0.0,671.31801,0.0,0.0,0.0,8e-06,0.0,1.0,0.0,,
2024-03-16 10:00:00,3719.47,3722.74,3698.11,3701.97,14352.2268,0.000275,81,0.0,0.0,trending,,893.626898,0.0,0.0,,,893.626898,0.0,893.626898,,trending,0.0,{},,267.0,,,,,,,671.31801,0.0,0.0,0.0,671.31801,0.0,0.0,0.0,1.7e-05,0.0,1.0,0.0,,
2024-03-16 11:00:00,3701.97,3708.2,3661.83,3692.29,23088.2729,0.000275,81,0.0,0.0,trending,,893.626898,0.0,0.0,,,893.626898,0.0,893.626898,,trending,0.0,{},,268.0,,,,,,,671.31801,0.0,0.0,0.0,671.31801,0.0,0.0,0.0,2.2e-05,0.0,1.0,0.0,,
2024-03-16 12:00:00,3692.29,3711.37,3664.15,3665.39,22867.1544,0.000275,81,0.0,0.0,trending,,893.626898,0.0,0.0,,,893.626898,0.0,893.626898,,trending,0.0,{},,269.0,,,,,,,671.31801,0.0,0.0,0.0,671.31801,0.0,0.0,0.0,3.3e-05,0.0,1.0,0.0,,
2024-03-16 13:00:00,3665.39,3684.6,3646.03,3646.41,27831.7025,0.000275,81,-16.039239,0.0,trending,,893.626898,0.0,-1.603924,True,True,892.193588,-1.606501,893.626898,,trending,-16.039239,{},,270.0,ETHUSDT,2024-03-16 13:00:00,ETHUSDT,3646.41,0.393074,SHORT,671.31801,0.0,0.0,0.0,671.31801,0.0,0.0,0.0,3.8e-05,-16.039239,1.0,-16.039239,True,True
2024-03-16 14:00:00,3646.41,3666.55,3637.73,3665.01,23933.4548,0.000275,81,0.0,0.0,trending,,884.882409,-1.628036,1.628036,True,True,883.440346,0.0,884.882409,,trending,16.039239,{},,271.0,ETHUSDT,2024-03-16 14:00:00,ETHUSDT,3665.01,-0.393074,CLOSE,671.31801,0.0,0.0,0.0,671.31801,0.0,0.0,0.0,2.6e-05,0.0,1.0,0.0,True,True
2024-03-16 15:00:00,3665.01,3684.01,3647.66,3679.55,18309.7648,0.000275,81,0.0,0.0,trending,,883.440346,0.0,0.0,,,883.440346,0.0,883.440346,,trending,0.0,{},,272.0,,,,,,,671.31801,0.0,0.0,0.0,671.31801,0.0,0.0,0.0,1.8e-05,0.0,1.0,0.0,,
2024-03-16 16:00:00,3679.54,3679.88,3656.86,3664.56,12788.504,0.000289,81,0.0,0.0,trending,,883.440346,0.0,0.0,,,883.440346,0.0,883.440346,,trending,0.0,{},,273.0,,,,,,,671.31801,0.0,0.0,0.0,671.31801,0.0,0.0,0.0,2.4e-05,0.0,1.0,0.0,,
2024-03-16 17:00:00,3664.55,3672.01,3626.39,3632.38,28228.0626,0.000289,81,0.0,0.0,trending,,883.440346,0.0,0.0,,,883.440346,0.0,883.440346,,trending,0.0,{},,274.0,,,,,,,671.31801,0.0,0.0,0.0,671.31801,0.0,0.0,0.0,3.4e-05,0.0,1.0,0.0,,
2024-03-16 18:00:00,3632.39,3638.14,3570.0,3595.61,54524.4934,0.000289,81,-18.316522,0.0,trending,,883.440346,0.0,-1.831652,True,True,881.82219,-1.835013,883.440346,,trending,-18.316522,{},,275.0,ETHUSDT,2024-03-16 18:00:00,ETHUSDT,3595.61,0.450036,SHORT,671.31801,0.0,0.0,0.0,671.31801,0.0,0.0,0.0,4.4e-05,-18.316522,1.0,-18.316522,True,True
2024-03-16 19:00:00,3595.6,3638.01,3592.0,3600.6,27229.3184,0.000289,81,-15.538161,0.0,trending,,879.576509,-1.842252,0.288435,True,True,879.322554,-1.554265,879.576509,,trending,2.778361,{},,276.0,ETHUSDT,2024-03-16 19:00:00,ETHUSDT,3600.6,0.070461,REDUCE_SHORT,671.31801,0.0,0.0,0.0,671.31801,0.0,0.0,0.0,3.7e-05,-15.538161,1.0,-15.538161,True,True
2024-03-16 20:00:00,3600.6,3633.8,3578.25,3619.4,22105.4248,0.000289,81,0.0,0.0,trending,,872.186531,-1.575163,1.575163,True,True,870.81132,0.0,872.186531,,trending,15.538161,{},,277.0,ETHUSDT,2024-03-16 20:00:00,ETHUSDT,3619.4,-0.379576,CLOSE,671.31801,0.0,0.0,0.0,671.31801,0.0,0.0,0.0,2.7e-05,0.0,1.0,0.0,True,True
2024-03-16 21:00:00,3619.4,3628.78,3541.18,3556.39,37084.6512,0.000289,81,-15.924239,0.0,trending,,870.81132,0.0,-1.592424,True,True,869.424619,-1.594964,870.81132,,trending,-15.924239,{},,278.0,ETHUSDT,2024-03-16 21:00:00,ETHUSDT,3556.39,0.389918,SHORT,671.31801,0.0,0.0,0.0,671.31801,0.0,0.0,0.0,3.8e-05,-15.924239,1.0,-15.924239,True,True
2024-03-16 22:00:00,3556.39,3581.7,3523.68,3557.99,28960.167,0.000289,81,0.0,0.0,trending,,868.80075,-1.596827,1.596827,True,True,867.412037,0.0,868.80075,,trending,15.924239,{},,279.0,ETHUSDT,2024-03-16 22:00:00,ETHUSDT,3557.99,-0.389918,CLOSE,671.31801,0.0,0.0,0.0,671.31801,0.0,0.0,0.0,3.4e-05,0.0,1.0,0.0,True,True
2024-03-16 23:00:00,3557.99,3557.99,3468.8,3523.09,58830.1639,0.000289,81,-15.336521,0.0,trending,,867.412037,0.0,-1.533652,True,True,866.081728,-1.536008,867.412037,,trending,-15.336521,{},,280.0,ETHUSDT,2024-03-16 23:00:00,ETHUSDT,3523.09,0.377597,SHORT,671.31801,0.0,0.0,0.0,671.31801,0.0,0.0,0.0,3.7e-05,-15.336521,1.0,-15.336521,True,True
2024-03-17 00:00:00,3523.09,3568.03,3504.95,3508.84,34525.3185,0.000134,79,-15.128803,0.0,trending,,871.462486,-1.520349,0.007469,False,,871.462486,-1.520349,871.462486,,trending,0.207718,{},,281.0,ETHUSDT,2024-03-17 00:00:00,,,,,671.31801,0.0,0.0,0.0,671.31801,0.0,0.0,0.0,3.6e-05,-15.128803,1.0,-15.128803,True,False
2024-03-17 01:00:00,3508.84,3559.68,3508.83,3558.59,27197.2504,0.000134,79,0.0,0.0,trending,,852.677034,-1.575876,1.575876,True,True,851.331976,0.0,852.677034,,trending,15.128803,{},,282.0,ETHUSDT,2024-03-17 01:00:00,ETHUSDT,3558.59,-0.377597,CLOSE,671.31801,0.0,0.0,0.0,671.31801,0.0,0.0,0.0,1.9e-05,0.0,1.0,0.0,True,True
2024-03-17 02:00:00,3558.59,3582.4,3552.76,3571.6,17743.1363,0.000134,79,0.0,0.0,trending,,851.331976,0.0,0.0,,,851.331976,0.0,851.331976,,trending,0.0,{},,283.0,,,,,,,671.31801,0.0,0.0,0.0,671.31801,0.0,0.0,0.0,1.6e-05,0.0,1.0,0.0,,
2024-03-17 03:00:00,3571.6,3574.18,3555.35,3571.5,10918.474,0.000134,79,0.0,0.0,trending,,851.331976,0.0,0.0,,,851.331976,0.0,851.331976,,trending,0.0,{},,284.0,,,,,,,671.31801,0.0,0.0,0.0,671.31801,0.0,0.0,0.0,1.6e-05,0.0,1.0,0.0,,
2024-03-17 04:00:00,3571.49,3572.51,3550.53,3558.94,7760.0809,0.000134,79,0.0,0.0,trending,,851.331976,0.0,0.0,,,851.331976,0.0,851.331976,,trending,0.0,{},,285.0,,,,,,,671.31801,0.0,0.0,0.0,671.31801,0.0,0.0,0.0,1.9e-05,0.0,1.0,0.0,,
2024-03-17 05:00:00,3558.95,3569.23,3536.0,3545.78,11363.0718,0.000134,79,0.0,0.0,trending,,851.331976,0.0,0.0,,,851.331976,0.0,851.331976,,trending,0.0,{},,286.0,,,,,,,671.31801,0.0,0.0,0.0,671.31801,0.0,0.0,0.0,2.2e-05,0.0,1.0,0.0,,
2024-03-17 06:00:00,3545.78,3550.27,3441.87,3444.07,37932.7267,0.000134,79,0.0,0.0,trending,,851.331976,0.0,0.0,,,851.331976,0.0,851.331976,,trending,0.0,{},,287.0,,,,,,,671.31801,0.0,0.0,0.0,671.31801,0.0,0.0,0.0,3.5e-05,0.0,1.0,0.0,,
2024-03-17 07:00:00,3444.07,3481.7,3412.0,3472.72,57064.9934,0.000134,79,0.0,0.0,trending,,851.331976,0.0,0.0,,,851.331976,0.0,851.331976,,trending,0.0,{},,288.0,,,,,,,671.31801,0.0,0.0,0.0,671.31801,0.0,0.0,0.0,2.7e-05,0.0,1.0,0.0,,
2024-03-17 08:00:00,3472.72,3575.0,3460.01,3556.61,42767.7616,0.000118,79,0.0,0.0,trending,,851.331976,0.0,0.0,,,851.331976,0.0,851.331976,,trending,0.0,{},,289.0,,,,,,,671.31801,0.0,0.0,0.0,671.31801,0.0,0.0,0.0,7e-06,0.0,1.0,0.0,,
2024-03-17 09:00:00,3556.6,3574.69,3545.0,3555.6,20229.9071,0.000118,79,0.0,0.0,trending,,851.331976,0.0,0.0,,,851.331976,0.0,851.331976,,trending,0.0,{},,290.0,,,,,,,671.31801,0.0,0.0,0.0,671.31801,0.0,0.0,0.0,8e-06,0.0,1.0,0.0,,
2024-03-17 10:00:00,3555.6,3605.57,3555.6,3596.4,28080.1686,0.000118,79,0.0,0.0,trending,,851.331976,0.0,0.0,,,851.331976,0.0,851.331976,,trending,0.0,{},,291.0,,,,,,,671.31801,0.0,0.0,0.0,671.31801,0.0,0.0,0.0,-1e-06,0.0,1.0,0.0,,
2024-03-17 11:00:00,3596.39,3606.41,3573.91,3578.99,16406.1448,0.000118,79,0.0,0.0,trending,,851.331976,0.0,0.0,,,851.331976,0.0,851.331976,,trending,0.0,{},,292.0,,,,,,,671.31801,0.0,0.0,0.0,671.31801,0.0,0.0,0.0,3e-06,0.0,1.0,0.0,,
2024-03-17 12:00:00,3578.99,3601.8,3528.36,3540.31,25224.9702,0.000118,79,0.0,0.0,trending,,851.331976,0.0,0.0,,,851.331976,0.0,851.331976,,trending,0.0,{},,293.0,,,,,,,671.31801,0.0,0.0,0.0,671.31801,0.0,0.0,0.0,1.2e-05,0.0,1.0,0.0,,
2024-03-17 13:00:00,3540.31,3584.06,3539.98,3574.97,21224.315,0.000118,79,0.0,0.0,trending,,851.331976,0.0,0.0,,,851.331976,0.0,851.331976,,trending,0.0,{},,294.0,,,,,,,671.31801,0.0,0.0,0.0,671.31801,0.0,0.0,0.0,3e-06,0.0,1.0,0.0,,
2024-03-17 14:00:00,3574.96,3601.34,3560.05,3599.05,18788.1709,0.000118,79,0.0,0.0,trending,,851.331976,0.0,0.0,,,851.331976,0.0,851.331976,,trending,0.0,{},,295.0,,,,,,,671.31801,0.0,0.0,0.0,671.31801,0.0,0.0,0.0,-3e-06,0.0,1.0,0.0,,
2024-03-17 15:00:00,3599.04,3647.15,3580.52,3628.42,29932.303,0.000118,79,0.0,0.0,trending,,851.331976,0.0,0.0,,,851.331976,0.0,851.331976,,trending,0.0,{},,296.0,,,,,,,671.31801,0.0,0.0,0.0,671.31801,0.0,0.0,0.0,-1.1e-05,0.0,1.0,0.0,,
2024-03-17 16:00:00,3628.42,3636.55,3602.43,3611.36,25020.2433,0.000304,79,0.0,0.0,trending,,851.331976,0.0,0.0,,,851.331976,0.0,851.331976,,trending,0.0,{},,297.0,,,,,,,671.31801,0.0,0.0,0.0,671.31801,0.0,0.0,0.0,-6e-06,0.0,1.0,0.0,,
2024-03-17 17:00:00,3611.36,3649.0,3603.97,3644.62,12812.702,0.000304,79,0.0,0.0,trending,,851.331976,0.0,0.0,,,851.331976,0.0,851.331976,,trending,0.0,{},,298.0,,,,,,,671.31801,0.0,0.0,0.0,671.31801,0.0,0.0,0.0,-1.5e-05,0.0,1.0,0.0,,
2024-03-17 18:00:00,3644.63,3653.72,3623.04,3632.93,15239.6652,0.000304,79,0.0,0.0,trending,,851.331976,0.0,0.0,,,851.331976,0.0,851.331976,,trending,0.0,{},,299.0,,,,,,,671.31801,0.0,0.0,0.0,671.31801,0.0,0.0,0.0,-1.1e-05,0.0,1.0,0.0,,
2024-03-17 19:00:00,3632.93,3656.45,3627.36,3651.18,9307.4079,0.000304,79,0.0,0.0,trending,,851.331976,0.0,0.0,,,851.331976,0.0,851.331976,,trending,0.0,{},,300.0,,,,,,,671.31801,0.0,0.0,0.0,671.31801,0.0,0.0,0.0,-1.5e-05,0.0,1.0,0.0,,
2024-03-17 20:00:00,3651.18,3658.0,3632.0,3634.1,8456.0049,0.000304,79,0.0,0.0,trending,,851.331976,0.0,0.0,,,851.331976,0.0,851.331976,,trending,0.0,{},,301.0,,,,,,,671.31801,0.0,0.0,0.0,671.31801,0.0,0.0,0.0,-9e-06,0.0,1.0,0.0,,
2024-03-17 21:00:00,3634.11,3643.67,3624.19,3639.88,9115.5571,0.000304,79,0.0,0.0,trending,,851.331976,0.0,0.0,,,851.331976,0.0,851.331976,,trending,0.0,{},,302.0,,,,,,,671.31801,0.0,0.0,0.0,671.31801,0.0,0.0,0.0,-1e-05,0.0,1.0,0.0,,
2024-03-17 22:00:00,3639.88,3678.68,3639.41,3645.49,19716.5652,0.000304,79,0.0,0.0,trending,,851.331976,0.0,0.0,,,851.331976,0.0,851.331976,,trending,0.0,{},,303.0,,,,,,,671.31801,0.0,0.0,0.0,671.31801,0.0,0.0,0.0,-1.2e-05,0.0,1.0,0.0,,
2024-03-17 23:00:00,3645.49,3654.99,3630.12,3644.71,10964.0548,0.000304,79,0.0,0.0,trending,,851.331976,0.0,0.0,,,851.331976,0.0,851.331976,,trending,0.0,{},,304.0,,,,,,,671.31801,0.0,0.0,0.0,671.31801,0.0,0.0,0.0,-1.1e-05,0.0,1.0,0.0,,
2024-03-18 00:00:00,3644.7,3645.02,3575.78,3577.8,28262.2309,0.000173,77,0.0,0.0,trending,,851.331976,0.0,0.0,,,851.331976,0.0,851.331976,,trending,0.0,{},,305.0,,,,,,,671.31801,0.0,0.0,0.0,671.31801,0.0,0.0,0.0,1e-05,0.0,1.0,0.0,,
2024-03-18 01:00:00,3577.81,3612.34,3557.31,3601.97,22316.042,0.000173,77,0.0,0.0,trending,,851.331976,0.0,0.0,,,851.331976,0.0,851.331976,,trending,0.0,{},,306.0,,,,,,,671.31801,0.0,0.0,0.0,671.31801,0.0,0.0,0.0,2e-06,0.0,1.0,0.0,,
2024-03-18 02:00:00,3601.98,3627.45,3584.22,3598.07,19022.9414,0.000173,77,0.0,0.0,trending,,851.331976,0.0,0.0,,,851.331976,0.0,851.331976,,trending,0.0,{},,307.0,,,,,,,671.31801,0.0,0.0,0.0,671.31801,0.0,0.0,0.0,4e-06,0.0,1.0,0.0,,
2024-03-18 03:00:00,3598.08,3617.63,3597.0,3600.39,12407.2269,0.000173,77,0.0,0.0,trending,,851.331976,0.0,0.0,,,851.331976,0.0,851.331976,,trending,0.0,{},,308.0,,,,,,,671.31801,0.0,0.0,0.0,671.31801,0.0,0.0,0.0,3e-06,0.0,1.0,0.0,,
2024-03-18 04:00:00,3600.38,3629.98,3576.9,3615.49,19035.4906,0.000173,77,0.0,0.0,trending,,851.331976,0.0,0.0,,,851.331976,0.0,851.331976,,trending,0.0,{},,309.0,,,,,,,671.31801,0.0,0.0,0.0,671.31801,0.0,0.0,0.0,-3e-06,0.0,1.0,0.0,,
2024-03-18 05:00:00,3615.5,3642.52,3604.26,3634.3,15011.9828,0.000173,77,0.0,0.0,trending,,851.331976,0.0,0.0,,,851.331976,0.0,851.331976,,trending,0.0,{},,310.0,,,,,,,671.31801,0.0,0.0,0.0,671.31801,0.0,0.0,0.0,-9e-06,0.0,1.0,0.0,,
2024-03-18 06:00:00,3634.29,3640.97,3623.04,3627.17,10969.8886,0.000173,77,0.0,0.0,trending,,851.331976,0.0,0.0,,,851.331976,0.0,851.331976,,trending,0.0,{},,311.0,,,,,,,671.31801,0.0,0.0,0.0,671.31801,0.0,0.0,0.0,-8e-06,0.0,1.0,0.0,,
2024-03-18 07:00:00,3627.17,3635.74,3612.99,3626.65,20453.5277,0.000173,77,0.0,0.0,trending,,851.331976,0.0,0.0,,,851.331976,0.0,851.331976,,trending,0.0,{},,312.0,,,,,,,671.31801,0.0,0.0,0.0,671.31801,0.0,0.0,0.0,-1e-05,0.0,1.0,0.0,,
2024-03-18 08:00:00,3626.65,3627.0,3562.2,3597.95,32711.4397,0.000264,77,0.0,0.0,trending,,851.331976,0.0,0.0,,,851.331976,0.0,851.331976,,trending,0.0,{},,313.0,,,,,,,671.31801,0.0,0.0,0.0,671.31801,0.0,0.0,0.0,1e-05,0.0,1.0,0.0,,
2024-03-18 09:00:00,3597.95,3601.32,3555.26,3562.95,28764.0685,0.000264,77,0.0,0.0,trending,,851.331976,0.0,0.0,,,851.331976,0.0,851.331976,,trending,0.0,{},,314.0,,,,,,,671.31801,0.0,0.0,0.0,671.31801,0.0,0.0,0.0,3.2e-05,0.0,1.0,0.0,,
2024-03-18 10:00:00,3562.94,3593.0,3548.99,3591.78,24011.8917,0.000264,77,0.0,0.0,trending,,851.331976,0.0,0.0,,,851.331976,0.0,851.331976,,trending,0.0,{},,315.0,,,,,,,671.31801,0.0,0.0,0.0,671.31801,0.0,0.0,0.0,1e-05,0.0,1.0,0.0,,
2024-03-18 11:00:00,3591.79,3615.0,3583.79,3597.82,18669.3505,0.000264,77,0.0,0.0,trending,,851.331976,0.0,0.0,,,851.331976,0.0,851.331976,,trending,0.0,{},,316.0,,,,,,,671.31801,0.0,0.0,0.0,671.31801,0.0,0.0,0.0,6e-06,0.0,1.0,0.0,,
2024-03-18 12:00:00,3597.83,3613.41,3577.78,3598.19,23835.1205,0.000264,77,0.0,0.0,trending,,851.331976,0.0,0.0,,,851.331976,0.0,851.331976,,trending,0.0,{},,317.0,,,,,,,671.31801,0.0,0.0,0.0,671.31801,0.0,0.0,0.0,7e-06,0.0,1.0,0.0,,
2024-03-18 13:00:00,3598.2,3600.0,3526.54,3546.11,38765.4976,0.000264,77,-18.10347,0.0,trending,,851.331976,0.0,-1.810347,True,True,849.79077,-1.81363,851.331976,,trending,-18.10347,{},,318.0,ETHUSDT,2024-03-18 13:00:00,ETHUSDT,3546.11,0.434619,SHORT,671.31801,0.0,0.0,0.0,671.31801,0.0,0.0,0.0,4.1e-05,-18.10347,1.0,-18.10347,True,True
2024-03-18 14:00:00,3546.12,3563.99,3489.56,3513.4,41234.961,0.000264,77,-20.0,0.0,trending,,864.007153,-1.767335,-0.232665,True,True,863.806128,-2.000465,864.007153,,trending,-1.89653,{},,319.0,ETHUSDT,2024-03-18 14:00:00,ETHUSDT,3513.4,0.057216,SHORT,671.31801,0.0,0.0,0.0,671.31801,0.0,0.0,0.0,4.8e-05,-20.84524,1.0,-20.84524,True,True
2024-03-18 15:00:00,3513.4,3529.09,3486.0,3525.18,30876.7296,0.000264,77,-15.343686,0.0,trending,,858.012308,-2.020726,0.486358,True,True,857.594589,-1.535116,858.012308,,trending,4.656314,{},,320.0,ETHUSDT,2024-03-18 15:00:00,ETHUSDT,3525.18,0.118377,REDUCE_SHORT,671.31801,0.0,0.0,0.0,671.31801,0.0,0.0,0.0,3.5e-05,-15.343686,1.0,-15.343686,True,True
2024-03-18 16:00:00,3525.17,3563.86,3493.43,3501.2,27808.3675,0.000264,77,-16.968324,0.0,trending,,866.550115,-1.508916,-0.187916,False,,866.550115,-1.508916,866.550115,,trending,-1.624638,{},,321.0,ETHUSDT,2024-03-18 16:00:00,,,,,671.31801,0.0,0.0,0.0,671.31801,0.0,0.0,0.0,3.9e-05,-16.968324,1.0,-16.968324,True,False
2024-03-18 17:00:00,3501.2,3516.66,3454.09,3508.17,38400.7117,0.000296,77,0.0,0.0,trending,,863.947112,-1.516475,1.516475,True,True,862.635646,0.0,863.947112,,trending,16.968324,{},,322.0,ETHUSDT,2024-03-18 17:00:00,ETHUSDT,3508.17,-0.373458,CLOSE,671.31801,0.0,0.0,0.0,671.31801,0.0,0.0,0.0,3.3e-05,0.0,1.0,0.0,True,True
2024-03-18 18:00:00,3508.18,3516.24,3472.51,3477.3,32741.9702,0.000296,77,-16.610154,0.0,trending,,862.635646,0.0,-1.661015,True,True,861.202795,-1.663779,862.635646,,trending,-16.610154,{},,323.0,ETHUSDT,2024-03-18 18:00:00,ETHUSDT,3477.3,0.412059,SHORT,671.31801,0.0,0.0,0.0,671.31801,0.0,0.0,0.0,3.8e-05,-16.610154,1.0,-16.610154,True,True
2024-03-18 19:00:00,3477.3,3508.4,3465.0,3478.89,30969.6576,0.000296,77,-15.366786,0.0,trending,,860.547622,-1.665807,0.129128,False,,860.547622,-1.665807,860.547622,,trending,1.243368,{},,324.0,ETHUSDT,2024-03-18 19:00:00,,,,,671.31801,0.0,0.0,0.0,671.31801,0.0,0.0,0.0,3.6e-05,-15.366786,1.0,-15.366786,True,False
2024-03-18 20:00:00,3478.88,3510.71,3478.88,3508.53,11956.1008,0.000296,77,0.0,0.0,trending,,848.334207,-1.704186,1.704186,True,True,846.887041,0.0,848.334207,,trending,15.366786,{},,325.0,ETHUSDT,2024-03-18 20:00:00,ETHUSDT,3508.53,-0.412059,CLOSE,671.31801,0.0,0.0,0.0,671.31801,0.0,0.0,0.0,2e-05,0.0,1.0,0.0,True,True
2024-03-18 21:00:00,3508.54,3548.0,3507.52,3526.59,16846.6246,0.000296,77,0.0,0.0,trending,,846.887041,0.0,0.0,,,846.887041,0.0,846.887041,,trending,0.0,{},,326.0,,,,,,,671.31801,0.0,0.0,0.0,671.31801,0.0,0.0,0.0,1.3e-05,0.0,1.0,0.0,,
2024-03-18 22:00:00,3526.6,3529.0,3502.81,3522.31,14578.2745,0.000296,77,0.0,0.0,trending,,846.887041,0.0,0.0,,,846.887041,0.0,846.887041,,trending,0.0,{},,327.0,,,,,,,671.31801,0.0,0.0,0.0,671.31801,0.0,0.0,0.0,1.5e-05,0.0,1.0,0.0,,
2024-03-18 23:00:00,3522.32,3546.26,3516.12,3520.46,11251.1882,0.000296,77,0.0,0.0,trending,,846.887041,0.0,0.0,,,846.887041,0.0,846.887041,,trending,0.0,{},,328.0,,,,,,,671.31801,0.0,0.0,0.0,671.31801,0.0,0.0,0.0,1.6e-05,0.0,1.0,0.0,,
2024-03-19 00:00:00,3520.47,3548.09,3449.6,3457.19,33464.4389,0.000281,79,0.0,0.0,trending,,846.887041,0.0,0.0,,,846.887041,0.0,846.887041,,trending,0.0,{},,329.0,,,,,,,671.31801,0.0,0.0,0.0,671.31801,0.0,0.0,0.0,3.5e-05,0.0,1.0,0.0,,
2024-03-19 01:00:00,3457.19,3461.99,3380.0,3391.76,77118.8269,0.000281,79,-18.415623,0.0,trending,,846.887041,0.0,-1.841562,True,True,845.327445,-1.84496,846.887041,,trending,-18.415623,{},,330.0,ETHUSDT,2024-03-19 01:00:00,ETHUSDT,3391.76,0.459819,SHORT,671.31801,0.0,0.0,0.0,671.31801,0.0,0.0,0.0,4.3e-05,-18.415623,1.0,-18.415623,True,True
2024-03-19 02:00:00,3391.76,3442.65,3388.08,3407.14,41685.2681,0.000281,79,0.0,0.0,trending,,838.255431,-1.868962,1.868962,True,True,836.687196,0.0,838.255431,,trending,18.415623,{},,331.0,ETHUSDT,2024-03-19 02:00:00,ETHUSDT,3407.14,-0.459819,CLOSE,671.31801,0.0,0.0,0.0,671.31801,0.0,0.0,0.0,3.3e-05,0.0,1.0,0.0,True,True
2024-03-19 03:00:00,3407.14,3437.52,3362.15,3419.17,37430.0893,0.000281,79,0.0,0.0,trending,,836.687196,0.0,0.0,,,836.687196,0.0,836.687196,,trending,0.0,{},,332.0,,,,,,,671.31801,0.0,0.0,0.0,671.31801,0.0,0.0,0.0,2.8e-05,0.0,1.0,0.0,,
2024-03-19 04:00:00,3419.18,3427.8,3366.67,3379.07,31979.5572,0.000281,79,0.0,0.0,trending,,836.687196,0.0,0.0,,,836.687196,0.0,836.687196,,trending,0.0,{},,333.0,,,,,,,671.31801,0.0,0.0,0.0,671.31801,0.0,0.0,0.0,3.3e-05,0.0,1.0,0.0,,
2024-03-19 05:00:00,3379.07,3397.4,3353.0,3382.21,38205.316,0.000281,79,0.0,0.0,trending,,836.687196,0.0,0.0,,,836.687196,0.0,836.687196,,trending,0.0,{},,334.0,,,,,,,671.31801,0.0,0.0,0.0,671.31801,0.0,0.0,0.0,3.1e-05,0.0,1.0,0.0,,
2024-03-19 06:00:00,3382.2,3393.07,3347.08,3374.99,28250.5279,0.000281,79,0.0,0.0,trending,,836.687196,0.0,0.0,,,836.687196,0.0,836.687196,,trending,0.0,{},,335.0,,,,,,,671.31801,0.0,0.0,0.0,671.31801,0.0,0.0,0.0,3.2e-05,0.0,1.0,0.0,,
2024-03-19 07:00:00,3375.0,3375.0,3306.1,3360.14,47785.5536,0.000281,79,0.0,0.0,trending,,836.687196,0.0,0.0,,,836.687196,0.0,836.687196,,trending,0.0,{},,336.0,,,,,,,671.31801,0.0,0.0,0.0,671.31801,0.0,0.0,0.0,3.4e-05,0.0,1.0,0.0,,
2024-03-19 08:00:00,3360.14,3360.16,3228.0,3241.76,85606.8207,0.000233,79,-18.251735,0.0,trending,,836.687196,0.0,-1.825173,True,True,835.160096,-1.828511,836.687196,,trending,-18.251735,{},,337.0,ETHUSDT,2024-03-19 08:00:00,ETHUSDT,3241.76,0.471071,SHORT,671.31801,0.0,0.0,0.0,671.31801,0.0,0.0,0.0,4.3e-05,-18.251735,1.0,-18.251735,True,True
2024-03-19 09:00:00,3241.38,3295.94,3206.1,3291.9,72590.8797,0.000233,79,0.0,0.0,trending,,811.540594,-1.910833,1.910833,True,True,809.988323,0.0,811.540594,,trending,18.251735,{},,338.0,ETHUSDT,2024-03-19 09:00:00,ETHUSDT,3291.9,-0.471071,CLOSE,671.31801,0.0,0.0,0.0,671.31801,0.0,0.0,0.0,2.7e-05,0.0,1.0,0.0,True,True
2024-03-19 10:00:00,3291.89,3292.05,3210.04,3238.21,52699.7098,0.000233,79,0.0,0.0,trending,,809.988323,0.0,0.0,,,809.988323,0.0,809.988323,,trending,0.0,{},,339.0,,,,,,,671.31801,0.0,0.0,0.0,671.31801,0.0,0.0,0.0,3e-05,0.0,1.0,0.0,,
2024-03-19 11:00:00,3238.21,3281.91,3202.84,3276.51,54512.8038,0.000233,79,0.0,0.0,trending,,809.988323,0.0,0.0,,,809.988323,0.0,809.988323,,trending,0.0,{},,340.0,,,,,,,671.31801,0.0,0.0,0.0,671.31801,0.0,0.0,0.0,2.2e-05,0.0,1.0,0.0,,
2024-03-19 12:00:00,3276.51,3316.73,3253.67,3295.93,48665.1236,0.000233,79,0.0,0.0,trending,,809.988323,0.0,0.0,,,809.988323,0.0,809.988323,,trending,0.0,{},,341.0,,,,,,,671.31801,0.0,0.0,0.0,671.31801,0.0,0.0,0.0,1.8e-05,0.0,1.0,0.0,,
2024-03-19 13:00:00,3295.94,3308.79,3265.01,3292.48,35351.2634,0.000233,79,0.0,0.0,trending,,809.988323,0.0,0.0,,,809.988323,0.0,809.988323,,trending,0.0,{},,342.0,,,,,,,671.31801,0.0,0.0,0.0,671.31801,0.0,0.0,0.0,1.9e-05,0.0,1.0,0.0,,
2024-03-19 14:00:00,3292.48,3292.64,3223.5,3258.94,35895.587,0.000233,79,0.0,0.0,trending,,809.988323,0.0,0.0,,,809.988323,0.0,809.988323,,trending,0.0,{},,343.0,,,,,,,671.31801,0.0,0.0,0.0,671.31801,0.0,0.0,0.0,2.2e-05,0.0,1.0,0.0,,
2024-03-19 15:00:00,3258.93,3325.69,3225.0,3303.16,44557.5688,0.000233,79,0.0,0.0,trending,,809.988323,0.0,0.0,,,809.988323,0.0,809.988323,,trending,0.0,{},,344.0,,,,,,,671.31801,0.0,0.0,0.0,671.31801,0.0,0.0,0.0,1.3e-05,0.0,1.0,0.0,,
2024-03-19 16:00:00,3303.16,3345.0,3289.0,3327.79,43973.6054,0.000233,79,0.0,0.0,trending,,809.988323,0.0,0.0,,,809.988323,0.0,809.988323,,trending,0.0,{},,345.0,,,,,,,671.31801,0.0,0.0,0.0,671.31801,0.0,0.0,0.0,9e-06,0.0,1.0,0.0,,
2024-03-19 17:00:00,3327.79,3357.68,3304.07,3314.29,39635.2901,0.000135,79,0.0,0.0,trending,,809.988323,0.0,0.0,,,809.988323,0.0,809.988323,,trending,0.0,{},,346.0,,,,,,,671.31801,0.0,0.0,0.0,671.31801,0.0,0.0,0.0,1.1e-05,0.0,1.0,0.0,,
2024-03-19 18:00:00,3314.29,3333.04,3280.8,3316.38,26299.606,0.000135,79,0.0,0.0,trending,,809.988323,0.0,0.0,,,809.988323,0.0,809.988323,,trending,0.0,{},,347.0,,,,,,,671.31801,0.0,0.0,0.0,671.31801,0.0,0.0,0.0,1.1e-05,0.0,1.0,0.0,,
2024-03-19 19:00:00,3316.37,3359.8,3305.69,3333.26,19928.9227,0.000135,79,0.0,0.0,trending,,809.988323,0.0,0.0,,,809.988323,0.0,809.988323,,trending,0.0,{},,348.0,,,,,,,671.31801,0.0,0.0,0.0,671.31801,0.0,0.0,0.0,8e-06,0.0,1.0,0.0,,
2024-03-19 20:00:00,3333.27,3338.84,3266.13,3279.28,31993.4047,0.000135,79,0.0,0.0,trending,,809.988323,0.0,0.0,,,809.988323,0.0,809.988323,,trending,0.0,{},,349.0,,,,,,,671.31801,0.0,0.0,0.0,671.31801,0.0,0.0,0.0,1.7e-05,0.0,1.0,0.0,,
2024-03-19 21:00:00,3279.27,3298.9,3253.0,3290.88,21412.8124,0.000135,79,0.0,0.0,trending,,809.988323,0.0,0.0,,,809.988323,0.0,809.988323,,trending,0.0,{},,350.0,,,,,,,671.31801,0.0,0.0,0.0,671.31801,0.0,0.0,0.0,1.5e-05,0.0,1.0,0.0,,
2024-03-19 22:00:00,3290.88,3296.43,3188.47,3211.29,48664.3188,0.000135,79,0.0,0.0,trending,,809.988323,0.0,0.0,,,809.988323,0.0,809.988323,,trending,0.0,{},,351.0,,,,,,,671.31801,0.0,0.0,0.0,671.31801,0.0,0.0,0.0,2.9e-05,0.0,1.0,0.0,,
2024-03-19 23:00:00,3211.28,3218.44,3150.88,3158.64,51922.3988,0.000135,79,-16.396141,0.0,trending,,809.988323,0.0,-1.639614,True,True,808.660255,-1.642307,809.988323,,trending,-16.396141,{},,352.0,ETHUSDT,2024-03-19 23:00:00,ETHUSDT,3158.64,0.420456,SHORT,671.31801,0.0,0.0,0.0,671.31801,0.0,0.0,0.0,3.8e-05,-16.396141,1.0,-16.396141,True,True
2024-03-20 00:00:00,3158.65,3238.9,3156.02,3235.11,45083.4592,0.000161,74,0.0,0.0,trending,,776.508006,-1.751715,1.751715,True,True,775.146424,0.0,776.508006,,trending,16.396141,{},,353.0,ETHUSDT,2024-03-20 00:00:00,ETHUSDT,3235.11,-0.420456,CLOSE,671.31801,0.0,0.0,0.0,671.31801,0.0,0.0,0.0,1.9e-05,0.0,1.0,0.0,True,True
2024-03-20 01:00:00,3235.11,3236.42,3160.22,3175.38,45114.8439,0.000161,74,0.0,0.0,trending,,775.146424,0.0,0.0,,,775.146424,0.0,775.146424,,trending,0.0,{},,354.0,,,,,,,671.31801,0.0,0.0,0.0,671.31801,0.0,0.0,0.0,2.7e-05,0.0,1.0,0.0,,
2024-03-20 02:00:00,3175.37,3228.73,3166.08,3224.32,32194.42,0.000161,74,0.0,0.0,trending,,775.146424,0.0,0.0,,,775.146424,0.0,775.146424,,trending,0.0,{},,355.0,,,,,,,671.31801,0.0,0.0,0.0,671.31801,0.0,0.0,0.0,1.7e-05,0.0,1.0,0.0,,
2024-03-20 03:00:00,3224.33,3266.01,3153.26,3161.02,54292.1298,0.000161,74,0.0,0.0,trending,,775.146424,0.0,0.0,,,775.146424,0.0,775.146424,,trending,0.0,{},,356.0,,,,,,,671.31801,0.0,0.0,0.0,671.31801,0.0,0.0,0.0,2.6e-05,0.0,1.0,0.0,,
2024-03-20 04:00:00,3161.02,3194.24,3099.99,3129.11,74271.8618,0.000161,74,0.0,0.0,trending,,775.146424,0.0,0.0,,,775.146424,0.0,775.146424,,trending,0.0,{},,357.0,,,,,,,671.31801,0.0,0.0,0.0,671.31801,0.0,0.0,0.0,2.9e-05,0.0,1.0,0.0,,
2024-03-20 05:00:00,3129.1,3140.65,3056.56,3109.96,62212.9206,0.000161,74,0.0,0.0,trending,,775.146424,0.0,0.0,,,775.146424,0.0,775.146424,,trending,0.0,{},,358.0,,,,,,,671.31801,0.0,0.0,0.0,671.31801,0.0,0.0,0.0,3e-05,0.0,1.0,0.0,,
2024-03-20 06:00:00,3109.95,3148.38,3108.23,3141.18,26653.5321,0.000161,74,0.0,0.0,trending,,775.146424,0.0,0.0,,,775.146424,0.0,775.146424,,trending,0.0,{},,359.0,,,,,,,671.31801,0.0,0.0,0.0,671.31801,0.0,0.0,0.0,2.3e-05,0.0,1.0,0.0,,
2024-03-20 07:00:00,3141.19,3226.0,3140.34,3218.48,78359.7186,0.000161,74,0.0,0.0,trending,,775.146424,0.0,0.0,,,775.146424,0.0,775.146424,,trending,0.0,{},,360.0,,,,,,,671.31801,0.0,0.0,0.0,671.31801,0.0,0.0,0.0,8e-06,0.0,1.0,0.0,,
2024-03-20 08:00:00,3218.47,3234.19,3205.1,3207.79,38035.9745,0.000161,74,0.0,0.0,trending,,775.146424,0.0,0.0,,,775.146424,0.0,775.146424,,trending,0.0,{},,361.0,,,,,,,671.31801,0.0,0.0,0.0,671.31801,0.0,0.0,0.0,1e-05,0.0,1.0,0.0,,
2024-03-20 09:00:00,3207.78,3246.0,3205.6,3235.18,30285.9571,0.0001,74,0.0,0.0,trending,,775.146424,0.0,0.0,,,775.146424,0.0,775.146424,,trending,0.0,{},,362.0,,,,,,,671.31801,0.0,0.0,0.0,671.31801,0.0,0.0,0.0,4e-06,0.0,1.0,0.0,,
2024-03-20 10:00:00,3235.19,3254.26,3216.6,3231.18,29157.9148,0.0001,74,0.0,0.0,trending,,775.146424,0.0,0.0,,,775.146424,0.0,775.146424,,trending,0.0,{},,363.0,,,,,,,671.31801,0.0,0.0,0.0,671.31801,0.0,0.0,0.0,5e-06,0.0,1.0,0.0,,
2024-03-20 11:00:00,3231.19,3296.72,3225.0,3293.26,39819.464,0.0001,74,0.0,0.0,trending,,775.146424,0.0,0.0,,,775.146424,0.0,775.146424,,trending,0.0,{},,364.0,,,,,,,671.31801,0.0,0.0,0.0,671.31801,0.0,0.0,0.0,-7e-06,0.0,1.0,0.0,,
2024-03-20 12:00:00,3293.26,3357.0,3275.35,3354.75,58154.6622,0.0001,74,0.0,0.0,trending,,775.146424,0.0,0.0,,,775.146424,0.0,775.146424,,trending,0.0,{},,365.0,,,,,,,671.31801,0.0,0.0,0.0,671.31801,0.0,0.0,0.0,-1.5e-05,0.0,1.0,0.0,,
2024-03-20 13:00:00,3354.83,3372.4,3324.21,3346.09,43629.5946,0.0001,74,0.0,0.0,trending,,775.146424,0.0,0.0,,,775.146424,0.0,775.146424,,trending,0.0,{},,366.0,,,,,,,671.31801,0.0,0.0,0.0,671.31801,0.0,0.0,0.0,-1.3e-05,0.0,1.0,0.0,,
2024-03-20 14:00:00,3346.09,3388.0,3329.51,3385.59,39437.5291,0.0001,74,0.0,0.0,trending,,775.146424,0.0,0.0,,,775.146424,0.0,775.146424,,trending,0.0,{},,367.0,,,,,,,671.31801,0.0,0.0,0.0,671.31801,0.0,0.0,0.0,-1.7e-05,0.0,1.0,0.0,,
2024-03-20 15:00:00,3385.59,3397.0,3283.65,3292.55,84846.2819,0.0001,74,0.0,0.0,trending,,775.146424,0.0,0.0,,,775.146424,0.0,775.146424,,trending,0.0,{},,368.0,,,,,,,671.31801,0.0,0.0,0.0,671.31801,0.0,0.0,0.0,-2e-06,0.0,1.0,0.0,,
2024-03-20 16:00:00,3292.54,3315.51,3140.71,3241.21,106595.9857,0.0001,74,0.0,0.0,trending,,775.146424,0.0,0.0,,,775.146424,0.0,775.146424,,trending,0.0,{},,369.0,,,,,,,671.31801,0.0,0.0,0.0,671.31801,0.0,0.0,0.0,5e-06,0.0,1.0,0.0,,
2024-03-20 17:00:00,3241.21,3340.69,3226.53,3299.19,67147.1327,0.0001,74,0.0,0.0,trending,,775.146424,0.0,0.0,,,775.146424,0.0,775.146424,,trending,0.0,{},,370.0,,,,,,,671.31801,0.0,0.0,0.0,671.31801,0.0,0.0,0.0,-3e-06,0.0,1.0,0.0,,
2024-03-20 18:00:00,3299.19,3405.78,3295.42,3397.6,55117.4161,0.0001,74,0.0,0.0,trending,,775.146424,0.0,0.0,,,775.146424,0.0,775.146424,,trending,0.0,{},,371.0,,,,,,,671.31801,0.0,0.0,0.0,671.31801,0.0,0.0,0.0,-1.3e-05,0.0,1.0,0.0,,
2024-03-20 19:00:00,3397.59,3398.28,3354.32,3379.01,35046.3221,0.0001,74,0.0,0.0,trending,,775.146424,0.0,0.0,,,775.146424,0.0,775.146424,,trending,0.0,{},,372.0,,,,,,,671.31801,0.0,0.0,0.0,671.31801,0.0,0.0,0.0,-1e-05,0.0,1.0,0.0,,
2024-03-20 20:00:00,3379.0,3492.56,3370.91,3460.73,54779.5873,0.0001,74,0.0,0.0,trending,,775.146424,0.0,0.0,,,775.146424,0.0,775.146424,,trending,0.0,{},,373.0,,,,,,,671.31801,0.0,0.0,0.0,671.31801,0.0,0.0,0.0,-1.6e-05,0.0,1.0,0.0,,
2024-03-20 21:00:00,3460.74,3518.75,3456.43,3498.53,44515.4912,0.0001,74,0.0,0.0,trending,,775.146424,0.0,0.0,,,775.146424,0.0,775.146424,,trending,0.0,{},,374.0,,,,,,,671.31801,0.0,0.0,0.0,671.31801,0.0,0.0,0.0,-1.6e-05,0.0,1.0,0.0,,
2024-03-20 22:00:00,3498.52,3525.0,3491.49,3520.46,33476.6749,0.0001,74,0.0,0.0,trending,,775.146424,0.0,0.0,,,775.146424,0.0,775.146424,,trending,0.0,{},,375.0,,,,,,,671.31801,0.0,0.0,0.0,671.31801,0.0,0.0,0.0,-1.6e-05,0.0,1.0,0.0,,
2024-03-20 23:00:00,3520.47,3535.24,3503.6,3516.53,29093.9459,0.0001,74,0.0,0.0,trending,,775.146424,0.0,0.0,,,775.146424,0.0,775.146424,,trending,0.0,{},,376.0,,,,,,,671.31801,0.0,0.0,0.0,671.31801,0.0,0.0,0.0,-1.4e-05,0.0,1.0,0.0,,
2024-03-21 00:00:00,3516.53,3550.81,3494.79,3516.36,42694.2558,0.000195,78,0.0,0.0,trending,,775.146424,0.0,0.0,,,775.146424,0.0,775.146424,,trending,0.0,{},,377.0,,,,,,,671.31801,0.0,0.0,0.0,671.31801,0.0,0.0,0.0,-1.4e-05,0.0,1.0,0.0,,
2024-03-21 01:00:00,3516.36,3530.17,3508.64,3526.05,21662.0825,0.000195,78,0.0,0.0,trending,,775.146424,0.0,0.0,,,775.146424,0.0,775.146424,,trending,0.0,{},,378.0,,,,,,,671.31801,0.0,0.0,0.0,671.31801,0.0,0.0,0.0,-1.4e-05,0.0,1.0,0.0,,
2024-03-21 02:00:00,3526.05,3558.99,3526.05,3540.25,19946.9146,0.000195,78,0.0,0.0,trending,,775.146424,0.0,0.0,,,775.146424,0.0,775.146424,,trending,0.0,{},,379.0,,,,,,,671.31801,0.0,0.0,0.0,671.31801,0.0,0.0,0.0,-1.4e-05,0.0,1.0,0.0,,
2024-03-21 03:00:00,3540.24,3555.0,3493.4,3510.59,25499.4897,0.000195,78,0.0,0.0,trending,,775.146424,0.0,0.0,,,775.146424,0.0,775.146424,,trending,0.0,{},,380.0,,,,,,,671.31801,0.0,0.0,0.0,671.31801,0.0,0.0,0.0,-1.1e-05,0.0,1.0,0.0,,
2024-03-21 04:00:00,3510.59,3521.6,3485.94,3494.3,19222.4659,0.000195,78,0.0,0.0,trending,,775.146424,0.0,0.0,,,775.146424,0.0,775.146424,,trending,0.0,{},,381.0,,,,,,,671.31801,0.0,0.0,0.0,671.31801,0.0,0.0,0.0,-9e-06,0.0,1.0,0.0,,
2024-03-21 05:00:00,3494.29,3511.27,3446.47,3510.08,26531.7108,0.000195,78,0.0,0.0,trending,,775.146424,0.0,0.0,,,775.146424,0.0,775.146424,,trending,0.0,{},,382.0,,,,,,,671.31801,0.0,0.0,0.0,671.31801,0.0,0.0,0.0,-1.1e-05,0.0,1.0,0.0,,
2024-03-21 06:00:00,3510.09,3533.57,3502.0,3507.16,20641.1879,0.000195,78,0.0,0.0,trending,,775.146424,0.0,0.0,,,775.146424,0.0,775.146424,,trending,0.0,{},,383.0,,,,,,,671.31801,0.0,0.0,0.0,671.31801,0.0,0.0,0.0,-1.1e-05,0.0,1.0,0.0,,
2024-03-21 07:00:00,3507.16,3537.2,3502.05,3516.03,23570.1519,0.000195,78,0.0,0.0,trending,,775.146424,0.0,0.0,,,775.146424,0.0,775.146424,,trending,0.0,{},,384.0,,,,,,,671.31801,0.0,0.0,0.0,671.31801,0.0,0.0,0.0,-1.3e-05,0.0,1.0,0.0,,
2024-03-21 08:00:00,3516.04,3585.76,3516.03,3569.46,30416.0353,0.000138,78,0.0,0.0,trending,,775.146424,0.0,0.0,,,775.146424,0.0,775.146424,,trending,0.0,{},,385.0,,,,,,,671.31801,0.0,0.0,0.0,671.31801,0.0,0.0,0.0,-1.7e-05,0.0,1.0,0.0,,
2024-03-21 09:00:00,3569.45,3587.32,3523.77,3536.96,29376.6606,0.000138,78,0.0,0.0,trending,,775.146424,0.0,0.0,,,775.146424,0.0,775.146424,,trending,0.0,{},,386.0,,,,,,,671.31801,0.0,0.0,0.0,671.31801,0.0,0.0,0.0,-1.3e-05,0.0,1.0,0.0,,
2024-03-21 10:00:00,3536.96,3550.0,3525.55,3541.98,17616.1582,0.000138,78,0.0,0.0,trending,,775.146424,0.0,0.0,,,775.146424,0.0,775.146424,,trending,0.0,{},,387.0,,,,,,,671.31801,0.0,0.0,0.0,671.31801,0.0,0.0,0.0,-1.5e-05,0.0,1.0,0.0,,
2024-03-21 11:00:00,3541.98,3549.8,3520.14,3531.18,17435.9901,0.000138,78,0.0,0.0,trending,,775.146424,0.0,0.0,,,775.146424,0.0,775.146424,,trending,0.0,{},,388.0,,,,,,,671.31801,0.0,0.0,0.0,671.31801,0.0,0.0,0.0,-1.3e-05,0.0,1.0,0.0,,
2024-03-21 12:00:00,3531.18,3565.73,3523.44,3541.6,17847.5428,0.000138,78,0.0,0.0,trending,,775.146424,0.0,0.0,,,775.146424,0.0,775.146424,,trending,0.0,{},,389.0,,,,,,,671.31801,0.0,0.0,0.0,671.31801,0.0,0.0,0.0,-1.5e-05,0.0,1.0,0.0,,
2024-03-21 13:00:00,3541.6,3574.41,3515.01,3519.85,33580.9229,0.000138,78,0.0,0.0,trending,,775.146424,0.0,0.0,,,775.146424,0.0,775.146424,,trending,0.0,{},,390.0,,,,,,,671.31801,0.0,0.0,0.0,671.31801,0.0,0.0,0.0,-1e-05,0.0,1.0,0.0,,
2024-03-21 14:00:00,3519.84,3564.84,3511.0,3529.52,20372.7314,0.000138,78,0.0,0.0,trending,,775.146424,0.0,0.0,,,775.146424,0.0,775.146424,,trending,0.0,{},,391.0,,,,,,,671.31801,0.0,0.0,0.0,671.31801,0.0,0.0,0.0,-1.2e-05,0.0,1.0,0.0,,
2024-03-21 15:00:00,3529.53,3533.2,3478.73,3497.6,32167.2224,0.000138,78,0.0,0.0,trending,,775.146424,0.0,0.0,,,775.146424,0.0,775.146424,,trending,0.0,{},,392.0,,,,,,,671.31801,0.0,0.0,0.0,671.31801,0.0,0.0,0.0,-6e-06,0.0,1.0,0.0,,
2024-03-21 16:00:00,3497.59,3530.41,3484.94,3528.56,20023.4558,0.000177,78,0.0,0.0,trending,,775.146424,0.0,0.0,,,775.146424,0.0,775.146424,,trending,0.0,{},,393.0,,,,,,,671.31801,0.0,0.0,0.0,671.31801,0.0,0.0,0.0,-1.5e-05,0.0,1.0,0.0,,
2024-03-21 17:00:00,3528.56,3545.99,3462.1,3472.99,32550.4428,0.000177,78,0.0,0.0,trending,,775.146424,0.0,0.0,,,775.146424,0.0,775.146424,,trending,0.0,{},,394.0,,,,,,,671.31801,0.0,0.0,0.0,671.31801,0.0,0.0,0.0,1e-06,0.0,1.0,0.0,,
2024-03-21 18:00:00,3473.0,3481.14,3412.22,3421.71,36285.4092,0.000177,78,0.0,0.0,trending,,775.146424,0.0,0.0,,,775.146424,0.0,775.146424,,trending,0.0,{},,395.0,,,,,,,671.31801,0.0,0.0,0.0,671.31801,0.0,0.0,0.0,1.8e-05,0.0,1.0,0.0,,
2024-03-21 19:00:00,3421.72,3452.43,3416.94,3441.38,42820.1937,0.000177,78,0.0,0.0,trending,,775.146424,0.0,0.0,,,775.146424,0.0,775.146424,,trending,0.0,{},,396.0,,,,,,,671.31801,0.0,0.0,0.0,671.31801,0.0,0.0,0.0,1.3e-05,0.0,1.0,0.0,,
2024-03-21 20:00:00,3441.37,3500.0,3412.0,3484.27,31690.3376,0.000177,78,0.0,0.0,trending,,775.146424,0.0,0.0,,,775.146424,0.0,775.146424,,trending,0.0,{},,397.0,,,,,,,671.31801,0.0,0.0,0.0,671.31801,0.0,0.0,0.0,-7e-06,0.0,1.0,0.0,,
2024-03-21 21:00:00,3484.26,3507.36,3468.36,3503.75,13538.5968,0.000177,78,0.0,0.0,trending,,775.146424,0.0,0.0,,,775.146424,0.0,775.146424,,trending,0.0,{},,398.0,,,,,,,671.31801,0.0,0.0,0.0,671.31801,0.0,0.0,0.0,-1.5e-05,0.0,1.0,0.0,,
2024-03-21 22:00:00,3503.74,3521.91,3482.68,3483.2,17815.729,0.000177,78,0.0,0.0,trending,,775.146424,0.0,0.0,,,775.146424,0.0,775.146424,,trending,0.0,{},,399.0,,,,,,,671.31801,0.0,0.0,0.0,671.31801,0.0,0.0,0.0,-5e-06,0.0,1.0,0.0,,
2024-03-21 23:00:00,3483.19,3500.0,3480.6,3492.85,9449.5195,0.000177,78,0.0,0.0,trending,,775.146424,0.0,0.0,,,775.146424,0.0,775.146424,,trending,0.0,{},,400.0,,,,,,,671.31801,0.0,0.0,0.0,671.31801,0.0,0.0,0.0,-9e-06,0.0,1.0,0.0,,
2024-03-22 00:00:00,3492.84,3519.8,3472.95,3495.32,16934.4776,0.000228,75,0.0,0.0,trending,,775.146424,0.0,0.0,,,775.146424,0.0,775.146424,,trending,0.0,{},,401.0,,,,,,,671.31801,0.0,0.0,0.0,671.31801,0.0,0.0,0.0,-1e-05,0.0,1.0,0.0,,
2024-03-22 01:00:00,3495.33,3511.38,3460.0,3463.21,13058.0327,0.000228,75,0.0,0.0,trending,,775.146424,0.0,0.0,,,775.146424,0.0,775.146424,,trending,0.0,{},,402.0,,,,,,,671.31801,0.0,0.0,0.0,671.31801,0.0,0.0,0.0,6e-06,0.0,1.0,0.0,,
2024-03-22 02:00:00,3463.22,3481.5,3454.01,3478.02,11915.0798,0.000228,75,0.0,0.0,trending,,775.146424,0.0,0.0,,,775.146424,0.0,775.146424,,trending,0.0,{},,403.0,,,,,,,671.31801,0.0,0.0,0.0,671.31801,0.0,0.0,0.0,-1e-06,0.0,1.0,0.0,,
2024-03-22 03:00:00,3478.01,3527.61,3475.86,3522.01,19181.2661,0.000228,75,0.0,0.0,trending,,775.146424,0.0,0.0,,,775.146424,0.0,775.146424,,trending,0.0,{},,404.0,,,,,,,671.31801,0.0,0.0,0.0,671.31801,0.0,0.0,0.0,-2.1e-05,0.0,1.0,0.0,,
2024-03-22 04:00:00,3522.0,3527.0,3502.0,3511.12,15461.4059,0.000228,75,0.0,0.0,trending,,775.146424,0.0,0.0,,,775.146424,0.0,775.146424,,trending,0.0,{},,405.0,,,,,,,671.31801,0.0,0.0,0.0,671.31801,0.0,0.0,0.0,-1.6e-05,0.0,1.0,0.0,,
2024-03-22 05:00:00,3511.13,3533.49,3500.63,3531.81,12465.4113,0.000228,75,0.0,0.0,trending,,775.146424,0.0,0.0,,,775.146424,0.0,775.146424,,trending,0.0,{},,406.0,,,,,,,671.31801,0.0,0.0,0.0,671.31801,0.0,0.0,0.0,-2.4e-05,0.0,1.0,0.0,,
2024-03-22 06:00:00,3531.8,3542.52,3521.27,3532.18,13019.4179,0.000228,75,0.0,0.0,trending,,775.146424,0.0,0.0,,,775.146424,0.0,775.146424,,trending,0.0,{},,407.0,,,,,,,671.31801,0.0,0.0,0.0,671.31801,0.0,0.0,0.0,-2.4e-05,0.0,1.0,0.0,,
2024-03-22 07:00:00,3532.19,3533.0,3509.45,3511.4,17255.0638,0.000228,75,0.0,0.0,trending,,775.146424,0.0,0.0,,,775.146424,0.0,775.146424,,trending,0.0,{},,408.0,,,,,,,671.31801,0.0,0.0,0.0,671.31801,0.0,0.0,0.0,-1.2e-05,0.0,1.0,0.0,,
2024-03-22 08:00:00,3511.39,3523.8,3476.6,3483.0,15835.7278,0.000233,75,0.0,0.0,trending,,775.146424,0.0,0.0,,,775.146424,0.0,775.146424,,trending,0.0,{},,409.0,,,,,,,671.31801,0.0,0.0,0.0,671.31801,0.0,0.0,0.0,4e-06,0.0,1.0,0.0,,
2024-03-22 09:00:00,3483.0,3494.04,3455.71,3466.49,15995.6257,0.000233,75,0.0,0.0,trending,,775.146424,0.0,0.0,,,775.146424,0.0,775.146424,,trending,0.0,{},,410.0,,,,,,,671.31801,0.0,0.0,0.0,671.31801,0.0,0.0,0.0,1.3e-05,0.0,1.0,0.0,,
2024-03-22 10:00:00,3466.5,3473.0,3428.0,3433.01,18959.8804,0.000233,75,0.0,0.0,trending,,775.146424,0.0,0.0,,,775.146424,0.0,775.146424,,trending,0.0,{},,411.0,,,,,,,671.31801,0.0,0.0,0.0,671.31801,0.0,0.0,0.0,2.9e-05,0.0,1.0,0.0,,
2024-03-22 11:00:00,3433.01,3442.0,3394.42,3405.19,17907.0001,0.000233,75,-16.808617,0.0,trending,,775.146424,0.0,-1.680862,True,True,773.84351,-1.683692,775.146424,,trending,-16.808617,{},,412.0,ETHUSDT,2024-03-22 11:00:00,ETHUSDT,3405.19,0.382626,SHORT,671.31801,0.0,0.0,0.0,671.31801,0.0,0.0,0.0,3.7e-05,-16.808617,1.0,-16.808617,True,True
2024-03-22 12:00:00,3405.18,3425.84,3381.18,3411.5,20569.8211,0.000233,75,0.0,0.0,trending,,771.42914,-1.692091,1.692091,True,True,770.122505,0.0,771.42914,,trending,16.808617,{},,413.0,ETHUSDT,2024-03-22 12:00:00,ETHUSDT,3411.5,-0.382626,CLOSE,671.31801,0.0,0.0,0.0,671.31801,0.0,0.0,0.0,3.2e-05,0.0,1.0,0.0,True,True
2024-03-22 13:00:00,3411.51,3419.5,3330.0,3340.35,41082.7254,0.000233,75,-20.0,0.0,trending,,770.122505,0.0,-2.0,True,True,768.58226,-2.004008,770.122505,,trending,-20.0,{},,414.0,ETHUSDT,2024-03-22 13:00:00,ETHUSDT,3340.35,0.461103,SHORT,671.31801,0.0,0.0,0.0,671.31801,0.0,0.0,0.0,4.6e-05,-20.608264,1.0,-20.608264,True,True
2024-03-22 14:00:00,3340.35,3360.86,3281.0,3287.4,52943.7208,0.000233,75,-20.0,0.0,trending,,792.997658,-1.911518,-0.088482,False,,792.997658,-1.911518,792.997658,,trending,0.0,{},,415.0,ETHUSDT,2024-03-22 14:00:00,,,,,671.31801,0.0,0.0,0.0,671.31801,0.0,0.0,0.0,4.5e-05,-20.530533,1.0,-20.530533,True,False
2024-03-22 15:00:00,3287.4,3377.47,3281.12,3349.31,45799.2118,0.000233,75,0.0,0.0,trending,,764.450778,-2.020243,2.020243,True,True,762.904856,0.0,764.450778,,trending,20.0,{},,416.0,ETHUSDT,2024-03-22 15:00:00,ETHUSDT,3349.31,-0.461103,CLOSE,671.31801,0.0,0.0,0.0,671.31801,0.0,0.0,0.0,2.2e-05,0.0,1.0,0.0,True,True
2024-03-22 16:00:00,3349.3,3349.7,3289.0,3312.79,33687.3549,0.000161,75,0.0,0.0,trending,,762.904856,0.0,0.0,,,762.904856,0.0,762.904856,,trending,0.0,{},,417.0,,,,,,,671.31801,0.0,0.0,0.0,671.31801,0.0,0.0,0.0,2.6e-05,0.0,1.0,0.0,,
2024-03-22 17:00:00,3312.8,3344.41,3312.65,3335.97,19350.7372,0.000161,75,0.0,0.0,trending,,762.904856,0.0,0.0,,,762.904856,0.0,762.904856,,trending,0.0,{},,418.0,,,,,,,671.31801,0.0,0.0,0.0,671.31801,0.0,0.0,0.0,1.9e-05,0.0,1.0,0.0,,
2024-03-22 18:00:00,3335.97,3362.19,3321.16,3342.5,36833.6704,0.000161,75,0.0,0.0,trending,,762.904856,0.0,0.0,,,762.904856,0.0,762.904856,,trending,0.0,{},,419.0,,,,,,,671.31801,0.0,0.0,0.0,671.31801,0.0,0.0,0.0,1.7e-05,0.0,1.0,0.0,,
2024-03-22 19:00:00,3342.49,3358.99,3321.53,3340.46,34077.6015,0.000161,75,0.0,0.0,trending,,762.904856,0.0,0.0,,,762.904856,0.0,762.904856,,trending,0.0,{},,420.0,,,,,,,671.31801,0.0,0.0,0.0,671.31801,0.0,0.0,0.0,1.6e-05,0.0,1.0,0.0,,
2024-03-22 20:00:00,3340.46,3345.59,3305.46,3317.49,27818.932,0.000161,75,0.0,0.0,trending,,762.904856,0.0,0.0,,,762.904856,0.0,762.904856,,trending,0.0,{},,421.0,,,,,,,671.31801,0.0,0.0,0.0,671.31801,0.0,0.0,0.0,2e-05,0.0,1.0,0.0,,
2024-03-22 21:00:00,3317.5,3318.83,3250.0,3294.8,29229.637,0.000161,75,0.0,0.0,trending,,762.904856,0.0,0.0,,,762.904856,0.0,762.904856,,trending,0.0,{},,422.0,,,,,,,671.31801,0.0,0.0,0.0,671.31801,0.0,0.0,0.0,2.2e-05,0.0,1.0,0.0,,
2024-03-22 22:00:00,3294.81,3301.49,3254.42,3287.2,18368.5759,0.000161,75,0.0,0.0,trending,,762.904856,0.0,0.0,,,762.904856,0.0,762.904856,,trending,0.0,{},,423.0,,,,,,,671.31801,0.0,0.0,0.0,671.31801,0.0,0.0,0.0,2.2e-05,0.0,1.0,0.0,,
2024-03-22 23:00:00,3287.2,3336.36,3281.4,3336.35,11098.5109,0.000161,75,0.0,0.0,trending,,762.904856,0.0,0.0,,,762.904856,0.0,762.904856,,trending,0.0,{},,424.0,,,,,,,671.31801,0.0,0.0,0.0,671.31801,0.0,0.0,0.0,1e-05,0.0,1.0,0.0,,
2024-03-23 00:00:00,3336.35,3337.01,3315.51,3319.04,11662.7198,0.000106,73,0.0,0.0,trending,,762.904856,0.0,0.0,,,762.904856,0.0,762.904856,,trending,0.0,{},,425.0,,,,,,,671.31801,0.0,0.0,0.0,671.31801,0.0,0.0,0.0,1.3e-05,0.0,1.0,0.0,,
2024-03-23 01:00:00,3319.05,3353.4,3318.02,3347.26,13738.7311,0.000106,73,0.0,0.0,trending,,762.904856,0.0,0.0,,,762.904856,0.0,762.904856,,trending,0.0,{},,426.0,,,,,,,671.31801,0.0,0.0,0.0,671.31801,0.0,0.0,0.0,7e-06,0.0,1.0,0.0,,
2024-03-23 02:00:00,3347.25,3362.38,3328.09,3338.59,14606.6996,0.000106,73,0.0,0.0,trending,,762.904856,0.0,0.0,,,762.904856,0.0,762.904856,,trending,0.0,{},,427.0,,,,,,,671.31801,0.0,0.0,0.0,671.31801,0.0,0.0,0.0,8e-06,0.0,1.0,0.0,,
2024-03-23 03:00:00,3338.6,3339.5,3270.08,3303.56,18610.1905,0.000106,73,0.0,0.0,trending,,762.904856,0.0,0.0,,,762.904856,0.0,762.904856,,trending,0.0,{},,428.0,,,,,,,671.31801,0.0,0.0,0.0,671.31801,0.0,0.0,0.0,1.5e-05,0.0,1.0,0.0,,
2024-03-23 04:00:00,3303.55,3337.5,3298.6,3327.58,10034.8219,0.000106,73,0.0,0.0,trending,,762.904856,0.0,0.0,,,762.904856,0.0,762.904856,,trending,0.0,{},,429.0,,,,,,,671.31801,0.0,0.0,0.0,671.31801,0.0,0.0,0.0,1e-05,0.0,1.0,0.0,,
2024-03-23 05:00:00,3327.57,3336.8,3315.8,3331.62,6636.1399,0.000106,73,0.0,0.0,trending,,762.904856,0.0,0.0,,,762.904856,0.0,762.904856,,trending,0.0,{},,430.0,,,,,,,671.31801,0.0,0.0,0.0,671.31801,0.0,0.0,0.0,9e-06,0.0,1.0,0.0,,
2024-03-23 06:00:00,3331.62,3347.63,3321.21,3341.83,9173.8598,0.000106,73,0.0,0.0,trending,,762.904856,0.0,0.0,,,762.904856,0.0,762.904856,,trending,0.0,{},,431.0,,,,,,,671.31801,0.0,0.0,0.0,671.31801,0.0,0.0,0.0,7e-06,0.0,1.0,0.0,,
2024-03-23 07:00:00,3341.84,3383.8,3341.5,3365.28,16610.933,0.000106,73,0.0,0.0,trending,,762.904856,0.0,0.0,,,762.904856,0.0,762.904856,,trending,0.0,{},,432.0,,,,,,,671.31801,0.0,0.0,0.0,671.31801,0.0,0.0,0.0,-0.0,0.0,1.0,0.0,,
2024-03-23 08:00:00,3365.28,3377.44,3340.63,3350.79,11825.5731,0.000125,73,0.0,0.0,trending,,762.904856,0.0,0.0,,,762.904856,0.0,762.904856,,trending,0.0,{},,433.0,,,,,,,671.31801,0.0,0.0,0.0,671.31801,0.0,0.0,0.0,6e-06,0.0,1.0,0.0,,
2024-03-23 09:00:00,3350.79,3356.96,3328.34,3354.11,10269.8563,0.000125,73,0.0,0.0,trending,,762.904856,0.0,0.0,,,762.904856,0.0,762.904856,,trending,0.0,{},,434.0,,,,,,,671.31801,0.0,0.0,0.0,671.31801,0.0,0.0,0.0,5e-06,0.0,1.0,0.0,,
2024-03-23 10:00:00,3354.11,3380.57,3336.62,3347.49,13995.1872,0.000125,73,0.0,0.0,trending,,762.904856,0.0,0.0,,,762.904856,0.0,762.904856,,trending,0.0,{},,435.0,,,,,,,671.31801,0.0,0.0,0.0,671.31801,0.0,0.0,0.0,1.1e-05,0.0,1.0,0.0,,
2024-03-23 11:00:00,3347.49,3368.8,3342.43,3364.99,7417.3984,0.000125,73,0.0,0.0,trending,,762.904856,0.0,0.0,,,762.904856,0.0,762.904856,,trending,0.0,{},,436.0,,,,,,,671.31801,0.0,0.0,0.0,671.31801,0.0,0.0,0.0,-2e-06,0.0,1.0,0.0,,
2024-03-23 12:00:00,3364.98,3382.28,3359.5,3369.67,9912.8424,0.000125,73,0.0,0.0,trending,,762.904856,0.0,0.0,,,762.904856,0.0,762.904856,,trending,0.0,{},,437.0,,,,,,,671.31801,0.0,0.0,0.0,671.31801,0.0,0.0,0.0,-7e-06,0.0,1.0,0.0,,
2024-03-23 13:00:00,3369.68,3374.27,3343.41,3365.67,13006.0936,0.000125,73,0.0,0.0,trending,,762.904856,0.0,0.0,,,762.904856,0.0,762.904856,,trending,0.0,{},,438.0,,,,,,,671.31801,0.0,0.0,0.0,671.31801,0.0,0.0,0.0,-3e-06,0.0,1.0,0.0,,
2024-03-23 14:00:00,3365.68,3422.55,3352.71,3415.17,23983.5853,0.000125,73,18.463318,0.0,trending,,762.904856,0.0,1.846332,True,True,761.49628,1.847897,762.904856,,trending,18.463318,{},,439.0,ETHUSDT,2024-03-23 14:00:00,ETHUSDT,3415.17,0.412447,LONG,671.31801,0.0,0.0,0.0,671.31801,0.0,0.0,0.0,-4e-05,18.463318,1.0,18.463318,True,True
2024-03-23 15:00:00,3415.18,3423.03,3383.19,3405.5,22974.8615,0.000125,73,0.0,0.0,trending,,757.511909,1.852357,-1.852357,True,True,756.108727,0.0,757.511909,,trending,-18.463318,{},,440.0,ETHUSDT,2024-03-23 15:00:00,ETHUSDT,3405.5,0.412034,CLOSE,671.31801,0.0,0.0,0.0,671.31801,0.0,0.0,0.0,-2.8e-05,0.0,1.0,0.0,True,True
2024-03-23 16:00:00,3405.49,3435.48,3385.0,3414.64,17664.8503,0.000139,73,0.0,0.0,trending,,756.108727,0.0,0.0,,,756.108727,0.0,756.108727,,trending,0.0,{},,441.0,,,,,,,671.31801,0.0,0.0,0.0,671.31801,0.0,0.0,0.0,-3.1e-05,0.0,1.0,0.0,,
2024-03-23 17:00:00,3414.65,3422.61,3397.25,3403.82,14244.9463,0.000139,73,0.0,0.0,trending,,756.108727,0.0,0.0,,,756.108727,0.0,756.108727,,trending,0.0,{},,442.0,,,,,,,671.31801,0.0,0.0,0.0,671.31801,0.0,0.0,0.0,-2.1e-05,0.0,1.0,0.0,,
2024-03-23 18:00:00,3403.81,3413.39,3396.25,3405.32,6432.1491,0.000139,73,0.0,0.0,trending,,756.108727,0.0,0.0,,,756.108727,0.0,756.108727,,trending,0.0,{},,443.0,,,,,,,671.31801,0.0,0.0,0.0,671.31801,0.0,0.0,0.0,-2.1e-05,0.0,1.0,0.0,,
2024-03-23 19:00:00,3405.31,3411.79,3384.82,3386.12,6736.0895,0.000139,73,0.0,0.0,trending,,756.108727,0.0,0.0,,,756.108727,0.0,756.108727,,trending,0.0,{},,444.0,,,,,,,671.31801,0.0,0.0,0.0,671.31801,0.0,0.0,0.0,-6e-06,0.0,1.0,0.0,,
2024-03-23 20:00:00,3386.11,3394.49,3378.17,3387.0,5628.639,0.000139,73,0.0,0.0,trending,,756.108727,0.0,0.0,,,756.108727,0.0,756.108727,,trending,0.0,{},,445.0,,,,,,,671.31801,0.0,0.0,0.0,671.31801,0.0,0.0,0.0,-7e-06,0.0,1.0,0.0,,
2024-03-23 21:00:00,3387.01,3397.98,3371.77,3388.05,8810.505,0.000139,73,0.0,0.0,trending,,756.108727,0.0,0.0,,,756.108727,0.0,756.108727,,trending,0.0,{},,446.0,,,,,,,671.31801,0.0,0.0,0.0,671.31801,0.0,0.0,0.0,-8e-06,0.0,1.0,0.0,,
2024-03-23 22:00:00,3388.05,3401.6,3374.3,3377.1,29188.9738,0.000139,73,0.0,0.0,trending,,756.108727,0.0,0.0,,,756.108727,0.0,756.108727,,trending,0.0,{},,447.0,,,,,,,671.31801,0.0,0.0,0.0,671.31801,0.0,0.0,0.0,2e-06,0.0,1.0,0.0,,
2024-03-23 23:00:00,3377.1,3379.78,3327.28,3329.53,20510.2984,0.000139,73,-18.461141,0.0,trending,,756.108727,0.0,-1.846114,True,True,754.712864,-1.849529,756.108727,,trending,-18.461141,{},,448.0,ETHUSDT,2024-03-23 23:00:00,ETHUSDT,3329.53,0.419237,SHORT,671.31801,0.0,0.0,0.0,671.31801,0.0,0.0,0.0,4e-05,-18.461141,1.0,-18.461141,True,True
2024-03-24 00:00:00,3329.53,3358.82,3327.44,3357.61,8791.6619,0.000128,74,0.0,0.0,trending,,742.940682,-1.89468,1.89468,True,True,741.531638,0.0,742.940682,,trending,18.461141,{},,449.0,ETHUSDT,2024-03-24 00:00:00,ETHUSDT,3357.61,-0.419237,CLOSE,671.31801,0.0,0.0,0.0,671.31801,0.0,0.0,0.0,1.4e-05,0.0,1.0,0.0,True,True
2024-03-24 01:00:00,3357.61,3368.16,3347.0,3351.28,5799.8622,0.000128,74,0.0,0.0,trending,,741.531638,0.0,0.0,,,741.531638,0.0,741.531638,,trending,0.0,{},,450.0,,,,,,,671.31801,0.0,0.0,0.0,671.31801,0.0,0.0,0.0,1.9e-05,0.0,1.0,0.0,,
2024-03-24 02:00:00,3351.28,3356.7,3338.68,3344.07,8265.2136,0.000128,74,0.0,0.0,trending,,741.531638,0.0,0.0,,,741.531638,0.0,741.531638,,trending,0.0,{},,451.0,,,,,,,671.31801,0.0,0.0,0.0,671.31801,0.0,0.0,0.0,2.5e-05,0.0,1.0,0.0,,
2024-03-24 03:00:00,3344.08,3344.08,3307.0,3307.62,25184.3251,0.000128,74,-20.0,0.0,trending,,741.531638,0.0,-2.0,True,True,740.048574,-2.004008,741.531638,,trending,-20.0,{},,452.0,ETHUSDT,2024-03-24 03:00:00,ETHUSDT,3307.62,0.448378,SHORT,671.31801,0.0,0.0,0.0,671.31801,0.0,0.0,0.0,5.2e-05,-24.425294,1.0,-24.425294,True,True
2024-03-24 04:00:00,3307.63,3325.49,3298.76,3323.4,21576.1099,0.000128,74,-16.520641,0.0,trending,,732.973173,-2.033006,0.380942,True,True,732.693674,-1.652694,732.973173,,trending,3.479359,{},,453.0,ETHUSDT,2024-03-24 04:00:00,ETHUSDT,3323.4,0.084016,REDUCE_SHORT,671.31801,0.0,0.0,0.0,671.31801,0.0,0.0,0.0,3.5e-05,-16.520641,1.0,-16.520641,True,True
2024-03-24 05:00:00,3323.41,3334.82,3316.51,3325.14,5481.8728,0.000128,74,-15.483884,0.0,trending,,732.059685,-1.654992,0.106603,False,,732.059685,-1.654992,732.059685,,trending,1.036757,{},,454.0,ETHUSDT,2024-03-24 05:00:00,,,,,671.31801,0.0,0.0,0.0,671.31801,0.0,0.0,0.0,3.3e-05,-15.483884,1.0,-15.483884,True,False
2024-03-24 06:00:00,3325.13,3335.07,3315.01,3326.48,5778.1502,0.000128,74,0.0,0.0,trending,,731.571441,-1.656764,1.656764,True,True,730.358186,0.0,731.571441,,trending,15.483884,{},,455.0,ETHUSDT,2024-03-24 06:00:00,ETHUSDT,3326.48,-0.364361,CLOSE,671.31801,0.0,0.0,0.0,671.31801,0.0,0.0,0.0,3.1e-05,0.0,1.0,0.0,True,True
2024-03-24 07:00:00,3326.47,3343.07,3316.9,3341.8,6697.7708,0.000128,74,0.0,0.0,trending,,730.358186,0.0,0.0,,,730.358186,0.0,730.358186,,trending,0.0,{},,456.0,,,,,,,671.31801,0.0,0.0,0.0,671.31801,0.0,0.0,0.0,1.4e-05,0.0,1.0,0.0,,
2024-03-24 08:00:00,3341.81,3379.69,3335.5,3377.59,12537.195,0.000179,74,0.0,0.0,trending,,730.358186,0.0,0.0,,,730.358186,0.0,730.358186,,trending,0.0,{},,457.0,,,,,,,671.31801,0.0,0.0,0.0,671.31801,0.0,0.0,0.0,-1.7e-05,0.0,1.0,0.0,,
2024-03-24 09:00:00,3377.59,3378.5,3356.8,3365.08,8262.7638,0.000179,74,0.0,0.0,trending,,730.358186,0.0,0.0,,,730.358186,0.0,730.358186,,trending,0.0,{},,458.0,,,,,,,671.31801,0.0,0.0,0.0,671.31801,0.0,0.0,0.0,-6e-06,0.0,1.0,0.0,,
2024-03-24 10:00:00,3365.07,3392.72,3364.45,3376.11,8383.1483,0.000179,74,0.0,0.0,trending,,730.358186,0.0,0.0,,,730.358186,0.0,730.358186,,trending,0.0,{},,459.0,,,,,,,671.31801,0.0,0.0,0.0,671.31801,0.0,0.0,0.0,-1.5e-05,0.0,1.0,0.0,,
2024-03-24 11:00:00,3376.11,3391.99,3366.34,3387.38,7031.2134,0.000179,74,0.0,0.0,trending,,730.358186,0.0,0.0,,,730.358186,0.0,730.358186,,trending,0.0,{},,460.0,,,,,,,671.31801,0.0,0.0,0.0,671.31801,0.0,0.0,0.0,-2.4e-05,0.0,1.0,0.0,,
2024-03-24 12:00:00,3387.37,3405.0,3376.73,3400.01,10677.1972,0.000179,74,15.420156,0.0,trending,,730.358186,0.0,1.542016,True,True,729.231963,1.542853,730.358186,,trending,15.420156,{},,461.0,ETHUSDT,2024-03-24 12:00:00,ETHUSDT,3400.01,0.331241,LONG,671.31801,0.0,0.0,0.0,671.31801,0.0,0.0,0.0,-3.2e-05,15.420156,1.0,15.420156,True,True
2024-03-24 13:00:00,3400.01,3412.47,3383.01,3386.49,10140.0577,0.000179,74,0.0,0.0,trending,,724.758059,1.546204,-1.546204,True,True,723.637435,0.0,724.758059,,trending,-15.420156,{},,462.0,ETHUSDT,2024-03-24 13:00:00,ETHUSDT,3386.49,0.33091,CLOSE,671.31801,0.0,0.0,0.0,671.31801,0.0,0.0,0.0,-1.9e-05,0.0,1.0,0.0,True,True
2024-03-24 14:00:00,3386.49,3414.46,3384.76,3397.98,8610.4925,0.000179,74,0.0,0.0,trending,,723.637435,0.0,0.0,,,723.637435,0.0,723.637435,,trending,0.0,{},,463.0,,,,,,,671.31801,0.0,0.0,0.0,671.31801,0.0,0.0,0.0,-2.8e-05,0.0,1.0,0.0,,
2024-03-24 15:00:00,3397.98,3406.88,3388.0,3397.51,6837.5711,0.000179,74,0.0,0.0,trending,,723.637435,0.0,0.0,,,723.637435,0.0,723.637435,,trending,0.0,{},,464.0,,,,,,,671.31801,0.0,0.0,0.0,671.31801,0.0,0.0,0.0,-2.8e-05,0.0,1.0,0.0,,
2024-03-24 16:00:00,3397.5,3409.5,3368.43,3369.68,10192.7141,0.000172,74,0.0,0.0,trending,,723.637435,0.0,0.0,,,723.637435,0.0,723.637435,,trending,0.0,{},,465.0,,,,,,,671.31801,0.0,0.0,0.0,671.31801,0.0,0.0,0.0,1e-06,0.0,1.0,0.0,,
2024-03-24 17:00:00,3369.68,3379.8,3333.0,3367.52,23678.9445,0.000172,74,0.0,0.0,trending,,723.637435,0.0,0.0,,,723.637435,0.0,723.637435,,trending,0.0,{},,466.0,,,,,,,671.31801,0.0,0.0,0.0,671.31801,0.0,0.0,0.0,3e-06,0.0,1.0,0.0,,
2024-03-24 18:00:00,3367.53,3396.05,3367.08,3386.49,10488.1831,0.000172,74,0.0,0.0,trending,,723.637435,0.0,0.0,,,723.637435,0.0,723.637435,,trending,0.0,{},,467.0,,,,,,,671.31801,0.0,0.0,0.0,671.31801,0.0,0.0,0.0,-1.7e-05,0.0,1.0,0.0,,
2024-03-24 19:00:00,3386.49,3395.0,3379.5,3382.5,5212.4222,0.000172,74,0.0,0.0,trending,,723.637435,0.0,0.0,,,723.637435,0.0,723.637435,,trending,0.0,{},,468.0,,,,,,,671.31801,0.0,0.0,0.0,671.31801,0.0,0.0,0.0,-1.3e-05,0.0,1.0,0.0,,
2024-03-24 20:00:00,3382.49,3425.45,3375.56,3414.18,14187.912,0.000172,74,19.990133,0.0,trending,,723.637435,0.0,1.999013,True,True,722.190874,2.001014,723.637435,,trending,19.990133,{},,469.0,ETHUSDT,2024-03-24 20:00:00,ETHUSDT,3414.18,0.423692,LONG,671.31801,0.0,0.0,0.0,671.31801,0.0,0.0,0.0,-4.1e-05,19.990133,1.0,19.990133,True,True
2024-03-24 21:00:00,3414.17,3429.62,3406.01,3423.46,10117.0714,0.000172,74,20.0,0.0,trending,,726.118805,1.995599,0.004401,False,,726.118805,1.995599,726.118805,,trending,0.009867,{},,470.0,ETHUSDT,2024-03-24 21:00:00,,,,,671.31801,0.0,0.0,0.0,671.31801,0.0,0.0,0.0,-4.5e-05,22.003207,1.0,22.003207,True,False
2024-03-24 22:00:00,3423.45,3450.0,3420.66,3441.54,14090.5593,0.000172,74,20.0,0.0,trending,,733.771496,1.985216,0.014784,False,,733.771496,1.985216,733.771496,,trending,0.0,{},,471.0,ETHUSDT,2024-03-24 22:00:00,,,,,671.31801,0.0,0.0,0.0,671.31801,0.0,0.0,0.0,-5.1e-05,25.175955,1.0,25.175955,True,False
2024-03-24 23:00:00,3441.55,3471.22,3440.72,3454.98,12801.7287,0.000172,74,20.0,0.0,trending,,739.460223,1.977637,0.022363,False,,739.460223,1.977637,739.460223,,trending,0.0,{},,472.0,ETHUSDT,2024-03-24 23:00:00,,,,,671.31801,0.0,0.0,0.0,671.31801,0.0,0.0,0.0,-5.4e-05,26.450228,1.0,26.450228,True,False
2024-03-25 00:00:00,3454.99,3461.17,3420.12,3428.5,10005.2624,0.000202,75,0.0,0.0,trending,,728.252077,1.992683,-1.992683,True,True,726.800902,0.0,728.252077,,trending,-20.0,{},,473.0,ETHUSDT,2024-03-25 00:00:00,ETHUSDT,3428.5,0.423268,CLOSE,671.31801,0.0,0.0,0.0,671.31801,0.0,0.0,0.0,-2.8e-05,0.0,1.0,0.0,True,True
2024-03-25 01:00:00,3428.5,3446.71,3423.55,3429.08,10891.8147,0.000202,75,0.0,0.0,trending,,726.800902,0.0,0.0,,,726.800902,0.0,726.800902,,trending,0.0,{},,474.0,,,,,,,671.31801,0.0,0.0,0.0,671.31801,0.0,0.0,0.0,-2.8e-05,0.0,1.0,0.0,,
2024-03-25 02:00:00,3429.09,3445.33,3421.07,3440.6,12544.8064,0.000202,75,16.393945,0.0,trending,,726.800902,0.0,1.639395,True,True,725.609388,1.640444,726.800902,,trending,16.393945,{},,475.0,ETHUSDT,2024-03-25 02:00:00,ETHUSDT,3440.6,0.34631,LONG,671.31801,0.0,0.0,0.0,671.31801,0.0,0.0,0.0,-3.4e-05,16.393945,1.0,16.393945,True,True
2024-03-25 03:00:00,3440.6,3454.99,3434.2,3454.97,8922.6332,0.000202,75,20.0,0.0,trending,,730.580883,1.636086,0.363914,True,True,730.315015,2.000364,730.580883,,trending,3.606055,{},,476.0,ETHUSDT,2024-03-25 03:00:00,ETHUSDT,3454.97,0.076952,LONG,671.31801,0.0,0.0,0.0,671.31801,0.0,0.0,0.0,-4.3e-05,20.734911,1.0,20.734911,True,True
2024-03-25 04:00:00,3454.98,3491.37,3447.02,3489.99,33230.5597,0.000202,75,20.0,0.0,trending,,745.122835,1.980484,0.019516,False,,745.122835,1.980484,745.122835,,trending,0.0,{},,477.0,ETHUSDT,2024-03-25 04:00:00,,,,,671.31801,0.0,0.0,0.0,671.31801,0.0,0.0,0.0,-5.6e-05,27.135802,1.0,27.135802,True,False
2024-03-25 05:00:00,3490.0,3506.49,3482.0,3486.33,27632.9952,0.000202,75,20.0,0.0,trending,,743.575244,1.982524,0.017476,False,,743.575244,1.982524,743.575244,,trending,0.0,{},,478.0,ETHUSDT,2024-03-25 05:00:00,,,,,671.31801,0.0,0.0,0.0,671.31801,0.0,0.0,0.0,-5.1e-05,25.114423,1.0,25.114423,True,False
2024-03-25 06:00:00,3486.32,3487.98,3458.41,3467.77,10570.666,0.000202,75,17.874607,0.0,trending,,735.727353,1.993005,-0.205544,True,True,735.576129,1.787828,735.727353,,trending,-2.125393,{},,479.0,ETHUSDT,2024-03-25 06:00:00,ETHUSDT,3467.77,0.043609,REDUCE_LONG,671.31801,0.0,0.0,0.0,671.31801,0.0,0.0,0.0,-3.7e-05,17.874607,1.0,17.874607,True,True
2024-03-25 07:00:00,3467.77,3479.0,3440.8,3444.6,13139.1073,0.000202,75,0.0,0.0,trending,,726.789361,1.797353,-1.797353,True,True,725.483064,0.0,726.789361,,trending,-17.874607,{},,480.0,ETHUSDT,2024-03-25 07:00:00,ETHUSDT,3444.6,0.37923,CLOSE,671.31801,0.0,0.0,0.0,671.31801,0.0,0.0,0.0,-1.9e-05,0.0,1.0,0.0,True,True
2024-03-25 08:00:00,3444.59,3464.14,3441.03,3448.99,14781.9232,0.000202,75,0.0,0.0,trending,,725.483064,0.0,0.0,,,725.483064,0.0,725.483064,,trending,0.0,{},,481.0,,,,,,,671.31801,0.0,0.0,0.0,671.31801,0.0,0.0,0.0,-2.2e-05,0.0,1.0,0.0,,
2024-03-25 09:00:00,3448.99,3460.0,3434.67,3456.83,11270.6179,0.00011,75,0.0,0.0,trending,,725.483064,0.0,0.0,,,725.483064,0.0,725.483064,,trending,0.0,{},,482.0,,,,,,,671.31801,0.0,0.0,0.0,671.31801,0.0,0.0,0.0,-2.8e-05,0.0,1.0,0.0,,
2024-03-25 10:00:00,3456.82,3472.0,3445.72,3454.9,13290.1793,0.00011,75,0.0,0.0,trending,,725.483064,0.0,0.0,,,725.483064,0.0,725.483064,,trending,0.0,{},,483.0,,,,,,,671.31801,0.0,0.0,0.0,671.31801,0.0,0.0,0.0,-2.6e-05,0.0,1.0,0.0,,
2024-03-25 11:00:00,3454.91,3455.72,3432.15,3436.19,9813.1288,0.00011,75,0.0,0.0,trending,,725.483064,0.0,0.0,,,725.483064,0.0,725.483064,,trending,0.0,{},,484.0,,,,,,,671.31801,0.0,0.0,0.0,671.31801,0.0,0.0,0.0,-9e-06,0.0,1.0,0.0,,
2024-03-25 12:00:00,3436.2,3460.5,3432.3,3449.99,11597.6062,0.00011,75,0.0,0.0,trending,,725.483064,0.0,0.0,,,725.483064,0.0,725.483064,,trending,0.0,{},,485.0,,,,,,,671.31801,0.0,0.0,0.0,671.31801,0.0,0.0,0.0,-2e-05,0.0,1.0,0.0,,
2024-03-25 13:00:00,3449.99,3486.0,3430.0,3484.91,15858.3693,0.00011,75,20.0,0.0,trending,,725.483064,0.0,2.0,True,True,724.032098,2.002004,725.483064,,trending,20.0,{},,486.0,ETHUSDT,2024-03-25 13:00:00,ETHUSDT,3484.91,0.416357,LONG,671.31801,0.0,0.0,0.0,671.31801,0.0,0.0,0.0,-4.3e-05,21.078451,1.0,21.078451,True,True
2024-03-25 14:00:00,3484.91,3565.0,3471.62,3562.46,66890.6769,0.00011,75,20.0,0.0,trending,,756.288283,1.959268,0.040732,False,,756.288283,1.959268,756.288283,,trending,0.0,{},,487.0,ETHUSDT,2024-03-25 14:00:00,,,,,671.31801,0.0,0.0,0.0,671.31801,0.0,0.0,0.0,-6.1e-05,30.160468,1.0,30.160468,True,False
2024-03-25 15:00:00,3562.45,3587.9,3552.79,3581.49,31876.2956,0.00011,75,20.0,0.0,trending,,764.20363,1.949332,0.050668,False,,764.20363,1.949332,764.20363,,trending,0.0,{},,488.0,ETHUSDT,2024-03-25 15:00:00,,,,,671.31801,0.0,0.0,0.0,671.31801,0.0,0.0,0.0,-5.5e-05,27.470116,1.0,27.470116,True,False
2024-03-25 16:00:00,3581.49,3613.0,3566.2,3605.68,33947.4413,0.00023,75,20.0,0.0,trending,,774.265231,1.936996,0.063004,False,,774.265231,1.936996,774.265231,,trending,0.0,{},,489.0,ETHUSDT,2024-03-25 16:00:00,,,,,671.31801,0.0,0.0,0.0,671.31801,0.0,0.0,0.0,-5.3e-05,26.197166,1.0,26.197166,True,False
2024-03-25 17:00:00,3605.69,3666.0,3605.0,3638.91,74352.2091,0.00023,75,20.0,0.0,trending,,788.086933,1.920562,0.079438,False,,788.086933,1.920562,788.086933,,trending,0.0,{},,490.0,ETHUSDT,2024-03-25 17:00:00,,,,,671.31801,0.0,0.0,0.0,671.31801,0.0,0.0,0.0,-5.1e-05,25.035734,1.0,25.035734,True,False
2024-03-25 18:00:00,3638.91,3645.15,3619.36,3639.4,48613.9792,0.00023,75,20.0,0.0,trending,,788.290744,1.920324,0.079676,False,,788.290744,1.920324,788.290744,,trending,0.0,{},,491.0,ETHUSDT,2024-03-25 18:00:00,,,,,671.31801,0.0,0.0,0.0,671.31801,0.0,0.0,0.0,-4.6e-05,22.891674,1.0,22.891674,True,False
2024-03-25 19:00:00,3639.41,3642.1,3619.09,3638.96,27863.2794,0.00023,75,20.0,0.0,trending,,788.10773,1.920538,0.079462,False,,788.10773,1.920538,788.10773,,trending,0.0,{},,492.0,ETHUSDT,2024-03-25 19:00:00,,,,,671.31801,0.0,0.0,0.0,671.31801,0.0,0.0,0.0,-4.4e-05,21.623373,1.0,21.623373,True,False
2024-03-25 20:00:00,3638.96,3646.66,3624.5,3627.61,13692.8889,0.00023,75,18.279465,0.0,trending,,783.386805,1.926085,-0.098139,False,,783.386805,1.926085,783.386805,,trending,-1.720535,{},,493.0,ETHUSDT,2024-03-25 20:00:00,,,,,671.31801,0.0,0.0,0.0,671.31801,0.0,0.0,0.0,-3.7e-05,18.279465,1.0,18.279465,True,False
2024-03-25 21:00:00,3627.61,3628.53,3566.47,3589.01,19973.8573,0.00023,75,0.0,0.0,trending,,767.331503,1.945462,-1.945462,True,True,765.838688,0.0,767.331503,,trending,-18.279465,{},,494.0,ETHUSDT,2024-03-25 21:00:00,ETHUSDT,3589.01,0.41594,CLOSE,671.31801,0.0,0.0,0.0,671.31801,0.0,0.0,0.0,-2.2e-05,0.0,1.0,0.0,True,True
2024-03-25 22:00:00,3589.0,3620.5,3589.0,3611.75,13329.1458,0.00023,75,0.0,0.0,trending,,765.838688,0.0,0.0,,,765.838688,0.0,765.838688,,trending,0.0,{},,495.0,,,,,,,671.31801,0.0,0.0,0.0,671.31801,0.0,0.0,0.0,-2.5e-05,0.0,1.0,0.0,,
2024-03-25 23:00:00,3611.75,3619.86,3576.54,3590.42,14488.2511,0.00023,75,0.0,0.0,trending,,765.838688,0.0,0.0,,,765.838688,0.0,765.838688,,trending,0.0,{},,496.0,,,,,,,671.31801,0.0,0.0,0.0,671.31801,0.0,0.0,0.0,-1.8e-05,0.0,1.0,0.0,,
2024-03-26 00:00:00,3590.43,3618.27,3580.95,3598.0,24588.6115,0.00039,81,0.0,0.0,trending,,765.838688,0.0,0.0,,,765.838688,0.0,765.838688,,trending,0.0,{},,497.0,,,,,,,671.31801,0.0,0.0,0.0,671.31801,0.0,0.0,0.0,-1.9e-05,0.0,1.0,0.0,,
2024-03-26 01:00:00,3597.99,3623.82,3592.45,3616.02,36211.7659,0.00039,81,0.0,0.0,trending,,765.838688,0.0,0.0,,,765.838688,0.0,765.838688,,trending,0.0,{},,498.0,,,,,,,671.31801,0.0,0.0,0.0,671.31801,0.0,0.0,0.0,-2.3e-05,0.0,1.0,0.0,,
2024-03-26 02:00:00,3616.01,3622.12,3598.5,3622.11,20505.9544,0.00039,81,0.0,0.0,trending,,765.838688,0.0,0.0,,,765.838688,0.0,765.838688,,trending,0.0,{},,499.0,,,,,,,671.31801,0.0,0.0,0.0,671.31801,0.0,0.0,0.0,-2.4e-05,0.0,1.0,0.0,,
2024-03-26 03:00:00,3622.11,3643.71,3611.65,3623.0,36853.231,0.00039,81,0.0,0.0,trending,,765.838688,0.0,0.0,,,765.838688,0.0,765.838688,,trending,0.0,{},,500.0,,,,,,,671.31801,0.0,0.0,0.0,671.31801,0.0,0.0,0.0,-2.5e-05,0.0,1.0,0.0,,
2024-03-26 04:00:00,3623.0,3640.93,3618.4,3639.84,27340.8001,0.00039,81,0.0,0.0,trending,,765.838688,0.0,0.0,,,765.838688,0.0,765.838688,,trending,0.0,{},,501.0,,,,,,,671.31801,0.0,0.0,0.0,671.31801,0.0,0.0,0.0,-2.7e-05,0.0,1.0,0.0,,
2024-03-26 05:00:00,3639.85,3639.85,3622.24,3630.29,22298.1299,0.00039,81,0.0,0.0,trending,,765.838688,0.0,0.0,,,765.838688,0.0,765.838688,,trending,0.0,{},,502.0,,,,,,,671.31801,0.0,0.0,0.0,671.31801,0.0,0.0,0.0,-2.3e-05,0.0,1.0,0.0,,
2024-03-26 06:00:00,3630.29,3650.0,3627.0,3649.44,10572.4013,0.00039,81,0.0,0.0,trending,,765.838688,0.0,0.0,,,765.838688,0.0,765.838688,,trending,0.0,{},,503.0,,,,,,,671.31801,0.0,0.0,0.0,671.31801,0.0,0.0,0.0,-2.7e-05,0.0,1.0,0.0,,
2024-03-26 07:00:00,3649.45,3678.86,3630.48,3635.13,23410.1796,0.00039,81,0.0,0.0,trending,,765.838688,0.0,0.0,,,765.838688,0.0,765.838688,,trending,0.0,{},,504.0,,,,,,,671.31801,0.0,0.0,0.0,671.31801,0.0,0.0,0.0,-2.2e-05,0.0,1.0,0.0,,
2024-03-26 08:00:00,3635.14,3660.81,3630.0,3653.33,17066.2658,0.00018,81,0.0,0.0,trending,,765.838688,0.0,0.0,,,765.838688,0.0,765.838688,,trending,0.0,{},,505.0,,,,,,,671.31801,0.0,0.0,0.0,671.31801,0.0,0.0,0.0,-2.8e-05,0.0,1.0,0.0,,
2024-03-26 09:00:00,3653.34,3670.32,3643.78,3664.72,13990.5347,0.00018,81,15.901302,0.0,trending,,765.838688,0.0,1.59013,True,True,764.620905,1.59107,765.838688,,trending,15.901302,{},,506.0,ETHUSDT,2024-03-26 09:00:00,ETHUSDT,3664.72,0.332299,LONG,671.31801,0.0,0.0,0.0,671.31801,0.0,0.0,0.0,-3.2e-05,15.901302,1.0,15.901302,True,True
2024-03-26 10:00:00,3664.71,3667.33,3642.71,3649.23,15340.2741,0.00018,81,0.0,0.0,trending,,759.478739,1.595072,-1.595072,True,True,758.267316,0.0,759.478739,,trending,-15.901302,{},,507.0,ETHUSDT,2024-03-26 10:00:00,ETHUSDT,3649.23,0.331967,CLOSE,671.31801,0.0,0.0,0.0,671.31801,0.0,0.0,0.0,-2.6e-05,0.0,1.0,0.0,True,True
2024-03-26 11:00:00,3649.23,3649.27,3630.0,3631.6,12561.3353,0.00018,81,0.0,0.0,trending,,758.267316,0.0,0.0,,,758.267316,0.0,758.267316,,trending,0.0,{},,508.0,,,,,,,671.31801,0.0,0.0,0.0,671.31801,0.0,0.0,0.0,-2.1e-05,0.0,1.0,0.0,,
2024-03-26 12:00:00,3631.61,3654.34,3628.0,3644.55,15565.8494,0.00018,81,17.463841,0.0,trending,,758.267316,0.0,1.746384,True,True,756.94309,1.74769,758.267316,,trending,17.463841,{},,509.0,ETHUSDT,2024-03-26 12:00:00,ETHUSDT,3644.55,0.363344,LONG,671.31801,0.0,0.0,0.0,671.31801,0.0,0.0,0.0,-3.5e-05,17.463841,1.0,17.463841,True,True
2024-03-26 13:00:00,3644.55,3648.37,3592.69,3608.2,31730.457,0.00018,81,0.0,0.0,trending,,743.748737,1.760954,-1.760954,True,True,742.439029,0.0,743.748737,,trending,-17.463841,{},,510.0,ETHUSDT,2024-03-26 13:00:00,ETHUSDT,3608.2,0.362981,CLOSE,671.31801,0.0,0.0,0.0,671.31801,0.0,0.0,0.0,-1.2e-05,0.0,1.0,0.0,True,True
2024-03-26 14:00:00,3608.21,3620.2,3545.13,3593.49,43380.3088,0.00018,81,0.0,0.0,trending,,742.439029,0.0,0.0,,,742.439029,0.0,742.439029,,trending,0.0,{},,511.0,,,,,,,671.31801,0.0,0.0,0.0,671.31801,0.0,0.0,0.0,3e-06,0.0,1.0,0.0,,
2024-03-26 15:00:00,3593.49,3597.99,3561.73,3593.35,18341.6239,0.00018,81,0.0,0.0,trending,,742.439029,0.0,0.0,,,742.439029,0.0,742.439029,,trending,0.0,{},,512.0,,,,,,,671.31801,0.0,0.0,0.0,671.31801,0.0,0.0,0.0,3e-06,0.0,1.0,0.0,,
2024-03-26 16:00:00,3593.35,3603.55,3542.62,3561.41,24375.1786,0.000262,81,-16.107369,0.0,trending,,742.439029,0.0,-1.610737,True,True,741.243155,-1.613336,742.439029,,trending,-16.107369,{},,513.0,ETHUSDT,2024-03-26 16:00:00,ETHUSDT,3561.41,0.335787,SHORT,671.31801,0.0,0.0,0.0,671.31801,0.0,0.0,0.0,3.2e-05,-16.107369,1.0,-16.107369,True,True
2024-03-26 17:00:00,3561.4,3589.4,3553.33,3583.8,13737.4568,0.000262,81,0.0,0.0,trending,,733.724892,-1.640114,1.640114,True,True,732.520296,0.0,733.724892,,trending,16.107369,{},,514.0,ETHUSDT,2024-03-26 17:00:00,ETHUSDT,3583.8,-0.335787,CLOSE,671.31801,0.0,0.0,0.0,671.31801,0.0,0.0,0.0,8e-06,0.0,1.0,0.0,True,True
2024-03-26 18:00:00,3583.81,3594.99,3570.27,3573.71,8129.6623,0.000262,81,0.0,0.0,trending,,732.520296,0.0,0.0,,,732.520296,0.0,732.520296,,trending,0.0,{},,515.0,,,,,,,671.31801,0.0,0.0,0.0,671.31801,0.0,0.0,0.0,1.6e-05,0.0,1.0,0.0,,
2024-03-26 19:00:00,3573.71,3580.9,3555.56,3560.82,42079.5809,0.000262,81,0.0,0.0,trending,,732.520296,0.0,0.0,,,732.520296,0.0,732.520296,,trending,0.0,{},,516.0,,,,,,,671.31801,0.0,0.0,0.0,671.31801,0.0,0.0,0.0,2.5e-05,0.0,1.0,0.0,,
2024-03-26 20:00:00,3560.83,3583.54,3558.15,3576.37,13413.981,0.000262,81,0.0,0.0,trending,,732.520296,0.0,0.0,,,732.520296,0.0,732.520296,,trending,0.0,{},,517.0,,,,,,,671.31801,0.0,0.0,0.0,671.31801,0.0,0.0,0.0,1e-05,0.0,1.0,0.0,,
2024-03-26 21:00:00,3576.38,3597.0,3571.73,3587.01,7805.0714,0.000262,81,0.0,0.0,trending,,732.520296,0.0,0.0,,,732.520296,0.0,732.520296,,trending,0.0,{},,518.0,,,,,,,671.31801,0.0,0.0,0.0,671.31801,0.0,0.0,0.0,1e-06,0.0,1.0,0.0,,
2024-03-26 22:00:00,3587.01,3606.36,3570.0,3605.02,9459.9701,0.000262,81,0.0,0.0,trending,,732.520296,0.0,0.0,,,732.520296,0.0,732.520296,,trending,0.0,{},,519.0,,,,,,,671.31801,0.0,0.0,0.0,671.31801,0.0,0.0,0.0,-1.4e-05,0.0,1.0,0.0,,
2024-03-26 23:00:00,3605.02,3613.5,3583.66,3587.33,10255.2146,0.000262,81,0.0,0.0,trending,,732.520296,0.0,0.0,,,732.520296,0.0,732.520296,,trending,0.0,{},,520.0,,,,,,,671.31801,0.0,0.0,0.0,671.31801,0.0,0.0,0.0,2e-06,0.0,1.0,0.0,,
2024-03-27 00:00:00,3587.32,3618.91,3577.0,3616.56,11439.3066,0.000247,83,0.0,0.0,trending,,732.520296,0.0,0.0,,,732.520296,0.0,732.520296,,trending,0.0,{},,521.0,,,,,,,671.31801,0.0,0.0,0.0,671.31801,0.0,0.0,0.0,-2.1e-05,0.0,1.0,0.0,,
2024-03-27 01:00:00,3616.57,3627.67,3598.8,3606.18,9633.7984,0.000247,83,0.0,0.0,trending,,732.520296,0.0,0.0,,,732.520296,0.0,732.520296,,trending,0.0,{},,522.0,,,,,,,671.31801,0.0,0.0,0.0,671.31801,0.0,0.0,0.0,-1.2e-05,0.0,1.0,0.0,,
2024-03-27 02:00:00,3606.18,3619.96,3597.1,3618.79,8081.439,0.000247,83,0.0,0.0,trending,,732.520296,0.0,0.0,,,732.520296,0.0,732.520296,,trending,0.0,{},,523.0,,,,,,,671.31801,0.0,0.0,0.0,671.31801,0.0,0.0,0.0,-2.1e-05,0.0,1.0,0.0,,
2024-03-27 03:00:00,3618.79,3622.22,3603.0,3603.11,8923.6111,0.000247,83,0.0,0.0,trending,,732.520296,0.0,0.0,,,732.520296,0.0,732.520296,,trending,0.0,{},,524.0,,,,,,,671.31801,0.0,0.0,0.0,671.31801,0.0,0.0,0.0,-7e-06,0.0,1.0,0.0,,
2024-03-27 04:00:00,3603.1,3609.2,3581.24,3591.28,11546.9314,0.000247,83,0.0,0.0,trending,,732.520296,0.0,0.0,,,732.520296,0.0,732.520296,,trending,0.0,{},,525.0,,,,,,,671.31801,0.0,0.0,0.0,671.31801,0.0,0.0,0.0,3e-06,0.0,1.0,0.0,,
2024-03-27 05:00:00,3591.28,3614.28,3590.0,3612.41,9329.5299,0.000247,83,0.0,0.0,trending,,732.520296,0.0,0.0,,,732.520296,0.0,732.520296,,trending,0.0,{},,526.0,,,,,,,671.31801,0.0,0.0,0.0,671.31801,0.0,0.0,0.0,-1.5e-05,0.0,1.0,0.0,,
2024-03-27 06:00:00,3612.41,3616.5,3600.38,3607.14,5833.543,0.000247,83,0.0,0.0,trending,,732.520296,0.0,0.0,,,732.520296,0.0,732.520296,,trending,0.0,{},,527.0,,,,,,,671.31801,0.0,0.0,0.0,671.31801,0.0,0.0,0.0,-1e-05,0.0,1.0,0.0,,
2024-03-27 07:00:00,3607.13,3609.0,3560.2,3565.21,14700.5855,0.000247,83,0.0,0.0,trending,,732.520296,0.0,0.0,,,732.520296,0.0,732.520296,,trending,0.0,{},,528.0,,,,,,,671.31801,0.0,0.0,0.0,671.31801,0.0,0.0,0.0,2.5e-05,0.0,1.0,0.0,,
2024-03-27 08:00:00,3565.21,3581.28,3545.67,3551.21,12758.2651,0.000247,83,-17.336882,0.0,trending,,732.520296,0.0,-1.733688,True,True,731.250334,-1.736699,732.520296,,trending,-17.336882,{},,529.0,ETHUSDT,2024-03-27 08:00:00,ETHUSDT,3551.21,0.357614,SHORT,671.31801,0.0,0.0,0.0,671.31801,0.0,0.0,0.0,3.5e-05,-17.336882,1.0,-17.336882,True,True
2024-03-27 09:00:00,3551.21,3576.52,3532.96,3573.81,17642.9918,0.000216,83,0.0,0.0,trending,,723.168261,-1.767284,1.767284,True,True,721.888938,0.0,723.168261,,trending,17.336882,{},,530.0,ETHUSDT,2024-03-27 09:00:00,ETHUSDT,3573.81,-0.357614,CLOSE,671.31801,0.0,0.0,0.0,671.31801,0.0,0.0,0.0,1.5e-05,0.0,1.0,0.0,True,True
2024-03-27 10:00:00,3573.81,3585.88,3564.99,3582.01,11307.2201,0.000216,83,0.0,0.0,trending,,721.888938,0.0,0.0,,,721.888938,0.0,721.888938,,trending,0.0,{},,531.0,,,,,,,671.31801,0.0,0.0,0.0,671.31801,0.0,0.0,0.0,8e-06,0.0,1.0,0.0,,
2024-03-27 11:00:00,3582.01,3590.84,3571.95,3585.07,13990.4999,0.000216,83,0.0,0.0,trending,,721.888938,0.0,0.0,,,721.888938,0.0,721.888938,,trending,0.0,{},,532.0,,,,,,,671.31801,0.0,0.0,0.0,671.31801,0.0,0.0,0.0,5e-06,0.0,1.0,0.0,,
2024-03-27 12:00:00,3585.07,3594.83,3566.99,3580.68,12651.5843,0.000216,83,0.0,0.0,trending,,721.888938,0.0,0.0,,,721.888938,0.0,721.888938,,trending,0.0,{},,533.0,,,,,,,671.31801,0.0,0.0,0.0,671.31801,0.0,0.0,0.0,1.2e-05,0.0,1.0,0.0,,
2024-03-27 13:00:00,3580.68,3665.84,3554.3,3565.86,73886.331,0.000216,83,-15.902602,0.0,trending,,721.888938,0.0,-1.59026,True,True,720.740947,-1.592793,721.888938,,trending,-15.902602,{},,534.0,ETHUSDT,2024-03-27 13:00:00,ETHUSDT,3565.86,0.32194,SHORT,671.31801,0.0,0.0,0.0,671.31801,0.0,0.0,0.0,3.2e-05,-15.902602,1.0,-15.902602,True,True
2024-03-27 14:00:00,3565.86,3573.17,3496.15,3558.54,73842.5441,0.000216,83,-19.803536,0.0,trending,,723.097544,-1.584343,-0.396011,True,True,722.81119,-1.981138,723.097544,,trending,-3.900935,{},,535.0,ETHUSDT,2024-03-27 14:00:00,ETHUSDT,3558.54,0.08047,SHORT,671.31801,0.0,0.0,0.0,671.31801,0.0,0.0,0.0,4e-05,-19.803536,1.0,-19.803536,True,True
2024-03-27 15:00:00,3558.55,3560.7,3512.0,3514.3,30753.8464,0.000216,83,-20.0,0.0,trending,,740.613768,-1.909479,-0.090521,False,,740.613768,-1.909479,740.613768,,trending,-0.196464,{},,536.0,ETHUSDT,2024-03-27 15:00:00,,,,,671.31801,0.0,0.0,0.0,671.31801,0.0,0.0,0.0,7.1e-05,-34.91989,1.0,-34.91989,True,False
2024-03-27 16:00:00,3514.29,3528.27,3484.0,3524.15,24542.5359,0.000353,83,-20.0,0.0,trending,,736.650039,-1.925134,-0.074866,False,,736.650039,-1.925134,736.650039,,trending,0.0,{},,537.0,ETHUSDT,2024-03-27 16:00:00,,,,,671.31801,0.0,0.0,0.0,671.31801,0.0,0.0,0.0,5.2e-05,-25.596201,1.0,-25.596201,True,False
2024-03-27 17:00:00,3524.15,3531.76,3493.25,3498.0,12718.6543,0.000353,83,-20.0,0.0,trending,,747.173036,-1.883937,-0.116063,False,,747.173036,-1.883937,747.173036,,trending,0.0,{},,538.0,ETHUSDT,2024-03-27 17:00:00,,,,,671.31801,0.0,0.0,0.0,671.31801,0.0,0.0,0.0,6e-05,-29.085222,1.0,-29.085222,True,False
2024-03-27 18:00:00,3498.0,3508.67,3460.02,3461.24,22053.0435,0.000353,83,-20.0,0.0,trending,,761.965594,-1.827949,-0.172051,False,,761.965594,-1.827949,761.965594,,trending,0.0,{},,539.0,ETHUSDT,2024-03-27 18:00:00,,,,,671.31801,0.0,0.0,0.0,671.31801,0.0,0.0,0.0,6.2e-05,-30.226473,1.0,-30.226473,True,False
2024-03-27 19:00:00,3461.24,3499.84,3461.23,3491.18,14344.0237,0.000353,83,-17.251466,0.0,trending,,749.917466,-1.873383,0.148236,False,,749.917466,-1.873383,749.917466,,trending,2.748534,{},,540.0,ETHUSDT,2024-03-27 19:00:00,,,,,671.31801,0.0,0.0,0.0,671.31801,0.0,0.0,0.0,3.6e-05,-17.251466,1.0,-17.251466,True,False
2024-03-27 20:00:00,3491.18,3514.99,3489.68,3512.2,13026.3808,0.000353,83,0.0,0.0,trending,,741.458827,-1.906163,1.906163,True,True,740.044071,0.0,741.458827,,trending,17.251466,{},,541.0,ETHUSDT,2024-03-27 20:00:00,ETHUSDT,3512.2,-0.402409,CLOSE,671.31801,0.0,0.0,0.0,671.31801,0.0,0.0,0.0,2.2e-05,0.0,1.0,0.0,True,True
2024-03-27 21:00:00,3512.21,3520.65,3502.81,3506.55,7002.5757,0.000353,83,0.0,0.0,trending,,740.044071,0.0,0.0,,,740.044071,0.0,740.044071,,trending,0.0,{},,542.0,,,,,,,671.31801,0.0,0.0,0.0,671.31801,0.0,0.0,0.0,2.3e-05,0.0,1.0,0.0,,
2024-03-27 22:00:00,3506.56,3521.47,3505.46,3515.15,12699.368,0.000353,83,0.0,0.0,trending,,740.044071,0.0,0.0,,,740.044071,0.0,740.044071,,trending,0.0,{},,543.0,,,,,,,671.31801,0.0,0.0,0.0,671.31801,0.0,0.0,0.0,1.8e-05,0.0,1.0,0.0,,
2024-03-27 23:00:00,3515.15,3515.25,3485.04,3501.19,10486.7202,0.000353,83,0.0,0.0,trending,,740.044071,0.0,0.0,,,740.044071,0.0,740.044071,,trending,0.0,{},,544.0,,,,,,,671.31801,0.0,0.0,0.0,671.31801,0.0,0.0,0.0,2.4e-05,0.0,1.0,0.0,,
2024-03-28 00:00:00,3501.2,3531.47,3495.41,3515.77,15066.2194,0.00039,80,0.0,0.0,trending,,740.044071,0.0,0.0,,,740.044071,0.0,740.044071,,trending,0.0,{},,545.0,,,,,,,671.31801,0.0,0.0,0.0,671.31801,0.0,0.0,0.0,1.5e-05,0.0,1.0,0.0,,
2024-03-28 01:00:00,3515.78,3520.58,3491.59,3496.39,38134.2531,0.00039,80,0.0,0.0,trending,,740.044071,0.0,0.0,,,740.044071,0.0,740.044071,,trending,0.0,{},,546.0,,,,,,,671.31801,0.0,0.0,0.0,671.31801,0.0,0.0,0.0,2.4e-05,0.0,1.0,0.0,,
2024-03-28 02:00:00,3496.4,3512.91,3465.0,3480.19,34365.013,0.00039,80,-15.066237,0.0,trending,,740.044071,0.0,-1.506624,True,True,738.929103,-1.508897,740.044071,,trending,-15.066237,{},,547.0,ETHUSDT,2024-03-28 02:00:00,ETHUSDT,3480.19,0.320376,SHORT,671.31801,0.0,0.0,0.0,671.31801,0.0,0.0,0.0,3.2e-05,-15.066237,1.0,-15.066237,True,True
2024-03-28 03:00:00,3480.18,3498.89,3475.05,3496.61,10477.8737,0.00039,80,0.0,0.0,trending,,733.668536,-1.526886,1.526886,True,True,732.547186,0.0,733.668536,,trending,15.066237,{},,548.0,ETHUSDT,2024-03-28 03:00:00,ETHUSDT,3496.61,-0.320376,CLOSE,671.31801,0.0,0.0,0.0,671.31801,0.0,0.0,0.0,2.1e-05,0.0,1.0,0.0,True,True
2024-03-28 04:00:00,3496.61,3516.74,3495.79,3516.19,10156.7595,0.00039,80,0.0,0.0,trending,,732.547186,0.0,0.0,,,732.547186,0.0,732.547186,,trending,0.0,{},,549.0,,,,,,,671.31801,0.0,0.0,0.0,671.31801,0.0,0.0,0.0,9e-06,0.0,1.0,0.0,,
2024-03-28 05:00:00,3516.19,3542.37,3512.81,3533.7,20121.8273,0.00039,80,0.0,0.0,trending,,732.547186,0.0,0.0,,,732.547186,0.0,732.547186,,trending,0.0,{},,550.0,,,,,,,671.31801,0.0,0.0,0.0,671.31801,0.0,0.0,0.0,-1e-06,0.0,1.0,0.0,,
2024-03-28 06:00:00,3533.7,3576.99,3526.09,3574.4,31997.9099,0.00039,80,0.0,0.0,trending,,732.547186,0.0,0.0,,,732.547186,0.0,732.547186,,trending,0.0,{},,551.0,,,,,,,671.31801,0.0,0.0,0.0,671.31801,0.0,0.0,0.0,-2.5e-05,0.0,1.0,0.0,,
2024-03-28 07:00:00,3574.39,3579.95,3564.69,3573.88,11212.5525,0.00039,80,0.0,0.0,trending,,732.547186,0.0,0.0,,,732.547186,0.0,732.547186,,trending,0.0,{},,552.0,,,,,,,671.31801,0.0,0.0,0.0,671.31801,0.0,0.0,0.0,-2.4e-05,0.0,1.0,0.0,,
2024-03-28 08:00:00,3573.88,3595.7,3565.81,3575.69,18660.6858,0.000357,80,0.0,0.0,trending,,732.547186,0.0,0.0,,,732.547186,0.0,732.547186,,trending,0.0,{},,553.0,,,,,,,671.31801,0.0,0.0,0.0,671.31801,0.0,0.0,0.0,-2.4e-05,0.0,1.0,0.0,,
2024-03-28 09:00:00,3575.69,3594.95,3571.14,3584.08,10321.0718,0.000357,80,0.0,0.0,trending,,732.547186,0.0,0.0,,,732.547186,0.0,732.547186,,trending,0.0,{},,554.0,,,,,,,671.31801,0.0,0.0,0.0,671.31801,0.0,0.0,0.0,-2.9e-05,0.0,1.0,0.0,,
2024-03-28 10:00:00,3584.08,3593.6,3570.48,3589.75,14280.1694,0.000357,80,0.0,0.0,trending,,732.547186,0.0,0.0,,,732.547186,0.0,732.547186,,trending,0.0,{},,555.0,,,,,,,671.31801,0.0,0.0,0.0,671.31801,0.0,0.0,0.0,-3.1e-05,0.0,1.0,0.0,,
2024-03-28 11:00:00,3589.76,3593.35,3571.0,3579.73,12266.1786,0.000357,80,0.0,0.0,trending,,732.547186,0.0,0.0,,,732.547186,0.0,732.547186,,trending,0.0,{},,556.0,,,,,,,671.31801,0.0,0.0,0.0,671.31801,0.0,0.0,0.0,-2.3e-05,0.0,1.0,0.0,,
2024-03-28 12:00:00,3579.74,3592.4,3555.96,3576.78,16221.2177,0.000357,80,0.0,0.0,trending,,732.547186,0.0,0.0,,,732.547186,0.0,732.547186,,trending,0.0,{},,557.0,,,,,,,671.31801,0.0,0.0,0.0,671.31801,0.0,0.0,0.0,-2.1e-05,0.0,1.0,0.0,,
2024-03-28 13:00:00,3576.78,3603.38,3552.55,3582.59,27891.2829,0.000357,80,0.0,0.0,trending,,732.547186,0.0,0.0,,,732.547186,0.0,732.547186,,trending,0.0,{},,558.0,,,,,,,671.31801,0.0,0.0,0.0,671.31801,0.0,0.0,0.0,-2.4e-05,0.0,1.0,0.0,,
2024-03-28 14:00:00,3582.6,3611.78,3568.27,3607.38,22272.1875,0.000357,80,17.120162,0.0,trending,,732.547186,0.0,1.712016,True,True,731.293053,1.713237,732.547186,,trending,17.120162,{},,559.0,ETHUSDT,2024-03-28 14:00:00,ETHUSDT,3607.38,0.347657,LONG,671.31801,0.0,0.0,0.0,671.31801,0.0,0.0,0.0,-3.6e-05,17.120162,1.0,17.120162,True,True
2024-03-28 15:00:00,3607.37,3609.71,3568.51,3578.7,17645.7539,0.000357,80,0.0,0.0,trending,,721.332208,1.723086,-1.723086,True,True,720.08929,0.0,721.332208,,trending,-17.120162,{},,560.0,ETHUSDT,2024-03-28 15:00:00,ETHUSDT,3578.7,0.34731,CLOSE,671.31801,0.0,0.0,0.0,671.31801,0.0,0.0,0.0,-1.3e-05,0.0,1.0,0.0,True,True
2024-03-28 16:00:00,3578.71,3580.75,3555.38,3563.22,13462.0313,0.000369,80,0.0,0.0,trending,,720.08929,0.0,0.0,,,720.08929,0.0,720.08929,,trending,0.0,{},,561.0,,,,,,,671.31801,0.0,0.0,0.0,671.31801,0.0,0.0,0.0,-3e-06,0.0,1.0,0.0,,
2024-03-28 17:00:00,3563.23,3565.63,3537.48,3553.86,10911.908,0.000369,80,0.0,0.0,trending,,720.08929,0.0,0.0,,,720.08929,0.0,720.08929,,trending,0.0,{},,562.0,,,,,,,671.31801,0.0,0.0,0.0,671.31801,0.0,0.0,0.0,3e-06,0.0,1.0,0.0,,
2024-03-28 18:00:00,3553.85,3569.28,3551.05,3561.4,22989.4581,0.000369,80,0.0,0.0,trending,,720.08929,0.0,0.0,,,720.08929,0.0,720.08929,,trending,0.0,{},,563.0,,,,,,,671.31801,0.0,0.0,0.0,671.31801,0.0,0.0,0.0,-2e-06,0.0,1.0,0.0,,
2024-03-28 19:00:00,3561.39,3576.14,3559.58,3563.05,13145.3845,0.000369,80,0.0,0.0,trending,,720.08929,0.0,0.0,,,720.08929,0.0,720.08929,,trending,0.0,{},,564.0,,,,,,,671.31801,0.0,0.0,0.0,671.31801,0.0,0.0,0.0,-3e-06,0.0,1.0,0.0,,
2024-03-28 20:00:00,3563.06,3566.74,3552.0,3561.0,6887.5154,0.000369,80,0.0,0.0,trending,,720.08929,0.0,0.0,,,720.08929,0.0,720.08929,,trending,0.0,{},,565.0,,,,,,,671.31801,0.0,0.0,0.0,671.31801,0.0,0.0,0.0,-2e-06,0.0,1.0,0.0,,
2024-03-28 21:00:00,3561.0,3575.2,3547.8,3560.59,8838.8954,0.000369,80,0.0,0.0,trending,,720.08929,0.0,0.0,,,720.08929,0.0,720.08929,,trending,0.0,{},,566.0,,,,,,,671.31801,0.0,0.0,0.0,671.31801,0.0,0.0,0.0,-1e-06,0.0,1.0,0.0,,
2024-03-28 22:00:00,3560.59,3569.49,3541.37,3566.69,10555.6271,0.000369,80,0.0,0.0,trending,,720.08929,0.0,0.0,,,720.08929,0.0,720.08929,,trending,0.0,{},,567.0,,,,,,,671.31801,0.0,0.0,0.0,671.31801,0.0,0.0,0.0,-8e-06,0.0,1.0,0.0,,
2024-03-28 23:00:00,3566.69,3580.0,3558.43,3560.49,6772.2553,0.000369,80,0.0,0.0,trending,,720.08929,0.0,0.0,,,720.08929,0.0,720.08929,,trending,0.0,{},,568.0,,,,,,,671.31801,0.0,0.0,0.0,671.31801,0.0,0.0,0.0,-1e-06,0.0,1.0,0.0,,
2024-03-29 00:00:00,3560.49,3564.19,3552.8,3564.18,5859.1084,0.000341,79,0.0,0.0,trending,,720.08929,0.0,0.0,,,720.08929,0.0,720.08929,,trending,0.0,{},,569.0,,,,,,,671.31801,0.0,0.0,0.0,671.31801,0.0,0.0,0.0,-5e-06,0.0,1.0,0.0,,
2024-03-29 01:00:00,3564.19,3584.37,3560.6,3569.58,7721.8259,0.000341,79,0.0,0.0,trending,,720.08929,0.0,0.0,,,720.08929,0.0,720.08929,,trending,0.0,{},,570.0,,,,,,,671.31801,0.0,0.0,0.0,671.31801,0.0,0.0,0.0,-1.3e-05,0.0,1.0,0.0,,
2024-03-29 02:00:00,3569.57,3571.0,3551.35,3561.96,8060.7864,0.000341,79,0.0,0.0,trending,,720.08929,0.0,0.0,,,720.08929,0.0,720.08929,,trending,0.0,{},,571.0,,,,,,,671.31801,0.0,0.0,0.0,671.31801,0.0,0.0,0.0,-2e-06,0.0,1.0,0.0,,
2024-03-29 03:00:00,3561.95,3570.72,3550.05,3562.39,6978.1605,0.000341,79,0.0,0.0,trending,,720.08929,0.0,0.0,,,720.08929,0.0,720.08929,,trending,0.0,{},,572.0,,,,,,,671.31801,0.0,0.0,0.0,671.31801,0.0,0.0,0.0,-4e-06,0.0,1.0,0.0,,
2024-03-29 04:00:00,3562.39,3580.8,3555.38,3564.01,10422.4642,0.000341,79,0.0,0.0,trending,,720.08929,0.0,0.0,,,720.08929,0.0,720.08929,,trending,0.0,{},,573.0,,,,,,,671.31801,0.0,0.0,0.0,671.31801,0.0,0.0,0.0,-1e-05,0.0,1.0,0.0,,
2024-03-29 05:00:00,3564.0,3574.61,3555.48,3558.04,8065.6662,0.000341,79,0.0,0.0,trending,,720.08929,0.0,0.0,,,720.08929,0.0,720.08929,,trending,0.0,{},,574.0,,,,,,,671.31801,0.0,0.0,0.0,671.31801,0.0,0.0,0.0,1.2e-05,0.0,1.0,0.0,,
2024-03-29 06:00:00,3558.03,3575.0,3552.55,3574.61,18843.0116,0.000341,79,20.0,0.0,trending,,720.08929,0.0,2.0,True,True,718.649112,2.002004,720.08929,,trending,20.0,{},,575.0,ETHUSDT,2024-03-29 06:00:00,ETHUSDT,3574.61,0.402891,LONG,671.31801,0.0,0.0,0.0,671.31801,0.0,0.0,0.0,-4.9e-05,23.795813,1.0,23.795813,True,True
2024-03-29 07:00:00,3574.6,3576.27,3512.85,3519.43,21255.9464,0.000341,79,-20.0,0.0,trending,,696.439812,2.033958,-4.033958,False,,696.439812,2.033958,696.439812,,trending,-40.0,{},,576.0,ETHUSDT,2024-03-29 07:00:00,,,,,671.31801,0.0,0.0,0.0,671.31801,0.0,0.0,0.0,8.7e-05,-42.188816,1.0,-42.188816,False,
2024-03-29 08:00:00,3519.42,3546.03,3517.15,3536.8,25157.8502,0.000303,79,-19.810438,0.0,trending,,703.431032,2.023681,-4.004725,False,,703.431032,2.023681,703.431032,,trending,0.189562,{},,577.0,ETHUSDT,2024-03-29 08:00:00,,,,,671.31801,0.0,0.0,0.0,671.31801,0.0,0.0,0.0,4.1e-05,-19.810438,1.0,-19.810438,False,
2024-03-29 09:00:00,3536.79,3546.12,3521.26,3533.38,8646.9256,0.000303,79,-20.0,0.0,trending,,702.054522,2.025689,-4.025689,False,,702.054522,2.025689,702.054522,,trending,-0.189562,{},,578.0,ETHUSDT,2024-03-29 09:00:00,,,,,671.31801,0.0,0.0,0.0,671.31801,0.0,0.0,0.0,4.4e-05,-21.569702,1.0,-21.569702,False,
2024-03-29 10:00:00,3533.37,3551.49,3523.01,3551.18,10816.1032,0.000303,79,0.0,0.0,trending,,709.218813,2.015327,-2.015327,True,True,707.789505,0.0,709.218813,,trending,20.0,{},,579.0,ETHUSDT,2024-03-29 10:00:00,ETHUSDT,3551.18,0.402488,CLOSE,671.31801,0.0,0.0,0.0,671.31801,0.0,0.0,0.0,8e-06,0.0,1.0,0.0,True,True
2024-03-29 11:00:00,3551.18,3562.71,3545.4,3549.85,11236.296,0.000303,79,0.0,0.0,trending,,707.789505,0.0,0.0,,,707.789505,0.0,707.789505,,trending,0.0,{},,580.0,,,,,,,671.31801,0.0,0.0,0.0,671.31801,0.0,0.0,0.0,1.1e-05,0.0,1.0,0.0,,
2024-03-29 12:00:00,3549.86,3556.8,3533.8,3539.78,11250.7135,0.000303,79,0.0,0.0,trending,,707.789505,0.0,0.0,,,707.789505,0.0,707.789505,,trending,0.0,{},,581.0,,,,,,,671.31801,0.0,0.0,0.0,671.31801,0.0,0.0,0.0,3e-05,0.0,1.0,0.0,,
2024-03-29 13:00:00,3539.77,3558.0,3527.99,3548.5,9957.1899,0.000303,79,0.0,0.0,trending,,707.789505,0.0,0.0,,,707.789505,0.0,707.789505,,trending,0.0,{},,582.0,,,,,,,671.31801,0.0,0.0,0.0,671.31801,0.0,0.0,0.0,1.1e-05,0.0,1.0,0.0,,
2024-03-29 14:00:00,3548.51,3558.0,3540.8,3543.65,9779.1016,0.000303,79,0.0,0.0,trending,,707.789505,0.0,0.0,,,707.789505,0.0,707.789505,,trending,0.0,{},,583.0,,,,,,,671.31801,0.0,0.0,0.0,671.31801,0.0,0.0,0.0,2.7e-05,0.0,1.0,0.0,,
2024-03-29 15:00:00,3543.66,3547.95,3481.14,3488.53,33523.6023,0.000303,79,-20.0,0.0,trending,,707.789505,0.0,-2.0,True,True,706.373926,-2.004008,707.789505,,trending,-20.0,{},,584.0,ETHUSDT,2024-03-29 15:00:00,ETHUSDT,3488.53,0.405781,SHORT,671.31801,0.0,0.0,0.0,671.31801,0.0,0.0,0.0,0.0001,-48.141444,1.0,-48.141444,True,True
2024-03-29 16:00:00,3488.52,3502.36,3468.07,3479.36,20888.3722,0.000373,79,-20.0,0.0,trending,,710.094937,-1.988267,-0.011733,False,,710.094937,-1.988267,710.094937,,trending,0.0,{},,585.0,ETHUSDT,2024-03-29 16:00:00,,,,,671.31801,0.0,0.0,0.0,671.31801,0.0,0.0,0.0,8.7e-05,-41.513252,1.0,-41.513252,True,False
2024-03-29 17:00:00,3479.36,3495.7,3445.91,3485.23,27882.5439,0.000373,79,-20.0,0.0,trending,,707.713003,-1.998324,-0.001676,False,,707.713003,-1.998324,707.713003,,trending,0.0,{},,586.0,ETHUSDT,2024-03-29 17:00:00,,,,,671.31801,0.0,0.0,0.0,671.31801,0.0,0.0,0.0,6.7e-05,-31.820375,1.0,-31.820375,True,False
2024-03-29 18:00:00,3485.24,3496.11,3475.39,3492.63,7424.3648,0.000373,79,-20.0,0.0,trending,,704.710224,-2.0111,0.0111,False,,704.710224,-2.0111,704.710224,,trending,0.0,{},,587.0,ETHUSDT,2024-03-29 18:00:00,,,,,671.31801,0.0,0.0,0.0,671.31801,0.0,0.0,0.0,5.2e-05,-24.478547,1.0,-24.478547,True,False
2024-03-29 19:00:00,3492.63,3500.6,3483.68,3500.34,4569.9303,0.000373,79,-18.525698,0.0,trending,,701.581653,-2.024527,0.171958,False,,701.581653,-2.024527,701.581653,,trending,1.474302,{},,588.0,ETHUSDT,2024-03-29 19:00:00,,,,,671.31801,0.0,0.0,0.0,671.31801,0.0,0.0,0.0,3.9e-05,-18.525698,1.0,-18.525698,True,False
2024-03-29 20:00:00,3500.35,3501.0,3492.19,3497.2,14901.2361,0.000373,79,-19.249506,0.0,trending,,702.855805,-2.019044,0.094094,False,,702.855805,-2.019044,702.855805,,trending,-0.723809,{},,589.0,ETHUSDT,2024-03-29 20:00:00,,,,,671.31801,0.0,0.0,0.0,671.31801,0.0,0.0,0.0,4.1e-05,-19.249506,1.0,-19.249506,True,False
2024-03-29 21:00:00,3497.19,3499.6,3476.01,3485.3,21471.0579,0.000373,79,-20.0,0.0,trending,,707.684598,-1.998444,-0.001556,False,,707.684598,-1.998444,707.684598,,trending,-0.750494,{},,590.0,ETHUSDT,2024-03-29 21:00:00,,,,,671.31801,0.0,0.0,0.0,671.31801,0.0,0.0,0.0,4.9e-05,-23.127134,1.0,-23.127134,True,False
2024-03-29 22:00:00,3485.3,3522.03,3485.29,3521.89,10624.4524,0.000373,79,0.0,0.0,trending,,692.837073,-2.062701,2.062701,True,True,691.406527,0.0,692.837073,,trending,20.0,{},,591.0,ETHUSDT,2024-03-29 22:00:00,ETHUSDT,3521.89,-0.405781,CLOSE,671.31801,0.0,0.0,0.0,671.31801,0.0,0.0,0.0,5e-06,0.0,1.0,0.0,True,True
2024-03-29 23:00:00,3521.88,3524.55,3509.73,3509.74,7749.4695,0.000373,79,0.0,0.0,trending,,691.406527,0.0,0.0,,,691.406527,0.0,691.406527,,trending,0.0,{},,592.0,,,,,,,671.31801,0.0,0.0,0.0,671.31801,0.0,0.0,0.0,1.7e-05,0.0,1.0,0.0,,
2024-03-30 00:00:00,3509.74,3514.35,3501.16,3514.19,6720.3672,0.000242,75,0.0,0.0,trending,,691.406527,0.0,0.0,,,691.406527,0.0,691.406527,,trending,0.0,{},,593.0,,,,,,,671.31801,0.0,0.0,0.0,671.31801,0.0,0.0,0.0,1.2e-05,0.0,1.0,0.0,,
2024-03-30 01:00:00,3514.19,3521.89,3508.0,3511.41,7289.1004,0.000242,75,0.0,0.0,trending,,691.406527,0.0,0.0,,,691.406527,0.0,691.406527,,trending,0.0,{},,594.0,,,,,,,671.31801,0.0,0.0,0.0,671.31801,0.0,0.0,0.0,1.6e-05,0.0,1.0,0.0,,
2024-03-30 02:00:00,3511.4,3512.74,3501.8,3506.26,6094.9913,0.000242,75,0.0,0.0,trending,,691.406527,0.0,0.0,,,691.406527,0.0,691.406527,,trending,0.0,{},,595.0,,,,,,,671.31801,0.0,0.0,0.0,671.31801,0.0,0.0,0.0,2.2e-05,0.0,1.0,0.0,,
2024-03-30 03:00:00,3506.26,3509.43,3486.58,3490.0,14088.8186,0.000242,75,-18.615431,0.0,trending,,691.406527,0.0,-1.861543,True,True,690.119444,-1.865015,691.406527,,trending,-18.615431,{},,596.0,ETHUSDT,2024-03-30 03:00:00,ETHUSDT,3490.0,0.368792,SHORT,671.31801,0.0,0.0,0.0,671.31801,0.0,0.0,0.0,4e-05,-18.615431,1.0,-18.615431,True,True
2024-03-30 04:00:00,3489.99,3511.01,3487.0,3507.42,14237.6309,0.000242,75,0.0,0.0,trending,,683.695092,-1.891936,1.891936,True,True,682.40029,0.0,683.695092,,trending,18.615431,{},,597.0,ETHUSDT,2024-03-30 04:00:00,ETHUSDT,3507.42,-0.368792,CLOSE,671.31801,0.0,0.0,0.0,671.31801,0.0,0.0,0.0,1.6e-05,0.0,1.0,0.0,True,True
2024-03-30 05:00:00,3507.41,3532.77,3505.09,3508.01,22373.9,0.000242,75,0.0,0.0,trending,,682.40029,0.0,0.0,,,682.40029,0.0,682.40029,,trending,0.0,{},,598.0,,,,,,,671.31801,0.0,0.0,0.0,671.31801,0.0,0.0,0.0,1.6e-05,0.0,1.0,0.0,,
2024-03-30 06:00:00,3508.0,3508.56,3493.48,3499.6,11278.1963,0.000242,75,0.0,0.0,trending,,682.40029,0.0,0.0,,,682.40029,0.0,682.40029,,trending,0.0,{},,599.0,,,,,,,671.31801,0.0,0.0,0.0,671.31801,0.0,0.0,0.0,3.1e-05,0.0,1.0,0.0,,
2024-03-30 07:00:00,3499.59,3503.0,3492.34,3492.64,8188.9714,0.000242,75,-18.682096,0.0,trending,,682.40029,0.0,-1.86821,True,True,681.125423,-1.871706,682.40029,,trending,-18.682096,{},,600.0,ETHUSDT,2024-03-30 07:00:00,ETHUSDT,3492.64,0.365015,SHORT,671.31801,0.0,0.0,0.0,671.31801,0.0,0.0,0.0,4e-05,-18.682096,1.0,-18.682096,True,True
2024-03-30 08:00:00,3492.65,3510.0,3492.2,3505.24,10240.7911,0.000249,75,0.0,0.0,trending,,676.526231,-1.891229,1.891229,True,True,675.245485,0.0,676.526231,,trending,18.682096,{},,601.0,ETHUSDT,2024-03-30 08:00:00,ETHUSDT,3505.24,-0.365015,CLOSE,671.31801,0.0,0.0,0.0,671.31801,0.0,0.0,0.0,1.7e-05,0.0,1.0,0.0,True,True
2024-03-30 09:00:00,3505.24,3515.25,3500.6,3515.25,7923.5071,0.000249,75,0.0,0.0,trending,,675.245485,0.0,0.0,,,675.245485,0.0,675.245485,,trending,0.0,{},,602.0,,,,,,,671.31801,0.0,0.0,0.0,671.31801,0.0,0.0,0.0,-1e-06,0.0,1.0,0.0,,
2024-03-30 10:00:00,3515.25,3529.39,3509.57,3526.88,8073.7671,0.000249,75,0.0,0.0,trending,,675.245485,0.0,0.0,,,675.245485,0.0,675.245485,,trending,0.0,{},,603.0,,,,,,,671.31801,0.0,0.0,0.0,671.31801,0.0,0.0,0.0,-2.2e-05,0.0,1.0,0.0,,
2024-03-30 11:00:00,3526.88,3564.0,3526.57,3560.0,17536.2912,0.000249,75,20.0,0.0,trending,,675.245485,0.0,2.0,True,True,673.894994,2.002004,675.245485,,trending,20.0,{},,604.0,ETHUSDT,2024-03-30 11:00:00,ETHUSDT,3560.0,0.379351,LONG,671.31801,0.0,0.0,0.0,671.31801,0.0,0.0,0.0,-6.6e-05,30.447621,1.0,30.447621,True,True
2024-03-30 12:00:00,3559.99,3565.81,3548.4,3552.0,8263.268,0.000249,75,20.0,0.0,trending,,670.863217,2.006532,-0.006532,False,,670.863217,2.006532,670.863217,,trending,0.0,{},,605.0,ETHUSDT,2024-03-30 12:00:00,,,,,671.31801,0.0,0.0,0.0,671.31801,0.0,0.0,0.0,-4.9e-05,22.512704,1.0,22.512704,True,False
2024-03-30 13:00:00,3551.99,3552.97,3535.26,3543.47,7117.3214,0.000249,75,15.760513,0.0,trending,,667.630586,2.011406,-0.435355,True,True,667.33993,1.576738,667.630586,,trending,-4.239487,{},,606.0,ETHUSDT,2024-03-30 13:00:00,ETHUSDT,3543.47,0.082026,REDUCE_LONG,671.31801,0.0,0.0,0.0,671.31801,0.0,0.0,0.0,-3.4e-05,15.760513,1.0,15.760513,True,True
2024-03-30 14:00:00,3543.47,3547.34,3531.0,3534.19,5793.6034,0.000249,75,0.0,0.0,trending,,664.584269,1.579129,-1.579129,True,True,663.534804,0.0,664.584269,,trending,-15.760513,{},,607.0,ETHUSDT,2024-03-30 14:00:00,ETHUSDT,3534.19,0.296946,CLOSE,671.31801,0.0,0.0,0.0,671.31801,0.0,0.0,0.0,-1.8e-05,0.0,1.0,0.0,True,True
2024-03-30 15:00:00,3534.19,3548.92,3532.76,3536.61,7492.4247,0.000249,75,0.0,0.0,trending,,663.534804,0.0,0.0,,,663.534804,0.0,663.534804,,trending,0.0,{},,608.0,,,,,,,671.31801,0.0,0.0,0.0,671.31801,0.0,0.0,0.0,-2.2e-05,0.0,1.0,0.0,,
2024-03-30 16:00:00,3536.6,3547.71,3526.17,3542.53,8240.5673,0.000452,75,0.0,0.0,trending,,663.534804,0.0,0.0,,,663.534804,0.0,663.534804,,trending,0.0,{},,609.0,,,,,,,671.31801,0.0,0.0,0.0,671.31801,0.0,0.0,0.0,-3.2e-05,0.0,1.0,0.0,,
2024-03-30 17:00:00,3542.53,3542.54,3526.08,3531.96,5873.478,0.000452,75,0.0,0.0,trending,,663.534804,0.0,0.0,,,663.534804,0.0,663.534804,,trending,0.0,{},,610.0,,,,,,,671.31801,0.0,0.0,0.0,671.31801,0.0,0.0,0.0,-1.1e-05,0.0,1.0,0.0,,
2024-03-30 18:00:00,3531.97,3531.97,3519.91,3524.75,5054.4745,0.000452,75,0.0,0.0,trending,,663.534804,0.0,0.0,,,663.534804,0.0,663.534804,,trending,0.0,{},,611.0,,,,,,,671.31801,0.0,0.0,0.0,671.31801,0.0,0.0,0.0,3e-06,0.0,1.0,0.0,,
2024-03-30 19:00:00,3524.75,3524.75,3485.0,3509.02,14996.0283,0.000452,75,0.0,0.0,trending,,663.534804,0.0,0.0,,,663.534804,0.0,663.534804,,trending,0.0,{},,612.0,,,,,,,671.31801,0.0,0.0,0.0,671.31801,0.0,0.0,0.0,3.2e-05,0.0,1.0,0.0,,
2024-03-30 20:00:00,3509.02,3511.99,3498.47,3505.81,4695.2345,0.000452,75,-17.745383,0.0,trending,,663.534804,0.0,-1.774538,True,True,662.357336,-1.777693,663.534804,,trending,-17.745383,{},,613.0,ETHUSDT,2024-03-30 20:00:00,ETHUSDT,3505.81,0.335862,SHORT,671.31801,0.0,0.0,0.0,671.31801,0.0,0.0,0.0,3.9e-05,-17.745383,1.0,-17.745383,True,True
2024-03-30 21:00:00,3505.81,3510.9,3494.88,3504.25,4557.6891,0.000452,75,-20.0,0.0,trending,,662.881281,-1.775497,-0.224503,True,True,662.732462,-2.000449,662.881281,,trending,-2.254617,{},,614.0,ETHUSDT,2024-03-30 21:00:00,ETHUSDT,3504.25,0.042468,SHORT,671.31801,0.0,0.0,0.0,671.31801,0.0,0.0,0.0,4.4e-05,-20.165798,1.0,-20.165798,True,True
2024-03-30 22:00:00,3504.25,3519.0,3500.46,3506.4,5371.2208,0.000452,75,-17.288001,0.0,trending,,661.919053,-2.004136,0.275336,True,True,661.73662,-1.729277,661.919053,,trending,2.711999,{},,615.0,ETHUSDT,2024-03-30 22:00:00,ETHUSDT,3506.4,0.051976,REDUCE_SHORT,671.31801,0.0,0.0,0.0,671.31801,0.0,0.0,0.0,3.8e-05,-17.288001,1.0,-17.288001,True,True
2024-03-30 23:00:00,3506.39,3510.22,3496.39,3505.64,4523.6208,0.000452,75,-18.010203,0.0,trending,,661.984649,-1.728254,-0.072766,False,,661.984649,-1.728254,661.984649,,trending,-0.722202,{},,616.0,ETHUSDT,2024-03-30 23:00:00,,,,,671.31801,0.0,0.0,0.0,671.31801,0.0,0.0,0.0,3.9e-05,-18.010203,1.0,-18.010203,True,False
2024-03-31 00:00:00,3505.65,3520.0,3505.09,3518.2,5996.1466,0.000265,75,0.0,0.0,trending,,657.88565,-1.745253,1.745253,True,True,656.736324,0.0,657.88565,,trending,18.010203,{},,617.0,ETHUSDT,2024-03-31 00:00:00,ETHUSDT,3518.2,-0.326353,CLOSE,671.31801,0.0,0.0,0.0,671.31801,0.0,0.0,0.0,4e-06,0.0,1.0,0.0,True,True
2024-03-31 01:00:00,3518.2,3528.77,3515.0,3523.31,5838.503,0.000265,75,0.0,0.0,trending,,656.736324,0.0,0.0,,,656.736324,0.0,656.736324,,trending,0.0,{},,618.0,,,,,,,671.31801,0.0,0.0,0.0,671.31801,0.0,0.0,0.0,-9e-06,0.0,1.0,0.0,,
2024-03-31 03:00:00,3523.31,3544.07,3520.03,3537.26,13266.2289,0.000265,75,19.090087,0.0,trending,,656.736324,0.0,1.909009,True,True,655.482608,1.910747,656.736324,,trending,19.090087,{},,619.0,ETHUSDT,2024-03-31 03:00:00,ETHUSDT,3537.26,0.354431,LONG,671.31801,0.0,0.0,0.0,671.31801,0.0,0.0,0.0,-4.1e-05,19.090087,1.0,19.090087,True,True
2024-03-31 04:00:00,3537.26,3547.96,3532.42,3543.01,4642.0967,0.000265,75,20.0,0.0,trending,,657.51855,1.907927,0.092073,False,,657.51855,1.907927,657.51855,,trending,0.909913,{},,620.0,ETHUSDT,2024-03-31 04:00:00,,,,,671.31801,0.0,0.0,0.0,671.31801,0.0,0.0,0.0,-5.5e-05,25.50141,1.0,25.50141,True,False
2024-03-31 05:00:00,3543.01,3607.97,3540.0,3604.2,33620.1937,0.000265,75,20.0,0.0,trending,,679.184509,1.878964,0.121036,False,,679.184509,1.878964,679.184509,,trending,0.0,{},,621.0,ETHUSDT,2024-03-31 05:00:00,,,,,671.31801,0.0,0.0,0.0,671.31801,0.0,0.0,0.0,-0.000105,49.073286,1.0,49.073286,True,False
2024-03-31 06:00:00,3604.2,3631.99,3604.03,3615.99,25906.5206,0.000265,75,20.0,0.0,trending,,683.359074,1.873595,0.126405,False,,683.359074,1.873595,683.359074,,trending,0.0,{},,622.0,ETHUSDT,2024-03-31 06:00:00,,,,,671.31801,0.0,0.0,0.0,671.31801,0.0,0.0,0.0,-9.2e-05,42.549715,1.0,42.549715,True,False
2024-03-31 07:00:00,3615.99,3629.21,3610.93,3625.38,11773.8272,0.000265,75,20.0,0.0,trending,,686.683855,1.869365,0.130635,False,,686.683855,1.869365,686.683855,,trending,0.0,{},,623.0,ETHUSDT,2024-03-31 07:00:00,,,,,671.31801,0.0,0.0,0.0,671.31801,0.0,0.0,0.0,-8.3e-05,38.363339,1.0,38.363339,True,False
2024-03-31 08:00:00,3625.38,3632.8,3614.0,3617.82,11112.2078,0.000654,75,20.0,0.0,trending,,684.007034,1.872767,0.127233,False,,684.007034,1.872767,684.007034,,trending,0.0,{},,624.0,ETHUSDT,2024-03-31 08:00:00,,,,,671.31801,0.0,0.0,0.0,671.31801,0.0,0.0,0.0,-6.7e-05,31.041094,1.0,31.041094,True,False
2024-03-31 09:00:00,3617.81,3618.45,3601.2,3601.21,7578.6676,0.000654,75,20.0,0.0,trending,,678.125819,1.880337,0.119663,False,,678.125819,1.880337,678.125819,,trending,0.0,{},,625.0,ETHUSDT,2024-03-31 09:00:00,,,,,671.31801,0.0,0.0,0.0,671.31801,0.0,0.0,0.0,-4.6e-05,20.882053,1.0,20.882053,True,False
2024-03-31 10:00:00,3601.2,3609.7,3601.2,3604.76,6155.2292,0.000654,75,20.0,0.0,trending,,679.382792,1.878708,0.121292,False,,679.382792,1.878708,679.382792,,trending,0.0,{},,626.0,ETHUSDT,2024-03-31 10:00:00,,,,,671.31801,0.0,0.0,0.0,671.31801,0.0,0.0,0.0,-4.6e-05,21.13406,1.0,21.13406,True,False
2024-03-31 11:00:00,3604.76,3612.39,3600.38,3609.2,8397.7301,0.000654,75,20.0,0.0,trending,,680.954893,1.876679,0.123321,False,,680.954893,1.876679,680.954893,,trending,0.0,{},,627.0,ETHUSDT,2024-03-31 11:00:00,,,,,671.31801,0.0,0.0,0.0,671.31801,0.0,0.0,0.0,-4.7e-05,21.491906,1.0,21.491906,True,False
2024-03-31 12:00:00,3609.2,3627.53,3606.78,3616.33,10218.5787,0.000654,75,20.0,0.0,trending,,683.47946,1.873441,0.126559,False,,683.47946,1.873441,683.47946,,trending,0.0,{},,628.0,ETHUSDT,2024-03-31 12:00:00,,,,,671.31801,0.0,0.0,0.0,671.31801,0.0,0.0,0.0,-4.9e-05,22.263764,1.0,22.263764,True,False
2024-03-31 13:00:00,3616.33,3630.0,3616.2,3623.44,10361.0297,0.000654,75,20.0,0.0,trending,,685.996946,1.870236,0.129764,False,,685.996946,1.870236,685.996946,,trending,0.0,{},,629.0,ETHUSDT,2024-03-31 13:00:00,,,,,671.31801,0.0,0.0,0.0,671.31801,0.0,0.0,0.0,-5e-05,22.739424,1.0,22.739424,True,False
2024-03-31 14:00:00,3623.45,3638.0,3616.0,3622.35,10827.724,0.000654,75,20.0,0.0,trending,,685.611002,1.870726,0.129274,False,,685.611002,1.870726,685.611002,,trending,0.0,{},,630.0,ETHUSDT,2024-03-31 14:00:00,,,,,671.31801,0.0,0.0,0.0,671.31801,0.0,0.0,0.0,-4.7e-05,21.248201,1.0,21.248201,True,False
2024-03-31 15:00:00,3622.35,3624.6,3613.03,3617.68,8157.7942,0.000654,75,18.272592,0.0,trending,,683.957464,1.872831,-0.045571,False,,683.957464,1.872831,683.957464,,trending,-1.727408,{},,631.0,ETHUSDT,2024-03-31 15:00:00,,,,,671.31801,0.0,0.0,0.0,671.31801,0.0,0.0,0.0,-4e-05,18.272592,1.0,18.272592,True,False
2024-03-31 16:00:00,3617.69,3633.81,3617.32,3621.0,8460.6032,0.000654,75,18.750183,0.0,trending,,685.132999,1.871333,0.003685,False,,685.132999,1.871333,685.132999,,trending,0.477591,{},,632.0,ETHUSDT,2024-03-31 16:00:00,,,,,671.31801,0.0,0.0,0.0,671.31801,0.0,0.0,0.0,-4.1e-05,18.750183,1.0,18.750183,True,False
2024-03-31 17:00:00,3621.0,3629.83,3620.14,3626.58,4911.3682,0.000583,75,19.703733,0.0,trending,,687.108747,1.868828,0.101546,False,,687.108747,1.868828,687.108747,,trending,0.95355,{},,633.0,ETHUSDT,2024-03-31 17:00:00,,,,,671.31801,0.0,0.0,0.0,671.31801,0.0,0.0,0.0,-4.3e-05,19.703733,1.0,19.703733,True,False
2024-03-31 18:00:00,3626.59,3655.32,3623.0,3629.19,15264.4942,0.000583,75,20.0,0.0,trending,,688.032888,1.867661,0.132339,False,,688.032888,1.867661,688.032888,,trending,0.296267,{},,634.0,ETHUSDT,2024-03-31 18:00:00,,,,,671.31801,0.0,0.0,0.0,671.31801,0.0,0.0,0.0,-4.4e-05,20.132313,1.0,20.132313,True,False
2024-03-31 19:00:00,3629.18,3643.71,3613.75,3638.18,12453.9052,0.000583,75,20.0,0.0,trending,,691.216038,1.863665,0.136335,False,,691.216038,1.863665,691.216038,,trending,0.0,{},,635.0,ETHUSDT,2024-03-31 19:00:00,,,,,671.31801,0.0,0.0,0.0,671.31801,0.0,0.0,0.0,-4.9e-05,22.195889,1.0,22.195889,True,False
2024-03-31 20:00:00,3638.19,3644.06,3629.16,3633.25,6054.9244,0.000583,75,19.594643,0.0,trending,,689.470439,1.865852,0.093613,False,,689.470439,1.865852,689.470439,,trending,-0.405357,{},,636.0,ETHUSDT,2024-03-31 20:00:00,,,,,671.31801,0.0,0.0,0.0,671.31801,0.0,0.0,0.0,-4.3e-05,19.594643,1.0,19.594643,True,False
2024-03-31 21:00:00,3633.24,3639.61,3617.8,3625.32,7404.4659,0.000583,75,15.540068,0.0,trending,,686.66261,1.869392,-0.315385,True,True,686.446047,1.554497,686.66261,,trending,-4.054575,{},,637.0,ETHUSDT,2024-03-31 21:00:00,ETHUSDT,3625.32,0.059736,REDUCE_LONG,671.31801,0.0,0.0,0.0,671.31801,0.0,0.0,0.0,-3.4e-05,15.540068,1.0,15.540068,True,True
2024-03-31 22:00:00,3625.32,3639.82,3623.2,3629.8,6739.7872,0.000583,75,18.186825,0.0,trending,,687.764692,1.553434,0.265249,True,True,687.582264,1.8189,687.764692,,trending,2.646757,{},,638.0,ETHUSDT,2024-03-31 22:00:00,ETHUSDT,3629.8,0.050259,LONG,671.31801,0.0,0.0,0.0,671.31801,0.0,0.0,0.0,-4e-05,18.186825,1.0,18.186825,True,True
2024-03-31 23:00:00,3629.8,3650.6,3628.8,3645.29,8322.9614,0.000583,75,20.0,0.0,trending,,692.919324,1.812592,0.187408,False,,692.919324,1.812592,692.919324,,trending,1.813175,{},,639.0,ETHUSDT,2024-03-31 23:00:00,,,,,671.31801,0.0,0.0,0.0,671.31801,0.0,0.0,0.0,-5.5e-05,24.757621,1.0,24.757621,True,False
2024-04-01 00:00:00,3645.29,3645.95,3614.6,3625.41,12065.4509,0.000609,79,0.0,0.0,trending,,686.069695,1.820705,-1.820705,True,True,684.820564,0.0,686.069695,,trending,-20.0,{},,640.0,ETHUSDT,2024-04-01 00:00:00,ETHUSDT,3625.41,0.344549,CLOSE,671.31801,0.0,0.0,0.0,671.31801,0.0,0.0,0.0,-3e-05,0.0,1.0,0.0,True,True
2024-04-01 01:00:00,3625.41,3627.0,3606.26,3609.79,9330.8143,0.000609,79,0.0,0.0,trending,,684.820564,0.0,0.0,,,684.820564,0.0,684.820564,,trending,0.0,{},,641.0,,,,,,,671.31801,0.0,0.0,0.0,671.31801,0.0,0.0,0.0,-1e-05,0.0,1.0,0.0,,
2024-04-01 02:00:00,3609.79,3615.38,3606.06,3613.01,7111.2755,0.000609,79,0.0,0.0,trending,,684.820564,0.0,0.0,,,684.820564,0.0,684.820564,,trending,0.0,{},,642.0,,,,,,,671.31801,0.0,0.0,0.0,671.31801,0.0,0.0,0.0,-1.8e-05,0.0,1.0,0.0,,
2024-04-01 03:00:00,3613.01,3620.0,3600.74,3610.42,8821.0982,0.000609,79,0.0,0.0,trending,,684.820564,0.0,0.0,,,684.820564,0.0,684.820564,,trending,0.0,{},,643.0,,,,,,,671.31801,0.0,0.0,0.0,671.31801,0.0,0.0,0.0,-1.7e-05,0.0,1.0,0.0,,
2024-04-01 04:00:00,3610.41,3613.3,3600.0,3600.41,6671.0959,0.000609,79,0.0,0.0,trending,,684.820564,0.0,0.0,,,684.820564,0.0,684.820564,,trending,0.0,{},,644.0,,,,,,,671.31801,0.0,0.0,0.0,671.31801,0.0,0.0,0.0,1.3e-05,0.0,1.0,0.0,,
2024-04-01 05:00:00,3600.41,3605.9,3500.0,3510.0,44533.1559,0.000609,79,-20.0,0.0,trending,,684.820564,0.0,-2.0,True,True,683.450923,-2.004008,684.820564,,trending,-20.0,{},,645.0,ETHUSDT,2024-04-01 05:00:00,ETHUSDT,3510.0,0.390211,SHORT,671.31801,0.0,0.0,0.0,671.31801,0.0,0.0,0.0,0.000103,-46.569572,1.0,-46.569572,True,True
2024-04-01 06:00:00,3510.0,3547.94,3502.23,3542.3,31222.7834,0.000609,79,-20.0,0.0,trending,,670.847103,-2.060447,0.060447,False,,670.847103,-2.060447,670.847103,,trending,0.0,{},,646.0,ETHUSDT,2024-04-01 06:00:00,,,,,671.31801,0.0,0.0,0.0,671.31801,0.0,0.0,0.0,4.7e-05,-21.257626,1.0,-21.257626,True,False
2024-04-01 07:00:00,3542.31,3555.71,3538.98,3546.88,16263.6761,0.000609,79,-17.244751,0.0,trending,,669.059936,-2.068622,0.344147,True,True,668.82945,-1.725069,669.059936,,trending,2.755249,{},,647.0,ETHUSDT,2024-04-01 07:00:00,ETHUSDT,3546.88,0.064918,REDUCE_SHORT,671.31801,0.0,0.0,0.0,671.31801,0.0,0.0,0.0,3.8e-05,-17.244751,1.0,-17.244751,True,True
2024-04-01 08:00:00,3546.88,3546.89,3520.07,3534.2,19599.453,0.000358,79,-19.032026,0.0,trending,,672.954173,-1.708367,-0.194836,False,,672.954173,-1.708367,672.954173,,trending,-1.787275,{},,648.0,ETHUSDT,2024-04-01 08:00:00,,,,,671.31801,0.0,0.0,0.0,671.31801,0.0,0.0,0.0,4.2e-05,-19.032026,1.0,-19.032026,True,False
2024-04-01 09:00:00,3534.19,3551.25,3534.19,3539.93,8313.0817,0.000358,79,-15.321531,0.0,trending,,671.09024,-1.715889,0.183736,False,,671.09024,-1.715889,671.09024,,trending,3.710495,{},,649.0,ETHUSDT,2024-04-01 09:00:00,,,,,671.31801,0.0,0.0,0.0,671.31801,0.0,0.0,0.0,3.4e-05,-15.321531,1.0,-15.321531,True,False
2024-04-01 10:00:00,3539.93,3547.19,3529.69,3546.45,6887.0532,0.000358,79,0.0,0.0,trending,,668.969326,-1.7245,1.7245,True,True,667.814534,0.0,668.969326,,trending,15.321531,{},,650.0,ETHUSDT,2024-04-01 10:00:00,ETHUSDT,3546.45,-0.325294,CLOSE,671.31801,0.0,0.0,0.0,671.31801,0.0,0.0,0.0,2.7e-05,0.0,1.0,0.0,True,True
2024-04-01 11:00:00,3546.45,3560.17,3535.9,3537.98,9837.3402,0.000358,79,0.0,0.0,trending,,667.814534,0.0,0.0,,,667.814534,0.0,667.814534,,trending,0.0,{},,651.0,,,,,,,671.31801,0.0,0.0,0.0,671.31801,0.0,0.0,0.0,3e-05,0.0,1.0,0.0,,
2024-04-01 12:00:00,3537.98,3559.56,3534.74,3558.01,9474.7485,0.000358,79,0.0,0.0,trending,,667.814534,0.0,0.0,,,667.814534,0.0,667.814534,,trending,0.0,{},,652.0,,,,,,,671.31801,0.0,0.0,0.0,671.31801,0.0,0.0,0.0,1.3e-05,0.0,1.0,0.0,,
2024-04-01 13:00:00,3558.01,3570.58,3546.81,3555.21,14480.524,0.000358,79,0.0,0.0,trending,,667.814534,0.0,0.0,,,667.814534,0.0,667.814534,,trending,0.0,{},,653.0,,,,,,,671.31801,0.0,0.0,0.0,671.31801,0.0,0.0,0.0,1.5e-05,0.0,1.0,0.0,,
2024-04-01 14:00:00,3555.21,3557.54,3491.7,3508.49,30551.9514,0.000358,79,-17.09347,0.0,trending,,667.814534,0.0,-1.709347,True,True,666.673008,-1.712274,667.814534,,trending,-17.09347,{},,654.0,ETHUSDT,2024-04-01 14:00:00,ETHUSDT,3508.49,0.325361,SHORT,671.31801,0.0,0.0,0.0,671.31801,0.0,0.0,0.0,3.8e-05,-17.09347,1.0,-17.09347,True,True
2024-04-01 15:00:00,3508.5,3513.99,3437.23,3444.04,58240.9081,0.000358,79,-20.0,0.0,trending,,687.642542,-1.629564,-0.370436,True,True,687.387814,-2.000741,687.642542,,trending,-2.90653,{},,655.0,ETHUSDT,2024-04-01 15:00:00,ETHUSDT,3444.04,0.073962,SHORT,671.31801,0.0,0.0,0.0,671.31801,0.0,0.0,0.0,5.1e-05,-22.921135,1.0,-22.921135,True,True
2024-04-01 16:00:00,3444.04,3463.67,3433.0,3444.99,27282.917,0.000194,79,-20.0,0.0,trending,,687.008457,-2.002398,0.002398,False,,687.008457,-2.002398,687.008457,,trending,0.0,{},,656.0,ETHUSDT,2024-04-01 16:00:00,,,,,671.31801,0.0,0.0,0.0,671.31801,0.0,0.0,0.0,4.6e-05,-20.302898,1.0,-20.302898,True,False
2024-04-01 17:00:00,3444.99,3451.01,3413.71,3443.55,21969.8737,0.000194,79,-18.978664,0.0,trending,,687.583483,-1.999887,0.102021,False,,687.583483,-1.999887,687.583483,,trending,1.021336,{},,657.0,ETHUSDT,2024-04-01 17:00:00,,,,,671.31801,0.0,0.0,0.0,671.31801,0.0,0.0,0.0,4.3e-05,-18.978664,1.0,-18.978664,True,False
2024-04-01 18:00:00,3443.55,3448.96,3418.93,3446.83,13115.5115,0.000194,79,-17.247415,0.0,trending,,686.273702,-2.005613,0.280871,True,True,686.080755,-1.725227,686.273702,,trending,1.73125,{},,658.0,ETHUSDT,2024-04-01 18:00:00,ETHUSDT,3446.83,0.055922,REDUCE_SHORT,671.31801,0.0,0.0,0.0,671.31801,0.0,0.0,0.0,3.9e-05,-17.247415,1.0,-17.247415,True,True
2024-04-01 19:00:00,3446.82,3489.18,3442.49,3486.33,16109.9161,0.000194,79,0.0,0.0,trending,,672.516417,-1.780193,1.780193,True,True,671.31801,0.0,672.516417,,trending,17.247415,{},,659.0,ETHUSDT,2024-04-01 19:00:00,ETHUSDT,3486.33,-0.343401,CLOSE,671.31801,0.0,0.0,0.0,671.31801,0.0,0.0,0.0,1.8e-05,0.0,1.0,0.0,True,True
2024-04-01 20:00:00,3486.33,3497.38,3471.32,3495.99,10626.6613,0.000194,79,0.0,0.0,trending,,671.31801,0.0,0.0,,,671.31801,0.0,671.31801,,trending,0.0,{},,660.0,,,,,,,671.31801,0.0,0.0,0.0,671.31801,0.0,0.0,0.0,1.4e-05,0.0,1.0,0.0,,
2024-04-01 21:00:00,3495.99,3504.57,3484.44,3492.8,12688.9584,0.000194,79,0.0,0.0,trending,,671.31801,0.0,0.0,,,671.31801,0.0,671.31801,,trending,0.0,{},,661.0,,,,,,,671.31801,0.0,0.0,0.0,671.31801,0.0,0.0,0.0,1.6e-05,0.0,1.0,0.0,,
