timestamp,open,high,low,close,volume,funding_rate,fear_greed,forecast,confidence,regime,strategy,total_portfolio_value,previous_allocation,allocation_change,approved_rebalance,succcess_execute_portfolio_rebalance,postRebalance_total_value,postRebalance_current_allocation,portfolio_value,debug_info.error,debug_info.regime,debug_info.forecast_delta,debug_info.regime_scores,debug_info.regime_margin,debug_info.bars_in_regime,debug_approve_allocation_change.symbol,debug_approve_allocation_change.time,debug_execute_portfolio_rebalance.symbol,debug_execute_portfolio_rebalance.price,debug_execute_portfolio_rebalance.quantity,debug_execute_portfolio_rebalance.trade_type,balances.USDT.free,balances.USDT.locked,balances.BTCUSDT.free,balances.BTCUSDT.locked,postRebalance_balances.USDT.free,postRebalance_balances.USDT.locked,postRebalance_balances.BTCUSDT.free,postRebalance_balances.BTCUSDT.locked,debug_info.components.keltner_lower.last_history_value,debug_info.components.keltner_lower.post_pipeline_value,debug_info.components.keltner_lower.weight_normalized,debug_info.components.keltner_lower.weighted_contribution,debug_approve_allocation_change.controls.max_allocation_change.passed,debug_approve_allocation_change.controls.min_allocation_change.passed
2024-05-01 00:00:00,60672.01,60841.63,60078.52,60240.57,1687.69405,0.0001,54,0.0,0.0,NOT_READY,,1000.0,0.0,0.0,,,1000.0,0.0,1000.0,Strategy not ready,,,,,,,,,,,,800.00731,0.0,0.0,0.0,800.00731,0.0,0.0,0.0,,,,,,
2024-05-01 01:00:00,60240.58,60408.29,59850.06,60133.78,1900.93637,0.0001,54,0.0,0.0,NOT_READY,,1000.0,0.0,0.0,,,1000.0,0.0,1000.0,Strategy not ready,,,,,,,,,,,,800.00731,0.0,0.0,0.0,800.00731,0.0,0.0,0.0,,,,,,
2024-05-01 02:00:00,60133.79,60177.68,59590.0,59927.99,2096.94562,0.0001,54,0.0,0.0,NOT_READY,,1000.0,0.0,0.0,,,1000.0,0.0,1000.0,Strategy not ready,,,,,,,,,,,,800.00731,0.0,0.0,0.0,800.00731,0.0,0.0,0.0,,,,,,
2024-05-01 03:00:00,59927.99,60317.88,59903.17,60246.03,844.90119,0.0001,54,0.0,0.0,NOT_READY,,1000.0,0.0,0.0,,,1000.0,0.0,1000.0,Strategy not ready,,,,,,,,,,,,800.00731,0.0,0.0,0.0,800.00731,0.0,0.0,0.0,,,,,,
2024-05-01 04:00:00,60246.02,60361.09,60190.0,60283.99,837.69201,0.0001,54,0.0,0.0,NOT_READY,,1000.0,0.0,0.0,,,1000.0,0.0,1000.0,Strategy not ready,,,,,,,,,,,,800.00731,0.0,0.0,0.0,800.00731,0.0,0.0,0.0,,,,,,
2024-05-01 05:00:00,60283.99,60334.76,59931.59,60050.0,891.00474,0.0001,54,0.0,0.0,NOT_READY,,1000.0,0.0,0.0,,,1000.0,0.0,1000.0,Strategy not ready,,,,,,,,,,,,800.00731,0.0,0.0,0.0,800.00731,0.0,0.0,0.0,,,,,,
2024-05-01 06:00:00,60049.99,60113.24,59500.55,59529.94,1347.11313,0.0001,54,0.0,0.0,NOT_READY,,1000.0,0.0,0.0,,,1000.0,0.0,1000.0,Strategy not ready,,,,,,,,,,,,800.00731,0.0,0.0,0.0,800.00731,0.0,0.0,0.0,,,,,,
2024-05-01 07:00:00,59529.94,59569.23,57100.0,57499.99,12661.81057,0.0001,54,0.0,0.0,NOT_READY,,1000.0,0.0,0.0,,,1000.0,0.0,1000.0,Strategy not ready,,,,,,,,,,,,800.00731,0.0,0.0,0.0,800.00731,0.0,0.0,0.0,,,,,,
2024-05-01 08:00:00,57500.0,57596.63,56552.82,57169.69,10517.34359,8.9e-05,54,0.0,0.0,NOT_READY,,1000.0,0.0,0.0,,,1000.0,0.0,1000.0,Strategy not ready,,,,,,,,,,,,800.00731,0.0,0.0,0.0,800.00731,0.0,0.0,0.0,,,,,,
2024-05-01 09:00:00,57169.7,57653.34,57042.0,57115.61,3511.69138,8.9e-05,54,0.0,0.0,NOT_READY,,1000.0,0.0,0.0,,,1000.0,0.0,1000.0,Strategy not ready,,,,,,,,,,,,800.00731,0.0,0.0,0.0,800.00731,0.0,0.0,0.0,,,,,,
2024-05-01 10:00:00,57115.61,57770.0,56888.0,57768.68,2656.85211,8.9e-05,54,0.0,0.0,NOT_READY,,1000.0,0.0,0.0,,,1000.0,0.0,1000.0,Strategy not ready,,,,,,,,,,,,800.00731,0.0,0.0,0.0,800.00731,0.0,0.0,0.0,,,,,,
2024-05-01 11:00:00,57768.68,57909.0,57455.58,57898.47,1920.67432,8.9e-05,54,0.0,0.0,NOT_READY,,1000.0,0.0,0.0,,,1000.0,0.0,1000.0,Strategy not ready,,,,,,,,,,,,800.00731,0.0,0.0,0.0,800.00731,0.0,0.0,0.0,,,,,,
2024-05-01 12:00:00,57898.46,58275.87,57729.89,57969.98,3130.89661,8.9e-05,54,0.0,0.0,NOT_READY,,1000.0,0.0,0.0,,,1000.0,0.0,1000.0,Strategy not ready,,,,,,,,,,,,800.00731,0.0,0.0,0.0,800.00731,0.0,0.0,0.0,,,,,,
2024-05-01 13:00:00,57969.99,57999.06,57223.29,57301.29,2703.0265,8.9e-05,54,0.0,0.0,NOT_READY,,1000.0,0.0,0.0,,,1000.0,0.0,1000.0,Strategy not ready,,,,,,,,,,,,800.00731,0.0,0.0,0.0,800.00731,0.0,0.0,0.0,,,,,,
2024-05-01 14:00:00,57301.29,57586.2,57101.1,57482.0,2591.82856,8.9e-05,54,0.0,0.0,NOT_READY,,1000.0,0.0,0.0,,,1000.0,0.0,1000.0,Strategy not ready,,,,,,,,,,,,800.00731,0.0,0.0,0.0,800.00731,0.0,0.0,0.0,,,,,,
2024-05-01 15:00:00,57482.01,57511.1,56674.51,56886.0,3260.99612,8.9e-05,54,0.0,0.0,NOT_READY,,1000.0,0.0,0.0,,,1000.0,0.0,1000.0,Strategy not ready,,,,,,,,,,,,800.00731,0.0,0.0,0.0,800.00731,0.0,0.0,0.0,,,,,,
2024-05-01 16:00:00,56886.0,57456.92,56750.1,57043.99,2281.24833,9.9e-05,54,0.0,0.0,NOT_READY,,1000.0,0.0,0.0,,,1000.0,0.0,1000.0,Strategy not ready,,,,,,,,,,,,800.00731,0.0,0.0,0.0,800.00731,0.0,0.0,0.0,,,,,,
2024-05-01 17:00:00,57044.0,57700.86,56625.09,57424.65,2103.68747,9.9e-05,54,0.0,0.0,NOT_READY,,1000.0,0.0,0.0,,,1000.0,0.0,1000.0,Strategy not ready,,,,,,,,,,,,800.00731,0.0,0.0,0.0,800.00731,0.0,0.0,0.0,,,,,,
2024-05-01 18:00:00,57424.64,59468.0,57331.1,58913.99,8929.4894,9.9e-05,54,0.0,0.0,NOT_READY,,1000.0,0.0,0.0,,,1000.0,0.0,1000.0,Strategy not ready,,,,,,,,,,,,800.00731,0.0,0.0,0.0,800.00731,0.0,0.0,0.0,,,,,,
2024-05-01 19:00:00,58913.98,59264.16,56897.27,56954.47,7193.39968,9.9e-05,54,0.0,0.0,NOT_READY,,1000.0,0.0,0.0,,,1000.0,0.0,1000.0,Strategy not ready,,,,,,,,,,,,800.00731,0.0,0.0,0.0,800.00731,0.0,0.0,0.0,,,,,,
2024-05-01 20:00:00,56954.46,57531.1,56760.02,57361.7,2355.8124,9.9e-05,54,0.0,0.0,NOT_READY,,1000.0,0.0,0.0,,,1000.0,0.0,1000.0,Strategy not ready,,,,,,,,,,,,800.00731,0.0,0.0,0.0,800.00731,0.0,0.0,0.0,,,,,,
2024-05-01 21:00:00,57361.71,58203.34,57257.99,57909.03,1636.98304,9.9e-05,54,0.0,0.0,NOT_READY,,1000.0,0.0,0.0,,,1000.0,0.0,1000.0,Strategy not ready,,,,,,,,,,,,800.00731,0.0,0.0,0.0,800.00731,0.0,0.0,0.0,,,,,,
2024-05-01 22:00:00,57909.03,58209.72,57857.71,57880.58,1333.61476,9.9e-05,54,0.0,0.0,NOT_READY,,1000.0,0.0,0.0,,,1000.0,0.0,1000.0,Strategy not ready,,,,,,,,,,,,800.00731,0.0,0.0,0.0,800.00731,0.0,0.0,0.0,,,,,,
2024-05-01 23:00:00,57880.58,58575.32,57828.0,58364.97,2770.82628,9.9e-05,54,0.0,0.0,NOT_READY,,1000.0,0.0,0.0,,,1000.0,0.0,1000.0,Strategy not ready,,,,,,,,,,,,800.00731,0.0,0.0,0.0,800.00731,0.0,0.0,0.0,,,,,,
2024-05-02 00:00:00,58364.97,58610.55,57641.73,57767.29,3568.72884,6.6e-05,43,0.0,0.0,NOT_READY,,1000.0,0.0,0.0,,,1000.0,0.0,1000.0,Strategy not ready,,,,,,,,,,,,800.00731,0.0,0.0,0.0,800.00731,0.0,0.0,0.0,,,,,,
2024-05-02 01:00:00,57767.3,57900.02,56911.84,57112.37,5530.96245,6.6e-05,43,0.0,0.0,NOT_READY,,1000.0,0.0,0.0,,,1000.0,0.0,1000.0,Strategy not ready,,,,,,,,,,,,800.00731,0.0,0.0,0.0,800.00731,0.0,0.0,0.0,,,,,,
2024-05-02 02:00:00,57112.37,57641.04,57109.01,57463.87,1214.12627,6.6e-05,43,0.0,0.0,NOT_READY,,1000.0,0.0,0.0,,,1000.0,0.0,1000.0,Strategy not ready,,,,,,,,,,,,800.00731,0.0,0.0,0.0,800.00731,0.0,0.0,0.0,,,,,,
2024-05-02 03:00:00,57463.88,57705.08,57377.32,57442.88,898.19946,6.6e-05,43,0.0,0.0,NOT_READY,,1000.0,0.0,0.0,,,1000.0,0.0,1000.0,Strategy not ready,,,,,,,,,,,,800.00731,0.0,0.0,0.0,800.00731,0.0,0.0,0.0,,,,,,
2024-05-02 04:00:00,57442.88,57647.4,57301.11,57396.22,740.64053,6.6e-05,43,0.0,0.0,NOT_READY,,1000.0,0.0,0.0,,,1000.0,0.0,1000.0,Strategy not ready,,,,,,,,,,,,800.00731,0.0,0.0,0.0,800.00731,0.0,0.0,0.0,,,,,,
2024-05-02 05:00:00,57396.23,57537.73,57202.49,57484.57,1008.46239,6.6e-05,43,0.0,0.0,NOT_READY,,1000.0,0.0,0.0,,,1000.0,0.0,1000.0,Strategy not ready,,,,,,,,,,,,800.00731,0.0,0.0,0.0,800.00731,0.0,0.0,0.0,,,,,,
2024-05-02 06:00:00,57484.57,57725.98,57404.08,57628.56,1076.56606,6.6e-05,43,0.0,0.0,NOT_READY,,1000.0,0.0,0.0,,,1000.0,0.0,1000.0,Strategy not ready,,,,,,,,,,,,800.00731,0.0,0.0,0.0,800.00731,0.0,0.0,0.0,,,,,,
2024-05-02 07:00:00,57628.57,57945.19,57618.07,57681.08,1204.89032,6.6e-05,43,0.0,0.0,NOT_READY,,1000.0,0.0,0.0,,,1000.0,0.0,1000.0,Strategy not ready,,,,,,,,,,,,800.00731,0.0,0.0,0.0,800.00731,0.0,0.0,0.0,,,,,,
2024-05-02 08:00:00,57681.08,57981.46,57612.73,57834.82,1318.55505,6.2e-05,43,0.0,0.0,NOT_READY,,1000.0,0.0,0.0,,,1000.0,0.0,1000.0,Strategy not ready,,,,,,,,,,,,800.00731,0.0,0.0,0.0,800.00731,0.0,0.0,0.0,,,,,,
2024-05-02 09:00:00,57834.82,57892.52,57626.89,57804.36,944.31508,6.2e-05,43,0.0,0.0,NOT_READY,,1000.0,0.0,0.0,,,1000.0,0.0,1000.0,Strategy not ready,,,,,,,,,,,,800.00731,0.0,0.0,0.0,800.00731,0.0,0.0,0.0,,,,,,
2024-05-02 10:00:00,57804.37,57898.01,57561.14,57801.41,1395.86396,6.2e-05,43,0.0,0.0,NOT_READY,,1000.0,0.0,0.0,,,1000.0,0.0,1000.0,Strategy not ready,,,,,,,,,,,,800.00731,0.0,0.0,0.0,800.00731,0.0,0.0,0.0,,,,,,
2024-05-02 11:00:00,57801.41,58689.55,57783.04,58559.66,3611.54754,6.2e-05,43,0.0,0.0,NOT_READY,,1000.0,0.0,0.0,,,1000.0,0.0,1000.0,Strategy not ready,,,,,,,,,,,,800.00731,0.0,0.0,0.0,800.00731,0.0,0.0,0.0,,,,,,
2024-05-02 12:00:00,58559.66,59117.68,58446.18,58556.59,6043.29407,6.2e-05,43,0.0,0.0,NOT_READY,,1000.0,0.0,0.0,,,1000.0,0.0,1000.0,Strategy not ready,,,,,,,,,,,,800.00731,0.0,0.0,0.0,800.00731,0.0,0.0,0.0,,,,,,
2024-05-02 13:00:00,58556.58,58788.75,58222.0,58450.22,2104.25726,6.2e-05,43,0.0,0.0,NOT_READY,,1000.0,0.0,0.0,,,1000.0,0.0,1000.0,Strategy not ready,,,,,,,,,,,,800.00731,0.0,0.0,0.0,800.00731,0.0,0.0,0.0,,,,,,
2024-05-02 14:00:00,58450.22,59300.0,58300.0,59055.25,3644.25523,6.2e-05,43,0.0,0.0,NOT_READY,,1000.0,0.0,0.0,,,1000.0,0.0,1000.0,Strategy not ready,,,,,,,,,,,,800.00731,0.0,0.0,0.0,800.00731,0.0,0.0,0.0,,,,,,
2024-05-02 15:00:00,59055.26,59455.0,58972.44,59264.15,3236.14321,6.2e-05,43,0.0,0.0,NOT_READY,,1000.0,0.0,0.0,,,1000.0,0.0,1000.0,Strategy not ready,,,,,,,,,,,,800.00731,0.0,0.0,0.0,800.00731,0.0,0.0,0.0,,,,,,
2024-05-02 16:00:00,59264.16,59315.32,58943.38,59017.54,1660.74835,6.2e-05,43,0.0,0.0,NOT_READY,,1000.0,0.0,0.0,,,1000.0,0.0,1000.0,Strategy not ready,,,,,,,,,,,,800.00731,0.0,0.0,0.0,800.00731,0.0,0.0,0.0,,,,,,
2024-05-02 17:00:00,59017.53,59301.1,58955.31,59190.24,1256.68865,-1e-06,43,0.0,0.0,NOT_READY,,1000.0,0.0,0.0,,,1000.0,0.0,1000.0,Strategy not ready,,,,,,,,,,,,800.00731,0.0,0.0,0.0,800.00731,0.0,0.0,0.0,,,,,,
2024-05-02 18:00:00,59190.24,59575.29,58987.49,59383.52,1289.75653,-1e-06,43,0.0,0.0,NOT_READY,,1000.0,0.0,0.0,,,1000.0,0.0,1000.0,Strategy not ready,,,,,,,,,,,,800.00731,0.0,0.0,0.0,800.00731,0.0,0.0,0.0,,,,,,
2024-05-02 19:00:00,59383.52,59385.57,59025.51,59351.11,969.04918,-1e-06,43,0.0,0.0,NOT_READY,,1000.0,0.0,0.0,,,1000.0,0.0,1000.0,Strategy not ready,,,,,,,,,,,,800.00731,0.0,0.0,0.0,800.00731,0.0,0.0,0.0,,,,,,
2024-05-02 20:00:00,59351.1,59431.1,58637.62,58727.45,1774.05031,-1e-06,43,0.0,0.0,NOT_READY,,1000.0,0.0,0.0,,,1000.0,0.0,1000.0,Strategy not ready,,,,,,,,,,,,800.00731,0.0,0.0,0.0,800.00731,0.0,0.0,0.0,,,,,,
2024-05-02 21:00:00,58727.45,59625.0,58701.1,59112.58,1413.45158,-1e-06,43,0.0,0.0,NOT_READY,,1000.0,0.0,0.0,,,1000.0,0.0,1000.0,Strategy not ready,,,,,,,,,,,,800.00731,0.0,0.0,0.0,800.00731,0.0,0.0,0.0,,,,,,
2024-05-02 22:00:00,59112.59,59454.17,59083.33,59328.0,1011.92007,-1e-06,43,0.0,0.0,NOT_READY,,1000.0,0.0,0.0,,,1000.0,0.0,1000.0,Strategy not ready,,,,,,,,,,,,800.00731,0.0,0.0,0.0,800.00731,0.0,0.0,0.0,,,,,,
2024-05-02 23:00:00,59328.0,59377.36,59057.73,59060.61,667.34722,-1e-06,43,0.0,0.0,NOT_READY,,1000.0,0.0,0.0,,,1000.0,0.0,1000.0,Strategy not ready,,,,,,,,,,,,800.00731,0.0,0.0,0.0,800.00731,0.0,0.0,0.0,,,,,,
2024-05-03 00:00:00,59060.6,59131.1,58811.32,59031.81,1076.30755,-1.5e-05,48,0.0,0.0,NOT_READY,,1000.0,0.0,0.0,,,1000.0,0.0,1000.0,Strategy not ready,,,,,,,,,,,,800.00731,0.0,0.0,0.0,800.00731,0.0,0.0,0.0,,,,,,
2024-05-03 01:00:00,59031.81,59498.0,59004.0,59311.11,1001.70969,-1.5e-05,48,0.0,0.0,NOT_READY,,1000.0,0.0,0.0,,,1000.0,0.0,1000.0,Strategy not ready,,,,,,,,,,,,800.00731,0.0,0.0,0.0,800.00731,0.0,0.0,0.0,,,,,,
2024-05-03 02:00:00,59311.1,59916.12,59255.22,59543.76,1463.51964,-1.5e-05,48,0.0,0.0,NOT_READY,,1000.0,0.0,0.0,,,1000.0,0.0,1000.0,Strategy not ready,,,,,,,,,,,,800.00731,0.0,0.0,0.0,800.00731,0.0,0.0,0.0,,,,,,
2024-05-03 03:00:00,59543.75,59999.0,59504.0,59720.3,1567.87229,-1.5e-05,48,0.0,0.0,NOT_READY,,1000.0,0.0,0.0,,,1000.0,0.0,1000.0,Strategy not ready,,,,,,,,,,,,800.00731,0.0,0.0,0.0,800.00731,0.0,0.0,0.0,,,,,,
2024-05-03 04:00:00,59720.3,59844.94,59548.0,59604.0,781.48259,-1.5e-05,48,0.0,0.0,NOT_READY,,1000.0,0.0,0.0,,,1000.0,0.0,1000.0,Strategy not ready,,,,,,,,,,,,800.00731,0.0,0.0,0.0,800.00731,0.0,0.0,0.0,,,,,,
2024-05-03 05:00:00,59604.0,59627.9,59468.89,59522.67,819.16238,-1.5e-05,48,0.0,0.0,NOT_READY,,1000.0,0.0,0.0,,,1000.0,0.0,1000.0,Strategy not ready,,,,,,,,,,,,800.00731,0.0,0.0,0.0,800.00731,0.0,0.0,0.0,,,,,,
2024-05-03 06:00:00,59522.68,59574.6,59233.3,59254.74,941.00457,-1.5e-05,48,0.0,0.0,NOT_READY,,1000.0,0.0,0.0,,,1000.0,0.0,1000.0,Strategy not ready,,,,,,,,,,,,800.00731,0.0,0.0,0.0,800.00731,0.0,0.0,0.0,,,,,,
2024-05-03 07:00:00,59254.75,59423.0,59061.63,59190.74,1367.38406,-1.5e-05,48,0.0,0.0,NOT_READY,,1000.0,0.0,0.0,,,1000.0,0.0,1000.0,Strategy not ready,,,,,,,,,,,,800.00731,0.0,0.0,0.0,800.00731,0.0,0.0,0.0,,,,,,
2024-05-03 08:00:00,59190.74,59388.0,59136.49,59225.99,591.24312,-3.8e-05,48,0.0,0.0,NOT_READY,,1000.0,0.0,0.0,,,1000.0,0.0,1000.0,Strategy not ready,,,,,,,,,,,,800.00731,0.0,0.0,0.0,800.00731,0.0,0.0,0.0,,,,,,
2024-05-03 09:00:00,59225.99,59575.48,59196.11,59481.12,748.34076,-3.8e-05,48,0.0,0.0,NOT_READY,,1000.0,0.0,0.0,,,1000.0,0.0,1000.0,Strategy not ready,,,,,,,,,,,,800.00731,0.0,0.0,0.0,800.00731,0.0,0.0,0.0,,,,,,
2024-05-03 10:00:00,59481.11,59486.63,58849.94,59040.0,1218.99315,-3.8e-05,48,0.0,0.0,NOT_READY,,1000.0,0.0,0.0,,,1000.0,0.0,1000.0,Strategy not ready,,,,,,,,,,,,800.00731,0.0,0.0,0.0,800.00731,0.0,0.0,0.0,,,,,,
2024-05-03 11:00:00,59040.01,59438.08,58867.92,59291.09,1082.27573,-3.8e-05,48,0.0,0.0,NOT_READY,,1000.0,0.0,0.0,,,1000.0,0.0,1000.0,Strategy not ready,,,,,,,,,,,,800.00731,0.0,0.0,0.0,800.00731,0.0,0.0,0.0,,,,,,
2024-05-03 12:00:00,59291.1,60779.29,58991.99,60641.0,5944.47468,-3.8e-05,48,0.0,0.0,NOT_READY,,1000.0,0.0,0.0,,,1000.0,0.0,1000.0,Strategy not ready,,,,,,,,,,,,800.00731,0.0,0.0,0.0,800.00731,0.0,0.0,0.0,,,,,,
2024-05-03 13:00:00,60641.0,61836.6,60523.34,61689.94,7023.5392,-3.8e-05,48,0.0,0.0,NOT_READY,,1000.0,0.0,0.0,,,1000.0,0.0,1000.0,Strategy not ready,,,,,,,,,,,,800.00731,0.0,0.0,0.0,800.00731,0.0,0.0,0.0,,,,,,
2024-05-03 14:00:00,61689.95,62115.64,61347.1,61618.17,3790.61596,-3.8e-05,48,0.0,0.0,NOT_READY,,1000.0,0.0,0.0,,,1000.0,0.0,1000.0,Strategy not ready,,,,,,,,,,,,800.00731,0.0,0.0,0.0,800.00731,0.0,0.0,0.0,,,,,,
2024-05-03 15:00:00,61618.16,61800.0,61335.69,61690.74,2433.09528,-3.8e-05,48,0.0,0.0,NOT_READY,,1000.0,0.0,0.0,,,1000.0,0.0,1000.0,Strategy not ready,,,,,,,,,,,,800.00731,0.0,0.0,0.0,800.00731,0.0,0.0,0.0,,,,,,
2024-05-03 16:00:00,61690.74,62179.99,61538.7,61681.99,1826.92288,8.1e-05,48,0.0,0.0,NOT_READY,,1000.0,0.0,0.0,,,1000.0,0.0,1000.0,Strategy not ready,,,,,,,,,,,,800.00731,0.0,0.0,0.0,800.00731,0.0,0.0,0.0,,,,,,
2024-05-03 17:00:00,61682.0,61953.8,61533.2,61805.85,919.09272,8.1e-05,48,0.0,0.0,NOT_READY,,1000.0,0.0,0.0,,,1000.0,0.0,1000.0,Strategy not ready,,,,,,,,,,,,800.00731,0.0,0.0,0.0,800.00731,0.0,0.0,0.0,,,,,,
2024-05-03 18:00:00,61805.84,61986.0,61695.0,61829.16,722.65945,8.1e-05,48,0.0,0.0,NOT_READY,,1000.0,0.0,0.0,,,1000.0,0.0,1000.0,Strategy not ready,,,,,,,,,,,,800.00731,0.0,0.0,0.0,800.00731,0.0,0.0,0.0,,,,,,
2024-05-03 19:00:00,61829.15,62103.0,61597.14,62067.32,1125.63982,8.1e-05,48,0.0,0.0,NOT_READY,,1000.0,0.0,0.0,,,1000.0,0.0,1000.0,Strategy not ready,,,,,,,,,,,,800.00731,0.0,0.0,0.0,800.00731,0.0,0.0,0.0,,,,,,
2024-05-03 20:00:00,62067.32,63202.97,61974.0,62900.0,3397.3216,8.1e-05,48,0.0,0.0,NOT_READY,,1000.0,0.0,0.0,,,1000.0,0.0,1000.0,Strategy not ready,,,,,,,,,,,,800.00731,0.0,0.0,0.0,800.00731,0.0,0.0,0.0,,,,,,
2024-05-03 21:00:00,62899.99,62950.0,62361.96,62738.0,1319.94037,8.1e-05,48,0.0,0.0,NOT_READY,,1000.0,0.0,0.0,,,1000.0,0.0,1000.0,Strategy not ready,,,,,,,,,,,,800.00731,0.0,0.0,0.0,800.00731,0.0,0.0,0.0,,,,,,
2024-05-03 22:00:00,62738.0,63005.47,62637.76,62782.43,1144.37346,8.1e-05,48,0.0,0.0,NOT_READY,,1000.0,0.0,0.0,,,1000.0,0.0,1000.0,Strategy not ready,,,,,,,,,,,,800.00731,0.0,0.0,0.0,800.00731,0.0,0.0,0.0,,,,,,
2024-05-03 23:00:00,62782.42,63333.0,62769.86,62882.01,1321.43048,8.1e-05,48,0.0,0.0,NOT_READY,,1000.0,0.0,0.0,,,1000.0,0.0,1000.0,Strategy not ready,,,,,,,,,,,,800.00731,0.0,0.0,0.0,800.00731,0.0,0.0,0.0,,,,,,
2024-05-04 00:00:00,62882.01,63171.16,62765.41,63083.99,1013.93188,2.7e-05,67,0.0,0.0,NOT_READY,,1000.0,0.0,0.0,,,1000.0,0.0,1000.0,Strategy not ready,,,,,,,,,,,,800.00731,0.0,0.0,0.0,800.00731,0.0,0.0,0.0,,,,,,
2024-05-04 01:00:00,63083.99,63595.14,62797.18,62856.03,1868.71505,2.7e-05,67,0.0,0.0,NOT_READY,,1000.0,0.0,0.0,,,1000.0,0.0,1000.0,Strategy not ready,,,,,,,,,,,,800.00731,0.0,0.0,0.0,800.00731,0.0,0.0,0.0,,,,,,
2024-05-04 02:00:00,62856.03,62900.0,62541.03,62699.07,1116.97163,2.7e-05,67,0.0,0.0,NOT_READY,,1000.0,0.0,0.0,,,1000.0,0.0,1000.0,Strategy not ready,,,,,,,,,,,,800.00731,0.0,0.0,0.0,800.00731,0.0,0.0,0.0,,,,,,
2024-05-04 03:00:00,62699.07,62884.62,62662.0,62724.0,743.84639,2.7e-05,67,0.0,0.0,NOT_READY,,1000.0,0.0,0.0,,,1000.0,0.0,1000.0,Strategy not ready,,,,,,,,,,,,800.00731,0.0,0.0,0.0,800.00731,0.0,0.0,0.0,,,,,,
2024-05-04 04:00:00,62724.0,63188.0,62686.0,63057.99,1066.51518,2.7e-05,67,0.0,0.0,NOT_READY,,1000.0,0.0,0.0,,,1000.0,0.0,1000.0,Strategy not ready,,,,,,,,,,,,800.00731,0.0,0.0,0.0,800.00731,0.0,0.0,0.0,,,,,,
2024-05-04 05:00:00,63057.99,63450.0,62956.0,63384.01,886.44995,2.7e-05,67,0.0,0.0,NOT_READY,,1000.0,0.0,0.0,,,1000.0,0.0,1000.0,Strategy not ready,,,,,,,,,,,,800.00731,0.0,0.0,0.0,800.00731,0.0,0.0,0.0,,,,,,
2024-05-04 06:00:00,63384.01,63390.06,62905.65,62966.93,706.19997,2.7e-05,67,0.0,0.0,NOT_READY,,1000.0,0.0,0.0,,,1000.0,0.0,1000.0,Strategy not ready,,,,,,,,,,,,800.00731,0.0,0.0,0.0,800.00731,0.0,0.0,0.0,,,,,,
2024-05-04 07:00:00,62966.92,63132.57,62851.96,62959.03,609.42314,2.7e-05,67,0.0,0.0,NOT_READY,,1000.0,0.0,0.0,,,1000.0,0.0,1000.0,Strategy not ready,,,,,,,,,,,,800.00731,0.0,0.0,0.0,800.00731,0.0,0.0,0.0,,,,,,
2024-05-04 08:00:00,62959.03,63226.43,62924.37,63160.95,620.20966,7.5e-05,67,0.0,0.0,NOT_READY,,1000.0,0.0,0.0,,,1000.0,0.0,1000.0,Strategy not ready,,,,,,,,,,,,800.00731,0.0,0.0,0.0,800.00731,0.0,0.0,0.0,,,,,,
2024-05-04 09:00:00,63160.95,63300.0,63055.55,63179.8,576.45042,7.5e-05,67,0.0,0.0,NOT_READY,,1000.0,0.0,0.0,,,1000.0,0.0,1000.0,Strategy not ready,,,,,,,,,,,,800.00731,0.0,0.0,0.0,800.00731,0.0,0.0,0.0,,,,,,
2024-05-04 10:00:00,63179.8,64497.99,63110.66,64420.91,2955.45058,7.5e-05,67,0.0,0.0,NOT_READY,,1000.0,0.0,0.0,,,1000.0,0.0,1000.0,Strategy not ready,,,,,,,,,,,,800.00731,0.0,0.0,0.0,800.00731,0.0,0.0,0.0,,,,,,
2024-05-04 11:00:00,64420.9,64540.0,63658.79,63873.31,2394.6345,7.5e-05,67,0.0,0.0,NOT_READY,,1000.0,0.0,0.0,,,1000.0,0.0,1000.0,Strategy not ready,,,,,,,,,,,,800.00731,0.0,0.0,0.0,800.00731,0.0,0.0,0.0,,,,,,
2024-05-04 12:00:00,63873.3,64098.63,63758.51,64066.35,1062.45014,7.5e-05,67,0.0,0.0,NOT_READY,,1000.0,0.0,0.0,,,1000.0,0.0,1000.0,Strategy not ready,,,,,,,,,,,,800.00731,0.0,0.0,0.0,800.00731,0.0,0.0,0.0,,,,,,
2024-05-04 13:00:00,64066.34,64158.19,63434.53,63730.01,1239.67887,7.5e-05,67,0.0,0.0,NOT_READY,,1000.0,0.0,0.0,,,1000.0,0.0,1000.0,Strategy not ready,,,,,,,,,,,,800.00731,0.0,0.0,0.0,800.00731,0.0,0.0,0.0,,,,,,
2024-05-04 14:00:00,63730.0,63956.0,63550.28,63819.09,653.55283,7.5e-05,67,0.0,0.0,NOT_READY,,1000.0,0.0,0.0,,,1000.0,0.0,1000.0,Strategy not ready,,,,,,,,,,,,800.00731,0.0,0.0,0.0,800.00731,0.0,0.0,0.0,,,,,,
2024-05-04 15:00:00,63819.08,63846.0,63439.56,63609.17,856.25184,7.5e-05,67,0.0,0.0,NOT_READY,,1000.0,0.0,0.0,,,1000.0,0.0,1000.0,Strategy not ready,,,,,,,,,,,,800.00731,0.0,0.0,0.0,800.00731,0.0,0.0,0.0,,,,,,
2024-05-04 16:00:00,63609.17,63731.86,63386.01,63683.01,843.18577,6.3e-05,67,0.0,0.0,NOT_READY,,1000.0,0.0,0.0,,,1000.0,0.0,1000.0,Strategy not ready,,,,,,,,,,,,800.00731,0.0,0.0,0.0,800.00731,0.0,0.0,0.0,,,,,,
2024-05-04 17:00:00,63683.02,63774.6,63300.58,63463.3,1498.72371,6.3e-05,67,0.0,0.0,NOT_READY,,1000.0,0.0,0.0,,,1000.0,0.0,1000.0,Strategy not ready,,,,,,,,,,,,800.00731,0.0,0.0,0.0,800.00731,0.0,0.0,0.0,,,,,,
2024-05-04 18:00:00,63463.3,63744.69,63388.12,63643.63,555.54541,6.3e-05,67,0.0,0.0,NOT_READY,,1000.0,0.0,0.0,,,1000.0,0.0,1000.0,Strategy not ready,,,,,,,,,,,,800.00731,0.0,0.0,0.0,800.00731,0.0,0.0,0.0,,,,,,
2024-05-04 19:00:00,63643.63,64019.83,63540.41,63921.18,720.51785,6.3e-05,67,0.0,0.0,NOT_READY,,1000.0,0.0,0.0,,,1000.0,0.0,1000.0,Strategy not ready,,,,,,,,,,,,800.00731,0.0,0.0,0.0,800.00731,0.0,0.0,0.0,,,,,,
2024-05-04 20:00:00,63921.17,64240.76,63853.74,63867.73,614.00937,6.3e-05,67,0.0,0.0,NOT_READY,,1000.0,0.0,0.0,,,1000.0,0.0,1000.0,Strategy not ready,,,,,,,,,,,,800.00731,0.0,0.0,0.0,800.00731,0.0,0.0,0.0,,,,,,
2024-05-04 21:00:00,63867.74,64112.51,63550.0,63903.91,677.89826,6.3e-05,67,0.0,0.0,NOT_READY,,1000.0,0.0,0.0,,,1000.0,0.0,1000.0,Strategy not ready,,,,,,,,,,,,800.00731,0.0,0.0,0.0,800.00731,0.0,0.0,0.0,,,,,,
2024-05-04 22:00:00,63903.91,63945.92,63569.99,63613.92,636.23199,6.3e-05,67,0.0,0.0,NOT_READY,,1000.0,0.0,0.0,,,1000.0,0.0,1000.0,Strategy not ready,,,,,,,,,,,,800.00731,0.0,0.0,0.0,800.00731,0.0,0.0,0.0,,,,,,
2024-05-04 23:00:00,63613.92,63932.61,63606.62,63892.04,451.84843,6.3e-05,67,0.0,0.0,NOT_READY,,1000.0,0.0,0.0,,,1000.0,0.0,1000.0,Strategy not ready,,,,,,,,,,,,800.00731,0.0,0.0,0.0,800.00731,0.0,0.0,0.0,,,,,,
2024-05-05 00:00:00,63892.03,64188.0,63418.53,63509.52,1260.649,6.9e-05,69,0.0,0.0,NOT_READY,,1000.0,0.0,0.0,,,1000.0,0.0,1000.0,Strategy not ready,,,,,,,,,,,,800.00731,0.0,0.0,0.0,800.00731,0.0,0.0,0.0,,,,,,
2024-05-05 01:00:00,63509.52,63580.0,62822.17,63315.47,1694.41166,6.9e-05,69,0.0,0.0,NOT_READY,,1000.0,0.0,0.0,,,1000.0,0.0,1000.0,Strategy not ready,,,,,,,,,,,,800.00731,0.0,0.0,0.0,800.00731,0.0,0.0,0.0,,,,,,
2024-05-05 02:00:00,63315.47,63432.4,63140.0,63141.71,566.24565,6.9e-05,69,0.0,0.0,NOT_READY,,1000.0,0.0,0.0,,,1000.0,0.0,1000.0,Strategy not ready,,,,,,,,,,,,800.00731,0.0,0.0,0.0,800.00731,0.0,0.0,0.0,,,,,,
2024-05-05 03:00:00,63141.7,63271.81,63001.0,63235.93,502.50487,6.9e-05,69,0.0,0.0,NOT_READY,,1000.0,0.0,0.0,,,1000.0,0.0,1000.0,Strategy not ready,,,,,,,,,,,,800.00731,0.0,0.0,0.0,800.00731,0.0,0.0,0.0,,,,,,
2024-05-05 04:00:00,63235.93,63426.01,63234.24,63345.2,369.34259,6.9e-05,69,0.0,0.0,NOT_READY,,1000.0,0.0,0.0,,,1000.0,0.0,1000.0,Strategy not ready,,,,,,,,,,,,800.00731,0.0,0.0,0.0,800.00731,0.0,0.0,0.0,,,,,,
2024-05-05 05:00:00,63345.19,63493.55,63119.32,63211.67,401.54192,6.9e-05,69,0.0,0.0,NOT_READY,,1000.0,0.0,0.0,,,1000.0,0.0,1000.0,Strategy not ready,,,,,,,,,,,,800.00731,0.0,0.0,0.0,800.00731,0.0,0.0,0.0,,,,,,
2024-05-05 06:00:00,63211.66,63457.51,63162.0,63382.84,351.10233,6.9e-05,69,0.0,0.0,NOT_READY,,1000.0,0.0,0.0,,,1000.0,0.0,1000.0,Strategy not ready,,,,,,,,,,,,800.00731,0.0,0.0,0.0,800.00731,0.0,0.0,0.0,,,,,,
2024-05-05 07:00:00,63382.83,63959.0,63362.0,63736.87,862.96983,6.9e-05,69,0.0,0.0,NOT_READY,,1000.0,0.0,0.0,,,1000.0,0.0,1000.0,Strategy not ready,,,,,,,,,,,,800.00731,0.0,0.0,0.0,800.00731,0.0,0.0,0.0,,,,,,
2024-05-05 08:00:00,63736.86,63932.57,63539.53,63668.0,1001.23129,6e-06,69,-7.058346,0.0,trending,,1000.0,0.0,-0.705835,True,True,999.294165,-0.706333,1000.0,,trending,-7.058346,{},,1.0,BTCUSDT,2024-05-05 08:00:00,BTCUSDT,63668.0,0.011086,SHORT,800.00731,0.0,0.0,0.0,800.00731,0.0,0.0,0.0,-7.058346,-7.058346,1.0,-7.058346,True,True
2024-05-05 09:00:00,63668.0,63743.43,63550.28,63673.42,440.87609,6e-06,69,-6.954962,0.0,trending,,999.234078,-0.706436,0.01094,False,,999.234078,-0.706436,999.234078,,trending,0.103384,{},,2.0,BTCUSDT,2024-05-05 09:00:00,,,,,800.00731,0.0,0.0,0.0,800.00731,0.0,0.0,0.0,-6.954962,-6.954962,1.0,-6.954962,True,False
2024-05-05 10:00:00,63673.41,63844.33,63555.39,63688.48,421.33487,6e-06,69,-6.829378,0.0,trending,,999.06712,-0.706721,0.023783,False,,999.06712,-0.706721,999.06712,,trending,0.125584,{},,3.0,BTCUSDT,2024-05-05 10:00:00,,,,,800.00731,0.0,0.0,0.0,800.00731,0.0,0.0,0.0,-6.829378,-6.829378,1.0,-6.829378,True,False
2024-05-05 11:00:00,63688.49,63937.17,63609.48,63859.63,567.89348,6e-06,69,-11.363122,0.0,trending,,997.169721,-0.709969,-0.426344,True,True,996.744584,-1.136797,997.169721,,trending,-4.533743,{},,4.0,BTCUSDT,2024-05-05 11:00:00,BTCUSDT,63859.63,0.006657,SHORT,800.00731,0.0,0.0,0.0,800.00731,0.0,0.0,0.0,-11.363122,-11.363122,1.0,-11.363122,True,True
2024-05-05 12:00:00,63859.63,63884.0,63633.01,63725.33,534.04918,6e-06,69,-6.334894,0.0,trending,,999.127542,-1.1317,0.498211,True,True,998.629268,-0.633805,999.127542,,trending,5.028228,{},,5.0,BTCUSDT,2024-05-05 12:00:00,BTCUSDT,63725.33,0.007811,REDUCE_SHORT,800.00731,0.0,0.0,0.0,800.00731,0.0,0.0,0.0,-6.334894,-6.334894,1.0,-6.334894,True,True
2024-05-05 13:00:00,63725.32,64279.99,63618.91,64119.92,1786.78823,6e-06,69,-17.279415,0.0,trending,,994.710096,-0.640243,-1.087699,True,True,993.628151,-1.729823,994.710096,,trending,-10.944521,{},,6.0,BTCUSDT,2024-05-05 13:00:00,BTCUSDT,64119.92,0.016874,SHORT,800.00731,0.0,0.0,0.0,800.00731,0.0,0.0,0.0,-17.279415,-17.279415,1.0,-17.279415,True,True
2024-05-05 14:00:00,64119.91,64148.08,63751.02,64100.0,739.19784,6e-06,69,-14.96979,0.0,trending,,994.162127,-1.728357,0.231378,True,True,993.93187,-1.497326,994.162127,,trending,2.309625,{},,7.0,BTCUSDT,2024-05-05 14:00:00,BTCUSDT,64100.0,0.003589,REDUCE_SHORT,800.00731,0.0,0.0,0.0,800.00731,0.0,0.0,0.0,-14.96979,-14.96979,1.0,-14.96979,True,True
2024-05-05 15:00:00,64100.01,64646.0,63989.23,64428.65,2345.80267,6e-06,69,-20.0,0.0,trending,,986.301448,-1.516646,-0.483354,True,True,985.824716,-2.000967,986.301448,,trending,-5.03021,{},,8.0,BTCUSDT,2024-05-05 15:00:00,BTCUSDT,64428.65,0.007399,SHORT,800.00731,0.0,0.0,0.0,800.00731,0.0,0.0,0.0,-22.731519,-22.731519,1.0,-22.731519,True,True
2024-05-05 16:00:00,64428.64,64554.68,64196.73,64321.99,972.09408,3.9e-05,69,-17.55275,0.0,trending,,989.09031,-1.991059,0.235784,True,True,988.856865,-1.755689,989.09031,,trending,2.44725,{},,9.0,BTCUSDT,2024-05-05 16:00:00,BTCUSDT,64321.99,0.003626,REDUCE_SHORT,800.00731,0.0,0.0,0.0,800.00731,0.0,0.0,0.0,-17.55275,-17.55275,1.0,-17.55275,True,True
2024-05-05 17:00:00,64322.0,64476.0,64155.77,64218.0,656.34035,3.9e-05,69,-13.257893,0.0,trending,,991.663676,-1.74789,0.4221,True,True,991.244676,-1.32635,991.663676,,trending,4.294858,{},,10.0,BTCUSDT,2024-05-05 17:00:00,BTCUSDT,64218.0,0.006518,REDUCE_SHORT,800.00731,0.0,0.0,0.0,800.00731,0.0,0.0,0.0,-13.257893,-13.257893,1.0,-13.257893,True,True
2024-05-05 18:00:00,64218.0,64249.42,63811.01,63932.6,911.21569,3.9e-05,69,-3.465194,0.0,trending,,997.087678,-1.312717,0.966198,True,True,996.12333,-0.346855,997.087678,,trending,9.792699,{},,11.0,BTCUSDT,2024-05-05 18:00:00,BTCUSDT,63932.6,0.015069,REDUCE_SHORT,800.00731,0.0,0.0,0.0,800.00731,0.0,0.0,0.0,-3.465194,-3.465194,1.0,-3.465194,True,True
2024-05-05 19:00:00,63932.61,63999.99,63843.99,63879.94,332.2617,3.9e-05,69,-1.611794,0.0,trending,,996.40792,-0.34647,0.185291,False,,996.40792,-0.34647,996.40792,,trending,1.8534,{},,12.0,BTCUSDT,2024-05-05 19:00:00,,,,,800.00731,0.0,0.0,0.0,800.00731,0.0,0.0,0.0,-1.611794,-1.611794,1.0,-1.611794,True,False
2024-05-05 20:00:00,63879.94,63879.95,63582.08,63738.78,499.15062,3.9e-05,69,2.979949,0.0,trending,,997.170789,-0.34544,0.643435,True,True,996.52883,0.297889,997.170789,,trending,4.591743,{},,13.0,BTCUSDT,2024-05-05 20:00:00,BTCUSDT,63738.78,0.004662,LONG,800.00731,0.0,0.0,0.0,800.00731,0.0,0.0,0.0,2.979949,2.979949,1.0,2.979949,True,True
2024-05-05 21:00:00,63738.77,63868.41,63600.0,63868.41,343.20421,3.9e-05,69,-1.565477,0.0,trending,,997.132564,0.298314,-0.454862,True,True,996.679007,-0.156619,997.132564,,trending,-4.545427,{},,14.0,BTCUSDT,2024-05-05 21:00:00,BTCUSDT,63868.41,0.002444,SHORT,800.00731,0.0,0.0,0.0,800.00731,0.0,0.0,0.0,-1.565477,-1.565477,1.0,-1.565477,True,True
2024-05-05 22:00:00,63868.41,63891.22,63704.32,63860.01,290.19456,3.9e-05,69,-1.145256,0.0,trending,,996.699537,-0.156595,0.04207,False,,996.699537,-0.156595,996.699537,,trending,0.420221,{},,15.0,BTCUSDT,2024-05-05 22:00:00,,,,,800.00731,0.0,0.0,0.0,800.00731,0.0,0.0,0.0,-1.145256,-1.145256,1.0,-1.145256,True,False
2024-05-05 23:00:00,63860.01,64227.51,63825.35,64012.0,676.34758,3.9e-05,69,-6.214593,0.0,trending,,996.328063,-0.157026,-0.464433,True,True,995.865335,-0.621748,996.328063,,trending,-5.069336,{},,16.0,BTCUSDT,2024-05-05 23:00:00,BTCUSDT,64012.0,0.007229,SHORT,800.00731,0.0,0.0,0.0,800.00731,0.0,0.0,0.0,-6.214593,-6.214593,1.0,-6.214593,True,True
2024-05-06 00:00:00,64012.0,64346.24,64011.01,64218.02,560.19841,6e-06,71,-12.415664,0.0,trending,,993.872538,-0.625,-0.616567,True,True,993.25975,-1.242332,993.872538,,trending,-6.201072,{},,17.0,BTCUSDT,2024-05-06 00:00:00,BTCUSDT,64218.02,0.009542,SHORT,800.00731,0.0,0.0,0.0,800.00731,0.0,0.0,0.0,-12.415664,-12.415664,1.0,-12.415664,True,True
2024-05-06 01:00:00,64218.02,64465.0,64058.82,64147.22,854.81882,6e-06,71,-8.821127,0.0,trending,,994.620182,-1.239265,0.357153,True,True,994.264595,-0.882428,994.620182,,trending,3.594537,{},,18.0,BTCUSDT,2024-05-06 01:00:00,BTCUSDT,64147.22,0.005538,REDUCE_SHORT,800.00731,0.0,0.0,0.0,800.00731,0.0,0.0,0.0,-8.821127,-8.821127,1.0,-8.821127,True,True
2024-05-06 02:00:00,64147.22,64227.51,63826.08,63826.09,1099.8828,6e-06,71,2.694975,0.0,trending,,998.656819,-0.874149,1.143647,True,True,997.513834,0.269537,998.656819,,trending,11.516103,{},,19.0,BTCUSDT,2024-05-06 02:00:00,BTCUSDT,63826.09,0.004217,LONG,800.00731,0.0,0.0,0.0,800.00731,0.0,0.0,0.0,2.694975,2.694975,1.0,2.694975,True,True
2024-05-06 03:00:00,63826.08,63935.31,63708.58,63866.59,647.40358,6e-06,71,1.165225,0.0,trending,,997.68444,0.269661,-0.153139,False,,997.68444,0.269661,997.68444,,trending,-1.52975,{},,20.0,BTCUSDT,2024-05-06 03:00:00,,,,,800.00731,0.0,0.0,0.0,800.00731,0.0,0.0,0.0,1.165225,1.165225,1.0,1.165225,True,False
2024-05-06 04:00:00,63866.59,64185.58,63768.72,64166.0,1003.49641,6e-06,71,-9.283846,0.0,trending,,998.9457,0.270584,-1.198968,True,True,997.747996,-0.929499,998.9457,,trending,-10.449071,{},,21.0,BTCUSDT,2024-05-06 04:00:00,BTCUSDT,64166.0,0.014453,SHORT,800.00731,0.0,0.0,0.0,800.00731,0.0,0.0,0.0,-9.283846,-9.283846,1.0,-9.283846,True,True
2024-05-06 05:00:00,64166.01,64331.58,64036.0,64186.93,811.25785,6e-06,71,-8.990353,0.0,trending,,997.44549,-0.930084,0.031049,False,,997.44549,-0.930084,997.44549,,trending,0.293493,{},,22.0,BTCUSDT,2024-05-06 05:00:00,,,,,800.00731,0.0,0.0,0.0,800.00731,0.0,0.0,0.0,-8.990353,-8.990353,1.0,-8.990353,True,False
2024-05-06 06:00:00,64186.93,64473.78,64137.92,64230.02,945.78691,6e-06,71,-9.536863,0.0,trending,,996.8227,-0.93129,-0.022396,False,,996.8227,-0.93129,996.8227,,trending,-0.54651,{},,23.0,BTCUSDT,2024-05-06 06:00:00,,,,,800.00731,0.0,0.0,0.0,800.00731,0.0,0.0,0.0,-9.536863,-9.536863,1.0,-9.536863,True,False
2024-05-06 07:00:00,64230.02,64588.0,64150.0,64540.75,1368.72558,6e-06,71,-18.838386,0.0,trending,,992.331649,-0.940031,-0.943808,True,True,991.395078,-1.885618,992.331649,,trending,-9.301523,{},,24.0,BTCUSDT,2024-05-06 07:00:00,BTCUSDT,64540.75,0.014511,SHORT,800.00731,0.0,0.0,0.0,800.00731,0.0,0.0,0.0,-18.838386,-18.838386,1.0,-18.838386,True,True
2024-05-06 08:00:00,64540.75,65500.0,64462.48,65143.04,3758.43767,-1e-05,71,-20.0,0.0,trending,,973.95003,-1.937304,-0.062696,False,,973.95003,-1.937304,973.95003,,trending,-1.161614,{},,25.0,BTCUSDT,2024-05-06 08:00:00,,,,,800.00731,0.0,0.0,0.0,800.00731,0.0,0.0,0.0,-24.0,-24.0,1.0,-24.0,True,False
2024-05-06 09:00:00,65143.04,65360.12,65111.1,65166.2,1065.18552,-1e-05,71,-20.0,0.0,trending,,973.279211,-1.939329,-0.060671,False,,973.279211,-1.939329,973.279211,,trending,0.0,{},,26.0,BTCUSDT,2024-05-06 09:00:00,,,,,800.00731,0.0,0.0,0.0,800.00731,0.0,0.0,0.0,-24.0,-24.0,1.0,-24.0,True,False
2024-05-06 10:00:00,65166.2,65275.0,63815.38,64007.17,3241.26513,-1e-05,71,6.271595,0.0,trending,,1006.849974,-1.841325,2.468484,True,True,1004.362725,0.628084,1006.849974,,trending,26.271595,{},,27.0,BTCUSDT,2024-05-06 10:00:00,BTCUSDT,64007.17,0.009865,LONG,800.00731,0.0,0.0,0.0,800.00731,0.0,0.0,0.0,6.271595,6.271595,1.0,6.271595,True,True
2024-05-06 11:00:00,64007.16,64359.39,64003.49,64203.56,1289.1202,-1e-05,71,0.227541,0.0,trending,,1006.29825,0.628799,-0.606045,True,True,1005.688388,0.022768,1006.29825,,trending,-6.044054,{},,28.0,BTCUSDT,2024-05-06 11:00:00,BTCUSDT,64203.56,0.009499,REDUCE_LONG,800.00731,0.0,0.0,0.0,800.00731,0.0,0.0,0.0,0.227541,0.227541,1.0,0.227541,True,True
2024-05-06 12:00:00,64203.55,64319.86,63343.86,63593.99,3239.03285,-1e-05,71,16.525849,0.0,trending,,1005.470993,0.022557,1.630028,True,True,1003.832047,1.65365,1005.470993,,trending,16.298308,{},,29.0,BTCUSDT,2024-05-06 12:00:00,BTCUSDT,63593.99,0.025772,LONG,800.00731,0.0,0.0,0.0,800.00731,0.0,0.0,0.0,16.525849,16.525849,1.0,16.525849,True,True
2024-05-06 13:00:00,63593.99,63998.47,63450.0,63870.0,1925.28163,-1e-05,71,7.369161,0.0,trending,,1011.036707,1.648992,-0.912076,True,True,1010.114564,0.737589,1011.036707,,trending,-9.156688,{},,30.0,BTCUSDT,2024-05-06 13:00:00,BTCUSDT,63870.0,0.014438,REDUCE_LONG,800.00731,0.0,0.0,0.0,800.00731,0.0,0.0,0.0,7.369161,7.369161,1.0,7.369161,True,True
2024-05-06 14:00:00,63870.01,64261.08,63211.66,63271.97,2546.60149,-1e-05,71,20.0,0.0,trending,,1003.138491,0.735764,1.264236,True,True,1001.870287,2.001266,1003.138491,,trending,12.630839,{},,31.0,BTCUSDT,2024-05-06 14:00:00,BTCUSDT,63271.97,0.020044,LONG,800.00731,0.0,0.0,0.0,800.00731,0.0,0.0,0.0,20.912029,20.912029,1.0,20.912029,True,True
2024-05-06 15:00:00,63271.97,63760.0,62909.61,63632.01,3071.45824,-1e-05,71,9.430067,0.0,trending,,1013.279499,1.989992,-1.046985,True,True,1012.218611,0.943995,1013.279499,,trending,-10.569933,{},,32.0,BTCUSDT,2024-05-06 15:00:00,BTCUSDT,63632.01,0.016672,REDUCE_LONG,800.00731,0.0,0.0,0.0,800.00731,0.0,0.0,0.0,9.430067,9.430067,1.0,9.430067,True,True
2024-05-06 16:00:00,63632.01,63747.59,63079.6,63192.43,1310.82401,7.7e-05,71,17.965653,0.0,trending,,1005.617663,0.943627,0.852938,True,True,1004.759933,1.797245,1005.617663,,trending,8.535585,{},,33.0,BTCUSDT,2024-05-06 16:00:00,BTCUSDT,63192.43,0.013573,LONG,800.00731,0.0,0.0,0.0,800.00731,0.0,0.0,0.0,17.965653,17.965653,1.0,17.965653,True,True
2024-05-06 17:00:00,63192.42,63511.84,62968.57,63169.93,1326.88967,7.7e-05,71,16.34056,0.0,trending,,1004.116969,1.797756,-0.1637,False,,1004.116969,1.797756,1004.116969,,trending,-1.625093,{},,34.0,BTCUSDT,2024-05-06 17:00:00,,,,,800.00731,0.0,0.0,0.0,800.00731,0.0,0.0,0.0,16.34056,16.34056,1.0,16.34056,True,False
2024-05-06 18:00:00,63169.92,63532.05,62965.4,63400.0,967.44266,7.7e-05,71,9.497876,0.0,trending,,1010.691497,1.792566,-0.842779,True,True,1009.839707,0.950589,1010.691497,,trending,-6.842684,{},,35.0,BTCUSDT,2024-05-06 18:00:00,BTCUSDT,63400.0,0.013435,REDUCE_LONG,800.00731,0.0,0.0,0.0,800.00731,0.0,0.0,0.0,9.497876,9.497876,1.0,9.497876,True,True
2024-05-06 19:00:00,63400.0,63404.8,62700.0,63220.0,1434.80332,7.7e-05,71,12.034376,0.0,trending,,1007.114319,0.950455,0.252983,True,True,1006.859537,1.203489,1007.114319,,trending,2.536499,{},,36.0,BTCUSDT,2024-05-06 19:00:00,BTCUSDT,63220.0,0.00403,LONG,800.00731,0.0,0.0,0.0,800.00731,0.0,0.0,0.0,12.034376,12.034376,1.0,12.034376,True,True
2024-05-06 20:00:00,63220.0,63405.61,63051.94,63308.28,631.68257,7.7e-05,71,9.078985,0.0,trending,,1008.551609,1.203148,-0.295249,True,True,1008.253835,0.908167,1008.551609,,trending,-2.95539,{},,37.0,BTCUSDT,2024-05-06 20:00:00,BTCUSDT,63308.28,0.004704,REDUCE_LONG,800.00731,0.0,0.0,0.0,800.00731,0.0,0.0,0.0,9.078985,9.078985,1.0,9.078985,True,True
2024-05-06 21:00:00,63308.28,63611.85,63308.27,63550.29,501.14599,7.7e-05,71,3.329497,0.0,trending,,1011.754159,0.908484,-0.575535,True,True,1011.171859,0.333141,1011.754159,,trending,-5.749488,{},,38.0,BTCUSDT,2024-05-06 21:00:00,BTCUSDT,63550.29,0.009163,REDUCE_LONG,800.00731,0.0,0.0,0.0,800.00731,0.0,0.0,0.0,3.329497,3.329497,1.0,3.329497,True,True
2024-05-06 22:00:00,63550.29,63570.0,63406.13,63495.67,386.90151,7.7e-05,71,4.216036,0.0,trending,,1010.882333,0.33295,0.088653,False,,1010.882333,0.33295,1010.882333,,trending,0.886539,{},,39.0,BTCUSDT,2024-05-06 22:00:00,,,,,800.00731,0.0,0.0,0.0,800.00731,0.0,0.0,0.0,4.216036,4.216036,1.0,4.216036,True,False
2024-05-06 23:00:00,63495.67,63495.67,63134.85,63165.19,687.27667,7.7e-05,71,10.598906,0.0,trending,,1009.130546,0.331793,0.728098,True,True,1008.3958,1.059934,1009.130546,,trending,6.38287,{},,40.0,BTCUSDT,2024-05-06 23:00:00,BTCUSDT,63165.19,0.011632,LONG,800.00731,0.0,0.0,0.0,800.00731,0.0,0.0,0.0,10.598906,10.598906,1.0,10.598906,True,True
2024-05-07 00:00:00,63165.18,63667.0,62960.0,63545.45,928.47484,6.1e-05,68,1.690751,0.0,trending,,1014.83027,1.059554,-0.890479,True,True,1013.926585,0.169226,1014.83027,,trending,-8.908155,{},,41.0,BTCUSDT,2024-05-07 00:00:00,BTCUSDT,63545.45,0.014221,REDUCE_LONG,800.00731,0.0,0.0,0.0,800.00731,0.0,0.0,0.0,1.690751,1.690751,1.0,1.690751,True,True
2024-05-07 01:00:00,63545.44,63967.19,63480.0,63895.72,1085.17625,6.1e-05,68,-5.44473,0.0,trending,,1014.872368,0.17,-0.714473,True,True,1014.147269,-0.544862,1014.872368,,trending,-7.135481,{},,42.0,BTCUSDT,2024-05-07 01:00:00,BTCUSDT,63895.72,0.008648,SHORT,800.00731,0.0,0.0,0.0,800.00731,0.0,0.0,0.0,-5.44473,-5.44473,1.0,-5.44473,True,True
2024-05-07 02:00:00,63895.72,63953.34,63620.03,63702.76,515.58031,6.1e-05,68,-1.097541,0.0,trending,,1015.815988,-0.542324,0.43257,True,True,1015.376137,-0.109802,1015.815988,,trending,4.347189,{},,43.0,BTCUSDT,2024-05-07 02:00:00,BTCUSDT,63702.76,0.006898,REDUCE_SHORT,800.00731,0.0,0.0,0.0,800.00731,0.0,0.0,0.0,-1.097541,-1.097541,1.0,-1.097541,True,True
2024-05-07 03:00:00,63702.76,63733.16,62832.6,63239.49,1476.62405,6.1e-05,68,7.900874,0.0,trending,,1016.186933,-0.108916,0.899004,True,True,1015.273266,0.790008,1016.186933,,trending,8.998415,{},,44.0,BTCUSDT,2024-05-07 03:00:00,BTCUSDT,63239.49,0.012696,LONG,800.00731,0.0,0.0,0.0,800.00731,0.0,0.0,0.0,7.900874,7.900874,1.0,7.900874,True,True
2024-05-07 04:00:00,63239.5,63470.58,63092.76,63466.26,660.87016,6.1e-05,68,2.967835,0.0,trending,,1018.149416,0.790601,-0.493817,True,True,1017.646636,0.29693,1018.149416,,trending,-4.933039,{},,45.0,BTCUSDT,2024-05-07 04:00:00,BTCUSDT,63466.26,0.007922,REDUCE_LONG,800.00731,0.0,0.0,0.0,800.00731,0.0,0.0,0.0,2.967835,2.967835,1.0,2.967835,True,True
2024-05-07 05:00:00,63466.27,63725.0,63243.92,63563.48,863.98722,6.1e-05,68,0.710074,0.0,trending,,1018.109511,0.29725,-0.226242,True,True,1017.879172,0.071023,1018.109511,,trending,-2.257761,{},,46.0,BTCUSDT,2024-05-07 05:00:00,BTCUSDT,63563.48,0.003624,REDUCE_LONG,800.00731,0.0,0.0,0.0,800.00731,0.0,0.0,0.0,0.710074,0.710074,1.0,0.710074,True,True
2024-05-07 06:00:00,63563.47,63719.2,63394.28,63623.81,670.64396,6.1e-05,68,-0.608089,0.0,trending,,1017.947788,0.071086,-0.131895,False,,1017.947788,0.071086,1017.947788,,trending,-1.318163,{},,47.0,BTCUSDT,2024-05-07 06:00:00,,,,,800.00731,0.0,0.0,0.0,800.00731,0.0,0.0,0.0,-0.608089,-0.608089,1.0,-0.608089,True,False
2024-05-07 07:00:00,63623.81,63853.12,63549.99,63669.69,675.97144,6.1e-05,68,-1.558768,0.0,trending,,1017.999969,0.071134,-0.227011,True,True,1017.768872,-0.155912,1017.999969,,trending,-0.950679,{},,48.0,BTCUSDT,2024-05-07 07:00:00,BTCUSDT,63669.69,0.002492,SHORT,800.00731,0.0,0.0,0.0,800.00731,0.0,0.0,0.0,-1.558768,-1.558768,1.0,-1.558768,True,True
2024-05-07 08:00:00,63669.69,64422.41,63596.13,64232.0,1813.93045,1.6e-05,68,-13.92891,0.0,trending,,1016.367439,-0.157506,-1.235385,True,True,1015.111834,-1.394614,1016.367439,,trending,-12.370142,{},,49.0,BTCUSDT,2024-05-07 08:00:00,BTCUSDT,64232.0,0.019548,SHORT,800.00731,0.0,0.0,0.0,800.00731,0.0,0.0,0.0,-13.92891,-13.92891,1.0,-13.92891,True,True
2024-05-07 09:00:00,64231.99,64362.7,64064.34,64119.98,876.3382,1.6e-05,68,-10.350855,0.0,trending,,1017.580782,-1.388804,0.353718,True,True,1017.220485,-1.035452,1017.580782,,trending,3.578055,{},,50.0,BTCUSDT,2024-05-07 09:00:00,BTCUSDT,64119.98,0.005613,REDUCE_SHORT,800.00731,0.0,0.0,0.0,800.00731,0.0,0.0,0.0,-10.350855,-10.350855,1.0,-10.350855,True,True
2024-05-07 10:00:00,64119.98,64171.83,63746.69,64086.37,1107.35526,1.6e-05,68,-9.138336,0.0,trending,,1017.772588,-1.034348,0.120514,False,,1017.772588,-1.034348,1017.772588,,trending,1.212519,{},,51.0,BTCUSDT,2024-05-07 10:00:00,,,,,800.00731,0.0,0.0,0.0,800.00731,0.0,0.0,0.0,-9.138336,-9.138336,1.0,-9.138336,True,False
2024-05-07 11:00:00,64086.37,64124.05,63358.0,63490.43,1203.63388,1.6e-05,68,6.191602,0.0,trending,,1027.561947,-1.014967,1.634127,True,True,1025.881736,0.619554,1027.561947,,trending,15.329938,{},,52.0,BTCUSDT,2024-05-07 11:00:00,BTCUSDT,63490.43,0.010021,LONG,800.00731,0.0,0.0,0.0,800.00731,0.0,0.0,0.0,6.191602,6.191602,1.0,6.191602,True,True
2024-05-07 12:00:00,63490.43,63772.45,63473.73,63663.02,808.51866,1.6e-05,68,1.447902,0.0,trending,,1027.609498,0.620194,-0.475404,True,True,1027.120969,0.144859,1027.609498,,trending,-4.7437,{},,53.0,BTCUSDT,2024-05-07 12:00:00,BTCUSDT,63663.02,0.007674,REDUCE_LONG,800.00731,0.0,0.0,0.0,800.00731,0.0,0.0,0.0,1.447902,1.447902,1.0,1.447902,True,True
2024-05-07 13:00:00,63663.03,63712.86,63112.57,63213.16,1114.61286,1.6e-05,68,12.62799,0.0,trending,,1026.069594,0.143983,1.118816,True,True,1024.921611,1.263093,1026.069594,,trending,11.180088,{},,54.0,BTCUSDT,2024-05-07 13:00:00,BTCUSDT,63213.16,0.018161,LONG,800.00731,0.0,0.0,0.0,800.00731,0.0,0.0,0.0,12.62799,12.62799,1.0,12.62799,True,True
2024-05-07 14:00:00,63213.17,64088.53,63050.77,64024.47,1473.30207,1.6e-05,68,-8.578676,0.0,trending,,1041.536806,1.258896,-2.116764,True,True,1039.332119,-0.859687,1041.536806,,trending,-21.206666,{},,55.0,BTCUSDT,2024-05-07 14:00:00,BTCUSDT,64024.47,0.013956,SHORT,800.00731,0.0,0.0,0.0,800.00731,0.0,0.0,0.0,-8.578676,-8.578676,1.0,-8.578676,True,True
2024-05-07 15:00:00,64024.47,64320.0,63584.28,63740.48,2024.432,1.6e-05,68,-0.943972,0.0,trending,,1043.295373,-0.852623,0.758226,True,True,1042.503528,-0.094469,1043.295373,,trending,7.634704,{},,56.0,BTCUSDT,2024-05-07 15:00:00,BTCUSDT,63740.48,0.012411,REDUCE_SHORT,800.00731,0.0,0.0,0.0,800.00731,0.0,0.0,0.0,-0.943972,-0.943972,1.0,-0.943972,True,True
2024-05-07 16:00:00,63740.48,63895.46,63455.56,63634.0,834.79206,9e-05,68,1.678896,0.0,trending,,1042.668048,-0.094296,0.262186,True,True,1042.394577,0.167766,1042.668048,,trending,2.622868,{},,57.0,BTCUSDT,2024-05-07 16:00:00,BTCUSDT,63634.0,0.002751,LONG,800.00731,0.0,0.0,0.0,800.00731,0.0,0.0,0.0,1.678896,1.678896,1.0,1.678896,True,True
2024-05-07 17:00:00,63633.99,63657.4,63310.84,63391.79,634.53809,9e-05,68,7.2337,0.0,trending,,1041.728939,0.167234,0.556136,True,True,1041.149596,0.723216,1041.728939,,trending,5.554804,{},,58.0,BTCUSDT,2024-05-07 17:00:00,BTCUSDT,63391.79,0.009139,LONG,800.00731,0.0,0.0,0.0,800.00731,0.0,0.0,0.0,7.2337,7.2337,1.0,7.2337,True,True
2024-05-07 18:00:00,63391.79,63393.52,62789.89,63169.99,1486.25347,9e-05,68,11.297393,0.0,trending,,1038.515026,0.722514,0.407225,True,True,1038.092116,1.129792,1038.515026,,trending,4.063693,{},,59.0,BTCUSDT,2024-05-07 18:00:00,BTCUSDT,63169.99,0.006695,LONG,800.00731,0.0,0.0,0.0,800.00731,0.0,0.0,0.0,11.297393,11.297393,1.0,11.297393,True,True
2024-05-07 19:00:00,63169.99,63269.2,62961.81,63060.01,626.71829,9e-05,68,12.776066,0.0,trending,,1036.050202,1.130048,0.147559,False,,1036.050202,1.130048,1036.050202,,trending,1.478673,{},,60.0,BTCUSDT,2024-05-07 19:00:00,,,,,800.00731,0.0,0.0,0.0,800.00731,0.0,0.0,0.0,12.776066,12.776066,1.0,12.776066,True,False
2024-05-07 20:00:00,63060.0,63197.58,62888.68,62974.94,554.56501,9e-05,68,14.022034,0.0,trending,,1034.470773,1.130247,0.271957,True,True,1034.189442,1.402313,1034.470773,,trending,1.245968,{},,61.0,BTCUSDT,2024-05-07 20:00:00,BTCUSDT,62974.94,0.004467,LONG,800.00731,0.0,0.0,0.0,800.00731,0.0,0.0,0.0,14.022034,14.022034,1.0,14.022034,True,True
2024-05-07 21:00:00,62974.94,63162.28,62835.0,63074.01,577.89635,9e-05,68,10.508535,0.0,trending,,1036.470936,1.401427,-0.350574,True,True,1036.107577,1.051222,1036.470936,,trending,-3.513499,{},,62.0,BTCUSDT,2024-05-07 21:00:00,BTCUSDT,63074.01,0.005761,REDUCE_LONG,800.00731,0.0,0.0,0.0,800.00731,0.0,0.0,0.0,10.508535,10.508535,1.0,10.508535,True,True
2024-05-07 22:00:00,63074.01,63123.6,62738.8,62850.92,1499.83173,9e-05,68,14.791436,0.0,trending,,1032.255198,1.051413,0.42773,True,True,1031.813671,1.479349,1032.255198,,trending,4.282901,{},,63.0,BTCUSDT,2024-05-07 22:00:00,BTCUSDT,62850.92,0.007025,LONG,800.00731,0.0,0.0,0.0,800.00731,0.0,0.0,0.0,14.791436,14.791436,1.0,14.791436,True,True
2024-05-07 23:00:00,62850.92,62880.0,62261.0,62312.08,2084.74811,9e-05,68,20.0,0.0,trending,,1018.727277,1.485506,0.514494,True,True,1018.203148,2.000515,1018.727277,,trending,5.208564,{},,64.0,BTCUSDT,2024-05-07 23:00:00,BTCUSDT,62312.08,0.008411,LONG,800.00731,0.0,0.0,0.0,800.00731,0.0,0.0,0.0,24.0,24.0,1.0,24.0,True,True
2024-05-08 00:00:00,62312.07,62729.77,62111.0,62586.01,1290.47582,4.9e-05,64,17.282904,0.0,trending,,1027.157694,1.991792,-0.263502,True,True,1026.887036,1.728746,1027.157694,,trending,-2.717096,{},,65.0,BTCUSDT,2024-05-08 00:00:00,BTCUSDT,62586.01,0.004325,REDUCE_LONG,800.00731,0.0,0.0,0.0,800.00731,0.0,0.0,0.0,17.282904,17.282904,1.0,17.282904,True,True
2024-05-08 01:00:00,62586.01,62718.38,62430.0,62530.31,791.7418,4.9e-05,64,17.305304,0.0,trending,,1025.307128,1.729869,0.000661,False,,1025.307128,1.729869,1025.307128,,trending,0.022399,{},,66.0,BTCUSDT,2024-05-08 01:00:00,,,,,800.00731,0.0,0.0,0.0,800.00731,0.0,0.0,0.0,17.305304,17.305304,1.0,17.305304,True,False
2024-05-08 02:00:00,62530.31,62849.03,62530.3,62756.01,608.8807,4.9e-05,64,10.141315,0.0,trending,,1031.709017,1.72534,-0.711208,True,True,1030.975256,1.014853,1031.709017,,trending,-7.163989,{},,67.0,BTCUSDT,2024-05-08 02:00:00,BTCUSDT,62756.01,0.011692,REDUCE_LONG,800.00731,0.0,0.0,0.0,800.00731,0.0,0.0,0.0,10.141315,10.141315,1.0,10.141315,True,True
2024-05-08 03:00:00,62756.0,62973.18,62588.0,62893.99,646.7246,4.9e-05,64,5.749511,0.0,trending,,1033.275704,1.01482,-0.439869,True,True,1032.821198,0.575204,1033.275704,,trending,-4.391804,{},,68.0,BTCUSDT,2024-05-08 03:00:00,BTCUSDT,62893.99,0.007227,REDUCE_LONG,800.00731,0.0,0.0,0.0,800.00731,0.0,0.0,0.0,5.749511,5.749511,1.0,5.749511,True,True
2024-05-08 04:00:00,62894.0,63020.22,62358.09,62520.15,950.04767,4.9e-05,64,14.51874,0.0,trending,,1029.289986,0.573747,0.878127,True,True,1028.386139,1.452271,1029.289986,,trending,8.769229,{},,69.0,BTCUSDT,2024-05-08 04:00:00,BTCUSDT,62520.15,0.014457,LONG,800.00731,0.0,0.0,0.0,800.00731,0.0,0.0,0.0,14.51874,14.51874,1.0,14.51874,True,True
2024-05-08 05:00:00,62520.15,62760.0,62361.51,62617.71,564.73818,4.9e-05,64,10.618628,0.0,trending,,1030.716674,1.451249,-0.389386,True,True,1030.315328,1.062276,1030.716674,,trending,-3.900113,{},,70.0,BTCUSDT,2024-05-08 05:00:00,BTCUSDT,62617.71,0.006409,REDUCE_LONG,800.00731,0.0,0.0,0.0,800.00731,0.0,0.0,0.0,10.618628,10.618628,1.0,10.618628,True,True
2024-05-08 06:00:00,62617.71,62709.63,62135.48,62505.98,1299.9694,4.9e-05,64,12.154319,0.0,trending,,1028.362426,1.062395,0.153037,False,,1028.362426,1.062395,1028.362426,,trending,1.535691,{},,71.0,BTCUSDT,2024-05-08 06:00:00,,,,,800.00731,0.0,0.0,0.0,800.00731,0.0,0.0,0.0,12.154319,12.154319,1.0,12.154319,True,False
2024-05-08 07:00:00,62505.99,62603.64,62020.09,62208.0,1045.14323,4.9e-05,64,18.507489,0.0,trending,,1023.154106,1.062712,0.788037,True,True,1022.347823,1.85142,1023.154106,,trending,6.35317,{},,72.0,BTCUSDT,2024-05-08 07:00:00,BTCUSDT,62208.0,0.012961,LONG,800.00731,0.0,0.0,0.0,800.00731,0.0,0.0,0.0,18.507489,18.507489,1.0,18.507489,True,True
2024-05-08 08:00:00,62208.0,62427.97,62042.0,62375.99,1032.41734,5.6e-05,64,12.514622,0.0,trending,,1027.459234,1.847184,-0.595722,True,True,1026.847154,1.252208,1027.459234,,trending,-5.992868,{},,73.0,BTCUSDT,2024-05-08 08:00:00,BTCUSDT,62375.99,0.009813,REDUCE_LONG,800.00731,0.0,0.0,0.0,800.00731,0.0,0.0,0.0,12.514622,12.514622,1.0,12.514622,True,True
2024-05-08 09:00:00,62375.99,62428.0,62082.3,62302.01,1000.998,5.6e-05,64,13.466242,0.0,trending,,1025.322121,1.252583,0.094041,False,,1025.322121,1.252583,1025.322121,,trending,0.95162,{},,74.0,BTCUSDT,2024-05-08 09:00:00,,,,,800.00731,0.0,0.0,0.0,800.00731,0.0,0.0,0.0,13.466242,13.466242,1.0,13.466242,True,False
2024-05-08 10:00:00,62302.0,62519.7,62264.19,62450.05,809.67814,5.6e-05,64,9.238004,0.0,trending,,1028.373836,1.251834,-0.328033,True,True,1028.036495,0.924103,1028.373836,,trending,-4.228238,{},,75.0,BTCUSDT,2024-05-08 10:00:00,BTCUSDT,62450.05,0.005402,REDUCE_LONG,800.00731,0.0,0.0,0.0,800.00731,0.0,0.0,0.0,9.238004,9.238004,1.0,9.238004,True,True
2024-05-08 11:00:00,62450.06,62507.0,62131.41,62243.4,670.36372,5.6e-05,64,14.556419,0.0,trending,,1024.892863,0.923871,0.531771,True,True,1024.347854,1.455884,1024.892863,,trending,5.318416,{},,76.0,BTCUSDT,2024-05-08 11:00:00,BTCUSDT,62243.4,0.008756,LONG,800.00731,0.0,0.0,0.0,800.00731,0.0,0.0,0.0,14.556419,14.556419,1.0,14.556419,True,True
2024-05-08 12:00:00,62243.4,62450.14,62093.75,62238.29,730.29598,5.6e-05,64,13.446283,0.0,trending,,1024.22542,1.455939,-0.111311,False,,1024.22542,1.455939,1024.22542,,trending,-1.110136,{},,77.0,BTCUSDT,2024-05-08 12:00:00,,,,,800.00731,0.0,0.0,0.0,800.00731,0.0,0.0,0.0,13.446283,13.446283,1.0,13.446283,True,False
2024-05-08 13:00:00,62238.29,62461.28,61761.0,62447.61,2047.08478,5.6e-05,64,5.93762,0.0,trending,,1029.240661,1.453717,-0.859955,True,True,1028.35556,0.594273,1029.240661,,trending,-7.508663,{},,78.0,BTCUSDT,2024-05-08 13:00:00,BTCUSDT,62447.61,0.014173,REDUCE_LONG,800.00731,0.0,0.0,0.0,800.00731,0.0,0.0,0.0,5.93762,5.93762,1.0,5.93762,True,True
2024-05-08 14:00:00,62447.6,62828.0,62160.72,62560.01,1703.94563,5.6e-05,64,2.273948,0.0,trending,,1029.455527,0.594707,-0.367312,True,True,1029.077396,0.227478,1029.455527,,trending,-3.663672,{},,79.0,BTCUSDT,2024-05-08 14:00:00,BTCUSDT,62560.01,0.006044,REDUCE_LONG,800.00731,0.0,0.0,0.0,800.00731,0.0,0.0,0.0,2.273948,2.273948,1.0,2.273948,True,True
2024-05-08 15:00:00,62560.0,62604.35,61886.86,62273.08,1676.92072,5.6e-05,64,9.431437,0.0,trending,,1028.003735,0.226672,0.716472,True,True,1027.267199,0.943103,1028.003735,,trending,7.157489,{},,80.0,BTCUSDT,2024-05-08 15:00:00,BTCUSDT,62273.08,0.011828,LONG,800.00731,0.0,0.0,0.0,800.00731,0.0,0.0,0.0,9.431437,9.431437,1.0,9.431437,True,True
2024-05-08 16:00:00,62273.07,62444.45,62000.0,62444.45,800.51936,9.3e-05,64,4.015983,0.0,trending,,1029.933302,0.94325,-0.541652,True,True,1029.375437,0.401816,1029.933302,,trending,-5.415455,{},,81.0,BTCUSDT,2024-05-08 16:00:00,BTCUSDT,62444.45,0.008934,REDUCE_LONG,800.00731,0.0,0.0,0.0,800.00731,0.0,0.0,0.0,4.015983,4.015983,1.0,4.015983,True,True
2024-05-08 17:00:00,62444.45,62685.7,62368.06,62594.18,721.63706,9.3e-05,64,-0.206099,0.0,trending,,1030.367218,0.402392,-0.423002,True,True,1029.931371,-0.020619,1030.367218,,trending,-4.222081,{},,82.0,BTCUSDT,2024-05-08 17:00:00,BTCUSDT,62594.18,0.000339,SHORT,800.00731,0.0,0.0,0.0,800.00731,0.0,0.0,0.0,-0.206099,-0.206099,1.0,-0.206099,True,True
2024-05-08 18:00:00,62594.19,62760.0,62450.0,62515.46,605.54987,9.3e-05,64,1.848861,0.0,trending,,1029.958078,-0.020592,0.205478,True,True,1029.746423,0.184739,1029.958078,,trending,2.05496,{},,83.0,BTCUSDT,2024-05-08 18:00:00,BTCUSDT,62515.46,0.003046,LONG,800.00731,0.0,0.0,0.0,800.00731,0.0,0.0,0.0,1.848861,1.848861,1.0,1.848861,True,True
2024-05-08 19:00:00,62515.46,62548.71,61949.42,62179.45,1173.4342,9.3e-05,64,10.388772,0.0,trending,,1028.723944,0.183929,0.854948,True,True,1027.844439,1.03891,1028.723944,,trending,8.539911,{},,84.0,BTCUSDT,2024-05-08 19:00:00,BTCUSDT,62179.45,0.014145,LONG,800.00731,0.0,0.0,0.0,800.00731,0.0,0.0,0.0,10.388772,10.388772,1.0,10.388772,True,True
2024-05-08 20:00:00,62179.45,62248.84,61429.62,61570.01,1896.4447,9.3e-05,64,20.0,0.0,trending,,1017.378225,1.039311,0.960689,True,True,1016.400841,2.000962,1017.378225,,trending,9.611228,{},,85.0,BTCUSDT,2024-05-08 20:00:00,BTCUSDT,61570.01,0.015874,LONG,800.00731,0.0,0.0,0.0,800.00731,0.0,0.0,0.0,24.0,24.0,1.0,24.0,True,True
2024-05-08 21:00:00,61570.0,61763.37,61382.0,61485.94,938.44954,9.3e-05,64,20.0,0.0,trending,,1013.623843,2.003704,-0.003704,False,,1013.623843,2.003704,1013.623843,,trending,0.0,{},,86.0,BTCUSDT,2024-05-08 21:00:00,,,,,800.00731,0.0,0.0,0.0,800.00731,0.0,0.0,0.0,24.0,24.0,1.0,24.0,True,False
2024-05-08 22:00:00,61485.95,61568.85,61103.26,61251.01,1500.49677,9.3e-05,64,20.0,0.0,trending,,1005.863641,2.011447,-0.011447,False,,1005.863641,2.011447,1005.863641,,trending,0.0,{},,87.0,BTCUSDT,2024-05-08 22:00:00,,,,,800.00731,0.0,0.0,0.0,800.00731,0.0,0.0,0.0,24.0,24.0,1.0,24.0,True,False
2024-05-08 23:00:00,61251.02,61280.46,60888.0,61193.03,1615.23283,9.3e-05,64,20.0,0.0,trending,,1003.948447,2.013377,-0.013377,False,,1003.948447,2.013377,1003.948447,,trending,0.0,{},,88.0,BTCUSDT,2024-05-08 23:00:00,,,,,800.00731,0.0,0.0,0.0,800.00731,0.0,0.0,0.0,24.0,24.0,1.0,24.0,True,False
2024-05-09 00:00:00,61193.03,61468.14,61144.33,61400.0,669.8655,5.6e-05,55,19.256015,0.0,trending,,1010.785075,2.006523,-0.080921,False,,1010.785075,2.006523,1010.785075,,trending,-0.743985,{},,89.0,BTCUSDT,2024-05-09 00:00:00,,,,,800.00731,0.0,0.0,0.0,800.00731,0.0,0.0,0.0,19.256015,19.256015,1.0,19.256015,True,False
2024-05-09 01:00:00,61400.01,61567.41,61380.54,61551.0,607.39768,5.6e-05,55,13.863892,0.0,trending,,1015.772903,2.00158,-0.615191,True,True,1015.148008,1.387243,1015.772903,,trending,-5.392123,{},,90.0,BTCUSDT,2024-05-09 01:00:00,BTCUSDT,61551.0,0.010152,REDUCE_LONG,800.00731,0.0,0.0,0.0,800.00731,0.0,0.0,0.0,13.863892,13.863892,1.0,13.863892,True,True
2024-05-09 02:00:00,61550.99,61694.91,61490.34,61664.64,656.06328,5.6e-05,55,9.96433,0.0,trending,,1017.748036,1.386253,-0.38982,True,True,1017.351297,0.996822,1017.748036,,trending,-3.899562,{},,91.0,BTCUSDT,2024-05-09 02:00:00,BTCUSDT,61664.64,0.006434,REDUCE_LONG,800.00731,0.0,0.0,0.0,800.00731,0.0,0.0,0.0,9.96433,9.96433,1.0,9.96433,True,True
2024-05-09 03:00:00,61664.64,61806.98,61423.24,61680.4,788.29083,5.6e-05,55,8.783561,0.0,trending,,1017.610481,0.996822,-0.118466,False,,1017.610481,0.996822,1017.610481,,trending,-1.180769,{},,92.0,BTCUSDT,2024-05-09 03:00:00,,,,,800.00731,0.0,0.0,0.0,800.00731,0.0,0.0,0.0,8.783561,8.783561,1.0,8.783561,True,False
2024-05-09 04:00:00,61680.4,61760.6,61420.0,61511.12,848.22051,5.6e-05,55,12.744823,0.0,trending,,1014.826554,0.996814,0.277669,True,True,1014.544769,1.274559,1014.826554,,trending,3.961262,{},,93.0,BTCUSDT,2024-05-09 04:00:00,BTCUSDT,61511.12,0.004581,LONG,800.00731,0.0,0.0,0.0,800.00731,0.0,0.0,0.0,12.744823,12.744823,1.0,12.744823,True,True
2024-05-09 05:00:00,61511.13,61727.58,61444.44,61580.01,686.18536,5.6e-05,55,9.666027,0.0,trending,,1015.992985,1.274167,-0.307565,True,True,1015.680502,0.9669,1015.992985,,trending,-3.078796,{},,94.0,BTCUSDT,2024-05-09 05:00:00,BTCUSDT,61580.01,0.005074,REDUCE_LONG,800.00731,0.0,0.0,0.0,800.00731,0.0,0.0,0.0,9.666027,9.666027,1.0,9.666027,True,True
2024-05-09 06:00:00,61580.01,61780.6,61530.69,61616.01,524.85549,5.6e-05,55,7.731714,0.0,trending,,1016.25462,0.966919,-0.193747,False,,1016.25462,0.966919,1016.25462,,trending,-1.934313,{},,95.0,BTCUSDT,2024-05-09 06:00:00,,,,,800.00731,0.0,0.0,0.0,800.00731,0.0,0.0,0.0,7.731714,7.731714,1.0,7.731714,True,False
2024-05-09 07:00:00,61616.0,61648.0,61129.0,61253.16,846.09087,5.6e-05,55,16.985036,0.0,trending,,1010.467986,0.966729,0.731774,True,True,1009.728551,1.699015,1010.467986,,trending,9.253322,{},,96.0,BTCUSDT,2024-05-09 07:00:00,BTCUSDT,61253.16,0.012072,LONG,800.00731,0.0,0.0,0.0,800.00731,0.0,0.0,0.0,16.985036,16.985036,1.0,16.985036,True,True
2024-05-09 08:00:00,61253.16,61447.06,61139.79,61310.0,927.28068,3.3e-05,55,13.863006,0.0,trending,,1011.320494,1.697915,-0.311614,True,True,1011.005352,1.386733,1011.320494,,trending,-3.122029,{},,97.0,BTCUSDT,2024-05-09 08:00:00,BTCUSDT,61310.0,0.00514,REDUCE_LONG,800.00731,0.0,0.0,0.0,800.00731,0.0,0.0,0.0,13.863006,13.863006,1.0,13.863006,True,True
2024-05-09 09:00:00,61309.99,61361.94,60923.22,61289.99,1553.16258,3.3e-05,55,13.513514,0.0,trending,,1010.547777,1.386908,-0.035556,False,,1010.547777,1.386908,1010.547777,,trending,-0.349492,{},,98.0,BTCUSDT,2024-05-09 09:00:00,,,,,800.00731,0.0,0.0,0.0,800.00731,0.0,0.0,0.0,13.513514,13.513514,1.0,13.513514,True,False
2024-05-09 10:00:00,61289.99,61321.76,60774.67,60805.99,1272.99616,3.3e-05,55,20.0,0.0,trending,,999.480004,1.391192,0.608808,True,True,998.871512,2.000609,999.480004,,trending,6.486486,{},,99.0,BTCUSDT,2024-05-09 10:00:00,BTCUSDT,60805.99,0.010007,LONG,800.00731,0.0,0.0,0.0,800.00731,0.0,0.0,0.0,24.0,24.0,1.0,24.0,True,True
2024-05-09 11:00:00,60805.99,61177.94,60630.0,61053.99,1608.93152,3.3e-05,55,17.142372,0.0,trending,,1007.02188,1.992511,-0.278274,True,True,1006.741653,1.714714,1007.02188,,trending,-2.857628,{},,100.0,BTCUSDT,2024-05-09 11:00:00,BTCUSDT,61053.99,0.00459,REDUCE_LONG,800.00731,0.0,0.0,0.0,800.00731,0.0,0.0,0.0,17.142372,17.142372,1.0,17.142372,True,True
2024-05-09 12:00:00,61053.99,61631.03,61025.42,61516.66,1514.01068,3.3e-05,55,1.632079,0.0,trending,,1019.82344,1.705546,-1.542338,True,True,1018.250528,0.16346,1019.82344,,trending,-15.510293,{},,101.0,BTCUSDT,2024-05-09 12:00:00,BTCUSDT,61516.66,0.025569,REDUCE_LONG,800.00731,0.0,0.0,0.0,800.00731,0.0,0.0,0.0,1.632079,1.632079,1.0,1.632079,True,True
2024-05-09 13:00:00,61516.66,61538.73,60882.19,61182.33,1609.99212,3.3e-05,55,10.838519,0.0,trending,,1017.345944,0.162716,0.921136,True,True,1016.40883,1.083929,1017.345944,,trending,9.20644,{},,102.0,BTCUSDT,2024-05-09 13:00:00,BTCUSDT,61182.33,0.015317,LONG,800.00731,0.0,0.0,0.0,800.00731,0.0,0.0,0.0,10.838519,10.838519,1.0,10.838519,True,True
2024-05-09 14:00:00,61182.32,61571.42,61119.1,61540.61,1537.77848,3.3e-05,55,-0.28415,0.0,trending,,1022.860407,1.0834,-1.111815,True,True,1021.723176,-0.028447,1022.860407,,trending,-11.122669,{},,103.0,BTCUSDT,2024-05-09 14:00:00,BTCUSDT,61540.61,0.000472,SHORT,800.00731,0.0,0.0,0.0,800.00731,0.0,0.0,0.0,-0.28415,-0.28415,1.0,-0.28415,True,True
2024-05-09 15:00:00,61540.6,62285.0,61465.36,62159.06,3626.5535,3.3e-05,55,-16.968554,0.0,trending,,1021.431093,-0.028741,-1.668115,True,True,1019.727229,-1.699691,1021.431093,,trending,-16.684404,{},,104.0,BTCUSDT,2024-05-09 15:00:00,BTCUSDT,62159.06,0.027411,SHORT,800.00731,0.0,0.0,0.0,800.00731,0.0,0.0,0.0,-16.968554,-16.968554,1.0,-16.968554,True,True
2024-05-09 16:00:00,62159.06,62668.67,61820.77,61859.81,3589.58861,7.3e-05,55,-7.239973,0.0,trending,,1028.071408,-1.677779,0.953782,True,True,1027.089871,-0.724689,1028.071408,,trending,9.728581,{},,105.0,BTCUSDT,2024-05-09 16:00:00,BTCUSDT,61859.81,0.015851,REDUCE_SHORT,800.00731,0.0,0.0,0.0,800.00731,0.0,0.0,0.0,-7.239973,-7.239973,1.0,-7.239973,True,True
2024-05-09 17:00:00,61859.8,62211.45,61750.0,61946.29,1125.20218,7.3e-05,55,-8.801954,0.0,trending,,1026.04931,-0.726438,-0.153757,False,,1026.04931,-0.726438,1026.04931,,trending,-1.561981,{},,106.0,BTCUSDT,2024-05-09 17:00:00,,,,,800.00731,0.0,0.0,0.0,800.00731,0.0,0.0,0.0,-8.801954,-8.801954,1.0,-8.801954,True,False
2024-05-09 18:00:00,61946.3,62260.0,61890.0,62259.69,640.09588,7.3e-05,55,-16.508119,0.0,trending,,1022.278362,-0.732807,-0.918005,True,True,1021.339905,-1.652329,1022.278362,,trending,-7.706165,{},,107.0,BTCUSDT,2024-05-09 18:00:00,BTCUSDT,62259.69,0.015073,SHORT,800.00731,0.0,0.0,0.0,800.00731,0.0,0.0,0.0,-16.508119,-16.508119,1.0,-16.508119,True,True
2024-05-09 19:00:00,62259.68,62550.0,62180.0,62454.92,926.36456,7.3e-05,55,-20.0,0.0,trending,,1016.048069,-1.666143,-0.333857,True,True,1015.708854,-2.000668,1016.048069,,trending,-3.491881,{},,108.0,BTCUSDT,2024-05-09 19:00:00,BTCUSDT,62454.92,0.005431,SHORT,800.00731,0.0,0.0,0.0,800.00731,0.0,0.0,0.0,-20.256457,-20.256457,1.0,-20.256457,True,True
2024-05-09 20:00:00,62454.92,62659.51,62346.36,62624.7,1263.92993,7.3e-05,55,-20.0,0.0,trending,,1010.184721,-2.017077,0.017077,False,,1010.184721,-2.017077,1010.184721,,trending,0.0,{},,109.0,BTCUSDT,2024-05-09 20:00:00,,,,,800.00731,0.0,0.0,0.0,800.00731,0.0,0.0,0.0,-22.948948,-22.948948,1.0,-22.948948,True,False
2024-05-09 21:00:00,62624.7,62822.64,62426.82,62543.34,1306.15453,7.3e-05,55,-18.133628,0.0,trending,,1012.831932,-2.009191,0.195828,False,,1012.831932,-2.009191,1012.831932,,trending,1.866372,{},,110.0,BTCUSDT,2024-05-09 21:00:00,,,,,800.00731,0.0,0.0,0.0,800.00731,0.0,0.0,0.0,-18.133628,-18.133628,1.0,-18.133628,True,False
2024-05-09 22:00:00,62543.34,63429.03,62493.0,63280.47,1525.42563,7.3e-05,55,-20.0,0.0,trending,,988.847928,-2.082178,0.082178,False,,988.847928,-2.082178,988.847928,,trending,-1.866372,{},,111.0,BTCUSDT,2024-05-09 22:00:00,,,,,800.00731,0.0,0.0,0.0,800.00731,0.0,0.0,0.0,-24.0,-24.0,1.0,-24.0,True,False
2024-05-09 23:00:00,63280.46,63330.01,62862.72,63074.01,1006.36954,7.3e-05,55,-20.0,0.0,trending,,995.565519,-2.061381,0.061381,False,,995.565519,-2.061381,995.565519,,trending,0.0,{},,112.0,BTCUSDT,2024-05-09 23:00:00,,,,,800.00731,0.0,0.0,0.0,800.00731,0.0,0.0,0.0,-24.0,-24.0,1.0,-24.0,True,False
2024-05-10 00:00:00,63074.0,63094.01,62742.0,62840.73,768.11834,1e-05,66,-16.763445,0.0,trending,,1003.155751,-2.038217,0.361873,True,True,1002.792373,-1.676952,1003.155751,,trending,3.236555,{},,113.0,BTCUSDT,2024-05-10 00:00:00,BTCUSDT,62840.73,0.005777,REDUCE_SHORT,800.00731,0.0,0.0,0.0,800.00731,0.0,0.0,0.0,-16.763445,-16.763445,1.0,-16.763445,True,True
2024-05-10 01:00:00,62840.72,62968.0,62662.07,62883.5,776.17158,1e-05,66,-16.167914,0.0,trending,,1001.647837,-1.680011,0.063219,False,,1001.647837,-1.680011,1001.647837,,trending,0.595531,{},,114.0,BTCUSDT,2024-05-10 01:00:00,,,,,800.00731,0.0,0.0,0.0,800.00731,0.0,0.0,0.0,-16.167914,-16.167914,1.0,-16.167914,True,False
2024-05-10 02:00:00,62883.5,63043.29,62771.76,62910.61,605.44697,1e-05,66,-15.251489,0.0,trending,,1000.922366,-1.681953,0.156804,False,,1000.922366,-1.681953,1000.922366,,trending,0.916425,{},,115.0,BTCUSDT,2024-05-10 02:00:00,,,,,800.00731,0.0,0.0,0.0,800.00731,0.0,0.0,0.0,-15.251489,-15.251489,1.0,-15.251489,True,False
2024-05-10 03:00:00,62910.62,62932.15,62793.94,62916.16,586.04818,1e-05,66,-14.485477,0.0,trending,,1000.773847,-1.682351,0.233804,True,True,1000.539628,-1.448887,1000.773847,,trending,0.766012,{},,116.0,BTCUSDT,2024-05-10 03:00:00,BTCUSDT,62916.16,0.003719,REDUCE_SHORT,800.00731,0.0,0.0,0.0,800.00731,0.0,0.0,0.0,-14.485477,-14.485477,1.0,-14.485477,True,True
2024-05-10 04:00:00,62916.16,63008.0,62793.04,62929.99,607.57275,1e-05,66,-13.583883,0.0,trending,,1000.220967,-1.449667,0.091279,False,,1000.220967,-1.449667,1000.220967,,trending,0.901594,{},,117.0,BTCUSDT,2024-05-10 04:00:00,,,,,800.00731,0.0,0.0,0.0,800.00731,0.0,0.0,0.0,-13.583883,-13.583883,1.0,-13.583883,True,False
2024-05-10 05:00:00,62930.0,62973.49,62660.42,62767.99,608.04587,1e-05,66,-8.29066,0.0,trending,,1003.953654,-1.440559,0.611493,True,True,1003.339128,-0.829574,1003.953654,,trending,5.293223,{},,118.0,BTCUSDT,2024-05-10 05:00:00,BTCUSDT,62767.99,0.009781,REDUCE_SHORT,800.00731,0.0,0.0,0.0,800.00731,0.0,0.0,0.0,-8.29066,-8.29066,1.0,-8.29066,True,True
2024-05-10 06:00:00,62768.0,63236.96,62743.88,63166.0,828.39836,1e-05,66,-17.834119,0.0,trending,,998.06126,-0.839249,-0.944163,True,True,997.118928,-1.785097,998.06126,,trending,-9.543459,{},,119.0,BTCUSDT,2024-05-10 06:00:00,BTCUSDT,63166.0,0.014918,SHORT,800.00731,0.0,0.0,0.0,800.00731,0.0,0.0,0.0,-17.834119,-17.834119,1.0,-17.834119,True,True
2024-05-10 07:00:00,63166.0,63380.0,62990.44,63078.02,2785.46141,1e-05,66,-14.100406,0.0,trending,,999.598116,-1.77819,0.368149,True,True,999.229746,-1.41056,999.598116,,trending,3.733713,{},,120.0,BTCUSDT,2024-05-10 07:00:00,BTCUSDT,63078.02,0.005834,REDUCE_SHORT,800.00731,0.0,0.0,0.0,800.00731,0.0,0.0,0.0,-14.100406,-14.100406,1.0,-14.100406,True,True
2024-05-10 08:00:00,63078.01,63136.06,62839.67,63039.99,866.50642,5.9e-05,66,-12.167473,0.0,trending,,1000.079524,-1.408512,0.191765,False,,1000.079524,-1.408512,1000.079524,,trending,1.932934,{},,121.0,BTCUSDT,2024-05-10 08:00:00,,,,,800.00731,0.0,0.0,0.0,800.00731,0.0,0.0,0.0,-12.167473,-12.167473,1.0,-12.167473,True,False
2024-05-10 09:00:00,63040.0,63214.63,62850.0,63126.98,690.97981,5.9e-05,66,-13.831678,0.0,trending,,998.135738,-1.413203,0.030035,False,,998.135738,-1.413203,998.135738,,trending,-1.664206,{},,122.0,BTCUSDT,2024-05-10 09:00:00,,,,,800.00731,0.0,0.0,0.0,800.00731,0.0,0.0,0.0,-13.831678,-13.831678,1.0,-13.831678,True,False
2024-05-10 10:00:00,63126.97,63139.19,62860.0,63025.45,630.43874,5.9e-05,66,-9.85605,0.0,trending,,1000.404419,-1.40773,0.422125,True,True,999.981701,-0.986022,1000.404419,,trending,3.975629,{},,123.0,BTCUSDT,2024-05-10 10:00:00,BTCUSDT,63025.45,0.0067,REDUCE_SHORT,800.00731,0.0,0.0,0.0,800.00731,0.0,0.0,0.0,-9.85605,-9.85605,1.0,-9.85605,True,True
2024-05-10 11:00:00,63025.44,63320.0,62800.0,63299.63,984.57483,5.9e-05,66,-17.413881,0.0,trending,,995.692283,-0.994577,-0.746811,True,True,994.94869,-1.74269,995.692283,,trending,-7.557831,{},,124.0,BTCUSDT,2024-05-10 11:00:00,BTCUSDT,63299.63,0.011747,SHORT,800.00731,0.0,0.0,0.0,800.00731,0.0,0.0,0.0,-17.413881,-17.413881,1.0,-17.413881,True,True
2024-05-10 12:00:00,63299.63,63469.13,62939.0,63007.92,1387.45502,5.9e-05,66,-7.355183,0.0,trending,,1002.939133,-1.720838,0.98532,True,True,1001.949927,-0.736244,1002.939133,,trending,10.058698,{},,125.0,BTCUSDT,2024-05-10 12:00:00,BTCUSDT,63007.92,0.015684,REDUCE_SHORT,800.00731,0.0,0.0,0.0,800.00731,0.0,0.0,0.0,-7.355183,-7.355183,1.0,-7.355183,True,True
2024-05-10 13:00:00,63007.91,63107.17,62812.26,63004.0,838.68751,5.9e-05,66,-6.676025,0.0,trending,,1001.995822,-0.736165,0.068562,False,,1001.995822,-0.736165,1001.995822,,trending,0.679157,{},,126.0,BTCUSDT,2024-05-10 13:00:00,,,,,800.00731,0.0,0.0,0.0,800.00731,0.0,0.0,0.0,-6.676025,-6.676025,1.0,-6.676025,True,False
2024-05-10 14:00:00,63004.0,63090.33,60690.0,61063.87,7058.22394,5.9e-05,66,20.0,0.0,trending,,1024.71035,-0.69768,2.69768,True,True,1021.945294,2.003406,1024.71035,,trending,26.676025,{},,127.0,BTCUSDT,2024-05-10 14:00:00,BTCUSDT,61063.87,0.033562,LONG,800.00731,0.0,0.0,0.0,800.00731,0.0,0.0,0.0,24.0,24.0,1.0,24.0,True,True
2024-05-10 15:00:00,61063.87,61326.01,60703.0,60928.02,4160.52276,5.9e-05,66,20.0,0.0,trending,,1017.390466,2.007898,-0.007898,False,,1017.390466,2.007898,1017.390466,,trending,0.0,{},,128.0,BTCUSDT,2024-05-10 15:00:00,,,,,800.00731,0.0,0.0,0.0,800.00731,0.0,0.0,0.0,24.0,24.0,1.0,24.0,True,False
2024-05-10 16:00:00,60928.02,61294.82,60255.0,61071.54,3344.86696,7.7e-05,66,20.0,0.0,trending,,1022.202456,2.003154,-0.003154,False,,1022.202456,2.003154,1022.202456,,trending,0.0,{},,129.0,BTCUSDT,2024-05-10 16:00:00,,,,,800.00731,0.0,0.0,0.0,800.00731,0.0,0.0,0.0,24.0,24.0,1.0,24.0,True,False
2024-05-10 17:00:00,61071.55,61071.55,60187.12,60383.72,2970.16569,7.7e-05,66,20.0,0.0,trending,,999.140981,2.026308,-0.026308,False,,999.140981,2.026308,999.140981,,trending,0.0,{},,130.0,BTCUSDT,2024-05-10 17:00:00,,,,,800.00731,0.0,0.0,0.0,800.00731,0.0,0.0,0.0,24.0,24.0,1.0,24.0,True,False
2024-05-10 18:00:00,60383.71,60788.0,60220.87,60717.07,1476.02208,7.7e-05,66,20.0,0.0,trending,,1010.317659,2.014954,-0.014954,False,,1010.317659,2.014954,1010.317659,,trending,0.0,{},,131.0,BTCUSDT,2024-05-10 18:00:00,,,,,800.00731,0.0,0.0,0.0,800.00731,0.0,0.0,0.0,24.0,24.0,1.0,24.0,True,False
2024-05-10 19:00:00,60717.08,60922.29,60538.7,60716.97,1657.60008,7.7e-05,66,20.0,0.0,trending,,1010.314306,2.014957,-0.014957,False,,1010.314306,2.014957,1010.314306,,trending,0.0,{},,132.0,BTCUSDT,2024-05-10 19:00:00,,,,,800.00731,0.0,0.0,0.0,800.00731,0.0,0.0,0.0,24.0,24.0,1.0,24.0,True,False
2024-05-10 20:00:00,60716.96,60977.17,60456.91,60516.92,1289.75299,7.7e-05,66,20.0,0.0,trending,,1003.606958,2.021741,-0.021741,False,,1003.606958,2.021741,1003.606958,,trending,0.0,{},,133.0,BTCUSDT,2024-05-10 20:00:00,,,,,800.00731,0.0,0.0,0.0,800.00731,0.0,0.0,0.0,24.0,24.0,1.0,24.0,True,False
2024-05-10 21:00:00,60516.91,60777.7,60466.52,60710.0,602.33189,7.7e-05,66,20.0,0.0,trending,,1010.080614,2.015192,-0.015192,False,,1010.080614,2.015192,1010.080614,,trending,0.0,{},,134.0,BTCUSDT,2024-05-10 21:00:00,,,,,800.00731,0.0,0.0,0.0,800.00731,0.0,0.0,0.0,23.5532,23.5532,1.0,23.5532,True,False
2024-05-10 22:00:00,60709.99,60931.8,60610.0,60854.01,577.19897,7.7e-05,66,18.019796,0.0,trending,,1014.909033,2.010362,-0.208383,True,True,1014.697543,1.802355,1014.909033,,trending,-1.980204,{},,135.0,BTCUSDT,2024-05-10 22:00:00,BTCUSDT,60854.01,0.003475,REDUCE_LONG,800.00731,0.0,0.0,0.0,800.00731,0.0,0.0,0.0,18.019796,18.019796,1.0,18.019796,True,True
2024-05-10 23:00:00,60854.0,61003.0,60776.0,60799.99,428.7491,7.7e-05,66,17.35933,0.0,trending,,1013.07408,1.803641,-0.067708,False,,1013.07408,1.803641,1013.07408,,trending,-0.660466,{},,136.0,BTCUSDT,2024-05-10 23:00:00,,,,,800.00731,0.0,0.0,0.0,800.00731,0.0,0.0,0.0,17.35933,17.35933,1.0,17.35933,True,False
2024-05-11 00:00:00,60799.99,60930.0,60650.0,60779.99,746.64617,8.9e-05,53,16.050629,0.0,trending,,1012.47302,1.804118,-0.199055,False,,1012.47302,1.804118,1012.47302,,trending,-1.3087,{},,137.0,BTCUSDT,2024-05-11 00:00:00,,,,,800.00731,0.0,0.0,0.0,800.00731,0.0,0.0,0.0,16.050629,16.050629,1.0,16.050629,True,False
2024-05-11 01:00:00,60779.99,61096.27,60764.0,60876.69,783.97486,8.9e-05,53,12.387064,0.0,trending,,1015.379145,1.801817,-0.56311,True,True,1014.807375,1.239404,1015.379145,,trending,-3.663565,{},,138.0,BTCUSDT,2024-05-11 01:00:00,BTCUSDT,60876.69,0.009392,REDUCE_LONG,800.00731,0.0,0.0,0.0,800.00731,0.0,0.0,0.0,12.387064,12.387064,1.0,12.387064,True,True
2024-05-11 02:00:00,60876.7,60977.77,60753.54,60895.23,495.30171,8.9e-05,53,11.072027,0.0,trending,,1015.190424,1.239314,-0.132111,False,,1015.190424,1.239314,1015.190424,,trending,-1.315037,{},,139.0,BTCUSDT,2024-05-11 02:00:00,,,,,800.00731,0.0,0.0,0.0,800.00731,0.0,0.0,0.0,11.072027,11.072027,1.0,11.072027,True,False
2024-05-11 03:00:00,60895.22,60918.86,60699.92,60731.9,337.27232,8.9e-05,53,13.889369,0.0,trending,,1011.815908,1.240112,0.148825,False,,1011.815908,1.240112,1011.815908,,trending,2.817342,{},,140.0,BTCUSDT,2024-05-11 03:00:00,,,,,800.00731,0.0,0.0,0.0,800.00731,0.0,0.0,0.0,13.889369,13.889369,1.0,13.889369,True,False
2024-05-11 04:00:00,60731.89,60880.26,60712.0,60766.01,569.08381,8.9e-05,53,11.935604,0.0,trending,,1012.520645,1.239945,-0.046385,False,,1012.520645,1.239945,1012.520645,,trending,-1.953766,{},,141.0,BTCUSDT,2024-05-11 04:00:00,,,,,800.00731,0.0,0.0,0.0,800.00731,0.0,0.0,0.0,11.935604,11.935604,1.0,11.935604,True,False
2024-05-11 05:00:00,60766.0,60939.18,60766.0,60922.0,446.69119,8.9e-05,53,7.345539,0.0,trending,,1015.743512,1.239184,-0.50463,True,True,1015.230938,0.734925,1015.743512,,trending,-4.590065,{},,142.0,BTCUSDT,2024-05-11 05:00:00,BTCUSDT,60922.0,0.008414,REDUCE_LONG,800.00731,0.0,0.0,0.0,800.00731,0.0,0.0,0.0,7.345539,7.345539,1.0,7.345539,True,True
2024-05-11 06:00:00,60921.99,61080.0,60900.94,60953.01,549.19603,8.9e-05,53,5.977666,0.0,trending,,1015.61072,0.735024,-0.137257,False,,1015.61072,0.735024,1015.61072,,trending,-1.367872,{},,143.0,BTCUSDT,2024-05-11 06:00:00,,,,,800.00731,0.0,0.0,0.0,800.00731,0.0,0.0,0.0,5.977666,5.977666,1.0,5.977666,True,False
2024-05-11 07:00:00,60953.0,61018.53,60861.88,61018.52,393.52493,8.9e-05,53,4.001268,0.0,trending,,1016.413029,0.735233,-0.335106,True,True,1016.072422,0.400261,1016.413029,,trending,-1.976398,{},,144.0,BTCUSDT,2024-05-11 07:00:00,BTCUSDT,61018.52,0.005582,REDUCE_LONG,800.00731,0.0,0.0,0.0,800.00731,0.0,0.0,0.0,4.001268,4.001268,1.0,4.001268,True,True
2024-05-11 08:00:00,61018.53,61058.75,60780.0,60790.0,504.38143,3.8e-05,53,9.467477,0.0,trending,,1014.549315,0.399361,0.547387,True,True,1013.993964,0.946719,1014.549315,,trending,5.466209,{},,145.0,BTCUSDT,2024-05-11 08:00:00,BTCUSDT,60790.0,0.009136,LONG,800.00731,0.0,0.0,0.0,800.00731,0.0,0.0,0.0,9.467477,9.467477,1.0,9.467477,True,True
2024-05-11 09:00:00,60790.01,60904.43,60662.0,60904.43,1137.87555,3.8e-05,53,5.716666,0.0,trending,,1015.800988,0.946813,-0.375147,True,True,1015.419914,0.571881,1015.800988,,trending,-3.750811,{},,146.0,BTCUSDT,2024-05-11 09:00:00,BTCUSDT,60904.43,0.006257,REDUCE_LONG,800.00731,0.0,0.0,0.0,800.00731,0.0,0.0,0.0,5.716666,5.716666,1.0,5.716666,True,True
2024-05-11 10:00:00,60904.42,60904.43,60692.0,60745.99,321.65383,3.8e-05,53,11.9179,0.0,trending,,1013.909252,0.571243,0.620547,True,True,1013.280073,1.191909,1013.909252,,trending,6.201234,{},,147.0,BTCUSDT,2024-05-11 10:00:00,BTCUSDT,60745.99,0.010358,LONG,800.00731,0.0,0.0,0.0,800.00731,0.0,0.0,0.0,11.9179,11.9179,1.0,11.9179,True,True
2024-05-11 11:00:00,60745.99,60790.0,60487.09,60684.01,658.32615,3.8e-05,53,13.403116,0.0,trending,,1012.047801,1.192143,0.148169,False,,1012.047801,1.192143,1012.047801,,trending,1.485215,{},,148.0,BTCUSDT,2024-05-11 11:00:00,,,,,800.00731,0.0,0.0,0.0,800.00731,0.0,0.0,0.0,13.403116,13.403116,1.0,13.403116,True,False
2024-05-11 12:00:00,60684.0,60818.14,60643.94,60710.01,421.01411,3.8e-05,53,12.812493,0.0,trending,,1012.564727,1.192045,0.089205,False,,1012.564727,1.192045,1012.564727,,trending,-0.590622,{},,149.0,BTCUSDT,2024-05-11 12:00:00,,,,,800.00731,0.0,0.0,0.0,800.00731,0.0,0.0,0.0,12.812493,12.812493,1.0,12.812493,True,False
2024-05-11 13:00:00,60710.01,60986.11,60666.88,60972.0,515.98045,3.8e-05,53,1.462938,0.0,trending,,1017.773552,1.191062,-1.044768,True,True,1016.710215,0.146447,1017.773552,,trending,-11.349556,{},,150.0,BTCUSDT,2024-05-11 13:00:00,BTCUSDT,60972.0,0.01744,REDUCE_LONG,800.00731,0.0,0.0,0.0,800.00731,0.0,0.0,0.0,1.462938,1.462938,1.0,1.462938,True,True
2024-05-11 14:00:00,60972.01,61000.01,60783.94,60840.01,435.96157,3.8e-05,53,7.486747,0.0,trending,,1016.387895,0.146176,0.602499,True,True,1015.775522,0.748523,1016.387895,,trending,6.023809,{},,151.0,BTCUSDT,2024-05-11 14:00:00,BTCUSDT,60840.01,0.010065,LONG,800.00731,0.0,0.0,0.0,800.00731,0.0,0.0,0.0,7.486747,7.486747,1.0,7.486747,True,True
2024-05-11 15:00:00,60840.01,61515.0,60840.0,61174.18,1610.22371,3.8e-05,53,-8.152427,0.0,trending,,1019.951721,0.749553,-1.564795,True,True,1018.355705,-0.81652,1019.951721,,trending,-15.639173,{},,152.0,BTCUSDT,2024-05-11 15:00:00,BTCUSDT,61174.18,0.013592,SHORT,800.00731,0.0,0.0,0.0,800.00731,0.0,0.0,0.0,-8.152427,-8.152427,1.0,-8.152427,True,True
2024-05-11 16:00:00,61174.18,61410.09,61091.84,61201.19,895.986,5.1e-05,53,-8.877686,0.0,trending,,1017.988573,-0.817175,-0.070593,False,,1017.988573,-0.817175,1017.988573,,trending,-0.72526,{},,153.0,BTCUSDT,2024-05-11 16:00:00,,,,,800.00731,0.0,0.0,0.0,800.00731,0.0,0.0,0.0,-8.877686,-8.877686,1.0,-8.877686,True,False
2024-05-11 17:00:00,61201.2,61257.99,61016.0,61099.05,467.76216,5.1e-05,53,-3.455116,0.0,trending,,1019.376907,-0.814701,0.469189,True,True,1018.898148,-0.345674,1019.376907,,trending,5.422571,{},,154.0,BTCUSDT,2024-05-11 17:00:00,BTCUSDT,61099.05,0.007828,REDUCE_SHORT,800.00731,0.0,0.0,0.0,800.00731,0.0,0.0,0.0,-3.455116,-3.455116,1.0,-3.455116,True,True
2024-05-11 18:00:00,61099.04,61300.0,61016.0,61214.54,324.43989,5.1e-05,53,-8.481698,0.0,trending,,1018.232404,-0.346554,-0.501616,True,True,1017.721643,-0.848595,1018.232404,,trending,-5.026582,{},,155.0,BTCUSDT,2024-05-11 18:00:00,BTCUSDT,61214.54,0.008344,SHORT,800.00731,0.0,0.0,0.0,800.00731,0.0,0.0,0.0,-8.481698,-8.481698,1.0,-8.481698,True,True
2024-05-11 19:00:00,61214.55,61217.0,61058.31,61144.0,270.26577,5.1e-05,53,-4.475072,0.0,trending,,1018.716843,-0.84679,0.399282,True,True,1018.30968,-0.447686,1018.716843,,trending,4.006625,{},,156.0,BTCUSDT,2024-05-11 19:00:00,BTCUSDT,61144.0,0.006652,REDUCE_SHORT,800.00731,0.0,0.0,0.0,800.00731,0.0,0.0,0.0,-4.475072,-4.475072,1.0,-4.475072,True,True
2024-05-11 20:00:00,61144.01,61154.21,60784.39,61016.58,631.96735,5.1e-05,53,1.88024,0.0,trending,,1019.25971,-0.446337,0.634361,True,True,1018.612676,0.187955,1019.25971,,trending,6.355313,{},,157.0,BTCUSDT,2024-05-11 20:00:00,BTCUSDT,61016.58,0.003141,LONG,800.00731,0.0,0.0,0.0,800.00731,0.0,0.0,0.0,1.88024,1.88024,1.0,1.88024,True,True
2024-05-11 21:00:00,61016.57,61016.58,60840.0,60919.55,241.44046,5.1e-05,53,6.351887,0.0,trending,,1018.308222,0.187713,0.447476,True,True,1017.852554,0.635025,1018.308222,,trending,4.471647,{},,158.0,BTCUSDT,2024-05-11 21:00:00,BTCUSDT,60919.55,0.00748,LONG,800.00731,0.0,0.0,0.0,800.00731,0.0,0.0,0.0,6.351887,6.351887,1.0,6.351887,True,True
2024-05-11 22:00:00,60919.55,60990.0,60899.26,60909.99,278.28232,5.1e-05,53,6.366996,0.0,trending,,1017.751121,0.634989,0.001711,False,,1017.751121,0.634989,1017.751121,,trending,0.015108,{},,159.0,BTCUSDT,2024-05-11 22:00:00,,,,,800.00731,0.0,0.0,0.0,800.00731,0.0,0.0,0.0,6.366996,6.366996,1.0,6.366996,True,False
2024-05-11 23:00:00,60909.99,60986.41,60743.51,60825.99,337.31759,5.1e-05,53,9.801586,0.0,trending,,1016.859873,0.634669,0.345489,True,True,1016.508559,0.980152,1016.859873,,trending,3.43459,{},,160.0,BTCUSDT,2024-05-11 23:00:00,BTCUSDT,60825.99,0.005776,LONG,800.00731,0.0,0.0,0.0,800.00731,0.0,0.0,0.0,9.801586,9.801586,1.0,9.801586,True,True
2024-05-12 00:00:00,60825.99,61104.05,60804.0,60978.0,437.42056,2.6e-05,56,1.466444,0.0,trending,,1018.99849,0.9802,-0.833556,True,True,1018.149098,0.146767,1018.99849,,trending,-8.335142,{},,161.0,BTCUSDT,2024-05-12 00:00:00,BTCUSDT,60978.0,0.013929,REDUCE_LONG,800.00731,0.0,0.0,0.0,800.00731,0.0,0.0,0.0,1.466444,1.466444,1.0,1.466444,True,True
2024-05-12 01:00:00,60977.99,61080.0,60860.3,60867.99,319.12655,2.6e-05,56,6.459185,0.0,trending,,1017.879511,0.146541,0.499378,True,True,1017.371205,0.645742,1017.879511,,trending,4.992741,{},,162.0,BTCUSDT,2024-05-12 01:00:00,BTCUSDT,60867.99,0.008351,LONG,800.00731,0.0,0.0,0.0,800.00731,0.0,0.0,0.0,6.459185,6.459185,1.0,6.459185,True,True
2024-05-12 02:00:00,60868.0,60979.99,60833.99,60929.85,268.29136,2.6e-05,56,2.970317,0.0,trending,,1018.038871,0.645974,-0.348942,True,True,1017.683634,0.297135,1018.038871,,trending,-3.488869,{},,163.0,BTCUSDT,2024-05-12 02:00:00,BTCUSDT,60929.85,0.00583,REDUCE_LONG,800.00731,0.0,0.0,0.0,800.00731,0.0,0.0,0.0,2.970317,2.970317,1.0,2.970317,True,True
2024-05-12 03:00:00,60929.86,60970.0,60863.81,60930.0,241.95581,2.6e-05,56,2.707015,0.0,trending,,1017.684378,0.297136,-0.026434,False,,1017.684378,0.297136,1017.684378,,trending,-0.263301,{},,164.0,BTCUSDT,2024-05-12 03:00:00,,,,,800.00731,0.0,0.0,0.0,800.00731,0.0,0.0,0.0,2.707015,2.707015,1.0,2.707015,True,False
2024-05-12 04:00:00,60930.01,61120.0,60919.33,61100.0,356.79079,2.6e-05,56,-5.719236,0.0,trending,,1018.528074,0.297718,-0.869642,True,True,1017.64232,-0.572421,1018.528074,,trending,-8.426251,{},,165.0,BTCUSDT,2024-05-12 04:00:00,BTCUSDT,61100.0,0.009534,SHORT,800.00731,0.0,0.0,0.0,800.00731,0.0,0.0,0.0,-5.719236,-5.719236,1.0,-5.719236,True,True
2024-05-12 05:00:00,61100.01,61100.01,60978.64,61050.01,206.38871,2.6e-05,56,-2.829839,0.0,trending,,1018.118919,-0.571685,0.288701,True,True,1017.824692,-0.283066,1018.118919,,trending,2.889397,{},,166.0,BTCUSDT,2024-05-12 05:00:00,BTCUSDT,61050.01,0.004815,REDUCE_SHORT,800.00731,0.0,0.0,0.0,800.00731,0.0,0.0,0.0,-2.829839,-2.829839,1.0,-2.829839,True,True
2024-05-12 06:00:00,61050.01,61062.0,60945.04,60946.49,186.95925,2.6e-05,56,2.612262,0.0,trending,,1018.31323,-0.28245,0.543676,True,True,1017.75931,0.261107,1018.31323,,trending,5.442101,{},,167.0,BTCUSDT,2024-05-12 06:00:00,BTCUSDT,60946.49,0.004365,LONG,800.00731,0.0,0.0,0.0,800.00731,0.0,0.0,0.0,2.612262,2.612262,1.0,2.612262,True,True
2024-05-12 07:00:00,60946.49,60996.0,60610.0,60820.0,664.15041,2.6e-05,56,8.596881,0.0,trending,,1017.207777,0.260706,0.598982,True,True,1016.598488,0.859604,1017.207777,,trending,5.984619,{},,168.0,BTCUSDT,2024-05-12 07:00:00,BTCUSDT,60820.0,0.010018,LONG,800.00731,0.0,0.0,0.0,800.00731,0.0,0.0,0.0,8.596881,8.596881,1.0,8.596881,True,True
2024-05-12 08:00:00,60819.99,61110.0,60790.94,61049.97,542.22786,2.8e-05,56,-3.52323,0.0,trending,,1019.902736,0.860059,-1.212382,True,True,1018.666225,-0.352751,1019.902736,,trending,-12.120111,{},,169.0,BTCUSDT,2024-05-12 08:00:00,BTCUSDT,61049.97,0.005886,SHORT,800.00731,0.0,0.0,0.0,800.00731,0.0,0.0,0.0,-3.52323,-3.52323,1.0,-3.52323,True,True
2024-05-12 09:00:00,61049.97,61083.32,60960.0,61000.0,428.10304,2.8e-05,56,-0.812679,0.0,trending,,1018.960344,-0.35236,0.271092,True,True,1018.683835,-0.08129,1018.960344,,trending,2.710551,{},,170.0,BTCUSDT,2024-05-12 09:00:00,BTCUSDT,61000.0,0.004528,REDUCE_SHORT,800.00731,0.0,0.0,0.0,800.00731,0.0,0.0,0.0,-0.812679,-0.812679,1.0,-0.812679,True,True
2024-05-12 10:00:00,61000.01,61366.59,60950.0,61159.99,1003.15244,2.8e-05,56,-8.404655,0.0,trending,,1018.466646,-0.081521,-0.758945,True,True,1017.693685,-0.841104,1018.466646,,trending,-7.591976,{},,171.0,BTCUSDT,2024-05-12 10:00:00,BTCUSDT,61159.99,0.012638,SHORT,800.00731,0.0,0.0,0.0,800.00731,0.0,0.0,0.0,-8.404655,-8.404655,1.0,-8.404655,True,True
2024-05-12 11:00:00,61159.99,61233.06,61110.0,61146.0,367.15418,2.8e-05,56,-7.788371,0.0,trending,,1017.889487,-0.84075,0.061913,False,,1017.889487,-0.84075,1017.889487,,trending,0.616285,{},,172.0,BTCUSDT,2024-05-12 11:00:00,,,,,800.00731,0.0,0.0,0.0,800.00731,0.0,0.0,0.0,-7.788371,-7.788371,1.0,-7.788371,True,False
2024-05-12 12:00:00,61145.99,61236.25,61090.0,61155.75,385.00105,2.8e-05,56,-7.877495,0.0,trending,,1017.753028,-0.840997,0.053247,False,,1017.753028,-0.840997,1017.753028,,trending,-0.089124,{},,173.0,BTCUSDT,2024-05-12 12:00:00,,,,,800.00731,0.0,0.0,0.0,800.00731,0.0,0.0,0.0,-7.877495,-7.877495,1.0,-7.877495,True,False
2024-05-12 13:00:00,61155.75,61245.94,61097.89,61191.29,273.91856,2.8e-05,56,-9.330371,0.0,trending,,1017.255615,-0.841897,-0.09114,False,,1017.255615,-0.841897,1017.255615,,trending,-1.452876,{},,174.0,BTCUSDT,2024-05-12 13:00:00,,,,,800.00731,0.0,0.0,0.0,800.00731,0.0,0.0,0.0,-9.330371,-9.330371,1.0,-9.330371,True,False
2024-05-12 14:00:00,61191.29,61313.82,61124.77,61168.82,438.56708,2.8e-05,56,-7.315275,0.0,trending,,1017.570102,-0.841328,0.1098,False,,1017.570102,-0.841328,1017.570102,,trending,2.015096,{},,175.0,BTCUSDT,2024-05-12 14:00:00,,,,,800.00731,0.0,0.0,0.0,800.00731,0.0,0.0,0.0,-7.315275,-7.315275,1.0,-7.315275,True,False
2024-05-12 15:00:00,61168.83,61587.12,61146.01,61419.0,950.94806,2.8e-05,56,-19.962273,0.0,trending,,1014.06862,-0.847685,-1.148542,True,True,1012.90392,-1.998523,1014.06862,,trending,-12.646998,{},,176.0,BTCUSDT,2024-05-12 15:00:00,BTCUSDT,61419.0,0.018963,SHORT,800.00731,0.0,0.0,0.0,800.00731,0.0,0.0,0.0,-19.962273,-19.962273,1.0,-19.962273,True,True
2024-05-12 16:00:00,61419.01,61888.0,61346.77,61346.77,1686.64498,0.0001,56,-13.555437,0.0,trending,,1015.284551,-1.991492,0.635948,True,True,1014.638237,-1.356407,1015.284551,,trending,6.406836,{},,177.0,BTCUSDT,2024-05-12 16:00:00,BTCUSDT,61346.77,0.010525,REDUCE_SHORT,800.00731,0.0,0.0,0.0,800.00731,0.0,0.0,0.0,-13.555437,-13.555437,1.0,-13.555437,True,True
2024-05-12 17:00:00,61346.77,61685.5,61109.67,61616.3,1222.21509,0.0001,56,-20.0,0.0,trending,,1008.591561,-1.370534,-0.629466,True,True,1007.956687,-2.00126,1008.591561,,trending,-6.444563,{},,178.0,BTCUSDT,2024-05-12 17:00:00,BTCUSDT,61616.3,0.010304,SHORT,800.00731,0.0,0.0,0.0,800.00731,0.0,0.0,0.0,-24.0,-24.0,1.0,-24.0,True,True
2024-05-12 18:00:00,61616.3,61652.7,61355.0,61373.94,465.50009,0.0001,56,-9.863187,0.0,trending,,1015.891024,-1.977819,0.991501,True,True,1014.882759,-0.987299,1015.891024,,trending,10.136813,{},,179.0,BTCUSDT,2024-05-12 18:00:00,BTCUSDT,61373.94,0.016412,REDUCE_SHORT,800.00731,0.0,0.0,0.0,800.00731,0.0,0.0,0.0,-9.863187,-9.863187,1.0,-9.863187,True,True
2024-05-12 19:00:00,61373.95,61442.67,61209.59,61406.1,446.02131,0.0001,56,-10.447124,0.0,trending,,1014.357714,-0.988327,-0.056385,False,,1014.357714,-0.988327,1014.357714,,trending,-0.583937,{},,180.0,BTCUSDT,2024-05-12 19:00:00,,,,,800.00731,0.0,0.0,0.0,800.00731,0.0,0.0,0.0,-10.447124,-10.447124,1.0,-10.447124,True,False
2024-05-12 20:00:00,61406.11,61432.0,61283.24,61284.03,301.47437,0.0001,56,-3.847779,0.0,trending,,1016.350632,-0.984428,0.59965,True,True,1015.740567,-0.385009,1016.350632,,trending,6.599345,{},,181.0,BTCUSDT,2024-05-12 20:00:00,BTCUSDT,61284.03,0.009945,REDUCE_SHORT,800.00731,0.0,0.0,0.0,800.00731,0.0,0.0,0.0,-3.847779,-3.847779,1.0,-3.847779,True,True
2024-05-12 21:00:00,61284.03,61316.67,60910.58,61236.0,735.99173,0.0001,56,-1.121856,0.0,trending,,1016.047058,-0.384591,0.272406,True,True,1015.770004,-0.112216,1016.047058,,trending,2.725923,{},,182.0,BTCUSDT,2024-05-12 21:00:00,BTCUSDT,61236.0,0.00452,REDUCE_SHORT,800.00731,0.0,0.0,0.0,800.00731,0.0,0.0,0.0,-1.121856,-1.121856,1.0,-1.121856,True,True
2024-05-12 22:00:00,61236.0,61420.0,61203.36,61326.0,389.40868,0.0001,56,-5.131912,0.0,trending,,1015.602477,-0.1124,-0.400792,True,True,1015.195432,-0.513397,1015.602477,,trending,-4.010057,{},,183.0,BTCUSDT,2024-05-12 22:00:00,BTCUSDT,61326.0,0.006637,SHORT,800.00731,0.0,0.0,0.0,800.00731,0.0,0.0,0.0,-5.131912,-5.131912,1.0,-5.131912,True,True
2024-05-12 23:00:00,61326.0,61551.43,61280.0,61483.99,435.7204,0.0001,56,-11.531625,0.0,trending,,1013.852704,-0.515401,-0.637761,True,True,1013.206108,-1.153898,1013.852704,,trending,-6.399713,{},,184.0,BTCUSDT,2024-05-12 23:00:00,BTCUSDT,61483.99,0.010516,SHORT,800.00731,0.0,0.0,0.0,800.00731,0.0,0.0,0.0,-11.531625,-11.531625,1.0,-11.531625,True,True
2024-05-13 00:00:00,61484.0,61812.0,61483.99,61512.89,628.32045,0.0001,57,-11.450407,0.0,trending,,1012.656566,-1.155067,0.010027,False,,1012.656566,-1.155067,1012.656566,,trending,0.081218,{},,185.0,BTCUSDT,2024-05-13 00:00:00,,,,,800.00731,0.0,0.0,0.0,800.00731,0.0,0.0,0.0,-11.450407,-11.450407,1.0,-11.450407,True,False
2024-05-13 01:00:00,61512.9,61545.77,61168.86,61415.87,863.29014,0.0001,57,-5.871558,0.0,trending,,1014.501431,-1.151148,0.563993,True,True,1013.928687,-0.587487,1014.501431,,trending,5.57885,{},,186.0,BTCUSDT,2024-05-13 01:00:00,BTCUSDT,61415.87,0.009316,REDUCE_SHORT,800.00731,0.0,0.0,0.0,800.00731,0.0,0.0,0.0,-5.871558,-5.871558,1.0,-5.871558,True,True
2024-05-13 02:00:00,61415.88,61500.0,60944.71,61044.26,1697.35769,0.0001,57,9.420952,0.0,trending,,1017.532919,-0.581864,1.52396,True,True,1015.981648,0.94259,1017.532919,,trending,15.292509,{},,187.0,BTCUSDT,2024-05-13 02:00:00,BTCUSDT,61044.26,0.015704,LONG,800.00731,0.0,0.0,0.0,800.00731,0.0,0.0,0.0,9.420952,9.420952,1.0,9.420952,True,True
2024-05-13 03:00:00,61044.26,61220.79,60749.21,61170.0,2162.71467,0.0001,57,3.615118,0.0,trending,,1017.95424,0.942701,-0.58119,True,True,1017.362616,0.361722,1017.95424,,trending,-5.805834,{},,188.0,BTCUSDT,2024-05-13 03:00:00,BTCUSDT,61170.0,0.009672,REDUCE_LONG,800.00731,0.0,0.0,0.0,800.00731,0.0,0.0,0.0,3.615118,3.615118,1.0,3.615118,True,True
2024-05-13 04:00:00,61170.0,61170.01,60894.24,60976.96,859.54264,0.0001,57,10.702921,0.0,trending,,1016.201275,0.360993,0.7093,True,True,1015.480484,1.070342,1016.201275,,trending,7.087803,{},,189.0,BTCUSDT,2024-05-13 04:00:00,BTCUSDT,60976.96,0.011821,LONG,800.00731,0.0,0.0,0.0,800.00731,0.0,0.0,0.0,10.702921,10.702921,1.0,10.702921,True,True
2024-05-13 05:00:00,60976.96,61016.0,60802.0,60858.97,556.81825,0.0001,57,14.010361,0.0,trending,,1013.377318,1.070488,0.330548,True,True,1013.042348,1.401169,1013.377318,,trending,3.30744,{},,190.0,BTCUSDT,2024-05-13 05:00:00,BTCUSDT,60858.97,0.005504,LONG,800.00731,0.0,0.0,0.0,800.00731,0.0,0.0,0.0,14.010361,14.010361,1.0,14.010361,True,True
2024-05-13 06:00:00,60858.96,61560.0,60797.79,61504.1,1137.89174,0.0001,57,-11.130909,0.0,trending,,1028.089028,1.395297,-2.508388,True,True,1025.510181,-1.11589,1028.089028,,trending,-25.14127,{},,191.0,BTCUSDT,2024-05-13 06:00:00,BTCUSDT,61504.1,0.018606,SHORT,800.00731,0.0,0.0,0.0,800.00731,0.0,0.0,0.0,-11.130909,-11.130909,1.0,-11.130909,True,True
2024-05-13 07:00:00,61504.09,62450.0,61460.0,62334.37,2210.91546,0.0001,57,-20.0,0.0,trending,,1010.062026,-1.148251,-0.851749,True,True,1009.201707,-2.001705,1010.062026,,trending,-8.869091,{},,192.0,BTCUSDT,2024-05-13 07:00:00,BTCUSDT,62334.37,0.013802,SHORT,800.00731,0.0,0.0,0.0,800.00731,0.0,0.0,0.0,-24.0,-24.0,1.0,-24.0,True,True
2024-05-13 08:00:00,62334.36,63080.0,62334.36,62767.18,4637.85443,0.0001,57,-20.0,0.0,trending,,995.175257,-2.044012,0.044012,False,,995.175257,-2.044012,995.175257,,trending,0.0,{},,193.0,BTCUSDT,2024-05-13 08:00:00,,,,,800.00731,0.0,0.0,0.0,800.00731,0.0,0.0,0.0,-24.0,-24.0,1.0,-24.0,True,False
2024-05-13 09:00:00,62767.19,63295.48,62767.18,63060.6,1765.61513,8.5e-05,57,-20.0,0.0,trending,,985.666141,-2.073379,0.073379,False,,985.666141,-2.073379,985.666141,,trending,0.0,{},,194.0,BTCUSDT,2024-05-13 09:00:00,,,,,800.00731,0.0,0.0,0.0,800.00731,0.0,0.0,0.0,-24.0,-24.0,1.0,-24.0,True,False
2024-05-13 10:00:00,63060.61,63087.11,62378.84,62674.7,1960.81395,8.5e-05,57,-20.0,0.0,trending,,998.172337,-2.034872,0.034872,False,,998.172337,-2.034872,998.172337,,trending,0.0,{},,195.0,BTCUSDT,2024-05-13 10:00:00,,,,,800.00731,0.0,0.0,0.0,800.00731,0.0,0.0,0.0,-24.0,-24.0,1.0,-24.0,True,False
2024-05-13 11:00:00,62674.69,62770.94,62480.57,62738.0,849.04121,8.5e-05,57,-20.0,0.0,trending,,996.120919,-2.041123,0.041123,False,,996.120919,-2.041123,996.120919,,trending,0.0,{},,196.0,BTCUSDT,2024-05-13 11:00:00,,,,,800.00731,0.0,0.0,0.0,800.00731,0.0,0.0,0.0,-24.0,-24.0,1.0,-24.0,True,False
2024-05-13 12:00:00,62737.99,62913.3,62399.35,62844.04,1946.16246,8.5e-05,57,-20.0,0.0,trending,,992.684389,-2.05165,0.05165,False,,992.684389,-2.05165,992.684389,,trending,0.0,{},,197.0,BTCUSDT,2024-05-13 12:00:00,,,,,800.00731,0.0,0.0,0.0,800.00731,0.0,0.0,0.0,-24.0,-24.0,1.0,-24.0,True,False
2024-05-13 13:00:00,62844.03,63048.05,62600.79,62779.66,1400.96683,8.5e-05,57,-20.0,0.0,trending,,994.770807,-2.04525,0.04525,False,,994.770807,-2.04525,994.770807,,trending,0.0,{},,198.0,BTCUSDT,2024-05-13 13:00:00,,,,,800.00731,0.0,0.0,0.0,800.00731,0.0,0.0,0.0,-23.792033,-23.792033,1.0,-23.792033,True,False
2024-05-13 14:00:00,62779.66,63100.0,62729.12,62747.87,1221.94263,8.5e-05,57,-20.0,0.0,trending,,995.801053,-2.042099,0.042099,False,,995.801053,-2.042099,995.801053,,trending,0.0,{},,199.0,BTCUSDT,2024-05-13 14:00:00,,,,,800.00731,0.0,0.0,0.0,800.00731,0.0,0.0,0.0,-20.481988,-20.481988,1.0,-20.481988,True,False
2024-05-13 15:00:00,62747.88,63200.0,62703.42,63002.0,1273.8323,8.5e-05,57,-20.0,0.0,trending,,987.565242,-2.067469,0.067469,False,,987.565242,-2.067469,987.565242,,trending,0.0,{},,200.0,BTCUSDT,2024-05-13 15:00:00,,,,,800.00731,0.0,0.0,0.0,800.00731,0.0,0.0,0.0,-24.0,-24.0,1.0,-24.0,True,False
2024-05-13 16:00:00,63002.0,63450.0,62917.55,63178.89,2043.50104,9.2e-05,57,-20.0,0.0,trending,,981.832614,-2.085379,0.085379,False,,981.832614,-2.085379,981.832614,,trending,0.0,{},,201.0,BTCUSDT,2024-05-13 16:00:00,,,,,800.00731,0.0,0.0,0.0,800.00731,0.0,0.0,0.0,-24.0,-24.0,1.0,-24.0,True,False
2024-05-13 17:00:00,63178.89,63189.48,62610.0,62810.51,1332.46033,9.2e-05,57,-13.875365,0.0,trending,,993.771024,-2.048314,0.660777,True,True,993.113706,-1.388455,993.771024,,trending,6.124635,{},,202.0,BTCUSDT,2024-05-13 17:00:00,BTCUSDT,62810.51,0.010455,REDUCE_SHORT,800.00731,0.0,0.0,0.0,800.00731,0.0,0.0,0.0,-13.875365,-13.875365,1.0,-13.875365,True,True
2024-05-13 18:00:00,62810.51,62827.31,62566.36,62786.9,709.191,9.2e-05,57,-11.910581,0.0,trending,,993.632022,-1.387209,0.196151,False,,993.632022,-1.387209,993.632022,,trending,1.964784,{},,203.0,BTCUSDT,2024-05-13 18:00:00,,,,,800.00731,0.0,0.0,0.0,800.00731,0.0,0.0,0.0,-11.910581,-11.910581,1.0,-11.910581,True,False
2024-05-13 19:00:00,62786.9,63188.76,62786.9,63172.69,1427.27778,9.2e-05,57,-20.0,0.0,trending,,985.162685,-1.407732,-0.592268,True,True,984.579204,-2.001185,985.162685,,trending,-8.089419,{},,204.0,BTCUSDT,2024-05-13 19:00:00,BTCUSDT,63172.69,0.009236,SHORT,800.00731,0.0,0.0,0.0,800.00731,0.0,0.0,0.0,-20.083467,-20.083467,1.0,-20.083467,True,True
2024-05-13 20:00:00,63172.7,63193.59,62990.84,63091.89,528.05806,9.2e-05,57,-16.400121,0.0,trending,,987.099317,-1.993523,0.353511,True,True,986.750017,-1.640593,987.099317,,trending,3.599879,{},,205.0,BTCUSDT,2024-05-13 20:00:00,BTCUSDT,63091.89,0.005531,REDUCE_SHORT,800.00731,0.0,0.0,0.0,800.00731,0.0,0.0,0.0,-16.400121,-16.400121,1.0,-16.400121,True,True
2024-05-13 21:00:00,63091.88,63120.0,62840.0,62901.75,422.29886,9.2e-05,57,-10.222608,0.0,trending,,991.628759,-1.627601,0.60534,True,True,991.027885,-1.022881,991.628759,,trending,6.177513,{},,206.0,BTCUSDT,2024-05-13 21:00:00,BTCUSDT,62901.75,0.009543,REDUCE_SHORT,800.00731,0.0,0.0,0.0,800.00731,0.0,0.0,0.0,-10.222608,-10.222608,1.0,-10.222608,True,True
2024-05-13 22:00:00,62901.76,62952.2,62715.57,62770.0,605.26179,9.2e-05,57,-6.150925,0.0,trending,,993.151123,-1.018556,0.403463,True,True,992.750022,-0.615341,993.151123,,trending,4.071683,{},,207.0,BTCUSDT,2024-05-13 22:00:00,BTCUSDT,62770.0,0.006384,REDUCE_SHORT,800.00731,0.0,0.0,0.0,800.00731,0.0,0.0,0.0,-6.150925,-6.150925,1.0,-6.150925,True,True
2024-05-13 23:00:00,62770.0,62980.15,62716.13,62940.08,492.28955,9.2e-05,57,-10.200718,0.0,trending,,991.094798,-0.618039,-0.402033,True,True,990.696345,-1.020482,991.094798,,trending,-4.049793,{},,208.0,BTCUSDT,2024-05-13 23:00:00,BTCUSDT,62940.08,0.006331,SHORT,800.00731,0.0,0.0,0.0,800.00731,0.0,0.0,0.0,-10.200718,-10.200718,1.0,-10.200718,True,True
2024-05-14 00:00:00,62940.09,63118.36,62721.98,62815.03,964.38605,9.9e-05,66,-5.836899,0.0,trending,,992.704986,-1.016394,0.432704,True,True,992.275009,-0.583943,992.704986,,trending,4.363819,{},,209.0,BTCUSDT,2024-05-14 00:00:00,BTCUSDT,62815.03,0.006838,REDUCE_SHORT,800.00731,0.0,0.0,0.0,800.00731,0.0,0.0,0.0,-5.836899,-5.836899,1.0,-5.836899,True,True
2024-05-14 01:00:00,62815.02,63019.8,62577.99,62652.02,805.39253,9.9e-05,66,-0.991759,0.0,trending,,993.77868,-0.581546,0.48237,True,True,993.298831,-0.099224,993.77868,,trending,4.84514,{},,210.0,BTCUSDT,2024-05-14 01:00:00,BTCUSDT,62652.02,0.007651,REDUCE_SHORT,800.00731,0.0,0.0,0.0,800.00731,0.0,0.0,0.0,-0.991759,-0.991759,1.0,-0.991759,True,True
2024-05-14 02:00:00,62652.01,62711.06,62500.0,62541.99,1160.02244,9.9e-05,66,2.030375,0.0,trending,,993.471921,-0.099032,0.30207,True,True,993.171725,0.202896,993.471921,,trending,3.022133,{},,211.0,BTCUSDT,2024-05-14 02:00:00,BTCUSDT,62541.99,0.003225,LONG,800.00731,0.0,0.0,0.0,800.00731,0.0,0.0,0.0,2.030375,2.030375,1.0,2.030375,True,True
2024-05-14 03:00:00,62541.99,62696.42,62403.22,62488.46,1256.12532,9.9e-05,66,3.567739,0.0,trending,,992.999251,0.202757,0.154017,False,,992.999251,0.202757,992.999251,,trending,1.537365,{},,212.0,BTCUSDT,2024-05-14 03:00:00,,,,,800.00731,0.0,0.0,0.0,800.00731,0.0,0.0,0.0,3.567739,3.567739,1.0,3.567739,True,False
2024-05-14 04:00:00,62488.46,62669.48,62401.07,62550.22,678.86922,9.9e-05,66,1.498372,0.0,trending,,993.198242,0.202917,-0.05308,False,,993.198242,0.202917,993.198242,,trending,-2.069367,{},,213.0,BTCUSDT,2024-05-14 04:00:00,,,,,800.00731,0.0,0.0,0.0,800.00731,0.0,0.0,0.0,1.498372,1.498372,1.0,1.498372,True,False
2024-05-14 05:00:00,62550.22,62780.73,62487.18,62717.22,664.97541,9.9e-05,66,-3.981388,0.0,trending,,993.736316,0.203349,-0.601487,True,True,993.138596,-0.398378,993.736316,,trending,-5.47976,{},,214.0,BTCUSDT,2024-05-14 05:00:00,BTCUSDT,62717.22,0.006308,SHORT,800.00731,0.0,0.0,0.0,800.00731,0.0,0.0,0.0,-3.981388,-3.981388,1.0,-3.981388,True,True
2024-05-14 06:00:00,62717.22,62717.22,61404.34,62042.0,3558.59149,9.9e-05,66,16.792969,0.0,trending,,997.398151,-0.392406,2.071703,True,True,995.331446,1.681101,997.398151,,trending,20.774357,{},,215.0,BTCUSDT,2024-05-14 06:00:00,BTCUSDT,62042.0,0.026997,LONG,800.00731,0.0,0.0,0.0,800.00731,0.0,0.0,0.0,16.792969,16.792969,1.0,16.792969,True,True
2024-05-14 07:00:00,62041.99,62116.8,61820.24,62035.39,1227.22365,9.9e-05,66,15.378901,0.0,trending,,995.153176,1.681223,-0.143333,False,,995.153176,1.681223,995.153176,,trending,-1.414068,{},,216.0,BTCUSDT,2024-05-14 07:00:00,,,,,800.00731,0.0,0.0,0.0,800.00731,0.0,0.0,0.0,15.378901,15.378901,1.0,15.378901,True,False
2024-05-14 08:00:00,62035.39,62045.8,61697.05,61861.0,1125.77609,0.0001,66,19.506066,0.0,trending,,990.449934,1.684458,0.266149,True,True,990.186327,1.95086,990.449934,,trending,4.127165,{},,217.0,BTCUSDT,2024-05-14 08:00:00,BTCUSDT,61861.0,0.004261,LONG,800.00731,0.0,0.0,0.0,800.00731,0.0,0.0,0.0,19.506066,19.506066,1.0,19.506066,True,True
2024-05-14 09:00:00,61861.01,61954.9,61755.57,61797.85,451.10485,0.0001,66,20.0,0.0,trending,,988.214362,1.952757,0.047243,False,,988.214362,1.952757,988.214362,,trending,0.493934,{},,218.0,BTCUSDT,2024-05-14 09:00:00,,,,,800.00731,0.0,0.0,0.0,800.00731,0.0,0.0,0.0,20.199456,20.199456,1.0,20.199456,True,False
2024-05-14 10:00:00,61797.84,61822.19,61520.89,61719.01,781.38375,0.0001,66,20.0,0.0,trending,,985.752449,1.955137,0.044863,False,,985.752449,1.955137,985.752449,,trending,0.0,{},,219.0,BTCUSDT,2024-05-14 10:00:00,,,,,800.00731,0.0,0.0,0.0,800.00731,0.0,0.0,0.0,20.939583,20.939583,1.0,20.939583,True,False
2024-05-14 11:00:00,61719.0,61895.83,61696.96,61798.57,620.09187,0.0001,66,17.093593,0.0,trending,,988.236845,1.952735,-0.243376,True,True,987.996332,1.709775,988.236845,,trending,-2.906407,{},,220.0,BTCUSDT,2024-05-14 11:00:00,BTCUSDT,61798.57,0.003892,REDUCE_LONG,800.00731,0.0,0.0,0.0,800.00731,0.0,0.0,0.0,17.093593,17.093593,1.0,17.093593,True,True
2024-05-14 12:00:00,61798.57,62108.0,61151.0,61566.52,2759.73245,0.0001,66,20.0,0.0,trending,,981.65329,1.714362,0.285638,True,True,981.372893,2.000286,981.65329,,trending,2.906407,{},,221.0,BTCUSDT,2024-05-14 12:00:00,BTCUSDT,61566.52,0.004554,LONG,800.00731,0.0,0.0,0.0,800.00731,0.0,0.0,0.0,21.84679,21.84679,1.0,21.84679,True,True
2024-05-14 13:00:00,61566.53,62054.77,61452.16,61695.98,1274.03831,0.0001,66,15.686289,0.0,trending,,985.500678,1.996096,-0.427467,True,True,985.079409,1.5693,985.500678,,trending,-4.313711,{},,222.0,BTCUSDT,2024-05-14 13:00:00,BTCUSDT,61695.98,0.006828,REDUCE_LONG,800.00731,0.0,0.0,0.0,800.00731,0.0,0.0,0.0,15.686289,15.686289,1.0,15.686289,True,True
2024-05-14 14:00:00,61695.98,62300.0,61142.77,61803.74,3353.676,0.0001,66,9.723443,0.0,trending,,987.779496,1.567744,-0.595399,True,True,987.191373,0.972924,987.779496,,trending,-5.962846,{},,223.0,BTCUSDT,2024-05-14 14:00:00,BTCUSDT,61803.74,0.009516,REDUCE_LONG,800.00731,0.0,0.0,0.0,800.00731,0.0,0.0,0.0,9.723443,9.723443,1.0,9.723443,True,True
2024-05-14 15:00:00,61803.74,62063.56,61650.0,61787.61,1984.04331,0.0001,66,9.234099,0.0,trending,,986.940704,0.972917,-0.049507,False,,986.940704,0.972917,986.940704,,trending,-0.489344,{},,224.0,BTCUSDT,2024-05-14 15:00:00,,,,,800.00731,0.0,0.0,0.0,800.00731,0.0,0.0,0.0,9.234099,9.234099,1.0,9.234099,True,False
2024-05-14 16:00:00,61787.6,61816.34,61201.1,61427.54,1837.56692,4.4e-05,66,17.534265,0.0,trending,,981.345033,0.972762,0.780664,True,True,980.578932,1.754015,981.345033,,trending,8.300166,{},,225.0,BTCUSDT,2024-05-14 16:00:00,BTCUSDT,61427.54,0.012472,LONG,800.00731,0.0,0.0,0.0,800.00731,0.0,0.0,0.0,17.534265,17.534265,1.0,17.534265,True,True
2024-05-14 17:00:00,61427.54,61535.28,61159.34,61314.98,1680.60143,4.4e-05,66,18.655535,0.0,trending,,977.42729,1.756446,0.109107,False,,977.42729,1.756446,977.42729,,trending,1.121271,{},,226.0,BTCUSDT,2024-05-14 17:00:00,,,,,800.00731,0.0,0.0,0.0,800.00731,0.0,0.0,0.0,18.655535,18.655535,1.0,18.655535,True,False
2024-05-14 18:00:00,61314.99,61463.15,61224.07,61429.99,587.85567,4.4e-05,66,13.853841,0.0,trending,,980.647531,1.753962,-0.368578,True,True,980.286085,1.385895,980.647531,,trending,-4.801695,{},,227.0,BTCUSDT,2024-05-14 18:00:00,BTCUSDT,61429.99,0.005884,REDUCE_LONG,800.00731,0.0,0.0,0.0,800.00731,0.0,0.0,0.0,13.853841,13.853841,1.0,13.853841,True,True
2024-05-14 19:00:00,61430.0,61680.0,61397.2,61596.52,566.58472,4.4e-05,66,8.144248,0.0,trending,,983.96903,1.384451,-0.570026,True,True,983.408142,0.814889,983.96903,,trending,-5.709593,{},,228.0,BTCUSDT,2024-05-14 19:00:00,BTCUSDT,61596.52,0.009106,REDUCE_LONG,800.00731,0.0,0.0,0.0,800.00731,0.0,0.0,0.0,8.144248,8.144248,1.0,8.144248,True,True
2024-05-14 20:00:00,61596.51,61710.0,61561.14,61610.04,353.70558,4.4e-05,66,7.208069,0.0,trending,,983.584037,0.814922,-0.094116,False,,983.584037,0.814922,983.584037,,trending,-0.936179,{},,229.0,BTCUSDT,2024-05-14 20:00:00,,,,,800.00731,0.0,0.0,0.0,800.00731,0.0,0.0,0.0,7.208069,7.208069,1.0,7.208069,True,False
2024-05-14 21:00:00,61610.04,61789.99,61472.41,61694.56,560.50715,4.4e-05,66,4.304881,0.0,trending,,984.683639,0.815129,-0.384641,True,True,984.30489,0.430654,984.683639,,trending,-2.903188,{},,230.0,BTCUSDT,2024-05-14 21:00:00,BTCUSDT,61694.56,0.006139,REDUCE_LONG,800.00731,0.0,0.0,0.0,800.00731,0.0,0.0,0.0,4.304881,4.304881,1.0,4.304881,True,True
2024-05-14 22:00:00,61694.57,61766.28,61570.0,61708.79,514.9336,4.4e-05,66,3.512117,0.0,trending,,984.402662,0.43071,-0.079499,False,,984.402662,0.43071,984.402662,,trending,-0.792764,{},,231.0,BTCUSDT,2024-05-14 22:00:00,,,,,800.00731,0.0,0.0,0.0,800.00731,0.0,0.0,0.0,3.512117,3.512117,1.0,3.512117,True,False
2024-05-14 23:00:00,61708.78,61726.62,61540.0,61577.49,321.5326,4.4e-05,66,6.852532,0.0,trending,,983.500518,0.430188,0.255065,True,True,983.249662,0.685173,983.500518,,trending,3.340415,{},,232.0,BTCUSDT,2024-05-14 23:00:00,BTCUSDT,61577.49,0.004074,LONG,800.00731,0.0,0.0,0.0,800.00731,0.0,0.0,0.0,6.852532,6.852532,1.0,6.852532,True,True
2024-05-15 00:00:00,61577.49,61800.0,61319.47,61438.35,723.56318,0.0001,64,9.814108,0.0,trending,,981.727384,0.684685,0.296726,True,True,981.436079,0.981405,981.727384,,trending,2.961576,{},,233.0,BTCUSDT,2024-05-15 00:00:00,BTCUSDT,61438.35,0.004741,LONG,800.00731,0.0,0.0,0.0,800.00731,0.0,0.0,0.0,9.814108,9.814108,1.0,9.814108,True,True
2024-05-15 01:00:00,61438.35,61760.04,61432.01,61696.0,520.34527,0.0001,64,1.906667,0.0,trending,,985.475332,0.981481,-0.790815,True,True,984.696004,0.190818,985.475332,,trending,-7.90744,{},,234.0,BTCUSDT,2024-05-15 01:00:00,BTCUSDT,61696.0,0.012632,REDUCE_LONG,800.00731,0.0,0.0,0.0,800.00731,0.0,0.0,0.0,1.906667,1.906667,1.0,1.906667,True,True
2024-05-15 02:00:00,61695.99,61908.47,61690.21,61774.01,452.58568,0.0001,64,-0.428052,0.0,trending,,984.933586,0.191013,-0.233818,True,True,984.703291,-0.042815,984.933586,,trending,-2.334719,{},,235.0,BTCUSDT,2024-05-15 02:00:00,BTCUSDT,61774.01,0.000682,SHORT,800.00731,0.0,0.0,0.0,800.00731,0.0,0.0,0.0,-0.428052,-0.428052,1.0,-0.428052,True,True
2024-05-15 03:00:00,61774.01,62033.48,61772.44,61949.99,454.46345,0.0001,64,-5.81236,0.0,trending,,984.583186,-0.042942,-0.538294,True,True,984.053191,-0.581549,984.583186,,trending,-5.384308,{},,236.0,BTCUSDT,2024-05-15 03:00:00,BTCUSDT,61949.99,0.008555,SHORT,800.00731,0.0,0.0,0.0,800.00731,0.0,0.0,0.0,-5.81236,-5.81236,1.0,-5.81236,True,True
2024-05-15 04:00:00,61949.99,61982.0,61818.18,61900.0,467.9234,0.0001,64,-3.808174,0.0,trending,,984.514983,-0.580807,0.19999,False,,984.514983,-0.580807,984.514983,,trending,2.004186,{},,237.0,BTCUSDT,2024-05-15 04:00:00,,,,,800.00731,0.0,0.0,0.0,800.00731,0.0,0.0,0.0,-3.808174,-3.808174,1.0,-3.808174,True,False
2024-05-15 05:00:00,61900.0,62082.64,61880.0,61928.68,585.31826,0.0001,64,-4.348845,0.0,trending,,984.250046,-0.581233,0.146348,False,,984.250046,-0.581233,984.250046,,trending,-0.540671,{},,238.0,BTCUSDT,2024-05-15 05:00:00,,,,,800.00731,0.0,0.0,0.0,800.00731,0.0,0.0,0.0,-4.348845,-4.348845,1.0,-4.348845,True,False
2024-05-15 06:00:00,61928.67,61986.0,61829.96,61962.75,521.14334,0.0001,64,-5.106567,0.0,trending,,983.935318,-0.581738,0.071082,False,,983.935318,-0.581738,983.935318,,trending,-0.757722,{},,239.0,BTCUSDT,2024-05-15 06:00:00,,,,,800.00731,0.0,0.0,0.0,800.00731,0.0,0.0,0.0,-5.106567,-5.106567,1.0,-5.106567,True,False
2024-05-15 07:00:00,61962.75,62280.01,61889.52,62195.04,926.1442,0.0001,64,-11.789678,0.0,trending,,981.789494,-0.585196,-0.593772,True,True,981.206534,-1.179668,981.789494,,trending,-6.683111,{},,240.0,BTCUSDT,2024-05-15 07:00:00,BTCUSDT,62195.04,0.009373,SHORT,800.00731,0.0,0.0,0.0,800.00731,0.0,0.0,0.0,-11.789678,-11.789678,1.0,-11.789678,True,True
2024-05-15 08:00:00,62195.04,62265.98,62044.8,62143.51,724.23421,-4e-06,64,-10.008061,0.0,trending,,982.165548,-1.17754,0.176734,False,,982.165548,-1.17754,982.165548,,trending,1.781617,{},,241.0,BTCUSDT,2024-05-15 08:00:00,,,,,800.00731,0.0,0.0,0.0,800.00731,0.0,0.0,0.0,-10.008061,-10.008061,1.0,-10.008061,True,False
2024-05-15 09:00:00,62143.51,62919.12,61923.2,62649.98,1736.05036,-4e-06,64,-20.0,0.0,trending,,972.739746,-1.19864,-0.80136,True,True,971.960231,-2.001604,972.739746,,trending,-9.991939,{},,242.0,BTCUSDT,2024-05-15 09:00:00,BTCUSDT,62649.98,0.012442,SHORT,800.00731,0.0,0.0,0.0,800.00731,0.0,0.0,0.0,-24.0,-24.0,1.0,-24.0,True,True
2024-05-15 10:00:00,62649.98,62999.44,62355.71,62674.71,2222.08933,-4e-06,64,-20.0,0.0,trending,,971.192287,-2.003977,0.003977,False,,971.192287,-2.003977,971.192287,,trending,0.0,{},,243.0,BTCUSDT,2024-05-15 10:00:00,,,,,800.00731,0.0,0.0,0.0,800.00731,0.0,0.0,0.0,-24.0,-24.0,1.0,-24.0,True,False
2024-05-15 11:00:00,62674.7,62824.3,62242.42,62467.18,1159.59947,-4e-06,64,-15.26272,0.0,trending,,977.636748,-1.984176,0.457904,True,True,977.188636,-1.526972,977.636748,,trending,4.73728,{},,244.0,BTCUSDT,2024-05-15 11:00:00,BTCUSDT,62467.18,0.007166,REDUCE_SHORT,800.00731,0.0,0.0,0.0,800.00731,0.0,0.0,0.0,-15.26272,-15.26272,1.0,-15.26272,True,True
2024-05-15 12:00:00,62467.18,64200.93,62402.03,63757.56,6238.52577,-4e-06,64,-20.0,0.0,trending,,946.365616,-1.609275,-0.390725,True,True,945.995848,-2.000782,946.365616,,trending,-4.73728,{},,245.0,BTCUSDT,2024-05-15 12:00:00,BTCUSDT,63757.56,0.0058,SHORT,800.00731,0.0,0.0,0.0,800.00731,0.0,0.0,0.0,-24.0,-24.0,1.0,-24.0,True,True
2024-05-15 13:00:00,63757.57,64663.56,63535.89,64145.99,5375.59068,-4e-06,64,-20.0,0.0,trending,,934.464767,-2.037811,0.037811,False,,934.464767,-2.037811,934.464767,,trending,0.0,{},,246.0,BTCUSDT,2024-05-15 13:00:00,,,,,800.00731,0.0,0.0,0.0,800.00731,0.0,0.0,0.0,-24.0,-24.0,1.0,-24.0,True,False
2024-05-15 14:00:00,64146.0,64500.0,63990.62,64500.0,3056.46005,-4e-06,64,-20.0,0.0,trending,,923.955491,-2.072363,0.072363,False,,923.955491,-2.072363,923.955491,,trending,0.0,{},,247.0,BTCUSDT,2024-05-15 14:00:00,,,,,800.00731,0.0,0.0,0.0,800.00731,0.0,0.0,0.0,-24.0,-24.0,1.0,-24.0,True,False
2024-05-15 15:00:00,64499.99,65057.26,64367.14,64725.11,3812.06983,-4e-06,64,-20.0,0.0,trending,,917.27279,-2.094747,0.094747,False,,917.27279,-2.094747,917.27279,,trending,0.0,{},,248.0,BTCUSDT,2024-05-15 15:00:00,,,,,800.00731,0.0,0.0,0.0,800.00731,0.0,0.0,0.0,-24.0,-24.0,1.0,-24.0,True,False
2024-05-15 16:00:00,64725.12,65150.0,64720.0,64759.27,2048.80981,2.4e-05,64,-20.0,0.0,trending,,916.258703,-2.098172,0.098172,False,,916.258703,-2.098172,916.258703,,trending,0.0,{},,249.0,BTCUSDT,2024-05-15 16:00:00,,,,,800.00731,0.0,0.0,0.0,800.00731,0.0,0.0,0.0,-24.0,-24.0,1.0,-24.0,True,False
2024-05-15 17:00:00,64759.26,65127.64,64759.26,65046.56,1641.86445,2.4e-05,64,-20.0,0.0,trending,,907.730102,-2.127281,0.127281,False,,907.730102,-2.127281,907.730102,,trending,0.0,{},,250.0,BTCUSDT,2024-05-15 17:00:00,,,,,800.00731,0.0,0.0,0.0,800.00731,0.0,0.0,0.0,-24.0,-24.0,1.0,-24.0,True,False
2024-05-15 18:00:00,65046.56,65791.12,64960.99,65717.28,2962.40794,2.4e-05,64,-20.0,0.0,trending,,887.818853,-2.197417,0.197417,False,,887.818853,-2.197417,887.818853,,trending,0.0,{},,251.0,BTCUSDT,2024-05-15 18:00:00,,,,,800.00731,0.0,0.0,0.0,800.00731,0.0,0.0,0.0,-24.0,-24.0,1.0,-24.0,True,False
2024-05-15 19:00:00,65717.28,66419.15,65302.44,66006.23,3137.65546,2.4e-05,64,-20.0,0.0,trending,,879.240973,-2.228611,0.228611,True,True,879.039768,-2.000458,879.240973,,trending,0.0,{},,252.0,BTCUSDT,2024-05-15 19:00:00,BTCUSDT,66006.23,0.003045,REDUCE_SHORT,800.00731,0.0,0.0,0.0,800.00731,0.0,0.0,0.0,-24.0,-24.0,1.0,-24.0,True,True
2024-05-15 20:00:00,66006.23,66085.5,65738.0,65930.87,1413.7289,2.4e-05,64,-20.0,0.0,trending,,881.047445,-1.993621,-0.006379,False,,881.047445,-1.993621,881.047445,,trending,0.0,{},,253.0,BTCUSDT,2024-05-15 20:00:00,,,,,800.00731,0.0,0.0,0.0,800.00731,0.0,0.0,0.0,-24.0,-24.0,1.0,-24.0,True,False
2024-05-15 21:00:00,65930.88,66200.0,65779.88,65859.99,851.90346,2.4e-05,64,-20.0,0.0,trending,,882.93577,-1.987218,-0.012782,False,,882.93577,-1.987218,882.93577,,trending,0.0,{},,254.0,BTCUSDT,2024-05-15 21:00:00,,,,,800.00731,0.0,0.0,0.0,800.00731,0.0,0.0,0.0,-24.0,-24.0,1.0,-24.0,True,False
2024-05-15 22:00:00,65859.99,66290.32,65842.61,66116.3,1204.41155,2.4e-05,64,-20.0,0.0,trending,,876.107376,-2.010501,0.010501,False,,876.107376,-2.010501,876.107376,,trending,0.0,{},,255.0,BTCUSDT,2024-05-15 22:00:00,,,,,800.00731,0.0,0.0,0.0,800.00731,0.0,0.0,0.0,-24.0,-24.0,1.0,-24.0,True,False
2024-05-15 23:00:00,66116.31,66444.16,66072.0,66206.5,1322.85914,2.4e-05,64,-20.0,0.0,trending,,873.704344,-2.018781,0.018781,False,,873.704344,-2.018781,873.704344,,trending,0.0,{},,256.0,BTCUSDT,2024-05-15 23:00:00,,,,,800.00731,0.0,0.0,0.0,800.00731,0.0,0.0,0.0,-24.0,-24.0,1.0,-24.0,True,False
2024-05-16 00:00:00,66206.51,66666.0,65942.1,66083.9,1814.28632,2.4e-05,70,-20.0,0.0,trending,,876.970549,-2.007537,0.007537,False,,876.970549,-2.007537,876.970549,,trending,0.0,{},,257.0,BTCUSDT,2024-05-16 00:00:00,,,,,800.00731,0.0,0.0,0.0,800.00731,0.0,0.0,0.0,-24.0,-24.0,1.0,-24.0,True,False
2024-05-16 01:00:00,66083.9,66209.74,65838.66,65985.99,1018.40858,2.1e-05,70,-20.0,0.0,trending,,879.578985,-1.998618,-0.001382,False,,879.578985,-1.998618,879.578985,,trending,0.0,{},,258.0,BTCUSDT,2024-05-16 01:00:00,,,,,800.00731,0.0,0.0,0.0,800.00731,0.0,0.0,0.0,-24.0,-24.0,1.0,-24.0,True,False
2024-05-16 02:00:00,65985.99,66115.2,65746.42,65909.51,965.54926,2.1e-05,70,-20.0,0.0,trending,,881.6165,-1.991688,-0.008312,False,,881.6165,-1.991688,881.6165,,trending,0.0,{},,259.0,BTCUSDT,2024-05-16 02:00:00,,,,,800.00731,0.0,0.0,0.0,800.00731,0.0,0.0,0.0,-22.061959,-22.061959,1.0,-22.061959,True,False
2024-05-16 03:00:00,65909.51,66074.03,65807.45,65975.39,746.79366,2.1e-05,70,-20.0,0.0,trending,,879.861381,-1.997656,-0.002344,False,,879.861381,-1.997656,879.861381,,trending,0.0,{},,260.0,BTCUSDT,2024-05-16 03:00:00,,,,,800.00731,0.0,0.0,0.0,800.00731,0.0,0.0,0.0,-21.414941,-21.414941,1.0,-21.414941,True,False
2024-05-16 04:00:00,65975.39,66006.42,65800.0,65813.33,675.0165,2.1e-05,70,-16.299097,0.0,trending,,884.178846,-1.983018,0.353109,True,True,883.866322,-1.630486,884.178846,,trending,3.700903,{},,261.0,BTCUSDT,2024-05-16 04:00:00,BTCUSDT,65813.33,0.004744,REDUCE_SHORT,800.00731,0.0,0.0,0.0,800.00731,0.0,0.0,0.0,-16.299097,-16.299097,1.0,-16.299097,True,True
2024-05-16 05:00:00,65813.34,65900.0,65746.12,65781.99,546.88268,2.1e-05,70,-15.159201,0.0,trending,,884.552582,-1.628445,0.112525,False,,884.552582,-1.628445,884.552582,,trending,1.139897,{},,262.0,BTCUSDT,2024-05-16 05:00:00,,,,,800.00731,0.0,0.0,0.0,800.00731,0.0,0.0,0.0,-15.159201,-15.159201,1.0,-15.159201,True,False
2024-05-16 06:00:00,65781.99,66000.0,65652.92,65958.14,1012.39085,2.1e-05,70,-17.772519,0.0,trending,,880.695379,-1.639957,-0.137295,False,,880.695379,-1.639957,880.695379,,trending,-2.613318,{},,263.0,BTCUSDT,2024-05-16 06:00:00,,,,,800.00731,0.0,0.0,0.0,800.00731,0.0,0.0,0.0,-17.772519,-17.772519,1.0,-17.772519,True,False
2024-05-16 07:00:00,65958.14,66278.04,65936.57,66142.62,1305.61637,2.1e-05,70,-20.0,0.0,trending,,876.655773,-1.652122,-0.347878,True,True,876.350803,-2.000696,876.655773,,trending,-2.227481,{},,264.0,BTCUSDT,2024-05-16 07:00:00,BTCUSDT,66142.62,0.004611,SHORT,800.00731,0.0,0.0,0.0,800.00731,0.0,0.0,0.0,-20.384521,-20.384521,1.0,-20.384521,True,True
2024-05-16 08:00:00,66142.62,66460.71,66094.34,66297.12,1039.61616,5.1e-05,70,-20.0,0.0,trending,,872.25531,-2.014785,0.014785,False,,872.25531,-2.014785,872.25531,,trending,0.0,{},,265.0,BTCUSDT,2024-05-16 08:00:00,,,,,800.00731,0.0,0.0,0.0,800.00731,0.0,0.0,0.0,-24.0,-24.0,1.0,-24.0,True,False
2024-05-16 09:00:00,66297.12,66390.02,66100.0,66364.69,987.38127,5.1e-05,70,-20.0,0.0,trending,,870.464162,-2.020989,0.020989,False,,870.464162,-2.020989,870.464162,,trending,0.0,{},,266.0,BTCUSDT,2024-05-16 09:00:00,,,,,800.00731,0.0,0.0,0.0,800.00731,0.0,0.0,0.0,-24.0,-24.0,1.0,-24.0,True,False
2024-05-16 10:00:00,66364.69,66364.69,66100.0,66169.99,747.09629,5.1e-05,70,-19.25387,0.0,trending,,875.625278,-2.003182,0.077795,False,,875.625278,-2.003182,875.625278,,trending,0.74613,{},,267.0,BTCUSDT,2024-05-16 10:00:00,,,,,800.00731,0.0,0.0,0.0,800.00731,0.0,0.0,0.0,-19.25387,-19.25387,1.0,-19.25387,True,False
2024-05-16 11:00:00,66170.0,66585.7,66000.0,66503.8,933.73337,5.1e-05,70,-20.0,0.0,trending,,866.776628,-2.033841,0.033841,False,,866.776628,-2.033841,866.776628,,trending,-0.74613,{},,268.0,BTCUSDT,2024-05-16 11:00:00,,,,,800.00731,0.0,0.0,0.0,800.00731,0.0,0.0,0.0,-24.0,-24.0,1.0,-24.0,True,False
2024-05-16 12:00:00,66503.81,66752.01,65904.76,66011.01,2444.2796,5.1e-05,70,-10.121625,0.0,trending,,879.839527,-1.988798,0.976635,True,True,878.979385,-1.013153,879.839527,,trending,9.878375,{},,269.0,BTCUSDT,2024-05-16 12:00:00,BTCUSDT,66011.01,0.013017,REDUCE_SHORT,800.00731,0.0,0.0,0.0,800.00731,0.0,0.0,0.0,-10.121625,-10.121625,1.0,-10.121625,True,True
2024-05-16 13:00:00,66011.01,66367.92,65759.99,66328.05,1698.98043,5.1e-05,70,-17.167863,0.0,trending,,874.702265,-1.022997,-0.693789,True,True,874.095406,-1.717978,874.702265,,trending,-7.046238,{},,270.0,BTCUSDT,2024-05-16 13:00:00,BTCUSDT,66328.05,0.009149,SHORT,800.00731,0.0,0.0,0.0,800.00731,0.0,0.0,0.0,-17.167863,-17.167863,1.0,-17.167863,True,True
2024-05-16 14:00:00,66328.06,66393.29,65555.0,65598.7,2406.63193,5.1e-05,70,3.435691,0.0,trending,,890.607998,-1.667585,2.011154,True,True,888.815362,0.343918,890.607998,,trending,20.603554,{},,271.0,BTCUSDT,2024-05-16 14:00:00,BTCUSDT,65598.7,0.004665,LONG,800.00731,0.0,0.0,0.0,800.00731,0.0,0.0,0.0,3.435691,3.435691,1.0,3.435691,True,True
2024-05-16 15:00:00,65598.7,65900.0,65361.51,65818.88,1867.16428,5.1e-05,70,-2.787317,0.0,trending,,889.841365,0.344674,-0.623406,True,True,889.286633,-0.278906,889.841365,,trending,-6.223008,{},,272.0,BTCUSDT,2024-05-16 15:00:00,BTCUSDT,65818.88,0.003768,SHORT,800.00731,0.0,0.0,0.0,800.00731,0.0,0.0,0.0,-2.787317,-2.787317,1.0,-2.787317,True,True
2024-05-16 16:00:00,65818.89,65827.47,65110.0,65154.99,3290.50377,3.5e-05,70,15.230508,0.0,trending,,891.788387,-0.275318,1.798369,True,True,890.184377,1.524269,891.788387,,trending,18.017825,{},,273.0,BTCUSDT,2024-05-16 16:00:00,BTCUSDT,65154.99,0.020846,LONG,800.00731,0.0,0.0,0.0,800.00731,0.0,0.0,0.0,15.230508,15.230508,1.0,15.230508,True,True
2024-05-16 17:00:00,65154.98,65389.95,64602.77,64994.99,2511.85879,3.5e-05,70,17.332567,0.0,trending,,886.852308,1.526239,0.207018,True,True,886.668714,1.733409,886.852308,,trending,2.102059,{},,274.0,BTCUSDT,2024-05-16 17:00:00,BTCUSDT,64994.99,0.002825,LONG,800.00731,0.0,0.0,0.0,800.00731,0.0,0.0,0.0,17.332567,17.332567,1.0,17.332567,True,True
2024-05-16 18:00:00,64995.0,65205.85,64831.63,65122.18,1630.94501,3.5e-05,70,12.529453,0.0,trending,,889.67642,1.730929,-0.477984,True,True,889.251169,1.253544,889.67642,,trending,-4.803115,{},,275.0,BTCUSDT,2024-05-16 18:00:00,BTCUSDT,65122.18,0.00653,REDUCE_LONG,800.00731,0.0,0.0,0.0,800.00731,0.0,0.0,0.0,12.529453,12.529453,1.0,12.529453,True,True
2024-05-16 19:00:00,65122.19,65580.0,65090.17,65186.85,1033.54006,3.5e-05,70,9.550833,0.0,trending,,890.358144,1.253229,-0.298146,True,True,890.092688,0.955368,890.358144,,trending,-2.97862,{},,276.0,BTCUSDT,2024-05-16 19:00:00,BTCUSDT,65186.85,0.004072,REDUCE_LONG,800.00731,0.0,0.0,0.0,800.00731,0.0,0.0,0.0,9.550833,9.550833,1.0,9.550833,True,True
2024-05-16 20:00:00,65186.84,65290.0,65050.0,65273.9,581.1482,3.5e-05,70,6.772791,0.0,trending,,891.22826,0.955425,-0.278146,True,True,890.980369,0.677468,891.22826,,trending,-2.778042,{},,277.0,BTCUSDT,2024-05-16 20:00:00,BTCUSDT,65273.9,0.003798,REDUCE_LONG,800.00731,0.0,0.0,0.0,800.00731,0.0,0.0,0.0,6.772791,6.772791,1.0,6.772791,True,True
2024-05-16 21:00:00,65273.9,65500.0,65242.09,65461.99,579.45707,3.5e-05,70,1.100859,0.0,trending,,892.719702,0.678096,-0.56801,True,True,892.212628,0.110148,892.719702,,trending,-5.671932,{},,278.0,BTCUSDT,2024-05-16 21:00:00,BTCUSDT,65461.99,0.007746,REDUCE_LONG,800.00731,0.0,0.0,0.0,800.00731,0.0,0.0,0.0,1.100859,1.100859,1.0,1.100859,True,True
2024-05-16 22:00:00,65461.99,65480.35,65140.61,65418.97,580.56491,3.5e-05,70,2.170704,0.0,trending,,892.148043,0.110084,0.106986,False,,892.148043,0.110084,892.148043,,trending,1.069845,{},,279.0,BTCUSDT,2024-05-16 22:00:00,,,,,800.00731,0.0,0.0,0.0,800.00731,0.0,0.0,0.0,2.170704,2.170704,1.0,2.170704,True,False
2024-05-16 23:00:00,65418.98,65422.03,65187.5,65235.21,688.52174,3.5e-05,70,6.993006,0.0,trending,,891.872171,0.109809,0.589492,True,True,891.346419,0.699123,891.872171,,trending,4.822302,{},,280.0,BTCUSDT,2024-05-16 23:00:00,BTCUSDT,65235.21,0.008059,LONG,800.00731,0.0,0.0,0.0,800.00731,0.0,0.0,0.0,6.993006,6.993006,1.0,6.993006,True,True
2024-05-17 00:00:00,65235.21,65508.7,65235.2,65508.69,591.23809,4.6e-05,74,-1.138176,0.0,trending,,893.958844,0.700003,-0.81382,True,True,893.231322,-0.11391,893.958844,,trending,-8.131182,{},,281.0,BTCUSDT,2024-05-17 00:00:00,BTCUSDT,65508.69,0.001553,SHORT,800.00731,0.0,0.0,0.0,800.00731,0.0,0.0,0.0,-1.138176,-1.138176,1.0,-1.138176,True,True
2024-05-17 01:00:00,65508.7,65510.22,65106.38,65340.84,520.23452,4.6e-05,74,3.426458,0.0,trending,,893.492027,-0.113585,0.456231,True,True,893.084287,0.342459,893.492027,,trending,4.564633,{},,282.0,BTCUSDT,2024-05-17 01:00:00,BTCUSDT,65340.84,0.004685,LONG,800.00731,0.0,0.0,0.0,800.00731,0.0,0.0,0.0,3.426458,3.426458,1.0,3.426458,True,True
2024-05-17 02:00:00,65340.83,65450.07,65188.0,65386.01,370.41889,4.6e-05,74,1.926394,0.0,trending,,893.295717,0.342615,-0.149976,False,,893.295717,0.342615,893.295717,,trending,-1.500063,{},,283.0,BTCUSDT,2024-05-17 02:00:00,,,,,800.00731,0.0,0.0,0.0,800.00731,0.0,0.0,0.0,1.926394,1.926394,1.0,1.926394,True,False
2024-05-17 03:00:00,65386.0,65901.46,65354.23,65584.53,1533.13211,4.6e-05,74,-3.46473,0.0,trending,,894.224943,0.343298,-0.689771,True,True,893.608132,-0.346712,894.224943,,trending,-5.391124,{},,284.0,BTCUSDT,2024-05-17 03:00:00,BTCUSDT,65584.53,0.004724,SHORT,800.00731,0.0,0.0,0.0,800.00731,0.0,0.0,0.0,-3.46473,-3.46473,1.0,-3.46473,True,True
2024-05-17 04:00:00,65584.53,65630.7,65367.51,65451.81,567.84995,4.6e-05,74,0.324549,0.0,trending,,894.235108,-0.345768,0.378223,True,True,893.896579,0.032435,894.235108,,trending,3.789279,{},,285.0,BTCUSDT,2024-05-17 04:00:00,BTCUSDT,65451.81,0.000443,LONG,800.00731,0.0,0.0,0.0,800.00731,0.0,0.0,0.0,0.324549,0.324549,1.0,0.324549,True,True
2024-05-17 05:00:00,65451.81,65700.0,65436.0,65700.0,472.55691,4.6e-05,74,-6.259138,0.0,trending,,894.00652,0.032554,-0.658468,True,True,893.417846,-0.626326,894.00652,,trending,-6.583687,{},,286.0,BTCUSDT,2024-05-17 05:00:00,BTCUSDT,65700.0,0.008517,SHORT,800.00731,0.0,0.0,0.0,800.00731,0.0,0.0,0.0,-6.259138,-6.259138,1.0,-6.259138,True,True
2024-05-17 06:00:00,65699.99,66148.0,65580.66,65955.56,1212.84837,4.6e-05,74,-12.013331,0.0,trending,,891.241225,-0.630298,-0.571035,True,True,890.732295,-1.202019,891.241225,,trending,-5.754193,{},,287.0,BTCUSDT,2024-05-17 06:00:00,BTCUSDT,65955.56,0.007716,SHORT,800.00731,0.0,0.0,0.0,800.00731,0.0,0.0,0.0,-12.013331,-12.013331,1.0,-12.013331,True,True
2024-05-17 07:00:00,65955.56,66500.0,65955.56,66386.94,2713.23533,4.6e-05,74,-20.0,0.0,trending,,883.729567,-1.219468,-0.780532,True,True,883.039788,-2.001562,883.729567,,trending,-7.986669,{},,288.0,BTCUSDT,2024-05-17 07:00:00,BTCUSDT,66386.94,0.01039,SHORT,800.00731,0.0,0.0,0.0,800.00731,0.0,0.0,0.0,-21.990979,-21.990979,1.0,-21.990979,True,True
2024-05-17 08:00:00,66386.93,66457.28,66068.79,66146.01,1162.00194,8e-06,74,-14.415272,0.0,trending,,889.454211,-1.979916,0.538389,True,True,888.974859,-1.442304,889.454211,,trending,5.584728,{},,289.0,BTCUSDT,2024-05-17 08:00:00,BTCUSDT,66146.01,0.00724,REDUCE_SHORT,800.00731,0.0,0.0,0.0,800.00731,0.0,0.0,0.0,-14.415272,-14.415272,1.0,-14.415272,True,True
2024-05-17 09:00:00,66146.0,66390.0,66072.43,66344.44,712.33029,8e-06,74,-19.015356,0.0,trending,,885.128498,-1.452918,-0.448618,True,True,884.731413,-1.902389,885.128498,,trending,-4.600084,{},,290.0,BTCUSDT,2024-05-17 09:00:00,BTCUSDT,66344.44,0.005985,SHORT,800.00731,0.0,0.0,0.0,800.00731,0.0,0.0,0.0,-19.015356,-19.015356,1.0,-19.015356,True,True
2024-05-17 10:00:00,66344.43,66537.19,66182.77,66500.48,892.47388,8e-06,74,-20.0,0.0,trending,,880.772808,-1.915434,-0.084566,False,,880.772808,-1.915434,880.772808,,trending,-0.984644,{},,291.0,BTCUSDT,2024-05-17 10:00:00,,,,,800.00731,0.0,0.0,0.0,800.00731,0.0,0.0,0.0,-22.834478,-22.834478,1.0,-22.834478,True,False
2024-05-17 11:00:00,66500.47,66564.23,66197.91,66218.0,787.76141,8e-06,74,-12.578373,0.0,trending,,887.939091,-1.891904,0.634067,True,True,887.375515,-1.258636,887.939091,,trending,7.421627,{},,292.0,BTCUSDT,2024-05-17 11:00:00,BTCUSDT,66218.0,0.008502,REDUCE_SHORT,800.00731,0.0,0.0,0.0,800.00731,0.0,0.0,0.0,-12.578373,-12.578373,1.0,-12.578373,True,True
2024-05-17 12:00:00,66217.99,66548.0,66120.0,66379.97,1169.86052,8e-06,74,-16.880661,0.0,trending,,884.643606,-1.265611,-0.422455,True,True,884.269884,-1.68878,884.643606,,trending,-4.302288,{},,293.0,BTCUSDT,2024-05-17 12:00:00,BTCUSDT,66379.97,0.00563,SHORT,800.00731,0.0,0.0,0.0,800.00731,0.0,0.0,0.0,-16.880661,-16.880661,1.0,-16.880661,True,True
2024-05-17 13:00:00,66379.97,66458.63,65828.03,65944.02,1330.70417,8e-06,74,-1.653412,0.0,trending,,894.077364,-1.659285,1.493944,True,True,892.740325,-0.165589,894.077364,,trending,15.227249,{},,294.0,BTCUSDT,2024-05-17 13:00:00,BTCUSDT,65944.02,0.020255,REDUCE_SHORT,800.00731,0.0,0.0,0.0,800.00731,0.0,0.0,0.0,-1.653412,-1.653412,1.0,-1.653412,True,True
2024-05-17 14:00:00,65944.02,66850.0,65914.81,66806.66,1594.09581,8e-06,74,-20.0,0.0,trending,,890.806531,-0.168119,-1.831881,True,True,889.17468,-2.00367,890.806531,,trending,-18.346588,{},,295.0,BTCUSDT,2024-05-17 14:00:00,BTCUSDT,66806.66,0.024426,SHORT,800.00731,0.0,0.0,0.0,800.00731,0.0,0.0,0.0,-24.0,-24.0,1.0,-24.0,True,True
2024-05-17 15:00:00,66806.67,67451.2,66552.53,67195.1,3797.62724,8e-06,74,-20.0,0.0,trending,,878.815686,-2.039076,0.039076,False,,878.815686,-2.039076,878.815686,,trending,0.0,{},,296.0,BTCUSDT,2024-05-17 15:00:00,,,,,800.00731,0.0,0.0,0.0,800.00731,0.0,0.0,0.0,-24.0,-24.0,1.0,-24.0,True,False
2024-05-17 16:00:00,67195.09,67300.0,66910.0,66929.99,1380.14254,-3e-06,74,-20.0,0.0,trending,,885.885691,-2.014822,0.014822,False,,885.885691,-2.014822,885.885691,,trending,0.0,{},,297.0,BTCUSDT,2024-05-17 16:00:00,,,,,800.00731,0.0,0.0,0.0,800.00731,0.0,0.0,0.0,-23.127306,-23.127306,1.0,-23.127306,True,False
2024-05-17 17:00:00,66930.0,66998.57,66660.78,66702.52,1144.46178,-3e-06,74,-14.459224,0.0,trending,,891.951905,-1.994318,0.548396,True,True,891.462273,-1.446717,891.951905,,trending,5.540776,{},,298.0,BTCUSDT,2024-05-17 17:00:00,BTCUSDT,66702.52,0.007333,REDUCE_SHORT,800.00731,0.0,0.0,0.0,800.00731,0.0,0.0,0.0,-14.459224,-14.459224,1.0,-14.459224,True,True
2024-05-17 18:00:00,66702.51,66849.0,66214.67,66821.98,1439.5245,-3e-06,74,-15.843662,0.0,trending,,889.152514,-1.453072,-0.131294,False,,889.152514,-1.453072,889.152514,,trending,-1.384438,{},,299.0,BTCUSDT,2024-05-17 18:00:00,,,,,800.00731,0.0,0.0,0.0,800.00731,0.0,0.0,0.0,-15.843662,-15.843662,1.0,-15.843662,True,False
2024-05-17 19:00:00,66821.98,67070.0,66650.75,67047.99,1059.21574,-3e-06,74,-19.957995,0.0,trending,,884.782611,-1.465188,-0.530611,True,True,884.313135,-1.996859,884.782611,,trending,-4.114333,{},,300.0,BTCUSDT,2024-05-17 19:00:00,BTCUSDT,67047.99,0.007002,SHORT,800.00731,0.0,0.0,0.0,800.00731,0.0,0.0,0.0,-19.957995,-19.957995,1.0,-19.957995,True,True
2024-05-17 20:00:00,67047.99,67048.0,66765.33,66890.0,487.41465,-3e-06,74,-13.911905,0.0,trending,,888.474131,-1.982824,0.591633,True,True,887.947954,-1.392015,888.474131,,trending,6.04609,{},,301.0,BTCUSDT,2024-05-17 20:00:00,BTCUSDT,66890.0,0.007858,REDUCE_SHORT,800.00731,0.0,0.0,0.0,800.00731,0.0,0.0,0.0,-13.911905,-13.911905,1.0,-13.911905,True,True
2024-05-17 21:00:00,66890.0,66916.78,66740.42,66810.65,338.90557,-3e-06,74,-10.779501,0.0,trending,,889.414235,-1.388071,0.310121,True,True,889.138132,-1.078285,889.414235,,trending,3.132404,{},,302.0,BTCUSDT,2024-05-17 21:00:00,BTCUSDT,66810.65,0.004128,REDUCE_SHORT,800.00731,0.0,0.0,0.0,800.00731,0.0,0.0,0.0,-10.779501,-10.779501,1.0,-10.779501,True,True
2024-05-17 22:00:00,66810.64,66810.65,66669.72,66771.6,334.94159,-3e-06,74,-8.825649,0.0,trending,,889.698507,-1.076976,0.194411,False,,889.698507,-1.076976,889.698507,,trending,1.953852,{},,303.0,BTCUSDT,2024-05-17 22:00:00,,,,,800.00731,0.0,0.0,0.0,800.00731,0.0,0.0,0.0,-8.825649,-8.825649,1.0,-8.825649,True,False
2024-05-17 23:00:00,66771.6,67089.72,66700.0,67024.0,679.25829,-3e-06,74,-15.105314,0.0,trending,,886.076524,-1.085466,-0.425066,True,True,885.699883,-1.511174,886.076524,,trending,-6.279665,{},,304.0,BTCUSDT,2024-05-17 23:00:00,BTCUSDT,67024.0,0.005619,SHORT,800.00731,0.0,0.0,0.0,800.00731,0.0,0.0,0.0,-15.105314,-15.105314,1.0,-15.105314,True,True
2024-05-18 00:00:00,67024.0,67095.88,66725.53,66891.59,1097.8507,6e-06,73,-9.885658,0.0,trending,,888.344065,-1.503699,0.515133,True,True,887.885992,-0.989076,888.344065,,trending,5.219656,{},,305.0,BTCUSDT,2024-05-18 00:00:00,BTCUSDT,66891.59,0.006841,REDUCE_SHORT,800.00731,0.0,0.0,0.0,800.00731,0.0,0.0,0.0,-9.885658,-9.885658,1.0,-9.885658,True,True
2024-05-18 01:00:00,66891.59,67017.99,66765.33,66980.0,383.52091,6e-06,73,-11.372705,0.0,trending,,886.725301,-0.991679,-0.145591,False,,886.725301,-0.991679,886.725301,,trending,-1.487047,{},,306.0,BTCUSDT,2024-05-18 01:00:00,,,,,800.00731,0.0,0.0,0.0,800.00731,0.0,0.0,0.0,-11.372705,-11.372705,1.0,-11.372705,True,False
2024-05-18 02:00:00,66979.99,67055.3,66797.61,66907.84,523.42619,6e-06,73,-8.619231,0.0,trending,,887.672654,-0.989554,0.127631,False,,887.672654,-0.989554,887.672654,,trending,2.753474,{},,307.0,BTCUSDT,2024-05-18 02:00:00,,,,,800.00731,0.0,0.0,0.0,800.00731,0.0,0.0,0.0,-8.619231,-8.619231,1.0,-8.619231,True,False
2024-05-18 03:00:00,66907.85,67006.49,66854.38,66945.05,476.5987,6e-06,73,-9.280193,0.0,trending,,887.184142,-0.990649,0.06263,False,,887.184142,-0.990649,887.184142,,trending,-0.660963,{},,308.0,BTCUSDT,2024-05-18 03:00:00,,,,,800.00731,0.0,0.0,0.0,800.00731,0.0,0.0,0.0,-9.280193,-9.280193,1.0,-9.280193,True,False
2024-05-18 04:00:00,66945.06,67008.41,66800.0,66883.61,434.02618,6e-06,73,-6.720483,0.0,trending,,887.990757,-0.988841,0.316793,True,True,887.709167,-0.672261,887.990757,,trending,2.55971,{},,309.0,BTCUSDT,2024-05-18 04:00:00,BTCUSDT,66883.61,0.004206,REDUCE_SHORT,800.00731,0.0,0.0,0.0,800.00731,0.0,0.0,0.0,-6.720483,-6.720483,1.0,-6.720483,True,True
2024-05-18 05:00:00,66883.6,66885.99,66810.0,66854.71,270.60442,6e-06,73,-5.365795,0.0,trending,,887.967028,-0.671776,0.135196,False,,887.967028,-0.671776,887.967028,,trending,1.354688,{},,310.0,BTCUSDT,2024-05-18 05:00:00,,,,,800.00731,0.0,0.0,0.0,800.00731,0.0,0.0,0.0,-5.365795,-5.365795,1.0,-5.365795,True,False
2024-05-18 06:00:00,66854.7,66963.86,66730.0,66920.03,507.84157,6e-06,73,-7.010848,0.0,trending,,887.384207,-0.672874,-0.028211,False,,887.384207,-0.672874,887.384207,,trending,-1.645053,{},,311.0,BTCUSDT,2024-05-18 06:00:00,,,,,800.00731,0.0,0.0,0.0,800.00731,0.0,0.0,0.0,-7.010848,-7.010848,1.0,-7.010848,True,False
2024-05-18 07:00:00,66920.03,67240.69,66829.0,66887.0,869.03278,6e-06,73,-5.260453,0.0,trending,,887.678919,-0.672318,0.146273,False,,887.678919,-0.672318,887.678919,,trending,1.750396,{},,312.0,BTCUSDT,2024-05-18 07:00:00,,,,,800.00731,0.0,0.0,0.0,800.00731,0.0,0.0,0.0,-5.260453,-5.260453,1.0,-5.260453,True,False
2024-05-18 08:00:00,66887.01,67085.19,66840.0,67027.59,459.68391,8e-05,73,-9.433386,0.0,trending,,886.424497,-0.674685,-0.268654,True,True,886.186356,-0.943592,886.424497,,trending,-4.172933,{},,313.0,BTCUSDT,2024-05-18 08:00:00,BTCUSDT,67027.59,0.003553,SHORT,800.00731,0.0,0.0,0.0,800.00731,0.0,0.0,0.0,-9.433386,-9.433386,1.0,-9.433386,True,True
2024-05-18 09:00:00,67027.59,67138.99,66999.99,67125.04,597.38137,8e-05,73,-12.520598,0.0,trending,,884.970625,-0.946262,-0.305798,True,True,884.700003,-1.252443,884.970625,,trending,-3.087212,{},,314.0,BTCUSDT,2024-05-18 09:00:00,BTCUSDT,67125.04,0.004032,SHORT,800.00731,0.0,0.0,0.0,800.00731,0.0,0.0,0.0,-12.520598,-12.520598,1.0,-12.520598,True,True
2024-05-18 10:00:00,67125.03,67300.0,67029.37,67222.22,1373.75809,8e-05,73,-16.254733,0.0,trending,,883.095848,-1.256534,-0.368939,True,True,882.77004,-1.626073,883.095848,,trending,-3.734136,{},,315.0,BTCUSDT,2024-05-18 10:00:00,BTCUSDT,67222.22,0.004847,SHORT,800.00731,0.0,0.0,0.0,800.00731,0.0,0.0,0.0,-16.254733,-16.254733,1.0,-16.254733,True,True
2024-05-18 11:00:00,67222.21,67400.01,67116.36,67190.82,1139.4509,8e-05,73,-14.965645,0.0,trending,,883.440548,-1.62408,0.127516,False,,883.440548,-1.62408,883.440548,,trending,1.289088,{},,316.0,BTCUSDT,2024-05-18 11:00:00,,,,,800.00731,0.0,0.0,0.0,800.00731,0.0,0.0,0.0,-14.965645,-14.965645,1.0,-14.965645,True,False
2024-05-18 12:00:00,67190.81,67227.97,66900.0,66948.0,637.91065,8e-05,73,-3.247536,0.0,trending,,888.625674,-1.608769,1.284015,True,True,887.483523,-0.325172,888.625674,,trending,11.718109,{},,317.0,BTCUSDT,2024-05-18 12:00:00,BTCUSDT,66948.0,0.017043,REDUCE_SHORT,800.00731,0.0,0.0,0.0,800.00731,0.0,0.0,0.0,-3.247536,-3.247536,1.0,-3.247536,True,True
2024-05-18 13:00:00,66947.99,67072.9,66800.0,66863.17,723.04515,8e-05,73,0.71819,0.0,trending,,887.849189,-0.324626,0.396445,True,True,887.496918,0.071776,887.849189,,trending,3.965726,{},,318.0,BTCUSDT,2024-05-18 13:00:00,BTCUSDT,66863.17,0.000954,LONG,800.00731,0.0,0.0,0.0,800.00731,0.0,0.0,0.0,0.71819,0.71819,1.0,0.71819,True,True
2024-05-18 14:00:00,66863.18,67061.2,66600.09,66793.66,1441.27911,8e-05,73,3.792528,0.0,trending,,887.430695,0.071706,0.307546,True,True,887.157769,0.379062,887.430695,,trending,3.074338,{},,319.0,BTCUSDT,2024-05-18 14:00:00,BTCUSDT,66793.66,0.004086,LONG,800.00731,0.0,0.0,0.0,800.00731,0.0,0.0,0.0,3.792528,3.792528,1.0,3.792528,True,True
2024-05-18 15:00:00,66793.66,66896.19,66600.0,66823.63,710.15863,8e-05,73,2.134232,0.0,trending,,887.30866,0.379167,-0.165744,False,,887.30866,0.379167,887.30866,,trending,-1.658296,{},,320.0,BTCUSDT,2024-05-18 15:00:00,,,,,800.00731,0.0,0.0,0.0,800.00731,0.0,0.0,0.0,2.134232,2.134232,1.0,2.134232,True,False
2024-05-18 16:00:00,66823.63,66992.53,66722.0,66888.17,458.90113,-8e-06,73,-1.037959,0.0,trending,,887.633601,0.379395,-0.483191,True,True,887.204705,-0.103846,887.633601,,trending,-3.172191,{},,321.0,BTCUSDT,2024-05-18 16:00:00,BTCUSDT,66888.17,0.001377,SHORT,800.00731,0.0,0.0,0.0,800.00731,0.0,0.0,0.0,-1.037959,-1.037959,1.0,-1.037959,True,True
2024-05-18 17:00:00,66888.17,66970.0,66750.0,66866.51,501.97204,-8e-06,73,0.058301,0.0,trending,,887.23454,-0.103809,0.109639,False,,887.23454,-0.103809,887.23454,,trending,1.09626,{},,322.0,BTCUSDT,2024-05-18 17:00:00,,,,,800.00731,0.0,0.0,0.0,800.00731,0.0,0.0,0.0,0.058301,0.058301,1.0,0.058301,True,False
2024-05-18 18:00:00,66866.52,66910.0,66779.95,66796.36,230.01863,-8e-06,73,3.26463,0.0,trending,,887.331165,-0.103689,0.430152,True,True,886.949386,0.326277,887.331165,,trending,3.206329,{},,323.0,BTCUSDT,2024-05-18 18:00:00,BTCUSDT,66796.36,0.004337,LONG,800.00731,0.0,0.0,0.0,800.00731,0.0,0.0,0.0,3.26463,3.26463,1.0,3.26463,True,True
2024-05-18 19:00:00,66796.35,66942.94,66771.76,66912.62,224.34717,-8e-06,73,-2.47168,0.0,trending,,887.453075,0.326659,-0.573827,True,True,886.943831,-0.24731,887.453075,,trending,-5.73631,{},,324.0,BTCUSDT,2024-05-18 19:00:00,BTCUSDT,66912.62,0.003278,SHORT,800.00731,0.0,0.0,0.0,800.00731,0.0,0.0,0.0,-2.47168,-2.47168,1.0,-2.47168,True,True
2024-05-18 20:00:00,66912.62,67014.88,66880.0,66964.01,285.93209,-8e-06,73,-4.920307,0.0,trending,,886.775366,-0.247547,-0.244484,True,True,886.558564,-0.492151,886.775366,,trending,-2.448627,{},,325.0,BTCUSDT,2024-05-18 20:00:00,BTCUSDT,66964.01,0.003238,SHORT,800.00731,0.0,0.0,0.0,800.00731,0.0,0.0,0.0,-4.920307,-4.920307,1.0,-4.920307,True,True
2024-05-18 21:00:00,66964.01,66984.0,66810.0,66899.29,246.9477,-8e-06,73,-1.229263,0.0,trending,,886.980263,-0.491442,0.368515,True,True,886.65307,-0.122972,886.980263,,trending,3.691044,{},,326.0,BTCUSDT,2024-05-18 21:00:00,BTCUSDT,66899.29,0.004886,REDUCE_SHORT,800.00731,0.0,0.0,0.0,800.00731,0.0,0.0,0.0,-1.229263,-1.229263,1.0,-1.229263,True,True
2024-05-18 22:00:00,66899.29,67005.07,66828.59,66932.01,505.7249,-8e-06,73,-2.827177,0.0,trending,,886.599743,-0.123039,-0.159679,False,,886.599743,-0.123039,886.599743,,trending,-1.597914,{},,327.0,BTCUSDT,2024-05-18 22:00:00,,,,,800.00731,0.0,0.0,0.0,800.00731,0.0,0.0,0.0,-2.827177,-2.827177,1.0,-2.827177,True,False
2024-05-18 23:00:00,66932.0,67039.92,66914.58,66915.2,341.84482,-8e-06,73,-1.696564,0.0,trending,,886.62714,-0.123004,-0.046652,False,,886.62714,-0.123004,886.62714,,trending,1.130613,{},,328.0,BTCUSDT,2024-05-18 23:00:00,,,,,800.00731,0.0,0.0,0.0,800.00731,0.0,0.0,0.0,-1.696564,-1.696564,1.0,-1.696564,True,False
2024-05-19 00:00:00,66915.2,66980.84,66837.39,66906.53,234.84228,3.3e-05,72,-1.098514,0.0,trending,,886.64127,-0.122987,0.013135,False,,886.64127,-0.122987,886.64127,,trending,0.598049,{},,329.0,BTCUSDT,2024-05-19 00:00:00,,,,,800.00731,0.0,0.0,0.0,800.00731,0.0,0.0,0.0,-1.098514,-1.098514,1.0,-1.098514,True,False
2024-05-19 01:00:00,66906.52,66970.0,66885.55,66920.01,188.41852,3.3e-05,72,-1.703325,0.0,trending,,886.6193,-0.123014,-0.047318,False,,886.6193,-0.123014,886.6193,,trending,-0.604811,{},,330.0,BTCUSDT,2024-05-19 01:00:00,,,,,800.00731,0.0,0.0,0.0,800.00731,0.0,0.0,0.0,-1.703325,-1.703325,1.0,-1.703325,True,False
2024-05-19 02:00:00,66920.0,67250.0,66920.0,67211.61,961.69008,3.3e-05,72,-16.578753,0.0,trending,,886.144048,-0.123617,-1.534259,True,True,884.784473,-1.660423,886.144048,,trending,-14.875428,{},,331.0,BTCUSDT,2024-05-19 02:00:00,BTCUSDT,67211.61,0.020228,SHORT,800.00731,0.0,0.0,0.0,800.00731,0.0,0.0,0.0,-16.578753,-16.578753,1.0,-16.578753,True,True
2024-05-19 03:00:00,67211.6,67294.35,67090.0,67170.21,583.81818,3.3e-05,72,-13.458025,0.0,trending,,885.689398,-1.657705,0.311902,True,True,885.412873,-1.346223,885.689398,,trending,3.120729,{},,332.0,BTCUSDT,2024-05-19 03:00:00,BTCUSDT,67170.21,0.004113,REDUCE_SHORT,800.00731,0.0,0.0,0.0,800.00731,0.0,0.0,0.0,-13.458025,-13.458025,1.0,-13.458025,True,True
2024-05-19 04:00:00,67170.2,67180.0,66994.22,67151.75,332.00108,3.3e-05,72,-11.328853,0.0,trending,,885.740453,-1.345355,0.21247,True,True,885.552072,-1.133126,885.740453,,trending,2.129172,{},,333.0,BTCUSDT,2024-05-19 04:00:00,BTCUSDT,67151.75,0.002803,REDUCE_SHORT,800.00731,0.0,0.0,0.0,800.00731,0.0,0.0,0.0,-11.328853,-11.328853,1.0,-11.328853,True,True
2024-05-19 05:00:00,67151.74,67170.0,67090.53,67097.62,250.37194,3.3e-05,72,-7.382899,0.0,trending,,886.360931,-1.13118,0.39289,True,True,886.01234,-0.73858,886.360931,,trending,3.945954,{},,334.0,BTCUSDT,2024-05-19 05:00:00,BTCUSDT,67097.62,0.00519,REDUCE_SHORT,800.00731,0.0,0.0,0.0,800.00731,0.0,0.0,0.0,-7.382899,-7.382899,1.0,-7.382899,True,True
2024-05-19 06:00:00,67097.63,67150.0,66930.4,67022.65,362.78212,3.3e-05,72,-2.544235,0.0,trending,,886.74351,-0.737147,0.482723,True,True,886.315029,-0.254547,886.74351,,trending,4.838663,{},,335.0,BTCUSDT,2024-05-19 06:00:00,BTCUSDT,67022.65,0.006387,REDUCE_SHORT,800.00731,0.0,0.0,0.0,800.00731,0.0,0.0,0.0,-2.544235,-2.544235,1.0,-2.544235,True,True
2024-05-19 07:00:00,67022.64,67329.45,66981.1,67324.44,825.69502,3.3e-05,72,-18.982955,0.0,trending,,885.299158,-0.255986,-1.642309,True,True,883.845223,-1.901418,885.299158,,trending,-16.438719,{},,336.0,BTCUSDT,2024-05-19 07:00:00,BTCUSDT,67324.44,0.021596,SHORT,800.00731,0.0,0.0,0.0,800.00731,0.0,0.0,0.0,-18.982955,-18.982955,1.0,-18.982955,True,True
2024-05-19 08:00:00,67324.44,67339.91,67100.0,67160.01,453.96065,5.2e-05,72,-8.234242,0.0,trending,,887.949741,-1.888006,1.064582,True,True,887.0035,-0.824303,887.949741,,trending,10.748712,{},,337.0,BTCUSDT,2024-05-19 08:00:00,BTCUSDT,67160.01,0.014075,REDUCE_SHORT,800.00731,0.0,0.0,0.0,800.00731,0.0,0.0,0.0,-8.234242,-8.234242,1.0,-8.234242,True,True
2024-05-19 09:00:00,67160.0,67186.67,66990.01,67180.01,449.59565,5.2e-05,72,-8.736687,0.0,trending,,886.785763,-0.824751,-0.048918,False,,886.785763,-0.824751,886.785763,,trending,-0.502444,{},,338.0,BTCUSDT,2024-05-19 09:00:00,,,,,800.00731,0.0,0.0,0.0,800.00731,0.0,0.0,0.0,-8.736687,-8.736687,1.0,-8.736687,True,False
2024-05-19 10:00:00,67180.01,67700.0,67116.35,67269.99,1871.51463,5.2e-05,72,-12.71206,0.0,trending,,885.806167,-0.826769,-0.444437,True,True,885.412481,-1.271771,885.806167,,trending,-3.975373,{},,339.0,BTCUSDT,2024-05-19 10:00:00,BTCUSDT,67269.99,0.005852,SHORT,800.00731,0.0,0.0,0.0,800.00731,0.0,0.0,0.0,-12.71206,-12.71206,1.0,-12.71206,True,True
2024-05-19 11:00:00,67270.0,67388.0,66950.0,67330.0,1381.45807,5.2e-05,72,-14.384515,0.0,trending,,884.407965,-1.274351,-0.1641,False,,884.407965,-1.274351,884.407965,,trending,-1.672455,{},,340.0,BTCUSDT,2024-05-19 11:00:00,,,,,800.00731,0.0,0.0,0.0,800.00731,0.0,0.0,0.0,-14.384515,-14.384515,1.0,-14.384515,True,False
2024-05-19 12:00:00,67330.01,67330.01,66789.75,66832.99,1186.13274,5.2e-05,72,13.102154,0.0,trending,,892.727487,-1.253156,2.563372,True,True,890.437975,1.312271,892.727487,,trending,27.486669,{},,341.0,BTCUSDT,2024-05-19 12:00:00,BTCUSDT,66832.99,0.017501,LONG,800.00731,0.0,0.0,0.0,800.00731,0.0,0.0,0.0,13.102154,13.102154,1.0,13.102154,True,True
2024-05-19 13:00:00,66832.99,67179.03,66677.0,67049.99,987.7486,5.2e-05,72,0.732115,0.0,trending,,894.231963,1.310946,-1.237734,True,True,893.125141,0.073302,894.231963,,trending,-12.37004,{},,342.0,BTCUSDT,2024-05-19 13:00:00,BTCUSDT,67049.99,0.016507,REDUCE_LONG,800.00731,0.0,0.0,0.0,800.00731,0.0,0.0,0.0,0.732115,0.732115,1.0,0.732115,True,True
2024-05-19 14:00:00,67049.99,67149.85,66847.02,66928.0,755.26097,5.2e-05,72,6.321515,0.0,trending,,893.00603,0.073179,0.558973,True,True,892.506863,0.631946,893.00603,,trending,5.5894,{},,343.0,BTCUSDT,2024-05-19 14:00:00,BTCUSDT,66928.0,0.007458,LONG,800.00731,0.0,0.0,0.0,800.00731,0.0,0.0,0.0,6.321515,6.321515,1.0,6.321515,True,True
2024-05-19 15:00:00,66928.0,66988.22,66739.13,66889.88,646.82118,5.2e-05,72,7.383718,0.0,trending,,892.185618,0.631813,0.106559,False,,892.185618,0.631813,892.185618,,trending,1.062203,{},,344.0,BTCUSDT,2024-05-19 15:00:00,,,,,800.00731,0.0,0.0,0.0,800.00731,0.0,0.0,0.0,7.383718,7.383718,1.0,7.383718,True,False
2024-05-19 16:00:00,66889.88,66990.0,66521.38,66662.01,1053.33486,4.8e-05,72,16.112836,0.0,trending,,890.265311,0.631019,0.980265,True,True,889.392616,1.611883,890.265311,,trending,8.729119,{},,345.0,BTCUSDT,2024-05-19 16:00:00,BTCUSDT,66662.01,0.013091,LONG,800.00731,0.0,0.0,0.0,800.00731,0.0,0.0,0.0,16.112836,16.112836,1.0,16.112836,True,True
2024-05-19 17:00:00,66662.0,66830.71,66548.17,66720.01,636.07701,4.8e-05,72,11.846065,0.0,trending,,890.639933,1.611027,-0.42642,True,True,890.260146,1.185112,890.639933,,trending,-4.266771,{},,346.0,BTCUSDT,2024-05-19 17:00:00,BTCUSDT,66720.01,0.005692,REDUCE_LONG,800.00731,0.0,0.0,0.0,800.00731,0.0,0.0,0.0,11.846065,11.846065,1.0,11.846065,True,True
2024-05-19 18:00:00,66720.01,66757.21,66522.3,66586.21,400.40451,4.8e-05,72,16.21432,0.0,trending,,888.144338,1.185553,0.435879,True,True,887.757214,1.621703,888.144338,,trending,4.368255,{},,347.0,BTCUSDT,2024-05-19 18:00:00,BTCUSDT,66586.21,0.005814,LONG,800.00731,0.0,0.0,0.0,800.00731,0.0,0.0,0.0,16.21432,16.21432,1.0,16.21432,True,True
2024-05-19 19:00:00,66586.21,66646.2,65857.25,66034.01,2461.19629,4.8e-05,72,20.0,0.0,trending,,875.817948,1.630178,0.369822,True,True,875.494051,2.00037,875.817948,,trending,3.78568,{},,348.0,BTCUSDT,2024-05-19 19:00:00,BTCUSDT,66034.01,0.004905,LONG,800.00731,0.0,0.0,0.0,800.00731,0.0,0.0,0.0,24.0,24.0,1.0,24.0,True,True
2024-05-19 20:00:00,66034.01,66300.0,66019.99,66163.99,650.74941,4.8e-05,72,20.0,0.0,trending,,878.941298,1.996446,0.003554,False,,878.941298,1.996446,878.941298,,trending,0.0,{},,349.0,BTCUSDT,2024-05-19 20:00:00,,,,,800.00731,0.0,0.0,0.0,800.00731,0.0,0.0,0.0,24.0,24.0,1.0,24.0,True,False
2024-05-19 21:00:00,66164.0,66360.0,66000.0,66280.0,458.74226,4.8e-05,72,17.828775,0.0,trending,,882.018042,1.992971,-0.210093,True,True,881.832736,1.783252,882.018042,,trending,-2.171225,{},,350.0,BTCUSDT,2024-05-19 21:00:00,BTCUSDT,66280.0,0.002796,REDUCE_LONG,800.00731,0.0,0.0,0.0,800.00731,0.0,0.0,0.0,17.828775,17.828775,1.0,17.828775,True,True
2024-05-19 22:00:00,66280.0,66463.0,66252.0,66363.61,508.04173,4.8e-05,72,13.412961,0.0,trending,,883.81643,1.781494,-0.440198,True,True,883.427375,1.341887,883.81643,,trending,-4.415814,{},,351.0,BTCUSDT,2024-05-19 22:00:00,BTCUSDT,66363.61,0.005862,REDUCE_LONG,800.00731,0.0,0.0,0.0,800.00731,0.0,0.0,0.0,13.412961,13.412961,1.0,13.412961,True,True
2024-05-19 23:00:00,66363.61,66363.61,66211.87,66274.01,384.64631,4.8e-05,72,15.475607,0.0,trending,,881.826842,1.342507,0.205053,True,True,881.64602,1.547673,881.826842,,trending,2.062646,{},,352.0,BTCUSDT,2024-05-19 23:00:00,BTCUSDT,66274.01,0.002728,LONG,800.00731,0.0,0.0,0.0,800.00731,0.0,0.0,0.0,15.475607,15.475607,1.0,15.475607,True,True
2024-05-20 00:00:00,66274.0,66492.5,66149.43,66459.99,623.69794,5.6e-05,70,7.100136,0.0,trending,,885.475118,1.545305,-0.835291,True,True,884.735489,0.710607,885.475118,,trending,-8.375471,{},,353.0,BTCUSDT,2024-05-20 00:00:00,BTCUSDT,66459.99,0.011129,REDUCE_LONG,800.00731,0.0,0.0,0.0,800.00731,0.0,0.0,0.0,7.100136,7.100136,1.0,7.100136,True,True
2024-05-20 01:00:00,66459.99,66589.63,66060.31,66520.4,1006.64524,5.6e-05,70,4.021784,0.0,trending,,885.306956,0.710794,-0.308616,True,True,885.033737,0.402303,885.306956,,trending,-3.078352,{},,354.0,BTCUSDT,2024-05-20 01:00:00,BTCUSDT,66520.4,0.004107,REDUCE_LONG,800.00731,0.0,0.0,0.0,800.00731,0.0,0.0,0.0,4.021784,4.021784,1.0,4.021784,True,True
2024-05-20 02:00:00,66520.4,66763.0,66503.0,66674.02,695.48145,5.6e-05,70,-1.450996,0.0,trending,,885.85599,0.402857,-0.547957,True,True,885.370579,-0.145179,885.85599,,trending,-5.47278,{},,355.0,BTCUSDT,2024-05-20 02:00:00,BTCUSDT,66674.02,0.001928,SHORT,800.00731,0.0,0.0,0.0,800.00731,0.0,0.0,0.0,-1.450996,-1.450996,1.0,-1.450996,True,True
2024-05-20 03:00:00,66674.02,66768.87,66563.95,66675.22,484.92176,5.6e-05,70,-1.37947,0.0,trending,,885.368266,-0.145182,0.007235,False,,885.368266,-0.145182,885.368266,,trending,0.071525,{},,356.0,BTCUSDT,2024-05-20 03:00:00,,,,,800.00731,0.0,0.0,0.0,800.00731,0.0,0.0,0.0,-1.37947,-1.37947,1.0,-1.37947,True,False
2024-05-20 04:00:00,66675.21,67143.75,66626.0,67132.43,1205.95914,5.6e-05,70,-16.017608,0.0,trending,,884.486835,-0.146323,-1.455437,True,True,883.199519,-1.604095,884.486835,,trending,-14.638138,{},,357.0,BTCUSDT,2024-05-20 04:00:00,BTCUSDT,67132.43,0.019176,SHORT,800.00731,0.0,0.0,0.0,800.00731,0.0,0.0,0.0,-16.017608,-16.017608,1.0,-16.017608,True,True
2024-05-20 05:00:00,67132.44,67295.99,67050.61,67136.36,1024.59809,5.6e-05,70,-14.524432,0.0,trending,,883.116582,-1.60434,0.151897,False,,883.116582,-1.60434,883.116582,,trending,1.493176,{},,358.0,BTCUSDT,2024-05-20 05:00:00,,,,,800.00731,0.0,0.0,0.0,800.00731,0.0,0.0,0.0,-14.524432,-14.524432,1.0,-14.524432,True,False
2024-05-20 06:00:00,67136.36,67160.0,66279.64,66410.0,1219.48845,5.6e-05,70,9.853705,0.0,trending,,898.445397,-1.559906,2.545277,True,True,896.157202,0.986899,898.445397,,trending,24.378136,{},,359.0,BTCUSDT,2024-05-20 06:00:00,BTCUSDT,66410.0,0.013331,LONG,800.00731,0.0,0.0,0.0,800.00731,0.0,0.0,0.0,9.853705,9.853705,1.0,9.853705,True,True
2024-05-20 07:00:00,66410.01,66899.99,66352.23,66825.14,1068.70718,5.6e-05,70,-3.886311,0.0,trending,,901.685836,0.986979,-1.37561,True,True,900.445468,-0.389166,901.685836,,trending,-13.740016,{},,360.0,BTCUSDT,2024-05-20 07:00:00,BTCUSDT,66825.14,0.005244,SHORT,800.00731,0.0,0.0,0.0,800.00731,0.0,0.0,0.0,-3.886311,-3.886311,1.0,-3.886311,True,True
2024-05-20 08:00:00,66825.15,67057.97,66750.0,66762.0,771.75214,2.5e-05,70,-1.636096,0.0,trending,,900.776567,-0.388656,0.225046,True,True,900.573647,-0.163646,900.776567,,trending,2.250215,{},,361.0,BTCUSDT,2024-05-20 08:00:00,BTCUSDT,66762.0,0.003036,REDUCE_SHORT,800.00731,0.0,0.0,0.0,800.00731,0.0,0.0,0.0,-1.636096,-1.636096,1.0,-1.636096,True,True
2024-05-20 09:00:00,66762.01,66999.0,66753.18,66894.01,643.72155,2.5e-05,70,-5.828513,0.0,trending,,900.282238,-0.164023,-0.418828,True,True,899.905175,-0.583095,900.282238,,trending,-4.192417,{},,362.0,BTCUSDT,2024-05-20 09:00:00,BTCUSDT,66894.01,0.005637,SHORT,800.00731,0.0,0.0,0.0,800.00731,0.0,0.0,0.0,-5.828513,-5.828513,1.0,-5.828513,True,True
2024-05-20 10:00:00,66894.01,67349.0,66860.26,67109.99,1583.41701,2.5e-05,70,-12.002742,0.0,trending,,898.210982,-0.586082,-0.614193,True,True,897.659308,-1.201012,898.210982,,trending,-6.174229,{},,363.0,BTCUSDT,2024-05-20 10:00:00,BTCUSDT,67109.99,0.00822,SHORT,800.00731,0.0,0.0,0.0,800.00731,0.0,0.0,0.0,-12.002742,-12.002742,1.0,-12.002742,True,True
2024-05-20 11:00:00,67110.0,67300.0,66907.23,66994.2,927.56536,2.5e-05,70,-7.049451,0.0,trending,,899.519435,-1.19646,0.491515,True,True,899.076865,-0.705292,899.519435,,trending,4.953291,{},,364.0,BTCUSDT,2024-05-20 11:00:00,BTCUSDT,66994.2,0.006599,REDUCE_SHORT,800.00731,0.0,0.0,0.0,800.00731,0.0,0.0,0.0,-7.049451,-7.049451,1.0,-7.049451,True,True
2024-05-20 12:00:00,66994.2,67087.63,66789.16,66936.39,935.3405,2.5e-05,70,-4.679255,0.0,trending,,899.624047,-0.704255,0.236329,True,True,899.411226,-0.468036,899.624047,,trending,2.370196,{},,365.0,BTCUSDT,2024-05-20 12:00:00,BTCUSDT,66936.39,0.003176,REDUCE_SHORT,800.00731,0.0,0.0,0.0,800.00731,0.0,0.0,0.0,-4.679255,-4.679255,1.0,-4.679255,True,True
2024-05-20 13:00:00,66936.4,67184.71,66774.53,67099.98,1342.77011,2.5e-05,70,-9.289898,0.0,trending,,898.382423,-0.469717,-0.459272,True,True,897.969821,-0.929417,898.382423,,trending,-4.610643,{},,366.0,BTCUSDT,2024-05-20 13:00:00,BTCUSDT,67099.98,0.006149,SHORT,800.00731,0.0,0.0,0.0,800.00731,0.0,0.0,0.0,-9.289898,-9.289898,1.0,-9.289898,True,True
2024-05-20 14:00:00,67099.98,67110.0,66753.42,67006.01,1386.90005,2.5e-05,70,-5.375429,0.0,trending,,899.138618,-0.926909,0.389366,True,True,898.788174,-0.537752,899.138618,,trending,3.914469,{},,367.0,BTCUSDT,2024-05-20 14:00:00,BTCUSDT,67006.01,0.005225,REDUCE_SHORT,800.00731,0.0,0.0,0.0,800.00731,0.0,0.0,0.0,-5.375429,-5.375429,1.0,-5.375429,True,True
2024-05-20 15:00:00,67006.0,67487.0,66902.0,67419.99,2145.79274,2.5e-05,70,-18.106875,0.0,trending,,895.802067,-0.542878,-1.267809,True,True,894.666361,-1.812986,895.802067,,trending,-12.731446,{},,368.0,BTCUSDT,2024-05-20 15:00:00,BTCUSDT,67419.99,0.016845,SHORT,800.00731,0.0,0.0,0.0,800.00731,0.0,0.0,0.0,-18.106875,-18.106875,1.0,-18.106875,True,True
2024-05-20 16:00:00,67420.0,68266.08,67374.42,68190.06,4146.38535,2.5e-05,70,-20.0,0.0,trending,,876.139703,-1.872469,-0.127531,False,,876.139703,-1.872469,876.139703,,trending,-1.893125,{},,369.0,BTCUSDT,2024-05-20 16:00:00,,,,,800.00731,0.0,0.0,0.0,800.00731,0.0,0.0,0.0,-24.0,-24.0,1.0,-24.0,True,False
2024-05-20 17:00:00,68190.06,68649.98,68030.77,68331.51,2594.36691,2.6e-05,70,-20.0,0.0,trending,,872.736641,-1.883669,-0.116331,False,,872.736641,-1.883669,872.736641,,trending,0.0,{},,370.0,BTCUSDT,2024-05-20 17:00:00,,,,,800.00731,0.0,0.0,0.0,800.00731,0.0,0.0,0.0,-24.0,-24.0,1.0,-24.0,True,False
2024-05-20 18:00:00,68331.51,68766.0,68292.6,68728.41,1729.109,2.6e-05,70,-20.0,0.0,trending,,863.187859,-1.915569,-0.084431,False,,863.187859,-1.915569,863.187859,,trending,0.0,{},,371.0,BTCUSDT,2024-05-20 18:00:00,,,,,800.00731,0.0,0.0,0.0,800.00731,0.0,0.0,0.0,-24.0,-24.0,1.0,-24.0,True,False
2024-05-20 19:00:00,68728.42,70000.0,68596.0,69999.99,7908.04956,2.6e-05,70,-20.0,0.0,trending,,832.595669,-2.022696,0.022696,False,,832.595669,-2.022696,832.595669,,trending,0.0,{},,372.0,BTCUSDT,2024-05-20 19:00:00,,,,,800.00731,0.0,0.0,0.0,800.00731,0.0,0.0,0.0,-24.0,-24.0,1.0,-24.0,True,False
2024-05-20 20:00:00,70000.0,70421.24,69153.61,69500.0,5989.49478,2.6e-05,70,-20.0,0.0,trending,,844.624632,-1.979648,-0.020352,False,,844.624632,-1.979648,844.624632,,trending,0.0,{},,373.0,BTCUSDT,2024-05-20 20:00:00,,,,,800.00731,0.0,0.0,0.0,800.00731,0.0,0.0,0.0,-24.0,-24.0,1.0,-24.0,True,False
2024-05-20 21:00:00,69499.99,69767.43,68905.67,69717.79,3221.36307,2.6e-05,70,-20.0,0.0,trending,,839.384952,-1.998248,-0.001752,False,,839.384952,-1.998248,839.384952,,trending,0.0,{},,374.0,BTCUSDT,2024-05-20 21:00:00,,,,,800.00731,0.0,0.0,0.0,800.00731,0.0,0.0,0.0,-24.0,-24.0,1.0,-24.0,True,False
2024-05-20 22:00:00,69717.8,69949.0,69540.0,69590.77,2326.66413,2.6e-05,70,-20.0,0.0,trending,,842.440851,-1.987372,-0.012628,False,,842.440851,-1.987372,842.440851,,trending,0.0,{},,375.0,BTCUSDT,2024-05-20 22:00:00,,,,,800.00731,0.0,0.0,0.0,800.00731,0.0,0.0,0.0,-24.0,-24.0,1.0,-24.0,True,False
2024-05-20 23:00:00,69590.77,71515.56,69589.5,71446.62,5834.50959,2.6e-05,70,-20.0,0.0,trending,,797.792055,-2.154561,0.154561,False,,797.792055,-2.154561,797.792055,,trending,0.0,{},,376.0,BTCUSDT,2024-05-20 23:00:00,,,,,800.00731,0.0,0.0,0.0,800.00731,0.0,0.0,0.0,-24.0,-24.0,1.0,-24.0,True,False
2024-05-21 00:00:00,71446.62,71979.0,71125.37,71312.32,4404.43729,0.0001,76,-20.0,0.0,trending,,801.023099,-2.141837,0.141837,False,,801.023099,-2.141837,801.023099,,trending,0.0,{},,377.0,BTCUSDT,2024-05-21 00:00:00,,,,,800.00731,0.0,0.0,0.0,800.00731,0.0,0.0,0.0,-24.0,-24.0,1.0,-24.0,True,False
2024-05-21 01:00:00,71312.32,71462.48,70706.0,71089.96,3747.50505,0.0001,76,-20.0,0.0,trending,,806.372727,-2.120993,0.120993,False,,806.372727,-2.120993,806.372727,,trending,0.0,{},,378.0,BTCUSDT,2024-05-21 01:00:00,,,,,800.00731,0.0,0.0,0.0,800.00731,0.0,0.0,0.0,-24.0,-24.0,1.0,-24.0,True,False
2024-05-21 02:00:00,71089.96,71426.19,70903.85,71283.8,2981.22858,0.0001,76,-20.0,0.0,trending,,801.709245,-2.139148,0.139148,False,,801.709245,-2.139148,801.709245,,trending,0.0,{},,379.0,BTCUSDT,2024-05-21 02:00:00,,,,,800.00731,0.0,0.0,0.0,800.00731,0.0,0.0,0.0,-24.0,-24.0,1.0,-24.0,True,False
2024-05-21 03:00:00,71283.81,71401.68,71136.84,71284.0,1955.21923,0.0001,76,-20.0,0.0,trending,,801.704433,-2.139167,0.139167,False,,801.704433,-2.139167,801.704433,,trending,0.0,{},,380.0,BTCUSDT,2024-05-21 03:00:00,,,,,800.00731,0.0,0.0,0.0,800.00731,0.0,0.0,0.0,-24.0,-24.0,1.0,-24.0,True,False
2024-05-21 04:00:00,71283.99,71289.89,70834.0,70910.0,1389.72962,0.0001,76,-20.0,0.0,trending,,810.702278,-2.104326,0.104326,False,,810.702278,-2.104326,810.702278,,trending,0.0,{},,381.0,BTCUSDT,2024-05-21 04:00:00,,,,,800.00731,0.0,0.0,0.0,800.00731,0.0,0.0,0.0,-24.0,-24.0,1.0,-24.0,True,False
2024-05-21 05:00:00,70910.01,71222.0,70826.92,71209.86,1759.43251,0.0001,76,-20.0,0.0,trending,,803.488124,-2.132198,0.132198,False,,803.488124,-2.132198,803.488124,,trending,0.0,{},,382.0,BTCUSDT,2024-05-21 05:00:00,,,,,800.00731,0.0,0.0,0.0,800.00731,0.0,0.0,0.0,-24.0,-24.0,1.0,-24.0,True,False
2024-05-21 06:00:00,71209.87,71394.2,71096.01,71205.41,1634.49017,0.0001,76,-20.0,0.0,trending,,803.595184,-2.131781,0.131781,False,,803.595184,-2.131781,803.595184,,trending,0.0,{},,383.0,BTCUSDT,2024-05-21 06:00:00,,,,,800.00731,0.0,0.0,0.0,800.00731,0.0,0.0,0.0,-24.0,-24.0,1.0,-24.0,True,False
2024-05-21 07:00:00,71205.41,71230.13,70878.29,70878.29,1818.18841,0.0001,76,-19.339747,0.0,trending,,811.46517,-2.101407,0.167433,False,,811.46517,-2.101407,811.46517,,trending,0.660253,{},,384.0,BTCUSDT,2024-05-21 07:00:00,,,,,800.00731,0.0,0.0,0.0,800.00731,0.0,0.0,0.0,-19.339747,-19.339747,1.0,-19.339747,True,False
2024-05-21 08:00:00,70878.3,71060.0,70839.63,70916.0,1452.44414,0.0001,76,-18.283332,0.0,trending,,810.557927,-2.104879,0.276545,True,True,810.333547,-1.828839,810.557927,,trending,1.056415,{},,385.0,BTCUSDT,2024-05-21 08:00:00,BTCUSDT,70916.0,0.003161,REDUCE_SHORT,800.00731,0.0,0.0,0.0,800.00731,0.0,0.0,0.0,-18.283332,-18.283332,1.0,-18.283332,True,True
2024-05-21 09:00:00,70916.01,71076.65,70880.68,70990.02,1391.38501,0.000105,76,-18.17471,0.0,trending,,808.786711,-1.83425,0.016779,False,,808.786711,-1.83425,808.786711,,trending,0.108622,{},,386.0,BTCUSDT,2024-05-21 09:00:00,,,,,800.00731,0.0,0.0,0.0,800.00731,0.0,0.0,0.0,-18.17471,-18.17471,1.0,-18.17471,True,False
2024-05-21 10:00:00,70990.02,71290.0,70960.02,71056.0,1809.08985,0.000105,76,-17.694051,0.0,trending,,807.407891,-1.83909,0.069685,False,,807.407891,-1.83909,807.407891,,trending,0.480659,{},,387.0,BTCUSDT,2024-05-21 10:00:00,,,,,800.00731,0.0,0.0,0.0,800.00731,0.0,0.0,0.0,-17.694051,-17.694051,1.0,-17.694051,True,False
2024-05-21 11:00:00,71055.99,71474.92,70980.0,71130.0,2640.16507,0.000105,76,-17.4941,0.0,trending,,805.861473,-1.844538,0.095128,False,,805.861473,-1.844538,805.861473,,trending,0.199951,{},,388.0,BTCUSDT,2024-05-21 11:00:00,,,,,800.00731,0.0,0.0,0.0,800.00731,0.0,0.0,0.0,-17.4941,-17.4941,1.0,-17.4941,True,False
2024-05-21 12:00:00,71130.0,71455.09,71060.0,71349.99,2434.77082,0.000105,76,-20.0,0.0,trending,,801.264223,-1.860858,-0.139142,False,,801.264223,-1.860858,801.264223,,trending,-2.5059,{},,389.0,BTCUSDT,2024-05-21 12:00:00,,,,,800.00731,0.0,0.0,0.0,800.00731,0.0,0.0,0.0,-20.704614,-20.704614,1.0,-20.704614,True,False
2024-05-21 13:00:00,71349.99,71349.99,70539.91,70595.92,3352.93221,0.000105,76,-4.110183,0.0,trending,,817.022431,-1.80568,1.394662,True,True,815.881821,-0.411593,817.022431,,trending,15.889817,{},,390.0,BTCUSDT,2024-05-21 13:00:00,BTCUSDT,70595.92,0.016141,REDUCE_SHORT,800.00731,0.0,0.0,0.0,800.00731,0.0,0.0,0.0,-4.110183,-4.110183,1.0,-4.110183,True,True
2024-05-21 14:00:00,70595.92,70927.48,70187.76,70213.2,2657.66016,0.000105,76,3.486551,0.0,trending,,817.702346,-0.40845,0.757105,True,True,817.082925,0.348571,817.702346,,trending,7.596735,{},,391.0,BTCUSDT,2024-05-21 14:00:00,BTCUSDT,70213.2,0.00406,LONG,800.00731,0.0,0.0,0.0,800.00731,0.0,0.0,0.0,3.486551,3.486551,1.0,3.486551,True,True
2024-05-21 15:00:00,70213.21,70487.82,69685.01,69826.99,2745.90017,0.000105,76,10.852017,0.0,trending,,815.516313,0.347319,0.737883,True,True,814.914557,1.085265,815.516313,,trending,7.365465,{},,392.0,BTCUSDT,2024-05-21 15:00:00,BTCUSDT,69826.99,0.008618,LONG,800.00731,0.0,0.0,0.0,800.00731,0.0,0.0,0.0,10.852017,10.852017,1.0,10.852017,True,True
2024-05-21 16:00:00,69827.0,70263.03,69642.8,69668.03,2707.57475,0.0001,76,13.638354,0.0,trending,,812.90124,1.085476,0.27836,True,True,812.674961,1.363937,812.90124,,trending,2.786338,{},,393.0,BTCUSDT,2024-05-21 16:00:00,BTCUSDT,69668.03,0.003248,LONG,800.00731,0.0,0.0,0.0,800.00731,0.0,0.0,0.0,13.638354,13.638354,1.0,13.638354,True,True
2024-05-21 17:00:00,69668.04,69942.72,69550.0,69857.05,2370.32353,0.0001,76,8.795514,0.0,trending,,815.682321,1.362595,-0.483044,True,True,815.28831,0.879976,815.682321,,trending,-4.84284,{},,394.0,BTCUSDT,2024-05-21 17:00:00,BTCUSDT,69857.05,0.00564,REDUCE_LONG,800.00731,0.0,0.0,0.0,800.00731,0.0,0.0,0.0,8.795514,8.795514,1.0,8.795514,True,True
2024-05-21 18:00:00,69857.05,69950.19,69500.0,69829.74,896.31712,0.0001,76,8.513101,0.0,trending,,815.007836,0.879935,-0.028625,False,,815.007836,0.879935,815.007836,,trending,-0.282413,{},,395.0,BTCUSDT,2024-05-21 18:00:00,,,,,800.00731,0.0,0.0,0.0,800.00731,0.0,0.0,0.0,8.513101,8.513101,1.0,8.513101,True,False
2024-05-21 19:00:00,69829.74,69944.4,69162.94,69285.99,1708.59752,0.0001,76,20.0,0.0,trending,,809.423503,0.879107,1.120893,True,True,808.516226,2.001122,809.423503,,trending,11.486899,{},,396.0,BTCUSDT,2024-05-21 19:00:00,BTCUSDT,69285.99,0.013095,LONG,800.00731,0.0,0.0,0.0,800.00731,0.0,0.0,0.0,21.520817,21.520817,1.0,21.520817,True,True
2024-05-21 20:00:00,69285.99,69766.66,69240.57,69727.01,1055.03779,0.0001,76,9.268822,0.0,trending,,818.814755,1.988531,-1.061648,True,True,817.945461,0.927867,818.814755,,trending,-10.731178,{},,397.0,BTCUSDT,2024-05-21 20:00:00,BTCUSDT,69727.01,0.012467,REDUCE_LONG,800.00731,0.0,0.0,0.0,800.00731,0.0,0.0,0.0,9.268822,9.268822,1.0,9.268822,True,True
2024-05-21 21:00:00,69727.0,69806.12,69460.38,69727.76,638.6635,0.0001,76,8.733501,0.0,trending,,817.953624,0.927868,-0.054518,False,,817.953624,0.927868,817.953624,,trending,-0.535321,{},,398.0,BTCUSDT,2024-05-21 21:00:00,,,,,800.00731,0.0,0.0,0.0,800.00731,0.0,0.0,0.0,8.733501,8.733501,1.0,8.733501,True,False
2024-05-21 22:00:00,69727.75,70222.22,69720.18,70222.22,1279.33239,0.0001,76,-4.808674,0.0,trending,,823.335583,0.928339,-1.409207,True,True,822.175332,-0.481546,823.335583,,trending,-13.542175,{},,399.0,BTCUSDT,2024-05-21 22:00:00,BTCUSDT,70222.22,0.005638,SHORT,800.00731,0.0,0.0,0.0,800.00731,0.0,0.0,0.0,-4.808674,-4.808674,1.0,-4.808674,True,True
2024-05-21 23:00:00,70222.21,70377.77,70100.0,70148.34,777.00871,0.0001,76,-2.445642,0.0,trending,,822.59187,-0.480796,0.236232,True,True,822.397354,-0.244622,822.59187,,trending,2.363033,{},,400.0,BTCUSDT,2024-05-21 23:00:00,BTCUSDT,70148.34,0.00277,REDUCE_SHORT,800.00731,0.0,0.0,0.0,800.00731,0.0,0.0,0.0,-2.445642,-2.445642,1.0,-2.445642,True,True
2024-05-22 00:00:00,70148.34,70279.99,70049.99,70120.01,1023.24236,0.0001,76,-1.521114,0.0,trending,,822.4786,-0.244499,0.092388,False,,822.4786,-0.244499,822.4786,,trending,0.924528,{},,401.0,BTCUSDT,2024-05-22 00:00:00,,,,,800.00731,0.0,0.0,0.0,800.00731,0.0,0.0,0.0,-1.521114,-1.521114,1.0,-1.521114,True,False
2024-05-22 01:00:00,70120.0,70209.1,70007.73,70159.58,811.91424,0.0001,76,-2.470715,0.0,trending,,822.365119,-0.244671,-0.002401,False,,822.365119,-0.244671,822.365119,,trending,-0.949601,{},,402.0,BTCUSDT,2024-05-22 01:00:00,,,,,800.00731,0.0,0.0,0.0,800.00731,0.0,0.0,0.0,-2.470715,-2.470715,1.0,-2.470715,True,False
2024-05-22 02:00:00,70159.57,70368.6,69922.77,70003.01,1132.34656,0.0001,76,1.945493,0.0,trending,,822.814142,-0.243992,0.438541,True,True,822.453103,0.19444,822.814142,,trending,4.416208,{},,403.0,BTCUSDT,2024-05-22 02:00:00,BTCUSDT,70003.01,0.002287,LONG,800.00731,0.0,0.0,0.0,800.00731,0.0,0.0,0.0,1.945493,1.945493,1.0,1.945493,True,True
2024-05-22 03:00:00,70003.01,70050.0,69822.76,69955.72,744.84482,0.0001,76,3.053808,0.0,trending,,822.345072,0.194334,0.111047,False,,822.345072,0.194334,822.345072,,trending,1.108315,{},,404.0,BTCUSDT,2024-05-22 03:00:00,,,,,800.00731,0.0,0.0,0.0,800.00731,0.0,0.0,0.0,3.053808,3.053808,1.0,3.053808,True,False
2024-05-22 04:00:00,69955.72,70000.0,69165.0,69599.98,1368.72361,0.0001,76,11.52275,0.0,trending,,821.532404,0.193537,0.958738,True,True,820.74477,1.152421,821.532404,,trending,8.468942,{},,405.0,BTCUSDT,2024-05-22 04:00:00,BTCUSDT,69599.98,0.011317,LONG,800.00731,0.0,0.0,0.0,800.00731,0.0,0.0,0.0,11.52275,11.52275,1.0,11.52275,True,True
2024-05-22 05:00:00,69599.97,69923.48,69528.49,69898.12,733.25344,0.0001,76,2.876125,0.0,trending,,824.796407,1.151672,-0.86406,True,True,824.083733,0.287861,824.796407,,trending,-8.646625,{},,406.0,BTCUSDT,2024-05-22 05:00:00,BTCUSDT,69898.12,0.010196,REDUCE_LONG,800.00731,0.0,0.0,0.0,800.00731,0.0,0.0,0.0,2.876125,2.876125,1.0,2.876125,True,True
2024-05-22 06:00:00,69898.12,70059.89,69784.47,69854.08,664.56086,0.0001,76,3.706714,0.0,trending,,823.934269,0.287732,0.082939,False,,823.934269,0.287732,823.934269,,trending,0.830588,{},,407.0,BTCUSDT,2024-05-22 06:00:00,,,,,800.00731,0.0,0.0,0.0,800.00731,0.0,0.0,0.0,3.706714,3.706714,1.0,3.706714,True,False
2024-05-22 07:00:00,69854.08,69889.07,69587.62,69715.0,795.04273,0.0001,76,6.933368,0.0,trending,,823.462256,0.287324,0.406013,True,True,823.12792,0.693212,823.462256,,trending,3.226654,{},,408.0,BTCUSDT,2024-05-22 07:00:00,BTCUSDT,69715.0,0.004796,LONG,800.00731,0.0,0.0,0.0,800.00731,0.0,0.0,0.0,6.933368,6.933368,1.0,6.933368,True,True
2024-05-22 08:00:00,69715.0,70200.0,69636.01,70010.27,1162.16801,0.000158,76,-1.161982,0.0,trending,,825.544642,0.69411,-0.810309,True,True,824.875696,-0.116292,825.544642,,trending,-8.09535,{},,409.0,BTCUSDT,2024-05-22 08:00:00,BTCUSDT,70010.27,0.00137,SHORT,800.00731,0.0,0.0,0.0,800.00731,0.0,0.0,0.0,-1.161982,-1.161982,1.0,-1.161982,True,True
2024-05-22 09:00:00,70010.26,70087.1,69837.45,69987.44,558.49645,0.000158,76,-0.514525,0.0,trending,,824.906977,-0.11625,0.064798,False,,824.906977,-0.11625,824.906977,,trending,0.647456,{},,410.0,BTCUSDT,2024-05-22 09:00:00,,,,,800.00731,0.0,0.0,0.0,800.00731,0.0,0.0,0.0,-0.514525,-0.514525,1.0,-0.514525,True,False
2024-05-22 10:00:00,69987.45,70233.0,69928.05,70190.0,716.52513,0.000158,76,-6.087513,0.0,trending,,824.629433,-0.116626,-0.492126,True,True,824.223612,-0.609051,824.629433,,trending,-5.572988,{},,411.0,BTCUSDT,2024-05-22 10:00:00,BTCUSDT,70190.0,0.005782,SHORT,800.00731,0.0,0.0,0.0,800.00731,0.0,0.0,0.0,-6.087513,-6.087513,1.0,-6.087513,True,True
2024-05-22 11:00:00,70190.0,70275.14,69736.13,69736.13,901.76594,0.000158,76,7.256622,0.0,trending,,827.46966,-0.602739,1.328401,True,True,826.369949,0.725901,827.46966,,trending,13.344135,{},,412.0,BTCUSDT,2024-05-22 11:00:00,BTCUSDT,69736.13,0.008611,LONG,800.00731,0.0,0.0,0.0,800.00731,0.0,0.0,0.0,7.256622,7.256622,1.0,7.256622,True,True
2024-05-22 12:00:00,69736.14,70093.34,69505.65,69643.88,1403.77741,0.000158,76,9.230267,0.0,trending,,825.576424,0.725638,0.197389,False,,825.576424,0.725638,825.576424,,trending,1.973645,{},,413.0,BTCUSDT,2024-05-22 12:00:00,,,,,800.00731,0.0,0.0,0.0,800.00731,0.0,0.0,0.0,9.230267,9.230267,1.0,9.230267,True,False
2024-05-22 13:00:00,69643.88,69892.63,69436.63,69586.87,1317.24639,0.000158,76,9.907987,0.0,trending,,825.08603,0.725475,0.265324,True,True,824.867115,0.990796,825.08603,,trending,0.67772,{},,414.0,BTCUSDT,2024-05-22 13:00:00,BTCUSDT,69586.87,0.003146,LONG,800.00731,0.0,0.0,0.0,800.00731,0.0,0.0,0.0,9.907987,9.907987,1.0,9.907987,True,True
2024-05-22 14:00:00,69586.88,70180.0,69435.3,70114.63,1967.29937,0.000158,76,-5.821399,0.0,trending,,831.065486,0.990865,-1.573005,True,True,829.758216,-0.583057,831.065486,,trending,-15.729386,{},,415.0,BTCUSDT,2024-05-22 14:00:00,BTCUSDT,70114.63,0.0069,SHORT,800.00731,0.0,0.0,0.0,800.00731,0.0,0.0,0.0,-5.821399,-5.821399,1.0,-5.821399,True,True
2024-05-22 15:00:00,70114.63,70591.0,69922.37,70455.9,1427.109,0.000158,76,-14.824094,0.0,trending,,827.403426,-0.587562,-0.894847,True,True,826.663027,-1.483737,827.403426,,trending,-9.002695,{},,416.0,BTCUSDT,2024-05-22 15:00:00,BTCUSDT,70455.9,0.010509,SHORT,800.00731,0.0,0.0,0.0,800.00731,0.0,0.0,0.0,-14.824094,-14.824094,1.0,-14.824094,True,True
2024-05-22 16:00:00,70455.89,70666.0,70179.58,70229.88,1054.42271,0.0001,76,-7.160778,0.0,trending,,830.597757,-1.471971,0.755893,True,True,829.969286,-0.71662,830.597757,,trending,7.663316,{},,417.0,BTCUSDT,2024-05-22 16:00:00,BTCUSDT,70229.88,0.00894,REDUCE_SHORT,800.00731,0.0,0.0,0.0,800.00731,0.0,0.0,0.0,-7.160778,-7.160778,1.0,-7.160778,True,True
2024-05-22 17:00:00,70229.87,70459.91,69669.19,69863.52,1661.38521,0.0001,76,3.570288,0.0,trending,,833.071966,-0.710227,1.067256,True,True,832.182273,0.357053,833.071966,,trending,10.731066,{},,418.0,BTCUSDT,2024-05-22 17:00:00,BTCUSDT,69863.52,0.004257,LONG,800.00731,0.0,0.0,0.0,800.00731,0.0,0.0,0.0,3.570288,3.570288,1.0,3.570288,True,True
2024-05-22 18:00:00,69863.52,69901.66,69228.64,69574.6,2501.11282,0.0001,76,10.703407,0.0,trending,,830.953481,0.356102,0.714238,True,True,830.359983,1.070391,830.953481,,trending,7.133119,{},,419.0,BTCUSDT,2024-05-22 18:00:00,BTCUSDT,69574.6,0.00853,LONG,800.00731,0.0,0.0,0.0,800.00731,0.0,0.0,0.0,10.703407,10.703407,1.0,10.703407,True,True
2024-05-22 19:00:00,69574.6,69800.91,69453.13,69637.47,1056.97871,0.0001,76,7.984458,0.0,trending,,831.163142,1.070323,-0.271877,True,True,830.937167,0.798663,831.163142,,trending,-2.718949,{},,420.0,BTCUSDT,2024-05-22 19:00:00,BTCUSDT,69637.47,0.003245,REDUCE_LONG,800.00731,0.0,0.0,0.0,800.00731,0.0,0.0,0.0,7.984458,7.984458,1.0,7.984458,True,True
2024-05-22 20:00:00,69637.48,69976.0,69397.25,69442.01,1467.75371,0.0001,76,11.839047,0.0,trending,,829.074451,0.798211,0.385694,True,True,828.754682,1.183976,829.074451,,trending,3.854588,{},,421.0,BTCUSDT,2024-05-22 20:00:00,BTCUSDT,69442.01,0.004605,LONG,800.00731,0.0,0.0,0.0,800.00731,0.0,0.0,0.0,11.839047,11.839047,1.0,11.839047,True,True
2024-05-22 21:00:00,69442.02,69665.61,68842.19,69497.77,1531.11044,0.0001,76,8.757466,0.0,trending,,829.542579,1.183801,-0.308054,True,True,829.287035,0.876016,829.542579,,trending,-3.081581,{},,422.0,BTCUSDT,2024-05-22 21:00:00,BTCUSDT,69497.77,0.003677,REDUCE_LONG,800.00731,0.0,0.0,0.0,800.00731,0.0,0.0,0.0,8.757466,8.757466,1.0,8.757466,True,True
2024-05-22 22:00:00,69497.77,69550.0,69054.01,69141.28,953.47919,0.0001,76,16.199336,0.0,trending,,825.560599,0.875457,0.744477,True,True,824.945989,1.620395,825.560599,,trending,7.44187,{},,423.0,BTCUSDT,2024-05-22 22:00:00,BTCUSDT,69141.28,0.008889,LONG,800.00731,0.0,0.0,0.0,800.00731,0.0,0.0,0.0,16.199336,16.199336,1.0,16.199336,True,True
2024-05-22 23:00:00,69141.28,69233.69,69023.56,69166.62,718.62115,0.0001,76,14.088846,0.0,trending,,825.435898,1.620027,-0.211143,True,True,825.261613,1.409182,825.435898,,trending,-2.11049,{},,424.0,BTCUSDT,2024-05-22 23:00:00,BTCUSDT,69166.62,0.00252,REDUCE_LONG,800.00731,0.0,0.0,0.0,800.00731,0.0,0.0,0.0,14.088846,14.088846,1.0,14.088846,True,True
2024-05-23 00:00:00,69166.62,69621.51,69166.61,69499.81,859.87459,0.0001,76,5.152911,0.0,trending,,830.863756,1.406423,-0.891132,True,True,830.123347,0.515751,830.863756,,trending,-8.935935,{},,425.0,BTCUSDT,2024-05-23 00:00:00,BTCUSDT,69499.81,0.010653,REDUCE_LONG,800.00731,0.0,0.0,0.0,800.00731,0.0,0.0,0.0,5.152911,5.152911,1.0,5.152911,True,True
2024-05-23 01:00:00,69499.81,69626.87,69260.15,69483.16,601.81364,0.0001,76,5.080425,0.0,trending,,830.020778,0.515691,-0.007648,False,,830.020778,0.515691,830.020778,,trending,-0.072485,{},,426.0,BTCUSDT,2024-05-23 01:00:00,,,,,800.00731,0.0,0.0,0.0,800.00731,0.0,0.0,0.0,5.080425,5.080425,1.0,5.080425,True,False
2024-05-23 02:00:00,69483.15,69562.0,69362.62,69505.86,441.81983,0.0001,76,4.075683,0.0,trending,,830.160616,0.515772,-0.108204,False,,830.160616,0.515772,830.160616,,trending,-1.004743,{},,427.0,BTCUSDT,2024-05-23 02:00:00,,,,,800.00731,0.0,0.0,0.0,800.00731,0.0,0.0,0.0,4.075683,4.075683,1.0,4.075683,True,False
2024-05-23 03:00:00,69505.85,69524.86,69311.76,69446.14,615.56921,0.0001,76,5.197979,0.0,trending,,829.792726,0.515558,0.00424,False,,829.792726,0.515558,829.792726,,trending,1.122296,{},,428.0,BTCUSDT,2024-05-23 03:00:00,,,,,800.00731,0.0,0.0,0.0,800.00731,0.0,0.0,0.0,5.197979,5.197979,1.0,5.197979,True,False
2024-05-23 04:00:00,69446.14,69590.0,69422.2,69550.01,663.29267,0.0001,76,2.224246,0.0,trending,,830.432591,0.515931,-0.293506,True,True,830.188854,0.22249,830.432591,,trending,-2.973733,{},,429.0,BTCUSDT,2024-05-23 04:00:00,BTCUSDT,69550.01,0.003504,REDUCE_LONG,800.00731,0.0,0.0,0.0,800.00731,0.0,0.0,0.0,2.224246,2.224246,1.0,2.224246,True,True
2024-05-23 05:00:00,69550.0,69562.04,69347.17,69478.89,540.94978,0.0001,76,3.86024,0.0,trending,,829.999976,0.222313,0.163711,False,,829.999976,0.222313,829.999976,,trending,1.635994,{},,430.0,BTCUSDT,2024-05-23 05:00:00,,,,,800.00731,0.0,0.0,0.0,800.00731,0.0,0.0,0.0,3.86024,3.86024,1.0,3.86024,True,False
2024-05-23 06:00:00,69478.89,69675.0,69382.73,69561.4,605.32347,0.0001,76,1.359395,0.0,trending,,830.219103,0.222518,-0.086579,False,,830.219103,0.222518,830.219103,,trending,-2.500844,{},,431.0,BTCUSDT,2024-05-23 06:00:00,,,,,800.00731,0.0,0.0,0.0,800.00731,0.0,0.0,0.0,1.359395,1.359395,1.0,1.359395,True,False
2024-05-23 07:00:00,69561.4,69862.44,69470.0,69734.04,831.73333,0.0001,76,-3.295306,0.0,trending,,830.677595,0.222947,-0.552478,True,True,830.218664,-0.329713,830.677595,,trending,-4.654701,{},,432.0,BTCUSDT,2024-05-23 07:00:00,BTCUSDT,69734.04,0.003925,SHORT,800.00731,0.0,0.0,0.0,800.00731,0.0,0.0,0.0,-3.295306,-3.295306,1.0,-3.295306,True,True
2024-05-23 08:00:00,69734.05,69849.94,69577.86,69687.99,628.7134,0.0001,76,-1.832257,0.0,trending,,830.399428,-0.329423,0.146198,False,,830.399428,-0.329423,830.399428,,trending,1.463048,{},,433.0,BTCUSDT,2024-05-23 08:00:00,,,,,800.00731,0.0,0.0,0.0,800.00731,0.0,0.0,0.0,-1.832257,-1.832257,1.0,-1.832257,True,False
2024-05-23 09:00:00,69687.99,69830.0,69580.9,69645.06,786.18312,0.0001,76,-0.498943,0.0,trending,,830.567945,-0.329154,0.279259,True,True,830.33577,-0.049908,830.567945,,trending,1.333315,{},,434.0,BTCUSDT,2024-05-23 09:00:00,BTCUSDT,69645.06,0.00333,REDUCE_SHORT,800.00731,0.0,0.0,0.0,800.00731,0.0,0.0,0.0,-0.498943,-0.498943,1.0,-0.498943,True,True
2024-05-23 10:00:00,69645.05,69794.92,69520.02,69537.21,713.54288,0.0001,76,2.706621,0.0,trending,,830.399943,-0.049827,0.320489,True,True,830.133767,0.270478,830.399943,,trending,3.205564,{},,435.0,BTCUSDT,2024-05-23 10:00:00,BTCUSDT,69537.21,0.003232,LONG,800.00731,0.0,0.0,0.0,800.00731,0.0,0.0,0.0,2.706621,2.706621,1.0,2.706621,True,True
2024-05-23 11:00:00,69537.22,70061.0,69537.21,69982.72,1592.64329,0.0001,76,-10.896823,0.0,trending,,831.572302,0.27174,-1.361422,True,True,830.440181,-1.091168,831.572302,,trending,-13.603444,{},,436.0,BTCUSDT,2024-05-23 11:00:00,BTCUSDT,69982.72,0.012948,SHORT,800.00731,0.0,0.0,0.0,800.00731,0.0,0.0,0.0,-10.896823,-10.896823,1.0,-10.896823,True,True
2024-05-23 12:00:00,69982.72,70096.12,68946.17,69428.53,2387.11342,0.0001,76,6.278275,0.0,trending,,837.615939,-1.073253,1.701081,True,True,836.190187,0.628269,837.615939,,trending,17.175098,{},,437.0,BTCUSDT,2024-05-23 12:00:00,BTCUSDT,69428.53,0.007574,LONG,800.00731,0.0,0.0,0.0,800.00731,0.0,0.0,0.0,6.278275,6.278275,1.0,6.278275,True,True
2024-05-23 13:00:00,69428.53,69558.07,67716.42,68036.14,5195.5074,0.0001,76,20.0,0.0,trending,,825.654237,0.623526,1.376474,True,True,824.517745,2.001378,825.654237,,trending,13.721725,{},,438.0,BTCUSDT,2024-05-23 13:00:00,BTCUSDT,68036.14,0.016704,LONG,800.00731,0.0,0.0,0.0,800.00731,0.0,0.0,0.0,24.0,24.0,1.0,24.0,True,True
2024-05-23 14:00:00,68036.14,68345.39,67610.95,67748.63,3287.23359,0.0001,76,20.0,0.0,trending,,817.544378,2.00992,-0.00992,False,,817.544378,2.00992,817.544378,,trending,0.0,{},,439.0,BTCUSDT,2024-05-23 14:00:00,,,,,800.00731,0.0,0.0,0.0,800.00731,0.0,0.0,0.0,24.0,24.0,1.0,24.0,True,False
2024-05-23 15:00:00,67748.62,68313.79,67709.84,68076.0,1910.00664,0.0001,76,20.0,0.0,trending,,825.484523,2.000206,-0.000206,False,,825.484523,2.000206,825.484523,,trending,0.0,{},,440.0,BTCUSDT,2024-05-23 15:00:00,,,,,800.00731,0.0,0.0,0.0,800.00731,0.0,0.0,0.0,24.0,24.0,1.0,24.0,True,False
2024-05-23 16:00:00,68075.99,68167.97,67799.3,67822.78,1012.38695,0.0001,76,20.0,0.0,trending,,819.342838,2.007703,-0.007703,False,,819.342838,2.007703,819.342838,,trending,0.0,{},,441.0,BTCUSDT,2024-05-23 16:00:00,,,,,800.00731,0.0,0.0,0.0,800.00731,0.0,0.0,0.0,24.0,24.0,1.0,24.0,True,False
2024-05-23 17:00:00,67822.78,68119.26,67618.98,67639.25,1108.81623,0.0001,76,20.0,0.0,trending,,814.891438,2.013208,-0.013208,False,,814.891438,2.013208,814.891438,,trending,0.0,{},,442.0,BTCUSDT,2024-05-23 17:00:00,,,,,800.00731,0.0,0.0,0.0,800.00731,0.0,0.0,0.0,24.0,24.0,1.0,24.0,True,False
2024-05-23 18:00:00,67639.25,67684.36,66764.7,67393.06,3242.57711,0.0001,76,20.0,0.0,trending,,808.920261,2.020687,-0.020687,False,,808.920261,2.020687,808.920261,,trending,0.0,{},,443.0,BTCUSDT,2024-05-23 18:00:00,,,,,800.00731,0.0,0.0,0.0,800.00731,0.0,0.0,0.0,24.0,24.0,1.0,24.0,True,False
2024-05-23 19:00:00,67393.05,67690.0,67110.18,67199.98,1507.43481,0.0001,76,20.0,0.0,trending,,804.237232,2.02663,-0.02663,False,,804.237232,2.02663,804.237232,,trending,0.0,{},,444.0,BTCUSDT,2024-05-23 19:00:00,,,,,800.00731,0.0,0.0,0.0,800.00731,0.0,0.0,0.0,24.0,24.0,1.0,24.0,True,False
2024-05-23 20:00:00,67199.98,67952.39,66312.16,67802.89,4844.87833,0.0001,76,17.421234,0.0,trending,,818.860419,2.008297,-0.266173,True,True,818.64246,1.742587,818.860419,,trending,-2.578766,{},,445.0,BTCUSDT,2024-05-23 20:00:00,BTCUSDT,67802.89,0.003215,REDUCE_LONG,800.00731,0.0,0.0,0.0,800.00731,0.0,0.0,0.0,17.421234,17.421234,1.0,17.421234,True,True
2024-05-23 21:00:00,67802.89,68365.81,66958.4,67992.77,5227.80843,0.0001,76,10.802976,0.0,trending,,822.637488,1.738981,-0.658683,True,True,822.095631,1.08101,822.637488,,trending,-6.618259,{},,446.0,BTCUSDT,2024-05-23 21:00:00,BTCUSDT,67992.77,0.007969,REDUCE_LONG,800.00731,0.0,0.0,0.0,800.00731,0.0,0.0,0.0,10.802976,10.802976,1.0,10.802976,True,True
2024-05-23 22:00:00,67992.78,67999.98,67540.0,67686.47,935.26003,0.0001,76,15.345856,0.0,trending,,818.092164,1.081406,0.45318,True,True,817.721422,1.534828,818.092164,,trending,4.542881,{},,447.0,BTCUSDT,2024-05-23 22:00:00,BTCUSDT,67686.47,0.005477,LONG,800.00731,0.0,0.0,0.0,800.00731,0.0,0.0,0.0,15.345856,15.345856,1.0,15.345856,True,True
2024-05-23 23:00:00,67686.48,67994.1,67480.0,67969.65,972.69159,0.0001,76,8.352964,0.0,trending,,822.972226,1.531416,-0.696119,True,True,822.399339,0.835878,822.972226,,trending,-6.992892,{},,448.0,BTCUSDT,2024-05-23 23:00:00,BTCUSDT,67969.65,0.008429,REDUCE_LONG,800.00731,0.0,0.0,0.0,800.00731,0.0,0.0,0.0,8.352964,8.352964,1.0,8.352964,True,True
2024-05-24 00:00:00,67969.66,68000.0,67628.01,67852.0,1148.17033,0.0001,74,9.573902,0.0,trending,,821.20946,0.83564,0.12175,False,,821.20946,0.83564,821.20946,,trending,1.220938,{},,449.0,BTCUSDT,2024-05-24 00:00:00,,,,,800.00731,0.0,0.0,0.0,800.00731,0.0,0.0,0.0,9.573902,9.573902,1.0,9.573902,True,False
2024-05-24 01:00:00,67851.99,67852.0,67657.55,67742.01,587.94989,0.0001,74,10.67202,0.0,trending,,820.097053,0.835418,0.231784,True,True,819.906967,1.067218,820.097053,,trending,1.098118,{},,450.0,BTCUSDT,2024-05-24 01:00:00,BTCUSDT,67742.01,0.002806,LONG,800.00731,0.0,0.0,0.0,800.00731,0.0,0.0,0.0,10.67202,10.67202,1.0,10.67202,True,True
2024-05-24 02:00:00,67742.01,68000.95,67634.15,67978.37,868.04952,0.0001,74,5.335159,0.0,trending,,822.960014,1.066968,-0.533452,True,True,822.521004,0.533801,822.960014,,trending,-5.336861,{},,451.0,BTCUSDT,2024-05-24 02:00:00,BTCUSDT,67978.37,0.006458,REDUCE_LONG,800.00731,0.0,0.0,0.0,800.00731,0.0,0.0,0.0,5.335159,5.335159,1.0,5.335159,True,True
2024-05-24 03:00:00,67978.38,68017.56,67822.05,67891.83,923.24161,0.0001,74,6.484766,0.0,trending,,821.962055,0.533484,0.114993,False,,821.962055,0.533484,821.962055,,trending,1.149607,{},,452.0,BTCUSDT,2024-05-24 03:00:00,,,,,800.00731,0.0,0.0,0.0,800.00731,0.0,0.0,0.0,6.484766,6.484766,1.0,6.484766,True,False
2024-05-24 04:00:00,67891.83,67922.79,67651.04,67708.23,968.40971,0.0001,74,9.231206,0.0,trending,,820.776209,0.53281,0.390311,True,True,820.455851,0.923091,820.776209,,trending,2.74644,{},,453.0,BTCUSDT,2024-05-24 04:00:00,BTCUSDT,67708.23,0.004731,LONG,800.00731,0.0,0.0,0.0,800.00731,0.0,0.0,0.0,9.231206,9.231206,1.0,9.231206,True,True
2024-05-24 05:00:00,67708.23,67708.23,67080.99,67299.99,1412.81067,0.0001,74,15.389822,0.0,trending,,815.889455,0.92266,0.616322,True,True,815.386604,1.539315,815.889455,,trending,6.158616,{},,454.0,BTCUSDT,2024-05-24 05:00:00,BTCUSDT,67299.99,0.007472,LONG,800.00731,0.0,0.0,0.0,800.00731,0.0,0.0,0.0,15.389822,15.389822,1.0,15.389822,True,True
2024-05-24 06:00:00,67299.99,67603.6,66816.21,66887.01,2121.9338,0.0001,74,20.0,0.0,trending,,807.684578,1.544457,0.455543,True,True,807.316644,2.000456,807.684578,,trending,4.610178,{},,455.0,BTCUSDT,2024-05-24 06:00:00,BTCUSDT,66887.01,0.005501,LONG,800.00731,0.0,0.0,0.0,800.00731,0.0,0.0,0.0,20.503771,20.503771,1.0,20.503771,True,True
2024-05-24 07:00:00,66887.01,67311.54,66828.23,67155.93,1407.32671,0.0001,74,13.976292,0.0,trending,,813.809775,1.992473,-0.594844,True,True,813.325685,1.398461,813.809775,,trending,-6.023708,{},,456.0,BTCUSDT,2024-05-24 07:00:00,BTCUSDT,67155.93,0.007208,REDUCE_LONG,800.00731,0.0,0.0,0.0,800.00731,0.0,0.0,0.0,13.976292,13.976292,1.0,13.976292,True,True
2024-05-24 08:00:00,67155.93,67228.84,66600.12,67190.15,1338.28785,0.0001,74,12.521845,0.0,trending,,813.905261,1.398177,-0.145993,False,,813.905261,1.398177,813.905261,,trending,-1.454447,{},,457.0,BTCUSDT,2024-05-24 08:00:00,,,,,800.00731,0.0,0.0,0.0,800.00731,0.0,0.0,0.0,12.521845,12.521845,1.0,12.521845,True,False
2024-05-24 09:00:00,67190.15,67449.36,67039.52,67375.26,855.22355,0.0001,74,8.972156,0.0,trending,,817.040426,1.396649,-0.499434,True,True,816.632368,0.897664,817.040426,,trending,-3.549689,{},,458.0,BTCUSDT,2024-05-24 09:00:00,BTCUSDT,67375.26,0.006056,REDUCE_LONG,800.00731,0.0,0.0,0.0,800.00731,0.0,0.0,0.0,8.972156,8.972156,1.0,8.972156,True,True
2024-05-24 10:00:00,67375.25,67523.78,67311.12,67353.43,586.83531,0.0001,74,8.940842,0.0,trending,,816.394852,0.897634,-0.00355,False,,816.394852,0.897634,816.394852,,trending,-0.031314,{},,459.0,BTCUSDT,2024-05-24 10:00:00,,,,,800.00731,0.0,0.0,0.0,800.00731,0.0,0.0,0.0,8.940842,8.940842,1.0,8.940842,True,False
2024-05-24 11:00:00,67353.43,67472.89,67277.58,67349.99,702.98193,0.0001,74,8.460734,0.0,trending,,816.357424,0.89763,-0.051556,False,,816.357424,0.89763,816.357424,,trending,-0.480108,{},,460.0,BTCUSDT,2024-05-24 11:00:00,,,,,800.00731,0.0,0.0,0.0,800.00731,0.0,0.0,0.0,8.460734,8.460734,1.0,8.460734,True,False
2024-05-24 12:00:00,67350.0,67571.81,67343.0,67490.0,742.5684,0.0001,74,4.680071,0.0,trending,,817.880771,0.89782,-0.429813,True,True,817.529235,0.468208,817.880771,,trending,-3.780663,{},,461.0,BTCUSDT,2024-05-24 12:00:00,BTCUSDT,67490.0,0.005209,REDUCE_LONG,800.00731,0.0,0.0,0.0,800.00731,0.0,0.0,0.0,4.680071,4.680071,1.0,4.680071,True,True
2024-05-24 13:00:00,67490.0,67607.0,66921.97,67077.12,2224.97911,0.0001,74,13.074521,0.0,trending,,815.187559,0.466681,0.840771,True,True,814.502173,1.307711,815.187559,,trending,8.39445,{},,462.0,BTCUSDT,2024-05-24 13:00:00,BTCUSDT,67077.12,0.010218,LONG,800.00731,0.0,0.0,0.0,800.00731,0.0,0.0,0.0,13.074521,13.074521,1.0,13.074521,True,True
2024-05-24 14:00:00,67077.12,68031.62,67000.0,67869.48,2203.5663,0.0001,74,-5.217917,0.0,trending,,827.084242,1.30303,-1.824821,True,True,825.574961,-0.522746,827.084242,,trending,-18.292438,{},,463.0,BTCUSDT,2024-05-24 14:00:00,BTCUSDT,67869.48,0.006359,SHORT,800.00731,0.0,0.0,0.0,800.00731,0.0,0.0,0.0,-5.217917,-5.217917,1.0,-5.217917,True,True
2024-05-24 15:00:00,67869.49,68420.0,67869.48,68326.46,2033.08888,0.0001,74,-14.522717,0.0,trending,,822.669135,-0.528124,-0.924147,True,True,821.908868,-1.453615,822.669135,,trending,-9.3048,{},,464.0,BTCUSDT,2024-05-24 15:00:00,BTCUSDT,68326.46,0.011127,SHORT,800.00731,0.0,0.0,0.0,800.00731,0.0,0.0,0.0,-14.522717,-14.522717,1.0,-14.522717,True,True
2024-05-24 16:00:00,68326.46,68473.85,67924.39,68394.33,1656.06613,0.0001,74,-16.158435,0.0,trending,,820.72211,-1.457163,-0.15868,False,,820.72211,-1.457163,820.72211,,trending,-1.635717,{},,465.0,BTCUSDT,2024-05-24 16:00:00,,,,,800.00731,0.0,0.0,0.0,800.00731,0.0,0.0,0.0,-16.158435,-16.158435,1.0,-16.158435,True,False
2024-05-24 17:00:00,68394.32,68931.31,68394.32,68919.02,1870.85195,0.0001,74,-20.0,0.0,trending,,811.547514,-1.484941,-0.515059,True,True,811.129519,-2.001031,811.547514,,trending,-3.841565,{},,466.0,BTCUSDT,2024-05-24 17:00:00,BTCUSDT,68919.02,0.006065,SHORT,800.00731,0.0,0.0,0.0,800.00731,0.0,0.0,0.0,-24.0,-24.0,1.0,-24.0,True,True
2024-05-24 18:00:00,68919.02,69220.0,68840.0,68970.43,1735.97362,0.0001,74,-20.0,0.0,trending,,809.918775,-2.005517,0.005517,False,,809.918775,-2.005517,809.918775,,trending,0.0,{},,467.0,BTCUSDT,2024-05-24 18:00:00,,,,,800.00731,0.0,0.0,0.0,800.00731,0.0,0.0,0.0,-24.0,-24.0,1.0,-24.0,True,False
2024-05-24 19:00:00,68970.43,69250.0,68738.33,69115.98,861.38775,0.0001,74,-20.0,0.0,trending,,806.490962,-2.018291,0.018291,False,,806.490962,-2.018291,806.490962,,trending,0.0,{},,468.0,BTCUSDT,2024-05-24 19:00:00,,,,,800.00731,0.0,0.0,0.0,800.00731,0.0,0.0,0.0,-24.0,-24.0,1.0,-24.0,True,False
2024-05-24 20:00:00,69115.98,69214.0,68836.96,68836.96,700.24049,0.0001,74,-19.351795,0.0,trending,,813.062094,-1.993897,0.058718,False,,813.062094,-1.993897,813.062094,,trending,0.648205,{},,469.0,BTCUSDT,2024-05-24 20:00:00,,,,,800.00731,0.0,0.0,0.0,800.00731,0.0,0.0,0.0,-19.351795,-19.351795,1.0,-19.351795,True,False
2024-05-24 21:00:00,68836.96,68995.77,68800.0,68876.0,401.77374,0.0001,74,-18.527262,0.0,trending,,812.142673,-1.997287,0.144561,False,,812.142673,-1.997287,812.142673,,trending,0.824533,{},,470.0,BTCUSDT,2024-05-24 21:00:00,,,,,800.00731,0.0,0.0,0.0,800.00731,0.0,0.0,0.0,-18.527262,-18.527262,1.0,-18.527262,True,False
2024-05-24 22:00:00,68875.99,68876.0,68674.39,68787.99,320.29512,0.0001,74,-14.724724,0.0,trending,,814.215375,-1.989657,0.517184,True,True,813.793854,-1.473235,814.215375,,trending,3.802537,{},,471.0,BTCUSDT,2024-05-24 22:00:00,BTCUSDT,68787.99,0.006122,REDUCE_SHORT,800.00731,0.0,0.0,0.0,800.00731,0.0,0.0,0.0,-14.724724,-14.724724,1.0,-14.724724,True,True
2024-05-24 23:00:00,68788.0,68788.0,68524.94,68549.99,423.82427,0.0001,74,-6.932862,0.0,trending,,817.941969,-1.460692,0.767406,True,True,817.313647,-0.693819,817.941969,,trending,7.791862,{},,472.0,BTCUSDT,2024-05-24 23:00:00,BTCUSDT,68549.99,0.009157,REDUCE_SHORT,800.00731,0.0,0.0,0.0,800.00731,0.0,0.0,0.0,-6.932862,-6.932862,1.0,-6.932862,True,True
2024-05-25 00:00:00,68549.99,68679.48,68500.0,68530.89,353.66198,0.0001,76,-5.82663,0.0,trending,,817.471648,-0.693492,0.110829,False,,817.471648,-0.693492,817.471648,,trending,1.106232,{},,473.0,BTCUSDT,2024-05-25 00:00:00,,,,,800.00731,0.0,0.0,0.0,800.00731,0.0,0.0,0.0,-5.82663,-5.82663,1.0,-5.82663,True,False
2024-05-25 01:00:00,68530.88,68700.38,68530.88,68613.46,366.55813,0.0001,76,-7.875498,0.0,trending,,816.788603,-0.694908,-0.092642,False,,816.788603,-0.694908,816.788603,,trending,-2.048868,{},,474.0,BTCUSDT,2024-05-25 01:00:00,,,,,800.00731,0.0,0.0,0.0,800.00731,0.0,0.0,0.0,-7.875498,-7.875498,1.0,-7.875498,True,False
2024-05-25 02:00:00,68613.45,68830.0,68606.1,68817.22,381.53499,0.0001,76,-13.760623,0.0,trending,,815.103033,-0.698413,-0.677649,True,True,814.550679,-1.376995,815.103033,,trending,-5.885125,{},,475.0,BTCUSDT,2024-05-25 02:00:00,BTCUSDT,68817.22,0.008026,SHORT,800.00731,0.0,0.0,0.0,800.00731,0.0,0.0,0.0,-13.760623,-13.760623,1.0,-13.760623,True,True
2024-05-25 03:00:00,68817.22,68910.0,68652.59,68757.85,539.87073,0.0001,76,-10.972028,0.0,trending,,815.518334,-1.374175,0.276972,True,True,815.292232,-1.097507,815.518334,,trending,2.788595,{},,476.0,BTCUSDT,2024-05-25 03:00:00,BTCUSDT,68757.85,0.003285,REDUCE_SHORT,800.00731,0.0,0.0,0.0,800.00731,0.0,0.0,0.0,-10.972028,-10.972028,1.0,-10.972028,True,True
2024-05-25 04:00:00,68757.84,68831.88,68688.0,68784.37,458.7946,0.0001,76,-11.462149,0.0,trending,,814.947111,-1.098395,-0.04782,False,,814.947111,-1.098395,814.947111,,trending,-0.490121,{},,477.0,BTCUSDT,2024-05-25 04:00:00,,,,,800.00731,0.0,0.0,0.0,800.00731,0.0,0.0,0.0,-11.462149,-11.462149,1.0,-11.462149,True,False
2024-05-25 05:00:00,68784.37,68808.0,68696.0,68718.21,260.60587,0.0001,76,-8.532924,0.0,trending,,815.808092,-1.096181,0.242888,True,True,815.609744,-0.8535,815.808092,,trending,2.929226,{},,478.0,BTCUSDT,2024-05-25 05:00:00,BTCUSDT,68718.21,0.002884,REDUCE_SHORT,800.00731,0.0,0.0,0.0,800.00731,0.0,0.0,0.0,-8.532924,-8.532924,1.0,-8.532924,True,True
2024-05-25 06:00:00,68718.21,68746.4,68615.56,68660.4,373.11777,0.0001,76,-5.797051,0.0,trending,,816.195365,-0.85217,0.272465,True,True,815.972758,-0.579863,816.195365,,trending,2.735873,{},,479.0,BTCUSDT,2024-05-25 06:00:00,BTCUSDT,68660.4,0.003239,REDUCE_SHORT,800.00731,0.0,0.0,0.0,800.00731,0.0,0.0,0.0,-5.797051,-5.797051,1.0,-5.797051,True,True
2024-05-25 07:00:00,68660.39,68811.89,68639.69,68753.92,326.34283,0.0001,76,-8.532222,0.0,trending,,815.328293,-0.581112,-0.27211,True,True,815.106434,-0.853454,815.328293,,trending,-2.735171,{},,480.0,BTCUSDT,2024-05-25 07:00:00,BTCUSDT,68753.92,0.003227,SHORT,800.00731,0.0,0.0,0.0,800.00731,0.0,0.0,0.0,-8.532222,-8.532222,1.0,-8.532222,True,True
2024-05-25 08:00:00,68753.93,69059.35,68749.2,68876.69,621.21878,0.0001,76,-11.872056,0.0,trending,,813.86424,-0.856283,-0.330922,True,True,813.594914,-1.187599,813.86424,,trending,-3.339834,{},,481.0,BTCUSDT,2024-05-25 08:00:00,BTCUSDT,68876.69,0.00391,SHORT,800.00731,0.0,0.0,0.0,800.00731,0.0,0.0,0.0,-11.872056,-11.872056,1.0,-11.872056,True,True
2024-05-25 09:00:00,68876.69,69156.28,68850.0,69095.27,540.31615,0.0001,76,-19.343806,0.0,trending,,810.528604,-1.195874,-0.738506,True,True,809.930024,-1.93581,810.528604,,trending,-7.47175,{},,482.0,BTCUSDT,2024-05-25 09:00:00,BTCUSDT,69095.27,0.008663,SHORT,800.00731,0.0,0.0,0.0,800.00731,0.0,0.0,0.0,-19.343806,-19.343806,1.0,-19.343806,True,True
2024-05-25 10:00:00,69095.27,69453.57,69025.87,69387.99,768.8976,0.0001,76,-20.0,0.0,trending,,803.287787,-1.960086,-0.039914,False,,803.287787,-1.960086,803.287787,,trending,-0.656194,{},,483.0,BTCUSDT,2024-05-25 10:00:00,,,,,800.00731,0.0,0.0,0.0,800.00731,0.0,0.0,0.0,-24.0,-24.0,1.0,-24.0,True,False
2024-05-25 11:00:00,69388.0,69610.0,69104.67,69104.67,1143.62136,0.0001,76,-16.812221,0.0,trending,,809.716724,-1.936584,0.255361,True,True,809.509747,-1.681652,809.716724,,trending,3.187779,{},,484.0,BTCUSDT,2024-05-25 11:00:00,BTCUSDT,69104.67,0.002992,REDUCE_SHORT,800.00731,0.0,0.0,0.0,800.00731,0.0,0.0,0.0,-16.812221,-16.812221,1.0,-16.812221,True,True
2024-05-25 12:00:00,69104.68,69299.99,69018.56,69116.3,899.32763,0.0001,76,-16.421521,0.0,trending,,809.280644,-1.682411,0.040259,False,,809.280644,-1.682411,809.280644,,trending,0.3907,{},,485.0,BTCUSDT,2024-05-25 12:00:00,,,,,800.00731,0.0,0.0,0.0,800.00731,0.0,0.0,0.0,-16.421521,-16.421521,1.0,-16.421521,True,False
2024-05-25 13:00:00,69116.31,69240.77,68882.43,69025.98,1120.61802,0.0001,76,-11.382873,0.0,trending,,811.059885,-1.676527,0.538239,True,True,810.622903,-1.138901,811.059885,,trending,5.038648,{},,486.0,BTCUSDT,2024-05-25 13:00:00,BTCUSDT,69025.98,0.006324,REDUCE_SHORT,800.00731,0.0,0.0,0.0,800.00731,0.0,0.0,0.0,-11.382873,-11.382873,1.0,-11.382873,True,True
2024-05-25 14:00:00,69025.99,69088.67,68958.0,69021.65,634.18253,0.0001,76,-10.588448,0.0,trending,,810.680817,-1.138748,0.079903,False,,810.680817,-1.138748,810.680817,,trending,0.794425,{},,487.0,BTCUSDT,2024-05-25 14:00:00,,,,,800.00731,0.0,0.0,0.0,800.00731,0.0,0.0,0.0,-10.588448,-10.588448,1.0,-10.588448,True,False
2024-05-25 15:00:00,69021.65,69212.58,68847.65,68930.4,707.55312,0.0001,76,-5.547936,0.0,trending,,811.901281,-1.135533,0.580739,True,True,811.429306,-0.555116,811.901281,,trending,5.040512,{},,488.0,BTCUSDT,2024-05-25 15:00:00,BTCUSDT,68930.4,0.00684,REDUCE_SHORT,800.00731,0.0,0.0,0.0,800.00731,0.0,0.0,0.0,-5.547936,-5.547936,1.0,-5.547936,True,True
2024-05-25 16:00:00,68930.39,69044.0,68849.5,68936.62,490.68142,0.0001,76,-5.50992,0.0,trending,,811.388661,-0.555194,0.004202,False,,811.388661,-0.555194,811.388661,,trending,0.038016,{},,489.0,BTCUSDT,2024-05-25 16:00:00,,,,,800.00731,0.0,0.0,0.0,800.00731,0.0,0.0,0.0,-5.50992,-5.50992,1.0,-5.50992,True,False
2024-05-25 17:00:00,68936.61,69100.0,68925.0,69065.14,335.57693,0.0001,76,-11.323839,0.0,trending,,810.548824,-0.556806,-0.575578,True,True,810.08229,-1.133036,810.548824,,trending,-5.813919,{},,490.0,BTCUSDT,2024-05-25 17:00:00,BTCUSDT,69065.14,0.006755,SHORT,800.00731,0.0,0.0,0.0,800.00731,0.0,0.0,0.0,-11.323839,-11.323839,1.0,-11.323839,True,True
2024-05-25 18:00:00,69065.15,69234.0,69065.14,69213.2,373.59442,0.0001,76,-17.641183,0.0,trending,,808.114622,-1.13823,-0.625889,True,True,807.608833,-1.765223,808.114622,,trending,-6.317344,{},,491.0,BTCUSDT,2024-05-25 18:00:00,BTCUSDT,69213.2,0.007308,SHORT,800.00731,0.0,0.0,0.0,800.00731,0.0,0.0,0.0,-17.641183,-17.641183,1.0,-17.641183,True,True
2024-05-25 19:00:00,69213.2,69266.66,69115.94,69155.32,260.44168,0.0001,76,-13.40568,0.0,trending,,808.801008,-1.761147,0.420579,True,True,808.460503,-1.341133,808.801008,,trending,4.235503,{},,492.0,BTCUSDT,2024-05-25 19:00:00,BTCUSDT,69155.32,0.004919,REDUCE_SHORT,800.00731,0.0,0.0,0.0,800.00731,0.0,0.0,0.0,-13.40568,-13.40568,1.0,-13.40568,True,True
2024-05-25 20:00:00,69155.32,69221.39,69071.47,69100.01,228.03497,0.0001,76,-9.385537,0.0,trending,,809.327682,-1.338624,0.40007,True,True,809.00357,-0.93893,809.327682,,trending,4.020143,{},,493.0,BTCUSDT,2024-05-25 20:00:00,BTCUSDT,69100.01,0.004686,REDUCE_SHORT,800.00731,0.0,0.0,0.0,800.00731,0.0,0.0,0.0,-9.385537,-9.385537,1.0,-9.385537,True,True
2024-05-25 21:00:00,69100.0,69170.72,69050.01,69139.01,232.82685,0.0001,76,-10.588648,0.0,trending,,808.574853,-0.939958,-0.118907,False,,808.574853,-0.939958,808.574853,,trending,-1.203112,{},,494.0,BTCUSDT,2024-05-25 21:00:00,,,,,800.00731,0.0,0.0,0.0,800.00731,0.0,0.0,0.0,-10.588648,-10.588648,1.0,-10.588648,True,False
2024-05-25 22:00:00,69139.02,69159.54,69050.95,69129.0,237.31364,0.0001,76,-9.293428,0.0,trending,,808.68489,-0.939694,0.010351,False,,808.68489,-0.939694,808.68489,,trending,1.29522,{},,495.0,BTCUSDT,2024-05-25 22:00:00,,,,,800.00731,0.0,0.0,0.0,800.00731,0.0,0.0,0.0,-9.293428,-9.293428,1.0,-9.293428,True,False
2024-05-25 23:00:00,69128.99,69356.6,69128.99,69290.57,475.70218,0.0001,76,-17.050515,0.0,trending,,806.908796,-0.943963,-0.761088,True,True,806.294667,-1.70635,806.908796,,trending,-7.757087,{},,496.0,BTCUSDT,2024-05-25 23:00:00,BTCUSDT,69290.57,0.008863,SHORT,800.00731,0.0,0.0,0.0,800.00731,0.0,0.0,0.0,-17.050515,-17.050515,1.0,-17.050515,True,True
2024-05-26 00:00:00,69290.56,69319.31,69151.5,69156.0,318.21323,0.0001,75,-8.231259,0.0,trending,,808.966664,-1.697411,0.874285,True,True,808.258689,-0.823847,808.966664,,trending,8.819256,{},,497.0,BTCUSDT,2024-05-26 00:00:00,BTCUSDT,69156.0,0.010227,REDUCE_SHORT,800.00731,0.0,0.0,0.0,800.00731,0.0,0.0,0.0,-8.231259,-8.231259,1.0,-8.231259,True,True
2024-05-26 01:00:00,69156.01,69256.09,69156.0,69161.44,244.61402,0.0001,75,-7.755174,0.0,trending,,808.206309,-0.823965,0.048448,False,,808.206309,-0.823965,808.206309,,trending,0.476086,{},,498.0,BTCUSDT,2024-05-26 01:00:00,,,,,800.00731,0.0,0.0,0.0,800.00731,0.0,0.0,0.0,-7.755174,-7.755174,1.0,-7.755174,True,False
2024-05-26 02:00:00,69161.44,69176.91,68808.37,68904.01,573.34301,0.0001,75,6.299948,0.0,trending,,810.685022,-0.818388,1.448383,True,True,809.510175,0.630278,810.685022,,trending,14.055121,{},,499.0,BTCUSDT,2024-05-26 02:00:00,BTCUSDT,68904.01,0.007412,LONG,800.00731,0.0,0.0,0.0,800.00731,0.0,0.0,0.0,6.299948,6.299948,1.0,6.299948,True,True
2024-05-26 03:00:00,68904.0,69137.84,68880.6,69073.62,467.99134,0.0001,75,-2.794699,0.0,trending,,810.766094,0.630851,-0.910321,True,True,810.028037,-0.279725,810.766094,,trending,-9.094647,{},,500.0,BTCUSDT,2024-05-26 03:00:00,BTCUSDT,69073.62,0.00328,SHORT,800.00731,0.0,0.0,0.0,800.00731,0.0,0.0,0.0,-2.794699,-2.794699,1.0,-2.794699,True,True
2024-05-26 04:00:00,69073.62,69073.62,68936.21,68974.0,270.48984,0.0001,75,2.49063,0.0,trending,,810.354824,-0.279209,0.528272,True,True,809.92651,0.248946,810.354824,,trending,5.28533,{},,501.0,BTCUSDT,2024-05-26 04:00:00,BTCUSDT,68974.0,0.002926,LONG,800.00731,0.0,0.0,0.0,800.00731,0.0,0.0,0.0,2.49063,2.49063,1.0,2.49063,True,True
2024-05-26 05:00:00,68973.99,69139.6,68928.22,69139.6,219.5414,0.0001,75,-6.373083,0.0,trending,,810.410598,0.249394,-0.886702,True,True,809.692005,-0.637874,810.410598,,trending,-8.863713,{},,502.0,BTCUSDT,2024-05-26 05:00:00,BTCUSDT,69139.6,0.00747,SHORT,800.00731,0.0,0.0,0.0,800.00731,0.0,0.0,0.0,-6.373083,-6.373083,1.0,-6.373083,True,True
2024-05-26 06:00:00,69139.59,69184.0,69052.0,69105.63,273.93522,0.0001,75,-4.260492,0.0,trending,,809.945765,-0.637361,0.211312,True,True,809.774443,-0.426139,809.945765,,trending,2.112591,{},,503.0,BTCUSDT,2024-05-26 06:00:00,BTCUSDT,69105.63,0.002477,REDUCE_SHORT,800.00731,0.0,0.0,0.0,800.00731,0.0,0.0,0.0,-4.260492,-4.260492,1.0,-4.260492,True,True
2024-05-26 07:00:00,69105.64,69435.36,69101.63,69340.15,620.9956,0.0001,75,-17.683539,0.0,trending,,808.603375,-0.428205,-1.340149,True,True,807.519726,-1.770727,808.603375,,trending,-13.423047,{},,504.0,BTCUSDT,2024-05-26 07:00:00,BTCUSDT,69340.15,0.015628,SHORT,800.00731,0.0,0.0,0.0,800.00731,0.0,0.0,0.0,-17.683539,-17.683539,1.0,-17.683539,True,True
2024-05-26 08:00:00,69340.16,69562.23,69063.13,69160.33,844.03291,0.0001,75,-5.242882,0.0,trending,,811.227882,-1.758062,1.233774,True,True,810.226008,-0.524936,811.227882,,trending,12.440657,{},,505.0,BTCUSDT,2024-05-26 08:00:00,BTCUSDT,69160.33,0.014472,REDUCE_SHORT,800.00731,0.0,0.0,0.0,800.00731,0.0,0.0,0.0,-5.242882,-5.242882,1.0,-5.242882,True,True
2024-05-26 09:00:00,69160.32,69254.0,68974.55,69086.54,540.21484,0.0001,75,-0.669688,0.0,trending,,810.679797,-0.524083,0.457114,True,True,810.308853,-0.066999,810.679797,,trending,4.573194,{},,506.0,BTCUSDT,2024-05-26 09:00:00,BTCUSDT,69086.54,0.005364,REDUCE_SHORT,800.00731,0.0,0.0,0.0,800.00731,0.0,0.0,0.0,-0.669688,-0.669688,1.0,-0.669688,True,True
2024-05-26 10:00:00,69086.54,69222.93,69086.54,69222.92,504.80601,0.0001,75,-8.285896,0.0,trending,,810.201681,-0.067141,-0.761449,True,True,809.584754,-0.829221,810.201681,,trending,-7.616208,{},,507.0,BTCUSDT,2024-05-26 10:00:00,BTCUSDT,69222.92,0.008912,SHORT,800.00731,0.0,0.0,0.0,800.00731,0.0,0.0,0.0,-8.285896,-8.285896,1.0,-8.285896,True,True
2024-05-26 11:00:00,69222.93,69229.92,69054.1,69134.91,542.28481,0.0001,75,-2.657429,0.0,trending,,810.438276,-0.827295,0.561552,True,True,809.982717,-0.265892,810.438276,,trending,5.628468,{},,508.0,BTCUSDT,2024-05-26 11:00:00,BTCUSDT,69134.91,0.006583,REDUCE_SHORT,800.00731,0.0,0.0,0.0,800.00731,0.0,0.0,0.0,-2.657429,-2.657429,1.0,-2.657429,True,True
2024-05-26 12:00:00,69134.91,69146.92,68951.0,68993.22,497.24308,0.0001,75,5.941978,0.0,trending,,810.424108,-0.265203,0.859401,True,True,809.727414,0.594114,810.424108,,trending,8.599406,{},,509.0,BTCUSDT,2024-05-26 12:00:00,BTCUSDT,68993.22,0.00698,LONG,800.00731,0.0,0.0,0.0,800.00731,0.0,0.0,0.0,5.941978,5.941978,1.0,5.941978,True,True
2024-05-26 13:00:00,68993.21,69136.15,68950.0,69136.14,376.78122,0.0001,75,-3.033599,0.0,trending,,810.723956,0.594613,-0.897973,True,True,809.995947,-0.303633,810.723956,,trending,-8.975576,{},,510.0,BTCUSDT,2024-05-26 13:00:00,BTCUSDT,69136.14,0.003557,SHORT,800.00731,0.0,0.0,0.0,800.00731,0.0,0.0,0.0,-3.033599,-3.033599,1.0,-3.033599,True,True
2024-05-26 14:00:00,69136.15,69312.3,69042.26,69287.12,685.92369,0.0001,75,-11.334011,0.0,trending,,809.458859,-0.304497,-0.828904,True,True,808.787896,-1.134341,809.458859,,trending,-8.300413,{},,511.0,BTCUSDT,2024-05-26 14:00:00,BTCUSDT,69287.12,0.009684,SHORT,800.00731,0.0,0.0,0.0,800.00731,0.0,0.0,0.0,-11.334011,-11.334011,1.0,-11.334011,True,True
2024-05-26 15:00:00,69287.11,69399.0,68668.6,68847.99,1131.13166,0.0001,75,13.113461,0.0,trending,,814.602485,-1.119107,2.430453,True,True,812.62172,1.313228,814.602485,,trending,24.447473,{},,512.0,BTCUSDT,2024-05-26 15:00:00,BTCUSDT,68847.99,0.015516,LONG,800.00731,0.0,0.0,0.0,800.00731,0.0,0.0,0.0,13.113461,13.113461,1.0,13.113461,True,True
2024-05-26 16:00:00,68847.98,68973.15,68692.11,68808.62,833.6022,0.0001,75,13.479204,0.0,trending,,812.011477,1.313463,0.034457,False,,812.011477,1.313463,812.011477,,trending,0.365743,{},,513.0,BTCUSDT,2024-05-26 16:00:00,,,,,800.00731,0.0,0.0,0.0,800.00731,0.0,0.0,0.0,13.479204,13.479204,1.0,13.479204,True,False
2024-05-26 17:00:00,68808.61,68906.96,68731.36,68778.14,418.50179,0.0001,75,13.539274,0.0,trending,,811.539031,1.313646,0.040282,False,,811.539031,1.313646,811.539031,,trending,0.06007,{},,514.0,BTCUSDT,2024-05-26 17:00:00,,,,,800.00731,0.0,0.0,0.0,800.00731,0.0,0.0,0.0,13.539274,13.539274,1.0,13.539274,True,False
2024-05-26 18:00:00,68778.14,68842.8,68717.61,68800.16,364.30568,0.0001,75,11.144588,0.0,trending,,811.880345,1.313514,-0.199055,False,,811.880345,1.313514,811.880345,,trending,-2.394686,{},,515.0,BTCUSDT,2024-05-26 18:00:00,,,,,800.00731,0.0,0.0,0.0,800.00731,0.0,0.0,0.0,11.144588,11.144588,1.0,11.144588,True,False
2024-05-26 19:00:00,68800.15,68916.22,68800.15,68903.54,240.0154,0.0001,75,5.201873,0.0,trending,,813.482756,1.312896,-0.792709,True,True,812.837901,0.5206,813.482756,,trending,-5.942715,{},,516.0,BTCUSDT,2024-05-26 19:00:00,BTCUSDT,68903.54,0.009359,REDUCE_LONG,800.00731,0.0,0.0,0.0,800.00731,0.0,0.0,0.0,5.201873,5.201873,1.0,5.201873,True,True
2024-05-26 20:00:00,68903.53,68911.56,68720.66,68720.84,177.26876,0.0001,75,13.675694,0.0,trending,,811.715869,0.519937,0.847632,True,True,811.027832,1.367881,811.715869,,trending,8.473821,{},,517.0,BTCUSDT,2024-05-26 20:00:00,BTCUSDT,68720.84,0.010012,LONG,800.00731,0.0,0.0,0.0,800.00731,0.0,0.0,0.0,13.675694,13.675694,1.0,13.675694,True,True
2024-05-26 21:00:00,68720.85,68720.85,68128.01,68518.02,873.47041,0.0001,75,20.0,0.0,trending,,807.753623,1.369372,0.630628,True,True,807.244231,2.000631,807.753623,,trending,6.324306,{},,518.0,BTCUSDT,2024-05-26 21:00:00,BTCUSDT,68518.02,0.007434,LONG,800.00731,0.0,0.0,0.0,800.00731,0.0,0.0,0.0,20.313148,20.313148,1.0,20.313148,True,True
2024-05-26 22:00:00,68518.02,68700.65,68464.0,68560.0,369.81244,0.0001,75,16.914741,0.0,trending,,808.233717,1.999406,-0.307932,True,True,807.984836,1.691995,808.233717,,trending,-3.085259,{},,519.0,BTCUSDT,2024-05-26 22:00:00,BTCUSDT,68560.0,0.00363,REDUCE_LONG,800.00731,0.0,0.0,0.0,800.00731,0.0,0.0,0.0,16.914741,16.914741,1.0,16.914741,True,True
2024-05-26 23:00:00,68560.01,68569.88,68344.0,68507.67,483.59941,0.0001,75,17.808721,0.0,trending,,806.941361,1.69289,0.087982,False,,806.941361,1.69289,806.941361,,trending,0.89398,{},,520.0,BTCUSDT,2024-05-26 23:00:00,,,,,800.00731,0.0,0.0,0.0,800.00731,0.0,0.0,0.0,17.808721,17.808721,1.0,17.808721,True,False
2024-05-27 00:00:00,68507.67,68821.72,68481.31,68821.71,491.97295,0.0001,74,1.569905,0.0,trending,,813.20341,1.687554,-1.530564,True,True,811.95875,0.157231,813.20341,,trending,-16.238816,{},,521.0,BTCUSDT,2024-05-27 00:00:00,BTCUSDT,68821.71,0.018085,REDUCE_LONG,800.00731,0.0,0.0,0.0,800.00731,0.0,0.0,0.0,1.569905,1.569905,1.0,1.569905,True,True
2024-05-27 01:00:00,68821.72,69298.0,68740.75,69074.01,742.66616,0.0001,74,-9.194634,0.0,trending,,812.42677,0.157717,-1.07718,True,True,811.55164,-0.920455,812.42677,,trending,-10.764539,{},,522.0,BTCUSDT,2024-05-27 01:00:00,BTCUSDT,69074.01,0.010814,SHORT,800.00731,0.0,0.0,0.0,800.00731,0.0,0.0,0.0,-9.194634,-9.194634,1.0,-9.194634,True,True
2024-05-27 02:00:00,69074.02,69288.44,69020.49,69111.35,756.96511,0.0001,74,-9.650431,0.0,trending,,811.147829,-0.921411,-0.043632,False,,811.147829,-0.921411,811.147829,,trending,-0.455797,{},,523.0,BTCUSDT,2024-05-27 02:00:00,,,,,800.00731,0.0,0.0,0.0,800.00731,0.0,0.0,0.0,-9.650431,-9.650431,1.0,-9.650431,True,False
2024-05-27 03:00:00,69111.34,69212.0,68826.91,68873.43,1083.4831,0.0001,74,0.962023,0.0,trending,,813.7208,-0.915335,1.011538,True,True,812.896946,0.096204,813.7208,,trending,10.612454,{},,524.0,BTCUSDT,2024-05-27 03:00:00,BTCUSDT,68873.43,0.001137,LONG,800.00731,0.0,0.0,0.0,800.00731,0.0,0.0,0.0,0.962023,0.962023,1.0,0.962023,True,True
2024-05-27 04:00:00,68873.43,68901.74,68764.71,68770.01,470.5087,0.0001,74,5.37753,0.0,trending,,812.779515,0.096073,0.44168,True,True,812.420527,0.537549,812.779515,,trending,4.415506,{},,525.0,BTCUSDT,2024-05-27 04:00:00,BTCUSDT,68770.01,0.00522,LONG,800.00731,0.0,0.0,0.0,800.00731,0.0,0.0,0.0,5.37753,5.37753,1.0,5.37753,True,True
2024-05-27 05:00:00,68770.0,68784.4,68321.95,68524.61,845.39332,0.0001,74,14.939067,0.0,trending,,810.862144,0.53666,0.957247,True,True,810.085949,1.49438,810.862144,,trending,9.561537,{},,526.0,BTCUSDT,2024-05-27 05:00:00,BTCUSDT,68524.61,0.011327,LONG,800.00731,0.0,0.0,0.0,800.00731,0.0,0.0,0.0,14.939067,14.939067,1.0,14.939067,True,True
2024-05-27 06:00:00,68524.6,68621.54,68393.23,68393.23,600.6975,0.0001,74,18.694952,0.0,trending,,807.764951,1.4958,0.373695,True,True,807.463093,1.86982,807.764951,,trending,3.755886,{},,527.0,BTCUSDT,2024-05-27 06:00:00,BTCUSDT,68393.23,0.004414,LONG,800.00731,0.0,0.0,0.0,800.00731,0.0,0.0,0.0,18.694952,18.694952,1.0,18.694952,True,True
2024-05-27 07:00:00,68393.23,68721.02,68341.84,68643.36,676.48477,0.0001,74,6.430443,0.0,trending,,812.984824,1.863913,-1.220868,True,True,811.992277,0.64383,812.984824,,trending,-12.264509,{},,528.0,BTCUSDT,2024-05-27 07:00:00,BTCUSDT,68643.36,0.014459,REDUCE_LONG,800.00731,0.0,0.0,0.0,800.00731,0.0,0.0,0.0,6.430443,6.430443,1.0,6.430443,True,True
2024-05-27 08:00:00,68643.36,68944.2,68521.52,68624.0,825.51086,0.0001,74,6.349098,0.0,trending,,811.844831,0.643766,-0.008856,False,,811.844831,0.643766,811.844831,,trending,-0.081345,{},,529.0,BTCUSDT,2024-05-27 08:00:00,,,,,800.00731,0.0,0.0,0.0,800.00731,0.0,0.0,0.0,6.349098,6.349098,1.0,6.349098,True,False
2024-05-27 09:00:00,68624.01,68660.09,68430.95,68595.37,640.74484,0.0001,74,6.792659,0.0,trending,,811.626786,0.64367,0.035596,False,,811.626786,0.64367,811.626786,,trending,0.443561,{},,530.0,BTCUSDT,2024-05-27 09:00:00,,,,,800.00731,0.0,0.0,0.0,800.00731,0.0,0.0,0.0,6.792659,6.792659,1.0,6.792659,True,False
2024-05-27 10:00:00,68595.36,68598.48,68422.08,68577.79,606.70178,0.0001,74,6.915173,0.0,trending,,811.492898,0.643611,0.047906,False,,811.492898,0.643611,811.492898,,trending,0.122514,{},,531.0,BTCUSDT,2024-05-27 10:00:00,,,,,800.00731,0.0,0.0,0.0,800.00731,0.0,0.0,0.0,6.915173,6.915173,1.0,6.915173,True,False
2024-05-27 11:00:00,68577.79,68679.8,68250.0,68434.26,863.90991,0.0001,74,12.3826,0.0,trending,,810.399779,0.64313,0.59513,True,True,809.917486,1.238402,810.399779,,trending,5.467427,{},,532.0,BTCUSDT,2024-05-27 11:00:00,BTCUSDT,68434.26,0.007048,LONG,800.00731,0.0,0.0,0.0,800.00731,0.0,0.0,0.0,12.3826,12.3826,1.0,12.3826,True,True
2024-05-27 12:00:00,68434.26,68643.25,68384.0,68621.42,656.97356,0.0001,74,3.639914,0.0,trending,,812.660587,1.237597,-0.873606,True,True,811.950642,0.36431,812.660587,,trending,-8.742686,{},,533.0,BTCUSDT,2024-05-27 12:00:00,BTCUSDT,68621.42,0.010346,REDUCE_LONG,800.00731,0.0,0.0,0.0,800.00731,0.0,0.0,0.0,3.639914,3.639914,1.0,3.639914,True,True
2024-05-27 13:00:00,68621.43,69045.8,68601.3,68919.24,1108.96194,0.0001,74,-8.425915,0.0,trending,,813.234433,0.365313,-1.207905,True,True,812.252124,-0.843611,813.234433,,trending,-12.065829,{},,534.0,BTCUSDT,2024-05-27 13:00:00,BTCUSDT,68919.24,0.009942,SHORT,800.00731,0.0,0.0,0.0,800.00731,0.0,0.0,0.0,-8.425915,-8.425915,1.0,-8.425915,True,True
2024-05-27 14:00:00,68919.24,69500.0,68828.8,69500.0,1583.09764,0.0001,74,-20.0,0.0,trending,,806.47796,-0.85681,-1.14319,True,True,805.556003,-2.002289,806.47796,,trending,-11.574085,{},,535.0,BTCUSDT,2024-05-27 14:00:00,BTCUSDT,69500.0,0.013266,SHORT,800.00731,0.0,0.0,0.0,800.00731,0.0,0.0,0.0,-24.0,-24.0,1.0,-24.0,True,True
2024-05-27 15:00:00,69500.0,70520.3,69499.99,70373.85,3706.80203,0.0001,74,-20.0,0.0,trending,,785.275693,-2.079825,0.079825,False,,785.275693,-2.079825,785.275693,,trending,0.0,{},,536.0,BTCUSDT,2024-05-27 15:00:00,,,,,800.00731,0.0,0.0,0.0,800.00731,0.0,0.0,0.0,-24.0,-24.0,1.0,-24.0,True,False
2024-05-27 16:00:00,70373.86,70687.56,70153.45,70161.22,1957.31729,0.0001,74,-20.0,0.0,trending,,790.21041,-2.060592,0.060592,False,,790.21041,-2.060592,790.21041,,trending,0.0,{},,537.0,BTCUSDT,2024-05-27 16:00:00,,,,,800.00731,0.0,0.0,0.0,800.00731,0.0,0.0,0.0,-24.0,-24.0,1.0,-24.0,True,False
2024-05-27 17:00:00,70161.21,70350.0,70029.93,70184.01,867.16975,0.0001,74,-20.0,0.0,trending,,789.6815,-2.062642,0.062642,False,,789.6815,-2.062642,789.6815,,trending,0.0,{},,538.0,BTCUSDT,2024-05-27 17:00:00,,,,,800.00731,0.0,0.0,0.0,800.00731,0.0,0.0,0.0,-24.0,-24.0,1.0,-24.0,True,False
2024-05-27 18:00:00,70184.0,70250.0,69882.11,69985.5,702.39215,0.0001,74,-20.0,0.0,trending,,794.28852,-2.044878,0.044878,False,,794.28852,-2.044878,794.28852,,trending,0.0,{},,539.0,BTCUSDT,2024-05-27 18:00:00,,,,,800.00731,0.0,0.0,0.0,800.00731,0.0,0.0,0.0,-24.0,-24.0,1.0,-24.0,True,False
2024-05-27 19:00:00,69985.49,70113.35,69069.0,69260.01,1481.88431,0.0001,74,-0.351755,0.0,trending,,811.125691,-1.981673,1.946498,True,True,809.545256,-0.035244,811.125691,,trending,19.648245,{},,540.0,BTCUSDT,2024-05-27 19:00:00,BTCUSDT,69260.01,0.022796,REDUCE_SHORT,800.00731,0.0,0.0,0.0,800.00731,0.0,0.0,0.0,-0.351755,-0.351755,1.0,-0.351755,True,True
2024-05-27 20:00:00,69260.02,69724.21,69177.01,69660.01,863.5198,0.0001,74,-11.173769,0.0,trending,,809.380475,-0.035455,-1.081922,True,True,808.504789,-1.118587,809.380475,,trending,-10.822014,{},,541.0,BTCUSDT,2024-05-27 20:00:00,BTCUSDT,69660.01,0.012571,SHORT,800.00731,0.0,0.0,0.0,800.00731,0.0,0.0,0.0,-11.173769,-11.173769,1.0,-11.173769,True,True
2024-05-27 21:00:00,69660.0,69887.9,69589.99,69805.0,433.49108,0.0001,74,-14.469522,0.0,trending,,806.622411,-1.123531,-0.323421,True,True,806.361532,-1.44742,806.622411,,trending,-3.295753,{},,542.0,BTCUSDT,2024-05-27 21:00:00,BTCUSDT,69805.0,0.003737,SHORT,800.00731,0.0,0.0,0.0,800.00731,0.0,0.0,0.0,-14.469522,-14.469522,1.0,-14.469522,True,True
2024-05-27 22:00:00,69805.01,69805.01,69555.81,69591.58,535.38641,0.0001,74,-7.136798,0.0,trending,,809.929928,-1.436637,0.722958,True,True,809.343797,-0.714197,809.929928,,trending,7.332724,{},,543.0,BTCUSDT,2024-05-27 22:00:00,BTCUSDT,69591.58,0.008414,REDUCE_SHORT,800.00731,0.0,0.0,0.0,800.00731,0.0,0.0,0.0,-7.136798,-7.136798,1.0,-7.136798,True,True
2024-05-27 23:00:00,69591.59,69591.59,69324.0,69436.43,634.89241,0.0001,74,-2.136669,0.0,trending,,810.632479,-0.711472,0.497805,True,True,810.228539,-0.213773,810.632479,,trending,5.000129,{},,544.0,BTCUSDT,2024-05-27 23:00:00,BTCUSDT,69436.43,0.005812,REDUCE_SHORT,800.00731,0.0,0.0,0.0,800.00731,0.0,0.0,0.0,-2.136669,-2.136669,1.0,-2.136669,True,True
2024-05-28 00:00:00,69436.43,69472.99,69100.0,69377.41,860.35307,0.0001,72,-0.248742,0.0,trending,,810.375761,-0.213553,0.188679,False,,810.375761,-0.213553,810.375761,,trending,1.887927,{},,545.0,BTCUSDT,2024-05-28 00:00:00,,,,,800.00731,0.0,0.0,0.0,800.00731,0.0,0.0,0.0,-0.248742,-0.248742,1.0,-0.248742,True,False
2024-05-28 01:00:00,69377.4,69591.81,68515.86,68614.11,1600.29629,0.0001,72,19.511374,0.0,trending,,812.27977,-0.210708,2.161846,True,True,810.523575,1.95341,812.27977,,trending,19.760116,{},,546.0,BTCUSDT,2024-05-28 01:00:00,BTCUSDT,68614.11,0.023098,LONG,800.00731,0.0,0.0,0.0,800.00731,0.0,0.0,0.0,19.511374,19.511374,1.0,19.511374,True,True
2024-05-28 02:00:00,68614.11,68842.36,68420.03,68680.0,1772.01557,0.0001,72,15.626057,0.0,trending,,812.044,1.951625,-0.389019,True,True,811.7281,1.563214,812.044,,trending,-3.885317,{},,547.0,BTCUSDT,2024-05-28 02:00:00,BTCUSDT,68680.0,0.0046,REDUCE_LONG,800.00731,0.0,0.0,0.0,800.00731,0.0,0.0,0.0,15.626057,15.626057,1.0,15.626057,True,True
2024-05-28 03:00:00,68680.01,68738.48,67753.0,68050.3,2602.45943,0.0001,72,20.0,0.0,trending,,800.094011,1.571403,0.428597,True,True,799.751094,2.000429,800.094011,,trending,4.373943,{},,548.0,BTCUSDT,2024-05-28 03:00:00,BTCUSDT,68050.3,0.005039,LONG,800.00731,0.0,0.0,0.0,800.00731,0.0,0.0,0.0,24.0,24.0,1.0,24.0,True,True
2024-05-28 04:00:00,68050.3,68134.0,67486.65,67797.29,1618.34011,0.0001,72,20.0,0.0,trending,,793.802894,2.007925,-0.007925,False,,793.802894,2.007925,793.802894,,trending,0.0,{},,549.0,BTCUSDT,2024-05-28 04:00:00,,,,,800.00731,0.0,0.0,0.0,800.00731,0.0,0.0,0.0,24.0,24.0,1.0,24.0,True,False
2024-05-28 05:00:00,67797.28,68049.67,67660.0,68049.67,1062.16889,0.0001,72,20.0,0.0,trending,,799.736283,2.000447,-0.000447,False,,799.736283,2.000447,799.736283,,trending,0.0,{},,550.0,BTCUSDT,2024-05-28 05:00:00,,,,,800.00731,0.0,0.0,0.0,800.00731,0.0,0.0,0.0,21.762751,21.762751,1.0,21.762751,True,False
2024-05-28 06:00:00,68049.67,68093.49,67787.0,67972.8,913.59384,0.0001,72,20.0,0.0,trending,,797.929089,2.002713,-0.002713,False,,797.929089,2.002713,797.929089,,trending,0.0,{},,551.0,BTCUSDT,2024-05-28 06:00:00,,,,,800.00731,0.0,0.0,0.0,800.00731,0.0,0.0,0.0,21.190527,21.190527,1.0,21.190527,True,False
2024-05-28 07:00:00,67972.79,68030.0,67658.24,67694.0,1330.15183,0.0001,72,20.0,0.0,trending,,791.374572,2.011018,-0.011018,False,,791.374572,2.011018,791.374572,,trending,0.0,{},,552.0,BTCUSDT,2024-05-28 07:00:00,,,,,800.00731,0.0,0.0,0.0,800.00731,0.0,0.0,0.0,24.0,24.0,1.0,24.0,True,False
2024-05-28 08:00:00,67694.01,68250.0,67582.13,68159.99,1523.11012,0.0001,72,12.107459,0.0,trending,,802.329878,1.997213,-0.786467,True,True,801.698871,1.211699,802.329878,,trending,-7.892541,{},,553.0,BTCUSDT,2024-05-28 08:00:00,BTCUSDT,68159.99,0.009258,REDUCE_LONG,800.00731,0.0,0.0,0.0,800.00731,0.0,0.0,0.0,12.107459,12.107459,1.0,12.107459,True,True
2024-05-28 09:00:00,68160.0,68523.99,68024.57,68336.24,1328.74691,0.0001,72,7.05484,0.0,trending,,804.21079,1.211038,-0.505554,True,True,803.804218,0.705841,804.21079,,trending,-5.052619,{},,554.0,BTCUSDT,2024-05-28 09:00:00,BTCUSDT,68336.24,0.00595,REDUCE_LONG,800.00731,0.0,0.0,0.0,800.00731,0.0,0.0,0.0,7.05484,7.05484,1.0,7.05484,True,True
2024-05-28 10:00:00,68336.24,68902.71,68249.99,68592.01,1934.61955,0.0001,72,0.804332,0.0,trending,,805.927735,0.706616,-0.626183,True,True,805.423077,0.080484,805.927735,,trending,-6.250508,{},,555.0,BTCUSDT,2024-05-28 10:00:00,BTCUSDT,68592.01,0.007357,REDUCE_LONG,800.00731,0.0,0.0,0.0,800.00731,0.0,0.0,0.0,0.804332,0.804332,1.0,0.804332,True,True
2024-05-28 11:00:00,68592.01,68665.59,68265.01,68389.87,966.81283,0.0001,72,5.451039,0.0,trending,,805.232043,0.080265,0.464838,True,True,804.85774,0.544892,805.232043,,trending,4.646707,{},,556.0,BTCUSDT,2024-05-28 11:00:00,BTCUSDT,68389.87,0.005473,LONG,800.00731,0.0,0.0,0.0,800.00731,0.0,0.0,0.0,5.451039,5.451039,1.0,5.451039,True,True
2024-05-28 12:00:00,68389.87,68559.99,68154.21,68208.63,1003.80695,0.0001,72,9.241849,0.0,trending,,803.69551,0.544234,0.379951,True,True,803.390145,0.924156,803.69551,,trending,3.79081,{},,557.0,BTCUSDT,2024-05-28 12:00:00,BTCUSDT,68208.63,0.004477,LONG,800.00731,0.0,0.0,0.0,800.00731,0.0,0.0,0.0,9.241849,9.241849,1.0,9.241849,True,True
2024-05-28 13:00:00,68208.64,68478.45,67659.93,67792.0,2595.00122,0.0001,72,17.290588,0.0,trending,,798.855086,0.923725,0.805333,True,True,798.211741,1.729646,798.855086,,trending,8.04874,{},,558.0,BTCUSDT,2024-05-28 13:00:00,BTCUSDT,67792.0,0.00949,LONG,800.00731,0.0,0.0,0.0,800.00731,0.0,0.0,0.0,17.290588,17.290588,1.0,17.290588,True,True
2024-05-28 14:00:00,67792.0,68253.99,67529.62,67969.0,2270.1691,0.0001,72,11.312728,0.0,trending,,801.81645,1.726366,-0.595093,True,True,801.339295,1.131946,801.81645,,trending,-5.97786,{},,559.0,BTCUSDT,2024-05-28 14:00:00,BTCUSDT,67969.0,0.00702,REDUCE_LONG,800.00731,0.0,0.0,0.0,800.00731,0.0,0.0,0.0,11.312728,11.312728,1.0,11.312728,True,True
2024-05-28 15:00:00,67968.99,68460.53,67728.78,68374.08,1446.85793,0.0001,72,1.510394,0.0,trending,,806.745247,1.131062,-0.980023,True,True,805.954618,0.151188,806.745247,,trending,-9.802334,{},,560.0,BTCUSDT,2024-05-28 15:00:00,BTCUSDT,68374.08,0.011563,REDUCE_LONG,800.00731,0.0,0.0,0.0,800.00731,0.0,0.0,0.0,1.510394,1.510394,1.0,1.510394,True,True
2024-05-28 16:00:00,68374.08,68457.19,67713.02,67713.22,1367.22082,0.0001,72,15.795287,0.0,trending,,804.776892,0.149945,1.429583,True,True,803.626396,1.580358,804.776892,,trending,14.284893,{},,561.0,BTCUSDT,2024-05-28 16:00:00,BTCUSDT,67713.22,0.016991,LONG,800.00731,0.0,0.0,0.0,800.00731,0.0,0.0,0.0,15.795287,15.795287,1.0,15.795287,True,True
2024-05-28 17:00:00,67713.22,68159.54,67640.46,67782.67,1142.86777,0.0001,72,12.521063,0.0,trending,,804.928989,1.579419,-0.327313,True,True,804.665525,1.252516,804.928989,,trending,-3.274223,{},,562.0,BTCUSDT,2024-05-28 17:00:00,BTCUSDT,67782.67,0.003887,REDUCE_LONG,800.00731,0.0,0.0,0.0,800.00731,0.0,0.0,0.0,12.521063,12.521063,1.0,12.521063,True,True
2024-05-28 18:00:00,67782.68,67992.78,67277.91,67879.43,1577.52247,0.0001,72,8.886284,0.0,trending,,806.104244,1.252066,-0.363437,True,True,805.811276,0.888951,806.104244,,trending,-3.63478,{},,563.0,BTCUSDT,2024-05-28 18:00:00,BTCUSDT,67879.43,0.004316,REDUCE_LONG,800.00731,0.0,0.0,0.0,800.00731,0.0,0.0,0.0,8.886284,8.886284,1.0,8.886284,True,True
2024-05-28 19:00:00,67879.42,68598.33,67864.01,68424.29,1698.26136,0.0001,72,-3.056095,0.0,trending,,811.561147,0.889738,-1.195348,True,True,810.591049,-0.305975,811.561147,,trending,-11.942379,{},,564.0,BTCUSDT,2024-05-28 19:00:00,BTCUSDT,68424.29,0.003625,SHORT,800.00731,0.0,0.0,0.0,800.00731,0.0,0.0,0.0,-3.056095,-3.056095,1.0,-3.056095,True,True
2024-05-28 20:00:00,68424.28,68538.92,68124.04,68325.86,571.11135,0.0001,72,-0.813348,0.0,trending,,810.947833,-0.305401,0.224066,True,True,810.765945,-0.081353,810.947833,,trending,2.242747,{},,565.0,BTCUSDT,2024-05-28 20:00:00,BTCUSDT,68325.86,0.002659,REDUCE_SHORT,800.00731,0.0,0.0,0.0,800.00731,0.0,0.0,0.0,-0.813348,-0.813348,1.0,-0.813348,True,True
2024-05-28 21:00:00,68325.86,68550.0,68257.81,68401.47,437.12363,0.0001,72,-2.380402,0.0,trending,,810.692955,-0.08145,-0.15659,False,,810.692955,-0.08145,810.692955,,trending,-1.567053,{},,566.0,BTCUSDT,2024-05-28 21:00:00,,,,,800.00731,0.0,0.0,0.0,800.00731,0.0,0.0,0.0,-2.380402,-2.380402,1.0,-2.380402,True,False
2024-05-28 22:00:00,68401.47,68661.28,68383.77,68615.4,627.08406,0.0001,72,-6.749481,0.0,trending,,810.486438,-0.081726,-0.593222,True,True,810.00564,-0.675349,810.486438,,trending,-4.369079,{},,567.0,BTCUSDT,2024-05-28 22:00:00,BTCUSDT,68615.4,0.007007,SHORT,800.00731,0.0,0.0,0.0,800.00731,0.0,0.0,0.0,-6.749481,-6.749481,1.0,-6.749481,True,True
2024-05-28 23:00:00,68615.39,68620.92,68346.78,68398.39,373.27532,0.0001,72,-1.571673,0.0,trending,,811.735752,-0.671778,0.514611,True,True,811.317606,-0.157248,811.735752,,trending,5.177808,{},,568.0,BTCUSDT,2024-05-28 23:00:00,BTCUSDT,68398.39,0.006107,REDUCE_SHORT,800.00731,0.0,0.0,0.0,800.00731,0.0,0.0,0.0,-1.571673,-1.571673,1.0,-1.571673,True,True
2024-05-29 00:00:00,68398.4,68605.1,68266.04,68496.0,516.50772,0.0001,72,-3.755717,0.0,trending,,811.135541,-0.157508,-0.218064,True,True,810.958662,-0.375654,811.135541,,trending,-2.184044,{},,569.0,BTCUSDT,2024-05-29 00:00:00,BTCUSDT,68496.0,0.002582,SHORT,800.00731,0.0,0.0,0.0,800.00731,0.0,0.0,0.0,-3.755717,-3.755717,1.0,-3.755717,True,True
2024-05-29 01:00:00,68495.99,68707.58,68310.0,68570.0,677.1872,0.0001,72,-5.130992,0.0,trending,,810.629543,-0.376212,-0.136887,False,,810.629543,-0.376212,810.629543,,trending,-1.375275,{},,570.0,BTCUSDT,2024-05-29 01:00:00,,,,,800.00731,0.0,0.0,0.0,800.00731,0.0,0.0,0.0,-5.130992,-5.130992,1.0,-5.130992,True,False
2024-05-29 02:00:00,68570.0,68923.0,68454.97,68684.6,878.81934,0.0001,72,-7.216796,0.0,trending,,810.119854,-0.377078,-0.344602,True,True,809.840685,-0.721928,810.119854,,trending,-2.085804,{},,571.0,BTCUSDT,2024-05-29 02:00:00,BTCUSDT,68684.6,0.004065,SHORT,800.00731,0.0,0.0,0.0,800.00731,0.0,0.0,0.0,-7.216796,-7.216796,1.0,-7.216796,True,True
2024-05-29 03:00:00,68684.6,68884.82,68681.38,68829.42,867.21207,0.0001,72,-10.035198,0.0,trending,,808.60797,-0.724553,-0.278966,True,True,808.382395,-1.0038,808.60797,,trending,-2.818402,{},,572.0,BTCUSDT,2024-05-29 03:00:00,BTCUSDT,68829.42,0.003277,SHORT,800.00731,0.0,0.0,0.0,800.00731,0.0,0.0,0.0,-10.035198,-10.035198,1.0,-10.035198,True,True
2024-05-29 04:00:00,68829.41,68935.68,68760.0,68843.53,790.02737,0.0001,72,-9.883824,0.0,trending,,808.216048,-1.004212,0.01583,False,,808.216048,-1.004212,808.216048,,trending,0.151374,{},,573.0,BTCUSDT,2024-05-29 04:00:00,,,,,800.00731,0.0,0.0,0.0,800.00731,0.0,0.0,0.0,-9.883824,-9.883824,1.0,-9.883824,True,False
2024-05-29 05:00:00,68843.53,68843.53,68572.66,68584.73,541.22086,0.0001,72,-2.624544,0.0,trending,,811.267131,-0.996675,0.73422,True,True,810.670886,-0.262647,811.267131,,trending,7.25928,{},,574.0,BTCUSDT,2024-05-29 05:00:00,BTCUSDT,68584.73,0.008685,REDUCE_SHORT,800.00731,0.0,0.0,0.0,800.00731,0.0,0.0,0.0,-2.624544,-2.624544,1.0,-2.624544,True,True
2024-05-29 06:00:00,68584.72,68667.72,68465.6,68513.33,572.66649,0.0001,72,-0.600871,0.0,trending,,810.892547,-0.262302,0.202215,True,True,810.728408,-0.060099,810.892547,,trending,2.023673,{},,575.0,BTCUSDT,2024-05-29 06:00:00,BTCUSDT,68513.33,0.002393,REDUCE_SHORT,800.00731,0.0,0.0,0.0,800.00731,0.0,0.0,0.0,-0.600871,-0.600871,1.0,-0.600871,True,True
2024-05-29 07:00:00,68513.32,68534.35,67936.35,67946.9,1532.58378,0.0001,72,14.152735,0.0,trending,,811.131232,-0.059573,1.474846,True,True,809.93489,1.415947,811.131232,,trending,14.753606,{},,576.0,BTCUSDT,2024-05-29 07:00:00,BTCUSDT,67946.9,0.016895,LONG,800.00731,0.0,0.0,0.0,800.00731,0.0,0.0,0.0,14.152735,14.152735,1.0,14.152735,True,True
2024-05-29 08:00:00,67946.89,67999.92,67602.34,67872.41,1494.12835,0.0001,72,14.749024,0.0,trending,,808.677629,1.416593,0.058309,False,,808.677629,1.416593,808.677629,,trending,0.596289,{},,577.0,BTCUSDT,2024-05-29 08:00:00,,,,,800.00731,0.0,0.0,0.0,800.00731,0.0,0.0,0.0,14.749024,14.749024,1.0,14.749024,True,False
2024-05-29 09:00:00,67872.41,68033.33,67685.45,67905.72,1084.98663,0.0001,72,13.145397,0.0,trending,,809.239844,1.416304,-0.101764,False,,809.239844,1.416304,809.239844,,trending,-1.603628,{},,578.0,BTCUSDT,2024-05-29 09:00:00,,,,,800.00731,0.0,0.0,0.0,800.00731,0.0,0.0,0.0,13.145397,13.145397,1.0,13.145397,True,False
2024-05-29 10:00:00,67905.72,68024.0,67802.95,67989.89,660.74316,0.0001,72,10.172992,0.0,trending,,810.660486,1.415574,-0.398275,True,True,810.33762,1.017705,810.660486,,trending,-2.972404,{},,579.0,BTCUSDT,2024-05-29 10:00:00,BTCUSDT,67989.89,0.004749,REDUCE_LONG,800.00731,0.0,0.0,0.0,800.00731,0.0,0.0,0.0,10.172992,10.172992,1.0,10.172992,True,True
2024-05-29 11:00:00,67989.9,68001.25,67736.23,67763.59,696.81447,0.0001,72,16.699578,0.0,trending,,807.592711,1.017765,0.652193,True,True,807.066004,1.670395,807.592711,,trending,6.526586,{},,580.0,BTCUSDT,2024-05-29 11:00:00,BTCUSDT,67763.59,0.007773,LONG,800.00731,0.0,0.0,0.0,800.00731,0.0,0.0,0.0,16.699578,16.699578,1.0,16.699578,True,True
2024-05-29 12:00:00,67763.59,68023.97,67567.21,67898.15,1328.33596,0.0001,72,11.394145,0.0,trending,,809.743001,1.668179,-0.528764,True,True,809.314838,1.140017,809.743001,,trending,-5.305433,{},,581.0,BTCUSDT,2024-05-29 12:00:00,BTCUSDT,67898.15,0.006306,REDUCE_LONG,800.00731,0.0,0.0,0.0,800.00731,0.0,0.0,0.0,11.394145,11.394145,1.0,11.394145,True,True
2024-05-29 13:00:00,67898.14,68280.0,67569.55,67879.99,2334.69989,0.0001,72,10.619321,0.0,trending,,809.068071,1.14006,-0.078128,False,,809.068071,1.14006,809.068071,,trending,-0.774823,{},,582.0,BTCUSDT,2024-05-29 13:00:00,,,,,800.00731,0.0,0.0,0.0,800.00731,0.0,0.0,0.0,10.619321,10.619321,1.0,10.619321,True,False
2024-05-29 14:00:00,67879.99,67952.39,67500.0,67635.01,1510.1345,0.0001,72,17.826199,0.0,trending,,805.739164,1.140639,0.641981,True,True,805.221895,1.783123,805.739164,,trending,7.206878,{},,583.0,BTCUSDT,2024-05-29 14:00:00,BTCUSDT,67635.01,0.007648,LONG,800.00731,0.0,0.0,0.0,800.00731,0.0,0.0,0.0,17.826199,17.826199,1.0,17.826199,True,True
2024-05-29 15:00:00,67635.01,67855.69,67262.34,67379.13,1921.12359,0.0001,72,20.0,0.0,trending,,799.789872,1.788441,0.211559,True,True,799.62067,2.000212,799.789872,,trending,2.173801,{},,584.0,BTCUSDT,2024-05-29 15:00:00,BTCUSDT,67379.13,0.002511,LONG,800.00731,0.0,0.0,0.0,800.00731,0.0,0.0,0.0,24.0,24.0,1.0,24.0,True,True
2024-05-29 16:00:00,67379.13,67720.0,67124.65,67555.18,1592.49406,0.000126,72,16.290985,0.0,trending,,803.799653,1.995011,-0.365913,True,True,803.505532,1.629695,803.799653,,trending,-3.709015,{},,585.0,BTCUSDT,2024-05-29 16:00:00,BTCUSDT,67555.18,0.004354,REDUCE_LONG,800.00731,0.0,0.0,0.0,800.00731,0.0,0.0,0.0,16.290985,16.290985,1.0,16.290985,True,True
2024-05-29 17:00:00,67555.18,67680.0,67329.99,67611.12,806.00111,0.000126,72,12.850527,0.0,trending,,804.589856,1.628846,-0.343794,True,True,804.313243,1.285495,804.589856,,trending,-3.440459,{},,586.0,BTCUSDT,2024-05-29 17:00:00,BTCUSDT,67611.12,0.004091,REDUCE_LONG,800.00731,0.0,0.0,0.0,800.00731,0.0,0.0,0.0,12.850527,12.850527,1.0,12.850527,True,True
2024-05-29 18:00:00,67611.12,67623.1,67222.22,67392.83,729.97775,0.000126,72,18.263299,0.0,trending,,800.975052,1.286684,0.539645,True,True,800.542809,1.826776,800.975052,,trending,5.412773,{},,587.0,BTCUSDT,2024-05-29 18:00:00,BTCUSDT,67392.83,0.006414,LONG,800.00731,0.0,0.0,0.0,800.00731,0.0,0.0,0.0,18.263299,18.263299,1.0,18.263299,True,True
2024-05-29 19:00:00,67392.82,67742.0,67216.01,67266.78,642.71264,0.000126,72,19.816987,0.0,trending,,797.807547,1.829611,0.152088,False,,797.807547,1.829611,797.807547,,trending,1.553688,{},,588.0,BTCUSDT,2024-05-29 19:00:00,,,,,800.00731,0.0,0.0,0.0,800.00731,0.0,0.0,0.0,19.816987,19.816987,1.0,19.816987,True,False
2024-05-29 20:00:00,67266.78,67494.57,67151.35,67485.76,563.60468,0.000126,72,11.295981,0.0,trending,,802.559374,1.824699,-0.695101,True,True,802.001514,1.130384,802.559374,,trending,-8.521005,{},,589.0,BTCUSDT,2024-05-29 20:00:00,BTCUSDT,67485.76,0.008266,REDUCE_LONG,800.00731,0.0,0.0,0.0,800.00731,0.0,0.0,0.0,11.295981,11.295981,1.0,11.295981,True,True
2024-05-29 21:00:00,67485.76,67810.0,67325.08,67700.42,568.5919,0.000126,72,3.686169,0.0,trending,,804.885148,1.129917,-0.7613,True,True,804.272389,0.368898,804.885148,,trending,-7.609812,{},,590.0,BTCUSDT,2024-05-29 21:00:00,BTCUSDT,67700.42,0.009051,REDUCE_LONG,800.00731,0.0,0.0,0.0,800.00731,0.0,0.0,0.0,3.686169,3.686169,1.0,3.686169,True,True
2024-05-29 22:00:00,67700.42,67826.09,67605.94,67680.01,395.25117,0.000126,72,4.07099,0.0,trending,,804.182943,0.368828,0.038271,False,,804.182943,0.368828,804.182943,,trending,0.384821,{},,591.0,BTCUSDT,2024-05-29 22:00:00,,,,,800.00731,0.0,0.0,0.0,800.00731,0.0,0.0,0.0,4.07099,4.07099,1.0,4.07099,True,False
2024-05-29 23:00:00,67680.01,67731.59,67576.06,67652.42,454.0068,0.000126,72,4.563015,0.0,trending,,804.062031,0.368733,0.087569,False,,804.062031,0.368733,804.062031,,trending,0.492025,{},,592.0,BTCUSDT,2024-05-29 23:00:00,,,,,800.00731,0.0,0.0,0.0,800.00731,0.0,0.0,0.0,4.563015,4.563015,1.0,4.563015,True,False
2024-05-30 00:00:00,67652.41,67843.32,67551.46,67583.0,555.8654,0.0001,73,6.19219,0.0,trending,,803.757801,0.368494,0.250725,True,True,803.556279,0.619124,803.757801,,trending,1.629175,{},,593.0,BTCUSDT,2024-05-30 00:00:00,BTCUSDT,67583.0,0.002982,LONG,800.00731,0.0,0.0,0.0,800.00731,0.0,0.0,0.0,6.19219,6.19219,1.0,6.19219,True,True
2024-05-30 01:00:00,67582.99,67862.2,67471.67,67800.0,612.84693,0.0001,73,-1.023268,0.0,trending,,805.153687,0.619879,-0.722206,True,True,804.5722,-0.102401,805.153687,,trending,-7.215458,{},,594.0,BTCUSDT,2024-05-30 01:00:00,BTCUSDT,67800.0,0.001215,SHORT,800.00731,0.0,0.0,0.0,800.00731,0.0,0.0,0.0,-1.023268,-1.023268,1.0,-1.023268,True,True
2024-05-30 02:00:00,67800.0,68199.97,67788.95,67949.1,958.14916,0.0001,73,-5.282876,0.0,trending,,804.391017,-0.102649,-0.425639,True,True,804.048638,-0.528513,804.391017,,trending,-4.259608,{},,595.0,BTCUSDT,2024-05-30 02:00:00,BTCUSDT,67949.1,0.005039,SHORT,800.00731,0.0,0.0,0.0,800.00731,0.0,0.0,0.0,-5.282876,-5.282876,1.0,-5.282876,True,True
2024-05-30 03:00:00,67949.11,68182.42,67924.0,68118.2,556.83878,0.0001,73,-10.168451,0.0,trending,,802.991096,-0.530526,-0.48632,True,True,802.600586,-1.01734,802.991096,,trending,-4.885575,{},,596.0,BTCUSDT,2024-05-30 03:00:00,BTCUSDT,68118.2,0.005733,SHORT,800.00731,0.0,0.0,0.0,800.00731,0.0,0.0,0.0,-10.168451,-10.168451,1.0,-10.168451,True,True
2024-05-30 04:00:00,68118.2,68422.89,67984.01,68163.0,835.69717,0.0001,73,-10.517866,0.0,trending,,802.063578,-1.018691,-0.033096,False,,802.063578,-1.018691,802.063578,,trending,-0.349415,{},,597.0,BTCUSDT,2024-05-30 04:00:00,,,,,800.00731,0.0,0.0,0.0,800.00731,0.0,0.0,0.0,-10.517866,-10.517866,1.0,-10.517866,True,False
2024-05-30 05:00:00,68163.0,68195.0,67967.66,68134.14,493.19867,0.0001,73,-8.769869,0.0,trending,,802.409516,-1.01782,0.140833,False,,802.409516,-1.01782,802.409516,,trending,1.747997,{},,598.0,BTCUSDT,2024-05-30 05:00:00,,,,,800.00731,0.0,0.0,0.0,800.00731,0.0,0.0,0.0,-8.769869,-8.769869,1.0,-8.769869,True,False
2024-05-30 06:00:00,68134.13,68180.46,67728.2,67831.25,1589.90858,0.0001,73,1.401063,0.0,trending,,806.040191,-1.008731,1.148838,True,True,805.113368,0.140127,806.040191,,trending,10.170932,{},,599.0,BTCUSDT,2024-05-30 06:00:00,BTCUSDT,67831.25,0.001665,LONG,800.00731,0.0,0.0,0.0,800.00731,0.0,0.0,0.0,1.401063,1.401063,1.0,1.401063,True,True
2024-05-30 07:00:00,67831.24,68037.22,67508.42,67584.56,1515.12996,0.0001,73,8.408519,0.0,trending,,804.703067,0.139689,0.701163,True,True,804.138839,0.84074,804.703067,,trending,7.007455,{},,600.0,BTCUSDT,2024-05-30 07:00:00,BTCUSDT,67584.56,0.008348,LONG,800.00731,0.0,0.0,0.0,800.00731,0.0,0.0,0.0,8.408519,8.408519,1.0,8.408519,True,True
2024-05-30 08:00:00,67584.57,67769.11,67128.0,67688.96,1932.25524,0.0001,73,4.46918,0.0,trending,,805.183189,0.840947,-0.394029,True,True,804.865924,0.447094,805.183189,,trending,-3.939339,{},,601.0,BTCUSDT,2024-05-30 08:00:00,BTCUSDT,67688.96,0.004687,REDUCE_LONG,800.00731,0.0,0.0,0.0,800.00731,0.0,0.0,0.0,4.46918,4.46918,1.0,4.46918,True,True
2024-05-30 09:00:00,67688.96,67759.99,67459.96,67745.94,882.44029,0.0001,73,2.54417,0.0,trending,,805.168843,0.447302,-0.192885,False,,805.168843,0.447302,805.168843,,trending,-1.925009,{},,602.0,BTCUSDT,2024-05-30 09:00:00,,,,,800.00731,0.0,0.0,0.0,800.00731,0.0,0.0,0.0,2.54417,2.54417,1.0,2.54417,True,False
2024-05-30 10:00:00,67745.94,67991.0,67541.82,67942.08,962.17703,0.0001,73,-3.569366,0.0,trending,,806.211571,0.448017,-0.804954,True,True,805.562608,-0.357224,806.211571,,trending,-6.113536,{},,603.0,BTCUSDT,2024-05-30 10:00:00,BTCUSDT,67942.08,0.004235,SHORT,800.00731,0.0,0.0,0.0,800.00731,0.0,0.0,0.0,-3.569366,-3.569366,1.0,-3.569366,True,True
2024-05-30 11:00:00,67942.08,68100.0,67815.0,67817.01,808.98104,0.0001,73,0.53548,0.0,trending,,806.092337,-0.356332,0.40988,True,True,805.761649,0.053516,806.092337,,trending,4.104845,{},,604.0,BTCUSDT,2024-05-30 11:00:00,BTCUSDT,67817.01,0.000636,LONG,800.00731,0.0,0.0,0.0,800.00731,0.0,0.0,0.0,0.53548,0.53548,1.0,0.53548,True,True
2024-05-30 12:00:00,67817.01,68305.55,67755.0,68133.34,1631.16437,0.0001,73,-9.417199,0.0,trending,,805.962787,0.053753,-0.995473,True,True,805.160473,-0.942658,805.962787,,trending,-9.952679,{},,605.0,BTCUSDT,2024-05-30 12:00:00,BTCUSDT,68133.34,0.01114,SHORT,800.00731,0.0,0.0,0.0,800.00731,0.0,0.0,0.0,-9.417199,-9.417199,1.0,-9.417199,True,True
2024-05-30 13:00:00,68133.34,68678.76,68050.0,68623.99,1849.16498,0.0001,73,-20.0,0.0,trending,,799.694734,-0.955936,-1.044064,True,True,798.859802,-2.00209,799.694734,,trending,-10.582801,{},,606.0,BTCUSDT,2024-05-30 13:00:00,BTCUSDT,68623.99,0.012167,SHORT,800.00731,0.0,0.0,0.0,800.00731,0.0,0.0,0.0,-23.049101,-23.049101,1.0,-23.049101,True,True
2024-05-30 14:00:00,68623.99,68826.31,68256.29,68359.6,2033.11385,0.0001,73,-12.597863,0.0,trending,,805.021825,-1.979111,0.719325,True,True,804.442173,-1.260694,805.021825,,trending,7.402137,{},,607.0,BTCUSDT,2024-05-30 14:00:00,BTCUSDT,68359.6,0.008471,REDUCE_SHORT,800.00731,0.0,0.0,0.0,800.00731,0.0,0.0,0.0,-12.597863,-12.597863,1.0,-12.597863,True,True
2024-05-30 15:00:00,68359.6,68612.0,68144.0,68530.76,1549.35568,0.0001,73,-16.580736,0.0,trending,,801.902912,-1.267853,-0.390221,True,True,801.589993,-1.658721,801.902912,,trending,-3.982874,{},,608.0,BTCUSDT,2024-05-30 15:00:00,BTCUSDT,68530.76,0.004566,SHORT,800.00731,0.0,0.0,0.0,800.00731,0.0,0.0,0.0,-16.580736,-16.580736,1.0,-16.580736,True,True
2024-05-30 16:00:00,68530.77,68691.64,68384.0,68676.0,988.4394,0.0001,73,-19.415488,0.0,trending,,798.772088,-1.6681,-0.273448,True,True,798.553665,-1.94208,798.772088,,trending,-2.834752,{},,609.0,BTCUSDT,2024-05-30 16:00:00,BTCUSDT,68676.0,0.00318,SHORT,800.00731,0.0,0.0,0.0,800.00731,0.0,0.0,0.0,-19.415488,-19.415488,1.0,-19.415488,True,True
2024-05-30 17:00:00,68676.0,69500.0,68664.0,69315.1,3039.26714,0.0001,73,-20.0,0.0,trending,,784.121382,-1.996231,-0.003769,False,,784.121382,-1.996231,784.121382,,trending,-0.584512,{},,610.0,BTCUSDT,2024-05-30 17:00:00,,,,,800.00731,0.0,0.0,0.0,800.00731,0.0,0.0,0.0,-24.0,-24.0,1.0,-24.0,True,False
2024-05-30 18:00:00,69315.1,69420.0,69084.0,69360.13,1377.02896,0.0001,73,-20.0,0.0,trending,,783.104506,-2.000122,0.000122,False,,783.104506,-2.000122,783.104506,,trending,0.0,{},,611.0,BTCUSDT,2024-05-30 18:00:00,,,,,800.00731,0.0,0.0,0.0,800.00731,0.0,0.0,0.0,-24.0,-24.0,1.0,-24.0,True,False
2024-05-30 19:00:00,69360.13,69366.46,68435.0,68653.02,1632.93357,0.0001,73,-8.74459,0.0,trending,,799.072604,-1.940169,1.06571,True,True,798.220172,-0.875393,799.072604,,trending,11.25541,{},,612.0,BTCUSDT,2024-05-30 19:00:00,BTCUSDT,68653.02,0.012404,REDUCE_SHORT,800.00731,0.0,0.0,0.0,800.00731,0.0,0.0,0.0,-8.74459,-8.74459,1.0,-8.74459,True,True
2024-05-30 20:00:00,68653.02,68657.41,68050.01,68475.99,1459.40802,0.0001,73,-3.211564,0.0,trending,,800.021998,-0.871169,0.550013,True,True,799.581535,-0.321333,800.021998,,trending,5.533026,{},,613.0,BTCUSDT,2024-05-30 20:00:00,BTCUSDT,68475.99,0.006426,REDUCE_SHORT,800.00731,0.0,0.0,0.0,800.00731,0.0,0.0,0.0,-3.211564,-3.211564,1.0,-3.211564,True,True
2024-05-30 21:00:00,68475.99,68534.0,68324.0,68416.76,402.57371,0.0001,73,-1.447125,0.0,trending,,799.803775,-0.320966,0.176254,False,,799.803775,-0.320966,799.803775,,trending,1.764439,{},,614.0,BTCUSDT,2024-05-30 21:00:00,,,,,800.00731,0.0,0.0,0.0,800.00731,0.0,0.0,0.0,-1.447125,-1.447125,1.0,-1.447125,True,False
2024-05-30 22:00:00,68416.75,68438.99,68241.79,68314.93,393.34939,0.0001,73,1.323873,0.0,trending,,800.185856,-0.320335,0.452723,True,True,799.823338,0.132315,800.185856,,trending,2.770998,{},,615.0,BTCUSDT,2024-05-30 22:00:00,BTCUSDT,68314.93,0.001551,LONG,800.00731,0.0,0.0,0.0,800.00731,0.0,0.0,0.0,1.323873,1.323873,1.0,1.323873,True,True
2024-05-30 23:00:00,68314.93,68518.86,68251.0,68352.17,418.93108,0.0001,73,0.223489,0.0,trending,,799.881027,0.132377,-0.110029,False,,799.881027,0.132377,799.881027,,trending,-1.100384,{},,616.0,BTCUSDT,2024-05-30 23:00:00,,,,,800.00731,0.0,0.0,0.0,800.00731,0.0,0.0,0.0,0.223489,0.223489,1.0,0.223489,True,False
2024-05-31 00:00:00,68352.17,68465.39,68274.0,68460.0,444.97701,0.000146,73,-2.687411,0.0,trending,,800.048069,0.132559,-0.4013,True,True,799.72701,-0.268849,800.048069,,trending,-2.9109,{},,617.0,BTCUSDT,2024-05-31 00:00:00,BTCUSDT,68460.0,0.003141,SHORT,800.00731,0.0,0.0,0.0,800.00731,0.0,0.0,0.0,-2.687411,-2.687411,1.0,-2.687411,True,True
2024-05-31 01:00:00,68460.01,68626.2,68314.35,68440.0,624.30972,0.000146,73,-1.876825,0.0,trending,,799.789822,-0.268749,0.081067,False,,799.789822,-0.268749,799.789822,,trending,0.810585,{},,618.0,BTCUSDT,2024-05-31 01:00:00,,,,,800.00731,0.0,0.0,0.0,800.00731,0.0,0.0,0.0,-1.876825,-1.876825,1.0,-1.876825,True,False
2024-05-31 02:00:00,68439.99,68729.73,68430.0,68539.99,739.18653,0.000146,73,-4.432284,0.0,trending,,799.475793,-0.269248,-0.173981,False,,799.475793,-0.269248,799.475793,,trending,-2.555459,{},,619.0,BTCUSDT,2024-05-31 02:00:00,,,,,800.00731,0.0,0.0,0.0,800.00731,0.0,0.0,0.0,-4.432284,-4.432284,1.0,-4.432284,True,False
2024-05-31 03:00:00,68539.99,68628.39,68487.95,68535.81,323.49962,0.000146,73,-4.074512,0.0,trending,,799.488921,-0.269227,-0.138224,False,,799.488921,-0.269227,799.488921,,trending,0.357773,{},,620.0,BTCUSDT,2024-05-31 03:00:00,,,,,800.00731,0.0,0.0,0.0,800.00731,0.0,0.0,0.0,-4.074512,-4.074512,1.0,-4.074512,True,False
2024-05-31 04:00:00,68535.81,68654.33,68486.0,68516.59,617.95424,0.000146,73,-3.327225,0.0,trending,,799.549284,-0.269131,-0.063592,False,,799.549284,-0.269131,799.549284,,trending,0.747286,{},,621.0,BTCUSDT,2024-05-31 04:00:00,,,,,800.00731,0.0,0.0,0.0,800.00731,0.0,0.0,0.0,-3.327225,-3.327225,1.0,-3.327225,True,False
2024-05-31 05:00:00,68516.59,68516.59,68290.0,68442.72,633.98806,0.000146,73,-0.805582,0.0,trending,,799.78128,-0.268763,0.188205,False,,799.78128,-0.268763,799.78128,,trending,2.521644,{},,622.0,BTCUSDT,2024-05-31 05:00:00,,,,,800.00731,0.0,0.0,0.0,800.00731,0.0,0.0,0.0,-0.805582,-0.805582,1.0,-0.805582,True,False
2024-05-31 06:00:00,68442.72,68456.23,68225.52,68272.0,544.64439,0.000146,73,4.5552,0.0,trending,,800.317444,-0.267913,0.723433,True,True,799.738253,0.455394,800.317444,,trending,5.360782,{},,623.0,BTCUSDT,2024-05-31 06:00:00,BTCUSDT,68272.0,0.00534,LONG,800.00731,0.0,0.0,0.0,800.00731,0.0,0.0,0.0,4.5552,4.5552,1.0,4.5552,True,True
2024-05-31 07:00:00,68272.0,68431.88,68075.99,68174.99,957.89486,0.000146,73,7.071085,0.0,trending,,799.220755,0.455041,0.252067,True,True,799.019298,0.707035,799.220755,,trending,2.515885,{},,624.0,BTCUSDT,2024-05-31 07:00:00,BTCUSDT,68174.99,0.002955,LONG,800.00731,0.0,0.0,0.0,800.00731,0.0,0.0,0.0,7.071085,7.071085,1.0,7.071085,True,True
2024-05-31 08:00:00,68175.0,68310.9,68130.77,68136.0,558.93805,0.000123,73,7.975183,0.0,trending,,798.696206,0.706916,0.090602,False,,798.696206,0.706916,798.696206,,trending,0.904098,{},,625.0,BTCUSDT,2024-05-31 08:00:00,,,,,800.00731,0.0,0.0,0.0,800.00731,0.0,0.0,0.0,7.975183,7.975183,1.0,7.975183,True,False
2024-05-31 09:00:00,68136.01,68184.4,67876.0,67950.0,931.05259,0.000123,73,13.819915,0.0,trending,,797.154911,0.706349,0.675642,True,True,796.616319,1.38225,797.154911,,trending,5.844732,{},,626.0,BTCUSDT,2024-05-31 09:00:00,BTCUSDT,67950.0,0.007926,LONG,800.00731,0.0,0.0,0.0,800.00731,0.0,0.0,0.0,13.819915,13.819915,1.0,13.819915,True,True
2024-05-31 10:00:00,67950.0,68333.33,67930.0,68333.33,860.5696,0.000123,73,-0.450866,0.0,trending,,802.828142,1.379292,-1.424379,True,True,801.684611,-0.045151,802.828142,,trending,-14.270781,{},,627.0,BTCUSDT,2024-05-31 10:00:00,BTCUSDT,68333.33,0.00053,SHORT,800.00731,0.0,0.0,0.0,800.00731,0.0,0.0,0.0,-0.450866,-0.450866,1.0,-0.450866,True,True
2024-05-31 11:00:00,68333.33,68461.0,68280.0,68349.73,945.90215,0.000123,73,-1.016757,0.0,trending,,801.675923,-0.045162,-0.056513,False,,801.675923,-0.045162,801.675923,,trending,-0.565891,{},,628.0,BTCUSDT,2024-05-31 11:00:00,,,,,800.00731,0.0,0.0,0.0,800.00731,0.0,0.0,0.0,-1.016757,-1.016757,1.0,-1.016757,True,False
2024-05-31 12:00:00,68349.73,69044.1,68320.77,68643.59,2494.19878,0.000123,73,-10.842078,0.0,trending,,801.520263,-0.045365,-1.038843,True,True,800.68761,-1.085335,801.520263,,trending,-9.825321,{},,629.0,BTCUSDT,2024-05-31 12:00:00,BTCUSDT,68643.59,0.01213,SHORT,800.00731,0.0,0.0,0.0,800.00731,0.0,0.0,0.0,-10.842078,-10.842078,1.0,-10.842078,True,True
2024-05-31 13:00:00,68643.59,68821.01,68025.02,68078.34,2141.49344,0.000123,73,9.432714,0.0,trending,,807.843565,-1.066863,2.010135,True,True,806.218828,0.944227,807.843565,,trending,20.274792,{},,630.0,BTCUSDT,2024-05-31 13:00:00,BTCUSDT,68078.34,0.011193,LONG,800.00731,0.0,0.0,0.0,800.00731,0.0,0.0,0.0,9.432714,9.432714,1.0,9.432714,True,True
2024-05-31 14:00:00,68078.34,68078.34,67264.46,67501.76,3540.97557,0.000123,73,20.0,0.0,trending,,799.771496,0.943778,1.056222,True,True,798.926759,2.001057,799.771496,,trending,10.567286,{},,631.0,BTCUSDT,2024-05-31 14:00:00,BTCUSDT,67501.76,0.012514,LONG,800.00731,0.0,0.0,0.0,800.00731,0.0,0.0,0.0,24.0,24.0,1.0,24.0,True,True
2024-05-31 15:00:00,67501.76,67548.38,67200.0,67215.58,1662.47327,0.000123,73,20.0,0.0,trending,,792.148929,2.009623,-0.009623,False,,792.148929,2.009623,792.148929,,trending,0.0,{},,632.0,BTCUSDT,2024-05-31 15:00:00,,,,,800.00731,0.0,0.0,0.0,800.00731,0.0,0.0,0.0,24.0,24.0,1.0,24.0,True,False
2024-05-31 16:00:00,67215.58,67352.41,66670.0,67200.01,2882.03187,0.0001,73,20.0,0.0,trending,,791.780172,2.010093,-0.010093,False,,791.780172,2.010093,791.780172,,trending,0.0,{},,633.0,BTCUSDT,2024-05-31 16:00:00,,,,,800.00731,0.0,0.0,0.0,800.00731,0.0,0.0,0.0,24.0,24.0,1.0,24.0,True,False
2024-05-31 17:00:00,67200.01,67459.66,67160.3,67342.77,885.94352,0.0001,73,20.0,0.0,trending,,795.161272,2.005798,-0.005798,False,,795.161272,2.005798,795.161272,,trending,0.0,{},,634.0,BTCUSDT,2024-05-31 17:00:00,,,,,800.00731,0.0,0.0,0.0,800.00731,0.0,0.0,0.0,24.0,24.0,1.0,24.0,True,False
2024-05-31 18:00:00,67342.77,67444.47,67170.0,67414.88,952.07983,0.0001,73,19.335852,0.0,trending,,796.869111,2.003642,-0.070057,False,,796.869111,2.003642,796.869111,,trending,-0.664148,{},,635.0,BTCUSDT,2024-05-31 18:00:00,,,,,800.00731,0.0,0.0,0.0,800.00731,0.0,0.0,0.0,19.335852,19.335852,1.0,19.335852,True,False
2024-05-31 19:00:00,67414.88,67999.0,67342.24,67681.0,1643.46289,0.0001,73,8.141495,0.0,trending,,803.171844,1.995766,-1.181617,True,True,802.222802,0.815113,803.171844,,trending,-11.194357,{},,636.0,BTCUSDT,2024-05-31 19:00:00,BTCUSDT,67681.0,0.014022,REDUCE_LONG,800.00731,0.0,0.0,0.0,800.00731,0.0,0.0,0.0,8.141495,8.141495,1.0,8.141495,True,True
2024-05-31 20:00:00,67681.0,67798.0,67600.0,67709.04,526.31866,0.0001,73,6.469429,0.0,trending,,802.493712,0.815175,-0.168232,False,,802.493712,0.815175,802.493712,,trending,-1.672066,{},,637.0,BTCUSDT,2024-05-31 20:00:00,,,,,800.00731,0.0,0.0,0.0,800.00731,0.0,0.0,0.0,6.469429,6.469429,1.0,6.469429,True,False
2024-05-31 21:00:00,67709.04,67710.0,67500.0,67564.91,552.26479,0.0001,73,10.571149,0.0,trending,,801.101196,0.814854,0.242261,True,True,800.90712,1.057129,801.101196,,trending,4.10172,{},,638.0,BTCUSDT,2024-05-31 21:00:00,BTCUSDT,67564.91,0.002872,LONG,800.00731,0.0,0.0,0.0,800.00731,0.0,0.0,0.0,10.571149,10.571149,1.0,10.571149,True,True
2024-05-31 22:00:00,67564.91,67668.0,67509.51,67509.52,379.27151,0.0001,73,11.564785,0.0,trending,,800.213023,1.057178,0.0993,False,,800.213023,1.057178,800.213023,,trending,0.993636,{},,639.0,BTCUSDT,2024-05-31 22:00:00,,,,,800.00731,0.0,0.0,0.0,800.00731,0.0,0.0,0.0,11.564785,11.564785,1.0,11.564785,True,False
2024-05-31 23:00:00,67509.52,67602.6,67239.19,67540.01,846.89089,0.0001,73,9.184908,0.0,trending,,800.595096,1.057151,-0.13866,False,,800.595096,1.057151,800.595096,,trending,-2.379877,{},,640.0,BTCUSDT,2024-05-31 23:00:00,,,,,800.00731,0.0,0.0,0.0,800.00731,0.0,0.0,0.0,9.184908,9.184908,1.0,9.184908,True,False
2024-06-01 00:00:00,67540.01,67703.89,67507.39,67655.66,569.87074,0.0001,72,4.611345,0.0,trending,,802.044316,1.057048,-0.595913,True,True,801.566367,0.461409,802.044316,,trending,-4.573563,{},,641.0,BTCUSDT,2024-06-01 00:00:00,BTCUSDT,67655.66,0.007064,REDUCE_LONG,800.00731,0.0,0.0,0.0,800.00731,0.0,0.0,0.0,4.611345,4.611345,1.0,4.611345,True,True
2024-06-01 01:00:00,67655.66,67710.29,67428.44,67560.0,566.55975,0.0001,72,7.154218,0.0,trending,,801.043427,0.461058,0.254364,True,True,800.83967,0.715349,801.043427,,trending,2.542873,{},,642.0,BTCUSDT,2024-06-01 01:00:00,BTCUSDT,67560.0,0.003016,LONG,800.00731,0.0,0.0,0.0,800.00731,0.0,0.0,0.0,7.154218,7.154218,1.0,7.154218,True,True
2024-06-01 02:00:00,67560.0,67740.0,67546.52,67729.05,327.71958,0.0001,72,1.155439,0.0,trending,,802.273143,0.715858,-0.600314,True,True,801.791527,0.115613,802.273143,,trending,-5.998779,{},,643.0,BTCUSDT,2024-06-01 02:00:00,BTCUSDT,67729.05,0.007111,REDUCE_LONG,800.00731,0.0,0.0,0.0,800.00731,0.0,0.0,0.0,1.155439,1.155439,1.0,1.155439,True,True
2024-06-01 03:00:00,67729.05,67757.14,67623.24,67715.31,313.20132,0.0001,72,1.524538,0.0,trending,,801.772722,0.115593,0.036861,False,,801.772722,0.115593,801.772722,,trending,0.369099,{},,644.0,BTCUSDT,2024-06-01 03:00:00,,,,,800.00731,0.0,0.0,0.0,800.00731,0.0,0.0,0.0,1.524538,1.524538,1.0,1.524538,True,False
2024-06-01 04:00:00,67715.31,67763.81,67656.0,67680.01,315.96397,0.0001,72,2.554746,0.0,trending,,801.724408,0.115539,0.139935,False,,801.724408,0.115539,801.724408,,trending,1.030208,{},,645.0,BTCUSDT,2024-06-01 04:00:00,,,,,800.00731,0.0,0.0,0.0,800.00731,0.0,0.0,0.0,2.554746,2.554746,1.0,2.554746,True,False
2024-06-01 05:00:00,67680.01,67810.0,67603.0,67686.35,316.72396,0.0001,72,2.132269,0.0,trending,,801.733085,0.115549,0.097678,False,,801.733085,0.115549,801.733085,,trending,-0.422478,{},,646.0,BTCUSDT,2024-06-01 05:00:00,,,,,800.00731,0.0,0.0,0.0,800.00731,0.0,0.0,0.0,2.132269,2.132269,1.0,2.132269,True,False
2024-06-01 06:00:00,67686.35,67729.87,67607.94,67693.32,266.23887,0.0001,72,1.765295,0.0,trending,,801.742625,0.115559,0.06097,False,,801.742625,0.115559,801.742625,,trending,-0.366974,{},,647.0,BTCUSDT,2024-06-01 06:00:00,,,,,800.00731,0.0,0.0,0.0,800.00731,0.0,0.0,0.0,1.765295,1.765295,1.0,1.765295,True,False
2024-06-01 07:00:00,67693.32,67733.01,67575.23,67632.08,351.80708,0.0001,72,3.736237,0.0,trending,,801.658808,0.115467,0.258157,True,True,801.451855,0.373462,801.658808,,trending,1.970942,{},,648.0,BTCUSDT,2024-06-01 07:00:00,BTCUSDT,67632.08,0.00306,LONG,800.00731,0.0,0.0,0.0,800.00731,0.0,0.0,0.0,3.736237,3.736237,1.0,3.736237,True,True
2024-06-01 08:00:00,67632.07,67741.06,67611.61,67704.0,376.4478,0.0001,72,0.956627,0.0,trending,,801.770143,0.373711,-0.278048,True,True,801.547212,0.095689,801.770143,,trending,-2.77961,{},,649.0,BTCUSDT,2024-06-01 08:00:00,BTCUSDT,67704.0,0.003293,REDUCE_LONG,800.00731,0.0,0.0,0.0,800.00731,0.0,0.0,0.0,0.956627,0.956627,1.0,0.956627,True,True
2024-06-01 09:00:00,67704.0,67760.0,67635.0,67706.69,349.38935,0.0001,72,0.853459,0.0,trending,,801.55026,0.095693,-0.010347,False,,801.55026,0.095693,801.55026,,trending,-0.103168,{},,650.0,BTCUSDT,2024-06-01 09:00:00,,,,,800.00731,0.0,0.0,0.0,800.00731,0.0,0.0,0.0,0.853459,0.853459,1.0,0.853459,True,False
2024-06-01 10:00:00,67706.69,67750.0,67627.32,67627.33,317.62668,0.0001,72,4.733186,0.0,trending,,801.460356,0.095591,0.377727,True,True,801.157622,0.47312,801.460356,,trending,3.879726,{},,651.0,BTCUSDT,2024-06-01 10:00:00,BTCUSDT,67627.33,0.004476,LONG,800.00731,0.0,0.0,0.0,800.00731,0.0,0.0,0.0,4.733186,4.733186,1.0,4.733186,True,True
2024-06-01 11:00:00,67627.33,67694.0,67627.32,67660.57,249.68951,0.0001,72,2.828702,0.0,trending,,801.343929,0.473242,-0.190372,False,,801.343929,0.473242,801.343929,,trending,-1.904484,{},,652.0,BTCUSDT,2024-06-01 11:00:00,,,,,800.00731,0.0,0.0,0.0,800.00731,0.0,0.0,0.0,2.828702,2.828702,1.0,2.828702,True,False
2024-06-01 12:00:00,67660.57,67872.5,67640.0,67717.76,408.2284,0.0001,72,-0.425503,0.0,trending,,801.664472,0.473453,-0.516003,True,True,801.250811,-0.042572,801.664472,,trending,-3.254205,{},,653.0,BTCUSDT,2024-06-01 12:00:00,BTCUSDT,67717.76,0.000504,SHORT,800.00731,0.0,0.0,0.0,800.00731,0.0,0.0,0.0,-0.425503,-0.425503,1.0,-0.425503,True,True
2024-06-01 13:00:00,67717.76,67837.0,67714.28,67720.01,419.26976,0.0001,72,-0.535422,0.0,trending,,801.249677,-0.042574,-0.010968,False,,801.249677,-0.042574,801.249677,,trending,-0.109919,{},,654.0,BTCUSDT,2024-06-01 13:00:00,,,,,800.00731,0.0,0.0,0.0,800.00731,0.0,0.0,0.0,-0.535422,-0.535422,1.0,-0.535422,True,False
2024-06-01 14:00:00,67720.01,67870.0,67673.0,67803.34,379.0052,0.0001,72,-5.541635,0.0,trending,,801.207702,-0.042628,-0.511535,True,True,800.797856,-0.554447,801.207702,,trending,-5.006213,{},,655.0,BTCUSDT,2024-06-01 14:00:00,BTCUSDT,67803.34,0.006045,SHORT,800.00731,0.0,0.0,0.0,800.00731,0.0,0.0,0.0,-5.541635,-5.541635,1.0,-5.541635,True,True
2024-06-01 15:00:00,67803.33,67824.0,67668.01,67691.28,321.49058,0.0001,72,2.029423,0.0,trending,,801.531664,-0.553024,0.755966,True,True,800.92529,0.202893,801.531664,,trending,7.571057,{},,656.0,BTCUSDT,2024-06-01 15:00:00,BTCUSDT,67691.28,0.002403,LONG,800.00731,0.0,0.0,0.0,800.00731,0.0,0.0,0.0,2.029423,2.029423,1.0,2.029423,True,True
2024-06-01 16:00:00,67691.28,67719.99,67612.0,67700.01,304.8731,0.0001,72,1.263938,0.0,trending,,800.946247,0.202914,-0.07652,False,,800.946247,0.202914,800.946247,,trending,-0.765484,{},,657.0,BTCUSDT,2024-06-01 16:00:00,,,,,800.00731,0.0,0.0,0.0,800.00731,0.0,0.0,0.0,1.263938,1.263938,1.0,1.263938,True,False
2024-06-01 17:00:00,67700.01,67900.0,67556.72,67791.02,1177.16281,0.000102,72,-5.128103,0.0,trending,,801.164729,0.203131,-0.715941,True,True,800.591142,-0.513178,801.164729,,trending,-6.392041,{},,658.0,BTCUSDT,2024-06-01 17:00:00,BTCUSDT,67791.02,0.00606,SHORT,800.00731,0.0,0.0,0.0,800.00731,0.0,0.0,0.0,-5.128103,-5.128103,1.0,-5.128103,True,True
2024-06-01 18:00:00,67791.02,67821.73,67726.32,67750.71,277.11069,0.000102,72,-1.915295,0.0,trending,,800.835439,-0.512716,0.321187,True,True,800.577964,-0.191591,800.835439,,trending,3.212808,{},,659.0,BTCUSDT,2024-06-01 18:00:00,BTCUSDT,67750.71,0.003797,REDUCE_SHORT,800.00731,0.0,0.0,0.0,800.00731,0.0,0.0,0.0,-1.915295,-1.915295,1.0,-1.915295,True,True
2024-06-01 19:00:00,67750.7,67782.64,67685.72,67753.76,174.52798,0.000102,72,-2.107641,0.0,trending,,800.571059,-0.191601,-0.019163,False,,800.571059,-0.191601,800.571059,,trending,-0.192346,{},,660.0,BTCUSDT,2024-06-01 19:00:00,,,,,800.00731,0.0,0.0,0.0,800.00731,0.0,0.0,0.0,-2.107641,-2.107641,1.0,-2.107641,True,False
2024-06-01 20:00:00,67753.76,67796.54,67700.0,67796.54,337.18395,0.000102,72,-5.302406,0.0,trending,,800.474208,-0.191746,-0.338495,True,True,800.203251,-0.53042,800.474208,,trending,-3.194765,{},,661.0,BTCUSDT,2024-06-01 20:00:00,BTCUSDT,67796.54,0.003997,SHORT,800.00731,0.0,0.0,0.0,800.00731,0.0,0.0,0.0,-5.302406,-5.302406,1.0,-5.302406,True,True
2024-06-01 21:00:00,67796.54,67820.2,67713.23,67760.01,290.36113,0.000102,72,-2.067345,0.0,trending,,800.431949,-0.529983,0.323248,True,True,800.172952,-0.206801,800.431949,,trending,3.235061,{},,662.0,BTCUSDT,2024-06-01 21:00:00,BTCUSDT,67760.01,0.003818,REDUCE_SHORT,800.00731,0.0,0.0,0.0,800.00731,0.0,0.0,0.0,-2.067345,-2.067345,1.0,-2.067345,True,True
2024-06-01 21:00:00,67796.54,67820.2,67713.23,67760.01,290.36113,0.000102,72,,,,,800.172952,-0.206801,0.206801,,True,800.00731,0.0,800.172952,,,,,,,,,BTCUSDT,67760.01,-0.002442,CLOSE,800.00731,0.0,0.0,0.0,800.00731,0.0,0.0,0.0,,,,,,
