timestamp,open,high,low,close,volume,funding_rate,fear_greed,forecast,confidence,regime,strategy,total_portfolio_value,previous_allocation,allocation_change,approved_rebalance,succcess_execute_portfolio_rebalance,postRebalance_total_value,postRebalance_current_allocation,debug_info.error,debug_info.regime,debug_info.forecast_delta,debug_info.regime_margin,debug_info.bars_in_regime,debug_approve_allocation_change.symbol,debug_approve_allocation_change.time,debug_execute_portfolio_rebalance.symbol,debug_execute_portfolio_rebalance.price,debug_execute_portfolio_rebalance.quantity,debug_execute_portfolio_rebalance.trade_type,debug_info.regime_scores.trending,debug_info.regime_scores.mean_reversion,balances.USDT.free,balances.USDT.locked,balances.AVAXUSDT.free,balances.AVAXUSDT.locked,postRebalance_balances.USDT.free,postRebalance_balances.USDT.locked,postRebalance_balances.AVAXUSDT.free,postRebalance_balances.AVAXUSDT.locked,debug_info.components.keltner.last_history_value,debug_info.components.keltner.post_pipeline_value,debug_info.components.keltner.weight_normalized,debug_info.components.keltner.weighted_contribution,debug_approve_allocation_change.controls.max_allocation_change.passed,debug_approve_allocation_change.controls.min_allocation_change.passed
2024-01-01 00:00:00,38.57,38.97,38.49,38.94,76436.96,0.0002531,65,0.0,0.0,NOT_READY,,1000.0,0.0,0.0,,,1000.0,0.0,Strategy not ready,,,,,,,,,,,,,588.1216036437235,0.0,0.0,0.0,588.1216036437235,0.0,0.0,0.0,,,,,,
2024-01-01 01:00:00,38.94,39.65,38.83,39.39,73703.55,0.0002531,65,0.0,0.0,NOT_READY,,1000.0,0.0,0.0,,,1000.0,0.0,Strategy not ready,,,,,,,,,,,,,588.1216036437235,0.0,0.0,0.0,588.1216036437235,0.0,0.0,0.0,,,,,,
2024-01-01 02:00:00,39.38,39.39,38.96,39.04,49535.61,0.0002531,65,0.0,0.0,NOT_READY,,1000.0,0.0,0.0,,,1000.0,0.0,Strategy not ready,,,,,,,,,,,,,588.1216036437235,0.0,0.0,0.0,588.1216036437235,0.0,0.0,0.0,,,,,,
2024-01-01 03:00:00,39.04,39.07,38.4,38.51,61336.55,0.0002531,65,0.0,0.0,NOT_READY,,1000.0,0.0,0.0,,,1000.0,0.0,Strategy not ready,,,,,,,,,,,,,588.1216036437235,0.0,0.0,0.0,588.1216036437235,0.0,0.0,0.0,,,,,,
2024-01-01 04:00:00,38.51,38.64,38.0,38.21,132417.65,0.0002531,65,0.0,0.0,NOT_READY,,1000.0,0.0,0.0,,,1000.0,0.0,Strategy not ready,,,,,,,,,,,,,588.1216036437235,0.0,0.0,0.0,588.1216036437235,0.0,0.0,0.0,,,,,,
2024-01-01 05:00:00,38.21,38.53,38.06,38.11,66744.6,0.0002531,65,0.0,0.0,NOT_READY,,1000.0,0.0,0.0,,,1000.0,0.0,Strategy not ready,,,,,,,,,,,,,588.1216036437235,0.0,0.0,0.0,588.1216036437235,0.0,0.0,0.0,,,,,,
2024-01-01 06:00:00,38.12,38.42,38.08,38.33,64183.38,0.0002531,65,0.0,0.0,NOT_READY,,1000.0,0.0,0.0,,,1000.0,0.0,Strategy not ready,,,,,,,,,,,,,588.1216036437235,0.0,0.0,0.0,588.1216036437235,0.0,0.0,0.0,,,,,,
2024-01-01 07:00:00,38.33,38.68,38.19,38.53,46433.42,0.0002531,65,0.0,0.0,NOT_READY,,1000.0,0.0,0.0,,,1000.0,0.0,Strategy not ready,,,,,,,,,,,,,588.1216036437235,0.0,0.0,0.0,588.1216036437235,0.0,0.0,0.0,,,,,,
2024-01-01 08:00:00,38.54,38.78,38.46,38.77,43327.27,0.00034314,65,0.0,0.0,NOT_READY,,1000.0,0.0,0.0,,,1000.0,0.0,Strategy not ready,,,,,,,,,,,,,588.1216036437235,0.0,0.0,0.0,588.1216036437235,0.0,0.0,0.0,,,,,,
2024-01-01 09:00:00,38.76,39.79,38.68,39.63,155961.01,0.00034314,65,0.0,0.0,NOT_READY,,1000.0,0.0,0.0,,,1000.0,0.0,Strategy not ready,,,,,,,,,,,,,588.1216036437235,0.0,0.0,0.0,588.1216036437235,0.0,0.0,0.0,,,,,,
2024-01-01 10:00:00,39.61,39.89,39.5,39.52,126364.9,0.00034314,65,0.0,0.0,NOT_READY,,1000.0,0.0,0.0,,,1000.0,0.0,Strategy not ready,,,,,,,,,,,,,588.1216036437235,0.0,0.0,0.0,588.1216036437235,0.0,0.0,0.0,,,,,,
2024-01-01 11:00:00,39.51,39.73,39.12,39.52,119879.98,0.00034314,65,0.0,0.0,NOT_READY,,1000.0,0.0,0.0,,,1000.0,0.0,Strategy not ready,,,,,,,,,,,,,588.1216036437235,0.0,0.0,0.0,588.1216036437235,0.0,0.0,0.0,,,,,,
2024-01-01 12:00:00,39.53,39.81,39.39,39.67,91380.25,0.00034314,65,0.0,0.0,NOT_READY,,1000.0,0.0,0.0,,,1000.0,0.0,Strategy not ready,,,,,,,,,,,,,588.1216036437235,0.0,0.0,0.0,588.1216036437235,0.0,0.0,0.0,,,,,,
2024-01-01 13:00:00,39.66,39.76,39.49,39.58,87276.68,0.00034314,65,0.0,0.0,NOT_READY,,1000.0,0.0,0.0,,,1000.0,0.0,Strategy not ready,,,,,,,,,,,,,588.1216036437235,0.0,0.0,0.0,588.1216036437235,0.0,0.0,0.0,,,,,,
2024-01-01 14:00:00,39.59,39.76,39.3,39.53,102418.01,0.00034314,65,0.0,0.0,NOT_READY,,1000.0,0.0,0.0,,,1000.0,0.0,Strategy not ready,,,,,,,,,,,,,588.1216036437235,0.0,0.0,0.0,588.1216036437235,0.0,0.0,0.0,,,,,,
2024-01-01 15:00:00,39.53,40.28,39.46,40.15,159210.7,0.00034314,65,0.0,0.0,NOT_READY,,1000.0,0.0,0.0,,,1000.0,0.0,Strategy not ready,,,,,,,,,,,,,588.1216036437235,0.0,0.0,0.0,588.1216036437235,0.0,0.0,0.0,,,,,,
2024-01-01 16:00:00,40.14,40.38,39.9,39.99,169227.43,0.00058407,65,0.0,0.0,NOT_READY,,1000.0,0.0,0.0,,,1000.0,0.0,Strategy not ready,,,,,,,,,,,,,588.1216036437235,0.0,0.0,0.0,588.1216036437235,0.0,0.0,0.0,,,,,,
2024-01-01 17:00:00,39.99,40.15,39.88,40.06,61329.46,0.00058407,65,0.0,0.0,NOT_READY,,1000.0,0.0,0.0,,,1000.0,0.0,Strategy not ready,,,,,,,,,,,,,588.1216036437235,0.0,0.0,0.0,588.1216036437235,0.0,0.0,0.0,,,,,,
2024-01-01 18:00:00,40.06,40.63,40.06,40.5,165441.69,0.00058407,65,0.0,0.0,NOT_READY,,1000.0,0.0,0.0,,,1000.0,0.0,Strategy not ready,,,,,,,,,,,,,588.1216036437235,0.0,0.0,0.0,588.1216036437235,0.0,0.0,0.0,,,,,,
2024-01-01 19:00:00,40.51,41.08,40.51,41.05,198883.31,0.00058407,65,0.0,0.0,NOT_READY,,1000.0,0.0,0.0,,,1000.0,0.0,Strategy not ready,,,,,,,,,,,,,588.1216036437235,0.0,0.0,0.0,588.1216036437235,0.0,0.0,0.0,,,,,,
2024-01-01 20:00:00,41.06,41.49,41.01,41.19,210691.67,0.00058407,65,0.0,0.0,NOT_READY,,1000.0,0.0,0.0,,,1000.0,0.0,Strategy not ready,,,,,,,,,,,,,588.1216036437235,0.0,0.0,0.0,588.1216036437235,0.0,0.0,0.0,,,,,,
2024-01-01 21:00:00,41.19,41.44,40.96,41.18,181047.49,0.00058407,65,0.0,0.0,NOT_READY,,1000.0,0.0,0.0,,,1000.0,0.0,Strategy not ready,,,,,,,,,,,,,588.1216036437235,0.0,0.0,0.0,588.1216036437235,0.0,0.0,0.0,,,,,,
2024-01-01 22:00:00,41.17,41.31,40.75,41.3,86745.26,0.00058407,65,0.0,0.0,NOT_READY,,1000.0,0.0,0.0,,,1000.0,0.0,Strategy not ready,,,,,,,,,,,,,588.1216036437235,0.0,0.0,0.0,588.1216036437235,0.0,0.0,0.0,,,,,,
2024-01-01 23:00:00,41.3,42.0,41.2,41.94,204149.48,0.00058407,65,0.0,0.0,NOT_READY,,1000.0,0.0,0.0,,,1000.0,0.0,Strategy not ready,,,,,,,,,,,,,588.1216036437235,0.0,0.0,0.0,588.1216036437235,0.0,0.0,0.0,,,,,,
2024-01-02 00:00:00,41.95,42.51,41.59,42.49,269850.27,0.0006354,71,0.0,0.0,NOT_READY,,1000.0,0.0,0.0,,,1000.0,0.0,Strategy not ready,,,,,,,,,,,,,588.1216036437235,0.0,0.0,0.0,588.1216036437235,0.0,0.0,0.0,,,,,,
2024-01-02 01:00:00,42.48,42.83,42.11,42.14,245810.79,0.0006354,71,0.0,0.0,NOT_READY,,1000.0,0.0,0.0,,,1000.0,0.0,Strategy not ready,,,,,,,,,,,,,588.1216036437235,0.0,0.0,0.0,588.1216036437235,0.0,0.0,0.0,,,,,,
2024-01-02 02:00:00,42.13,42.35,42.02,42.1,135806.6,0.0006354,71,0.0,0.0,NOT_READY,,1000.0,0.0,0.0,,,1000.0,0.0,Strategy not ready,,,,,,,,,,,,,588.1216036437235,0.0,0.0,0.0,588.1216036437235,0.0,0.0,0.0,,,,,,
2024-01-02 03:00:00,42.09,42.18,41.73,42.08,124098.93,0.0006354,71,0.0,0.0,NOT_READY,,1000.0,0.0,0.0,,,1000.0,0.0,Strategy not ready,,,,,,,,,,,,,588.1216036437235,0.0,0.0,0.0,588.1216036437235,0.0,0.0,0.0,,,,,,
2024-01-02 04:00:00,42.08,42.47,41.9,42.4,113058.24,0.0006354,71,0.0,0.0,NOT_READY,,1000.0,0.0,0.0,,,1000.0,0.0,Strategy not ready,,,,,,,,,,,,,588.1216036437235,0.0,0.0,0.0,588.1216036437235,0.0,0.0,0.0,,,,,,
2024-01-02 05:00:00,42.41,42.79,42.33,42.76,124148.45,0.0006354,71,0.0,0.0,NOT_READY,,1000.0,0.0,0.0,,,1000.0,0.0,Strategy not ready,,,,,,,,,,,,,588.1216036437235,0.0,0.0,0.0,588.1216036437235,0.0,0.0,0.0,,,,,,
2024-01-02 06:00:00,42.75,42.76,42.31,42.33,127708.45,0.0006354,71,0.0,0.0,NOT_READY,,1000.0,0.0,0.0,,,1000.0,0.0,Strategy not ready,,,,,,,,,,,,,588.1216036437235,0.0,0.0,0.0,588.1216036437235,0.0,0.0,0.0,,,,,,
2024-01-02 07:00:00,42.34,43.33,42.32,43.21,234025.01,0.0006354,71,0.0,0.0,NOT_READY,,1000.0,0.0,0.0,,,1000.0,0.0,Strategy not ready,,,,,,,,,,,,,588.1216036437235,0.0,0.0,0.0,588.1216036437235,0.0,0.0,0.0,,,,,,
2024-01-02 08:00:00,43.2,43.27,42.71,43.13,188921.47,0.00045506,71,0.0,0.0,NOT_READY,,1000.0,0.0,0.0,,,1000.0,0.0,Strategy not ready,,,,,,,,,,,,,588.1216036437235,0.0,0.0,0.0,588.1216036437235,0.0,0.0,0.0,,,,,,
2024-01-02 09:00:00,43.12,43.44,42.89,43.23,175147.86,0.00045506,71,0.0,0.0,NOT_READY,,1000.0,0.0,0.0,,,1000.0,0.0,Strategy not ready,,,,,,,,,,,,,588.1216036437235,0.0,0.0,0.0,588.1216036437235,0.0,0.0,0.0,,,,,,
2024-01-02 10:00:00,43.23,43.26,42.51,42.87,164302.45,0.00045506,71,0.0,0.0,NOT_READY,,1000.0,0.0,0.0,,,1000.0,0.0,Strategy not ready,,,,,,,,,,,,,588.1216036437235,0.0,0.0,0.0,588.1216036437235,0.0,0.0,0.0,,,,,,
2024-01-02 11:00:00,42.87,42.97,41.98,42.28,216331.26,0.00045506,71,0.0,0.0,NOT_READY,,1000.0,0.0,0.0,,,1000.0,0.0,Strategy not ready,,,,,,,,,,,,,588.1216036437235,0.0,0.0,0.0,588.1216036437235,0.0,0.0,0.0,,,,,,
2024-01-02 12:00:00,42.29,42.5,41.74,41.75,173426.03,0.00045506,71,0.0,0.0,NOT_READY,,1000.0,0.0,0.0,,,1000.0,0.0,Strategy not ready,,,,,,,,,,,,,588.1216036437235,0.0,0.0,0.0,588.1216036437235,0.0,0.0,0.0,,,,,,
2024-01-02 13:00:00,41.75,42.06,41.74,41.77,96477.98,0.00045506,71,0.0,0.0,NOT_READY,,1000.0,0.0,0.0,,,1000.0,0.0,Strategy not ready,,,,,,,,,,,,,588.1216036437235,0.0,0.0,0.0,588.1216036437235,0.0,0.0,0.0,,,,,,
2024-01-02 14:00:00,41.77,41.98,40.62,40.9,283116.99,0.00045506,71,0.0,0.0,NOT_READY,,1000.0,0.0,0.0,,,1000.0,0.0,Strategy not ready,,,,,,,,,,,,,588.1216036437235,0.0,0.0,0.0,588.1216036437235,0.0,0.0,0.0,,,,,,
2024-01-02 15:00:00,40.89,41.55,40.51,41.15,231191.42,0.00045506,71,0.0,0.0,NOT_READY,,1000.0,0.0,0.0,,,1000.0,0.0,Strategy not ready,,,,,,,,,,,,,588.1216036437235,0.0,0.0,0.0,588.1216036437235,0.0,0.0,0.0,,,,,,
2024-01-02 16:00:00,41.16,41.46,40.81,41.36,138498.5,0.00073814,71,0.0,0.0,NOT_READY,,1000.0,0.0,0.0,,,1000.0,0.0,Strategy not ready,,,,,,,,,,,,,588.1216036437235,0.0,0.0,0.0,588.1216036437235,0.0,0.0,0.0,,,,,,
2024-01-02 17:00:00,41.36,41.37,40.73,41.07,101727.45,0.00073814,71,0.0,0.0,NOT_READY,,1000.0,0.0,0.0,,,1000.0,0.0,Strategy not ready,,,,,,,,,,,,,588.1216036437235,0.0,0.0,0.0,588.1216036437235,0.0,0.0,0.0,,,,,,
2024-01-02 18:00:00,41.07,41.32,40.85,40.94,78140.25,0.00073814,71,0.0,0.0,NOT_READY,,1000.0,0.0,0.0,,,1000.0,0.0,Strategy not ready,,,,,,,,,,,,,588.1216036437235,0.0,0.0,0.0,588.1216036437235,0.0,0.0,0.0,,,,,,
2024-01-02 19:00:00,40.93,41.28,40.52,40.78,105887.74,0.00073814,71,0.0,0.0,NOT_READY,,1000.0,0.0,0.0,,,1000.0,0.0,Strategy not ready,,,,,,,,,,,,,588.1216036437235,0.0,0.0,0.0,588.1216036437235,0.0,0.0,0.0,,,,,,
2024-01-02 20:00:00,40.78,41.05,40.38,40.44,94348.17,0.00073814,71,0.0,0.0,NOT_READY,,1000.0,0.0,0.0,,,1000.0,0.0,Strategy not ready,,,,,,,,,,,,,588.1216036437235,0.0,0.0,0.0,588.1216036437235,0.0,0.0,0.0,,,,,,
2024-01-02 21:00:00,40.44,40.75,40.31,40.71,92505.52,0.00073814,71,0.0,0.0,NOT_READY,,1000.0,0.0,0.0,,,1000.0,0.0,Strategy not ready,,,,,,,,,,,,,588.1216036437235,0.0,0.0,0.0,588.1216036437235,0.0,0.0,0.0,,,,,,
2024-01-02 22:00:00,40.7,41.01,40.49,40.76,75558.86,0.00073814,71,0.0,0.0,NOT_READY,,1000.0,0.0,0.0,,,1000.0,0.0,Strategy not ready,,,,,,,,,,,,,588.1216036437235,0.0,0.0,0.0,588.1216036437235,0.0,0.0,0.0,,,,,,
2024-01-02 23:00:00,40.76,40.82,40.43,40.61,51912.57,0.00073814,71,0.0,0.0,NOT_READY,,1000.0,0.0,0.0,,,1000.0,0.0,Strategy not ready,,,,,,,,,,,,,588.1216036437235,0.0,0.0,0.0,588.1216036437235,0.0,0.0,0.0,,,,,,
2024-01-03 00:00:00,40.61,40.98,40.38,40.74,109615.56,0.00039584,70,0.0,0.0,NOT_READY,,1000.0,0.0,0.0,,,1000.0,0.0,Strategy not ready,,,,,,,,,,,,,588.1216036437235,0.0,0.0,0.0,588.1216036437235,0.0,0.0,0.0,,,,,,
2024-01-03 01:00:00,40.73,40.89,40.5,40.85,83131.26,0.00039584,70,0.0,0.0,NOT_READY,,1000.0,0.0,0.0,,,1000.0,0.0,Strategy not ready,,,,,,,,,,,,,588.1216036437235,0.0,0.0,0.0,588.1216036437235,0.0,0.0,0.0,,,,,,
2024-01-03 02:00:00,40.85,41.0,40.54,40.58,85177.79,0.00039584,70,0.0,0.0,NOT_READY,,1000.0,0.0,0.0,,,1000.0,0.0,Strategy not ready,,,,,,,,,,,,,588.1216036437235,0.0,0.0,0.0,588.1216036437235,0.0,0.0,0.0,,,,,,
2024-01-03 03:00:00,40.57,40.82,40.52,40.73,35715.69,0.00039584,70,0.0,0.0,NOT_READY,,1000.0,0.0,0.0,,,1000.0,0.0,Strategy not ready,,,,,,,,,,,,,588.1216036437235,0.0,0.0,0.0,588.1216036437235,0.0,0.0,0.0,,,,,,
2024-01-03 04:00:00,40.73,40.9,40.57,40.69,70315.05,0.00039584,70,0.0,0.0,NOT_READY,,1000.0,0.0,0.0,,,1000.0,0.0,Strategy not ready,,,,,,,,,,,,,588.1216036437235,0.0,0.0,0.0,588.1216036437235,0.0,0.0,0.0,,,,,,
2024-01-03 05:00:00,40.69,40.96,40.65,40.8,76574.05,0.00039584,70,0.0,0.0,NOT_READY,,1000.0,0.0,0.0,,,1000.0,0.0,Strategy not ready,,,,,,,,,,,,,588.1216036437235,0.0,0.0,0.0,588.1216036437235,0.0,0.0,0.0,,,,,,
2024-01-03 06:00:00,40.82,41.14,40.72,41.05,66659.05,0.00039584,70,0.0,0.0,NOT_READY,,1000.0,0.0,0.0,,,1000.0,0.0,Strategy not ready,,,,,,,,,,,,,588.1216036437235,0.0,0.0,0.0,588.1216036437235,0.0,0.0,0.0,,,,,,
2024-01-03 07:00:00,41.04,41.29,40.58,40.68,124889.12,0.00039584,70,0.0,0.0,NOT_READY,,1000.0,0.0,0.0,,,1000.0,0.0,Strategy not ready,,,,,,,,,,,,,588.1216036437235,0.0,0.0,0.0,588.1216036437235,0.0,0.0,0.0,,,,,,
2024-01-03 08:00:00,40.69,40.99,40.65,40.95,91403.28,0.00031764,70,0.0,0.0,NOT_READY,,1000.0,0.0,0.0,,,1000.0,0.0,Strategy not ready,,,,,,,,,,,,,588.1216036437235,0.0,0.0,0.0,588.1216036437235,0.0,0.0,0.0,,,,,,
2024-01-03 09:00:00,40.97,41.29,40.88,41.13,128768.0,0.00031764,70,0.0,0.0,NOT_READY,,1000.0,0.0,0.0,,,1000.0,0.0,Strategy not ready,,,,,,,,,,,,,588.1216036437235,0.0,0.0,0.0,588.1216036437235,0.0,0.0,0.0,,,,,,
2024-01-03 10:00:00,41.14,41.43,40.85,40.99,136797.96,0.00031764,70,0.0,0.0,NOT_READY,,1000.0,0.0,0.0,,,1000.0,0.0,Strategy not ready,,,,,,,,,,,,,588.1216036437235,0.0,0.0,0.0,588.1216036437235,0.0,0.0,0.0,,,,,,
2024-01-03 11:00:00,41.0,41.01,39.0,39.32,472115.44,0.00031764,70,0.0,0.0,NOT_READY,,1000.0,0.0,0.0,,,1000.0,0.0,Strategy not ready,,,,,,,,,,,,,588.1216036437235,0.0,0.0,0.0,588.1216036437235,0.0,0.0,0.0,,,,,,
2024-01-03 12:00:00,39.33,39.35,33.06,37.73,1691022.7,0.00031764,70,0.0,0.0,NOT_READY,,1000.0,0.0,0.0,,,1000.0,0.0,Strategy not ready,,,,,,,,,,,,,588.1216036437235,0.0,0.0,0.0,588.1216036437235,0.0,0.0,0.0,,,,,,
2024-01-03 13:00:00,37.73,37.75,36.0,36.85,635400.66,0.00031764,70,0.0,0.0,NOT_READY,,1000.0,0.0,0.0,,,1000.0,0.0,Strategy not ready,,,,,,,,,,,,,588.1216036437235,0.0,0.0,0.0,588.1216036437235,0.0,0.0,0.0,,,,,,
2024-01-03 14:00:00,36.85,36.88,35.6,36.02,428410.96,0.00031764,70,0.0,0.0,NOT_READY,,1000.0,0.0,0.0,,,1000.0,0.0,Strategy not ready,,,,,,,,,,,,,588.1216036437235,0.0,0.0,0.0,588.1216036437235,0.0,0.0,0.0,,,,,,
2024-01-03 15:00:00,36.01,37.2,35.95,37.14,335032.41,0.00031764,70,0.0,0.0,NOT_READY,,1000.0,0.0,0.0,,,1000.0,0.0,Strategy not ready,,,,,,,,,,,,,588.1216036437235,0.0,0.0,0.0,588.1216036437235,0.0,0.0,0.0,,,,,,
2024-01-03 16:00:00,37.15,37.28,36.31,36.85,479104.57,0.0001,70,0.0,0.0,NOT_READY,,1000.0,0.0,0.0,,,1000.0,0.0,Strategy not ready,,,,,,,,,,,,,588.1216036437235,0.0,0.0,0.0,588.1216036437235,0.0,0.0,0.0,,,,,,
2024-01-03 17:00:00,36.85,36.86,36.13,36.48,257835.35,0.0001,70,0.0,0.0,NOT_READY,,1000.0,0.0,0.0,,,1000.0,0.0,Strategy not ready,,,,,,,,,,,,,588.1216036437235,0.0,0.0,0.0,588.1216036437235,0.0,0.0,0.0,,,,,,
2024-01-03 18:00:00,36.48,36.79,35.5,35.94,212858.57,0.0001,70,0.0,0.0,NOT_READY,,1000.0,0.0,0.0,,,1000.0,0.0,Strategy not ready,,,,,,,,,,,,,588.1216036437235,0.0,0.0,0.0,588.1216036437235,0.0,0.0,0.0,,,,,,
2024-01-03 19:00:00,35.95,36.66,35.95,36.22,133098.38,0.0001,70,0.0,0.0,NOT_READY,,1000.0,0.0,0.0,,,1000.0,0.0,Strategy not ready,,,,,,,,,,,,,588.1216036437235,0.0,0.0,0.0,588.1216036437235,0.0,0.0,0.0,,,,,,
2024-01-03 20:00:00,36.21,37.28,36.16,37.14,294124.68,0.0001,70,0.0,0.0,NOT_READY,,1000.0,0.0,0.0,,,1000.0,0.0,Strategy not ready,,,,,,,,,,,,,588.1216036437235,0.0,0.0,0.0,588.1216036437235,0.0,0.0,0.0,,,,,,
2024-01-03 21:00:00,37.17,37.46,36.92,37.32,158929.11,0.0001,70,0.0,0.0,NOT_READY,,1000.0,0.0,0.0,,,1000.0,0.0,Strategy not ready,,,,,,,,,,,,,588.1216036437235,0.0,0.0,0.0,588.1216036437235,0.0,0.0,0.0,,,,,,
2024-01-03 22:00:00,37.33,37.44,36.59,36.71,108718.26,0.0001,70,0.0,0.0,NOT_READY,,1000.0,0.0,0.0,,,1000.0,0.0,Strategy not ready,,,,,,,,,,,,,588.1216036437235,0.0,0.0,0.0,588.1216036437235,0.0,0.0,0.0,,,,,,
2024-01-03 23:00:00,36.72,36.81,36.4,36.8,73932.77,0.0001,70,0.0,0.0,NOT_READY,,1000.0,0.0,0.0,,,1000.0,0.0,Strategy not ready,,,,,,,,,,,,,588.1216036437235,0.0,0.0,0.0,588.1216036437235,0.0,0.0,0.0,,,,,,
2024-01-04 00:00:00,36.79,37.2,36.65,36.85,81593.18,0.0001,68,0.0,0.0,NOT_READY,,1000.0,0.0,0.0,,,1000.0,0.0,Strategy not ready,,,,,,,,,,,,,588.1216036437235,0.0,0.0,0.0,588.1216036437235,0.0,0.0,0.0,,,,,,
2024-01-04 01:00:00,36.85,37.01,36.2,36.29,100760.43,0.0001,68,0.0,0.0,NOT_READY,,1000.0,0.0,0.0,,,1000.0,0.0,Strategy not ready,,,,,,,,,,,,,588.1216036437235,0.0,0.0,0.0,588.1216036437235,0.0,0.0,0.0,,,,,,
2024-01-04 02:00:00,36.29,37.15,36.21,37.11,77440.92,0.0001,68,0.0,0.0,NOT_READY,,1000.0,0.0,0.0,,,1000.0,0.0,Strategy not ready,,,,,,,,,,,,,588.1216036437235,0.0,0.0,0.0,588.1216036437235,0.0,0.0,0.0,,,,,,
2024-01-04 03:00:00,37.12,37.18,36.62,36.99,68512.96,0.0001,68,0.0,0.0,NOT_READY,,1000.0,0.0,0.0,,,1000.0,0.0,Strategy not ready,,,,,,,,,,,,,588.1216036437235,0.0,0.0,0.0,588.1216036437235,0.0,0.0,0.0,,,,,,
2024-01-04 04:00:00,36.99,37.13,36.81,37.02,68480.89,0.0001,68,0.0,0.0,NOT_READY,,1000.0,0.0,0.0,,,1000.0,0.0,Strategy not ready,,,,,,,,,,,,,588.1216036437235,0.0,0.0,0.0,588.1216036437235,0.0,0.0,0.0,,,,,,
2024-01-04 05:00:00,37.03,37.31,36.73,36.99,76173.11,0.0001,68,0.0,0.0,NOT_READY,,1000.0,0.0,0.0,,,1000.0,0.0,Strategy not ready,,,,,,,,,,,,,588.1216036437235,0.0,0.0,0.0,588.1216036437235,0.0,0.0,0.0,,,,,,
2024-01-04 06:00:00,36.99,37.38,36.86,37.17,58274.07,0.0001,68,0.0,0.0,NOT_READY,,1000.0,0.0,0.0,,,1000.0,0.0,Strategy not ready,,,,,,,,,,,,,588.1216036437235,0.0,0.0,0.0,588.1216036437235,0.0,0.0,0.0,,,,,,
2024-01-04 07:00:00,37.17,37.37,36.58,36.59,113934.01,0.0001,68,0.0,0.0,NOT_READY,,1000.0,0.0,0.0,,,1000.0,0.0,Strategy not ready,,,,,,,,,,,,,588.1216036437235,0.0,0.0,0.0,588.1216036437235,0.0,0.0,0.0,,,,,,
2024-01-04 08:00:00,36.6,36.79,36.38,36.61,103356.32,0.0001,68,0.0,0.0,NOT_READY,,1000.0,0.0,0.0,,,1000.0,0.0,Strategy not ready,,,,,,,,,,,,,588.1216036437235,0.0,0.0,0.0,588.1216036437235,0.0,0.0,0.0,,,,,,
2024-01-04 09:00:00,36.61,36.94,36.59,36.75,69407.21,0.0001,68,0.0,0.0,NOT_READY,,1000.0,0.0,0.0,,,1000.0,0.0,Strategy not ready,,,,,,,,,,,,,588.1216036437235,0.0,0.0,0.0,588.1216036437235,0.0,0.0,0.0,,,,,,
2024-01-04 10:00:00,36.75,36.85,36.07,36.68,115914.83,0.0001,68,0.0,0.0,NOT_READY,,1000.0,0.0,0.0,,,1000.0,0.0,Strategy not ready,,,,,,,,,,,,,588.1216036437235,0.0,0.0,0.0,588.1216036437235,0.0,0.0,0.0,,,,,,
2024-01-04 11:00:00,36.68,37.15,36.68,37.03,92463.23,0.0001,68,0.0,0.0,NOT_READY,,1000.0,0.0,0.0,,,1000.0,0.0,Strategy not ready,,,,,,,,,,,,,588.1216036437235,0.0,0.0,0.0,588.1216036437235,0.0,0.0,0.0,,,,,,
2024-01-04 12:00:00,37.04,37.4,36.78,37.36,132548.06,0.0001,68,0.0,0.0,NOT_READY,,1000.0,0.0,0.0,,,1000.0,0.0,Strategy not ready,,,,,,,,,,,,,588.1216036437235,0.0,0.0,0.0,588.1216036437235,0.0,0.0,0.0,,,,,,
2024-01-04 13:00:00,37.35,37.39,36.85,37.19,97116.99,0.0001,68,0.0,0.0,NOT_READY,,1000.0,0.0,0.0,,,1000.0,0.0,Strategy not ready,,,,,,,,,,,,,588.1216036437235,0.0,0.0,0.0,588.1216036437235,0.0,0.0,0.0,,,,,,
2024-01-04 14:00:00,37.19,37.96,37.03,37.95,189857.35,0.0001,68,0.0,0.0,NOT_READY,,1000.0,0.0,0.0,,,1000.0,0.0,Strategy not ready,,,,,,,,,,,,,588.1216036437235,0.0,0.0,0.0,588.1216036437235,0.0,0.0,0.0,,,,,,
2024-01-04 15:00:00,37.95,39.45,37.61,39.3,382251.97,0.0001,68,0.0,0.0,NOT_READY,,1000.0,0.0,0.0,,,1000.0,0.0,Strategy not ready,,,,,,,,,,,,,588.1216036437235,0.0,0.0,0.0,588.1216036437235,0.0,0.0,0.0,,,,,,
2024-01-04 16:00:00,39.3,39.32,38.02,38.76,341580.9,0.0001,68,0.0,0.0,NOT_READY,,1000.0,0.0,0.0,,,1000.0,0.0,Strategy not ready,,,,,,,,,,,,,588.1216036437235,0.0,0.0,0.0,588.1216036437235,0.0,0.0,0.0,,,,,,
2024-01-04 17:00:00,38.76,38.93,38.24,38.82,301236.76,0.0001,68,0.0,0.0,NOT_READY,,1000.0,0.0,0.0,,,1000.0,0.0,Strategy not ready,,,,,,,,,,,,,588.1216036437235,0.0,0.0,0.0,588.1216036437235,0.0,0.0,0.0,,,,,,
2024-01-04 18:00:00,38.82,39.14,38.69,38.82,142402.91,0.0001,68,0.0,0.0,NOT_READY,,1000.0,0.0,0.0,,,1000.0,0.0,Strategy not ready,,,,,,,,,,,,,588.1216036437235,0.0,0.0,0.0,588.1216036437235,0.0,0.0,0.0,,,,,,
2024-01-04 19:00:00,38.82,39.38,38.49,38.78,327165.54,0.0001,68,0.0,0.0,NOT_READY,,1000.0,0.0,0.0,,,1000.0,0.0,Strategy not ready,,,,,,,,,,,,,588.1216036437235,0.0,0.0,0.0,588.1216036437235,0.0,0.0,0.0,,,,,,
2024-01-04 20:00:00,38.78,39.41,38.72,38.73,293306.3,0.0001,68,0.0,0.0,NOT_READY,,1000.0,0.0,0.0,,,1000.0,0.0,Strategy not ready,,,,,,,,,,,,,588.1216036437235,0.0,0.0,0.0,588.1216036437235,0.0,0.0,0.0,,,,,,
2024-01-04 21:00:00,38.73,39.06,38.45,38.62,143913.27,0.0001,68,0.0,0.0,NOT_READY,,1000.0,0.0,0.0,,,1000.0,0.0,Strategy not ready,,,,,,,,,,,,,588.1216036437235,0.0,0.0,0.0,588.1216036437235,0.0,0.0,0.0,,,,,,
2024-01-04 22:00:00,38.62,39.05,38.31,38.56,83244.06,0.0001,68,0.0,0.0,NOT_READY,,1000.0,0.0,0.0,,,1000.0,0.0,Strategy not ready,,,,,,,,,,,,,588.1216036437235,0.0,0.0,0.0,588.1216036437235,0.0,0.0,0.0,,,,,,
2024-01-04 23:00:00,38.56,38.81,38.49,38.72,80930.44,0.0001,68,0.0,0.0,NOT_READY,,1000.0,0.0,0.0,,,1000.0,0.0,Strategy not ready,,,,,,,,,,,,,588.1216036437235,0.0,0.0,0.0,588.1216036437235,0.0,0.0,0.0,,,,,,
2024-01-05 00:00:00,38.72,38.91,38.32,38.65,80374.61,0.0001,72,0.0,0.0,NOT_READY,,1000.0,0.0,0.0,,,1000.0,0.0,Strategy not ready,,,,,,,,,,,,,588.1216036437235,0.0,0.0,0.0,588.1216036437235,0.0,0.0,0.0,,,,,,
2024-01-05 01:00:00,38.65,38.69,36.5,37.46,286050.29,0.0001,72,0.0,0.0,NOT_READY,,1000.0,0.0,0.0,,,1000.0,0.0,Strategy not ready,,,,,,,,,,,,,588.1216036437235,0.0,0.0,0.0,588.1216036437235,0.0,0.0,0.0,,,,,,
2024-01-05 02:00:00,37.45,37.82,37.08,37.14,150793.49,0.0001,72,0.0,0.0,NOT_READY,,1000.0,0.0,0.0,,,1000.0,0.0,Strategy not ready,,,,,,,,,,,,,588.1216036437235,0.0,0.0,0.0,588.1216036437235,0.0,0.0,0.0,,,,,,
2024-01-05 03:00:00,37.14,37.53,36.88,36.95,158666.43,0.0001,72,0.0,0.0,NOT_READY,,1000.0,0.0,0.0,,,1000.0,0.0,Strategy not ready,,,,,,,,,,,,,588.1216036437235,0.0,0.0,0.0,588.1216036437235,0.0,0.0,0.0,,,,,,
2024-01-05 04:00:00,36.95,37.1,36.67,36.83,147012.6,0.0001,72,0.0,0.0,NOT_READY,,1000.0,0.0,0.0,,,1000.0,0.0,Strategy not ready,,,,,,,,,,,,,588.1216036437235,0.0,0.0,0.0,588.1216036437235,0.0,0.0,0.0,,,,,,
2024-01-05 05:00:00,36.84,37.2,36.76,36.9,84756.38,0.0001,72,0.0,0.0,NOT_READY,,1000.0,0.0,0.0,,,1000.0,0.0,Strategy not ready,,,,,,,,,,,,,588.1216036437235,0.0,0.0,0.0,588.1216036437235,0.0,0.0,0.0,,,,,,
2024-01-05 06:00:00,36.9,37.28,36.74,37.18,78820.97,0.0001,72,0.0,0.0,NOT_READY,,1000.0,0.0,0.0,,,1000.0,0.0,Strategy not ready,,,,,,,,,,,,,588.1216036437235,0.0,0.0,0.0,588.1216036437235,0.0,0.0,0.0,,,,,,
2024-01-05 07:00:00,37.19,37.31,37.01,37.05,67568.81,0.0001,72,0.0,0.0,NOT_READY,,1000.0,0.0,0.0,,,1000.0,0.0,Strategy not ready,,,,,,,,,,,,,588.1216036437235,0.0,0.0,0.0,588.1216036437235,0.0,0.0,0.0,,,,,,
2024-01-05 08:00:00,37.05,37.56,37.01,37.33,91281.6,0.0001,72,0.0,0.0,NOT_READY,,1000.0,0.0,0.0,,,1000.0,0.0,Strategy not ready,,,,,,,,,,,,,588.1216036437235,0.0,0.0,0.0,588.1216036437235,0.0,0.0,0.0,,,,,,
2024-01-05 09:00:00,37.34,37.74,37.26,37.4,117553.32,0.0001,72,0.0,0.0,NOT_READY,,1000.0,0.0,0.0,,,1000.0,0.0,Strategy not ready,,,,,,,,,,,,,588.1216036437235,0.0,0.0,0.0,588.1216036437235,0.0,0.0,0.0,,,,,,
2024-01-05 10:00:00,37.42,37.49,36.4,36.76,125308.07,0.0001,72,0.0,0.0,NOT_READY,,1000.0,0.0,0.0,,,1000.0,0.0,Strategy not ready,,,,,,,,,,,,,588.1216036437235,0.0,0.0,0.0,588.1216036437235,0.0,0.0,0.0,,,,,,
2024-01-05 11:00:00,36.76,36.97,36.33,36.41,150899.1,0.0001,72,0.0,0.0,NOT_READY,,1000.0,0.0,0.0,,,1000.0,0.0,Strategy not ready,,,,,,,,,,,,,588.1216036437235,0.0,0.0,0.0,588.1216036437235,0.0,0.0,0.0,,,,,,
2024-01-05 12:00:00,36.41,36.83,36.15,36.65,133705.5,0.0001,72,0.0,0.0,NOT_READY,,1000.0,0.0,0.0,,,1000.0,0.0,Strategy not ready,,,,,,,,,,,,,588.1216036437235,0.0,0.0,0.0,588.1216036437235,0.0,0.0,0.0,,,,,,
2024-01-05 13:00:00,36.66,36.98,36.47,36.68,113466.34,0.0001,72,0.0,0.0,NOT_READY,,1000.0,0.0,0.0,,,1000.0,0.0,Strategy not ready,,,,,,,,,,,,,588.1216036437235,0.0,0.0,0.0,588.1216036437235,0.0,0.0,0.0,,,,,,
2024-01-05 14:00:00,36.69,36.86,35.58,35.74,273459.3,0.0001,72,0.0,0.0,NOT_READY,,1000.0,0.0,0.0,,,1000.0,0.0,Strategy not ready,,,,,,,,,,,,,588.1216036437235,0.0,0.0,0.0,588.1216036437235,0.0,0.0,0.0,,,,,,
2024-01-05 15:00:00,35.75,36.37,35.65,36.1,220925.64,0.0001,72,0.0,0.0,NOT_READY,,1000.0,0.0,0.0,,,1000.0,0.0,Strategy not ready,,,,,,,,,,,,,588.1216036437235,0.0,0.0,0.0,588.1216036437235,0.0,0.0,0.0,,,,,,
2024-01-05 16:00:00,36.09,36.29,35.0,35.08,215978.3,0.0001,72,0.0,0.0,NOT_READY,,1000.0,0.0,0.0,,,1000.0,0.0,Strategy not ready,,,,,,,,,,,,,588.1216036437235,0.0,0.0,0.0,588.1216036437235,0.0,0.0,0.0,,,,,,
2024-01-05 17:00:00,35.08,35.8,35.0,35.6,240395.89,0.0001,72,0.0,0.0,NOT_READY,,1000.0,0.0,0.0,,,1000.0,0.0,Strategy not ready,,,,,,,,,,,,,588.1216036437235,0.0,0.0,0.0,588.1216036437235,0.0,0.0,0.0,,,,,,
2024-01-05 18:00:00,35.61,35.81,35.39,35.57,103868.84,0.0001,72,0.0,0.0,NOT_READY,,1000.0,0.0,0.0,,,1000.0,0.0,Strategy not ready,,,,,,,,,,,,,588.1216036437235,0.0,0.0,0.0,588.1216036437235,0.0,0.0,0.0,,,,,,
2024-01-05 19:00:00,35.58,35.88,35.4,35.8,120010.56,0.0001,72,0.0,0.0,NOT_READY,,1000.0,0.0,0.0,,,1000.0,0.0,Strategy not ready,,,,,,,,,,,,,588.1216036437235,0.0,0.0,0.0,588.1216036437235,0.0,0.0,0.0,,,,,,
2024-01-05 20:00:00,35.81,36.57,35.78,36.43,155924.75,0.0001,72,0.0,0.0,NOT_READY,,1000.0,0.0,0.0,,,1000.0,0.0,Strategy not ready,,,,,,,,,,,,,588.1216036437235,0.0,0.0,0.0,588.1216036437235,0.0,0.0,0.0,,,,,,
2024-01-05 21:00:00,36.44,36.44,35.93,36.3,80483.18,0.0001,72,0.0,0.0,NOT_READY,,1000.0,0.0,0.0,,,1000.0,0.0,Strategy not ready,,,,,,,,,,,,,588.1216036437235,0.0,0.0,0.0,588.1216036437235,0.0,0.0,0.0,,,,,,
2024-01-05 22:00:00,36.3,36.37,35.73,36.13,123459.25,0.0001,72,0.0,0.0,NOT_READY,,1000.0,0.0,0.0,,,1000.0,0.0,Strategy not ready,,,,,,,,,,,,,588.1216036437235,0.0,0.0,0.0,588.1216036437235,0.0,0.0,0.0,,,,,,
2024-01-05 23:00:00,36.13,36.58,36.13,36.46,65150.87,0.0001,72,0.0,0.0,NOT_READY,,1000.0,0.0,0.0,,,1000.0,0.0,Strategy not ready,,,,,,,,,,,,,588.1216036437235,0.0,0.0,0.0,588.1216036437235,0.0,0.0,0.0,,,,,,
2024-01-06 00:00:00,36.46,36.51,35.98,36.14,63452.44,0.0001,70,0.0,0.0,NOT_READY,,1000.0,0.0,0.0,,,1000.0,0.0,Strategy not ready,,,,,,,,,,,,,588.1216036437235,0.0,0.0,0.0,588.1216036437235,0.0,0.0,0.0,,,,,,
2024-01-06 01:00:00,36.15,36.17,35.73,35.84,67035.66,0.0001,70,0.0,0.0,NOT_READY,,1000.0,0.0,0.0,,,1000.0,0.0,Strategy not ready,,,,,,,,,,,,,588.1216036437235,0.0,0.0,0.0,588.1216036437235,0.0,0.0,0.0,,,,,,
2024-01-06 02:00:00,35.84,35.9,35.53,35.72,48209.23,0.0001,70,0.0,0.0,NOT_READY,,1000.0,0.0,0.0,,,1000.0,0.0,Strategy not ready,,,,,,,,,,,,,588.1216036437235,0.0,0.0,0.0,588.1216036437235,0.0,0.0,0.0,,,,,,
2024-01-06 03:00:00,35.72,35.79,35.36,35.44,58542.14,0.0001,70,0.0,0.0,NOT_READY,,1000.0,0.0,0.0,,,1000.0,0.0,Strategy not ready,,,,,,,,,,,,,588.1216036437235,0.0,0.0,0.0,588.1216036437235,0.0,0.0,0.0,,,,,,
2024-01-06 04:00:00,35.45,35.8,35.18,35.2,89935.66,0.0001,70,0.0,0.0,NOT_READY,,1000.0,0.0,0.0,,,1000.0,0.0,Strategy not ready,,,,,,,,,,,,,588.1216036437235,0.0,0.0,0.0,588.1216036437235,0.0,0.0,0.0,,,,,,
2024-01-06 05:00:00,35.21,35.29,33.8,34.14,269595.57,0.0001,70,0.0,0.0,NOT_READY,,1000.0,0.0,0.0,,,1000.0,0.0,Strategy not ready,,,,,,,,,,,,,588.1216036437235,0.0,0.0,0.0,588.1216036437235,0.0,0.0,0.0,,,,,,
2024-01-06 06:00:00,34.15,34.3,33.42,33.63,270932.73,0.0001,70,0.0,0.0,NOT_READY,,1000.0,0.0,0.0,,,1000.0,0.0,Strategy not ready,,,,,,,,,,,,,588.1216036437235,0.0,0.0,0.0,588.1216036437235,0.0,0.0,0.0,,,,,,
2024-01-06 07:00:00,33.61,34.48,33.57,34.47,146642.73,0.0001,70,0.0,0.0,NOT_READY,,1000.0,0.0,0.0,,,1000.0,0.0,Strategy not ready,,,,,,,,,,,,,588.1216036437235,0.0,0.0,0.0,588.1216036437235,0.0,0.0,0.0,,,,,,
2024-01-06 08:00:00,34.46,34.61,34.13,34.58,115170.03,0.0001,70,0.0,0.0,NOT_READY,,1000.0,0.0,0.0,,,1000.0,0.0,Strategy not ready,,,,,,,,,,,,,588.1216036437235,0.0,0.0,0.0,588.1216036437235,0.0,0.0,0.0,,,,,,
2024-01-06 09:00:00,34.59,35.03,34.43,34.87,91396.3,0.0001,70,0.0,0.0,NOT_READY,,1000.0,0.0,0.0,,,1000.0,0.0,Strategy not ready,,,,,,,,,,,,,588.1216036437235,0.0,0.0,0.0,588.1216036437235,0.0,0.0,0.0,,,,,,
2024-01-06 10:00:00,34.88,34.97,34.65,34.72,72058.98,0.0001,70,0.0,0.0,NOT_READY,,1000.0,0.0,0.0,,,1000.0,0.0,Strategy not ready,,,,,,,,,,,,,588.1216036437235,0.0,0.0,0.0,588.1216036437235,0.0,0.0,0.0,,,,,,
2024-01-06 11:00:00,34.71,34.91,34.54,34.75,52961.44,0.0001,70,0.0,0.0,NOT_READY,,1000.0,0.0,0.0,,,1000.0,0.0,Strategy not ready,,,,,,,,,,,,,588.1216036437235,0.0,0.0,0.0,588.1216036437235,0.0,0.0,0.0,,,,,,
2024-01-06 12:00:00,34.76,34.98,34.44,34.53,74641.79,0.0001,70,0.0,0.0,NOT_READY,,1000.0,0.0,0.0,,,1000.0,0.0,Strategy not ready,,,,,,,,,,,,,588.1216036437235,0.0,0.0,0.0,588.1216036437235,0.0,0.0,0.0,,,,,,
2024-01-06 13:00:00,34.53,34.76,34.38,34.64,60027.21,0.0001,70,0.0,0.0,NOT_READY,,1000.0,0.0,0.0,,,1000.0,0.0,Strategy not ready,,,,,,,,,,,,,588.1216036437235,0.0,0.0,0.0,588.1216036437235,0.0,0.0,0.0,,,,,,
2024-01-06 14:00:00,34.64,35.18,34.62,34.88,81661.14,0.0001,70,0.0,0.0,NOT_READY,,1000.0,0.0,0.0,,,1000.0,0.0,Strategy not ready,,,,,,,,,,,,,588.1216036437235,0.0,0.0,0.0,588.1216036437235,0.0,0.0,0.0,,,,,,
2024-01-06 15:00:00,34.89,35.03,34.69,34.94,75325.84,0.0001,70,0.0,0.0,NOT_READY,,1000.0,0.0,0.0,,,1000.0,0.0,Strategy not ready,,,,,,,,,,,,,588.1216036437235,0.0,0.0,0.0,588.1216036437235,0.0,0.0,0.0,,,,,,
2024-01-06 16:00:00,34.94,35.38,34.84,35.24,135871.8,0.0001,70,0.0,0.0,NOT_READY,,1000.0,0.0,0.0,,,1000.0,0.0,Strategy not ready,,,,,,,,,,,,,588.1216036437235,0.0,0.0,0.0,588.1216036437235,0.0,0.0,0.0,,,,,,
2024-01-06 17:00:00,35.23,35.41,35.01,35.19,98511.59,0.0001,70,0.0,0.0,NOT_READY,,1000.0,0.0,0.0,,,1000.0,0.0,Strategy not ready,,,,,,,,,,,,,588.1216036437235,0.0,0.0,0.0,588.1216036437235,0.0,0.0,0.0,,,,,,
2024-01-06 18:00:00,35.19,35.32,34.97,35.03,65425.76,0.0001,70,0.0,0.0,NOT_READY,,1000.0,0.0,0.0,,,1000.0,0.0,Strategy not ready,,,,,,,,,,,,,588.1216036437235,0.0,0.0,0.0,588.1216036437235,0.0,0.0,0.0,,,,,,
2024-01-06 19:00:00,35.04,35.05,34.52,34.74,86623.8,0.0001,70,0.0,0.0,NOT_READY,,1000.0,0.0,0.0,,,1000.0,0.0,Strategy not ready,,,,,,,,,,,,,588.1216036437235,0.0,0.0,0.0,588.1216036437235,0.0,0.0,0.0,,,,,,
2024-01-06 20:00:00,34.73,34.91,34.5,34.68,58360.1,0.0001,70,0.0,0.0,NOT_READY,,1000.0,0.0,0.0,,,1000.0,0.0,Strategy not ready,,,,,,,,,,,,,588.1216036437235,0.0,0.0,0.0,588.1216036437235,0.0,0.0,0.0,,,,,,
2024-01-06 21:00:00,34.68,34.76,34.33,34.56,85159.67,0.0001,70,0.0,0.0,NOT_READY,,1000.0,0.0,0.0,,,1000.0,0.0,Strategy not ready,,,,,,,,,,,,,588.1216036437235,0.0,0.0,0.0,588.1216036437235,0.0,0.0,0.0,,,,,,
2024-01-06 22:00:00,34.56,34.73,33.93,34.06,114455.62,0.0001,70,0.0,0.0,NOT_READY,,1000.0,0.0,0.0,,,1000.0,0.0,Strategy not ready,,,,,,,,,,,,,588.1216036437235,0.0,0.0,0.0,588.1216036437235,0.0,0.0,0.0,,,,,,
2024-01-06 23:00:00,34.06,34.67,33.65,34.61,85156.64,0.0001,70,0.0,0.0,NOT_READY,,1000.0,0.0,0.0,,,1000.0,0.0,Strategy not ready,,,,,,,,,,,,,588.1216036437235,0.0,0.0,0.0,588.1216036437235,0.0,0.0,0.0,,,,,,
2024-01-07 00:00:00,34.62,35.46,34.4,35.32,135184.23,0.0001,71,0.0,0.0,NOT_READY,,1000.0,0.0,0.0,,,1000.0,0.0,Strategy not ready,,,,,,,,,,,,,588.1216036437235,0.0,0.0,0.0,588.1216036437235,0.0,0.0,0.0,,,,,,
2024-01-07 01:00:00,35.35,35.4,34.65,34.75,161811.65,0.0001,71,0.0,0.0,NOT_READY,,1000.0,0.0,0.0,,,1000.0,0.0,Strategy not ready,,,,,,,,,,,,,588.1216036437235,0.0,0.0,0.0,588.1216036437235,0.0,0.0,0.0,,,,,,
2024-01-07 02:00:00,34.74,35.01,34.23,34.39,87668.69,0.0001,71,0.0,0.0,NOT_READY,,1000.0,0.0,0.0,,,1000.0,0.0,Strategy not ready,,,,,,,,,,,,,588.1216036437235,0.0,0.0,0.0,588.1216036437235,0.0,0.0,0.0,,,,,,
2024-01-07 03:00:00,34.4,34.65,34.3,34.52,50520.53,0.0001,71,0.0,0.0,NOT_READY,,1000.0,0.0,0.0,,,1000.0,0.0,Strategy not ready,,,,,,,,,,,,,588.1216036437235,0.0,0.0,0.0,588.1216036437235,0.0,0.0,0.0,,,,,,
2024-01-07 04:00:00,34.52,34.9,34.5,34.89,57311.74,0.0001,71,0.0,0.0,NOT_READY,,1000.0,0.0,0.0,,,1000.0,0.0,Strategy not ready,,,,,,,,,,,,,588.1216036437235,0.0,0.0,0.0,588.1216036437235,0.0,0.0,0.0,,,,,,
2024-01-07 05:00:00,34.89,35.33,34.78,35.26,123238.43,0.0001,71,0.0,0.0,NOT_READY,,1000.0,0.0,0.0,,,1000.0,0.0,Strategy not ready,,,,,,,,,,,,,588.1216036437235,0.0,0.0,0.0,588.1216036437235,0.0,0.0,0.0,,,,,,
2024-01-07 06:00:00,35.28,35.78,35.19,35.44,211403.04,0.0001,71,0.0,0.0,NOT_READY,,1000.0,0.0,0.0,,,1000.0,0.0,Strategy not ready,,,,,,,,,,,,,588.1216036437235,0.0,0.0,0.0,588.1216036437235,0.0,0.0,0.0,,,,,,
2024-01-07 07:00:00,35.45,35.5,34.97,35.07,124875.23,0.0001,71,0.0,0.0,NOT_READY,,1000.0,0.0,0.0,,,1000.0,0.0,Strategy not ready,,,,,,,,,,,,,588.1216036437235,0.0,0.0,0.0,588.1216036437235,0.0,0.0,0.0,,,,,,
2024-01-07 08:00:00,35.07,35.33,34.55,34.63,85072.79,0.0001,71,0.0,0.0,NOT_READY,,1000.0,0.0,0.0,,,1000.0,0.0,Strategy not ready,,,,,,,,,,,,,588.1216036437235,0.0,0.0,0.0,588.1216036437235,0.0,0.0,0.0,,,,,,
2024-01-07 09:00:00,34.62,34.8,34.32,34.4,95692.43,0.0001,71,0.0,0.0,NOT_READY,,1000.0,0.0,0.0,,,1000.0,0.0,Strategy not ready,,,,,,,,,,,,,588.1216036437235,0.0,0.0,0.0,588.1216036437235,0.0,0.0,0.0,,,,,,
2024-01-07 10:00:00,34.41,34.69,34.39,34.64,44415.97,0.0001,71,0.0,0.0,NOT_READY,,1000.0,0.0,0.0,,,1000.0,0.0,Strategy not ready,,,,,,,,,,,,,588.1216036437235,0.0,0.0,0.0,588.1216036437235,0.0,0.0,0.0,,,,,,
2024-01-07 11:00:00,34.65,34.96,34.52,34.9,103200.56,0.0001,71,0.0,0.0,NOT_READY,,1000.0,0.0,0.0,,,1000.0,0.0,Strategy not ready,,,,,,,,,,,,,588.1216036437235,0.0,0.0,0.0,588.1216036437235,0.0,0.0,0.0,,,,,,
2024-01-07 12:00:00,34.9,34.95,34.56,34.87,60530.24,0.0001,71,0.0,0.0,NOT_READY,,1000.0,0.0,0.0,,,1000.0,0.0,Strategy not ready,,,,,,,,,,,,,588.1216036437235,0.0,0.0,0.0,588.1216036437235,0.0,0.0,0.0,,,,,,
2024-01-07 13:00:00,34.87,35.64,34.84,35.54,148172.59,0.0001,71,0.0,0.0,NOT_READY,,1000.0,0.0,0.0,,,1000.0,0.0,Strategy not ready,,,,,,,,,,,,,588.1216036437235,0.0,0.0,0.0,588.1216036437235,0.0,0.0,0.0,,,,,,
2024-01-07 14:00:00,35.54,35.75,35.11,35.4,122161.17,0.0001,71,0.0,0.0,NOT_READY,,1000.0,0.0,0.0,,,1000.0,0.0,Strategy not ready,,,,,,,,,,,,,588.1216036437235,0.0,0.0,0.0,588.1216036437235,0.0,0.0,0.0,,,,,,
2024-01-07 15:00:00,35.42,35.42,34.46,34.68,106737.97,0.0001,71,0.0,0.0,NOT_READY,,1000.0,0.0,0.0,,,1000.0,0.0,Strategy not ready,,,,,,,,,,,,,588.1216036437235,0.0,0.0,0.0,588.1216036437235,0.0,0.0,0.0,,,,,,
2024-01-07 16:00:00,34.69,34.9,34.25,34.35,108186.13,0.0001,71,0.0,0.0,NOT_READY,,1000.0,0.0,0.0,,,1000.0,0.0,Strategy not ready,,,,,,,,,,,,,588.1216036437235,0.0,0.0,0.0,588.1216036437235,0.0,0.0,0.0,,,,,,
2024-01-07 17:00:00,34.35,35.21,34.27,35.16,127236.08,0.0001,71,0.0,0.0,NOT_READY,,1000.0,0.0,0.0,,,1000.0,0.0,Strategy not ready,,,,,,,,,,,,,588.1216036437235,0.0,0.0,0.0,588.1216036437235,0.0,0.0,0.0,,,,,,
2024-01-07 18:00:00,35.15,35.5,34.79,34.79,171910.6,0.0001,71,0.0,0.0,NOT_READY,,1000.0,0.0,0.0,,,1000.0,0.0,Strategy not ready,,,,,,,,,,,,,588.1216036437235,0.0,0.0,0.0,588.1216036437235,0.0,0.0,0.0,,,,,,
2024-01-07 19:00:00,34.79,34.95,34.52,34.94,75461.29,0.0001,71,0.0,0.0,NOT_READY,,1000.0,0.0,0.0,,,1000.0,0.0,Strategy not ready,,,,,,,,,,,,,588.1216036437235,0.0,0.0,0.0,588.1216036437235,0.0,0.0,0.0,,,,,,
2024-01-07 20:00:00,34.94,35.02,34.62,34.65,51379.44,0.0001,71,0.0,0.0,NOT_READY,,1000.0,0.0,0.0,,,1000.0,0.0,Strategy not ready,,,,,,,,,,,,,588.1216036437235,0.0,0.0,0.0,588.1216036437235,0.0,0.0,0.0,,,,,,
2024-01-07 21:00:00,34.67,34.79,34.41,34.55,53781.98,0.0001,71,0.0,0.0,NOT_READY,,1000.0,0.0,0.0,,,1000.0,0.0,Strategy not ready,,,,,,,,,,,,,588.1216036437235,0.0,0.0,0.0,588.1216036437235,0.0,0.0,0.0,,,,,,
2024-01-07 22:00:00,34.54,34.54,33.28,33.41,218765.98,0.0001,71,0.0,0.0,NOT_READY,,1000.0,0.0,0.0,,,1000.0,0.0,Strategy not ready,,,,,,,,,,,,,588.1216036437235,0.0,0.0,0.0,588.1216036437235,0.0,0.0,0.0,,,,,,
2024-01-07 23:00:00,33.44,33.9,33.08,33.64,202414.16,0.0001,71,0.0,0.0,NOT_READY,,1000.0,0.0,0.0,,,1000.0,0.0,Strategy not ready,,,,,,,,,,,,,588.1216036437235,0.0,0.0,0.0,588.1216036437235,0.0,0.0,0.0,,,,,,
2024-01-08 00:00:00,33.65,33.97,33.2,33.21,164605.95,0.0001,71,0.0,0.0,NOT_READY,,1000.0,0.0,0.0,,,1000.0,0.0,Strategy not ready,,,,,,,,,,,,,588.1216036437235,0.0,0.0,0.0,588.1216036437235,0.0,0.0,0.0,,,,,,
2024-01-08 01:00:00,33.22,33.69,33.06,33.31,163627.88,0.0001,71,0.0,0.0,NOT_READY,,1000.0,0.0,0.0,,,1000.0,0.0,Strategy not ready,,,,,,,,,,,,,588.1216036437235,0.0,0.0,0.0,588.1216036437235,0.0,0.0,0.0,,,,,,
2024-01-08 02:00:00,33.32,33.42,31.52,32.08,472274.04,0.0001,71,0.0,0.0,NOT_READY,,1000.0,0.0,0.0,,,1000.0,0.0,Strategy not ready,,,,,,,,,,,,,588.1216036437235,0.0,0.0,0.0,588.1216036437235,0.0,0.0,0.0,,,,,,
2024-01-08 03:00:00,32.08,32.36,31.12,31.91,401590.36,0.0001,71,0.0,0.0,NOT_READY,,1000.0,0.0,0.0,,,1000.0,0.0,Strategy not ready,,,,,,,,,,,,,588.1216036437235,0.0,0.0,0.0,588.1216036437235,0.0,0.0,0.0,,,,,,
2024-01-08 04:00:00,31.91,32.26,31.62,32.24,160032.01,0.0001,71,0.0,0.0,NOT_READY,,1000.0,0.0,0.0,,,1000.0,0.0,Strategy not ready,,,,,,,,,,,,,588.1216036437235,0.0,0.0,0.0,588.1216036437235,0.0,0.0,0.0,,,,,,
2024-01-08 05:00:00,32.25,32.49,31.87,32.33,133782.78,0.0001,71,0.0,0.0,NOT_READY,,1000.0,0.0,0.0,,,1000.0,0.0,Strategy not ready,,,,,,,,,,,,,588.1216036437235,0.0,0.0,0.0,588.1216036437235,0.0,0.0,0.0,,,,,,
2024-01-08 06:00:00,32.33,33.23,32.28,32.73,265752.78,0.0001,71,0.0,0.0,NOT_READY,,1000.0,0.0,0.0,,,1000.0,0.0,Strategy not ready,,,,,,,,,,,,,588.1216036437235,0.0,0.0,0.0,588.1216036437235,0.0,0.0,0.0,,,,,,
2024-01-08 07:00:00,32.72,33.15,32.52,32.61,116762.0,0.0001,71,0.0,0.0,NOT_READY,,1000.0,0.0,0.0,,,1000.0,0.0,Strategy not ready,,,,,,,,,,,,,588.1216036437235,0.0,0.0,0.0,588.1216036437235,0.0,0.0,0.0,,,,,,
2024-01-08 08:00:00,32.61,33.28,32.55,32.83,116459.86,0.0001,71,0.0,0.0,NOT_READY,,1000.0,0.0,0.0,,,1000.0,0.0,Strategy not ready,,,,,,,,,,,,,588.1216036437235,0.0,0.0,0.0,588.1216036437235,0.0,0.0,0.0,,,,,,
2024-01-08 09:00:00,32.83,33.1,32.38,32.49,88145.28,0.0001,71,0.0,0.0,NOT_READY,,1000.0,0.0,0.0,,,1000.0,0.0,Strategy not ready,,,,,,,,,,,,,588.1216036437235,0.0,0.0,0.0,588.1216036437235,0.0,0.0,0.0,,,,,,
2024-01-08 10:00:00,32.5,33.39,32.32,33.38,158049.35,0.0001,71,0.0,0.0,NOT_READY,,1000.0,0.0,0.0,,,1000.0,0.0,Strategy not ready,,,,,,,,,,,,,588.1216036437235,0.0,0.0,0.0,588.1216036437235,0.0,0.0,0.0,,,,,,
2024-01-08 11:00:00,33.38,33.79,33.13,33.72,165064.92,0.0001,71,0.0,0.0,NOT_READY,,1000.0,0.0,0.0,,,1000.0,0.0,Strategy not ready,,,,,,,,,,,,,588.1216036437235,0.0,0.0,0.0,588.1216036437235,0.0,0.0,0.0,,,,,,
2024-01-08 12:00:00,33.72,34.43,33.58,34.29,557652.58,0.0001,71,0.0,0.0,NOT_READY,,1000.0,0.0,0.0,,,1000.0,0.0,Strategy not ready,,,,,,,,,,,,,588.1216036437235,0.0,0.0,0.0,588.1216036437235,0.0,0.0,0.0,,,,,,
2024-01-08 13:00:00,34.28,34.53,33.94,34.09,301693.02,0.0001,71,0.0,0.0,NOT_READY,,1000.0,0.0,0.0,,,1000.0,0.0,Strategy not ready,,,,,,,,,,,,,588.1216036437235,0.0,0.0,0.0,588.1216036437235,0.0,0.0,0.0,,,,,,
2024-01-08 14:00:00,34.11,34.45,33.81,33.96,195148.61,0.0001,71,0.0,0.0,NOT_READY,,1000.0,0.0,0.0,,,1000.0,0.0,Strategy not ready,,,,,,,,,,,,,588.1216036437235,0.0,0.0,0.0,588.1216036437235,0.0,0.0,0.0,,,,,,
2024-01-08 15:00:00,33.97,34.48,33.88,34.22,185657.46,0.0001,71,0.0,0.0,NOT_READY,,1000.0,0.0,0.0,,,1000.0,0.0,Strategy not ready,,,,,,,,,,,,,588.1216036437235,0.0,0.0,0.0,588.1216036437235,0.0,0.0,0.0,,,,,,
2024-01-08 16:00:00,34.24,34.58,33.92,34.16,149710.3,0.0001,71,0.0,0.0,NOT_READY,,1000.0,0.0,0.0,,,1000.0,0.0,Strategy not ready,,,,,,,,,,,,,588.1216036437235,0.0,0.0,0.0,588.1216036437235,0.0,0.0,0.0,,,,,,
2024-01-08 17:00:00,34.16,34.78,33.99,34.75,152534.83,0.0001,71,0.0,0.0,NOT_READY,,1000.0,0.0,0.0,,,1000.0,0.0,Strategy not ready,,,,,,,,,,,,,588.1216036437235,0.0,0.0,0.0,588.1216036437235,0.0,0.0,0.0,,,,,,
2024-01-08 18:00:00,34.75,36.46,34.73,36.14,587754.14,0.0001,71,0.0,0.0,NOT_READY,,1000.0,0.0,0.0,,,1000.0,0.0,Strategy not ready,,,,,,,,,,,,,588.1216036437235,0.0,0.0,0.0,588.1216036437235,0.0,0.0,0.0,,,,,,
2024-01-08 19:00:00,36.13,36.25,35.64,36.21,319000.99,0.0001,71,0.0,0.0,NOT_READY,,1000.0,0.0,0.0,,,1000.0,0.0,Strategy not ready,,,,,,,,,,,,,588.1216036437235,0.0,0.0,0.0,588.1216036437235,0.0,0.0,0.0,,,,,,
2024-01-08 20:00:00,36.21,36.3,35.49,35.55,288638.3,0.0001,71,0.0,0.0,NOT_READY,,1000.0,0.0,0.0,,,1000.0,0.0,Strategy not ready,,,,,,,,,,,,,588.1216036437235,0.0,0.0,0.0,588.1216036437235,0.0,0.0,0.0,,,,,,
2024-01-08 21:00:00,35.55,36.01,35.49,35.71,101502.36,0.0001,71,0.0,0.0,NOT_READY,,1000.0,0.0,0.0,,,1000.0,0.0,Strategy not ready,,,,,,,,,,,,,588.1216036437235,0.0,0.0,0.0,588.1216036437235,0.0,0.0,0.0,,,,,,
2024-01-08 22:00:00,35.72,36.12,35.63,36.12,80351.6,0.0001,71,0.0,0.0,NOT_READY,,1000.0,0.0,0.0,,,1000.0,0.0,Strategy not ready,,,,,,,,,,,,,588.1216036437235,0.0,0.0,0.0,588.1216036437235,0.0,0.0,0.0,,,,,,
2024-01-08 23:00:00,36.12,36.18,35.91,36.08,91061.59,0.0001,71,0.0,0.0,NOT_READY,,1000.0,0.0,0.0,,,1000.0,0.0,Strategy not ready,,,,,,,,,,,,,588.1216036437235,0.0,0.0,0.0,588.1216036437235,0.0,0.0,0.0,,,,,,
2024-01-09 00:00:00,36.08,36.54,35.03,35.62,227071.91,0.0001,76,0.0,0.0,NOT_READY,,1000.0,0.0,0.0,,,1000.0,0.0,Strategy not ready,,,,,,,,,,,,,588.1216036437235,0.0,0.0,0.0,588.1216036437235,0.0,0.0,0.0,,,,,,
2024-01-09 01:00:00,35.63,35.9,35.04,35.4,119633.84,0.0001,76,0.0,0.0,NOT_READY,,1000.0,0.0,0.0,,,1000.0,0.0,Strategy not ready,,,,,,,,,,,,,588.1216036437235,0.0,0.0,0.0,588.1216036437235,0.0,0.0,0.0,,,,,,
2024-01-09 02:00:00,35.4,35.71,35.29,35.66,79231.02,0.0001,76,0.0,0.0,NOT_READY,,1000.0,0.0,0.0,,,1000.0,0.0,Strategy not ready,,,,,,,,,,,,,588.1216036437235,0.0,0.0,0.0,588.1216036437235,0.0,0.0,0.0,,,,,,
2024-01-09 03:00:00,35.66,35.99,35.54,35.95,123181.93,0.0001,76,0.0,0.0,NOT_READY,,1000.0,0.0,0.0,,,1000.0,0.0,Strategy not ready,,,,,,,,,,,,,588.1216036437235,0.0,0.0,0.0,588.1216036437235,0.0,0.0,0.0,,,,,,
2024-01-09 04:00:00,35.94,37.6,35.88,37.47,325399.64,0.0001,76,0.0,0.0,NOT_READY,,1000.0,0.0,0.0,,,1000.0,0.0,Strategy not ready,,,,,,,,,,,,,588.1216036437235,0.0,0.0,0.0,588.1216036437235,0.0,0.0,0.0,,,,,,
2024-01-09 05:00:00,37.47,37.6,36.68,37.14,184961.39,0.0001,76,0.0,0.0,NOT_READY,,1000.0,0.0,0.0,,,1000.0,0.0,Strategy not ready,,,,,,,,,,,,,588.1216036437235,0.0,0.0,0.0,588.1216036437235,0.0,0.0,0.0,,,,,,
2024-01-09 06:00:00,37.14,37.2,36.61,36.84,105416.03,0.0001,76,0.0,0.0,NOT_READY,,1000.0,0.0,0.0,,,1000.0,0.0,Strategy not ready,,,,,,,,,,,,,588.1216036437235,0.0,0.0,0.0,588.1216036437235,0.0,0.0,0.0,,,,,,
2024-01-09 07:00:00,36.84,37.11,36.57,37.04,105418.66,0.0001,76,0.0,0.0,NOT_READY,,1000.0,0.0,0.0,,,1000.0,0.0,Strategy not ready,,,,,,,,,,,,,588.1216036437235,0.0,0.0,0.0,588.1216036437235,0.0,0.0,0.0,,,,,,
2024-01-09 08:00:00,37.03,37.49,36.62,36.72,183193.42,0.0001,76,0.0,0.0,NOT_READY,,1000.0,0.0,0.0,,,1000.0,0.0,Strategy not ready,,,,,,,,,,,,,588.1216036437235,0.0,0.0,0.0,588.1216036437235,0.0,0.0,0.0,,,,,,
2024-01-09 09:00:00,36.73,36.91,36.22,36.3,152769.79,0.0001,76,0.0,0.0,NOT_READY,,1000.0,0.0,0.0,,,1000.0,0.0,Strategy not ready,,,,,,,,,,,,,588.1216036437235,0.0,0.0,0.0,588.1216036437235,0.0,0.0,0.0,,,,,,
2024-01-09 10:00:00,36.29,36.78,36.19,36.32,103711.83,0.0001,76,0.0,0.0,NOT_READY,,1000.0,0.0,0.0,,,1000.0,0.0,Strategy not ready,,,,,,,,,,,,,588.1216036437235,0.0,0.0,0.0,588.1216036437235,0.0,0.0,0.0,,,,,,
2024-01-09 11:00:00,36.32,36.69,36.23,36.43,118071.1,0.0001,76,0.0,0.0,NOT_READY,,1000.0,0.0,0.0,,,1000.0,0.0,Strategy not ready,,,,,,,,,,,,,588.1216036437235,0.0,0.0,0.0,588.1216036437235,0.0,0.0,0.0,,,,,,
2024-01-09 12:00:00,36.44,36.57,34.46,35.35,252309.67,0.0001,76,0.0,0.0,NOT_READY,,1000.0,0.0,0.0,,,1000.0,0.0,Strategy not ready,,,,,,,,,,,,,588.1216036437235,0.0,0.0,0.0,588.1216036437235,0.0,0.0,0.0,,,,,,
2024-01-09 13:00:00,35.36,36.36,35.31,35.85,277315.07,0.0001,76,0.0,0.0,NOT_READY,,1000.0,0.0,0.0,,,1000.0,0.0,Strategy not ready,,,,,,,,,,,,,588.1216036437235,0.0,0.0,0.0,588.1216036437235,0.0,0.0,0.0,,,,,,
2024-01-09 14:00:00,35.85,36.06,35.15,35.29,222888.88,0.0001,76,0.0,0.0,NOT_READY,,1000.0,0.0,0.0,,,1000.0,0.0,Strategy not ready,,,,,,,,,,,,,588.1216036437235,0.0,0.0,0.0,588.1216036437235,0.0,0.0,0.0,,,,,,
2024-01-09 15:00:00,35.29,35.8,35.13,35.6,163622.07,0.0001,76,0.0,0.0,NOT_READY,,1000.0,0.0,0.0,,,1000.0,0.0,Strategy not ready,,,,,,,,,,,,,588.1216036437235,0.0,0.0,0.0,588.1216036437235,0.0,0.0,0.0,,,,,,
2024-01-09 16:00:00,35.6,35.75,35.08,35.44,131347.44,0.0001,76,5.6232835271931005,0.0,mean_reversion,,1000.0,0.0,0.56232835271931,True,True,999.4376716472807,0.5620820990674523,,mean_reversion,5.6232835271931005,0.519,1.0,AVAXUSDT,2024-01-09 16:00:00,AVAXUSDT,35.44,15.867052841966988,LONG,0.3,0.819,588.1216036437235,0.0,0.0,0.0,588.1216036437235,0.0,0.0,0.0,5.6232835271931005,5.6232835271931005,1.0,5.6232835271931005,True,True
2024-01-09 17:00:00,35.45,35.49,34.92,35.01,145111.75,0.0001,76,11.413627890966051,0.0,mean_reversion,,992.6216617579569,0.5590750593679742,0.582287729728631,True,True,992.0436703440523,1.1414451508723877,,mean_reversion,5.790344363772951,0.619,2.0,AVAXUSDT,2024-01-09 17:00:00,AVAXUSDT,35.01,16.50932344771499,LONG,0.2286,0.8476,588.1216036437235,0.0,0.0,0.0,588.1216036437235,0.0,0.0,0.0,11.413627890966051,11.413627890966051,1.0,11.413627890966051,True,True
2024-01-09 18:00:00,35.01,35.35,34.91,35.31,126885.23,0.0001,76,5.920446396140131,0.0,mean_reversion,,1001.7468703180703,1.1400750736353766,-0.5480304340213635,True,True,1001.1978825459503,0.5923692760054433,,mean_reversion,-5.4931814948259206,0.5762,3.0,AVAXUSDT,2024-01-09 18:00:00,AVAXUSDT,35.31,15.547657097704745,REDUCE_LONG,0.2333,0.8095,588.1216036437235,0.0,0.0,0.0,588.1216036437235,0.0,0.0,0.0,5.920446396140131,5.920446396140131,1.0,5.920446396140131,True,True
2024-01-09 19:00:00,35.32,35.34,34.66,35.07,77820.38,0.0001,76,8.688445930383528,0.0,mean_reversion,,997.1667602701853,0.5907213978798874,0.2781231951584654,True,True,996.8894250647131,0.868808105529484,,mean_reversion,2.7679995342433976,0.5429,4.0,AVAXUSDT,2024-01-09 19:00:00,AVAXUSDT,35.07,7.9080469196509675,LONG,0.2476,0.7905,588.1216036437235,0.0,0.0,0.0,588.1216036437235,0.0,0.0,0.0,8.688445930383528,8.688445930383528,1.0,8.688445930383528,True,True
2024-01-09 20:00:00,35.08,35.22,34.12,34.21,159368.23,0.0001,76,20.0,0.0,mean_reversion,,975.650450812673,0.8659521838554717,1.1340478161445282,True,True,974.5440165496084,2.001135335340708,,mean_reversion,11.311554069616472,0.4381,5.0,AVAXUSDT,2024-01-09 20:00:00,AVAXUSDT,34.21,32.34242218838165,LONG,0.2952,0.7333,588.1216036437235,0.0,0.0,0.0,588.1216036437235,0.0,0.0,0.0,20.78035338573848,20.78035338573848,1.0,20.78035338573848,True,True
2024-01-09 21:00:00,34.22,35.8,33.79,33.82,639220.48,0.0001,76,20.0,0.0,mean_reversion,,952.3114575823097,2.0245077312097193,-0.024507731209719275,False,,952.3114575823097,2.0245077312097193,,mean_reversion,0.0,0.3238,6.0,AVAXUSDT,2024-01-09 21:00:00,,,,,0.3524,0.6762,588.1216036437235,0.0,0.0,0.0,588.1216036437235,0.0,0.0,0.0,22.95211835658414,22.95211835658414,1.0,22.95211835658414,True,False
2024-01-09 22:00:00,33.83,34.98,33.78,34.7,193165.22,0.0001,76,8.237962291639157,0.0,mean_reversion,,1002.4772316623685,1.9732395110807557,-1.1494432819168399,True,True,1001.3249409431595,0.8247442258736459,,mean_reversion,-11.762037708360843,0.5857,7.0,AVAXUSDT,2024-01-09 22:00:00,AVAXUSDT,34.7,33.207225337432305,REDUCE_LONG,0.2619,0.8476,588.1216036437235,0.0,0.0,0.0,588.1216036437235,0.0,0.0,0.0,8.237962291639157,8.237962291639157,1.0,8.237962291639157,True,True
2024-01-09 23:00:00,34.7,34.77,34.37,34.65,88837.27,0.0001,76,8.137075696022954,0.0,mean_reversion,,1000.1349741373004,0.8245357054647627,-0.010828135862467336,False,,1000.1349741373004,0.8245357054647627,,mean_reversion,-0.10088659561620261,0.5333,8.0,AVAXUSDT,2024-01-09 23:00:00,,,,,0.2762,0.8095,588.1216036437235,0.0,0.0,0.0,588.1216036437235,0.0,0.0,0.0,8.137075696022954,8.137075696022954,1.0,8.137075696022954,True,False
2024-01-10 00:00:00,34.64,34.9,34.4,34.47,120883.43,0.0001,73,10.450528193548468,0.0,mean_reversion,,995.851093636208,0.8237809058016395,0.2212719135532072,True,True,995.630739759105,1.0450627904847274,,mean_reversion,2.313452497525514,0.4048,9.0,AVAXUSDT,2024-01-10 00:00:00,AVAXUSDT,34.47,6.392627708237247,LONG,0.3095,0.7143,588.1216036437235,0.0,0.0,0.0,588.1216036437235,0.0,0.0,0.0,10.450528193548468,10.450528193548468,1.0,10.450528193548468,True,True
2024-01-10 01:00:00,34.47,34.7,34.16,34.46,91047.43,0.0001,73,9.817246394824984,0.0,mean_reversion,,995.3288840471281,1.0450764567822934,-0.063351817299795,False,,995.3288840471281,1.0450764567822934,,mean_reversion,-0.633281798723484,0.5476,10.0,AVAXUSDT,2024-01-10 01:00:00,,,,,0.2524,0.8,588.1216036437235,0.0,0.0,0.0,588.1216036437235,0.0,0.0,0.0,9.817246394824984,9.817246394824984,1.0,9.817246394824984,True,False
2024-01-10 02:00:00,34.46,34.76,34.22,34.24,77979.87,0.0001,73,12.11827288085261,0.0,mean_reversion,,988.6880583836322,1.0453792265876745,0.1664480614975865,False,,988.6880583836322,1.0453792265876745,,mean_reversion,2.3010264860276255,0.5333,11.0,AVAXUSDT,2024-01-10 02:00:00,,,,,0.2667,0.8,588.1216036437235,0.0,0.0,0.0,588.1216036437235,0.0,0.0,0.0,12.11827288085261,12.11827288085261,1.0,12.11827288085261,True,False
2024-01-10 03:00:00,34.25,34.63,34.2,34.48,66599.67,0.0001,73,7.513226211644347,0.0,mean_reversion,,995.9325954710822,1.0450491324713564,-0.29372651130692173,True,True,995.6400636643176,0.7515433693764175,,mean_reversion,-4.605046669208263,0.581,12.0,AVAXUSDT,2024-01-10 03:00:00,AVAXUSDT,34.48,8.484101124262434,REDUCE_LONG,0.2667,0.8476,588.1216036437235,0.0,0.0,0.0,588.1216036437235,0.0,0.0,0.0,7.513226211644347,7.513226211644347,1.0,7.513226211644347,True,True
2024-01-10 04:00:00,34.47,34.7,34.34,34.36,59789.41,0.0001,73,8.834062650717499,0.0,mean_reversion,,993.035887255504,0.7508918069259694,0.13251445814578056,False,,993.035887255504,0.7508918069259694,,mean_reversion,1.320836439073152,0.4333,13.0,AVAXUSDT,2024-01-10 04:00:00,,,,,0.3952,0.8286,588.1216036437235,0.0,0.0,0.0,588.1216036437235,0.0,0.0,0.0,8.834062650717499,8.834062650717499,1.0,8.834062650717499,True,False
2024-01-10 05:00:00,34.36,34.72,34.31,34.72,51507.63,0.0001,73,2.5822898278857154,0.0,mean_reversion,,1000.8484164819447,0.752836322206093,-0.49460733941752144,True,True,1000.3533895095084,0.25835676794218393,,mean_reversion,-6.251772822831784,0.419,14.0,AVAXUSDT,2024-01-10 05:00:00,AVAXUSDT,34.72,14.257689298282664,REDUCE_LONG,0.4381,0.8571,588.1216036437235,0.0,0.0,0.0,588.1216036437235,0.0,0.0,0.0,2.5822898278857154,2.5822898278857154,1.0,2.5822898278857154,True,True
2024-01-10 06:00:00,34.72,34.72,34.39,34.58,38629.08,0.0001,73,4.572068182599333,0.0,mean_reversion,,999.3112602009853,0.2575833471078789,0.19962347115205437,False,,999.3112602009853,0.2575833471078789,,mean_reversion,1.9897783547136174,0.4,15.0,AVAXUSDT,2024-01-10 06:00:00,,,,,0.4571,0.8571,588.1216036437235,0.0,0.0,0.0,588.1216036437235,0.0,0.0,0.0,4.572068182599333,4.572068182599333,1.0,4.572068182599333,True,False
2024-01-10 07:00:00,34.58,34.61,34.12,34.15,60800.79,0.0001,73,10.860963612901575,0.0,mean_reversion,,996.110434467665,0.2551977217342298,0.8308986395559277,True,True,995.2827676628184,1.0861679581293404,,mean_reversion,6.288895430302242,0.4143,16.0,AVAXUSDT,2024-01-10 07:00:00,AVAXUSDT,34.15,24.236216832991126,LONG,0.481,0.8952,588.1216036437235,0.0,0.0,0.0,588.1216036437235,0.0,0.0,0.0,10.860963612901575,10.860963612901575,1.0,10.860963612901575,True,True
2024-01-10 08:00:00,34.15,34.22,33.68,33.88,126300.18,0.0001,73,15.648161083075053,0.0,mean_reversion,,986.7357120871615,1.0869143406894837,0.4779017676180215,True,True,986.2641493461833,1.5650861639841296,,mean_reversion,4.787197470173478,0.4,17.0,AVAXUSDT,2024-01-10 08:00:00,AVAXUSDT,33.88,13.918616911991782,LONG,0.5048,0.9048,588.1216036437235,0.0,0.0,0.0,588.1216036437235,0.0,0.0,0.0,15.648161083075053,15.648161083075053,1.0,15.648161083075053,True,True
2024-01-10 09:00:00,33.88,34.75,33.88,34.67,137117.02,0.0001,73,0.3910401299235119,0.0,mean_reversion,,1022.2569124984407,1.5451899791677421,-1.506085966175391,True,True,1020.717305708701,0.03916299583076549,,mean_reversion,-15.25712095315154,0.4952,18.0,AVAXUSDT,2024-01-10 09:00:00,AVAXUSDT,34.67,44.40746437091681,REDUCE_LONG,0.4381,0.9333,588.1216036437235,0.0,0.0,0.0,588.1216036437235,0.0,0.0,0.0,0.3910401299235119,0.3910401299235119,1.0,0.3910401299235119,True,True
2024-01-10 10:00:00,34.67,35.27,34.66,34.94,131367.46,0.0001,73,-4.514219574614112,0.0,mean_reversion,,1021.0286144438819,0.0394559523143072,-0.4908779097757184,True,True,1020.5274140518026,-0.45164365935687967,,mean_reversion,-4.905259704537624,0.6,19.0,AVAXUSDT,2024-01-10 10:00:00,AVAXUSDT,34.94,13.191606632981387,SHORT,0.3524,0.9524,588.1216036437235,0.0,0.0,0.0,588.1216036437235,0.0,0.0,0.0,-4.514219574614112,-4.514219574614112,1.0,-4.514219574614112,True,True
2024-01-10 11:00:00,34.93,35.21,34.55,34.94,106178.39,0.0001,73,-4.087353281311009,0.0,mean_reversion,,1020.5274140518026,-0.45164365935687967,0.04290833122577875,False,,1020.5274140518026,-0.45164365935687967,,mean_reversion,0.4268662933031022,0.6048,20.0,AVAXUSDT,2024-01-10 11:00:00,,,,,0.3381,0.9429,588.1216036437235,0.0,0.0,0.0,588.1216036437235,0.0,0.0,0.0,-4.087353281311009,-4.087353281311009,1.0,-4.087353281311009,True,False
2024-01-10 12:00:00,34.95,35.02,33.32,33.79,251712.03,0.0001,73,15.86167796094881,0.0,mean_reversion,,1035.6977616797312,-0.43038075838410333,2.0165485544789843,True,True,1033.60878066496,1.58778415617954,,mean_reversion,19.94903124225982,0.6905,21.0,AVAXUSDT,2024-01-10 12:00:00,AVAXUSDT,33.79,48.61765125966087,LONG,0.2905,0.981,588.1216036437235,0.0,0.0,0.0,588.1216036437235,0.0,0.0,0.0,15.86167796094881,15.86167796094881,1.0,15.86167796094881,True,True
2024-01-10 13:00:00,33.81,34.18,33.49,33.97,151006.41,0.0001,73,11.23720082128621,0.0,mean_reversion,,1042.3512067144723,1.5828542827497658,-0.45913420062114474,True,True,1041.8726276264108,1.1242362574439921,,mean_reversion,-4.6244771396626,0.6476,22.0,AVAXUSDT,2024-01-10 13:00:00,AVAXUSDT,33.97,14.088286372132318,REDUCE_LONG,0.3238,0.9714,588.1216036437235,0.0,0.0,0.0,588.1216036437235,0.0,0.0,0.0,11.23720082128621,11.23720082128621,1.0,11.23720082128621,True,True
2024-01-10 14:00:00,33.95,34.31,33.74,33.81,93904.65,0.0001,73,12.71528005942046,0.0,mean_reversion,,1036.355708068608,1.1248976147686487,0.14663039117339727,False,,1036.355708068608,1.1248976147686487,,mean_reversion,1.4780792381342494,0.6476,23.0,AVAXUSDT,2024-01-10 14:00:00,,,,,0.3048,0.9524,588.1216036437235,0.0,0.0,0.0,588.1216036437235,0.0,0.0,0.0,12.71528005942046,12.71528005942046,1.0,12.71528005942046,True,False
2024-01-10 15:00:00,33.8,34.8,33.64,34.72,180137.75,0.0001,73,-3.3916367863829295,0.0,mean_reversion,,1067.7331880536126,1.1212272480034067,-1.4603909266416997,True,True,1066.173880193705,-0.3396597146036458,,mean_reversion,-16.10691684580339,0.7524,24.0,AVAXUSDT,2024-01-10 15:00:00,AVAXUSDT,34.72,10.430193429275791,SHORT,0.2381,0.9905,588.1216036437235,0.0,0.0,0.0,588.1216036437235,0.0,0.0,0.0,-3.3916367863829295,-3.3916367863829295,1.0,-3.3916367863829295,True,True
2024-01-10 16:00:00,34.71,35.16,34.5,34.76,165429.86,0.0001,73,-3.8185206916191095,0.0,mean_reversion,,1065.756672456534,-0.3401841461296719,-0.04166792303223904,False,,1065.756672456534,-0.3401841461296719,,mean_reversion,-0.4268839052361799,0.781,25.0,AVAXUSDT,2024-01-10 16:00:00,,,,,0.2,0.981,588.1216036437235,0.0,0.0,0.0,588.1216036437235,0.0,0.0,0.0,-3.8185206916191095,-3.8185206916191095,1.0,-3.8185206916191095,True,False
2024-01-10 17:00:00,34.77,35.49,34.61,35.46,122612.89,0.0001,73,-16.216511699247754,0.0,mean_reversion,,1058.455537056041,-0.3494286212823101,-1.2722225486424652,True,True,1057.108946055063,-1.6237168991765194,,mean_reversion,-12.397991007628644,0.8381,26.0,AVAXUSDT,2024-01-10 17:00:00,AVAXUSDT,35.46,37.97492952561099,SHORT,0.1333,0.9714,588.1216036437235,0.0,0.0,0.0,588.1216036437235,0.0,0.0,0.0,-16.216511699247754,-16.216511699247754,1.0,-16.216511699247754,True,True
2024-01-10 18:00:00,35.46,35.99,35.18,35.48,188591.46,0.0001,73,-15.474173949089531,0.0,mean_reversion,,1056.1408435959654,-1.6261219068016577,0.07870451189270455,False,,1056.1408435959654,-1.6261219068016577,,mean_reversion,0.7423377501582227,0.8524,27.0,AVAXUSDT,2024-01-10 18:00:00,,,,,0.1,0.9524,588.1216036437235,0.0,0.0,0.0,588.1216036437235,0.0,0.0,0.0,-15.474173949089531,-15.474173949089531,1.0,-15.474173949089531,True,False
2024-01-10 19:00:00,35.48,35.65,35.04,35.36,145418.79,0.0001,73,-11.61328184746159,0.0,mean_reversion,,1061.9494583505516,-1.6117576351922696,0.4504294504461106,True,True,1061.4706462275024,-1.161852040978709,,mean_reversion,3.8608921016279414,0.7762,28.0,AVAXUSDT,2024-01-10 19:00:00,AVAXUSDT,35.36,13.527525761492754,REDUCE_SHORT,0.1095,0.8857,588.1216036437235,0.0,0.0,0.0,588.1216036437235,0.0,0.0,0.0,-11.61328184746159,-11.61328184746159,1.0,-11.61328184746159,True,True
2024-01-10 20:00:00,35.37,35.68,34.35,35.65,338278.17,0.0001,73,-14.823479975984093,0.0,mean_reversion,,1051.3561430414181,-1.1826499975047122,-0.29969800009369707,True,True,1051.0410537079626,-1.4827923875115,,mean_reversion,-3.210198128522503,0.7,29.0,AVAXUSDT,2024-01-10 20:00:00,AVAXUSDT,35.65,8.838410475616717,SHORT,0.1762,0.8762,588.1216036437235,0.0,0.0,0.0,588.1216036437235,0.0,0.0,0.0,-14.823479975984093,-14.823479975984093,1.0,-14.823479975984093,True,True
2024-01-10 21:00:00,35.64,38.24,35.45,38.19,678318.91,0.0001,73,-20.0,0.0,mean_reversion,,940.0023942286753,-1.776074553777547,-0.22392544622245292,True,True,939.7919037730974,-2.000447951200117,,mean_reversion,-5.1765200240159075,0.6286,30.0,AVAXUSDT,2024-01-10 21:00:00,AVAXUSDT,38.19,5.511664194234884,SHORT,0.3619,0.9905,588.1216036437235,0.0,0.0,0.0,588.1216036437235,0.0,0.0,0.0,-24.0,-24.0,1.0,-24.0,True,True
2024-01-10 22:00:00,38.2,39.44,38.08,39.11,585047.16,0.0001,73,-20.0,0.0,mean_reversion,,894.5024456589113,-2.1523633120458605,0.1523633120458605,False,,894.5024456589113,-2.1523633120458605,,mean_reversion,0.0,0.3952,31.0,AVAXUSDT,2024-01-10 22:00:00,,,,,0.5,0.8952,588.1216036437235,0.0,0.0,0.0,588.1216036437235,0.0,0.0,0.0,-24.0,-24.0,1.0,-24.0,True,False
2024-01-10 23:00:00,39.1,39.55,38.3,38.53,392271.2,0.0001,73,-20.0,0.0,mean_reversion,,923.0544953395936,-2.054853972834008,0.05485397283400806,False,,923.0544953395936,-2.054853972834008,,mean_reversion,0.0,0.3,32.0,AVAXUSDT,2024-01-10 23:00:00,,,,,0.5381,0.8381,588.1216036437235,0.0,0.0,0.0,588.1216036437235,0.0,0.0,0.0,-24.0,-24.0,1.0,-24.0,True,False
2024-01-11 00:00:00,38.54,38.84,38.0,38.52,284371.19,0.0001,76,-20.0,0.0,mean_reversion,,923.546772058226,-2.0532256487088567,0.05322564870885671,False,,923.546772058226,-2.0532256487088567,,mean_reversion,0.0,0.0857,33.0,AVAXUSDT,2024-01-11 00:00:00,,,,,0.6095,0.6952,588.1216036437235,0.0,0.0,0.0,588.1216036437235,0.0,0.0,0.0,-24.0,-24.0,1.0,-24.0,True,False
2024-01-11 01:00:00,38.53,38.69,38.15,38.43,152404.71,0.0001,76,-20.0,0.0,trending,,927.9772625259184,-2.0386484735143937,0.03864847351439371,False,,927.9772625259184,-2.0386484735143937,,trending,0.0,0.3143,1.0,AVAXUSDT,2024-01-11 01:00:00,,,,,0.7429,0.4286,588.1216036437235,0.0,0.0,0.0,588.1216036437235,0.0,0.0,0.0,-24.0,-24.0,1.0,-24.0,True,False
2024-01-11 02:00:00,38.42,38.74,38.33,38.65,96901.74,0.0001,76,-20.0,0.0,trending,,917.1471747160044,-2.074530206238274,0.07453020623827422,False,,917.1471747160044,-2.074530206238274,,trending,0.0,0.3095,2.0,AVAXUSDT,2024-01-11 02:00:00,,,,,0.7476,0.4381,588.1216036437235,0.0,0.0,0.0,588.1216036437235,0.0,0.0,0.0,-24.0,-24.0,1.0,-24.0,True,False
2024-01-11 03:00:00,38.65,38.79,38.38,38.76,100344.47,0.0001,76,-20.0,0.0,trending,,911.7321308110472,-2.0927907407651065,0.09279074076510652,False,,911.7321308110472,-2.0927907407651065,,trending,0.0,0.3714,3.0,AVAXUSDT,2024-01-11 03:00:00,,,,,0.7714,0.4,588.1216036437235,0.0,0.0,0.0,588.1216036437235,0.0,0.0,0.0,-24.0,-24.0,1.0,-24.0,True,False
2024-01-11 04:00:00,38.75,39.16,38.52,39.1,149922.91,0.0001,76,-20.0,0.0,trending,,894.9947223775437,-2.150629407891578,0.1506294078915782,False,,894.9947223775437,-2.150629407891578,,trending,0.0,0.4,4.0,AVAXUSDT,2024-01-11 04:00:00,,,,,0.781,0.381,588.1216036437235,0.0,0.0,0.0,588.1216036437235,0.0,0.0,0.0,-24.0,-24.0,1.0,-24.0,True,False
2024-01-11 05:00:00,39.11,39.35,38.23,38.38,231156.33,0.0001,76,-17.834173283962617,0.0,trending,,930.4386461190804,-2.030610028927755,0.24719270053149334,True,True,930.208418249598,-1.783858726650523,,trending,2.165826716037383,0.3905,5.0,AVAXUSDT,2024-01-11 05:00:00,AVAXUSDT,38.38,5.992643085279884,REDUCE_SHORT,0.7714,0.381,588.1216036437235,0.0,0.0,0.0,588.1216036437235,0.0,0.0,0.0,-17.834173283962617,-17.834173283962617,1.0,-17.834173283962617,True,True
2024-01-11 06:00:00,38.38,38.42,37.54,38.04,172505.65,0.0001,76,-11.661916750349647,0.0,trending,,944.9083280341065,-1.7405503220990266,0.5743586470640618,True,True,944.3650685056889,-1.1668625434952165,,trending,6.17225653361297,0.3905,6.0,AVAXUSDT,2024-01-11 06:00:00,AVAXUSDT,38.04,14.26698919267177,REDUCE_SHORT,0.7619,0.3714,588.1216036437235,0.0,0.0,0.0,588.1216036437235,0.0,0.0,0.0,-11.661916750349647,-11.661916750349647,1.0,-11.661916750349647,True,True
2024-01-11 07:00:00,38.04,38.66,38.03,38.41,141772.4,0.0001,76,-15.19785443663202,0.0,trending,,933.6468938591302,-1.1917379126835301,-0.328047530979672,True,True,933.3406133007929,-1.5202841691312727,,trending,-3.5359376862823737,0.3905,7.0,AVAXUSDT,2024-01-11 07:00:00,AVAXUSDT,38.41,7.973979649500848,SHORT,0.7619,0.3714,588.1216036437235,0.0,0.0,0.0,588.1216036437235,0.0,0.0,0.0,-15.19785443663202,-15.19785443663202,1.0,-15.19785443663202,True,True
2024-01-11 08:00:00,38.42,38.88,38.36,38.83,133055.5,0.0001,76,-20.0,0.0,trending,,917.8249652221789,-1.562889070619082,-0.4371109293809179,True,True,917.4237738986217,-2.000874604157798,,trending,-4.802145563367979,0.4095,8.0,AVAXUSDT,2024-01-11 08:00:00,AVAXUSDT,38.83,10.331993910823469,SHORT,0.781,0.3714,588.1216036437235,0.0,0.0,0.0,588.1216036437235,0.0,0.0,0.0,-20.245403945190716,-20.245403945190716,1.0,-20.245403945190716,True,True
2024-01-11 09:00:00,38.83,39.0,38.62,38.65,82747.74,0.0001,76,-16.19527935676256,0.0,trending,,925.9330962648328,-1.973296575582771,0.3537686399065152,True,True,925.6052022787367,-1.6201016505485526,,trending,3.8047206432374416,0.4714,9.0,AVAXUSDT,2024-01-11 09:00:00,AVAXUSDT,38.65,8.475189964037215,REDUCE_SHORT,0.7952,0.3238,588.1216036437235,0.0,0.0,0.0,588.1216036437235,0.0,0.0,0.0,-16.19527935676256,-16.19527935676256,1.0,-16.19527935676256,True,True
2024-01-11 10:00:00,38.64,39.52,38.63,39.48,101930.35,0.0001,76,-20.0,0.0,trending,,893.4021790380243,-1.7145442166462705,-0.28545578335372945,True,True,893.1471522191571,-2.00057107458325,,trending,-3.8047206432374416,0.381,10.0,AVAXUSDT,2024-01-11 10:00:00,AVAXUSDT,39.48,6.4596458679642375,SHORT,0.7714,0.3905,588.1216036437235,0.0,0.0,0.0,588.1216036437235,0.0,0.0,0.0,-24.0,-24.0,1.0,-24.0,True,True
2024-01-11 11:00:00,39.48,39.77,39.15,39.72,188415.52,0.0001,76,-20.0,0.0,trending,,882.2851196472661,-2.0375118548600697,0.03751185486006969,False,,882.2851196472661,-2.0375118548600697,,trending,0.0,0.5238,11.0,AVAXUSDT,2024-01-11 11:00:00,,,,,0.819,0.2952,588.1216036437235,0.0,0.0,0.0,588.1216036437235,0.0,0.0,0.0,-24.0,-24.0,1.0,-24.0,True,False
2024-01-11 12:00:00,39.72,40.09,39.17,40.09,324308.8,0.0001,76,-20.0,0.0,trending,,865.5394860989343,-2.0962787409896144,0.09627874098961442,False,,865.5394860989343,-2.0962787409896144,,trending,0.0,0.6429,12.0,AVAXUSDT,2024-01-11 12:00:00,,,,,0.881,0.2381,588.1216036437235,0.0,0.0,0.0,588.1216036437235,0.0,0.0,0.0,-24.0,-24.0,1.0,-24.0,True,False
2024-01-11 13:00:00,40.08,40.73,39.12,40.33,571130.83,0.0001,76,-20.0,0.0,trending,,854.6774535270436,-2.1356291186057446,0.13562911860574456,False,,854.6774535270436,-2.1356291186057446,,trending,0.0,0.6857,13.0,AVAXUSDT,2024-01-11 13:00:00,,,,,0.8952,0.2095,588.1216036437235,0.0,0.0,0.0,588.1216036437235,0.0,0.0,0.0,-24.0,-24.0,1.0,-24.0,True,False
2024-01-11 14:00:00,40.32,41.85,39.82,41.61,607406.81,0.0001,76,-20.0,0.0,trending,,796.7466131436256,-2.363618327439447,0.3636183274394469,True,True,796.4566114710888,-2.00072822968222,,trending,0.0,0.6857,14.0,AVAXUSDT,2024-01-11 14:00:00,AVAXUSDT,41.61,6.9625491676118525,REDUCE_SHORT,0.8952,0.2095,588.1216036437235,0.0,0.0,0.0,588.1216036437235,0.0,0.0,0.0,-24.0,-24.0,1.0,-24.0,True,True
2024-01-11 15:00:00,41.59,41.69,38.99,39.49,551587.83,0.0001,76,-9.130795091729198,0.0,mean_reversion,,877.6439616207876,-1.72314280308464,0.8100632939117203,True,True,876.9323028035382,-0.91382050261275,,mean_reversion,10.869204908270802,0.1667,1.0,AVAXUSDT,2024-01-11 15:00:00,AVAXUSDT,39.49,18.003220016010804,REDUCE_SHORT,0.6048,0.7714,588.1216036437235,0.0,0.0,0.0,588.1216036437235,0.0,0.0,0.0,-9.130795091729198,-9.130795091729198,1.0,-9.130795091729198,True,True
2024-01-11 16:00:00,39.49,39.88,38.34,39.11,446784.98,0.0001,76,-4.03033547146345,0.0,mean_reversion,,884.6435287525887,-0.8971381872598281,0.4941046401134831,True,True,884.2059847361694,-0.4032329858744403,,mean_reversion,5.100459620265748,0.1857,2.0,AVAXUSDT,2024-01-11 16:00:00,AVAXUSDT,39.11,11.17633526982919,REDUCE_SHORT,0.5857,0.7714,588.1216036437235,0.0,0.0,0.0,588.1216036437235,0.0,0.0,0.0,-4.03033547146345,-4.03033547146345,1.0,-4.03033547146345,True,True
2024-01-11 17:00:00,39.1,39.63,38.69,39.55,187521.69,0.0001,76,-9.227549065660634,0.0,mean_reversion,,880.1947843138882,-0.40962776217374075,-0.5131271443923227,True,True,879.7431324777044,-0.9232286402418516,,mean_reversion,-5.197213594197184,0.1619,3.0,AVAXUSDT,2024-01-11 17:00:00,AVAXUSDT,39.55,11.419768297952006,SHORT,0.5714,0.7333,588.1216036437235,0.0,0.0,0.0,588.1216036437235,0.0,0.0,0.0,-9.227549065660634,-9.227549065660634,1.0,-9.227549065660634,True,True
2024-01-11 18:00:00,39.54,39.71,39.15,39.59,95772.01,0.0001,76,-9.18917652945662,0.0,mean_reversion,,878.9216871619424,-0.9250261009038674,0.00610844795820531,False,,878.9216871619424,-0.9250261009038674,,mean_reversion,0.038372536204013485,0.1714,4.0,AVAXUSDT,2024-01-11 18:00:00,,,,,0.5429,0.7143,588.1216036437235,0.0,0.0,0.0,588.1216036437235,0.0,0.0,0.0,-9.18917652945662,-9.18917652945662,1.0,-9.18917652945662,True,False
2024-01-11 19:00:00,39.59,39.96,39.28,39.94,70986.16,0.0001,76,-13.042724928695543,0.0,trending,,871.7340406490266,-0.9408983813199584,-0.363374111549596,True,True,871.4172750664984,-1.3047466040075828,,trending,-3.853548399238923,0.1476,1.0,AVAXUSDT,2024-01-11 19:00:00,AVAXUSDT,39.94,7.931036117385564,SHORT,0.6429,0.4952,588.1216036437235,0.0,0.0,0.0,588.1216036437235,0.0,0.0,0.0,-13.042724928695543,-13.042724928695543,1.0,-13.042724928695543,True,True
2024-01-11 20:00:00,39.94,40.39,39.16,39.21,193054.18,0.0001,76,0.0,0.0,unknown,,892.198308444843,-1.2510645742915751,1.2510645742915751,True,True,891.0809934328927,0.0,,unknown,13.042724928695543,0.0381,1.0,AVAXUSDT,2024-01-11 20:00:00,AVAXUSDT,39.21,-28.467169011431032,CLOSE,0.5619,0.6,588.1216036437235,0.0,0.0,0.0,588.1216036437235,0.0,0.0,0.0,,,,,True,True
2024-01-11 21:00:00,39.21,39.74,39.18,39.39,76240.72,0.0001,76,-4.433736629616117,0.0,trending,,891.0809934328927,0.0,-0.44337366296161174,True,True,890.6859115888388,-0.4435703303637663,,trending,-4.433736629616117,0.119,1.0,AVAXUSDT,2024-01-11 21:00:00,AVAXUSDT,39.39,10.030003657116364,SHORT,0.5762,0.4571,588.1216036437235,0.0,0.0,0.0,588.1216036437235,0.0,0.0,0.0,-4.433736629616117,-4.433736629616117,1.0,-4.433736629616117,True,True
2024-01-11 22:00:00,39.38,39.68,39.1,39.44,56393.66,0.0001,76,0.0,0.0,unknown,,890.1844114059832,-0.44438358970123226,0.44438358970123226,True,True,889.7884320824228,0.0,,unknown,4.433736629616117,0.0238,1.0,AVAXUSDT,2024-01-11 22:00:00,AVAXUSDT,39.44,-10.030003657116364,CLOSE,0.481,0.4571,588.1216036437235,0.0,0.0,0.0,588.1216036437235,0.0,0.0,0.0,,,,,True,True
2024-01-11 23:00:00,39.44,39.64,39.23,39.29,54926.88,0.0001,76,0.0,0.0,unknown,,889.7884320824228,0.0,0.0,,,889.7884320824228,0.0,,unknown,0.0,0.0333,2.0,,,,,,,0.4333,0.4667,588.1216036437235,0.0,0.0,0.0,588.1216036437235,0.0,0.0,0.0,,,,,,
2024-01-12 00:00:00,39.29,39.59,39.03,39.26,78228.97,0.0001,71,0.0,0.0,unknown,,889.7884320824228,0.0,0.0,,,889.7884320824228,0.0,,unknown,0.0,0.0143,3.0,,,,,,,0.4143,0.4,588.1216036437235,0.0,0.0,0.0,588.1216036437235,0.0,0.0,0.0,,,,,,
2024-01-12 01:00:00,39.26,39.32,38.34,38.9,105797.55,0.0001,71,2.9575873499365564,0.0,mean_reversion,,889.7884320824228,0.0,0.2957587349936556,True,True,889.5252693813381,0.29555038786750454,,mean_reversion,2.9575873499365564,0.0524,1.0,AVAXUSDT,2024-01-12 01:00:00,AVAXUSDT,38.9,6.765107997035621,LONG,0.3571,0.4095,588.1216036437235,0.0,0.0,0.0,588.1216036437235,0.0,0.0,0.0,2.9575873499365564,2.9575873499365564,1.0,2.9575873499365564,True,True
2024-01-12 02:00:00,38.91,39.18,38.78,39.13,49034.76,0.0001,71,-0.21670374192119546,0.0,trending,,891.079688245817,0.2967792451522321,-0.3184496193443516,True,True,890.7959242582897,-0.021677277312828234,,trending,-3.174291091857752,0.1143,1.0,AVAXUSDT,2024-01-12 02:00:00,AVAXUSDT,39.13,0.4934840347376458,SHORT,0.4,0.2857,588.1216036437235,0.0,0.0,0.0,588.1216036437235,0.0,0.0,0.0,-0.21670374192119546,-0.21670374192119546,1.0,-0.21670374192119546,True,True
2024-01-12 03:00:00,39.13,39.16,38.67,38.8,47802.27,0.0001,71,0.0,0.0,unknown,,890.9587739897531,-0.021490534811255887,0.021490534811255887,False,,890.9587739897531,-0.021490534811255887,,unknown,0.21670374192119546,0.019,1.0,AVAXUSDT,2024-01-12 03:00:00,,,,,0.3429,0.3619,588.1216036437235,0.0,0.0,0.0,588.1216036437235,0.0,0.0,0.0,,,,,True,False
2024-01-12 04:00:00,38.8,39.07,38.59,38.72,70749.36,0.0001,71,4.742108568877179,0.0,mean_reversion,,890.9982527125321,-0.02144527418193094,0.49565613106964884,True,True,890.5566048389742,0.47397158312658483,,mean_reversion,4.742108568877179,0.281,1.0,AVAXUSDT,2024-01-12 04:00:00,AVAXUSDT,38.72,10.912217068808607,LONG,0.2524,0.5333,588.1216036437235,0.0,0.0,0.0,588.1216036437235,0.0,0.0,0.0,4.742108568877179,4.742108568877179,1.0,4.742108568877179,True,True
2024-01-12 05:00:00,38.71,39.26,38.69,39.19,54761.06,0.0001,71,-1.8008283686369597,0.0,mean_reversion,,895.6802181192918,0.476980655034164,-0.65706349189786,True,True,895.0916993475507,-0.18020124052003636,,mean_reversion,-6.542936937514138,0.5619,2.0,AVAXUSDT,2024-01-12 05:00:00,AVAXUSDT,39.19,4.11576000514458,SHORT,0.1619,0.7238,588.1216036437235,0.0,0.0,0.0,588.1216036437235,0.0,0.0,0.0,-1.8008283686369597,-1.8008283686369597,1.0,-1.8008283686369597,True,True
2024-01-12 06:00:00,39.19,39.36,38.88,38.9,67339.11,0.0001,71,2.149317711196109,0.0,mean_reversion,,896.2852697490425,-0.1786295832407829,0.3935613543603938,True,True,895.9323662410593,0.214801415292708,,mean_reversion,3.9501460798330688,0.5667,3.0,AVAXUSDT,2024-01-12 06:00:00,AVAXUSDT,38.9,4.952189728935217,LONG,0.1667,0.7333,588.1216036437235,0.0,0.0,0.0,588.1216036437235,0.0,0.0,0.0,2.149317711196109,2.149317711196109,1.0,2.149317711196109,True,True
2024-01-12 07:00:00,38.89,38.99,38.47,38.71,68466.32,0.0001,71,4.468509602749095,0.0,mean_reversion,,894.9923911086101,0.21397675225535534,0.23287420801955416,True,True,894.7839704643472,0.44672211612588764,,mean_reversion,2.319191891552986,0.7429,4.0,AVAXUSDT,2024-01-12 07:00:00,AVAXUSDT,38.71,5.384155108833497,LONG,0.0952,0.8381,588.1216036437235,0.0,0.0,0.0,588.1216036437235,0.0,0.0,0.0,4.468509602749095,4.468509602749095,1.0,4.468509602749095,True,True
2024-01-12 08:00:00,38.71,38.71,38.2,38.49,101791.64,0.0001,71,7.112873864078569,0.0,mean_reversion,,892.5122485959025,0.44531385145489727,0.26597353495295967,True,True,892.2748639581546,0.7112105760639157,,mean_reversion,2.644364261329474,0.781,5.0,AVAXUSDT,2024-01-12 08:00:00,AVAXUSDT,38.49,6.167436678302596,LONG,0.0762,0.8571,588.1216036437235,0.0,0.0,0.0,588.1216036437235,0.0,0.0,0.0,7.112873864078569,7.112873864078569,1.0,7.112873864078569,True,True
2024-01-12 09:00:00,38.5,38.85,38.22,38.73,67815.06,0.0001,71,3.3732606476548628,0.0,mean_reversion,,896.2318106144478,0.7124856081838237,-0.3751595434183374,True,True,895.8955806975807,0.337452663352595,,mean_reversion,-3.7396132164237064,0.8095,6.0,AVAXUSDT,2024-01-12 09:00:00,AVAXUSDT,38.73,8.681381793625254,REDUCE_LONG,0.0667,0.8762,588.1216036437235,0.0,0.0,0.0,588.1216036437235,0.0,0.0,0.0,3.3732606476548628,3.3732606476548628,1.0,3.3732606476548628,True,True
2024-01-12 10:00:00,38.73,38.93,38.53,38.68,83098.92,0.0001,71,4.171462128408702,0.0,mean_reversion,,895.5052859005341,0.33716390036887856,0.07998231247199167,False,,895.5052859005341,0.33716390036887856,,mean_reversion,0.7982014807538396,0.781,7.0,AVAXUSDT,2024-01-12 10:00:00,,,,,0.0857,0.8667,588.1216036437235,0.0,0.0,0.0,588.1216036437235,0.0,0.0,0.0,4.171462128408702,4.171462128408702,1.0,4.171462128408702,True,False
2024-01-12 11:00:00,38.68,39.02,38.56,38.61,103170.61,0.0001,71,5.726649371117535,0.0,mean_reversion,,894.9588731846691,0.3367592090649261,0.23590572804682736,True,True,894.7477472601184,0.5725641025351687,,mean_reversion,1.5551872427088327,0.7333,8.0,AVAXUSDT,2024-01-12 11:00:00,AVAXUSDT,38.61,5.468166914027392,LONG,0.1238,0.8571,588.1216036437235,0.0,0.0,0.0,588.1216036437235,0.0,0.0,0.0,5.726649371117535,5.726649371117535,1.0,5.726649371117535,True,True
2024-01-12 12:00:00,38.61,38.97,38.03,38.27,156277.59,0.0001,71,12.058515789352436,0.0,mean_reversion,,890.2364250661838,0.5703980475452551,0.6354535313899884,True,True,889.6707211861035,1.205982471223987,,mean_reversion,6.331866418234901,0.6762,9.0,AVAXUSDT,2024-01-12 12:00:00,AVAXUSDT,38.27,14.781914817880981,LONG,0.1905,0.8667,588.1216036437235,0.0,0.0,0.0,588.1216036437235,0.0,0.0,0.0,12.058515789352436,12.058515789352436,1.0,12.058515789352436,True,True
2024-01-12 13:00:00,38.27,38.5,38.2,38.31,80169.17,0.0001,71,10.682799600271009,0.0,mean_reversion,,890.7921502897477,1.2057231573784442,-0.13744319735134325,False,,890.7921502897477,1.2057231573784442,,mean_reversion,-1.3757161890814267,0.5619,10.0,AVAXUSDT,2024-01-12 13:00:00,,,,,0.2762,0.8381,588.1216036437235,0.0,0.0,0.0,588.1216036437235,0.0,0.0,0.0,10.682799600271009,10.682799600271009,1.0,10.682799600271009,True,False
2024-01-12 14:00:00,38.32,38.82,38.11,38.57,139068.57,0.0001,71,4.267579603293601,0.0,mean_reversion,,898.0814394634353,1.2040534028128098,-0.7772954424834497,True,True,897.3833648535615,0.427089935389669,,mean_reversion,-6.415219996977408,0.4143,11.0,AVAXUSDT,2024-01-12 14:00:00,AVAXUSDT,38.57,18.098900956025524,REDUCE_LONG,0.3857,0.8,588.1216036437235,0.0,0.0,0.0,588.1216036437235,0.0,0.0,0.0,4.267579603293601,4.267579603293601,1.0,4.267579603293601,True,True
2024-01-12 15:00:00,38.57,38.61,37.1,37.39,314206.63,0.0001,71,20.0,0.0,mean_reversion,,885.6579094241661,0.4195050300259172,1.5804949699740827,True,True,884.2581315532033,2.001582996888594,,mean_reversion,15.732420396706399,0.4524,12.0,AVAXUSDT,2024-01-12 15:00:00,AVAXUSDT,37.39,37.437225754550845,LONG,0.3952,0.8476,588.1216036437235,0.0,0.0,0.0,588.1216036437235,0.0,0.0,0.0,24.0,24.0,1.0,24.0,True,True
2024-01-12 16:00:00,37.38,37.76,36.37,36.84,310702.97,0.0001,71,20.0,0.0,mean_reversion,,858.2229932130709,2.031967118602104,-0.031967118602103994,False,,858.2229932130709,2.031967118602104,,mean_reversion,0.0,0.3476,13.0,AVAXUSDT,2024-01-12 16:00:00,,,,,0.4429,0.7905,588.1216036437235,0.0,0.0,0.0,588.1216036437235,0.0,0.0,0.0,24.0,24.0,1.0,24.0,True,False
2024-01-12 17:00:00,36.83,37.06,35.9,37.05,283436.94,0.0001,71,20.0,0.0,mean_reversion,,868.1636823974849,2.02015083950341,-0.020150839503410012,False,,868.1636823974849,2.02015083950341,,mean_reversion,0.0,0.3143,14.0,AVAXUSDT,2024-01-12 17:00:00,,,,,0.4667,0.781,588.1216036437235,0.0,0.0,0.0,588.1216036437235,0.0,0.0,0.0,24.0,24.0,1.0,24.0,True,False
2024-01-12 18:00:00,37.06,37.16,36.34,36.45,124522.64,0.0001,71,20.0,0.0,mean_reversion,,839.7617132991589,2.0546538326267525,-0.0546538326267525,False,,839.7617132991589,2.0546538326267525,,mean_reversion,0.0,0.2762,15.0,AVAXUSDT,2024-01-12 18:00:00,,,,,0.4952,0.7714,588.1216036437235,0.0,0.0,0.0,588.1216036437235,0.0,0.0,0.0,24.0,24.0,1.0,24.0,True,False
2024-01-12 19:00:00,36.44,36.78,36.26,36.59,96116.54,0.0001,71,20.0,0.0,mean_reversion,,846.3888394221016,2.0463960158416983,-0.04639601584169828,False,,846.3888394221016,2.0463960158416983,,mean_reversion,0.0,0.1333,16.0,AVAXUSDT,2024-01-12 19:00:00,,,,,0.581,0.7143,588.1216036437235,0.0,0.0,0.0,588.1216036437235,0.0,0.0,0.0,24.0,24.0,1.0,24.0,True,False
2024-01-12 20:00:00,36.59,37.22,36.43,36.87,162957.78,0.0001,71,19.36131099355731,0.0,mean_reversion,,859.643091667987,2.0302623472558845,-0.09413124790015348,False,,859.643091667987,2.0302623472558845,,mean_reversion,-0.6386890064426893,0.1476,17.0,AVAXUSDT,2024-01-12 20:00:00,,,,,0.5571,0.7048,588.1216036437235,0.0,0.0,0.0,588.1216036437235,0.0,0.0,0.0,19.36131099355731,19.36131099355731,1.0,19.36131099355731,True,False
2024-01-12 21:00:00,36.9,36.99,35.91,36.47,139294.29,0.0001,71,20.0,0.0,mean_reversion,,840.7084456024362,2.0534661737453104,-0.053466173745310375,False,,840.7084456024362,2.0534661737453104,,mean_reversion,0.6386890064426893,0.0619,18.0,AVAXUSDT,2024-01-12 21:00:00,,,,,0.6048,0.6667,588.1216036437235,0.0,0.0,0.0,588.1216036437235,0.0,0.0,0.0,24.0,24.0,1.0,24.0,True,False
2024-01-12 22:00:00,36.46,36.49,34.34,35.72,368576.81,0.0001,71,20.0,0.0,trending,,805.2059842295283,2.099914713465051,-0.0999147134650511,False,,805.2059842295283,2.099914713465051,,trending,0.0,0.281,1.0,AVAXUSDT,2024-01-12 22:00:00,,,,,0.7381,0.4571,588.1216036437235,0.0,0.0,0.0,588.1216036437235,0.0,0.0,0.0,24.0,24.0,1.0,24.0,True,False
2024-01-12 23:00:00,35.71,36.05,35.66,35.93,116270.92,0.0001,71,20.0,0.0,mean_reversion,,815.1466734139425,2.0865012865904404,-0.08650128659044043,False,,815.1466734139425,2.0865012865904404,,mean_reversion,0.0,0.081,1.0,AVAXUSDT,2024-01-12 23:00:00,,,,,0.6238,0.7048,588.1216036437235,0.0,0.0,0.0,588.1216036437235,0.0,0.0,0.0,24.0,24.0,1.0,24.0,True,False
2024-01-13 00:00:00,35.93,36.15,35.31,35.33,132745.07,0.0001,64,0.0,0.0,unknown,,786.7447043156161,2.125724653201948,-2.125724653201948,True,True,785.0723017018764,0.0,,unknown,-20.0,0.0333,1.0,AVAXUSDT,2024-01-13 00:00:00,AVAXUSDT,35.33,47.33661516387722,CLOSE,0.6429,0.6762,588.1216036437235,0.0,0.0,0.0,588.1216036437235,0.0,0.0,0.0,,,,,True,True
2024-01-13 01:00:00,35.34,35.47,34.7,35.33,166847.31,0.0001,64,0.0,0.0,unknown,,785.0723017018764,0.0,0.0,,,785.0723017018764,0.0,,unknown,0.0,0.019,2.0,,,,,,,0.6476,0.6667,588.1216036437235,0.0,0.0,0.0,588.1216036437235,0.0,0.0,0.0,,,,,,
2024-01-13 02:00:00,35.33,35.57,35.16,35.25,63481.78,0.0001,64,0.0,0.0,unknown,,785.0723017018764,0.0,0.0,,,785.0723017018764,0.0,,unknown,0.0,0.0143,3.0,,,,,,,0.6619,0.6476,588.1216036437235,0.0,0.0,0.0,588.1216036437235,0.0,0.0,0.0,,,,,,
2024-01-13 03:00:00,35.25,35.54,35.13,35.47,51990.49,0.0001,64,0.0,0.0,unknown,,785.0723017018764,0.0,0.0,,,785.0723017018764,0.0,,unknown,0.0,0.0048,4.0,,,,,,,0.6524,0.6571,588.1216036437235,0.0,0.0,0.0,588.1216036437235,0.0,0.0,0.0,,,,,,
2024-01-13 04:00:00,35.47,35.71,35.38,35.58,44443.67,0.0001,64,0.0,0.0,unknown,,785.0723017018764,0.0,0.0,,,785.0723017018764,0.0,,unknown,0.0,0.0476,5.0,,,,,,,0.6571,0.6095,588.1216036437235,0.0,0.0,0.0,588.1216036437235,0.0,0.0,0.0,,,,,,
2024-01-13 05:00:00,35.58,36.1,35.47,36.02,136391.71,0.0001,64,0.0,0.0,unknown,,785.0723017018764,0.0,0.0,,,785.0723017018764,0.0,,unknown,0.0,0.0286,6.0,,,,,,,0.6476,0.619,588.1216036437235,0.0,0.0,0.0,588.1216036437235,0.0,0.0,0.0,,,,,,
2024-01-13 06:00:00,36.02,36.04,35.82,35.99,62360.43,0.0001,64,8.709345610740408,0.0,trending,,785.0723017018764,0.0,0.8709345610740409,True,True,784.3885551013823,0.8708220555376802,,trending,8.709345610740408,0.0524,1.0,AVAXUSDT,2024-01-13 06:00:00,AVAXUSDT,35.99,18.998238413284543,LONG,0.6333,0.581,588.1216036437235,0.0,0.0,0.0,588.1216036437235,0.0,0.0,0.0,8.709345610740408,8.709345610740408,1.0,8.709345610740408,True,True
2024-01-13 07:00:00,36.0,36.08,35.84,35.86,57182.31,0.0001,64,10.000233506402417,0.0,trending,,781.9212538786489,0.8704144430079771,0.12960890763226451,False,,781.9212538786489,0.8704144430079771,,trending,1.2908878956620082,0.0857,2.0,AVAXUSDT,2024-01-13 07:00:00,,,,,0.6381,0.5524,588.1216036437235,0.0,0.0,0.0,588.1216036437235,0.0,0.0,0.0,10.000233506402417,10.000233506402417,1.0,10.000233506402417,True,False
2024-01-13 08:00:00,35.87,36.12,35.83,35.99,55318.88,0.0001,64,7.344355069560348,0.0,trending,,784.3885551013823,0.8708220555376802,-0.13638654858164545,False,,784.3885551013823,0.8708220555376802,,trending,-2.6558784368420687,0.7429,3.0,AVAXUSDT,2024-01-13 08:00:00,,,,,0.8381,0.0952,588.1216036437235,0.0,0.0,0.0,588.1216036437235,0.0,0.0,0.0,7.344355069560348,7.344355069560348,1.0,7.344355069560348,True,False
2024-01-13 09:00:00,35.98,36.06,35.61,35.72,91849.61,0.0001,64,10.890168870236822,0.0,trending,,779.264160254167,0.869972589045136,0.2190442979785463,True,True,779.0934668832442,1.0890363899372106,,trending,3.5458138006764743,0.6048,4.0,AVAXUSDT,2024-01-13 09:00:00,AVAXUSDT,35.72,4.778649801867733,LONG,0.8048,0.2,588.1216036437235,0.0,0.0,0.0,588.1216036437235,0.0,0.0,0.0,10.890168870236822,10.890168870236822,1.0,10.890168870236822,True,True
2024-01-13 10:00:00,35.72,35.89,35.55,35.73,51874.59,0.0001,64,9.936654112155958,0.0,trending,,779.3309979965136,1.0890092526709172,-0.09534384145532138,False,,779.3309979965136,1.0890092526709172,,trending,-0.953514758080864,0.519,5.0,AVAXUSDT,2024-01-13 10:00:00,,,,,0.7762,0.2571,588.1216036437235,0.0,0.0,0.0,588.1216036437235,0.0,0.0,0.0,9.936654112155958,9.936654112155958,1.0,9.936654112155958,True,False
2024-01-13 11:00:00,35.74,35.95,35.67,35.9,52630.73,0.0001,64,6.7728526256322965,0.0,trending,,783.3690269220929,1.0885504370622103,-0.4112651744989807,True,True,783.0468545225386,0.6775639210074371,,trending,-3.1638014865236617,0.2667,6.0,AVAXUSDT,2024-01-13 11:00:00,AVAXUSDT,35.9,8.974161547471065,REDUCE_LONG,0.6762,0.4095,588.1216036437235,0.0,0.0,0.0,588.1216036437235,0.0,0.0,0.0,6.7728526256322965,6.7728526256322965,1.0,6.7728526256322965,True,True
2024-01-13 12:00:00,35.9,36.09,35.87,35.91,52362.82,0.0001,64,6.513301201378187,0.0,trending,,783.1946440203333,0.6776247649707469,-0.026294644832928094,False,,783.1946440203333,0.6776247649707469,,trending,-0.25955142425410926,0.2048,7.0,AVAXUSDT,2024-01-13 12:00:00,,,,,0.6238,0.419,588.1216036437235,0.0,0.0,0.0,588.1216036437235,0.0,0.0,0.0,6.513301201378187,6.513301201378187,1.0,6.513301201378187,True,False
2024-01-13 13:00:00,35.92,36.1,35.82,35.88,48789.41,0.0001,64,6.9770987762212116,0.0,trending,,782.7512755269494,0.677442164153951,0.020267713468170134,False,,782.7512755269494,0.677442164153951,,trending,0.4637975748430243,0.1095,8.0,AVAXUSDT,2024-01-13 13:00:00,,,,,0.5857,0.4762,588.1216036437235,0.0,0.0,0.0,588.1216036437235,0.0,0.0,0.0,6.9770987762212116,6.9770987762212116,1.0,6.9770987762212116,True,False
2024-01-13 14:00:00,35.88,36.03,35.63,35.82,75285.89,0.0001,64,7.864016068547937,0.0,trending,,781.8645385401815,0.6770763412404953,0.10932526561429845,False,,781.8645385401815,0.6770763412404953,,trending,0.8869172923267259,0.0857,9.0,AVAXUSDT,2024-01-13 14:00:00,,,,,0.6,0.5143,588.1216036437235,0.0,0.0,0.0,588.1216036437235,0.0,0.0,0.0,7.864016068547937,7.864016068547937,1.0,7.864016068547937,True,False
2024-01-13 15:00:00,35.81,36.29,35.79,36.11,84606.75,0.0001,64,0.0,0.0,unknown,,786.1504339762265,0.6788368402181123,-0.6788368402181123,True,True,785.61676609969,0.0,,unknown,-7.864016068547937,0.019,1.0,AVAXUSDT,2024-01-13 15:00:00,AVAXUSDT,36.11,14.778949779466059,CLOSE,0.5143,0.5333,588.1216036437235,0.0,0.0,0.0,588.1216036437235,0.0,0.0,0.0,,,,,True,True
2024-01-13 16:00:00,36.11,36.23,35.86,36.05,79522.2,0.0001,64,2.098196813569724,0.0,trending,,785.61676609969,0.0,0.20981968135697243,True,True,785.4519282401584,0.20965385117986526,,trending,2.098196813569724,0.319,1.0,AVAXUSDT,2024-01-13 16:00:00,AVAXUSDT,36.05,4.572478766483554,LONG,0.6048,0.2857,588.1216036437235,0.0,0.0,0.0,588.1216036437235,0.0,0.0,0.0,2.098196813569724,2.098196813569724,1.0,2.098196813569724,True,True
2024-01-13 17:00:00,36.05,36.24,35.87,36.15,51795.55,0.0001,64,-0.4048814479846,0.0,trending,,785.90871886893,0.21011322095856735,-0.25060136575702735,True,True,785.711769070621,-0.040498293726178615,,trending,-2.5030782615543243,0.3143,2.0,AVAXUSDT,2024-01-13 17:00:00,AVAXUSDT,36.15,0.8802209130826399,SHORT,0.581,0.2667,588.1216036437235,0.0,0.0,0.0,588.1216036437235,0.0,0.0,0.0,-0.4048814479846,-0.4048814479846,1.0,-0.4048814479846,True,True
2024-01-13 18:00:00,36.13,36.17,35.93,36.0,39770.44,0.0001,64,4.081147684903759,0.0,trending,,785.8438022075834,-0.04032347494751197,0.4484382434378879,True,True,785.4913680736324,0.4078895834742047,,trending,4.486029132888359,0.3143,3.0,AVAXUSDT,2024-01-13 18:00:00,AVAXUSDT,36.0,8.908735039098463,LONG,0.5524,0.2381,588.1216036437235,0.0,0.0,0.0,588.1216036437235,0.0,0.0,0.0,4.081147684903759,4.081147684903759,1.0,4.081147684903759,True,True
2024-01-13 19:00:00,35.99,36.45,35.99,36.25,76483.41,0.0001,64,-3.8324936739204833,0.0,trending,,787.7163246496473,0.40956203829550336,-0.7928114056875517,True,True,787.0918141630187,-0.3835534529442334,,trending,-7.9136413588242425,0.2476,4.0,AVAXUSDT,2024-01-13 19:00:00,AVAXUSDT,36.25,8.32804918914115,SHORT,0.5143,0.2667,588.1216036437235,0.0,0.0,0.0,588.1216036437235,0.0,0.0,0.0,-3.8324936739204833,-3.8324936739204833,1.0,-3.8324936739204833,True,True
2024-01-13 20:00:00,36.26,36.4,36.14,36.37,58485.29,0.0001,64,-7.612544817359171,0.0,trending,,786.0924482603218,-0.38531237601809193,-0.3759421057178252,True,True,785.796923010034,-0.7615407769792047,,trending,-3.780051143438688,0.1,5.0,AVAXUSDT,2024-01-13 20:00:00,AVAXUSDT,36.37,8.125522416493428,SHORT,0.4524,0.3524,588.1216036437235,0.0,0.0,0.0,588.1216036437235,0.0,0.0,0.0,-7.612544817359171,-7.612544817359171,1.0,-7.612544817359171,True,True
2024-01-13 21:00:00,36.38,36.5,36.24,36.47,55531.37,0.0001,64,-10.8587517249093,0.0,trending,,784.1515658494706,-0.7652369549341482,-0.3206382175567819,True,True,783.9001368891023,-1.0862234572441292,,trending,-3.246206907550129,0.1619,6.0,AVAXUSDT,2024-01-13 21:00:00,AVAXUSDT,36.47,6.894131076729743,SHORT,0.4286,0.2667,588.1216036437235,0.0,0.0,0.0,588.1216036437235,0.0,0.0,0.0,-10.8587517249093,-10.8587517249093,1.0,-10.8587517249093,True,True
2024-01-13 22:00:00,36.47,36.59,36.31,36.58,57089.53,0.0001,64,-13.89733435013472,0.0,trending,,781.3318895940423,-1.093080898777383,-0.296652536236089,True,True,781.100105507352,-1.3901458252982852,,trending,-3.0385826252254198,0.2667,7.0,AVAXUSDT,2024-01-13 22:00:00,AVAXUSDT,36.58,6.33636103581762,SHORT,0.5143,0.2476,588.1216036437235,0.0,0.0,0.0,588.1216036437235,0.0,0.0,0.0,-13.89733435013472,-13.89733435013472,1.0,-13.89733435013472,True,True
2024-01-13 23:00:00,36.57,36.63,36.35,36.49,94661.07,0.0001,64,-9.57680938895316,0.0,trending,,783.7716712419883,-1.3819987693099867,0.42431783041467064,True,True,783.4387700457102,-0.9580878796064481,,trending,4.32052496118156,0.3143,8.0,AVAXUSDT,2024-01-13 23:00:00,AVAXUSDT,36.49,9.113957113781337,REDUCE_SHORT,0.5429,0.2286,588.1216036437235,0.0,0.0,0.0,588.1216036437235,0.0,0.0,0.0,-9.57680938895316,-9.57680938895316,1.0,-9.57680938895316,True,True
2024-01-14 00:00:00,36.48,36.59,35.91,36.0,81431.36,0.0001,60,8.534541257038985,0.0,trending,,793.5181222818665,-0.9332160374976031,1.7866701632015016,True,True,792.099625863723,0.8541275136057003,,trending,18.111350645992147,0.3905,9.0,AVAXUSDT,2024-01-14 00:00:00,AVAXUSDT,36.0,18.81198098006304,LONG,0.581,0.1905,588.1216036437235,0.0,0.0,0.0,588.1216036437235,0.0,0.0,0.0,8.534541257038985,8.534541257038985,1.0,8.534541257038985,True,True
2024-01-14 01:00:00,35.99,36.29,35.97,36.13,46206.8,0.0001,60,0.0,0.0,unknown,,794.5427378336038,0.8545760518662826,-0.8545760518662826,True,True,793.863740637667,0.0,,unknown,-8.534541257038985,0.0333,1.0,AVAXUSDT,2024-01-14 01:00:00,AVAXUSDT,36.13,18.793168999082976,CLOSE,0.4714,0.4381,588.1216036437235,0.0,0.0,0.0,588.1216036437235,0.0,0.0,0.0,,,,,True,True
2024-01-14 02:00:00,36.13,36.17,35.83,36.09,37493.52,0.0001,60,4.449920809329438,0.0,trending,,793.863740637667,0.0,0.4449920809329438,True,True,793.5104775597434,0.44474499685364527,,trending,4.449920809329438,0.4762,1.0,AVAXUSDT,2024-01-14 02:00:00,AVAXUSDT,36.09,9.788392294917323,LONG,0.6286,0.1524,588.1216036437235,0.0,0.0,0.0,588.1216036437235,0.0,0.0,0.0,4.449920809329438,4.449920809329438,1.0,4.449920809329438,True,True
2024-01-14 03:00:00,36.09,36.25,35.95,36.03,48003.03,0.0001,60,6.083145339702149,0.0,trending,,792.9237613255862,0.4443341413082162,0.16398039266199876,False,,792.9237613255862,0.4443341413082162,,trending,1.6332245303727113,0.4429,2.0,AVAXUSDT,2024-01-14 03:00:00,,,,,0.6048,0.1619,588.1216036437235,0.0,0.0,0.0,588.1216036437235,0.0,0.0,0.0,6.083145339702149,6.083145339702149,1.0,6.083145339702149,True,False
2024-01-14 04:00:00,36.02,36.16,35.8,35.89,57213.8,0.0001,60,10.280981508124842,0.0,trending,,791.5547567792189,0.4433731097683323,0.584725041044152,True,True,791.0919148915725,1.0281145901173445,,trending,4.197836168422693,0.4143,3.0,AVAXUSDT,2024-01-14 04:00:00,AVAXUSDT,35.89,12.896123924391823,LONG,0.5762,0.1619,588.1216036437235,0.0,0.0,0.0,588.1216036437235,0.0,0.0,0.0,10.280981508124842,10.280981508124842,1.0,10.280981508124842,True,True
2024-01-14 05:00:00,35.88,36.65,35.87,36.5,64908.54,0.0001,60,-11.223324934907264,0.0,trending,,804.9156322304574,1.0276317467840577,-2.149964240274784,True,True,803.1850924047236,-1.1247506672044412,,trending,-21.504306443032107,0.2905,4.0,AVAXUSDT,2024-01-14 05:00:00,AVAXUSDT,36.5,24.750218317010237,SHORT,0.5286,0.2381,588.1216036437235,0.0,0.0,0.0,588.1216036437235,0.0,0.0,0.0,-11.223324934907264,-11.223324934907264,1.0,-11.223324934907264,True,True
2024-01-14 06:00:00,36.49,37.23,36.48,36.86,187969.15,0.0001,60,-20.0,0.0,trending,,794.2750138106,-1.1485858566646785,-0.8514141433353215,True,True,793.5987568301441,-2.001704279334199,,trending,-8.776675065092736,0.3429,5.0,AVAXUSDT,2024-01-14 06:00:00,AVAXUSDT,36.86,18.346635389479182,SHORT,0.5619,0.219,588.1216036437235,0.0,0.0,0.0,588.1216036437235,0.0,0.0,0.0,-20.85221482260383,-20.85221482260383,1.0,-20.85221482260383,True,True
2024-01-14 07:00:00,36.85,36.92,36.16,36.42,90436.09,0.0001,60,-4.8328487679350935,0.0,trending,,812.5613724609993,-1.931653983546554,1.4483691067530446,True,True,811.3833056049298,-0.48398656968200865,,trending,15.167151232064906,0.1714,6.0,AVAXUSDT,2024-01-14 07:00:00,AVAXUSDT,36.42,32.314354453963915,REDUCE_SHORT,0.4952,0.3238,588.1216036437235,0.0,0.0,0.0,588.1216036437235,0.0,0.0,0.0,-4.8328487679350935,-4.8328487679350935,1.0,-4.8328487679350935,True,True
2024-01-14 08:00:00,36.42,36.83,36.23,36.77,107002.19,0.0001,60,-14.009697922876985,0.0,trending,,807.6094308665458,-0.4909210843290391,-0.9100487079586594,True,True,806.8744669474506,-1.4022459043612026,,trending,-9.176849154941891,0.1333,7.0,AVAXUSDT,2024-01-14 08:00:00,AVAXUSDT,36.77,19.988140307188694,SHORT,0.4857,0.3524,588.1216036437235,0.0,0.0,0.0,588.1216036437235,0.0,0.0,0.0,-14.009697922876985,-14.009697922876985,1.0,-14.009697922876985,True,True
2024-01-14 09:00:00,36.78,36.96,36.57,36.84,62651.26,0.0001,60,-14.456428382890458,0.0,trending,,804.7205221782706,-1.408675844765825,-0.03696699352322086,False,,804.7205221782706,-1.408675844765825,,trending,-0.44673046001347316,0.3952,8.0,AVAXUSDT,2024-01-14 09:00:00,,,,,0.5952,0.2,588.1216036437235,0.0,0.0,0.0,588.1216036437235,0.0,0.0,0.0,-14.456428382890458,-14.456428382890458,1.0,-14.456428382890458,True,False
2024-01-14 10:00:00,36.85,36.9,36.43,36.5,47709.23,0.0001,60,-3.6215504490149115,0.0,trending,,815.1825396285735,-1.3777630031689663,1.015607958267475,True,True,814.3538050192767,-0.36252359530033673,,trending,10.834877933875546,0.319,9.0,AVAXUSDT,2024-01-14 10:00:00,AVAXUSDT,36.5,22.68235273116358,REDUCE_SHORT,0.5571,0.2381,588.1216036437235,0.0,0.0,0.0,588.1216036437235,0.0,0.0,0.0,-3.6215504490149115,-3.6215504490149115,1.0,-3.6215504490149115,True,True
2024-01-14 11:00:00,36.5,36.6,36.32,36.41,37028.14,0.0001,60,-0.821269557495389,0.0,trending,,815.0817508338462,-0.361306731657596,0.2791797759080571,True,True,814.853968711179,-0.08214991330147722,,trending,2.8002808915195225,0.3762,10.0,AVAXUSDT,2024-01-14 11:00:00,AVAXUSDT,36.41,6.249775900701456,REDUCE_SHORT,0.5571,0.181,588.1216036437235,0.0,0.0,0.0,588.1216036437235,0.0,0.0,0.0,-0.821269557495389,-0.821269557495389,1.0,-0.821269557495389,True,True
2024-01-14 12:00:00,36.4,36.53,36.18,36.23,54000.9,0.0001,60,4.3464788599486,0.0,trending,,815.1849006781919,-0.08171060438013471,0.5163584903749947,True,True,814.7639063575743,0.4344375991854351,,trending,5.167748417443988,0.3048,11.0,AVAXUSDT,2024-01-14 12:00:00,AVAXUSDT,36.23,9.77969621238493,LONG,0.4952,0.1905,588.1216036437235,0.0,0.0,0.0,588.1216036437235,0.0,0.0,0.0,4.3464788599486,4.3464788599486,1.0,4.3464788599486,True,True
2024-01-14 13:00:00,36.23,36.53,36.17,36.49,38935.1,0.0001,60,-3.4255505620728197,0.0,trending,,817.3040846517792,0.43619536518899016,-0.7787504213962722,True,True,816.6676087514477,-0.34282202900683506,,trending,-7.772029422021419,0.5476,12.0,AVAXUSDT,2024-01-14 13:00:00,AVAXUSDT,36.49,7.672558143500449,SHORT,0.5762,0.0286,588.1216036437235,0.0,0.0,0.0,588.1216036437235,0.0,0.0,0.0,-3.4255505620728197,-3.4255505620728197,1.0,-3.4255505620728197,True,True
2024-01-14 14:00:00,36.49,36.86,36.45,36.79,77988.54,0.0001,60,-11.367900300368445,0.0,trending,,814.3658413083975,-0.34661745346031225,-0.7901725765765323,True,True,813.722351753295,-1.137689000685859,,trending,-7.942349738295626,0.5714,13.0,AVAXUSDT,2024-01-14 14:00:00,AVAXUSDT,36.79,17.49088217185572,SHORT,0.6095,0.0381,588.1216036437235,0.0,0.0,0.0,588.1216036437235,0.0,0.0,0.0,-11.367900300368445,-11.367900300368445,1.0,-11.367900300368445,True,True
2024-01-14 15:00:00,36.8,37.26,36.67,37.18,146046.92,0.0001,60,-20.0,0.0,trending,,803.908610030306,-1.163784911931311,-0.8362150880686889,True,True,803.2363695211704,-2.001673829857919,,trending,-8.632099699631555,0.5714,14.0,AVAXUSDT,2024-01-14 15:00:00,AVAXUSDT,37.18,18.080702236031996,SHORT,0.6381,0.0667,588.1216036437235,0.0,0.0,0.0,588.1216036437235,0.0,0.0,0.0,-20.802040927117922,-20.802040927117922,1.0,-20.802040927117922,True,True
2024-01-14 16:00:00,37.18,37.86,37.01,37.43,259401.1,0.0001,60,-20.0,0.0,trending,,792.4253338833234,-2.0426255780671263,0.0426255780671263,False,,792.4253338833234,-2.0426255780671263,,trending,0.0,0.7048,15.0,AVAXUSDT,2024-01-14 16:00:00,,,,,0.7048,0.0,588.1216036437235,0.0,0.0,0.0,588.1216036437235,0.0,0.0,0.0,-24.0,-24.0,1.0,-24.0,True,False
2024-01-14 17:00:00,37.42,37.51,37.15,37.21,93399.33,0.0001,60,-15.949980138822022,0.0,trending,,801.9390452446289,-2.0065297404820814,0.41153172659987924,True,True,801.6086915309977,-1.5956553339969757,,trending,4.050019861177978,0.7048,16.0,AVAXUSDT,2024-01-14 17:00:00,AVAXUSDT,37.21,8.869211500063983,REDUCE_SHORT,0.7048,0.0,588.1216036437235,0.0,0.0,0.0,588.1216036437235,0.0,0.0,0.0,-15.949980138822022,-15.949980138822022,1.0,-15.949980138822022,True,True
2024-01-14 18:00:00,37.2,37.29,36.54,36.88,105497.32,0.0001,60,-5.773460801572857,0.0,trending,,812.9524187779346,-1.559436232539377,0.9820901523820912,True,True,812.1532270213409,-0.5779142121459444,,trending,10.176519337249164,0.6571,17.0,AVAXUSDT,2024-01-14 18:00:00,AVAXUSDT,36.88,21.64838841748946,REDUCE_SHORT,0.6762,0.019,588.1216036437235,0.0,0.0,0.0,588.1216036437235,0.0,0.0,0.0,-5.773460801572857,-5.773460801572857,1.0,-5.773460801572857,True,True
2024-01-14 19:00:00,36.89,36.92,36.03,36.12,108216.25,0.0001,60,12.392207541946247,0.0,trending,,821.8253994230554,-0.5593435299722063,1.798564284166831,True,True,820.3468334689691,1.2402128303412694,,trending,18.165668343519105,0.5905,18.0,AVAXUSDT,2024-01-14 19:00:00,AVAXUSDT,36.12,28.19554516304921,LONG,0.5905,0.0,588.1216036437235,0.0,0.0,0.0,588.1216036437235,0.0,0.0,0.0,12.392207541946247,12.392207541946247,1.0,12.392207541946247,True,True
2024-01-14 20:00:00,36.12,36.34,35.75,35.89,119661.81,0.0001,60,16.59305856510343,0.0,trending,,813.8683430568553,1.2421249535139038,0.41718090299643906,True,True,813.5288127265787,1.6595810211163315,,trending,4.200851023157183,0.581,19.0,AVAXUSDT,2024-01-14 20:00:00,AVAXUSDT,35.89,9.460304549364016,LONG,0.581,0.0,588.1216036437235,0.0,0.0,0.0,588.1216036437235,0.0,0.0,0.0,16.59305856510343,16.59305856510343,1.0,16.59305856510343,True,True
2024-01-14 21:00:00,35.89,36.49,35.83,36.47,94180.24,0.0001,60,1.6326151777691083,0.0,trending,,835.3473651669451,1.642353333931347,-1.4790918161544362,True,True,834.1118097154806,0.16350335425009568,,trending,-14.960443387334323,0.5333,20.0,AVAXUSDT,2024-01-14 21:00:00,AVAXUSDT,36.47,33.87867977692898,REDUCE_LONG,0.5429,0.0095,588.1216036437235,0.0,0.0,0.0,588.1216036437235,0.0,0.0,0.0,1.6326151777691083,1.6326151777691083,1.0,1.6326151777691083,True,True
2024-01-14 22:00:00,36.48,36.55,35.87,36.04,74127.44,0.0001,60,10.711815689784515,0.0,trending,,832.5038186585988,0.16188765100005553,0.9092939179783961,True,True,831.7468279995986,1.07124635285378,,trending,9.079200512015408,0.4952,21.0,AVAXUSDT,2024-01-14 22:00:00,AVAXUSDT,36.04,21.00418032741547,LONG,0.5333,0.0381,588.1216036437235,0.0,0.0,0.0,588.1216036437235,0.0,0.0,0.0,10.711815689784515,10.711815689784515,1.0,10.711815689784515,True,True
2024-01-14 23:00:00,36.03,36.14,35.28,35.29,139985.56,0.0001,60,20.0,0.0,trending,,813.2048103249538,1.0728708527547837,0.9271291472452163,True,True,812.4508644426214,2.0009279895133716,,trending,9.288184310215485,0.481,22.0,AVAXUSDT,2024-01-14 23:00:00,AVAXUSDT,35.29,21.364292500206357,LONG,0.5476,0.0667,588.1216036437235,0.0,0.0,0.0,588.1216036437235,0.0,0.0,0.0,24.0,24.0,1.0,24.0,True,True
2024-01-15 00:00:00,35.28,35.79,35.22,35.77,86835.08,0.0001,52,12.212767456955913,0.0,trending,,834.5623612940933,1.9744086817718187,-0.7531319360762274,True,True,833.9338257271555,1.222197221455253,,trending,-7.787232543044087,0.4476,23.0,AVAXUSDT,2024-01-15 00:00:00,AVAXUSDT,35.77,17.57158420290099,REDUCE_LONG,0.5238,0.0762,588.1216036437235,0.0,0.0,0.0,588.1216036437235,0.0,0.0,0.0,12.212767456955913,12.212767456955913,1.0,12.212767456955913,True,True
2024-01-15 01:00:00,35.77,36.0,35.65,35.87,55987.9,0.0001,52,9.367733900430547,0.0,trending,,836.7832291509219,1.2214405983520291,-0.2846672083089744,True,True,836.5450244051198,0.9370401346422567,,trending,-2.8450335565253653,0.5381,24.0,AVAXUSDT,2024-01-15 01:00:00,AVAXUSDT,35.87,6.640779085647107,REDUCE_LONG,0.5381,0.0,588.1216036437235,0.0,0.0,0.0,588.1216036437235,0.0,0.0,0.0,9.367733900430547,9.367733900430547,1.0,9.367733900430547,True,True
2024-01-15 02:00:00,35.88,36.38,35.82,36.34,70113.71,0.0001,52,-1.3908449357178245,0.0,trending,,846.8160543265683,0.937803774700373,-1.0768882682721554,True,True,845.9041280522795,-0.13923443349975786,,trending,-10.758578836148372,0.5048,25.0,AVAXUSDT,2024-01-15 02:00:00,AVAXUSDT,36.34,3.2410286754118265,SHORT,0.5143,0.0095,588.1216036437235,0.0,0.0,0.0,588.1216036437235,0.0,0.0,0.0,-1.3908449357178245,-1.3908449357178245,1.0,-1.3908449357178245,True,True
2024-01-15 03:00:00,36.34,36.47,36.0,36.01,61211.44,0.0001,52,5.920431379834612,0.0,trending,,846.9736675151654,-0.13779583365794562,0.7298389716414069,True,True,846.3553962983899,0.5918831558799706,,trending,7.311276315552437,0.3238,26.0,AVAXUSDT,2024-01-15 03:00:00,AVAXUSDT,36.01,13.925158231186874,LONG,0.4476,0.1238,588.1216036437235,0.0,0.0,0.0,588.1216036437235,0.0,0.0,0.0,5.920431379834612,5.920431379834612,1.0,5.920431379834612,True,True
2024-01-15 04:00:00,36.02,36.26,35.95,36.23,45811.15,0.0001,52,0.5634685343615946,0.0,mean_reversion,,849.4158675744402,0.5933536133159358,-0.5370067598797764,True,True,848.9597255116034,0.056377128335178016,,mean_reversion,-5.356962845473018,0.7857,1.0,AVAXUSDT,2024-01-15 04:00:00,AVAXUSDT,36.23,12.590175623423113,REDUCE_LONG,0.081,0.8667,588.1216036437235,0.0,0.0,0.0,588.1216036437235,0.0,0.0,0.0,0.5634685343615946,0.5634685343615946,1.0,0.5634685343615946,True,True
2024-01-15 05:00:00,36.22,36.43,35.88,36.11,53446.83,0.0001,52,3.1560754563280247,0.0,mean_reversion,,848.8011986176596,0.05620089201135676,0.2594066536214457,True,True,848.5810139391363,0.31542996361049314,,mean_reversion,2.5926069219664303,0.9524,2.0,AVAXUSDT,2024-01-15 05:00:00,AVAXUSDT,36.11,6.097609485551901,LONG,0.0286,0.981,588.1216036437235,0.0,0.0,0.0,588.1216036437235,0.0,0.0,0.0,3.1560754563280247,3.1560754563280247,1.0,3.1560754563280247,True,True
2024-01-15 06:00:00,36.11,36.34,36.02,36.1,41622.12,0.0001,52,3.119532425684586,0.0,mean_reversion,,848.5068882458802,0.31537015946602176,-0.003416916897563127,False,,848.5068882458802,0.31537015946602176,,mean_reversion,-0.036543030643438446,0.9143,3.0,AVAXUSDT,2024-01-15 06:00:00,,,,,0.0667,0.981,588.1216036437235,0.0,0.0,0.0,588.1216036437235,0.0,0.0,0.0,3.119532425684586,3.119532425684586,1.0,3.119532425684586,True,False
2024-01-15 07:00:00,36.11,36.15,35.77,35.98,54199.4,0.0001,52,5.462409923314899,0.0,mean_reversion,,847.6173799268083,0.31465169385516745,0.23158929847632248,True,True,847.4210808124147,0.5461358822588587,,mean_reversion,2.342877497630313,0.9,4.0,AVAXUSDT,2024-01-15 07:00:00,AVAXUSDT,35.98,5.45578416880456,LONG,0.0714,0.9714,588.1216036437235,0.0,0.0,0.0,588.1216036437235,0.0,0.0,0.0,5.462409923314899,5.462409923314899,1.0,5.462409923314899,True,True
2024-01-15 08:00:00,35.99,36.25,35.87,36.15,66165.52,0.0001,52,1.1621860589902373,0.0,mean_reversion,,849.6077734231546,0.5473040228333568,-0.43108541693433305,True,True,849.2415199019179,0.11626872765195992,,mean_reversion,-4.300223864324662,0.9095,5.0,AVAXUSDT,2024-01-15 08:00:00,AVAXUSDT,36.15,10.131494363396156,REDUCE_LONG,0.081,0.9905,588.1216036437235,0.0,0.0,0.0,588.1216036437235,0.0,0.0,0.0,1.1621860589902373,1.1621860589902373,1.0,1.1621860589902373,True,True
2024-01-15 09:00:00,36.15,36.44,35.97,36.41,52500.49,0.0001,52,-4.661755050620849,0.0,mean_reversion,,849.9516847720959,0.11700711656928711,-0.583182621631372,True,True,849.4560077203105,-0.466447529154991,,mean_reversion,-5.823941109611086,0.8571,6.0,AVAXUSDT,2024-01-15 09:00:00,AVAXUSDT,36.41,10.882358031502385,SHORT,0.0952,0.9524,588.1216036437235,0.0,0.0,0.0,588.1216036437235,0.0,0.0,0.0,-4.661755050620849,-4.661755050620849,1.0,-4.661755050620849,True,True
2024-01-15 10:00:00,36.41,36.52,36.23,36.34,44835.06,0.0001,52,-2.7120104269705294,0.0,mean_reversion,,850.2177727825156,-0.46513364401987867,0.19393260132282575,False,,850.2177727825156,-0.46513364401987867,,mean_reversion,1.9497446236503198,0.881,7.0,AVAXUSDT,2024-01-15 10:00:00,,,,,0.0619,0.9429,588.1216036437235,0.0,0.0,0.0,588.1216036437235,0.0,0.0,0.0,-2.7120104269705294,-2.7120104269705294,1.0,-2.7120104269705294,True,False
2024-01-15 11:00:00,36.34,36.37,36.07,36.34,52788.42,0.0001,52,-2.5209172700132387,0.0,mean_reversion,,850.2177727825156,-0.46513364401987867,0.2130419170185548,True,True,850.0364594449811,-0.25214549833298805,,mean_reversion,0.19109315695729068,0.881,8.0,AVAXUSDT,2024-01-15 11:00:00,AVAXUSDT,36.34,4.9843705062419685,REDUCE_SHORT,0.0524,0.9333,588.1216036437235,0.0,0.0,0.0,588.1216036437235,0.0,0.0,0.0,-2.5209172700132387,-2.5209172700132387,1.0,-2.5209172700132387,True,True
2024-01-15 12:00:00,36.34,36.5,36.13,36.29,77895.85,0.0001,52,-1.1958948032579233,0.0,mean_reversion,,850.3313588212442,-0.2517112477051377,0.13212176737934536,False,,850.3313588212442,-0.2517112477051377,,mean_reversion,1.3250224667553154,0.881,9.0,AVAXUSDT,2024-01-15 12:00:00,,,,,0.0429,0.9238,588.1216036437235,0.0,0.0,0.0,588.1216036437235,0.0,0.0,0.0,-1.1958948032579233,-1.1958948032579233,1.0,-1.1958948032579233,True,False
2024-01-15 13:00:00,36.29,36.46,36.17,36.29,52874.71,0.0001,52,-1.0895439038160946,0.0,mean_reversion,,850.3313588212442,-0.2517112477051377,0.14275685732352825,False,,850.3313588212442,-0.2517112477051377,,mean_reversion,0.10635089944182874,0.8619,10.0,AVAXUSDT,2024-01-15 13:00:00,,,,,0.0524,0.9143,588.1216036437235,0.0,0.0,0.0,588.1216036437235,0.0,0.0,0.0,-1.0895439038160946,-1.0895439038160946,1.0,-1.0895439038160946,True,False
2024-01-15 14:00:00,36.28,36.34,35.43,35.48,106301.64,0.0001,52,18.189349217696066,0.0,mean_reversion,,855.1087287167052,-0.24471811638536894,2.0636530381549756,True,True,853.3438715206688,1.8208740852328484,,mean_reversion,19.27889312151216,0.7571,11.0,AVAXUSDT,2024-01-15 14:00:00,AVAXUSDT,35.48,43.83841963283055,LONG,0.1667,0.9238,588.1216036437235,0.0,0.0,0.0,588.1216036437235,0.0,0.0,0.0,18.189349217696066,18.189349217696066,1.0,18.189349217696066,True,True
2024-01-15 15:00:00,35.48,35.7,35.16,35.28,108578.25,0.0001,52,20.0,0.0,mean_reversion,,844.5849552780295,1.8293871037437464,0.17061289625625364,False,,844.5849552780295,1.8293871037437464,,mean_reversion,1.8106507823039344,0.7381,12.0,AVAXUSDT,2024-01-15 15:00:00,,,,,0.2143,0.9524,588.1216036437235,0.0,0.0,0.0,588.1216036437235,0.0,0.0,0.0,21.9406778468332,21.9406778468332,1.0,21.9406778468332,True,False
2024-01-15 16:00:00,35.27,35.93,35.19,35.86,74961.74,0.0001,52,5.5596723567360105,0.0,mean_reversion,,869.985812381684,1.8051716015987915,-1.2492043659251904,True,True,868.8990223065637,0.5566626210501645,,mean_reversion,-14.44032764326399,0.7381,13.0,AVAXUSDT,2024-01-15 16:00:00,AVAXUSDT,35.86,30.30647169883361,REDUCE_LONG,0.2524,0.9905,588.1216036437235,0.0,0.0,0.0,588.1216036437235,0.0,0.0,0.0,5.5596723567360105,5.5596723567360105,1.0,5.5596723567360105,True,True
2024-01-15 17:00:00,35.86,36.32,35.84,36.12,77984.29,0.0001,52,-1.2656172195086342,0.0,mean_reversion,,872.4059307802984,0.558444754293541,-0.6850064762444044,True,True,871.8083270678,-0.12664847697779966,,mean_reversion,-6.825289576244645,0.7524,14.0,AVAXUSDT,2024-01-15 17:00:00,AVAXUSDT,36.12,3.0568437663261436,SHORT,0.2381,0.9905,588.1216036437235,0.0,0.0,0.0,588.1216036437235,0.0,0.0,0.0,-1.2656172195086342,-1.2656172195086342,1.0,-1.2656172195086342,True,True
2024-01-15 18:00:00,36.14,36.81,36.1,36.31,127458.8,0.0001,52,-5.795530704587079,0.0,mean_reversion,,871.227526752198,-0.1273995526393327,-0.4521535178193752,True,True,870.833598161156,-0.5798152359573311,,mean_reversion,-4.529913485078445,0.8095,15.0,AVAXUSDT,2024-01-15 18:00:00,AVAXUSDT,36.31,10.849038585570918,SHORT,0.181,0.9905,588.1216036437235,0.0,0.0,0.0,588.1216036437235,0.0,0.0,0.0,-5.795530704587079,-5.795530704587079,1.0,-5.795530704587079,True,True
2024-01-15 19:00:00,36.31,36.49,36.23,36.4,51332.9,0.0001,52,-7.931189569677224,0.0,mean_reversion,,869.5820687494853,-0.5820889549125178,-0.2110300020552046,True,True,869.3985608437298,-0.7932863641907881,,mean_reversion,-2.1356588650901456,0.6238,16.0,AVAXUSDT,2024-01-15 19:00:00,AVAXUSDT,36.4,5.041425982290466,SHORT,0.2238,0.8476,588.1216036437235,0.0,0.0,0.0,588.1216036437235,0.0,0.0,0.0,-7.931189569677224,-7.931189569677224,1.0,-7.931189569677224,True,True
2024-01-15 20:00:00,36.41,36.52,35.91,36.03,47700.05,0.0001,52,2.464299024899954,0.0,mean_reversion,,876.4090649273792,-0.7789416456313629,1.0253715481213583,True,True,875.5097366528128,0.2464363535645638,,mean_reversion,10.395488594577179,0.5381,17.0,AVAXUSDT,2024-01-15 20:00:00,AVAXUSDT,36.03,5.994265900954819,LONG,0.2333,0.7714,588.1216036437235,0.0,0.0,0.0,588.1216036437235,0.0,0.0,0.0,2.464299024899954,2.464299024899954,1.0,2.464299024899954,True,True
2024-01-15 21:00:00,36.02,36.04,35.72,35.75,53849.57,0.0001,52,9.532243576925227,0.0,mean_reversion,,873.8330205949977,0.24499041110555297,0.7082339465869697,True,True,873.2141423861636,0.953191206115695,,mean_reversion,7.067944552025272,0.4619,18.0,AVAXUSDT,2024-01-15 21:00:00,AVAXUSDT,35.75,17.31127856878344,LONG,0.2714,0.7333,588.1216036437235,0.0,0.0,0.0,588.1216036437235,0.0,0.0,0.0,9.532243576925227,9.532243576925227,1.0,9.532243576925227,True,True
2024-01-15 22:00:00,35.76,35.83,35.36,35.49,58609.92,0.0001,52,15.549858596402547,0.0,mean_reversion,,867.1607602655939,0.9528644483460077,0.6021214112942471,True,True,866.6386242048038,1.555320229840767,,mean_reversion,6.01761501947732,0.4857,19.0,AVAXUSDT,2024-01-15 22:00:00,AVAXUSDT,35.49,14.712202332772941,LONG,0.2667,0.7524,588.1216036437235,0.0,0.0,0.0,588.1216036437235,0.0,0.0,0.0,15.549858596402547,15.549858596402547,1.0,15.549858596402547,True,True
2024-01-15 23:00:00,35.49,35.73,35.42,35.61,45074.29,0.0001,52,11.105395407433896,0.0,mean_reversion,,871.1961916914888,1.5524151328622013,-0.4418755921188118,True,True,870.8112313584334,1.1110304779937152,,mean_reversion,-4.444463188968651,0.6571,20.0,AVAXUSDT,2024-01-15 23:00:00,AVAXUSDT,35.61,10.810455856650673,REDUCE_LONG,0.2,0.8571,588.1216036437235,0.0,0.0,0.0,588.1216036437235,0.0,0.0,0.0,11.105395407433896,11.105395407433896,1.0,11.105395407433896,True,True
2024-01-16 00:00:00,35.6,35.88,35.6,35.71,35170.62,0.0001,64,7.394559194641558,0.0,mean_reversion,,873.5281586783392,1.1106851408274128,-0.371229221363257,True,True,873.2038795001541,0.7397305290524746,,mean_reversion,-3.710836212792338,0.4571,21.0,AVAXUSDT,2024-01-16 00:00:00,AVAXUSDT,35.71,9.080906697984862,REDUCE_LONG,0.2286,0.6857,588.1216036437235,0.0,0.0,0.0,588.1216036437235,0.0,0.0,0.0,7.394559194641558,7.394559194641558,1.0,7.394559194641558,True,True
2024-01-16 01:00:00,35.71,36.03,35.7,35.75,38920.5,0.0001,64,5.756648335149247,0.0,mean_reversion,,873.927414160197,0.7399460091714528,-0.1642811756565281,False,,873.927414160197,0.7399460091714528,,mean_reversion,-1.6379108594923109,0.4905,22.0,AVAXUSDT,2024-01-16 01:00:00,,,,,0.1952,0.6857,588.1216036437235,0.0,0.0,0.0,588.1216036437235,0.0,0.0,0.0,5.756648335149247,5.756648335149247,1.0,5.756648335149247,True,False
2024-01-16 02:00:00,35.75,35.97,35.66,35.9,28981.38,0.0001,64,1.0782941384422884,0.0,mean_reversion,,876.640669135358,0.7407508917296872,-0.6329214778854584,True,True,876.0858244274744,0.10789770461889671,,mean_reversion,-4.678354196706959,0.4333,23.0,AVAXUSDT,2024-01-16 02:00:00,AVAXUSDT,35.9,15.455284342162896,REDUCE_LONG,0.2524,0.6857,588.1216036437235,0.0,0.0,0.0,588.1216036437235,0.0,0.0,0.0,1.0782941384422884,1.0782941384422884,1.0,1.0782941384422884,True,True
2024-01-16 03:00:00,35.89,36.26,35.88,36.25,36964.0,0.0001,64,-8.675194219169844,0.0,mean_reversion,,877.0074031830931,0.10883514542073924,-0.9763545673377236,True,True,876.1511329994064,-0.8683672562537542,,mean_reversion,-9.753488357612133,0.4048,24.0,AVAXUSDT,2024-01-16 03:00:00,AVAXUSDT,36.25,20.988164287622418,SHORT,0.2524,0.6571,588.1216036437235,0.0,0.0,0.0,588.1216036437235,0.0,0.0,0.0,-8.675194219169844,-8.675194219169844,1.0,-8.675194219169844,True,True
2024-01-16 04:00:00,36.25,36.27,36.07,36.11,32751.68,0.0001,64,-4.072443784378827,0.0,mean_reversion,,879.0894759996735,-0.8621222675475722,0.4548778891096895,True,True,878.6891973558484,-0.4074298948047585,,mean_reversion,4.602750434791018,0.4286,25.0,AVAXUSDT,2024-01-16 04:00:00,AVAXUSDT,36.11,11.07389546334186,REDUCE_SHORT,0.219,0.6476,588.1216036437235,0.0,0.0,0.0,588.1216036437235,0.0,0.0,0.0,-4.072443784378827,-4.072443784378827,1.0,-4.072443784378827,True,True
2024-01-16 05:00:00,36.12,36.22,35.8,35.81,33919.68,0.0001,64,4.7892017894258645,0.0,mean_reversion,,881.6634780031326,-0.40268194776717897,0.8816021267097653,True,True,880.8858462205308,0.4788636189712905,,mean_reversion,8.86164557380469,0.3476,26.0,AVAXUSDT,2024-01-16 05:00:00,AVAXUSDT,35.81,11.791299375939776,LONG,0.2619,0.6095,588.1216036437235,0.0,0.0,0.0,588.1216036437235,0.0,0.0,0.0,4.7892017894258645,4.7892017894258645,1.0,4.7892017894258645,True,True
2024-01-16 06:00:00,35.81,35.82,35.6,35.76,38673.84,0.0001,64,5.796614913830408,0.0,mean_reversion,,880.2968708167025,0.4785149451083683,0.10114654627467251,False,,880.2968708167025,0.4785149451083683,,mean_reversion,1.0074131244045432,0.2048,27.0,AVAXUSDT,2024-01-16 06:00:00,,,,,0.3286,0.5333,588.1216036437235,0.0,0.0,0.0,588.1216036437235,0.0,0.0,0.0,5.796614913830408,5.796614913830408,1.0,5.796614913830408,True,False
2024-01-16 07:00:00,35.75,35.89,35.5,35.81,80992.63,0.0001,64,3.776698963501743,0.0,mean_reversion,,880.8858462205308,0.4788636189712905,-0.1011937226211162,False,,880.8858462205308,0.4788636189712905,,mean_reversion,-2.0199159503286648,0.2143,28.0,AVAXUSDT,2024-01-16 07:00:00,,,,,0.3,0.5143,588.1216036437235,0.0,0.0,0.0,588.1216036437235,0.0,0.0,0.0,3.776698963501743,3.776698963501743,1.0,3.776698963501743,True,False
2024-01-16 08:00:00,35.82,36.15,35.72,36.15,75043.72,0.0001,64,-6.14540141110009,0.0,mean_reversion,,884.8908789665625,0.4812222920244085,-1.0957624331344176,True,True,883.9212487839676,-0.6152142697951788,,mean_reversion,-9.922100374601833,0.4714,29.0,AVAXUSDT,2024-01-16 08:00:00,AVAXUSDT,36.15,15.042903613473614,SHORT,0.1857,0.6571,588.1216036437235,0.0,0.0,0.0,588.1216036437235,0.0,0.0,0.0,-6.14540141110009,-6.14540141110009,1.0,-6.14540141110009,True,True
2024-01-16 09:00:00,36.15,36.54,36.08,36.32,110447.87,0.0001,64,-10.12918458269697,0.0,mean_reversion,,881.3639551696771,-0.6199008435013419,-0.3930176147683552,True,True,881.0175636102734,-1.0133167095859035,,mean_reversion,-3.9837831715968806,0.2048,30.0,AVAXUSDT,2024-01-16 09:00:00,AVAXUSDT,36.32,9.537212538645099,SHORT,0.2714,0.4762,588.1216036437235,0.0,0.0,0.0,588.1216036437235,0.0,0.0,0.0,-10.12918458269697,-10.12918458269697,1.0,-10.12918458269697,True,True
2024-01-16 10:00:00,36.32,36.35,35.81,35.86,93874.46,0.0001,64,3.644221268743068,0.0,mean_reversion,,892.3244170402481,-0.987805498070574,1.3522276249448808,True,True,891.1169089878229,0.3645510211749362,,mean_reversion,13.773405851440039,0.3333,31.0,AVAXUSDT,2024-01-16 10:00:00,AVAXUSDT,35.86,9.068119406572315,LONG,0.2667,0.6,588.1216036437235,0.0,0.0,0.0,588.1216036437235,0.0,0.0,0.0,3.644221268743068,3.644221268743068,1.0,3.644221268743068,True,True
2024-01-16 11:00:00,35.87,35.91,35.62,35.77,76337.29,0.0001,64,6.062621770810834,0.0,mean_reversion,,890.301594371978,0.36396909383330844,0.242293083247775,True,True,890.0858804536573,0.6061667540096269,,mean_reversion,2.4184005020677657,0.1905,32.0,AVAXUSDT,2024-01-16 11:00:00,AVAXUSDT,35.77,6.030582005054415,LONG,0.3714,0.5619,588.1216036437235,0.0,0.0,0.0,588.1216036437235,0.0,0.0,0.0,6.062621770810834,6.062621770810834,1.0,6.062621770810834,True,True
2024-01-16 12:00:00,35.77,36.24,35.72,36.23,49544.6,0.0001,64,-8.358071749330142,0.0,mean_reversion,,897.0243377003561,0.6092130427498391,-1.4450202176828533,True,True,895.7281193966254,-0.8370166809595386,,mean_reversion,-14.420693520140976,0.419,33.0,AVAXUSDT,2024-01-16 12:00:00,AVAXUSDT,36.23,20.693882902000905,SHORT,0.2381,0.6571,588.1216036437235,0.0,0.0,0.0,588.1216036437235,0.0,0.0,0.0,-8.358071749330142,-8.358071749330142,1.0,-8.358071749330142,True,True
2024-01-16 13:00:00,36.23,36.25,35.31,35.37,137548.56,0.0001,64,17.583419396957666,0.0,mean_reversion,,913.5248586923461,-0.8012290320063126,2.559570971702079,True,True,911.1858943067951,1.7610926518372032,,mean_reversion,25.94149114628781,0.6048,34.0,AVAXUSDT,2024-01-16 13:00:00,AVAXUSDT,35.37,45.41388385618889,LONG,0.2524,0.8571,588.1216036437235,0.0,0.0,0.0,588.1216036437235,0.0,0.0,0.0,17.583419396957666,17.583419396957666,1.0,17.583419396957666,True,True
2024-01-16 14:00:00,35.37,35.61,34.74,35.38,198334.82,0.0001,64,15.328912341617356,0.0,mean_reversion,,911.6395790065188,1.7607138880152253,-0.22782265385348976,True,True,911.4318868582718,1.5332405410908025,,mean_reversion,-2.2545070553403104,0.5571,35.0,AVAXUSDT,2024-01-16 14:00:00,AVAXUSDT,35.38,5.870326406080929,REDUCE_LONG,0.2238,0.781,588.1216036437235,0.0,0.0,0.0,588.1216036437235,0.0,0.0,0.0,15.328912341617356,15.328912341617356,1.0,15.328912341617356,True,True
2024-01-16 15:00:00,35.38,35.87,35.21,35.68,148053.38,0.0001,64,5.161914385346403,0.0,mean_reversion,,923.2813299281472,1.5263969028308404,-1.0102054642962002,True,True,922.348626083571,0.5167134252603134,,mean_reversion,-10.166997956270952,0.6429,36.0,AVAXUSDT,2024-01-16 15:00:00,AVAXUSDT,35.68,26.140802818836242,REDUCE_LONG,0.2048,0.8476,588.1216036437235,0.0,0.0,0.0,588.1216036437235,0.0,0.0,0.0,5.161914385346403,5.161914385346403,1.0,5.161914385346403,True,True
2024-01-16 16:00:00,35.68,35.88,35.49,35.72,107273.12,0.0001,64,3.682522646770689,0.0,mean_reversion,,922.8829197134676,0.516993219081157,-0.14874095440408813,False,,922.8829197134676,0.516993219081157,,mean_reversion,-1.479391738575714,0.6571,37.0,AVAXUSDT,2024-01-16 16:00:00,,,,,0.1619,0.819,588.1216036437235,0.0,0.0,0.0,588.1216036437235,0.0,0.0,0.0,3.682522646770689,3.682522646770689,1.0,3.682522646770689,True,False
2024-01-16 17:00:00,35.71,35.77,35.5,35.65,72418.45,0.0001,64,5.296723166040796,0.0,mean_reversion,,921.9479058611486,0.5165033670753636,0.013168949528716056,False,,921.9479058611486,0.5165033670753636,,mean_reversion,1.6142005192701072,0.4952,38.0,AVAXUSDT,2024-01-16 17:00:00,,,,,0.2571,0.7524,588.1216036437235,0.0,0.0,0.0,588.1216036437235,0.0,0.0,0.0,5.296723166040796,5.296723166040796,1.0,5.296723166040796,True,False
2024-01-16 18:00:00,35.66,35.7,35.35,35.44,54325.49,0.0001,64,10.778457873254867,0.0,mean_reversion,,919.1428643041913,0.5150278313336709,0.5628179559918158,True,True,918.625554196039,1.0778896250050252,,mean_reversion,5.481734707214071,0.4095,39.0,AVAXUSDT,2024-01-16 18:00:00,AVAXUSDT,35.44,14.596786347408237,LONG,0.3333,0.7429,588.1216036437235,0.0,0.0,0.0,588.1216036437235,0.0,0.0,0.0,10.778457873254867,10.778457873254867,1.0,10.778457873254867,True,True
2024-01-16 19:00:00,35.43,35.59,35.36,35.5,56020.56,0.0001,64,8.136839553461055,0.0,trending,,920.3019260145477,1.0777477455102402,-0.2640637901641347,True,True,920.058907599869,0.8138988765682623,,trending,-2.641618319793812,0.281,1.0,AVAXUSDT,2024-01-16 19:00:00,AVAXUSDT,35.5,6.84558914588041,REDUCE_LONG,0.5762,0.2952,588.1216036437235,0.0,0.0,0.0,588.1216036437235,0.0,0.0,0.0,8.136839553461055,8.136839553461055,1.0,8.136839553461055,True,True
2024-01-16 20:00:00,35.49,35.77,35.49,35.75,49708.86,0.0001,64,0.24899440532901762,0.0,mean_reversion,,925.332392890518,0.8149594700852848,-0.7900600295523831,True,True,924.6013247528451,0.024919128140016473,,mean_reversion,-7.887845148132037,0.0714,1.0,AVAXUSDT,2024-01-16 20:00:00,AVAXUSDT,35.75,20.449458396443635,REDUCE_LONG,0.4429,0.5143,588.1216036437235,0.0,0.0,0.0,588.1216036437235,0.0,0.0,0.0,0.24899440532901762,0.24899440532901762,1.0,0.24899440532901762,True,True
2024-01-16 21:00:00,35.75,36.16,35.74,36.1,116676.27,0.0001,64,-9.630579302587206,0.0,mean_reversion,,924.8268937209984,0.02515695425388145,-0.988214884512602,True,True,923.9129660190258,-0.9640105798625683,,mean_reversion,-9.879573707916224,0.3619,2.0,AVAXUSDT,2024-01-16 21:00:00,AVAXUSDT,36.1,24.67207407519519,SHORT,0.3333,0.6952,588.1216036437235,0.0,0.0,0.0,588.1216036437235,0.0,0.0,0.0,-9.630579302587206,-9.630579302587206,1.0,-9.630579302587206,True,True
2024-01-16 22:00:00,36.1,36.22,35.89,35.96,95957.85,0.0001,64,-4.760873043859658,0.0,mean_reversion,,927.3670563895531,-0.9566953857495403,0.48060808136357447,True,True,926.9209101416141,-0.47631645507424913,,mean_reversion,4.869706258727548,0.5905,3.0,AVAXUSDT,2024-01-16 22:00:00,AVAXUSDT,35.96,12.394329857930169,REDUCE_SHORT,0.2667,0.8571,588.1216036437235,0.0,0.0,0.0,588.1216036437235,0.0,0.0,0.0,-4.760873043859658,-4.760873043859658,1.0,-4.760873043859658,True,True
2024-01-16 23:00:00,35.97,36.06,35.55,35.57,45087.45,0.0001,64,6.547498431910833,0.0,mean_reversion,,931.7092303863474,-0.46872924252024906,1.1234790857113324,True,True,930.6620373955258,0.6548310896274886,,mean_reversion,11.308371475770493,0.819,4.0,AVAXUSDT,2024-01-16 23:00:00,AVAXUSDT,35.57,17.150308476107558,LONG,0.1429,0.9619,588.1216036437235,0.0,0.0,0.0,588.1216036437235,0.0,0.0,0.0,6.547498431910833,6.547498431910833,1.0,6.547498431910833,True,True
2024-01-17 00:00:00,35.58,35.74,35.5,35.71,49097.02,0.0001,60,2.04096657310566,0.0,mean_reversion,,933.0606795389941,0.6557184238740069,-0.45162176656344094,True,True,932.63928902659,0.20418887345030615,,mean_reversion,-4.5065318588051735,0.8857,5.0,AVAXUSDT,2024-01-17 00:00:00,AVAXUSDT,35.71,11.80035038936671,REDUCE_LONG,0.0667,0.9524,588.1216036437235,0.0,0.0,0.0,588.1216036437235,0.0,0.0,0.0,2.04096657310566,2.04096657310566,1.0,2.04096657310566,True,True
2024-01-17 01:00:00,35.72,36.33,35.62,35.94,117297.89,0.0001,60,-4.344303384804208,0.0,mean_reversion,,933.8658348155908,0.2052340972391198,-0.6396644357195406,True,True,933.2684740533257,-0.43470840598763943,,mean_reversion,-6.385269957909868,0.8762,6.0,AVAXUSDT,2024-01-17 01:00:00,AVAXUSDT,35.94,11.288248489544738,SHORT,0.0667,0.9429,588.1216036437235,0.0,0.0,0.0,588.1216036437235,0.0,0.0,0.0,-4.344303384804208,-4.344303384804208,1.0,-4.344303384804208,True,True
2024-01-17 02:00:00,35.93,36.37,35.85,36.26,98502.49,0.0001,60,-12.061809530150821,0.0,mean_reversion,,929.6562345366713,-0.4402830584306122,-0.76589789458447,True,True,928.944212783952,-1.2071054725550538,,mean_reversion,-7.717506145346613,0.8429,7.0,AVAXUSDT,2024-01-17 02:00:00,AVAXUSDT,36.26,19.63656240261894,SHORT,0.0905,0.9333,588.1216036437235,0.0,0.0,0.0,588.1216036437235,0.0,0.0,0.0,-12.061809530150821,-12.061809530150821,1.0,-12.061809530150821,True,True
2024-01-17 03:00:00,36.27,36.41,36.16,36.2,62906.9,0.0001,60,-9.507163338203819,0.0,mean_reversion,,930.7997014374819,-1.2027057513742831,0.25198941755390125,True,True,930.5649149763963,-0.9509562045912671,,mean_reversion,2.5546461919470023,0.8905,8.0,AVAXUSDT,2024-01-17 03:00:00,AVAXUSDT,36.2,6.47932802830321,REDUCE_SHORT,0.0524,0.9429,588.1216036437235,0.0,0.0,0.0,588.1216036437235,0.0,0.0,0.0,-9.507163338203819,-9.507163338203819,1.0,-9.507163338203819,True,True
2024-01-17 04:00:00,36.21,36.25,35.66,35.73,63165.33,0.0001,60,3.647277635656847,0.0,mean_reversion,,942.0542919224108,-0.9271621712410522,1.2918899348067368,True,True,940.8363871532206,0.36483470067932766,,mean_reversion,13.154440973860666,0.8857,9.0,AVAXUSDT,2024-01-17 04:00:00,AVAXUSDT,35.73,9.616382733006313,LONG,0.0762,0.9619,588.1216036437235,0.0,0.0,0.0,588.1216036437235,0.0,0.0,0.0,3.647277635656847,3.647277635656847,1.0,3.647277635656847,True,True
2024-01-17 05:00:00,35.73,35.99,35.55,35.56,51204.96,0.0001,60,7.693700916067138,0.0,mean_reversion,,939.2032368736741,0.3637302321836732,0.4056398594230407,True,True,938.8222586046991,0.7692765009589972,,mean_reversion,4.046423280410291,0.9143,10.0,AVAXUSDT,2024-01-17 05:00:00,AVAXUSDT,35.56,10.713674605599042,LONG,0.0667,0.981,588.1216036437235,0.0,0.0,0.0,588.1216036437235,0.0,0.0,0.0,7.693700916067138,7.693700916067138,1.0,7.693700916067138,True,True
2024-01-17 06:00:00,35.55,35.94,35.54,35.73,43298.77,0.0001,60,2.613373889520289,0.0,mean_reversion,,942.2749122425143,0.7701219106350307,-0.5087845216830018,True,True,941.7954973519952,0.26147042105513957,,mean_reversion,-5.080327026546849,0.9524,11.0,AVAXUSDT,2024-01-17 06:00:00,AVAXUSDT,35.73,13.417713140755675,REDUCE_LONG,0.0286,0.981,588.1216036437235,0.0,0.0,0.0,588.1216036437235,0.0,0.0,0.0,2.613373889520289,2.613373889520289,1.0,2.613373889520289,True,True
2024-01-17 07:00:00,35.74,35.75,35.39,35.43,55065.12,0.0001,60,10.146317207557844,0.0,mean_reversion,,939.7278931098418,0.259845496540737,0.7547862242150474,True,True,939.018599441612,1.014642772919068,,mean_reversion,7.532943318037555,0.8952,12.0,AVAXUSDT,2024-01-17 07:00:00,AVAXUSDT,35.43,20.019578555742005,LONG,0.0762,0.9714,588.1216036437235,0.0,0.0,0.0,588.1216036437235,0.0,0.0,0.0,10.146317207557844,10.146317207557844,1.0,10.146317207557844,True,True
2024-01-17 08:00:00,35.43,35.59,35.31,35.58,54294.68,0.0001,60,5.42034684731591,0.0,mean_reversion,,943.0523354092666,1.0145801411036617,-0.4725454563720707,True,True,942.6067003130478,0.542290941852195,,mean_reversion,-4.725970360241934,0.7857,13.0,AVAXUSDT,2024-01-17 08:00:00,AVAXUSDT,35.58,12.52487622874421,REDUCE_LONG,0.1762,0.9619,588.1216036437235,0.0,0.0,0.0,588.1216036437235,0.0,0.0,0.0,5.42034684731591,5.42034684731591,1.0,5.42034684731591,True,True
2024-01-17 09:00:00,35.59,35.99,35.54,35.84,74031.59,0.0001,60,-2.151682304300881,0.0,mean_reversion,,946.3420415041757,0.5440975819711675,-0.7592658124012557,True,True,945.6235163452236,-0.21533172444678592,,mean_reversion,-7.572029151616791,0.7571,14.0,AVAXUSDT,2024-01-17 09:00:00,AVAXUSDT,35.84,5.6814381264523,SHORT,0.2048,0.9619,588.1216036437235,0.0,0.0,0.0,588.1216036437235,0.0,0.0,0.0,-2.151682304300881,-2.151682304300881,1.0,-2.151682304300881,True,True
2024-01-17 10:00:00,35.84,36.38,35.7,36.24,141409.33,0.0001,60,-13.535016257568236,0.0,mean_reversion,,943.3509410946427,-0.21825951375393252,-1.135242112002891,True,True,942.2800093799144,-1.3550399241421551,,mean_reversion,-11.383333953267355,0.7714,15.0,AVAXUSDT,2024-01-17 10:00:00,AVAXUSDT,36.24,29.55109588102089,SHORT,0.2,0.9714,588.1216036437235,0.0,0.0,0.0,588.1216036437235,0.0,0.0,0.0,-13.535016257568236,-13.535016257568236,1.0,-13.535016257568236,True,True
2024-01-17 11:00:00,36.23,36.51,36.04,36.27,144980.5,0.0001,60,-13.41669279377182,0.0,mean_reversion,,941.2230333596901,-1.357684590324626,0.016015310947444128,False,,941.2230333596901,-1.357684590324626,,mean_reversion,0.11832346379641656,0.7524,16.0,AVAXUSDT,2024-01-17 11:00:00,,,,,0.219,0.9714,588.1216036437235,0.0,0.0,0.0,588.1216036437235,0.0,0.0,0.0,-13.41669279377182,-13.41669279377182,1.0,-13.41669279377182,True,False
2024-01-17 12:00:00,36.27,36.43,36.0,36.38,100349.29,0.0001,60,-15.312374913730464,0.0,mean_reversion,,937.3474546188681,-1.3674327282544838,-0.16380476311856262,False,,937.3474546188681,-1.3674327282544838,,mean_reversion,-1.8956821199586447,0.7429,17.0,AVAXUSDT,2024-01-17 12:00:00,,,,,0.181,0.9238,588.1216036437235,0.0,0.0,0.0,588.1216036437235,0.0,0.0,0.0,-15.312374913730464,-15.312374913730464,1.0,-15.312374913730464,True,False
2024-01-17 13:00:00,36.37,36.42,35.91,35.97,78563.36,0.0001,60,-1.7539815777598744,0.0,mean_reversion,,951.7927935619323,-1.3315022521930322,1.1561040944170449,True,True,950.6913205432398,-0.17560137446067148,,mean_reversion,13.558393335970589,0.6762,18.0,AVAXUSDT,2024-01-17 13:00:00,AVAXUSDT,35.97,30.59136907627431,REDUCE_SHORT,0.2667,0.9429,588.1216036437235,0.0,0.0,0.0,588.1216036437235,0.0,0.0,0.0,-1.7539815777598744,-1.7539815777598744,1.0,-1.7539815777598744,True,True
2024-01-17 14:00:00,35.97,36.5,35.79,36.23,188570.64,0.0001,60,-8.642425132984084,0.0,mean_reversion,,949.4846176611281,-0.17709544981522604,-0.6871470634831823,True,True,948.8321820942797,-0.8648367833544828,,mean_reversion,-6.888443555224209,0.619,19.0,AVAXUSDT,2024-01-17 14:00:00,AVAXUSDT,36.23,18.00815806923258,SHORT,0.3238,0.9429,588.1216036437235,0.0,0.0,0.0,588.1216036437235,0.0,0.0,0.0,-8.642425132984084,-8.642425132984084,1.0,-8.642425132984084,True,True
2024-01-17 15:00:00,36.23,36.39,35.75,35.79,130995.82,0.0001,60,4.042339594664633,0.0,mean_reversion,,958.7978842144695,-0.8454537536339806,1.2496877131004438,True,True,957.598874848519,0.4043353606281833,,mean_reversion,12.684764727648716,0.6952,20.0,AVAXUSDT,2024-01-17 15:00:00,AVAXUSDT,35.79,10.829244623193144,LONG,0.2571,0.9524,588.1216036437235,0.0,0.0,0.0,588.1216036437235,0.0,0.0,0.0,4.042339594664633,4.042339594664633,1.0,4.042339594664633,True,True
2024-01-17 16:00:00,35.8,35.82,35.47,35.62,125011.7,0.0001,60,8.044853113883208,0.0,mean_reversion,,955.7597442341621,0.4031891467593031,0.4012961646290177,True,True,955.3762015144941,0.8044068205955982,,mean_reversion,4.002513519218575,0.7429,21.0,AVAXUSDT,2024-01-17 16:00:00,AVAXUSDT,35.62,10.767622674564294,LONG,0.181,0.9238,588.1216036437235,0.0,0.0,0.0,588.1216036437235,0.0,0.0,0.0,8.044853113883208,8.044853113883208,1.0,8.044853113883208,True,True
2024-01-17 17:00:00,35.62,35.79,35.25,35.74,91425.92,0.0001,60,4.109088714439399,0.0,mean_reversion,,957.9652339661494,0.8049354379930207,-0.3940265665490808,True,True,957.5877702141364,0.41107084427731894,,mean_reversion,-3.9357643994438094,0.7476,22.0,AVAXUSDT,2024-01-17 17:00:00,AVAXUSDT,35.74,10.56138086214518,REDUCE_LONG,0.1286,0.8762,588.1216036437235,0.0,0.0,0.0,588.1216036437235,0.0,0.0,0.0,4.109088714439399,4.109088714439399,1.0,4.109088714439399,True,True
2024-01-17 18:00:00,35.75,36.01,35.56,36.0,56948.18,0.0001,60,-2.911454375372667,0.0,mean_reversion,,960.4513815018981,0.4128267521873916,-0.7039721897246584,True,True,959.7752504397382,-0.29135054021503937,,mean_reversion,-7.020543089812066,0.6571,23.0,AVAXUSDT,2024-01-17 18:00:00,AVAXUSDT,36.0,7.767528825017845,SHORT,0.2381,0.8952,588.1216036437235,0.0,0.0,0.0,588.1216036437235,0.0,0.0,0.0,-2.911454375372667,-2.911454375372667,1.0,-2.911454375372667,True,True
2024-01-17 19:00:00,36.0,36.11,35.84,35.91,48739.26,0.0001,60,-0.36484208504920645,0.0,mean_reversion,,960.4743280339899,-0.29041063562556746,0.25392642712064684,True,True,960.2301940855828,-0.03649348444097394,,mean_reversion,2.546612290323461,0.5952,24.0,AVAXUSDT,2024-01-17 19:00:00,AVAXUSDT,35.91,6.791696309071991,REDUCE_SHORT,0.2714,0.8667,588.1216036437235,0.0,0.0,0.0,588.1216036437235,0.0,0.0,0.0,-0.36484208504920645,-0.36484208504920645,1.0,-0.36484208504920645,True,True
2024-01-17 20:00:00,35.91,36.44,35.79,36.31,141406.12,0.0001,60,-10.265414557197133,0.0,mean_reversion,,959.8398610792044,-0.03691498977147618,-0.989626465948237,True,True,958.8899781496083,-1.0275583546627938,,mean_reversion,-9.900572472147926,0.6,25.0,AVAXUSDT,2024-01-17 20:00:00,AVAXUSDT,36.31,26.160367105372067,SHORT,0.2952,0.8952,588.1216036437235,0.0,0.0,0.0,588.1216036437235,0.0,0.0,0.0,-10.265414557197133,-10.265414557197133,1.0,-10.265414557197133,True,True
2024-01-17 21:00:00,36.31,36.42,36.11,36.27,82732.14,0.0001,60,-8.649509672888719,0.0,mean_reversion,,959.975426134461,-1.0252657864674786,0.16031481917860668,False,,959.975426134461,-1.0252657864674786,,mean_reversion,1.6159048843084136,0.5762,26.0,AVAXUSDT,2024-01-17 21:00:00,,,,,0.2619,0.8381,588.1216036437235,0.0,0.0,0.0,588.1216036437235,0.0,0.0,0.0,-8.649509672888719,-8.649509672888719,1.0,-8.649509672888719,True,False
2024-01-17 22:00:00,36.27,36.34,35.75,35.99,55824.24,0.0001,60,-0.5575122853848924,0.0,mean_reversion,,967.57356202843,-1.0093618332479157,0.9536106047094265,True,True,966.6499500068217,-0.05580449756819052,,mean_reversion,8.091997387503827,0.6905,27.0,AVAXUSDT,2024-01-17 22:00:00,AVAXUSDT,35.99,25.637355087157122,REDUCE_SHORT,0.1476,0.8381,588.1216036437235,0.0,0.0,0.0,588.1216036437235,0.0,0.0,0.0,-0.5575122853848924,-0.5575122853848924,1.0,-0.5575122853848924,True,True
2024-01-17 23:00:00,35.99,36.08,35.81,36.06,50236.06,0.0001,60,-2.301945220734771,0.0,mean_reversion,,966.5450308894304,-0.055919105861112615,-0.17427541621236445,False,,966.5450308894304,-0.055919105861112615,,mean_reversion,-1.7444329353498784,0.5952,28.0,AVAXUSDT,2024-01-17 23:00:00,,,,,0.2429,0.8381,588.1216036437235,0.0,0.0,0.0,588.1216036437235,0.0,0.0,0.0,-2.301945220734771,-2.301945220734771,1.0,-2.301945220734771,True,False
2024-01-18 00:00:00,36.07,36.19,35.74,35.88,53854.51,0.0001,63,2.5807461813955133,0.0,mean_reversion,,966.8148229055794,-0.05562444907916102,0.3136990672187124,True,True,966.5114801650864,0.2578974600738389,,mean_reversion,4.882691402130284,0.6667,29.0,AVAXUSDT,2024-01-18 00:00:00,AVAXUSDT,35.88,6.9540235850896135,LONG,0.1905,0.8571,588.1216036437235,0.0,0.0,0.0,588.1216036437235,0.0,0.0,0.0,2.5807461813955133,2.5807461813955133,1.0,2.5807461813955133,True,True
2024-01-18 01:00:00,35.9,36.03,35.5,35.69,61433.89,0.0001,63,7.220520095278893,0.0,mean_reversion,,965.1915369484004,0.2568826011819367,0.4651694083459526,True,True,964.7425593722178,0.7219226564545178,,mean_reversion,4.63977391388338,0.6048,30.0,AVAXUSDT,2024-01-18 01:00:00,AVAXUSDT,35.69,12.579926483127155,LONG,0.2048,0.8095,588.1216036437235,0.0,0.0,0.0,588.1216036437235,0.0,0.0,0.0,7.220520095278893,7.220520095278893,1.0,7.220520095278893,True,True
2024-01-18 02:00:00,35.68,35.84,35.59,35.72,34985.08,0.0001,63,5.851875704721592,0.0,mean_reversion,,965.3279918557622,0.7220912991451087,-0.13690372867294953,False,,965.3279918557622,0.7220912991451087,,mean_reversion,-1.368644390557301,0.4381,31.0,AVAXUSDT,2024-01-18 02:00:00,,,,,0.3524,0.7905,588.1216036437235,0.0,0.0,0.0,588.1216036437235,0.0,0.0,0.0,5.851875704721592,5.851875704721592,1.0,5.851875704721592,True,False
2024-01-18 03:00:00,35.7,35.78,35.56,35.71,30720.09,0.0001,63,5.643055435946361,0.0,mean_reversion,,965.1328476945808,0.7220351076472824,-0.15772956405264627,False,,965.1328476945808,0.7220351076472824,,mean_reversion,-0.20882026877523074,0.4714,32.0,AVAXUSDT,2024-01-18 03:00:00,,,,,0.3762,0.8476,588.1216036437235,0.0,0.0,0.0,588.1216036437235,0.0,0.0,0.0,5.643055435946361,5.643055435946361,1.0,5.643055435946361,True,False
2024-01-18 04:00:00,35.7,35.83,35.61,35.61,28733.96,0.0001,63,7.82345488519727,0.0,mean_reversion,,963.1814060827659,0.7214719403621426,0.06087354815758439,False,,963.1814060827659,0.7214719403621426,,mean_reversion,2.180399449250909,0.4381,33.0,AVAXUSDT,2024-01-18 04:00:00,,,,,0.3238,0.7619,588.1216036437235,0.0,0.0,0.0,588.1216036437235,0.0,0.0,0.0,7.82345488519727,7.82345488519727,1.0,7.82345488519727,True,False
2024-01-18 05:00:00,35.62,35.63,35.44,35.56,82757.39,0.0001,63,8.671017614763382,0.0,mean_reversion,,962.2056852768585,0.7211895001032914,0.1459122613730468,False,,962.2056852768585,0.7211895001032914,,mean_reversion,0.8475627295661123,0.5762,34.0,AVAXUSDT,2024-01-18 05:00:00,,,,,0.1762,0.7524,588.1216036437235,0.0,0.0,0.0,588.1216036437235,0.0,0.0,0.0,8.671017614763382,8.671017614763382,1.0,8.671017614763382,True,False
2024-01-18 06:00:00,35.56,35.92,35.55,35.85,67749.9,0.0001,63,-0.17572468899389032,0.0,mean_reversion,,967.8648659511216,0.722819726644521,-0.74039219554391,True,True,967.1482663580302,-0.01758548905824258,,mean_reversion,-8.846742303757273,0.619,35.0,AVAXUSDT,2024-01-18 06:00:00,AVAXUSDT,35.85,0.47441493042503263,SHORT,0.1524,0.7714,588.1216036437235,0.0,0.0,0.0,588.1216036437235,0.0,0.0,0.0,-0.17572468899389032,-0.17572468899389032,1.0,-0.17572468899389032,True,True
2024-01-18 07:00:00,35.85,35.97,35.66,35.87,44915.2,0.0001,63,-0.7462571816571921,0.0,mean_reversion,,967.1387780594217,-0.017595472273887428,-0.05703024589183178,False,,967.1387780594217,-0.017595472273887428,,mean_reversion,-0.5705324926633017,0.4905,36.0,AVAXUSDT,2024-01-18 07:00:00,,,,,0.281,0.7714,588.1216036437235,0.0,0.0,0.0,588.1216036437235,0.0,0.0,0.0,-0.7462571816571921,-0.7462571816571921,1.0,-0.7462571816571921,True,False
2024-01-18 08:00:00,35.88,35.91,35.63,35.68,38311.75,0.0001,63,4.964764597843771,0.0,mean_reversion,,967.2289168962025,-0.017500639633359603,0.5139770994177366,True,True,966.7317664389545,0.496235045467015,,mean_reversion,5.711021779500963,0.6857,37.0,AVAXUSDT,2024-01-18 08:00:00,AVAXUSDT,35.68,13.458699228186772,LONG,0.1714,0.8571,588.1216036437235,0.0,0.0,0.0,588.1216036437235,0.0,0.0,0.0,4.964764597843771,4.964764597843771,1.0,4.964764597843771,True,True
2024-01-18 09:00:00,35.68,35.75,35.33,35.39,98510.85,0.0001,63,13.266559241960977,0.0,mean_reversion,,962.8326466855565,0.49419498181519467,0.8324609423809028,True,True,962.0311261131416,1.3269280790528766,,mean_reversion,8.301794644117205,0.3667,38.0,AVAXUSDT,2024-01-18 09:00:00,AVAXUSDT,35.39,22.648221882310178,LONG,0.3762,0.7429,588.1216036437235,0.0,0.0,0.0,588.1216036437235,0.0,0.0,0.0,13.266559241960977,13.266559241960977,1.0,13.266559241960977,True,True
2024-01-18 10:00:00,35.39,35.75,35.05,35.14,115556.59,0.0001,63,19.548332263318944,0.0,mean_reversion,,953.0134225657949,1.330021572206693,0.6248116541252013,True,True,952.417968672838,1.9554301902494653,,mean_reversion,6.281773021357967,0.2286,39.0,AVAXUSDT,2024-01-18 10:00:00,AVAXUSDT,35.14,16.945187619716954,LONG,0.5238,0.7524,588.1216036437235,0.0,0.0,0.0,588.1216036437235,0.0,0.0,0.0,19.548332263318944,19.548332263318944,1.0,19.548332263318944,True,True
2024-01-18 11:00:00,35.13,35.29,35.06,35.26,60415.89,0.0001,63,14.831207310842537,0.0,mean_reversion,,958.777855467416,1.9490925096121228,-0.4659717785278692,True,True,958.3310920448906,1.483812145668772,,mean_reversion,-4.717124952476407,0.0952,40.0,AVAXUSDT,2024-01-18 11:00:00,AVAXUSDT,35.26,12.670545165209534,REDUCE_LONG,0.6,0.6952,588.1216036437235,0.0,0.0,0.0,588.1216036437235,0.0,0.0,0.0,14.831207310842537,14.831207310842537,1.0,14.831207310842537,True,True
2024-01-18 12:00:00,35.25,35.25,34.82,35.05,83881.27,0.0001,63,0.0,0.0,unknown,,949.862104639073,1.4881258233578165,-1.4881258233578165,True,True,948.4485903125307,0.0,,unknown,-14.831207310842537,0.0143,1.0,AVAXUSDT,2024-01-18 12:00:00,AVAXUSDT,35.05,40.32851145627416,CLOSE,0.6619,0.6762,588.1216036437235,0.0,0.0,0.0,588.1216036437235,0.0,0.0,0.0,,,,,True,True
2024-01-18 13:00:00,35.05,35.2,34.83,35.04,81098.44,0.0001,63,18.686646750930073,0.0,mean_reversion,,948.4485903125307,0.0,1.8686646750930074,True,True,946.6762579356717,1.8702909570615212,,mean_reversion,18.686646750930073,0.0714,1.0,AVAXUSDT,2024-01-18 13:00:00,AVAXUSDT,35.04,50.58026189665485,LONG,0.6429,0.7143,588.1216036437235,0.0,0.0,0.0,588.1216036437235,0.0,0.0,0.0,18.686646750930073,18.686646750930073,1.0,18.686646750930073,True,True
2024-01-18 14:00:00,35.03,35.36,34.95,35.34,54591.69,0.0001,63,7.32077976991846,0.0,mean_reversion,,961.8351624260994,1.856574825636567,-1.124496848644721,True,True,960.7535818170355,0.732902123119659,,mean_reversion,-11.365866981011614,0.0714,2.0,AVAXUSDT,2024-01-18 14:00:00,AVAXUSDT,35.34,30.60499742682038,REDUCE_LONG,0.6429,0.7143,588.1216036437235,0.0,0.0,0.0,588.1216036437235,0.0,0.0,0.0,7.32077976991846,7.32077976991846,1.0,7.32077976991846,True,True
2024-01-18 15:00:00,35.33,35.38,35.07,35.22,49814.61,0.0001,63,10.438381601777149,0.0,mean_reversion,,958.362619712083,0.7322357564555187,0.31160240372219616,True,True,958.0639916161432,1.0438518245116404,,mean_reversion,3.117601831858689,0.1286,3.0,AVAXUSDT,2024-01-18 15:00:00,AVAXUSDT,35.22,8.478935148773028,LONG,0.6048,0.7333,588.1216036437235,0.0,0.0,0.0,588.1216036437235,0.0,0.0,0.0,10.438381601777149,10.438381601777149,1.0,10.438381601777149,True,True
2024-01-18 16:00:00,35.21,35.22,33.98,34.36,182413.32,0.0001,63,20.0,0.0,mean_reversion,,933.6441708535998,1.0449987857717378,0.9550012142282622,True,True,932.7525395367775,2.000955914113367,,mean_reversion,9.561618398222851,0.4714,4.0,AVAXUSDT,2024-01-18 16:00:00,AVAXUSDT,34.36,25.949689080975755,LONG,0.5095,0.981,588.1216036437235,0.0,0.0,0.0,588.1216036437235,0.0,0.0,0.0,24.0,24.0,1.0,24.0,True,True
2024-01-18 17:00:00,34.36,34.45,33.79,34.05,361734.26,0.0001,63,20.0,0.0,mean_reversion,,915.9136867946058,2.019358247741711,-0.019358247741711132,False,,915.9136867946058,2.019358247741711,,mean_reversion,0.0,0.2857,5.0,AVAXUSDT,2024-01-18 17:00:00,,,,,0.5714,0.8571,588.1216036437235,0.0,0.0,0.0,588.1216036437235,0.0,0.0,0.0,24.0,24.0,1.0,24.0,True,False
2024-01-18 18:00:00,34.04,34.11,33.61,33.74,193913.74,0.0001,63,20.0,0.0,trending,,899.0748340524344,2.03844989926517,-0.03844989926516984,False,,899.0748340524344,2.03844989926517,,trending,0.0,0.0714,1.0,AVAXUSDT,2024-01-18 18:00:00,,,,,0.6905,0.619,588.1216036437235,0.0,0.0,0.0,588.1216036437235,0.0,0.0,0.0,24.0,24.0,1.0,24.0,True,False
2024-01-18 19:00:00,33.75,33.85,32.72,32.97,228691.42,0.0001,63,20.0,0.0,trending,,857.2492965960726,2.08911628689679,-0.08911628689679008,False,,857.2492965960726,2.08911628689679,,trending,0.0,0.2429,2.0,AVAXUSDT,2024-01-18 19:00:00,,,,,0.7476,0.5048,588.1216036437235,0.0,0.0,0.0,588.1216036437235,0.0,0.0,0.0,24.0,24.0,1.0,24.0,True,False
2024-01-18 20:00:00,32.96,33.62,32.91,33.37,207915.15,0.0001,63,20.0,0.0,trending,,878.9768485214552,2.06219426873882,-0.06219426873881995,False,,878.9768485214552,2.06219426873882,,trending,0.0,0.3286,3.0,AVAXUSDT,2024-01-18 20:00:00,,,,,0.7762,0.4476,588.1216036437235,0.0,0.0,0.0,588.1216036437235,0.0,0.0,0.0,24.0,24.0,1.0,24.0,True,False
2024-01-18 21:00:00,33.38,33.55,33.25,33.39,141858.45,0.0001,63,20.0,0.0,trending,,880.0632261177245,2.060883062882016,-0.06088306288201606,False,,880.0632261177245,2.060883062882016,,trending,0.0,0.3,4.0,AVAXUSDT,2024-01-18 21:00:00,,,,,0.7667,0.4667,588.1216036437235,0.0,0.0,0.0,588.1216036437235,0.0,0.0,0.0,24.0,24.0,1.0,24.0,True,False
2024-01-18 22:00:00,33.39,33.91,33.34,33.78,102312.2,0.0001,63,20.0,0.0,trending,,901.2475892449727,2.0359463725564777,-0.0359463725564777,False,,901.2475892449727,2.0359463725564777,,trending,0.0,0.2667,5.0,AVAXUSDT,2024-01-18 22:00:00,,,,,0.7524,0.4857,588.1216036437235,0.0,0.0,0.0,588.1216036437235,0.0,0.0,0.0,21.750566794790384,21.750566794790384,1.0,21.750566794790384,True,False
2024-01-18 23:00:00,33.77,33.77,33.52,33.59,122086.45,0.0001,63,20.0,0.0,trending,,890.9270020804161,2.047946878558439,-0.04794687855843893,False,,890.9270020804161,2.047946878558439,,trending,0.0,0.3857,6.0,AVAXUSDT,2024-01-18 23:00:00,,,,,0.7857,0.4,588.1216036437235,0.0,0.0,0.0,588.1216036437235,0.0,0.0,0.0,24.0,24.0,1.0,24.0,True,False
2024-01-19 00:00:00,33.59,33.7,33.21,33.46,56868.04,0.0001,51,20.0,0.0,trending,,883.8655477046664,2.056319225563441,-0.056319225563441044,False,,883.8655477046664,2.056319225563441,,trending,0.0,0.3238,7.0,AVAXUSDT,2024-01-19 00:00:00,,,,,0.7619,0.4381,588.1216036437235,0.0,0.0,0.0,588.1216036437235,0.0,0.0,0.0,24.0,24.0,1.0,24.0,True,False
2024-01-19 01:00:00,33.46,33.46,32.96,33.25,65474.44,0.0001,51,20.0,0.0,trending,,872.4585829438404,2.0701300773537095,-0.07013007735370946,False,,872.4585829438404,2.0701300773537095,,trending,0.0,0.4048,8.0,AVAXUSDT,2024-01-19 01:00:00,,,,,0.7857,0.381,588.1216036437235,0.0,0.0,0.0,588.1216036437235,0.0,0.0,0.0,24.0,24.0,1.0,24.0,True,False
2024-01-19 02:00:00,33.25,33.33,32.92,32.96,54321.46,0.0001,51,20.0,0.0,trending,,856.7061077979381,2.0898068338200853,-0.08980683382008525,False,,856.7061077979381,2.0898068338200853,,trending,0.0,0.3286,9.0,AVAXUSDT,2024-01-19 02:00:00,,,,,0.7667,0.4381,588.1216036437235,0.0,0.0,0.0,588.1216036437235,0.0,0.0,0.0,24.0,24.0,1.0,24.0,True,False
2024-01-19 03:00:00,32.97,33.17,32.59,33.13,93362.24,0.0001,51,20.0,0.0,trending,,865.9403173662258,2.0781853577314617,-0.07818535773146174,False,,865.9403173662258,2.0781853577314617,,trending,0.0,0.3429,10.0,AVAXUSDT,2024-01-19 03:00:00,,,,,0.7619,0.419,588.1216036437235,0.0,0.0,0.0,588.1216036437235,0.0,0.0,0.0,23.22003519661962,23.22003519661962,1.0,23.22003519661962,True,False
2024-01-19 04:00:00,33.13,33.28,33.03,33.15,42187.63,0.0001,51,20.0,0.0,trending,,867.0266949624947,2.0768343999996293,-0.07683439999962927,False,,867.0266949624947,2.0768343999996293,,trending,0.0,0.4333,11.0,AVAXUSDT,2024-01-19 04:00:00,,,,,0.7857,0.3524,588.1216036437235,0.0,0.0,0.0,588.1216036437235,0.0,0.0,0.0,20.608303777512717,20.608303777512717,1.0,20.608303777512717,True,False
2024-01-19 05:00:00,33.15,33.43,33.1,33.42,42970.53,0.0001,51,12.5373548420906,0.0,trending,,881.6927925121281,2.058922312604429,-0.8051868283953689,True,True,880.9828650889062,1.2547457889913405,,trending,-7.4626451579093995,0.4238,12.0,AVAXUSDT,2024-01-19 05:00:00,AVAXUSDT,33.42,21.24259195756722,REDUCE_LONG,0.7762,0.3524,588.1216036437235,0.0,0.0,0.0,588.1216036437235,0.0,0.0,0.0,12.5373548420906,12.5373548420906,1.0,12.5373548420906,True,True
2024-01-19 06:00:00,33.42,33.71,33.39,33.66,56517.51,0.0001,51,5.989245133508398,0.0,trending,,888.9211741743197,1.2524708394570365,-0.6535463261061968,True,True,888.3402230067401,0.5993161942477663,,trending,-6.548109708582203,0.4619,13.0,AVAXUSDT,2024-01-19 06:00:00,AVAXUSDT,33.66,17.259392976222024,REDUCE_LONG,0.7857,0.3238,588.1216036437235,0.0,0.0,0.0,588.1216036437235,0.0,0.0,0.0,5.989245133508398,5.989245133508398,1.0,5.989245133508398,True,True
2024-01-19 07:00:00,33.65,33.74,33.41,33.44,46228.6,0.0001,51,10.615426488543978,0.0,trending,,884.8605061332132,0.5977405038534488,0.46380214500094896,True,True,884.450105932442,1.061571205711677,,trending,4.62618135503558,0.5857,14.0,AVAXUSDT,2024-01-19 07:00:00,AVAXUSDT,33.44,12.272733276651007,LONG,0.8238,0.2381,588.1216036437235,0.0,0.0,0.0,588.1216036437235,0.0,0.0,0.0,10.615426488543978,10.615426488543978,1.0,10.615426488543978,True,True
2024-01-19 08:00:00,33.44,33.58,33.29,33.5,49681.82,0.0001,51,8.295645803118237,0.0,trending,,886.1347472578245,1.061454151958942,-0.23188957164711832,True,True,885.9292618508614,0.8297569923053405,,trending,-2.319780685425741,0.4381,15.0,AVAXUSDT,2024-01-19 08:00:00,AVAXUSDT,33.5,6.133892745171474,REDUCE_LONG,0.7714,0.3333,588.1216036437235,0.0,0.0,0.0,588.1216036437235,0.0,0.0,0.0,8.295645803118237,8.295645803118237,1.0,8.295645803118237,True,True
2024-01-19 09:00:00,33.5,33.72,33.43,33.55,48896.54,0.0001,51,6.345357123237617,0.0,trending,,887.0264349847548,0.8299675678270036,-0.19543185550324194,False,,887.0264349847548,0.8299675678270036,,trending,-1.9502886798806198,0.4762,16.0,AVAXUSDT,2024-01-19 09:00:00,,,,,0.781,0.3048,588.1216036437235,0.0,0.0,0.0,588.1216036437235,0.0,0.0,0.0,6.345357123237617,6.345357123237617,1.0,6.345357123237617,True,False
2024-01-19 10:00:00,33.53,33.73,33.51,33.7,43031.6,0.0001,51,2.1187795248200088,0.0,trending,,890.3179543864355,0.8305961803880051,-0.6187182279060042,True,True,889.7670984394248,0.2120091263929826,,trending,-4.226577598417609,0.4524,17.0,AVAXUSDT,2024-01-19 10:00:00,AVAXUSDT,33.7,16.345873798542254,REDUCE_LONG,0.7667,0.3143,588.1216036437235,0.0,0.0,0.0,588.1216036437235,0.0,0.0,0.0,2.1187795248200088,2.1187795248200088,1.0,2.1187795248200088,True,True
2024-01-19 11:00:00,33.71,33.75,33.57,33.7,40142.71,0.0001,51,1.9430588479928492,0.0,trending,,889.7670984394248,0.2120091263929826,-0.017703241593697683,False,,889.7670984394248,0.2120091263929826,,trending,-0.17572067682715953,0.4619,18.0,AVAXUSDT,2024-01-19 11:00:00,,,,,0.7667,0.3048,588.1216036437235,0.0,0.0,0.0,588.1216036437235,0.0,0.0,0.0,1.9430588479928492,1.9430588479928492,1.0,1.9430588479928492,True,False
2024-01-19 12:00:00,33.69,33.69,33.43,33.53,40695.23,0.0001,51,6.731362838372132,0.0,trending,,888.815508329939,0.2111654818855882,0.46197080195162493,True,True,888.4049015167689,0.6729852125536065,,trending,4.788303990379283,0.4714,19.0,AVAXUSDT,2024-01-19 12:00:00,AVAXUSDT,33.53,12.24595327080892,LONG,0.7667,0.2952,588.1216036437235,0.0,0.0,0.0,588.1216036437235,0.0,0.0,0.0,6.731362838372132,6.731362838372132,1.0,6.731362838372132,True,True
2024-01-19 13:00:00,33.52,33.68,33.41,33.62,48361.68,0.0001,51,3.7318567260820856,0.0,trending,,890.0097181744866,0.6735748676635424,-0.3003891950553338,True,True,889.7423688716528,0.37329780723604006,,trending,-2.999506112290046,0.5381,20.0,AVAXUSDT,2024-01-19 13:00:00,AVAXUSDT,33.62,7.952091101542491,REDUCE_LONG,0.7857,0.2476,588.1216036437235,0.0,0.0,0.0,588.1216036437235,0.0,0.0,0.0,3.7318567260820856,3.7318567260820856,1.0,3.7318567260820856,True,True
2024-01-19 14:00:00,33.62,33.63,32.92,33.09,98151.92,0.0001,51,18.49700816924828,0.0,trending,,884.5063901711312,0.36958794219792834,1.4801128747268995,True,True,883.1972208752607,1.850960334271465,,trending,14.765151443166193,0.3905,21.0,AVAXUSDT,2024-01-19 14:00:00,AVAXUSDT,33.09,39.56389531189197,LONG,0.7429,0.3524,588.1216036437235,0.0,0.0,0.0,588.1216036437235,0.0,0.0,0.0,18.49700816924828,18.49700816924828,1.0,18.49700816924828,True,True
2024-01-19 15:00:00,33.09,33.14,32.49,32.65,210113.79,0.0001,51,20.0,0.0,trending,,861.4596648100226,1.8724329565324258,0.1275670434675742,False,,861.4596648100226,1.8724329565324258,,trending,1.5029918307517214,0.4,22.0,AVAXUSDT,2024-01-19 15:00:00,,,,,0.7524,0.3524,588.1216036437235,0.0,0.0,0.0,588.1216036437235,0.0,0.0,0.0,24.0,24.0,1.0,24.0,True,False
2024-01-19 16:00:00,32.65,32.77,31.18,31.39,413584.1,0.0001,51,20.0,0.0,trending,,799.2112088050237,1.9403844616085624,0.05961553839143763,False,,799.2112088050237,1.9403844616085624,,trending,0.0,0.1905,23.0,AVAXUSDT,2024-01-19 16:00:00,,,,,0.6857,0.4952,588.1216036437235,0.0,0.0,0.0,588.1216036437235,0.0,0.0,0.0,24.0,24.0,1.0,24.0,True,False
2024-01-19 17:00:00,31.38,32.17,31.25,32.0,224901.04,0.0001,51,20.0,0.0,trending,,829.3473660772852,1.9062135277024606,0.09378647229753945,False,,829.3473660772852,1.9062135277024606,,trending,0.0,0.1952,24.0,AVAXUSDT,2024-01-19 17:00:00,,,,,0.681,0.4857,588.1216036437235,0.0,0.0,0.0,588.1216036437235,0.0,0.0,0.0,24.0,24.0,1.0,24.0,True,False
2024-01-19 18:00:00,32.0,32.54,31.61,32.47,213690.07,0.0001,51,18.91343358104744,0.0,trending,,852.5670282378799,1.881532803182651,0.009810554922092818,False,,852.5670282378799,1.881532803182651,,trending,-1.086566418952561,0.3619,25.0,AVAXUSDT,2024-01-19 18:00:00,,,,,0.7143,0.3524,588.1216036437235,0.0,0.0,0.0,588.1216036437235,0.0,0.0,0.0,18.91343358104744,18.91343358104744,1.0,18.91343358104744,True,False
2024-01-19 19:00:00,32.47,32.89,32.19,32.75,134655.31,0.0001,51,9.772476452498646,0.0,trending,,866.4000184612132,1.8674582020883077,-0.8902105568384431,True,True,865.628740018334,0.9781183765545111,,trending,-9.140957128548793,0.2,26.0,AVAXUSDT,2024-01-19 19:00:00,AVAXUSDT,32.75,23.55048680547157,REDUCE_LONG,0.6381,0.4381,588.1216036437235,0.0,0.0,0.0,588.1216036437235,0.0,0.0,0.0,9.772476452498646,9.772476452498646,1.0,9.772476452498646,True,True
2024-01-19 20:00:00,32.75,33.14,32.64,32.71,209573.02,0.0001,51,9.775590204749708,0.0,trending,,864.5946180300767,0.9780922044416249,-0.0005331839666541383,False,,864.5946180300767,0.9780922044416249,,trending,0.0031137522510622517,0.3333,27.0,AVAXUSDT,2024-01-19 20:00:00,,,,,0.6762,0.3429,588.1216036437235,0.0,0.0,0.0,588.1216036437235,0.0,0.0,0.0,9.775590204749708,9.775590204749708,1.0,9.775590204749708,True,False
2024-01-19 21:00:00,32.71,32.81,32.44,32.61,80965.74,0.0001,51,11.344757645254253,0.0,trending,,862.0093130594335,0.9780264994290516,0.1564492650963737,False,,862.0093130594335,0.9780264994290516,,trending,1.569167440504545,0.6571,28.0,AVAXUSDT,2024-01-19 21:00:00,,,,,0.7714,0.1143,588.1216036437235,0.0,0.0,0.0,588.1216036437235,0.0,0.0,0.0,11.344757645254253,11.344757645254253,1.0,11.344757645254253,True,False
2024-01-19 22:00:00,32.6,32.75,32.41,32.67,43622.21,0.0001,51,8.894016798468181,0.0,trending,,863.5604960418194,0.9780659696460258,-0.08866428979920771,False,,863.5604960418194,0.9780659696460258,,trending,-2.450740846786072,0.8095,29.0,AVAXUSDT,2024-01-19 22:00:00,,,,,0.8286,0.019,588.1216036437235,0.0,0.0,0.0,588.1216036437235,0.0,0.0,0.0,8.894016798468181,8.894016798468181,1.0,8.894016798468181,True,False
2024-01-19 23:00:00,32.67,32.77,32.56,32.73,48350.15,0.0001,51,6.85784530520287,0.0,trending,,865.1116790242053,0.978105298319358,-0.292320767799071,True,True,864.858788913961,0.6859850581991984,,trending,-2.0361714932653108,0.6381,30.0,AVAXUSDT,2024-01-19 23:00:00,AVAXUSDT,32.73,7.726553933525793,REDUCE_LONG,0.7619,0.1238,588.1216036437235,0.0,0.0,0.0,588.1216036437235,0.0,0.0,0.0,6.85784530520287,6.85784530520287,1.0,6.85784530520287,True,True
2024-01-20 00:00:00,32.74,32.8,32.45,32.48,50180.32,0.0001,52,12.314951440941396,0.0,trending,,860.3271649707344,0.6843310390228496,0.5471641050712899,True,True,859.8564248274446,1.2316218792724265,,trending,5.457106135738526,0.5381,31.0,AVAXUSDT,2024-01-20 00:00:00,AVAXUSDT,32.48,14.493231012614899,LONG,0.7286,0.1905,588.1216036437235,0.0,0.0,0.0,588.1216036437235,0.0,0.0,0.0,12.314951440941396,12.314951440941396,1.0,12.314951440941396,True,True
2024-01-20 01:00:00,32.46,32.99,32.44,32.87,79713.83,0.0001,52,1.4777846305052342,0.0,trending,,872.572465913703,1.2282464423335353,-1.0804679792830119,True,True,871.6296793046793,0.14793830565269067,,trending,-10.837166810436162,0.4762,32.0,AVAXUSDT,2024-01-20 01:00:00,AVAXUSDT,32.87,28.68228199037948,REDUCE_LONG,0.6952,0.219,588.1216036437235,0.0,0.0,0.0,588.1216036437235,0.0,0.0,0.0,1.4777846305052342,1.4777846305052342,1.0,1.4777846305052342,True,True
2024-01-20 02:00:00,32.87,32.87,32.62,32.69,45117.7,0.0001,52,5.7243582446487835,0.0,trending,,870.923548023136,0.1472474672690586,0.4251883571958198,True,True,870.553241470509,0.572253951825358,,trending,4.246573614143549,0.4476,33.0,AVAXUSDT,2024-01-20 02:00:00,AVAXUSDT,32.69,11.327823573787455,LONG,0.6762,0.2286,588.1216036437235,0.0,0.0,0.0,588.1216036437235,0.0,0.0,0.0,5.7243582446487835,5.7243582446487835,1.0,5.7243582446487835,True,True
2024-01-20 03:00:00,32.7,32.83,32.61,32.76,54693.17,0.0001,52,3.5156563307349566,0.0,trending,,871.620002782513,0.5727774631423295,-0.22121183006883383,True,True,871.4271901265729,0.35164342075813326,,trending,-2.208701913913827,0.4048,34.0,AVAXUSDT,2024-01-20 03:00:00,AVAXUSDT,32.76,5.8856122081844235,REDUCE_LONG,0.6429,0.2381,588.1216036437235,0.0,0.0,0.0,588.1216036437235,0.0,0.0,0.0,3.5156563307349566,3.5156563307349566,1.0,3.5156563307349566,True,True
2024-01-20 04:00:00,32.76,32.87,32.6,32.73,51877.19,0.0001,52,3.926665600809913,0.0,trending,,871.1465750733881,0.3514345711555835,0.04123198892540775,False,,871.1465750733881,0.3514345711555835,,trending,0.41100927007495613,0.3619,35.0,AVAXUSDT,2024-01-20 04:00:00,,,,,0.6286,0.2667,588.1216036437235,0.0,0.0,0.0,588.1216036437235,0.0,0.0,0.0,3.926665600809913,3.926665600809913,1.0,3.926665600809913,True,False
2024-01-20 05:00:00,32.73,32.79,32.57,32.65,29982.05,0.0001,52,5.564042743327785,0.0,trending,,870.3982682648955,0.3508769805170765,0.205527293815702,True,True,870.2193776642771,0.556313084561747,,trending,1.637377142517872,0.4048,36.0,AVAXUSDT,2024-01-20 05:00:00,AVAXUSDT,32.65,5.479038303778174,LONG,0.6619,0.2571,588.1216036437235,0.0,0.0,0.0,588.1216036437235,0.0,0.0,0.0,5.564042743327785,5.564042743327785,1.0,5.564042743327785,True,True
2024-01-20 06:00:00,32.65,32.87,32.63,32.81,39604.39,0.0001,52,1.060431932367165,0.0,trending,,872.5917607637384,0.5575193706934388,-0.4514761774567223,True,True,872.1978063711085,0.10609109083686971,,trending,-4.50361081096062,0.4048,37.0,AVAXUSDT,2024-01-20 06:00:00,AVAXUSDT,32.81,12.007143938733416,REDUCE_LONG,0.6714,0.2667,588.1216036437235,0.0,0.0,0.0,588.1216036437235,0.0,0.0,0.0,1.060431932367165,1.060431932367165,1.0,1.060431932367165,True,True
2024-01-20 07:00:00,32.82,32.94,32.57,32.59,44677.7,0.0001,52,6.286434577658976,0.0,trending,,871.5773512758707,0.10545473843905107,0.5231887193268465,True,True,871.1213518376624,0.6284490665088396,,trending,5.2260026452918105,0.3381,38.0,AVAXUSDT,2024-01-20 07:00:00,AVAXUSDT,32.59,13.992004854504687,LONG,0.6524,0.3143,588.1216036437235,0.0,0.0,0.0,588.1216036437235,0.0,0.0,0.0,6.286434577658976,6.286434577658976,1.0,6.286434577658976,True,True
2024-01-20 08:00:00,32.59,32.74,32.38,32.49,73816.02,0.0001,52,8.044521782195782,0.0,trending,,869.4415255094073,0.6277312021993331,0.17672097602024506,False,,869.4415255094073,0.6277312021993331,,trending,1.758087204536806,0.219,39.0,AVAXUSDT,2024-01-20 08:00:00,,,,,0.619,0.4,588.1216036437235,0.0,0.0,0.0,588.1216036437235,0.0,0.0,0.0,8.044521782195782,8.044521782195782,1.0,8.044521782195782,True,False
2024-01-20 09:00:00,32.48,32.63,32.04,32.07,79497.71,0.0001,52,16.853256231616754,0.0,trending,,862.3862549307364,0.6246856329066137,1.0606399902550616,True,True,861.4715735817103,1.6860532787045153,,trending,8.808734449420973,0.2476,40.0,AVAXUSDT,2024-01-20 09:00:00,AVAXUSDT,32.07,28.521401591076874,LONG,0.6476,0.4,588.1216036437235,0.0,0.0,0.0,588.1216036437235,0.0,0.0,0.0,16.853256231616754,16.853256231616754,1.0,16.853256231616754,True,True
2024-01-20 10:00:00,32.06,32.29,32.03,32.16,61235.93,0.0001,52,13.746404350751437,0.0,trending,,865.5477764941934,1.6828223855652586,-0.3081819504901149,True,True,865.2810302921908,1.3750642050439035,,trending,-3.1068518808653174,0.2667,41.0,AVAXUSDT,2024-01-20 10:00:00,AVAXUSDT,32.16,8.29434707718789,REDUCE_LONG,0.6571,0.3905,588.1216036437235,0.0,0.0,0.0,588.1216036437235,0.0,0.0,0.0,13.746404350751437,13.746404350751437,1.0,13.746404350751437,True,True
2024-01-20 11:00:00,32.16,32.42,32.08,32.4,34281.22,0.0001,52,6.79534168663587,0.0,trending,,874.1602614269544,1.371254512572268,-0.691720343908681,True,True,873.5555869902889,0.6800045416389889,,trending,-6.951062664115567,0.2381,42.0,AVAXUSDT,2024-01-20 11:00:00,AVAXUSDT,32.4,18.662791255109735,REDUCE_LONG,0.6476,0.4095,588.1216036437235,0.0,0.0,0.0,588.1216036437235,0.0,0.0,0.0,6.79534168663587,6.79534168663587,1.0,6.79534168663587,True,True
2024-01-20 12:00:00,32.39,32.6,32.33,32.44,46816.78,0.0001,52,5.962305009387144,0.0,trending,,874.2889471958783,0.6802729562585309,-0.08404245531981647,False,,874.2889471958783,0.6802729562585309,,trending,-0.8330366772487254,0.2952,43.0,AVAXUSDT,2024-01-20 12:00:00,,,,,0.6571,0.3619,588.1216036437235,0.0,0.0,0.0,588.1216036437235,0.0,0.0,0.0,5.962305009387144,5.962305009387144,1.0,5.962305009387144,True,False
2024-01-20 13:00:00,32.44,32.6,32.38,32.58,63048.89,0.0001,52,1.425994031004999,0.0,trending,,876.8557079154417,0.6812088717226712,-0.5386094686221713,True,True,876.3834251285431,0.14267624987963257,,trending,-4.536310978382145,0.2762,44.0,AVAXUSDT,2024-01-20 13:00:00,AVAXUSDT,32.58,14.496095362144073,REDUCE_LONG,0.6476,0.3714,588.1216036437235,0.0,0.0,0.0,588.1216036437235,0.0,0.0,0.0,1.425994031004999,1.425994031004999,1.0,1.425994031004999,True,True
2024-01-20 14:00:00,32.59,32.59,32.3,32.49,70491.11,0.0001,52,4.5474111216377615,0.0,trending,,876.0380132485597,0.14233821682192838,0.3124028953418478,True,True,875.7643364367912,0.4545707184770242,,trending,3.1214170906327627,0.5714,45.0,AVAXUSDT,2024-01-20 14:00:00,AVAXUSDT,32.49,8.423416798041552,LONG,0.7238,0.1524,588.1216036437235,0.0,0.0,0.0,588.1216036437235,0.0,0.0,0.0,4.5474111216377615,4.5474111216377615,1.0,4.5474111216377615,True,True
2024-01-20 15:00:00,32.49,32.7,32.25,32.47,59468.07,0.0001,52,4.991982189870469,0.0,trending,,875.5192783736145,0.45441805268583996,0.0447801663012069,False,,875.5192783736145,0.45441805268583996,,trending,0.4445710682327073,0.581,46.0,AVAXUSDT,2024-01-20 15:00:00,,,,,0.7048,0.1238,588.1216036437235,0.0,0.0,0.0,588.1216036437235,0.0,0.0,0.0,4.991982189870469,4.991982189870469,1.0,4.991982189870469,True,False
2024-01-20 16:00:00,32.45,32.61,32.35,32.36,35012.03,0.0001,52,8.812613757720882,0.0,trending,,874.1714590261424,0.4535768608388301,0.4276845149332581,True,True,873.7975894297202,0.8812105713729267,,trending,3.8206315678504135,0.6476,47.0,AVAXUSDT,2024-01-20 16:00:00,AVAXUSDT,32.36,11.553448591535668,LONG,0.7429,0.0952,588.1216036437235,0.0,0.0,0.0,588.1216036437235,0.0,0.0,0.0,8.812613757720882,8.812613757720882,1.0,8.812613757720882,True,True
2024-01-20 17:00:00,32.35,32.58,32.3,32.51,41282.59,0.0001,52,2.378226122993599,0.0,trending,,877.3668091749875,0.881693819165926,-0.6438712068665662,True,True,876.8018979486992,0.23797583808943554,,trending,-6.434387634727283,0.7714,48.0,AVAXUSDT,2024-01-20 17:00:00,AVAXUSDT,32.51,17.376537258940864,REDUCE_LONG,0.781,0.0095,588.1216036437235,0.0,0.0,0.0,588.1216036437235,0.0,0.0,0.0,2.378226122993599,2.378226122993599,1.0,2.378226122993599,True,True
2024-01-20 18:00:00,32.51,32.51,32.18,32.28,28851.83,0.0001,52,10.921646356077012,0.0,trending,,875.3256979088459,0.2366907163331922,0.8554739192745091,True,True,874.5768796034141,1.0922435475568575,,trending,8.543420233083413,0.7286,49.0,AVAXUSDT,2024-01-20 18:00:00,AVAXUSDT,32.28,23.197593105073583,LONG,0.7476,0.019,588.1216036437235,0.0,0.0,0.0,588.1216036437235,0.0,0.0,0.0,10.921646356077012,10.921646356077012,1.0,10.921646356077012,True,True
2024-01-20 19:00:00,32.29,32.45,32.29,32.35,23924.86,0.0001,52,7.259290932479214,0.0,trending,,876.6483655622507,1.0920255796451341,-0.3660964863972127,True,True,876.3274276758126,0.7261949506678003,,trending,-3.6623554235977984,0.7286,50.0,AVAXUSDT,2024-01-20 19:00:00,AVAXUSDT,32.35,9.920800199016979,REDUCE_LONG,0.7476,0.019,588.1216036437235,0.0,0.0,0.0,588.1216036437235,0.0,0.0,0.0,7.259290932479214,7.259290932479214,1.0,7.259290932479214,True,True
2024-01-20 20:00:00,32.34,32.74,32.28,32.68,56869.55,0.0001,52,-5.985432605457477,0.0,trending,,882.819140273224,0.7282083457188349,-1.3267516062645826,True,True,881.6478585608253,-0.5993384337754555,,trending,-13.244723537936691,0.6381,51.0,AVAXUSDT,2024-01-20 20:00:00,AVAXUSDT,32.68,16.169077316136146,SHORT,0.6762,0.0381,588.1216036437235,0.0,0.0,0.0,588.1216036437235,0.0,0.0,0.0,-5.985432605457477,-5.985432605457477,1.0,-5.985432605457477,True,True
2024-01-20 21:00:00,32.69,32.9,32.66,32.66,60559.13,0.0001,52,-4.8987041194671095,0.0,trending,,881.9712401071481,-0.5987520240238802,0.10888161207716923,False,,881.9712401071481,-0.5987520240238802,,trending,1.0867284859903679,0.5571,52.0,AVAXUSDT,2024-01-20 21:00:00,,,,,0.5857,0.0286,588.1216036437235,0.0,0.0,0.0,588.1216036437235,0.0,0.0,0.0,-4.8987041194671095,-4.8987041194671095,1.0,-4.8987041194671095,True,False
2024-01-20 22:00:00,32.67,32.97,32.66,32.92,67780.36,0.0001,52,-14.588946088586495,0.0,trending,,877.7672800049526,-0.6064090532563469,-0.8524855556023025,True,True,877.0189960775679,-1.4601393565692913,,trending,-9.690241969119384,0.5857,53.0,AVAXUSDT,2024-01-20 22:00:00,AVAXUSDT,32.92,22.73037446490109,SHORT,0.6143,0.0286,588.1216036437235,0.0,0.0,0.0,588.1216036437235,0.0,0.0,0.0,-14.588946088586495,-14.588946088586495,1.0,-14.588946088586495,True,True
2024-01-20 23:00:00,32.92,32.93,32.74,32.89,25347.58,0.0001,52,-12.081530897394003,0.0,trending,,878.1859796309989,-1.456870183256514,0.24871709351711369,True,True,877.9673411280746,-1.2084539537584476,,trending,2.507415191192491,0.5524,54.0,AVAXUSDT,2024-01-20 23:00:00,AVAXUSDT,32.89,6.640920170912169,REDUCE_SHORT,0.5714,0.019,588.1216036437235,0.0,0.0,0.0,588.1216036437235,0.0,0.0,0.0,-12.081530897394003,-12.081530897394003,1.0,-12.081530897394003,True,True
2024-01-21 00:00:00,32.87,32.87,32.47,32.5,57928.68,0.0001,56,4.337811080056922,0.0,trending,,890.5481684560234,-1.1772549924466398,1.6110361004523321,True,True,889.11241375572,0.4340471039470577,,trending,16.419341977450927,0.4619,55.0,AVAXUSDT,2024-01-21 00:00:00,AVAXUSDT,32.5,11.88624526908596,LONG,0.5,0.0381,588.1216036437235,0.0,0.0,0.0,588.1216036437235,0.0,0.0,0.0,4.337811080056922,4.337811080056922,1.0,4.337811080056922,True,True
2024-01-21 01:00:00,32.49,32.74,32.46,32.57,26765.64,0.0001,56,1.2194144856373252,0.0,trending,,889.9436188873872,0.4345757025475727,-0.3126342539838402,True,True,889.6653920280086,0.12197958355983997,,trending,-3.118396594419597,0.5524,56.0,AVAXUSDT,2024-01-21 01:00:00,AVAXUSDT,32.57,8.542427368085272,REDUCE_LONG,0.5714,0.019,588.1216036437235,0.0,0.0,0.0,588.1216036437235,0.0,0.0,0.0,1.2194144856373252,1.2194144856373252,1.0,1.2194144856373252,True,True
2024-01-21 02:00:00,32.57,32.99,32.56,32.98,24820.86,0.0001,56,-14.100747526704282,0.0,trending,,891.0314840068586,0.1233257275173706,-1.533400480187799,True,True,889.6651759014201,-1.4122402825979044,,trending,-15.320162012341607,0.4905,57.0,AVAXUSDT,2024-01-21 02:00:00,AVAXUSDT,32.98,38.096452378184836,SHORT,0.5857,0.0952,588.1216036437235,0.0,0.0,0.0,588.1216036437235,0.0,0.0,0.0,-14.100747526704282,-14.100747526704282,1.0,-14.100747526704282,True,True
2024-01-21 03:00:00,32.98,33.13,32.94,33.02,35847.31,0.0001,56,-14.642235829920816,0.0,trending,,888.1413178062926,-1.4163791643370278,-0.04784441865505373,False,,888.1413178062926,-1.4163791643370278,,trending,-0.5414883032165339,0.5619,58.0,AVAXUSDT,2024-01-21 03:00:00,,,,,0.619,0.0571,588.1216036437235,0.0,0.0,0.0,588.1216036437235,0.0,0.0,0.0,-14.642235829920816,-14.642235829920816,1.0,-14.642235829920816,True,False
2024-01-21 04:00:00,33.02,33.19,32.83,33.11,30718.36,0.0001,56,-16.67270340887366,0.0,trending,,884.712637092256,-1.4257437786662546,-0.24152656222111135,True,True,884.4989554904653,-1.6676731282449402,,trending,-2.030467578952843,0.6143,59.0,AVAXUSDT,2024-01-21 04:00:00,AVAXUSDT,33.11,6.453687761717496,SHORT,0.6619,0.0476,588.1216036437235,0.0,0.0,0.0,588.1216036437235,0.0,0.0,0.0,-16.67270340887366,-16.67270340887366,1.0,-16.67270340887366,True,True
2024-01-21 05:00:00,33.12,33.24,32.97,32.98,36111.18,0.0001,56,-10.676532071831994,0.0,trending,,890.2904737086528,-1.6503193791274853,0.5826661719442858,True,True,889.771212305015,-1.0682762787046125,,trending,5.996171337041664,0.7048,60.0,AVAXUSDT,2024-01-21 05:00:00,AVAXUSDT,32.98,15.728991577752748,REDUCE_SHORT,0.7048,0.0,588.1216036437235,0.0,0.0,0.0,588.1216036437235,0.0,0.0,0.0,-10.676532071831994,-10.676532071831994,1.0,-10.676532071831994,True,True
2024-01-21 06:00:00,32.98,33.06,32.79,32.89,38431.14,0.0001,56,-6.042657683845941,0.0,trending,,892.3651156756083,-1.0622642677951672,0.45799849941057313,True,True,891.9560046807076,-0.6045429252941178,,trending,4.6338743879860536,0.6143,61.0,AVAXUSDT,2024-01-21 06:00:00,AVAXUSDT,32.89,12.426326661774738,REDUCE_SHORT,0.6143,0.0,588.1216036437235,0.0,0.0,0.0,588.1216036437235,0.0,0.0,0.0,-6.042657683845941,-6.042657683845941,1.0,-6.042657683845941,True,True
2024-01-21 07:00:00,32.88,33.11,32.77,33.1,38757.39,0.0001,56,-13.869598751281373,0.0,trending,,888.5130920816289,-0.6107603925464181,-0.7761994825817192,True,True,887.8234286792881,-1.388037268938091,,trending,-7.826941067435432,0.7095,62.0,AVAXUSDT,2024-01-21 07:00:00,AVAXUSDT,33.1,20.83575233658138,SHORT,0.719,0.0095,588.1216036437235,0.0,0.0,0.0,588.1216036437235,0.0,0.0,0.0,-13.869598751281373,-13.869598751281373,1.0,-13.869598751281373,True,True
2024-01-21 08:00:00,33.1,33.21,32.96,32.97,34215.14,0.0001,56,-7.371628716746786,0.0,trending,,892.6634033300925,-1.3750894547858372,0.6379265831111587,True,True,892.0933795915992,-0.7376338989747386,,trending,6.497970034534587,0.7333,63.0,AVAXUSDT,2024-01-21 08:00:00,AVAXUSDT,32.97,17.271874878821475,REDUCE_SHORT,0.7333,0.0,588.1216036437235,0.0,0.0,0.0,588.1216036437235,0.0,0.0,0.0,-7.371628716746786,-7.371628716746786,1.0,-7.371628716746786,True,True
2024-01-21 09:00:00,32.97,33.22,32.96,33.2,29548.81,0.0001,56,-15.797714437241394,0.0,trending,,887.5028787392281,-0.7466215992802113,-0.8331498444439281,True,True,886.763455853863,-1.5810887275515513,,trending,-8.426085720494608,0.8048,64.0,AVAXUSDT,2024-01-21 09:00:00,AVAXUSDT,33.2,22.27177365557609,SHORT,0.8143,0.0095,588.1216036437235,0.0,0.0,0.0,588.1216036437235,0.0,0.0,0.0,-15.797714437241394,-15.797714437241394,1.0,-15.797714437241394,True,True
2024-01-21 10:00:00,33.21,33.44,33.09,33.4,62200.41,0.0001,56,-20.0,0.0,trending,,878.3173612511212,-1.6059090493768169,-0.3940909506231831,True,True,877.9712243272766,-2.0007884926390607,,trending,-4.202285562758606,0.8762,65.0,AVAXUSDT,2024-01-21 10:00:00,AVAXUSDT,33.4,10.363380953422157,SHORT,0.8762,0.0,588.1216036437235,0.0,0.0,0.0,588.1216036437235,0.0,0.0,0.0,-22.050351594230694,-22.050351594230694,1.0,-22.050351594230694,True,True
2024-01-21 11:00:00,33.4,33.41,33.21,33.31,46659.55,0.0001,56,-17.09593137598779,0.0,trending,,882.7046711843182,-1.9846969579244302,0.2751038203256513,True,True,882.4615926785502,-1.710064053669015,,trending,2.9040686240122113,0.8762,66.0,AVAXUSDT,2024-01-21 11:00:00,AVAXUSDT,33.31,7.290165934016924,REDUCE_SHORT,0.8762,0.0,588.1216036437235,0.0,0.0,0.0,588.1216036437235,0.0,0.0,0.0,-17.09593137598779,-17.09593137598779,1.0,-17.09593137598779,True,True
2024-01-21 12:00:00,33.32,33.47,33.29,33.38,44722.79,0.0001,56,-18.6037870340942,0.0,trending,,879.2903345162322,-1.7198382004021655,-0.1405405030072544,False,,879.2903345162322,-1.7198382004021655,,trending,-1.5078556581064113,0.8762,67.0,AVAXUSDT,2024-01-21 12:00:00,,,,,0.8762,0.0,588.1216036437235,0.0,0.0,0.0,588.1216036437235,0.0,0.0,0.0,-18.6037870340942,-18.6037870340942,1.0,-18.6037870340942,True,False
2024-01-21 13:00:00,33.39,33.45,33.24,33.33,74915.59,0.0001,56,-14.925648892927054,0.0,trending,,881.5555189178881,-1.7128494913142327,0.22028460202152722,True,True,881.3611314237494,-1.4928940800617607,,trending,3.678138141167146,0.8667,68.0,AVAXUSDT,2024-01-21 13:00:00,AVAXUSDT,33.33,5.826375836924929,REDUCE_SHORT,0.8667,0.0,588.1216036437235,0.0,0.0,0.0,588.1216036437235,0.0,0.0,0.0,-14.925648892927054,-14.925648892927054,1.0,-14.925648892927054,True,True
2024-01-21 14:00:00,33.32,33.5,33.25,33.3,55269.26,0.0001,56,-12.410417397820162,0.0,trending,,882.5454507896352,-1.4895487761644062,0.24850703638239002,True,True,882.325912496894,-1.241350532917198,,trending,2.5152314951068924,0.8667,69.0,AVAXUSDT,2024-01-21 14:00:00,AVAXUSDT,33.3,6.586148782237018,REDUCE_SHORT,0.8667,0.0,588.1216036437235,0.0,0.0,0.0,588.1216036437235,0.0,0.0,0.0,-12.410417397820162,-12.410417397820162,1.0,-12.410417397820162,True,True
2024-01-21 15:00:00,33.31,33.37,32.86,32.97,78649.08,0.0001,56,2.7475285352897583,0.0,trending,,893.1799964234988,-1.2141132382054516,1.4888660917344274,True,True,891.8490855058435,0.2748877057384369,,trending,15.15794593310992,0.781,70.0,AVAXUSDT,2024-01-21 15:00:00,AVAXUSDT,32.97,7.443243940926804,LONG,0.8095,0.0286,588.1216036437235,0.0,0.0,0.0,588.1216036437235,0.0,0.0,0.0,2.7475285352897583,2.7475285352897583,1.0,2.7475285352897583,True,True
2024-01-21 16:00:00,32.97,33.09,32.68,33.03,56885.73,0.0001,56,0.06155214378149511,0.0,trending,,892.2952335476626,0.2752502622309754,-0.26909504785282584,True,True,892.0551213190922,0.006156871161689414,,trending,-2.6859763915082633,0.6714,71.0,AVAXUSDT,2024-01-21 16:00:00,AVAXUSDT,33.03,7.269519484418912,REDUCE_LONG,0.7667,0.0952,588.1216036437235,0.0,0.0,0.0,588.1216036437235,0.0,0.0,0.0,0.06155214378149511,0.06155214378149511,1.0,0.06155214378149511,True,True
2024-01-21 17:00:00,33.03,33.27,33.02,33.2,30617.16,0.0001,56,-6.861077211697363,0.0,trending,,892.0833891252287,0.0061883634697386955,-0.692296084639475,True,True,891.4658032877654,-0.6865830399200528,,trending,-6.922629355478858,0.6571,72.0,AVAXUSDT,2024-01-21 17:00:00,AVAXUSDT,33.2,18.4357018435568,SHORT,0.7524,0.0952,588.1216036437235,0.0,0.0,0.0,588.1216036437235,0.0,0.0,0.0,-6.861077211697363,-6.861077211697363,1.0,-6.861077211697363,True,True
2024-01-21 18:00:00,33.21,33.25,33.04,33.17,32307.01,0.0001,56,-5.072593070721144,0.0,trending,,892.0188743430722,-0.6855373218432487,0.17827801477113425,False,,892.0188743430722,-0.6855373218432487,,trending,1.7884841409762187,0.7095,73.0,AVAXUSDT,2024-01-21 18:00:00,,,,,0.7952,0.0857,588.1216036437235,0.0,0.0,0.0,588.1216036437235,0.0,0.0,0.0,-5.072593070721144,-5.072593070721144,1.0,-5.072593070721144,True,False
2024-01-21 19:00:00,33.17,33.18,32.96,33.11,33586.35,0.0001,56,-2.0956536269985246,0.0,trending,,893.1250164536856,-0.6834497710789621,0.4738844083791096,True,True,892.7013547719732,-0.20966481904492845,,trending,2.9769394437226193,0.7524,74.0,AVAXUSDT,2024-01-21 19:00:00,AVAXUSDT,33.11,12.782785262178718,REDUCE_SHORT,0.8095,0.0571,588.1216036437235,0.0,0.0,0.0,588.1216036437235,0.0,0.0,0.0,-2.0956536269985246,-2.0956536269985246,1.0,-2.0956536269985246,True,True
2024-01-21 20:00:00,33.11,33.15,32.8,32.83,29871.4,0.0001,56,9.748635518803857,0.0,trending,,894.284171414759,-0.20752380205169707,1.1823873539320826,True,True,893.2265953486343,0.9750417679313846,,trending,11.844289145802382,0.6,75.0,AVAXUSDT,2024-01-21 20:00:00,AVAXUSDT,32.83,26.55513383295156,LONG,0.6952,0.0952,588.1216036437235,0.0,0.0,0.0,588.1216036437235,0.0,0.0,0.0,9.748635518803857,9.748635518803857,1.0,9.748635518803857,True,True
2024-01-21 21:00:00,32.83,33.05,32.78,33.03,25114.84,0.0001,56,0.4870164626138002,0.0,trending,,898.5323110884582,0.975189143026404,-0.926487496765024,True,True,897.6998321367953,0.04874680957095471,,trending,-9.261619056190057,0.5048,76.0,AVAXUSDT,2024-01-21 21:00:00,AVAXUSDT,33.03,25.203722423943002,REDUCE_LONG,0.6476,0.1429,588.1216036437235,0.0,0.0,0.0,588.1216036437235,0.0,0.0,0.0,0.4870164626138002,0.4870164626138002,1.0,0.4870164626138002,True,True
2024-01-21 22:00:00,33.03,33.03,32.62,32.7,25879.59,0.0001,56,14.264915244651482,0.0,trending,,897.2626295659873,0.04828329941613414,1.378208225049014,True,True,896.0260148298902,1.4270801298128113,,trending,13.777898782037681,0.4667,77.0,AVAXUSDT,2024-01-21 22:00:00,AVAXUSDT,32.7,37.81696440663456,LONG,0.6095,0.1429,588.1216036437235,0.0,0.0,0.0,588.1216036437235,0.0,0.0,0.0,14.264915244651482,14.264915244651482,1.0,14.264915244651482,True,True
2024-01-21 23:00:00,32.7,32.81,32.45,32.54,88304.49,0.0001,56,19.046165520046245,0.0,trending,,889.7693742351054,1.4300832528183764,0.4745332991862481,True,True,889.3471490384347,1.9050460264814861,,trending,4.781250275394763,0.5048,78.0,AVAXUSDT,2024-01-21 23:00:00,AVAXUSDT,32.54,12.975574575005163,LONG,0.619,0.1143,588.1216036437235,0.0,0.0,0.0,588.1216036437235,0.0,0.0,0.0,19.046165520046245,19.046165520046245,1.0,19.046165520046245,True,True
2024-01-22 00:00:00,32.54,32.74,32.36,32.59,65781.14,0.0001,55,15.146843824562545,0.0,trending,,891.9504791743268,1.902404474455762,-0.3877200919995074,True,True,891.6046520524824,1.5152718838104497,,trending,-3.8993216954836996,0.519,79.0,AVAXUSDT,2024-01-22 00:00:00,AVAXUSDT,32.59,10.611448967305146,REDUCE_LONG,0.5952,0.0762,588.1216036437235,0.0,0.0,0.0,588.1216036437235,0.0,0.0,0.0,15.146843824562545,15.146843824562545,1.0,15.146843824562545,True,True
2024-01-22 01:00:00,32.59,32.72,32.09,32.2,94047.83,0.0001,55,20.0,0.0,trending,,875.4371420897762,1.5247878877751906,0.4752121122248094,True,True,875.0211237563637,2.0004754380461427,,trending,4.853156175437455,0.3333,80.0,AVAXUSDT,2024-01-22 01:00:00,AVAXUSDT,32.2,12.919824019022768,LONG,0.5429,0.2095,588.1216036437235,0.0,0.0,0.0,588.1216036437235,0.0,0.0,0.0,24.0,24.0,1.0,24.0,True,True
2024-01-22 02:00:00,32.19,32.36,31.98,32.1,53466.89,0.0001,55,20.0,0.0,trending,,869.5849179618106,2.006729905276741,-0.0067299052767411105,False,,869.5849179618106,2.006729905276741,,trending,0.0,0.5476,81.0,AVAXUSDT,2024-01-22 02:00:00,,,,,0.6619,0.1143,588.1216036437235,0.0,0.0,0.0,588.1216036437235,0.0,0.0,0.0,24.0,24.0,1.0,24.0,True,False
2024-01-22 03:00:00,32.09,32.26,31.96,32.24,71696.14,0.0001,55,20.0,0.0,trending,,877.195606074185,1.9979953570535098,0.002004642946490165,False,,877.195606074185,1.9979953570535098,,trending,0.0,0.581,82.0,AVAXUSDT,2024-01-22 03:00:00,,,,,0.7048,0.1238,588.1216036437235,0.0,0.0,0.0,588.1216036437235,0.0,0.0,0.0,20.662348854776855,20.662348854776855,1.0,20.662348854776855,True,False
2024-01-22 04:00:00,32.23,32.24,31.74,31.75,78137.51,0.0001,55,20.0,0.0,trending,,850.5581976808742,2.029250137705729,-0.029250137705728818,False,,850.5581976808742,2.029250137705729,,trending,0.0,0.519,83.0,AVAXUSDT,2024-01-22 04:00:00,,,,,0.7381,0.219,588.1216036437235,0.0,0.0,0.0,588.1216036437235,0.0,0.0,0.0,24.0,24.0,1.0,24.0,True,False
2024-01-22 05:00:00,31.75,32.14,31.6,31.98,87834.8,0.0001,55,20.0,0.0,trending,,863.0614710083464,2.014339269562075,-0.014339269562074985,False,,863.0614710083464,2.014339269562075,,trending,0.0,0.4714,84.0,AVAXUSDT,2024-01-22 05:00:00,,,,,0.7286,0.2571,588.1216036437235,0.0,0.0,0.0,588.1216036437235,0.0,0.0,0.0,23.06551526054705,23.06551526054705,1.0,23.06551526054705,True,False
2024-01-22 06:00:00,31.99,32.4,31.97,32.12,366340.38,0.0001,55,15.797657634659041,0.0,trending,,870.6721591207208,2.005472763679348,-0.42570700021344376,True,True,870.3015078876923,1.5804385672273802,,trending,-4.202342365340959,0.3714,85.0,AVAXUSDT,2024-01-22 06:00:00,AVAXUSDT,32.12,11.539577616084815,REDUCE_LONG,0.6762,0.3048,588.1216036437235,0.0,0.0,0.0,588.1216036437235,0.0,0.0,0.0,15.797657634659041,15.797657634659041,1.0,15.797657634659041,True,True
2024-01-22 07:00:00,32.12,32.19,31.91,31.98,37645.6,0.0001,55,18.90900683985268,0.0,trending,,864.3063606415698,1.5844647029083365,0.3064359810769315,True,True,864.0415060739956,1.891173771694307,,trending,3.1113492051936387,0.3952,86.0,AVAXUSDT,2024-01-22 07:00:00,AVAXUSDT,31.98,8.281881412577597,LONG,0.7095,0.3143,588.1216036437235,0.0,0.0,0.0,588.1216036437235,0.0,0.0,0.0,18.90900683985268,18.90900683985268,1.0,18.90900683985268,True,True
2024-01-22 08:00:00,31.99,31.99,31.31,31.48,148730.96,0.0001,55,20.0,0.0,trending,,838.4934661436894,1.9183269267556085,0.08167307324439155,False,,838.4934661436894,1.9183269267556085,,trending,1.0909931601473204,0.3048,87.0,AVAXUSDT,2024-01-22 08:00:00,,,,,0.6857,0.381,588.1216036437235,0.0,0.0,0.0,588.1216036437235,0.0,0.0,0.0,24.0,24.0,1.0,24.0,True,False
2024-01-22 09:00:00,31.47,31.57,30.93,31.06,142950.0,0.0001,55,20.0,0.0,trending,,817.033112602232,1.942447883679921,0.05755211632007895,False,,817.033112602232,1.942447883679921,,trending,0.0,0.3238,88.0,AVAXUSDT,2024-01-22 09:00:00,,,,,0.7143,0.3905,588.1216036437235,0.0,0.0,0.0,588.1216036437235,0.0,0.0,0.0,24.0,24.0,1.0,24.0,True,False
2024-01-22 10:00:00,31.05,31.16,30.67,31.11,145683.66,0.0001,55,20.0,0.0,trending,,819.5879165952626,1.9395101029151056,0.060489897084894384,False,,819.5879165952626,1.9395101029151056,,trending,0.0,0.4,89.0,AVAXUSDT,2024-01-22 10:00:00,,,,,0.7619,0.3619,588.1216036437235,0.0,0.0,0.0,588.1216036437235,0.0,0.0,0.0,24.0,24.0,1.0,24.0,True,False
2024-01-22 11:00:00,31.11,31.36,31.02,31.2,72865.51,0.0001,55,20.0,0.0,trending,,824.1865637827177,1.9342679942928456,0.06573200570715443,False,,824.1865637827177,1.9342679942928456,,trending,0.0,0.5,90.0,AVAXUSDT,2024-01-22 11:00:00,,,,,0.8048,0.3048,588.1216036437235,0.0,0.0,0.0,588.1216036437235,0.0,0.0,0.0,24.0,24.0,1.0,24.0,True,False
2024-01-22 12:00:00,31.19,31.25,30.79,30.99,105108.21,0.0001,55,20.0,0.0,trending,,813.4563870119891,1.9465917781982371,0.053408221801762856,False,,813.4563870119891,1.9465917781982371,,trending,0.0,0.6619,91.0,AVAXUSDT,2024-01-22 12:00:00,,,,,0.8714,0.2095,588.1216036437235,0.0,0.0,0.0,588.1216036437235,0.0,0.0,0.0,24.0,24.0,1.0,24.0,True,False
2024-01-22 13:00:00,31.0,31.65,30.99,31.24,102920.22,0.0001,55,20.0,0.0,trending,,826.2304069771421,1.9319568989061602,0.06804310109383982,False,,826.2304069771421,1.9319568989061602,,trending,0.0,0.6048,92.0,AVAXUSDT,2024-01-22 13:00:00,,,,,0.8429,0.2381,588.1216036437235,0.0,0.0,0.0,588.1216036437235,0.0,0.0,0.0,20.303332260364666,20.303332260364666,1.0,20.303332260364666,True,False
2024-01-22 14:00:00,31.24,31.29,30.52,30.72,191112.07,0.0001,55,20.0,0.0,trending,,799.6604454496237,1.9629226157803008,0.037077384219699194,False,,799.6604454496237,1.9629226157803008,,trending,0.0,0.3667,93.0,AVAXUSDT,2024-01-22 14:00:00,,,,,0.7857,0.419,588.1216036437235,0.0,0.0,0.0,588.1216036437235,0.0,0.0,0.0,24.0,24.0,1.0,24.0,True,False
2024-01-22 15:00:00,30.72,30.76,30.18,30.62,202518.79,0.0001,55,20.0,0.0,trending,,794.5508374635626,1.969114991215026,0.03088500878497391,False,,794.5508374635626,1.969114991215026,,trending,0.0,0.381,94.0,AVAXUSDT,2024-01-22 15:00:00,,,,,0.7905,0.4095,588.1216036437235,0.0,0.0,0.0,588.1216036437235,0.0,0.0,0.0,24.0,24.0,1.0,24.0,True,False
2024-01-22 16:00:00,30.64,30.8,30.02,30.05,137555.71,0.0001,55,20.0,0.0,trending,,765.4260719430135,2.005990200874318,-0.005990200874317786,False,,765.4260719430135,2.005990200874318,,trending,0.0,0.3286,95.0,AVAXUSDT,2024-01-22 16:00:00,,,,,0.7762,0.4476,588.1216036437235,0.0,0.0,0.0,588.1216036437235,0.0,0.0,0.0,24.0,24.0,1.0,24.0,True,False
2024-01-22 17:00:00,30.05,30.53,30.03,30.36,118810.96,0.0001,55,20.0,0.0,trending,,781.2658566998032,1.9855942394834034,0.014405760516596589,False,,781.2658566998032,1.9855942394834034,,trending,0.0,0.2714,96.0,AVAXUSDT,2024-01-22 17:00:00,,,,,0.7571,0.4857,588.1216036437235,0.0,0.0,0.0,588.1216036437235,0.0,0.0,0.0,24.0,24.0,1.0,24.0,True,False
2024-01-22 18:00:00,30.36,30.48,30.0,30.31,159036.29,0.0001,55,20.0,0.0,trending,,778.7110527067725,1.9888277881659189,0.011172211834081125,False,,778.7110527067725,1.9888277881659189,,trending,0.0,0.3429,97.0,AVAXUSDT,2024-01-22 18:00:00,,,,,0.781,0.4381,588.1216036437235,0.0,0.0,0.0,588.1216036437235,0.0,0.0,0.0,24.0,24.0,1.0,24.0,True,False
2024-01-22 19:00:00,30.32,30.57,29.32,29.87,467729.74,0.0001,55,20.0,0.0,trending,,756.2287775681032,2.0182251068844677,-0.018225106884467657,False,,756.2287775681032,2.0182251068844677,,trending,0.0,0.3143,98.0,AVAXUSDT,2024-01-22 19:00:00,,,,,0.7714,0.4571,588.1216036437235,0.0,0.0,0.0,588.1216036437235,0.0,0.0,0.0,24.0,24.0,1.0,24.0,True,False
2024-01-22 20:00:00,29.87,30.61,29.83,30.35,221438.68,0.0001,55,17.11184714918829,0.0,trending,,780.7548959011972,1.9862392562772162,-0.27505454135838736,True,True,780.5401457213918,1.7116555135410694,,trending,-2.8881528508117107,0.4048,99.0,AVAXUSDT,2024-01-22 20:00:00,AVAXUSDT,30.35,7.075788461463567,REDUCE_LONG,0.7857,0.381,588.1216036437235,0.0,0.0,0.0,588.1216036437235,0.0,0.0,0.0,17.11184714918829,17.11184714918829,1.0,17.11184714918829,True,True
2024-01-22 21:00:00,30.34,30.34,29.88,29.96,138952.07,0.0001,55,20.0,0.0,trending,,763.3722320757238,1.7276603403982305,0.27233965960176953,True,True,763.1643355418908,2.000272413848697,,trending,2.8881528508117107,0.2476,100.0,AVAXUSDT,2024-01-22 21:00:00,AVAXUSDT,29.96,6.93913664328924,LONG,0.7333,0.4857,588.1216036437235,0.0,0.0,0.0,588.1216036437235,0.0,0.0,0.0,24.0,24.0,1.0,24.0,True,True
2024-01-22 22:00:00,29.95,30.17,29.61,29.8,108976.39,0.0001,55,20.0,0.0,trending,,755.0119373169637,2.011073063014698,-0.011073063014698015,False,,755.0119373169637,2.011073063014698,,trending,0.0,0.1524,101.0,AVAXUSDT,2024-01-22 22:00:00,,,,,0.6952,0.5429,588.1216036437235,0.0,0.0,0.0,588.1216036437235,0.0,0.0,0.0,24.0,24.0,1.0,24.0,True,False
2024-01-22 23:00:00,29.8,30.04,29.41,29.53,148380.49,0.0001,55,20.0,0.0,mean_reversion,,741.2547653123991,2.029837874639502,-0.029837874639501827,False,,741.2547653123991,2.029837874639502,,mean_reversion,0.0,0.2619,1.0,AVAXUSDT,2024-01-22 23:00:00,,,,,0.5571,0.819,588.1216036437235,0.0,0.0,0.0,588.1216036437235,0.0,0.0,0.0,24.0,24.0,1.0,24.0,True,False
2024-01-23 00:00:00,29.53,29.77,29.31,29.68,111826.65,0.0001,50,20.0,0.0,mean_reversion,,748.8976386482682,2.0193278662936924,-0.01932786629369243,False,,748.8976386482682,2.0193278662936924,,mean_reversion,0.0,0.4952,2.0,AVAXUSDT,2024-01-23 00:00:00,,,,,0.4667,0.9619,588.1216036437235,0.0,0.0,0.0,588.1216036437235,0.0,0.0,0.0,21.694429797791702,21.694429797791702,1.0,21.694429797791702,True,False
2024-01-23 01:00:00,29.69,29.86,29.41,29.74,116279.89,0.0001,50,18.541070019679296,0.0,mean_reversion,,751.9547879826159,2.0151836842793958,-0.1610766823114662,False,,751.9547879826159,2.0151836842793958,,mean_reversion,-1.458929980320704,0.5619,3.0,AVAXUSDT,2024-01-23 01:00:00,,,,,0.4095,0.9714,588.1216036437235,0.0,0.0,0.0,588.1216036437235,0.0,0.0,0.0,18.541070019679296,18.541070019679296,1.0,18.541070019679296,True,False
2024-01-23 02:00:00,29.74,30.2,29.72,30.19,90341.59,0.0001,50,7.455816760507946,0.0,mean_reversion,,774.8834079902238,1.9851446349272648,-1.23956295887647,True,True,773.9228912202311,0.746507018499468,,mean_reversion,-11.085253259171349,0.6095,4.0,AVAXUSDT,2024-01-23 02:00:00,AVAXUSDT,30.19,31.81572606799088,REDUCE_LONG,0.3714,0.981,588.1216036437235,0.0,0.0,0.0,588.1216036437235,0.0,0.0,0.0,7.455816760507946,7.455816760507946,1.0,7.455816760507946,True,True
2024-01-23 03:00:00,30.19,30.22,29.92,29.95,84129.31,0.0001,50,11.658140951096968,0.0,mean_reversion,,769.3300681391581,0.7449936909115553,0.4208204041981414,True,True,769.0063183489219,1.1658839024405718,,mean_reversion,4.202324190589022,0.6238,5.0,AVAXUSDT,2024-01-23 03:00:00,AVAXUSDT,29.95,10.809675800871592,LONG,0.3571,0.981,588.1216036437235,0.0,0.0,0.0,588.1216036437235,0.0,0.0,0.0,11.658140951096968,11.658140951096968,1.0,11.658140951096968,True,True
2024-01-23 04:00:00,29.96,30.22,29.96,29.99,42921.77,0.0001,50,10.078574991260584,0.0,mean_reversion,,770.2037435074369,1.1656260050207665,-0.15776850589470803,False,,770.2037435074369,1.1656260050207665,,mean_reversion,-1.5795659598363834,0.6238,6.0,AVAXUSDT,2024-01-23 04:00:00,,,,,0.3476,0.9714,588.1216036437235,0.0,0.0,0.0,588.1216036437235,0.0,0.0,0.0,10.078574991260584,10.078574991260584,1.0,10.078574991260584,True,False
2024-01-23 05:00:00,30.0,30.23,29.98,30.15,45837.65,0.0001,50,5.921002905303281,0.0,mean_reversion,,774.9934441414969,1.1646023847730578,-0.5725020942427297,True,True,774.5497587717016,0.5924394633638158,,mean_reversion,-4.1575720859573035,0.6,7.0,AVAXUSDT,2024-01-23 05:00:00,AVAXUSDT,30.15,14.715932663197112,REDUCE_LONG,0.3524,0.9524,588.1216036437235,0.0,0.0,0.0,588.1216036437235,0.0,0.0,0.0,5.921002905303281,5.921002905303281,1.0,5.921002905303281,True,True
2024-01-23 06:00:00,30.15,30.21,29.94,30.0,53971.11,0.0001,50,8.83652408765316,0.0,mean_reversion,,772.2668043267499,0.5912346438202495,0.29241776494506655,True,True,772.0409797938873,0.8836183767111533,,mean_reversion,2.9155211823498792,0.5619,8.0,AVAXUSDT,2024-01-23 06:00:00,AVAXUSDT,30.0,7.52748442874991,LONG,0.3714,0.9333,588.1216036437235,0.0,0.0,0.0,588.1216036437235,0.0,0.0,0.0,8.83652408765316,8.83652408765316,1.0,8.83652408765316,True,True
2024-01-23 07:00:00,30.0,30.1,29.16,29.34,104069.96,0.0001,50,20.0,0.0,mean_reversion,,757.0328086528482,0.8813111116890479,1.118688888310952,True,True,756.1859244617215,2.001119941754707,,mean_reversion,11.16347591234684,0.6286,9.0,AVAXUSDT,2024-01-23 07:00:00,AVAXUSDT,29.34,28.864491858444868,LONG,0.3619,0.9905,588.1216036437235,0.0,0.0,0.0,588.1216036437235,0.0,0.0,0.0,21.61409717013559,21.61409717013559,1.0,21.61409717013559,True,True
2024-01-23 08:00:00,29.34,29.51,28.2,28.45,581094.29,0.0001,50,20.0,0.0,mean_reversion,,710.2839247183006,2.0658171786065522,-0.06581717860655223,False,,710.2839247183006,2.0658171786065522,,mean_reversion,0.0,0.6143,10.0,AVAXUSDT,2024-01-23 08:00:00,,,,,0.3762,0.9905,588.1216036437235,0.0,0.0,0.0,588.1216036437235,0.0,0.0,0.0,24.0,24.0,1.0,24.0,True,False
2024-01-23 09:00:00,28.44,28.59,27.43,27.81,487847.48,0.0001,50,20.0,0.0,mean_reversion,,677.2757451275261,2.117761582485586,-0.11776158248558621,False,,677.2757451275261,2.117761582485586,,mean_reversion,0.0,0.381,11.0,AVAXUSDT,2024-01-23 09:00:00,,,,,0.4762,0.8571,588.1216036437235,0.0,0.0,0.0,588.1216036437235,0.0,0.0,0.0,24.0,24.0,1.0,24.0,True,False
2024-01-23 10:00:00,27.82,28.15,27.62,27.67,241521.67,0.0001,50,20.0,0.0,trending,,670.0552058420444,2.129806621980499,-0.12980662198049897,False,,670.0552058420444,2.129806621980499,,trending,0.0,0.7905,1.0,AVAXUSDT,2024-01-23 10:00:00,,,,,0.8762,0.0857,588.1216036437235,0.0,0.0,0.0,588.1216036437235,0.0,0.0,0.0,24.0,24.0,1.0,24.0,True,False
2024-01-23 11:00:00,27.67,27.97,27.62,27.92,162219.01,0.0001,50,20.0,0.0,trending,,682.9490259946906,2.1084762988720236,-0.10847629887202359,False,,682.9490259946906,2.1084762988720236,,trending,0.0,0.9238,2.0,AVAXUSDT,2024-01-23 11:00:00,,,,,0.9238,0.0,588.1216036437235,0.0,0.0,0.0,588.1216036437235,0.0,0.0,0.0,24.0,24.0,1.0,24.0,True,False
2024-01-23 12:00:00,27.93,28.13,27.65,28.08,208511.49,0.0001,50,20.0,0.0,trending,,691.201070892384,2.0952425285965934,-0.09524252859659343,False,,691.201070892384,2.0952425285965934,,trending,0.0,0.9143,3.0,AVAXUSDT,2024-01-23 12:00:00,,,,,0.9143,0.0,588.1216036437235,0.0,0.0,0.0,588.1216036437235,0.0,0.0,0.0,24.0,24.0,1.0,24.0,True,False
2024-01-23 13:00:00,28.09,28.1,27.65,27.69,113003.52,0.0001,50,20.0,0.0,trending,,671.0867114542559,2.128070032875998,-0.12807003287599805,False,,671.0867114542559,2.128070032875998,,trending,0.0,0.9048,4.0,AVAXUSDT,2024-01-23 13:00:00,,,,,0.9238,0.019,588.1216036437235,0.0,0.0,0.0,588.1216036437235,0.0,0.0,0.0,24.0,24.0,1.0,24.0,True,False
2024-01-23 14:00:00,27.68,28.19,27.24,28.11,285415.71,0.0001,50,20.0,0.0,trending,,692.7483293107016,2.092796296464707,-0.09279629646470688,False,,692.7483293107016,2.092796296464707,,trending,0.0,0.8667,5.0,AVAXUSDT,2024-01-23 14:00:00,,,,,0.8952,0.0286,588.1216036437235,0.0,0.0,0.0,588.1216036437235,0.0,0.0,0.0,21.32979446016881,21.32979446016881,1.0,21.32979446016881,True,False
2024-01-23 15:00:00,28.11,29.32,28.11,29.1,519558.6,0.0001,50,-0.058135474796302995,0.0,trending,,743.8078571151812,2.0177800643152106,-2.023593611794841,True,True,742.3026922871201,-0.005825335591519861,,trending,-20.058135474796302,0.6048,6.0,AVAXUSDT,2024-01-23 15:00:00,AVAXUSDT,29.1,0.14859664237323628,SHORT,0.7571,0.1524,588.1216036437235,0.0,0.0,0.0,588.1216036437235,0.0,0.0,0.0,-0.058135474796302995,-0.058135474796302995,1.0,-0.058135474796302995,True,True
2024-01-23 16:00:00,29.1,29.18,28.69,29.13,193300.73,0.0001,50,-0.656541211473904,0.0,trending,,742.2982343878489,-0.0058313761124624735,-0.059822745034927925,False,,742.2982343878489,-0.0058313761124624735,,trending,-0.598405736677601,0.7381,7.0,AVAXUSDT,2024-01-23 16:00:00,,,,,0.7762,0.0381,588.1216036437235,0.0,0.0,0.0,588.1216036437235,0.0,0.0,0.0,-0.656541211473904,-0.656541211473904,1.0,-0.656541211473904,True,False
2024-01-23 17:00:00,29.13,29.46,29.0,29.07,180671.8,0.0001,50,0.6118407147932705,0.0,trending,,742.3071501863913,-0.005819295143129515,0.06700336662245657,False,,742.3071501863913,-0.005819295143129515,,trending,1.2683819262671745,0.7524,8.0,AVAXUSDT,2024-01-23 17:00:00,,,,,0.7619,0.0095,588.1216036437235,0.0,0.0,0.0,588.1216036437235,0.0,0.0,0.0,0.6118407147932705,0.6118407147932705,1.0,0.6118407147932705,True,False
2024-01-23 18:00:00,29.08,29.43,28.81,28.85,184912.5,0.0001,50,4.9520901428203885,0.0,trending,,742.3398414477133,-0.0057750007383509435,0.5009840150203898,True,True,741.9679367621309,0.4949617760668782,,trending,4.340249428027118,0.7524,9.0,AVAXUSDT,2024-01-23 18:00:00,AVAXUSDT,28.85,12.742231582170088,LONG,0.7524,0.0,588.1216036437235,0.0,0.0,0.0,588.1216036437235,0.0,0.0,0.0,4.9520901428203885,4.9520901428203885,1.0,4.9520901428203885,True,True
2024-01-23 19:00:00,28.85,29.17,28.85,28.87,106818.9,0.0001,50,4.187998383654232,0.0,trending,,742.2225265491426,0.4951350092540488,-0.07633517088862557,False,,742.2225265491426,0.4951350092540488,,trending,-0.7640917591661562,0.7095,10.0,AVAXUSDT,2024-01-23 19:00:00,,,,,0.7095,0.0,588.1216036437235,0.0,0.0,0.0,588.1216036437235,0.0,0.0,0.0,4.187998383654232,4.187998383654232,1.0,4.187998383654232,True,False
2024-01-23 20:00:00,28.88,29.2,28.83,29.06,133935.57,0.0001,50,-0.11310963957329041,0.0,trending,,744.6411295257542,0.4967748165665765,-0.5080857805239055,True,True,744.2627879562489,-0.011316713818702582,,trending,-4.301108023227522,0.7095,11.0,AVAXUSDT,2024-01-23 20:00:00,AVAXUSDT,29.06,0.2898351334208738,SHORT,0.7095,0.0,588.1216036437235,0.0,0.0,0.0,588.1216036437235,0.0,0.0,0.0,-0.11310963957329041,-0.11310963957329041,1.0,-0.11310963957329041,True,True
2024-01-23 21:00:00,29.04,29.2,28.78,29.13,115248.18,0.0001,50,-1.5547843198149567,0.0,trending,,744.2424994969094,-0.01134428286782501,-0.14413414911367065,False,,744.2424994969094,-0.01134428286782501,,trending,-1.4416746802416662,0.681,12.0,AVAXUSDT,2024-01-23 21:00:00,,,,,0.681,0.0,588.1216036437235,0.0,0.0,0.0,588.1216036437235,0.0,0.0,0.0,-1.5547843198149567,-1.5547843198149567,1.0,-1.5547843198149567,True,False
2024-01-23 22:00:00,29.14,30.1,29.06,29.95,258608.61,0.0001,50,-17.571887020187923,0.0,trending,,744.0048346875044,-0.011667346556425491,-1.7455213554623668,True,True,742.70615835999,-1.760261275666662,,trending,-16.017102700372966,0.5905,13.0,AVAXUSDT,2024-01-23 22:00:00,AVAXUSDT,29.95,43.361480050560495,SHORT,0.6095,0.019,588.1216036437235,0.0,0.0,0.0,588.1216036437235,0.0,0.0,0.0,-17.571887020187923,-17.571887020187923,1.0,-17.571887020187923,True,True
2024-01-23 23:00:00,29.96,30.88,29.95,30.63,309476.22,0.0001,50,-20.0,0.0,trending,,713.0232640348827,-1.8751699299673037,-0.1248300700326963,False,,713.0232640348827,-1.8751699299673037,,trending,-2.4281129798120773,0.6,14.0,AVAXUSDT,2024-01-23 23:00:00,,,,,0.619,0.019,588.1216036437235,0.0,0.0,0.0,588.1216036437235,0.0,0.0,0.0,-24.0,-24.0,1.0,-24.0,True,False
2024-01-24 00:00:00,30.64,30.7,29.96,30.37,225197.84,0.0001,48,-19.64275112529466,0.0,trending,,724.3726059827179,-1.8301222757299334,-0.1341528367995326,False,,724.3726059827179,-1.8301222757299334,,trending,0.3572488747053413,0.6,15.0,AVAXUSDT,2024-01-24 00:00:00,,,,,0.6,0.0,588.1216036437235,0.0,0.0,0.0,588.1216036437235,0.0,0.0,0.0,-19.64275112529466,-19.64275112529466,1.0,-19.64275112529466,True,False
2024-01-24 01:00:00,30.36,30.36,29.79,29.81,132006.9,0.0001,48,-7.42136128003226,0.0,trending,,748.8173424857475,-1.737734467146441,0.995598339143215,True,True,748.0710749156771,-0.7428764749347911,,trending,12.221389845262399,0.5048,16.0,AVAXUSDT,2024-01-24 01:00:00,AVAXUSDT,29.81,25.009101056707358,REDUCE_SHORT,0.5333,0.0286,588.1216036437235,0.0,0.0,0.0,588.1216036437235,0.0,0.0,0.0,-7.42136128003226,-7.42136128003226,1.0,-7.42136128003226,True,True
2024-01-24 02:00:00,29.82,29.99,29.64,29.77,72279.08,0.0001,48,-5.970918355768452,0.0,trending,,748.816763480768,-0.7411408793644092,0.144049043787564,False,,748.816763480768,-0.7411408793644092,,trending,1.4504429242638075,0.5,17.0,AVAXUSDT,2024-01-24 02:00:00,,,,,0.5286,0.0286,588.1216036437235,0.0,0.0,0.0,588.1216036437235,0.0,0.0,0.0,-5.970918355768452,-5.970918355768452,1.0,-5.970918355768452,True,False
2024-01-24 03:00:00,29.78,29.8,29.54,29.61,59358.11,0.0001,48,-2.719491561393636,0.0,trending,,751.7995177411318,-0.7342329268408136,0.46228377070145005,True,True,751.4516251326504,-0.2720750579248404,,trending,3.251426794374816,0.4381,18.0,AVAXUSDT,2024-01-24 03:00:00,AVAXUSDT,29.61,11.73741019496461,REDUCE_SHORT,0.4952,0.0571,588.1216036437235,0.0,0.0,0.0,588.1216036437235,0.0,0.0,0.0,-2.719491561393636,-2.719491561393636,1.0,-2.719491561393636,True,True
2024-01-24 04:00:00,29.61,29.8,29.49,29.58,74853.88,0.0001,48,-2.063021228373137,0.0,trending,,751.6587692506198,-0.2717244961052433,0.0654223732679296,False,,751.6587692506198,-0.2717244961052433,,trending,0.6564703330204993,0.4905,19.0,AVAXUSDT,2024-01-24 04:00:00,,,,,0.5095,0.019,588.1216036437235,0.0,0.0,0.0,588.1216036437235,0.0,0.0,0.0,-2.063021228373137,-2.063021228373137,1.0,-2.063021228373137,True,False
2024-01-24 05:00:00,29.58,30.03,29.58,29.98,96505.64,0.0001,48,-10.516691730930141,0.0,trending,,748.896847677696,-0.27641459906334837,-0.7752545740296657,True,True,748.3162619710575,-1.0524851169940617,,trending,-8.453670502557005,0.4667,20.0,AVAXUSDT,2024-01-24 05:00:00,AVAXUSDT,29.98,19.365767399550755,SHORT,0.4952,0.0286,588.1216036437235,0.0,0.0,0.0,588.1216036437235,0.0,0.0,0.0,-10.516691730930141,-10.516691730930141,1.0,-10.516691730930141,True,True
2024-01-24 06:00:00,29.98,30.38,29.71,30.37,95977.52,0.0001,48,-17.616684902274688,0.0,trending,,738.0707391516321,-1.0809766720540348,-0.680691818173434,True,True,737.568340438258,-1.7628684603649565,,trending,-7.099993171344547,0.4381,21.0,AVAXUSDT,2024-01-24 06:00:00,AVAXUSDT,30.37,16.542598398871743,SHORT,0.4857,0.0476,588.1216036437235,0.0,0.0,0.0,588.1216036437235,0.0,0.0,0.0,-17.616684902274688,-17.616684902274688,1.0,-17.616684902274688,True,True
2024-01-24 07:00:00,30.36,30.77,30.24,30.57,146033.37,0.0001,48,-19.841309966850005,0.0,trending,,729.0057064921118,-1.79532010108159,-0.18881089560341047,False,,729.0057064921118,-1.79532010108159,,trending,-2.224625064575317,0.5429,22.0,AVAXUSDT,2024-01-24 07:00:00,,,,,0.5714,0.0286,588.1216036437235,0.0,0.0,0.0,588.1216036437235,0.0,0.0,0.0,-19.841309966850005,-19.841309966850005,1.0,-19.841309966850005,True,False
2024-01-24 08:00:00,30.59,30.96,30.5,30.62,136020.74,0.0001,48,-19.021646360914502,0.0,trending,,726.8650480055751,-1.8035524761467907,-0.09861215994465944,False,,726.8650480055751,-1.8035524761467907,,trending,0.8196636059355029,0.6905,23.0,AVAXUSDT,2024-01-24 08:00:00,,,,,0.7,0.0095,588.1216036437235,0.0,0.0,0.0,588.1216036437235,0.0,0.0,0.0,-19.021646360914502,-19.021646360914502,1.0,-19.021646360914502,True,False
2024-01-24 09:00:00,30.61,31.12,30.58,31.1,135213.12,0.0001,48,-20.0,0.0,trending,,706.3147265348239,-1.885122210544926,-0.1148777894550741,False,,706.3147265348239,-1.885122210544926,,trending,-0.9783536390854977,0.8476,24.0,AVAXUSDT,2024-01-24 09:00:00,,,,,0.8476,0.0,588.1216036437235,0.0,0.0,0.0,588.1216036437235,0.0,0.0,0.0,-24.0,-24.0,1.0,-24.0,True,False
2024-01-24 10:00:00,31.1,31.81,30.97,31.68,230648.54,0.0001,48,-20.0,0.0,trending,,681.4830880909994,-1.9902492677682926,-0.009750732231707415,False,,681.4830880909994,-1.9902492677682926,,trending,0.0,0.881,25.0,AVAXUSDT,2024-01-24 10:00:00,,,,,0.881,0.0,588.1216036437235,0.0,0.0,0.0,588.1216036437235,0.0,0.0,0.0,-24.0,-24.0,1.0,-24.0,True,False
2024-01-24 11:00:00,31.67,31.72,31.14,31.24,144198.69,0.0001,48,-20.0,0.0,trending,,700.3208827725214,-1.9098151365886182,-0.09018486341138177,False,,700.3208827725214,-1.9098151365886182,,trending,0.0,0.8905,26.0,AVAXUSDT,2024-01-24 11:00:00,,,,,0.8905,0.0,588.1216036437235,0.0,0.0,0.0,588.1216036437235,0.0,0.0,0.0,-24.0,-24.0,1.0,-24.0,True,False
2024-01-24 12:00:00,31.24,31.91,31.23,31.29,214132.03,0.0001,48,-20.0,0.0,trending,,698.1802242859849,-1.9187367878324084,-0.08126321216759158,False,,698.1802242859849,-1.9187367878324084,,trending,0.0,0.9,27.0,AVAXUSDT,2024-01-24 12:00:00,,,,,0.9,0.0,588.1216036437235,0.0,0.0,0.0,588.1216036437235,0.0,0.0,0.0,-23.706151948162738,-23.706151948162738,1.0,-23.706151948162738,True,False
2024-01-24 13:00:00,31.28,31.37,30.83,30.99,155719.77,0.0001,48,-14.850308654297441,0.0,trending,,711.0241752052045,-1.8660126845510803,0.3809818191213361,True,True,710.7530167630534,-1.485597417588538,,trending,5.149691345702559,0.9095,28.0,AVAXUSDT,2024-01-24 13:00:00,AVAXUSDT,30.99,8.741119190349352,REDUCE_SHORT,0.9095,0.0,588.1216036437235,0.0,0.0,0.0,588.1216036437235,0.0,0.0,0.0,-14.850308654297441,-14.850308654297441,1.0,-14.850308654297441,True,True
2024-01-24 14:00:00,30.99,31.47,30.7,30.84,228665.83,0.0001,48,-10.07871100734426,0.0,trending,,715.8638243441108,-1.4678518496561075,0.4599807489216814,True,True,715.5342111528718,-1.0083353798767685,,trending,4.771597646953181,0.8905,29.0,AVAXUSDT,2024-01-24 14:00:00,AVAXUSDT,30.84,10.677158821262745,REDUCE_SHORT,0.9,0.0095,588.1216036437235,0.0,0.0,0.0,588.1216036437235,0.0,0.0,0.0,-10.07871100734426,-10.07871100734426,1.0,-10.07871100734426,True,True
2024-01-24 15:00:00,30.83,31.0,30.52,30.98,140483.06,0.0001,48,-11.919419926271233,0.0,trending,,712.2589263121951,-1.0175706034474477,-0.17437138917967565,False,,712.2589263121951,-1.0175706034474477,,trending,-1.840708918926973,0.8619,30.0,AVAXUSDT,2024-01-24 15:00:00,,,,,0.8619,0.0,588.1216036437235,0.0,0.0,0.0,588.1216036437235,0.0,0.0,0.0,-11.919419926271233,-11.919419926271233,1.0,-11.919419926271233,True,False
2024-01-24 16:00:00,30.99,31.62,30.79,31.62,200351.55,8.18e-05,48,-20.0,0.0,trending,,697.2861956119583,-1.0608936198849392,-0.9391063801150608,True,True,696.631369696893,-2.0018799782598085,,trending,-8.080580073728767,0.7714,31.0,AVAXUSDT,2024-01-24 16:00:00,AVAXUSDT,31.62,20.70923197550121,SHORT,0.8286,0.0571,588.1216036437235,0.0,0.0,0.0,588.1216036437235,0.0,0.0,0.0,-23.238566193112597,-23.238566193112597,1.0,-23.238566193112597,True,True
2024-01-24 17:00:00,31.62,31.63,31.14,31.3,128939.66,8.18e-05,48,-14.506883500063108,0.0,trending,,710.7446892791718,-1.9422713844568882,0.4915830344505774,True,True,710.3949495083257,-1.4514025490746618,,trending,5.493116499936892,0.7429,32.0,AVAXUSDT,2024-01-24 17:00:00,AVAXUSDT,31.3,11.162620801133803,REDUCE_SHORT,0.8095,0.0667,588.1216036437235,0.0,0.0,0.0,588.1216036437235,0.0,0.0,0.0,-14.506883500063108,-14.506883500063108,1.0,-14.506883500063108,True,True
2024-01-24 18:00:00,31.29,31.35,30.54,30.85,151037.71,8.18e-05,48,-4.210358725118978,0.0,trending,,725.2186258103948,-1.4012951792688422,0.9802593067569444,True,True,724.5070118890893,-0.42144941576728645,,trending,10.29652477494413,0.6714,33.0,AVAXUSDT,2024-01-24 18:00:00,AVAXUSDT,30.85,23.043834923310254,REDUCE_SHORT,0.7667,0.0952,588.1216036437235,0.0,0.0,0.0,588.1216036437235,0.0,0.0,0.0,-4.210358725118978,-4.210358725118978,1.0,-4.210358725118978,True,True
2024-01-24 19:00:00,30.84,30.89,30.49,30.65,87684.61,8.18e-05,48,0.278603153023798,0.0,trending,,726.4865454831247,-0.417576244421956,0.4454365597243358,True,True,726.1626381484282,0.02784486974905955,,trending,4.488961878142776,0.6381,34.0,AVAXUSDT,2024-01-24 19:00:00,AVAXUSDT,30.65,0.6603635960879785,LONG,0.7524,0.1143,588.1216036437235,0.0,0.0,0.0,588.1216036437235,0.0,0.0,0.0,0.278603153023798,0.278603153023798,1.0,0.278603153023798,True,True
2024-01-24 20:00:00,30.65,30.92,30.04,30.11,233105.37,8.18e-05,48,11.627652459526772,0.0,trending,,725.8063984028826,0.027367717305937615,1.1353975286467395,True,True,724.9823196118599,1.1629502592743497,,trending,11.349049306502973,0.6,35.0,AVAXUSDT,2024-01-24 20:00:00,AVAXUSDT,30.11,27.368940253159206,LONG,0.7238,0.1238,588.1216036437235,0.0,0.0,0.0,588.1216036437235,0.0,0.0,0.0,11.627652459526772,11.627652459526772,1.0,11.627652459526772,True,True
2024-01-24 21:00:00,30.1,30.37,30.1,30.21,86879.82,8.18e-05,48,8.647213503775795,0.0,trending,,727.7824470663998,1.1623233116245983,-0.2976019612470189,True,True,727.5658575827916,0.8649787697558958,,trending,-2.9804389557509765,0.5952,36.0,AVAXUSDT,2024-01-24 21:00:00,AVAXUSDT,30.21,7.169463211125961,REDUCE_LONG,0.681,0.0857,588.1216036437235,0.0,0.0,0.0,588.1216036437235,0.0,0.0,0.0,8.647213503775795,8.647213503775795,1.0,8.647213503775795,True,True
2024-01-24 22:00:00,30.23,30.52,30.05,30.51,88047.29,8.18e-05,48,1.3121424640252481,0.0,trending,,733.8154009830732,0.8661286788982216,-0.7349144324956969,True,True,733.2761094541031,0.13131074856678843,,trending,-7.335071039750547,0.5524,37.0,AVAXUSDT,2024-01-24 22:00:00,AVAXUSDT,30.51,17.675894099314238,REDUCE_LONG,0.6381,0.0857,588.1216036437235,0.0,0.0,0.0,588.1216036437235,0.0,0.0,0.0,1.3121424640252481,1.3121424640252481,1.0,1.3121424640252481,True,True
2024-01-24 23:00:00,30.51,31.29,30.51,31.2,128458.78,8.18e-05,48,-12.997333017486453,0.0,trending,,735.453692346224,0.13388282465013168,-1.433616126398777,True,True,734.3993340726568,-1.3015992954887676,,trending,-14.3094754815117,0.3762,38.0,AVAXUSDT,2024-01-24 23:00:00,AVAXUSDT,31.2,30.63761717424327,SHORT,0.5571,0.181,588.1216036437235,0.0,0.0,0.0,588.1216036437235,0.0,0.0,0.0,-12.997333017486453,-12.997333017486453,1.0,-12.997333017486453,True,True
2024-01-25 00:00:00,31.19,31.36,30.94,31.22,105010.16,0.0001,52,-12.056535728869358,0.0,trending,,733.7865817291719,-1.3035212580827829,0.0978676851958471,False,,733.7865817291719,-1.3035212580827829,,trending,0.9407972886170946,0.4286,39.0,AVAXUSDT,2024-01-25 00:00:00,,,,,0.5714,0.1429,588.1216036437235,0.0,0.0,0.0,588.1216036437235,0.0,0.0,0.0,-12.056535728869358,-12.056535728869358,1.0,-12.056535728869358,True,False
2024-01-25 01:00:00,31.21,31.23,30.7,30.79,68001.25,0.0001,52,-2.168219460400297,0.0,trending,,746.9607571140965,-1.262893965727919,1.0460720196878892,True,True,746.1786002093698,-0.21704922243490885,,trending,9.888316268469062,0.3905,40.0,AVAXUSDT,2024-01-25 01:00:00,AVAXUSDT,30.79,25.37754945832861,REDUCE_SHORT,0.5619,0.1714,588.1216036437235,0.0,0.0,0.0,588.1216036437235,0.0,0.0,0.0,-2.168219460400297,-2.168219460400297,1.0,-2.168219460400297,True,True
2024-01-25 02:00:00,30.8,30.89,30.57,30.67,41292.6,0.0001,52,0.4707886574460556,0.0,trending,,746.8098083352796,-0.216020565137885,0.26309943088249055,True,True,746.6131616119645,0.0470441743470398,,trending,2.6390081178463527,0.419,41.0,AVAXUSDT,2024-01-25 02:00:00,AVAXUSDT,30.67,1.146363179112202,LONG,0.5714,0.1524,588.1216036437235,0.0,0.0,0.0,588.1216036437235,0.0,0.0,0.0,0.4707886574460556,0.4707886574460556,1.0,0.4707886574460556,True,True
2024-01-25 03:00:00,30.67,30.93,30.61,30.76,34183.26,0.0001,52,-1.4693012735045308,0.0,trending,,746.7162311253985,0.04717571118684586,-0.19410583853729893,False,,746.7162311253985,0.04717571118684586,,trending,-1.9400899309505863,0.3952,42.0,AVAXUSDT,2024-01-25 03:00:00,,,,,0.5762,0.181,588.1216036437235,0.0,0.0,0.0,588.1216036437235,0.0,0.0,0.0,-1.4693012735045308,-1.4693012735045308,1.0,-1.4693012735045308,True,False
2024-01-25 04:00:00,30.75,30.79,30.48,30.56,26288.92,0.0001,52,2.938355368880789,0.0,trending,,746.4871877622119,0.04688335777045316,0.24695217911762574,True,True,746.3028411245107,0.2936611049587529,,trending,4.407656642385319,0.4429,43.0,AVAXUSDT,2024-01-25 04:00:00,AVAXUSDT,30.56,6.032285265093798,LONG,0.5857,0.1429,588.1216036437235,0.0,0.0,0.0,588.1216036437235,0.0,0.0,0.0,2.938355368880789,2.938355368880789,1.0,2.938355368880789,True,True
2024-01-25 05:00:00,30.56,30.58,30.21,30.43,71172.22,0.0001,52,5.527495443356373,0.0,trending,,745.3705500510616,0.2927776337153134,0.2599719106203239,True,True,745.1767746450448,0.5526332415446936,,trending,2.589140074475584,0.419,44.0,AVAXUSDT,2024-01-25 05:00:00,AVAXUSDT,30.43,6.367906868777398,LONG,0.5524,0.1333,588.1216036437235,0.0,0.0,0.0,588.1216036437235,0.0,0.0,0.0,5.527495443356373,5.527495443356373,1.0,5.527495443356373,True,True
2024-01-25 06:00:00,30.43,30.67,30.28,30.6,61957.77,0.0001,52,1.3577033212094824,0.0,trending,,747.4773861338488,0.5540101622693923,-0.418239830148444,True,True,747.1647613188323,0.13582714044109598,,trending,-4.169792122146891,0.4381,45.0,AVAXUSDT,2024-01-25 06:00:00,AVAXUSDT,30.6,10.216497222758946,REDUCE_LONG,0.5429,0.1048,588.1216036437235,0.0,0.0,0.0,588.1216036437235,0.0,0.0,0.0,1.3577033212094824,1.3577033212094824,1.0,1.3577033212094824,True,True
2024-01-25 07:00:00,30.61,30.65,30.48,30.58,40815.97,0.0001,52,1.7493210313364584,0.0,trending,,747.0984310881341,0.13575041589885029,0.039181687234795565,False,,747.0984310881341,0.13575041589885029,,trending,0.391617710126976,0.3619,46.0,AVAXUSDT,2024-01-25 07:00:00,,,,,0.4762,0.1143,588.1216036437235,0.0,0.0,0.0,588.1216036437235,0.0,0.0,0.0,1.7493210313364584,1.7493210313364584,1.0,1.7493210313364584,True,False
2024-01-25 08:00:00,30.58,30.67,30.34,30.41,50675.59,0.0001,52,5.790191169822113,0.0,trending,,746.5346241271992,0.13509770681376124,0.4439214101684501,True,True,746.203221424117,0.578832151557013,,trending,4.040870138485655,0.3333,47.0,AVAXUSDT,2024-01-25 08:00:00,AVAXUSDT,30.41,10.897819897471889,LONG,0.4571,0.1238,588.1216036437235,0.0,0.0,0.0,588.1216036437235,0.0,0.0,0.0,5.790191169822113,5.790191169822113,1.0,5.790191169822113,True,True
2024-01-25 09:00:00,30.4,30.54,30.22,30.25,50263.02,0.0001,52,9.354241129224073,0.0,trending,,743.9306720461193,0.5775455736970367,0.3578785392253706,True,True,743.6644352239225,0.9354009943246209,,trending,3.5640499594019603,0.3333,48.0,AVAXUSDT,2024-01-25 09:00:00,AVAXUSDT,30.25,8.801217262704576,LONG,0.4857,0.1524,588.1216036437235,0.0,0.0,0.0,588.1216036437235,0.0,0.0,0.0,9.354241129224073,9.354241129224073,1.0,9.354241129224073,True,True
2024-01-25 10:00:00,30.25,30.41,30.05,30.39,103975.59,0.0001,52,5.186842123865908,0.0,trending,,746.8838541760324,0.935679446271327,-0.41699523388473625,True,True,746.5724071685754,0.5189005914600896,,trending,-4.167399005358165,0.3381,49.0,AVAXUSDT,2024-01-25 10:00:00,AVAXUSDT,30.39,10.24833851453991,REDUCE_LONG,0.5286,0.1905,588.1216036437235,0.0,0.0,0.0,588.1216036437235,0.0,0.0,0.0,5.186842123865908,5.186842123865908,1.0,5.186842123865908,True,True
2024-01-25 11:00:00,30.4,30.59,30.25,30.34,136022.08,0.0001,52,6.089178997013946,0.0,trending,,745.9350316114061,0.5184895087376311,0.09042839096376343,False,,745.9350316114061,0.5184895087376311,,trending,0.9023368731480375,0.3905,50.0,AVAXUSDT,2024-01-25 11:00:00,,,,,0.5619,0.1714,588.1216036437235,0.0,0.0,0.0,588.1216036437235,0.0,0.0,0.0,6.089178997013946,6.089178997013946,1.0,6.089178997013946,True,False
2024-01-25 12:00:00,30.35,30.47,29.66,29.78,182182.94,0.0001,52,20.0,0.0,trending,,738.7964253711089,0.513836922883595,1.4861630771164052,True,True,737.698453402217,2.0014883750451533,,trending,13.910821002986054,0.3238,51.0,AVAXUSDT,2024-01-25 12:00:00,AVAXUSDT,29.78,36.869441534322625,LONG,0.5714,0.2476,588.1216036437235,0.0,0.0,0.0,588.1216036437235,0.0,0.0,0.0,20.385087363874504,20.385087363874504,1.0,20.385087363874504,True,True
2024-01-25 13:00:00,29.78,29.93,29.61,29.87,165861.82,0.0001,52,16.360818066397812,0.0,trending,,742.1606608934728,1.9954669713720559,-0.3593851647322748,True,True,741.8939393620999,1.6366700015579032,,trending,-3.6391819336021882,0.3524,52.0,AVAXUSDT,2024-01-25 13:00:00,AVAXUSDT,29.87,8.929411830365405,REDUCE_LONG,0.581,0.2286,588.1216036437235,0.0,0.0,0.0,588.1216036437235,0.0,0.0,0.0,16.360818066397812,16.360818066397812,1.0,16.360818066397812,True,True
2024-01-25 14:00:00,29.88,30.23,29.75,30.13,101635.16,0.0001,52,8.068618630534178,0.0,trending,,752.4631139276107,1.627727269000601,-0.8208654059471832,True,True,751.845442988136,0.8075247321705035,,trending,-8.292199435863633,0.2238,53.0,AVAXUSDT,2024-01-25 14:00:00,AVAXUSDT,30.13,20.500197128259867,REDUCE_LONG,0.519,0.2952,588.1216036437235,0.0,0.0,0.0,588.1216036437235,0.0,0.0,0.0,8.068618630534178,8.068618630534178,1.0,8.068618630534178,True,True
2024-01-25 15:00:00,30.14,30.16,29.63,29.8,78131.84,0.0001,52,16.321970545415947,0.0,trending,,745.1957864765443,0.8058072044532649,0.8263898500883298,True,True,744.5799642422717,1.6327199278679332,,trending,8.253351914881769,0.1667,54.0,AVAXUSDT,2024-01-25 15:00:00,AVAXUSDT,29.8,20.665175646738472,LONG,0.5095,0.3429,588.1216036437235,0.0,0.0,0.0,588.1216036437235,0.0,0.0,0.0,16.321970545415947,16.321970545415947,1.0,16.321970545415947,True,True
2024-01-25 16:00:00,29.79,30.05,29.66,29.84,77059.78,0.0001,52,14.474092519025794,0.0,trending,,746.2117636322173,1.6313363099157372,-0.18392705801315778,False,,746.2117636322173,1.6313363099157372,,trending,-1.8478780263901537,0.2143,55.0,AVAXUSDT,2024-01-25 16:00:00,,,,,0.5667,0.3524,588.1216036437235,0.0,0.0,0.0,588.1216036437235,0.0,0.0,0.0,14.474092519025794,14.474092519025794,1.0,14.474092519025794,True,False
2024-01-25 17:00:00,29.83,30.18,29.73,30.06,79501.33,0.0001,52,6.503862631580487,0.0,trending,,755.1866602769187,1.6238332932079695,-0.9734470300499208,True,True,754.4515260653388,0.6510199966402813,,trending,-7.970229887445306,0.1714,56.0,AVAXUSDT,2024-01-25 17:00:00,AVAXUSDT,30.06,24.45556259414122,REDUCE_LONG,0.5524,0.381,588.1216036437235,0.0,0.0,0.0,588.1216036437235,0.0,0.0,0.0,6.503862631580487,6.503862631580487,1.0,6.503862631580487,True,True
2024-01-25 18:00:00,30.06,31.06,30.05,30.24,258901.82,0.0001,52,0.6770535305678543,0.0,trending,,757.392622053149,0.6523751507014933,-0.584669797644708,True,True,756.9497974620756,0.06774496148971101,,trending,-5.826809101012633,0.1048,57.0,AVAXUSDT,2024-01-25 18:00:00,AVAXUSDT,30.24,14.643670339729148,REDUCE_LONG,0.4952,0.3905,588.1216036437235,0.0,0.0,0.0,588.1216036437235,0.0,0.0,0.0,0.6770535305678543,0.6770535305678543,1.0,0.6770535305678543,True,True
2024-01-25 19:00:00,30.25,30.85,30.07,30.54,96187.81,0.0001,52,-7.474685018311216,0.0,trending,,757.4585230065072,0.06837108415862347,-0.815839585989745,True,True,756.8405583586932,-0.7480788141411381,,trending,-8.15173854887907,0.0524,58.0,AVAXUSDT,2024-01-25 19:00:00,AVAXUSDT,30.54,18.53884700035652,SHORT,0.4238,0.3714,588.1216036437235,0.0,0.0,0.0,588.1216036437235,0.0,0.0,0.0,-7.474685018311216,-7.474685018311216,1.0,-7.474685018311216,True,True
2024-01-25 20:00:00,30.54,30.59,30.27,30.59,84994.94,0.0001,52,-8.202332632041065,0.0,trending,,755.9136160086754,-0.7502224033683731,-0.07001085983573341,False,,755.9136160086754,-0.7502224033683731,,trending,-0.7276476137298493,0.1333,59.0,AVAXUSDT,2024-01-25 20:00:00,,,,,0.4381,0.3048,588.1216036437235,0.0,0.0,0.0,588.1216036437235,0.0,0.0,0.0,-8.202332632041065,-8.202332632041065,1.0,-8.202332632041065,True,False
2024-01-25 21:00:00,30.59,30.74,30.34,30.52,64332.77,0.0001,52,-5.594995432621829,0.0,trending,,757.2113352987003,-0.7472228479354251,0.18772330467324227,False,,757.2113352987003,-0.7472228479354251,,trending,2.607337199419236,0.2381,60.0,AVAXUSDT,2024-01-25 21:00:00,,,,,0.4571,0.219,588.1216036437235,0.0,0.0,0.0,588.1216036437235,0.0,0.0,0.0,-5.594995432621829,-5.594995432621829,1.0,-5.594995432621829,True,False
2024-01-25 22:00:00,30.52,30.55,30.29,30.49,43850.27,0.0001,52,-4.261403500076544,0.0,trending,,757.767500708711,-0.745940469223362,0.31980011921570756,True,True,757.5249239949329,-0.4262768098420952,,trending,1.3335919325452847,0.2238,61.0,AVAXUSDT,2024-01-25 22:00:00,AVAXUSDT,30.49,7.947987440617729,REDUCE_SHORT,0.4333,0.2095,588.1216036437235,0.0,0.0,0.0,588.1216036437235,0.0,0.0,0.0,-4.261403500076544,-4.261403500076544,1.0,-4.261403500076544,True,True
2024-01-25 23:00:00,30.49,30.59,30.32,30.51,42089.54,0.0001,52,-4.438386510864887,0.0,trending,,757.313106803738,-0.4266757332794594,-0.017162917807029276,False,,757.313106803738,-0.4266757332794594,,trending,-0.17698301078834255,0.281,62.0,AVAXUSDT,2024-01-25 23:00:00,,,,,0.481,0.2,588.1216036437235,0.0,0.0,0.0,588.1216036437235,0.0,0.0,0.0,-4.438386510864887,-4.438386510864887,1.0,-4.438386510864887,True,False
2024-01-26 00:00:00,30.51,30.52,30.22,30.38,55505.74,0.0001,49,-0.37325017657059845,0.0,trending,,758.6899185465043,-0.4240867125811723,0.38676169492411244,True,True,758.3961926217606,-0.03733947359108755,,trending,4.065136334294288,0.4381,63.0,AVAXUSDT,2024-01-26 00:00:00,AVAXUSDT,30.38,9.658729388376656,REDUCE_SHORT,0.5905,0.1524,588.1216036437235,0.0,0.0,0.0,588.1216036437235,0.0,0.0,0.0,-0.37325017657059845,-0.37325017657059845,1.0,-0.37325017657059845,True,True
2024-01-26 01:00:00,30.38,30.55,30.12,30.4,55043.83,0.0001,49,-0.8925679918983166,0.0,trending,,758.3775500183334,-0.0373649736977628,-0.05189182549206886,False,,758.3775500183334,-0.0373649736977628,,trending,-0.5193178153277181,0.4143,64.0,AVAXUSDT,2024-01-26 01:00:00,,,,,0.5571,0.1429,588.1216036437235,0.0,0.0,0.0,588.1216036437235,0.0,0.0,0.0,-0.8925679918983166,-0.8925679918983166,1.0,-0.8925679918983166,True,False
2024-01-26 02:00:00,30.4,30.89,30.36,30.88,111790.11,0.0001,49,-13.954887097389612,0.0,trending,,757.9301275360796,-0.03797735258952672,-1.3575113571494346,True,True,756.9012287800238,-1.397385676665352,,trending,-13.062319105491296,0.2095,65.0,AVAXUSDT,2024-01-26 02:00:00,AVAXUSDT,30.88,33.31926023497239,SHORT,0.4571,0.2476,588.1216036437235,0.0,0.0,0.0,588.1216036437235,0.0,0.0,0.0,-13.954887097389612,-13.954887097389612,1.0,-13.954887097389612,True,True
2024-01-26 03:00:00,30.87,30.94,30.68,30.74,42147.62,0.0001,49,-8.698504431829985,0.0,trending,,761.6964234369104,-1.3822931402774685,0.51244269709447,True,True,761.3057069508312,-0.8702968668804327,,trending,5.256382665559627,0.1429,66.0,AVAXUSDT,2024-01-26 03:00:00,AVAXUSDT,30.74,12.697650279545277,REDUCE_SHORT,0.4095,0.2667,588.1216036437235,0.0,0.0,0.0,588.1216036437235,0.0,0.0,0.0,-8.698504431829985,-8.698504431829985,1.0,-8.698504431829985,True,True
2024-01-26 04:00:00,30.73,30.87,30.63,30.67,22319.03,0.0001,49,-6.031372933353327,0.0,trending,,762.8144687597064,-0.8665976285996011,0.2634603352642684,True,True,762.6132962314944,-0.603296397110154,,trending,2.6671314984766576,0.0952,67.0,AVAXUSDT,2024-01-26 04:00:00,AVAXUSDT,30.67,6.552701522134561,REDUCE_SHORT,0.381,0.2857,588.1216036437235,0.0,0.0,0.0,588.1216036437235,0.0,0.0,0.0,-6.031372933353327,-6.031372933353327,1.0,-6.031372933353327,True,True
2024-01-26 05:00:00,30.67,30.74,30.58,30.65,21051.18,0.0001,49,-4.999516205343401,0.0,trending,,762.9133170035875,-0.6026658900627159,0.10271426952837581,False,,762.9133170035875,-0.6026658900627159,,trending,1.0318567280099264,0.2286,68.0,AVAXUSDT,2024-01-26 05:00:00,,,,,0.4286,0.2,588.1216036437235,0.0,0.0,0.0,588.1216036437235,0.0,0.0,0.0,-4.999516205343401,-4.999516205343401,1.0,-4.999516205343401,True,False
2024-01-26 06:00:00,30.65,30.94,30.64,30.74,104814.0,0.0001,49,-7.0858062963692205,0.0,trending,,761.5632235291687,-0.6055070839294842,-0.10307354570743787,False,,761.5632235291687,-0.6055070839294842,,trending,-2.0862900910258197,0.119,69.0,AVAXUSDT,2024-01-26 06:00:00,,,,,0.3857,0.2667,588.1216036437235,0.0,0.0,0.0,588.1216036437235,0.0,0.0,0.0,-7.0858062963692205,-7.0858062963692205,1.0,-7.0858062963692205,True,False
2024-01-26 07:00:00,30.74,30.78,30.46,30.61,76500.72,0.0001,49,-2.7618017155473744,0.0,trending,,763.5133585477738,-0.6014063625053763,0.3252261909506388,True,True,763.2647954433289,-0.2762701117710786,,trending,4.324004580821846,0.0905,70.0,AVAXUSDT,2024-01-26 07:00:00,AVAXUSDT,30.61,8.11220324535844,REDUCE_SHORT,0.3667,0.2762,588.1216036437235,0.0,0.0,0.0,588.1216036437235,0.0,0.0,0.0,-2.7618017155473744,-2.7618017155473744,1.0,-2.7618017155473744,True,True
2024-01-26 08:00:00,30.62,31.1,30.61,30.87,56269.81,0.0001,49,-10.208696033270776,0.0,trending,,761.4736982499119,-0.27927208520822944,-0.7415975181188482,True,True,760.9089912451769,-1.0216272395523722,,trending,-7.446894317723402,0.1952,71.0,AVAXUSDT,2024-01-26 08:00:00,AVAXUSDT,30.87,18.293067856654208,SHORT,0.4333,0.2381,588.1216036437235,0.0,0.0,0.0,588.1216036437235,0.0,0.0,0.0,-10.208696033270776,-10.208696033270776,1.0,-10.208696033270776,True,True
2024-01-26 09:00:00,30.88,31.4,30.87,30.99,100563.82,0.0001,49,-12.433211897684618,0.0,trending,,757.887162859263,-1.0296878201738582,-0.21363336959460355,True,True,757.7252528708888,-1.2435868614200507,,trending,-2.224515864413842,0.281,72.0,AVAXUSDT,2024-01-26 09:00:00,AVAXUSDT,30.99,5.224588201810856,SHORT,0.5,0.219,588.1216036437235,0.0,0.0,0.0,588.1216036437235,0.0,0.0,0.0,-12.433211897684618,-12.433211897684618,1.0,-12.433211897684618,True,True
2024-01-26 10:00:00,30.98,31.89,30.86,31.86,177388.03,0.0001,49,-20.0,0.0,mean_reversion,,731.2716053374364,-1.3247483007669316,-0.6752516992330684,True,True,730.7778129433316,-2.0013514159443786,,mean_reversion,-7.566788102315382,0.0857,1.0,AVAXUSDT,2024-01-26 10:00:00,AVAXUSDT,31.86,15.498819651757618,SHORT,0.4571,0.5429,588.1216036437235,0.0,0.0,0.0,588.1216036437235,0.0,0.0,0.0,-24.0,-24.0,1.0,-24.0,True,True
2024-01-26 11:00:00,31.87,32.35,31.86,32.26,296728.3,0.0001,49,-20.0,0.0,trending,,712.4156885155242,-2.078709605888206,0.07870960588820619,False,,712.4156885155242,-2.078709605888206,,trending,0.0,0.2333,1.0,AVAXUSDT,2024-01-26 11:00:00,,,,,0.6048,0.3714,588.1216036437235,0.0,0.0,0.0,588.1216036437235,0.0,0.0,0.0,-24.0,-24.0,1.0,-24.0,True,False
2024-01-26 12:00:00,32.28,32.4,31.56,31.65,279662.86,0.0001,49,-20.0,0.0,trending,,740.4179282679306,-1.9622743316724773,-0.037725668327522666,False,,740.4179282679306,-1.9622743316724773,,trending,0.0,0.2381,2.0,AVAXUSDT,2024-01-26 12:00:00,,,,,0.619,0.381,588.1216036437235,0.0,0.0,0.0,588.1216036437235,0.0,0.0,0.0,-20.167933500136744,-20.167933500136744,1.0,-20.167933500136744,True,False
2024-01-26 13:00:00,31.66,31.91,31.51,31.66,99921.48,0.0001,49,-18.602419100853403,0.0,trending,,739.9588751572353,-1.9641120571087702,0.10387014702343,False,,739.9588751572353,-1.9641120571087702,,trending,1.3975808991465968,0.5524,3.0,AVAXUSDT,2024-01-26 13:00:00,,,,,0.7238,0.1714,588.1216036437235,0.0,0.0,0.0,588.1216036437235,0.0,0.0,0.0,-18.602419100853403,-18.602419100853403,1.0,-18.602419100853403,True,False
2024-01-26 14:00:00,31.67,32.24,31.64,32.24,128122.23,0.0001,49,-20.0,0.0,trending,,713.3337947369143,-2.0747471096993606,0.0747471096993606,False,,713.3337947369143,-2.0747471096993606,,trending,-1.3975808991465968,0.3,4.0,AVAXUSDT,2024-01-26 14:00:00,,,,,0.6619,0.3619,588.1216036437235,0.0,0.0,0.0,588.1216036437235,0.0,0.0,0.0,-24.0,-24.0,1.0,-24.0,True,False
2024-01-26 15:00:00,32.25,32.3,31.94,32.15,133466.59,0.0001,49,-20.0,0.0,trending,,717.4652727331711,-2.0570413746477056,0.057041374647705645,False,,717.4652727331711,-2.0570413746477056,,trending,0.0,0.1571,5.0,AVAXUSDT,2024-01-26 15:00:00,,,,,0.6429,0.4857,588.1216036437235,0.0,0.0,0.0,588.1216036437235,0.0,0.0,0.0,-24.0,-24.0,1.0,-24.0,True,False
2024-01-26 16:00:00,32.15,33.11,32.11,32.9,220533.49,6.75e-05,49,0.0,0.0,unknown,,683.036289431032,-2.2111339581169793,2.2111339581169793,True,True,681.524492900314,0.0,,unknown,20.0,0.019,1.0,AVAXUSDT,2024-01-26 16:00:00,AVAXUSDT,32.9,-45.90531106951892,CLOSE,0.619,0.6381,588.1216036437235,0.0,0.0,0.0,588.1216036437235,0.0,0.0,0.0,,,,,True,True
2024-01-26 17:00:00,32.9,32.93,32.59,32.76,117758.09,6.75e-05,49,0.0,0.0,unknown,,681.524492900314,0.0,0.0,,,681.524492900314,0.0,,unknown,0.0,0.0,2.0,,,,,,,0.6381,0.6381,588.1216036437235,0.0,0.0,0.0,588.1216036437235,0.0,0.0,0.0,,,,,,
2024-01-26 18:00:00,32.76,33.04,32.61,32.88,159490.19,6.75e-05,49,-20.0,0.0,trending,,681.524492900314,0.0,-2.0,True,True,680.1614439145135,-2.004008016032064,,trending,-20.0,0.3619,1.0,AVAXUSDT,2024-01-26 18:00:00,AVAXUSDT,32.88,41.45526112532323,SHORT,0.7714,0.4095,588.1216036437235,0.0,0.0,0.0,588.1216036437235,0.0,0.0,0.0,-24.0,-24.0,1.0,-24.0,True,True
2024-01-26 19:00:00,32.89,32.9,32.48,32.71,117425.7,6.75e-05,49,-20.0,0.0,trending,,687.2088383058185,-1.9732016176513165,-0.02679838234868348,False,,687.2088383058185,-1.9732016176513165,,trending,0.0,0.2476,2.0,AVAXUSDT,2024-01-26 19:00:00,,,,,0.7048,0.4571,588.1216036437235,0.0,0.0,0.0,588.1216036437235,0.0,0.0,0.0,-24.0,-24.0,1.0,-24.0,True,False
2024-01-26 20:00:00,32.7,32.96,32.32,32.32,104010.84,6.75e-05,49,-14.143090296850026,0.0,trending,,703.3763901446946,-1.9048606952741531,0.4905516655891504,True,True,703.0310022971255,-1.415003857011201,,trending,5.856909703149974,0.0905,3.0,AVAXUSDT,2024-01-26 20:00:00,AVAXUSDT,32.32,10.675818679503836,REDUCE_SHORT,0.6143,0.5238,588.1216036437235,0.0,0.0,0.0,588.1216036437235,0.0,0.0,0.0,-14.143090296850026,-14.143090296850026,1.0,-14.143090296850026,True,True
2024-01-26 21:00:00,32.33,32.4,32.16,32.27,101361.98,6.75e-05,49,-11.794858276865327,0.0,trending,,704.5699744194163,-1.4097288328885398,0.23024300520200702,True,True,704.4075897264379,-1.1797577305546942,,trending,2.3482320199846995,0.1762,4.0,AVAXUSDT,2024-01-26 21:00:00,AVAXUSDT,32.27,5.027031555172842,REDUCE_SHORT,0.6238,0.4476,588.1216036437235,0.0,0.0,0.0,588.1216036437235,0.0,0.0,0.0,-11.794858276865327,-11.794858276865327,1.0,-11.794858276865327,True,True
2024-01-26 22:00:00,32.27,32.34,32.13,32.26,41507.17,6.75e-05,49,0.0,0.0,unknown,,704.6651138353445,-1.1789611249669163,1.1789611249669163,True,True,703.8335094556326,0.0,,unknown,11.794858276865327,0.0143,1.0,AVAXUSDT,2024-01-26 22:00:00,AVAXUSDT,32.26,-25.75241089064656,CLOSE,0.5476,0.5619,588.1216036437235,0.0,0.0,0.0,588.1216036437235,0.0,0.0,0.0,,,,,True,True
2024-01-26 23:00:00,32.26,32.35,32.17,32.26,32557.86,6.75e-05,49,-9.837323247240242,0.0,trending,,703.8335094556326,0.0,-0.9837323247240242,True,True,703.1411256811571,-0.9847010069347342,,trending,-9.837323247240242,0.1714,1.0,AVAXUSDT,2024-01-26 23:00:00,AVAXUSDT,32.26,21.462609252184063,SHORT,0.6,0.4286,588.1216036437235,0.0,0.0,0.0,588.1216036437235,0.0,0.0,0.0,-9.837323247240242,-9.837323247240242,1.0,-9.837323247240242,True,True
2024-01-27 00:00:00,32.26,32.49,32.14,32.47,45662.3,0.0001,55,-14.226010758417601,0.0,trending,,698.6339777381984,-0.9975050521799341,-0.4250960236618261,True,True,698.3369912122669,-1.4232060750851303,,trending,-4.388687511177359,0.4238,2.0,AVAXUSDT,2024-01-27 00:00:00,AVAXUSDT,32.47,9.146489865462053,SHORT,0.6905,0.2667,588.1216036437235,0.0,0.0,0.0,588.1216036437235,0.0,0.0,0.0,-14.226010758417601,-14.226010758417601,1.0,-14.226010758417601,True,True
2024-01-27 01:00:00,32.47,32.64,32.34,32.61,71637.0,0.0001,55,-16.24769075550292,0.0,trending,,694.0517173357964,-1.4381676426909673,-0.18660143285932462,False,,694.0517173357964,-1.4381676426909673,,trending,-2.021679997085318,0.6952,3.0,AVAXUSDT,2024-01-27 01:00:00,,,,,0.8,0.1048,588.1216036437235,0.0,0.0,0.0,588.1216036437235,0.0,0.0,0.0,-16.24769075550292,-16.24769075550292,1.0,-16.24769075550292,True,False
2024-01-27 02:00:00,32.61,32.83,32.57,32.59,27111.91,0.0001,55,-14.250940070896629,0.0,trending,,694.6638993181492,-1.4360189743892517,0.010924967299588806,False,,694.6638993181492,-1.4360189743892517,,trending,1.9967506846062903,0.6238,4.0,AVAXUSDT,2024-01-27 02:00:00,,,,,0.7571,0.1333,588.1216036437235,0.0,0.0,0.0,588.1216036437235,0.0,0.0,0.0,-14.250940070896629,-14.250940070896629,1.0,-14.250940070896629,True,False
2024-01-27 03:00:00,32.59,32.77,32.58,32.71,24223.49,0.0001,55,-16.187101553140934,0.0,trending,,690.9908074240318,-1.4489680924565411,-0.16974206285755233,False,,690.9908074240318,-1.4489680924565411,,trending,-1.9361614822443052,0.5762,5.0,AVAXUSDT,2024-01-27 03:00:00,,,,,0.7571,0.181,588.1216036437235,0.0,0.0,0.0,588.1216036437235,0.0,0.0,0.0,-16.187101553140934,-16.187101553140934,1.0,-16.187101553140934,True,False
2024-01-27 04:00:00,32.7,32.89,32.63,32.82,45636.19,0.0001,55,-17.942952610342427,0.0,trending,,687.6238065210907,-1.4609596461234984,-0.33333561491074426,True,True,687.3945970167167,-1.794893562983759,,trending,-1.7558510572014931,0.619,6.0,AVAXUSDT,2024-01-27 04:00:00,AVAXUSDT,32.82,6.983836208835296,SHORT,0.7905,0.1714,588.1216036437235,0.0,0.0,0.0,588.1216036437235,0.0,0.0,0.0,-17.942952610342427,-17.942952610342427,1.0,-17.942952610342427,True,True
2024-01-27 05:00:00,32.82,32.87,32.3,32.37,93364.56,0.0001,55,0.0,0.0,unknown,,704.3114179136335,-1.727763153581906,1.727763153581906,True,True,703.0933164956973,0.0,,unknown,17.942952610342427,0.0095,1.0,AVAXUSDT,2024-01-27 05:00:00,AVAXUSDT,32.37,-37.59293532648141,CLOSE,0.5524,0.5429,588.1216036437235,0.0,0.0,0.0,588.1216036437235,0.0,0.0,0.0,,,,,True,True
2024-01-27 06:00:00,32.36,32.51,32.19,32.22,50138.52,0.0001,55,0.1430537931099709,0.0,trending,,703.0933164956973,0.0,0.014305379310997091,False,,703.0933164956973,0.0,,trending,0.1430537931099709,0.3476,1.0,AVAXUSDT,2024-01-27 06:00:00,,,,,0.6429,0.2952,588.1216036437235,0.0,0.0,0.0,588.1216036437235,0.0,0.0,0.0,0.1430537931099709,0.1430537931099709,1.0,0.1430537931099709,True,False
2024-01-27 07:00:00,32.22,32.32,32.0,32.09,54357.65,0.0001,55,3.943169859097122,0.0,trending,,703.0933164956973,0.0,0.3943169859097122,True,True,702.8160748583234,0.3940780605968702,,trending,3.800116065987151,0.581,2.0,AVAXUSDT,2024-01-27 07:00:00,AVAXUSDT,32.09,8.639502566963124,LONG,0.7143,0.1333,588.1216036437235,0.0,0.0,0.0,588.1216036437235,0.0,0.0,0.0,3.943169859097122,3.943169859097122,1.0,3.943169859097122,True,True
2024-01-27 08:00:00,32.08,32.13,31.85,31.93,44037.47,0.0001,55,8.861117155811453,0.0,trending,,701.43513676802,0.39288516243421506,0.49322655314693026,True,True,701.0891703332559,0.8860555151356255,,trending,4.917947296714331,0.6429,3.0,AVAXUSDT,2024-01-27 08:00:00,AVAXUSDT,31.93,10.83515298353386,LONG,0.7286,0.0857,588.1216036437235,0.0,0.0,0.0,588.1216036437235,0.0,0.0,0.0,8.861117155811453,8.861117155811453,1.0,8.861117155811453,True,True
2024-01-27 09:00:00,31.92,32.25,31.88,32.16,45135.56,0.0001,55,0.7853232979352109,0.0,trending,,705.5638619390935,0.8867781519619404,-0.8082458221684193,True,True,704.9935928954083,0.07859585456461261,,trending,-8.075793857876242,0.6333,4.0,AVAXUSDT,2024-01-27 09:00:00,AVAXUSDT,32.16,17.732246383249,REDUCE_LONG,0.719,0.0857,588.1216036437235,0.0,0.0,0.0,588.1216036437235,0.0,0.0,0.0,0.7853232979352109,0.7853232979352109,1.0,0.7853232979352109,True,True
2024-01-27 10:00:00,32.17,32.46,32.11,32.28,51246.27,0.0001,55,-3.1832106926204107,0.0,trending,,705.200345036812,0.07886599379739627,-0.39718706305943735,True,True,704.9202485828982,-0.3184475525101611,,trending,-3.9685339905556214,0.5952,5.0,AVAXUSDT,2024-01-27 10:00:00,AVAXUSDT,32.28,6.954155138664135,SHORT,0.681,0.0857,588.1216036437235,0.0,0.0,0.0,588.1216036437235,0.0,0.0,0.0,-3.1832106926204107,-3.1832106926204107,1.0,-3.1832106926204107,True,True
2024-01-27 11:00:00,32.28,32.36,32.22,32.32,25010.73,0.0001,55,-4.314413769841171,0.0,trending,,704.6420823773517,-0.31896802604142754,-0.11247335094268957,False,,704.6420823773517,-0.31896802604142754,,trending,-1.1312030772207606,0.581,6.0,AVAXUSDT,2024-01-27 11:00:00,,,,,0.619,0.0381,588.1216036437235,0.0,0.0,0.0,588.1216036437235,0.0,0.0,0.0,-4.314413769841171,-4.314413769841171,1.0,-4.314413769841171,True,False
2024-01-27 12:00:00,32.32,32.52,32.25,32.42,42989.72,0.0001,55,-8.092422770088998,0.0,trending,,703.9466668634852,-0.3202710094502273,-0.48897126755867254,True,True,703.6024571694952,-0.8096381668095887,,trending,-3.7780090002478266,0.6905,7.0,AVAXUSDT,2024-01-27 12:00:00,AVAXUSDT,32.42,10.617202158850738,SHORT,0.6905,0.0,588.1216036437235,0.0,0.0,0.0,588.1216036437235,0.0,0.0,0.0,-8.092422770088998,-8.092422770088998,1.0,-8.092422770088998,True,True
2024-01-27 13:00:00,32.42,32.56,32.35,32.38,32148.58,0.0001,55,-5.943115122834052,0.0,trending,,704.3053114613958,-0.8078322568844027,0.21352074460099757,True,True,704.1547771325373,-0.5944385643002911,,trending,2.149307647254946,0.6238,8.0,AVAXUSDT,2024-01-27 13:00:00,AVAXUSDT,32.38,4.644342017593414,REDUCE_SHORT,0.6714,0.0476,588.1216036437235,0.0,0.0,0.0,588.1216036437235,0.0,0.0,0.0,-5.943115122834052,-5.943115122834052,1.0,-5.943115122834052,True,True
2024-01-27 14:00:00,32.38,32.68,32.29,32.54,56556.82,0.0001,55,-11.568214025510603,0.0,mean_reversion,,702.0864546877499,-0.5991357252373206,-0.5576856773137397,True,True,701.6949111277346,-1.1574669052660918,,mean_reversion,-5.625098902676551,0.6429,1.0,AVAXUSDT,2024-01-27 14:00:00,AVAXUSDT,32.54,12.032684696230488,SHORT,0.2143,0.8571,588.1216036437235,0.0,0.0,0.0,588.1216036437235,0.0,0.0,0.0,-11.568214025510603,-11.568214025510603,1.0,-11.568214025510603,True,True
2024-01-27 15:00:00,32.54,32.79,32.49,32.65,41891.89,0.0001,55,-14.986098869706037,0.0,mean_reversion,,698.9493441303579,-1.1659417253410733,-0.3326681616295304,True,True,698.7168259369739,-1.4991085926702101,,mean_reversion,-3.4178848441954344,0.7381,2.0,AVAXUSDT,2024-01-27 15:00:00,AVAXUSDT,32.65,7.121537316508795,SHORT,0.1857,0.9238,588.1216036437235,0.0,0.0,0.0,588.1216036437235,0.0,0.0,0.0,-14.986098869706037,-14.986098869706037,1.0,-14.986098869706037,True,True
2024-01-27 16:00:00,32.66,32.84,32.32,32.36,80321.16,8.808e-05,55,-2.2253203779046387,0.0,mean_reversion,,708.0203847518455,-1.466269702325538,1.2437376645350742,True,True,707.1389116589781,-0.2228094316665172,,mean_reversion,12.760778491801398,0.7429,3.0,AVAXUSDT,2024-01-27 16:00:00,AVAXUSDT,32.36,27.212349189569995,REDUCE_SHORT,0.2095,0.9524,588.1216036437235,0.0,0.0,0.0,588.1216036437235,0.0,0.0,0.0,-2.2253203779046387,-2.2253203779046387,1.0,-2.2253203779046387,True,True
2024-01-27 17:00:00,32.36,32.48,32.31,32.38,34408.92,8.808e-05,55,-2.8466625692855514,0.0,mean_reversion,,707.0415338969163,-0.22297784390282177,-0.06168841302573336,False,,707.0415338969163,-0.22297784390282177,,mean_reversion,-0.6213421913809127,0.7857,4.0,AVAXUSDT,2024-01-27 17:00:00,,,,,0.1762,0.9619,588.1216036437235,0.0,0.0,0.0,588.1216036437235,0.0,0.0,0.0,-2.8466625692855514,-2.8466625692855514,1.0,-2.8466625692855514,True,False
2024-01-27 18:00:00,32.37,32.74,32.32,32.62,41153.61,8.808e-05,55,-11.872779715166448,0.0,mean_reversion,,705.8730007521746,-0.2250024150995702,-0.9622755564170746,True,True,705.193756417616,-1.1884215605350668,,mean_reversion,-9.026117145880896,0.819,5.0,AVAXUSDT,2024-01-27 18:00:00,AVAXUSDT,32.62,20.822940973592548,SHORT,0.1333,0.9524,588.1216036437235,0.0,0.0,0.0,588.1216036437235,0.0,0.0,0.0,-11.872779715166448,-11.872779715166448,1.0,-11.872779715166448,True,True
2024-01-27 19:00:00,32.62,32.87,32.61,32.74,52114.15,8.808e-05,55,-15.236921657318515,0.0,mean_reversion,,702.1107369284139,-1.1980310793286921,-0.3256610864031593,True,True,701.8820867830505,-1.524188534625921,,mean_reversion,-3.3641419421520666,0.7571,6.0,AVAXUSDT,2024-01-27 19:00:00,AVAXUSDT,32.74,6.983816290880575,SHORT,0.1286,0.8857,588.1216036437235,0.0,0.0,0.0,588.1216036437235,0.0,0.0,0.0,-15.236921657318515,-15.236921657318515,1.0,-15.236921657318515,True,True
2024-01-27 20:00:00,32.74,32.92,32.7,32.86,43869.1,8.808e-05,55,-18.809402788621366,0.0,mean_reversion,,697.9610093389429,-1.5383691816754903,-0.34257109718664625,True,True,697.72190807018,-1.8815848554505183,,mean_reversion,-3.572481131302851,0.7857,7.0,AVAXUSDT,2024-01-27 20:00:00,AVAXUSDT,32.86,7.276362409091317,SHORT,0.1476,0.9333,588.1216036437235,0.0,0.0,0.0,588.1216036437235,0.0,0.0,0.0,-18.809402788621366,-18.809402788621366,1.0,-18.809402788621366,True,True
2024-01-27 21:00:00,32.86,32.99,32.73,32.98,40635.34,8.808e-05,55,-20.0,0.0,mean_reversion,,692.9276671369817,-1.901522018767385,-0.09847798123261509,False,,692.9276671369817,-1.901522018767385,,mean_reversion,-1.190597211378634,0.6714,8.0,AVAXUSDT,2024-01-27 21:00:00,,,,,0.2619,0.9333,588.1216036437235,0.0,0.0,0.0,588.1216036437235,0.0,0.0,0.0,-21.891896584560875,-21.891896584560875,1.0,-21.891896584560875,True,False
2024-01-27 22:00:00,32.98,33.24,32.84,33.04,68514.64,8.808e-05,55,-20.0,0.0,mean_reversion,,690.5305466703821,-1.9115944157801075,-0.08840558421989253,False,,690.5305466703821,-1.9115944157801075,,mean_reversion,0.0,0.6619,9.0,AVAXUSDT,2024-01-27 22:00:00,,,,,0.2905,0.9524,588.1216036437235,0.0,0.0,0.0,588.1216036437235,0.0,0.0,0.0,-21.688500171614127,-21.688500171614127,1.0,-21.688500171614127,True,False
2024-01-27 23:00:00,33.04,33.32,32.88,33.28,82773.15,8.808e-05,55,-20.0,0.0,mean_reversion,,680.9420648039847,-1.9525931610493512,-0.04740683895064879,False,,680.9420648039847,-1.9525931610493512,,mean_reversion,0.0,0.619,10.0,AVAXUSDT,2024-01-27 23:00:00,,,,,0.3333,0.9524,588.1216036437235,0.0,0.0,0.0,588.1216036437235,0.0,0.0,0.0,-24.0,-24.0,1.0,-24.0,True,False
2024-01-28 00:00:00,33.29,33.79,33.19,33.59,144184.4,6.922e-05,54,-20.0,0.0,mean_reversion,,668.5569423932216,-2.007290413310132,0.007290413310132138,False,,668.5569423932216,-2.007290413310132,,mean_reversion,0.0,0.5905,11.0,AVAXUSDT,2024-01-28 00:00:00,,,,,0.3619,0.9524,588.1216036437235,0.0,0.0,0.0,588.1216036437235,0.0,0.0,0.0,-24.0,-24.0,1.0,-24.0,True,False
2024-01-28 01:00:00,33.59,34.54,33.58,34.14,198483.87,6.922e-05,54,-20.0,0.0,mean_reversion,,646.5833381160614,-2.109490710770802,0.10949071077080186,False,,646.5833381160614,-2.109490710770802,,mean_reversion,0.0,0.5714,12.0,AVAXUSDT,2024-01-28 01:00:00,,,,,0.381,0.9524,588.1216036437235,0.0,0.0,0.0,588.1216036437235,0.0,0.0,0.0,-24.0,-24.0,1.0,-24.0,True,False
2024-01-28 02:00:00,34.15,34.24,33.87,34.13,107008.33,6.922e-05,54,-20.0,0.0,mean_reversion,,646.982858193828,-2.107570561025182,0.10757056102518181,False,,646.982858193828,-2.107570561025182,,mean_reversion,0.0,0.4429,13.0,AVAXUSDT,2024-01-28 02:00:00,,,,,0.4429,0.8857,588.1216036437235,0.0,0.0,0.0,588.1216036437235,0.0,0.0,0.0,-24.0,-24.0,1.0,-24.0,True,False
2024-01-28 03:00:00,34.14,36.11,34.13,35.87,547595.72,6.922e-05,54,-20.0,0.0,mean_reversion,,577.4663646624481,-2.4816657846146803,0.48166578461468035,True,True,577.1879404486103,-2.0009647610226278,,mean_reversion,0.0,0.5095,14.0,AVAXUSDT,2024-01-28 03:00:00,AVAXUSDT,35.87,7.754273477104132,REDUCE_SHORT,0.481,0.9905,588.1216036437235,0.0,0.0,0.0,588.1216036437235,0.0,0.0,0.0,-24.0,-24.0,1.0,-24.0,True,True
2024-01-28 04:00:00,35.88,35.91,35.33,35.68,154674.0,6.922e-05,54,-20.0,0.0,mean_reversion,,583.3055099655251,-1.9694913560406446,-0.030508643959355375,False,,583.3055099655251,-1.9694913560406446,,mean_reversion,0.0,0.4476,15.0,AVAXUSDT,2024-01-28 04:00:00,,,,,0.5048,0.9524,588.1216036437235,0.0,0.0,0.0,588.1216036437235,0.0,0.0,0.0,-24.0,-24.0,1.0,-24.0,True,False
2024-01-28 05:00:00,35.68,36.0,35.55,35.88,347356.18,6.922e-05,54,-20.0,0.0,mean_reversion,,576.8659631056146,-2.00263974745271,0.002639747452709784,False,,576.8659631056146,-2.00263974745271,,mean_reversion,0.0,0.2857,16.0,AVAXUSDT,2024-01-28 05:00:00,,,,,0.5714,0.8571,588.1216036437235,0.0,0.0,0.0,588.1216036437235,0.0,0.0,0.0,-24.0,-24.0,1.0,-24.0,True,False
2024-01-28 06:00:00,35.88,36.39,35.64,35.8,239205.84,6.922e-05,54,-20.0,0.0,mean_reversion,,579.441781849579,-1.9892919772622801,-0.010708022737719869,False,,579.441781849579,-1.9892919772622801,,mean_reversion,0.0,0.2714,17.0,AVAXUSDT,2024-01-28 06:00:00,,,,,0.5762,0.8476,588.1216036437235,0.0,0.0,0.0,588.1216036437235,0.0,0.0,0.0,-24.0,-24.0,1.0,-24.0,True,False
2024-01-28 07:00:00,35.8,36.3,35.6,35.68,366829.97,6.922e-05,54,-20.0,0.0,mean_reversion,,583.3055099655251,-1.9694913560406446,-0.030508643959355375,False,,583.3055099655251,-1.9694913560406446,,mean_reversion,0.0,0.2571,18.0,AVAXUSDT,2024-01-28 07:00:00,,,,,0.581,0.8381,588.1216036437235,0.0,0.0,0.0,588.1216036437235,0.0,0.0,0.0,-24.0,-24.0,1.0,-24.0,True,False
2024-01-28 08:00:00,35.69,36.72,35.6,36.33,280031.86,2.096e-05,54,-20.0,0.0,mean_reversion,,562.3769826708169,-2.0799992232032554,0.07999922320325537,False,,562.3769826708169,-2.0799992232032554,,mean_reversion,0.0,0.2857,19.0,AVAXUSDT,2024-01-28 08:00:00,,,,,0.5714,0.8571,588.1216036437235,0.0,0.0,0.0,588.1216036437235,0.0,0.0,0.0,-24.0,-24.0,1.0,-24.0,True,False
2024-01-28 09:00:00,36.33,36.55,36.19,36.19,120811.06,2.096e-05,54,-20.0,0.0,mean_reversion,,566.884665472754,-2.0555080694042114,0.05550806940421138,False,,566.884665472754,-2.0555080694042114,,mean_reversion,0.0,0.2714,20.0,AVAXUSDT,2024-01-28 09:00:00,,,,,0.5762,0.8476,588.1216036437235,0.0,0.0,0.0,588.1216036437235,0.0,0.0,0.0,-24.0,-24.0,1.0,-24.0,True,False
2024-01-28 10:00:00,36.2,36.55,36.15,36.44,124482.3,2.096e-05,54,-20.0,0.0,mean_reversion,,558.8352318978662,-2.0995194484983233,0.09951944849832328,False,,558.8352318978662,-2.0995194484983233,,mean_reversion,0.0,0.2571,21.0,AVAXUSDT,2024-01-28 10:00:00,,,,,0.581,0.8381,588.1216036437235,0.0,0.0,0.0,588.1216036437235,0.0,0.0,0.0,-24.0,-24.0,1.0,-24.0,True,False
2024-01-28 11:00:00,36.44,36.68,35.88,36.17,165581.68,2.096e-05,54,-20.0,0.0,mean_reversion,,567.5286201587448,-2.052041092287136,0.05204109228713616,False,,567.5286201587448,-2.052041092287136,,mean_reversion,0.0,0.3095,22.0,AVAXUSDT,2024-01-28 11:00:00,,,,,0.5571,0.8667,588.1216036437235,0.0,0.0,0.0,588.1216036437235,0.0,0.0,0.0,-24.0,-24.0,1.0,-24.0,True,False
2024-01-28 12:00:00,36.17,36.23,35.65,35.87,217248.79,2.096e-05,54,-20.0,0.0,mean_reversion,,577.1879404486103,-2.0009647610226278,0.0009647610226277692,False,,577.1879404486103,-2.0009647610226278,,mean_reversion,0.0,0.3333,23.0,AVAXUSDT,2024-01-28 12:00:00,,,,,0.5429,0.8762,588.1216036437235,0.0,0.0,0.0,588.1216036437235,0.0,0.0,0.0,-21.88192938170623,-21.88192938170623,1.0,-21.88192938170623,True,False
2024-01-28 13:00:00,35.88,35.96,35.45,35.82,158131.34,2.096e-05,54,-18.25231189115838,0.0,mean_reversion,,578.7978271635877,-1.9926177820359219,0.16738659292008373,False,,578.7978271635877,-1.9926177820359219,,mean_reversion,1.7476881088416185,0.3381,24.0,AVAXUSDT,2024-01-28 13:00:00,,,,,0.5381,0.8762,588.1216036437235,0.0,0.0,0.0,588.1216036437235,0.0,0.0,0.0,-18.25231189115838,-18.25231189115838,1.0,-18.25231189115838,True,False
2024-01-28 14:00:00,35.83,36.34,35.51,35.52,172358.09,2.096e-05,54,-10.217123690465108,0.0,mean_reversion,,588.457147453453,-1.9434949975019509,0.92178262845544,True,True,587.9141749047914,-1.0226559791731251,,mean_reversion,8.035188200693273,0.3524,25.0,AVAXUSDT,2024-01-28 14:00:00,AVAXUSDT,35.52,15.271102931110201,REDUCE_SHORT,0.5238,0.8762,588.1216036437235,0.0,0.0,0.0,588.1216036437235,0.0,0.0,0.0,-10.217123690465108,-10.217123690465108,1.0,-10.217123690465108,True,True
2024-01-28 15:00:00,35.52,35.87,35.32,35.63,170054.49,2.096e-05,54,-11.099344530272386,0.0,mean_reversion,,586.0522454542629,-1.0290821003340307,-0.0808523526932079,False,,586.0522454542629,-1.0290821003340307,,mean_reversion,-0.8822208398072782,0.3,26.0,AVAXUSDT,2024-01-28 15:00:00,,,,,0.5381,0.8381,588.1216036437235,0.0,0.0,0.0,588.1216036437235,0.0,0.0,0.0,-11.099344530272386,-11.099344530272386,1.0,-11.099344530272386,True,False
2024-01-28 16:00:00,35.63,36.0,35.58,35.86,81674.18,0.0001,54,-14.13748696881255,0.0,mean_reversion,,582.1591202395215,-1.042651364153759,-0.371097332727496,True,True,581.9430825427777,-1.4142735300159905,,mean_reversion,-3.038142438540163,0.3,27.0,AVAXUSDT,2024-01-28 16:00:00,AVAXUSDT,35.86,6.024475648183828,SHORT,0.5381,0.8381,588.1216036437235,0.0,0.0,0.0,588.1216036437235,0.0,0.0,0.0,-14.13748696881255,-14.13748696881255,1.0,-14.13748696881255,True,True
2024-01-28 17:00:00,35.87,35.87,35.11,35.25,127333.85,0.0001,54,-1.4658285936404412,0.0,mean_reversion,,595.9432578229187,-1.3575562970399744,1.2109734376759302,True,True,595.2208639734836,-0.14676076064816643,,mean_reversion,12.671658375172107,0.3286,28.0,AVAXUSDT,2024-01-28 17:00:00,AVAXUSDT,35.25,20.472949094627317,REDUCE_SHORT,0.519,0.8476,588.1216036437235,0.0,0.0,0.0,588.1216036437235,0.0,0.0,0.0,-1.4658285936404412,-1.4658285936404412,1.0,-1.4658285936404412,True,True
2024-01-28 18:00:00,35.25,35.38,34.9,34.96,165112.11,0.0001,54,3.811189971962401,0.0,mean_reversion,,595.9395297708628,-0.14537783889976133,0.5264968360960014,True,True,595.6256827708098,0.3809384965476742,,mean_reversion,5.277018565602842,0.3238,29.0,AVAXUSDT,2024-01-28 18:00:00,AVAXUSDT,34.96,6.4966783745958265,LONG,0.5048,0.8286,588.1216036437235,0.0,0.0,0.0,588.1216036437235,0.0,0.0,0.0,3.811189971962401,3.811189971962401,1.0,3.811189971962401,True,True
2024-01-28 19:00:00,34.96,35.17,34.43,34.64,177636.35,0.0001,54,8.912486592037581,0.0,mean_reversion,,593.548824628019,0.3787723682175591,0.512476290986199,True,True,593.2446449278544,0.8911928981437658,,mean_reversion,5.10129662007518,0.381,30.0,AVAXUSDT,2024-01-28 19:00:00,AVAXUSDT,34.64,8.781169173342525,LONG,0.4571,0.8381,588.1216036437235,0.0,0.0,0.0,588.1216036437235,0.0,0.0,0.0,8.912486592037581,8.912486592037581,1.0,8.912486592037581,True,True
2024-01-28 20:00:00,34.63,35.12,34.37,35.03,151077.91,0.0001,54,1.2996762245389317,0.0,mean_reversion,,599.1970471110067,0.8922737840288919,-0.7623061615749988,True,True,598.7402755099964,0.1300667731564864,,mean_reversion,-7.61281036749865,0.2619,31.0,AVAXUSDT,2024-01-28 20:00:00,AVAXUSDT,35.03,13.039440508428925,REDUCE_LONG,0.4714,0.7333,588.1216036437235,0.0,0.0,0.0,588.1216036437235,0.0,0.0,0.0,1.2996762245389317,1.2996762245389317,1.0,1.2996762245389317,True,True
2024-01-28 21:00:00,35.03,35.13,34.87,34.97,74229.91,0.0001,54,2.318490412820369,0.0,mean_reversion,,598.6068877584788,0.12987292567582392,0.101976115606213,False,,598.6068877584788,0.12987292567582392,,mean_reversion,1.0188141882814374,0.2619,32.0,AVAXUSDT,2024-01-28 21:00:00,,,,,0.4524,0.7143,588.1216036437235,0.0,0.0,0.0,588.1216036437235,0.0,0.0,0.0,2.318490412820369,2.318490412820369,1.0,2.318490412820369,True,False
2024-01-28 22:00:00,34.96,34.99,34.43,34.56,72910.83,0.0001,54,9.352621080995403,0.0,mean_reversion,,597.6954047897746,0.1285459855613456,0.8067161225381947,True,True,597.2132342703637,0.9352098408335588,,mean_reversion,7.034130668175035,0.2667,33.0,AVAXUSDT,2024-01-28 22:00:00,AVAXUSDT,34.56,13.951693269991424,LONG,0.4286,0.6952,588.1216036437235,0.0,0.0,0.0,588.1216036437235,0.0,0.0,0.0,9.352621080995403,9.352621080995403,1.0,9.352621080995403,True,True
2024-01-28 23:00:00,34.56,34.93,34.39,34.82,76483.94,0.0001,54,4.298383775149977,0.0,mean_reversion,,601.4150606702212,0.9356625015982113,-0.5058241240832135,True,True,601.1108504239472,0.4300559101690659,,mean_reversion,-5.054237305845426,0.2571,34.0,AVAXUSDT,2024-01-28 23:00:00,AVAXUSDT,34.82,8.736652678746909,REDUCE_LONG,0.4286,0.6857,588.1216036437235,0.0,0.0,0.0,588.1216036437235,0.0,0.0,0.0,4.298383775149977,4.298383775149977,1.0,4.298383775149977,True,True
2024-01-29 00:00:00,34.83,35.16,34.55,34.73,94168.97,0.0001,55,5.663674147401815,0.0,mean_reversion,,600.442670795853,0.42942166971864454,0.13694574502153695,False,,600.442670795853,0.42942166971864454,,mean_reversion,1.3652903722518372,0.2571,35.0,AVAXUSDT,2024-01-29 00:00:00,,,,,0.4095,0.6667,588.1216036437235,0.0,0.0,0.0,588.1216036437235,0.0,0.0,0.0,5.663674147401815,5.663674147401815,1.0,5.663674147401815,True,False
2024-01-29 01:00:00,34.73,35.65,34.72,35.12,161329.27,0.0001,55,-2.5085210838803533,0.0,mean_reversion,,603.338115850928,0.43215989918159853,-0.6830120075696339,True,True,602.9260286731775,-0.2510235604940356,,mean_reversion,-8.172195231282167,0.3667,36.0,AVAXUSDT,2024-01-29 01:00:00,AVAXUSDT,35.12,4.309471481550969,SHORT,0.3667,0.7333,588.1216036437235,0.0,0.0,0.0,588.1216036437235,0.0,0.0,0.0,-2.5085210838803533,-2.5085210838803533,1.0,-2.5085210838803533,True,True
2024-01-29 02:00:00,35.12,35.55,34.99,35.27,90334.99,0.0001,55,-5.208755801918679,0.0,mean_reversion,,602.2796079509449,-0.2523662716581342,-0.26850930853373367,True,True,602.1178902698698,-0.52101547769752,,mean_reversion,-2.7002347180383257,0.419,37.0,AVAXUSDT,2024-01-29 02:00:00,AVAXUSDT,35.27,4.585134138782999,SHORT,0.3333,0.7524,588.1216036437235,0.0,0.0,0.0,588.1216036437235,0.0,0.0,0.0,-5.208755801918679,-5.208755801918679,1.0,-5.208755801918679,True,True
2024-01-29 03:00:00,35.26,35.77,35.17,35.4,84261.22,0.0001,55,-7.288440111536926,0.0,mean_reversion,,600.9615915392264,-0.5239420345539173,-0.20490197659977527,True,True,600.8384533212595,-0.7289933833388669,,mean_reversion,-2.079684309618247,0.3524,38.0,AVAXUSDT,2024-01-29 03:00:00,AVAXUSDT,35.4,3.478480733529217,SHORT,0.3333,0.6857,588.1216036437235,0.0,0.0,0.0,588.1216036437235,0.0,0.0,0.0,-7.288440111536926,-7.288440111536926,1.0,-7.288440111536926,True,True
2024-01-29 04:00:00,35.41,35.42,35.05,35.14,70122.16,0.0001,55,-1.6171770773020846,0.0,mean_reversion,,604.0554557732639,-0.7197853281834337,0.5580676204532252,True,True,603.7180145412067,-0.16180809798066914,,mean_reversion,5.671263034234841,0.4381,39.0,AVAXUSDT,2024-01-29 04:00:00,AVAXUSDT,35.14,9.593164223823955,REDUCE_SHORT,0.2571,0.6952,588.1216036437235,0.0,0.0,0.0,588.1216036437235,0.0,0.0,0.0,-1.6171770773020846,-1.6171770773020846,1.0,-1.6171770773020846,True,True
2024-01-29 05:00:00,35.14,35.27,34.81,34.96,79373.32,0.0001,55,2.258008659876136,0.0,mean_reversion,,604.2184005246138,-0.16084594176838962,0.38664680775600324,True,True,603.9846841255026,0.22566235308328325,,mean_reversion,3.875185737178221,0.3429,40.0,AVAXUSDT,2024-01-29 05:00:00,AVAXUSDT,34.96,3.9025468559527625,LONG,0.3238,0.6667,588.1216036437235,0.0,0.0,0.0,588.1216036437235,0.0,0.0,0.0,2.258008659876136,2.258008659876136,1.0,2.258008659876136,True,True
2024-01-29 06:00:00,34.95,35.24,34.91,35.22,68842.97,0.0001,55,-3.333942841516321,0.0,mean_reversion,,604.9983316458677,0.2269597210174844,-0.5603540051691165,True,True,604.6593184076092,-0.33358120771742567,,mean_reversion,-5.591951501392457,0.4,41.0,AVAXUSDT,2024-01-29 06:00:00,AVAXUSDT,35.22,5.726944511414133,SHORT,0.2667,0.6667,588.1216036437235,0.0,0.0,0.0,588.1216036437235,0.0,0.0,0.0,-3.333942841516321,-3.333942841516321,1.0,-3.333942841516321,True,True
2024-01-29 07:00:00,35.22,35.58,34.82,34.89,553884.65,0.0001,55,3.8368850642526247,0.0,mean_reversion,,606.5492100963759,-0.3294260229462509,0.7131145293715133,True,True,606.1164710287703,0.3835784797931522,,mean_reversion,7.170827905768945,0.4095,42.0,AVAXUSDT,2024-01-29 07:00:00,AVAXUSDT,34.89,6.670276884359449,LONG,0.2667,0.6762,588.1216036437235,0.0,0.0,0.0,588.1216036437235,0.0,0.0,0.0,3.8368850642526247,3.8368850642526247,1.0,3.8368850642526247,True,True
2024-01-29 08:00:00,34.88,35.17,34.71,35.06,84252.8,0.0001,55,-0.06505667372239048,0.0,mean_reversion,,607.249284152041,0.38472840356544935,-0.3912340709376884,True,True,607.0117075425283,-0.0065082136071431,,mean_reversion,-3.901941737975015,0.3238,43.0,AVAXUSDT,2024-01-29 08:00:00,AVAXUSDT,35.06,0.11268003008338422,SHORT,0.3619,0.6857,588.1216036437235,0.0,0.0,0.0,588.1216036437235,0.0,0.0,0.0,-0.06505667372239048,-0.06505667372239048,1.0,-0.06505667372239048,True,True
2024-01-29 09:00:00,35.07,35.35,34.84,35.19,110900.58,9.881e-05,55,-2.7910105710824604,0.0,mean_reversion,,606.9970591386174,-0.006532503245174326,-0.2725685538630717,True,True,606.8316108280089,-0.27917715202084387,,mean_reversion,-2.72595389736007,0.3476,44.0,AVAXUSDT,2024-01-29 09:00:00,AVAXUSDT,35.19,4.701571770632292,SHORT,0.3571,0.7048,588.1216036437235,0.0,0.0,0.0,588.1216036437235,0.0,0.0,0.0,-2.7910105710824604,-2.7910105710824604,1.0,-2.7910105710824604,True,True
2024-01-29 10:00:00,35.19,35.33,35.02,35.14,50507.28,9.881e-05,55,-1.5443252113393569,0.0,mean_reversion,,607.0723234180447,-0.27866994055113986,0.12423741941720418,False,,607.0723234180447,-0.27866994055113986,,mean_reversion,1.2466853597431036,0.3143,45.0,AVAXUSDT,2024-01-29 10:00:00,,,,,0.3905,0.7048,588.1216036437235,0.0,0.0,0.0,588.1216036437235,0.0,0.0,0.0,-1.5443252113393569,-1.5443252113393569,1.0,-1.5443252113393569,True,False
2024-01-29 11:00:00,35.13,35.15,34.82,34.94,82906.75,9.881e-05,55,3.0670526342004294,0.0,mean_reversion,,608.0351737781879,-0.2766451106303415,0.5833503740503845,True,True,607.6803078537924,0.30657748514531813,,mean_reversion,4.611377845539787,0.3,46.0,AVAXUSDT,2024-01-29 11:00:00,AVAXUSDT,34.94,5.337366575337455,LONG,0.4048,0.7048,588.1216036437235,0.0,0.0,0.0,588.1216036437235,0.0,0.0,0.0,3.0670526342004294,3.0670526342004294,1.0,3.0670526342004294,True,True
2024-01-29 12:00:00,34.94,35.11,34.55,34.68,88495.71,9.881e-05,55,8.504884852872369,0.0,mean_reversion,,606.2939802595142,0.30499193292455334,0.5454965523626836,True,True,605.9632489835644,0.850406882757524,,mean_reversion,5.437832218671939,0.3286,47.0,AVAXUSDT,2024-01-29 12:00:00,AVAXUSDT,34.68,9.536657322658995,LONG,0.3952,0.7238,588.1216036437235,0.0,0.0,0.0,588.1216036437235,0.0,0.0,0.0,8.504884852872369,8.504884852872369,1.0,8.504884852872369,True,True
2024-01-29 13:00:00,34.68,34.74,34.48,34.68,80720.25,9.881e-05,55,8.0655555430199,0.0,mean_reversion,,605.9632489835644,0.850406882757524,-0.043851328455533856,False,,605.9632489835644,0.850406882757524,,mean_reversion,-0.439329309852468,0.2857,48.0,AVAXUSDT,2024-01-29 13:00:00,,,,,0.4095,0.6952,588.1216036437235,0.0,0.0,0.0,588.1216036437235,0.0,0.0,0.0,8.0655555430199,8.0655555430199,1.0,8.0655555430199,True,False
2024-01-29 14:00:00,34.68,34.93,34.34,34.62,100144.9,9.881e-05,55,8.600884593109432,0.0,mean_reversion,,605.0716999911184,0.8501864632717732,0.00990199603917008,False,,605.0716999911184,0.8501864632717732,,mean_reversion,0.5353290500895316,0.2429,49.0,AVAXUSDT,2024-01-29 14:00:00,,,,,0.4143,0.6571,588.1216036437235,0.0,0.0,0.0,588.1216036437235,0.0,0.0,0.0,8.600884593109432,8.600884593109432,1.0,8.600884593109432,True,False
2024-01-29 15:00:00,34.62,35.86,34.45,35.81,205762.63,9.881e-05,55,-18.412233422108724,0.0,mean_reversion,,622.7540883412956,0.8544402468857801,-2.6956635890966525,True,True,621.0753528203929,-1.8462000765353763,,mean_reversion,-27.013118015218154,0.7286,50.0,AVAXUSDT,2024-01-29 15:00:00,AVAXUSDT,35.81,32.019809101123855,SHORT,0.1857,0.9143,588.1216036437235,0.0,0.0,0.0,588.1216036437235,0.0,0.0,0.0,-18.412233422108724,-18.412233422108724,1.0,-18.412233422108724,True,True
2024-01-29 16:00:00,35.8,36.48,35.45,36.19,369439.65,0.0001,55,-20.0,0.0,mean_reversion,,608.9078253619659,-1.9030743950134392,-0.09692560498656078,False,,608.9078253619659,-1.9030743950134392,,mean_reversion,-1.5877665778912764,0.7619,51.0,AVAXUSDT,2024-01-29 16:00:00,,,,,0.1238,0.8857,588.1216036437235,0.0,0.0,0.0,588.1216036437235,0.0,0.0,0.0,-24.0,-24.0,1.0,-24.0,True,False
2024-01-29 17:00:00,36.19,36.42,35.78,35.86,154954.44,0.0001,55,-14.512433835961032,0.0,mean_reversion,,619.4743623653369,-1.8535558920986126,0.40231250850250944,True,True,619.2248906089043,-1.4518280568568325,,mean_reversion,5.487566164038968,0.7905,52.0,AVAXUSDT,2024-01-29 17:00:00,AVAXUSDT,35.86,6.9498685074230675,REDUCE_SHORT,0.1048,0.8952,588.1216036437235,0.0,0.0,0.0,588.1216036437235,0.0,0.0,0.0,-14.512433835961032,-14.512433835961032,1.0,-14.512433835961032,True,True
2024-01-29 18:00:00,35.85,36.19,35.85,36.19,121411.44,0.0001,55,-20.0,0.0,mean_reversion,,610.951810212983,-1.4850289906985388,-0.5149710093014612,True,True,610.6371877426432,-2.0010304726821597,,mean_reversion,-5.487566164038968,0.6524,53.0,AVAXUSDT,2024-01-29 18:00:00,AVAXUSDT,36.19,8.693630017682638,SHORT,0.2048,0.8571,588.1216036437235,0.0,0.0,0.0,588.1216036437235,0.0,0.0,0.0,-20.243031163791038,-20.243031163791038,1.0,-20.243031163791038,True,True
2024-01-29 19:00:00,36.18,36.55,35.94,35.94,109519.81,0.0001,55,-13.036672788948726,0.0,mean_reversion,,619.078080395489,-1.9601125709343759,0.6564452920395032,True,True,618.6712827065197,-1.3045244850576012,,mean_reversion,6.963327211051274,0.5571,54.0,AVAXUSDT,2024-01-29 19:00:00,AVAXUSDT,35.94,11.307481671688143,REDUCE_SHORT,0.2714,0.8286,588.1216036437235,0.0,0.0,0.0,588.1216036437235,0.0,0.0,0.0,-13.036672788948726,-13.036672788948726,1.0,-13.036672788948726,True,True
2024-01-29 20:00:00,35.94,36.12,35.82,36.0,79844.37,0.0001,55,-13.39127036547737,0.0,mean_reversion,,617.3239173701379,-1.3095543183762866,-0.029572718171450463,False,,617.3239173701379,-1.3095543183762866,,mean_reversion,-0.35459757652864354,0.6095,55.0,AVAXUSDT,2024-01-29 20:00:00,,,,,0.2571,0.8667,588.1216036437235,0.0,0.0,0.0,588.1216036437235,0.0,0.0,0.0,-13.39127036547737,-13.39127036547737,1.0,-13.39127036547737,True,False
2024-01-29 21:00:00,35.99,36.1,35.91,36.0,63956.46,0.0001,55,-12.960146148783549,0.0,mean_reversion,,617.3239173701379,-1.3095543183762866,0.013539703497931654,False,,617.3239173701379,-1.3095543183762866,,mean_reversion,0.4311242166938207,0.5619,56.0,AVAXUSDT,2024-01-29 21:00:00,,,,,0.2762,0.8381,588.1216036437235,0.0,0.0,0.0,588.1216036437235,0.0,0.0,0.0,-12.960146148783549,-12.960146148783549,1.0,-12.960146148783549,True,False
2024-01-29 22:00:00,35.99,36.27,35.93,36.07,59021.43,0.0001,55,-13.59782488640948,0.0,mean_reversion,,615.7519911443593,-1.3154502782028539,-0.0443322104380941,False,,615.7519911443593,-1.3154502782028539,,mean_reversion,-0.6376787376259312,0.4571,57.0,AVAXUSDT,2024-01-29 22:00:00,,,,,0.3524,0.8095,588.1216036437235,0.0,0.0,0.0,588.1216036437235,0.0,0.0,0.0,-13.59782488640948,-13.59782488640948,1.0,-13.59782488640948,True,False
2024-01-29 23:00:00,36.07,36.15,35.95,36.06,66032.98,0.0001,55,-12.553635864320352,0.0,mean_reversion,,615.9765520337562,-1.3146061558541853,0.059242569422150115,False,,615.9765520337562,-1.3146061558541853,,mean_reversion,1.0441890220891281,0.4286,58.0,AVAXUSDT,2024-01-29 23:00:00,,,,,0.3619,0.7905,588.1216036437235,0.0,0.0,0.0,588.1216036437235,0.0,0.0,0.0,-12.553635864320352,-12.553635864320352,1.0,-12.553635864320352,True,False
2024-01-30 00:00:00,36.07,36.1,35.64,35.82,84159.89,0.0001,61,-5.517914076827832,0.0,mean_reversion,,621.3660133792831,-1.2945302583340543,0.7427388506512711,True,True,620.9040387260188,-0.5522019600843452,,mean_reversion,7.03572178749252,0.4619,59.0,AVAXUSDT,2024-01-30 00:00:00,AVAXUSDT,35.82,12.884217716669209,REDUCE_SHORT,0.3476,0.8095,588.1216036437235,0.0,0.0,0.0,588.1216036437235,0.0,0.0,0.0,-5.517914076827832,-5.517914076827832,1.0,-5.517914076827832,True,True
2024-01-30 01:00:00,35.81,36.44,35.73,35.95,84830.42,0.0001,61,-7.9050657395200306,0.0,mean_reversion,,619.6596954670254,-0.5553189484244883,-0.23518762552751482,True,True,619.5139591746133,-0.7906925350518444,,mean_reversion,-2.3871516626921983,0.519,60.0,AVAXUSDT,2024-01-30 01:00:00,AVAXUSDT,35.95,4.053860706870448,SHORT,0.319,0.8381,588.1216036437235,0.0,0.0,0.0,588.1216036437235,0.0,0.0,0.0,-7.9050657395200306,-7.9050657395200306,1.0,-7.9050657395200306,True,True
2024-01-30 02:00:00,35.95,36.46,35.93,36.01,81185.39,0.0001,61,-8.389939529197806,0.0,mean_reversion,,618.6964152588196,-0.793058751747114,-0.04593520117266647,False,,618.6964152588196,-0.793058751747114,,mean_reversion,-0.48487378967777506,0.481,61.0,AVAXUSDT,2024-01-30 02:00:00,,,,,0.3095,0.7905,588.1216036437235,0.0,0.0,0.0,588.1216036437235,0.0,0.0,0.0,-8.389939529197806,-8.389939529197806,1.0,-8.389939529197806,True,False
2024-01-30 03:00:00,36.02,36.19,35.67,35.76,59258.8,0.0001,61,-1.9117088567802631,0.0,mean_reversion,,622.1028482412937,-0.7832405448561914,0.5920696591781651,True,True,621.7341513230434,-0.19128425264726648,,mean_reversion,6.478230672417542,0.581,62.0,AVAXUSDT,2024-01-30 03:00:00,AVAXUSDT,35.76,10.300006189373283,REDUCE_SHORT,0.2381,0.819,588.1216036437235,0.0,0.0,0.0,588.1216036437235,0.0,0.0,0.0,-1.9117088567802631,-1.9117088567802631,1.0,-1.9117088567802631,True,True
2024-01-30 04:00:00,35.75,35.89,35.67,35.8,34455.59,0.0001,61,-2.7302285786502662,0.0,mean_reversion,,621.6011222934226,-0.1915391997225672,-0.08148365814245942,False,,621.6011222934226,-0.1915391997225672,,mean_reversion,-0.8185197218700031,0.5,63.0,AVAXUSDT,2024-01-30 04:00:00,,,,,0.2619,0.7619,588.1216036437235,0.0,0.0,0.0,588.1216036437235,0.0,0.0,0.0,-2.7302285786502662,-2.7302285786502662,1.0,-2.7302285786502662,True,False
2024-01-30 05:00:00,35.81,36.07,35.7,35.78,299366.9,0.0001,61,-2.0186374616930607,0.0,mean_reversion,,621.6676368082329,-0.1914117125460526,-0.010452033623253476,False,,621.6676368082329,-0.1914117125460526,,mean_reversion,0.7115911169572056,0.4905,64.0,AVAXUSDT,2024-01-30 05:00:00,,,,,0.281,0.7714,588.1216036437235,0.0,0.0,0.0,588.1216036437235,0.0,0.0,0.0,-2.0186374616930607,-2.0186374616930607,1.0,-2.0186374616930607,True,False
2024-01-30 06:00:00,35.78,35.89,35.5,35.73,60191.75,0.0001,61,-0.6054259792999043,0.0,mean_reversion,,621.8339230952591,-0.1910931139256804,0.13055051599568998,False,,621.8339230952591,-0.1910931139256804,,mean_reversion,1.4132114823931565,0.3857,65.0,AVAXUSDT,2024-01-30 06:00:00,,,,,0.2905,0.6762,588.1216036437235,0.0,0.0,0.0,588.1216036437235,0.0,0.0,0.0,-0.6054259792999043,-0.6054259792999043,1.0,-0.6054259792999043,True,False
2024-01-30 07:00:00,35.74,35.84,35.59,35.74,39753.99,0.0001,61,-0.7953994006655691,0.0,mean_reversion,,621.8006658378539,-0.19115682001745513,0.11161687995089821,False,,621.8006658378539,-0.19115682001745513,,mean_reversion,-0.18997342136566486,0.281,66.0,AVAXUSDT,2024-01-30 07:00:00,,,,,0.3571,0.6381,588.1216036437235,0.0,0.0,0.0,588.1216036437235,0.0,0.0,0.0,-0.7953994006655691,-0.7953994006655691,1.0,-0.7953994006655691,True,False
2024-01-30 08:00:00,35.74,36.75,35.53,36.26,282027.02,0.0001,61,-12.533007235714651,0.0,mean_reversion,,620.0712884527818,-0.194478953625274,-1.058821769946191,True,True,619.4147434736494,-1.2546291522310564,,mean_reversion,-11.737607835049081,0.3095,67.0,AVAXUSDT,2024-01-30 08:00:00,AVAXUSDT,36.26,18.106590709663255,SHORT,0.3857,0.6952,588.1216036437235,0.0,0.0,0.0,588.1216036437235,0.0,0.0,0.0,-12.533007235714651,-12.533007235714651,1.0,-12.533007235714651,True,True
2024-01-30 09:00:00,36.26,36.9,36.24,36.61,201089.72,0.0001,61,-18.617045912395817,0.0,mean_reversion,,611.9134327160841,-1.2822681498567194,-0.5794364413828623,True,True,611.5588677741969,-1.8627839561461959,,mean_reversion,-6.084038676681166,0.281,68.0,AVAXUSDT,2024-01-30 09:00:00,AVAXUSDT,36.61,9.684920565074552,SHORT,0.4238,0.7048,588.1216036437235,0.0,0.0,0.0,588.1216036437235,0.0,0.0,0.0,-18.617045912395817,-18.617045912395817,1.0,-18.617045912395817,True,True
2024-01-30 10:00:00,36.6,37.0,36.47,36.8,120508.71,0.0001,61,-20.0,0.0,mean_reversion,,605.6465927412974,-1.8907302309397176,-0.1092697690602824,False,,605.6465927412974,-1.8907302309397176,,mean_reversion,-1.3829540876041833,0.1857,69.0,AVAXUSDT,2024-01-30 10:00:00,,,,,0.4714,0.6571,588.1216036437235,0.0,0.0,0.0,588.1216036437235,0.0,0.0,0.0,-21.134461831422602,-21.134461831422602,1.0,-21.134461831422602,True,False
2024-01-30 11:00:00,36.8,37.15,36.69,37.0,142407.96,0.0001,61,-20.0,0.0,mean_reversion,,599.4231453382449,-1.920742931798166,-0.07925706820183409,False,,599.4231453382449,-1.920742931798166,,mean_reversion,0.0,0.081,70.0,AVAXUSDT,2024-01-30 11:00:00,,,,,0.519,0.6,588.1216036437235,0.0,0.0,0.0,588.1216036437235,0.0,0.0,0.0,-24.0,-24.0,1.0,-24.0,True,False
2024-01-30 12:00:00,37.0,37.02,36.11,36.23,222193.0,0.0001,61,-4.751526415948045,0.0,mean_reversion,,623.3834178399961,-1.808481690079654,1.3333290484848495,True,True,622.5514106134196,-0.47578765811680457,,mean_reversion,15.248473584051954,0.4857,71.0,AVAXUSDT,2024-01-30 12:00:00,AVAXUSDT,36.23,22.941629018764434,REDUCE_SHORT,0.381,0.8667,588.1216036437235,0.0,0.0,0.0,588.1216036437235,0.0,0.0,0.0,-4.751526415948045,-4.751526415948045,1.0,-4.751526415948045,True,True
2024-01-30 13:00:00,36.22,36.46,35.66,35.83,273252.82,0.0001,61,5.410867681071068,0.0,mean_reversion,,625.8216538120182,-0.4680759010656785,1.0091626691727853,True,True,625.1898047361715,0.5410919846961875,,mean_reversion,10.162394097019114,0.5238,72.0,AVAXUSDT,2024-01-30 13:00:00,AVAXUSDT,35.83,9.450846108640512,LONG,0.3524,0.8762,588.1216036437235,0.0,0.0,0.0,588.1216036437235,0.0,0.0,0.0,5.410867681071068,5.410867681071068,1.0,5.410867681071068,True,True
2024-01-30 14:00:00,35.83,36.03,35.61,36.02,102295.36,0.0001,61,0.0,0.0,unknown,,626.9836698360525,0.5424049679720111,-0.5424049679720111,True,True,626.6435907786961,0.0,,unknown,-5.410867681071068,0.0238,1.0,AVAXUSDT,2024-01-30 14:00:00,AVAXUSDT,36.02,9.441395262531872,CLOSE,0.5095,0.5333,588.1216036437235,0.0,0.0,0.0,588.1216036437235,0.0,0.0,0.0,,,,,True,True
2024-01-30 15:00:00,36.01,36.49,35.88,36.15,140353.67,0.0001,61,-2.824893666415811,0.0,mean_reversion,,626.6435907786961,0.0,-0.2824893666415811,True,True,626.4665706276271,-0.2825691894329364,,mean_reversion,-2.824893666415811,0.1667,1.0,AVAXUSDT,2024-01-30 15:00:00,AVAXUSDT,36.15,4.896822989462794,SHORT,0.4143,0.581,588.1216036437235,0.0,0.0,0.0,588.1216036437235,0.0,0.0,0.0,-2.824893666415811,-2.824893666415811,1.0,-2.824893666415811,True,True
2024-01-30 16:00:00,36.15,36.32,35.8,36.23,147688.78,0.0001,61,0.0,0.0,unknown,,626.0748247884701,-0.2833717151431198,0.2833717151431198,True,True,625.8972353020754,0.0,,unknown,2.824893666415811,0.0429,1.0,AVAXUSDT,2024-01-30 16:00:00,AVAXUSDT,36.23,-4.896822989462794,CLOSE,0.3667,0.4095,588.1216036437235,0.0,0.0,0.0,588.1216036437235,0.0,0.0,0.0,,,,,True,True
2024-01-30 17:00:00,36.24,36.52,36.17,36.32,90477.27,0.0001,61,-5.970406819429606,0.0,mean_reversion,,625.8972353020754,0.0,-0.5970406819429606,True,True,625.5235491898844,-0.5973973524656676,,mean_reversion,-5.970406819429606,0.0714,1.0,AVAXUSDT,2024-01-30 17:00:00,AVAXUSDT,36.32,10.288714542702774,SHORT,0.3381,0.4095,588.1216036437235,0.0,0.0,0.0,588.1216036437235,0.0,0.0,0.0,-5.970406819429606,-5.970406819429606,1.0,-5.970406819429606,True,True
2024-01-30 18:00:00,36.32,36.4,36.03,36.14,82814.12,0.0001,61,-1.2503085153092601,0.0,mean_reversion,,627.375517807571,-0.5926819472852421,0.4676510957543161,True,True,627.081831272684,-0.12508940828653403,,mean_reversion,4.720098304120345,0.0905,2.0,AVAXUSDT,2024-01-30 18:00:00,AVAXUSDT,36.14,8.118230446932541,REDUCE_SHORT,0.3095,0.4,588.1216036437235,0.0,0.0,0.0,588.1216036437235,0.0,0.0,0.0,-1.2503085153092601,-1.2503085153092601,1.0,-1.2503085153092601,True,True
2024-01-30 19:00:00,36.14,36.29,36.07,36.2,72955.37,0.0001,61,-2.5051446214363207,0.0,mean_reversion,,626.9516022269378,-0.12532310945182318,-0.12519135269180887,False,,626.9516022269378,-0.12532310945182318,,mean_reversion,-1.2548361061270605,0.0762,3.0,AVAXUSDT,2024-01-30 19:00:00,,,,,0.3143,0.3905,588.1216036437235,0.0,0.0,0.0,588.1216036437235,0.0,0.0,0.0,-2.5051446214363207,-2.5051446214363207,1.0,-2.5051446214363207,True,False
2024-01-30 20:00:00,36.2,36.36,36.13,36.18,66412.64,0.0001,61,-1.8482807026717851,0.0,trending,,626.9950119088531,-0.12524519827660563,-0.05958287199057288,False,,626.9950119088531,-0.12524519827660563,,trending,0.6568639187645355,0.1476,1.0,AVAXUSDT,2024-01-30 20:00:00,,,,,0.3857,0.2381,588.1216036437235,0.0,0.0,0.0,588.1216036437235,0.0,0.0,0.0,-1.8482807026717851,-1.8482807026717851,1.0,-1.8482807026717851,True,False
2024-01-30 21:00:00,36.17,36.22,35.89,35.97,51879.71,0.0001,61,3.3763040552120493,0.0,trending,,627.4508135689649,-0.12442778180615766,0.4620581873273626,True,True,627.1608166329468,0.33744873809795317,,trending,5.224584757883834,0.119,2.0,AVAXUSDT,2024-01-30 21:00:00,AVAXUSDT,35.97,5.8895321832054375,LONG,0.3762,0.2571,588.1216036437235,0.0,0.0,0.0,588.1216036437235,0.0,0.0,0.0,3.3763040552120493,3.3763040552120493,1.0,3.3763040552120493,True,True
2024-01-30 22:00:00,35.97,36.01,35.5,35.53,73668.71,0.0001,61,0.0,0.0,unknown,,624.5720138664971,0.33470251428124936,-0.33470251428124936,True,True,624.3629680431062,0.0,,unknown,-3.3763040552120493,0.0,1.0,AVAXUSDT,2024-01-30 22:00:00,AVAXUSDT,35.53,5.883642651022232,CLOSE,0.3429,0.3429,588.1216036437235,0.0,0.0,0.0,588.1216036437235,0.0,0.0,0.0,,,,,True,True
2024-01-30 23:00:00,35.52,35.69,35.0,35.22,145801.56,0.0001,61,19.704921237527422,0.0,trending,,624.3629680431062,0.0,1.9704921237527422,True,True,623.1326657322146,1.9724082465436281,,trending,19.704921237527422,0.0905,1.0,AVAXUSDT,2024-01-30 23:00:00,AVAXUSDT,35.22,34.931922512544745,LONG,0.3857,0.2952,588.1216036437235,0.0,0.0,0.0,588.1216036437235,0.0,0.0,0.0,19.704921237527422,19.704921237527422,1.0,19.704921237527422,True,True
2024-01-31 00:00:00,35.23,35.32,34.66,35.0,167324.59,0.0001,60,20.0,0.0,trending,,615.4553278024076,1.9845383011181874,0.015461698881812591,False,,615.4553278024076,1.9845383011181874,,trending,0.2950787624725777,0.2857,2.0,AVAXUSDT,2024-01-31 00:00:00,,,,,0.4762,0.1905,588.1216036437235,0.0,0.0,0.0,588.1216036437235,0.0,0.0,0.0,22.13635061479545,22.13635061479545,1.0,22.13635061479545,True,False
2024-01-31 01:00:00,35.0,35.15,34.71,34.94,72881.91,0.0001,60,20.0,0.0,trending,,613.3615083670055,1.9878991990579153,0.012100800942084655,False,,613.3615083670055,1.9878991990579153,,trending,0.0,0.3952,3.0,AVAXUSDT,2024-01-31 01:00:00,,,,,0.5762,0.181,588.1216036437235,0.0,0.0,0.0,588.1216036437235,0.0,0.0,0.0,21.26504459779357,21.26504459779357,1.0,21.26504459779357,True,False
2024-01-31 02:00:00,34.94,35.06,34.72,35.02,55421.1,0.0001,60,17.49649452137796,0.0,trending,,616.1532676142084,1.9834230778243895,-0.23377362568659343,True,True,616.0092272308594,1.750058569674793,,trending,-2.5035054786220385,0.5095,4.0,AVAXUSDT,2024-01-31 02:00:00,AVAXUSDT,35.02,4.113089187573255,REDUCE_LONG,0.6333,0.1238,588.1216036437235,0.0,0.0,0.0,588.1216036437235,0.0,0.0,0.0,17.49649452137796,17.49649452137796,1.0,17.49649452137796,True,True
2024-01-31 03:00:00,35.01,35.05,34.85,34.95,44675.18,0.0001,60,17.518833815033908,0.0,trending,,613.8543541326875,1.752691573779047,-0.0008081922756562054,False,,613.8543541326875,1.752691573779047,,trending,0.022339293655946335,0.5,5.0,AVAXUSDT,2024-01-31 03:00:00,,,,,0.6333,0.1333,588.1216036437235,0.0,0.0,0.0,588.1216036437235,0.0,0.0,0.0,17.518833815033908,17.518833815033908,1.0,17.518833815033908,True,False
2024-01-31 04:00:00,34.94,35.13,34.85,35.06,88409.71,0.0001,60,14.628932561677523,0.0,trending,,617.2405832869578,1.7485622501079894,-0.28566899394023704,True,True,617.0642567905112,1.4633112788285965,,trending,-2.889901253356385,0.4952,6.0,AVAXUSDT,2024-01-31 04:00:00,AVAXUSDT,35.06,5.029278278570175,REDUCE_LONG,0.6286,0.1333,588.1216036437235,0.0,0.0,0.0,588.1216036437235,0.0,0.0,0.0,14.628932561677523,14.628932561677523,1.0,14.628932561677523,True,True
2024-01-31 05:00:00,35.05,35.18,34.84,34.86,208933.82,0.0001,60,18.934874900004,0.0,trending,,611.9133321657334,1.4672113106625313,0.4262761793378689,True,True,611.6524880884119,1.8938685248600078,,trending,4.305942338326478,0.481,7.0,AVAXUSDT,2024-01-31 05:00:00,AVAXUSDT,34.86,7.482618397060043,LONG,0.6333,0.1524,588.1216036437235,0.0,0.0,0.0,588.1216036437235,0.0,0.0,0.0,18.934874900004,18.934874900004,1.0,18.934874900004,True,True
2024-01-31 06:00:00,34.86,35.02,34.62,34.75,76108.37,0.0001,60,20.0,0.0,trending,,607.9972146091313,1.8992424539412207,0.10075754605877929,False,,607.9972146091313,1.8992424539412207,,trending,1.0651250999959991,0.4857,8.0,AVAXUSDT,2024-01-31 06:00:00,,,,,0.6476,0.1619,588.1216036437235,0.0,0.0,0.0,588.1216036437235,0.0,0.0,0.0,20.29970155098059,20.29970155098059,1.0,20.29970155098059,True,False
2024-01-31 07:00:00,34.74,35.06,34.69,34.98,55232.77,0.0001,60,12.377621564773975,0.0,trending,,615.640059156718,1.8880788362008851,-0.6503166797234876,True,True,615.2396981575425,1.2385676176581262,,trending,-7.622378435226025,0.4143,9.0,AVAXUSDT,2024-01-31 07:00:00,AVAXUSDT,34.98,11.445425934121452,REDUCE_LONG,0.6048,0.1905,588.1216036437235,0.0,0.0,0.0,588.1216036437235,0.0,0.0,0.0,12.377621564773975,12.377621564773975,1.0,12.377621564773975,True,True
2024-01-31 08:00:00,34.98,35.06,34.66,34.71,49935.79,0.0001,60,19.554253946442287,0.0,trending,,609.3579282560665,1.240870369075547,0.7145550255686819,True,True,608.9225084860609,1.9561085868399448,,trending,7.176632381668313,0.5048,10.0,AVAXUSDT,2024-01-31 08:00:00,AVAXUSDT,34.71,12.544505041932949,LONG,0.7048,0.2,588.1216036437235,0.0,0.0,0.0,588.1216036437235,0.0,0.0,0.0,19.554253946442287,19.554253946442287,1.0,19.554253946442287,True,True
2024-01-31 09:00:00,34.7,34.72,34.26,34.33,121709.76,0.0001,60,20.0,0.0,trending,,595.8823169540387,1.9770319113674046,0.022968088632595363,False,,595.8823169540387,1.9770319113674046,,trending,0.4457460535577127,0.6952,11.0,AVAXUSDT,2024-01-31 09:00:00,,,,,0.8095,0.1143,588.1216036437235,0.0,0.0,0.0,588.1216036437235,0.0,0.0,0.0,24.0,24.0,1.0,24.0,True,False
2024-01-31 10:00:00,34.34,34.53,34.04,34.07,104463.16,0.0001,60,20.0,0.0,trending,,586.9600806426554,1.9918835339640182,0.008116466035981817,False,,586.9600806426554,1.9918835339640182,,trending,0.0,0.7619,12.0,AVAXUSDT,2024-01-31 10:00:00,,,,,0.8667,0.1048,588.1216036437235,0.0,0.0,0.0,588.1216036437235,0.0,0.0,0.0,24.0,24.0,1.0,24.0,True,False
2024-01-31 11:00:00,34.07,34.74,34.01,34.73,100666.64,0.0001,60,11.450219414072368,0.0,trending,,609.6088343561673,1.9550321554944705,-0.8100102140872336,True,True,609.1150449737409,1.145950172752001,,trending,-8.549780585927632,0.6095,13.0,AVAXUSDT,2024-01-31 11:00:00,AVAXUSDT,34.73,14.217949393213594,REDUCE_LONG,0.819,0.2095,588.1216036437235,0.0,0.0,0.0,588.1216036437235,0.0,0.0,0.0,11.450219414072368,11.450219414072368,1.0,11.450219414072368,True,True
2024-01-31 12:00:00,34.72,34.86,34.57,34.73,74926.05,0.0001,60,10.653887288051546,0.0,trending,,609.1150449737409,1.145950172752001,-0.08056144394684628,False,,609.1150449737409,1.145950172752001,,trending,-0.7963321260208218,0.5762,14.0,AVAXUSDT,2024-01-31 12:00:00,,,,,0.7952,0.219,588.1216036437235,0.0,0.0,0.0,588.1216036437235,0.0,0.0,0.0,10.653887288051546,10.653887288051546,1.0,10.653887288051546,True,False
2024-01-31 13:00:00,34.73,35.02,34.61,34.77,58406.87,0.0001,60,8.385659356777625,0.0,trending,,609.9189787382254,1.1457577959349186,-0.30719186025715606,True,True,609.7316165925406,0.8388236154646249,,trending,-2.2682279312739215,0.5619,15.0,AVAXUSDT,2024-01-31 13:00:00,AVAXUSDT,34.77,5.388615061396039,REDUCE_LONG,0.781,0.219,588.1216036437235,0.0,0.0,0.0,588.1216036437235,0.0,0.0,0.0,8.385659356777625,8.385659356777625,1.0,8.385659356777625,True,True
2024-01-31 14:00:00,34.76,34.93,34.44,34.81,74629.72,0.0001,60,6.311513475414135,0.0,trending,,610.3200057545691,0.8389790002413672,-0.20782765269995362,True,True,610.1931643803773,0.6312825455110376,,trending,-2.0741458813634894,0.5619,16.0,AVAXUSDT,2024-01-31 14:00:00,AVAXUSDT,34.81,3.643819999764271,REDUCE_LONG,0.7714,0.2095,588.1216036437235,0.0,0.0,0.0,588.1216036437235,0.0,0.0,0.0,6.311513475414135,6.311513475414135,1.0,6.311513475414135,True,True
2024-01-31 15:00:00,34.81,35.49,34.3,35.23,174374.49,0.0001,60,-5.843360111709416,0.0,trending,,614.8408461817751,0.6340697406262096,-1.2184057517971512,True,True,614.0917205583473,-0.5850488380402922,,trending,-12.15487358712355,0.5524,17.0,AVAXUSDT,2024-01-31 15:00:00,AVAXUSDT,35.23,10.19794628336148,SHORT,0.7524,0.2,588.1216036437235,0.0,0.0,0.0,588.1216036437235,0.0,0.0,0.0,-5.843360111709416,-5.843360111709416,1.0,-5.843360111709416,True,True
2024-01-31 16:00:00,35.23,35.42,35.09,35.22,106080.87,0.0001,60,-4.972263166238441,0.0,trending,,614.193700021181,-0.5847856597806278,0.08755934315678371,False,,614.193700021181,-0.5847856597806278,,trending,0.8710969454709749,0.5857,18.0,AVAXUSDT,2024-01-31 16:00:00,,,,,0.7571,0.1714,588.1216036437235,0.0,0.0,0.0,588.1216036437235,0.0,0.0,0.0,-4.972263166238441,-4.972263166238441,1.0,-4.972263166238441,True,False
2024-01-31 17:00:00,35.21,35.46,35.05,35.43,52730.89,0.0001,60,-9.833472455593133,0.0,trending,,612.0521313016751,-0.5903308204336749,-0.3930164251256384,True,True,611.8115847610403,-0.9837338691278331,,trending,-4.861209289354693,0.581,19.0,AVAXUSDT,2024-01-31 17:00:00,AVAXUSDT,35.43,6.78934633459532,SHORT,0.7429,0.1619,588.1216036437235,0.0,0.0,0.0,588.1216036437235,0.0,0.0,0.0,-9.833472455593133,-9.833472455593133,1.0,-9.833472455593133,True,True
2024-01-31 18:00:00,35.43,35.5,35.11,35.21,55107.64,0.0001,60,-3.310299187940874,0.0,trending,,615.5487891369908,-0.9716899515257537,0.6406600327316663,True,True,615.1540368773345,-0.3312423449518042,,trending,6.523173267652259,0.519,20.0,AVAXUSDT,2024-01-31 18:00:00,AVAXUSDT,35.21,11.200156415689918,REDUCE_SHORT,0.719,0.2,588.1216036437235,0.0,0.0,0.0,588.1216036437235,0.0,0.0,0.0,-3.310299187940874,-3.310299187940874,1.0,-3.310299187940874,True,True
2024-01-31 19:00:00,35.21,35.41,34.7,35.18,145721.52,0.0001,60,-2.2128251308989992,0.0,trending,,615.3276509634026,-0.33086673624530133,0.1095842231554014,False,,615.3276509634026,-0.33086673624530133,,trending,1.0974740570418748,0.5238,21.0,AVAXUSDT,2024-01-31 19:00:00,,,,,0.7143,0.1905,588.1216036437235,0.0,0.0,0.0,588.1216036437235,0.0,0.0,0.0,-2.2128251308989992,-2.2128251308989992,1.0,-2.2128251308989992,True,False
2024-01-31 20:00:00,35.18,35.25,34.41,34.43,162465.35,0.0001,60,17.063404350911156,0.0,trending,,619.6680031151027,-0.3215449215425088,2.0278853566336243,True,True,618.4111879950613,1.7080984723158916,,trending,19.276229481810155,0.4143,22.0,AVAXUSDT,2024-01-31 20:00:00,AVAXUSDT,34.43,30.710559687698726,LONG,0.7,0.2857,588.1216036437235,0.0,0.0,0.0,588.1216036437235,0.0,0.0,0.0,17.063404350911156,17.063404350911156,1.0,17.063404350911156,True,True
2024-01-31 21:00:00,34.44,34.64,33.5,33.77,269596.27,0.0001,60,20.0,0.0,trending,,598.1624875705741,1.7320686712750328,0.26793132872496717,True,True,598.0022211004857,2.000268003135161,,trending,2.9365956490888436,0.4429,23.0,AVAXUSDT,2024-01-31 21:00:00,AVAXUSDT,33.77,4.745823810725956,LONG,0.7286,0.2857,588.1216036437235,0.0,0.0,0.0,588.1216036437235,0.0,0.0,0.0,24.0,24.0,1.0,24.0,True,True
2024-01-31 22:00:00,33.77,33.77,33.38,33.58,108586.33,0.0001,60,20.0,0.0,trending,,591.2722449486496,2.0116532488727303,-0.011653248872730337,False,,591.2722449486496,2.0116532488727303,,trending,0.0,0.7571,24.0,AVAXUSDT,2024-01-31 22:00:00,,,,,0.8429,0.0857,588.1216036437235,0.0,0.0,0.0,588.1216036437235,0.0,0.0,0.0,24.0,24.0,1.0,24.0,True,False
2024-01-31 23:00:00,33.57,33.7,33.13,33.17,201265.11,0.0001,60,20.0,0.0,trending,,576.74966483153,2.0371267189991324,-0.037126718999132446,False,,576.74966483153,2.0371267189991324,,trending,0.0,0.9,25.0,AVAXUSDT,2024-01-31 23:00:00,,,,,0.9,0.0,588.1216036437235,0.0,0.0,0.0,588.1216036437235,0.0,0.0,0.0,24.0,24.0,1.0,24.0,True,False
2024-02-01 00:00:00,33.18,33.32,32.83,33.05,171808.24,0.0001,63,20.0,0.0,trending,,572.4991535777388,2.044826850541973,-0.044826850541972885,False,,572.4991535777388,2.044826850541973,,trending,0.0,0.9,26.0,AVAXUSDT,2024-02-01 00:00:00,,,,,0.9,0.0,588.1216036437235,0.0,0.0,0.0,588.1216036437235,0.0,0.0,0.0,24.0,24.0,1.0,24.0,True,False
2024-02-01 01:00:00,33.05,33.06,32.3,32.48,206404.53,0.0001,63,20.0,0.0,trending,,552.3092251222306,2.0830209968667384,-0.08302099686673836,False,,552.3092251222306,2.0830209968667384,,trending,0.0,0.9048,27.0,AVAXUSDT,2024-02-01 01:00:00,,,,,0.9048,0.0,588.1216036437235,0.0,0.0,0.0,588.1216036437235,0.0,0.0,0.0,24.0,24.0,1.0,24.0,True,False
2024-02-01 02:00:00,32.48,32.99,32.45,32.98,85698.2,0.0001,63,20.0,0.0,trending,,570.0196886796939,2.04937162601535,-0.049371626015350056,False,,570.0196886796939,2.04937162601535,,trending,0.0,0.881,28.0,AVAXUSDT,2024-02-01 02:00:00,,,,,0.8905,0.0095,588.1216036437235,0.0,0.0,0.0,588.1216036437235,0.0,0.0,0.0,24.0,24.0,1.0,24.0,True,False
2024-02-01 03:00:00,32.98,33.09,32.85,32.9,46413.58,0.0001,63,20.0,0.0,trending,,567.1860145104997,2.054614310415972,-0.05461431041597198,False,,567.1860145104997,2.054614310415972,,trending,0.0,0.8714,29.0,AVAXUSDT,2024-02-01 03:00:00,,,,,0.881,0.0095,588.1216036437235,0.0,0.0,0.0,588.1216036437235,0.0,0.0,0.0,24.0,24.0,1.0,24.0,True,False
2024-02-01 04:00:00,32.89,33.12,32.76,33.03,59991.23,0.0001,63,20.0,0.0,trending,,571.7907350354403,2.0461213358651205,-0.04612133586512046,False,,571.7907350354403,2.0461213358651205,,trending,0.0,0.8476,30.0,AVAXUSDT,2024-02-01 04:00:00,,,,,0.8667,0.019,588.1216036437235,0.0,0.0,0.0,588.1216036437235,0.0,0.0,0.0,21.871428290864294,21.871428290864294,1.0,21.871428290864294,True,False
2024-02-01 05:00:00,33.02,33.23,32.86,33.03,80956.24,0.0001,63,19.94830577929735,0.0,trending,,571.7907350354403,2.0461213358651205,-0.0512907579353854,False,,571.7907350354403,2.0461213358651205,,trending,-0.051694220702650284,0.8381,31.0,AVAXUSDT,2024-02-01 05:00:00,,,,,0.8476,0.0095,588.1216036437235,0.0,0.0,0.0,588.1216036437235,0.0,0.0,0.0,19.94830577929735,19.94830577929735,1.0,19.94830577929735,True,False
2024-02-01 06:00:00,33.02,33.2,32.93,33.19,71969.78,0.0001,63,14.876991684394653,0.0,trending,,577.4580833738285,2.035854384574165,-0.5481552161346996,True,True,577.1415467133279,1.4885151057589827,,trending,-5.0713140949026965,0.7381,32.0,AVAXUSDT,2024-02-01 06:00:00,AVAXUSDT,33.19,9.537109385372412,REDUCE_LONG,0.7952,0.0571,588.1216036437235,0.0,0.0,0.0,588.1216036437235,0.0,0.0,0.0,14.876991684394653,14.876991684394653,1.0,14.876991684394653,True,True
2024-02-01 07:00:00,33.2,33.49,33.09,33.36,78700.03,0.0001,63,10.006497151322119,0.0,trending,,581.5417957273521,1.4848187452768211,-0.4841690301446093,True,True,581.2602312001263,1.001134433419885,,trending,-4.870494533072534,0.8143,33.0,AVAXUSDT,2024-02-01 07:00:00,AVAXUSDT,33.36,8.440183669840126,REDUCE_LONG,0.8143,0.0,588.1216036437235,0.0,0.0,0.0,588.1216036437235,0.0,0.0,0.0,10.006497151322119,10.006497151322119,1.0,10.006497151322119,True,True
2024-02-01 08:00:00,33.36,33.53,33.27,33.44,53238.25,0.0001,63,7.251415763851697,0.0,trending,,582.6557219249033,1.001131716392907,-0.27599014000773725,True,True,582.494914690633,0.7253417635600482,,trending,-2.7550813874704216,0.7667,34.0,AVAXUSDT,2024-02-01 08:00:00,AVAXUSDT,33.44,4.808828776027611,REDUCE_LONG,0.7762,0.0095,588.1216036437235,0.0,0.0,0.0,588.1216036437235,0.0,0.0,0.0,7.251415763851697,7.251415763851697,1.0,7.251415763851697,True,True
2024-02-01 09:00:00,33.44,33.55,33.25,33.39,51914.65,0.0001,63,7.784266997832102,0.0,trending,,581.8631744264487,0.7250435617241613,0.05338313805904893,False,,581.8631744264487,0.7250435617241613,,trending,0.5328512339804048,0.6333,35.0,AVAXUSDT,2024-02-01 09:00:00,,,,,0.719,0.0857,588.1216036437235,0.0,0.0,0.0,588.1216036437235,0.0,0.0,0.0,7.784266997832102,7.784266997832102,1.0,7.784266997832102,True,False
2024-02-01 10:00:00,33.39,33.42,33.13,33.18,51500.18,0.0001,63,12.123420292975167,0.0,trending,,579.2098653168747,0.7237840106251581,0.4885580186723586,True,True,578.9268876926801,1.2124458214070986,,trending,4.339153295143065,0.5714,36.0,AVAXUSDT,2024-02-01 10:00:00,AVAXUSDT,33.18,8.528560102311513,LONG,0.6762,0.1048,588.1216036437235,0.0,0.0,0.0,588.1216036437235,0.0,0.0,0.0,12.123420292975167,12.123420292975167,1.0,12.123420292975167,True,True
2024-02-01 11:00:00,33.18,33.27,33.02,33.05,50573.91,0.0001,63,15.445259952961088,0.0,trending,,576.1767589053136,1.2134598389983624,0.3310661562977464,True,True,575.9860062803947,1.544706329126804,,trending,3.321839659985921,0.4619,37.0,AVAXUSDT,2024-02-01 11:00:00,AVAXUSDT,33.05,5.771637667742072,LONG,0.6714,0.2095,588.1216036437235,0.0,0.0,0.0,588.1216036437235,0.0,0.0,0.0,15.445259952961088,15.445259952961088,1.0,15.445259952961088,True,True
2024-02-01 12:00:00,33.05,33.3,33.04,33.12,69235.24,0.0001,63,12.252346756458685,0.0,trending,,577.8704554803127,1.5429300289259915,-0.317695353280123,True,True,577.6868687218087,1.225624050711648,,trending,-3.1929131965024027,0.6381,38.0,AVAXUSDT,2024-02-01 12:00:00,AVAXUSDT,33.12,5.543078457245276,REDUCE_LONG,0.7524,0.1143,588.1216036437235,0.0,0.0,0.0,588.1216036437235,0.0,0.0,0.0,12.252346756458685,12.252346756458685,1.0,12.252346756458685,True,True
2024-02-01 13:00:00,33.11,33.2,32.83,33.11,68595.38,0.0001,63,11.395904034040383,0.0,trending,,577.4730924778214,1.2257075750571849,-0.08611717165314658,False,,577.4730924778214,1.2257075750571849,,trending,-0.8564427224183024,0.6476,39.0,AVAXUSDT,2024-02-01 13:00:00,,,,,0.7714,0.1238,588.1216036437235,0.0,0.0,0.0,588.1216036437235,0.0,0.0,0.0,11.395904034040383,11.395904034040383,1.0,11.395904034040383,True,False
2024-02-01 14:00:00,33.11,33.62,33.09,33.49,114062.92,0.0001,63,0.3399137939310697,0.0,trending,,585.5965897493368,1.2225765205014842,-1.1885851411083772,True,True,584.900558344077,0.034031829119523106,,trending,-11.055990240109313,0.5762,40.0,AVAXUSDT,2024-02-01 14:00:00,AVAXUSDT,33.49,20.783260831884142,REDUCE_LONG,0.7381,0.1619,588.1216036437235,0.0,0.0,0.0,588.1216036437235,0.0,0.0,0.0,0.3399137939310697,0.3399137939310697,1.0,0.3399137939310697,True,True
2024-02-01 15:00:00,33.48,33.95,33.37,33.37,166642.07,0.0001,63,3.45546301002996,0.0,trending,,584.8292347160561,0.03391402318505526,0.31163227781794073,True,True,584.6469830495071,0.34534228852917925,,trending,3.1155492160988905,0.619,41.0,AVAXUSDT,2024-02-01 15:00:00,AVAXUSDT,33.37,5.4615422999426935,LONG,0.7714,0.1524,588.1216036437235,0.0,0.0,0.0,588.1216036437235,0.0,0.0,0.0,3.45546301002996,3.45546301002996,1.0,3.45546301002996,True,True
2024-02-01 16:00:00,33.37,33.46,32.93,33.29,129112.26,0.0001,63,5.403985046827225,0.0,trending,,584.1629475035484,0.3447998412477452,0.19559866343497734,False,,584.1629475035484,0.3447998412477452,,trending,1.9485220367972653,0.6857,42.0,AVAXUSDT,2024-02-01 16:00:00,,,,,0.819,0.1333,588.1216036437235,0.0,0.0,0.0,588.1216036437235,0.0,0.0,0.0,5.403985046827225,5.403985046827225,1.0,5.403985046827225,True,False
2024-02-01 17:00:00,33.28,33.85,33.27,33.69,154559.26,0.0001,63,-6.354075553815913,0.0,trending,,586.5831252333417,0.3475031253426266,-0.9829106807242179,True,True,586.0065664144172,-0.6360327187341251,,trending,-11.758060600643137,0.5667,43.0,AVAXUSDT,2024-02-01 17:00:00,AVAXUSDT,33.69,11.063204203995591,SHORT,0.7762,0.2095,588.1216036437235,0.0,0.0,0.0,588.1216036437235,0.0,0.0,0.0,-6.354075553815913,-6.354075553815913,1.0,-6.354075553815913,True,True
2024-02-01 18:00:00,33.71,33.72,33.21,33.39,71121.98,0.0001,63,2.888287686740387,0.0,trending,,589.3255276756158,-0.6268189159026942,0.915647684576733,True,True,588.7855433505792,0.28880456434537594,,trending,9.2423632405563,0.5381,44.0,AVAXUSDT,2024-02-01 18:00:00,AVAXUSDT,33.39,5.097758805232891,LONG,0.7762,0.2381,588.1216036437235,0.0,0.0,0.0,588.1216036437235,0.0,0.0,0.0,2.888287686740387,2.888287686740387,1.0,2.888287686740387,True,True
2024-02-01 19:00:00,33.38,33.8,33.27,33.72,69381.66,0.0001,63,-6.8303169090428915,0.0,trending,,590.4661214959003,0.2908287609295683,-0.9738604518338574,True,True,589.8910898920277,-0.6836975168769928,,trending,-9.718604595783278,0.4048,45.0,AVAXUSDT,2024-02-01 19:00:00,AVAXUSDT,33.72,11.960470741015488,SHORT,0.7,0.2952,588.1216036437235,0.0,0.0,0.0,588.1216036437235,0.0,0.0,0.0,-6.8303169090428915,-6.8303169090428915,1.0,-6.8303169090428915,True,True
2024-02-01 20:00:00,33.72,33.83,33.53,33.62,63093.29,0.0001,63,-3.390889498917011,0.0,trending,,591.0871369661293,-0.6802906055050605,0.3412016556133594,True,True,590.8852551745931,-0.3392048029851651,,trending,3.4394274101258806,0.3524,46.0,AVAXUSDT,2024-02-01 20:00:00,AVAXUSDT,33.62,5.998807547430215,REDUCE_SHORT,0.6381,0.2857,588.1216036437235,0.0,0.0,0.0,588.1216036437235,0.0,0.0,0.0,-3.390889498917011,-3.390889498917011,1.0,-3.390889498917011,True,True
2024-02-01 21:00:00,33.62,33.97,33.58,33.89,99244.86,0.0001,63,-11.500262859822545,0.0,trending,,589.275606112325,-0.3428629380461624,-0.8071633479360921,True,True,588.7999644412383,-1.1509552949114201,,trending,-8.109373360905535,0.4667,47.0,AVAXUSDT,2024-02-01 21:00:00,AVAXUSDT,33.89,14.0348678396782,SHORT,0.6,0.1333,588.1216036437235,0.0,0.0,0.0,588.1216036437235,0.0,0.0,0.0,-11.500262859822545,-11.500262859822545,1.0,-11.500262859822545,True,True
2024-02-01 21:00:00,33.62,33.97,33.58,33.89,99244.86,0.0001,63,,,,,588.7999644412383,-1.1509552949114201,1.1509552949114201,,True,588.1216036437235,0.0,,,,,,,,AVAXUSDT,33.89,-19.996531033263473,CLOSE,,,588.1216036437235,0.0,0.0,0.0,588.1216036437235,0.0,0.0,0.0,,,,,,
