timestamp,open,high,low,close,volume,funding_rate,fear_greed,forecast,confidence,regime,strategy,total_portfolio_value,previous_allocation,allocation_change,approved_rebalance,succcess_execute_portfolio_rebalance,postRebalance_total_value,postRebalance_current_allocation,debug_info.error,debug_info.regime,debug_info.forecast_delta,debug_info.regime_scores,debug_info.regime_margin,debug_info.bars_in_regime,debug_approve_allocation_change.symbol,debug_approve_allocation_change.time,debug_execute_portfolio_rebalance.symbol,debug_execute_portfolio_rebalance.price,debug_execute_portfolio_rebalance.quantity,debug_execute_portfolio_rebalance.trade_type,balances.USDT.free,balances.USDT.locked,balances.ETHUSDT.free,balances.ETHUSDT.locked,postRebalance_balances.USDT.free,postRebalance_balances.USDT.locked,postRebalance_balances.ETHUSDT.free,postRebalance_balances.ETHUSDT.locked,debug_info.components.rsi.last_history_value,debug_info.components.rsi.post_pipeline_value,debug_info.components.rsi.weight_normalized,debug_info.components.rsi.weighted_contribution,debug_approve_allocation_change.controls.max_allocation_change.passed,debug_approve_allocation_change.controls.min_allocation_change.passed
2024-01-01 00:00:00,2281.87,2297.18,2281.27,2295.51,10771.9183,0.00027858,65,0.0,0.0,NOT_READY,,1000.0,0.0,0.0,,,1000.0,0.0,Strategy not ready,,,,,,,,,,,,776.8648745020199,0.0,0.0,0.0,776.8648745020199,0.0,0.0,0.0,,,,,,
2024-01-01 01:00:00,2295.52,2306.6,2292.9,2303.72,8413.426,0.00027858,65,0.0,0.0,NOT_READY,,1000.0,0.0,0.0,,,1000.0,0.0,Strategy not ready,,,,,,,,,,,,776.8648745020199,0.0,0.0,0.0,776.8648745020199,0.0,0.0,0.0,,,,,,
2024-01-01 02:00:00,2303.72,2304.72,2291.2,2293.02,5808.2533,0.00027858,65,0.0,0.0,NOT_READY,,1000.0,0.0,0.0,,,1000.0,0.0,Strategy not ready,,,,,,,,,,,,776.8648745020199,0.0,0.0,0.0,776.8648745020199,0.0,0.0,0.0,,,,,,
2024-01-01 03:00:00,2293.03,2294.5,2271.0,2273.81,10745.736,0.00027858,65,0.0,0.0,NOT_READY,,1000.0,0.0,0.0,,,1000.0,0.0,Strategy not ready,,,,,,,,,,,,776.8648745020199,0.0,0.0,0.0,776.8648745020199,0.0,0.0,0.0,,,,,,
2024-01-01 04:00:00,2273.8,2279.86,2265.24,2279.55,9681.5762,0.00027858,65,0.0,0.0,NOT_READY,,1000.0,0.0,0.0,,,1000.0,0.0,Strategy not ready,,,,,,,,,,,,776.8648745020199,0.0,0.0,0.0,776.8648745020199,0.0,0.0,0.0,,,,,,
2024-01-01 05:00:00,2279.54,2283.36,2272.62,2275.89,6705.1165,0.00027858,65,0.0,0.0,NOT_READY,,1000.0,0.0,0.0,,,1000.0,0.0,Strategy not ready,,,,,,,,,,,,776.8648745020199,0.0,0.0,0.0,776.8648745020199,0.0,0.0,0.0,,,,,,
2024-01-01 06:00:00,2275.89,2283.31,2274.16,2281.9,6056.6319,0.00027858,65,0.0,0.0,NOT_READY,,1000.0,0.0,0.0,,,1000.0,0.0,Strategy not ready,,,,,,,,,,,,776.8648745020199,0.0,0.0,0.0,776.8648745020199,0.0,0.0,0.0,,,,,,
2024-01-01 07:00:00,2281.9,2287.88,2281.51,2284.67,5664.1887,0.00027858,65,0.0,0.0,NOT_READY,,1000.0,0.0,0.0,,,1000.0,0.0,Strategy not ready,,,,,,,,,,,,776.8648745020199,0.0,0.0,0.0,776.8648745020199,0.0,0.0,0.0,,,,,,
2024-01-01 08:00:00,2284.68,2287.38,2280.0,2287.01,5571.1935,0.00031096,65,0.0,0.0,NOT_READY,,1000.0,0.0,0.0,,,1000.0,0.0,Strategy not ready,,,,,,,,,,,,776.8648745020199,0.0,0.0,0.0,776.8648745020199,0.0,0.0,0.0,,,,,,
2024-01-01 09:00:00,2287.01,2300.0,2287.0,2299.8,8083.262,0.00031096,65,0.0,0.0,NOT_READY,,1000.0,0.0,0.0,,,1000.0,0.0,Strategy not ready,,,,,,,,,,,,776.8648745020199,0.0,0.0,0.0,776.8648745020199,0.0,0.0,0.0,,,,,,
2024-01-01 10:00:00,2299.8,2303.0,2297.4,2302.04,8188.7741,0.00031096,65,0.0,0.0,NOT_READY,,1000.0,0.0,0.0,,,1000.0,0.0,Strategy not ready,,,,,,,,,,,,776.8648745020199,0.0,0.0,0.0,776.8648745020199,0.0,0.0,0.0,,,,,,
2024-01-01 11:00:00,2302.04,2305.05,2299.0,2304.47,6050.8796,0.00031096,65,0.0,0.0,NOT_READY,,1000.0,0.0,0.0,,,1000.0,0.0,Strategy not ready,,,,,,,,,,,,776.8648745020199,0.0,0.0,0.0,776.8648745020199,0.0,0.0,0.0,,,,,,
2024-01-01 12:00:00,2304.47,2307.24,2299.04,2299.43,7257.2379,0.00031096,65,0.0,0.0,NOT_READY,,1000.0,0.0,0.0,,,1000.0,0.0,Strategy not ready,,,,,,,,,,,,776.8648745020199,0.0,0.0,0.0,776.8648745020199,0.0,0.0,0.0,,,,,,
2024-01-01 13:00:00,2299.42,2308.2,2298.07,2304.16,5288.8224,0.00031096,65,0.0,0.0,NOT_READY,,1000.0,0.0,0.0,,,1000.0,0.0,Strategy not ready,,,,,,,,,,,,776.8648745020199,0.0,0.0,0.0,776.8648745020199,0.0,0.0,0.0,,,,,,
2024-01-01 14:00:00,2304.16,2305.11,2294.84,2300.99,7316.2575,0.00031096,65,0.0,0.0,NOT_READY,,1000.0,0.0,0.0,,,1000.0,0.0,Strategy not ready,,,,,,,,,,,,776.8648745020199,0.0,0.0,0.0,776.8648745020199,0.0,0.0,0.0,,,,,,
2024-01-01 15:00:00,2300.99,2318.34,2299.2,2314.7,12303.5344,0.00031096,65,0.0,0.0,NOT_READY,,1000.0,0.0,0.0,,,1000.0,0.0,Strategy not ready,,,,,,,,,,,,776.8648745020199,0.0,0.0,0.0,776.8648745020199,0.0,0.0,0.0,,,,,,
2024-01-01 16:00:00,2314.69,2319.55,2306.53,2309.89,11755.1864,0.00043011,65,0.0,0.0,NOT_READY,,1000.0,0.0,0.0,,,1000.0,0.0,Strategy not ready,,,,,,,,,,,,776.8648745020199,0.0,0.0,0.0,776.8648745020199,0.0,0.0,0.0,,,,,,
2024-01-01 17:00:00,2309.89,2317.09,2306.48,2313.76,8560.8241,0.00043011,65,0.0,0.0,NOT_READY,,1000.0,0.0,0.0,,,1000.0,0.0,Strategy not ready,,,,,,,,,,,,776.8648745020199,0.0,0.0,0.0,776.8648745020199,0.0,0.0,0.0,,,,,,
2024-01-01 18:00:00,2313.77,2331.77,2313.76,2326.9,15349.3543,0.00043011,65,0.0,0.0,NOT_READY,,1000.0,0.0,0.0,,,1000.0,0.0,Strategy not ready,,,,,,,,,,,,776.8648745020199,0.0,0.0,0.0,776.8648745020199,0.0,0.0,0.0,,,,,,
2024-01-01 19:00:00,2326.9,2340.98,2322.0,2337.26,11136.8878,0.00043011,65,0.0,0.0,NOT_READY,,1000.0,0.0,0.0,,,1000.0,0.0,Strategy not ready,,,,,,,,,,,,776.8648745020199,0.0,0.0,0.0,776.8648745020199,0.0,0.0,0.0,,,,,,
2024-01-01 20:00:00,2337.27,2348.78,2335.25,2340.98,17493.0377,0.00043011,65,0.0,0.0,NOT_READY,,1000.0,0.0,0.0,,,1000.0,0.0,Strategy not ready,,,,,,,,,,,,776.8648745020199,0.0,0.0,0.0,776.8648745020199,0.0,0.0,0.0,,,,,,
2024-01-01 21:00:00,2340.98,2346.55,2332.2,2337.83,10238.9674,0.00043011,65,0.0,0.0,NOT_READY,,1000.0,0.0,0.0,,,1000.0,0.0,Strategy not ready,,,,,,,,,,,,776.8648745020199,0.0,0.0,0.0,776.8648745020199,0.0,0.0,0.0,,,,,,
2024-01-01 22:00:00,2337.83,2339.1,2323.66,2334.21,6444.2583,0.00043011,65,0.0,0.0,NOT_READY,,1000.0,0.0,0.0,,,1000.0,0.0,Strategy not ready,,,,,,,,,,,,776.8648745020199,0.0,0.0,0.0,776.8648745020199,0.0,0.0,0.0,,,,,,
2024-01-01 23:00:00,2334.22,2352.37,2334.17,2352.04,11817.3671,0.00043011,65,0.0,0.0,NOT_READY,,1000.0,0.0,0.0,,,1000.0,0.0,Strategy not ready,,,,,,,,,,,,776.8648745020199,0.0,0.0,0.0,776.8648745020199,0.0,0.0,0.0,,,,,,
2024-01-02 00:00:00,2352.05,2391.43,2346.95,2387.58,40687.4646,0.00053505,71,0.0,0.0,NOT_READY,,1000.0,0.0,0.0,,,1000.0,0.0,Strategy not ready,,,,,,,,,,,,776.8648745020199,0.0,0.0,0.0,776.8648745020199,0.0,0.0,0.0,,,,,,
2024-01-02 01:00:00,2387.59,2397.56,2370.38,2378.08,29424.4237,0.00053505,71,0.0,0.0,NOT_READY,,1000.0,0.0,0.0,,,1000.0,0.0,Strategy not ready,,,,,,,,,,,,776.8648745020199,0.0,0.0,0.0,776.8648745020199,0.0,0.0,0.0,,,,,,
2024-01-02 02:00:00,2378.09,2382.96,2373.65,2382.95,13292.5147,0.00053505,71,0.0,0.0,NOT_READY,,1000.0,0.0,0.0,,,1000.0,0.0,Strategy not ready,,,,,,,,,,,,776.8648745020199,0.0,0.0,0.0,776.8648745020199,0.0,0.0,0.0,,,,,,
2024-01-02 03:00:00,2382.96,2388.61,2371.47,2386.43,16262.0974,0.00053505,71,0.0,0.0,NOT_READY,,1000.0,0.0,0.0,,,1000.0,0.0,Strategy not ready,,,,,,,,,,,,776.8648745020199,0.0,0.0,0.0,776.8648745020199,0.0,0.0,0.0,,,,,,
2024-01-02 04:00:00,2386.42,2390.44,2378.58,2387.66,12124.3336,0.00053505,71,0.0,0.0,NOT_READY,,1000.0,0.0,0.0,,,1000.0,0.0,Strategy not ready,,,,,,,,,,,,776.8648745020199,0.0,0.0,0.0,776.8648745020199,0.0,0.0,0.0,,,,,,
2024-01-02 05:00:00,2387.66,2392.4,2377.18,2377.48,14852.3142,0.00053505,71,0.0,0.0,NOT_READY,,1000.0,0.0,0.0,,,1000.0,0.0,Strategy not ready,,,,,,,,,,,,776.8648745020199,0.0,0.0,0.0,776.8648745020199,0.0,0.0,0.0,,,,,,
2024-01-02 06:00:00,2377.47,2383.68,2373.86,2373.86,10223.5551,0.00053505,71,0.0,0.0,NOT_READY,,1000.0,0.0,0.0,,,1000.0,0.0,Strategy not ready,,,,,,,,,,,,776.8648745020199,0.0,0.0,0.0,776.8648745020199,0.0,0.0,0.0,,,,,,
2024-01-02 07:00:00,2373.86,2388.93,2373.69,2385.84,13341.4557,0.00053505,71,0.0,0.0,NOT_READY,,1000.0,0.0,0.0,,,1000.0,0.0,Strategy not ready,,,,,,,,,,,,776.8648745020199,0.0,0.0,0.0,776.8648745020199,0.0,0.0,0.0,,,,,,
2024-01-02 08:00:00,2385.84,2431.3,2380.09,2426.49,48568.8207,0.0005124,71,0.0,0.0,NOT_READY,,1000.0,0.0,0.0,,,1000.0,0.0,Strategy not ready,,,,,,,,,,,,776.8648745020199,0.0,0.0,0.0,776.8648745020199,0.0,0.0,0.0,,,,,,
2024-01-02 09:00:00,2426.49,2428.43,2411.74,2413.77,21469.8389,0.0005124,71,0.0,0.0,NOT_READY,,1000.0,0.0,0.0,,,1000.0,0.0,Strategy not ready,,,,,,,,,,,,776.8648745020199,0.0,0.0,0.0,776.8648745020199,0.0,0.0,0.0,,,,,,
2024-01-02 10:00:00,2413.77,2416.4,2392.85,2398.14,19010.6342,0.0005124,71,0.0,0.0,NOT_READY,,1000.0,0.0,0.0,,,1000.0,0.0,Strategy not ready,,,,,,,,,,,,776.8648745020199,0.0,0.0,0.0,776.8648745020199,0.0,0.0,0.0,,,,,,
2024-01-02 11:00:00,2398.15,2402.91,2380.36,2391.24,17120.8522,0.0005124,71,0.0,0.0,NOT_READY,,1000.0,0.0,0.0,,,1000.0,0.0,Strategy not ready,,,,,,,,,,,,776.8648745020199,0.0,0.0,0.0,776.8648745020199,0.0,0.0,0.0,,,,,,
2024-01-02 12:00:00,2391.24,2404.68,2382.73,2386.85,15110.638,0.0005124,71,0.0,0.0,NOT_READY,,1000.0,0.0,0.0,,,1000.0,0.0,Strategy not ready,,,,,,,,,,,,776.8648745020199,0.0,0.0,0.0,776.8648745020199,0.0,0.0,0.0,,,,,,
2024-01-02 13:00:00,2386.85,2400.78,2382.22,2398.0,13619.2626,0.0005124,71,0.0,0.0,NOT_READY,,1000.0,0.0,0.0,,,1000.0,0.0,Strategy not ready,,,,,,,,,,,,776.8648745020199,0.0,0.0,0.0,776.8648745020199,0.0,0.0,0.0,,,,,,
2024-01-02 14:00:00,2398.01,2402.65,2354.92,2367.28,33817.2174,0.0005124,71,0.0,0.0,NOT_READY,,1000.0,0.0,0.0,,,1000.0,0.0,Strategy not ready,,,,,,,,,,,,776.8648745020199,0.0,0.0,0.0,776.8648745020199,0.0,0.0,0.0,,,,,,
2024-01-02 15:00:00,2367.27,2371.14,2352.04,2357.48,25617.6125,0.0005124,71,0.0,0.0,NOT_READY,,1000.0,0.0,0.0,,,1000.0,0.0,Strategy not ready,,,,,,,,,,,,776.8648745020199,0.0,0.0,0.0,776.8648745020199,0.0,0.0,0.0,,,,,,
2024-01-02 16:00:00,2357.48,2369.6,2350.19,2367.91,18916.5505,0.00063801,71,0.0,0.0,NOT_READY,,1000.0,0.0,0.0,,,1000.0,0.0,Strategy not ready,,,,,,,,,,,,776.8648745020199,0.0,0.0,0.0,776.8648745020199,0.0,0.0,0.0,,,,,,
2024-01-02 17:00:00,2367.92,2368.14,2350.95,2357.43,11178.9001,0.00063801,71,0.0,0.0,NOT_READY,,1000.0,0.0,0.0,,,1000.0,0.0,Strategy not ready,,,,,,,,,,,,776.8648745020199,0.0,0.0,0.0,776.8648745020199,0.0,0.0,0.0,,,,,,
2024-01-02 18:00:00,2357.43,2369.6,2355.54,2365.7,8386.0845,0.00063801,71,0.0,0.0,NOT_READY,,1000.0,0.0,0.0,,,1000.0,0.0,Strategy not ready,,,,,,,,,,,,776.8648745020199,0.0,0.0,0.0,776.8648745020199,0.0,0.0,0.0,,,,,,
2024-01-02 19:00:00,2365.7,2372.75,2354.79,2369.19,18480.2093,0.00063801,71,0.0,0.0,NOT_READY,,1000.0,0.0,0.0,,,1000.0,0.0,Strategy not ready,,,,,,,,,,,,776.8648745020199,0.0,0.0,0.0,776.8648745020199,0.0,0.0,0.0,,,,,,
2024-01-02 20:00:00,2369.19,2380.0,2358.32,2359.87,15536.6175,0.00063801,71,0.0,0.0,NOT_READY,,1000.0,0.0,0.0,,,1000.0,0.0,Strategy not ready,,,,,,,,,,,,776.8648745020199,0.0,0.0,0.0,776.8648745020199,0.0,0.0,0.0,,,,,,
2024-01-02 21:00:00,2359.86,2366.34,2341.0,2366.34,16682.1997,0.00063801,71,0.0,0.0,NOT_READY,,1000.0,0.0,0.0,,,1000.0,0.0,Strategy not ready,,,,,,,,,,,,776.8648745020199,0.0,0.0,0.0,776.8648745020199,0.0,0.0,0.0,,,,,,
2024-01-02 22:00:00,2366.33,2372.5,2357.53,2359.03,9548.8149,0.00063801,71,0.0,0.0,NOT_READY,,1000.0,0.0,0.0,,,1000.0,0.0,Strategy not ready,,,,,,,,,,,,776.8648745020199,0.0,0.0,0.0,776.8648745020199,0.0,0.0,0.0,,,,,,
2024-01-02 23:00:00,2359.02,2363.24,2351.0,2355.34,14769.2522,0.00063801,71,0.0,0.0,NOT_READY,,1000.0,0.0,0.0,,,1000.0,0.0,Strategy not ready,,,,,,,,,,,,776.8648745020199,0.0,0.0,0.0,776.8648745020199,0.0,0.0,0.0,,,,,,
2024-01-03 00:00:00,2355.35,2367.0,2347.4,2361.39,14703.209,0.00028538,70,0.0,0.0,NOT_READY,,1000.0,0.0,0.0,,,1000.0,0.0,Strategy not ready,,,,,,,,,,,,776.8648745020199,0.0,0.0,0.0,776.8648745020199,0.0,0.0,0.0,,,,,,
2024-01-03 01:00:00,2361.39,2375.0,2360.04,2373.08,10216.5552,0.00028538,70,0.0,0.0,NOT_READY,,1000.0,0.0,0.0,,,1000.0,0.0,Strategy not ready,,,,,,,,,,,,776.8648745020199,0.0,0.0,0.0,776.8648745020199,0.0,0.0,0.0,,,,,,
2024-01-03 02:00:00,2373.08,2384.66,2367.33,2368.75,14123.3289,0.00028538,70,0.0,0.0,NOT_READY,,1000.0,0.0,0.0,,,1000.0,0.0,Strategy not ready,,,,,,,,,,,,776.8648745020199,0.0,0.0,0.0,776.8648745020199,0.0,0.0,0.0,,,,,,
2024-01-03 03:00:00,2368.75,2370.31,2364.21,2368.51,7666.7494,0.00028538,70,0.0,0.0,NOT_READY,,1000.0,0.0,0.0,,,1000.0,0.0,Strategy not ready,,,,,,,,,,,,776.8648745020199,0.0,0.0,0.0,776.8648745020199,0.0,0.0,0.0,,,,,,
2024-01-03 04:00:00,2368.51,2373.9,2363.21,2370.5,11719.5227,0.00028538,70,0.0,0.0,NOT_READY,,1000.0,0.0,0.0,,,1000.0,0.0,Strategy not ready,,,,,,,,,,,,776.8648745020199,0.0,0.0,0.0,776.8648745020199,0.0,0.0,0.0,,,,,,
2024-01-03 05:00:00,2370.51,2379.61,2367.99,2376.94,9631.564,0.00028538,70,0.0,0.0,NOT_READY,,1000.0,0.0,0.0,,,1000.0,0.0,Strategy not ready,,,,,,,,,,,,776.8648745020199,0.0,0.0,0.0,776.8648745020199,0.0,0.0,0.0,,,,,,
2024-01-03 06:00:00,2376.94,2380.9,2373.6,2375.34,9648.9752,0.00028538,70,0.0,0.0,NOT_READY,,1000.0,0.0,0.0,,,1000.0,0.0,Strategy not ready,,,,,,,,,,,,776.8648745020199,0.0,0.0,0.0,776.8648745020199,0.0,0.0,0.0,,,,,,
2024-01-03 07:00:00,2375.35,2379.68,2356.99,2361.64,15554.4245,0.00028538,70,0.0,0.0,NOT_READY,,1000.0,0.0,0.0,,,1000.0,0.0,Strategy not ready,,,,,,,,,,,,776.8648745020199,0.0,0.0,0.0,776.8648745020199,0.0,0.0,0.0,,,,,,
2024-01-03 08:00:00,2361.65,2371.4,2361.26,2370.5,11377.5475,0.00024384,70,0.0,0.0,NOT_READY,,1000.0,0.0,0.0,,,1000.0,0.0,Strategy not ready,,,,,,,,,,,,776.8648745020199,0.0,0.0,0.0,776.8648745020199,0.0,0.0,0.0,,,,,,
2024-01-03 09:00:00,2370.5,2385.45,2370.29,2376.01,17937.7063,0.00024384,70,0.0,0.0,NOT_READY,,1000.0,0.0,0.0,,,1000.0,0.0,Strategy not ready,,,,,,,,,,,,776.8648745020199,0.0,0.0,0.0,776.8648745020199,0.0,0.0,0.0,,,,,,
2024-01-03 10:00:00,2376.02,2380.84,2360.88,2364.58,20258.2137,0.00024384,70,0.0,0.0,NOT_READY,,1000.0,0.0,0.0,,,1000.0,0.0,Strategy not ready,,,,,,,,,,,,776.8648745020199,0.0,0.0,0.0,776.8648745020199,0.0,0.0,0.0,,,,,,
2024-01-03 11:00:00,2364.58,2365.62,2294.01,2307.68,59133.3805,0.00024384,70,0.0,0.0,NOT_READY,,1000.0,0.0,0.0,,,1000.0,0.0,Strategy not ready,,,,,,,,,,,,776.8648745020199,0.0,0.0,0.0,776.8648745020199,0.0,0.0,0.0,,,,,,
2024-01-03 12:00:00,2307.99,2308.6,2100.0,2248.55,209264.8157,0.00024384,70,0.0,0.0,NOT_READY,,1000.0,0.0,0.0,,,1000.0,0.0,Strategy not ready,,,,,,,,,,,,776.8648745020199,0.0,0.0,0.0,776.8648745020199,0.0,0.0,0.0,,,,,,
2024-01-03 13:00:00,2248.55,2248.8,2206.96,2223.79,65271.6267,0.00024384,70,0.0,0.0,NOT_READY,,1000.0,0.0,0.0,,,1000.0,0.0,Strategy not ready,,,,,,,,,,,,776.8648745020199,0.0,0.0,0.0,776.8648745020199,0.0,0.0,0.0,,,,,,
2024-01-03 14:00:00,2223.79,2224.0,2191.0,2193.77,48027.5734,0.00024384,70,0.0,0.0,NOT_READY,,1000.0,0.0,0.0,,,1000.0,0.0,Strategy not ready,,,,,,,,,,,,776.8648745020199,0.0,0.0,0.0,776.8648745020199,0.0,0.0,0.0,,,,,,
2024-01-03 15:00:00,2193.76,2241.0,2190.0,2240.4,47153.4205,0.00024384,70,0.0,0.0,NOT_READY,,1000.0,0.0,0.0,,,1000.0,0.0,Strategy not ready,,,,,,,,,,,,776.8648745020199,0.0,0.0,0.0,776.8648745020199,0.0,0.0,0.0,,,,,,
2024-01-03 16:00:00,2240.39,2245.33,2222.11,2231.4,55308.6344,0.0001,70,0.0,0.0,NOT_READY,,1000.0,0.0,0.0,,,1000.0,0.0,Strategy not ready,,,,,,,,,,,,776.8648745020199,0.0,0.0,0.0,776.8648745020199,0.0,0.0,0.0,,,,,,
2024-01-03 17:00:00,2231.41,2235.0,2212.0,2223.3,31364.4458,0.0001,70,0.0,0.0,NOT_READY,,1000.0,0.0,0.0,,,1000.0,0.0,Strategy not ready,,,,,,,,,,,,776.8648745020199,0.0,0.0,0.0,776.8648745020199,0.0,0.0,0.0,,,,,,
2024-01-03 18:00:00,2223.3,2227.99,2188.0,2198.23,35399.3147,0.0001,70,0.0,0.0,NOT_READY,,1000.0,0.0,0.0,,,1000.0,0.0,Strategy not ready,,,,,,,,,,,,776.8648745020199,0.0,0.0,0.0,776.8648745020199,0.0,0.0,0.0,,,,,,
2024-01-03 19:00:00,2198.23,2229.11,2197.26,2206.53,30235.3792,0.0001,70,0.0,0.0,NOT_READY,,1000.0,0.0,0.0,,,1000.0,0.0,Strategy not ready,,,,,,,,,,,,776.8648745020199,0.0,0.0,0.0,776.8648745020199,0.0,0.0,0.0,,,,,,
2024-01-03 20:00:00,2206.54,2223.63,2205.28,2218.28,21326.7288,0.0001,70,0.0,0.0,NOT_READY,,1000.0,0.0,0.0,,,1000.0,0.0,Strategy not ready,,,,,,,,,,,,776.8648745020199,0.0,0.0,0.0,776.8648745020199,0.0,0.0,0.0,,,,,,
2024-01-03 21:00:00,2218.29,2227.87,2211.93,2226.03,18373.485,0.0001,70,0.0,0.0,NOT_READY,,1000.0,0.0,0.0,,,1000.0,0.0,Strategy not ready,,,,,,,,,,,,776.8648745020199,0.0,0.0,0.0,776.8648745020199,0.0,0.0,0.0,,,,,,
2024-01-03 22:00:00,2226.02,2226.45,2200.0,2205.39,20334.8895,0.0001,70,0.0,0.0,NOT_READY,,1000.0,0.0,0.0,,,1000.0,0.0,Strategy not ready,,,,,,,,,,,,776.8648745020199,0.0,0.0,0.0,776.8648745020199,0.0,0.0,0.0,,,,,,
2024-01-03 23:00:00,2205.38,2210.26,2196.23,2209.72,14697.9963,0.0001,70,0.0,0.0,NOT_READY,,1000.0,0.0,0.0,,,1000.0,0.0,Strategy not ready,,,,,,,,,,,,776.8648745020199,0.0,0.0,0.0,776.8648745020199,0.0,0.0,0.0,,,,,,
2024-01-04 00:00:00,2209.72,2219.92,2206.44,2210.64,13776.3421,0.0001,68,0.0,0.0,NOT_READY,,1000.0,0.0,0.0,,,1000.0,0.0,Strategy not ready,,,,,,,,,,,,776.8648745020199,0.0,0.0,0.0,776.8648745020199,0.0,0.0,0.0,,,,,,
2024-01-04 01:00:00,2210.64,2214.24,2201.91,2205.92,17337.1328,0.0001,68,0.0,0.0,NOT_READY,,1000.0,0.0,0.0,,,1000.0,0.0,Strategy not ready,,,,,,,,,,,,776.8648745020199,0.0,0.0,0.0,776.8648745020199,0.0,0.0,0.0,,,,,,
2024-01-04 02:00:00,2205.92,2232.89,2204.63,2231.59,13022.4081,0.0001,68,0.0,0.0,NOT_READY,,1000.0,0.0,0.0,,,1000.0,0.0,Strategy not ready,,,,,,,,,,,,776.8648745020199,0.0,0.0,0.0,776.8648745020199,0.0,0.0,0.0,,,,,,
2024-01-04 03:00:00,2231.6,2239.79,2225.23,2231.08,15194.924,0.0001,68,0.0,0.0,NOT_READY,,1000.0,0.0,0.0,,,1000.0,0.0,Strategy not ready,,,,,,,,,,,,776.8648745020199,0.0,0.0,0.0,776.8648745020199,0.0,0.0,0.0,,,,,,
2024-01-04 04:00:00,2231.07,2239.3,2227.8,2237.88,11737.6471,0.0001,68,0.0,0.0,NOT_READY,,1000.0,0.0,0.0,,,1000.0,0.0,Strategy not ready,,,,,,,,,,,,776.8648745020199,0.0,0.0,0.0,776.8648745020199,0.0,0.0,0.0,,,,,,
2024-01-04 05:00:00,2237.89,2244.04,2232.78,2235.93,15376.1833,0.0001,68,0.0,0.0,NOT_READY,,1000.0,0.0,0.0,,,1000.0,0.0,Strategy not ready,,,,,,,,,,,,776.8648745020199,0.0,0.0,0.0,776.8648745020199,0.0,0.0,0.0,,,,,,
2024-01-04 06:00:00,2235.93,2244.93,2235.0,2238.8,17678.9008,0.0001,68,0.0,0.0,NOT_READY,,1000.0,0.0,0.0,,,1000.0,0.0,Strategy not ready,,,,,,,,,,,,776.8648745020199,0.0,0.0,0.0,776.8648745020199,0.0,0.0,0.0,,,,,,
2024-01-04 07:00:00,2238.79,2241.83,2220.0,2221.85,24228.6995,0.0001,68,0.0,0.0,NOT_READY,,1000.0,0.0,0.0,,,1000.0,0.0,Strategy not ready,,,,,,,,,,,,776.8648745020199,0.0,0.0,0.0,776.8648745020199,0.0,0.0,0.0,,,,,,
2024-01-04 08:00:00,2221.85,2226.64,2211.13,2215.95,23815.4444,0.0001,68,0.0,0.0,NOT_READY,,1000.0,0.0,0.0,,,1000.0,0.0,Strategy not ready,,,,,,,,,,,,776.8648745020199,0.0,0.0,0.0,776.8648745020199,0.0,0.0,0.0,,,,,,
2024-01-04 09:00:00,2215.96,2229.71,2214.6,2223.4,10324.9931,0.0001,68,0.0,0.0,NOT_READY,,1000.0,0.0,0.0,,,1000.0,0.0,Strategy not ready,,,,,,,,,,,,776.8648745020199,0.0,0.0,0.0,776.8648745020199,0.0,0.0,0.0,,,,,,
2024-01-04 10:00:00,2223.41,2226.12,2205.0,2222.39,15301.0791,0.0001,68,0.0,0.0,NOT_READY,,1000.0,0.0,0.0,,,1000.0,0.0,Strategy not ready,,,,,,,,,,,,776.8648745020199,0.0,0.0,0.0,776.8648745020199,0.0,0.0,0.0,,,,,,
2024-01-04 11:00:00,2222.38,2230.71,2215.0,2228.14,11585.5486,0.0001,68,0.0,0.0,NOT_READY,,1000.0,0.0,0.0,,,1000.0,0.0,Strategy not ready,,,,,,,,,,,,776.8648745020199,0.0,0.0,0.0,776.8648745020199,0.0,0.0,0.0,,,,,,
2024-01-04 12:00:00,2228.13,2245.19,2222.7,2235.99,29830.227,0.0001,68,0.0,0.0,NOT_READY,,1000.0,0.0,0.0,,,1000.0,0.0,Strategy not ready,,,,,,,,,,,,776.8648745020199,0.0,0.0,0.0,776.8648745020199,0.0,0.0,0.0,,,,,,
2024-01-04 13:00:00,2235.99,2247.36,2231.8,2238.29,15912.5495,0.0001,68,0.0,0.0,NOT_READY,,1000.0,0.0,0.0,,,1000.0,0.0,Strategy not ready,,,,,,,,,,,,776.8648745020199,0.0,0.0,0.0,776.8648745020199,0.0,0.0,0.0,,,,,,
2024-01-04 14:00:00,2238.29,2274.48,2230.66,2273.25,32621.2049,0.0001,68,0.0,0.0,NOT_READY,,1000.0,0.0,0.0,,,1000.0,0.0,Strategy not ready,,,,,,,,,,,,776.8648745020199,0.0,0.0,0.0,776.8648745020199,0.0,0.0,0.0,,,,,,
2024-01-04 15:00:00,2273.26,2285.99,2261.93,2276.87,35027.0629,0.0001,68,0.0,0.0,NOT_READY,,1000.0,0.0,0.0,,,1000.0,0.0,Strategy not ready,,,,,,,,,,,,776.8648745020199,0.0,0.0,0.0,776.8648745020199,0.0,0.0,0.0,,,,,,
2024-01-04 16:00:00,2276.88,2280.97,2259.1,2269.58,29449.0032,0.0001,68,0.0,0.0,NOT_READY,,1000.0,0.0,0.0,,,1000.0,0.0,Strategy not ready,,,,,,,,,,,,776.8648745020199,0.0,0.0,0.0,776.8648745020199,0.0,0.0,0.0,,,,,,
2024-01-04 17:00:00,2269.59,2289.26,2267.35,2274.72,29583.6827,0.0001,68,0.0,0.0,NOT_READY,,1000.0,0.0,0.0,,,1000.0,0.0,Strategy not ready,,,,,,,,,,,,776.8648745020199,0.0,0.0,0.0,776.8648745020199,0.0,0.0,0.0,,,,,,
2024-01-04 18:00:00,2274.72,2279.96,2268.28,2273.76,13302.1568,0.0001,68,0.0,0.0,NOT_READY,,1000.0,0.0,0.0,,,1000.0,0.0,Strategy not ready,,,,,,,,,,,,776.8648745020199,0.0,0.0,0.0,776.8648745020199,0.0,0.0,0.0,,,,,,
2024-01-04 19:00:00,2273.76,2294.08,2271.01,2274.27,19089.4206,0.0001,68,0.0,0.0,NOT_READY,,1000.0,0.0,0.0,,,1000.0,0.0,Strategy not ready,,,,,,,,,,,,776.8648745020199,0.0,0.0,0.0,776.8648745020199,0.0,0.0,0.0,,,,,,
2024-01-04 20:00:00,2274.27,2294.69,2272.68,2273.4,18305.4429,0.0001,68,0.0,0.0,NOT_READY,,1000.0,0.0,0.0,,,1000.0,0.0,Strategy not ready,,,,,,,,,,,,776.8648745020199,0.0,0.0,0.0,776.8648745020199,0.0,0.0,0.0,,,,,,
2024-01-04 21:00:00,2273.4,2288.46,2268.51,2273.17,15060.3368,0.0001,68,0.0,0.0,NOT_READY,,1000.0,0.0,0.0,,,1000.0,0.0,Strategy not ready,,,,,,,,,,,,776.8648745020199,0.0,0.0,0.0,776.8648745020199,0.0,0.0,0.0,,,,,,
2024-01-04 22:00:00,2273.17,2286.75,2261.57,2270.0,13156.9883,0.0001,68,0.0,0.0,NOT_READY,,1000.0,0.0,0.0,,,1000.0,0.0,Strategy not ready,,,,,,,,,,,,776.8648745020199,0.0,0.0,0.0,776.8648745020199,0.0,0.0,0.0,,,,,,
2024-01-04 23:00:00,2270.01,2275.76,2266.57,2267.11,8126.6765,0.0001,68,0.0,0.0,NOT_READY,,1000.0,0.0,0.0,,,1000.0,0.0,Strategy not ready,,,,,,,,,,,,776.8648745020199,0.0,0.0,0.0,776.8648745020199,0.0,0.0,0.0,,,,,,
2024-01-05 00:00:00,2267.11,2274.76,2261.0,2267.62,11988.5698,0.0001,72,0.0,0.0,NOT_READY,,1000.0,0.0,0.0,,,1000.0,0.0,Strategy not ready,,,,,,,,,,,,776.8648745020199,0.0,0.0,0.0,776.8648745020199,0.0,0.0,0.0,,,,,,
2024-01-05 01:00:00,2267.62,2271.12,2212.0,2237.93,36936.1632,0.0001,72,0.0,0.0,NOT_READY,,1000.0,0.0,0.0,,,1000.0,0.0,Strategy not ready,,,,,,,,,,,,776.8648745020199,0.0,0.0,0.0,776.8648745020199,0.0,0.0,0.0,,,,,,
2024-01-05 02:00:00,2237.94,2251.2,2231.71,2240.4,19014.2827,0.0001,72,0.0,0.0,NOT_READY,,1000.0,0.0,0.0,,,1000.0,0.0,Strategy not ready,,,,,,,,,,,,776.8648745020199,0.0,0.0,0.0,776.8648745020199,0.0,0.0,0.0,,,,,,
2024-01-05 03:00:00,2240.41,2250.47,2238.92,2242.28,8943.3291,0.0001,72,0.0,0.0,NOT_READY,,1000.0,0.0,0.0,,,1000.0,0.0,Strategy not ready,,,,,,,,,,,,776.8648745020199,0.0,0.0,0.0,776.8648745020199,0.0,0.0,0.0,,,,,,
2024-01-05 04:00:00,2242.29,2247.63,2234.3,2243.85,12945.6834,0.0001,72,0.0,0.0,NOT_READY,,1000.0,0.0,0.0,,,1000.0,0.0,Strategy not ready,,,,,,,,,,,,776.8648745020199,0.0,0.0,0.0,776.8648745020199,0.0,0.0,0.0,,,,,,
2024-01-05 05:00:00,2243.86,2248.0,2241.42,2246.45,9594.8614,0.0001,72,0.0,0.0,NOT_READY,,1000.0,0.0,0.0,,,1000.0,0.0,Strategy not ready,,,,,,,,,,,,776.8648745020199,0.0,0.0,0.0,776.8648745020199,0.0,0.0,0.0,,,,,,
2024-01-05 06:00:00,2246.45,2257.87,2240.48,2255.34,18363.4853,0.0001,72,0.0,0.0,NOT_READY,,1000.0,0.0,0.0,,,1000.0,0.0,Strategy not ready,,,,,,,,,,,,776.8648745020199,0.0,0.0,0.0,776.8648745020199,0.0,0.0,0.0,,,,,,
2024-01-05 07:00:00,2255.34,2265.72,2252.74,2252.75,17584.0775,0.0001,72,0.0,0.0,NOT_READY,,1000.0,0.0,0.0,,,1000.0,0.0,Strategy not ready,,,,,,,,,,,,776.8648745020199,0.0,0.0,0.0,776.8648745020199,0.0,0.0,0.0,,,,,,
2024-01-05 08:00:00,2252.75,2259.2,2250.0,2252.24,15264.3154,0.0001,72,0.0,0.0,NOT_READY,,1000.0,0.0,0.0,,,1000.0,0.0,Strategy not ready,,,,,,,,,,,,776.8648745020199,0.0,0.0,0.0,776.8648745020199,0.0,0.0,0.0,,,,,,
2024-01-05 09:00:00,2252.24,2269.0,2252.23,2264.59,26133.9653,0.0001,72,0.0,0.0,NOT_READY,,1000.0,0.0,0.0,,,1000.0,0.0,Strategy not ready,,,,,,,,,,,,776.8648745020199,0.0,0.0,0.0,776.8648745020199,0.0,0.0,0.0,,,,,,
2024-01-05 10:00:00,2264.6,2265.89,2233.23,2240.31,14816.2616,0.0001,72,0.0,0.0,NOT_READY,,1000.0,0.0,0.0,,,1000.0,0.0,Strategy not ready,,,,,,,,,,,,776.8648745020199,0.0,0.0,0.0,776.8648745020199,0.0,0.0,0.0,,,,,,
2024-01-05 11:00:00,2240.32,2249.77,2238.96,2241.97,13474.3408,0.0001,72,0.0,0.0,NOT_READY,,1000.0,0.0,0.0,,,1000.0,0.0,Strategy not ready,,,,,,,,,,,,776.8648745020199,0.0,0.0,0.0,776.8648745020199,0.0,0.0,0.0,,,,,,
2024-01-05 12:00:00,2241.97,2253.64,2234.29,2242.03,13639.4615,0.0001,72,0.0,0.0,NOT_READY,,1000.0,0.0,0.0,,,1000.0,0.0,Strategy not ready,,,,,,,,,,,,776.8648745020199,0.0,0.0,0.0,776.8648745020199,0.0,0.0,0.0,,,,,,
2024-01-05 13:00:00,2242.04,2251.9,2237.28,2247.41,17264.5888,0.0001,72,0.0,0.0,NOT_READY,,1000.0,0.0,0.0,,,1000.0,0.0,Strategy not ready,,,,,,,,,,,,776.8648745020199,0.0,0.0,0.0,776.8648745020199,0.0,0.0,0.0,,,,,,
2024-01-05 14:00:00,2247.41,2252.77,2221.0,2226.79,29039.8466,0.0001,72,0.0,0.0,NOT_READY,,1000.0,0.0,0.0,,,1000.0,0.0,Strategy not ready,,,,,,,,,,,,776.8648745020199,0.0,0.0,0.0,776.8648745020199,0.0,0.0,0.0,,,,,,
2024-01-05 15:00:00,2226.8,2242.27,2218.0,2224.99,27168.394,0.0001,72,0.0,0.0,NOT_READY,,1000.0,0.0,0.0,,,1000.0,0.0,Strategy not ready,,,,,,,,,,,,776.8648745020199,0.0,0.0,0.0,776.8648745020199,0.0,0.0,0.0,,,,,,
2024-01-05 16:00:00,2225.0,2233.34,2210.01,2211.82,18457.0341,0.0001,72,0.0,0.0,NOT_READY,,1000.0,0.0,0.0,,,1000.0,0.0,Strategy not ready,,,,,,,,,,,,776.8648745020199,0.0,0.0,0.0,776.8648745020199,0.0,0.0,0.0,,,,,,
2024-01-05 17:00:00,2211.82,2232.79,2206.17,2232.1,19964.2276,0.0001,72,0.0,0.0,NOT_READY,,1000.0,0.0,0.0,,,1000.0,0.0,Strategy not ready,,,,,,,,,,,,776.8648745020199,0.0,0.0,0.0,776.8648745020199,0.0,0.0,0.0,,,,,,
2024-01-05 18:00:00,2232.1,2238.6,2224.2,2233.84,9113.1795,0.0001,72,0.0,0.0,NOT_READY,,1000.0,0.0,0.0,,,1000.0,0.0,Strategy not ready,,,,,,,,,,,,776.8648745020199,0.0,0.0,0.0,776.8648745020199,0.0,0.0,0.0,,,,,,
2024-01-05 19:00:00,2233.85,2240.67,2229.89,2234.26,8570.5586,0.0001,72,0.0,0.0,NOT_READY,,1000.0,0.0,0.0,,,1000.0,0.0,Strategy not ready,,,,,,,,,,,,776.8648745020199,0.0,0.0,0.0,776.8648745020199,0.0,0.0,0.0,,,,,,
2024-01-05 20:00:00,2234.26,2261.0,2234.25,2248.36,15134.2859,0.0001,72,0.0,0.0,NOT_READY,,1000.0,0.0,0.0,,,1000.0,0.0,Strategy not ready,,,,,,,,,,,,776.8648745020199,0.0,0.0,0.0,776.8648745020199,0.0,0.0,0.0,,,,,,
2024-01-05 21:00:00,2248.36,2248.74,2234.18,2246.39,8384.8671,0.0001,72,0.0,0.0,NOT_READY,,1000.0,0.0,0.0,,,1000.0,0.0,Strategy not ready,,,,,,,,,,,,776.8648745020199,0.0,0.0,0.0,776.8648745020199,0.0,0.0,0.0,,,,,,
2024-01-05 22:00:00,2246.4,2249.4,2238.22,2247.75,5201.6457,0.0001,72,0.0,0.0,NOT_READY,,1000.0,0.0,0.0,,,1000.0,0.0,Strategy not ready,,,,,,,,,,,,776.8648745020199,0.0,0.0,0.0,776.8648745020199,0.0,0.0,0.0,,,,,,
2024-01-05 23:00:00,2247.76,2277.21,2247.75,2268.78,28570.5757,0.0001,72,0.0,0.0,mean_reversion,,1000.0,0.0,0.0,,,1000.0,0.0,,mean_reversion,0.0,{},,1.0,,,,,,,776.8648745020199,0.0,0.0,0.0,776.8648745020199,0.0,0.0,0.0,0.0,0.0,1.0,0.0,,
2024-01-06 00:00:00,2268.78,2270.0,2257.87,2262.95,10606.0877,0.0001,70,0.0,0.0,mean_reversion,,1000.0,0.0,0.0,,,1000.0,0.0,,mean_reversion,0.0,{},,2.0,,,,,,,776.8648745020199,0.0,0.0,0.0,776.8648745020199,0.0,0.0,0.0,0.0,0.0,1.0,0.0,,
2024-01-06 01:00:00,2262.94,2263.29,2253.28,2254.91,7665.4264,0.0001,70,0.0,0.0,mean_reversion,,1000.0,0.0,0.0,,,1000.0,0.0,,mean_reversion,0.0,{},,3.0,,,,,,,776.8648745020199,0.0,0.0,0.0,776.8648745020199,0.0,0.0,0.0,0.0,0.0,1.0,0.0,,
2024-01-06 02:00:00,2254.92,2258.01,2251.0,2255.17,7072.2755,0.0001,70,0.0,0.0,mean_reversion,,1000.0,0.0,0.0,,,1000.0,0.0,,mean_reversion,0.0,{},,4.0,,,,,,,776.8648745020199,0.0,0.0,0.0,776.8648745020199,0.0,0.0,0.0,0.0,0.0,1.0,0.0,,
2024-01-06 03:00:00,2255.18,2256.2,2250.4,2252.99,4062.399,0.0001,70,0.0,0.0,mean_reversion,,1000.0,0.0,0.0,,,1000.0,0.0,,mean_reversion,0.0,{},,5.0,,,,,,,776.8648745020199,0.0,0.0,0.0,776.8648745020199,0.0,0.0,0.0,0.0,0.0,1.0,0.0,,
2024-01-06 04:00:00,2253.0,2255.66,2245.42,2246.79,5548.7886,0.0001,70,0.0,0.0,mean_reversion,,1000.0,0.0,0.0,,,1000.0,0.0,,mean_reversion,0.0,{},,6.0,,,,,,,776.8648745020199,0.0,0.0,0.0,776.8648745020199,0.0,0.0,0.0,1.2075565366953608e-05,0.0,1.0,0.0,,
2024-01-06 05:00:00,2246.79,2249.72,2229.63,2235.19,14871.2131,0.0001,70,20.0,0.0,mean_reversion,,1000.0,0.0,2.0,True,True,997.9999999999998,2.002004008016032,,mean_reversion,20.0,{},,7.0,ETHUSDT,2024-01-06 05:00:00,ETHUSDT,2235.19,0.8947785199468501,LONG,776.8648745020199,0.0,0.0,0.0,776.8648745020199,0.0,0.0,0.0,8.577391978980496e-05,30.15013877485235,1.0,30.15013877485235,True,True
2024-01-06 06:00:00,2235.2,2235.6,2216.4,2219.34,18707.5482,0.0001,70,20.0,0.0,mean_reversion,,983.8319426983835,2.016433759263063,-0.016433759263062786,False,,983.8319426983835,2.016433759263063,,mean_reversion,0.0,{},,8.0,ETHUSDT,2024-01-06 06:00:00,,,,,776.8648745020199,0.0,0.0,0.0,776.8648745020199,0.0,0.0,0.0,0.00016026170849022626,53.930462416796715,1.0,53.930462416796715,True,False
2024-01-06 07:00:00,2219.35,2233.13,2216.4,2233.12,11531.0763,0.0001,70,20.0,0.0,mean_reversion,,996.149660655246,2.0038652217601736,-0.003865221760173565,False,,996.149660655246,2.0038652217601736,,mean_reversion,0.0,{},,9.0,ETHUSDT,2024-01-06 07:00:00,,,,,776.8648745020199,0.0,0.0,0.0,776.8648745020199,0.0,0.0,0.0,6.639251723624312e-05,22.082509569868026,1.0,22.082509569868026,True,False
2024-01-06 08:00:00,2233.13,2238.05,2228.58,2237.54,7452.6581,0.0001,70,0.0,0.0,mean_reversion,,1000.1006267923528,1.9998993833323797,-1.9998993833323797,True,True,998.1005261655605,0.0,,mean_reversion,-20.0,{},,10.0,ETHUSDT,2024-01-06 08:00:00,ETHUSDT,2237.54,0.8938837414269032,CLOSE,776.8648745020199,0.0,0.0,0.0,776.8648745020199,0.0,0.0,0.0,3.945862345388672e-05,0.0,1.0,0.0,True,True
2024-01-06 09:00:00,2237.54,2240.0,2233.8,2234.6,7160.5431,0.0001,70,19.366194627186445,0.0,mean_reversion,,998.1005261655605,0.0,1.9366194627186446,True,True,996.1675852608387,1.9384368578019964,,mean_reversion,19.366194627186445,{},,11.0,ETHUSDT,2024-01-06 09:00:00,ETHUSDT,2234.6,0.865005327450973,LONG,776.8648745020199,0.0,0.0,0.0,776.8648745020199,0.0,0.0,0.0,5.891794807964779e-05,19.366194627186445,1.0,19.366194627186445,True,True
2024-01-06 10:00:00,2234.6,2239.2,2229.92,2235.94,6977.8224,0.0001,70,0.0,0.0,chop,,997.3255332924844,1.9373472826572307,-1.9373472826572307,True,True,995.3933673806355,0.0,,chop,-19.366194627186445,{},,1.0,ETHUSDT,2024-01-06 10:00:00,ETHUSDT,2235.94,0.8641403221235221,CLOSE,776.8648745020199,0.0,0.0,0.0,776.8648745020199,0.0,0.0,0.0,,,,,True,True
2024-01-06 11:00:00,2235.95,2239.13,2231.03,2238.67,6223.5521,0.0001,70,0.0,0.0,chop,,995.3933673806355,0.0,0.0,,,995.3933673806355,0.0,,chop,0.0,{},,2.0,,,,,,,776.8648745020199,0.0,0.0,0.0,776.8648745020199,0.0,0.0,0.0,,,,,,
2024-01-06 12:00:00,2238.67,2241.76,2228.37,2232.2,6699.843,0.0001,70,0.0,0.0,chop,,995.3933673806355,0.0,0.0,,,995.3933673806355,0.0,,chop,0.0,{},,3.0,,,,,,,776.8648745020199,0.0,0.0,0.0,776.8648745020199,0.0,0.0,0.0,,,,,,
2024-01-06 13:00:00,2232.2,2238.99,2228.4,2237.01,10627.1919,0.0001,70,0.0,0.0,chop,,995.3933673806355,0.0,0.0,,,995.3933673806355,0.0,,chop,0.0,{},,4.0,,,,,,,776.8648745020199,0.0,0.0,0.0,776.8648745020199,0.0,0.0,0.0,,,,,,
2024-01-06 14:00:00,2237.0,2248.27,2236.4,2240.94,15596.2437,0.0001,70,0.0,0.0,chop,,995.3933673806355,0.0,0.0,,,995.3933673806355,0.0,,chop,0.0,{},,5.0,,,,,,,776.8648745020199,0.0,0.0,0.0,776.8648745020199,0.0,0.0,0.0,,,,,,
2024-01-06 15:00:00,2240.93,2248.32,2237.79,2246.4,8155.4921,0.0001,70,0.0,0.0,chop,,995.3933673806355,0.0,0.0,,,995.3933673806355,0.0,,chop,0.0,{},,6.0,,,,,,,776.8648745020199,0.0,0.0,0.0,776.8648745020199,0.0,0.0,0.0,,,,,,
2024-01-06 16:00:00,2246.41,2249.84,2243.36,2245.55,5908.42,0.0001,70,0.0,0.0,chop,,995.3933673806355,0.0,0.0,,,995.3933673806355,0.0,,chop,0.0,{},,7.0,,,,,,,776.8648745020199,0.0,0.0,0.0,776.8648745020199,0.0,0.0,0.0,,,,,,
2024-01-06 17:00:00,2245.54,2252.45,2243.02,2248.67,6037.2146,0.0001,70,0.0,0.0,chop,,995.3933673806355,0.0,0.0,,,995.3933673806355,0.0,,chop,0.0,{},,8.0,,,,,,,776.8648745020199,0.0,0.0,0.0,776.8648745020199,0.0,0.0,0.0,,,,,,
2024-01-06 18:00:00,2248.67,2254.77,2245.0,2246.91,5357.8165,0.0001,70,0.0,0.0,chop,,995.3933673806355,0.0,0.0,,,995.3933673806355,0.0,,chop,0.0,{},,9.0,,,,,,,776.8648745020199,0.0,0.0,0.0,776.8648745020199,0.0,0.0,0.0,,,,,,
2024-01-06 19:00:00,2246.92,2247.66,2237.5,2244.63,4931.1215,0.0001,70,0.0,0.0,chop,,995.3933673806355,0.0,0.0,,,995.3933673806355,0.0,,chop,0.0,{},,10.0,,,,,,,776.8648745020199,0.0,0.0,0.0,776.8648745020199,0.0,0.0,0.0,,,,,,
2024-01-06 20:00:00,2244.64,2247.5,2233.0,2241.76,6925.3863,0.0001,70,0.0,0.0,chop,,995.3933673806355,0.0,0.0,,,995.3933673806355,0.0,,chop,0.0,{},,11.0,,,,,,,776.8648745020199,0.0,0.0,0.0,776.8648745020199,0.0,0.0,0.0,,,,,,
2024-01-06 21:00:00,2241.77,2242.51,2235.47,2240.15,4274.5213,0.0001,70,0.0,0.0,chop,,995.3933673806355,0.0,0.0,,,995.3933673806355,0.0,,chop,0.0,{},,12.0,,,,,,,776.8648745020199,0.0,0.0,0.0,776.8648745020199,0.0,0.0,0.0,,,,,,
2024-01-06 22:00:00,2240.15,2241.01,2231.0,2237.45,4496.8548,0.0001,70,0.0,0.0,chop,,995.3933673806355,0.0,0.0,,,995.3933673806355,0.0,,chop,0.0,{},,13.0,,,,,,,776.8648745020199,0.0,0.0,0.0,776.8648745020199,0.0,0.0,0.0,,,,,,
2024-01-06 23:00:00,2237.45,2240.78,2230.62,2240.78,7178.3694,0.0001,70,0.0,0.0,chop,,995.3933673806355,0.0,0.0,,,995.3933673806355,0.0,,chop,0.0,{},,14.0,,,,,,,776.8648745020199,0.0,0.0,0.0,776.8648745020199,0.0,0.0,0.0,,,,,,
2024-01-07 00:00:00,2240.77,2254.0,2238.52,2249.61,8349.6894,0.0001,71,0.0,0.0,chop,,995.3933673806355,0.0,0.0,,,995.3933673806355,0.0,,chop,0.0,{},,15.0,,,,,,,776.8648745020199,0.0,0.0,0.0,776.8648745020199,0.0,0.0,0.0,,,,,,
2024-01-07 01:00:00,2249.61,2254.03,2241.2,2241.2,7214.8161,0.0001,71,0.0,0.0,chop,,995.3933673806355,0.0,0.0,,,995.3933673806355,0.0,,chop,0.0,{},,16.0,,,,,,,776.8648745020199,0.0,0.0,0.0,776.8648745020199,0.0,0.0,0.0,,,,,,
2024-01-07 02:00:00,2241.2,2248.78,2235.58,2240.2,6665.3952,0.0001,71,0.0,0.0,chop,,995.3933673806355,0.0,0.0,,,995.3933673806355,0.0,,chop,0.0,{},,17.0,,,,,,,776.8648745020199,0.0,0.0,0.0,776.8648745020199,0.0,0.0,0.0,,,,,,
2024-01-07 03:00:00,2240.19,2246.45,2240.19,2242.2,5402.7349,0.0001,71,0.0,0.0,chop,,995.3933673806355,0.0,0.0,,,995.3933673806355,0.0,,chop,0.0,{},,18.0,,,,,,,776.8648745020199,0.0,0.0,0.0,776.8648745020199,0.0,0.0,0.0,,,,,,
2024-01-07 04:00:00,2242.19,2248.76,2242.19,2248.69,5703.6005,0.0001,71,0.0,0.0,chop,,995.3933673806355,0.0,0.0,,,995.3933673806355,0.0,,chop,0.0,{},,19.0,,,,,,,776.8648745020199,0.0,0.0,0.0,776.8648745020199,0.0,0.0,0.0,,,,,,
2024-01-07 05:00:00,2248.68,2250.67,2241.2,2242.99,4707.6653,0.0001,71,0.0,0.0,chop,,995.3933673806355,0.0,0.0,,,995.3933673806355,0.0,,chop,0.0,{},,20.0,,,,,,,776.8648745020199,0.0,0.0,0.0,776.8648745020199,0.0,0.0,0.0,,,,,,
2024-01-07 06:00:00,2242.99,2250.9,2241.0,2249.59,5520.5631,0.0001,71,0.0,0.0,chop,,995.3933673806355,0.0,0.0,,,995.3933673806355,0.0,,chop,0.0,{},,21.0,,,,,,,776.8648745020199,0.0,0.0,0.0,776.8648745020199,0.0,0.0,0.0,,,,,,
2024-01-07 07:00:00,2249.59,2251.44,2246.06,2249.15,5428.305,0.0001,71,0.0,0.0,mean_reversion,,995.3933673806355,0.0,0.0,,,995.3933673806355,0.0,,mean_reversion,0.0,{},,1.0,,,,,,,776.8648745020199,0.0,0.0,0.0,776.8648745020199,0.0,0.0,0.0,0.0,0.0,1.0,0.0,,
2024-01-07 08:00:00,2249.15,2253.0,2238.73,2239.76,7777.477,0.0001,71,0.0,0.0,chop,,995.3933673806355,0.0,0.0,,,995.3933673806355,0.0,,chop,0.0,{},,1.0,,,,,,,776.8648745020199,0.0,0.0,0.0,776.8648745020199,0.0,0.0,0.0,,,,,,
2024-01-07 09:00:00,2239.76,2242.2,2230.26,2233.54,8730.3643,0.0001,71,0.0,0.0,chop,,995.3933673806355,0.0,0.0,,,995.3933673806355,0.0,,chop,0.0,{},,2.0,,,,,,,776.8648745020199,0.0,0.0,0.0,776.8648745020199,0.0,0.0,0.0,,,,,,
2024-01-07 10:00:00,2233.55,2239.81,2232.86,2237.4,5826.0259,0.0001,71,0.0,0.0,chop,,995.3933673806355,0.0,0.0,,,995.3933673806355,0.0,,chop,0.0,{},,3.0,,,,,,,776.8648745020199,0.0,0.0,0.0,776.8648745020199,0.0,0.0,0.0,,,,,,
2024-01-07 11:00:00,2237.39,2243.03,2234.41,2237.04,6774.5061,0.0001,71,0.0,0.0,chop,,995.3933673806355,0.0,0.0,,,995.3933673806355,0.0,,chop,0.0,{},,4.0,,,,,,,776.8648745020199,0.0,0.0,0.0,776.8648745020199,0.0,0.0,0.0,,,,,,
2024-01-07 12:00:00,2237.05,2241.94,2231.6,2237.84,7508.7333,0.0001,71,0.0,0.0,chop,,995.3933673806355,0.0,0.0,,,995.3933673806355,0.0,,chop,0.0,{},,5.0,,,,,,,776.8648745020199,0.0,0.0,0.0,776.8648745020199,0.0,0.0,0.0,,,,,,
2024-01-07 13:00:00,2237.85,2258.01,2237.6,2252.09,16850.788,0.0001,71,0.0,0.0,chop,,995.3933673806355,0.0,0.0,,,995.3933673806355,0.0,,chop,0.0,{},,6.0,,,,,,,776.8648745020199,0.0,0.0,0.0,776.8648745020199,0.0,0.0,0.0,,,,,,
2024-01-07 14:00:00,2252.1,2255.0,2243.46,2249.44,7833.5215,0.0001,71,0.0,0.0,chop,,995.3933673806355,0.0,0.0,,,995.3933673806355,0.0,,chop,0.0,{},,7.0,,,,,,,776.8648745020199,0.0,0.0,0.0,776.8648745020199,0.0,0.0,0.0,,,,,,
2024-01-07 15:00:00,2249.44,2249.9,2222.46,2230.83,17307.3952,0.0001,71,0.0,0.0,chop,,995.3933673806355,0.0,0.0,,,995.3933673806355,0.0,,chop,0.0,{},,8.0,,,,,,,776.8648745020199,0.0,0.0,0.0,776.8648745020199,0.0,0.0,0.0,,,,,,
2024-01-07 16:00:00,2230.83,2235.7,2221.8,2226.51,10099.5469,0.0001,71,0.0,0.0,chop,,995.3933673806355,0.0,0.0,,,995.3933673806355,0.0,,chop,0.0,{},,9.0,,,,,,,776.8648745020199,0.0,0.0,0.0,776.8648745020199,0.0,0.0,0.0,,,,,,
2024-01-07 17:00:00,2226.52,2243.0,2221.0,2239.23,9388.3383,0.0001,71,0.0,0.0,chop,,995.3933673806355,0.0,0.0,,,995.3933673806355,0.0,,chop,0.0,{},,10.0,,,,,,,776.8648745020199,0.0,0.0,0.0,776.8648745020199,0.0,0.0,0.0,,,,,,
2024-01-07 18:00:00,2239.23,2249.07,2236.71,2245.18,6053.6989,0.0001,71,0.0,0.0,chop,,995.3933673806355,0.0,0.0,,,995.3933673806355,0.0,,chop,0.0,{},,11.0,,,,,,,776.8648745020199,0.0,0.0,0.0,776.8648745020199,0.0,0.0,0.0,,,,,,
2024-01-07 19:00:00,2245.18,2249.98,2241.73,2248.6,5084.4011,0.0001,71,0.0,0.0,mean_reversion,,995.3933673806355,0.0,0.0,,,995.3933673806355,0.0,,mean_reversion,0.0,{},,1.0,,,,,,,776.8648745020199,0.0,0.0,0.0,776.8648745020199,0.0,0.0,0.0,0.0,0.0,1.0,0.0,,
2024-01-07 20:00:00,2248.6,2251.27,2239.04,2239.05,8492.141,0.0001,71,0.0,0.0,mean_reversion,,995.3933673806355,0.0,0.0,,,995.3933673806355,0.0,,mean_reversion,0.0,{},,2.0,,,,,,,776.8648745020199,0.0,0.0,0.0,776.8648745020199,0.0,0.0,0.0,4.119003183143797e-05,0.0,1.0,0.0,,
2024-01-07 21:00:00,2239.05,2244.37,2234.48,2239.76,4930.1153,0.0001,71,0.0,0.0,mean_reversion,,995.3933673806355,0.0,0.0,,,995.3933673806355,0.0,,mean_reversion,0.0,{},,3.0,,,,,,,776.8648745020199,0.0,0.0,0.0,776.8648745020199,0.0,0.0,0.0,2.90027245301641e-05,0.0,1.0,0.0,,
2024-01-07 22:00:00,2239.76,2239.76,2208.17,2216.39,19412.1331,0.0001,71,20.0,0.0,mean_reversion,,995.3933673806355,0.0,2.0,True,True,993.4025806458742,2.002004008016032,,mean_reversion,20.0,{},,4.0,ETHUSDT,2024-01-07 22:00:00,ETHUSDT,2216.39,0.8982113864262476,LONG,776.8648745020199,0.0,0.0,0.0,776.8648745020199,0.0,0.0,0.0,0.00027239176777034744,74.28852615643135,1.0,74.28852615643135,True,True
2024-01-07 23:00:00,2216.4,2224.9,2203.46,2221.42,16076.7373,0.0001,71,20.0,0.0,mean_reversion,,997.9160659163247,1.9974720333484433,0.0025279666515567456,False,,997.9160659163247,1.9974720333484433,,mean_reversion,0.0,{},,5.0,ETHUSDT,2024-01-07 23:00:00,,,,,776.8648745020199,0.0,0.0,0.0,776.8648745020199,0.0,0.0,0.0,0.00018231104116716071,48.395364851989626,1.0,48.395364851989626,True,False
2024-01-08 00:00:00,2221.42,2224.41,2188.88,2194.6,23597.2688,0.0001,71,20.0,0.0,mean_reversion,,973.8501265617565,2.0221217210238898,-0.022121721023889762,False,,973.8501265617565,2.0221217210238898,,mean_reversion,0.0,{},,6.0,ETHUSDT,2024-01-08 00:00:00,,,,,776.8648745020199,0.0,0.0,0.0,776.8648745020199,0.0,0.0,0.0,0.00026424560615471505,67.3699657601702,1.0,67.3699657601702,True,False
2024-01-08 01:00:00,2194.6,2209.78,2192.9,2203.97,12644.1219,0.0001,71,20.0,0.0,mean_reversion,,982.2579510118796,2.013372675024136,-0.013372675024136083,False,,982.2579510118796,2.013372675024136,,mean_reversion,0.0,{},,7.0,ETHUSDT,2024-01-08 01:00:00,,,,,776.8648745020199,0.0,0.0,0.0,776.8648745020199,0.0,0.0,0.0,0.00016461288572439562,41.07512751451729,1.0,41.07512751451729,True,False
2024-01-08 02:00:00,2203.98,2208.0,2171.54,2183.78,25726.363,0.0001,71,20.0,0.0,mean_reversion,,964.141198007826,2.032414515049647,-0.0324145150496471,False,,964.141198007826,2.032414515049647,,mean_reversion,0.0,{},,8.0,ETHUSDT,2024-01-08 02:00:00,,,,,776.8648745020199,0.0,0.0,0.0,776.8648745020199,0.0,0.0,0.0,0.00019226964999983785,46.77594620016698,1.0,46.77594620016698,True,False
2024-01-08 03:00:00,2183.79,2196.45,2166.38,2190.87,28249.0491,0.0001,71,20.0,0.0,mean_reversion,,970.503148418858,2.025646716347421,-0.025646716347420995,False,,970.503148418858,2.025646716347421,,mean_reversion,0.0,{},,9.0,ETHUSDT,2024-01-08 03:00:00,,,,,776.8648745020199,0.0,0.0,0.0,776.8648745020199,0.0,0.0,0.0,0.0001382772064677948,33.11509243638086,1.0,33.11509243638086,True,False
2024-01-08 04:00:00,2190.88,2198.4,2188.0,2196.47,11224.9662,0.0001,71,20.0,0.0,mean_reversion,,975.5281021990809,2.0203636011476998,-0.02036360114769975,False,,975.5281021990809,2.0203636011476998,,mean_reversion,0.0,{},,10.0,ETHUSDT,2024-01-08 04:00:00,,,,,776.8648745020199,0.0,0.0,0.0,776.8648745020199,0.0,0.0,0.0,0.00010639021217024516,25.21845495725051,1.0,25.21845495725051,True,False
2024-01-08 05:00:00,2196.48,2197.92,2188.89,2196.59,11097.3588,0.0001,71,20.0,0.0,mean_reversion,,975.6357797800861,2.020250987110172,-0.020250987110172147,False,,975.6357797800861,2.020250987110172,,mean_reversion,0.0,{},,11.0,ETHUSDT,2024-01-08 05:00:00,,,,,776.8648745020199,0.0,0.0,0.0,776.8648745020199,0.0,0.0,0.0,0.00010177219426928642,23.90026066990055,1.0,23.90026066990055,True,False
2024-01-08 06:00:00,2196.59,2223.99,2194.67,2213.22,24182.3678,0.0001,71,0.0,0.0,mean_reversion,,990.558097880998,2.004881358811746,-2.004881358811746,True,True,988.5721464157364,0.0,,mean_reversion,-20.0,{},,12.0,ETHUSDT,2024-01-08 06:00:00,ETHUSDT,2213.22,0.8973131750398214,CLOSE,776.8648745020199,0.0,0.0,0.0,776.8648745020199,0.0,0.0,0.0,3.191162471952474e-05,0.0,1.0,0.0,True,True
2024-01-08 07:00:00,2213.22,2230.0,2212.37,2224.08,16001.7468,0.0001,71,0.0,0.0,mean_reversion,,988.5721464157364,0.0,0.0,,,988.5721464157364,0.0,,mean_reversion,0.0,{},,13.0,,,,,,,776.8648745020199,0.0,0.0,0.0,776.8648745020199,0.0,0.0,0.0,0.0,0.0,1.0,0.0,,
2024-01-08 08:00:00,2224.07,2234.0,2220.79,2221.88,13324.1107,0.0001,71,0.0,0.0,mean_reversion,,988.5721464157364,0.0,0.0,,,988.5721464157364,0.0,,mean_reversion,0.0,{},,14.0,,,,,,,776.8648745020199,0.0,0.0,0.0,776.8648745020199,0.0,0.0,0.0,5.223018873469953e-07,0.0,1.0,0.0,,
2024-01-08 09:00:00,2221.88,2225.19,2204.47,2211.06,12675.8747,0.0001,71,0.0,0.0,mean_reversion,,988.5721464157364,0.0,0.0,,,988.5721464157364,0.0,,mean_reversion,0.0,{},,15.0,,,,,,,776.8648745020199,0.0,0.0,0.0,776.8648745020199,0.0,0.0,0.0,3.978706584203301e-05,0.0,1.0,0.0,,
2024-01-08 10:00:00,2211.06,2229.46,2208.08,2226.47,11709.8671,0.0001,71,0.0,0.0,mean_reversion,,988.5721464157364,0.0,0.0,,,988.5721464157364,0.0,,mean_reversion,0.0,{},,16.0,,,,,,,776.8648745020199,0.0,0.0,0.0,776.8648745020199,0.0,0.0,0.0,0.0,0.0,1.0,0.0,,
2024-01-08 11:00:00,2226.46,2242.0,2220.33,2240.61,18520.1762,0.0001,71,0.0,0.0,chop,,988.5721464157364,0.0,0.0,,,988.5721464157364,0.0,,chop,0.0,{},,1.0,,,,,,,776.8648745020199,0.0,0.0,0.0,776.8648745020199,0.0,0.0,0.0,,,,,,
2024-01-08 12:00:00,2240.61,2269.64,2239.81,2265.19,45465.9318,0.0001,71,0.0,0.0,chop,,988.5721464157364,0.0,0.0,,,988.5721464157364,0.0,,chop,0.0,{},,2.0,,,,,,,776.8648745020199,0.0,0.0,0.0,776.8648745020199,0.0,0.0,0.0,,,,,,
2024-01-08 13:00:00,2265.2,2275.0,2259.31,2265.47,24139.81,0.0001,71,0.0,0.0,chop,,988.5721464157364,0.0,0.0,,,988.5721464157364,0.0,,chop,0.0,{},,3.0,,,,,,,776.8648745020199,0.0,0.0,0.0,776.8648745020199,0.0,0.0,0.0,,,,,,
2024-01-08 14:00:00,2265.48,2272.71,2256.07,2261.18,18441.7611,0.0001,71,0.0,0.0,chop,,988.5721464157364,0.0,0.0,,,988.5721464157364,0.0,,chop,0.0,{},,4.0,,,,,,,776.8648745020199,0.0,0.0,0.0,776.8648745020199,0.0,0.0,0.0,,,,,,
2024-01-08 15:00:00,2261.18,2283.02,2256.03,2269.59,25079.0589,0.0001,71,0.0,0.0,chop,,988.5721464157364,0.0,0.0,,,988.5721464157364,0.0,,chop,0.0,{},,5.0,,,,,,,776.8648745020199,0.0,0.0,0.0,776.8648745020199,0.0,0.0,0.0,,,,,,
2024-01-08 16:00:00,2269.59,2285.0,2259.39,2263.63,19796.1459,0.0001,71,0.0,0.0,chop,,988.5721464157364,0.0,0.0,,,988.5721464157364,0.0,,chop,0.0,{},,6.0,,,,,,,776.8648745020199,0.0,0.0,0.0,776.8648745020199,0.0,0.0,0.0,,,,,,
2024-01-08 17:00:00,2263.63,2307.69,2261.24,2306.82,33148.9935,0.0001,71,0.0,0.0,chop,,988.5721464157364,0.0,0.0,,,988.5721464157364,0.0,,chop,0.0,{},,7.0,,,,,,,776.8648745020199,0.0,0.0,0.0,776.8648745020199,0.0,0.0,0.0,,,,,,
2024-01-08 18:00:00,2306.82,2340.32,2305.3,2335.99,62013.4583,0.0001,71,0.0,0.0,chop,,988.5721464157364,0.0,0.0,,,988.5721464157364,0.0,,chop,0.0,{},,8.0,,,,,,,776.8648745020199,0.0,0.0,0.0,776.8648745020199,0.0,0.0,0.0,,,,,,
2024-01-08 19:00:00,2335.98,2358.2,2323.29,2354.56,44381.3307,0.0001,71,0.0,0.0,chop,,988.5721464157364,0.0,0.0,,,988.5721464157364,0.0,,chop,0.0,{},,9.0,,,,,,,776.8648745020199,0.0,0.0,0.0,776.8648745020199,0.0,0.0,0.0,,,,,,
2024-01-08 20:00:00,2354.57,2357.79,2334.23,2336.4,21333.6107,0.0001,71,0.0,0.0,chop,,988.5721464157364,0.0,0.0,,,988.5721464157364,0.0,,chop,0.0,{},,10.0,,,,,,,776.8648745020199,0.0,0.0,0.0,776.8648745020199,0.0,0.0,0.0,,,,,,
2024-01-08 21:00:00,2336.39,2347.39,2332.71,2337.08,13486.7019,0.0001,71,0.0,0.0,chop,,988.5721464157364,0.0,0.0,,,988.5721464157364,0.0,,chop,0.0,{},,11.0,,,,,,,776.8648745020199,0.0,0.0,0.0,776.8648745020199,0.0,0.0,0.0,,,,,,
2024-01-08 22:00:00,2337.08,2342.57,2332.9,2337.63,8332.9606,0.0001,71,0.0,0.0,chop,,988.5721464157364,0.0,0.0,,,988.5721464157364,0.0,,chop,0.0,{},,12.0,,,,,,,776.8648745020199,0.0,0.0,0.0,776.8648745020199,0.0,0.0,0.0,,,,,,
2024-01-08 23:00:00,2337.63,2337.63,2325.36,2330.44,14834.5202,0.0001,71,0.0,0.0,chop,,988.5721464157364,0.0,0.0,,,988.5721464157364,0.0,,chop,0.0,{},,13.0,,,,,,,776.8648745020199,0.0,0.0,0.0,776.8648745020199,0.0,0.0,0.0,,,,,,
2024-01-09 00:00:00,2330.43,2336.7,2289.98,2306.9,33340.2527,0.0001,76,0.0,0.0,chop,,988.5721464157364,0.0,0.0,,,988.5721464157364,0.0,,chop,0.0,{},,14.0,,,,,,,776.8648745020199,0.0,0.0,0.0,776.8648745020199,0.0,0.0,0.0,,,,,,
2024-01-09 01:00:00,2306.89,2315.18,2296.56,2309.36,19092.9739,0.0001,76,0.0,0.0,chop,,988.5721464157364,0.0,0.0,,,988.5721464157364,0.0,,chop,0.0,{},,15.0,,,,,,,776.8648745020199,0.0,0.0,0.0,776.8648745020199,0.0,0.0,0.0,,,,,,
2024-01-09 02:00:00,2309.35,2316.6,2306.0,2312.1,9560.0333,0.0001,76,0.0,0.0,chop,,988.5721464157364,0.0,0.0,,,988.5721464157364,0.0,,chop,0.0,{},,16.0,,,,,,,776.8648745020199,0.0,0.0,0.0,776.8648745020199,0.0,0.0,0.0,,,,,,
2024-01-09 03:00:00,2312.09,2314.69,2307.02,2309.13,9382.4544,0.0001,76,0.0,0.0,chop,,988.5721464157364,0.0,0.0,,,988.5721464157364,0.0,,chop,0.0,{},,17.0,,,,,,,776.8648745020199,0.0,0.0,0.0,776.8648745020199,0.0,0.0,0.0,,,,,,
2024-01-09 04:00:00,2309.12,2318.0,2300.4,2315.2,8726.1326,0.0001,76,0.0,0.0,chop,,988.5721464157364,0.0,0.0,,,988.5721464157364,0.0,,chop,0.0,{},,18.0,,,,,,,776.8648745020199,0.0,0.0,0.0,776.8648745020199,0.0,0.0,0.0,,,,,,
2024-01-09 05:00:00,2315.2,2319.01,2301.4,2308.77,9108.7656,0.0001,76,0.0,0.0,chop,,988.5721464157364,0.0,0.0,,,988.5721464157364,0.0,,chop,0.0,{},,19.0,,,,,,,776.8648745020199,0.0,0.0,0.0,776.8648745020199,0.0,0.0,0.0,,,,,,
2024-01-09 06:00:00,2308.77,2309.08,2297.26,2302.0,8630.946,0.0001,76,0.0,0.0,chop,,988.5721464157364,0.0,0.0,,,988.5721464157364,0.0,,chop,0.0,{},,20.0,,,,,,,776.8648745020199,0.0,0.0,0.0,776.8648745020199,0.0,0.0,0.0,,,,,,
2024-01-09 07:00:00,2302.0,2310.64,2298.58,2306.05,8529.9324,0.0001,76,0.0,0.0,chop,,988.5721464157364,0.0,0.0,,,988.5721464157364,0.0,,chop,0.0,{},,21.0,,,,,,,776.8648745020199,0.0,0.0,0.0,776.8648745020199,0.0,0.0,0.0,,,,,,
2024-01-09 08:00:00,2306.05,2311.3,2290.26,2291.28,11885.1589,0.0001,76,0.0,0.0,trending,,988.5721464157364,0.0,0.0,,,988.5721464157364,0.0,,trending,0.0,{},,1.0,,,,,,,776.8648745020199,0.0,0.0,0.0,776.8648745020199,0.0,0.0,0.0,,,,,,
2024-01-09 09:00:00,2291.28,2297.22,2285.4,2291.37,14051.9445,0.0001,76,0.0,0.0,trending,,988.5721464157364,0.0,0.0,,,988.5721464157364,0.0,,trending,0.0,{},,2.0,,,,,,,776.8648745020199,0.0,0.0,0.0,776.8648745020199,0.0,0.0,0.0,,,,,,
2024-01-09 10:00:00,2291.37,2301.73,2289.0,2292.4,9995.6604,0.0001,76,0.0,0.0,trending,,988.5721464157364,0.0,0.0,,,988.5721464157364,0.0,,trending,0.0,{},,3.0,,,,,,,776.8648745020199,0.0,0.0,0.0,776.8648745020199,0.0,0.0,0.0,,,,,,
2024-01-09 11:00:00,2292.4,2303.09,2289.14,2298.76,9746.6547,0.0001,76,0.0,0.0,mean_reversion,,988.5721464157364,0.0,0.0,,,988.5721464157364,0.0,,mean_reversion,0.0,{},,1.0,,,,,,,776.8648745020199,0.0,0.0,0.0,776.8648745020199,0.0,0.0,0.0,0.0,0.0,1.0,0.0,,
2024-01-09 12:00:00,2298.77,2304.21,2226.78,2264.2,28207.9071,0.0001,76,17.730153157877975,0.0,mean_reversion,,988.5721464157364,0.0,1.7730153157877975,True,True,986.8193928593801,1.77438831813622,,mean_reversion,17.730153157877975,{},,2.0,ETHUSDT,2024-01-09 12:00:00,ETHUSDT,2264.2,0.7741160482096625,LONG,776.8648745020199,0.0,0.0,0.0,776.8648745020199,0.0,0.0,0.0,6.396567024843194e-05,17.730153157877975,1.0,17.730153157877975,True,True
2024-01-09 13:00:00,2264.2,2283.38,2260.7,2275.25,36739.6077,0.0001,76,0.0,0.0,mean_reversion,,995.3648212097644,1.7677400222079345,-1.7677400222079345,True,True,993.605274978614,0.0,,mean_reversion,-17.730153157877975,{},,3.0,ETHUSDT,2024-01-09 13:00:00,ETHUSDT,2275.25,0.7733419321614529,CLOSE,776.8648745020199,0.0,0.0,0.0,776.8648745020199,0.0,0.0,0.0,3.363500486076916e-05,0.0,1.0,0.0,True,True
2024-01-09 14:00:00,2275.25,2283.02,2241.0,2247.4,24287.8317,0.0001,76,20.0,0.0,mean_reversion,,993.605274978614,0.0,2.0,True,True,991.6180644286567,2.002004008016032,,mean_reversion,20.0,{},,4.0,ETHUSDT,2024-01-09 14:00:00,ETHUSDT,2247.4,0.8842264616700312,LONG,776.8648745020199,0.0,0.0,0.0,776.8648745020199,0.0,0.0,0.0,8.424867053617683e-05,23.192475520281096,1.0,23.192475520281096,True,True
2024-01-09 15:00:00,2247.39,2268.64,2241.58,2257.18,21766.7984,0.0001,76,15.583502801378746,0.0,mean_reversion,,1000.2571514889944,1.993349833589814,-0.4349995534519395,True,True,999.8220400747595,1.5590284568204102,,mean_reversion,-4.416497198621254,{},,5.0,ETHUSDT,2024-01-09 15:00:00,ETHUSDT,2257.18,0.19276770759745418,REDUCE_LONG,776.8648745020199,0.0,0.0,0.0,776.8648745020199,0.0,0.0,0.0,5.678072172701116e-05,15.583502801378746,1.0,15.583502801378746,True,True
2024-01-09 16:00:00,2257.18,2265.89,2243.41,2264.43,21806.2349,0.0001,76,0.0,0.0,mean_reversion,,1004.8287053999385,1.5562430383948518,-1.5562430383948518,True,True,1003.2649477223805,0.0,,mean_reversion,-15.583502801378746,{},,6.0,ETHUSDT,2024-01-09 16:00:00,ETHUSDT,2264.43,0.6905745276109069,CLOSE,776.8648745020199,0.0,0.0,0.0,776.8648745020199,0.0,0.0,0.0,3.909962279910894e-05,0.0,1.0,0.0,True,True
2024-01-09 17:00:00,2264.43,2270.57,2256.07,2264.0,11924.7723,0.0001,76,0.0,0.0,mean_reversion,,1003.2649477223805,0.0,0.0,,,1003.2649477223805,0.0,,mean_reversion,0.0,{},,7.0,,,,,,,776.8648745020199,0.0,0.0,0.0,776.8648745020199,0.0,0.0,0.0,3.8353200402429694e-05,0.0,1.0,0.0,,
2024-01-09 18:00:00,2264.0,2278.03,2258.69,2275.94,10444.9729,0.0001,76,0.0,0.0,mean_reversion,,1003.2649477223805,0.0,0.0,,,1003.2649477223805,0.0,,mean_reversion,0.0,{},,8.0,,,,,,,776.8648745020199,0.0,0.0,0.0,776.8648745020199,0.0,0.0,0.0,1.0239889894340987e-05,0.0,1.0,0.0,,
2024-01-09 19:00:00,2275.93,2277.78,2258.22,2270.91,10069.4162,0.0001,76,0.0,0.0,mean_reversion,,1003.2649477223805,0.0,0.0,,,1003.2649477223805,0.0,,mean_reversion,0.0,{},,9.0,,,,,,,776.8648745020199,0.0,0.0,0.0,776.8648745020199,0.0,0.0,0.0,2.259560249161506e-05,0.0,1.0,0.0,,
2024-01-09 20:00:00,2270.91,2273.91,2247.72,2250.61,17897.9833,0.0001,76,17.81341517578148,0.0,mean_reversion,,1003.2649477223805,0.0,1.781341517578148,True,True,1001.4777902178718,1.7827358374226452,,mean_reversion,17.81341517578148,{},,10.0,ETHUSDT,2024-01-09 20:00:00,ETHUSDT,2250.61,0.7940769411442882,LONG,776.8648745020199,0.0,0.0,0.0,776.8648745020199,0.0,0.0,0.0,6.483958949036372e-05,17.81341517578148,1.0,17.81341517578148,True,True
2024-01-09 21:00:00,2250.6,2371.0,2247.74,2317.66,131930.6011,0.0001,76,0.0,0.0,mean_reversion,,1054.667406262692,1.74326043654289,-1.74326043654289,True,True,1052.8288462996434,0.0,,mean_reversion,-17.81341517578148,{},,11.0,ETHUSDT,2024-01-09 21:00:00,ETHUSDT,2317.66,0.7932828642031439,CLOSE,776.8648745020199,0.0,0.0,0.0,776.8648745020199,0.0,0.0,0.0,0.0,0.0,1.0,0.0,True,True
2024-01-09 22:00:00,2317.65,2371.72,2314.61,2340.9,59998.629,0.0001,76,0.0,0.0,mean_reversion,,1052.8288462996434,0.0,0.0,,,1052.8288462996434,0.0,,mean_reversion,0.0,{},,12.0,,,,,,,776.8648745020199,0.0,0.0,0.0,776.8648745020199,0.0,0.0,0.0,0.0,0.0,1.0,0.0,,
2024-01-09 23:00:00,2340.91,2346.75,2316.22,2344.29,24329.3291,0.0001,76,0.0,0.0,mean_reversion,,1052.8288462996434,0.0,0.0,,,1052.8288462996434,0.0,,mean_reversion,0.0,{},,13.0,,,,,,,776.8648745020199,0.0,0.0,0.0,776.8648745020199,0.0,0.0,0.0,0.0,0.0,1.0,0.0,,
2024-01-10 00:00:00,2344.3,2400.0,2339.59,2398.63,58178.8641,0.0001,73,0.0,0.0,chop,,1052.8288462996434,0.0,0.0,,,1052.8288462996434,0.0,,chop,0.0,{},,1.0,,,,,,,776.8648745020199,0.0,0.0,0.0,776.8648745020199,0.0,0.0,0.0,,,,,,
2024-01-10 01:00:00,2398.64,2400.53,2365.51,2376.77,33219.1768,0.0001,73,0.0,0.0,chop,,1052.8288462996434,0.0,0.0,,,1052.8288462996434,0.0,,chop,0.0,{},,2.0,,,,,,,776.8648745020199,0.0,0.0,0.0,776.8648745020199,0.0,0.0,0.0,,,,,,
2024-01-10 02:00:00,2376.77,2377.2,2345.0,2347.33,21371.2369,0.0001,73,0.0,0.0,chop,,1052.8288462996434,0.0,0.0,,,1052.8288462996434,0.0,,chop,0.0,{},,3.0,,,,,,,776.8648745020199,0.0,0.0,0.0,776.8648745020199,0.0,0.0,0.0,,,,,,
2024-01-10 03:00:00,2347.34,2368.96,2343.78,2361.51,18411.842,0.0001,73,0.0,0.0,chop,,1052.8288462996434,0.0,0.0,,,1052.8288462996434,0.0,,chop,0.0,{},,4.0,,,,,,,776.8648745020199,0.0,0.0,0.0,776.8648745020199,0.0,0.0,0.0,,,,,,
2024-01-10 04:00:00,2361.5,2388.68,2358.0,2380.37,27527.9691,0.0001,73,0.0,0.0,chop,,1052.8288462996434,0.0,0.0,,,1052.8288462996434,0.0,,chop,0.0,{},,5.0,,,,,,,776.8648745020199,0.0,0.0,0.0,776.8648745020199,0.0,0.0,0.0,,,,,,
2024-01-10 05:00:00,2380.38,2393.22,2371.64,2386.8,17652.8036,0.0001,73,0.0,0.0,chop,,1052.8288462996434,0.0,0.0,,,1052.8288462996434,0.0,,chop,0.0,{},,6.0,,,,,,,776.8648745020199,0.0,0.0,0.0,776.8648745020199,0.0,0.0,0.0,,,,,,
2024-01-10 06:00:00,2386.8,2388.54,2372.28,2380.51,14380.2814,0.0001,73,0.0,0.0,chop,,1052.8288462996434,0.0,0.0,,,1052.8288462996434,0.0,,chop,0.0,{},,7.0,,,,,,,776.8648745020199,0.0,0.0,0.0,776.8648745020199,0.0,0.0,0.0,,,,,,
2024-01-10 07:00:00,2380.51,2385.56,2366.1,2368.75,14626.4226,0.0001,73,0.0,0.0,chop,,1052.8288462996434,0.0,0.0,,,1052.8288462996434,0.0,,chop,0.0,{},,8.0,,,,,,,776.8648745020199,0.0,0.0,0.0,776.8648745020199,0.0,0.0,0.0,,,,,,
2024-01-10 08:00:00,2368.75,2383.44,2362.64,2364.81,19530.0744,0.0001,73,0.0,0.0,chop,,1052.8288462996434,0.0,0.0,,,1052.8288462996434,0.0,,chop,0.0,{},,9.0,,,,,,,776.8648745020199,0.0,0.0,0.0,776.8648745020199,0.0,0.0,0.0,,,,,,
2024-01-10 09:00:00,2364.81,2431.0,2364.71,2425.62,69497.8834,0.0001,73,0.0,0.0,chop,,1052.8288462996434,0.0,0.0,,,1052.8288462996434,0.0,,chop,0.0,{},,10.0,,,,,,,776.8648745020199,0.0,0.0,0.0,776.8648745020199,0.0,0.0,0.0,,,,,,
2024-01-10 10:00:00,2425.62,2427.17,2400.0,2400.58,23802.08,0.0001,73,0.0,0.0,chop,,1052.8288462996434,0.0,0.0,,,1052.8288462996434,0.0,,chop,0.0,{},,11.0,,,,,,,776.8648745020199,0.0,0.0,0.0,776.8648745020199,0.0,0.0,0.0,,,,,,
2024-01-10 11:00:00,2400.58,2409.06,2381.0,2402.21,22874.6757,0.0001,73,0.0,0.0,chop,,1052.8288462996434,0.0,0.0,,,1052.8288462996434,0.0,,chop,0.0,{},,12.0,,,,,,,776.8648745020199,0.0,0.0,0.0,776.8648745020199,0.0,0.0,0.0,,,,,,
2024-01-10 12:00:00,2402.21,2417.9,2342.0,2359.61,61829.7759,0.0001,73,0.0,0.0,chop,,1052.8288462996434,0.0,0.0,,,1052.8288462996434,0.0,,chop,0.0,{},,13.0,,,,,,,776.8648745020199,0.0,0.0,0.0,776.8648745020199,0.0,0.0,0.0,,,,,,
2024-01-10 13:00:00,2359.61,2391.0,2350.33,2377.83,36869.1035,0.0001,73,0.0,0.0,chop,,1052.8288462996434,0.0,0.0,,,1052.8288462996434,0.0,,chop,0.0,{},,14.0,,,,,,,776.8648745020199,0.0,0.0,0.0,776.8648745020199,0.0,0.0,0.0,,,,,,
2024-01-10 14:00:00,2377.84,2395.75,2369.61,2386.3,24974.0313,0.0001,73,0.0,0.0,chop,,1052.8288462996434,0.0,0.0,,,1052.8288462996434,0.0,,chop,0.0,{},,15.0,,,,,,,776.8648745020199,0.0,0.0,0.0,776.8648745020199,0.0,0.0,0.0,,,,,,
2024-01-10 15:00:00,2386.31,2456.0,2382.96,2449.3,84828.7792,0.0001,73,0.0,0.0,chop,,1052.8288462996434,0.0,0.0,,,1052.8288462996434,0.0,,chop,0.0,{},,16.0,,,,,,,776.8648745020199,0.0,0.0,0.0,776.8648745020199,0.0,0.0,0.0,,,,,,
2024-01-10 16:00:00,2449.3,2457.6,2406.06,2407.15,37057.5708,0.0001,73,0.0,0.0,chop,,1052.8288462996434,0.0,0.0,,,1052.8288462996434,0.0,,chop,0.0,{},,17.0,,,,,,,776.8648745020199,0.0,0.0,0.0,776.8648745020199,0.0,0.0,0.0,,,,,,
2024-01-10 17:00:00,2407.15,2444.81,2400.71,2436.69,34909.6364,0.0001,73,0.0,0.0,chop,,1052.8288462996434,0.0,0.0,,,1052.8288462996434,0.0,,chop,0.0,{},,18.0,,,,,,,776.8648745020199,0.0,0.0,0.0,776.8648745020199,0.0,0.0,0.0,,,,,,
2024-01-10 18:00:00,2436.69,2443.0,2415.0,2435.04,24033.1303,0.0001,73,0.0,0.0,chop,,1052.8288462996434,0.0,0.0,,,1052.8288462996434,0.0,,chop,0.0,{},,19.0,,,,,,,776.8648745020199,0.0,0.0,0.0,776.8648745020199,0.0,0.0,0.0,,,,,,
2024-01-10 19:00:00,2435.05,2481.59,2425.67,2477.9,55178.4021,0.0001,73,0.0,0.0,chop,,1052.8288462996434,0.0,0.0,,,1052.8288462996434,0.0,,chop,0.0,{},,20.0,,,,,,,776.8648745020199,0.0,0.0,0.0,776.8648745020199,0.0,0.0,0.0,,,,,,
2024-01-10 20:00:00,2477.9,2488.56,2411.0,2484.63,76041.7101,0.0001,73,0.0,0.0,chop,,1052.8288462996434,0.0,0.0,,,1052.8288462996434,0.0,,chop,0.0,{},,21.0,,,,,,,776.8648745020199,0.0,0.0,0.0,776.8648745020199,0.0,0.0,0.0,,,,,,
2024-01-10 21:00:00,2484.63,2534.64,2472.0,2528.14,109201.4141,0.0001,73,0.0,0.0,chop,,1052.8288462996434,0.0,0.0,,,1052.8288462996434,0.0,,chop,0.0,{},,22.0,,,,,,,776.8648745020199,0.0,0.0,0.0,776.8648745020199,0.0,0.0,0.0,,,,,,
2024-01-10 22:00:00,2528.13,2556.58,2510.17,2547.6,55072.0113,0.0001,73,0.0,0.0,chop,,1052.8288462996434,0.0,0.0,,,1052.8288462996434,0.0,,chop,0.0,{},,23.0,,,,,,,776.8648745020199,0.0,0.0,0.0,776.8648745020199,0.0,0.0,0.0,,,,,,
2024-01-10 23:00:00,2547.59,2643.1,2542.83,2584.38,97319.791,0.0001,73,0.0,0.0,chop,,1052.8288462996434,0.0,0.0,,,1052.8288462996434,0.0,,chop,0.0,{},,24.0,,,,,,,776.8648745020199,0.0,0.0,0.0,776.8648745020199,0.0,0.0,0.0,,,,,,
2024-01-11 00:00:00,2584.37,2608.0,2568.91,2606.43,40621.2162,0.0001,76,0.0,0.0,chop,,1052.8288462996434,0.0,0.0,,,1052.8288462996434,0.0,,chop,0.0,{},,25.0,,,,,,,776.8648745020199,0.0,0.0,0.0,776.8648745020199,0.0,0.0,0.0,,,,,,
2024-01-11 01:00:00,2606.42,2607.32,2566.01,2568.2,32942.3718,0.0001,76,0.0,0.0,chop,,1052.8288462996434,0.0,0.0,,,1052.8288462996434,0.0,,chop,0.0,{},,26.0,,,,,,,776.8648745020199,0.0,0.0,0.0,776.8648745020199,0.0,0.0,0.0,,,,,,
2024-01-11 02:00:00,2568.21,2586.21,2566.22,2580.41,21186.0545,0.0001,76,0.0,0.0,chop,,1052.8288462996434,0.0,0.0,,,1052.8288462996434,0.0,,chop,0.0,{},,27.0,,,,,,,776.8648745020199,0.0,0.0,0.0,776.8648745020199,0.0,0.0,0.0,,,,,,
2024-01-11 03:00:00,2580.42,2614.76,2571.55,2613.01,29129.7906,0.0001,76,0.0,0.0,chop,,1052.8288462996434,0.0,0.0,,,1052.8288462996434,0.0,,chop,0.0,{},,28.0,,,,,,,776.8648745020199,0.0,0.0,0.0,776.8648745020199,0.0,0.0,0.0,,,,,,
2024-01-11 04:00:00,2613.0,2630.0,2605.0,2615.01,50501.5675,0.0001,76,0.0,0.0,chop,,1052.8288462996434,0.0,0.0,,,1052.8288462996434,0.0,,chop,0.0,{},,29.0,,,,,,,776.8648745020199,0.0,0.0,0.0,776.8648745020199,0.0,0.0,0.0,,,,,,
2024-01-11 05:00:00,2615.01,2615.8,2584.0,2596.72,29096.3041,0.0001,76,0.0,0.0,chop,,1052.8288462996434,0.0,0.0,,,1052.8288462996434,0.0,,chop,0.0,{},,30.0,,,,,,,776.8648745020199,0.0,0.0,0.0,776.8648745020199,0.0,0.0,0.0,,,,,,
2024-01-11 06:00:00,2596.72,2598.45,2573.01,2577.23,29061.6328,0.0001,76,0.0,0.0,mean_reversion,,1052.8288462996434,0.0,0.0,,,1052.8288462996434,0.0,,mean_reversion,0.0,{},,1.0,,,,,,,776.8648745020199,0.0,0.0,0.0,776.8648745020199,0.0,0.0,0.0,0.0,0.0,1.0,0.0,,
2024-01-11 07:00:00,2577.22,2591.8,2576.0,2589.15,16944.8038,0.0001,76,0.0,0.0,mean_reversion,,1052.8288462996434,0.0,0.0,,,1052.8288462996434,0.0,,mean_reversion,0.0,{},,2.0,,,,,,,776.8648745020199,0.0,0.0,0.0,776.8648745020199,0.0,0.0,0.0,0.0,0.0,1.0,0.0,,
2024-01-11 08:00:00,2589.15,2616.96,2586.66,2615.59,18711.183,0.0001,76,0.0,0.0,mean_reversion,,1052.8288462996434,0.0,0.0,,,1052.8288462996434,0.0,,mean_reversion,0.0,{},,3.0,,,,,,,776.8648745020199,0.0,0.0,0.0,776.8648745020199,0.0,0.0,0.0,0.0,0.0,1.0,0.0,,
2024-01-11 09:00:00,2615.59,2620.0,2604.8,2608.68,16253.7555,0.0001,76,0.0,0.0,mean_reversion,,1052.8288462996434,0.0,0.0,,,1052.8288462996434,0.0,,mean_reversion,0.0,{},,4.0,,,,,,,776.8648745020199,0.0,0.0,0.0,776.8648745020199,0.0,0.0,0.0,0.0,0.0,1.0,0.0,,
2024-01-11 10:00:00,2608.68,2649.96,2607.55,2636.79,33088.3948,0.0001,76,0.0,0.0,mean_reversion,,1052.8288462996434,0.0,0.0,,,1052.8288462996434,0.0,,mean_reversion,0.0,{},,5.0,,,,,,,776.8648745020199,0.0,0.0,0.0,776.8648745020199,0.0,0.0,0.0,0.0,0.0,1.0,0.0,,
2024-01-11 11:00:00,2636.79,2665.74,2626.99,2657.9,39262.2822,0.0001,76,0.0,0.0,mean_reversion,,1052.8288462996434,0.0,0.0,,,1052.8288462996434,0.0,,mean_reversion,0.0,{},,6.0,,,,,,,776.8648745020199,0.0,0.0,0.0,776.8648745020199,0.0,0.0,0.0,0.0,0.0,1.0,0.0,,
2024-01-11 12:00:00,2657.89,2662.44,2636.1,2647.02,36689.2108,0.0001,76,0.0,0.0,mean_reversion,,1052.8288462996434,0.0,0.0,,,1052.8288462996434,0.0,,mean_reversion,0.0,{},,7.0,,,,,,,776.8648745020199,0.0,0.0,0.0,776.8648745020199,0.0,0.0,0.0,0.0,0.0,1.0,0.0,,
2024-01-11 13:00:00,2647.03,2656.6,2622.4,2635.98,35353.4103,0.0001,76,0.0,0.0,mean_reversion,,1052.8288462996434,0.0,0.0,,,1052.8288462996434,0.0,,mean_reversion,0.0,{},,8.0,,,,,,,776.8648745020199,0.0,0.0,0.0,776.8648745020199,0.0,0.0,0.0,0.0,0.0,1.0,0.0,,
2024-01-11 14:00:00,2635.97,2686.6,2616.98,2681.86,86952.9265,0.0001,76,0.0,0.0,mean_reversion,,1052.8288462996434,0.0,0.0,,,1052.8288462996434,0.0,,mean_reversion,0.0,{},,9.0,,,,,,,776.8648745020199,0.0,0.0,0.0,776.8648745020199,0.0,0.0,0.0,0.0,0.0,1.0,0.0,,
2024-01-11 15:00:00,2681.87,2689.39,2593.6,2613.19,107554.1163,0.0001,76,0.0,0.0,mean_reversion,,1052.8288462996434,0.0,0.0,,,1052.8288462996434,0.0,,mean_reversion,0.0,{},,10.0,,,,,,,776.8648745020199,0.0,0.0,0.0,776.8648745020199,0.0,0.0,0.0,0.0,0.0,1.0,0.0,,
2024-01-11 16:00:00,2613.19,2625.13,2570.0,2588.0,63843.0918,0.0001,76,0.0,0.0,mean_reversion,,1052.8288462996434,0.0,0.0,,,1052.8288462996434,0.0,,mean_reversion,0.0,{},,11.0,,,,,,,776.8648745020199,0.0,0.0,0.0,776.8648745020199,0.0,0.0,0.0,0.0,0.0,1.0,0.0,,
2024-01-11 17:00:00,2588.01,2615.03,2574.23,2602.45,34495.983,0.0001,76,0.0,0.0,mean_reversion,,1052.8288462996434,0.0,0.0,,,1052.8288462996434,0.0,,mean_reversion,0.0,{},,12.0,,,,,,,776.8648745020199,0.0,0.0,0.0,776.8648745020199,0.0,0.0,0.0,0.0,0.0,1.0,0.0,,
2024-01-11 18:00:00,2602.46,2618.2,2589.67,2613.45,24347.9203,0.0001,76,0.0,0.0,mean_reversion,,1052.8288462996434,0.0,0.0,,,1052.8288462996434,0.0,,mean_reversion,0.0,{},,13.0,,,,,,,776.8648745020199,0.0,0.0,0.0,776.8648745020199,0.0,0.0,0.0,0.0,0.0,1.0,0.0,,
2024-01-11 19:00:00,2613.45,2622.46,2597.77,2622.07,19696.1792,0.0001,76,0.0,0.0,mean_reversion,,1052.8288462996434,0.0,0.0,,,1052.8288462996434,0.0,,mean_reversion,0.0,{},,14.0,,,,,,,776.8648745020199,0.0,0.0,0.0,776.8648745020199,0.0,0.0,0.0,0.0,0.0,1.0,0.0,,
2024-01-11 20:00:00,2622.07,2632.28,2587.48,2593.93,30649.2208,0.0001,76,0.0,0.0,mean_reversion,,1052.8288462996434,0.0,0.0,,,1052.8288462996434,0.0,,mean_reversion,0.0,{},,15.0,,,,,,,776.8648745020199,0.0,0.0,0.0,776.8648745020199,0.0,0.0,0.0,0.0,0.0,1.0,0.0,,
2024-01-11 21:00:00,2593.93,2621.0,2592.23,2603.79,17232.6158,0.0001,76,0.0,0.0,mean_reversion,,1052.8288462996434,0.0,0.0,,,1052.8288462996434,0.0,,mean_reversion,0.0,{},,16.0,,,,,,,776.8648745020199,0.0,0.0,0.0,776.8648745020199,0.0,0.0,0.0,0.0,0.0,1.0,0.0,,
2024-01-11 22:00:00,2603.79,2615.9,2595.81,2615.42,12571.7128,0.0001,76,0.0,0.0,mean_reversion,,1052.8288462996434,0.0,0.0,,,1052.8288462996434,0.0,,mean_reversion,0.0,{},,17.0,,,,,,,776.8648745020199,0.0,0.0,0.0,776.8648745020199,0.0,0.0,0.0,0.0,0.0,1.0,0.0,,
2024-01-11 23:00:00,2615.43,2624.81,2610.41,2618.01,12526.5133,0.0001,76,0.0,0.0,mean_reversion,,1052.8288462996434,0.0,0.0,,,1052.8288462996434,0.0,,mean_reversion,0.0,{},,18.0,,,,,,,776.8648745020199,0.0,0.0,0.0,776.8648745020199,0.0,0.0,0.0,0.0,0.0,1.0,0.0,,
2024-01-12 00:00:00,2618.01,2624.29,2593.15,2599.74,17384.4755,0.0001,71,0.0,0.0,mean_reversion,,1052.8288462996434,0.0,0.0,,,1052.8288462996434,0.0,,mean_reversion,0.0,{},,19.0,,,,,,,776.8648745020199,0.0,0.0,0.0,776.8648745020199,0.0,0.0,0.0,0.0,0.0,1.0,0.0,,
2024-01-12 01:00:00,2599.73,2603.72,2580.0,2593.02,14571.3939,0.0001,71,0.0,0.0,mean_reversion,,1052.8288462996434,0.0,0.0,,,1052.8288462996434,0.0,,mean_reversion,0.0,{},,20.0,,,,,,,776.8648745020199,0.0,0.0,0.0,776.8648745020199,0.0,0.0,0.0,0.0,0.0,1.0,0.0,,
2024-01-12 02:00:00,2593.01,2616.02,2591.38,2607.72,13425.4872,0.0001,71,0.0,0.0,mean_reversion,,1052.8288462996434,0.0,0.0,,,1052.8288462996434,0.0,,mean_reversion,0.0,{},,21.0,,,,,,,776.8648745020199,0.0,0.0,0.0,776.8648745020199,0.0,0.0,0.0,0.0,0.0,1.0,0.0,,
2024-01-12 03:00:00,2607.72,2608.16,2588.09,2589.81,13641.2079,0.0001,71,0.0,0.0,mean_reversion,,1052.8288462996434,0.0,0.0,,,1052.8288462996434,0.0,,mean_reversion,0.0,{},,22.0,,,,,,,776.8648745020199,0.0,0.0,0.0,776.8648745020199,0.0,0.0,0.0,0.0,0.0,1.0,0.0,,
2024-01-12 04:00:00,2589.81,2605.62,2585.62,2594.02,14033.2014,0.0001,71,0.0,0.0,mean_reversion,,1052.8288462996434,0.0,0.0,,,1052.8288462996434,0.0,,mean_reversion,0.0,{},,23.0,,,,,,,776.8648745020199,0.0,0.0,0.0,776.8648745020199,0.0,0.0,0.0,0.0,0.0,1.0,0.0,,
2024-01-12 05:00:00,2594.02,2610.0,2590.32,2608.79,10426.8829,0.0001,71,0.0,0.0,mean_reversion,,1052.8288462996434,0.0,0.0,,,1052.8288462996434,0.0,,mean_reversion,0.0,{},,24.0,,,,,,,776.8648745020199,0.0,0.0,0.0,776.8648745020199,0.0,0.0,0.0,0.0,0.0,1.0,0.0,,
2024-01-12 06:00:00,2608.8,2626.43,2607.24,2617.64,21783.0259,0.0001,71,0.0,0.0,mean_reversion,,1052.8288462996434,0.0,0.0,,,1052.8288462996434,0.0,,mean_reversion,0.0,{},,25.0,,,,,,,776.8648745020199,0.0,0.0,0.0,776.8648745020199,0.0,0.0,0.0,0.0,0.0,1.0,0.0,,
2024-01-12 07:00:00,2617.65,2621.5,2590.66,2595.73,31522.9804,0.0001,71,0.0,0.0,mean_reversion,,1052.8288462996434,0.0,0.0,,,1052.8288462996434,0.0,,mean_reversion,0.0,{},,26.0,,,,,,,776.8648745020199,0.0,0.0,0.0,776.8648745020199,0.0,0.0,0.0,0.0,0.0,1.0,0.0,,
2024-01-12 08:00:00,2595.72,2604.18,2584.11,2601.93,18252.1687,0.0001,71,0.0,0.0,mean_reversion,,1052.8288462996434,0.0,0.0,,,1052.8288462996434,0.0,,mean_reversion,0.0,{},,27.0,,,,,,,776.8648745020199,0.0,0.0,0.0,776.8648745020199,0.0,0.0,0.0,0.0,0.0,1.0,0.0,,
2024-01-12 09:00:00,2601.93,2618.35,2585.34,2614.77,27408.249,0.0001,71,0.0,0.0,mean_reversion,,1052.8288462996434,0.0,0.0,,,1052.8288462996434,0.0,,mean_reversion,0.0,{},,28.0,,,,,,,776.8648745020199,0.0,0.0,0.0,776.8648745020199,0.0,0.0,0.0,0.0,0.0,1.0,0.0,,
2024-01-12 10:00:00,2614.78,2622.63,2611.37,2620.93,17822.6402,0.0001,71,0.0,0.0,mean_reversion,,1052.8288462996434,0.0,0.0,,,1052.8288462996434,0.0,,mean_reversion,0.0,{},,29.0,,,,,,,776.8648745020199,0.0,0.0,0.0,776.8648745020199,0.0,0.0,0.0,0.0,0.0,1.0,0.0,,
2024-01-12 11:00:00,2620.93,2667.99,2618.61,2647.59,53751.135,0.0001,71,0.0,0.0,mean_reversion,,1052.8288462996434,0.0,0.0,,,1052.8288462996434,0.0,,mean_reversion,0.0,{},,30.0,,,,,,,776.8648745020199,0.0,0.0,0.0,776.8648745020199,0.0,0.0,0.0,0.0,0.0,1.0,0.0,,
2024-01-12 12:00:00,2647.58,2680.0,2634.0,2650.52,48622.0111,0.0001,71,0.0,0.0,mean_reversion,,1052.8288462996434,0.0,0.0,,,1052.8288462996434,0.0,,mean_reversion,0.0,{},,31.0,,,,,,,776.8648745020199,0.0,0.0,0.0,776.8648745020199,0.0,0.0,0.0,0.0,0.0,1.0,0.0,,
2024-01-12 13:00:00,2650.52,2691.49,2644.92,2673.78,46883.0878,0.0001,71,0.0,0.0,mean_reversion,,1052.8288462996434,0.0,0.0,,,1052.8288462996434,0.0,,mean_reversion,0.0,{},,32.0,,,,,,,776.8648745020199,0.0,0.0,0.0,776.8648745020199,0.0,0.0,0.0,0.0,0.0,1.0,0.0,,
2024-01-12 14:00:00,2673.78,2712.78,2662.5,2705.75,66302.1426,0.0001,71,0.0,0.0,mean_reversion,,1052.8288462996434,0.0,0.0,,,1052.8288462996434,0.0,,mean_reversion,0.0,{},,33.0,,,,,,,776.8648745020199,0.0,0.0,0.0,776.8648745020199,0.0,0.0,0.0,0.0,0.0,1.0,0.0,,
2024-01-12 15:00:00,2705.75,2717.32,2637.58,2647.02,78920.5447,0.0001,71,0.0,0.0,mean_reversion,,1052.8288462996434,0.0,0.0,,,1052.8288462996434,0.0,,mean_reversion,0.0,{},,34.0,,,,,,,776.8648745020199,0.0,0.0,0.0,776.8648745020199,0.0,0.0,0.0,0.0,0.0,1.0,0.0,,
2024-01-12 16:00:00,2647.02,2688.83,2602.27,2620.44,88912.2011,0.0001,71,0.0,0.0,mean_reversion,,1052.8288462996434,0.0,0.0,,,1052.8288462996434,0.0,,mean_reversion,0.0,{},,35.0,,,,,,,776.8648745020199,0.0,0.0,0.0,776.8648745020199,0.0,0.0,0.0,0.0,0.0,1.0,0.0,,
2024-01-12 17:00:00,2620.45,2631.79,2560.71,2603.05,64194.6509,0.0001,71,0.0,0.0,mean_reversion,,1052.8288462996434,0.0,0.0,,,1052.8288462996434,0.0,,mean_reversion,0.0,{},,36.0,,,,,,,776.8648745020199,0.0,0.0,0.0,776.8648745020199,0.0,0.0,0.0,1.3761941713816952e-05,0.0,1.0,0.0,,
2024-01-12 18:00:00,2603.06,2611.78,2580.0,2595.71,31292.9384,0.0001,71,0.0,0.0,mean_reversion,,1052.8288462996434,0.0,0.0,,,1052.8288462996434,0.0,,mean_reversion,0.0,{},,37.0,,,,,,,776.8648745020199,0.0,0.0,0.0,776.8648745020199,0.0,0.0,0.0,2.0652463826444258e-05,0.0,1.0,0.0,,
2024-01-12 19:00:00,2595.71,2613.96,2582.67,2584.43,20691.2366,0.0001,71,0.0,0.0,mean_reversion,,1052.8288462996434,0.0,0.0,,,1052.8288462996434,0.0,,mean_reversion,0.0,{},,38.0,,,,,,,776.8648745020199,0.0,0.0,0.0,776.8648745020199,0.0,0.0,0.0,3.074834705726259e-05,0.0,1.0,0.0,,
2024-01-12 20:00:00,2584.44,2598.2,2565.78,2569.36,26809.6625,0.0001,71,16.002474940122887,0.0,mean_reversion,,1052.8288462996434,0.0,1.6002474940122888,True,True,1051.1440595767285,1.6012095781330722,,mean_reversion,16.002474940122887,{},,39.0,ETHUSDT,2024-01-12 20:00:00,ETHUSDT,2569.36,0.6557223288736702,LONG,776.8648745020199,0.0,0.0,0.0,776.8648745020199,0.0,0.0,0.0,4.290087123927891e-05,16.002474940122887,1.0,16.002474940122887,True,True
2024-01-12 21:00:00,2569.35,2576.29,2501.18,2526.05,52999.9334,0.0001,71,20.0,0.0,mean_reversion,,1022.7731248472735,1.6178866664193758,0.38211333358062416,True,True,1022.3823095990413,2.0003822593999945,,mean_reversion,3.9975250598771126,{},,40.0,ETHUSDT,2024-01-12 21:00:00,ETHUSDT,2526.05,0.15471397962513156,LONG,776.8648745020199,0.0,0.0,0.0,776.8648745020199,0.0,0.0,0.0,6.588997222683244e-05,24.442171854585805,1.0,24.442171854585805,True,True
2024-01-12 22:00:00,2526.06,2528.52,2458.0,2498.6,75075.4301,0.0001,71,20.0,0.0,mean_reversion,,1000.1580794074173,2.0226114710319147,-0.022611471031914743,False,,1000.1580794074173,2.0226114710319147,,mean_reversion,0.0,{},,41.0,ETHUSDT,2024-01-12 22:00:00,,,,,776.8648745020199,0.0,0.0,0.0,776.8648745020199,0.0,0.0,0.0,6.830960783452864e-05,25.1933599419224,1.0,25.1933599419224,True,False
2024-01-12 23:00:00,2498.6,2530.9,2496.93,2522.54,32731.0755,0.0001,71,15.985756424003775,0.0,mean_reversion,,1019.5405227876531,2.0031706459796044,-0.40459500357922695,True,True,1019.1280217861868,1.5992226799062779,,mean_reversion,-4.014243575996225,{},,42.0,ETHUSDT,2024-01-12 23:00:00,ETHUSDT,2522.54,0.1635260497222789,REDUCE_LONG,776.8648745020199,0.0,0.0,0.0,776.8648745020199,0.0,0.0,0.0,4.3442488976072044e-05,15.985756424003775,1.0,15.985756424003775,True,True
2024-01-13 00:00:00,2522.55,2538.01,2516.8,2517.45,23049.1095,0.0001,64,15.73162409440094,0.0,mean_reversion,,1015.8393736898245,1.6011625855415685,-0.02800017610147454,False,,1015.8393736898245,1.6011625855415685,,mean_reversion,-0.25413232960283416,{},,43.0,ETHUSDT,2024-01-13 00:00:00,,,,,776.8648745020199,0.0,0.0,0.0,776.8648745020199,0.0,0.0,0.0,4.284453281406338e-05,15.73162409440094,1.0,15.73162409440094,True,False
2024-01-13 01:00:00,2517.45,2528.12,2497.5,2525.39,30061.0029,0.0001,64,0.0,0.0,mean_reversion,,1020.9694062802207,1.5981419429669872,-1.5981419429669872,True,True,1019.3377522495582,0.0,,mean_reversion,-15.73162409440094,{},,44.0,ETHUSDT,2024-01-13 01:00:00,ETHUSDT,2525.39,0.646099822468024,CLOSE,776.8648745020199,0.0,0.0,0.0,776.8648745020199,0.0,0.0,0.0,3.4940764324921436e-05,0.0,1.0,0.0,True,True
2024-01-13 02:00:00,2525.39,2553.77,2519.48,2545.97,37973.9847,0.0001,64,0.0,0.0,mean_reversion,,1019.3377522495582,0.0,0.0,,,1019.3377522495582,0.0,,mean_reversion,0.0,{},,45.0,,,,,,,776.8648745020199,0.0,0.0,0.0,776.8648745020199,0.0,0.0,0.0,1.9812142346481264e-05,0.0,1.0,0.0,,
2024-01-13 03:00:00,2545.98,2557.15,2537.09,2548.53,18942.0833,0.0001,64,0.0,0.0,mean_reversion,,1019.3377522495582,0.0,0.0,,,1019.3377522495582,0.0,,mean_reversion,0.0,{},,46.0,,,,,,,776.8648745020199,0.0,0.0,0.0,776.8648745020199,0.0,0.0,0.0,1.777077829026814e-05,0.0,1.0,0.0,,
2024-01-13 04:00:00,2548.53,2549.3,2539.2,2547.21,11600.2656,0.0001,64,0.0,0.0,mean_reversion,,1019.3377522495582,0.0,0.0,,,1019.3377522495582,0.0,,mean_reversion,0.0,{},,47.0,,,,,,,776.8648745020199,0.0,0.0,0.0,776.8648745020199,0.0,0.0,0.0,1.8231276073575698e-05,0.0,1.0,0.0,,
2024-01-13 05:00:00,2547.21,2556.02,2540.35,2554.33,10559.5557,0.0001,64,0.0,0.0,mean_reversion,,1019.3377522495582,0.0,0.0,,,1019.3377522495582,0.0,,mean_reversion,0.0,{},,48.0,,,,,,,776.8648745020199,0.0,0.0,0.0,776.8648745020199,0.0,0.0,0.0,1.2914606901931588e-05,0.0,1.0,0.0,,
2024-01-13 06:00:00,2554.34,2554.52,2542.66,2552.01,14396.9308,0.0001,64,0.0,0.0,mean_reversion,,1019.3377522495582,0.0,0.0,,,1019.3377522495582,0.0,,mean_reversion,0.0,{},,49.0,,,,,,,776.8648745020199,0.0,0.0,0.0,776.8648745020199,0.0,0.0,0.0,1.433300266429097e-05,0.0,1.0,0.0,,
2024-01-13 07:00:00,2552.01,2561.68,2547.6,2550.99,12406.735,0.0001,64,0.0,0.0,mean_reversion,,1019.3377522495582,0.0,0.0,,,1019.3377522495582,0.0,,mean_reversion,0.0,{},,50.0,,,,,,,776.8648745020199,0.0,0.0,0.0,776.8648745020199,0.0,0.0,0.0,1.4894357790970518e-05,0.0,1.0,0.0,,
2024-01-13 08:00:00,2550.99,2560.55,2549.4,2555.59,12746.4726,0.0001,64,0.0,0.0,mean_reversion,,1019.3377522495582,0.0,0.0,,,1019.3377522495582,0.0,,mean_reversion,0.0,{},,51.0,,,,,,,776.8648745020199,0.0,0.0,0.0,776.8648745020199,0.0,0.0,0.0,1.096892088167777e-05,0.0,1.0,0.0,,
2024-01-13 09:00:00,2555.6,2557.54,2537.94,2540.78,17839.5002,0.0001,64,0.0,0.0,mean_reversion,,1019.3377522495582,0.0,0.0,,,1019.3377522495582,0.0,,mean_reversion,0.0,{},,52.0,,,,,,,776.8648745020199,0.0,0.0,0.0,776.8648745020199,0.0,0.0,0.0,2.1310283965568352e-05,0.0,1.0,0.0,,
2024-01-13 10:00:00,2540.78,2541.92,2521.18,2531.15,20787.1519,0.0001,64,0.0,0.0,mean_reversion,,1019.3377522495582,0.0,0.0,,,1019.3377522495582,0.0,,mean_reversion,0.0,{},,53.0,,,,,,,776.8648745020199,0.0,0.0,0.0,776.8648745020199,0.0,0.0,0.0,2.7673903235878446e-05,0.0,1.0,0.0,,
2024-01-13 11:00:00,2531.14,2545.61,2529.5,2542.5,18399.8625,0.0001,64,0.0,0.0,mean_reversion,,1019.3377522495582,0.0,0.0,,,1019.3377522495582,0.0,,mean_reversion,0.0,{},,54.0,,,,,,,776.8648745020199,0.0,0.0,0.0,776.8648745020199,0.0,0.0,0.0,1.7609396926618818e-05,0.0,1.0,0.0,,
2024-01-13 12:00:00,2542.5,2551.86,2535.8,2542.7,16973.7735,0.0001,64,0.0,0.0,mean_reversion,,1019.3377522495582,0.0,0.0,,,1019.3377522495582,0.0,,mean_reversion,0.0,{},,55.0,,,,,,,776.8648745020199,0.0,0.0,0.0,776.8648745020199,0.0,0.0,0.0,1.8259599099583307e-05,0.0,1.0,0.0,,
2024-01-13 13:00:00,2542.69,2549.82,2537.82,2542.08,12255.4567,0.0001,64,0.0,0.0,mean_reversion,,1019.3377522495582,0.0,0.0,,,1019.3377522495582,0.0,,mean_reversion,0.0,{},,56.0,,,,,,,776.8648745020199,0.0,0.0,0.0,776.8648745020199,0.0,0.0,0.0,2.0922333666398033e-05,0.0,1.0,0.0,,
2024-01-13 14:00:00,2542.08,2545.37,2531.15,2539.54,21189.8394,0.0001,64,0.0,0.0,mean_reversion,,1019.3377522495582,0.0,0.0,,,1019.3377522495582,0.0,,mean_reversion,0.0,{},,57.0,,,,,,,776.8648745020199,0.0,0.0,0.0,776.8648745020199,0.0,0.0,0.0,3.155900712669892e-05,0.0,1.0,0.0,,
2024-01-13 15:00:00,2539.54,2566.19,2539.49,2563.83,18387.9388,0.0001,64,0.0,0.0,mean_reversion,,1019.3377522495582,0.0,0.0,,,1019.3377522495582,0.0,,mean_reversion,0.0,{},,58.0,,,,,,,776.8648745020199,0.0,0.0,0.0,776.8648745020199,0.0,0.0,0.0,0.0,0.0,1.0,0.0,,
2024-01-13 16:00:00,2563.83,2572.2,2551.0,2557.25,24748.4013,0.0001,64,0.0,0.0,mean_reversion,,1019.3377522495582,0.0,0.0,,,1019.3377522495582,0.0,,mean_reversion,0.0,{},,59.0,,,,,,,776.8648745020199,0.0,0.0,0.0,776.8648745020199,0.0,0.0,0.0,3.5430921847106344e-06,0.0,1.0,0.0,,
2024-01-13 17:00:00,2557.25,2566.63,2550.0,2555.63,24845.2786,0.0001,64,0.0,0.0,mean_reversion,,1019.3377522495582,0.0,0.0,,,1019.3377522495582,0.0,,mean_reversion,0.0,{},,60.0,,,,,,,776.8648745020199,0.0,0.0,0.0,776.8648745020199,0.0,0.0,0.0,8.089751644783935e-06,0.0,1.0,0.0,,
2024-01-13 18:00:00,2555.63,2573.6,2552.01,2560.89,15741.0834,0.0001,64,0.0,0.0,mean_reversion,,1019.3377522495582,0.0,0.0,,,1019.3377522495582,0.0,,mean_reversion,0.0,{},,61.0,,,,,,,776.8648745020199,0.0,0.0,0.0,776.8648745020199,0.0,0.0,0.0,0.0,0.0,1.0,0.0,,
2024-01-13 19:00:00,2560.89,2580.0,2559.96,2571.91,19842.1598,0.0001,64,0.0,0.0,mean_reversion,,1019.3377522495582,0.0,0.0,,,1019.3377522495582,0.0,,mean_reversion,0.0,{},,62.0,,,,,,,776.8648745020199,0.0,0.0,0.0,776.8648745020199,0.0,0.0,0.0,0.0,0.0,1.0,0.0,,
2024-01-13 20:00:00,2571.91,2580.95,2566.82,2568.76,11706.3211,0.0001,64,0.0,0.0,mean_reversion,,1019.3377522495582,0.0,0.0,,,1019.3377522495582,0.0,,mean_reversion,0.0,{},,63.0,,,,,,,776.8648745020199,0.0,0.0,0.0,776.8648745020199,0.0,0.0,0.0,0.0,0.0,1.0,0.0,,
2024-01-13 21:00:00,2568.75,2574.59,2562.8,2573.28,7013.4028,0.0001,64,0.0,0.0,mean_reversion,,1019.3377522495582,0.0,0.0,,,1019.3377522495582,0.0,,mean_reversion,0.0,{},,64.0,,,,,,,776.8648745020199,0.0,0.0,0.0,776.8648745020199,0.0,0.0,0.0,0.0,0.0,1.0,0.0,,
2024-01-13 22:00:00,2573.29,2578.18,2566.61,2578.17,6670.6494,0.0001,64,0.0,0.0,mean_reversion,,1019.3377522495582,0.0,0.0,,,1019.3377522495582,0.0,,mean_reversion,0.0,{},,65.0,,,,,,,776.8648745020199,0.0,0.0,0.0,776.8648745020199,0.0,0.0,0.0,0.0,0.0,1.0,0.0,,
2024-01-13 23:00:00,2578.18,2590.0,2573.37,2578.19,13924.2725,0.0001,64,0.0,0.0,mean_reversion,,1019.3377522495582,0.0,0.0,,,1019.3377522495582,0.0,,mean_reversion,0.0,{},,66.0,,,,,,,776.8648745020199,0.0,0.0,0.0,776.8648745020199,0.0,0.0,0.0,0.0,0.0,1.0,0.0,,
2024-01-14 00:00:00,2578.18,2578.69,2561.08,2564.04,11669.8904,0.0001,60,0.0,0.0,mean_reversion,,1019.3377522495582,0.0,0.0,,,1019.3377522495582,0.0,,mean_reversion,0.0,{},,67.0,,,,,,,776.8648745020199,0.0,0.0,0.0,776.8648745020199,0.0,0.0,0.0,0.0,0.0,1.0,0.0,,
2024-01-14 01:00:00,2564.04,2574.4,2562.32,2569.4,6757.1644,0.0001,60,0.0,0.0,mean_reversion,,1019.3377522495582,0.0,0.0,,,1019.3377522495582,0.0,,mean_reversion,0.0,{},,68.0,,,,,,,776.8648745020199,0.0,0.0,0.0,776.8648745020199,0.0,0.0,0.0,0.0,0.0,1.0,0.0,,
2024-01-14 02:00:00,2569.41,2571.2,2554.88,2560.5,10260.0512,0.0001,60,0.0,0.0,mean_reversion,,1019.3377522495582,0.0,0.0,,,1019.3377522495582,0.0,,mean_reversion,0.0,{},,69.0,,,,,,,776.8648745020199,0.0,0.0,0.0,776.8648745020199,0.0,0.0,0.0,1.7655740950979188e-05,0.0,1.0,0.0,,
2024-01-14 03:00:00,2560.51,2564.52,2549.72,2550.99,19228.9161,0.0001,60,20.0,0.0,mean_reversion,,1019.3377522495582,0.0,2.0,True,True,1017.2990767450592,2.0020040080160317,,mean_reversion,20.0,{},,70.0,ETHUSDT,2024-01-14 03:00:00,ETHUSDT,2550.99,0.7991703238739143,LONG,776.8648745020199,0.0,0.0,0.0,776.8648745020199,0.0,0.0,0.0,6.371934499610471e-05,24.505426414437096,1.0,24.505426414437096,True,True
2024-01-14 04:00:00,2551.0,2555.88,2541.8,2543.94,24093.1637,0.0001,60,0.0,0.0,chop,,1011.6705601125316,2.0075787439501784,-2.0075787439501784,True,True,1009.6395518001696,0.0,,chop,-20.0,{},,1.0,ETHUSDT,2024-01-14 04:00:00,ETHUSDT,2543.94,0.7983711535500404,CLOSE,776.8648745020199,0.0,0.0,0.0,776.8648745020199,0.0,0.0,0.0,,,,,True,True
2024-01-14 05:00:00,2543.95,2555.64,2543.22,2552.64,10220.9533,0.0001,60,16.845072013235225,0.0,mean_reversion,,1009.6395518001696,0.0,1.6845072013235225,True,True,1007.938806704421,1.6856622042442477,,mean_reversion,16.845072013235225,{},,1.0,ETHUSDT,2024-01-14 05:00:00,ETHUSDT,2552.64,0.6662690766220225,LONG,776.8648745020199,0.0,0.0,0.0,776.8648745020199,0.0,0.0,0.0,4.4298901437607666e-05,16.845072013235225,1.0,16.845072013235225,True,True
2024-01-14 06:00:00,2552.64,2555.79,2548.2,2552.85,6821.7171,0.0001,60,0.0,0.0,chop,,1008.0785832940055,1.6855671327626147,-1.6855671327626147,True,True,1006.3793991667633,0.0,,chop,-16.845072013235225,{},,1.0,ETHUSDT,2024-01-14 06:00:00,ETHUSDT,2552.85,0.6656028075454005,CLOSE,776.8648745020199,0.0,0.0,0.0,776.8648745020199,0.0,0.0,0.0,,,,,True,True
2024-01-14 07:00:00,2552.85,2554.37,2543.65,2550.83,9052.7731,0.0001,60,0.0,0.0,chop,,1006.3793991667633,0.0,0.0,,,1006.3793991667633,0.0,,chop,0.0,{},,2.0,,,,,,,776.8648745020199,0.0,0.0,0.0,776.8648745020199,0.0,0.0,0.0,,,,,,
2024-01-14 08:00:00,2550.84,2553.13,2544.89,2553.12,5587.4279,0.0001,60,0.0,0.0,chop,,1006.3793991667633,0.0,0.0,,,1006.3793991667633,0.0,,chop,0.0,{},,3.0,,,,,,,776.8648745020199,0.0,0.0,0.0,776.8648745020199,0.0,0.0,0.0,,,,,,
2024-01-14 09:00:00,2553.13,2553.71,2539.49,2553.71,11568.4411,0.0001,60,0.0,0.0,chop,,1006.3793991667633,0.0,0.0,,,1006.3793991667633,0.0,,chop,0.0,{},,4.0,,,,,,,776.8648745020199,0.0,0.0,0.0,776.8648745020199,0.0,0.0,0.0,,,,,,
2024-01-14 10:00:00,2553.7,2553.8,2540.0,2542.28,6980.8092,0.0001,60,0.0,0.0,chop,,1006.3793991667633,0.0,0.0,,,1006.3793991667633,0.0,,chop,0.0,{},,5.0,,,,,,,776.8648745020199,0.0,0.0,0.0,776.8648745020199,0.0,0.0,0.0,,,,,,
2024-01-14 11:00:00,2542.27,2547.14,2534.58,2538.0,10073.7761,0.0001,60,0.0,0.0,chop,,1006.3793991667633,0.0,0.0,,,1006.3793991667633,0.0,,chop,0.0,{},,6.0,,,,,,,776.8648745020199,0.0,0.0,0.0,776.8648745020199,0.0,0.0,0.0,,,,,,
2024-01-14 12:00:00,2538.01,2546.58,2533.39,2537.17,11582.6707,0.0001,60,0.0,0.0,chop,,1006.3793991667633,0.0,0.0,,,1006.3793991667633,0.0,,chop,0.0,{},,7.0,,,,,,,776.8648745020199,0.0,0.0,0.0,776.8648745020199,0.0,0.0,0.0,,,,,,
2024-01-14 13:00:00,2537.18,2538.34,2524.39,2533.81,12026.6593,0.0001,60,0.0,0.0,chop,,1006.3793991667633,0.0,0.0,,,1006.3793991667633,0.0,,chop,0.0,{},,8.0,,,,,,,776.8648745020199,0.0,0.0,0.0,776.8648745020199,0.0,0.0,0.0,,,,,,
2024-01-14 14:00:00,2533.8,2542.79,2530.95,2540.93,10770.2865,0.0001,60,0.0,0.0,chop,,1006.3793991667633,0.0,0.0,,,1006.3793991667633,0.0,,chop,0.0,{},,9.0,,,,,,,776.8648745020199,0.0,0.0,0.0,776.8648745020199,0.0,0.0,0.0,,,,,,
2024-01-14 15:00:00,2540.93,2544.93,2535.01,2537.68,5848.9588,0.0001,60,0.0,0.0,chop,,1006.3793991667633,0.0,0.0,,,1006.3793991667633,0.0,,chop,0.0,{},,10.0,,,,,,,776.8648745020199,0.0,0.0,0.0,776.8648745020199,0.0,0.0,0.0,,,,,,
2024-01-14 16:00:00,2537.68,2543.97,2521.35,2527.46,13488.2214,0.0001,60,0.0,0.0,chop,,1006.3793991667633,0.0,0.0,,,1006.3793991667633,0.0,,chop,0.0,{},,11.0,,,,,,,776.8648745020199,0.0,0.0,0.0,776.8648745020199,0.0,0.0,0.0,,,,,,
2024-01-14 17:00:00,2527.46,2538.65,2524.24,2530.95,11218.4106,0.0001,60,20.0,0.0,mean_reversion,,1006.3793991667633,0.0,2.0,True,True,1004.3666403684297,2.002004008016032,,mean_reversion,20.0,{},,1.0,ETHUSDT,2024-01-14 17:00:00,ETHUSDT,2530.95,0.7952582225383855,LONG,776.8648745020199,0.0,0.0,0.0,776.8648745020199,0.0,0.0,0.0,0.00011278376870362265,38.901750462149,1.0,38.901750462149,True,True
2024-01-14 18:00:00,2530.95,2538.0,2522.02,2531.6,8413.2965,0.0001,60,20.0,0.0,mean_reversion,,1004.8830412952352,2.0014890866001673,-0.001489086600167333,False,,1004.8830412952352,2.0014890866001673,,mean_reversion,0.0,{},,2.0,ETHUSDT,2024-01-14 18:00:00,,,,,776.8648745020199,0.0,0.0,0.0,776.8648745020199,0.0,0.0,0.0,0.0001042375291751275,35.65351506026181,1.0,35.65351506026181,True,False
2024-01-14 19:00:00,2531.6,2532.85,2500.0,2501.0,18346.2516,0.0001,60,0.0,0.0,trending,,980.5724745871703,2.02631822251635,-2.02631822251635,True,True,978.5855227134164,0.0,,trending,-20.0,{},,1.0,ETHUSDT,2024-01-14 19:00:00,ETHUSDT,2501.0,0.7944629643158472,CLOSE,776.8648745020199,0.0,0.0,0.0,776.8648745020199,0.0,0.0,0.0,,,,,True,True
2024-01-14 20:00:00,2500.99,2519.12,2480.41,2508.94,18767.5519,0.0001,60,0.0,0.0,trending,,978.5855227134164,0.0,0.0,,,978.5855227134164,0.0,,trending,0.0,{},,2.0,,,,,,,776.8648745020199,0.0,0.0,0.0,776.8648745020199,0.0,0.0,0.0,,,,,,
2024-01-14 21:00:00,2508.94,2527.53,2498.6,2527.2,13329.304,0.0001,60,0.0,0.0,trending,,978.5855227134164,0.0,0.0,,,978.5855227134164,0.0,,trending,0.0,{},,3.0,,,,,,,776.8648745020199,0.0,0.0,0.0,776.8648745020199,0.0,0.0,0.0,,,,,,
2024-01-14 22:00:00,2527.21,2531.93,2503.46,2508.84,9524.2579,0.0001,60,0.0,0.0,trending,,978.5855227134164,0.0,0.0,,,978.5855227134164,0.0,,trending,0.0,{},,4.0,,,,,,,776.8648745020199,0.0,0.0,0.0,776.8648745020199,0.0,0.0,0.0,,,,,,
2024-01-14 23:00:00,2508.83,2511.17,2470.0,2472.87,40576.7935,0.0001,60,0.0,0.0,trending,,978.5855227134164,0.0,0.0,,,978.5855227134164,0.0,,trending,0.0,{},,5.0,,,,,,,776.8648745020199,0.0,0.0,0.0,776.8648745020199,0.0,0.0,0.0,,,,,,
2024-01-15 00:00:00,2472.87,2502.4,2470.92,2495.6,29818.6056,0.0001,52,0.0,0.0,trending,,978.5855227134164,0.0,0.0,,,978.5855227134164,0.0,,trending,0.0,{},,6.0,,,,,,,776.8648745020199,0.0,0.0,0.0,776.8648745020199,0.0,0.0,0.0,,,,,,
2024-01-15 01:00:00,2495.6,2512.64,2487.43,2506.11,25428.145,0.0001,52,0.0,0.0,trending,,978.5855227134164,0.0,0.0,,,978.5855227134164,0.0,,trending,0.0,{},,7.0,,,,,,,776.8648745020199,0.0,0.0,0.0,776.8648745020199,0.0,0.0,0.0,,,,,,
2024-01-15 02:00:00,2506.11,2506.88,2491.96,2506.03,22457.1742,0.0001,52,0.0,0.0,trending,,978.5855227134164,0.0,0.0,,,978.5855227134164,0.0,,trending,0.0,{},,8.0,,,,,,,776.8648745020199,0.0,0.0,0.0,776.8648745020199,0.0,0.0,0.0,,,,,,
2024-01-15 03:00:00,2506.03,2513.91,2501.71,2503.32,16428.7208,0.0001,52,19.413510414113972,0.0,mean_reversion,,978.5855227134164,0.0,1.9413510414113972,True,True,976.6857446897864,1.9431820889420055,,mean_reversion,19.413510414113972,{},,1.0,ETHUSDT,2024-01-15 03:00:00,ETHUSDT,2503.32,0.7589033857556394,LONG,776.8648745020199,0.0,0.0,0.0,776.8648745020199,0.0,0.0,0.0,6.0595025375033196e-05,19.413510414113972,1.0,19.413510414113972,True,True
2024-01-15 04:00:00,2503.32,2512.48,2502.97,2509.89,7359.5599,0.0001,52,0.0,0.0,mean_reversion,,981.6667539389564,1.9383963521430148,-1.9383963521430148,True,True,979.7638946841009,0.0,,mean_reversion,-19.413510414113972,{},,2.0,ETHUSDT,2024-01-15 04:00:00,ETHUSDT,2509.89,0.7581444823698837,CLOSE,776.8648745020199,0.0,0.0,0.0,776.8648745020199,0.0,0.0,0.0,4.067157802794195e-05,0.0,1.0,0.0,True,True
2024-01-15 05:00:00,2509.89,2519.29,2509.82,2518.49,8938.521,0.0001,52,0.0,0.0,mean_reversion,,979.7638946841009,0.0,0.0,,,979.7638946841009,0.0,,mean_reversion,0.0,{},,3.0,,,,,,,776.8648745020199,0.0,0.0,0.0,776.8648745020199,0.0,0.0,0.0,1.6166407926220283e-05,0.0,1.0,0.0,,
2024-01-15 06:00:00,2518.49,2521.0,2510.85,2513.0,6786.3798,0.0001,52,0.0,0.0,mean_reversion,,979.7638946841009,0.0,0.0,,,979.7638946841009,0.0,,mean_reversion,0.0,{},,4.0,,,,,,,776.8648745020199,0.0,0.0,0.0,776.8648745020199,0.0,0.0,0.0,3.197801813820942e-05,0.0,1.0,0.0,,
2024-01-15 07:00:00,2513.0,2517.09,2503.46,2513.29,8547.8011,0.0001,52,0.0,0.0,mean_reversion,,979.7638946841009,0.0,0.0,,,979.7638946841009,0.0,,mean_reversion,0.0,{},,5.0,,,,,,,776.8648745020199,0.0,0.0,0.0,776.8648745020199,0.0,0.0,0.0,3.2278317461654714e-05,0.0,1.0,0.0,,
2024-01-15 08:00:00,2513.29,2518.0,2506.88,2513.19,5526.4979,0.0001,52,0.0,0.0,mean_reversion,,979.7638946841009,0.0,0.0,,,979.7638946841009,0.0,,mean_reversion,0.0,{},,6.0,,,,,,,776.8648745020199,0.0,0.0,0.0,776.8648745020199,0.0,0.0,0.0,3.462946132725641e-05,0.0,1.0,0.0,,
2024-01-15 09:00:00,2513.19,2533.63,2509.87,2528.16,11665.8511,0.0001,52,0.0,0.0,mean_reversion,,979.7638946841009,0.0,0.0,,,979.7638946841009,0.0,,mean_reversion,0.0,{},,7.0,,,,,,,776.8648745020199,0.0,0.0,0.0,776.8648745020199,0.0,0.0,0.0,0.0,0.0,1.0,0.0,,
2024-01-15 10:00:00,2528.15,2541.0,2526.05,2535.22,12068.8471,0.0001,52,0.0,0.0,mean_reversion,,979.7638946841009,0.0,0.0,,,979.7638946841009,0.0,,mean_reversion,0.0,{},,8.0,,,,,,,776.8648745020199,0.0,0.0,0.0,776.8648745020199,0.0,0.0,0.0,0.0,0.0,1.0,0.0,,
2024-01-15 11:00:00,2535.22,2542.86,2532.0,2539.35,7799.5132,0.0001,52,0.0,0.0,mean_reversion,,979.7638946841009,0.0,0.0,,,979.7638946841009,0.0,,mean_reversion,0.0,{},,9.0,,,,,,,776.8648745020199,0.0,0.0,0.0,776.8648745020199,0.0,0.0,0.0,0.0,0.0,1.0,0.0,,
2024-01-15 12:00:00,2539.36,2548.0,2533.0,2540.74,16750.1018,0.0001,52,0.0,0.0,mean_reversion,,979.7638946841009,0.0,0.0,,,979.7638946841009,0.0,,mean_reversion,0.0,{},,10.0,,,,,,,776.8648745020199,0.0,0.0,0.0,776.8648745020199,0.0,0.0,0.0,0.0,0.0,1.0,0.0,,
2024-01-15 13:00:00,2540.75,2549.02,2534.52,2538.78,14493.7331,0.0001,52,0.0,0.0,mean_reversion,,979.7638946841009,0.0,0.0,,,979.7638946841009,0.0,,mean_reversion,0.0,{},,11.0,,,,,,,776.8648745020199,0.0,0.0,0.0,776.8648745020199,0.0,0.0,0.0,0.0,0.0,1.0,0.0,,
2024-01-15 14:00:00,2538.79,2540.0,2505.8,2508.01,24680.3295,0.0001,52,20.0,0.0,mean_reversion,,979.7638946841009,0.0,2.0,True,True,977.8043668947328,2.002004008016032,,mean_reversion,20.0,{},,12.0,ETHUSDT,2024-01-15 14:00:00,ETHUSDT,2508.01,0.7813078055383359,LONG,776.8648745020199,0.0,0.0,0.0,776.8648745020199,0.0,0.0,0.0,6.933102975129425e-05,22.472000799175483,1.0,22.472000799175483,True,True
2024-01-15 15:00:00,2508.01,2524.73,2508.0,2514.49,15199.9196,0.0001,52,0.0,0.0,mean_reversion,,982.8621786000408,1.9968476923994036,-1.9968476923994036,True,True,980.8995525267567,0.0,,mean_reversion,-20.0,{},,13.0,ETHUSDT,2024-01-15 15:00:00,ETHUSDT,2514.49,0.7805264977327976,CLOSE,776.8648745020199,0.0,0.0,0.0,776.8648745020199,0.0,0.0,0.0,4.2277921398916754e-05,0.0,1.0,0.0,True,True
2024-01-15 16:00:00,2514.49,2527.36,2514.05,2523.74,8851.5312,0.0001,52,0.0,0.0,mean_reversion,,980.8995525267567,0.0,0.0,,,980.8995525267567,0.0,,mean_reversion,0.0,{},,14.0,,,,,,,776.8648745020199,0.0,0.0,0.0,776.8648745020199,0.0,0.0,0.0,2.7428093271528758e-06,0.0,1.0,0.0,,
2024-01-15 17:00:00,2523.74,2536.76,2523.72,2532.38,10112.2619,0.0001,52,0.0,0.0,mean_reversion,,980.8995525267567,0.0,0.0,,,980.8995525267567,0.0,,mean_reversion,0.0,{},,15.0,,,,,,,776.8648745020199,0.0,0.0,0.0,776.8648745020199,0.0,0.0,0.0,0.0,0.0,1.0,0.0,,
2024-01-15 18:00:00,2532.38,2553.82,2532.38,2539.99,21248.2731,0.0001,52,0.0,0.0,mean_reversion,,980.8995525267567,0.0,0.0,,,980.8995525267567,0.0,,mean_reversion,0.0,{},,16.0,,,,,,,776.8648745020199,0.0,0.0,0.0,776.8648745020199,0.0,0.0,0.0,0.0,0.0,1.0,0.0,,
2024-01-15 19:00:00,2539.99,2546.15,2531.0,2534.7,9218.6349,0.0001,52,0.0,0.0,mean_reversion,,980.8995525267567,0.0,0.0,,,980.8995525267567,0.0,,mean_reversion,0.0,{},,17.0,,,,,,,776.8648745020199,0.0,0.0,0.0,776.8648745020199,0.0,0.0,0.0,0.0,0.0,1.0,0.0,,
2024-01-15 20:00:00,2534.69,2539.38,2525.11,2530.61,5800.8088,0.0001,52,0.0,0.0,chop,,980.8995525267567,0.0,0.0,,,980.8995525267567,0.0,,chop,0.0,{},,1.0,,,,,,,776.8648745020199,0.0,0.0,0.0,776.8648745020199,0.0,0.0,0.0,,,,,,
2024-01-15 21:00:00,2530.6,2530.61,2521.33,2522.13,5092.6707,0.0001,52,0.0,0.0,chop,,980.8995525267567,0.0,0.0,,,980.8995525267567,0.0,,chop,0.0,{},,2.0,,,,,,,776.8648745020199,0.0,0.0,0.0,776.8648745020199,0.0,0.0,0.0,,,,,,
2024-01-15 22:00:00,2522.13,2525.12,2500.33,2513.98,11667.4332,0.0001,52,0.0,0.0,chop,,980.8995525267567,0.0,0.0,,,980.8995525267567,0.0,,chop,0.0,{},,3.0,,,,,,,776.8648745020199,0.0,0.0,0.0,776.8648745020199,0.0,0.0,0.0,,,,,,
2024-01-15 23:00:00,2513.97,2519.9,2510.88,2511.78,9306.5674,0.0001,52,0.0,0.0,chop,,980.8995525267567,0.0,0.0,,,980.8995525267567,0.0,,chop,0.0,{},,4.0,,,,,,,776.8648745020199,0.0,0.0,0.0,776.8648745020199,0.0,0.0,0.0,,,,,,
2024-01-16 00:00:00,2511.79,2516.12,2506.08,2509.2,9356.3094,0.0001,64,0.0,0.0,chop,,980.8995525267567,0.0,0.0,,,980.8995525267567,0.0,,chop,0.0,{},,5.0,,,,,,,776.8648745020199,0.0,0.0,0.0,776.8648745020199,0.0,0.0,0.0,,,,,,
2024-01-16 01:00:00,2509.21,2522.4,2505.0,2514.16,9840.0176,0.0001,64,0.0,0.0,chop,,980.8995525267567,0.0,0.0,,,980.8995525267567,0.0,,chop,0.0,{},,6.0,,,,,,,776.8648745020199,0.0,0.0,0.0,776.8648745020199,0.0,0.0,0.0,,,,,,
2024-01-16 02:00:00,2514.16,2528.86,2512.03,2517.5,8351.7538,0.0001,64,0.0,0.0,chop,,980.8995525267567,0.0,0.0,,,980.8995525267567,0.0,,chop,0.0,{},,7.0,,,,,,,776.8648745020199,0.0,0.0,0.0,776.8648745020199,0.0,0.0,0.0,,,,,,
2024-01-16 03:00:00,2517.51,2538.23,2516.4,2537.6,10801.851,0.0001,64,0.0,0.0,chop,,980.8995525267567,0.0,0.0,,,980.8995525267567,0.0,,chop,0.0,{},,8.0,,,,,,,776.8648745020199,0.0,0.0,0.0,776.8648745020199,0.0,0.0,0.0,,,,,,
2024-01-16 04:00:00,2537.6,2539.36,2528.0,2530.5,8642.0754,0.0001,64,0.0,0.0,chop,,980.8995525267567,0.0,0.0,,,980.8995525267567,0.0,,chop,0.0,{},,9.0,,,,,,,776.8648745020199,0.0,0.0,0.0,776.8648745020199,0.0,0.0,0.0,,,,,,
2024-01-16 05:00:00,2530.49,2542.14,2528.0,2531.04,8403.2466,0.0001,64,0.0,0.0,chop,,980.8995525267567,0.0,0.0,,,980.8995525267567,0.0,,chop,0.0,{},,10.0,,,,,,,776.8648745020199,0.0,0.0,0.0,776.8648745020199,0.0,0.0,0.0,,,,,,
2024-01-16 06:00:00,2531.03,2536.84,2525.43,2534.89,9400.4515,0.0001,64,0.0,0.0,chop,,980.8995525267567,0.0,0.0,,,980.8995525267567,0.0,,chop,0.0,{},,11.0,,,,,,,776.8648745020199,0.0,0.0,0.0,776.8648745020199,0.0,0.0,0.0,,,,,,
2024-01-16 07:00:00,2534.88,2536.89,2522.3,2528.26,9364.5853,0.0001,64,0.0,0.0,chop,,980.8995525267567,0.0,0.0,,,980.8995525267567,0.0,,chop,0.0,{},,12.0,,,,,,,776.8648745020199,0.0,0.0,0.0,776.8648745020199,0.0,0.0,0.0,,,,,,
2024-01-16 08:00:00,2528.25,2547.18,2523.6,2544.02,14482.2288,0.0001,64,0.0,0.0,mean_reversion,,980.8995525267567,0.0,0.0,,,980.8995525267567,0.0,,mean_reversion,0.0,{},,1.0,,,,,,,776.8648745020199,0.0,0.0,0.0,776.8648745020199,0.0,0.0,0.0,0.0,0.0,1.0,0.0,,
2024-01-16 09:00:00,2544.02,2549.38,2538.5,2542.86,18841.6076,0.0001,64,0.0,0.0,mean_reversion,,980.8995525267567,0.0,0.0,,,980.8995525267567,0.0,,mean_reversion,0.0,{},,2.0,,,,,,,776.8648745020199,0.0,0.0,0.0,776.8648745020199,0.0,0.0,0.0,0.0,0.0,1.0,0.0,,
2024-01-16 10:00:00,2542.86,2544.12,2529.69,2533.92,8579.8903,0.0001,64,0.0,0.0,chop,,980.8995525267567,0.0,0.0,,,980.8995525267567,0.0,,chop,0.0,{},,1.0,,,,,,,776.8648745020199,0.0,0.0,0.0,776.8648745020199,0.0,0.0,0.0,,,,,,
2024-01-16 11:00:00,2533.92,2537.94,2521.98,2530.77,11451.4309,0.0001,64,0.0,0.0,chop,,980.8995525267567,0.0,0.0,,,980.8995525267567,0.0,,chop,0.0,{},,2.0,,,,,,,776.8648745020199,0.0,0.0,0.0,776.8648745020199,0.0,0.0,0.0,,,,,,
2024-01-16 12:00:00,2530.78,2547.95,2529.16,2547.01,9824.4546,0.0001,64,0.0,0.0,chop,,980.8995525267567,0.0,0.0,,,980.8995525267567,0.0,,chop,0.0,{},,3.0,,,,,,,776.8648745020199,0.0,0.0,0.0,776.8648745020199,0.0,0.0,0.0,,,,,,
2024-01-16 13:00:00,2547.0,2547.8,2524.1,2525.81,13898.6327,0.0001,64,0.0,0.0,chop,,980.8995525267567,0.0,0.0,,,980.8995525267567,0.0,,chop,0.0,{},,4.0,,,,,,,776.8648745020199,0.0,0.0,0.0,776.8648745020199,0.0,0.0,0.0,,,,,,
2024-01-16 14:00:00,2525.8,2538.32,2500.05,2534.31,42934.8282,0.0001,64,0.0,0.0,chop,,980.8995525267567,0.0,0.0,,,980.8995525267567,0.0,,chop,0.0,{},,5.0,,,,,,,776.8648745020199,0.0,0.0,0.0,776.8648745020199,0.0,0.0,0.0,,,,,,
2024-01-16 15:00:00,2534.31,2570.79,2524.99,2559.44,42845.7478,0.0001,64,0.0,0.0,mean_reversion,,980.8995525267567,0.0,0.0,,,980.8995525267567,0.0,,mean_reversion,0.0,{},,1.0,,,,,,,776.8648745020199,0.0,0.0,0.0,776.8648745020199,0.0,0.0,0.0,0.0,0.0,1.0,0.0,,
2024-01-16 16:00:00,2559.44,2579.62,2548.63,2575.92,36310.9162,0.0001,64,0.0,0.0,mean_reversion,,980.8995525267567,0.0,0.0,,,980.8995525267567,0.0,,mean_reversion,0.0,{},,2.0,,,,,,,776.8648745020199,0.0,0.0,0.0,776.8648745020199,0.0,0.0,0.0,0.0,0.0,1.0,0.0,,
2024-01-16 17:00:00,2575.93,2578.93,2562.09,2564.05,14107.6067,0.0001,64,0.0,0.0,mean_reversion,,980.8995525267567,0.0,0.0,,,980.8995525267567,0.0,,mean_reversion,0.0,{},,3.0,,,,,,,776.8648745020199,0.0,0.0,0.0,776.8648745020199,0.0,0.0,0.0,0.0,0.0,1.0,0.0,,
2024-01-16 18:00:00,2564.05,2569.44,2554.8,2559.2,11237.7202,0.0001,64,0.0,0.0,mean_reversion,,980.8995525267567,0.0,0.0,,,980.8995525267567,0.0,,mean_reversion,0.0,{},,4.0,,,,,,,776.8648745020199,0.0,0.0,0.0,776.8648745020199,0.0,0.0,0.0,0.0,0.0,1.0,0.0,,
2024-01-16 19:00:00,2559.2,2576.09,2555.4,2574.06,9020.9865,0.0001,64,0.0,0.0,mean_reversion,,980.8995525267567,0.0,0.0,,,980.8995525267567,0.0,,mean_reversion,0.0,{},,5.0,,,,,,,776.8648745020199,0.0,0.0,0.0,776.8648745020199,0.0,0.0,0.0,0.0,0.0,1.0,0.0,,
2024-01-16 20:00:00,2574.06,2588.97,2571.79,2586.87,18420.4984,0.0001,64,0.0,0.0,mean_reversion,,980.8995525267567,0.0,0.0,,,980.8995525267567,0.0,,mean_reversion,0.0,{},,6.0,,,,,,,776.8648745020199,0.0,0.0,0.0,776.8648745020199,0.0,0.0,0.0,0.0,0.0,1.0,0.0,,
2024-01-16 21:00:00,2586.87,2614.43,2584.89,2607.29,24490.8163,0.0001,64,0.0,0.0,mean_reversion,,980.8995525267567,0.0,0.0,,,980.8995525267567,0.0,,mean_reversion,0.0,{},,7.0,,,,,,,776.8648745020199,0.0,0.0,0.0,776.8648745020199,0.0,0.0,0.0,0.0,0.0,1.0,0.0,,
2024-01-16 22:00:00,2607.3,2611.6,2593.09,2593.55,14054.1351,0.0001,64,0.0,0.0,trending,,980.8995525267567,0.0,0.0,,,980.8995525267567,0.0,,trending,0.0,{},,1.0,,,,,,,776.8648745020199,0.0,0.0,0.0,776.8648745020199,0.0,0.0,0.0,,,,,,
2024-01-16 23:00:00,2593.56,2604.8,2585.31,2587.4,16415.8338,0.0001,64,0.0,0.0,mean_reversion,,980.8995525267567,0.0,0.0,,,980.8995525267567,0.0,,mean_reversion,0.0,{},,1.0,,,,,,,776.8648745020199,0.0,0.0,0.0,776.8648745020199,0.0,0.0,0.0,0.0,0.0,1.0,0.0,,
2024-01-17 00:00:00,2587.41,2592.06,2580.02,2589.09,15482.4118,0.0001,60,0.0,0.0,mean_reversion,,980.8995525267567,0.0,0.0,,,980.8995525267567,0.0,,mean_reversion,0.0,{},,2.0,,,,,,,776.8648745020199,0.0,0.0,0.0,776.8648745020199,0.0,0.0,0.0,0.0,0.0,1.0,0.0,,
2024-01-17 01:00:00,2589.09,2592.97,2576.91,2578.57,12529.3209,0.0001,60,0.0,0.0,mean_reversion,,980.8995525267567,0.0,0.0,,,980.8995525267567,0.0,,mean_reversion,0.0,{},,3.0,,,,,,,776.8648745020199,0.0,0.0,0.0,776.8648745020199,0.0,0.0,0.0,0.0,0.0,1.0,0.0,,
2024-01-17 02:00:00,2578.58,2581.78,2573.35,2576.64,11303.9061,0.0001,60,0.0,0.0,mean_reversion,,980.8995525267567,0.0,0.0,,,980.8995525267567,0.0,,mean_reversion,0.0,{},,4.0,,,,,,,776.8648745020199,0.0,0.0,0.0,776.8648745020199,0.0,0.0,0.0,0.0,0.0,1.0,0.0,,
2024-01-17 03:00:00,2576.65,2578.89,2571.17,2571.43,8722.5787,0.0001,60,0.0,0.0,mean_reversion,,980.8995525267567,0.0,0.0,,,980.8995525267567,0.0,,mean_reversion,0.0,{},,5.0,,,,,,,776.8648745020199,0.0,0.0,0.0,776.8648745020199,0.0,0.0,0.0,0.0,0.0,1.0,0.0,,
2024-01-17 04:00:00,2571.43,2575.57,2561.95,2568.81,10399.8848,0.0001,60,0.0,0.0,mean_reversion,,980.8995525267567,0.0,0.0,,,980.8995525267567,0.0,,mean_reversion,0.0,{},,6.0,,,,,,,776.8648745020199,0.0,0.0,0.0,776.8648745020199,0.0,0.0,0.0,0.0,0.0,1.0,0.0,,
2024-01-17 05:00:00,2568.81,2573.31,2561.29,2562.73,9147.989,0.0001,60,0.0,0.0,mean_reversion,,980.8995525267567,0.0,0.0,,,980.8995525267567,0.0,,mean_reversion,0.0,{},,7.0,,,,,,,776.8648745020199,0.0,0.0,0.0,776.8648745020199,0.0,0.0,0.0,0.0,0.0,1.0,0.0,,
2024-01-17 06:00:00,2562.73,2570.66,2561.4,2563.01,10517.4129,0.0001,60,0.0,0.0,mean_reversion,,980.8995525267567,0.0,0.0,,,980.8995525267567,0.0,,mean_reversion,0.0,{},,8.0,,,,,,,776.8648745020199,0.0,0.0,0.0,776.8648745020199,0.0,0.0,0.0,0.0,0.0,1.0,0.0,,
2024-01-17 07:00:00,2563.0,2566.11,2551.81,2552.52,15498.5594,0.0001,60,0.0,0.0,mean_reversion,,980.8995525267567,0.0,0.0,,,980.8995525267567,0.0,,mean_reversion,0.0,{},,9.0,,,,,,,776.8648745020199,0.0,0.0,0.0,776.8648745020199,0.0,0.0,0.0,2.8182235937819465e-05,0.0,1.0,0.0,,
2024-01-17 08:00:00,2552.53,2554.06,2534.4,2546.84,18418.2627,0.0001,60,15.751095615393474,0.0,mean_reversion,,980.8995525267567,0.0,1.5751095615393473,True,True,979.3545282626621,1.5760168511892632,,mean_reversion,15.751095615393474,{},,10.0,ETHUSDT,2024-01-17 08:00:00,ETHUSDT,2546.84,0.6066436305753646,LONG,776.8648745020199,0.0,0.0,0.0,776.8648745020199,0.0,0.0,0.0,4.5127843671946415e-05,15.751095615393474,1.0,15.751095615393474,True,True
2024-01-17 09:00:00,2546.84,2551.96,2542.73,2544.36,11531.0322,0.0001,60,18.33130689658653,0.0,mean_reversion,,977.851556535039,1.5769021972688253,0.2562284923898277,True,True,977.601003104927,1.8333442161908093,,mean_reversion,2.580211281193055,{},,11.0,ETHUSDT,2024-01-17 09:00:00,ETHUSDT,2544.36,0.09847404852773169,LONG,776.8648745020199,0.0,0.0,0.0,776.8648745020199,0.0,0.0,0.0,5.263883248848614e-05,18.33130689658653,1.0,18.33130689658653,True,True
2024-01-17 10:00:00,2544.36,2553.0,2540.28,2553.0,12396.7523,0.0001,60,0.0,0.0,mean_reversion,,983.6871276356303,1.8281882712422675,-1.8281882712422675,True,True,981.888762366315,0.0,,mean_reversion,-18.33130689658653,{},,12.0,ETHUSDT,2024-01-17 10:00:00,ETHUSDT,2553.0,0.7044125614239932,CLOSE,776.8648745020199,0.0,0.0,0.0,776.8648745020199,0.0,0.0,0.0,2.0238101667481642e-05,0.0,1.0,0.0,True,True
2024-01-17 11:00:00,2553.0,2553.67,2541.63,2542.85,12535.3421,0.0001,60,19.12860746485449,0.0,mean_reversion,,981.888762366315,0.0,1.912860746485449,True,True,980.0105458953692,1.9146102685665223,,mean_reversion,19.12860746485449,{},,13.0,ETHUSDT,2024-01-17 11:00:00,ETHUSDT,2542.85,0.7386265296599103,LONG,776.8648745020199,0.0,0.0,0.0,776.8648745020199,0.0,0.0,0.0,5.5019726122028624e-05,19.12860746485449,1.0,19.12860746485449,True,True
2024-01-17 12:00:00,2542.86,2552.9,2532.67,2552.38,25697.5357,0.0001,60,0.0,0.0,mean_reversion,,987.0426176122007,1.9080942327979054,-1.9080942327979054,True,True,985.1592472860091,0.0,,mean_reversion,-19.12860746485449,{},,14.0,ETHUSDT,2024-01-17 12:00:00,ETHUSDT,2552.38,0.7378879031302503,CLOSE,776.8648745020199,0.0,0.0,0.0,776.8648745020199,0.0,0.0,0.0,1.7256801315120085e-05,0.0,1.0,0.0,True,True
2024-01-17 13:00:00,2552.38,2552.86,2541.33,2543.77,12544.706,0.0001,60,17.12327288013943,0.0,mean_reversion,,985.1592472860091,0.0,1.712327288013943,True,True,983.4723322238422,1.7135491176394153,,mean_reversion,17.12327288013943,{},,15.0,ETHUSDT,2024-01-17 13:00:00,ETHUSDT,2543.77,0.6631554984008419,LONG,776.8648745020199,0.0,0.0,0.0,776.8648745020199,0.0,0.0,0.0,4.92929743477344e-05,17.12327288013943,1.0,17.12327288013943,True,True
2024-01-17 14:00:00,2543.77,2574.75,2538.12,2550.16,34492.0424,0.0001,60,0.0,0.0,mean_reversion,,987.7056582949886,1.7104908319473389,-1.7104908319473389,True,True,986.0161968218124,0.0,,mean_reversion,-17.12327288013943,{},,16.0,ETHUSDT,2024-01-17 14:00:00,ETHUSDT,2550.16,0.6624923429024411,CLOSE,776.8648745020199,0.0,0.0,0.0,776.8648745020199,0.0,0.0,0.0,2.3325847563987057e-05,0.0,1.0,0.0,True,True
2024-01-17 15:00:00,2550.16,2563.74,2535.69,2539.46,35414.4797,0.0001,60,20.0,0.0,mean_reversion,,986.0161968218124,0.0,2.0,True,True,984.0441644281686,2.002004008016032,,mean_reversion,20.0,{},,17.0,ETHUSDT,2024-01-17 15:00:00,ETHUSDT,2539.46,0.7765558006992135,LONG,776.8648745020199,0.0,0.0,0.0,776.8648745020199,0.0,0.0,0.0,6.025891116276236e-05,20.88254449683086,1.0,20.88254449683086,True,True
2024-01-17 16:00:00,2539.47,2544.75,2522.0,2534.76,22880.9287,0.0001,60,20.0,0.0,mean_reversion,,980.3980019771457,2.005730524576077,-0.005730524576077034,False,,980.3980019771457,2.005730524576077,,mean_reversion,0.0,{},,18.0,ETHUSDT,2024-01-17 16:00:00,,,,,776.8648745020199,0.0,0.0,0.0,776.8648745020199,0.0,0.0,0.0,7.230400734094719e-05,24.957324761172263,1.0,24.957324761172263,True,False
2024-01-17 17:00:00,2534.76,2537.28,2523.1,2529.69,13441.9981,0.0001,60,20.0,0.0,mean_reversion,,976.4648012055102,2.0097816076980046,-0.009781607698004624,False,,976.4648012055102,2.0097816076980046,,mean_reversion,0.0,{},,19.0,ETHUSDT,2024-01-17 17:00:00,,,,,776.8648745020199,0.0,0.0,0.0,776.8648745020199,0.0,0.0,0.0,8.285631734843828e-05,28.46001806745231,1.0,28.46001806745231,True,False
2024-01-17 18:00:00,2529.69,2534.08,2517.22,2532.9,15278.1649,0.0001,60,20.0,0.0,mean_reversion,,978.9550525816344,2.0072129401871486,-0.007212940187148575,False,,978.9550525816344,2.0072129401871486,,mean_reversion,0.0,{},,20.0,ETHUSDT,2024-01-17 18:00:00,,,,,776.8648745020199,0.0,0.0,0.0,776.8648745020199,0.0,0.0,0.0,6.550177948248443e-05,22.42520929278355,1.0,22.42520929278355,True,False
2024-01-17 19:00:00,2532.91,2539.84,2529.19,2533.29,11437.5495,0.0001,60,20.0,0.0,mean_reversion,,979.2576064871448,2.0069017491310714,-0.006901749131071444,False,,979.2576064871448,2.0069017491310714,,mean_reversion,0.0,{},,21.0,ETHUSDT,2024-01-17 19:00:00,,,,,776.8648745020199,0.0,0.0,0.0,776.8648745020199,0.0,0.0,0.0,6.20412561914257e-05,21.177983072997403,1.0,21.177983072997403,True,False
2024-01-17 20:00:00,2533.29,2543.13,2530.59,2539.87,14557.6615,0.0001,60,0.0,0.0,mean_reversion,,984.362233918577,2.001680238073185,-2.001680238073185,True,True,982.3918554878367,0.0,,mean_reversion,-20.0,{},,22.0,ETHUSDT,2024-01-17 20:00:00,ETHUSDT,2539.87,0.7757792448985142,CLOSE,776.8648745020199,0.0,0.0,0.0,776.8648745020199,0.0,0.0,0.0,3.3891965571790836e-05,0.0,1.0,0.0,True,True
2024-01-17 21:00:00,2539.88,2544.81,2524.17,2526.58,9675.2095,0.0001,60,20.0,0.0,mean_reversion,,982.3918554878367,0.0,2.0,True,True,980.4270717768609,2.002004008016032,,mean_reversion,20.0,{},,23.0,ETHUSDT,2024-01-17 21:00:00,ETHUSDT,2526.58,0.7776455568300522,LONG,776.8648745020199,0.0,0.0,0.0,776.8648745020199,0.0,0.0,0.0,8.381877882875393e-05,28.46184028950404,1.0,28.46184028950404,True,True
2024-01-17 22:00:00,2526.59,2531.17,2506.75,2528.61,14905.3896,0.0001,60,20.0,0.0,mean_reversion,,982.0041136367458,2.0003948474814988,-0.00039484748149876125,False,,982.0041136367458,2.0003948474814988,,mean_reversion,0.0,{},,24.0,ETHUSDT,2024-01-17 22:00:00,,,,,776.8648745020199,0.0,0.0,0.0,776.8648745020199,0.0,0.0,0.0,7.814211385468493e-05,26.42048801170504,1.0,26.42048801170504,True,False
2024-01-17 23:00:00,2528.62,2532.0,2521.16,2530.19,7472.2292,0.0001,60,20.0,0.0,mean_reversion,,983.2315649365573,1.9991459698013512,0.0008540301986488252,False,,983.2315649365573,1.9991459698013512,,mean_reversion,0.0,{},,25.0,ETHUSDT,2024-01-17 23:00:00,,,,,776.8648745020199,0.0,0.0,0.0,776.8648745020199,0.0,0.0,0.0,7.379754120393379e-05,24.855027454343897,1.0,24.855027454343897,True,False
2024-01-18 00:00:00,2530.2,2531.94,2524.13,2530.12,12065.7427,0.0001,63,20.0,0.0,mean_reversion,,983.1771841827681,1.9992012338085487,0.00079876619145125,False,,983.1771841827681,1.9992012338085487,,mean_reversion,0.0,{},,26.0,ETHUSDT,2024-01-18 00:00:00,,,,,776.8648745020199,0.0,0.0,0.0,776.8648745020199,0.0,0.0,0.0,8.202838909943695e-05,27.501589273144358,1.0,27.501589273144358,True,False
2024-01-18 01:00:00,2530.11,2533.44,2510.03,2522.69,11156.2555,0.0001,63,20.0,0.0,mean_reversion,,977.4050556020084,2.0051020811251656,-0.005102081125165636,False,,977.4050556020084,2.0051020811251656,,mean_reversion,0.0,{},,27.0,ETHUSDT,2024-01-18 01:00:00,,,,,776.8648745020199,0.0,0.0,0.0,776.8648745020199,0.0,0.0,0.0,0.00012325759692617257,40.992669244247956,1.0,40.992669244247956,True,False
2024-01-18 02:00:00,2522.68,2531.99,2522.26,2528.57,9106.4317,0.0001,63,20.0,0.0,mean_reversion,,981.9730389202948,2.0004265051594516,-0.00042650515945164,False,,981.9730389202948,2.0004265051594516,,mean_reversion,0.0,{},,28.0,ETHUSDT,2024-01-18 02:00:00,,,,,776.8648745020199,0.0,0.0,0.0,776.8648745020199,0.0,0.0,0.0,8.645902355437527e-05,28.615984184561967,1.0,28.615984184561967,True,False
2024-01-18 03:00:00,2528.57,2531.96,2525.46,2529.94,11549.7219,0.0001,63,20.0,0.0,mean_reversion,,983.037347958739,1.999343369331549,0.0006566306684510081,False,,983.037347958739,1.999343369331549,,mean_reversion,0.0,{},,29.0,ETHUSDT,2024-01-18 03:00:00,,,,,776.8648745020199,0.0,0.0,0.0,776.8648745020199,0.0,0.0,0.0,8.238105614996876e-05,27.145779013786292,1.0,27.145779013786292,True,False
2024-01-18 04:00:00,2529.95,2540.69,2526.52,2529.86,27605.0717,0.0001,63,20.0,0.0,mean_reversion,,982.9751985258374,1.9994065536558037,0.0005934463441963356,False,,982.9751985258374,1.9994065536558037,,mean_reversion,0.0,{},,30.0,ETHUSDT,2024-01-18 04:00:00,,,,,776.8648745020199,0.0,0.0,0.0,776.8648745020199,0.0,0.0,0.0,9.192460010313148e-05,30.133741470623697,1.0,30.133741470623697,True,False
2024-01-18 05:00:00,2529.86,2531.43,2524.72,2529.69,8838.7777,0.0001,63,20.0,0.0,mean_reversion,,982.8431309809207,1.9995408468769236,0.00045915312307642786,False,,982.8431309809207,1.9995408468769236,,mean_reversion,0.0,{},,31.0,ETHUSDT,2024-01-18 05:00:00,,,,,776.8648745020199,0.0,0.0,0.0,776.8648745020199,0.0,0.0,0.0,0.00010177661552614222,33.165153134813956,1.0,33.165153134813956,True,False
2024-01-18 06:00:00,2529.68,2536.0,2528.24,2533.33,8111.5305,0.0001,63,20.0,0.0,mean_reversion,,985.6709301779551,1.9966732561651925,0.0033267438348074663,False,,985.6709301779551,1.9966732561651925,,mean_reversion,0.0,{},,32.0,ETHUSDT,2024-01-18 06:00:00,,,,,776.8648745020199,0.0,0.0,0.0,776.8648745020199,0.0,0.0,0.0,6.582848916657485e-05,21.388537415894913,1.0,21.388537415894913,True,False
2024-01-18 07:00:00,2533.33,2539.0,2532.05,2538.99,11023.0254,0.0001,63,0.0,0.0,mean_reversion,,990.0680025557615,1.9922468486527092,-1.9922468486527092,True,True,988.095542697718,0.0,,mean_reversion,-20.0,{},,33.0,ETHUSDT,2024-01-18 07:00:00,ETHUSDT,2538.99,0.7768679112732222,CLOSE,776.8648745020199,0.0,0.0,0.0,776.8648745020199,0.0,0.0,0.0,0.0,0.0,1.0,0.0,True,True
2024-01-18 08:00:00,2538.99,2542.5,2536.1,2537.48,10160.6761,0.0001,63,0.0,0.0,mean_reversion,,988.095542697718,0.0,0.0,,,988.095542697718,0.0,,mean_reversion,0.0,{},,34.0,,,,,,,776.8648745020199,0.0,0.0,0.0,776.8648745020199,0.0,0.0,0.0,1.210468583687085e-05,0.0,1.0,0.0,,
2024-01-18 09:00:00,2537.47,2550.0,2535.46,2539.49,32722.4866,0.0001,63,0.0,0.0,mean_reversion,,988.095542697718,0.0,0.0,,,988.095542697718,0.0,,mean_reversion,0.0,{},,35.0,,,,,,,776.8648745020199,0.0,0.0,0.0,776.8648745020199,0.0,0.0,0.0,0.0,0.0,1.0,0.0,,
2024-01-18 10:00:00,2539.5,2541.26,2514.04,2516.24,15622.7159,0.0001,63,20.0,0.0,mean_reversion,,988.095542697718,0.0,2.0,True,True,986.1193516123224,2.002004008016032,,mean_reversion,20.0,{},,36.0,ETHUSDT,2024-01-18 10:00:00,ETHUSDT,2516.24,0.7853746404935285,LONG,776.8648745020199,0.0,0.0,0.0,776.8648745020199,0.0,0.0,0.0,0.00025852085384101095,82.99231209919671,1.0,82.99231209919671,True,True
2024-01-18 11:00:00,2516.25,2524.19,2515.25,2522.41,13135.2331,0.0001,63,20.0,0.0,mean_reversion,,990.9602673826357,1.9971091427384025,0.002890857261597546,False,,990.9602673826357,1.9971091427384025,,mean_reversion,0.0,{},,37.0,ETHUSDT,2024-01-18 11:00:00,,,,,776.8648745020199,0.0,0.0,0.0,776.8648745020199,0.0,0.0,0.0,0.00016451078092192574,52.249036509409706,1.0,52.249036509409706,True,False
2024-01-18 12:00:00,2522.42,2522.86,2505.6,2512.7,14556.5275,0.0001,63,20.0,0.0,mean_reversion,,983.3419056112027,2.00483416506445,-0.004834165064449891,False,,983.3419056112027,2.00483416506445,,mean_reversion,0.0,{},,38.0,ETHUSDT,2024-01-18 12:00:00,,,,,776.8648745020199,0.0,0.0,0.0,776.8648745020199,0.0,0.0,0.0,0.00025341869688601606,79.08579197669579,1.0,79.08579197669579,True,False
2024-01-18 13:00:00,2512.7,2523.31,2503.77,2515.55,17890.1229,0.0001,63,20.0,0.0,mean_reversion,,985.5779850188842,2.0025543972340105,-0.002554397234010519,False,,985.5779850188842,2.0025543972340105,,mean_reversion,0.0,{},,39.0,ETHUSDT,2024-01-18 13:00:00,,,,,776.8648745020199,0.0,0.0,0.0,776.8648745020199,0.0,0.0,0.0,0.0002067165333065704,63.641716202664504,1.0,63.641716202664504,True,False
2024-01-18 14:00:00,2515.55,2533.95,2513.91,2533.74,15053.6669,0.0001,63,0.0,0.0,mean_reversion,,999.8496637647504,1.9882441115969631,-1.9882441115969631,True,True,997.861718558288,0.0,,mean_reversion,-20.0,{},,40.0,ETHUSDT,2024-01-18 14:00:00,ETHUSDT,2533.74,0.7845892658530349,CLOSE,776.8648745020199,0.0,0.0,0.0,776.8648745020199,0.0,0.0,0.0,0.0,0.0,1.0,0.0,True,True
2024-01-18 15:00:00,2533.73,2535.27,2523.8,2525.64,11161.1294,0.0001,63,20.0,0.0,mean_reversion,,997.861718558288,0.0,2.0,True,True,995.8659951211716,2.0020040080160317,,mean_reversion,20.0,{},,41.0,ETHUSDT,2024-01-18 15:00:00,ETHUSDT,2525.64,0.790185235075694,LONG,776.8648745020199,0.0,0.0,0.0,776.8648745020199,0.0,0.0,0.0,8.094837951442844e-05,24.89098819489253,1.0,24.89098819489253,True,True
2024-01-18 16:00:00,2525.65,2526.15,2480.0,2488.29,42993.9328,0.0001,63,20.0,0.0,mean_reversion,,966.3820900096246,2.0325747226424173,-0.03257472264241734,False,,966.3820900096246,2.0325747226424173,,mean_reversion,0.0,{},,42.0,ETHUSDT,2024-01-18 16:00:00,,,,,776.8648745020199,0.0,0.0,0.0,776.8648745020199,0.0,0.0,0.0,0.00025314069555343733,76.54701219643587,1.0,76.54701219643587,True,False
2024-01-18 17:00:00,2488.29,2499.0,2467.17,2481.3,36463.3626,0.0001,63,20.0,0.0,mean_reversion,,960.8642186112388,2.038504399716874,-0.038504399716873916,False,,960.8642186112388,2.038504399716874,,mean_reversion,0.0,{},,43.0,ETHUSDT,2024-01-18 17:00:00,,,,,776.8648745020199,0.0,0.0,0.0,776.8648745020199,0.0,0.0,0.0,0.00021367721865510873,63.749760145383405,1.0,63.749760145383405,True,False
2024-01-18 18:00:00,2481.31,2485.38,2455.24,2463.59,29942.2815,0.0001,63,20.0,0.0,mean_reversion,,946.8840322785613,2.0538373069372127,-0.05383730693721267,False,,946.8840322785613,2.0538373069372127,,mean_reversion,0.0,{},,44.0,ETHUSDT,2024-01-18 18:00:00,,,,,776.8648745020199,0.0,0.0,0.0,776.8648745020199,0.0,0.0,0.0,0.00019791764856825887,58.339676549440576,1.0,58.339676549440576,True,False
2024-01-18 19:00:00,2463.6,2476.15,2430.0,2439.5,38254.0964,0.0001,63,20.0,0.0,mean_reversion,,927.8675055279007,2.0754355687782864,-0.07543556877828639,False,,927.8675055279007,2.0754355687782864,,mean_reversion,0.0,{},,45.0,ETHUSDT,2024-01-18 19:00:00,,,,,776.8648745020199,0.0,0.0,0.0,776.8648745020199,0.0,0.0,0.0,0.00017857107050000826,52.088565874349385,1.0,52.088565874349385,True,False
2024-01-18 20:00:00,2439.5,2462.28,2428.56,2446.45,32524.0886,0.0001,63,20.0,0.0,mean_reversion,,933.3538011242929,2.069114110165181,-0.06911411016518088,False,,933.3538011242929,2.069114110165181,,mean_reversion,0.0,{},,46.0,ETHUSDT,2024-01-18 20:00:00,,,,,776.8648745020199,0.0,0.0,0.0,776.8648745020199,0.0,0.0,0.0,0.00013524397163223138,39.166099590140135,1.0,39.166099590140135,True,False
2024-01-18 21:00:00,2446.44,2464.61,2442.15,2457.35,20546.109,0.0001,63,20.0,0.0,mean_reversion,,941.9582071675557,2.059348186538798,-0.05934818653879814,False,,941.9582071675557,2.059348186538798,,mean_reversion,0.0,{},,47.0,ETHUSDT,2024-01-18 21:00:00,,,,,776.8648745020199,0.0,0.0,0.0,776.8648745020199,0.0,0.0,0.0,9.62348991884382e-05,27.7474078815171,1.0,27.7474078815171,True,False
2024-01-18 22:00:00,2457.36,2472.86,2455.37,2470.53,13271.4393,0.0001,63,17.89025833965431,0.0,mean_reversion,,952.3624339244552,2.047775177824204,-0.2587493438587729,True,True,952.1160107695616,1.7894888630345838,,mean_reversion,-2.1097416603456907,{},,48.0,ETHUSDT,2024-01-18 22:00:00,ETHUSDT,2470.53,0.0997450566856896,REDUCE_LONG,776.8648745020199,0.0,0.0,0.0,776.8648745020199,0.0,0.0,0.0,6.216837941992146e-05,17.89025833965431,1.0,17.89025833965431,True,True
2024-01-18 23:00:00,2470.53,2471.32,2465.12,2470.81,8335.6817,0.0001,63,17.33983826455843,0.0,mean_reversion,,952.3091127676448,1.7893287764882382,-0.055344950032395035,False,,952.3091127676448,1.7893287764882382,,mean_reversion,-0.5504200750958788,{},,49.0,ETHUSDT,2024-01-18 23:00:00,,,,,776.8648745020199,0.0,0.0,0.0,776.8648745020199,0.0,0.0,0.0,6.036427203001879e-05,17.33983826455843,1.0,17.33983826455843,True,False
2024-01-19 00:00:00,2470.81,2474.59,2461.93,2467.97,13073.9161,0.0001,51,18.20181916391485,0.0,mean_reversion,,950.3505067870849,1.7909555279354328,0.029226388456051966,False,,950.3505067870849,1.7909555279354328,,mean_reversion,0.8619808993564178,{},,50.0,ETHUSDT,2024-01-19 00:00:00,,,,,776.8648745020199,0.0,0.0,0.0,776.8648745020199,0.0,0.0,0.0,6.349236449646819e-05,18.20181916391485,1.0,18.20181916391485,True,False
2024-01-19 01:00:00,2467.98,2468.77,2457.31,2463.15,11678.5391,0.0001,51,19.718565257521444,0.0,mean_reversion,,947.0263938200783,1.7937318238696252,0.17812470188251917,False,,947.0263938200783,1.7937318238696252,,mean_reversion,1.5167460936065957,{},,51.0,ETHUSDT,2024-01-19 01:00:00,,,,,776.8648745020199,0.0,0.0,0.0,776.8648745020199,0.0,0.0,0.0,6.894657282384116e-05,19.718565257521444,1.0,19.718565257521444,True,False
2024-01-19 02:00:00,2463.16,2465.2,2451.32,2452.79,11318.2573,0.0001,51,20.0,0.0,mean_reversion,,939.8816198909931,1.7997655991045602,0.20023440089543976,True,True,939.6934232579217,2.0002002745027405,,mean_reversion,0.28143474247855593,{},,52.0,ETHUSDT,2024-01-19 02:00:00,ETHUSDT,2452.79,0.07672757678868082,LONG,776.8648745020199,0.0,0.0,0.0,776.8648745020199,0.0,0.0,0.0,8.101876789970994e-05,23.097346313893002,1.0,23.097346313893002,True,True
2024-01-19 03:00:00,2452.79,2462.98,2443.13,2460.4,20917.2216,0.0001,51,0.0,0.0,trending,,945.5249726683332,1.994031513772276,-1.994031513772276,True,True,943.6395660757739,0.0,,trending,-20.0,{},,1.0,ETHUSDT,2024-01-19 03:00:00,ETHUSDT,2460.4,0.766300842366821,CLOSE,776.8648745020199,0.0,0.0,0.0,776.8648745020199,0.0,0.0,0.0,,,,,True,True
2024-01-19 04:00:00,2460.4,2465.93,2456.63,2461.9,8781.757,0.0001,51,0.0,0.0,trending,,943.6395660757739,0.0,0.0,,,943.6395660757739,0.0,,trending,0.0,{},,2.0,,,,,,,776.8648745020199,0.0,0.0,0.0,776.8648745020199,0.0,0.0,0.0,,,,,,
2024-01-19 05:00:00,2461.91,2468.22,2459.33,2464.58,6886.659,0.0001,51,0.0,0.0,trending,,943.6395660757739,0.0,0.0,,,943.6395660757739,0.0,,trending,0.0,{},,3.0,,,,,,,776.8648745020199,0.0,0.0,0.0,776.8648745020199,0.0,0.0,0.0,,,,,,
2024-01-19 06:00:00,2464.58,2473.46,2462.22,2471.36,10565.9552,0.0001,51,0.0,0.0,mean_reversion,,943.6395660757739,0.0,0.0,,,943.6395660757739,0.0,,mean_reversion,0.0,{},,1.0,,,,,,,776.8648745020199,0.0,0.0,0.0,776.8648745020199,0.0,0.0,0.0,3.508059151998534e-05,0.0,1.0,0.0,,
2024-01-19 07:00:00,2471.36,2474.82,2465.35,2465.51,13351.6823,0.0001,51,0.0,0.0,mean_reversion,,943.6395660757739,0.0,0.0,,,943.6395660757739,0.0,,mean_reversion,0.0,{},,2.0,,,,,,,776.8648745020199,0.0,0.0,0.0,776.8648745020199,0.0,0.0,0.0,4.869117334612601e-05,0.0,1.0,0.0,,
2024-01-19 08:00:00,2465.5,2477.23,2460.44,2473.5,9702.3491,0.0001,51,0.0,0.0,mean_reversion,,943.6395660757739,0.0,0.0,,,943.6395660757739,0.0,,mean_reversion,0.0,{},,3.0,,,,,,,776.8648745020199,0.0,0.0,0.0,776.8648745020199,0.0,0.0,0.0,2.8145614455560413e-05,0.0,1.0,0.0,,
2024-01-19 09:00:00,2473.5,2483.87,2472.8,2482.4,11875.5636,0.0001,51,0.0,0.0,mean_reversion,,943.6395660757739,0.0,0.0,,,943.6395660757739,0.0,,mean_reversion,0.0,{},,4.0,,,,,,,776.8648745020199,0.0,0.0,0.0,776.8648745020199,0.0,0.0,0.0,4.260595980700084e-06,0.0,1.0,0.0,,
2024-01-19 10:00:00,2482.41,2496.62,2481.58,2490.7,19616.7713,0.0001,51,0.0,0.0,mean_reversion,,943.6395660757739,0.0,0.0,,,943.6395660757739,0.0,,mean_reversion,0.0,{},,5.0,,,,,,,776.8648745020199,0.0,0.0,0.0,776.8648745020199,0.0,0.0,0.0,0.0,0.0,1.0,0.0,,
2024-01-19 11:00:00,2490.7,2493.4,2485.59,2488.97,8315.9778,0.0001,51,0.0,0.0,mean_reversion,,943.6395660757739,0.0,0.0,,,943.6395660757739,0.0,,mean_reversion,0.0,{},,6.0,,,,,,,776.8648745020199,0.0,0.0,0.0,776.8648745020199,0.0,0.0,0.0,0.0,0.0,1.0,0.0,,
2024-01-19 12:00:00,2488.98,2489.43,2481.23,2485.82,8795.4896,0.0001,51,0.0,0.0,mean_reversion,,943.6395660757739,0.0,0.0,,,943.6395660757739,0.0,,mean_reversion,0.0,{},,7.0,,,,,,,776.8648745020199,0.0,0.0,0.0,776.8648745020199,0.0,0.0,0.0,0.0,0.0,1.0,0.0,,
2024-01-19 13:00:00,2485.82,2497.17,2483.4,2497.16,10588.3338,0.0001,51,0.0,0.0,mean_reversion,,943.6395660757739,0.0,0.0,,,943.6395660757739,0.0,,mean_reversion,0.0,{},,8.0,,,,,,,776.8648745020199,0.0,0.0,0.0,776.8648745020199,0.0,0.0,0.0,0.0,0.0,1.0,0.0,,
2024-01-19 14:00:00,2497.16,2499.87,2470.0,2474.62,27108.1072,0.0001,51,0.0,0.0,mean_reversion,,943.6395660757739,0.0,0.0,,,943.6395660757739,0.0,,mean_reversion,0.0,{},,9.0,,,,,,,776.8648745020199,0.0,0.0,0.0,776.8648745020199,0.0,0.0,0.0,4.096556187377336e-05,0.0,1.0,0.0,,
2024-01-19 15:00:00,2474.62,2481.75,2460.37,2462.98,28926.581,0.0001,51,20.0,0.0,mean_reversion,,943.6395660757739,0.0,2.0,True,True,941.7522869436223,2.002004008016032,,mean_reversion,20.0,{},,10.0,ETHUSDT,2024-01-19 15:00:00,ETHUSDT,2462.98,0.766258407356758,LONG,776.8648745020199,0.0,0.0,0.0,776.8648745020199,0.0,0.0,0.0,0.00010099043653083013,28.84305607781893,1.0,28.84305607781893,True,True
2024-01-19 16:00:00,2462.98,2467.87,2415.2,2428.41,61310.9978,0.0001,51,20.0,0.0,mean_reversion,,915.2892233544414,2.030974190450349,-0.030974190450348882,False,,915.2892233544414,2.030974190450349,,mean_reversion,0.0,{},,11.0,ETHUSDT,2024-01-19 16:00:00,,,,,776.8648745020199,0.0,0.0,0.0,776.8648745020199,0.0,0.0,0.0,0.00018874553766596084,53.35615575477313,1.0,53.35615575477313,True,False
2024-01-19 17:00:00,2428.4,2471.8,2416.67,2471.37,38036.3277,0.0001,51,0.0,0.0,mean_reversion,,948.1747660733076,1.9952169155309676,-1.9952169155309676,True,True,946.2829517411585,0.0,,mean_reversion,-20.0,{},,12.0,ETHUSDT,2024-01-19 17:00:00,ETHUSDT,2471.37,0.7654921489494012,CLOSE,776.8648745020199,0.0,0.0,0.0,776.8648745020199,0.0,0.0,0.0,2.255779841966189e-05,0.0,1.0,0.0,True,True
2024-01-19 18:00:00,2471.37,2504.0,2461.87,2496.17,40524.0312,0.0001,51,0.0,0.0,mean_reversion,,946.2829517411585,0.0,0.0,,,946.2829517411585,0.0,,mean_reversion,0.0,{},,13.0,,,,,,,776.8648745020199,0.0,0.0,0.0,776.8648745020199,0.0,0.0,0.0,0.0,0.0,1.0,0.0,,
2024-01-19 19:00:00,2496.17,2498.42,2481.41,2493.37,20938.2886,0.0001,51,0.0,0.0,mean_reversion,,946.2829517411585,0.0,0.0,,,946.2829517411585,0.0,,mean_reversion,0.0,{},,14.0,,,,,,,776.8648745020199,0.0,0.0,0.0,776.8648745020199,0.0,0.0,0.0,0.0,0.0,1.0,0.0,,
2024-01-19 20:00:00,2493.37,2504.2,2481.8,2484.6,18161.9103,0.0001,51,0.0,0.0,mean_reversion,,946.2829517411585,0.0,0.0,,,946.2829517411585,0.0,,mean_reversion,0.0,{},,15.0,,,,,,,776.8648745020199,0.0,0.0,0.0,776.8648745020199,0.0,0.0,0.0,0.0,0.0,1.0,0.0,,
2024-01-19 21:00:00,2484.59,2492.79,2481.0,2489.12,10125.446,0.0001,51,0.0,0.0,chop,,946.2829517411585,0.0,0.0,,,946.2829517411585,0.0,,chop,0.0,{},,1.0,,,,,,,776.8648745020199,0.0,0.0,0.0,776.8648745020199,0.0,0.0,0.0,,,,,,
2024-01-19 22:00:00,2489.13,2493.74,2483.6,2490.9,6025.6965,0.0001,51,0.0,0.0,chop,,946.2829517411585,0.0,0.0,,,946.2829517411585,0.0,,chop,0.0,{},,2.0,,,,,,,776.8648745020199,0.0,0.0,0.0,776.8648745020199,0.0,0.0,0.0,,,,,,
2024-01-19 23:00:00,2490.9,2497.96,2486.64,2492.0,7583.1438,0.0001,51,0.0,0.0,chop,,946.2829517411585,0.0,0.0,,,946.2829517411585,0.0,,chop,0.0,{},,3.0,,,,,,,776.8648745020199,0.0,0.0,0.0,776.8648745020199,0.0,0.0,0.0,,,,,,
2024-01-20 00:00:00,2491.99,2492.0,2475.0,2476.12,8256.215,0.0001,52,0.0,0.0,chop,,946.2829517411585,0.0,0.0,,,946.2829517411585,0.0,,chop,0.0,{},,4.0,,,,,,,776.8648745020199,0.0,0.0,0.0,776.8648745020199,0.0,0.0,0.0,,,,,,
2024-01-20 01:00:00,2476.11,2490.9,2475.3,2489.8,5921.789,0.0001,52,0.0,0.0,chop,,946.2829517411585,0.0,0.0,,,946.2829517411585,0.0,,chop,0.0,{},,5.0,,,,,,,776.8648745020199,0.0,0.0,0.0,776.8648745020199,0.0,0.0,0.0,,,,,,
2024-01-20 02:00:00,2489.8,2489.8,2481.29,2486.5,5003.4483,0.0001,52,0.0,0.0,chop,,946.2829517411585,0.0,0.0,,,946.2829517411585,0.0,,chop,0.0,{},,6.0,,,,,,,776.8648745020199,0.0,0.0,0.0,776.8648745020199,0.0,0.0,0.0,,,,,,
2024-01-20 03:00:00,2486.5,2486.75,2475.1,2481.22,8512.4086,0.0001,52,0.0,0.0,chop,,946.2829517411585,0.0,0.0,,,946.2829517411585,0.0,,chop,0.0,{},,7.0,,,,,,,776.8648745020199,0.0,0.0,0.0,776.8648745020199,0.0,0.0,0.0,,,,,,
2024-01-20 04:00:00,2481.22,2484.75,2478.21,2483.0,4204.7679,0.0001,52,0.0,0.0,chop,,946.2829517411585,0.0,0.0,,,946.2829517411585,0.0,,chop,0.0,{},,8.0,,,,,,,776.8648745020199,0.0,0.0,0.0,776.8648745020199,0.0,0.0,0.0,,,,,,
2024-01-20 05:00:00,2483.01,2484.22,2475.29,2477.54,5272.3637,0.0001,52,0.0,0.0,chop,,946.2829517411585,0.0,0.0,,,946.2829517411585,0.0,,chop,0.0,{},,9.0,,,,,,,776.8648745020199,0.0,0.0,0.0,776.8648745020199,0.0,0.0,0.0,,,,,,
2024-01-20 06:00:00,2477.54,2484.29,2477.02,2482.46,4032.609,0.0001,52,0.0,0.0,chop,,946.2829517411585,0.0,0.0,,,946.2829517411585,0.0,,chop,0.0,{},,10.0,,,,,,,776.8648745020199,0.0,0.0,0.0,776.8648745020199,0.0,0.0,0.0,,,,,,
2024-01-20 07:00:00,2482.47,2486.27,2478.2,2478.47,3945.5134,0.0001,52,0.0,0.0,chop,,946.2829517411585,0.0,0.0,,,946.2829517411585,0.0,,chop,0.0,{},,11.0,,,,,,,776.8648745020199,0.0,0.0,0.0,776.8648745020199,0.0,0.0,0.0,,,,,,
2024-01-20 08:00:00,2478.48,2480.07,2471.71,2474.63,7894.0218,0.0001,52,0.0,0.0,chop,,946.2829517411585,0.0,0.0,,,946.2829517411585,0.0,,chop,0.0,{},,12.0,,,,,,,776.8648745020199,0.0,0.0,0.0,776.8648745020199,0.0,0.0,0.0,,,,,,
2024-01-20 09:00:00,2474.62,2477.32,2463.31,2465.95,8418.5891,0.0001,52,0.0,0.0,chop,,946.2829517411585,0.0,0.0,,,946.2829517411585,0.0,,chop,0.0,{},,13.0,,,,,,,776.8648745020199,0.0,0.0,0.0,776.8648745020199,0.0,0.0,0.0,,,,,,
2024-01-20 10:00:00,2465.95,2474.51,2465.75,2470.53,5663.5878,0.0001,52,0.0,0.0,chop,,946.2829517411585,0.0,0.0,,,946.2829517411585,0.0,,chop,0.0,{},,14.0,,,,,,,776.8648745020199,0.0,0.0,0.0,776.8648745020199,0.0,0.0,0.0,,,,,,
2024-01-20 11:00:00,2470.54,2472.42,2465.26,2470.59,4295.3682,0.0001,52,0.0,0.0,mean_reversion,,946.2829517411585,0.0,0.0,,,946.2829517411585,0.0,,mean_reversion,0.0,{},,1.0,,,,,,,776.8648745020199,0.0,0.0,0.0,776.8648745020199,0.0,0.0,0.0,5.0613544849139064e-05,0.0,1.0,0.0,,
2024-01-20 12:00:00,2470.58,2475.91,2466.84,2467.9,5298.5256,0.0001,52,18.450284715749955,0.0,mean_reversion,,946.2829517411585,0.0,1.8450284715749956,True,True,944.53703275303,1.8465904550683605,,mean_reversion,18.450284715749955,{},,2.0,ETHUSDT,2024-01-20 12:00:00,ETHUSDT,2467.9,0.7074512695524393,LONG,776.8648745020199,0.0,0.0,0.0,776.8648745020199,0.0,0.0,0.0,6.391639423666892e-05,18.450284715749955,1.0,18.450284715749955,True,True
2024-01-20 13:00:00,2467.9,2474.03,2467.15,2471.87,4600.8289,0.0001,52,0.0,0.0,mean_reversion,,947.342805711613,1.844083083300185,-1.844083083300185,True,True,945.595826869514,0.0,,mean_reversion,-18.450284715749955,{},,3.0,ETHUSDT,2024-01-20 13:00:00,ETHUSDT,2471.87,0.7067438182828869,CLOSE,776.8648745020199,0.0,0.0,0.0,776.8648745020199,0.0,0.0,0.0,3.976840164577561e-05,0.0,1.0,0.0,True,True
2024-01-20 14:00:00,2471.87,2472.62,2460.0,2466.65,7170.3325,0.0001,52,19.73901715993405,0.0,mean_reversion,,945.595826869514,0.0,1.9739017159934051,True,True,943.7293136442199,1.9758279043683522,,mean_reversion,19.73901715993405,{},,4.0,ETHUSDT,2024-01-20 14:00:00,ETHUSDT,2466.65,0.7566996636304042,LONG,776.8648745020199,0.0,0.0,0.0,776.8648745020199,0.0,0.0,0.0,6.855288036141879e-05,19.73901715993405,1.0,19.73901715993405,True,True
2024-01-20 15:00:00,2466.65,2473.99,2458.33,2463.83,7421.1083,0.0001,52,20.0,0.0,mean_reversion,,941.5975544858336,1.9780371603952354,0.02196283960476464,False,,941.5975544858336,1.9780371603952354,,mean_reversion,0.2609828400659495,{},,5.0,ETHUSDT,2024-01-20 15:00:00,,,,,776.8648745020199,0.0,0.0,0.0,776.8648745020199,0.0,0.0,0.0,8.440790794455223e-05,24.22710787257477,1.0,24.22710787257477,True,False
2024-01-20 16:00:00,2463.83,2467.81,2456.24,2458.72,7376.4015,0.0001,52,20.0,0.0,mean_reversion,,937.7346859399631,1.9820660494192093,0.017933950580790725,False,,937.7346859399631,1.9820660494192093,,mean_reversion,0.0,{},,6.0,ETHUSDT,2024-01-20 16:00:00,,,,,776.8648745020199,0.0,0.0,0.0,776.8648745020199,0.0,0.0,0.0,0.0001520082214364702,43.306386909297466,1.0,43.306386909297466,True,False
2024-01-20 17:00:00,2458.71,2464.07,2457.08,2462.08,4787.3262,0.0001,52,20.0,0.0,mean_reversion,,940.2746542988916,1.9794131897675125,0.02058681023248754,False,,940.2746542988916,1.9794131897675125,,mean_reversion,0.0,{},,7.0,ETHUSDT,2024-01-20 17:00:00,,,,,776.8648745020199,0.0,0.0,0.0,776.8648745020199,0.0,0.0,0.0,0.00011124484937731842,31.541390653562573,1.0,31.541390653562573,True,False
2024-01-20 18:00:00,2462.08,2462.59,2454.2,2457.83,5313.7841,0.0001,52,20.0,0.0,mean_reversion,,937.061896702033,1.9827711506204333,0.017228849379566702,False,,937.061896702033,1.9827711506204333,,mean_reversion,0.0,{},,8.0,ETHUSDT,2024-01-20 18:00:00,,,,,776.8648745020199,0.0,0.0,0.0,776.8648745020199,0.0,0.0,0.0,0.00014266436046084303,40.179129721280106,1.0,40.179129721280106,True,False
2024-01-20 19:00:00,2457.83,2463.8,2457.72,2461.52,3445.272,0.0001,52,20.0,0.0,mean_reversion,,939.8513262390702,1.9798543372913948,0.020145662708605183,False,,939.8513262390702,1.9798543372913948,,mean_reversion,0.0,{},,9.0,ETHUSDT,2024-01-20 19:00:00,,,,,776.8648745020199,0.0,0.0,0.0,776.8648745020199,0.0,0.0,0.0,0.00010487388530682265,29.40921830392884,1.0,29.40921830392884,True,False
2024-01-20 20:00:00,2461.52,2472.48,2460.2,2466.94,6313.2262,0.0001,52,0.0,0.0,mean_reversion,,943.9485371037704,1.975601277215798,-1.975601277215798,True,True,942.0836711682423,0.0,,mean_reversion,-20.0,{},,10.0,ETHUSDT,2024-01-20 20:00:00,ETHUSDT,2466.94,0.7559429639667737,CLOSE,776.8648745020199,0.0,0.0,0.0,776.8648745020199,0.0,0.0,0.0,4.816293861826929e-05,0.0,1.0,0.0,True,True
2024-01-20 21:00:00,2466.94,2472.79,2465.6,2465.61,4273.0199,0.0001,52,17.447759661520376,0.0,mean_reversion,,942.0836711682423,0.0,1.7447759661520377,True,True,940.4399462206834,1.7460777045999056,,mean_reversion,17.447759661520376,{},,11.0,ETHUSDT,2024-01-20 21:00:00,ETHUSDT,2465.61,0.6666605617103387,LONG,776.8648745020199,0.0,0.0,0.0,776.8648745020199,0.0,0.0,0.0,6.236943956106295e-05,17.447759661520376,1.0,17.447759661520376,True,True
2024-01-20 22:00:00,2465.6,2473.68,2465.6,2471.85,3969.8625,0.0001,52,0.0,0.0,mean_reversion,,944.5957481638507,1.742795293917286,-1.742795293917286,True,True,942.9495111392964,0.0,,mean_reversion,-17.447759661520376,{},,12.0,ETHUSDT,2024-01-20 22:00:00,ETHUSDT,2471.85,0.6659939011486283,CLOSE,776.8648745020199,0.0,0.0,0.0,776.8648745020199,0.0,0.0,0.0,0.0,0.0,1.0,0.0,True,True
2024-01-20 23:00:00,2471.85,2474.88,2468.44,2472.01,5230.5882,0.0001,52,0.0,0.0,mean_reversion,,942.9495111392964,0.0,0.0,,,942.9495111392964,0.0,,mean_reversion,0.0,{},,13.0,,,,,,,776.8648745020199,0.0,0.0,0.0,776.8648745020199,0.0,0.0,0.0,0.0,0.0,1.0,0.0,,
2024-01-21 00:00:00,2472.02,2472.12,2465.0,2465.78,4991.0951,0.0001,56,19.836518937966844,0.0,mean_reversion,,942.9495111392964,0.0,1.9836518937966843,True,True,941.0790275557704,1.9856069949788133,,mean_reversion,19.836518937966844,{},,14.0,ETHUSDT,2024-01-21 00:00:00,ETHUSDT,2465.78,0.7585768331019487,LONG,776.8648745020199,0.0,0.0,0.0,776.8648745020199,0.0,0.0,0.0,7.075035394119505e-05,19.836518937966844,1.0,19.836518937966844,True,True
2024-01-21 01:00:00,2465.77,2472.97,2465.2,2469.53,4536.8237,0.0001,56,0.0,0.0,mean_reversion,,943.9208460167783,1.9826396739736158,-1.9826396739736158,True,True,942.0493910983748,0.0,,mean_reversion,-19.836518937966844,{},,15.0,ETHUSDT,2024-01-21 01:00:00,ETHUSDT,2469.53,0.7578182562688467,CLOSE,776.8648745020199,0.0,0.0,0.0,776.8648745020199,0.0,0.0,0.0,2.1186782638270526e-05,0.0,1.0,0.0,True,True
2024-01-21 02:00:00,2469.53,2477.12,2469.41,2477.11,4577.5395,0.0001,56,0.0,0.0,mean_reversion,,942.0493910983748,0.0,0.0,,,942.0493910983748,0.0,,mean_reversion,0.0,{},,16.0,,,,,,,776.8648745020199,0.0,0.0,0.0,776.8648745020199,0.0,0.0,0.0,0.0,0.0,1.0,0.0,,
2024-01-21 03:00:00,2477.11,2481.0,2473.22,2475.42,5203.9893,0.0001,56,0.0,0.0,mean_reversion,,942.0493910983748,0.0,0.0,,,942.0493910983748,0.0,,mean_reversion,0.0,{},,17.0,,,,,,,776.8648745020199,0.0,0.0,0.0,776.8648745020199,0.0,0.0,0.0,0.0,0.0,1.0,0.0,,
2024-01-21 04:00:00,2475.43,2475.83,2472.42,2474.0,2211.8028,0.0001,56,0.0,0.0,mean_reversion,,942.0493910983748,0.0,0.0,,,942.0493910983748,0.0,,mean_reversion,0.0,{},,18.0,,,,,,,776.8648745020199,0.0,0.0,0.0,776.8648745020199,0.0,0.0,0.0,0.0,0.0,1.0,0.0,,
2024-01-21 05:00:00,2474.01,2475.74,2472.46,2473.18,3043.0265,0.0001,56,0.0,0.0,mean_reversion,,942.0493910983748,0.0,0.0,,,942.0493910983748,0.0,,mean_reversion,0.0,{},,19.0,,,,,,,776.8648745020199,0.0,0.0,0.0,776.8648745020199,0.0,0.0,0.0,0.0,0.0,1.0,0.0,,
2024-01-21 06:00:00,2473.17,2475.0,2468.89,2469.82,3596.5813,0.0001,56,0.0,0.0,mean_reversion,,942.0493910983748,0.0,0.0,,,942.0493910983748,0.0,,mean_reversion,0.0,{},,20.0,,,,,,,776.8648745020199,0.0,0.0,0.0,776.8648745020199,0.0,0.0,0.0,4.89653026630843e-05,0.0,1.0,0.0,,
2024-01-21 07:00:00,2469.81,2476.07,2466.64,2476.06,4565.4246,0.0001,56,0.0,0.0,mean_reversion,,942.0493910983748,0.0,0.0,,,942.0493910983748,0.0,,mean_reversion,0.0,{},,21.0,,,,,,,776.8648745020199,0.0,0.0,0.0,776.8648745020199,0.0,0.0,0.0,0.0,0.0,1.0,0.0,,
2024-01-21 08:00:00,2476.06,2479.36,2472.38,2474.2,5273.3821,0.0001,56,0.0,0.0,mean_reversion,,942.0493910983748,0.0,0.0,,,942.0493910983748,0.0,,mean_reversion,0.0,{},,22.0,,,,,,,776.8648745020199,0.0,0.0,0.0,776.8648745020199,0.0,0.0,0.0,0.0,0.0,1.0,0.0,,
2024-01-21 09:00:00,2474.21,2477.51,2473.2,2477.42,3739.6343,0.0001,56,0.0,0.0,mean_reversion,,942.0493910983748,0.0,0.0,,,942.0493910983748,0.0,,mean_reversion,0.0,{},,23.0,,,,,,,776.8648745020199,0.0,0.0,0.0,776.8648745020199,0.0,0.0,0.0,0.0,0.0,1.0,0.0,,
2024-01-21 10:00:00,2477.41,2482.18,2476.02,2479.98,5127.4437,0.0001,56,0.0,0.0,mean_reversion,,942.0493910983748,0.0,0.0,,,942.0493910983748,0.0,,mean_reversion,0.0,{},,24.0,,,,,,,776.8648745020199,0.0,0.0,0.0,776.8648745020199,0.0,0.0,0.0,0.0,0.0,1.0,0.0,,
2024-01-21 11:00:00,2479.97,2481.19,2471.98,2473.65,5202.6591,0.0001,56,0.0,0.0,mean_reversion,,942.0493910983748,0.0,0.0,,,942.0493910983748,0.0,,mean_reversion,0.0,{},,25.0,,,,,,,776.8648745020199,0.0,0.0,0.0,776.8648745020199,0.0,0.0,0.0,0.0,0.0,1.0,0.0,,
2024-01-21 12:00:00,2473.65,2475.22,2471.27,2471.9,5597.4186,0.0001,56,0.0,0.0,mean_reversion,,942.0493910983748,0.0,0.0,,,942.0493910983748,0.0,,mean_reversion,0.0,{},,26.0,,,,,,,776.8648745020199,0.0,0.0,0.0,776.8648745020199,0.0,0.0,0.0,2.8773780472372525e-05,0.0,1.0,0.0,,
2024-01-21 13:00:00,2471.91,2480.8,2471.9,2479.36,7951.7266,0.0001,56,0.0,0.0,mean_reversion,,942.0493910983748,0.0,0.0,,,942.0493910983748,0.0,,mean_reversion,0.0,{},,27.0,,,,,,,776.8648745020199,0.0,0.0,0.0,776.8648745020199,0.0,0.0,0.0,0.0,0.0,1.0,0.0,,
2024-01-21 14:00:00,2479.36,2481.05,2475.0,2478.13,8647.0941,0.0001,56,0.0,0.0,mean_reversion,,942.0493910983748,0.0,0.0,,,942.0493910983748,0.0,,mean_reversion,0.0,{},,28.0,,,,,,,776.8648745020199,0.0,0.0,0.0,776.8648745020199,0.0,0.0,0.0,0.0,0.0,1.0,0.0,,
2024-01-21 15:00:00,2478.12,2480.74,2464.08,2468.01,8551.5874,0.0001,56,20.0,0.0,mean_reversion,,942.0493910983748,0.0,2.0,True,True,940.165292316178,2.0020040080160317,,mean_reversion,20.0,{},,29.0,ETHUSDT,2024-01-21 15:00:00,ETHUSDT,2468.01,0.7634080827049928,LONG,776.8648745020199,0.0,0.0,0.0,776.8648745020199,0.0,0.0,0.0,0.00011544750967538578,32.99550531128557,1.0,32.99550531128557,True,True
2024-01-21 16:00:00,2468.01,2473.92,2464.16,2471.8,6804.964,0.0001,56,0.0,0.0,mean_reversion,,943.0557156329965,1.9989329108366134,-1.9989329108366134,True,True,941.1706105262651,0.0,,mean_reversion,-20.0,{},,30.0,ETHUSDT,2024-01-21 16:00:00,ETHUSDT,2471.8,0.7626446746222878,CLOSE,776.8648745020199,0.0,0.0,0.0,776.8648745020199,0.0,0.0,0.0,3.558115418787245e-05,0.0,1.0,0.0,True,True
2024-01-21 17:00:00,2471.81,2476.66,2471.37,2474.52,4534.7796,0.0001,56,0.0,0.0,mean_reversion,,941.1706105262651,0.0,0.0,,,941.1706105262651,0.0,,mean_reversion,0.0,{},,31.0,,,,,,,776.8648745020199,0.0,0.0,0.0,776.8648745020199,0.0,0.0,0.0,0.0,0.0,1.0,0.0,,
2024-01-21 18:00:00,2474.52,2478.49,2471.17,2474.31,3627.7906,0.0001,56,0.0,0.0,mean_reversion,,941.1706105262651,0.0,0.0,,,941.1706105262651,0.0,,mean_reversion,0.0,{},,32.0,,,,,,,776.8648745020199,0.0,0.0,0.0,776.8648745020199,0.0,0.0,0.0,0.0,0.0,1.0,0.0,,
2024-01-21 19:00:00,2474.31,2475.06,2470.73,2474.26,3106.6029,0.0001,56,0.0,0.0,mean_reversion,,941.1706105262651,0.0,0.0,,,941.1706105262651,0.0,,mean_reversion,0.0,{},,33.0,,,,,,,776.8648745020199,0.0,0.0,0.0,776.8648745020199,0.0,0.0,0.0,0.0,0.0,1.0,0.0,,
2024-01-21 20:00:00,2474.27,2475.4,2466.77,2467.3,4300.7095,0.0001,56,20.0,0.0,mean_reversion,,941.1706105262651,0.0,2.0,True,True,939.2882693052125,2.002004008016032,,mean_reversion,20.0,{},,34.0,ETHUSDT,2024-01-21 20:00:00,ETHUSDT,2467.3,0.7629154221426377,LONG,776.8648745020199,0.0,0.0,0.0,776.8648745020199,0.0,0.0,0.0,0.00022364457310709753,63.59830109046494,1.0,63.59830109046494,True,True
2024-01-21 21:00:00,2467.3,2474.1,2465.51,2473.42,3129.9044,0.0001,56,0.0,0.0,mean_reversion,,943.9526426463417,1.9970527842241352,-1.9970527842241352,True,True,942.067519393169,0.0,,mean_reversion,-20.0,{},,35.0,ETHUSDT,2024-01-21 21:00:00,ETHUSDT,2473.42,0.7621525067204951,CLOSE,776.8648745020199,0.0,0.0,0.0,776.8648745020199,0.0,0.0,0.0,0.0,0.0,1.0,0.0,True,True
2024-01-21 22:00:00,2473.42,2473.72,2460.0,2462.18,5242.5242,0.0001,56,20.0,0.0,mean_reversion,,942.067519393169,0.0,2.0,True,True,940.183384354383,2.0020040080160317,,mean_reversion,20.0,{},,36.0,ETHUSDT,2024-01-21 22:00:00,ETHUSDT,2462.18,0.7652304213283911,LONG,776.8648745020199,0.0,0.0,0.0,776.8648745020199,0.0,0.0,0.0,0.0003133209074759352,87.8353003892882,1.0,87.8353003892882,True,True
2024-01-21 23:00:00,2462.18,2464.06,2452.13,2457.05,9007.6648,0.0001,56,20.0,0.0,mean_reversion,,936.26167792503,2.0062010884403665,-0.006201088440366487,False,,936.26167792503,2.0062010884403665,,mean_reversion,0.0,{},,37.0,ETHUSDT,2024-01-21 23:00:00,,,,,776.8648745020199,0.0,0.0,0.0,776.8648745020199,0.0,0.0,0.0,0.00034760002034706674,95.70508610818707,1.0,95.70508610818707,True,False
2024-01-22 00:00:00,2457.06,2464.49,2452.2,2462.12,7488.8059,0.0001,55,20.0,0.0,mean_reversion,,940.1375164429285,2.0020528943016154,-0.002052894301615371,False,,940.1375164429285,2.0020528943016154,,mean_reversion,0.0,{},,38.0,ETHUSDT,2024-01-22 00:00:00,,,,,776.8648745020199,0.0,0.0,0.0,776.8648745020199,0.0,0.0,0.0,0.00019703487258339466,53.75631486227177,1.0,53.75631486227177,True,False
2024-01-22 01:00:00,2462.12,2466.1,2435.47,2439.38,21340.5482,0.0001,55,20.0,0.0,mean_reversion,,922.753578001702,2.020930768356697,-0.020930768356696827,False,,922.753578001702,2.020930768356697,,mean_reversion,0.0,{},,39.0,ETHUSDT,2024-01-22 01:00:00,,,,,776.8648745020199,0.0,0.0,0.0,776.8648745020199,0.0,0.0,0.0,0.0003452091610973828,92.56878910587545,1.0,92.56878910587545,True,False
2024-01-22 02:00:00,2439.39,2446.44,2432.24,2436.25,10520.1876,0.0001,55,20.0,0.0,mean_reversion,,920.3608019541628,2.0235850086106635,-0.023585008610663483,False,,920.3608019541628,2.0235850086106635,,mean_reversion,0.0,{},,40.0,ETHUSDT,2024-01-22 02:00:00,,,,,776.8648745020199,0.0,0.0,0.0,776.8648745020199,0.0,0.0,0.0,0.0002891689591074208,76.47426768374322,1.0,76.47426768374322,True,False
2024-01-22 03:00:00,2436.24,2439.4,2424.0,2437.56,12446.6574,0.0001,55,20.0,0.0,mean_reversion,,921.3622513542512,2.0224724509914362,-0.022472450991436244,False,,921.3622513542512,2.0224724509914362,,mean_reversion,0.0,{},,41.0,ETHUSDT,2024-01-22 03:00:00,,,,,776.8648745020199,0.0,0.0,0.0,776.8648745020199,0.0,0.0,0.0,0.0002366601245228709,61.91631689501093,1.0,61.91631689501093,True,False
2024-01-22 04:00:00,2437.56,2438.69,2416.02,2416.61,27092.2625,0.0001,55,20.0,0.0,mean_reversion,,905.3467056047482,2.0405599463289503,-0.040559946328950325,False,,905.3467056047482,2.0405599463289503,,mean_reversion,0.0,{},,42.0,ETHUSDT,2024-01-22 04:00:00,,,,,776.8648745020199,0.0,0.0,0.0,776.8648745020199,0.0,0.0,0.0,0.00025798968139478025,66.70748333696955,1.0,66.70748333696955,True,False
2024-01-22 05:00:00,2416.6,2431.2,2402.5,2427.14,22071.6253,0.0001,55,20.0,0.0,mean_reversion,,913.3965240649993,2.0313894289859693,-0.0313894289859693,False,,913.3965240649993,2.0313894289859693,,mean_reversion,0.0,{},,43.0,ETHUSDT,2024-01-22 05:00:00,,,,,776.8648745020199,0.0,0.0,0.0,776.8648745020199,0.0,0.0,0.0,0.0001582178263626406,40.65180965228044,1.0,40.65180965228044,True,False
2024-01-22 06:00:00,2427.14,2436.16,2420.82,2430.17,12403.3142,0.0001,55,20.0,0.0,mean_reversion,,915.712853593448,2.0287804912820646,-0.028780491282064613,False,,915.712853593448,2.0287804912820646,,mean_reversion,0.0,{},,44.0,ETHUSDT,2024-01-22 06:00:00,,,,,776.8648745020199,0.0,0.0,0.0,776.8648745020199,0.0,0.0,0.0,0.00012962078420218542,33.145921528080684,1.0,33.145921528080684,True,False
2024-01-22 07:00:00,2430.17,2430.72,2417.94,2420.8,8261.2882,0.0001,55,20.0,0.0,mean_reversion,,908.5498147546489,2.0368914330223835,-0.03689143302238351,False,,908.5498147546489,2.0368914330223835,,mean_reversion,0.0,{},,45.0,ETHUSDT,2024-01-22 07:00:00,,,,,776.8648745020199,0.0,0.0,0.0,776.8648745020199,0.0,0.0,0.0,0.00014822111721993173,37.68725431737444,1.0,37.68725431737444,True,False
2024-01-22 08:00:00,2420.8,2420.8,2395.23,2411.07,28001.8925,0.0001,55,20.0,0.0,mean_reversion,,901.1115684471231,2.04545047736611,-0.045450477366109965,False,,901.1115684471231,2.04545047736611,,mean_reversion,0.0,{},,46.0,ETHUSDT,2024-01-22 08:00:00,,,,,776.8648745020199,0.0,0.0,0.0,776.8648745020199,0.0,0.0,0.0,0.00015869109943103445,40.101015265959404,1.0,40.101015265959404,True,False
2024-01-22 09:00:00,2411.07,2416.05,2385.0,2389.32,24961.6792,0.0001,55,20.0,0.0,mean_reversion,,884.4844505448946,2.0651035400484425,-0.06510354004844254,False,,884.4844505448946,2.0651035400484425,,mean_reversion,0.0,{},,47.0,ETHUSDT,2024-01-22 09:00:00,,,,,776.8648745020199,0.0,0.0,0.0,776.8648745020199,0.0,0.0,0.0,0.00017423493371793476,43.725876439644786,1.0,43.725876439644786,True,False
2024-01-22 10:00:00,2389.31,2392.8,2361.6,2381.35,41215.2771,0.0001,55,20.0,0.0,mean_reversion,,878.3916629733651,2.072491417102321,-0.07249141710232099,False,,878.3916629733651,2.072491417102321,,mean_reversion,0.0,{},,48.0,ETHUSDT,2024-01-22 10:00:00,,,,,776.8648745020199,0.0,0.0,0.0,776.8648745020199,0.0,0.0,0.0,0.00016514254588667856,41.180867437448505,1.0,41.180867437448505,True,False
2024-01-22 11:00:00,2381.35,2390.88,2376.46,2381.34,18283.2427,0.0001,55,20.0,0.0,mean_reversion,,878.3840183214561,2.072500751087672,-0.07250075108767184,False,,878.3840183214561,2.072500751087672,,mean_reversion,0.0,{},,49.0,ETHUSDT,2024-01-22 11:00:00,,,,,776.8648745020199,0.0,0.0,0.0,776.8648745020199,0.0,0.0,0.0,0.00015176700234624475,37.632910216643474,1.0,37.632910216643474,True,False
2024-01-22 12:00:00,2381.34,2383.68,2367.65,2377.35,19118.1955,0.0001,55,20.0,0.0,mean_reversion,,875.3338022097369,2.0762380214438947,-0.07623802144389469,False,,875.3338022097369,2.0762380214438947,,mean_reversion,0.0,{},,50.0,ETHUSDT,2024-01-22 12:00:00,,,,,776.8648745020199,0.0,0.0,0.0,776.8648745020199,0.0,0.0,0.0,0.00014581518778479733,35.96662670252939,1.0,35.96662670252939,True,False
2024-01-22 13:00:00,2377.36,2404.97,2376.9,2387.85,21580.5516,0.0001,55,20.0,0.0,mean_reversion,,883.360686714261,2.06645850733665,-0.06645850733664993,False,,883.360686714261,2.06645850733665,,mean_reversion,0.0,{},,51.0,ETHUSDT,2024-01-22 13:00:00,,,,,776.8648745020199,0.0,0.0,0.0,776.8648745020199,0.0,0.0,0.0,0.00010395140519202969,25.55978700873627,1.0,25.55978700873627,True,False
2024-01-22 14:00:00,2387.85,2391.17,2356.0,2370.57,29415.6673,0.0001,55,20.0,0.0,mean_reversion,,870.1507282153871,2.0826486594170617,-0.08264865941706168,False,,870.1507282153871,2.0826486594170617,,mean_reversion,0.0,{},,52.0,ETHUSDT,2024-01-22 14:00:00,,,,,776.8648745020199,0.0,0.0,0.0,776.8648745020199,0.0,0.0,0.0,0.00012053277911099564,29.51997875915282,1.0,29.51997875915282,True,False
2024-01-22 15:00:00,2370.56,2384.97,2353.61,2379.61,30455.3563,0.0001,55,20.0,0.0,mean_reversion,,877.061493541187,2.07411797956095,-0.0741179795609499,False,,877.061493541187,2.07411797956095,,mean_reversion,0.0,{},,53.0,ETHUSDT,2024-01-22 15:00:00,,,,,776.8648745020199,0.0,0.0,0.0,776.8648745020199,0.0,0.0,0.0,9.055263990950067e-05,22.12326297725688,1.0,22.12326297725688,True,False
2024-01-22 16:00:00,2379.6,2385.08,2362.5,2366.04,17688.4886,0.0001,55,20.0,0.0,mean_reversion,,866.687700900578,2.086974602748214,-0.08697460274821411,False,,866.687700900578,2.086974602748214,,mean_reversion,0.0,{},,54.0,ETHUSDT,2024-01-22 16:00:00,,,,,776.8648745020199,0.0,0.0,0.0,776.8648745020199,0.0,0.0,0.0,0.00010370436962547643,25.258626049793655,1.0,25.258626049793655,True,False
2024-01-22 17:00:00,2366.04,2381.98,2358.35,2376.6,16406.6076,0.0001,55,18.4507312084591,0.0,mean_reversion,,874.7604533165565,2.0769434258503856,-0.2318703050044757,True,True,874.55762234344,1.8455010377344157,,mean_reversion,-1.5492687915409,{},,55.0,ETHUSDT,2024-01-22 17:00:00,ETHUSDT,2376.6,0.08534501940434377,REDUCE_LONG,776.8648745020199,0.0,0.0,0.0,776.8648745020199,0.0,0.0,0.0,7.588195471993172e-05,18.4507312084591,1.0,18.4507312084591,True,True
2024-01-22 18:00:00,2376.59,2381.62,2352.25,2366.81,21601.7377,0.0001,55,20.0,0.0,mean_reversion,,867.9090358644285,1.851977968536124,0.14802203146387605,False,,867.9090358644285,1.851977968536124,,mean_reversion,1.5492687915409,{},,56.0,ETHUSDT,2024-01-22 18:00:00,,,,,776.8648745020199,0.0,0.0,0.0,776.8648745020199,0.0,0.0,0.0,8.84809060562132e-05,21.464742111543785,1.0,21.464742111543785,True,False
2024-01-22 19:00:00,2366.8,2377.5,2305.27,2321.87,54718.1976,0.0001,55,20.0,0.0,mean_reversion,,837.3893753570962,1.883029327825655,0.11697067217434509,False,,837.3893753570962,1.883029327825655,,mean_reversion,0.0,{},,57.0,ETHUSDT,2024-01-22 19:00:00,,,,,776.8648745020199,0.0,0.0,0.0,776.8648745020199,0.0,0.0,0.0,0.00012114490954893076,29.217030986271645,1.0,29.217030986271645,True,False
2024-01-22 20:00:00,2321.88,2351.53,2319.2,2340.49,28187.9836,0.0001,55,19.700663174498768,0.0,mean_reversion,,850.0345929504767,1.869893276558689,0.10017304089118761,False,,850.0345929504767,1.869893276558689,,mean_reversion,-0.2993368255012321,{},,58.0,ETHUSDT,2024-01-22 20:00:00,,,,,776.8648745020199,0.0,0.0,0.0,776.8648745020199,0.0,0.0,0.0,8.200956203810672e-05,19.700663174498768,1.0,19.700663174498768,True,False
2024-01-22 21:00:00,2340.48,2340.49,2323.65,2327.41,12407.4683,0.0001,55,20.0,0.0,mean_reversion,,841.1517011072212,1.87907969071047,0.1209203092895299,False,,841.1517011072212,1.87907969071047,,mean_reversion,0.2993368255012321,{},,59.0,ETHUSDT,2024-01-22 21:00:00,,,,,776.8648745020199,0.0,0.0,0.0,776.8648745020199,0.0,0.0,0.0,9.210767954795146e-05,22.02898836277822,1.0,22.02898836277822,True,False
2024-01-22 22:00:00,2327.41,2335.48,2303.59,2320.62,18572.8138,0.0001,55,20.0,0.0,mean_reversion,,836.5404751427179,1.8839254037573852,0.11607459624261485,False,,836.5404751427179,1.8839254037573852,,mean_reversion,0.0,{},,60.0,ETHUSDT,2024-01-22 22:00:00,,,,,776.8648745020199,0.0,0.0,0.0,776.8648745020199,0.0,0.0,0.0,9.584057186852276e-05,22.817165835696457,1.0,22.817165835696457,True,False
2024-01-22 23:00:00,2320.61,2327.33,2308.53,2314.2,22097.8005,0.0001,55,20.0,0.0,mean_reversion,,832.1805236416703,1.8885564564934687,0.1114435435065313,False,,832.1805236416703,1.8885564564934687,,mean_reversion,0.0,{},,61.0,ETHUSDT,2024-01-22 23:00:00,,,,,776.8648745020199,0.0,0.0,0.0,776.8648745020199,0.0,0.0,0.0,9.922644803548466e-05,23.512168743432824,1.0,23.512168743432824,True,False
2024-01-23 00:00:00,2314.19,2330.45,2312.67,2326.36,19206.8934,0.0001,50,18.45520234115134,0.0,mean_reversion,,840.4386249271436,1.8798255521799974,-0.034305318064863144,False,,840.4386249271436,1.8798255521799974,,mean_reversion,-1.5447976588486583,{},,62.0,ETHUSDT,2024-01-23 00:00:00,,,,,776.8648745020199,0.0,0.0,0.0,776.8648745020199,0.0,0.0,0.0,7.817349532494306e-05,18.45520234115134,1.0,18.45520234115134,True,False
2024-01-23 01:00:00,2326.35,2336.0,2324.03,2334.3,11234.136,0.0001,50,15.189104013268839,0.0,mean_reversion,,845.8308390888753,1.8742166200116823,-0.3553062186847984,True,True,845.5303101317916,1.5194502714573153,,mean_reversion,-3.266098327882503,{},,63.0,ETHUSDT,2024-01-23 01:00:00,ETHUSDT,2334.3,0.12874478733824204,REDUCE_LONG,776.8648745020199,0.0,0.0,0.0,776.8648745020199,0.0,0.0,0.0,6.453483329412946e-05,15.189104013268839,1.0,15.189104013268839,True,True
2024-01-23 02:00:00,2334.31,2339.58,2329.29,2339.38,11835.4217,0.0001,50,0.0,0.0,mean_reversion,,848.326217083347,1.5177382712907423,-1.5177382712907423,True,True,847.0386799171404,0.0,,mean_reversion,-15.189104013268839,{},,64.0,ETHUSDT,2024-01-23 02:00:00,ETHUSDT,2339.38,0.550375384164477,CLOSE,776.8648745020199,0.0,0.0,0.0,776.8648745020199,0.0,0.0,0.0,5.688610774665078e-05,0.0,1.0,0.0,True,True
2024-01-23 03:00:00,2339.37,2342.95,2337.65,2339.16,8356.9227,0.0001,50,0.0,0.0,mean_reversion,,847.0386799171404,0.0,0.0,,,847.0386799171404,0.0,,mean_reversion,0.0,{},,65.0,,,,,,,776.8648745020199,0.0,0.0,0.0,776.8648745020199,0.0,0.0,0.0,6.0378280092864914e-05,0.0,1.0,0.0,,
2024-01-23 04:00:00,2339.16,2352.23,2339.16,2344.47,15770.309,0.0001,50,0.0,0.0,mean_reversion,,847.0386799171404,0.0,0.0,,,847.0386799171404,0.0,,mean_reversion,0.0,{},,66.0,,,,,,,776.8648745020199,0.0,0.0,0.0,776.8648745020199,0.0,0.0,0.0,5.0159087818205885e-05,0.0,1.0,0.0,,
2024-01-23 05:00:00,2344.47,2350.55,2343.7,2348.21,16083.2594,0.0001,50,0.0,0.0,mean_reversion,,847.0386799171404,0.0,0.0,,,847.0386799171404,0.0,,mean_reversion,0.0,{},,67.0,,,,,,,776.8648745020199,0.0,0.0,0.0,776.8648745020199,0.0,0.0,0.0,4.4592653448378716e-05,0.0,1.0,0.0,,
2024-01-23 06:00:00,2348.22,2350.7,2343.17,2345.75,6316.7945,0.0001,50,0.0,0.0,mean_reversion,,847.0386799171404,0.0,0.0,,,847.0386799171404,0.0,,mean_reversion,0.0,{},,68.0,,,,,,,776.8648745020199,0.0,0.0,0.0,776.8648745020199,0.0,0.0,0.0,5.4478193922168046e-05,0.0,1.0,0.0,,
2024-01-23 07:00:00,2345.75,2347.33,2316.12,2323.49,25931.6681,0.0001,50,20.0,0.0,mean_reversion,,847.0386799171404,0.0,2.0,True,True,845.3446025573062,2.0020040080160317,,mean_reversion,20.0,{},,69.0,ETHUSDT,2024-01-23 07:00:00,ETHUSDT,2323.49,0.7291089524096428,LONG,776.8648745020199,0.0,0.0,0.0,776.8648745020199,0.0,0.0,0.0,0.0001024009214696251,23.69000214215085,1.0,23.69000214215085,True,True
2024-01-23 08:00:00,2323.49,2326.83,2286.15,2294.06,36453.5906,0.0001,50,20.0,0.0,mean_reversion,,823.90838376436,2.0280738691444067,-0.028073869144406682,False,,823.90838376436,2.0280738691444067,,mean_reversion,0.0,{},,70.0,ETHUSDT,2024-01-23 08:00:00,,,,,776.8648745020199,0.0,0.0,0.0,776.8648745020199,0.0,0.0,0.0,0.00014564123244826358,33.46792758875318,1.0,33.46792758875318,True,False
2024-01-23 09:00:00,2294.06,2297.22,2213.18,2216.1,96431.7509,0.0001,50,20.0,0.0,mean_reversion,,767.123891168434,2.104174553378836,-0.10417455337883608,False,,767.123891168434,2.104174553378836,,mean_reversion,0.0,{},,71.0,ETHUSDT,2024-01-23 09:00:00,,,,,776.8648745020199,0.0,0.0,0.0,776.8648745020199,0.0,0.0,0.0,0.00015620115386851414,35.638719249573796,1.0,35.638719249573796,True,False
2024-01-23 10:00:00,2216.11,2240.88,2214.52,2223.35,37554.4649,0.0001,50,0.0,0.0,chop,,772.404645033499,2.0966255645451284,-2.0966255645451284,True,True,770.7852017085484,0.0,,chop,-20.0,{},,1.0,ETHUSDT,2024-01-23 10:00:00,ETHUSDT,2223.35,0.7283798434572332,CLOSE,776.8648745020199,0.0,0.0,0.0,776.8648745020199,0.0,0.0,0.0,,,,,True,True
2024-01-23 11:00:00,2223.35,2234.36,2203.11,2218.14,37279.7292,0.0001,50,0.0,0.0,chop,,770.7852017085484,0.0,0.0,,,770.7852017085484,0.0,,chop,0.0,{},,2.0,,,,,,,776.8648745020199,0.0,0.0,0.0,776.8648745020199,0.0,0.0,0.0,,,,,,
2024-01-23 12:00:00,2218.14,2227.06,2201.0,2224.84,43105.6796,0.0001,50,0.0,0.0,chop,,770.7852017085484,0.0,0.0,,,770.7852017085484,0.0,,chop,0.0,{},,3.0,,,,,,,776.8648745020199,0.0,0.0,0.0,776.8648745020199,0.0,0.0,0.0,,,,,,
2024-01-23 13:00:00,2224.83,2225.42,2200.0,2200.28,21356.1833,0.0001,50,0.0,0.0,chop,,770.7852017085484,0.0,0.0,,,770.7852017085484,0.0,,chop,0.0,{},,4.0,,,,,,,776.8648745020199,0.0,0.0,0.0,776.8648745020199,0.0,0.0,0.0,,,,,,
2024-01-23 14:00:00,2200.28,2200.28,2168.07,2195.26,74326.2385,0.0001,50,0.0,0.0,chop,,770.7852017085484,0.0,0.0,,,770.7852017085484,0.0,,chop,0.0,{},,5.0,,,,,,,776.8648745020199,0.0,0.0,0.0,776.8648745020199,0.0,0.0,0.0,,,,,,
2024-01-23 15:00:00,2195.26,2232.98,2195.05,2219.39,48001.186,0.0001,50,0.0,0.0,chop,,770.7852017085484,0.0,0.0,,,770.7852017085484,0.0,,chop,0.0,{},,6.0,,,,,,,776.8648745020199,0.0,0.0,0.0,776.8648745020199,0.0,0.0,0.0,,,,,,
2024-01-23 16:00:00,2219.39,2220.73,2191.8,2216.59,30303.1661,0.0001,50,0.0,0.0,chop,,770.7852017085484,0.0,0.0,,,770.7852017085484,0.0,,chop,0.0,{},,7.0,,,,,,,776.8648745020199,0.0,0.0,0.0,776.8648745020199,0.0,0.0,0.0,,,,,,
2024-01-23 17:00:00,2216.59,2232.01,2205.93,2208.3,36531.4136,0.0001,50,0.0,0.0,chop,,770.7852017085484,0.0,0.0,,,770.7852017085484,0.0,,chop,0.0,{},,8.0,,,,,,,776.8648745020199,0.0,0.0,0.0,776.8648745020199,0.0,0.0,0.0,,,,,,
2024-01-23 18:00:00,2208.3,2225.08,2189.4,2189.74,23908.801,0.0001,50,0.0,0.0,chop,,770.7852017085484,0.0,0.0,,,770.7852017085484,0.0,,chop,0.0,{},,9.0,,,,,,,776.8648745020199,0.0,0.0,0.0,776.8648745020199,0.0,0.0,0.0,,,,,,
2024-01-23 19:00:00,2189.74,2196.85,2181.0,2185.7,25604.6593,0.0001,50,0.0,0.0,chop,,770.7852017085484,0.0,0.0,,,770.7852017085484,0.0,,chop,0.0,{},,10.0,,,,,,,776.8648745020199,0.0,0.0,0.0,776.8648745020199,0.0,0.0,0.0,,,,,,
2024-01-23 20:00:00,2185.69,2203.06,2183.04,2198.93,20569.746,0.0001,50,0.0,0.0,chop,,770.7852017085484,0.0,0.0,,,770.7852017085484,0.0,,chop,0.0,{},,11.0,,,,,,,776.8648745020199,0.0,0.0,0.0,776.8648745020199,0.0,0.0,0.0,,,,,,
2024-01-23 21:00:00,2198.93,2206.25,2189.13,2203.19,12776.7905,0.0001,50,0.0,0.0,chop,,770.7852017085484,0.0,0.0,,,770.7852017085484,0.0,,chop,0.0,{},,12.0,,,,,,,776.8648745020199,0.0,0.0,0.0,776.8648745020199,0.0,0.0,0.0,,,,,,
2024-01-23 22:00:00,2203.19,2229.86,2202.61,2226.41,12734.8142,0.0001,50,0.0,0.0,chop,,770.7852017085484,0.0,0.0,,,770.7852017085484,0.0,,chop,0.0,{},,13.0,,,,,,,776.8648745020199,0.0,0.0,0.0,776.8648745020199,0.0,0.0,0.0,,,,,,
2024-01-23 23:00:00,2226.42,2248.21,2226.38,2242.6,28431.7129,0.0001,50,0.0,0.0,chop,,770.7852017085484,0.0,0.0,,,770.7852017085484,0.0,,chop,0.0,{},,14.0,,,,,,,776.8648745020199,0.0,0.0,0.0,776.8648745020199,0.0,0.0,0.0,,,,,,
2024-01-24 00:00:00,2242.6,2255.66,2232.0,2244.43,24558.1486,0.0001,48,0.0,0.0,chop,,770.7852017085484,0.0,0.0,,,770.7852017085484,0.0,,chop,0.0,{},,15.0,,,,,,,776.8648745020199,0.0,0.0,0.0,776.8648745020199,0.0,0.0,0.0,,,,,,
2024-01-24 01:00:00,2244.43,2244.74,2219.58,2222.93,32683.8136,0.0001,48,0.0,0.0,chop,,770.7852017085484,0.0,0.0,,,770.7852017085484,0.0,,chop,0.0,{},,16.0,,,,,,,776.8648745020199,0.0,0.0,0.0,776.8648745020199,0.0,0.0,0.0,,,,,,
2024-01-24 02:00:00,2222.92,2232.6,2221.16,2222.56,6716.9232,0.0001,48,0.0,0.0,chop,,770.7852017085484,0.0,0.0,,,770.7852017085484,0.0,,chop,0.0,{},,17.0,,,,,,,776.8648745020199,0.0,0.0,0.0,776.8648745020199,0.0,0.0,0.0,,,,,,
2024-01-24 03:00:00,2222.56,2225.28,2211.64,2213.45,10980.483,0.0001,48,0.0,0.0,chop,,770.7852017085484,0.0,0.0,,,770.7852017085484,0.0,,chop,0.0,{},,18.0,,,,,,,776.8648745020199,0.0,0.0,0.0,776.8648745020199,0.0,0.0,0.0,,,,,,
2024-01-24 04:00:00,2213.46,2221.29,2213.15,2214.18,6346.3553,0.0001,48,0.0,0.0,chop,,770.7852017085484,0.0,0.0,,,770.7852017085484,0.0,,chop,0.0,{},,19.0,,,,,,,776.8648745020199,0.0,0.0,0.0,776.8648745020199,0.0,0.0,0.0,,,,,,
2024-01-24 05:00:00,2214.18,2230.36,2214.17,2227.41,12473.3821,0.0001,48,0.0,0.0,trending,,770.7852017085484,0.0,0.0,,,770.7852017085484,0.0,,trending,0.0,{},,1.0,,,,,,,776.8648745020199,0.0,0.0,0.0,776.8648745020199,0.0,0.0,0.0,,,,,,
2024-01-24 06:00:00,2227.42,2233.6,2220.52,2232.7,10865.216,0.0001,48,0.0,0.0,trending,,770.7852017085484,0.0,0.0,,,770.7852017085484,0.0,,trending,0.0,{},,2.0,,,,,,,776.8648745020199,0.0,0.0,0.0,776.8648745020199,0.0,0.0,0.0,,,,,,
2024-01-24 07:00:00,2232.69,2244.98,2227.43,2234.51,12376.094,0.0001,48,0.0,0.0,trending,,770.7852017085484,0.0,0.0,,,770.7852017085484,0.0,,trending,0.0,{},,3.0,,,,,,,776.8648745020199,0.0,0.0,0.0,776.8648745020199,0.0,0.0,0.0,,,,,,
2024-01-24 08:00:00,2234.5,2240.68,2229.0,2236.19,9791.0718,0.0001,48,0.0,0.0,trending,,770.7852017085484,0.0,0.0,,,770.7852017085484,0.0,,trending,0.0,{},,4.0,,,,,,,776.8648745020199,0.0,0.0,0.0,776.8648745020199,0.0,0.0,0.0,,,,,,
2024-01-24 09:00:00,2236.19,2246.65,2233.9,2238.83,14065.7702,0.0001,48,0.0,0.0,mean_reversion,,770.7852017085484,0.0,0.0,,,770.7852017085484,0.0,,mean_reversion,0.0,{},,1.0,,,,,,,776.8648745020199,0.0,0.0,0.0,776.8648745020199,0.0,0.0,0.0,2.3450202748284643e-05,0.0,1.0,0.0,,
2024-01-24 10:00:00,2238.82,2264.6,2235.6,2256.2,18596.4004,0.0001,48,0.0,0.0,mean_reversion,,770.7852017085484,0.0,0.0,,,770.7852017085484,0.0,,mean_reversion,0.0,{},,2.0,,,,,,,776.8648745020199,0.0,0.0,0.0,776.8648745020199,0.0,0.0,0.0,0.0,0.0,1.0,0.0,,
2024-01-24 11:00:00,2256.19,2257.16,2238.81,2244.16,13432.767,0.0001,48,0.0,0.0,mean_reversion,,770.7852017085484,0.0,0.0,,,770.7852017085484,0.0,,mean_reversion,0.0,{},,3.0,,,,,,,776.8648745020199,0.0,0.0,0.0,776.8648745020199,0.0,0.0,0.0,2.4512664915893543e-06,0.0,1.0,0.0,,
2024-01-24 12:00:00,2244.16,2248.19,2232.59,2234.48,13972.4265,0.0001,48,0.0,0.0,mean_reversion,,770.7852017085484,0.0,0.0,,,770.7852017085484,0.0,,mean_reversion,0.0,{},,4.0,,,,,,,776.8648745020199,0.0,0.0,0.0,776.8648745020199,0.0,0.0,0.0,3.495941998445634e-05,0.0,1.0,0.0,,
2024-01-24 13:00:00,2234.49,2239.0,2222.35,2228.19,16152.0517,0.0001,48,0.0,0.0,mean_reversion,,770.7852017085484,0.0,0.0,,,770.7852017085484,0.0,,mean_reversion,0.0,{},,5.0,,,,,,,776.8648745020199,0.0,0.0,0.0,776.8648745020199,0.0,0.0,0.0,5.676248015323011e-05,0.0,1.0,0.0,,
2024-01-24 14:00:00,2228.19,2245.19,2218.3,2230.46,26707.7657,0.0001,48,0.0,0.0,mean_reversion,,770.7852017085484,0.0,0.0,,,770.7852017085484,0.0,,mean_reversion,0.0,{},,6.0,,,,,,,776.8648745020199,0.0,0.0,0.0,776.8648745020199,0.0,0.0,0.0,4.944275408430016e-05,0.0,1.0,0.0,,
2024-01-24 15:00:00,2230.47,2240.33,2224.33,2234.88,15834.711,0.0001,48,0.0,0.0,mean_reversion,,770.7852017085484,0.0,0.0,,,770.7852017085484,0.0,,mean_reversion,0.0,{},,7.0,,,,,,,776.8648745020199,0.0,0.0,0.0,776.8648745020199,0.0,0.0,0.0,2.9266793297441596e-05,0.0,1.0,0.0,,
2024-01-24 16:00:00,2234.89,2244.52,2226.23,2241.8,14006.6006,0.0001,48,0.0,0.0,mean_reversion,,770.7852017085484,0.0,0.0,,,770.7852017085484,0.0,,mean_reversion,0.0,{},,8.0,,,,,,,776.8648745020199,0.0,0.0,0.0,776.8648745020199,0.0,0.0,0.0,0.0,0.0,1.0,0.0,,
2024-01-24 17:00:00,2241.79,2242.6,2231.57,2237.04,11440.4847,0.0001,48,0.0,0.0,mean_reversion,,770.7852017085484,0.0,0.0,,,770.7852017085484,0.0,,mean_reversion,0.0,{},,9.0,,,,,,,776.8648745020199,0.0,0.0,0.0,776.8648745020199,0.0,0.0,0.0,1.9324250273421887e-05,0.0,1.0,0.0,,
2024-01-24 18:00:00,2237.05,2237.38,2203.32,2216.96,25721.5547,0.0001,48,20.0,0.0,mean_reversion,,770.7852017085484,0.0,2.0,True,True,769.2436313051312,2.002004008016032,,mean_reversion,20.0,{},,10.0,ETHUSDT,2024-01-24 18:00:00,ETHUSDT,2216.96,0.6953532781002348,LONG,776.8648745020199,0.0,0.0,0.0,776.8648745020199,0.0,0.0,0.0,0.00010497133849357423,23.360245410775285,1.0,23.360245410775285,True,True
2024-01-24 19:00:00,2216.96,2221.93,2206.05,2213.13,10926.578,0.0001,48,20.0,0.0,mean_reversion,,766.5830914530625,2.0054816109334226,-0.005481610933422587,False,,766.5830914530625,2.0054816109334226,,mean_reversion,0.0,{},,11.0,ETHUSDT,2024-01-24 19:00:00,,,,,776.8648745020199,0.0,0.0,0.0,776.8648745020199,0.0,0.0,0.0,0.00013911411660151417,30.820659322956786,1.0,30.820659322956786,True,False
2024-01-24 20:00:00,2213.13,2225.87,2196.12,2200.33,21832.9325,0.0001,48,20.0,0.0,mean_reversion,,757.6914700153391,2.01728108631465,-0.017281086314650196,False,,757.6914700153391,2.01728108631465,,mean_reversion,0.0,{},,12.0,ETHUSDT,2024-01-24 20:00:00,,,,,776.8648745020199,0.0,0.0,0.0,776.8648745020199,0.0,0.0,0.0,0.00019353479107370297,42.58387803209139,1.0,42.58387803209139,True,False
2024-01-24 21:00:00,2200.33,2217.3,2199.43,2217.29,12599.1911,0.0001,48,20.0,0.0,mean_reversion,,769.4728684203226,2.001705496505575,-0.0017054965055751659,False,,769.4728684203226,2.001705496505575,,mean_reversion,0.0,{},,13.0,ETHUSDT,2024-01-24 21:00:00,,,,,776.8648745020199,0.0,0.0,0.0,776.8648745020199,0.0,0.0,0.0,9.166478319641253e-05,20.12372425505402,1.0,20.12372425505402,True,False
2024-01-24 22:00:00,2217.3,2223.77,2213.42,2221.38,6613.6895,0.0001,48,0.0,0.0,mean_reversion,,772.3140193328452,1.9980204714843615,-1.9980204714843615,True,True,770.7709201118039,0.0,,mean_reversion,-20.0,{},,14.0,ETHUSDT,2024-01-24 22:00:00,ETHUSDT,2221.38,0.6946579248221346,CLOSE,776.8648745020199,0.0,0.0,0.0,776.8648745020199,0.0,0.0,0.0,6.603851561081043e-05,0.0,1.0,0.0,True,True
2024-01-24 23:00:00,2221.38,2239.8,2220.0,2235.02,11156.7384,0.0001,48,0.0,0.0,mean_reversion,,770.7709201118039,0.0,0.0,,,770.7709201118039,0.0,,mean_reversion,0.0,{},,15.0,,,,,,,776.8648745020199,0.0,0.0,0.0,776.8648745020199,0.0,0.0,0.0,0.0,0.0,1.0,0.0,,
2024-01-25 00:00:00,2235.02,2239.6,2228.04,2234.7,11548.6081,0.0001,52,0.0,0.0,mean_reversion,,770.7709201118039,0.0,0.0,,,770.7709201118039,0.0,,mean_reversion,0.0,{},,16.0,,,,,,,776.8648745020199,0.0,0.0,0.0,776.8648745020199,0.0,0.0,0.0,0.0,0.0,1.0,0.0,,
2024-01-25 01:00:00,2234.71,2235.39,2209.28,2213.32,12617.8618,0.0001,52,20.0,0.0,mean_reversion,,770.7709201118039,0.0,2.0,True,True,769.2293782715803,2.002004008016032,,mean_reversion,20.0,{},,17.0,ETHUSDT,2024-01-25 01:00:00,ETHUSDT,2213.32,0.6964839427753816,LONG,776.8648745020199,0.0,0.0,0.0,776.8648745020199,0.0,0.0,0.0,0.00010268176562428415,22.454176336567247,1.0,22.454176336567247,True,True
2024-01-25 02:00:00,2213.32,2218.71,2206.32,2209.64,7334.1025,0.0001,52,20.0,0.0,mean_reversion,,766.6688804230762,2.0053504711009844,-0.005350471100984411,False,,766.6688804230762,2.0053504711009844,,mean_reversion,0.0,{},,18.0,ETHUSDT,2024-01-25 02:00:00,,,,,776.8648745020199,0.0,0.0,0.0,776.8648745020199,0.0,0.0,0.0,0.0001152733658767809,25.101303075890744,1.0,25.101303075890744,True,False
2024-01-25 03:00:00,2209.63,2221.01,2209.36,2216.88,6367.5691,0.0001,52,15.4107879499898,0.0,mean_reversion,,771.7063816250245,1.9987878012473466,-0.45770900624836663,True,True,771.3531646639753,1.5417844836428372,,mean_reversion,-4.5892120500102,{},,19.0,ETHUSDT,2024-01-25 03:00:00,ETHUSDT,2216.88,0.1593306633868828,REDUCE_LONG,776.8648745020199,0.0,0.0,0.0,776.8648745020199,0.0,0.0,0.0,7.088216087835102e-05,15.4107879499898,1.0,15.4107879499898,True,True
2024-01-25 04:00:00,2216.88,2218.79,2209.24,2213.38,4900.1614,0.0001,52,19.179192839616153,0.0,mean_reversion,,769.4755658799154,1.543106492986366,0.3748127909752492,True,True,769.1871565954807,1.9182634608522278,,mean_reversion,3.7684048896263533,{},,20.0,ETHUSDT,2024-01-25 04:00:00,ETHUSDT,2213.38,0.1303026522489181,LONG,776.8648745020199,0.0,0.0,0.0,776.8648745020199,0.0,0.0,0.0,8.837822670240929e-05,19.179192839616153,1.0,19.179192839616153,True,True
2024-01-25 05:00:00,2213.37,2213.38,2203.37,2210.77,8004.3043,0.0001,52,20.0,0.0,mean_reversion,,767.4472545269198,1.920345282743695,0.07965471725630491,False,,767.4472545269198,1.920345282743695,,mean_reversion,0.8208071603838469,{},,21.0,ETHUSDT,2024-01-25 05:00:00,,,,,776.8648745020199,0.0,0.0,0.0,776.8648745020199,0.0,0.0,0.0,9.845763357091185e-05,21.316611052465802,1.0,21.316611052465802,True,False
2024-01-25 06:00:00,2210.76,2225.66,2209.59,2223.6,9506.1935,0.0001,52,0.0,0.0,mean_reversion,,776.0001064578137,1.9102014994334908,-1.9102014994334908,True,True,774.5177898908973,0.0,,mean_reversion,-20.0,{},,22.0,ETHUSDT,2024-01-25 06:00:00,ETHUSDT,2223.6,0.6666291450423927,CLOSE,776.8648745020199,0.0,0.0,0.0,776.8648745020199,0.0,0.0,0.0,1.755324820381022e-05,0.0,1.0,0.0,True,True
2024-01-25 07:00:00,2223.6,2227.71,2219.29,2227.64,6720.5685,0.0001,52,0.0,0.0,mean_reversion,,774.5177898908973,0.0,0.0,,,774.5177898908973,0.0,,mean_reversion,0.0,{},,23.0,,,,,,,776.8648745020199,0.0,0.0,0.0,776.8648745020199,0.0,0.0,0.0,0.0,0.0,1.0,0.0,,
2024-01-25 08:00:00,2227.64,2233.76,2220.57,2225.85,10115.2893,0.0001,52,0.0,0.0,mean_reversion,,774.5177898908973,0.0,0.0,,,774.5177898908973,0.0,,mean_reversion,0.0,{},,24.0,,,,,,,776.8648745020199,0.0,0.0,0.0,776.8648745020199,0.0,0.0,0.0,4.932104642690048e-06,0.0,1.0,0.0,,
2024-01-25 09:00:00,2225.84,2231.08,2220.05,2222.35,9671.0058,0.0001,52,0.0,0.0,mean_reversion,,774.5177898908973,0.0,0.0,,,774.5177898908973,0.0,,mean_reversion,0.0,{},,25.0,,,,,,,776.8648745020199,0.0,0.0,0.0,776.8648745020199,0.0,0.0,0.0,2.776074867447644e-05,0.0,1.0,0.0,,
2024-01-25 10:00:00,2222.35,2239.96,2216.75,2237.98,17253.0498,0.0001,52,0.0,0.0,mean_reversion,,774.5177898908973,0.0,0.0,,,774.5177898908973,0.0,,mean_reversion,0.0,{},,26.0,,,,,,,776.8648745020199,0.0,0.0,0.0,776.8648745020199,0.0,0.0,0.0,0.0,0.0,1.0,0.0,,
2024-01-25 11:00:00,2237.99,2242.89,2229.01,2231.59,14687.7819,0.0001,52,0.0,0.0,mean_reversion,,774.5177898908973,0.0,0.0,,,774.5177898908973,0.0,,mean_reversion,0.0,{},,27.0,,,,,,,776.8648745020199,0.0,0.0,0.0,776.8648745020199,0.0,0.0,0.0,0.0,0.0,1.0,0.0,,
2024-01-25 12:00:00,2231.59,2234.2,2205.06,2209.05,16637.2783,0.0001,52,20.0,0.0,mean_reversion,,774.5177898908973,0.0,2.0,True,True,772.9687543111156,2.002004008016032,,mean_reversion,20.0,{},,28.0,ETHUSDT,2024-01-25 12:00:00,ETHUSDT,2209.05,0.7012225073139108,LONG,776.8648745020199,0.0,0.0,0.0,776.8648745020199,0.0,0.0,0.0,0.00011861061413314866,25.767895055599602,1.0,25.767895055599602,True,True
2024-01-25 13:00:00,2209.06,2211.69,2198.01,2205.69,16124.5306,0.0001,52,20.0,0.0,mean_reversion,,770.6150027941655,2.0050645096222897,-0.005064509622289659,False,,770.6150027941655,2.0050645096222897,,mean_reversion,0.0,{},,29.0,ETHUSDT,2024-01-25 13:00:00,,,,,776.8648745020199,0.0,0.0,0.0,776.8648745020199,0.0,0.0,0.0,0.00013237400726549142,28.593503764630523,1.0,28.593503764630523,True,False
2024-01-25 14:00:00,2205.69,2215.93,2201.17,2211.72,15429.1886,0.0001,52,18.329291998018846,0.0,mean_reversion,,774.839146141549,1.9995852606928135,-0.16665606089092888,False,,774.839146141549,1.9995852606928135,,mean_reversion,-1.6707080019811542,{},,30.0,ETHUSDT,2024-01-25 14:00:00,,,,,776.8648745020199,0.0,0.0,0.0,776.8648745020199,0.0,0.0,0.0,8.516791543176836e-05,18.329291998018846,1.0,18.329291998018846,True,False
2024-01-25 15:00:00,2211.73,2213.5,2181.91,2188.0,29201.8968,0.0001,52,20.0,0.0,mean_reversion,,758.2227812659366,2.021491056491015,-0.021491056491015126,False,,758.2227812659366,2.021491056491015,,mean_reversion,1.6707080019811542,{},,31.0,ETHUSDT,2024-01-25 15:00:00,,,,,776.8648745020199,0.0,0.0,0.0,776.8648745020199,0.0,0.0,0.0,0.00018679789537068373,39.88079076206927,1.0,39.88079076206927,True,False
2024-01-25 16:00:00,2188.0,2194.92,2182.7,2186.0,18380.3621,0.0001,52,20.0,0.0,mean_reversion,,756.8217386963236,2.023382059856072,-0.02338205985607189,False,,756.8217386963236,2.023382059856072,,mean_reversion,0.0,{},,32.0,ETHUSDT,2024-01-25 16:00:00,,,,,776.8648745020199,0.0,0.0,0.0,776.8648745020199,0.0,0.0,0.0,0.00018412754240670418,39.004023483497406,1.0,39.004023483497406,True,False
2024-01-25 17:00:00,2186.0,2203.38,2171.3,2203.28,30593.5702,0.0001,52,16.325192682002026,0.0,mean_reversion,,768.9267464977816,2.007271230216118,-0.37475196201591543,True,True,768.638589690885,1.633131287354368,,mean_reversion,-3.674807317997974,{},,33.0,ETHUSDT,2024-01-25 17:00:00,ETHUSDT,2203.28,0.13078537766264753,REDUCE_LONG,776.8648745020199,0.0,0.0,0.0,776.8648745020199,0.0,0.0,0.0,7.731931028704142e-05,16.325192682002026,1.0,16.325192682002026,True,True
2024-01-25 18:00:00,2203.27,2223.22,2203.27,2211.0,25442.7001,0.0001,52,0.0,0.0,mean_reversion,,773.0369508940362,1.6295289497331455,-1.6295289497331455,True,True,771.7772648033408,0.0,,mean_reversion,-16.325192682002026,{},,34.0,ETHUSDT,2024-01-25 18:00:00,ETHUSDT,2211.0,0.5697359071439494,CLOSE,776.8648745020199,0.0,0.0,0.0,776.8648745020199,0.0,0.0,0.0,3.331540707317102e-05,0.0,1.0,0.0,True,True
2024-01-25 19:00:00,2211.0,2224.55,2203.81,2218.21,15325.9473,0.0001,52,0.0,0.0,mean_reversion,,771.7772648033408,0.0,0.0,,,771.7772648033408,0.0,,mean_reversion,0.0,{},,35.0,,,,,,,776.8648745020199,0.0,0.0,0.0,776.8648745020199,0.0,0.0,0.0,0.0,0.0,1.0,0.0,,
2024-01-25 20:00:00,2218.22,2223.5,2212.23,2222.67,14742.7014,0.0001,52,0.0,0.0,mean_reversion,,771.7772648033408,0.0,0.0,,,771.7772648033408,0.0,,mean_reversion,0.0,{},,36.0,,,,,,,776.8648745020199,0.0,0.0,0.0,776.8648745020199,0.0,0.0,0.0,0.0,0.0,1.0,0.0,,
2024-01-25 21:00:00,2222.67,2231.65,2217.07,2219.49,16309.6629,0.0001,52,0.0,0.0,mean_reversion,,771.7772648033408,0.0,0.0,,,771.7772648033408,0.0,,mean_reversion,0.0,{},,37.0,,,,,,,776.8648745020199,0.0,0.0,0.0,776.8648745020199,0.0,0.0,0.0,0.0,0.0,1.0,0.0,,
2024-01-25 22:00:00,2219.49,2223.27,2213.66,2221.41,6705.9633,0.0001,52,0.0,0.0,mean_reversion,,771.7772648033408,0.0,0.0,,,771.7772648033408,0.0,,mean_reversion,0.0,{},,38.0,,,,,,,776.8648745020199,0.0,0.0,0.0,776.8648745020199,0.0,0.0,0.0,0.0,0.0,1.0,0.0,,
2024-01-25 23:00:00,2221.41,2224.6,2217.26,2218.64,6806.3085,0.0001,52,0.0,0.0,mean_reversion,,771.7772648033408,0.0,0.0,,,771.7772648033408,0.0,,mean_reversion,0.0,{},,39.0,,,,,,,776.8648745020199,0.0,0.0,0.0,776.8648745020199,0.0,0.0,0.0,0.0,0.0,1.0,0.0,,
2024-01-26 00:00:00,2218.64,2218.93,2211.12,2216.03,6442.6979,0.0001,49,0.0,0.0,mean_reversion,,771.7772648033408,0.0,0.0,,,771.7772648033408,0.0,,mean_reversion,0.0,{},,40.0,,,,,,,776.8648745020199,0.0,0.0,0.0,776.8648745020199,0.0,0.0,0.0,1.4728228258821665e-05,0.0,1.0,0.0,,
2024-01-26 01:00:00,2216.02,2226.47,2211.12,2223.77,9411.7711,0.0001,49,0.0,0.0,mean_reversion,,771.7772648033408,0.0,0.0,,,771.7772648033408,0.0,,mean_reversion,0.0,{},,41.0,,,,,,,776.8648745020199,0.0,0.0,0.0,776.8648745020199,0.0,0.0,0.0,0.0,0.0,1.0,0.0,,
2024-01-26 02:00:00,2223.78,2237.8,2223.63,2228.04,13017.1532,0.0001,49,0.0,0.0,mean_reversion,,771.7772648033408,0.0,0.0,,,771.7772648033408,0.0,,mean_reversion,0.0,{},,42.0,,,,,,,776.8648745020199,0.0,0.0,0.0,776.8648745020199,0.0,0.0,0.0,0.0,0.0,1.0,0.0,,
2024-01-26 03:00:00,2228.04,2230.74,2221.64,2223.42,6423.0269,0.0001,49,0.0,0.0,chop,,771.7772648033408,0.0,0.0,,,771.7772648033408,0.0,,chop,0.0,{},,1.0,,,,,,,776.8648745020199,0.0,0.0,0.0,776.8648745020199,0.0,0.0,0.0,,,,,,
2024-01-26 04:00:00,2223.41,2229.6,2222.47,2224.35,6445.1148,0.0001,49,0.0,0.0,chop,,771.7772648033408,0.0,0.0,,,771.7772648033408,0.0,,chop,0.0,{},,2.0,,,,,,,776.8648745020199,0.0,0.0,0.0,776.8648745020199,0.0,0.0,0.0,,,,,,
2024-01-26 05:00:00,2224.34,2225.58,2218.59,2221.02,7295.1034,0.0001,49,0.0,0.0,chop,,771.7772648033408,0.0,0.0,,,771.7772648033408,0.0,,chop,0.0,{},,3.0,,,,,,,776.8648745020199,0.0,0.0,0.0,776.8648745020199,0.0,0.0,0.0,,,,,,
2024-01-26 06:00:00,2221.01,2224.18,2211.0,2213.24,12290.8205,0.0001,49,0.0,0.0,chop,,771.7772648033408,0.0,0.0,,,771.7772648033408,0.0,,chop,0.0,{},,4.0,,,,,,,776.8648745020199,0.0,0.0,0.0,776.8648745020199,0.0,0.0,0.0,,,,,,
2024-01-26 07:00:00,2213.24,2214.72,2195.84,2197.47,20654.6992,0.0001,49,0.0,0.0,chop,,771.7772648033408,0.0,0.0,,,771.7772648033408,0.0,,chop,0.0,{},,5.0,,,,,,,776.8648745020199,0.0,0.0,0.0,776.8648745020199,0.0,0.0,0.0,,,,,,
2024-01-26 08:00:00,2197.46,2215.49,2195.99,2209.54,11508.4826,0.0001,49,0.0,0.0,chop,,771.7772648033408,0.0,0.0,,,771.7772648033408,0.0,,chop,0.0,{},,6.0,,,,,,,776.8648745020199,0.0,0.0,0.0,776.8648745020199,0.0,0.0,0.0,,,,,,
2024-01-26 09:00:00,2209.53,2224.59,2204.52,2206.21,15529.2449,0.0001,49,0.0,0.0,chop,,771.7772648033408,0.0,0.0,,,771.7772648033408,0.0,,chop,0.0,{},,7.0,,,,,,,776.8648745020199,0.0,0.0,0.0,776.8648745020199,0.0,0.0,0.0,,,,,,
2024-01-26 10:00:00,2206.21,2240.0,2205.78,2237.6,27868.1729,0.0001,49,0.0,0.0,chop,,771.7772648033408,0.0,0.0,,,771.7772648033408,0.0,,chop,0.0,{},,8.0,,,,,,,776.8648745020199,0.0,0.0,0.0,776.8648745020199,0.0,0.0,0.0,,,,,,
2024-01-26 11:00:00,2237.6,2260.66,2237.26,2254.02,39088.4237,0.0001,49,0.0,0.0,chop,,771.7772648033408,0.0,0.0,,,771.7772648033408,0.0,,chop,0.0,{},,9.0,,,,,,,776.8648745020199,0.0,0.0,0.0,776.8648745020199,0.0,0.0,0.0,,,,,,
2024-01-26 12:00:00,2254.02,2265.19,2244.11,2247.54,30090.9341,0.0001,49,0.0,0.0,chop,,771.7772648033408,0.0,0.0,,,771.7772648033408,0.0,,chop,0.0,{},,10.0,,,,,,,776.8648745020199,0.0,0.0,0.0,776.8648745020199,0.0,0.0,0.0,,,,,,
2024-01-26 13:00:00,2247.54,2251.77,2234.46,2240.89,14387.8414,0.0001,49,0.0,0.0,chop,,771.7772648033408,0.0,0.0,,,771.7772648033408,0.0,,chop,0.0,{},,11.0,,,,,,,776.8648745020199,0.0,0.0,0.0,776.8648745020199,0.0,0.0,0.0,,,,,,
2024-01-26 14:00:00,2240.9,2257.96,2240.0,2257.96,12488.2727,0.0001,49,0.0,0.0,mean_reversion,,771.7772648033408,0.0,0.0,,,771.7772648033408,0.0,,mean_reversion,0.0,{},,1.0,,,,,,,776.8648745020199,0.0,0.0,0.0,776.8648745020199,0.0,0.0,0.0,0.0,0.0,1.0,0.0,,
2024-01-26 15:00:00,2257.96,2259.63,2250.26,2257.9,14481.4085,0.0001,49,0.0,0.0,mean_reversion,,771.7772648033408,0.0,0.0,,,771.7772648033408,0.0,,mean_reversion,0.0,{},,2.0,,,,,,,776.8648745020199,0.0,0.0,0.0,776.8648745020199,0.0,0.0,0.0,0.0,0.0,1.0,0.0,,
2024-01-26 16:00:00,2257.89,2281.88,2257.03,2279.55,32408.9517,0.0001,49,0.0,0.0,trending,,771.7772648033408,0.0,0.0,,,771.7772648033408,0.0,,trending,0.0,{},,1.0,,,,,,,776.8648745020199,0.0,0.0,0.0,776.8648745020199,0.0,0.0,0.0,,,,,,
2024-01-26 17:00:00,2279.55,2282.36,2267.06,2268.97,19992.0531,0.0001,49,0.0,0.0,trending,,771.7772648033408,0.0,0.0,,,771.7772648033408,0.0,,trending,0.0,{},,2.0,,,,,,,776.8648745020199,0.0,0.0,0.0,776.8648745020199,0.0,0.0,0.0,,,,,,
2024-01-26 18:00:00,2268.96,2276.76,2263.63,2266.8,16826.2056,0.0001,49,0.0,0.0,trending,,771.7772648033408,0.0,0.0,,,771.7772648033408,0.0,,trending,0.0,{},,3.0,,,,,,,776.8648745020199,0.0,0.0,0.0,776.8648745020199,0.0,0.0,0.0,,,,,,
2024-01-26 19:00:00,2266.8,2267.09,2251.07,2258.51,14671.9075,0.0001,49,0.0,0.0,trending,,771.7772648033408,0.0,0.0,,,771.7772648033408,0.0,,trending,0.0,{},,4.0,,,,,,,776.8648745020199,0.0,0.0,0.0,776.8648745020199,0.0,0.0,0.0,,,,,,
2024-01-26 20:00:00,2258.51,2262.69,2252.49,2258.6,11646.591,0.0001,49,0.0,0.0,mean_reversion,,771.7772648033408,0.0,0.0,,,771.7772648033408,0.0,,mean_reversion,0.0,{},,1.0,,,,,,,776.8648745020199,0.0,0.0,0.0,776.8648745020199,0.0,0.0,0.0,0.0,0.0,1.0,0.0,,
2024-01-26 21:00:00,2258.6,2260.87,2253.0,2259.87,6455.0093,0.0001,49,0.0,0.0,mean_reversion,,771.7772648033408,0.0,0.0,,,771.7772648033408,0.0,,mean_reversion,0.0,{},,2.0,,,,,,,776.8648745020199,0.0,0.0,0.0,776.8648745020199,0.0,0.0,0.0,0.0,0.0,1.0,0.0,,
2024-01-26 22:00:00,2259.86,2272.0,2258.01,2268.01,6966.3637,0.0001,49,0.0,0.0,mean_reversion,,771.7772648033408,0.0,0.0,,,771.7772648033408,0.0,,mean_reversion,0.0,{},,3.0,,,,,,,776.8648745020199,0.0,0.0,0.0,776.8648745020199,0.0,0.0,0.0,0.0,0.0,1.0,0.0,,
2024-01-26 23:00:00,2268.01,2270.27,2263.99,2267.68,7176.1758,0.0001,49,0.0,0.0,mean_reversion,,771.7772648033408,0.0,0.0,,,771.7772648033408,0.0,,mean_reversion,0.0,{},,4.0,,,,,,,776.8648745020199,0.0,0.0,0.0,776.8648745020199,0.0,0.0,0.0,0.0,0.0,1.0,0.0,,
2024-01-27 00:00:00,2267.67,2280.31,2265.23,2280.18,12034.2632,6.877e-05,55,0.0,0.0,trending,,771.7772648033408,0.0,0.0,,,771.7772648033408,0.0,,trending,0.0,{},,1.0,,,,,,,776.8648745020199,0.0,0.0,0.0,776.8648745020199,0.0,0.0,0.0,,,,,,
2024-01-27 01:00:00,2280.17,2282.94,2268.05,2270.57,8146.6136,6.877e-05,55,0.0,0.0,trending,,771.7772648033408,0.0,0.0,,,771.7772648033408,0.0,,trending,0.0,{},,2.0,,,,,,,776.8648745020199,0.0,0.0,0.0,776.8648745020199,0.0,0.0,0.0,,,,,,
2024-01-27 02:00:00,2270.56,2275.57,2270.16,2274.7,3842.2851,6.877e-05,55,0.0,0.0,mean_reversion,,771.7772648033408,0.0,0.0,,,771.7772648033408,0.0,,mean_reversion,0.0,{},,1.0,,,,,,,776.8648745020199,0.0,0.0,0.0,776.8648745020199,0.0,0.0,0.0,0.0,0.0,1.0,0.0,,
2024-01-27 03:00:00,2274.7,2276.84,2271.75,2274.13,4997.8401,6.877e-05,55,0.0,0.0,mean_reversion,,771.7772648033408,0.0,0.0,,,771.7772648033408,0.0,,mean_reversion,0.0,{},,2.0,,,,,,,776.8648745020199,0.0,0.0,0.0,776.8648745020199,0.0,0.0,0.0,0.0,0.0,1.0,0.0,,
2024-01-27 04:00:00,2274.13,2276.56,2273.13,2274.75,3264.3581,6.877e-05,55,0.0,0.0,mean_reversion,,771.7772648033408,0.0,0.0,,,771.7772648033408,0.0,,mean_reversion,0.0,{},,3.0,,,,,,,776.8648745020199,0.0,0.0,0.0,776.8648745020199,0.0,0.0,0.0,0.0,0.0,1.0,0.0,,
2024-01-27 05:00:00,2274.75,2274.75,2261.15,2263.79,6513.6076,6.877e-05,55,0.0,0.0,mean_reversion,,771.7772648033408,0.0,0.0,,,771.7772648033408,0.0,,mean_reversion,0.0,{},,4.0,,,,,,,776.8648745020199,0.0,0.0,0.0,776.8648745020199,0.0,0.0,0.0,0.0,0.0,1.0,0.0,,
2024-01-27 06:00:00,2263.8,2267.19,2262.85,2264.07,5266.5168,6.877e-05,55,0.0,0.0,mean_reversion,,771.7772648033408,0.0,0.0,,,771.7772648033408,0.0,,mean_reversion,0.0,{},,5.0,,,,,,,776.8648745020199,0.0,0.0,0.0,776.8648745020199,0.0,0.0,0.0,0.0,0.0,1.0,0.0,,
2024-01-27 07:00:00,2264.07,2266.66,2253.41,2258.45,8519.6205,6.877e-05,55,0.0,0.0,trending,,771.7772648033408,0.0,0.0,,,771.7772648033408,0.0,,trending,0.0,{},,1.0,,,,,,,776.8648745020199,0.0,0.0,0.0,776.8648745020199,0.0,0.0,0.0,,,,,,
2024-01-27 08:00:00,2258.45,2260.4,2251.4,2253.95,8354.319,0.0001,55,0.0,0.0,trending,,771.7772648033408,0.0,0.0,,,771.7772648033408,0.0,,trending,0.0,{},,2.0,,,,,,,776.8648745020199,0.0,0.0,0.0,776.8648745020199,0.0,0.0,0.0,,,,,,
2024-01-27 09:00:00,2253.95,2268.2,2251.58,2265.99,7889.1785,0.0001,55,0.0,0.0,trending,,771.7772648033408,0.0,0.0,,,771.7772648033408,0.0,,trending,0.0,{},,3.0,,,,,,,776.8648745020199,0.0,0.0,0.0,776.8648745020199,0.0,0.0,0.0,,,,,,
2024-01-27 10:00:00,2266.0,2271.49,2262.76,2263.23,4996.469,0.0001,55,0.0,0.0,mean_reversion,,771.7772648033408,0.0,0.0,,,771.7772648033408,0.0,,mean_reversion,0.0,{},,1.0,,,,,,,776.8648745020199,0.0,0.0,0.0,776.8648745020199,0.0,0.0,0.0,0.0,0.0,1.0,0.0,,
2024-01-27 11:00:00,2263.23,2270.65,2261.44,2265.48,5011.6685,0.0001,55,0.0,0.0,mean_reversion,,771.7772648033408,0.0,0.0,,,771.7772648033408,0.0,,mean_reversion,0.0,{},,2.0,,,,,,,776.8648745020199,0.0,0.0,0.0,776.8648745020199,0.0,0.0,0.0,0.0,0.0,1.0,0.0,,
2024-01-27 12:00:00,2265.48,2270.5,2262.13,2263.47,4739.4634,0.0001,55,0.0,0.0,mean_reversion,,771.7772648033408,0.0,0.0,,,771.7772648033408,0.0,,mean_reversion,0.0,{},,3.0,,,,,,,776.8648745020199,0.0,0.0,0.0,776.8648745020199,0.0,0.0,0.0,0.0,0.0,1.0,0.0,,
2024-01-27 13:00:00,2263.47,2268.96,2262.45,2267.79,4355.5318,0.0001,55,0.0,0.0,mean_reversion,,771.7772648033408,0.0,0.0,,,771.7772648033408,0.0,,mean_reversion,0.0,{},,4.0,,,,,,,776.8648745020199,0.0,0.0,0.0,776.8648745020199,0.0,0.0,0.0,0.0,0.0,1.0,0.0,,
2024-01-27 14:00:00,2267.8,2275.1,2267.35,2269.29,6474.2596,0.0001,55,0.0,0.0,chop,,771.7772648033408,0.0,0.0,,,771.7772648033408,0.0,,chop,0.0,{},,1.0,,,,,,,776.8648745020199,0.0,0.0,0.0,776.8648745020199,0.0,0.0,0.0,,,,,,
2024-01-27 15:00:00,2269.29,2274.38,2267.42,2270.18,4505.7496,0.0001,55,0.0,0.0,chop,,771.7772648033408,0.0,0.0,,,771.7772648033408,0.0,,chop,0.0,{},,2.0,,,,,,,776.8648745020199,0.0,0.0,0.0,776.8648745020199,0.0,0.0,0.0,,,,,,
2024-01-27 16:00:00,2270.18,2273.79,2262.99,2264.08,8071.0368,0.0001,55,0.0,0.0,mean_reversion,,771.7772648033408,0.0,0.0,,,771.7772648033408,0.0,,mean_reversion,0.0,{},,1.0,,,,,,,776.8648745020199,0.0,0.0,0.0,776.8648745020199,0.0,0.0,0.0,0.0,0.0,1.0,0.0,,
2024-01-27 17:00:00,2264.08,2267.63,2261.35,2265.65,3818.6412,0.0001,55,0.0,0.0,mean_reversion,,771.7772648033408,0.0,0.0,,,771.7772648033408,0.0,,mean_reversion,0.0,{},,2.0,,,,,,,776.8648745020199,0.0,0.0,0.0,776.8648745020199,0.0,0.0,0.0,0.0,0.0,1.0,0.0,,
2024-01-27 18:00:00,2265.65,2271.2,2263.43,2266.82,3878.8719,0.0001,55,0.0,0.0,mean_reversion,,771.7772648033408,0.0,0.0,,,771.7772648033408,0.0,,mean_reversion,0.0,{},,3.0,,,,,,,776.8648745020199,0.0,0.0,0.0,776.8648745020199,0.0,0.0,0.0,0.0,0.0,1.0,0.0,,
2024-01-27 19:00:00,2266.82,2277.49,2266.81,2272.69,4602.5145,0.0001,55,0.0,0.0,mean_reversion,,771.7772648033408,0.0,0.0,,,771.7772648033408,0.0,,mean_reversion,0.0,{},,4.0,,,,,,,776.8648745020199,0.0,0.0,0.0,776.8648745020199,0.0,0.0,0.0,0.0,0.0,1.0,0.0,,
2024-01-27 20:00:00,2272.7,2275.69,2270.12,2271.44,3815.9817,0.0001,55,0.0,0.0,mean_reversion,,771.7772648033408,0.0,0.0,,,771.7772648033408,0.0,,mean_reversion,0.0,{},,5.0,,,,,,,776.8648745020199,0.0,0.0,0.0,776.8648745020199,0.0,0.0,0.0,0.0,0.0,1.0,0.0,,
2024-01-27 21:00:00,2271.43,2275.0,2267.4,2272.73,7213.142,0.0001,55,0.0,0.0,mean_reversion,,771.7772648033408,0.0,0.0,,,771.7772648033408,0.0,,mean_reversion,0.0,{},,6.0,,,,,,,776.8648745020199,0.0,0.0,0.0,776.8648745020199,0.0,0.0,0.0,0.0,0.0,1.0,0.0,,
2024-01-27 22:00:00,2272.73,2273.34,2264.4,2266.46,7739.4231,0.0001,55,0.0,0.0,mean_reversion,,771.7772648033408,0.0,0.0,,,771.7772648033408,0.0,,mean_reversion,0.0,{},,7.0,,,,,,,776.8648745020199,0.0,0.0,0.0,776.8648745020199,0.0,0.0,0.0,0.0,0.0,1.0,0.0,,
2024-01-27 23:00:00,2266.45,2268.75,2261.47,2267.94,7058.028,0.0001,55,0.0,0.0,mean_reversion,,771.7772648033408,0.0,0.0,,,771.7772648033408,0.0,,mean_reversion,0.0,{},,8.0,,,,,,,776.8648745020199,0.0,0.0,0.0,776.8648745020199,0.0,0.0,0.0,0.0,0.0,1.0,0.0,,
2024-01-28 00:00:00,2267.94,2268.58,2263.0,2267.27,6472.4293,6.557e-05,54,0.0,0.0,mean_reversion,,771.7772648033408,0.0,0.0,,,771.7772648033408,0.0,,mean_reversion,0.0,{},,9.0,,,,,,,776.8648745020199,0.0,0.0,0.0,776.8648745020199,0.0,0.0,0.0,0.0,0.0,1.0,0.0,,
2024-01-28 01:00:00,2267.27,2288.88,2267.27,2278.83,14472.9416,6.557e-05,54,0.0,0.0,mean_reversion,,771.7772648033408,0.0,0.0,,,771.7772648033408,0.0,,mean_reversion,0.0,{},,10.0,,,,,,,776.8648745020199,0.0,0.0,0.0,776.8648745020199,0.0,0.0,0.0,0.0,0.0,1.0,0.0,,
2024-01-28 02:00:00,2278.82,2284.2,2276.31,2279.21,6167.5987,6.557e-05,54,0.0,0.0,mean_reversion,,771.7772648033408,0.0,0.0,,,771.7772648033408,0.0,,mean_reversion,0.0,{},,11.0,,,,,,,776.8648745020199,0.0,0.0,0.0,776.8648745020199,0.0,0.0,0.0,0.0,0.0,1.0,0.0,,
2024-01-28 03:00:00,2279.21,2289.0,2278.74,2287.17,6489.0722,6.557e-05,54,0.0,0.0,mean_reversion,,771.7772648033408,0.0,0.0,,,771.7772648033408,0.0,,mean_reversion,0.0,{},,12.0,,,,,,,776.8648745020199,0.0,0.0,0.0,776.8648745020199,0.0,0.0,0.0,0.0,0.0,1.0,0.0,,
2024-01-28 04:00:00,2287.17,2304.93,2284.8,2303.58,15008.4728,6.557e-05,54,0.0,0.0,mean_reversion,,771.7772648033408,0.0,0.0,,,771.7772648033408,0.0,,mean_reversion,0.0,{},,13.0,,,,,,,776.8648745020199,0.0,0.0,0.0,776.8648745020199,0.0,0.0,0.0,0.0,0.0,1.0,0.0,,
2024-01-28 05:00:00,2303.59,2308.24,2286.91,2290.81,11076.8594,6.557e-05,54,0.0,0.0,mean_reversion,,771.7772648033408,0.0,0.0,,,771.7772648033408,0.0,,mean_reversion,0.0,{},,14.0,,,,,,,776.8648745020199,0.0,0.0,0.0,776.8648745020199,0.0,0.0,0.0,0.0,0.0,1.0,0.0,,
2024-01-28 06:00:00,2290.8,2291.57,2283.49,2287.69,7447.6842,6.557e-05,54,0.0,0.0,mean_reversion,,771.7772648033408,0.0,0.0,,,771.7772648033408,0.0,,mean_reversion,0.0,{},,15.0,,,,,,,776.8648745020199,0.0,0.0,0.0,776.8648745020199,0.0,0.0,0.0,0.0,0.0,1.0,0.0,,
2024-01-28 07:00:00,2287.7,2293.59,2281.81,2282.92,8438.8,6.557e-05,54,0.0,0.0,mean_reversion,,771.7772648033408,0.0,0.0,,,771.7772648033408,0.0,,mean_reversion,0.0,{},,16.0,,,,,,,776.8648745020199,0.0,0.0,0.0,776.8648745020199,0.0,0.0,0.0,0.0,0.0,1.0,0.0,,
2024-01-28 08:00:00,2282.91,2291.01,2277.87,2286.05,8747.9967,6.135e-05,54,0.0,0.0,mean_reversion,,771.7772648033408,0.0,0.0,,,771.7772648033408,0.0,,mean_reversion,0.0,{},,17.0,,,,,,,776.8648745020199,0.0,0.0,0.0,776.8648745020199,0.0,0.0,0.0,0.0,0.0,1.0,0.0,,
2024-01-28 09:00:00,2286.05,2301.41,2284.57,2294.86,11464.9569,6.135e-05,54,0.0,0.0,mean_reversion,,771.7772648033408,0.0,0.0,,,771.7772648033408,0.0,,mean_reversion,0.0,{},,18.0,,,,,,,776.8648745020199,0.0,0.0,0.0,776.8648745020199,0.0,0.0,0.0,0.0,0.0,1.0,0.0,,
2024-01-28 10:00:00,2294.87,2295.99,2288.28,2293.52,7543.7098,6.135e-05,54,0.0,0.0,mean_reversion,,771.7772648033408,0.0,0.0,,,771.7772648033408,0.0,,mean_reversion,0.0,{},,19.0,,,,,,,776.8648745020199,0.0,0.0,0.0,776.8648745020199,0.0,0.0,0.0,0.0,0.0,1.0,0.0,,
2024-01-28 11:00:00,2293.51,2294.25,2276.97,2281.08,10706.7281,6.135e-05,54,0.0,0.0,mean_reversion,,771.7772648033408,0.0,0.0,,,771.7772648033408,0.0,,mean_reversion,0.0,{},,20.0,,,,,,,776.8648745020199,0.0,0.0,0.0,776.8648745020199,0.0,0.0,0.0,0.0,0.0,1.0,0.0,,
2024-01-28 12:00:00,2281.08,2282.33,2268.65,2276.78,11220.6925,6.135e-05,54,0.0,0.0,mean_reversion,,771.7772648033408,0.0,0.0,,,771.7772648033408,0.0,,mean_reversion,0.0,{},,21.0,,,,,,,776.8648745020199,0.0,0.0,0.0,776.8648745020199,0.0,0.0,0.0,7.035732444531692e-06,0.0,1.0,0.0,,
2024-01-28 13:00:00,2276.78,2281.59,2271.3,2279.07,6059.012,6.135e-05,54,0.0,0.0,mean_reversion,,771.7772648033408,0.0,0.0,,,771.7772648033408,0.0,,mean_reversion,0.0,{},,22.0,,,,,,,776.8648745020199,0.0,0.0,0.0,776.8648745020199,0.0,0.0,0.0,0.0,0.0,1.0,0.0,,
2024-01-28 14:00:00,2279.06,2286.08,2263.65,2267.86,10493.153,6.135e-05,54,20.0,0.0,mean_reversion,,771.7772648033408,0.0,2.0,True,True,770.233710273734,2.002004008016032,,mean_reversion,20.0,{},,23.0,ETHUSDT,2024-01-28 14:00:00,ETHUSDT,2267.86,0.6806216122717811,LONG,776.8648745020199,0.0,0.0,0.0,776.8648745020199,0.0,0.0,0.0,9.521624973466332e-05,22.768142557257814,1.0,22.768142557257814,True,True
2024-01-28 15:00:00,2267.86,2275.34,2261.91,2270.17,8814.4323,6.135e-05,54,16.361056761703104,0.0,mean_reversion,,771.8043739621576,1.9999648756087276,-0.36385919943841727,True,True,771.5235458405244,1.6367012049604674,,mean_reversion,-3.6389432382968963,{},,24.0,ETHUSDT,2024-01-28 15:00:00,ETHUSDT,2270.17,0.12370356476957209,REDUCE_LONG,776.8648745020199,0.0,0.0,0.0,776.8648745020199,0.0,0.0,0.0,6.864647717482145e-05,16.361056761703104,1.0,16.361056761703104,True,True
2024-01-28 16:00:00,2270.17,2276.0,2267.02,2274.45,4808.682,8.266e-05,54,0.0,0.0,mean_reversion,,773.9042420233333,1.634742574879469,-1.634742574879469,True,True,772.6391078100179,0.0,,mean_reversion,-16.361056761703104,{},,25.0,ETHUSDT,2024-01-28 16:00:00,ETHUSDT,2274.45,0.5562374258899372,CLOSE,776.8648745020199,0.0,0.0,0.0,776.8648745020199,0.0,0.0,0.0,2.089364462430729e-05,0.0,1.0,0.0,True,True
2024-01-28 17:00:00,2274.44,2274.45,2262.29,2269.27,7344.1531,8.266e-05,54,18.358680215094438,0.0,mean_reversion,,772.6391078100179,0.0,1.8358680215094438,True,True,771.2206443798217,1.837405387280993,,mean_reversion,18.358680215094438,{},,26.0,ETHUSDT,2024-01-28 17:00:00,ETHUSDT,2269.27,0.6250747730309745,LONG,776.8648745020199,0.0,0.0,0.0,776.8648745020199,0.0,0.0,0.0,7.713014187334826e-05,18.358680215094438,1.0,18.358680215094438,True,True
2024-01-28 18:00:00,2269.28,2270.52,2257.0,2261.15,8480.4789,8.266e-05,54,20.0,0.0,mean_reversion,,766.1501128299673,1.8429475001974063,0.15705249980259373,False,,766.1501128299673,1.8429475001974063,,mean_reversion,1.641319784905562,{},,27.0,ETHUSDT,2024-01-28 18:00:00,,,,,776.8648745020199,0.0,0.0,0.0,776.8648745020199,0.0,0.0,0.0,0.00015166843174660758,36.309109491936276,1.0,36.309109491936276,True,False
2024-01-28 19:00:00,2261.15,2266.18,2245.03,2253.89,10562.7093,8.266e-05,54,20.0,0.0,mean_reversion,,761.6166080206145,1.8479651252149445,0.1520348747850555,False,,761.6166080206145,1.8479651252149445,,mean_reversion,0.0,{},,28.0,ETHUSDT,2024-01-28 19:00:00,,,,,776.8648745020199,0.0,0.0,0.0,776.8648745020199,0.0,0.0,0.0,0.0001932342957041888,46.235710205836654,1.0,46.235710205836654,True,False
2024-01-28 20:00:00,2253.88,2263.21,2249.21,2261.84,7072.7663,8.266e-05,54,20.0,0.0,mean_reversion,,766.5809831217654,1.8424737067647783,0.15752629323522171,False,,766.5809831217654,1.8424737067647783,,mean_reversion,0.0,{},,29.0,ETHUSDT,2024-01-28 20:00:00,,,,,776.8648745020199,0.0,0.0,0.0,776.8648745020199,0.0,0.0,0.0,9.936625882423958e-05,23.96472976503913,1.0,23.96472976503913,True,False
2024-01-28 21:00:00,2261.85,2266.41,2258.46,2263.5,3636.6178,8.266e-05,54,19.373282281913927,0.0,mean_reversion,,767.6175696208735,1.8413360349541692,0.09599219323722341,False,,767.6175696208735,1.8413360349541692,,mean_reversion,-0.6267177180860735,{},,30.0,ETHUSDT,2024-01-28 21:00:00,,,,,776.8648745020199,0.0,0.0,0.0,776.8648745020199,0.0,0.0,0.0,8.000064773974752e-05,19.373282281913927,1.0,19.373282281913927,True,False
2024-01-28 22:00:00,2263.5,2263.92,2239.89,2249.39,9519.5012,8.266e-05,54,20.0,0.0,mean_reversion,,758.8065843784537,1.8511053220696325,0.14889467793036748,False,,758.8065843784537,1.8511053220696325,,mean_reversion,0.6267177180860735,{},,31.0,ETHUSDT,2024-01-28 22:00:00,,,,,776.8648745020199,0.0,0.0,0.0,776.8648745020199,0.0,0.0,0.0,0.0001683384761932797,40.8128344415597,1.0,40.8128344415597,True,False
2024-01-28 23:00:00,2249.39,2259.99,2245.54,2256.9,7277.4606,8.266e-05,54,20.0,0.0,mean_reversion,,763.496201612371,1.8458775839645478,0.15412241603545218,False,,763.496201612371,1.8458775839645478,,mean_reversion,0.0,{},,32.0,ETHUSDT,2024-01-28 23:00:00,,,,,776.8648745020199,0.0,0.0,0.0,776.8648745020199,0.0,0.0,0.0,9.47712783162716e-05,23.025403114372132,1.0,23.025403114372132,True,False
2024-01-29 00:00:00,2256.9,2261.64,2250.57,2257.16,8368.3346,0.0001,55,20.0,0.0,mean_reversion,,763.6585585339179,1.8456977469431417,0.1543022530568583,False,,763.6585585339179,1.8456977469431417,,mean_reversion,0.0,{},,33.0,ETHUSDT,2024-01-29 00:00:00,,,,,776.8648745020199,0.0,0.0,0.0,776.8648745020199,0.0,0.0,0.0,8.980851620466105e-05,21.83725723096466,1.0,21.83725723096466,True,False
2024-01-29 01:00:00,2257.16,2274.23,2256.88,2264.45,9667.777,0.0001,55,0.0,0.0,mean_reversion,,768.2107968342183,1.840686339019721,-1.840686339019721,True,True,766.7967617149981,0.0,,mean_reversion,-20.0,{},,34.0,ETHUSDT,2024-01-29 01:00:00,ETHUSDT,2264.45,0.6244496982579435,CLOSE,776.8648745020199,0.0,0.0,0.0,776.8648745020199,0.0,0.0,0.0,2.8269646331966338e-05,0.0,1.0,0.0,True,True
2024-01-29 02:00:00,2264.46,2271.51,2263.2,2268.77,5317.8364,0.0001,55,0.0,0.0,mean_reversion,,766.7967617149981,0.0,0.0,,,766.7967617149981,0.0,,mean_reversion,0.0,{},,35.0,,,,,,,776.8648745020199,0.0,0.0,0.0,776.8648745020199,0.0,0.0,0.0,0.0,0.0,1.0,0.0,,
2024-01-29 03:00:00,2268.77,2278.19,2268.76,2272.11,8889.9623,0.0001,55,0.0,0.0,mean_reversion,,766.7967617149981,0.0,0.0,,,766.7967617149981,0.0,,mean_reversion,0.0,{},,36.0,,,,,,,776.8648745020199,0.0,0.0,0.0,776.8648745020199,0.0,0.0,0.0,0.0,0.0,1.0,0.0,,
2024-01-29 04:00:00,2272.11,2274.23,2266.58,2268.5,5794.2673,0.0001,55,0.0,0.0,mean_reversion,,766.7967617149981,0.0,0.0,,,766.7967617149981,0.0,,mean_reversion,0.0,{},,37.0,,,,,,,776.8648745020199,0.0,0.0,0.0,776.8648745020199,0.0,0.0,0.0,0.0,0.0,1.0,0.0,,
2024-01-29 05:00:00,2268.5,2270.22,2263.64,2264.61,6120.5665,0.0001,55,0.0,0.0,mean_reversion,,766.7967617149981,0.0,0.0,,,766.7967617149981,0.0,,mean_reversion,0.0,{},,38.0,,,,,,,776.8648745020199,0.0,0.0,0.0,776.8648745020199,0.0,0.0,0.0,3.613566550599764e-05,0.0,1.0,0.0,,
2024-01-29 06:00:00,2264.6,2270.33,2264.24,2267.23,6473.7029,0.0001,55,0.0,0.0,mean_reversion,,766.7967617149981,0.0,0.0,,,766.7967617149981,0.0,,mean_reversion,0.0,{},,39.0,,,,,,,776.8648745020199,0.0,0.0,0.0,776.8648745020199,0.0,0.0,0.0,9.4305711552662e-06,0.0,1.0,0.0,,
2024-01-29 07:00:00,2267.22,2271.16,2258.28,2259.4,7867.019,0.0001,55,20.0,0.0,mean_reversion,,766.7967617149981,0.0,2.0,True,True,765.2631681915681,2.002004008016032,,mean_reversion,20.0,{},,40.0,ETHUSDT,2024-01-29 07:00:00,ETHUSDT,2259.4,0.6787614072010251,LONG,776.8648745020199,0.0,0.0,0.0,776.8648745020199,0.0,0.0,0.0,8.728321309796213e-05,21.236516556042183,1.0,21.236516556042183,True,True
2024-01-29 08:00:00,2259.39,2264.93,2253.98,2263.49,8147.3853,0.0001,55,0.0,0.0,mean_reversion,,768.0365262128645,1.9983858000816972,-1.9983858000816972,True,True,766.5016929249367,0.0,,mean_reversion,-20.0,{},,41.0,ETHUSDT,2024-01-29 08:00:00,ETHUSDT,2263.49,0.678082645793824,CLOSE,776.8648745020199,0.0,0.0,0.0,776.8648745020199,0.0,0.0,0.0,4.2482719506884476e-05,0.0,1.0,0.0,True,True
2024-01-29 09:00:00,2263.49,2273.76,2255.28,2273.76,10277.6521,0.0001,55,0.0,0.0,mean_reversion,,766.5016929249367,0.0,0.0,,,766.5016929249367,0.0,,mean_reversion,0.0,{},,42.0,,,,,,,776.8648745020199,0.0,0.0,0.0,776.8648745020199,0.0,0.0,0.0,0.0,0.0,1.0,0.0,,
2024-01-29 10:00:00,2273.76,2277.0,2269.66,2275.58,8719.7193,0.0001,55,0.0,0.0,mean_reversion,,766.5016929249367,0.0,0.0,,,766.5016929249367,0.0,,mean_reversion,0.0,{},,43.0,,,,,,,776.8648745020199,0.0,0.0,0.0,776.8648745020199,0.0,0.0,0.0,0.0,0.0,1.0,0.0,,
2024-01-29 11:00:00,2275.58,2276.39,2261.39,2264.17,8335.9154,0.0001,55,0.0,0.0,mean_reversion,,766.5016929249367,0.0,0.0,,,766.5016929249367,0.0,,mean_reversion,0.0,{},,44.0,,,,,,,776.8648745020199,0.0,0.0,0.0,776.8648745020199,0.0,0.0,0.0,5.8543723595259827e-05,0.0,1.0,0.0,,
2024-01-29 12:00:00,2264.17,2269.31,2255.05,2256.0,10024.4449,0.0001,55,20.0,0.0,mean_reversion,,766.5016929249367,0.0,2.0,True,True,764.968689539087,2.0020040080160317,,mean_reversion,20.0,{},,45.0,ETHUSDT,2024-01-29 12:00:00,ETHUSDT,2256.0,0.6795227774157241,LONG,776.8648745020199,0.0,0.0,0.0,776.8648745020199,0.0,0.0,0.0,0.00017074932456242705,41.00206068801408,1.0,41.00206068801408,True,True
2024-01-29 13:00:00,2256.0,2256.4,2238.88,2244.42,20438.7653,0.0001,55,20.0,0.0,mean_reversion,,757.1076846503755,2.0124077571328565,-0.012407757132856467,False,,757.1076846503755,2.0124077571328565,,mean_reversion,0.0,{},,46.0,ETHUSDT,2024-01-29 13:00:00,,,,,776.8648745020199,0.0,0.0,0.0,776.8648745020199,0.0,0.0,0.0,0.0002854745493111333,67.62390803458464,1.0,67.62390803458464,True,False
2024-01-29 14:00:00,2244.42,2252.2,2233.8,2244.09,13892.7124,0.0001,55,20.0,0.0,mean_reversion,,756.8836663763449,2.0127074040250323,-0.012707404025032343,False,,756.8836663763449,2.0127074040250323,,mean_reversion,0.0,{},,47.0,ETHUSDT,2024-01-29 14:00:00,,,,,776.8648745020199,0.0,0.0,0.0,776.8648745020199,0.0,0.0,0.0,0.0002594848760116708,60.72093900686896,1.0,60.72093900686896,True,False
2024-01-29 15:00:00,2244.09,2275.93,2239.45,2275.8,20997.7753,0.0001,55,0.0,0.0,mean_reversion,,778.4097859809257,1.9847020255006393,-1.9847020255006393,True,True,776.8648745020199,0.0,,mean_reversion,-20.0,{},,48.0,ETHUSDT,2024-01-29 15:00:00,ETHUSDT,2275.8,0.6788432546383084,CLOSE,776.8648745020199,0.0,0.0,0.0,776.8648745020199,0.0,0.0,0.0,0.0,0.0,1.0,0.0,True,True
2024-01-29 16:00:00,2275.81,2302.43,2265.54,2299.49,44620.3564,0.0001,55,0.0,0.0,mean_reversion,,776.8648745020199,0.0,0.0,,,776.8648745020199,0.0,,mean_reversion,0.0,{},,49.0,,,,,,,776.8648745020199,0.0,0.0,0.0,776.8648745020199,0.0,0.0,0.0,0.0,0.0,1.0,0.0,,
2024-01-29 17:00:00,2299.49,2315.45,2295.94,2302.59,33403.8926,0.0001,55,0.0,0.0,mean_reversion,,776.8648745020199,0.0,0.0,,,776.8648745020199,0.0,,mean_reversion,0.0,{},,50.0,,,,,,,776.8648745020199,0.0,0.0,0.0,776.8648745020199,0.0,0.0,0.0,0.0,0.0,1.0,0.0,,
2024-01-29 18:00:00,2302.59,2312.94,2295.15,2300.13,15572.4488,0.0001,55,0.0,0.0,mean_reversion,,776.8648745020199,0.0,0.0,,,776.8648745020199,0.0,,mean_reversion,0.0,{},,51.0,,,,,,,776.8648745020199,0.0,0.0,0.0,776.8648745020199,0.0,0.0,0.0,0.0,0.0,1.0,0.0,,
2024-01-29 19:00:00,2300.14,2305.01,2292.14,2293.46,10807.2792,0.0001,55,0.0,0.0,mean_reversion,,776.8648745020199,0.0,0.0,,,776.8648745020199,0.0,,mean_reversion,0.0,{},,52.0,,,,,,,776.8648745020199,0.0,0.0,0.0,776.8648745020199,0.0,0.0,0.0,0.0,0.0,1.0,0.0,,
2024-01-29 20:00:00,2293.46,2304.48,2292.21,2302.86,8658.1212,0.0001,55,0.0,0.0,mean_reversion,,776.8648745020199,0.0,0.0,,,776.8648745020199,0.0,,mean_reversion,0.0,{},,53.0,,,,,,,776.8648745020199,0.0,0.0,0.0,776.8648745020199,0.0,0.0,0.0,0.0,0.0,1.0,0.0,,
2024-01-29 21:00:00,2302.86,2311.74,2301.0,2306.32,11419.7769,0.0001,55,0.0,0.0,mean_reversion,,776.8648745020199,0.0,0.0,,,776.8648745020199,0.0,,mean_reversion,0.0,{},,54.0,,,,,,,776.8648745020199,0.0,0.0,0.0,776.8648745020199,0.0,0.0,0.0,0.0,0.0,1.0,0.0,,
2024-01-29 22:00:00,2306.31,2322.34,2305.95,2311.43,12214.006,0.0001,55,0.0,0.0,mean_reversion,,776.8648745020199,0.0,0.0,,,776.8648745020199,0.0,,mean_reversion,0.0,{},,55.0,,,,,,,776.8648745020199,0.0,0.0,0.0,776.8648745020199,0.0,0.0,0.0,0.0,0.0,1.0,0.0,,
2024-01-29 23:00:00,2311.43,2317.92,2310.0,2317.6,9498.3605,0.0001,55,0.0,0.0,mean_reversion,,776.8648745020199,0.0,0.0,,,776.8648745020199,0.0,,mean_reversion,0.0,{},,56.0,,,,,,,776.8648745020199,0.0,0.0,0.0,776.8648745020199,0.0,0.0,0.0,0.0,0.0,1.0,0.0,,
2024-01-30 00:00:00,2317.61,2318.36,2304.7,2305.07,8271.3567,0.0001,61,0.0,0.0,mean_reversion,,776.8648745020199,0.0,0.0,,,776.8648745020199,0.0,,mean_reversion,0.0,{},,57.0,,,,,,,776.8648745020199,0.0,0.0,0.0,776.8648745020199,0.0,0.0,0.0,0.0,0.0,1.0,0.0,,
2024-01-30 01:00:00,2305.06,2324.99,2304.0,2314.71,15647.9355,0.0001,61,0.0,0.0,mean_reversion,,776.8648745020199,0.0,0.0,,,776.8648745020199,0.0,,mean_reversion,0.0,{},,58.0,,,,,,,776.8648745020199,0.0,0.0,0.0,776.8648745020199,0.0,0.0,0.0,0.0,0.0,1.0,0.0,,
2024-01-30 02:00:00,2314.71,2327.97,2314.7,2317.83,12639.8536,0.0001,61,0.0,0.0,mean_reversion,,776.8648745020199,0.0,0.0,,,776.8648745020199,0.0,,mean_reversion,0.0,{},,59.0,,,,,,,776.8648745020199,0.0,0.0,0.0,776.8648745020199,0.0,0.0,0.0,0.0,0.0,1.0,0.0,,
2024-01-30 03:00:00,2317.82,2320.0,2310.6,2311.4,11223.8476,0.0001,61,0.0,0.0,mean_reversion,,776.8648745020199,0.0,0.0,,,776.8648745020199,0.0,,mean_reversion,0.0,{},,60.0,,,,,,,776.8648745020199,0.0,0.0,0.0,776.8648745020199,0.0,0.0,0.0,0.0,0.0,1.0,0.0,,
2024-01-30 04:00:00,2311.4,2314.69,2308.39,2311.65,7862.7257,0.0001,61,0.0,0.0,mean_reversion,,776.8648745020199,0.0,0.0,,,776.8648745020199,0.0,,mean_reversion,0.0,{},,61.0,,,,,,,776.8648745020199,0.0,0.0,0.0,776.8648745020199,0.0,0.0,0.0,0.0,0.0,1.0,0.0,,
2024-01-30 05:00:00,2311.65,2313.6,2304.41,2304.89,6737.7797,0.0001,61,0.0,0.0,mean_reversion,,776.8648745020199,0.0,0.0,,,776.8648745020199,0.0,,mean_reversion,0.0,{},,62.0,,,,,,,776.8648745020199,0.0,0.0,0.0,776.8648745020199,0.0,0.0,0.0,0.0,0.0,1.0,0.0,,
2024-01-30 06:00:00,2304.9,2309.0,2301.0,2304.1,9428.1542,0.0001,61,0.0,0.0,mean_reversion,,776.8648745020199,0.0,0.0,,,776.8648745020199,0.0,,mean_reversion,0.0,{},,63.0,,,,,,,776.8648745020199,0.0,0.0,0.0,776.8648745020199,0.0,0.0,0.0,0.0,0.0,1.0,0.0,,
2024-01-30 07:00:00,2304.1,2314.0,2302.82,2309.29,9393.8887,0.0001,61,0.0,0.0,mean_reversion,,776.8648745020199,0.0,0.0,,,776.8648745020199,0.0,,mean_reversion,0.0,{},,64.0,,,,,,,776.8648745020199,0.0,0.0,0.0,776.8648745020199,0.0,0.0,0.0,0.0,0.0,1.0,0.0,,
2024-01-30 08:00:00,2309.3,2312.94,2302.82,2308.32,7064.8736,6.195e-05,61,0.0,0.0,mean_reversion,,776.8648745020199,0.0,0.0,,,776.8648745020199,0.0,,mean_reversion,0.0,{},,65.0,,,,,,,776.8648745020199,0.0,0.0,0.0,776.8648745020199,0.0,0.0,0.0,0.0,0.0,1.0,0.0,,
2024-01-30 09:00:00,2308.31,2309.05,2303.57,2304.39,7337.3771,6.195e-05,61,0.0,0.0,mean_reversion,,776.8648745020199,0.0,0.0,,,776.8648745020199,0.0,,mean_reversion,0.0,{},,66.0,,,,,,,776.8648745020199,0.0,0.0,0.0,776.8648745020199,0.0,0.0,0.0,0.0,0.0,1.0,0.0,,
2024-01-30 10:00:00,2304.4,2316.34,2303.02,2314.96,8855.4258,6.195e-05,61,0.0,0.0,mean_reversion,,776.8648745020199,0.0,0.0,,,776.8648745020199,0.0,,mean_reversion,0.0,{},,67.0,,,,,,,776.8648745020199,0.0,0.0,0.0,776.8648745020199,0.0,0.0,0.0,0.0,0.0,1.0,0.0,,
2024-01-30 11:00:00,2314.95,2318.22,2311.11,2314.01,8270.8828,6.195e-05,61,0.0,0.0,mean_reversion,,776.8648745020199,0.0,0.0,,,776.8648745020199,0.0,,mean_reversion,0.0,{},,68.0,,,,,,,776.8648745020199,0.0,0.0,0.0,776.8648745020199,0.0,0.0,0.0,0.0,0.0,1.0,0.0,,
2024-01-30 12:00:00,2314.0,2332.85,2299.05,2306.71,43716.5637,6.195e-05,61,0.0,0.0,mean_reversion,,776.8648745020199,0.0,0.0,,,776.8648745020199,0.0,,mean_reversion,0.0,{},,69.0,,,,,,,776.8648745020199,0.0,0.0,0.0,776.8648745020199,0.0,0.0,0.0,0.0,0.0,1.0,0.0,,
2024-01-30 13:00:00,2306.7,2313.79,2297.0,2305.73,13544.8693,6.195e-05,61,0.0,0.0,mean_reversion,,776.8648745020199,0.0,0.0,,,776.8648745020199,0.0,,mean_reversion,0.0,{},,70.0,,,,,,,776.8648745020199,0.0,0.0,0.0,776.8648745020199,0.0,0.0,0.0,0.0,0.0,1.0,0.0,,
2024-01-30 14:00:00,2305.72,2315.57,2298.8,2313.29,13079.8143,6.195e-05,61,0.0,0.0,mean_reversion,,776.8648745020199,0.0,0.0,,,776.8648745020199,0.0,,mean_reversion,0.0,{},,71.0,,,,,,,776.8648745020199,0.0,0.0,0.0,776.8648745020199,0.0,0.0,0.0,0.0,0.0,1.0,0.0,,
2024-01-30 15:00:00,2313.3,2347.55,2303.33,2340.91,35509.2532,6.195e-05,61,0.0,0.0,mean_reversion,,776.8648745020199,0.0,0.0,,,776.8648745020199,0.0,,mean_reversion,0.0,{},,72.0,,,,,,,776.8648745020199,0.0,0.0,0.0,776.8648745020199,0.0,0.0,0.0,0.0,0.0,1.0,0.0,,
2024-01-30 16:00:00,2340.91,2369.48,2335.73,2369.25,45735.5983,6.195e-05,61,0.0,0.0,mean_reversion,,776.8648745020199,0.0,0.0,,,776.8648745020199,0.0,,mean_reversion,0.0,{},,73.0,,,,,,,776.8648745020199,0.0,0.0,0.0,776.8648745020199,0.0,0.0,0.0,0.0,0.0,1.0,0.0,,
2024-01-30 17:00:00,2369.25,2379.79,2364.26,2370.3,30084.7898,0.0001,61,0.0,0.0,mean_reversion,,776.8648745020199,0.0,0.0,,,776.8648745020199,0.0,,mean_reversion,0.0,{},,74.0,,,,,,,776.8648745020199,0.0,0.0,0.0,776.8648745020199,0.0,0.0,0.0,0.0,0.0,1.0,0.0,,
2024-01-30 18:00:00,2370.3,2381.0,2364.42,2376.73,17567.5748,0.0001,61,0.0,0.0,mean_reversion,,776.8648745020199,0.0,0.0,,,776.8648745020199,0.0,,mean_reversion,0.0,{},,75.0,,,,,,,776.8648745020199,0.0,0.0,0.0,776.8648745020199,0.0,0.0,0.0,0.0,0.0,1.0,0.0,,
2024-01-30 19:00:00,2376.73,2378.28,2369.28,2374.93,8733.8163,0.0001,61,0.0,0.0,trending,,776.8648745020199,0.0,0.0,,,776.8648745020199,0.0,,trending,0.0,{},,1.0,,,,,,,776.8648745020199,0.0,0.0,0.0,776.8648745020199,0.0,0.0,0.0,,,,,,
2024-01-30 20:00:00,2374.93,2385.0,2373.53,2373.72,12721.5143,0.0001,61,0.0,0.0,trending,,776.8648745020199,0.0,0.0,,,776.8648745020199,0.0,,trending,0.0,{},,2.0,,,,,,,776.8648745020199,0.0,0.0,0.0,776.8648745020199,0.0,0.0,0.0,,,,,,
2024-01-30 21:00:00,2373.73,2391.98,2370.0,2380.03,10896.9865,0.0001,61,0.0,0.0,trending,,776.8648745020199,0.0,0.0,,,776.8648745020199,0.0,,trending,0.0,{},,3.0,,,,,,,776.8648745020199,0.0,0.0,0.0,776.8648745020199,0.0,0.0,0.0,,,,,,
2024-01-30 22:00:00,2380.02,2381.79,2364.75,2364.96,7418.0901,0.0001,61,0.0,0.0,trending,,776.8648745020199,0.0,0.0,,,776.8648745020199,0.0,,trending,0.0,{},,4.0,,,,,,,776.8648745020199,0.0,0.0,0.0,776.8648745020199,0.0,0.0,0.0,,,,,,
2024-01-30 23:00:00,2364.96,2367.93,2337.06,2343.01,21136.6075,0.0001,61,0.0,0.0,trending,,776.8648745020199,0.0,0.0,,,776.8648745020199,0.0,,trending,0.0,{},,5.0,,,,,,,776.8648745020199,0.0,0.0,0.0,776.8648745020199,0.0,0.0,0.0,,,,,,
2024-01-31 00:00:00,2343.0,2351.6,2331.79,2340.43,19716.5778,0.0001,60,0.0,0.0,mean_reversion,,776.8648745020199,0.0,0.0,,,776.8648745020199,0.0,,mean_reversion,0.0,{},,1.0,,,,,,,776.8648745020199,0.0,0.0,0.0,776.8648745020199,0.0,0.0,0.0,0.0,0.0,1.0,0.0,,
2024-01-31 01:00:00,2340.44,2346.46,2327.54,2332.46,12716.0253,0.0001,60,0.0,0.0,mean_reversion,,776.8648745020199,0.0,0.0,,,776.8648745020199,0.0,,mean_reversion,0.0,{},,2.0,,,,,,,776.8648745020199,0.0,0.0,0.0,776.8648745020199,0.0,0.0,0.0,1.568930274016652e-06,0.0,1.0,0.0,,
2024-01-31 02:00:00,2332.47,2339.25,2327.27,2338.69,13120.1594,0.0001,60,0.0,0.0,mean_reversion,,776.8648745020199,0.0,0.0,,,776.8648745020199,0.0,,mean_reversion,0.0,{},,3.0,,,,,,,776.8648745020199,0.0,0.0,0.0,776.8648745020199,0.0,0.0,0.0,0.0,0.0,1.0,0.0,,
2024-01-31 03:00:00,2338.68,2344.02,2338.46,2342.91,7356.0072,0.0001,60,0.0,0.0,mean_reversion,,776.8648745020199,0.0,0.0,,,776.8648745020199,0.0,,mean_reversion,0.0,{},,4.0,,,,,,,776.8648745020199,0.0,0.0,0.0,776.8648745020199,0.0,0.0,0.0,0.0,0.0,1.0,0.0,,
2024-01-31 04:00:00,2342.9,2344.55,2336.18,2341.95,10738.3804,0.0001,60,0.0,0.0,mean_reversion,,776.8648745020199,0.0,0.0,,,776.8648745020199,0.0,,mean_reversion,0.0,{},,5.0,,,,,,,776.8648745020199,0.0,0.0,0.0,776.8648745020199,0.0,0.0,0.0,0.0,0.0,1.0,0.0,,
2024-01-31 05:00:00,2341.94,2344.26,2334.37,2338.74,8347.3689,0.0001,60,0.0,0.0,chop,,776.8648745020199,0.0,0.0,,,776.8648745020199,0.0,,chop,0.0,{},,1.0,,,,,,,776.8648745020199,0.0,0.0,0.0,776.8648745020199,0.0,0.0,0.0,,,,,,
2024-01-31 06:00:00,2338.74,2341.56,2330.8,2331.91,7113.917,0.0001,60,0.0,0.0,chop,,776.8648745020199,0.0,0.0,,,776.8648745020199,0.0,,chop,0.0,{},,2.0,,,,,,,776.8648745020199,0.0,0.0,0.0,776.8648745020199,0.0,0.0,0.0,,,,,,
2024-01-31 07:00:00,2331.92,2342.12,2330.0,2340.84,6882.6904,0.0001,60,0.0,0.0,chop,,776.8648745020199,0.0,0.0,,,776.8648745020199,0.0,,chop,0.0,{},,3.0,,,,,,,776.8648745020199,0.0,0.0,0.0,776.8648745020199,0.0,0.0,0.0,,,,,,
2024-01-31 08:00:00,2340.84,2343.52,2335.45,2339.08,8002.6683,0.0001,60,0.0,0.0,chop,,776.8648745020199,0.0,0.0,,,776.8648745020199,0.0,,chop,0.0,{},,4.0,,,,,,,776.8648745020199,0.0,0.0,0.0,776.8648745020199,0.0,0.0,0.0,,,,,,
2024-01-31 09:00:00,2339.08,2339.09,2309.19,2311.2,22082.9386,0.0001,60,0.0,0.0,chop,,776.8648745020199,0.0,0.0,,,776.8648745020199,0.0,,chop,0.0,{},,5.0,,,,,,,776.8648745020199,0.0,0.0,0.0,776.8648745020199,0.0,0.0,0.0,,,,,,
2024-01-31 10:00:00,2311.2,2313.72,2281.6,2284.0,31483.0586,0.0001,60,0.0,0.0,chop,,776.8648745020199,0.0,0.0,,,776.8648745020199,0.0,,chop,0.0,{},,6.0,,,,,,,776.8648745020199,0.0,0.0,0.0,776.8648745020199,0.0,0.0,0.0,,,,,,
2024-01-31 11:00:00,2284.01,2300.45,2280.77,2300.18,19376.8607,0.0001,60,0.0,0.0,chop,,776.8648745020199,0.0,0.0,,,776.8648745020199,0.0,,chop,0.0,{},,7.0,,,,,,,776.8648745020199,0.0,0.0,0.0,776.8648745020199,0.0,0.0,0.0,,,,,,
2024-01-31 12:00:00,2300.18,2307.48,2296.89,2304.56,12556.3259,0.0001,60,0.0,0.0,chop,,776.8648745020199,0.0,0.0,,,776.8648745020199,0.0,,chop,0.0,{},,8.0,,,,,,,776.8648745020199,0.0,0.0,0.0,776.8648745020199,0.0,0.0,0.0,,,,,,
2024-01-31 13:00:00,2304.57,2318.14,2298.69,2312.87,14985.2243,0.0001,60,0.0,0.0,chop,,776.8648745020199,0.0,0.0,,,776.8648745020199,0.0,,chop,0.0,{},,9.0,,,,,,,776.8648745020199,0.0,0.0,0.0,776.8648745020199,0.0,0.0,0.0,,,,,,
2024-01-31 14:00:00,2312.87,2314.6,2298.44,2307.4,16809.5184,0.0001,60,0.0,0.0,chop,,776.8648745020199,0.0,0.0,,,776.8648745020199,0.0,,chop,0.0,{},,10.0,,,,,,,776.8648745020199,0.0,0.0,0.0,776.8648745020199,0.0,0.0,0.0,,,,,,
2024-01-31 15:00:00,2307.4,2333.0,2291.69,2329.42,30993.0268,0.0001,60,0.0,0.0,chop,,776.8648745020199,0.0,0.0,,,776.8648745020199,0.0,,chop,0.0,{},,11.0,,,,,,,776.8648745020199,0.0,0.0,0.0,776.8648745020199,0.0,0.0,0.0,,,,,,
2024-01-31 16:00:00,2329.42,2347.18,2324.99,2345.91,23706.1655,0.0001,60,0.0,0.0,chop,,776.8648745020199,0.0,0.0,,,776.8648745020199,0.0,,chop,0.0,{},,12.0,,,,,,,776.8648745020199,0.0,0.0,0.0,776.8648745020199,0.0,0.0,0.0,,,,,,
2024-01-31 17:00:00,2345.92,2350.3,2337.72,2347.27,17837.887,0.0001,60,0.0,0.0,chop,,776.8648745020199,0.0,0.0,,,776.8648745020199,0.0,,chop,0.0,{},,13.0,,,,,,,776.8648745020199,0.0,0.0,0.0,776.8648745020199,0.0,0.0,0.0,,,,,,
2024-01-31 18:00:00,2347.28,2348.05,2330.07,2335.63,18814.1123,0.0001,60,0.0,0.0,chop,,776.8648745020199,0.0,0.0,,,776.8648745020199,0.0,,chop,0.0,{},,14.0,,,,,,,776.8648745020199,0.0,0.0,0.0,776.8648745020199,0.0,0.0,0.0,,,,,,
2024-01-31 19:00:00,2335.63,2342.26,2309.51,2323.38,24021.4883,0.0001,60,0.0,0.0,chop,,776.8648745020199,0.0,0.0,,,776.8648745020199,0.0,,chop,0.0,{},,15.0,,,,,,,776.8648745020199,0.0,0.0,0.0,776.8648745020199,0.0,0.0,0.0,,,,,,
2024-01-31 20:00:00,2323.39,2324.67,2286.11,2287.98,27445.8322,0.0001,60,0.0,0.0,chop,,776.8648745020199,0.0,0.0,,,776.8648745020199,0.0,,chop,0.0,{},,16.0,,,,,,,776.8648745020199,0.0,0.0,0.0,776.8648745020199,0.0,0.0,0.0,,,,,,
2024-01-31 21:00:00,2287.98,2292.37,2263.57,2279.0,23011.2819,0.0001,60,0.0,0.0,chop,,776.8648745020199,0.0,0.0,,,776.8648745020199,0.0,,chop,0.0,{},,17.0,,,,,,,776.8648745020199,0.0,0.0,0.0,776.8648745020199,0.0,0.0,0.0,,,,,,
2024-01-31 22:00:00,2278.99,2287.94,2269.03,2285.75,10362.1665,0.0001,60,0.0,0.0,chop,,776.8648745020199,0.0,0.0,,,776.8648745020199,0.0,,chop,0.0,{},,18.0,,,,,,,776.8648745020199,0.0,0.0,0.0,776.8648745020199,0.0,0.0,0.0,,,,,,
2024-01-31 23:00:00,2285.75,2288.91,2281.88,2283.14,9636.5042,0.0001,60,0.0,0.0,chop,,776.8648745020199,0.0,0.0,,,776.8648745020199,0.0,,chop,0.0,{},,19.0,,,,,,,776.8648745020199,0.0,0.0,0.0,776.8648745020199,0.0,0.0,0.0,,,,,,
2024-02-01 00:00:00,2283.15,2289.6,2272.19,2283.59,11095.2307,5.527e-05,63,0.0,0.0,chop,,776.8648745020199,0.0,0.0,,,776.8648745020199,0.0,,chop,0.0,{},,20.0,,,,,,,776.8648745020199,0.0,0.0,0.0,776.8648745020199,0.0,0.0,0.0,,,,,,
2024-02-01 01:00:00,2283.6,2284.3,2240.0,2245.19,32855.7491,5.527e-05,63,0.0,0.0,chop,,776.8648745020199,0.0,0.0,,,776.8648745020199,0.0,,chop,0.0,{},,21.0,,,,,,,776.8648745020199,0.0,0.0,0.0,776.8648745020199,0.0,0.0,0.0,,,,,,
2024-02-01 02:00:00,2245.19,2260.5,2242.99,2260.5,13893.8266,5.527e-05,63,0.0,0.0,chop,,776.8648745020199,0.0,0.0,,,776.8648745020199,0.0,,chop,0.0,{},,22.0,,,,,,,776.8648745020199,0.0,0.0,0.0,776.8648745020199,0.0,0.0,0.0,,,,,,
2024-02-01 03:00:00,2260.49,2263.17,2256.25,2257.21,10254.354,5.527e-05,63,0.0,0.0,chop,,776.8648745020199,0.0,0.0,,,776.8648745020199,0.0,,chop,0.0,{},,23.0,,,,,,,776.8648745020199,0.0,0.0,0.0,776.8648745020199,0.0,0.0,0.0,,,,,,
2024-02-01 04:00:00,2257.2,2267.59,2251.91,2262.77,12842.205,5.527e-05,63,0.0,0.0,chop,,776.8648745020199,0.0,0.0,,,776.8648745020199,0.0,,chop,0.0,{},,24.0,,,,,,,776.8648745020199,0.0,0.0,0.0,776.8648745020199,0.0,0.0,0.0,,,,,,
2024-02-01 05:00:00,2262.77,2268.87,2262.0,2268.8,7882.3581,5.527e-05,63,0.0,0.0,chop,,776.8648745020199,0.0,0.0,,,776.8648745020199,0.0,,chop,0.0,{},,25.0,,,,,,,776.8648745020199,0.0,0.0,0.0,776.8648745020199,0.0,0.0,0.0,,,,,,
2024-02-01 06:00:00,2268.81,2274.5,2268.36,2274.5,18058.5725,5.527e-05,63,0.0,0.0,chop,,776.8648745020199,0.0,0.0,,,776.8648745020199,0.0,,chop,0.0,{},,26.0,,,,,,,776.8648745020199,0.0,0.0,0.0,776.8648745020199,0.0,0.0,0.0,,,,,,
2024-02-01 07:00:00,2274.49,2277.78,2271.6,2271.96,9895.5508,5.527e-05,63,0.0,0.0,chop,,776.8648745020199,0.0,0.0,,,776.8648745020199,0.0,,chop,0.0,{},,27.0,,,,,,,776.8648745020199,0.0,0.0,0.0,776.8648745020199,0.0,0.0,0.0,,,,,,
2024-02-01 08:00:00,2271.95,2273.44,2266.4,2272.41,8897.5893,7.871e-05,63,0.0,0.0,chop,,776.8648745020199,0.0,0.0,,,776.8648745020199,0.0,,chop,0.0,{},,28.0,,,,,,,776.8648745020199,0.0,0.0,0.0,776.8648745020199,0.0,0.0,0.0,,,,,,
2024-02-01 09:00:00,2272.4,2275.85,2265.2,2267.84,8325.9949,7.871e-05,63,0.0,0.0,chop,,776.8648745020199,0.0,0.0,,,776.8648745020199,0.0,,chop,0.0,{},,29.0,,,,,,,776.8648745020199,0.0,0.0,0.0,776.8648745020199,0.0,0.0,0.0,,,,,,
2024-02-01 10:00:00,2267.85,2278.12,2266.12,2267.91,8897.5897,7.871e-05,63,0.0,0.0,chop,,776.8648745020199,0.0,0.0,,,776.8648745020199,0.0,,chop,0.0,{},,30.0,,,,,,,776.8648745020199,0.0,0.0,0.0,776.8648745020199,0.0,0.0,0.0,,,,,,
2024-02-01 11:00:00,2267.91,2272.92,2265.4,2266.66,7741.3858,7.871e-05,63,0.0,0.0,mean_reversion,,776.8648745020199,0.0,0.0,,,776.8648745020199,0.0,,mean_reversion,0.0,{},,1.0,,,,,,,776.8648745020199,0.0,0.0,0.0,776.8648745020199,0.0,0.0,0.0,6.139022376829374e-05,0.0,1.0,0.0,,
2024-02-01 12:00:00,2266.67,2274.62,2263.2,2270.83,11089.1782,7.871e-05,63,0.0,0.0,mean_reversion,,776.8648745020199,0.0,0.0,,,776.8648745020199,0.0,,mean_reversion,0.0,{},,2.0,,,,,,,776.8648745020199,0.0,0.0,0.0,776.8648745020199,0.0,0.0,0.0,4.697870390650396e-05,0.0,1.0,0.0,,
2024-02-01 13:00:00,2270.83,2277.54,2263.59,2272.09,12710.8786,7.871e-05,63,0.0,0.0,mean_reversion,,776.8648745020199,0.0,0.0,,,776.8648745020199,0.0,,mean_reversion,0.0,{},,3.0,,,,,,,776.8648745020199,0.0,0.0,0.0,776.8648745020199,0.0,0.0,0.0,4.305487552536041e-05,0.0,1.0,0.0,,
2024-02-01 14:00:00,2272.08,2300.45,2270.15,2297.12,24229.8194,7.871e-05,63,0.0,0.0,mean_reversion,,776.8648745020199,0.0,0.0,,,776.8648745020199,0.0,,mean_reversion,0.0,{},,4.0,,,,,,,776.8648745020199,0.0,0.0,0.0,776.8648745020199,0.0,0.0,0.0,0.0,0.0,1.0,0.0,,
2024-02-01 15:00:00,2297.13,2308.45,2287.89,2288.88,23064.2286,7.871e-05,63,0.0,0.0,mean_reversion,,776.8648745020199,0.0,0.0,,,776.8648745020199,0.0,,mean_reversion,0.0,{},,5.0,,,,,,,776.8648745020199,0.0,0.0,0.0,776.8648745020199,0.0,0.0,0.0,0.0,0.0,1.0,0.0,,
2024-02-01 16:00:00,2288.89,2293.59,2267.54,2292.07,18999.5234,7.871e-05,63,0.0,0.0,mean_reversion,,776.8648745020199,0.0,0.0,,,776.8648745020199,0.0,,mean_reversion,0.0,{},,6.0,,,,,,,776.8648745020199,0.0,0.0,0.0,776.8648745020199,0.0,0.0,0.0,0.0,0.0,1.0,0.0,,
2024-02-01 17:00:00,2292.07,2311.72,2291.25,2304.71,21878.4762,0.0001,63,0.0,0.0,mean_reversion,,776.8648745020199,0.0,0.0,,,776.8648745020199,0.0,,mean_reversion,0.0,{},,7.0,,,,,,,776.8648745020199,0.0,0.0,0.0,776.8648745020199,0.0,0.0,0.0,0.0,0.0,1.0,0.0,,
2024-02-01 18:00:00,2304.7,2307.99,2293.07,2295.94,11310.4255,0.0001,63,0.0,0.0,mean_reversion,,776.8648745020199,0.0,0.0,,,776.8648745020199,0.0,,mean_reversion,0.0,{},,8.0,,,,,,,776.8648745020199,0.0,0.0,0.0,776.8648745020199,0.0,0.0,0.0,0.0,0.0,1.0,0.0,,
2024-02-01 19:00:00,2295.93,2309.49,2291.75,2304.79,9162.2689,0.0001,63,0.0,0.0,mean_reversion,,776.8648745020199,0.0,0.0,,,776.8648745020199,0.0,,mean_reversion,0.0,{},,9.0,,,,,,,776.8648745020199,0.0,0.0,0.0,776.8648745020199,0.0,0.0,0.0,0.0,0.0,1.0,0.0,,
2024-02-01 20:00:00,2304.79,2307.0,2296.2,2299.46,6648.299,0.0001,63,0.0,0.0,mean_reversion,,776.8648745020199,0.0,0.0,,,776.8648745020199,0.0,,mean_reversion,0.0,{},,10.0,,,,,,,776.8648745020199,0.0,0.0,0.0,776.8648745020199,0.0,0.0,0.0,0.0,0.0,1.0,0.0,,
2024-02-01 21:00:00,2299.46,2309.78,2297.06,2304.36,8624.9891,0.0001,63,0.0,0.0,mean_reversion,,776.8648745020199,0.0,0.0,,,776.8648745020199,0.0,,mean_reversion,0.0,{},,11.0,,,,,,,776.8648745020199,0.0,0.0,0.0,776.8648745020199,0.0,0.0,0.0,0.0,0.0,1.0,0.0,,
