timestamp,open,high,low,close,volume,funding_rate,fear_greed,forecast,confidence,regime,strategy,total_portfolio_value,previous_allocation,allocation_change,approved_rebalance,succcess_execute_portfolio_rebalance,postRebalance_total_value,postRebalance_current_allocation,debug_info.error,debug_info.regime,debug_info.forecast_delta,debug_info.regime_scores,debug_info.regime_margin,debug_info.bars_in_regime,debug_approve_allocation_change.symbol,debug_approve_allocation_change.time,debug_execute_portfolio_rebalance.symbol,debug_execute_portfolio_rebalance.price,debug_execute_portfolio_rebalance.quantity,debug_execute_portfolio_rebalance.trade_type,balances.USDT.free,balances.USDT.locked,balances.ETHUSDT.free,balances.ETHUSDT.locked,postRebalance_balances.USDT.free,postRebalance_balances.USDT.locked,postRebalance_balances.ETHUSDT.free,postRebalance_balances.ETHUSDT.locked,debug_info.components.rsi.last_history_value,debug_info.components.rsi.post_pipeline_value,debug_info.components.rsi.weight_normalized,debug_info.components.rsi.weighted_contribution,debug_approve_allocation_change.controls.max_allocation_change.passed,debug_approve_allocation_change.controls.min_allocation_change.passed
2024-06-01 00:00:00,3762.29,3768.66,3752.67,3764.15,6432.9727,0.00017131,72,0.0,0.0,NOT_READY,,1000.0,0.0,0.0,,,1000.0,0.0,Strategy not ready,,,,,,,,,,,,933.2005678924072,0.0,0.0,0.0,933.2005678924072,0.0,0.0,0.0,,,,,,
2024-06-01 01:00:00,3764.15,3776.19,3759.22,3766.79,5351.1208,0.00017131,72,0.0,0.0,NOT_READY,,1000.0,0.0,0.0,,,1000.0,0.0,Strategy not ready,,,,,,,,,,,,933.2005678924072,0.0,0.0,0.0,933.2005678924072,0.0,0.0,0.0,,,,,,
2024-06-01 02:00:00,3766.79,3779.36,3766.0,3777.79,3479.6136,0.00017131,72,0.0,0.0,NOT_READY,,1000.0,0.0,0.0,,,1000.0,0.0,Strategy not ready,,,,,,,,,,,,933.2005678924072,0.0,0.0,0.0,933.2005678924072,0.0,0.0,0.0,,,,,,
2024-06-01 03:00:00,3777.79,3782.07,3774.51,3778.98,3898.7589,0.00017131,72,0.0,0.0,NOT_READY,,1000.0,0.0,0.0,,,1000.0,0.0,Strategy not ready,,,,,,,,,,,,933.2005678924072,0.0,0.0,0.0,933.2005678924072,0.0,0.0,0.0,,,,,,
2024-06-01 04:00:00,3778.98,3785.26,3771.19,3784.35,3846.3542,0.00017131,72,0.0,0.0,NOT_READY,,1000.0,0.0,0.0,,,1000.0,0.0,Strategy not ready,,,,,,,,,,,,933.2005678924072,0.0,0.0,0.0,933.2005678924072,0.0,0.0,0.0,,,,,,
2024-06-01 05:00:00,3784.35,3794.11,3778.33,3789.79,6063.0824,0.00017131,72,0.0,0.0,NOT_READY,,1000.0,0.0,0.0,,,1000.0,0.0,Strategy not ready,,,,,,,,,,,,933.2005678924072,0.0,0.0,0.0,933.2005678924072,0.0,0.0,0.0,,,,,,
2024-06-01 06:00:00,3789.79,3791.81,3782.31,3788.84,5030.0455,0.00017131,72,0.0,0.0,NOT_READY,,1000.0,0.0,0.0,,,1000.0,0.0,Strategy not ready,,,,,,,,,,,,933.2005678924072,0.0,0.0,0.0,933.2005678924072,0.0,0.0,0.0,,,,,,
2024-06-01 07:00:00,3788.84,3790.67,3770.31,3773.0,4903.5483,0.00017131,72,0.0,0.0,NOT_READY,,1000.0,0.0,0.0,,,1000.0,0.0,Strategy not ready,,,,,,,,,,,,933.2005678924072,0.0,0.0,0.0,933.2005678924072,0.0,0.0,0.0,,,,,,
2024-06-01 08:00:00,3772.99,3802.0,3772.43,3799.11,11748.8694,0.00013009,72,0.0,0.0,NOT_READY,,1000.0,0.0,0.0,,,1000.0,0.0,Strategy not ready,,,,,,,,,,,,933.2005678924072,0.0,0.0,0.0,933.2005678924072,0.0,0.0,0.0,,,,,,
2024-06-01 09:00:00,3799.11,3809.55,3788.48,3793.14,8704.6185,0.00013009,72,0.0,0.0,NOT_READY,,1000.0,0.0,0.0,,,1000.0,0.0,Strategy not ready,,,,,,,,,,,,933.2005678924072,0.0,0.0,0.0,933.2005678924072,0.0,0.0,0.0,,,,,,
2024-06-01 10:00:00,3793.14,3796.05,3784.07,3785.99,3260.1453,0.00013009,72,0.0,0.0,NOT_READY,,1000.0,0.0,0.0,,,1000.0,0.0,Strategy not ready,,,,,,,,,,,,933.2005678924072,0.0,0.0,0.0,933.2005678924072,0.0,0.0,0.0,,,,,,
2024-06-01 11:00:00,3785.99,3793.39,3782.07,3788.28,4303.1593,0.00013009,72,0.0,0.0,NOT_READY,,1000.0,0.0,0.0,,,1000.0,0.0,Strategy not ready,,,,,,,,,,,,933.2005678924072,0.0,0.0,0.0,933.2005678924072,0.0,0.0,0.0,,,,,,
2024-06-01 12:00:00,3788.28,3806.97,3787.0,3795.71,6240.3949,0.00013009,72,0.0,0.0,NOT_READY,,1000.0,0.0,0.0,,,1000.0,0.0,Strategy not ready,,,,,,,,,,,,933.2005678924072,0.0,0.0,0.0,933.2005678924072,0.0,0.0,0.0,,,,,,
2024-06-01 13:00:00,3795.71,3809.8,3795.3,3802.01,5232.4455,0.00013009,72,0.0,0.0,NOT_READY,,1000.0,0.0,0.0,,,1000.0,0.0,Strategy not ready,,,,,,,,,,,,933.2005678924072,0.0,0.0,0.0,933.2005678924072,0.0,0.0,0.0,,,,,,
2024-06-01 14:00:00,3802.01,3814.67,3797.0,3809.66,5739.4996,0.00013009,72,0.0,0.0,NOT_READY,,1000.0,0.0,0.0,,,1000.0,0.0,Strategy not ready,,,,,,,,,,,,933.2005678924072,0.0,0.0,0.0,933.2005678924072,0.0,0.0,0.0,,,,,,
2024-06-01 15:00:00,3809.66,3812.69,3798.17,3798.6,5988.1808,0.00013009,72,0.0,0.0,NOT_READY,,1000.0,0.0,0.0,,,1000.0,0.0,Strategy not ready,,,,,,,,,,,,933.2005678924072,0.0,0.0,0.0,933.2005678924072,0.0,0.0,0.0,,,,,,
2024-06-01 16:00:00,3798.6,3806.43,3794.15,3799.0,5596.9092,0.00013009,72,0.0,0.0,NOT_READY,,1000.0,0.0,0.0,,,1000.0,0.0,Strategy not ready,,,,,,,,,,,,933.2005678924072,0.0,0.0,0.0,933.2005678924072,0.0,0.0,0.0,,,,,,
2024-06-01 17:00:00,3799.0,3809.09,3790.21,3807.01,5935.6776,0.00011557,72,0.0,0.0,NOT_READY,,1000.0,0.0,0.0,,,1000.0,0.0,Strategy not ready,,,,,,,,,,,,933.2005678924072,0.0,0.0,0.0,933.2005678924072,0.0,0.0,0.0,,,,,,
2024-06-01 18:00:00,3807.01,3809.81,3797.71,3802.0,4140.3878,0.00011557,72,0.0,0.0,NOT_READY,,1000.0,0.0,0.0,,,1000.0,0.0,Strategy not ready,,,,,,,,,,,,933.2005678924072,0.0,0.0,0.0,933.2005678924072,0.0,0.0,0.0,,,,,,
2024-06-01 19:00:00,3801.99,3806.73,3797.15,3804.51,2493.4532,0.00011557,72,0.0,0.0,NOT_READY,,1000.0,0.0,0.0,,,1000.0,0.0,Strategy not ready,,,,,,,,,,,,933.2005678924072,0.0,0.0,0.0,933.2005678924072,0.0,0.0,0.0,,,,,,
2024-06-01 20:00:00,3804.5,3807.5,3799.0,3806.78,3852.6661,0.00011557,72,0.0,0.0,NOT_READY,,1000.0,0.0,0.0,,,1000.0,0.0,Strategy not ready,,,,,,,,,,,,933.2005678924072,0.0,0.0,0.0,933.2005678924072,0.0,0.0,0.0,,,,,,
2024-06-01 21:00:00,3806.78,3822.0,3805.5,3815.51,7398.4506,0.00011557,72,0.0,0.0,NOT_READY,,1000.0,0.0,0.0,,,1000.0,0.0,Strategy not ready,,,,,,,,,,,,933.2005678924072,0.0,0.0,0.0,933.2005678924072,0.0,0.0,0.0,,,,,,
2024-06-01 22:00:00,3815.5,3833.3,3815.5,3821.86,8282.8056,0.00011557,72,0.0,0.0,NOT_READY,,1000.0,0.0,0.0,,,1000.0,0.0,Strategy not ready,,,,,,,,,,,,933.2005678924072,0.0,0.0,0.0,933.2005678924072,0.0,0.0,0.0,,,,,,
2024-06-01 23:00:00,3821.86,3823.39,3813.12,3815.82,4764.0408,0.00011557,72,0.0,0.0,NOT_READY,,1000.0,0.0,0.0,,,1000.0,0.0,Strategy not ready,,,,,,,,,,,,933.2005678924072,0.0,0.0,0.0,933.2005678924072,0.0,0.0,0.0,,,,,,
2024-06-02 00:00:00,3815.82,3836.25,3814.0,3835.3,5719.4885,0.00015695,73,0.0,0.0,NOT_READY,,1000.0,0.0,0.0,,,1000.0,0.0,Strategy not ready,,,,,,,,,,,,933.2005678924072,0.0,0.0,0.0,933.2005678924072,0.0,0.0,0.0,,,,,,
2024-06-02 01:00:00,3835.3,3838.59,3822.5,3824.0,7291.8452,0.00015695,73,0.0,0.0,NOT_READY,,1000.0,0.0,0.0,,,1000.0,0.0,Strategy not ready,,,,,,,,,,,,933.2005678924072,0.0,0.0,0.0,933.2005678924072,0.0,0.0,0.0,,,,,,
2024-06-02 02:00:00,3824.0,3826.46,3797.7,3806.5,16733.8008,0.00015695,73,0.0,0.0,NOT_READY,,1000.0,0.0,0.0,,,1000.0,0.0,Strategy not ready,,,,,,,,,,,,933.2005678924072,0.0,0.0,0.0,933.2005678924072,0.0,0.0,0.0,,,,,,
2024-06-02 03:00:00,3806.5,3811.17,3802.71,3807.13,10617.5403,0.00015695,73,0.0,0.0,NOT_READY,,1000.0,0.0,0.0,,,1000.0,0.0,Strategy not ready,,,,,,,,,,,,933.2005678924072,0.0,0.0,0.0,933.2005678924072,0.0,0.0,0.0,,,,,,
2024-06-02 04:00:00,3807.13,3821.49,3804.26,3821.35,15363.4543,0.00015695,73,0.0,0.0,NOT_READY,,1000.0,0.0,0.0,,,1000.0,0.0,Strategy not ready,,,,,,,,,,,,933.2005678924072,0.0,0.0,0.0,933.2005678924072,0.0,0.0,0.0,,,,,,
2024-06-02 05:00:00,3821.35,3824.5,3805.5,3805.55,9589.6552,0.00015695,73,0.0,0.0,NOT_READY,,1000.0,0.0,0.0,,,1000.0,0.0,Strategy not ready,,,,,,,,,,,,933.2005678924072,0.0,0.0,0.0,933.2005678924072,0.0,0.0,0.0,,,,,,
2024-06-02 06:00:00,3805.52,3815.0,3805.01,3814.98,7052.9885,0.00015695,73,0.0,0.0,NOT_READY,,1000.0,0.0,0.0,,,1000.0,0.0,Strategy not ready,,,,,,,,,,,,933.2005678924072,0.0,0.0,0.0,933.2005678924072,0.0,0.0,0.0,,,,,,
2024-06-02 07:00:00,3814.99,3815.0,3792.25,3793.33,10260.5506,0.00015695,73,0.0,0.0,NOT_READY,,1000.0,0.0,0.0,,,1000.0,0.0,Strategy not ready,,,,,,,,,,,,933.2005678924072,0.0,0.0,0.0,933.2005678924072,0.0,0.0,0.0,,,,,,
2024-06-02 08:00:00,3793.33,3801.58,3781.43,3794.2,6504.4733,0.0001,73,0.0,0.0,NOT_READY,,1000.0,0.0,0.0,,,1000.0,0.0,Strategy not ready,,,,,,,,,,,,933.2005678924072,0.0,0.0,0.0,933.2005678924072,0.0,0.0,0.0,,,,,,
2024-06-02 09:00:00,3794.2,3797.78,3770.99,3780.16,13434.9393,0.0001,73,0.0,0.0,NOT_READY,,1000.0,0.0,0.0,,,1000.0,0.0,Strategy not ready,,,,,,,,,,,,933.2005678924072,0.0,0.0,0.0,933.2005678924072,0.0,0.0,0.0,,,,,,
2024-06-02 10:00:00,3780.16,3783.4,3771.38,3782.19,7947.0683,0.0001,73,0.0,0.0,NOT_READY,,1000.0,0.0,0.0,,,1000.0,0.0,Strategy not ready,,,,,,,,,,,,933.2005678924072,0.0,0.0,0.0,933.2005678924072,0.0,0.0,0.0,,,,,,
2024-06-02 11:00:00,3782.19,3810.0,3777.1,3805.01,12157.0903,0.0001,73,0.0,0.0,NOT_READY,,1000.0,0.0,0.0,,,1000.0,0.0,Strategy not ready,,,,,,,,,,,,933.2005678924072,0.0,0.0,0.0,933.2005678924072,0.0,0.0,0.0,,,,,,
2024-06-02 12:00:00,3805.01,3810.0,3786.11,3788.11,6339.1578,0.0001,73,0.0,0.0,NOT_READY,,1000.0,0.0,0.0,,,1000.0,0.0,Strategy not ready,,,,,,,,,,,,933.2005678924072,0.0,0.0,0.0,933.2005678924072,0.0,0.0,0.0,,,,,,
2024-06-02 13:00:00,3788.12,3800.6,3776.86,3796.09,6066.4733,0.0001,73,0.0,0.0,NOT_READY,,1000.0,0.0,0.0,,,1000.0,0.0,Strategy not ready,,,,,,,,,,,,933.2005678924072,0.0,0.0,0.0,933.2005678924072,0.0,0.0,0.0,,,,,,
2024-06-02 14:00:00,3796.1,3810.0,3790.01,3806.0,7433.77,0.0001,73,0.0,0.0,NOT_READY,,1000.0,0.0,0.0,,,1000.0,0.0,Strategy not ready,,,,,,,,,,,,933.2005678924072,0.0,0.0,0.0,933.2005678924072,0.0,0.0,0.0,,,,,,
2024-06-02 15:00:00,3805.99,3807.93,3792.71,3798.78,4139.7769,0.0001,73,0.0,0.0,NOT_READY,,1000.0,0.0,0.0,,,1000.0,0.0,Strategy not ready,,,,,,,,,,,,933.2005678924072,0.0,0.0,0.0,933.2005678924072,0.0,0.0,0.0,,,,,,
2024-06-02 16:00:00,3798.79,3803.67,3787.3,3791.35,4645.7151,0.0001,73,0.0,0.0,NOT_READY,,1000.0,0.0,0.0,,,1000.0,0.0,Strategy not ready,,,,,,,,,,,,933.2005678924072,0.0,0.0,0.0,933.2005678924072,0.0,0.0,0.0,,,,,,
2024-06-02 17:00:00,3791.35,3791.35,3772.11,3772.12,12225.351,0.0001,73,0.0,0.0,NOT_READY,,1000.0,0.0,0.0,,,1000.0,0.0,Strategy not ready,,,,,,,,,,,,933.2005678924072,0.0,0.0,0.0,933.2005678924072,0.0,0.0,0.0,,,,,,
2024-06-02 18:00:00,3772.11,3774.39,3752.62,3770.85,12726.6809,0.0001,73,0.0,0.0,NOT_READY,,1000.0,0.0,0.0,,,1000.0,0.0,Strategy not ready,,,,,,,,,,,,933.2005678924072,0.0,0.0,0.0,933.2005678924072,0.0,0.0,0.0,,,,,,
2024-06-02 19:00:00,3770.86,3783.19,3759.97,3782.37,7987.5916,0.0001,73,0.0,0.0,NOT_READY,,1000.0,0.0,0.0,,,1000.0,0.0,Strategy not ready,,,,,,,,,,,,933.2005678924072,0.0,0.0,0.0,933.2005678924072,0.0,0.0,0.0,,,,,,
2024-06-02 20:00:00,3782.37,3787.45,3765.99,3787.44,10509.9099,0.0001,73,0.0,0.0,NOT_READY,,1000.0,0.0,0.0,,,1000.0,0.0,Strategy not ready,,,,,,,,,,,,933.2005678924072,0.0,0.0,0.0,933.2005678924072,0.0,0.0,0.0,,,,,,
2024-06-02 21:00:00,3787.45,3793.54,3781.77,3783.09,4365.2689,0.0001,73,0.0,0.0,NOT_READY,,1000.0,0.0,0.0,,,1000.0,0.0,Strategy not ready,,,,,,,,,,,,933.2005678924072,0.0,0.0,0.0,933.2005678924072,0.0,0.0,0.0,,,,,,
2024-06-02 22:00:00,3783.09,3796.44,3775.91,3782.3,4880.1493,0.0001,73,0.0,0.0,NOT_READY,,1000.0,0.0,0.0,,,1000.0,0.0,Strategy not ready,,,,,,,,,,,,933.2005678924072,0.0,0.0,0.0,933.2005678924072,0.0,0.0,0.0,,,,,,
2024-06-02 23:00:00,3782.3,3787.7,3780.46,3780.91,6302.7014,0.0001,73,0.0,0.0,NOT_READY,,1000.0,0.0,0.0,,,1000.0,0.0,Strategy not ready,,,,,,,,,,,,933.2005678924072,0.0,0.0,0.0,933.2005678924072,0.0,0.0,0.0,,,,,,
2024-06-03 00:00:00,3780.92,3782.43,3761.05,3773.48,6841.2556,0.00012702,73,0.0,0.0,NOT_READY,,1000.0,0.0,0.0,,,1000.0,0.0,Strategy not ready,,,,,,,,,,,,933.2005678924072,0.0,0.0,0.0,933.2005678924072,0.0,0.0,0.0,,,,,,
2024-06-03 01:00:00,3773.49,3806.2,3772.0,3803.73,9571.9982,0.00012702,73,0.0,0.0,NOT_READY,,1000.0,0.0,0.0,,,1000.0,0.0,Strategy not ready,,,,,,,,,,,,933.2005678924072,0.0,0.0,0.0,933.2005678924072,0.0,0.0,0.0,,,,,,
2024-06-03 02:00:00,3803.72,3821.32,3803.72,3808.41,10995.4908,0.00012702,73,0.0,0.0,NOT_READY,,1000.0,0.0,0.0,,,1000.0,0.0,Strategy not ready,,,,,,,,,,,,933.2005678924072,0.0,0.0,0.0,933.2005678924072,0.0,0.0,0.0,,,,,,
2024-06-03 03:00:00,3808.4,3810.0,3792.04,3799.5,7133.4374,0.00012702,73,0.0,0.0,NOT_READY,,1000.0,0.0,0.0,,,1000.0,0.0,Strategy not ready,,,,,,,,,,,,933.2005678924072,0.0,0.0,0.0,933.2005678924072,0.0,0.0,0.0,,,,,,
2024-06-03 04:00:00,3799.51,3822.13,3795.18,3817.55,9083.4017,0.00012702,73,0.0,0.0,NOT_READY,,1000.0,0.0,0.0,,,1000.0,0.0,Strategy not ready,,,,,,,,,,,,933.2005678924072,0.0,0.0,0.0,933.2005678924072,0.0,0.0,0.0,,,,,,
2024-06-03 05:00:00,3817.56,3830.83,3812.25,3814.5,8970.6555,0.00012702,73,0.0,0.0,NOT_READY,,1000.0,0.0,0.0,,,1000.0,0.0,Strategy not ready,,,,,,,,,,,,933.2005678924072,0.0,0.0,0.0,933.2005678924072,0.0,0.0,0.0,,,,,,
2024-06-03 06:00:00,3814.5,3842.01,3811.56,3826.3,12324.9199,0.00012702,73,0.0,0.0,NOT_READY,,1000.0,0.0,0.0,,,1000.0,0.0,Strategy not ready,,,,,,,,,,,,933.2005678924072,0.0,0.0,0.0,933.2005678924072,0.0,0.0,0.0,,,,,,
2024-06-03 07:00:00,3826.29,3832.0,3812.92,3817.82,11368.9843,0.00012702,73,0.0,0.0,NOT_READY,,1000.0,0.0,0.0,,,1000.0,0.0,Strategy not ready,,,,,,,,,,,,933.2005678924072,0.0,0.0,0.0,933.2005678924072,0.0,0.0,0.0,,,,,,
2024-06-03 08:00:00,3817.81,3840.16,3815.0,3824.75,15922.3697,0.00015803,73,0.0,0.0,NOT_READY,,1000.0,0.0,0.0,,,1000.0,0.0,Strategy not ready,,,,,,,,,,,,933.2005678924072,0.0,0.0,0.0,933.2005678924072,0.0,0.0,0.0,,,,,,
2024-06-03 09:00:00,3824.75,3826.0,3812.58,3816.02,10925.6547,0.00015803,73,0.0,0.0,NOT_READY,,1000.0,0.0,0.0,,,1000.0,0.0,Strategy not ready,,,,,,,,,,,,933.2005678924072,0.0,0.0,0.0,933.2005678924072,0.0,0.0,0.0,,,,,,
2024-06-03 10:00:00,3816.02,3820.0,3807.69,3809.41,5003.3184,0.00015803,73,0.0,0.0,NOT_READY,,1000.0,0.0,0.0,,,1000.0,0.0,Strategy not ready,,,,,,,,,,,,933.2005678924072,0.0,0.0,0.0,933.2005678924072,0.0,0.0,0.0,,,,,,
2024-06-03 11:00:00,3809.42,3818.75,3804.7,3809.0,5177.5749,0.00015803,73,0.0,0.0,NOT_READY,,1000.0,0.0,0.0,,,1000.0,0.0,Strategy not ready,,,,,,,,,,,,933.2005678924072,0.0,0.0,0.0,933.2005678924072,0.0,0.0,0.0,,,,,,
2024-06-03 12:00:00,3809.01,3841.66,3808.6,3840.79,11232.4919,0.00015803,73,0.0,0.0,NOT_READY,,1000.0,0.0,0.0,,,1000.0,0.0,Strategy not ready,,,,,,,,,,,,933.2005678924072,0.0,0.0,0.0,933.2005678924072,0.0,0.0,0.0,,,,,,
2024-06-03 13:00:00,3840.79,3849.99,3823.23,3823.24,19915.8554,0.00015803,73,0.0,0.0,NOT_READY,,1000.0,0.0,0.0,,,1000.0,0.0,Strategy not ready,,,,,,,,,,,,933.2005678924072,0.0,0.0,0.0,933.2005678924072,0.0,0.0,0.0,,,,,,
2024-06-03 14:00:00,3823.23,3833.73,3758.43,3769.42,37906.8844,0.00015803,73,0.0,0.0,NOT_READY,,1000.0,0.0,0.0,,,1000.0,0.0,Strategy not ready,,,,,,,,,,,,933.2005678924072,0.0,0.0,0.0,933.2005678924072,0.0,0.0,0.0,,,,,,
2024-06-03 15:00:00,3769.42,3796.83,3765.6,3796.82,13424.7376,0.00015803,73,0.0,0.0,NOT_READY,,1000.0,0.0,0.0,,,1000.0,0.0,Strategy not ready,,,,,,,,,,,,933.2005678924072,0.0,0.0,0.0,933.2005678924072,0.0,0.0,0.0,,,,,,
2024-06-03 16:00:00,3796.82,3798.63,3760.0,3769.81,14286.2554,0.00012815,73,0.0,0.0,NOT_READY,,1000.0,0.0,0.0,,,1000.0,0.0,Strategy not ready,,,,,,,,,,,,933.2005678924072,0.0,0.0,0.0,933.2005678924072,0.0,0.0,0.0,,,,,,
2024-06-03 17:00:00,3769.81,3782.81,3759.0,3780.2,7874.1406,0.00012815,73,0.0,0.0,NOT_READY,,1000.0,0.0,0.0,,,1000.0,0.0,Strategy not ready,,,,,,,,,,,,933.2005678924072,0.0,0.0,0.0,933.2005678924072,0.0,0.0,0.0,,,,,,
2024-06-03 18:00:00,3780.2,3789.7,3776.0,3778.76,5040.6684,0.00012815,73,0.0,0.0,NOT_READY,,1000.0,0.0,0.0,,,1000.0,0.0,Strategy not ready,,,,,,,,,,,,933.2005678924072,0.0,0.0,0.0,933.2005678924072,0.0,0.0,0.0,,,,,,
2024-06-03 19:00:00,3778.77,3781.37,3767.5,3773.4,4597.083,0.00012815,73,0.0,0.0,NOT_READY,,1000.0,0.0,0.0,,,1000.0,0.0,Strategy not ready,,,,,,,,,,,,933.2005678924072,0.0,0.0,0.0,933.2005678924072,0.0,0.0,0.0,,,,,,
2024-06-03 20:00:00,3773.39,3784.88,3770.6,3771.76,3736.7521,0.00012815,73,0.0,0.0,NOT_READY,,1000.0,0.0,0.0,,,1000.0,0.0,Strategy not ready,,,,,,,,,,,,933.2005678924072,0.0,0.0,0.0,933.2005678924072,0.0,0.0,0.0,,,,,,
2024-06-03 21:00:00,3771.75,3778.25,3759.67,3773.45,7798.188,0.00012815,73,0.0,0.0,NOT_READY,,1000.0,0.0,0.0,,,1000.0,0.0,Strategy not ready,,,,,,,,,,,,933.2005678924072,0.0,0.0,0.0,933.2005678924072,0.0,0.0,0.0,,,,,,
2024-06-03 22:00:00,3773.45,3778.51,3760.2,3778.51,6052.8742,0.00012815,73,0.0,0.0,NOT_READY,,1000.0,0.0,0.0,,,1000.0,0.0,Strategy not ready,,,,,,,,,,,,933.2005678924072,0.0,0.0,0.0,933.2005678924072,0.0,0.0,0.0,,,,,,
2024-06-03 23:00:00,3778.51,3781.08,3761.15,3767.06,3663.7099,0.00012815,73,0.0,0.0,NOT_READY,,1000.0,0.0,0.0,,,1000.0,0.0,Strategy not ready,,,,,,,,,,,,933.2005678924072,0.0,0.0,0.0,933.2005678924072,0.0,0.0,0.0,,,,,,
2024-06-04 00:00:00,3767.07,3769.74,3730.0,3759.93,18075.6618,0.0001,73,0.0,0.0,NOT_READY,,1000.0,0.0,0.0,,,1000.0,0.0,Strategy not ready,,,,,,,,,,,,933.2005678924072,0.0,0.0,0.0,933.2005678924072,0.0,0.0,0.0,,,,,,
2024-06-04 01:00:00,3759.93,3779.67,3751.94,3774.66,7044.4785,0.0001,73,0.0,0.0,NOT_READY,,1000.0,0.0,0.0,,,1000.0,0.0,Strategy not ready,,,,,,,,,,,,933.2005678924072,0.0,0.0,0.0,933.2005678924072,0.0,0.0,0.0,,,,,,
2024-06-04 02:00:00,3774.66,3783.08,3768.02,3771.49,5120.8889,0.0001,73,0.0,0.0,NOT_READY,,1000.0,0.0,0.0,,,1000.0,0.0,Strategy not ready,,,,,,,,,,,,933.2005678924072,0.0,0.0,0.0,933.2005678924072,0.0,0.0,0.0,,,,,,
2024-06-04 03:00:00,3771.49,3785.19,3770.62,3773.51,7000.3484,0.0001,73,0.0,0.0,NOT_READY,,1000.0,0.0,0.0,,,1000.0,0.0,Strategy not ready,,,,,,,,,,,,933.2005678924072,0.0,0.0,0.0,933.2005678924072,0.0,0.0,0.0,,,,,,
2024-06-04 04:00:00,3773.51,3778.03,3763.59,3764.5,6799.855,0.0001,73,0.0,0.0,NOT_READY,,1000.0,0.0,0.0,,,1000.0,0.0,Strategy not ready,,,,,,,,,,,,933.2005678924072,0.0,0.0,0.0,933.2005678924072,0.0,0.0,0.0,,,,,,
2024-06-04 05:00:00,3764.51,3773.83,3757.96,3762.0,4637.9362,0.0001,73,0.0,0.0,NOT_READY,,1000.0,0.0,0.0,,,1000.0,0.0,Strategy not ready,,,,,,,,,,,,933.2005678924072,0.0,0.0,0.0,933.2005678924072,0.0,0.0,0.0,,,,,,
2024-06-04 06:00:00,3762.0,3769.2,3752.1,3763.35,5841.084,0.0001,73,0.0,0.0,NOT_READY,,1000.0,0.0,0.0,,,1000.0,0.0,Strategy not ready,,,,,,,,,,,,933.2005678924072,0.0,0.0,0.0,933.2005678924072,0.0,0.0,0.0,,,,,,
2024-06-04 07:00:00,3763.35,3778.63,3762.66,3774.72,4891.5742,0.0001,73,0.0,0.0,NOT_READY,,1000.0,0.0,0.0,,,1000.0,0.0,Strategy not ready,,,,,,,,,,,,933.2005678924072,0.0,0.0,0.0,933.2005678924072,0.0,0.0,0.0,,,,,,
2024-06-04 08:00:00,3774.72,3782.99,3760.0,3761.11,6464.0197,0.0001,73,0.0,0.0,NOT_READY,,1000.0,0.0,0.0,,,1000.0,0.0,Strategy not ready,,,,,,,,,,,,933.2005678924072,0.0,0.0,0.0,933.2005678924072,0.0,0.0,0.0,,,,,,
2024-06-04 09:00:00,3761.11,3764.19,3741.6,3749.05,10764.4683,0.0001,73,0.0,0.0,NOT_READY,,1000.0,0.0,0.0,,,1000.0,0.0,Strategy not ready,,,,,,,,,,,,933.2005678924072,0.0,0.0,0.0,933.2005678924072,0.0,0.0,0.0,,,,,,
2024-06-04 10:00:00,3749.05,3770.0,3747.1,3765.89,6832.7639,0.0001,73,0.0,0.0,NOT_READY,,1000.0,0.0,0.0,,,1000.0,0.0,Strategy not ready,,,,,,,,,,,,933.2005678924072,0.0,0.0,0.0,933.2005678924072,0.0,0.0,0.0,,,,,,
2024-06-04 11:00:00,3765.89,3769.0,3757.26,3764.65,4774.4507,0.0001,73,0.0,0.0,NOT_READY,,1000.0,0.0,0.0,,,1000.0,0.0,Strategy not ready,,,,,,,,,,,,933.2005678924072,0.0,0.0,0.0,933.2005678924072,0.0,0.0,0.0,,,,,,
2024-06-04 12:00:00,3764.65,3768.75,3753.57,3763.76,8421.5648,0.0001,73,0.0,0.0,NOT_READY,,1000.0,0.0,0.0,,,1000.0,0.0,Strategy not ready,,,,,,,,,,,,933.2005678924072,0.0,0.0,0.0,933.2005678924072,0.0,0.0,0.0,,,,,,
2024-06-04 13:00:00,3763.77,3787.43,3763.77,3776.0,15570.1024,0.0001,73,0.0,0.0,NOT_READY,,1000.0,0.0,0.0,,,1000.0,0.0,Strategy not ready,,,,,,,,,,,,933.2005678924072,0.0,0.0,0.0,933.2005678924072,0.0,0.0,0.0,,,,,,
2024-06-04 14:00:00,3776.0,3795.98,3768.29,3778.0,19498.0595,0.0001,73,0.0,0.0,NOT_READY,,1000.0,0.0,0.0,,,1000.0,0.0,Strategy not ready,,,,,,,,,,,,933.2005678924072,0.0,0.0,0.0,933.2005678924072,0.0,0.0,0.0,,,,,,
2024-06-04 15:00:00,3777.99,3817.99,3771.47,3810.63,23679.782,0.0001,73,0.0,0.0,NOT_READY,,1000.0,0.0,0.0,,,1000.0,0.0,Strategy not ready,,,,,,,,,,,,933.2005678924072,0.0,0.0,0.0,933.2005678924072,0.0,0.0,0.0,,,,,,
2024-06-04 16:00:00,3810.63,3826.42,3803.56,3818.7,21521.9601,0.000108,73,0.0,0.0,NOT_READY,,1000.0,0.0,0.0,,,1000.0,0.0,Strategy not ready,,,,,,,,,,,,933.2005678924072,0.0,0.0,0.0,933.2005678924072,0.0,0.0,0.0,,,,,,
2024-06-04 17:00:00,3818.7,3831.65,3804.67,3813.57,12212.0464,0.000108,73,0.0,0.0,NOT_READY,,1000.0,0.0,0.0,,,1000.0,0.0,Strategy not ready,,,,,,,,,,,,933.2005678924072,0.0,0.0,0.0,933.2005678924072,0.0,0.0,0.0,,,,,,
2024-06-04 18:00:00,3813.57,3826.0,3811.76,3811.77,8554.851,0.000108,73,0.0,0.0,NOT_READY,,1000.0,0.0,0.0,,,1000.0,0.0,Strategy not ready,,,,,,,,,,,,933.2005678924072,0.0,0.0,0.0,933.2005678924072,0.0,0.0,0.0,,,,,,
2024-06-04 19:00:00,3811.67,3811.76,3776.2,3800.38,9901.9677,0.000108,73,0.0,0.0,NOT_READY,,1000.0,0.0,0.0,,,1000.0,0.0,Strategy not ready,,,,,,,,,,,,933.2005678924072,0.0,0.0,0.0,933.2005678924072,0.0,0.0,0.0,,,,,,
2024-06-04 20:00:00,3800.37,3812.26,3792.0,3806.74,5430.0838,0.000108,73,0.0,0.0,NOT_READY,,1000.0,0.0,0.0,,,1000.0,0.0,Strategy not ready,,,,,,,,,,,,933.2005678924072,0.0,0.0,0.0,933.2005678924072,0.0,0.0,0.0,,,,,,
2024-06-04 21:00:00,3806.74,3821.54,3802.41,3812.98,8286.4574,0.000108,73,0.0,0.0,NOT_READY,,1000.0,0.0,0.0,,,1000.0,0.0,Strategy not ready,,,,,,,,,,,,933.2005678924072,0.0,0.0,0.0,933.2005678924072,0.0,0.0,0.0,,,,,,
2024-06-04 22:00:00,3812.97,3822.0,3808.29,3814.39,6712.8402,0.000108,73,0.0,0.0,NOT_READY,,1000.0,0.0,0.0,,,1000.0,0.0,Strategy not ready,,,,,,,,,,,,933.2005678924072,0.0,0.0,0.0,933.2005678924072,0.0,0.0,0.0,,,,,,
2024-06-04 23:00:00,3814.39,3816.0,3808.5,3810.23,4026.5019,0.000108,73,0.0,0.0,NOT_READY,,1000.0,0.0,0.0,,,1000.0,0.0,Strategy not ready,,,,,,,,,,,,933.2005678924072,0.0,0.0,0.0,933.2005678924072,0.0,0.0,0.0,,,,,,
2024-06-05 00:00:00,3810.23,3829.25,3808.84,3819.74,6857.6144,0.00016969,75,0.0,0.0,NOT_READY,,1000.0,0.0,0.0,,,1000.0,0.0,Strategy not ready,,,,,,,,,,,,933.2005678924072,0.0,0.0,0.0,933.2005678924072,0.0,0.0,0.0,,,,,,
2024-06-05 01:00:00,3819.73,3839.92,3813.33,3822.6,11142.3111,0.00016969,75,0.0,0.0,NOT_READY,,1000.0,0.0,0.0,,,1000.0,0.0,Strategy not ready,,,,,,,,,,,,933.2005678924072,0.0,0.0,0.0,933.2005678924072,0.0,0.0,0.0,,,,,,
2024-06-05 02:00:00,3822.6,3823.55,3800.0,3803.56,11539.7274,0.00016969,75,0.0,0.0,NOT_READY,,1000.0,0.0,0.0,,,1000.0,0.0,Strategy not ready,,,,,,,,,,,,933.2005678924072,0.0,0.0,0.0,933.2005678924072,0.0,0.0,0.0,,,,,,
2024-06-05 03:00:00,3803.57,3810.78,3801.4,3810.45,7921.4418,0.00016969,75,0.0,0.0,NOT_READY,,1000.0,0.0,0.0,,,1000.0,0.0,Strategy not ready,,,,,,,,,,,,933.2005678924072,0.0,0.0,0.0,933.2005678924072,0.0,0.0,0.0,,,,,,
2024-06-05 04:00:00,3810.45,3812.63,3803.55,3809.8,7743.3998,0.00016969,75,0.0,0.0,NOT_READY,,1000.0,0.0,0.0,,,1000.0,0.0,Strategy not ready,,,,,,,,,,,,933.2005678924072,0.0,0.0,0.0,933.2005678924072,0.0,0.0,0.0,,,,,,
2024-06-05 05:00:00,3809.81,3811.31,3777.33,3788.76,23429.2528,0.00016969,75,0.0,0.0,NOT_READY,,1000.0,0.0,0.0,,,1000.0,0.0,Strategy not ready,,,,,,,,,,,,933.2005678924072,0.0,0.0,0.0,933.2005678924072,0.0,0.0,0.0,,,,,,
2024-06-05 06:00:00,3788.76,3814.67,3784.17,3814.66,10749.3342,0.00016969,75,0.0,0.0,NOT_READY,,1000.0,0.0,0.0,,,1000.0,0.0,Strategy not ready,,,,,,,,,,,,933.2005678924072,0.0,0.0,0.0,933.2005678924072,0.0,0.0,0.0,,,,,,
2024-06-05 07:00:00,3814.66,3820.81,3804.0,3809.58,10556.4616,0.00016969,75,0.0,0.0,NOT_READY,,1000.0,0.0,0.0,,,1000.0,0.0,Strategy not ready,,,,,,,,,,,,933.2005678924072,0.0,0.0,0.0,933.2005678924072,0.0,0.0,0.0,,,,,,
2024-06-05 08:00:00,3809.57,3811.03,3800.0,3802.78,10499.563,0.0001,75,0.0,0.0,trending,,1000.0,0.0,0.0,,,1000.0,0.0,,trending,0.0,{},,1.0,,,,,,,933.2005678924072,0.0,0.0,0.0,933.2005678924072,0.0,0.0,0.0,-0.4297887383593434,0.0,1.0,0.0,,
2024-06-05 09:00:00,3802.79,3806.0,3790.27,3797.48,7386.7723,0.0001,75,0.0,0.0,trending,,1000.0,0.0,0.0,,,1000.0,0.0,,trending,0.0,{},,2.0,,,,,,,933.2005678924072,0.0,0.0,0.0,933.2005678924072,0.0,0.0,0.0,0.4077626303528774,0.0,1.0,0.0,,
2024-06-05 10:00:00,3797.49,3801.4,3788.9,3795.37,6920.9715,0.0001,75,0.0,0.0,trending,,1000.0,0.0,0.0,,,1000.0,0.0,,trending,0.0,{},,3.0,,,,,,,933.2005678924072,0.0,0.0,0.0,933.2005678924072,0.0,0.0,0.0,0.7461823799269723,0.0,1.0,0.0,,
2024-06-05 11:00:00,3795.36,3807.6,3790.48,3804.31,6710.7934,0.0001,75,0.0,0.0,trending,,1000.0,0.0,0.0,,,1000.0,0.0,,trending,0.0,{},,4.0,,,,,,,933.2005678924072,0.0,0.0,0.0,933.2005678924072,0.0,0.0,0.0,-0.7694799012870761,0.0,1.0,0.0,,
2024-06-05 12:00:00,3804.31,3824.44,3802.5,3820.24,16294.8842,0.0001,75,0.0,0.0,trending,,1000.0,0.0,0.0,,,1000.0,0.0,,trending,0.0,{},,5.0,,,,,,,933.2005678924072,0.0,0.0,0.0,933.2005678924072,0.0,0.0,0.0,-3.13398222662143,0.0,1.0,0.0,,
2024-06-05 13:00:00,3820.23,3821.82,3792.49,3799.56,9821.7676,0.0001,75,0.0,0.0,trending,,1000.0,0.0,0.0,,,1000.0,0.0,,trending,0.0,{},,6.0,,,,,,,933.2005678924072,0.0,0.0,0.0,933.2005678924072,0.0,0.0,0.0,0.2593714974449597,0.0,1.0,0.0,,
2024-06-05 14:00:00,3799.55,3803.24,3782.0,3794.91,10963.4151,0.0001,75,0.0,0.0,trending,,1000.0,0.0,0.0,,,1000.0,0.0,,trending,0.0,{},,7.0,,,,,,,933.2005678924072,0.0,0.0,0.0,933.2005678924072,0.0,0.0,0.0,0.9364960565574478,0.0,1.0,0.0,,
2024-06-05 15:00:00,3794.9,3820.0,3792.34,3813.58,10477.5164,0.0001,75,0.0,0.0,trending,,1000.0,0.0,0.0,,,1000.0,0.0,,trending,0.0,{},,8.0,,,,,,,933.2005678924072,0.0,0.0,0.0,933.2005678924072,0.0,0.0,0.0,-1.7676290852193377,0.0,1.0,0.0,,
2024-06-05 16:00:00,3813.59,3820.98,3796.8,3802.16,10391.1544,0.00010659,75,0.0,0.0,trending,,1000.0,0.0,0.0,,,1000.0,0.0,,trending,0.0,{},,9.0,,,,,,,933.2005678924072,0.0,0.0,0.0,933.2005678924072,0.0,0.0,0.0,-0.060845385990270985,0.0,1.0,0.0,,
2024-06-05 17:00:00,3802.16,3848.41,3800.0,3840.93,15820.4674,0.00010659,75,0.0,0.0,trending,,1000.0,0.0,0.0,,,1000.0,0.0,,trending,0.0,{},,10.0,,,,,,,933.2005678924072,0.0,0.0,0.0,933.2005678924072,0.0,0.0,0.0,-4.503283816923406,0.0,1.0,0.0,,
2024-06-05 18:00:00,3840.94,3870.5,3839.04,3846.0,34159.0528,0.00010659,75,0.0,0.0,trending,,1000.0,0.0,0.0,,,1000.0,0.0,,trending,0.0,{},,11.0,,,,,,,933.2005678924072,0.0,0.0,0.0,933.2005678924072,0.0,0.0,0.0,-4.9747317673143785,0.0,1.0,0.0,,
2024-06-05 19:00:00,3846.0,3878.0,3833.88,3876.54,12924.0786,0.00010659,75,0.0,0.0,trending,,1000.0,0.0,0.0,,,1000.0,0.0,,trending,0.0,{},,12.0,,,,,,,933.2005678924072,0.0,0.0,0.0,933.2005678924072,0.0,0.0,0.0,-7.451244128440857,0.0,1.0,0.0,,
2024-06-05 20:00:00,3876.53,3887.47,3862.6,3863.89,10852.5611,0.00010659,75,0.0,0.0,trending,,1000.0,0.0,0.0,,,1000.0,0.0,,trending,0.0,{},,13.0,,,,,,,933.2005678924072,0.0,0.0,0.0,933.2005678924072,0.0,0.0,0.0,-5.571169722996277,0.0,1.0,0.0,,
2024-06-05 21:00:00,3863.88,3864.0,3845.45,3847.85,6034.0069,0.00010659,75,0.0,0.0,trending,,1000.0,0.0,0.0,,,1000.0,0.0,,trending,0.0,{},,14.0,,,,,,,933.2005678924072,0.0,0.0,0.0,933.2005678924072,0.0,0.0,0.0,-3.384240187083151,0.0,1.0,0.0,,
2024-06-05 22:00:00,3847.85,3853.0,3842.28,3850.76,5472.9786,0.00010659,75,0.0,0.0,trending,,1000.0,0.0,0.0,,,1000.0,0.0,,trending,0.0,{},,15.0,,,,,,,933.2005678924072,0.0,0.0,0.0,933.2005678924072,0.0,0.0,0.0,-3.65731454779538,0.0,1.0,0.0,,
2024-06-05 23:00:00,3850.76,3869.5,3848.4,3865.99,9069.0771,0.00010659,75,0.0,0.0,trending,,1000.0,0.0,0.0,,,1000.0,0.0,,trending,0.0,{},,16.0,,,,,,,933.2005678924072,0.0,0.0,0.0,933.2005678924072,0.0,0.0,0.0,-5.042801893510983,0.0,1.0,0.0,,
2024-06-06 00:00:00,3866.0,3867.5,3857.43,3859.14,4463.3528,0.00019461,78,0.0,0.0,trending,,1000.0,0.0,0.0,,,1000.0,0.0,,trending,0.0,{},,17.0,,,,,,,933.2005678924072,0.0,0.0,0.0,933.2005678924072,0.0,0.0,0.0,-4.055021847464306,0.0,1.0,0.0,,
2024-06-06 01:00:00,3859.14,3869.85,3853.2,3861.15,6615.1393,0.00019461,78,0.0,0.0,trending,,1000.0,0.0,0.0,,,1000.0,0.0,,trending,0.0,{},,18.0,,,,,,,933.2005678924072,0.0,0.0,0.0,933.2005678924072,0.0,0.0,0.0,-4.25131796720284,0.0,1.0,0.0,,
2024-06-06 02:00:00,3861.16,3878.6,3859.55,3868.53,9694.239,0.00019461,78,0.0,0.0,trending,,1000.0,0.0,0.0,,,1000.0,0.0,,trending,0.0,{},,19.0,,,,,,,933.2005678924072,0.0,0.0,0.0,933.2005678924072,0.0,0.0,0.0,-4.982347343525404,0.0,1.0,0.0,,
2024-06-06 03:00:00,3868.52,3873.03,3860.69,3861.69,5404.5283,0.00019461,78,0.0,0.0,trending,,1000.0,0.0,0.0,,,1000.0,0.0,,trending,0.0,{},,20.0,,,,,,,933.2005678924072,0.0,0.0,0.0,933.2005678924072,0.0,0.0,0.0,-3.8761336279212943,0.0,1.0,0.0,,
2024-06-06 04:00:00,3861.7,3865.5,3854.75,3862.51,7364.2943,0.00019461,78,0.0,0.0,trending,,1000.0,0.0,0.0,,,1000.0,0.0,,trending,0.0,{},,21.0,,,,,,,933.2005678924072,0.0,0.0,0.0,933.2005678924072,0.0,0.0,0.0,-3.9677855850036026,0.0,1.0,0.0,,
2024-06-06 05:00:00,3862.5,3865.0,3839.69,3847.0,11837.2341,0.00019461,78,0.0,0.0,trending,,1000.0,0.0,0.0,,,1000.0,0.0,,trending,0.0,{},,22.0,,,,,,,933.2005678924072,0.0,0.0,0.0,933.2005678924072,0.0,0.0,0.0,-1.4806338875829,0.0,1.0,0.0,,
2024-06-06 06:00:00,3846.99,3854.5,3838.53,3846.24,9519.2276,0.00019461,78,0.0,0.0,trending,,1000.0,0.0,0.0,,,1000.0,0.0,,trending,0.0,{},,23.0,,,,,,,933.2005678924072,0.0,0.0,0.0,933.2005678924072,0.0,0.0,0.0,-1.363647254969945,0.0,1.0,0.0,,
2024-06-06 07:00:00,3846.25,3856.01,3841.45,3852.1,9816.6382,0.00019461,78,0.0,0.0,trending,,1000.0,0.0,0.0,,,1000.0,0.0,,trending,0.0,{},,24.0,,,,,,,933.2005678924072,0.0,0.0,0.0,933.2005678924072,0.0,0.0,0.0,-2.1699718072769487,0.0,1.0,0.0,,
2024-06-06 08:00:00,3852.1,3853.0,3842.84,3846.17,5438.8151,0.00019461,78,0.0,0.0,trending,,1000.0,0.0,0.0,,,1000.0,0.0,,trending,0.0,{},,25.0,,,,,,,933.2005678924072,0.0,0.0,0.0,933.2005678924072,0.0,0.0,0.0,-1.1717051627130275,0.0,1.0,0.0,,
2024-06-06 09:00:00,3846.17,3854.01,3845.24,3850.59,5501.5011,0.00020328,78,0.0,0.0,trending,,1000.0,0.0,0.0,,,1000.0,0.0,,trending,0.0,{},,26.0,,,,,,,933.2005678924072,0.0,0.0,0.0,933.2005678924072,0.0,0.0,0.0,-1.8284923032838094,0.0,1.0,0.0,,
2024-06-06 10:00:00,3850.6,3852.2,3846.11,3850.51,4059.9841,0.00020328,78,0.0,0.0,trending,,1000.0,0.0,0.0,,,1000.0,0.0,,trending,0.0,{},,27.0,,,,,,,933.2005678924072,0.0,0.0,0.0,933.2005678924072,0.0,0.0,0.0,-1.8136604780035102,0.0,1.0,0.0,,
2024-06-06 11:00:00,3850.5,3856.5,3844.99,3849.51,9694.7889,0.00020328,78,0.0,0.0,trending,,1000.0,0.0,0.0,,,1000.0,0.0,,trending,0.0,{},,28.0,,,,,,,933.2005678924072,0.0,0.0,0.0,933.2005678924072,0.0,0.0,0.0,-1.6159453993276829,0.0,1.0,0.0,,
2024-06-06 12:00:00,3849.51,3866.48,3841.0,3845.79,12027.1262,0.00020328,78,0.0,0.0,trending,,1000.0,0.0,0.0,,,1000.0,0.0,,trending,0.0,{},,29.0,,,,,,,933.2005678924072,0.0,0.0,0.0,933.2005678924072,0.0,0.0,0.0,-0.8585494648679941,0.0,1.0,0.0,,
2024-06-06 13:00:00,3845.79,3852.0,3820.0,3835.08,16090.012,0.00020328,78,0.0,0.0,trending,,1000.0,0.0,0.0,,,1000.0,0.0,,trending,0.0,{},,30.0,,,,,,,933.2005678924072,0.0,0.0,0.0,933.2005678924072,0.0,0.0,0.0,1.185420312734638,0.0,1.0,0.0,,
2024-06-06 14:00:00,3835.07,3846.77,3827.29,3844.39,8567.1812,0.00020328,78,0.0,0.0,trending,,1000.0,0.0,0.0,,,1000.0,0.0,,trending,0.0,{},,31.0,,,,,,,933.2005678924072,0.0,0.0,0.0,933.2005678924072,0.0,0.0,0.0,-0.594723522410149,0.0,1.0,0.0,,
2024-06-06 15:00:00,3844.39,3847.29,3838.49,3845.01,9697.373,0.00020328,78,0.0,0.0,trending,,1000.0,0.0,0.0,,,1000.0,0.0,,trending,0.0,{},,32.0,,,,,,,933.2005678924072,0.0,0.0,0.0,933.2005678924072,0.0,0.0,0.0,-0.7109634252725556,0.0,1.0,0.0,,
2024-06-06 16:00:00,3845.0,3855.6,3822.76,3830.63,23171.2578,0.00014989,78,0.0,0.0,trending,,1000.0,0.0,0.0,,,1000.0,0.0,,trending,0.0,{},,33.0,,,,,,,933.2005678924072,0.0,0.0,0.0,933.2005678924072,0.0,0.0,0.0,1.9845008651587166,0.0,1.0,0.0,,
2024-06-06 17:00:00,3830.63,3836.86,3817.27,3833.25,8667.8377,0.00014989,78,0.0,0.0,trending,,1000.0,0.0,0.0,,,1000.0,0.0,,trending,0.0,{},,34.0,,,,,,,933.2005678924072,0.0,0.0,0.0,933.2005678924072,0.0,0.0,0.0,1.4370742827433305,0.0,1.0,0.0,,
2024-06-06 18:00:00,3833.26,3840.91,3826.96,3833.07,11688.7289,0.00014989,78,0.0,0.0,trending,,1000.0,0.0,0.0,,,1000.0,0.0,,trending,0.0,{},,35.0,,,,,,,933.2005678924072,0.0,0.0,0.0,933.2005678924072,0.0,0.0,0.0,1.4712102507656029,0.0,1.0,0.0,,
2024-06-06 19:00:00,3833.07,3833.08,3787.15,3791.01,19326.379,0.00014989,78,0.0,0.0,trending,,1000.0,0.0,0.0,,,1000.0,0.0,,trending,0.0,{},,36.0,,,,,,,933.2005678924072,0.0,0.0,0.0,933.2005678924072,0.0,0.0,0.0,7.332914890980994,0.0,1.0,0.0,,
2024-06-06 20:00:00,3791.01,3802.35,3760.0,3800.36,23855.1931,0.00014989,78,0.0,0.0,trending,,1000.0,0.0,0.0,,,1000.0,0.0,,trending,0.0,{},,37.0,,,,,,,933.2005678924072,0.0,0.0,0.0,933.2005678924072,0.0,0.0,0.0,5.408564989688862,0.0,1.0,0.0,,
2024-06-06 21:00:00,3800.37,3804.3,3793.92,3801.41,4571.9485,0.00014989,78,0.0,0.0,trending,,1000.0,0.0,0.0,,,1000.0,0.0,,trending,0.0,{},,38.0,,,,,,,933.2005678924072,0.0,0.0,0.0,933.2005678924072,0.0,0.0,0.0,5.194049604991211,0.0,1.0,0.0,,
2024-06-06 22:00:00,3801.4,3813.85,3799.4,3811.93,5532.9473,0.00014989,78,0.0,0.0,trending,,1000.0,0.0,0.0,,,1000.0,0.0,,trending,0.0,{},,39.0,,,,,,,933.2005678924072,0.0,0.0,0.0,933.2005678924072,0.0,0.0,0.0,3.0906331269196645,0.0,1.0,0.0,,
2024-06-06 23:00:00,3811.94,3815.45,3808.0,3813.46,4898.463,0.00014989,78,0.0,0.0,trending,,1000.0,0.0,0.0,,,1000.0,0.0,,trending,0.0,{},,40.0,,,,,,,933.2005678924072,0.0,0.0,0.0,933.2005678924072,0.0,0.0,0.0,2.7925884871317095,0.0,1.0,0.0,,
2024-06-07 00:00:00,3813.47,3813.47,3806.0,3808.32,4653.1814,0.00016105,77,0.0,0.0,trending,,1000.0,0.0,0.0,,,1000.0,0.0,,trending,0.0,{},,41.0,,,,,,,933.2005678924072,0.0,0.0,0.0,933.2005678924072,0.0,0.0,0.0,3.5602960829593258,0.0,1.0,0.0,,
2024-06-07 01:00:00,3808.32,3810.63,3799.17,3805.98,5626.5941,0.00016105,77,0.0,0.0,trending,,1000.0,0.0,0.0,,,1000.0,0.0,,trending,0.0,{},,42.0,,,,,,,933.2005678924072,0.0,0.0,0.0,933.2005678924072,0.0,0.0,0.0,3.912192286365331,0.0,1.0,0.0,,
2024-06-07 02:00:00,3805.99,3807.75,3792.34,3800.7,4743.8137,0.00016105,77,0.0,0.0,trending,,1000.0,0.0,0.0,,,1000.0,0.0,,trending,0.0,{},,43.0,,,,,,,933.2005678924072,0.0,0.0,0.0,933.2005678924072,0.0,0.0,0.0,4.707615997930461,0.0,1.0,0.0,,
2024-06-07 03:00:00,3800.7,3807.92,3793.21,3806.3,4280.3422,0.00016105,77,0.0,0.0,trending,,1000.0,0.0,0.0,,,1000.0,0.0,,trending,0.0,{},,44.0,,,,,,,933.2005678924072,0.0,0.0,0.0,933.2005678924072,0.0,0.0,0.0,3.386889423354603,0.0,1.0,0.0,,
2024-06-07 04:00:00,3806.3,3819.0,3806.0,3815.71,4662.172,0.00016105,77,0.0,0.0,trending,,1000.0,0.0,0.0,,,1000.0,0.0,,trending,0.0,{},,45.0,,,,,,,933.2005678924072,0.0,0.0,0.0,933.2005678924072,0.0,0.0,0.0,1.324168565198383,0.0,1.0,0.0,,
2024-06-07 05:00:00,3815.7,3825.75,3814.23,3818.27,5295.8937,0.00016105,77,0.0,0.0,trending,,1000.0,0.0,0.0,,,1000.0,0.0,,trending,0.0,{},,46.0,,,,,,,933.2005678924072,0.0,0.0,0.0,933.2005678924072,0.0,0.0,0.0,0.7870189907499082,0.0,1.0,0.0,,
2024-06-07 06:00:00,3818.27,3821.11,3812.8,3817.01,4700.7513,0.00016105,77,0.0,0.0,trending,,1000.0,0.0,0.0,,,1000.0,0.0,,trending,0.0,{},,47.0,,,,,,,933.2005678924072,0.0,0.0,0.0,933.2005678924072,0.0,0.0,0.0,1.0401660701786568,0.0,1.0,0.0,,
2024-06-07 07:00:00,3817.0,3824.41,3814.85,3816.31,4789.4921,0.00016105,77,0.0,0.0,trending,,1000.0,0.0,0.0,,,1000.0,0.0,,trending,0.0,{},,48.0,,,,,,,933.2005678924072,0.0,0.0,0.0,933.2005678924072,0.0,0.0,0.0,1.1884570600869722,0.0,1.0,0.0,,
2024-06-07 08:00:00,3816.31,3817.1,3808.36,3811.15,5402.1406,0.00013228,77,0.0,0.0,trending,,1000.0,0.0,0.0,,,1000.0,0.0,,trending,0.0,{},,49.0,,,,,,,933.2005678924072,0.0,0.0,0.0,933.2005678924072,0.0,0.0,0.0,2.288171621600057,0.0,1.0,0.0,,
2024-06-07 09:00:00,3811.16,3813.5,3807.33,3811.95,4378.5859,0.00013228,77,0.0,0.0,trending,,1000.0,0.0,0.0,,,1000.0,0.0,,trending,0.0,{},,50.0,,,,,,,933.2005678924072,0.0,0.0,0.0,933.2005678924072,0.0,0.0,0.0,2.0727265768638774,0.0,1.0,0.0,,
2024-06-07 10:00:00,3811.96,3813.79,3801.11,3810.8,4858.7282,0.00013228,77,0.0,0.0,trending,,1000.0,0.0,0.0,,,1000.0,0.0,,trending,0.0,{},,51.0,,,,,,,933.2005678924072,0.0,0.0,0.0,933.2005678924072,0.0,0.0,0.0,2.337039322028127,0.0,1.0,0.0,,
2024-06-07 11:00:00,3810.8,3839.98,3808.07,3835.0,10360.3093,0.00013228,77,0.0,0.0,trending,,1000.0,0.0,0.0,,,1000.0,0.0,,trending,0.0,{},,52.0,,,,,,,933.2005678924072,0.0,0.0,0.0,933.2005678924072,0.0,0.0,0.0,-3.2571335714567855,0.0,1.0,0.0,,
2024-06-07 12:00:00,3834.99,3841.39,3771.39,3807.68,45906.4522,0.00013228,77,0.0,0.0,trending,,1000.0,0.0,0.0,,,1000.0,0.0,,trending,0.0,{},,53.0,,,,,,,933.2005678924072,0.0,0.0,0.0,933.2005678924072,0.0,0.0,0.0,2.171352104781107,0.0,1.0,0.0,,
2024-06-07 13:00:00,3807.69,3820.31,3794.04,3815.0,11879.1462,0.00013228,77,0.0,0.0,trending,,1000.0,0.0,0.0,,,1000.0,0.0,,trending,0.0,{},,54.0,,,,,,,933.2005678924072,0.0,0.0,0.0,933.2005678924072,0.0,0.0,0.0,0.7723353859789968,0.0,1.0,0.0,,
2024-06-07 14:00:00,3815.0,3829.57,3809.07,3822.3,8806.5269,0.00013228,77,0.0,0.0,trending,,1000.0,0.0,0.0,,,1000.0,0.0,,trending,0.0,{},,55.0,,,,,,,933.2005678924072,0.0,0.0,0.0,933.2005678924072,0.0,0.0,0.0,-0.5460289699757652,0.0,1.0,0.0,,
2024-06-07 15:00:00,3822.3,3822.49,3790.81,3800.73,10523.422,0.00013228,77,0.0,0.0,trending,,1000.0,0.0,0.0,,,1000.0,0.0,,trending,0.0,{},,56.0,,,,,,,933.2005678924072,0.0,0.0,0.0,933.2005678924072,0.0,0.0,0.0,2.9062074114868466,0.0,1.0,0.0,,
2024-06-07 16:00:00,3800.73,3807.67,3779.24,3783.99,10815.924,0.00017029,77,0.0,0.0,trending,,1000.0,0.0,0.0,,,1000.0,0.0,,trending,0.0,{},,57.0,,,,,,,933.2005678924072,0.0,0.0,0.0,933.2005678924072,0.0,0.0,0.0,5.011110387128255,0.0,1.0,0.0,,
2024-06-07 17:00:00,3784.0,3784.66,3723.8,3724.05,23657.6581,0.00017029,77,9.836880673814347,0.0,trending,,1000.0,0.0,0.9836880673814348,True,True,999.0163119326186,0.9836720057283055,,trending,9.836880673814347,{},,58.0,ETHUSDT,2024-06-07 17:00:00,ETHUSDT,3724.05,0.26414469928745177,LONG,933.2005678924072,0.0,0.0,0.0,933.2005678924072,0.0,0.0,0.0,9.836880673814347,9.836880673814347,1.0,9.836880673814347,True,True
2024-06-07 18:00:00,3724.06,3729.99,3600.0,3679.71,123558.5253,0.00017029,77,11.91146345664405,0.0,trending,,987.3158481421793,0.9834785062457377,0.20766783941866718,True,True,987.110814393172,1.1911860488580983,,trending,2.0745827828297028,{},,59.0,ETHUSDT,2024-06-07 18:00:00,ETHUSDT,3679.71,0.05572008364993309,LONG,933.2005678924072,0.0,0.0,0.0,933.2005678924072,0.0,0.0,0.0,11.91146345664405,11.91146345664405,1.0,11.91146345664405,True,True
2024-06-07 19:00:00,3679.72,3704.71,3657.42,3687.37,21132.0224,0.00017029,77,10.743900067192534,0.0,trending,,989.558528466235,1.1907131422346886,-0.11632313551543527,False,,989.558528466235,1.1907131422346886,,trending,-1.1675633894515158,{},,60.0,ETHUSDT,2024-06-07 19:00:00,,,,,933.2005678924072,0.0,0.0,0.0,933.2005678924072,0.0,0.0,0.0,10.743900067192534,10.743900067192534,1.0,10.743900067192534,True,False
2024-06-07 20:00:00,3687.37,3694.25,3670.43,3691.4,20080.1452,0.00017029,77,10.119528840358534,0.0,trending,,990.8462944863975,1.190465279467744,-0.17851239543189057,False,,990.8462944863975,1.190465279467744,,trending,-0.6243712268340005,{},,61.0,ETHUSDT,2024-06-07 20:00:00,,,,,933.2005678924072,0.0,0.0,0.0,933.2005678924072,0.0,0.0,0.0,10.119528840358534,10.119528840358534,1.0,10.119528840358534,True,False
2024-06-07 21:00:00,3691.4,3698.46,3685.24,3693.51,8037.8503,0.00017029,77,9.778532820263138,0.0,trending,,991.5205342637034,1.1903357619608692,-0.2124824799345555,True,True,991.309853521677,0.9780611028749803,,trending,-0.3409960200953961,{},,62.0,ETHUSDT,2024-06-07 21:00:00,ETHUSDT,3693.51,0.057040793723690225,REDUCE_LONG,933.2005678924072,0.0,0.0,0.0,933.2005678924072,0.0,0.0,0.0,9.778532820263138,9.778532820263138,1.0,9.778532820263138,True,True
2024-06-07 22:00:00,3693.5,3700.0,3686.01,3695.06,7482.4809,0.00017029,77,9.514190957915622,0.0,trending,,991.7167349145448,0.9780701039623935,-0.026651008170831325,False,,991.7167349145448,0.9780701039623935,,trending,-0.264341862347516,{},,63.0,ETHUSDT,2024-06-07 22:00:00,,,,,933.2005678924072,0.0,0.0,0.0,933.2005678924072,0.0,0.0,0.0,9.514190957915622,9.514190957915622,1.0,9.514190957915622,True,False
2024-06-07 23:00:00,3695.07,3695.28,3678.31,3678.32,6591.2014,0.00017029,77,10.495488863138405,0.0,trending,,987.3224158715739,0.9779724996153035,0.07157638669853694,False,,987.3224158715739,0.9779724996153035,,trending,0.9812979052227835,{},,64.0,ETHUSDT,2024-06-07 23:00:00,,,,,933.2005678924072,0.0,0.0,0.0,933.2005678924072,0.0,0.0,0.0,10.495488863138405,10.495488863138405,1.0,10.495488863138405,True,False
2024-06-08 00:00:00,3678.31,3690.23,3673.82,3686.02,6642.1674,0.0001,72,9.144429473073377,0.0,trending,,989.3436976296907,0.9780175029693564,-0.06357455566201875,False,,989.3436976296907,0.9780175029693564,,trending,-1.3510593900650285,{},,65.0,ETHUSDT,2024-06-08 00:00:00,,,,,933.2005678924072,0.0,0.0,0.0,933.2005678924072,0.0,0.0,0.0,9.144429473073377,9.144429473073377,1.0,9.144429473073377,True,False
2024-06-08 01:00:00,3686.02,3692.3,3678.56,3690.94,7074.7517,0.0001,72,8.282222682772233,0.0,trending,,990.63521792189,0.9780461621977735,-0.1498238939205503,False,,990.63521792189,0.9780461621977735,,trending,-0.8622067903011441,{},,66.0,ETHUSDT,2024-06-08 01:00:00,,,,,933.2005678924072,0.0,0.0,0.0,933.2005678924072,0.0,0.0,0.0,8.282222682772233,8.282222682772233,1.0,8.282222682772233,True,False
2024-06-08 02:00:00,3690.95,3690.95,3685.84,3687.96,4274.7628,0.0001,72,8.504060806513497,0.0,trending,,989.8529556310864,0.9780288124900683,-0.12762273183871864,False,,989.8529556310864,0.9780288124900683,,trending,0.22183812374126433,{},,67.0,ETHUSDT,2024-06-08 02:00:00,,,,,933.2005678924072,0.0,0.0,0.0,933.2005678924072,0.0,0.0,0.0,8.504060806513497,8.504060806513497,1.0,8.504060806513497,True,False
2024-06-08 03:00:00,3687.97,3690.45,3685.5,3690.0,4196.6524,0.0001,72,8.111708000648855,0.0,trending,,990.3884640449251,0.9780406924303149,-0.16686989236542937,False,,990.3884640449251,0.9780406924303149,,trending,-0.3923528058646415,{},,68.0,ETHUSDT,2024-06-08 03:00:00,,,,,933.2005678924072,0.0,0.0,0.0,933.2005678924072,0.0,0.0,0.0,8.111708000648855,8.111708000648855,1.0,8.111708000648855,True,False
2024-06-08 04:00:00,3690.0,3690.18,3680.02,3681.19,3846.5357,0.0001,72,8.826979695631133,0.0,trending,,988.0758027086902,0.9779892951170239,-0.09529132555391062,False,,988.0758027086902,0.9779892951170239,,trending,0.7152716949822775,{},,69.0,ETHUSDT,2024-06-08 04:00:00,,,,,933.2005678924072,0.0,0.0,0.0,933.2005678924072,0.0,0.0,0.0,8.826979695631133,8.826979695631133,1.0,8.826979695631133,True,False
2024-06-08 05:00:00,3681.19,3685.0,3677.22,3680.64,2976.7381,0.0001,72,8.87199295201611,0.0,trending,,987.9314254402532,0.9779860784510029,-0.09078678324939204,False,,987.9314254402532,0.9779860784510029,,trending,0.04501325638497633,{},,70.0,ETHUSDT,2024-06-08 05:00:00,,,,,933.2005678924072,0.0,0.0,0.0,933.2005678924072,0.0,0.0,0.0,8.87199295201611,8.87199295201611,1.0,8.87199295201611,True,False
2024-06-08 06:00:00,3680.64,3687.77,3679.52,3684.99,2669.7338,0.0001,72,0.0,0.0,trending,,989.0733183815269,0.9780114936969301,-0.9780114936969301,True,True,988.1059933080408,0.0,,trending,-8.87199295201611,{},,71.0,ETHUSDT,2024-06-08 06:00:00,ETHUSDT,3684.99,0.2625041244307573,CLOSE,933.2005678924072,0.0,0.0,0.0,933.2005678924072,0.0,0.0,0.0,7.914126128267316,0.0,1.0,0.0,True,True
2024-06-08 07:00:00,3684.99,3709.5,3684.99,3708.98,6785.6592,0.0001,72,0.0,0.0,trending,,988.1059933080408,0.0,0.0,,,988.1059933080408,0.0,,trending,0.0,{},,72.0,,,,,,,933.2005678924072,0.0,0.0,0.0,933.2005678924072,0.0,0.0,0.0,3.3192958419727834,0.0,1.0,0.0,,
2024-06-08 08:00:00,3708.98,3709.39,3693.04,3695.95,4463.1961,0.0001,72,0.0,0.0,trending,,988.1059933080408,0.0,0.0,,,988.1059933080408,0.0,,trending,0.0,{},,73.0,,,,,,,933.2005678924072,0.0,0.0,0.0,933.2005678924072,0.0,0.0,0.0,4.784291905031623,0.0,1.0,0.0,,
2024-06-08 09:00:00,3695.94,3698.89,3691.0,3693.18,5013.1147,0.0001,72,0.0,0.0,trending,,988.1059933080408,0.0,0.0,,,988.1059933080408,0.0,,trending,0.0,{},,74.0,,,,,,,933.2005678924072,0.0,0.0,0.0,933.2005678924072,0.0,0.0,0.0,5.0842003233300295,0.0,1.0,0.0,,
2024-06-08 10:00:00,3693.18,3697.37,3680.0,3694.67,21617.1423,0.0001,72,0.0,0.0,trending,,988.1059933080408,0.0,0.0,,,988.1059933080408,0.0,,trending,0.0,{},,75.0,,,,,,,933.2005678924072,0.0,0.0,0.0,933.2005678924072,0.0,0.0,0.0,4.80102377756534,0.0,1.0,0.0,,
2024-06-08 11:00:00,3694.66,3697.0,3678.53,3683.13,7159.9982,0.0001,72,0.0,0.0,trending,,988.1059933080408,0.0,0.0,,,988.1059933080408,0.0,,trending,0.0,{},,76.0,,,,,,,933.2005678924072,0.0,0.0,0.0,933.2005678924072,0.0,0.0,0.0,6.108985977146194,0.0,1.0,0.0,,
2024-06-08 12:00:00,3683.13,3688.49,3677.0,3682.58,5761.5548,0.0001,72,0.0,0.0,trending,,988.1059933080408,0.0,0.0,,,988.1059933080408,0.0,,trending,0.0,{},,77.0,,,,,,,933.2005678924072,0.0,0.0,0.0,933.2005678924072,0.0,0.0,0.0,6.170072068652513,0.0,1.0,0.0,,
2024-06-08 13:00:00,3682.58,3687.27,3660.08,3687.26,11843.4501,0.0001,72,0.0,0.0,trending,,988.1059933080408,0.0,0.0,,,988.1059933080408,0.0,,trending,0.0,{},,78.0,,,,,,,933.2005678924072,0.0,0.0,0.0,933.2005678924072,0.0,0.0,0.0,5.156338864368857,0.0,1.0,0.0,,
2024-06-08 14:00:00,3687.27,3696.48,3682.0,3696.01,5896.177,0.0001,72,0.0,0.0,trending,,988.1059933080408,0.0,0.0,,,988.1059933080408,0.0,,trending,0.0,{},,79.0,,,,,,,933.2005678924072,0.0,0.0,0.0,933.2005678924072,0.0,0.0,0.0,3.3362340112796236,0.0,1.0,0.0,,
2024-06-08 15:00:00,3696.02,3697.47,3687.4,3688.13,7413.1679,0.0001,72,0.0,0.0,trending,,988.1059933080408,0.0,0.0,,,988.1059933080408,0.0,,trending,0.0,{},,80.0,,,,,,,933.2005678924072,0.0,0.0,0.0,933.2005678924072,0.0,0.0,0.0,4.428861651576642,0.0,1.0,0.0,,
2024-06-08 16:00:00,3688.13,3692.25,3678.83,3683.01,5997.4539,0.0001,72,0.0,0.0,trending,,988.1059933080408,0.0,0.0,,,988.1059933080408,0.0,,trending,0.0,{},,81.0,,,,,,,933.2005678924072,0.0,0.0,0.0,933.2005678924072,0.0,0.0,0.0,5.1119325441102665,0.0,1.0,0.0,,
2024-06-08 17:00:00,3683.01,3687.89,3672.18,3687.49,5261.7199,0.0001,72,0.0,0.0,trending,,988.1059933080408,0.0,0.0,,,988.1059933080408,0.0,,trending,0.0,{},,82.0,,,,,,,933.2005678924072,0.0,0.0,0.0,933.2005678924072,0.0,0.0,0.0,4.115088954169082,0.0,1.0,0.0,,
2024-06-08 18:00:00,3687.5,3694.5,3686.99,3689.02,4872.7214,0.0001,72,0.0,0.0,trending,,988.1059933080408,0.0,0.0,,,988.1059933080408,0.0,,trending,0.0,{},,83.0,,,,,,,933.2005678924072,0.0,0.0,0.0,933.2005678924072,0.0,0.0,0.0,3.7680812570283564,0.0,1.0,0.0,,
2024-06-08 19:00:00,3689.01,3693.52,3681.31,3682.61,3785.3427,0.0001,72,0.0,0.0,trending,,988.1059933080408,0.0,0.0,,,988.1059933080408,0.0,,trending,0.0,{},,84.0,,,,,,,933.2005678924072,0.0,0.0,0.0,933.2005678924072,0.0,0.0,0.0,4.7576660108071875,0.0,1.0,0.0,,
2024-06-08 20:00:00,3682.6,3684.46,3670.53,3674.09,4507.3249,0.0001,72,0.0,0.0,trending,,988.1059933080408,0.0,0.0,,,988.1059933080408,0.0,,trending,0.0,{},,85.0,,,,,,,933.2005678924072,0.0,0.0,0.0,933.2005678924072,0.0,0.0,0.0,5.981055385462537,0.0,1.0,0.0,,
2024-06-08 21:00:00,3674.08,3680.0,3670.91,3676.26,2684.0182,0.0001,72,0.0,0.0,trending,,988.1059933080408,0.0,0.0,,,988.1059933080408,0.0,,trending,0.0,{},,86.0,,,,,,,933.2005678924072,0.0,0.0,0.0,933.2005678924072,0.0,0.0,0.0,5.421403996972547,0.0,1.0,0.0,,
2024-06-08 22:00:00,3676.26,3679.67,3670.37,3676.69,2955.5053,0.0001,72,0.0,0.0,trending,,988.1059933080408,0.0,0.0,,,988.1059933080408,0.0,,trending,0.0,{},,87.0,,,,,,,933.2005678924072,0.0,0.0,0.0,933.2005678924072,0.0,0.0,0.0,5.305081972929549,0.0,1.0,0.0,,
2024-06-08 23:00:00,3676.7,3684.22,3671.9,3681.57,2851.9509,0.0001,72,0.0,0.0,trending,,988.1059933080408,0.0,0.0,,,988.1059933080408,0.0,,trending,0.0,{},,88.0,,,,,,,933.2005678924072,0.0,0.0,0.0,933.2005678924072,0.0,0.0,0.0,3.964869848699769,0.0,1.0,0.0,,
2024-06-09 00:00:00,3681.58,3684.19,3678.34,3681.28,3019.181,0.0001,75,0.0,0.0,trending,,988.1059933080408,0.0,0.0,,,988.1059933080408,0.0,,trending,0.0,{},,89.0,,,,,,,933.2005678924072,0.0,0.0,0.0,933.2005678924072,0.0,0.0,0.0,4.019036453440973,0.0,1.0,0.0,,
2024-06-09 01:00:00,3681.28,3684.66,3679.5,3682.25,2589.2866,0.0001,75,0.0,0.0,trending,,988.1059933080408,0.0,0.0,,,988.1059933080408,0.0,,trending,0.0,{},,90.0,,,,,,,933.2005678924072,0.0,0.0,0.0,933.2005678924072,0.0,0.0,0.0,3.730287417504391,0.0,1.0,0.0,,
2024-06-09 02:00:00,3682.25,3682.25,3666.36,3668.26,8367.6417,0.0001,75,0.0,0.0,trending,,988.1059933080408,0.0,0.0,,,988.1059933080408,0.0,,trending,0.0,{},,91.0,,,,,,,933.2005678924072,0.0,0.0,0.0,933.2005678924072,0.0,0.0,0.0,6.29020799442975,0.0,1.0,0.0,,
2024-06-09 03:00:00,3668.27,3674.92,3668.26,3674.22,4067.7891,0.0001,75,0.0,0.0,trending,,988.1059933080408,0.0,0.0,,,988.1059933080408,0.0,,trending,0.0,{},,92.0,,,,,,,933.2005678924072,0.0,0.0,0.0,933.2005678924072,0.0,0.0,0.0,4.520167235845796,0.0,1.0,0.0,,
2024-06-09 04:00:00,3674.21,3677.89,3669.21,3676.0,3784.0563,0.0001,75,0.0,0.0,trending,,988.1059933080408,0.0,0.0,,,988.1059933080408,0.0,,trending,0.0,{},,93.0,,,,,,,933.2005678924072,0.0,0.0,0.0,933.2005678924072,0.0,0.0,0.0,4.000450075493049,0.0,1.0,0.0,,
2024-06-09 05:00:00,3676.0,3684.45,3670.99,3680.61,4105.1721,0.0001,75,0.0,0.0,trending,,988.1059933080408,0.0,0.0,,,988.1059933080408,0.0,,trending,0.0,{},,94.0,,,,,,,933.2005678924072,0.0,0.0,0.0,933.2005678924072,0.0,0.0,0.0,2.660820094969168,0.0,1.0,0.0,,
2024-06-09 06:00:00,3680.62,3689.21,3680.61,3686.68,3652.4576,0.0001,75,0.0,0.0,trending,,988.1059933080408,0.0,0.0,,,988.1059933080408,0.0,,trending,0.0,{},,95.0,,,,,,,933.2005678924072,0.0,0.0,0.0,933.2005678924072,0.0,0.0,0.0,0.9988137303974924,0.0,1.0,0.0,,
2024-06-09 07:00:00,3686.69,3692.0,3684.76,3685.99,4838.6224,0.0001,75,0.0,0.0,trending,,988.1059933080408,0.0,0.0,,,988.1059933080408,0.0,,trending,0.0,{},,96.0,,,,,,,933.2005678924072,0.0,0.0,0.0,933.2005678924072,0.0,0.0,0.0,1.167897125870718,0.0,1.0,0.0,,
2024-06-09 08:00:00,3685.98,3688.95,3683.02,3687.15,2575.0865,0.0001,75,0.0,0.0,trending,,988.1059933080408,0.0,0.0,,,988.1059933080408,0.0,,trending,0.0,{},,97.0,,,,,,,933.2005678924072,0.0,0.0,0.0,933.2005678924072,0.0,0.0,0.0,0.8322750433279794,0.0,1.0,0.0,,
2024-06-09 09:00:00,3687.15,3691.5,3687.0,3690.04,2591.0917,0.0001,75,0.0,0.0,trending,,988.1059933080408,0.0,0.0,,,988.1059933080408,0.0,,trending,0.0,{},,98.0,,,,,,,933.2005678924072,0.0,0.0,0.0,933.2005678924072,0.0,0.0,0.0,-0.01776880360401947,0.0,1.0,0.0,,
2024-06-09 10:00:00,3690.03,3692.68,3686.21,3687.44,2334.4875,0.0001,75,0.0,0.0,trending,,988.1059933080408,0.0,0.0,,,988.1059933080408,0.0,,trending,0.0,{},,99.0,,,,,,,933.2005678924072,0.0,0.0,0.0,933.2005678924072,0.0,0.0,0.0,0.7435069756326129,0.0,1.0,0.0,,
2024-06-09 11:00:00,3687.44,3693.87,3685.99,3693.5,3686.9062,0.0001,75,0.0,0.0,trending,,988.1059933080408,0.0,0.0,,,988.1059933080408,0.0,,trending,0.0,{},,100.0,,,,,,,933.2005678924072,0.0,0.0,0.0,933.2005678924072,0.0,0.0,0.0,-1.064070538457159,0.0,1.0,0.0,,
2024-06-09 12:00:00,3693.49,3712.5,3690.0,3704.67,8568.5902,0.0001,75,0.0,0.0,trending,,988.1059933080408,0.0,0.0,,,988.1059933080408,0.0,,trending,0.0,{},,101.0,,,,,,,933.2005678924072,0.0,0.0,0.0,933.2005678924072,0.0,0.0,0.0,-3.8564751541112177,0.0,1.0,0.0,,
2024-06-09 13:00:00,3704.68,3708.51,3680.99,3687.7,10141.5815,0.0001,75,0.0,0.0,trending,,988.1059933080408,0.0,0.0,,,988.1059933080408,0.0,,trending,0.0,{},,102.0,,,,,,,933.2005678924072,0.0,0.0,0.0,933.2005678924072,0.0,0.0,0.0,0.7805989946082292,0.0,1.0,0.0,,
2024-06-09 14:00:00,3687.71,3694.9,3683.16,3692.24,4277.6366,0.0001,75,0.0,0.0,trending,,988.1059933080408,0.0,0.0,,,988.1059933080408,0.0,,trending,0.0,{},,103.0,,,,,,,933.2005678924072,0.0,0.0,0.0,933.2005678924072,0.0,0.0,0.0,-0.32141546879073246,0.0,1.0,0.0,,
2024-06-09 15:00:00,3692.24,3695.2,3683.43,3690.59,6162.0406,0.0001,75,0.0,0.0,trending,,988.1059933080408,0.0,0.0,,,988.1059933080408,0.0,,trending,0.0,{},,104.0,,,,,,,933.2005678924072,0.0,0.0,0.0,933.2005678924072,0.0,0.0,0.0,0.09179699581566184,0.0,1.0,0.0,,
2024-06-09 16:00:00,3690.6,3701.25,3689.43,3698.26,3543.8145,0.0001,75,0.0,0.0,trending,,988.1059933080408,0.0,0.0,,,988.1059933080408,0.0,,trending,0.0,{},,105.0,,,,,,,933.2005678924072,0.0,0.0,0.0,933.2005678924072,0.0,0.0,0.0,-1.7644606072382345,0.0,1.0,0.0,,
2024-06-09 17:00:00,3698.25,3702.11,3693.51,3700.0,3812.3119,0.0001,75,0.0,0.0,trending,,988.1059933080408,0.0,0.0,,,988.1059933080408,0.0,,trending,0.0,{},,106.0,,,,,,,933.2005678924072,0.0,0.0,0.0,933.2005678924072,0.0,0.0,0.0,-2.166970768728356,0.0,1.0,0.0,,
2024-06-09 18:00:00,3699.99,3709.18,3698.5,3704.88,4148.4832,0.0001,75,0.0,0.0,trending,,988.1059933080408,0.0,0.0,,,988.1059933080408,0.0,,trending,0.0,{},,107.0,,,,,,,933.2005678924072,0.0,0.0,0.0,933.2005678924072,0.0,0.0,0.0,-3.281544653488379,0.0,1.0,0.0,,
2024-06-09 19:00:00,3704.87,3709.43,3698.2,3701.09,2606.8296,0.0001,75,0.0,0.0,trending,,988.1059933080408,0.0,0.0,,,988.1059933080408,0.0,,trending,0.0,{},,108.0,,,,,,,933.2005678924072,0.0,0.0,0.0,933.2005678924072,0.0,0.0,0.0,-2.125002915187676,0.0,1.0,0.0,,
2024-06-09 20:00:00,3701.09,3704.6,3695.06,3700.31,2984.5432,0.0001,75,0.0,0.0,trending,,988.1059933080408,0.0,0.0,,,988.1059933080408,0.0,,trending,0.0,{},,109.0,,,,,,,933.2005678924072,0.0,0.0,0.0,933.2005678924072,0.0,0.0,0.0,-1.8840178161802215,0.0,1.0,0.0,,
2024-06-09 21:00:00,3700.31,3721.52,3693.72,3714.72,6487.6634,0.0001,75,0.0,0.0,trending,,988.1059933080408,0.0,0.0,,,988.1059933080408,0.0,,trending,0.0,{},,110.0,,,,,,,933.2005678924072,0.0,0.0,0.0,933.2005678924072,0.0,0.0,0.0,-5.110220236741455,0.0,1.0,0.0,,
2024-06-09 22:00:00,3714.71,3718.0,3706.46,3707.74,3303.5764,0.0001,75,0.0,0.0,trending,,988.1059933080408,0.0,0.0,,,988.1059933080408,0.0,,trending,0.0,{},,111.0,,,,,,,933.2005678924072,0.0,0.0,0.0,933.2005678924072,0.0,0.0,0.0,-2.9758241311941847,0.0,1.0,0.0,,
2024-06-09 23:00:00,3707.74,3709.06,3703.11,3706.4,1802.2522,0.0001,75,0.0,0.0,trending,,988.1059933080408,0.0,0.0,,,988.1059933080408,0.0,,trending,0.0,{},,112.0,,,,,,,933.2005678924072,0.0,0.0,0.0,933.2005678924072,0.0,0.0,0.0,-2.5790338423891317,0.0,1.0,0.0,,
2024-06-10 00:00:00,3706.4,3706.94,3686.5,3693.53,6551.0636,0.0001,72,0.0,0.0,trending,,988.1059933080408,0.0,0.0,,,988.1059933080408,0.0,,trending,0.0,{},,113.0,,,,,,,933.2005678924072,0.0,0.0,0.0,933.2005678924072,0.0,0.0,0.0,0.842976085902302,0.0,1.0,0.0,,
2024-06-10 01:00:00,3693.53,3696.48,3685.54,3692.0,3775.21,0.0001,72,0.0,0.0,trending,,988.1059933080408,0.0,0.0,,,988.1059933080408,0.0,,trending,0.0,{},,114.0,,,,,,,933.2005678924072,0.0,0.0,0.0,933.2005678924072,0.0,0.0,0.0,1.2076072636700133,0.0,1.0,0.0,,
2024-06-10 02:00:00,3691.99,3697.8,3690.38,3691.31,3504.3962,0.0001,72,0.0,0.0,trending,,988.1059933080408,0.0,0.0,,,988.1059933080408,0.0,,trending,0.0,{},,115.0,,,,,,,933.2005678924072,0.0,0.0,0.0,933.2005678924072,0.0,0.0,0.0,1.3797555089152156,0.0,1.0,0.0,,
2024-06-10 03:00:00,3691.32,3692.81,3680.97,3684.14,3411.4237,0.0001,72,0.0,0.0,trending,,988.1059933080408,0.0,0.0,,,988.1059933080408,0.0,,trending,0.0,{},,116.0,,,,,,,933.2005678924072,0.0,0.0,0.0,933.2005678924072,0.0,0.0,0.0,3.110894975089801,0.0,1.0,0.0,,
2024-06-10 04:00:00,3684.14,3692.41,3680.01,3691.09,4418.0267,0.0001,72,0.0,0.0,trending,,988.1059933080408,0.0,0.0,,,988.1059933080408,0.0,,trending,0.0,{},,117.0,,,,,,,933.2005678924072,0.0,0.0,0.0,933.2005678924072,0.0,0.0,0.0,1.0663753061386616,0.0,1.0,0.0,,
2024-06-10 05:00:00,3691.09,3691.09,3682.23,3684.19,3478.9714,0.0001,72,0.0,0.0,trending,,988.1059933080408,0.0,0.0,,,988.1059933080408,0.0,,trending,0.0,{},,118.0,,,,,,,933.2005678924072,0.0,0.0,0.0,933.2005678924072,0.0,0.0,0.0,2.702473660125614,0.0,1.0,0.0,,
2024-06-10 06:00:00,3684.19,3684.2,3670.02,3671.89,6157.1992,0.0001,72,0.0,0.0,trending,,988.1059933080408,0.0,0.0,,,988.1059933080408,0.0,,trending,0.0,{},,119.0,,,,,,,933.2005678924072,0.0,0.0,0.0,933.2005678924072,0.0,0.0,0.0,5.163631072152547,0.0,1.0,0.0,,
2024-06-10 07:00:00,3671.89,3676.5,3642.74,3647.79,15230.8993,0.0001,72,8.589421706509468,0.0,trending,,988.1059933080408,0.0,0.8589421706509468,True,True,987.2572674013155,0.8588209059734732,,trending,8.589421706509468,{},,120.0,ETHUSDT,2024-06-10 07:00:00,ETHUSDT,3647.79,0.2326685216871636,LONG,933.2005678924072,0.0,0.0,0.0,933.2005678924072,0.0,0.0,0.0,8.589421706509468,8.589421706509468,1.0,8.589421706509468,True,True
2024-06-10 08:00:00,3647.8,3673.73,3646.94,3671.02,7686.5013,0.0001,72,0.0,0.0,trending,,992.6567522703496,0.8595888394814826,-0.8595888394814826,True,True,991.803475604662,0.0,,trending,-8.589421706509468,{},,121.0,ETHUSDT,2024-06-10 08:00:00,ETHUSDT,3671.02,0.23243585316547644,CLOSE,933.2005678924072,0.0,0.0,0.0,933.2005678924072,0.0,0.0,0.0,3.061744930250663,0.0,1.0,0.0,True,True
2024-06-10 09:00:00,3671.02,3674.37,3658.16,3673.14,6560.5851,0.0001,72,0.0,0.0,trending,,991.803475604662,0.0,0.0,,,991.803475604662,0.0,,trending,0.0,{},,122.0,,,,,,,933.2005678924072,0.0,0.0,0.0,933.2005678924072,0.0,0.0,0.0,2.6316906378211145,0.0,1.0,0.0,,
2024-06-10 10:00:00,3673.15,3681.01,3670.3,3677.9,6171.627,0.0001,72,0.0,0.0,trending,,991.803475604662,0.0,0.0,,,991.803475604662,0.0,,trending,0.0,{},,123.0,,,,,,,933.2005678924072,0.0,0.0,0.0,933.2005678924072,0.0,0.0,0.0,1.655245423006261,0.0,1.0,0.0,,
2024-06-10 11:00:00,3677.9,3681.0,3671.17,3675.95,4080.4021,0.0001,72,0.0,0.0,trending,,991.803475604662,0.0,0.0,,,991.803475604662,0.0,,trending,0.0,{},,124.0,,,,,,,933.2005678924072,0.0,0.0,0.0,933.2005678924072,0.0,0.0,0.0,1.9978909999053087,0.0,1.0,0.0,,
2024-06-10 12:00:00,3675.95,3682.4,3669.0,3675.55,5550.0454,0.0001,72,0.0,0.0,trending,,991.803475604662,0.0,0.0,,,991.803475604662,0.0,,trending,0.0,{},,125.0,,,,,,,933.2005678924072,0.0,0.0,0.0,933.2005678924072,0.0,0.0,0.0,2.0718937882631083,0.0,1.0,0.0,,
2024-06-10 13:00:00,3675.55,3680.0,3665.42,3673.2,6380.0093,0.0001,72,0.0,0.0,trending,,991.803475604662,0.0,0.0,,,991.803475604662,0.0,,trending,0.0,{},,126.0,,,,,,,933.2005678924072,0.0,0.0,0.0,933.2005678924072,0.0,0.0,0.0,2.5262155663019144,0.0,1.0,0.0,,
2024-06-10 14:00:00,3673.21,3680.76,3662.96,3680.7,5610.2419,0.0001,72,0.0,0.0,trending,,991.803475604662,0.0,0.0,,,991.803475604662,0.0,,trending,0.0,{},,127.0,,,,,,,933.2005678924072,0.0,0.0,0.0,933.2005678924072,0.0,0.0,0.0,0.7214273101943633,0.0,1.0,0.0,,
2024-06-10 15:00:00,3680.71,3713.67,3677.34,3702.54,19248.3596,0.0001,72,0.0,0.0,trending,,991.803475604662,0.0,0.0,,,991.803475604662,0.0,,trending,0.0,{},,128.0,,,,,,,933.2005678924072,0.0,0.0,0.0,933.2005678924072,0.0,0.0,0.0,-3.439463925155923,0.0,1.0,0.0,,
2024-06-10 16:00:00,3702.53,3705.68,3683.98,3698.5,7213.987,0.0001,72,0.0,0.0,trending,,991.803475604662,0.0,0.0,,,991.803475604662,0.0,,trending,0.0,{},,129.0,,,,,,,933.2005678924072,0.0,0.0,0.0,933.2005678924072,0.0,0.0,0.0,-2.5378860745737173,0.0,1.0,0.0,,
2024-06-10 17:00:00,3698.5,3699.22,3687.07,3696.59,3030.6345,0.0001,72,0.0,0.0,trending,,991.803475604662,0.0,0.0,,,991.803475604662,0.0,,trending,0.0,{},,130.0,,,,,,,933.2005678924072,0.0,0.0,0.0,933.2005678924072,0.0,0.0,0.0,-2.1050212193458266,0.0,1.0,0.0,,
2024-06-10 18:00:00,3696.58,3701.0,3677.22,3688.25,5519.9243,0.0001,72,0.0,0.0,trending,,991.803475604662,0.0,0.0,,,991.803475604662,0.0,,trending,0.0,{},,131.0,,,,,,,933.2005678924072,0.0,0.0,0.0,933.2005678924072,0.0,0.0,0.0,-0.2738890808294258,0.0,1.0,0.0,,
2024-06-10 19:00:00,3688.24,3689.0,3659.81,3668.33,11331.3945,0.0001,72,0.0,0.0,trending,,991.803475604662,0.0,0.0,,,991.803475604662,0.0,,trending,0.0,{},,132.0,,,,,,,933.2005678924072,0.0,0.0,0.0,933.2005678924072,0.0,0.0,0.0,3.2871688627737967,0.0,1.0,0.0,,
2024-06-10 20:00:00,3668.33,3674.78,3650.64,3672.05,9696.0755,0.0001,72,0.0,0.0,trending,,991.803475604662,0.0,0.0,,,991.803475604662,0.0,,trending,0.0,{},,133.0,,,,,,,933.2005678924072,0.0,0.0,0.0,933.2005678924072,0.0,0.0,0.0,2.4926264964941,0.0,1.0,0.0,,
2024-06-10 21:00:00,3672.05,3677.0,3665.72,3673.59,3273.613,0.0001,72,0.0,0.0,trending,,991.803475604662,0.0,0.0,,,991.803475604662,0.0,,trending,0.0,{},,134.0,,,,,,,933.2005678924072,0.0,0.0,0.0,933.2005678924072,0.0,0.0,0.0,2.1555988684692067,0.0,1.0,0.0,,
2024-06-10 22:00:00,3673.59,3674.63,3666.54,3674.63,3349.2324,0.0001,72,0.0,0.0,trending,,991.803475604662,0.0,0.0,,,991.803475604662,0.0,,trending,0.0,{},,135.0,,,,,,,933.2005678924072,0.0,0.0,0.0,933.2005678924072,0.0,0.0,0.0,1.916752865910155,0.0,1.0,0.0,,
2024-06-10 23:00:00,3674.63,3677.07,3660.0,3667.85,5133.3616,0.0001,72,0.0,0.0,trending,,991.803475604662,0.0,0.0,,,991.803475604662,0.0,,trending,0.0,{},,136.0,,,,,,,933.2005678924072,0.0,0.0,0.0,933.2005678924072,0.0,0.0,0.0,3.189044505685132,0.0,1.0,0.0,,
2024-06-11 00:00:00,3667.85,3673.0,3658.83,3662.79,5116.5913,0.0001,74,0.0,0.0,trending,,991.803475604662,0.0,0.0,,,991.803475604662,0.0,,trending,0.0,{},,137.0,,,,,,,933.2005678924072,0.0,0.0,0.0,933.2005678924072,0.0,0.0,0.0,4.088748744626736,0.0,1.0,0.0,,
2024-06-11 01:00:00,3662.79,3670.35,3605.5,3626.98,20534.6925,0.0001,74,8.69860060285941,0.0,trending,,991.803475604662,0.0,0.869860060285941,True,True,990.9407453735807,0.8697467581931705,,trending,8.69860060285941,{},,138.0,ETHUSDT,2024-06-11 01:00:00,ETHUSDT,3626.98,0.23786462320753826,LONG,933.2005678924072,0.0,0.0,0.0,933.2005678924072,0.0,0.0,0.0,8.69860060285941,8.69860060285941,1.0,8.69860060285941,True,True
2024-06-11 02:00:00,3626.98,3643.67,3567.0,3602.6,47610.6269,0.0001,74,10.67865874288401,0.0,trending,,985.1474049992947,0.8689807800656214,0.19888509422277967,False,,985.1474049992947,0.8689807800656214,,trending,1.9800581400246013,{},,139.0,ETHUSDT,2024-06-11 02:00:00,,,,,933.2005678924072,0.0,0.0,0.0,933.2005678924072,0.0,0.0,0.0,10.67865874288401,10.67865874288401,1.0,10.67865874288401,True,False
2024-06-11 03:00:00,3602.6,3612.87,3590.21,3595.6,13470.3581,0.0001,74,11.157684223857286,0.0,trending,,983.4840176892044,0.8687591844891841,0.2470092378965446,True,True,983.2410880515117,1.115797025320704,,trending,0.47902548097327546,{},,140.0,ETHUSDT,2024-06-11 03:00:00,ETHUSDT,3595.6,0.06756303195373295,LONG,933.2005678924072,0.0,0.0,0.0,933.2005678924072,0.0,0.0,0.0,11.157684223857286,11.157684223857286,1.0,11.157684223857286,True,True
2024-06-11 04:00:00,3595.6,3595.61,3533.46,3565.6,40332.6902,0.0001,74,12.85287974343076,0.0,trending,,974.0874212263284,1.1168851898591583,0.16840278448391777,False,,974.0874212263284,1.1168851898591583,,trending,1.695195519573474,{},,141.0,ETHUSDT,2024-06-11 04:00:00,,,,,933.2005678924072,0.0,0.0,0.0,933.2005678924072,0.0,0.0,0.0,12.85287974343076,12.85287974343076,1.0,12.85287974343076,True,False
2024-06-11 05:00:00,3565.6,3567.0,3542.4,3561.59,9931.0253,0.0001,74,13.044818205143578,0.0,trending,,972.8638810940288,1.1170321926654536,0.18744962784890418,False,,972.8638810940288,1.1170321926654536,,trending,0.1919384617128177,{},,142.0,ETHUSDT,2024-06-11 05:00:00,,,,,933.2005678924072,0.0,0.0,0.0,933.2005678924072,0.0,0.0,0.0,13.044818205143578,13.044818205143578,1.0,13.044818205143578,True,False
2024-06-11 06:00:00,3561.59,3570.01,3505.0,3540.79,19715.0259,0.0001,74,13.952098426664504,0.0,trending,,966.5173387619018,1.1178006732039656,0.27740916946248473,True,True,966.2492179896848,1.3953195079228153,,trending,0.9072802215209261,{},,143.0,ETHUSDT,2024-06-11 06:00:00,ETHUSDT,3540.79,0.07572343240266442,LONG,933.2005678924072,0.0,0.0,0.0,933.2005678924072,0.0,0.0,0.0,13.952098426664504,13.952098426664504,1.0,13.952098426664504,True,True
2024-06-11 07:00:00,3540.79,3548.48,3523.46,3534.6,13234.6133,0.0001,74,14.194802223330834,0.0,trending,,963.8922520828959,1.3962861663853658,0.023194055947717507,False,,963.8922520828959,1.3962861663853658,,trending,0.2427037966663299,{},,144.0,ETHUSDT,2024-06-11 07:00:00,,,,,933.2005678924072,0.0,0.0,0.0,933.2005678924072,0.0,0.0,0.0,14.194802223330834,14.194802223330834,1.0,14.194802223330834,True,False
2024-06-11 08:00:00,3534.6,3543.62,3503.4,3534.4,19229.7056,0.0001,74,14.202902128189999,0.0,trending,,963.8160980956008,1.396317478138448,0.023972734680551833,False,,963.8160980956008,1.396317478138448,,trending,0.008099904859165008,{},,145.0,ETHUSDT,2024-06-11 08:00:00,,,,,933.2005678924072,0.0,0.0,0.0,933.2005678924072,0.0,0.0,0.0,14.202902128189999,14.202902128189999,1.0,14.202902128189999,True,False
2024-06-11 09:00:00,3534.4,3541.13,3505.0,3514.8,16200.8016,0.0001,74,14.946566904369059,0.0,trending,,956.3530073406638,1.3994102203418102,0.09524647009509568,False,,956.3530073406638,1.3994102203418102,,trending,0.7436647761790596,{},,146.0,ETHUSDT,2024-06-11 09:00:00,,,,,933.2005678924072,0.0,0.0,0.0,933.2005678924072,0.0,0.0,0.0,14.946566904369059,14.946566904369059,1.0,14.946566904369059,True,False
2024-06-11 10:00:00,3514.8,3549.36,3506.03,3529.4,24251.3146,0.0001,74,11.685845941952614,0.0,trending,,961.9122484132189,1.3971018832711624,-0.22851728907590085,True,True,961.6924348338825,1.1688516970163956,,trending,-3.2607209624164444,{},,147.0,ETHUSDT,2024-06-11 10:00:00,ETHUSDT,3529.4,0.06228072174768892,REDUCE_LONG,933.2005678924072,0.0,0.0,0.0,933.2005678924072,0.0,0.0,0.0,11.685845941952614,11.685845941952614,1.0,11.685845941952614,True,True
2024-06-11 11:00:00,3529.4,3541.69,3522.0,3529.56,11823.4874,0.0001,74,11.650993611208504,0.0,trending,,961.7433931082389,1.1688427503564405,-0.0037433892355900333,False,,961.7433931082389,1.1688427503564405,,trending,-0.034852330744110205,{},,148.0,ETHUSDT,2024-06-11 11:00:00,,,,,933.2005678924072,0.0,0.0,0.0,933.2005678924072,0.0,0.0,0.0,11.650993611208504,11.650993611208504,1.0,11.650993611208504,True,False
2024-06-11 12:00:00,3529.56,3546.47,3524.22,3534.01,11303.1233,0.0001,74,10.641441197913252,0.0,trending,,963.1606701137816,1.1685943006895698,-0.10445018089824454,False,,963.1606701137816,1.1685943006895698,,trending,-1.0095524132952516,{},,149.0,ETHUSDT,2024-06-11 12:00:00,,,,,933.2005678924072,0.0,0.0,0.0,933.2005678924072,0.0,0.0,0.0,10.641441197913252,10.641441197913252,1.0,10.641441197913252,True,False
2024-06-11 13:00:00,3534.0,3545.82,3508.91,3521.24,15660.5149,0.0001,74,11.481166940604812,0.0,trending,,959.0935628416962,1.1693092373056964,-0.021192543245215134,False,,959.0935628416962,1.1693092373056964,,trending,0.8397257426915594,{},,150.0,ETHUSDT,2024-06-11 13:00:00,,,,,933.2005678924072,0.0,0.0,0.0,933.2005678924072,0.0,0.0,0.0,11.481166940604812,11.481166940604812,1.0,11.481166940604812,True,False
2024-06-11 14:00:00,3521.23,3536.38,3512.12,3513.5,13276.3418,0.0001,74,11.952491140214613,0.0,trending,,956.6284563196964,1.1697455250853037,0.025503588936157673,False,,956.6284563196964,1.1697455250853037,,trending,0.47132419960980165,{},,151.0,ETHUSDT,2024-06-11 14:00:00,,,,,933.2005678924072,0.0,0.0,0.0,933.2005678924072,0.0,0.0,0.0,11.952491140214613,11.952491140214613,1.0,11.952491140214613,True,False
2024-06-11 15:00:00,3513.5,3530.0,3432.01,3447.75,61935.2039,0.0001,74,14.656864031010953,0.0,trending,,935.6877904512855,1.1735444250600005,0.29214197804109476,True,True,935.4144367693543,1.4658224894045657,,trending,2.704372890796339,{},,152.0,ETHUSDT,2024-06-11 15:00:00,ETHUSDT,3447.75,0.07928465867053584,LONG,933.2005678924072,0.0,0.0,0.0,933.2005678924072,0.0,0.0,0.0,14.656864031010953,14.656864031010953,1.0,14.656864031010953,True,True
2024-06-11 16:00:00,3447.75,3482.07,3443.66,3452.71,28530.9546,0.0001,74,13.735856305552847,0.0,trending,,937.3870019295075,1.464842248360553,-0.09125661780526828,False,,937.3870019295075,1.464842248360553,,trending,-0.9210077254581055,{},,153.0,ETHUSDT,2024-06-11 16:00:00,,,,,933.2005678924072,0.0,0.0,0.0,933.2005678924072,0.0,0.0,0.0,13.735856305552847,13.735856305552847,1.0,13.735856305552847,True,False
2024-06-11 17:00:00,3452.71,3479.98,3432.0,3471.99,17381.1105,0.0001,74,10.35853679276243,0.0,trending,,945.0545536004252,1.4610708237961707,-0.42521714451992754,True,True,944.6527002017275,1.0362943293918694,,trending,-3.3773195127904163,{},,154.0,ETHUSDT,2024-06-11 17:00:00,ETHUSDT,3471.99,0.11574151961771999,REDUCE_LONG,933.2005678924072,0.0,0.0,0.0,933.2005678924072,0.0,0.0,0.0,10.35853679276243,10.35853679276243,1.0,10.35853679276243,True,True
2024-06-11 18:00:00,3471.98,3496.62,3465.71,3489.79,12755.9663,0.0001,74,0.0,0.0,trending,,949.6714648321139,1.0361025233796,-1.0361025233796,True,True,948.6875078310197,0.0,,trending,-10.35853679276243,{},,155.0,ETHUSDT,2024-06-11 18:00:00,ETHUSDT,3489.79,0.2819530691228281,CLOSE,933.2005678924072,0.0,0.0,0.0,933.2005678924072,0.0,0.0,0.0,7.610342968827894,0.0,1.0,0.0,True,True
2024-06-11 19:00:00,3489.79,3502.44,3477.99,3497.21,13866.3181,0.0001,74,0.0,0.0,trending,,948.6875078310197,0.0,0.0,,,948.6875078310197,0.0,,trending,0.0,{},,156.0,,,,,,,933.2005678924072,0.0,0.0,0.0,933.2005678924072,0.0,0.0,0.0,6.5321144366222885,0.0,1.0,0.0,,
2024-06-11 20:00:00,3497.21,3498.14,3483.7,3487.7,6784.7618,0.0001,74,0.0,0.0,trending,,948.6875078310197,0.0,0.0,,,948.6875078310197,0.0,,trending,0.0,{},,157.0,,,,,,,933.2005678924072,0.0,0.0,0.0,933.2005678924072,0.0,0.0,0.0,7.220927446280803,0.0,1.0,0.0,,
2024-06-11 21:00:00,3487.7,3503.03,3485.8,3501.86,4218.6423,0.0001,74,0.0,0.0,trending,,948.6875078310197,0.0,0.0,,,948.6875078310197,0.0,,trending,0.0,{},,158.0,,,,,,,933.2005678924072,0.0,0.0,0.0,933.2005678924072,0.0,0.0,0.0,5.15774642304643,0.0,1.0,0.0,,
2024-06-11 22:00:00,3501.86,3509.0,3497.18,3500.6,6583.617,0.0001,74,0.0,0.0,trending,,948.6875078310197,0.0,0.0,,,948.6875078310197,0.0,,trending,0.0,{},,159.0,,,,,,,933.2005678924072,0.0,0.0,0.0,933.2005678924072,0.0,0.0,0.0,5.264768923404251,0.0,1.0,0.0,,
2024-06-11 23:00:00,3500.61,3509.65,3492.99,3497.33,5821.1106,0.0001,74,0.0,0.0,trending,,948.6875078310197,0.0,0.0,,,948.6875078310197,0.0,,trending,0.0,{},,160.0,,,,,,,933.2005678924072,0.0,0.0,0.0,933.2005678924072,0.0,0.0,0.0,5.555846484537333,0.0,1.0,0.0,,
2024-06-12 00:00:00,3497.33,3505.59,3489.26,3492.99,5904.547,0.0001,72,0.0,0.0,trending,,948.6875078310197,0.0,0.0,,,948.6875078310197,0.0,,trending,0.0,{},,161.0,,,,,,,933.2005678924072,0.0,0.0,0.0,933.2005678924072,0.0,0.0,0.0,5.95252041197698,0.0,1.0,0.0,,
2024-06-12 01:00:00,3492.99,3495.77,3462.07,3482.67,10370.7214,0.0001,72,0.0,0.0,trending,,948.6875078310197,0.0,0.0,,,948.6875078310197,0.0,,trending,0.0,{},,162.0,,,,,,,933.2005678924072,0.0,0.0,0.0,933.2005678924072,0.0,0.0,0.0,6.875469397693604,0.0,1.0,0.0,,
2024-06-12 02:00:00,3482.66,3507.33,3476.38,3498.61,11712.2962,0.0001,72,0.0,0.0,trending,,948.6875078310197,0.0,0.0,,,948.6875078310197,0.0,,trending,0.0,{},,163.0,,,,,,,933.2005678924072,0.0,0.0,0.0,933.2005678924072,0.0,0.0,0.0,4.227670955866285,0.0,1.0,0.0,,
2024-06-12 03:00:00,3498.6,3513.78,3495.27,3509.99,8121.5746,0.0001,72,0.0,0.0,trending,,948.6875078310197,0.0,0.0,,,948.6875078310197,0.0,,trending,0.0,{},,164.0,,,,,,,933.2005678924072,0.0,0.0,0.0,933.2005678924072,0.0,0.0,0.0,2.5217568250725666,0.0,1.0,0.0,,
2024-06-12 04:00:00,3509.99,3532.39,3509.06,3521.48,10218.7638,0.0001,72,0.0,0.0,trending,,948.6875078310197,0.0,0.0,,,948.6875078310197,0.0,,trending,0.0,{},,165.0,,,,,,,933.2005678924072,0.0,0.0,0.0,933.2005678924072,0.0,0.0,0.0,0.9200526932434372,0.0,1.0,0.0,,
2024-06-12 05:00:00,3521.48,3521.99,3507.02,3508.56,7408.079,0.0001,72,0.0,0.0,trending,,948.6875078310197,0.0,0.0,,,948.6875078310197,0.0,,trending,0.0,{},,166.0,,,,,,,933.2005678924072,0.0,0.0,0.0,933.2005678924072,0.0,0.0,0.0,2.4329306232014773,0.0,1.0,0.0,,
2024-06-12 06:00:00,3508.56,3521.5,3507.7,3516.0,5451.3397,0.0001,72,0.0,0.0,trending,,948.6875078310197,0.0,0.0,,,948.6875078310197,0.0,,trending,0.0,{},,167.0,,,,,,,933.2005678924072,0.0,0.0,0.0,933.2005678924072,0.0,0.0,0.0,1.381553142635835,0.0,1.0,0.0,,
2024-06-12 07:00:00,3515.99,3527.67,3514.44,3526.71,5960.007,0.0001,72,0.0,0.0,trending,,948.6875078310197,0.0,0.0,,,948.6875078310197,0.0,,trending,0.0,{},,168.0,,,,,,,933.2005678924072,0.0,0.0,0.0,933.2005678924072,0.0,0.0,0.0,-0.06673065181544473,0.0,1.0,0.0,,
2024-06-12 08:00:00,3526.7,3531.71,3519.81,3520.2,6557.5425,0.0001,72,0.0,0.0,trending,,948.6875078310197,0.0,0.0,,,948.6875078310197,0.0,,trending,0.0,{},,169.0,,,,,,,933.2005678924072,0.0,0.0,0.0,933.2005678924072,0.0,0.0,0.0,0.7852391970548326,0.0,1.0,0.0,,
2024-06-12 09:00:00,3520.2,3542.6,3516.95,3538.86,9129.5565,0.0001,72,0.0,0.0,trending,,948.6875078310197,0.0,0.0,,,948.6875078310197,0.0,,trending,0.0,{},,170.0,,,,,,,933.2005678924072,0.0,0.0,0.0,933.2005678924072,0.0,0.0,0.0,-1.6231915742435974,0.0,1.0,0.0,,
2024-06-12 10:00:00,3538.85,3563.56,3536.86,3544.15,14820.8389,0.0001,72,0.0,0.0,trending,,948.6875078310197,0.0,0.0,,,948.6875078310197,0.0,,trending,0.0,{},,171.0,,,,,,,933.2005678924072,0.0,0.0,0.0,933.2005678924072,0.0,0.0,0.0,-2.251067357950427,0.0,1.0,0.0,,
2024-06-12 11:00:00,3544.16,3549.43,3529.4,3531.72,7725.6011,0.0001,72,0.0,0.0,trending,,948.6875078310197,0.0,0.0,,,948.6875078310197,0.0,,trending,0.0,{},,172.0,,,,,,,933.2005678924072,0.0,0.0,0.0,933.2005678924072,0.0,0.0,0.0,-0.4803607662406222,0.0,1.0,0.0,,
2024-06-12 12:00:00,3531.73,3642.26,3531.4,3638.4,76240.3552,0.0001,72,-8.752846477338323,0.0,trending,,948.6875078310197,0.0,-0.8752846477338323,True,True,947.8571362199184,-0.8760514421117378,,trending,-8.752846477338323,{},,173.0,ETHUSDT,2024-06-12 12:00:00,ETHUSDT,3638.4,0.22822438739593265,SHORT,933.2005678924072,0.0,0.0,0.0,933.2005678924072,0.0,0.0,0.0,-8.752846477338323,-8.752846477338323,1.0,-8.752846477338323,True,True
2024-06-12 13:00:00,3638.41,3659.01,3603.01,3615.07,41274.472,0.0001,72,0.0,0.0,trending,,953.1816111778655,-0.8655718138790855,0.8655718138790855,True,True,952.355738168713,0.0,,trending,8.752846477338323,{},,174.0,ETHUSDT,2024-06-12 13:00:00,ETHUSDT,3615.07,-0.22822438739593265,CLOSE,933.2005678924072,0.0,0.0,0.0,933.2005678924072,0.0,0.0,0.0,-6.143428615608014,0.0,1.0,0.0,True,True
2024-06-12 14:00:00,3615.06,3642.05,3614.74,3635.27,17653.8843,0.0001,72,0.0,0.0,trending,,952.355738168713,0.0,0.0,,,952.355738168713,0.0,,trending,0.0,{},,175.0,,,,,,,933.2005678924072,0.0,0.0,0.0,933.2005678924072,0.0,0.0,0.0,-7.22451771576217,0.0,1.0,0.0,,
2024-06-12 15:00:00,3635.26,3646.7,3610.76,3618.32,18554.022,0.0001,72,0.0,0.0,trending,,952.355738168713,0.0,0.0,,,952.355738168713,0.0,,trending,0.0,{},,176.0,,,,,,,933.2005678924072,0.0,0.0,0.0,933.2005678924072,0.0,0.0,0.0,-5.431513674313334,0.0,1.0,0.0,,
2024-06-12 16:00:00,3618.32,3623.2,3588.0,3616.41,13290.1244,0.0001,72,0.0,0.0,trending,,952.355738168713,0.0,0.0,,,952.355738168713,0.0,,trending,0.0,{},,177.0,,,,,,,933.2005678924072,0.0,0.0,0.0,933.2005678924072,0.0,0.0,0.0,-5.229873119641363,0.0,1.0,0.0,,
2024-06-12 17:00:00,3616.41,3625.7,3607.0,3623.2,7334.264,0.0001,72,0.0,0.0,trending,,952.355738168713,0.0,0.0,,,952.355738168713,0.0,,trending,0.0,{},,178.0,,,,,,,933.2005678924072,0.0,0.0,0.0,933.2005678924072,0.0,0.0,0.0,-5.665015169565476,0.0,1.0,0.0,,
2024-06-12 18:00:00,3623.2,3623.98,3553.33,3567.15,52171.7793,0.0001,72,0.0,0.0,trending,,952.355738168713,0.0,0.0,,,952.355738168713,0.0,,trending,0.0,{},,179.0,,,,,,,933.2005678924072,0.0,0.0,0.0,933.2005678924072,0.0,0.0,0.0,-0.33838870231383,0.0,1.0,0.0,,
2024-06-12 19:00:00,3567.15,3594.97,3513.32,3529.01,32117.5101,0.0001,72,0.0,0.0,trending,,952.355738168713,0.0,0.0,,,952.355738168713,0.0,,trending,0.0,{},,180.0,,,,,,,933.2005678924072,0.0,0.0,0.0,933.2005678924072,0.0,0.0,0.0,2.346534265797311,0.0,1.0,0.0,,
2024-06-12 20:00:00,3529.01,3562.38,3521.88,3556.05,11477.9055,0.0001,72,0.0,0.0,trending,,952.355738168713,0.0,0.0,,,952.355738168713,0.0,,trending,0.0,{},,181.0,,,,,,,933.2005678924072,0.0,0.0,0.0,933.2005678924072,0.0,0.0,0.0,0.300419424510244,0.0,1.0,0.0,,
2024-06-12 21:00:00,3556.05,3574.39,3556.05,3566.01,5474.7854,0.0001,72,0.0,0.0,trending,,952.355738168713,0.0,0.0,,,952.355738168713,0.0,,trending,0.0,{},,182.0,,,,,,,933.2005678924072,0.0,0.0,0.0,933.2005678924072,0.0,0.0,0.0,-0.41107669093516963,0.0,1.0,0.0,,
2024-06-12 22:00:00,3566.01,3572.51,3561.36,3571.5,4223.605,0.0001,72,0.0,0.0,trending,,952.355738168713,0.0,0.0,,,952.355738168713,0.0,,trending,0.0,{},,183.0,,,,,,,933.2005678924072,0.0,0.0,0.0,933.2005678924072,0.0,0.0,0.0,-0.8103065696738497,0.0,1.0,0.0,,
2024-06-12 23:00:00,3571.49,3571.5,3558.96,3560.12,3850.1991,0.0001,72,0.0,0.0,trending,,952.355738168713,0.0,0.0,,,952.355738168713,0.0,,trending,0.0,{},,184.0,,,,,,,933.2005678924072,0.0,0.0,0.0,933.2005678924072,0.0,0.0,0.0,0.09527716725787627,0.0,1.0,0.0,,
2024-06-13 00:00:00,3560.13,3561.65,3545.1,3558.56,6400.1114,0.0001,70,0.0,0.0,trending,,952.355738168713,0.0,0.0,,,952.355738168713,0.0,,trending,0.0,{},,185.0,,,,,,,933.2005678924072,0.0,0.0,0.0,933.2005678924072,0.0,0.0,0.0,0.22232819118750627,0.0,1.0,0.0,,
2024-06-13 01:00:00,3558.57,3559.82,3537.0,3539.23,5599.3058,0.0001,70,0.0,0.0,trending,,952.355738168713,0.0,0.0,,,952.355738168713,0.0,,trending,0.0,{},,186.0,,,,,,,933.2005678924072,0.0,0.0,0.0,933.2005678924072,0.0,0.0,0.0,1.7747263335340138,0.0,1.0,0.0,,
2024-06-13 02:00:00,3539.24,3544.57,3504.35,3512.36,18311.4638,0.0001,70,0.0,0.0,trending,,952.355738168713,0.0,0.0,,,952.355738168713,0.0,,trending,0.0,{},,187.0,,,,,,,933.2005678924072,0.0,0.0,0.0,933.2005678924072,0.0,0.0,0.0,3.6910576999282485,0.0,1.0,0.0,,
2024-06-13 03:00:00,3512.37,3516.0,3476.21,3503.0,34018.323,0.0001,70,0.0,0.0,trending,,952.355738168713,0.0,0.0,,,952.355738168713,0.0,,trending,0.0,{},,188.0,,,,,,,933.2005678924072,0.0,0.0,0.0,933.2005678924072,0.0,0.0,0.0,4.309960466637785,0.0,1.0,0.0,,
2024-06-13 04:00:00,3502.99,3517.32,3495.0,3495.19,7699.1162,0.0001,70,0.0,0.0,trending,,952.355738168713,0.0,0.0,,,952.355738168713,0.0,,trending,0.0,{},,189.0,,,,,,,933.2005678924072,0.0,0.0,0.0,933.2005678924072,0.0,0.0,0.0,4.827347554871622,0.0,1.0,0.0,,
2024-06-13 05:00:00,3495.19,3515.54,3495.19,3510.3,6207.826,0.0001,70,0.0,0.0,trending,,952.355738168713,0.0,0.0,,,952.355738168713,0.0,,trending,0.0,{},,190.0,,,,,,,933.2005678924072,0.0,0.0,0.0,933.2005678924072,0.0,0.0,0.0,3.231252271030289,0.0,1.0,0.0,,
2024-06-13 06:00:00,3510.3,3511.48,3484.04,3492.76,8872.1454,0.0001,70,0.0,0.0,trending,,952.355738168713,0.0,0.0,,,952.355738168713,0.0,,trending,0.0,{},,191.0,,,,,,,933.2005678924072,0.0,0.0,0.0,933.2005678924072,0.0,0.0,0.0,4.478659365492331,0.0,1.0,0.0,,
2024-06-13 07:00:00,3492.75,3507.73,3485.07,3507.53,7858.7866,0.0001,70,0.0,0.0,trending,,952.355738168713,0.0,0.0,,,952.355738168713,0.0,,trending,0.0,{},,192.0,,,,,,,933.2005678924072,0.0,0.0,0.0,933.2005678924072,0.0,0.0,0.0,2.931695760891685,0.0,1.0,0.0,,
2024-06-13 08:00:00,3507.53,3511.72,3502.54,3503.69,6669.3815,0.0001,70,0.0,0.0,trending,,952.355738168713,0.0,0.0,,,952.355738168713,0.0,,trending,0.0,{},,193.0,,,,,,,933.2005678924072,0.0,0.0,0.0,933.2005678924072,0.0,0.0,0.0,3.2284518135417444,0.0,1.0,0.0,,
2024-06-13 09:00:00,3503.69,3503.69,3472.6,3490.51,11005.9194,0.0001,70,0.0,0.0,trending,,952.355738168713,0.0,0.0,,,952.355738168713,0.0,,trending,0.0,{},,194.0,,,,,,,933.2005678924072,0.0,0.0,0.0,933.2005678924072,0.0,0.0,0.0,4.2412013396146735,0.0,1.0,0.0,,
2024-06-13 10:00:00,3490.51,3511.86,3472.85,3502.98,10497.507,0.0001,70,0.0,0.0,trending,,952.355738168713,0.0,0.0,,,952.355738168713,0.0,,trending,0.0,{},,195.0,,,,,,,933.2005678924072,0.0,0.0,0.0,933.2005678924072,0.0,0.0,0.0,2.836168669243958,0.0,1.0,0.0,,
2024-06-13 11:00:00,3502.98,3507.63,3493.41,3497.17,7873.9703,0.0001,70,0.0,0.0,trending,,952.355738168713,0.0,0.0,,,952.355738168713,0.0,,trending,0.0,{},,196.0,,,,,,,933.2005678924072,0.0,0.0,0.0,933.2005678924072,0.0,0.0,0.0,3.321218703094539,0.0,1.0,0.0,,
2024-06-13 12:00:00,3497.17,3539.83,3478.65,3493.84,23532.4668,0.0001,70,0.0,0.0,trending,,952.355738168713,0.0,0.0,,,952.355738168713,0.0,,trending,0.0,{},,197.0,,,,,,,933.2005678924072,0.0,0.0,0.0,933.2005678924072,0.0,0.0,0.0,3.607167726348192,0.0,1.0,0.0,,
2024-06-13 13:00:00,3493.84,3522.42,3485.42,3500.04,15001.7454,0.0001,70,0.0,0.0,trending,,952.355738168713,0.0,0.0,,,952.355738168713,0.0,,trending,0.0,{},,198.0,,,,,,,933.2005678924072,0.0,0.0,0.0,933.2005678924072,0.0,0.0,0.0,2.822631568737293,0.0,1.0,0.0,,
2024-06-13 14:00:00,3500.04,3527.28,3475.05,3507.8,26697.9534,0.0001,70,0.0,0.0,trending,,952.355738168713,0.0,0.0,,,952.355738168713,0.0,,trending,0.0,{},,199.0,,,,,,,933.2005678924072,0.0,0.0,0.0,933.2005678924072,0.0,0.0,0.0,1.8441167478369977,0.0,1.0,0.0,,
2024-06-13 15:00:00,3507.81,3509.48,3433.0,3441.73,42211.8138,0.0001,70,0.0,0.0,trending,,952.355738168713,0.0,0.0,,,952.355738168713,0.0,,trending,0.0,{},,200.0,,,,,,,933.2005678924072,0.0,0.0,0.0,933.2005678924072,0.0,0.0,0.0,6.967463586772585,0.0,1.0,0.0,,
2024-06-13 16:00:00,3441.73,3470.66,3428.0,3470.55,22857.2262,0.0001,70,0.0,0.0,trending,,952.355738168713,0.0,0.0,,,952.355738168713,0.0,,trending,0.0,{},,201.0,,,,,,,933.2005678924072,0.0,0.0,0.0,933.2005678924072,0.0,0.0,0.0,3.8110862355160777,0.0,1.0,0.0,,
2024-06-13 17:00:00,3470.55,3478.02,3451.19,3470.01,8273.301,0.0001,70,0.0,0.0,trending,,952.355738168713,0.0,0.0,,,952.355738168713,0.0,,trending,0.0,{},,202.0,,,,,,,933.2005678924072,0.0,0.0,0.0,933.2005678924072,0.0,0.0,0.0,3.8492144087862017,0.0,1.0,0.0,,
2024-06-13 18:00:00,3470.01,3479.34,3462.0,3475.48,4497.936,0.0001,70,0.0,0.0,trending,,952.355738168713,0.0,0.0,,,952.355738168713,0.0,,trending,0.0,{},,203.0,,,,,,,933.2005678924072,0.0,0.0,0.0,933.2005678924072,0.0,0.0,0.0,3.2515860074853524,0.0,1.0,0.0,,
2024-06-13 19:00:00,3475.48,3491.55,3471.38,3481.43,5145.1051,0.0001,70,0.0,0.0,trending,,952.355738168713,0.0,0.0,,,952.355738168713,0.0,,trending,0.0,{},,204.0,,,,,,,933.2005678924072,0.0,0.0,0.0,933.2005678924072,0.0,0.0,0.0,2.5885037088181324,0.0,1.0,0.0,,
2024-06-13 20:00:00,3481.43,3491.55,3466.78,3478.27,4936.9135,0.0001,70,0.0,0.0,trending,,952.355738168713,0.0,0.0,,,952.355738168713,0.0,,trending,0.0,{},,205.0,,,,,,,933.2005678924072,0.0,0.0,0.0,933.2005678924072,0.0,0.0,0.0,2.8679374616819304,0.0,1.0,0.0,,
2024-06-13 21:00:00,3478.27,3485.93,3461.99,3485.93,6139.2907,0.0001,70,0.0,0.0,trending,,952.355738168713,0.0,0.0,,,952.355738168713,0.0,,trending,0.0,{},,206.0,,,,,,,933.2005678924072,0.0,0.0,0.0,933.2005678924072,0.0,0.0,0.0,1.9483920148244125,0.0,1.0,0.0,,
2024-06-13 22:00:00,3485.93,3485.93,3473.29,3481.79,4314.4344,0.0001,70,0.0,0.0,trending,,952.355738168713,0.0,0.0,,,952.355738168713,0.0,,trending,0.0,{},,207.0,,,,,,,933.2005678924072,0.0,0.0,0.0,933.2005678924072,0.0,0.0,0.0,2.3612162734717317,0.0,1.0,0.0,,
2024-06-13 23:00:00,3481.79,3481.79,3461.59,3469.4,5608.7872,0.0001,70,0.0,0.0,trending,,952.355738168713,0.0,0.0,,,952.355738168713,0.0,,trending,0.0,{},,208.0,,,,,,,933.2005678924072,0.0,0.0,0.0,933.2005678924072,0.0,0.0,0.0,3.572069921335134,0.0,1.0,0.0,,
2024-06-14 00:00:00,3469.4,3479.14,3461.4,3473.47,7072.3545,0.0001,74,0.0,0.0,trending,,952.355738168713,0.0,0.0,,,952.355738168713,0.0,,trending,0.0,{},,209.0,,,,,,,933.2005678924072,0.0,0.0,0.0,933.2005678924072,0.0,0.0,0.0,3.013218097859428,0.0,1.0,0.0,,
2024-06-14 01:00:00,3473.47,3488.6,3457.37,3487.04,8548.142,0.0001,74,0.0,0.0,trending,,952.355738168713,0.0,0.0,,,952.355738168713,0.0,,trending,0.0,{},,210.0,,,,,,,933.2005678924072,0.0,0.0,0.0,933.2005678924072,0.0,0.0,0.0,1.2077963467800517,0.0,1.0,0.0,,
2024-06-14 02:00:00,3487.04,3509.64,3480.39,3505.61,10011.1434,0.0001,74,0.0,0.0,trending,,952.355738168713,0.0,0.0,,,952.355738168713,0.0,,trending,0.0,{},,211.0,,,,,,,933.2005678924072,0.0,0.0,0.0,933.2005678924072,0.0,0.0,0.0,-0.9900608025906366,0.0,1.0,0.0,,
2024-06-14 03:00:00,3505.61,3510.53,3489.13,3490.91,8365.9114,0.0001,74,0.0,0.0,trending,,952.355738168713,0.0,0.0,,,952.355738168713,0.0,,trending,0.0,{},,212.0,,,,,,,933.2005678924072,0.0,0.0,0.0,933.2005678924072,0.0,0.0,0.0,0.7138291854106996,0.0,1.0,0.0,,
2024-06-14 04:00:00,3490.91,3500.0,3490.46,3496.8,6644.6749,0.0001,74,0.0,0.0,trending,,952.355738168713,0.0,0.0,,,952.355738168713,0.0,,trending,0.0,{},,213.0,,,,,,,933.2005678924072,0.0,0.0,0.0,933.2005678924072,0.0,0.0,0.0,0.012810684595535804,0.0,1.0,0.0,,
2024-06-14 05:00:00,3496.8,3528.6,3496.29,3522.21,13762.5112,0.0001,74,0.0,0.0,trending,,952.355738168713,0.0,0.0,,,952.355738168713,0.0,,trending,0.0,{},,214.0,,,,,,,933.2005678924072,0.0,0.0,0.0,933.2005678924072,0.0,0.0,0.0,-2.7062357358756373,0.0,1.0,0.0,,
2024-06-14 06:00:00,3522.21,3532.61,3510.62,3518.21,9504.8271,0.0001,74,0.0,0.0,trending,,952.355738168713,0.0,0.0,,,952.355738168713,0.0,,trending,0.0,{},,215.0,,,,,,,933.2005678924072,0.0,0.0,0.0,933.2005678924072,0.0,0.0,0.0,-2.195027339757226,0.0,1.0,0.0,,
2024-06-14 07:00:00,3518.21,3526.01,3514.4,3516.61,10618.2885,0.0001,74,0.0,0.0,trending,,952.355738168713,0.0,0.0,,,952.355738168713,0.0,,trending,0.0,{},,216.0,,,,,,,933.2005678924072,0.0,0.0,0.0,933.2005678924072,0.0,0.0,0.0,-1.981817107633296,0.0,1.0,0.0,,
2024-06-14 08:00:00,3516.61,3530.25,3513.7,3522.51,8909.3014,0.0001,74,0.0,0.0,trending,,952.355738168713,0.0,0.0,,,952.355738168713,0.0,,trending,0.0,{},,217.0,,,,,,,933.2005678924072,0.0,0.0,0.0,933.2005678924072,0.0,0.0,0.0,-2.643854822701167,0.0,1.0,0.0,,
2024-06-14 09:00:00,3522.51,3523.5,3512.7,3513.81,7424.0342,0.0001,74,0.0,0.0,trending,,952.355738168713,0.0,0.0,,,952.355738168713,0.0,,trending,0.0,{},,218.0,,,,,,,933.2005678924072,0.0,0.0,0.0,933.2005678924072,0.0,0.0,0.0,-1.3954845410457695,0.0,1.0,0.0,,
2024-06-14 10:00:00,3513.8,3517.96,3508.21,3512.59,6005.4079,0.0001,74,0.0,0.0,trending,,952.355738168713,0.0,0.0,,,952.355738168713,0.0,,trending,0.0,{},,219.0,,,,,,,933.2005678924072,0.0,0.0,0.0,933.2005678924072,0.0,0.0,0.0,-1.218828529278639,0.0,1.0,0.0,,
2024-06-14 11:00:00,3512.59,3522.0,3505.69,3515.8,6286.008,0.0001,74,0.0,0.0,trending,,952.355738168713,0.0,0.0,,,952.355738168713,0.0,,trending,0.0,{},,220.0,,,,,,,933.2005678924072,0.0,0.0,0.0,933.2005678924072,0.0,0.0,0.0,-1.6481847116968398,0.0,1.0,0.0,,
2024-06-14 12:00:00,3515.8,3525.56,3508.48,3513.24,7958.2086,0.0001,74,0.0,0.0,trending,,952.355738168713,0.0,0.0,,,952.355738168713,0.0,,trending,0.0,{},,221.0,,,,,,,933.2005678924072,0.0,0.0,0.0,933.2005678924072,0.0,0.0,0.0,-1.2313173832328859,0.0,1.0,0.0,,
2024-06-14 13:00:00,3513.23,3520.51,3506.8,3507.63,6267.6797,0.0001,74,0.0,0.0,trending,,952.355738168713,0.0,0.0,,,952.355738168713,0.0,,trending,0.0,{},,222.0,,,,,,,933.2005678924072,0.0,0.0,0.0,933.2005678924072,0.0,0.0,0.0,-0.30839832282237867,0.0,1.0,0.0,,
2024-06-14 14:00:00,3507.63,3510.39,3466.38,3488.99,21105.2649,0.0001,74,0.0,0.0,trending,,952.355738168713,0.0,0.0,,,952.355738168713,0.0,,trending,0.0,{},,223.0,,,,,,,933.2005678924072,0.0,0.0,0.0,933.2005678924072,0.0,0.0,0.0,2.425270459823014,0.0,1.0,0.0,,
2024-06-14 15:00:00,3489.0,3497.55,3460.17,3462.41,10909.6545,0.0001,74,0.0,0.0,trending,,952.355738168713,0.0,0.0,,,952.355738168713,0.0,,trending,0.0,{},,224.0,,,,,,,933.2005678924072,0.0,0.0,0.0,933.2005678924072,0.0,0.0,0.0,5.435834226765792,0.0,1.0,0.0,,
2024-06-14 16:00:00,3462.41,3467.4,3390.0,3403.21,58809.7394,0.0001,74,9.67722331770761,0.0,trending,,952.355738168713,0.0,0.967722331770761,True,True,951.4341222530971,0.9676910656935167,,trending,9.67722331770761,{},,225.0,ETHUSDT,2024-06-14 16:00:00,ETHUSDT,3403.21,0.27080783014151083,LONG,933.2005678924072,0.0,0.0,0.0,933.2005678924072,0.0,0.0,0.0,9.67722331770761,9.67722331770761,1.0,9.67722331770761,True,True
2024-06-14 17:00:00,3403.21,3412.37,3380.1,3389.62,16865.3976,0.0001,74,10.37049972008008,0.0,trending,,947.7575241198856,0.9675657309274671,0.06948424108054085,False,,947.7575241198856,0.9675657309274671,,trending,0.6932764023724705,{},,226.0,ETHUSDT,2024-06-14 17:00:00,,,,,933.2005678924072,0.0,0.0,0.0,933.2005678924072,0.0,0.0,0.0,10.37049972008008,10.37049972008008,1.0,10.37049972008008,True,False
2024-06-14 18:00:00,3389.62,3394.4,3362.26,3387.6,17081.3675,0.0001,74,10.472916773299488,0.0,trending,,947.2110393348166,0.9675470182712301,0.07974465905871864,False,,947.2110393348166,0.9675470182712301,,trending,0.10241705321940842,{},,227.0,ETHUSDT,2024-06-14 18:00:00,,,,,933.2005678924072,0.0,0.0,0.0,933.2005678924072,0.0,0.0,0.0,10.472916773299488,10.472916773299488,1.0,10.472916773299488,True,False
2024-06-14 19:00:00,3387.6,3408.5,3374.28,3406.21,10754.5811,0.0001,74,0.0,0.0,trending,,952.2457333200313,0.9677186030063409,-0.9677186030063409,True,True,951.324227409264,0.0,,trending,-10.472916773299488,{},,228.0,ETHUSDT,2024-06-14 19:00:00,ETHUSDT,3406.21,0.27053702231136934,CLOSE,933.2005678924072,0.0,0.0,0.0,933.2005678924072,0.0,0.0,0.0,7.564156641486159,0.0,1.0,0.0,True,True
2024-06-14 20:00:00,3406.21,3426.96,3404.19,3413.32,8534.9273,0.0001,74,0.0,0.0,trending,,951.324227409264,0.0,0.0,,,951.324227409264,0.0,,trending,0.0,{},,229.0,,,,,,,933.2005678924072,0.0,0.0,0.0,933.2005678924072,0.0,0.0,0.0,6.522513665953892,0.0,1.0,0.0,,
2024-06-14 21:00:00,3413.32,3528.93,3411.0,3504.21,37288.0404,0.0001,74,0.0,0.0,trending,,951.324227409264,0.0,0.0,,,951.324227409264,0.0,,trending,0.0,{},,230.0,,,,,,,933.2005678924072,0.0,0.0,0.0,933.2005678924072,0.0,0.0,0.0,-2.5537310619690547,0.0,1.0,0.0,,
2024-06-14 22:00:00,3504.21,3505.0,3463.08,3485.02,17854.259,0.0001,74,0.0,0.0,trending,,951.324227409264,0.0,0.0,,,951.324227409264,0.0,,trending,0.0,{},,231.0,,,,,,,933.2005678924072,0.0,0.0,0.0,933.2005678924072,0.0,0.0,0.0,-0.9255172564415659,0.0,1.0,0.0,,
2024-06-14 23:00:00,3485.02,3490.14,3471.6,3481.8,5734.6969,0.0001,74,0.0,0.0,trending,,951.324227409264,0.0,0.0,,,951.324227409264,0.0,,trending,0.0,{},,232.0,,,,,,,933.2005678924072,0.0,0.0,0.0,933.2005678924072,0.0,0.0,0.0,-0.6560492600360335,0.0,1.0,0.0,,
2024-06-15 00:00:00,3481.8,3500.85,3478.46,3492.56,10546.327,0.0001,74,0.0,0.0,trending,,951.324227409264,0.0,0.0,,,951.324227409264,0.0,,trending,0.0,{},,233.0,,,,,,,933.2005678924072,0.0,0.0,0.0,933.2005678924072,0.0,0.0,0.0,-1.512773755765676,0.0,1.0,0.0,,
2024-06-15 01:00:00,3492.56,3503.03,3476.9,3477.78,5048.3205,0.0001,74,0.0,0.0,trending,,951.324227409264,0.0,0.0,,,951.324227409264,0.0,,trending,0.0,{},,234.0,,,,,,,933.2005678924072,0.0,0.0,0.0,933.2005678924072,0.0,0.0,0.0,-0.19002135425853908,0.0,1.0,0.0,,
2024-06-15 02:00:00,3477.78,3489.01,3473.1,3485.0,3571.0606,0.0001,74,0.0,0.0,trending,,951.324227409264,0.0,0.0,,,951.324227409264,0.0,,trending,0.0,{},,235.0,,,,,,,933.2005678924072,0.0,0.0,0.0,933.2005678924072,0.0,0.0,0.0,-0.8107304951705345,0.0,1.0,0.0,,
2024-06-15 03:00:00,3485.0,3505.01,3485.0,3504.4,7998.6678,0.0001,74,0.0,0.0,trending,,951.324227409264,0.0,0.0,,,951.324227409264,0.0,,trending,0.0,{},,236.0,,,,,,,933.2005678924072,0.0,0.0,0.0,933.2005678924072,0.0,0.0,0.0,-2.4059469571152934,0.0,1.0,0.0,,
2024-06-15 04:00:00,3504.4,3516.0,3498.29,3509.0,16377.235,0.0001,74,0.0,0.0,trending,,951.324227409264,0.0,0.0,,,951.324227409264,0.0,,trending,0.0,{},,237.0,,,,,,,933.2005678924072,0.0,0.0,0.0,933.2005678924072,0.0,0.0,0.0,-2.771671628747569,0.0,1.0,0.0,,
2024-06-15 05:00:00,3509.0,3529.7,3508.0,3526.91,16609.2363,0.0001,74,0.0,0.0,trending,,951.324227409264,0.0,0.0,,,951.324227409264,0.0,,trending,0.0,{},,238.0,,,,,,,933.2005678924072,0.0,0.0,0.0,933.2005678924072,0.0,0.0,0.0,-4.152862902232132,0.0,1.0,0.0,,
2024-06-15 06:00:00,3526.91,3557.81,3526.9,3539.58,24296.7097,0.0001,74,0.0,0.0,trending,,951.324227409264,0.0,0.0,,,951.324227409264,0.0,,trending,0.0,{},,239.0,,,,,,,933.2005678924072,0.0,0.0,0.0,933.2005678924072,0.0,0.0,0.0,-5.065024939352461,0.0,1.0,0.0,,
2024-06-15 07:00:00,3539.58,3549.62,3526.5,3529.61,13054.5613,0.0001,74,0.0,0.0,trending,,951.324227409264,0.0,0.0,,,951.324227409264,0.0,,trending,0.0,{},,240.0,,,,,,,933.2005678924072,0.0,0.0,0.0,933.2005678924072,0.0,0.0,0.0,-3.8992646598998193,0.0,1.0,0.0,,
2024-06-15 08:00:00,3529.61,3540.25,3527.6,3534.5,6601.5608,0.0001,74,0.0,0.0,trending,,951.324227409264,0.0,0.0,,,951.324227409264,0.0,,trending,0.0,{},,241.0,,,,,,,933.2005678924072,0.0,0.0,0.0,933.2005678924072,0.0,0.0,0.0,-4.285320490635917,0.0,1.0,0.0,,
2024-06-15 09:00:00,3534.5,3540.8,3519.49,3532.21,10089.6667,0.0001,74,0.0,0.0,trending,,951.324227409264,0.0,0.0,,,951.324227409264,0.0,,trending,0.0,{},,242.0,,,,,,,933.2005678924072,0.0,0.0,0.0,933.2005678924072,0.0,0.0,0.0,-3.995160441578645,0.0,1.0,0.0,,
2024-06-15 10:00:00,3532.21,3538.65,3527.8,3538.45,5581.2259,0.0001,74,0.0,0.0,trending,,951.324227409264,0.0,0.0,,,951.324227409264,0.0,,trending,0.0,{},,243.0,,,,,,,933.2005678924072,0.0,0.0,0.0,933.2005678924072,0.0,0.0,0.0,-4.537304633021603,0.0,1.0,0.0,,
2024-06-15 11:00:00,3538.45,3542.3,3533.33,3539.4,7592.6831,0.0001,74,0.0,0.0,trending,,951.324227409264,0.0,0.0,,,951.324227409264,0.0,,trending,0.0,{},,244.0,,,,,,,933.2005678924072,0.0,0.0,0.0,933.2005678924072,0.0,0.0,0.0,-4.622703590368204,0.0,1.0,0.0,,
2024-06-15 12:00:00,3539.4,3565.88,3537.75,3565.02,14731.0113,0.0001,74,0.0,0.0,trending,,951.324227409264,0.0,0.0,,,951.324227409264,0.0,,trending,0.0,{},,245.0,,,,,,,933.2005678924072,0.0,0.0,0.0,933.2005678924072,0.0,0.0,0.0,-6.748365704888659,0.0,1.0,0.0,,
2024-06-15 13:00:00,3565.02,3570.79,3549.3,3569.18,13598.3179,0.0001,74,0.0,0.0,trending,,951.324227409264,0.0,0.0,,,951.324227409264,0.0,,trending,0.0,{},,246.0,,,,,,,933.2005678924072,0.0,0.0,0.0,933.2005678924072,0.0,0.0,0.0,-7.061122675532153,0.0,1.0,0.0,,
2024-06-15 14:00:00,3569.18,3569.65,3550.62,3558.03,11035.3086,0.0001,74,0.0,0.0,trending,,951.324227409264,0.0,0.0,,,951.324227409264,0.0,,trending,0.0,{},,247.0,,,,,,,933.2005678924072,0.0,0.0,0.0,933.2005678924072,0.0,0.0,0.0,-5.335170707586662,0.0,1.0,0.0,,
2024-06-15 15:00:00,3558.03,3594.39,3556.25,3565.8,26386.7012,0.0001,74,0.0,0.0,trending,,951.324227409264,0.0,0.0,,,951.324227409264,0.0,,trending,0.0,{},,248.0,,,,,,,933.2005678924072,0.0,0.0,0.0,933.2005678924072,0.0,0.0,0.0,-6.00503604347033,0.0,1.0,0.0,,
2024-06-15 16:00:00,3565.8,3570.6,3555.69,3556.97,9917.8249,0.0001,74,0.0,0.0,trending,,951.324227409264,0.0,0.0,,,951.324227409264,0.0,,trending,0.0,{},,249.0,,,,,,,933.2005678924072,0.0,0.0,0.0,933.2005678924072,0.0,0.0,0.0,-4.628244147867079,0.0,1.0,0.0,,
2024-06-15 17:00:00,3556.97,3575.73,3552.0,3571.51,8825.4335,0.0001,74,0.0,0.0,trending,,951.324227409264,0.0,0.0,,,951.324227409264,0.0,,trending,0.0,{},,250.0,,,,,,,933.2005678924072,0.0,0.0,0.0,933.2005678924072,0.0,0.0,0.0,-5.947562612033164,0.0,1.0,0.0,,
2024-06-15 18:00:00,3571.51,3571.98,3557.0,3561.81,8390.8042,0.0001,74,0.0,0.0,trending,,951.324227409264,0.0,0.0,,,951.324227409264,0.0,,trending,0.0,{},,251.0,,,,,,,933.2005678924072,0.0,0.0,0.0,933.2005678924072,0.0,0.0,0.0,-4.44050853315479,0.0,1.0,0.0,,
2024-06-15 19:00:00,3561.81,3564.5,3553.0,3558.48,5492.8166,0.0001,74,0.0,0.0,trending,,951.324227409264,0.0,0.0,,,951.324227409264,0.0,,trending,0.0,{},,252.0,,,,,,,933.2005678924072,0.0,0.0,0.0,933.2005678924072,0.0,0.0,0.0,-3.926730979463048,0.0,1.0,0.0,,
2024-06-15 20:00:00,3558.48,3558.48,3536.76,3554.15,8062.499,0.0001,74,0.0,0.0,trending,,951.324227409264,0.0,0.0,,,951.324227409264,0.0,,trending,0.0,{},,253.0,,,,,,,933.2005678924072,0.0,0.0,0.0,933.2005678924072,0.0,0.0,0.0,-3.242547538292257,0.0,1.0,0.0,,
2024-06-15 21:00:00,3554.15,3568.33,3554.14,3561.14,4756.1575,0.0001,74,0.0,0.0,trending,,951.324227409264,0.0,0.0,,,951.324227409264,0.0,,trending,0.0,{},,254.0,,,,,,,933.2005678924072,0.0,0.0,0.0,933.2005678924072,0.0,0.0,0.0,-4.036148892015581,0.0,1.0,0.0,,
2024-06-15 22:00:00,3561.14,3570.63,3556.88,3570.63,5058.6728,0.0001,74,0.0,0.0,trending,,951.324227409264,0.0,0.0,,,951.324227409264,0.0,,trending,0.0,{},,255.0,,,,,,,933.2005678924072,0.0,0.0,0.0,933.2005678924072,0.0,0.0,0.0,-5.069944457448134,0.0,1.0,0.0,,
2024-06-15 23:00:00,3570.63,3575.36,3565.92,3568.74,3026.7872,0.0001,74,0.0,0.0,trending,,951.324227409264,0.0,0.0,,,951.324227409264,0.0,,trending,0.0,{},,256.0,,,,,,,933.2005678924072,0.0,0.0,0.0,933.2005678924072,0.0,0.0,0.0,-4.726487634599218,0.0,1.0,0.0,,
2024-06-16 00:00:00,3568.75,3569.51,3557.0,3558.81,3295.254,0.0001,71,0.0,0.0,trending,,951.324227409264,0.0,0.0,,,951.324227409264,0.0,,trending,0.0,{},,257.0,,,,,,,933.2005678924072,0.0,0.0,0.0,933.2005678924072,0.0,0.0,0.0,-2.947836765928045,0.0,1.0,0.0,,
2024-06-16 01:00:00,3558.81,3568.4,3554.16,3568.26,4023.7326,0.0001,71,0.0,0.0,trending,,951.324227409264,0.0,0.0,,,951.324227409264,0.0,,trending,0.0,{},,258.0,,,,,,,933.2005678924072,0.0,0.0,0.0,933.2005678924072,0.0,0.0,0.0,-4.118651539821786,0.0,1.0,0.0,,
2024-06-16 02:00:00,3568.26,3573.79,3561.55,3561.81,3736.4741,0.0001,71,0.0,0.0,trending,,951.324227409264,0.0,0.0,,,951.324227409264,0.0,,trending,0.0,{},,259.0,,,,,,,933.2005678924072,0.0,0.0,0.0,933.2005678924072,0.0,0.0,0.0,-2.9598799614985043,0.0,1.0,0.0,,
2024-06-16 03:00:00,3561.81,3564.0,3548.04,3555.01,4224.0764,0.0001,71,0.0,0.0,trending,,951.324227409264,0.0,0.0,,,951.324227409264,0.0,,trending,0.0,{},,260.0,,,,,,,933.2005678924072,0.0,0.0,0.0,933.2005678924072,0.0,0.0,0.0,-1.7722683418822527,0.0,1.0,0.0,,
2024-06-16 04:00:00,3555.01,3558.83,3541.05,3554.02,5726.1327,0.0001,71,0.0,0.0,trending,,951.324227409264,0.0,0.0,,,951.324227409264,0.0,,trending,0.0,{},,261.0,,,,,,,933.2005678924072,0.0,0.0,0.0,933.2005678924072,0.0,0.0,0.0,-1.5970884355455839,0.0,1.0,0.0,,
2024-06-16 05:00:00,3554.02,3569.49,3553.29,3568.0,3865.9089,0.0001,71,0.0,0.0,trending,,951.324227409264,0.0,0.0,,,951.324227409264,0.0,,trending,0.0,{},,262.0,,,,,,,933.2005678924072,0.0,0.0,0.0,933.2005678924072,0.0,0.0,0.0,-3.6030840456464035,0.0,1.0,0.0,,
2024-06-16 06:00:00,3568.0,3574.54,3563.5,3570.33,2920.2195,0.0001,71,0.0,0.0,trending,,951.324227409264,0.0,0.0,,,951.324227409264,0.0,,trending,0.0,{},,263.0,,,,,,,933.2005678924072,0.0,0.0,0.0,933.2005678924072,0.0,0.0,0.0,-3.917767034433237,0.0,1.0,0.0,,
2024-06-16 07:00:00,3570.33,3573.75,3561.2,3561.93,3416.725,0.0001,71,0.0,0.0,trending,,951.324227409264,0.0,0.0,,,951.324227409264,0.0,,trending,0.0,{},,264.0,,,,,,,933.2005678924072,0.0,0.0,0.0,933.2005678924072,0.0,0.0,0.0,-2.259393594050968,0.0,1.0,0.0,,
2024-06-16 08:00:00,3561.93,3563.0,3547.5,3553.5,4599.5081,0.0001,71,0.0,0.0,trending,,951.324227409264,0.0,0.0,,,951.324227409264,0.0,,trending,0.0,{},,265.0,,,,,,,933.2005678924072,0.0,0.0,0.0,933.2005678924072,0.0,0.0,0.0,-0.7076320525592309,0.0,1.0,0.0,,
2024-06-16 09:00:00,3553.5,3558.89,3546.92,3553.8,5899.2443,0.0001,71,0.0,0.0,trending,,951.324227409264,0.0,0.0,,,951.324227409264,0.0,,trending,0.0,{},,266.0,,,,,,,933.2005678924072,0.0,0.0,0.0,933.2005678924072,0.0,0.0,0.0,-0.7590380056089601,0.0,1.0,0.0,,
2024-06-16 10:00:00,3553.8,3570.99,3549.2,3569.14,7801.0517,0.0001,71,0.0,0.0,trending,,951.324227409264,0.0,0.0,,,951.324227409264,0.0,,trending,0.0,{},,267.0,,,,,,,933.2005678924072,0.0,0.0,0.0,933.2005678924072,0.0,0.0,0.0,-3.221008992340177,0.0,1.0,0.0,,
2024-06-16 11:00:00,3569.14,3570.3,3553.99,3555.28,4091.48,0.0001,71,0.0,0.0,trending,,951.324227409264,0.0,0.0,,,951.324227409264,0.0,,trending,0.0,{},,268.0,,,,,,,933.2005678924072,0.0,0.0,0.0,933.2005678924072,0.0,0.0,0.0,-0.6500293781754067,0.0,1.0,0.0,,
2024-06-16 12:00:00,3555.28,3564.5,3553.17,3564.0,2626.6159,0.0001,71,0.0,0.0,trending,,951.324227409264,0.0,0.0,,,951.324227409264,0.0,,trending,0.0,{},,269.0,,,,,,,933.2005678924072,0.0,0.0,0.0,933.2005678924072,0.0,0.0,0.0,-2.000305973501196,0.0,1.0,0.0,,
2024-06-16 13:00:00,3564.0,3593.4,3563.21,3593.0,16052.3245,0.0001,71,0.0,0.0,trending,,951.324227409264,0.0,0.0,,,951.324227409264,0.0,,trending,0.0,{},,270.0,,,,,,,933.2005678924072,0.0,0.0,0.0,933.2005678924072,0.0,0.0,0.0,-5.599373250673799,0.0,1.0,0.0,,
2024-06-16 14:00:00,3593.0,3611.98,3577.85,3579.49,15885.2053,0.0001,71,0.0,0.0,trending,,951.324227409264,0.0,0.0,,,951.324227409264,0.0,,trending,0.0,{},,271.0,,,,,,,933.2005678924072,0.0,0.0,0.0,933.2005678924072,0.0,0.0,0.0,-3.265490502161899,0.0,1.0,0.0,,
2024-06-16 15:00:00,3579.49,3595.59,3578.16,3591.88,5906.8134,0.0001,71,0.0,0.0,trending,,951.324227409264,0.0,0.0,,,951.324227409264,0.0,,trending,0.0,{},,272.0,,,,,,,933.2005678924072,0.0,0.0,0.0,933.2005678924072,0.0,0.0,0.0,-4.647840924853628,0.0,1.0,0.0,,
2024-06-16 16:00:00,3591.88,3604.2,3588.26,3595.6,6659.3207,0.0001,71,0.0,0.0,trending,,951.324227409264,0.0,0.0,,,951.324227409264,0.0,,trending,0.0,{},,273.0,,,,,,,933.2005678924072,0.0,0.0,0.0,933.2005678924072,0.0,0.0,0.0,-5.047225526019147,0.0,1.0,0.0,,
2024-06-16 17:00:00,3595.6,3608.44,3586.69,3591.55,7196.3141,0.0001,71,0.0,0.0,trending,,951.324227409264,0.0,0.0,,,951.324227409264,0.0,,trending,0.0,{},,274.0,,,,,,,933.2005678924072,0.0,0.0,0.0,933.2005678924072,0.0,0.0,0.0,-4.305876626732231,0.0,1.0,0.0,,
2024-06-16 18:00:00,3591.55,3599.82,3587.55,3597.39,3481.3413,0.0001,71,0.0,0.0,trending,,951.324227409264,0.0,0.0,,,951.324227409264,0.0,,trending,0.0,{},,275.0,,,,,,,933.2005678924072,0.0,0.0,0.0,933.2005678924072,0.0,0.0,0.0,-4.995533288057465,0.0,1.0,0.0,,
2024-06-16 19:00:00,3597.39,3604.2,3588.51,3599.03,4458.614,0.0001,71,0.0,0.0,trending,,951.324227409264,0.0,0.0,,,951.324227409264,0.0,,trending,0.0,{},,276.0,,,,,,,933.2005678924072,0.0,0.0,0.0,933.2005678924072,0.0,0.0,0.0,-5.192297967833818,0.0,1.0,0.0,,
2024-06-16 20:00:00,3599.03,3606.38,3593.56,3601.27,5466.6597,0.0001,71,0.0,0.0,trending,,951.324227409264,0.0,0.0,,,951.324227409264,0.0,,trending,0.0,{},,277.0,,,,,,,933.2005678924072,0.0,0.0,0.0,933.2005678924072,0.0,0.0,0.0,-5.472559738922389,0.0,1.0,0.0,,
2024-06-16 21:00:00,3601.27,3601.27,3587.86,3596.35,2436.6783,0.0001,71,0.0,0.0,trending,,951.324227409264,0.0,0.0,,,951.324227409264,0.0,,trending,0.0,{},,278.0,,,,,,,933.2005678924072,0.0,0.0,0.0,933.2005678924072,0.0,0.0,0.0,-4.381077369995981,0.0,1.0,0.0,,
2024-06-16 22:00:00,3596.35,3653.79,3596.35,3628.61,21581.7374,0.0001,71,-8.009161770232073,0.0,trending,,951.324227409264,0.0,-0.8009161770232073,True,True,950.5622964459377,-0.8015581579187094,,trending,-8.009161770232073,{},,279.0,ETHUSDT,2024-06-16 22:00:00,ETHUSDT,3628.61,0.2099787420875167,SHORT,933.2005678924072,0.0,0.0,0.0,933.2005678924072,0.0,0.0,0.0,-8.009161770232073,-8.009161770232073,1.0,-8.009161770232073,True,True
2024-06-16 23:00:00,3628.61,3635.29,3615.52,3624.41,4488.5501,0.0001,71,0.0,0.0,trending,,951.4442071627053,-0.7998882613190059,0.7998882613190059,True,True,950.6823962992324,0.0,,trending,8.009161770232073,{},,280.0,ETHUSDT,2024-06-16 23:00:00,ETHUSDT,3624.41,-0.2099787420875167,CLOSE,933.2005678924072,0.0,0.0,0.0,933.2005678924072,0.0,0.0,0.0,-7.125728002168535,0.0,1.0,0.0,True,True
2024-06-17 00:00:00,3624.41,3638.37,3614.85,3617.95,11008.4986,0.0001,71,0.0,0.0,trending,,950.6823962992324,0.0,0.0,,,950.6823962992324,0.0,,trending,0.0,{},,281.0,,,,,,,933.2005678924072,0.0,0.0,0.0,933.2005678924072,0.0,0.0,0.0,-5.778907182718081,0.0,1.0,0.0,,
2024-06-17 01:00:00,3617.95,3627.6,3602.2,3611.4,12735.6738,0.0001,71,0.0,0.0,trending,,950.6823962992324,0.0,0.0,,,950.6823962992324,0.0,,trending,0.0,{},,282.0,,,,,,,933.2005678924072,0.0,0.0,0.0,933.2005678924072,0.0,0.0,0.0,-4.4531709553850565,0.0,1.0,0.0,,
2024-06-17 02:00:00,3611.4,3611.4,3580.0,3595.38,13806.2968,0.0001,71,0.0,0.0,trending,,950.6823962992324,0.0,0.0,,,950.6823962992324,0.0,,trending,0.0,{},,283.0,,,,,,,933.2005678924072,0.0,0.0,0.0,933.2005678924072,0.0,0.0,0.0,-1.5359773331944524,0.0,1.0,0.0,,
2024-06-17 03:00:00,3595.38,3597.38,3573.83,3582.05,11180.1979,0.0001,71,0.0,0.0,trending,,950.6823962992324,0.0,0.0,,,950.6823962992324,0.0,,trending,0.0,{},,284.0,,,,,,,933.2005678924072,0.0,0.0,0.0,933.2005678924072,0.0,0.0,0.0,0.543894509491679,0.0,1.0,0.0,,
2024-06-17 04:00:00,3582.05,3591.03,3576.0,3590.21,8333.446,0.0001,71,0.0,0.0,trending,,950.6823962992324,0.0,0.0,,,950.6823962992324,0.0,,trending,0.0,{},,285.0,,,,,,,933.2005678924072,0.0,0.0,0.0,933.2005678924072,0.0,0.0,0.0,-0.6857960960944525,0.0,1.0,0.0,,
2024-06-17 05:00:00,3590.21,3596.0,3564.83,3574.0,10010.4759,0.0001,71,0.0,0.0,trending,,950.6823962992324,0.0,0.0,,,950.6823962992324,0.0,,trending,0.0,{},,286.0,,,,,,,933.2005678924072,0.0,0.0,0.0,933.2005678924072,0.0,0.0,0.0,1.6623866631587874,0.0,1.0,0.0,,
2024-06-17 06:00:00,3574.0,3577.3,3547.11,3551.77,16610.8827,0.0001,71,0.0,0.0,trending,,950.6823962992324,0.0,0.0,,,950.6823962992324,0.0,,trending,0.0,{},,287.0,,,,,,,933.2005678924072,0.0,0.0,0.0,933.2005678924072,0.0,0.0,0.0,4.295270087948393,0.0,1.0,0.0,,
2024-06-17 07:00:00,3551.77,3571.09,3538.7,3552.68,13718.5564,0.0001,71,0.0,0.0,trending,,950.6823962992324,0.0,0.0,,,950.6823962992324,0.0,,trending,0.0,{},,288.0,,,,,,,933.2005678924072,0.0,0.0,0.0,933.2005678924072,0.0,0.0,0.0,4.1424593710040885,0.0,1.0,0.0,,
2024-06-17 08:00:00,3552.68,3561.1,3535.1,3544.4,12685.7133,0.0001,71,0.0,0.0,trending,,950.6823962992324,0.0,0.0,,,950.6823962992324,0.0,,trending,0.0,{},,289.0,,,,,,,933.2005678924072,0.0,0.0,0.0,933.2005678924072,0.0,0.0,0.0,5.063052270110294,0.0,1.0,0.0,,
2024-06-17 09:00:00,3544.4,3550.4,3510.09,3512.41,16421.7391,0.0001,71,0.0,0.0,trending,,950.6823962992324,0.0,0.0,,,950.6823962992324,0.0,,trending,0.0,{},,290.0,,,,,,,933.2005678924072,0.0,0.0,0.0,933.2005678924072,0.0,0.0,0.0,7.969090933741274,0.0,1.0,0.0,,
2024-06-17 10:00:00,3512.4,3524.43,3490.95,3519.19,30819.846,0.0001,71,0.0,0.0,trending,,950.6823962992324,0.0,0.0,,,950.6823962992324,0.0,,trending,0.0,{},,291.0,,,,,,,933.2005678924072,0.0,0.0,0.0,933.2005678924072,0.0,0.0,0.0,6.779905349887617,0.0,1.0,0.0,,
2024-06-17 11:00:00,3519.19,3533.48,3517.13,3527.63,10492.2092,0.0001,71,0.0,0.0,trending,,950.6823962992324,0.0,0.0,,,950.6823962992324,0.0,,trending,0.0,{},,292.0,,,,,,,933.2005678924072,0.0,0.0,0.0,933.2005678924072,0.0,0.0,0.0,5.335792472814766,0.0,1.0,0.0,,
2024-06-17 12:00:00,3527.63,3530.46,3517.4,3522.75,9315.8934,0.0001,71,0.0,0.0,trending,,950.6823962992324,0.0,0.0,,,950.6823962992324,0.0,,trending,0.0,{},,293.0,,,,,,,933.2005678924072,0.0,0.0,0.0,933.2005678924072,0.0,0.0,0.0,5.812190334001958,0.0,1.0,0.0,,
2024-06-17 13:00:00,3522.75,3539.75,3485.44,3495.0,16548.0064,0.0001,71,8.16645623193598,0.0,trending,,950.6823962992324,0.0,0.816645623193598,True,True,949.9060256812475,0.816495765263463,,trending,8.16645623193598,{},,294.0,ETHUSDT,2024-06-17 13:00:00,ETHUSDT,3495.0,0.22213751587552785,LONG,933.2005678924072,0.0,0.0,0.0,933.2005678924072,0.0,0.0,0.0,8.16645623193598,8.16645623193598,1.0,8.16645623193598,True,True
2024-06-17 14:00:00,3495.01,3547.07,3494.22,3525.5,17373.7255,0.0001,71,0.0,0.0,trending,,956.6744447212169,0.8177940476239454,-0.8177940476239454,True,True,955.89208205481,0.0,,trending,-8.16645623193598,{},,295.0,ETHUSDT,2024-06-17 14:00:00,ETHUSDT,3525.5,0.22191537835965233,CLOSE,933.2005678924072,0.0,0.0,0.0,933.2005678924072,0.0,0.0,0.0,3.5424957952363743,0.0,1.0,0.0,True,True
2024-06-17 15:00:00,3525.49,3540.78,3488.2,3497.26,17012.2223,0.0001,71,0.0,0.0,trending,,955.89208205481,0.0,0.0,,,955.89208205481,0.0,,trending,0.0,{},,296.0,,,,,,,933.2005678924072,0.0,0.0,0.0,933.2005678924072,0.0,0.0,0.0,5.857525859941399,0.0,1.0,0.0,,
2024-06-17 16:00:00,3497.26,3534.52,3463.39,3525.51,34498.3319,9.137e-05,71,0.0,0.0,trending,,955.89208205481,0.0,0.0,,,955.89208205481,0.0,,trending,0.0,{},,297.0,,,,,,,933.2005678924072,0.0,0.0,0.0,933.2005678924072,0.0,0.0,0.0,2.454710532410337,0.0,1.0,0.0,,
2024-06-17 17:00:00,3525.51,3555.4,3518.34,3554.2,16605.6942,9.137e-05,71,0.0,0.0,trending,,955.89208205481,0.0,0.0,,,955.89208205481,0.0,,trending,0.0,{},,298.0,,,,,,,933.2005678924072,0.0,0.0,0.0,933.2005678924072,0.0,0.0,0.0,-0.3705371434419249,0.0,1.0,0.0,,
2024-06-17 18:00:00,3554.21,3577.77,3546.8,3560.98,17690.2805,9.137e-05,71,0.0,0.0,trending,,955.89208205481,0.0,0.0,,,955.89208205481,0.0,,trending,0.0,{},,299.0,,,,,,,933.2005678924072,0.0,0.0,0.0,933.2005678924072,0.0,0.0,0.0,-0.979584611832641,0.0,1.0,0.0,,
2024-06-17 19:00:00,3560.97,3562.77,3542.57,3554.01,12148.6335,9.137e-05,71,0.0,0.0,trending,,955.89208205481,0.0,0.0,,,955.89208205481,0.0,,trending,0.0,{},,300.0,,,,,,,933.2005678924072,0.0,0.0,0.0,933.2005678924072,0.0,0.0,0.0,-0.2828603749092906,0.0,1.0,0.0,,
2024-06-17 20:00:00,3554.01,3556.55,3508.2,3514.81,12122.3164,9.137e-05,71,0.0,0.0,trending,,955.89208205481,0.0,0.0,,,955.89208205481,0.0,,trending,0.0,{},,301.0,,,,,,,933.2005678924072,0.0,0.0,0.0,933.2005678924072,0.0,0.0,0.0,3.1136835976935746,0.0,1.0,0.0,,
2024-06-17 21:00:00,3514.81,3530.81,3500.8,3524.2,7233.4761,9.137e-05,71,0.0,0.0,trending,,955.89208205481,0.0,0.0,,,955.89208205481,0.0,,trending,0.0,{},,302.0,,,,,,,933.2005678924072,0.0,0.0,0.0,933.2005678924072,0.0,0.0,0.0,2.1565478479650237,0.0,1.0,0.0,,
2024-06-17 22:00:00,3524.2,3532.0,3514.46,3524.01,4246.9105,9.137e-05,71,0.0,0.0,trending,,955.89208205481,0.0,0.0,,,955.89208205481,0.0,,trending,0.0,{},,303.0,,,,,,,933.2005678924072,0.0,0.0,0.0,933.2005678924072,0.0,0.0,0.0,2.1726312146428457,0.0,1.0,0.0,,
2024-06-17 23:00:00,3524.0,3525.92,3503.3,3511.46,5186.6138,9.137e-05,71,0.0,0.0,trending,,955.89208205481,0.0,0.0,,,955.89208205481,0.0,,trending,0.0,{},,304.0,,,,,,,933.2005678924072,0.0,0.0,0.0,933.2005678924072,0.0,0.0,0.0,3.246998259352256,0.0,1.0,0.0,,
2024-06-18 00:00:00,3511.47,3517.2,3450.0,3472.68,33527.699,6.649e-05,74,0.0,0.0,trending,,955.89208205481,0.0,0.0,,,955.89208205481,0.0,,trending,0.0,{},,305.0,,,,,,,933.2005678924072,0.0,0.0,0.0,933.2005678924072,0.0,0.0,0.0,6.045528659319058,0.0,1.0,0.0,,
2024-06-18 01:00:00,3472.67,3480.93,3355.0,3408.42,71462.7819,6.649e-05,74,9.250028019986502,0.0,trending,,955.89208205481,0.0,0.9250028019986501,True,True,955.007879200501,0.9249333651510783,,trending,9.250028019986502,{},,306.0,ETHUSDT,2024-06-18 01:00:00,ETHUSDT,3408.42,0.25941722390697824,LONG,933.2005678924072,0.0,0.0,0.0,933.2005678924072,0.0,0.0,0.0,9.250028019986502,9.250028019986502,1.0,9.250028019986502,True,True
2024-06-18 02:00:00,3408.42,3444.4,3382.88,3429.55,34887.5335,6.649e-05,74,0.0,0.0,trending,,960.4838836557143,0.9253613423757517,-0.9253613423757517,True,True,959.5950889998044,0.0,,trending,-9.250028019986502,{},,307.0,ETHUSDT,2024-06-18 02:00:00,ETHUSDT,3429.55,0.25915780668307126,CLOSE,933.2005678924072,0.0,0.0,0.0,933.2005678924072,0.0,0.0,0.0,7.050329992068555,0.0,1.0,0.0,True,True
2024-06-18 03:00:00,3429.56,3441.68,3420.92,3441.53,11383.2213,6.649e-05,74,0.0,0.0,trending,,959.5950889998044,0.0,0.0,,,959.5950889998044,0.0,,trending,0.0,{},,308.0,,,,,,,933.2005678924072,0.0,0.0,0.0,933.2005678924072,0.0,0.0,0.0,5.862770397209374,0.0,1.0,0.0,,
2024-06-18 04:00:00,3441.52,3455.79,3428.78,3446.0,12955.2561,6.649e-05,74,0.0,0.0,trending,,959.5950889998044,0.0,0.0,,,959.5950889998044,0.0,,trending,0.0,{},,309.0,,,,,,,933.2005678924072,0.0,0.0,0.0,933.2005678924072,0.0,0.0,0.0,5.414442806850494,0.0,1.0,0.0,,
2024-06-18 05:00:00,3445.99,3462.54,3443.65,3444.9,10860.056,6.649e-05,74,0.0,0.0,trending,,959.5950889998044,0.0,0.0,,,959.5950889998044,0.0,,trending,0.0,{},,310.0,,,,,,,933.2005678924072,0.0,0.0,0.0,933.2005678924072,0.0,0.0,0.0,5.481141397202041,0.0,1.0,0.0,,
2024-06-18 06:00:00,3444.91,3454.05,3432.05,3437.66,9990.9051,6.649e-05,74,0.0,0.0,trending,,959.5950889998044,0.0,0.0,,,959.5950889998044,0.0,,trending,0.0,{},,311.0,,,,,,,933.2005678924072,0.0,0.0,0.0,933.2005678924072,0.0,0.0,0.0,5.936982877218305,0.0,1.0,0.0,,
2024-06-18 07:00:00,3437.66,3456.7,3437.6,3443.97,7782.1266,6.649e-05,74,0.0,0.0,trending,,959.5950889998044,0.0,0.0,,,959.5950889998044,0.0,,trending,0.0,{},,312.0,,,,,,,933.2005678924072,0.0,0.0,0.0,933.2005678924072,0.0,0.0,0.0,5.194543530736323,0.0,1.0,0.0,,
2024-06-18 08:00:00,3443.97,3451.84,3440.02,3448.41,8269.9362,7.836e-05,74,0.0,0.0,trending,,959.5950889998044,0.0,0.0,,,959.5950889998044,0.0,,trending,0.0,{},,313.0,,,,,,,933.2005678924072,0.0,0.0,0.0,933.2005678924072,0.0,0.0,0.0,4.659644576389249,0.0,1.0,0.0,,
2024-06-18 09:00:00,3448.41,3448.41,3428.48,3431.39,8320.8088,7.836e-05,74,0.0,0.0,trending,,959.5950889998044,0.0,0.0,,,959.5950889998044,0.0,,trending,0.0,{},,314.0,,,,,,,933.2005678924072,0.0,0.0,0.0,933.2005678924072,0.0,0.0,0.0,5.895798992129989,0.0,1.0,0.0,,
2024-06-18 10:00:00,3431.39,3442.15,3413.01,3426.0,13131.375,7.836e-05,74,0.0,0.0,trending,,959.5950889998044,0.0,0.0,,,959.5950889998044,0.0,,trending,0.0,{},,315.0,,,,,,,933.2005678924072,0.0,0.0,0.0,933.2005678924072,0.0,0.0,0.0,6.273041699395702,0.0,1.0,0.0,,
2024-06-18 11:00:00,3426.0,3428.46,3391.86,3414.11,20876.956,7.836e-05,74,0.0,0.0,trending,,959.5950889998044,0.0,0.0,,,959.5950889998044,0.0,,trending,0.0,{},,316.0,,,,,,,933.2005678924072,0.0,0.0,0.0,933.2005678924072,0.0,0.0,0.0,7.0931544824936115,0.0,1.0,0.0,,
2024-06-18 12:00:00,3414.11,3419.61,3382.64,3407.85,20819.1355,7.836e-05,74,0.0,0.0,trending,,959.5950889998044,0.0,0.0,,,959.5950889998044,0.0,,trending,0.0,{},,317.0,,,,,,,933.2005678924072,0.0,0.0,0.0,933.2005678924072,0.0,0.0,0.0,7.516041307402367,0.0,1.0,0.0,,
2024-06-18 13:00:00,3407.85,3411.09,3376.48,3392.03,23770.7721,7.836e-05,74,8.538109847371942,0.0,trending,,959.5950889998044,0.0,0.8538109847371942,True,True,958.7757761719165,0.8536860602882481,,trending,8.538109847371942,{},,318.0,ETHUSDT,2024-06-18 13:00:00,ETHUSDT,3392.03,0.24154056063416257,LONG,933.2005678924072,0.0,0.0,0.0,933.2005678924072,0.0,0.0,0.0,8.538109847371942,8.538109847371942,1.0,8.538109847371942,True,True
2024-06-18 14:00:00,3392.03,3440.73,3370.92,3401.19,35342.4198,7.836e-05,74,0.0,0.0,trending,,960.98607519579,0.8540225870772113,-0.8540225870772113,True,True,960.1653713817061,0.0,,trending,-8.538109847371942,{},,319.0,ETHUSDT,2024-06-18 14:00:00,ETHUSDT,3401.19,0.2412990200735284,CLOSE,933.2005678924072,0.0,0.0,0.0,933.2005678924072,0.0,0.0,0.0,7.151984555615115,0.0,1.0,0.0,True,True
2024-06-18 15:00:00,3401.18,3430.03,3393.6,3424.01,14839.7208,7.836e-05,74,0.0,0.0,trending,,960.1653713817061,0.0,0.0,,,960.1653713817061,0.0,,trending,0.0,{},,320.0,,,,,,,933.2005678924072,0.0,0.0,0.0,933.2005678924072,0.0,0.0,0.0,4.021678502177636,0.0,1.0,0.0,,
2024-06-18 16:00:00,3424.02,3429.09,3402.69,3423.21,13181.2474,6.211e-05,74,0.0,0.0,trending,,960.1653713817061,0.0,0.0,,,960.1653713817061,0.0,,trending,0.0,{},,321.0,,,,,,,933.2005678924072,0.0,0.0,0.0,933.2005678924072,0.0,0.0,0.0,4.090929225930239,0.0,1.0,0.0,,
2024-06-18 17:00:00,3423.21,3436.0,3401.5,3409.0,19519.557,6.211e-05,74,0.0,0.0,trending,,960.1653713817061,0.0,0.0,,,960.1653713817061,0.0,,trending,0.0,{},,322.0,,,,,,,933.2005678924072,0.0,0.0,0.0,933.2005678924072,0.0,0.0,0.0,5.308807210002971,0.0,1.0,0.0,,
2024-06-18 18:00:00,3409.0,3421.64,3391.8,3401.9,8500.6224,6.211e-05,74,0.0,0.0,trending,,960.1653713817061,0.0,0.0,,,960.1653713817061,0.0,,trending,0.0,{},,323.0,,,,,,,933.2005678924072,0.0,0.0,0.0,933.2005678924072,0.0,0.0,0.0,5.890021637976083,0.0,1.0,0.0,,
2024-06-18 19:00:00,3401.91,3426.41,3386.92,3423.27,14945.6374,6.211e-05,74,0.0,0.0,trending,,960.1653713817061,0.0,0.0,,,960.1653713817061,0.0,,trending,0.0,{},,324.0,,,,,,,933.2005678924072,0.0,0.0,0.0,933.2005678924072,0.0,0.0,0.0,2.9473418527259385,0.0,1.0,0.0,,
2024-06-18 20:00:00,3423.27,3469.41,3412.64,3462.2,20488.1851,6.211e-05,74,0.0,0.0,trending,,960.1653713817061,0.0,0.0,,,960.1653713817061,0.0,,trending,0.0,{},,325.0,,,,,,,933.2005678924072,0.0,0.0,0.0,933.2005678924072,0.0,0.0,0.0,-1.2365790882468986,0.0,1.0,0.0,,
2024-06-18 21:00:00,3462.2,3490.0,3452.89,3473.39,21761.2747,6.211e-05,74,0.0,0.0,trending,,960.1653713817061,0.0,0.0,,,960.1653713817061,0.0,,trending,0.0,{},,326.0,,,,,,,933.2005678924072,0.0,0.0,0.0,933.2005678924072,0.0,0.0,0.0,-2.239000071501033,0.0,1.0,0.0,,
2024-06-18 22:00:00,3473.4,3487.24,3466.42,3480.29,6718.3648,6.211e-05,74,0.0,0.0,trending,,960.1653713817061,0.0,0.0,,,960.1653713817061,0.0,,trending,0.0,{},,327.0,,,,,,,933.2005678924072,0.0,0.0,0.0,933.2005678924072,0.0,0.0,0.0,-2.847508876003488,0.0,1.0,0.0,,
2024-06-18 23:00:00,3480.29,3487.25,3472.84,3483.42,6577.7089,6.211e-05,74,0.0,0.0,trending,,960.1653713817061,0.0,0.0,,,960.1653713817061,0.0,,trending,0.0,{},,328.0,,,,,,,933.2005678924072,0.0,0.0,0.0,933.2005678924072,0.0,0.0,0.0,-3.1298672878364386,0.0,1.0,0.0,,
2024-06-19 00:00:00,3483.42,3497.72,3465.65,3493.99,17177.146,6.211e-05,64,0.0,0.0,trending,,960.1653713817061,0.0,0.0,,,960.1653713817061,0.0,,trending,0.0,{},,329.0,,,,,,,933.2005678924072,0.0,0.0,0.0,933.2005678924072,0.0,0.0,0.0,-4.08278291286475,0.0,1.0,0.0,,
2024-06-19 01:00:00,3493.99,3547.68,3492.8,3517.8,39093.4822,0.0001,64,0.0,0.0,trending,,960.1653713817061,0.0,0.0,,,960.1653713817061,0.0,,trending,0.0,{},,330.0,,,,,,,933.2005678924072,0.0,0.0,0.0,933.2005678924072,0.0,0.0,0.0,-6.001021522685187,0.0,1.0,0.0,,
2024-06-19 02:00:00,3517.8,3546.33,3517.21,3539.69,14825.3764,0.0001,64,0.0,0.0,trending,,960.1653713817061,0.0,0.0,,,960.1653713817061,0.0,,trending,0.0,{},,331.0,,,,,,,933.2005678924072,0.0,0.0,0.0,933.2005678924072,0.0,0.0,0.0,-7.493299111810109,0.0,1.0,0.0,,
2024-06-19 03:00:00,3539.69,3573.08,3529.01,3565.93,21167.4515,0.0001,64,-9.006170137070354,0.0,trending,,960.1653713817061,0.0,-0.9006170137070354,True,True,959.3006301122675,-0.9014288558712794,,trending,-9.006170137070354,{},,332.0,ETHUSDT,2024-06-19 03:00:00,ETHUSDT,3565.93,0.2425009098436309,SHORT,933.2005678924072,0.0,0.0,0.0,933.2005678924072,0.0,0.0,0.0,-9.006170137070354,-9.006170137070354,1.0,-9.006170137070354,True,True
2024-06-19 04:00:00,3565.93,3585.0,3559.05,3560.68,13510.5862,0.0001,64,-8.269358434576214,0.0,trending,,960.5737598889466,-0.8989087311336159,0.07197288767599452,False,,960.5737598889466,-0.8989087311336159,,trending,0.7368117024941405,{},,333.0,ETHUSDT,2024-06-19 04:00:00,,,,,933.2005678924072,0.0,0.0,0.0,933.2005678924072,0.0,0.0,0.0,-8.269358434576214,-8.269358434576214,1.0,-8.269358434576214,True,False
2024-06-19 05:00:00,3560.68,3568.32,3546.02,3550.17,10503.0804,0.0001,64,0.0,0.0,trending,,963.1224444514031,-0.8938837009347705,0.8938837009347705,True,True,962.2606632150672,0.0,,trending,8.269358434576214,{},,334.0,ETHUSDT,2024-06-19 05:00:00,ETHUSDT,3550.17,-0.2425009098436309,CLOSE,933.2005678924072,0.0,0.0,0.0,933.2005678924072,0.0,0.0,0.0,-6.801593465789392,0.0,1.0,0.0,True,True
2024-06-19 06:00:00,3550.17,3562.8,3549.53,3561.5,6823.0817,0.0001,64,0.0,0.0,trending,,962.2606632150672,0.0,0.0,,,962.2606632150672,0.0,,trending,0.0,{},,335.0,,,,,,,933.2005678924072,0.0,0.0,0.0,933.2005678924072,0.0,0.0,0.0,-7.551919606418898,0.0,1.0,0.0,,
2024-06-19 07:00:00,3561.5,3566.0,3532.96,3544.3,23468.2938,0.0001,64,0.0,0.0,trending,,962.2606632150672,0.0,0.0,,,962.2606632150672,0.0,,trending,0.0,{},,336.0,,,,,,,933.2005678924072,0.0,0.0,0.0,933.2005678924072,0.0,0.0,0.0,-5.208944053131382,0.0,1.0,0.0,,
2024-06-19 08:00:00,3544.31,3548.69,3526.0,3531.27,15946.1781,0.0001,64,0.0,0.0,trending,,962.2606632150672,0.0,0.0,,,962.2606632150672,0.0,,trending,0.0,{},,337.0,,,,,,,933.2005678924072,0.0,0.0,0.0,933.2005678924072,0.0,0.0,0.0,-3.573474676737712,0.0,1.0,0.0,,
2024-06-19 09:00:00,3531.27,3539.73,3522.36,3533.9,12198.9303,0.0001,64,0.0,0.0,trending,,962.2606632150672,0.0,0.0,,,962.2606632150672,0.0,,trending,0.0,{},,338.0,,,,,,,933.2005678924072,0.0,0.0,0.0,933.2005678924072,0.0,0.0,0.0,-3.8019016230607523,0.0,1.0,0.0,,
2024-06-19 10:00:00,3533.9,3561.94,3530.67,3560.0,16623.9606,0.0001,64,0.0,0.0,trending,,962.2606632150672,0.0,0.0,,,962.2606632150672,0.0,,trending,0.0,{},,339.0,,,,,,,933.2005678924072,0.0,0.0,0.0,933.2005678924072,0.0,0.0,0.0,-5.897746123694555,0.0,1.0,0.0,,
2024-06-19 11:00:00,3559.99,3564.0,3518.46,3536.94,12275.6498,0.0001,64,0.0,0.0,trending,,962.2606632150672,0.0,0.0,,,962.2606632150672,0.0,,trending,0.0,{},,340.0,,,,,,,933.2005678924072,0.0,0.0,0.0,933.2005678924072,0.0,0.0,0.0,-3.05892438176449,0.0,1.0,0.0,,
2024-06-19 12:00:00,3536.95,3549.6,3532.11,3547.0,6968.2445,0.0001,64,0.0,0.0,trending,,962.2606632150672,0.0,0.0,,,962.2606632150672,0.0,,trending,0.0,{},,341.0,,,,,,,933.2005678924072,0.0,0.0,0.0,933.2005678924072,0.0,0.0,0.0,-3.888631067285408,0.0,1.0,0.0,,
2024-06-19 13:00:00,3547.0,3550.61,3535.6,3540.49,6557.4041,0.0001,64,0.0,0.0,trending,,962.2606632150672,0.0,0.0,,,962.2606632150672,0.0,,trending,0.0,{},,342.0,,,,,,,933.2005678924072,0.0,0.0,0.0,933.2005678924072,0.0,0.0,0.0,-3.100187209853556,0.0,1.0,0.0,,
2024-06-19 14:00:00,3540.49,3541.23,3512.2,3520.41,17106.8682,0.0001,64,0.0,0.0,trending,,962.2606632150672,0.0,0.0,,,962.2606632150672,0.0,,trending,0.0,{},,343.0,,,,,,,933.2005678924072,0.0,0.0,0.0,933.2005678924072,0.0,0.0,0.0,-0.8178289263911552,0.0,1.0,0.0,,
2024-06-19 15:00:00,3520.4,3533.34,3515.94,3529.29,9098.7633,0.0001,64,0.0,0.0,trending,,962.2606632150672,0.0,0.0,,,962.2606632150672,0.0,,trending,0.0,{},,344.0,,,,,,,933.2005678924072,0.0,0.0,0.0,933.2005678924072,0.0,0.0,0.0,-1.6798685181305473,0.0,1.0,0.0,,
2024-06-19 16:00:00,3529.3,3553.78,3523.43,3546.87,9433.6339,6.122e-05,64,0.0,0.0,trending,,962.2606632150672,0.0,0.0,,,962.2606632150672,0.0,,trending,0.0,{},,345.0,,,,,,,933.2005678924072,0.0,0.0,0.0,933.2005678924072,0.0,0.0,0.0,-3.2817113741239528,0.0,1.0,0.0,,
2024-06-19 17:00:00,3546.86,3590.01,3544.0,3561.8,22825.301,6.122e-05,64,0.0,0.0,trending,,962.2606632150672,0.0,0.0,,,962.2606632150672,0.0,,trending,0.0,{},,346.0,,,,,,,933.2005678924072,0.0,0.0,0.0,933.2005678924072,0.0,0.0,0.0,-4.519630913648032,0.0,1.0,0.0,,
2024-06-19 18:00:00,3561.81,3575.0,3553.73,3554.27,10286.3108,6.122e-05,64,0.0,0.0,trending,,962.2606632150672,0.0,0.0,,,962.2606632150672,0.0,,trending,0.0,{},,347.0,,,,,,,933.2005678924072,0.0,0.0,0.0,933.2005678924072,0.0,0.0,0.0,-3.571628547333882,0.0,1.0,0.0,,
2024-06-19 19:00:00,3554.26,3556.49,3534.03,3546.29,8332.523,6.122e-05,64,0.0,0.0,trending,,962.2606632150672,0.0,0.0,,,962.2606632150672,0.0,,trending,0.0,{},,348.0,,,,,,,933.2005678924072,0.0,0.0,0.0,933.2005678924072,0.0,0.0,0.0,-2.5754735311755526,0.0,1.0,0.0,,
2024-06-19 20:00:00,3546.28,3561.5,3532.14,3553.0,10755.2631,6.122e-05,64,0.0,0.0,trending,,962.2606632150672,0.0,0.0,,,962.2606632150672,0.0,,trending,0.0,{},,349.0,,,,,,,933.2005678924072,0.0,0.0,0.0,933.2005678924072,0.0,0.0,0.0,-3.2176993714481172,0.0,1.0,0.0,,
2024-06-19 21:00:00,3553.0,3576.69,3550.04,3569.8,7074.3175,6.122e-05,64,0.0,0.0,trending,,962.2606632150672,0.0,0.0,,,962.2606632150672,0.0,,trending,0.0,{},,350.0,,,,,,,933.2005678924072,0.0,0.0,0.0,933.2005678924072,0.0,0.0,0.0,-4.734790781875441,0.0,1.0,0.0,,
2024-06-19 22:00:00,3569.8,3573.51,3556.83,3557.01,5319.2561,6.122e-05,64,0.0,0.0,trending,,962.2606632150672,0.0,0.0,,,962.2606632150672,0.0,,trending,0.0,{},,351.0,,,,,,,933.2005678924072,0.0,0.0,0.0,933.2005678924072,0.0,0.0,0.0,-3.028075362137341,0.0,1.0,0.0,,
2024-06-19 23:00:00,3557.01,3568.52,3551.83,3560.51,4128.9002,6.122e-05,64,0.0,0.0,trending,,962.2606632150672,0.0,0.0,,,962.2606632150672,0.0,,trending,0.0,{},,352.0,,,,,,,933.2005678924072,0.0,0.0,0.0,933.2005678924072,0.0,0.0,0.0,-3.366314924152718,0.0,1.0,0.0,,
2024-06-20 00:00:00,3560.51,3569.79,3550.09,3563.03,6722.5974,0.0001,60,0.0,0.0,trending,,962.2606632150672,0.0,0.0,,,962.2606632150672,0.0,,trending,0.0,{},,353.0,,,,,,,933.2005678924072,0.0,0.0,0.0,933.2005678924072,0.0,0.0,0.0,-3.6194325616400707,0.0,1.0,0.0,,
2024-06-20 01:00:00,3563.04,3594.47,3550.69,3559.41,18686.4155,0.0001,60,0.0,0.0,trending,,962.2606632150672,0.0,0.0,,,962.2606632150672,0.0,,trending,0.0,{},,354.0,,,,,,,933.2005678924072,0.0,0.0,0.0,933.2005678924072,0.0,0.0,0.0,-3.0761785700962663,0.0,1.0,0.0,,
2024-06-20 02:00:00,3559.41,3559.58,3533.49,3552.0,11593.1155,0.0001,60,0.0,0.0,trending,,962.2606632150672,0.0,0.0,,,962.2606632150672,0.0,,trending,0.0,{},,355.0,,,,,,,933.2005678924072,0.0,0.0,0.0,933.2005678924072,0.0,0.0,0.0,-1.9625855765861333,0.0,1.0,0.0,,
2024-06-20 03:00:00,3552.0,3557.14,3544.49,3553.65,4897.0031,0.0001,60,0.0,0.0,trending,,962.2606632150672,0.0,0.0,,,962.2606632150672,0.0,,trending,0.0,{},,356.0,,,,,,,933.2005678924072,0.0,0.0,0.0,933.2005678924072,0.0,0.0,0.0,-2.1689636301920245,0.0,1.0,0.0,,
2024-06-20 04:00:00,3553.65,3573.79,3544.61,3570.9,7606.9744,0.0001,60,0.0,0.0,trending,,962.2606632150672,0.0,0.0,,,962.2606632150672,0.0,,trending,0.0,{},,357.0,,,,,,,933.2005678924072,0.0,0.0,0.0,933.2005678924072,0.0,0.0,0.0,-4.203461387402373,0.0,1.0,0.0,,
2024-06-20 05:00:00,3570.9,3584.79,3567.35,3581.16,16726.5001,0.0001,60,0.0,0.0,trending,,962.2606632150672,0.0,0.0,,,962.2606632150672,0.0,,trending,0.0,{},,358.0,,,,,,,933.2005678924072,0.0,0.0,0.0,933.2005678924072,0.0,0.0,0.0,-5.279307614697538,0.0,1.0,0.0,,
2024-06-20 06:00:00,3581.16,3592.33,3575.0,3580.26,13512.4732,0.0001,60,0.0,0.0,trending,,962.2606632150672,0.0,0.0,,,962.2606632150672,0.0,,trending,0.0,{},,359.0,,,,,,,933.2005678924072,0.0,0.0,0.0,933.2005678924072,0.0,0.0,0.0,-5.117700857094485,0.0,1.0,0.0,,
2024-06-20 07:00:00,3580.26,3616.06,3580.0,3607.87,19501.8307,0.0001,60,0.0,0.0,trending,,962.2606632150672,0.0,0.0,,,962.2606632150672,0.0,,trending,0.0,{},,360.0,,,,,,,933.2005678924072,0.0,0.0,0.0,933.2005678924072,0.0,0.0,0.0,-7.71274606277388,0.0,1.0,0.0,,
2024-06-20 08:00:00,3607.87,3611.5,3583.2,3587.34,12761.1051,6.409e-05,60,0.0,0.0,trending,,962.2606632150672,0.0,0.0,,,962.2606632150672,0.0,,trending,0.0,{},,361.0,,,,,,,933.2005678924072,0.0,0.0,0.0,933.2005678924072,0.0,0.0,0.0,-4.317296262885648,0.0,1.0,0.0,,
2024-06-20 09:00:00,3587.34,3591.45,3572.24,3580.72,12728.9073,6.409e-05,60,0.0,0.0,trending,,962.2606632150672,0.0,0.0,,,962.2606632150672,0.0,,trending,0.0,{},,362.0,,,,,,,933.2005678924072,0.0,0.0,0.0,933.2005678924072,0.0,0.0,0.0,-3.324877514473218,0.0,1.0,0.0,,
2024-06-20 10:00:00,3580.73,3609.5,3575.49,3604.95,13053.961,6.409e-05,60,0.0,0.0,trending,,962.2606632150672,0.0,0.0,,,962.2606632150672,0.0,,trending,0.0,{},,363.0,,,,,,,933.2005678924072,0.0,0.0,0.0,933.2005678924072,0.0,0.0,0.0,-5.635584612840046,0.0,1.0,0.0,,
2024-06-20 11:00:00,3604.95,3625.96,3597.04,3598.94,19630.4088,6.409e-05,60,0.0,0.0,trending,,962.2606632150672,0.0,0.0,,,962.2606632150672,0.0,,trending,0.0,{},,364.0,,,,,,,933.2005678924072,0.0,0.0,0.0,933.2005678924072,0.0,0.0,0.0,-4.720544514767158,0.0,1.0,0.0,,
2024-06-20 12:00:00,3598.94,3611.81,3582.82,3589.4,19326.6689,6.409e-05,60,0.0,0.0,trending,,962.2606632150672,0.0,0.0,,,962.2606632150672,0.0,,trending,0.0,{},,365.0,,,,,,,933.2005678924072,0.0,0.0,0.0,933.2005678924072,0.0,0.0,0.0,-3.2988980519405544,0.0,1.0,0.0,,
2024-06-20 13:00:00,3589.4,3592.26,3525.0,3531.36,40853.9107,6.409e-05,60,0.0,0.0,trending,,962.2606632150672,0.0,0.0,,,962.2606632150672,0.0,,trending,0.0,{},,366.0,,,,,,,933.2005678924072,0.0,0.0,0.0,933.2005678924072,0.0,0.0,0.0,3.0773340902449178,0.0,1.0,0.0,,
2024-06-20 14:00:00,3531.36,3534.29,3491.46,3521.24,27727.1688,6.409e-05,60,0.0,0.0,trending,,962.2606632150672,0.0,0.0,,,962.2606632150672,0.0,,trending,0.0,{},,367.0,,,,,,,933.2005678924072,0.0,0.0,0.0,933.2005678924072,0.0,0.0,0.0,3.904463954431512,0.0,1.0,0.0,,
2024-06-20 15:00:00,3521.24,3532.23,3506.6,3506.61,15236.5144,6.409e-05,60,0.0,0.0,trending,,962.2606632150672,0.0,0.0,,,962.2606632150672,0.0,,trending,0.0,{},,368.0,,,,,,,933.2005678924072,0.0,0.0,0.0,933.2005678924072,0.0,0.0,0.0,5.042634854198582,0.0,1.0,0.0,,
2024-06-20 16:00:00,3506.61,3523.3,3486.0,3516.15,18041.0528,3.148e-05,60,0.0,0.0,trending,,962.2606632150672,0.0,0.0,,,962.2606632150672,0.0,,trending,0.0,{},,369.0,,,,,,,933.2005678924072,0.0,0.0,0.0,933.2005678924072,0.0,0.0,0.0,3.8579043497668466,0.0,1.0,0.0,,
2024-06-20 17:00:00,3516.15,3524.52,3508.37,3522.93,10125.1437,3.148e-05,60,0.0,0.0,trending,,962.2606632150672,0.0,0.0,,,962.2606632150672,0.0,,trending,0.0,{},,370.0,,,,,,,933.2005678924072,0.0,0.0,0.0,933.2005678924072,0.0,0.0,0.0,3.0242268664844434,0.0,1.0,0.0,,
2024-06-20 18:00:00,3522.93,3542.4,3521.0,3527.21,12533.9796,3.148e-05,60,0.0,0.0,trending,,962.2606632150672,0.0,0.0,,,962.2606632150672,0.0,,trending,0.0,{},,371.0,,,,,,,933.2005678924072,0.0,0.0,0.0,933.2005678924072,0.0,0.0,0.0,2.489969256452446,0.0,1.0,0.0,,
2024-06-20 19:00:00,3527.22,3538.25,3514.13,3536.61,10757.8109,3.148e-05,60,0.0,0.0,trending,,962.2606632150672,0.0,0.0,,,962.2606632150672,0.0,,trending,0.0,{},,372.0,,,,,,,933.2005678924072,0.0,0.0,0.0,933.2005678924072,0.0,0.0,0.0,1.31989010313242,0.0,1.0,0.0,,
2024-06-20 20:00:00,3536.61,3538.91,3522.0,3525.97,4220.9858,3.148e-05,60,0.0,0.0,trending,,962.2606632150672,0.0,0.0,,,962.2606632150672,0.0,,trending,0.0,{},,373.0,,,,,,,933.2005678924072,0.0,0.0,0.0,933.2005678924072,0.0,0.0,0.0,2.4339221931274553,0.0,1.0,0.0,,
2024-06-20 21:00:00,3525.97,3530.53,3516.31,3516.8,3621.9384,3.148e-05,60,0.0,0.0,trending,,962.2606632150672,0.0,0.0,,,962.2606632150672,0.0,,trending,0.0,{},,374.0,,,,,,,933.2005678924072,0.0,0.0,0.0,933.2005678924072,0.0,0.0,0.0,3.3552529427297486,0.0,1.0,0.0,,
2024-06-20 22:00:00,3516.8,3522.5,3515.0,3519.53,4332.5501,3.148e-05,60,0.0,0.0,trending,,962.2606632150672,0.0,0.0,,,962.2606632150672,0.0,,trending,0.0,{},,375.0,,,,,,,933.2005678924072,0.0,0.0,0.0,933.2005678924072,0.0,0.0,0.0,2.969019955479567,0.0,1.0,0.0,,
2024-06-20 23:00:00,3519.53,3523.0,3511.0,3513.08,4918.8291,3.148e-05,60,0.0,0.0,trending,,962.2606632150672,0.0,0.0,,,962.2606632150672,0.0,,trending,0.0,{},,376.0,,,,,,,933.2005678924072,0.0,0.0,0.0,933.2005678924072,0.0,0.0,0.0,3.656647849477821,0.0,1.0,0.0,,
2024-06-21 00:00:00,3513.08,3517.5,3491.66,3499.6,9041.5969,7.46e-06,63,0.0,0.0,trending,,962.2606632150672,0.0,0.0,,,962.2606632150672,0.0,,trending,0.0,{},,377.0,,,,,,,933.2005678924072,0.0,0.0,0.0,933.2005678924072,0.0,0.0,0.0,5.018266622027068,0.0,1.0,0.0,,
2024-06-21 01:00:00,3499.6,3529.41,3496.0,3527.8,8190.0312,7.46e-06,63,0.0,0.0,trending,,962.2606632150672,0.0,0.0,,,962.2606632150672,0.0,,trending,0.0,{},,378.0,,,,,,,933.2005678924072,0.0,0.0,0.0,933.2005678924072,0.0,0.0,0.0,1.0646607007067956,0.0,1.0,0.0,,
2024-06-21 02:00:00,3527.8,3536.21,3506.38,3508.65,8696.0579,7.46e-06,63,0.0,0.0,trending,,962.2606632150672,0.0,0.0,,,962.2606632150672,0.0,,trending,0.0,{},,379.0,,,,,,,933.2005678924072,0.0,0.0,0.0,933.2005678924072,0.0,0.0,0.0,3.026298822360849,0.0,1.0,0.0,,
2024-06-21 03:00:00,3508.64,3513.34,3495.3,3501.2,8085.3996,7.46e-06,63,0.0,0.0,trending,,962.2606632150672,0.0,0.0,,,962.2606632150672,0.0,,trending,0.0,{},,380.0,,,,,,,933.2005678924072,0.0,0.0,0.0,933.2005678924072,0.0,0.0,0.0,3.7323498098362595,0.0,1.0,0.0,,
2024-06-21 04:00:00,3501.2,3517.2,3493.0,3517.2,6494.4009,7.46e-06,63,0.0,0.0,trending,,962.2606632150672,0.0,0.0,,,962.2606632150672,0.0,,trending,0.0,{},,381.0,,,,,,,933.2005678924072,0.0,0.0,0.0,933.2005678924072,0.0,0.0,0.0,1.6494911314190206,0.0,1.0,0.0,,
2024-06-21 05:00:00,3517.2,3521.74,3504.86,3518.92,7716.0617,7.46e-06,63,0.0,0.0,trending,,962.2606632150672,0.0,0.0,,,962.2606632150672,0.0,,trending,0.0,{},,382.0,,,,,,,933.2005678924072,0.0,0.0,0.0,933.2005678924072,0.0,0.0,0.0,1.4317622392855611,0.0,1.0,0.0,,
2024-06-21 06:00:00,3518.91,3520.42,3506.13,3512.08,5208.9394,7.46e-06,63,0.0,0.0,trending,,962.2606632150672,0.0,0.0,,,962.2606632150672,0.0,,trending,0.0,{},,383.0,,,,,,,933.2005678924072,0.0,0.0,0.0,933.2005678924072,0.0,0.0,0.0,2.1985648442817936,0.0,1.0,0.0,,
2024-06-21 07:00:00,3512.08,3519.82,3467.0,3475.0,25603.1459,7.46e-06,63,0.0,0.0,trending,,962.2606632150672,0.0,0.0,,,962.2606632150672,0.0,,trending,0.0,{},,384.0,,,,,,,933.2005678924072,0.0,0.0,0.0,933.2005678924072,0.0,0.0,0.0,5.656628073505875,0.0,1.0,0.0,,
2024-06-21 08:00:00,3475.0,3489.03,3446.82,3459.34,22632.7448,2.103e-05,63,0.0,0.0,trending,,962.2606632150672,0.0,0.0,,,962.2606632150672,0.0,,trending,0.0,{},,385.0,,,,,,,933.2005678924072,0.0,0.0,0.0,933.2005678924072,0.0,0.0,0.0,6.8210301353511795,0.0,1.0,0.0,,
2024-06-21 09:00:00,3459.33,3532.83,3454.0,3514.5,41472.5746,2.103e-05,63,0.0,0.0,trending,,962.2606632150672,0.0,0.0,,,962.2606632150672,0.0,,trending,0.0,{},,386.0,,,,,,,933.2005678924072,0.0,0.0,0.0,933.2005678924072,0.0,0.0,0.0,0.50632176977347,0.0,1.0,0.0,,
2024-06-21 10:00:00,3514.49,3522.3,3490.77,3496.44,12323.6404,2.103e-05,63,0.0,0.0,trending,,962.2606632150672,0.0,0.0,,,962.2606632150672,0.0,,trending,0.0,{},,387.0,,,,,,,933.2005678924072,0.0,0.0,0.0,933.2005678924072,0.0,0.0,0.0,2.0005503274662146,0.0,1.0,0.0,,
2024-06-21 11:00:00,3496.44,3510.0,3491.92,3503.22,8104.4658,2.103e-05,63,0.0,0.0,trending,,962.2606632150672,0.0,0.0,,,962.2606632150672,0.0,,trending,0.0,{},,388.0,,,,,,,933.2005678924072,0.0,0.0,0.0,933.2005678924072,0.0,0.0,0.0,1.3392488072723439,0.0,1.0,0.0,,
2024-06-21 12:00:00,3503.21,3512.72,3471.71,3495.81,18420.3082,2.103e-05,63,0.0,0.0,trending,,962.2606632150672,0.0,0.0,,,962.2606632150672,0.0,,trending,0.0,{},,389.0,,,,,,,933.2005678924072,0.0,0.0,0.0,933.2005678924072,0.0,0.0,0.0,1.9768822674385491,0.0,1.0,0.0,,
2024-06-21 13:00:00,3495.8,3498.37,3455.1,3476.0,19664.6578,2.103e-05,63,0.0,0.0,trending,,962.2606632150672,0.0,0.0,,,962.2606632150672,0.0,,trending,0.0,{},,390.0,,,,,,,933.2005678924072,0.0,0.0,0.0,933.2005678924072,0.0,0.0,0.0,3.591123509461463,0.0,1.0,0.0,,
2024-06-21 14:00:00,3476.0,3519.99,3463.65,3514.22,26450.2907,2.103e-05,63,0.0,0.0,trending,,962.2606632150672,0.0,0.0,,,962.2606632150672,0.0,,trending,0.0,{},,391.0,,,,,,,933.2005678924072,0.0,0.0,0.0,933.2005678924072,0.0,0.0,0.0,-0.11022095781706583,0.0,1.0,0.0,,
2024-06-21 15:00:00,3514.22,3519.8,3474.8,3492.78,24495.4415,2.103e-05,63,0.0,0.0,trending,,962.2606632150672,0.0,0.0,,,962.2606632150672,0.0,,trending,0.0,{},,392.0,,,,,,,933.2005678924072,0.0,0.0,0.0,933.2005678924072,0.0,0.0,0.0,1.6308558781905136,0.0,1.0,0.0,,
2024-06-21 16:00:00,3492.78,3495.69,3474.78,3488.96,12825.5791,0.0001,63,0.0,0.0,trending,,962.2606632150672,0.0,0.0,,,962.2606632150672,0.0,,trending,0.0,{},,393.0,,,,,,,933.2005678924072,0.0,0.0,0.0,933.2005678924072,0.0,0.0,0.0,1.931011856732016,0.0,1.0,0.0,,
2024-06-21 17:00:00,3488.95,3510.0,3469.96,3478.74,23664.1586,0.0001,63,0.0,0.0,trending,,962.2606632150672,0.0,0.0,,,962.2606632150672,0.0,,trending,0.0,{},,394.0,,,,,,,933.2005678924072,0.0,0.0,0.0,933.2005678924072,0.0,0.0,0.0,2.743469827088879,0.0,1.0,0.0,,
2024-06-21 18:00:00,3478.73,3526.4,3476.0,3524.01,17808.7901,0.0001,63,0.0,0.0,trending,,962.2606632150672,0.0,0.0,,,962.2606632150672,0.0,,trending,0.0,{},,395.0,,,,,,,933.2005678924072,0.0,0.0,0.0,933.2005678924072,0.0,0.0,0.0,-1.2732324044465912,0.0,1.0,0.0,,
2024-06-21 19:00:00,3524.01,3537.5,3511.19,3535.45,12021.5391,0.0001,63,0.0,0.0,trending,,962.2606632150672,0.0,0.0,,,962.2606632150672,0.0,,trending,0.0,{},,396.0,,,,,,,933.2005678924072,0.0,0.0,0.0,933.2005678924072,0.0,0.0,0.0,-2.1320180687920924,0.0,1.0,0.0,,
2024-06-21 20:00:00,3535.44,3547.55,3518.0,3522.5,7026.6894,0.0001,63,0.0,0.0,trending,,962.2606632150672,0.0,0.0,,,962.2606632150672,0.0,,trending,0.0,{},,397.0,,,,,,,933.2005678924072,0.0,0.0,0.0,933.2005678924072,0.0,0.0,0.0,-0.9602266237341326,0.0,1.0,0.0,,
2024-06-21 21:00:00,3522.5,3525.91,3500.0,3517.71,7728.7362,0.0001,63,0.0,0.0,trending,,962.2606632150672,0.0,0.0,,,962.2606632150672,0.0,,trending,0.0,{},,398.0,,,,,,,933.2005678924072,0.0,0.0,0.0,933.2005678924072,0.0,0.0,0.0,-0.527312253676027,0.0,1.0,0.0,,
2024-06-21 22:00:00,3517.7,3528.0,3515.14,3523.57,6331.391,0.0001,63,0.0,0.0,trending,,962.2606632150672,0.0,0.0,,,962.2606632150672,0.0,,trending,0.0,{},,399.0,,,,,,,933.2005678924072,0.0,0.0,0.0,933.2005678924072,0.0,0.0,0.0,-1.0431603946763743,0.0,1.0,0.0,,
2024-06-21 23:00:00,3523.56,3527.38,3516.87,3518.5,2148.4612,0.0001,63,0.0,0.0,trending,,962.2606632150672,0.0,0.0,,,962.2606632150672,0.0,,trending,0.0,{},,400.0,,,,,,,933.2005678924072,0.0,0.0,0.0,933.2005678924072,0.0,0.0,0.0,-0.5362666546955239,0.0,1.0,0.0,,
2024-06-22 00:00:00,3518.5,3521.19,3493.24,3501.34,7547.935,4.564e-05,53,0.0,0.0,trending,,962.2606632150672,0.0,0.0,,,962.2606632150672,0.0,,trending,0.0,{},,401.0,,,,,,,933.2005678924072,0.0,0.0,0.0,933.2005678924072,0.0,0.0,0.0,1.1213030639771717,0.0,1.0,0.0,,
2024-06-22 01:00:00,3501.33,3509.47,3496.61,3503.02,3442.2915,4.564e-05,53,0.0,0.0,trending,,962.2606632150672,0.0,0.0,,,962.2606632150672,0.0,,trending,0.0,{},,402.0,,,,,,,933.2005678924072,0.0,0.0,0.0,933.2005678924072,0.0,0.0,0.0,0.943077534711216,0.0,1.0,0.0,,
2024-06-22 02:00:00,3503.02,3511.29,3501.2,3505.37,4476.86,4.564e-05,53,0.0,0.0,trending,,962.2606632150672,0.0,0.0,,,962.2606632150672,0.0,,trending,0.0,{},,403.0,,,,,,,933.2005678924072,0.0,0.0,0.0,933.2005678924072,0.0,0.0,0.0,0.6802338745414659,0.0,1.0,0.0,,
2024-06-22 03:00:00,3505.37,3512.27,3504.25,3506.77,5651.6299,4.564e-05,53,0.0,0.0,trending,,962.2606632150672,0.0,0.0,,,962.2606632150672,0.0,,trending,0.0,{},,404.0,,,,,,,933.2005678924072,0.0,0.0,0.0,933.2005678924072,0.0,0.0,0.0,0.5149886234080157,0.0,1.0,0.0,,
2024-06-22 04:00:00,3506.77,3509.47,3499.06,3509.0,4327.7994,4.564e-05,53,0.0,0.0,trending,,962.2606632150672,0.0,0.0,,,962.2606632150672,0.0,,trending,0.0,{},,405.0,,,,,,,933.2005678924072,0.0,0.0,0.0,933.2005678924072,0.0,0.0,0.0,0.237677628310081,0.0,1.0,0.0,,
2024-06-22 05:00:00,3509.0,3509.08,3499.67,3509.08,4045.6764,4.564e-05,53,0.0,0.0,trending,,962.2606632150672,0.0,0.0,,,962.2606632150672,0.0,,trending,0.0,{},,406.0,,,,,,,933.2005678924072,0.0,0.0,0.0,933.2005678924072,0.0,0.0,0.0,0.22711078872737575,0.0,1.0,0.0,,
2024-06-22 06:00:00,3509.08,3509.76,3502.5,3503.5,3699.5541,4.564e-05,53,0.0,0.0,trending,,962.2606632150672,0.0,0.0,,,962.2606632150672,0.0,,trending,0.0,{},,407.0,,,,,,,933.2005678924072,0.0,0.0,0.0,933.2005678924072,0.0,0.0,0.0,0.9731409545134057,0.0,1.0,0.0,,
2024-06-22 07:00:00,3503.49,3504.0,3489.73,3494.0,10634.1763,4.564e-05,53,0.0,0.0,trending,,962.2606632150672,0.0,0.0,,,962.2606632150672,0.0,,trending,0.0,{},,408.0,,,,,,,933.2005678924072,0.0,0.0,0.0,933.2005678924072,0.0,0.0,0.0,2.204202558057196,0.0,1.0,0.0,,
2024-06-22 08:00:00,3494.0,3494.93,3475.09,3484.6,8326.3309,5.837e-05,53,0.0,0.0,trending,,962.2606632150672,0.0,0.0,,,962.2606632150672,0.0,,trending,0.0,{},,409.0,,,,,,,933.2005678924072,0.0,0.0,0.0,933.2005678924072,0.0,0.0,0.0,3.3519858964842912,0.0,1.0,0.0,,
2024-06-22 09:00:00,3484.6,3495.49,3482.55,3492.62,4059.7101,5.837e-05,53,0.0,0.0,trending,,962.2606632150672,0.0,0.0,,,962.2606632150672,0.0,,trending,0.0,{},,410.0,,,,,,,933.2005678924072,0.0,0.0,0.0,933.2005678924072,0.0,0.0,0.0,2.0455316645032524,0.0,1.0,0.0,,
2024-06-22 10:00:00,3492.61,3498.96,3489.55,3497.16,5321.8323,5.837e-05,53,0.0,0.0,trending,,962.2606632150672,0.0,0.0,,,962.2606632150672,0.0,,trending,0.0,{},,411.0,,,,,,,933.2005678924072,0.0,0.0,0.0,933.2005678924072,0.0,0.0,0.0,1.3184361810298242,0.0,1.0,0.0,,
2024-06-22 11:00:00,3497.16,3497.16,3491.2,3493.2,2151.7598,5.837e-05,53,0.0,0.0,trending,,962.2606632150672,0.0,0.0,,,962.2606632150672,0.0,,trending,0.0,{},,412.0,,,,,,,933.2005678924072,0.0,0.0,0.0,933.2005678924072,0.0,0.0,0.0,1.8798108808362628,0.0,1.0,0.0,,
2024-06-22 12:00:00,3493.19,3495.0,3487.65,3488.61,3866.9323,5.837e-05,53,0.0,0.0,trending,,962.2606632150672,0.0,0.0,,,962.2606632150672,0.0,,trending,0.0,{},,413.0,,,,,,,933.2005678924072,0.0,0.0,0.0,933.2005678924072,0.0,0.0,0.0,2.534922066592603,0.0,1.0,0.0,,
2024-06-22 13:00:00,3488.62,3502.3,3486.78,3501.4,11328.7659,5.837e-05,53,0.0,0.0,trending,,962.2606632150672,0.0,0.0,,,962.2606632150672,0.0,,trending,0.0,{},,414.0,,,,,,,933.2005678924072,0.0,0.0,0.0,933.2005678924072,0.0,0.0,0.0,0.32934153254292653,0.0,1.0,0.0,,
2024-06-22 14:00:00,3501.4,3511.84,3497.25,3503.2,10247.4561,5.837e-05,53,0.0,0.0,trending,,962.2606632150672,0.0,0.0,,,962.2606632150672,0.0,,trending,0.0,{},,415.0,,,,,,,933.2005678924072,0.0,0.0,0.0,933.2005678924072,0.0,0.0,0.0,0.03220833427742775,0.0,1.0,0.0,,
2024-06-22 15:00:00,3503.19,3505.43,3498.42,3505.43,2830.2267,5.837e-05,53,0.0,0.0,trending,,962.2606632150672,0.0,0.0,,,962.2606632150672,0.0,,trending,0.0,{},,416.0,,,,,,,933.2005678924072,0.0,0.0,0.0,933.2005678924072,0.0,0.0,0.0,-0.3509966920679318,0.0,1.0,0.0,,
2024-06-22 16:00:00,3505.43,3506.5,3497.01,3504.5,3618.1244,3.914e-05,53,0.0,0.0,trending,,962.2606632150672,0.0,0.0,,,962.2606632150672,0.0,,trending,0.0,{},,417.0,,,,,,,933.2005678924072,0.0,0.0,0.0,933.2005678924072,0.0,0.0,0.0,-0.17766153366107462,0.0,1.0,0.0,,
2024-06-22 17:00:00,3504.5,3508.37,3497.7,3497.71,3040.1982,3.914e-05,53,0.0,0.0,trending,,962.2606632150672,0.0,0.0,,,962.2606632150672,0.0,,trending,0.0,{},,418.0,,,,,,,933.2005678924072,0.0,0.0,0.0,933.2005678924072,0.0,0.0,0.0,1.088911896872395,0.0,1.0,0.0,,
2024-06-22 18:00:00,3497.71,3501.4,3491.55,3493.0,2403.907,3.914e-05,53,0.0,0.0,trending,,962.2606632150672,0.0,0.0,,,962.2606632150672,0.0,,trending,0.0,{},,419.0,,,,,,,933.2005678924072,0.0,0.0,0.0,933.2005678924072,0.0,0.0,0.0,1.9359493368958114,0.0,1.0,0.0,,
2024-06-22 19:00:00,3493.0,3497.0,3485.56,3491.44,4897.5219,3.914e-05,53,0.0,0.0,trending,,962.2606632150672,0.0,0.0,,,962.2606632150672,0.0,,trending,0.0,{},,420.0,,,,,,,933.2005678924072,0.0,0.0,0.0,933.2005678924072,0.0,0.0,0.0,2.220001125001656,0.0,1.0,0.0,,
2024-06-22 20:00:00,3491.44,3496.9,3485.8,3496.13,2329.0542,3.914e-05,53,0.0,0.0,trending,,962.2606632150672,0.0,0.0,,,962.2606632150672,0.0,,trending,0.0,{},,421.0,,,,,,,933.2005678924072,0.0,0.0,0.0,933.2005678924072,0.0,0.0,0.0,1.1435420364685058,0.0,1.0,0.0,,
2024-06-22 21:00:00,3496.12,3507.86,3495.19,3506.01,2154.2221,3.914e-05,53,0.0,0.0,trending,,962.2606632150672,0.0,0.0,,,962.2606632150672,0.0,,trending,0.0,{},,422.0,,,,,,,933.2005678924072,0.0,0.0,0.0,933.2005678924072,0.0,0.0,0.0,-0.9501799948744577,0.0,1.0,0.0,,
2024-06-22 22:00:00,3506.01,3507.49,3500.43,3502.5,3268.613,3.914e-05,53,0.0,0.0,trending,,962.2606632150672,0.0,0.0,,,962.2606632150672,0.0,,trending,0.0,{},,423.0,,,,,,,933.2005678924072,0.0,0.0,0.0,933.2005678924072,0.0,0.0,0.0,-0.18544444996474568,0.0,1.0,0.0,,
2024-06-22 23:00:00,3502.5,3504.5,3493.29,3495.75,2104.0382,3.914e-05,53,0.0,0.0,trending,,962.2606632150672,0.0,0.0,,,962.2606632150672,0.0,,trending,0.0,{},,424.0,,,,,,,933.2005678924072,0.0,0.0,0.0,933.2005678924072,0.0,0.0,0.0,1.2332758817331468,0.0,1.0,0.0,,
2024-06-23 00:00:00,3495.76,3512.0,3494.67,3507.86,4480.5608,6.71e-05,55,0.0,0.0,trending,,962.2606632150672,0.0,0.0,,,962.2606632150672,0.0,,trending,0.0,{},,425.0,,,,,,,933.2005678924072,0.0,0.0,0.0,933.2005678924072,0.0,0.0,0.0,-1.305351505193201,0.0,1.0,0.0,,
2024-06-23 01:00:00,3507.86,3511.4,3502.0,3508.41,2945.1139,6.71e-05,55,0.0,0.0,trending,,962.2606632150672,0.0,0.0,,,962.2606632150672,0.0,,trending,0.0,{},,426.0,,,,,,,933.2005678924072,0.0,0.0,0.0,933.2005678924072,0.0,0.0,0.0,-1.4140255355130904,0.0,1.0,0.0,,
2024-06-23 02:00:00,3508.41,3513.49,3504.5,3513.49,2941.1946,6.71e-05,55,0.0,0.0,trending,,962.2606632150672,0.0,0.0,,,962.2606632150672,0.0,,trending,0.0,{},,427.0,,,,,,,933.2005678924072,0.0,0.0,0.0,933.2005678924072,0.0,0.0,0.0,-2.4300541288597746,0.0,1.0,0.0,,
2024-06-23 03:00:00,3513.49,3519.0,3509.57,3519.0,3923.0116,6.71e-05,55,0.0,0.0,trending,,962.2606632150672,0.0,0.0,,,962.2606632150672,0.0,,trending,0.0,{},,428.0,,,,,,,933.2005678924072,0.0,0.0,0.0,933.2005678924072,0.0,0.0,0.0,-3.484613345340327,0.0,1.0,0.0,,
2024-06-23 04:00:00,3518.99,3521.45,3512.16,3514.32,3246.7373,6.71e-05,55,0.0,0.0,trending,,962.2606632150672,0.0,0.0,,,962.2606632150672,0.0,,trending,0.0,{},,429.0,,,,,,,933.2005678924072,0.0,0.0,0.0,933.2005678924072,0.0,0.0,0.0,-2.262397787510355,0.0,1.0,0.0,,
2024-06-23 05:00:00,3514.33,3518.6,3508.38,3509.59,2814.4486,6.71e-05,55,0.0,0.0,trending,,962.2606632150672,0.0,0.0,,,962.2606632150672,0.0,,trending,0.0,{},,430.0,,,,,,,933.2005678924072,0.0,0.0,0.0,933.2005678924072,0.0,0.0,0.0,-1.068908651379985,0.0,1.0,0.0,,
2024-06-23 06:00:00,3509.59,3512.18,3506.77,3507.32,1560.3518,6.71e-05,55,0.0,0.0,trending,,962.2606632150672,0.0,0.0,,,962.2606632150672,0.0,,trending,0.0,{},,431.0,,,,,,,933.2005678924072,0.0,0.0,0.0,933.2005678924072,0.0,0.0,0.0,-0.5008954290290575,0.0,1.0,0.0,,
2024-06-23 07:00:00,3507.33,3514.38,3506.63,3512.5,2141.5644,6.71e-05,55,0.0,0.0,trending,,962.2606632150672,0.0,0.0,,,962.2606632150672,0.0,,trending,0.0,{},,432.0,,,,,,,933.2005678924072,0.0,0.0,0.0,933.2005678924072,0.0,0.0,0.0,-1.71252199004025,0.0,1.0,0.0,,
2024-06-23 08:00:00,3512.49,3513.0,3503.2,3506.27,3748.0351,4.594e-05,55,0.0,0.0,trending,,962.2606632150672,0.0,0.0,,,962.2606632150672,0.0,,trending,0.0,{},,433.0,,,,,,,933.2005678924072,0.0,0.0,0.0,933.2005678924072,0.0,0.0,0.0,-0.09528760785026408,0.0,1.0,0.0,,
2024-06-23 09:00:00,3506.34,3507.8,3498.98,3502.51,6010.9378,4.594e-05,55,0.0,0.0,trending,,962.2606632150672,0.0,0.0,,,962.2606632150672,0.0,,trending,0.0,{},,434.0,,,,,,,933.2005678924072,0.0,0.0,0.0,933.2005678924072,0.0,0.0,0.0,0.8327744345920736,0.0,1.0,0.0,,
2024-06-23 10:00:00,3502.52,3502.52,3491.62,3493.76,3577.844,4.594e-05,55,0.0,0.0,trending,,962.2606632150672,0.0,0.0,,,962.2606632150672,0.0,,trending,0.0,{},,435.0,,,,,,,933.2005678924072,0.0,0.0,0.0,933.2005678924072,0.0,0.0,0.0,2.8208722970191986,0.0,1.0,0.0,,
2024-06-23 11:00:00,3493.76,3498.62,3488.2,3498.29,4838.5941,4.594e-05,55,0.0,0.0,trending,,962.2606632150672,0.0,0.0,,,962.2606632150672,0.0,,trending,0.0,{},,436.0,,,,,,,933.2005678924072,0.0,0.0,0.0,933.2005678924072,0.0,0.0,0.0,1.5732670225631695,0.0,1.0,0.0,,
2024-06-23 12:00:00,3498.29,3503.65,3496.57,3500.39,2315.5823,4.594e-05,55,0.0,0.0,trending,,962.2606632150672,0.0,0.0,,,962.2606632150672,0.0,,trending,0.0,{},,437.0,,,,,,,933.2005678924072,0.0,0.0,0.0,933.2005678924072,0.0,0.0,0.0,1.0001422645681317,0.0,1.0,0.0,,
2024-06-23 13:00:00,3500.38,3504.62,3494.0,3498.2,4636.9323,4.594e-05,55,0.0,0.0,trending,,962.2606632150672,0.0,0.0,,,962.2606632150672,0.0,,trending,0.0,{},,438.0,,,,,,,933.2005678924072,0.0,0.0,0.0,933.2005678924072,0.0,0.0,0.0,1.5506023471731027,0.0,1.0,0.0,,
2024-06-23 14:00:00,3498.2,3499.3,3480.45,3484.7,8224.3784,4.594e-05,55,0.0,0.0,trending,,962.2606632150672,0.0,0.0,,,962.2606632150672,0.0,,trending,0.0,{},,439.0,,,,,,,933.2005678924072,0.0,0.0,0.0,933.2005678924072,0.0,0.0,0.0,4.526702308732175,0.0,1.0,0.0,,
2024-06-23 15:00:00,3484.7,3489.45,3471.82,3474.54,11314.5678,4.594e-05,55,0.0,0.0,trending,,962.2606632150672,0.0,0.0,,,962.2606632150672,0.0,,trending,0.0,{},,440.0,,,,,,,933.2005678924072,0.0,0.0,0.0,933.2005678924072,0.0,0.0,0.0,6.315806103313912,0.0,1.0,0.0,,
2024-06-23 16:00:00,3474.54,3482.4,3461.38,3463.32,8124.8882,3.591e-05,55,0.0,0.0,trending,,962.2606632150672,0.0,0.0,,,962.2606632150672,0.0,,trending,0.0,{},,441.0,,,,,,,933.2005678924072,0.0,0.0,0.0,933.2005678924072,0.0,0.0,0.0,7.9700245314961595,0.0,1.0,0.0,,
2024-06-23 17:00:00,3463.32,3480.14,3462.0,3473.32,5485.012,3.591e-05,55,0.0,0.0,trending,,962.2606632150672,0.0,0.0,,,962.2606632150672,0.0,,trending,0.0,{},,442.0,,,,,,,933.2005678924072,0.0,0.0,0.0,933.2005678924072,0.0,0.0,0.0,5.062083838699829,0.0,1.0,0.0,,
2024-06-23 18:00:00,3473.32,3478.2,3472.48,3477.77,2817.0978,3.591e-05,55,0.0,0.0,trending,,962.2606632150672,0.0,0.0,,,962.2606632150672,0.0,,trending,0.0,{},,443.0,,,,,,,933.2005678924072,0.0,0.0,0.0,933.2005678924072,0.0,0.0,0.0,3.872672457931512,0.0,1.0,0.0,,
2024-06-23 19:00:00,3477.78,3481.72,3475.63,3479.93,2114.0372,3.591e-05,55,0.0,0.0,trending,,962.2606632150672,0.0,0.0,,,962.2606632150672,0.0,,trending,0.0,{},,444.0,,,,,,,933.2005678924072,0.0,0.0,0.0,933.2005678924072,0.0,0.0,0.0,3.294752670360157,0.0,1.0,0.0,,
2024-06-23 20:00:00,3479.93,3480.12,3406.38,3435.59,19735.9163,3.591e-05,55,9.11824726675086,0.0,trending,,962.2606632150672,0.0,0.911824726675086,True,True,961.3832501488411,0.9117442529026113,,trending,9.11824726675086,{},,445.0,ETHUSDT,2024-06-23 20:00:00,ETHUSDT,3435.59,0.25538934105241473,LONG,933.2005678924072,0.0,0.0,0.0,933.2005678924072,0.0,0.0,0.0,9.11824726675086,9.11824726675086,1.0,9.11824726675086,True,True
2024-06-23 21:00:00,3435.6,3440.48,3406.89,3434.97,10922.6926,3.591e-05,55,9.175065203325778,0.0,trending,,961.2250670987798,0.9117297291831005,0.005776791149477267,False,,961.2250670987798,0.9117297291831005,,trending,0.05681793657491774,{},,446.0,ETHUSDT,2024-06-23 21:00:00,,,,,933.2005678924072,0.0,0.0,0.0,933.2005678924072,0.0,0.0,0.0,9.175065203325778,9.175065203325778,1.0,9.175065203325778,True,False
2024-06-23 22:00:00,3434.98,3435.23,3412.6,3425.41,7448.4013,3.591e-05,55,10.038840473092808,0.0,trending,,958.7859865204193,0.9115051761480927,0.09237887116118804,False,,958.7859865204193,0.9115051761480927,,trending,0.8637752697670305,{},,447.0,ETHUSDT,2024-06-23 22:00:00,,,,,933.2005678924072,0.0,0.0,0.0,933.2005678924072,0.0,0.0,0.0,10.038840473092808,10.038840473092808,1.0,10.038840473092808,True,False
2024-06-23 23:00:00,3425.4,3429.46,3418.0,3420.91,8043.5302,3.591e-05,55,10.426074542592023,0.0,trending,,957.6378837377182,0.9113990805609774,0.1312083736982249,False,,957.6378837377182,0.9113990805609774,,trending,0.3872340694992147,{},,448.0,ETHUSDT,2024-06-23 23:00:00,,,,,933.2005678924072,0.0,0.0,0.0,933.2005678924072,0.0,0.0,0.0,10.426074542592023,10.426074542592023,1.0,10.426074542592023,True,False
2024-06-24 00:00:00,3420.91,3435.76,3410.0,3424.23,13704.6492,3.591e-05,51,9.51443117222468,0.0,trending,,958.4849284573999,0.9114773801134707,0.03996573710899742,False,,958.4849284573999,0.9114773801134707,,trending,-0.9116433703673419,{},,449.0,ETHUSDT,2024-06-24 00:00:00,,,,,933.2005678924072,0.0,0.0,0.0,933.2005678924072,0.0,0.0,0.0,9.51443117222468,9.51443117222468,1.0,9.51443117222468,True,False
2024-06-24 01:00:00,3424.23,3428.06,3407.62,3424.39,13659.6785,7.672e-05,51,9.468613620652958,0.0,trending,,958.5257498896736,0.9114811500905764,0.03538021197471941,False,,958.5257498896736,0.9114811500905764,,trending,-0.04581755157172296,{},,450.0,ETHUSDT,2024-06-24 01:00:00,,,,,933.2005678924072,0.0,0.0,0.0,933.2005678924072,0.0,0.0,0.0,9.468613620652958,9.468613620652958,1.0,9.468613620652958,True,False
2024-06-24 02:00:00,3424.4,3429.03,3387.05,3404.49,15104.3481,7.672e-05,51,11.281731840619166,0.0,trending,,953.4485842506176,0.9110097823937833,0.21716340166813342,True,True,953.2415301127461,1.1282010246325231,,trending,1.8131182199662081,{},,451.0,ETHUSDT,2024-06-24 02:00:00,ETHUSDT,3404.49,0.060817960361619516,LONG,933.2005678924072,0.0,0.0,0.0,933.2005678924072,0.0,0.0,0.0,11.281731840619166,11.281731840619166,1.0,11.281731840619166,True,True
2024-06-24 03:00:00,3404.49,3421.38,3402.6,3402.81,7659.829,7.672e-05,51,11.416102784749052,0.0,trending,,952.710833074637,1.128272437596135,0.013337840878770102,False,,952.710833074637,1.128272437596135,,trending,0.13437094412988593,{},,452.0,ETHUSDT,2024-06-24 03:00:00,,,,,933.2005678924072,0.0,0.0,0.0,933.2005678924072,0.0,0.0,0.0,11.416102784749052,11.416102784749052,1.0,11.416102784749052,True,False
2024-06-24 04:00:00,3402.82,3413.56,3383.45,3407.21,9874.2293,7.672e-05,51,10.107382999823763,0.0,trending,,954.1007538887326,1.1280855720788792,-0.11734727209650297,False,,954.1007538887326,1.1280855720788792,,trending,-1.3087197849252892,{},,453.0,ETHUSDT,2024-06-24 04:00:00,,,,,933.2005678924072,0.0,0.0,0.0,933.2005678924072,0.0,0.0,0.0,10.107382999823763,10.107382999823763,1.0,10.107382999823763,True,False
2024-06-24 05:00:00,3407.2,3409.71,3354.22,3371.33,27906.7543,7.672e-05,51,12.757050438823768,0.0,trending,,942.7665814319718,1.129625448429778,0.14607959545259863,False,,942.7665814319718,1.129625448429778,,trending,2.6496674390000052,{},,454.0,ETHUSDT,2024-06-24 05:00:00,,,,,933.2005678924072,0.0,0.0,0.0,933.2005678924072,0.0,0.0,0.0,12.757050438823768,12.757050438823768,1.0,12.757050438823768,True,False
2024-06-24 06:00:00,3371.33,3384.39,3364.5,3373.87,10664.7156,7.672e-05,51,12.101553417698893,0.0,trending,,943.5689448110178,1.1295152214947095,0.08064012027517986,False,,943.5689448110178,1.1295152214947095,,trending,-0.6554970211248747,{},,455.0,ETHUSDT,2024-06-24 06:00:00,,,,,933.2005678924072,0.0,0.0,0.0,933.2005678924072,0.0,0.0,0.0,12.101553417698893,12.101553417698893,1.0,12.101553417698893,True,False
2024-06-24 07:00:00,3373.88,3384.12,3362.2,3369.19,10447.7869,7.672e-05,51,12.40319630796219,0.0,trending,,942.0905744905707,1.1297184625255492,0.11060116827066979,False,,942.0905744905707,1.1297184625255492,,trending,0.30164289026329705,{},,456.0,ETHUSDT,2024-06-24 07:00:00,,,,,933.2005678924072,0.0,0.0,0.0,933.2005678924072,0.0,0.0,0.0,12.40319630796219,12.40319630796219,1.0,12.40319630796219,True,False
2024-06-24 08:00:00,3369.2,3394.36,3355.27,3384.59,17858.9325,0.0001,51,8.540636655963118,0.0,trending,,946.9552973399051,1.1290520695390998,-0.274988403942788,True,True,946.6948956140843,0.8542985878014618,,trending,-3.8625596519990726,{},,457.0,ETHUSDT,2024-06-24 08:00:00,ETHUSDT,3384.59,0.07693745056880412,REDUCE_LONG,933.2005678924072,0.0,0.0,0.0,933.2005678924072,0.0,0.0,0.0,8.540636655963118,8.540636655963118,1.0,8.540636655963118,True,True
2024-06-24 09:00:00,3384.59,3389.74,3240.0,3308.6,101279.436,0.0001,51,12.98452865074907,0.0,trending,,928.5368082411896,0.8514493103688671,0.4470035547060399,True,True,928.1217489872304,1.2985863342276935,,trending,4.443891994785952,{},,458.0,ETHUSDT,2024-06-24 09:00:00,ETHUSDT,3308.6,0.12544860483564418,LONG,933.2005678924072,0.0,0.0,0.0,933.2005678924072,0.0,0.0,0.0,12.98452865074907,12.98452865074907,1.0,12.98452865074907,True,True
2024-06-24 10:00:00,3308.6,3326.25,3305.0,3318.5,23960.2483,0.0001,51,11.282501900462506,0.0,trending,,931.7280893049992,1.2974306280213224,-0.16918043797507165,False,,931.7280893049992,1.2974306280213224,,trending,-1.7020267502865636,{},,459.0,ETHUSDT,2024-06-24 10:00:00,,,,,933.2005678924072,0.0,0.0,0.0,933.2005678924072,0.0,0.0,0.0,11.282501900462506,11.282501900462506,1.0,11.282501900462506,True,False
2024-06-24 11:00:00,3318.5,3332.32,3305.55,3321.19,17070.7051,0.0001,51,10.81718269234964,0.0,trending,,932.707993896393,1.2971181469019082,-0.21539987766694413,True,True,932.5070887086088,1.081951321417239,,trending,-0.46531920811286653,{},,460.0,ETHUSDT,2024-06-24 11:00:00,ETHUSDT,3321.19,0.06049192843055167,REDUCE_LONG,933.2005678924072,0.0,0.0,0.0,933.2005678924072,0.0,0.0,0.0,10.81718269234964,10.81718269234964,1.0,10.81718269234964,True,True
2024-06-24 12:00:00,3321.18,3337.07,3311.76,3319.12,13644.477,0.0001,51,10.928991379353903,0.0,trending,,931.8782540249264,1.082006622453676,0.010892515481714327,False,,931.8782540249264,1.082006622453676,,trending,0.11180868700426316,{},,461.0,ETHUSDT,2024-06-24 12:00:00,,,,,933.2005678924072,0.0,0.0,0.0,933.2005678924072,0.0,0.0,0.0,10.928991379353903,10.928991379353903,1.0,10.928991379353903,True,False
2024-06-24 13:00:00,3319.12,3329.0,3292.18,3324.79,25978.4133,0.0001,51,9.85656687752699,0.0,trending,,933.6007142454473,1.081855323142482,-0.0961986353897828,False,,933.6007142454473,1.081855323142482,,trending,-1.0724245018269123,{},,462.0,ETHUSDT,2024-06-24 13:00:00,,,,,933.2005678924072,0.0,0.0,0.0,933.2005678924072,0.0,0.0,0.0,9.85656687752699,9.85656687752699,1.0,9.85656687752699,True,False
2024-06-24 14:00:00,3324.8,3333.17,3293.42,3308.9,25027.0614,0.0001,51,10.817495209308687,0.0,trending,,928.77357263979,1.0822807521680542,-0.0005312312371854588,False,,928.77357263979,1.0822807521680542,,trending,0.9609283317816963,{},,463.0,ETHUSDT,2024-06-24 14:00:00,,,,,933.2005678924072,0.0,0.0,0.0,933.2005678924072,0.0,0.0,0.0,10.817495209308687,10.817495209308687,1.0,10.817495209308687,True,False
2024-06-24 15:00:00,3308.9,3314.07,3261.72,3280.3,32011.8297,0.0001,51,12.242050814288564,0.0,trending,,920.0853253193496,1.0830577187219985,0.14114736270685802,False,,920.0853253193496,1.0830577187219985,,trending,1.4245556049798775,{},,464.0,ETHUSDT,2024-06-24 15:00:00,,,,,933.2005678924072,0.0,0.0,0.0,933.2005678924072,0.0,0.0,0.0,12.242050814288564,12.242050814288564,1.0,12.242050814288564,True,False
2024-06-24 16:00:00,3280.31,3292.77,3242.44,3260.15,31771.024,7.41e-05,51,13.059056779276188,0.0,trending,,913.9640601617665,1.0836139969629517,0.22229168096466712,True,True,913.7608935544918,1.3059736933342412,,trending,0.817005964987624,{},,465.0,ETHUSDT,2024-06-24 16:00:00,ETHUSDT,3260.15,0.062318177775455494,LONG,933.2005678924072,0.0,0.0,0.0,933.2005678924072,0.0,0.0,0.0,13.059056779276188,13.059056779276188,1.0,13.059056779276188,True,True
2024-06-24 17:00:00,3260.15,3303.5,3246.24,3294.39,33375.831,7.41e-05,51,0.0,0.0,trending,,926.2941281819374,1.3018337123371566,-1.3018337123371566,True,True,925.0882472583301,0.0,,trending,-13.059056779276188,{},,466.0,ETHUSDT,2024-06-24 17:00:00,ETHUSDT,3294.39,0.366040730941753,CLOSE,933.2005678924072,0.0,0.0,0.0,933.2005678924072,0.0,0.0,0.0,7.717374424740519,0.0,1.0,0.0,True,True
2024-06-24 18:00:00,3294.4,3312.0,3262.06,3303.77,18988.1649,7.41e-05,51,0.0,0.0,trending,,925.0882472583301,0.0,0.0,,,925.0882472583301,0.0,,trending,0.0,{},,467.0,,,,,,,933.2005678924072,0.0,0.0,0.0,933.2005678924072,0.0,0.0,0.0,6.45621920792292,0.0,1.0,0.0,,
2024-06-24 19:00:00,3303.76,3314.9,3278.52,3293.07,18263.4063,7.41e-05,51,0.0,0.0,trending,,925.0882472583301,0.0,0.0,,,925.0882472583301,0.0,,trending,0.0,{},,468.0,,,,,,,933.2005678924072,0.0,0.0,0.0,933.2005678924072,0.0,0.0,0.0,7.1731905376022045,0.0,1.0,0.0,,
2024-06-24 20:00:00,3293.06,3330.0,3256.35,3311.64,31485.5188,7.41e-05,51,0.0,0.0,trending,,925.0882472583301,0.0,0.0,,,925.0882472583301,0.0,,trending,0.0,{},,469.0,,,,,,,933.2005678924072,0.0,0.0,0.0,933.2005678924072,0.0,0.0,0.0,4.7267113404110885,0.0,1.0,0.0,,
2024-06-24 21:00:00,3311.63,3355.3,3307.0,3351.77,20615.9165,7.41e-05,51,0.0,0.0,trending,,925.0882472583301,0.0,0.0,,,925.0882472583301,0.0,,trending,0.0,{},,470.0,,,,,,,933.2005678924072,0.0,0.0,0.0,933.2005678924072,0.0,0.0,0.0,0.44326501103890625,0.0,1.0,0.0,,
2024-06-24 22:00:00,3351.95,3353.54,3332.0,3332.67,8716.245,7.41e-05,51,0.0,0.0,trending,,925.0882472583301,0.0,0.0,,,925.0882472583301,0.0,,trending,0.0,{},,471.0,,,,,,,933.2005678924072,0.0,0.0,0.0,933.2005678924072,0.0,0.0,0.0,2.0381492076470438,0.0,1.0,0.0,,
2024-06-24 23:00:00,3332.68,3363.18,3330.13,3352.73,14301.2222,7.41e-05,51,0.0,0.0,trending,,925.0882472583301,0.0,0.0,,,925.0882472583301,0.0,,trending,0.0,{},,472.0,,,,,,,933.2005678924072,0.0,0.0,0.0,933.2005678924072,0.0,0.0,0.0,0.17704039462909693,0.0,1.0,0.0,,
2024-06-25 00:00:00,3352.74,3360.64,3342.24,3347.22,7686.7405,0.0001,30,0.0,0.0,trending,,925.0882472583301,0.0,0.0,,,925.0882472583301,0.0,,trending,0.0,{},,473.0,,,,,,,933.2005678924072,0.0,0.0,0.0,933.2005678924072,0.0,0.0,0.0,0.6601513902305669,0.0,1.0,0.0,,
2024-06-25 01:00:00,3347.23,3349.71,3336.76,3349.41,5949.6076,0.0001,30,0.0,0.0,trending,,925.0882472583301,0.0,0.0,,,925.0882472583301,0.0,,trending,0.0,{},,474.0,,,,,,,933.2005678924072,0.0,0.0,0.0,933.2005678924072,0.0,0.0,0.0,0.4468680308755779,0.0,1.0,0.0,,
2024-06-25 02:00:00,3349.42,3354.63,3338.98,3345.01,8586.6689,0.0001,30,0.0,0.0,trending,,925.0882472583301,0.0,0.0,,,925.0882472583301,0.0,,trending,0.0,{},,475.0,,,,,,,933.2005678924072,0.0,0.0,0.0,933.2005678924072,0.0,0.0,0.0,0.8740962801774231,0.0,1.0,0.0,,
2024-06-25 03:00:00,3344.97,3386.25,3342.24,3371.61,18755.557,0.0001,30,0.0,0.0,trending,,925.0882472583301,0.0,0.0,,,925.0882472583301,0.0,,trending,0.0,{},,476.0,,,,,,,933.2005678924072,0.0,0.0,0.0,933.2005678924072,0.0,0.0,0.0,-1.7255328752389687,0.0,1.0,0.0,,
2024-06-25 04:00:00,3371.62,3393.99,3371.62,3390.9,12289.23,0.0001,30,0.0,0.0,trending,,925.0882472583301,0.0,0.0,,,925.0882472583301,0.0,,trending,0.0,{},,477.0,,,,,,,933.2005678924072,0.0,0.0,0.0,933.2005678924072,0.0,0.0,0.0,-3.3453780399691113,0.0,1.0,0.0,,
2024-06-25 05:00:00,3390.9,3394.92,3368.99,3375.18,9124.6091,0.0001,30,0.0,0.0,trending,,925.0882472583301,0.0,0.0,,,925.0882472583301,0.0,,trending,0.0,{},,478.0,,,,,,,933.2005678924072,0.0,0.0,0.0,933.2005678924072,0.0,0.0,0.0,-1.6603791494700972,0.0,1.0,0.0,,
2024-06-25 06:00:00,3375.18,3379.37,3367.98,3370.74,7603.7072,0.0001,30,0.0,0.0,trending,,925.0882472583301,0.0,0.0,,,925.0882472583301,0.0,,trending,0.0,{},,479.0,,,,,,,933.2005678924072,0.0,0.0,0.0,933.2005678924072,0.0,0.0,0.0,-1.1950602140465236,0.0,1.0,0.0,,
2024-06-25 07:00:00,3370.62,3378.99,3357.01,3361.0,8116.4042,0.0001,30,0.0,0.0,trending,,925.0882472583301,0.0,0.0,,,925.0882472583301,0.0,,trending,0.0,{},,480.0,,,,,,,933.2005678924072,0.0,0.0,0.0,933.2005678924072,0.0,0.0,0.0,-0.1713458582323682,0.0,1.0,0.0,,
2024-06-25 08:00:00,3361.0,3366.21,3345.79,3354.41,7778.31,0.0001,30,0.0,0.0,trending,,925.0882472583301,0.0,0.0,,,925.0882472583301,0.0,,trending,0.0,{},,481.0,,,,,,,933.2005678924072,0.0,0.0,0.0,933.2005678924072,0.0,0.0,0.0,0.5144118755991656,0.0,1.0,0.0,,
2024-06-25 09:00:00,3354.41,3394.31,3353.85,3383.17,10371.3544,0.0001,30,0.0,0.0,trending,,925.0882472583301,0.0,0.0,,,925.0882472583301,0.0,,trending,0.0,{},,482.0,,,,,,,933.2005678924072,0.0,0.0,0.0,933.2005678924072,0.0,0.0,0.0,-2.311818720863974,0.0,1.0,0.0,,
2024-06-25 10:00:00,3383.16,3385.12,3363.93,3377.61,10083.9239,0.0001,30,0.0,0.0,trending,,925.0882472583301,0.0,0.0,,,925.0882472583301,0.0,,trending,0.0,{},,483.0,,,,,,,933.2005678924072,0.0,0.0,0.0,933.2005678924072,0.0,0.0,0.0,-1.6896907913532944,0.0,1.0,0.0,,
2024-06-25 11:00:00,3377.61,3387.13,3371.2,3376.01,6604.0835,0.0001,30,0.0,0.0,trending,,925.0882472583301,0.0,0.0,,,925.0882472583301,0.0,,trending,0.0,{},,484.0,,,,,,,933.2005678924072,0.0,0.0,0.0,933.2005678924072,0.0,0.0,0.0,-1.5038740703904665,0.0,1.0,0.0,,
2024-06-25 12:00:00,3376.0,3380.36,3363.81,3366.01,9429.9688,0.0001,30,0.0,0.0,trending,,925.0882472583301,0.0,0.0,,,925.0882472583301,0.0,,trending,0.0,{},,485.0,,,,,,,933.2005678924072,0.0,0.0,0.0,933.2005678924072,0.0,0.0,0.0,-0.33150758423293214,0.0,1.0,0.0,,
2024-06-25 13:00:00,3366.01,3381.59,3358.2,3367.5,8828.5552,0.0001,30,0.0,0.0,trending,,925.0882472583301,0.0,0.0,,,925.0882472583301,0.0,,trending,0.0,{},,486.0,,,,,,,933.2005678924072,0.0,0.0,0.0,933.2005678924072,0.0,0.0,0.0,-0.502074573071377,0.0,1.0,0.0,,
2024-06-25 14:00:00,3367.5,3413.76,3362.66,3402.35,33086.2463,0.0001,30,0.0,0.0,trending,,925.0882472583301,0.0,0.0,,,925.0882472583301,0.0,,trending,0.0,{},,487.0,,,,,,,933.2005678924072,0.0,0.0,0.0,933.2005678924072,0.0,0.0,0.0,-3.9976582261263616,0.0,1.0,0.0,,
2024-06-25 15:00:00,3402.6,3425.37,3395.5,3419.6,21078.5512,0.0001,30,0.0,0.0,trending,,925.0882472583301,0.0,0.0,,,925.0882472583301,0.0,,trending,0.0,{},,488.0,,,,,,,933.2005678924072,0.0,0.0,0.0,933.2005678924072,0.0,0.0,0.0,-5.393544401622157,0.0,1.0,0.0,,
2024-06-25 16:00:00,3419.6,3424.89,3381.68,3383.18,10573.4471,0.0001,30,0.0,0.0,trending,,925.0882472583301,0.0,0.0,,,925.0882472583301,0.0,,trending,0.0,{},,489.0,,,,,,,933.2005678924072,0.0,0.0,0.0,933.2005678924072,0.0,0.0,0.0,-1.190681035834561,0.0,1.0,0.0,,
2024-06-25 17:00:00,3383.0,3406.48,3381.73,3388.79,7338.4009,0.0001,30,0.0,0.0,trending,,925.0882472583301,0.0,0.0,,,925.0882472583301,0.0,,trending,0.0,{},,490.0,,,,,,,933.2005678924072,0.0,0.0,0.0,933.2005678924072,0.0,0.0,0.0,-1.69329740311631,0.0,1.0,0.0,,
2024-06-25 18:00:00,3388.79,3423.4,3384.9,3417.77,11081.2159,0.0001,30,0.0,0.0,trending,,925.0882472583301,0.0,0.0,,,925.0882472583301,0.0,,trending,0.0,{},,491.0,,,,,,,933.2005678924072,0.0,0.0,0.0,933.2005678924072,0.0,0.0,0.0,-4.062527171477294,0.0,1.0,0.0,,
2024-06-25 19:00:00,3417.76,3430.88,3406.89,3415.66,7927.3189,0.0001,30,0.0,0.0,trending,,925.0882472583301,0.0,0.0,,,925.0882472583301,0.0,,trending,0.0,{},,492.0,,,,,,,933.2005678924072,0.0,0.0,0.0,933.2005678924072,0.0,0.0,0.0,-3.8207988426352504,0.0,1.0,0.0,,
2024-06-25 20:00:00,3415.67,3418.84,3410.3,3411.24,4045.0099,0.0001,30,0.0,0.0,trending,,925.0882472583301,0.0,0.0,,,925.0882472583301,0.0,,trending,0.0,{},,493.0,,,,,,,933.2005678924072,0.0,0.0,0.0,933.2005678924072,0.0,0.0,0.0,-3.292917150901755,0.0,1.0,0.0,,
2024-06-25 21:00:00,3411.24,3411.4,3400.0,3401.39,4168.6023,0.0001,30,0.0,0.0,trending,,925.0882472583301,0.0,0.0,,,925.0882472583301,0.0,,trending,0.0,{},,494.0,,,,,,,933.2005678924072,0.0,0.0,0.0,933.2005678924072,0.0,0.0,0.0,-2.1167087750312077,0.0,1.0,0.0,,
2024-06-25 22:00:00,3401.4,3415.89,3399.36,3403.14,5024.4144,0.0001,30,0.0,0.0,trending,,925.0882472583301,0.0,0.0,,,925.0882472583301,0.0,,trending,0.0,{},,495.0,,,,,,,933.2005678924072,0.0,0.0,0.0,933.2005678924072,0.0,0.0,0.0,-2.2878387928425954,0.0,1.0,0.0,,
2024-06-25 23:00:00,3403.14,3406.0,3388.88,3394.91,4504.2964,0.0001,30,0.0,0.0,trending,,925.0882472583301,0.0,0.0,,,925.0882472583301,0.0,,trending,0.0,{},,496.0,,,,,,,933.2005678924072,0.0,0.0,0.0,933.2005678924072,0.0,0.0,0.0,-1.2575944453132224,0.0,1.0,0.0,,
2024-06-26 00:00:00,3394.91,3398.2,3385.22,3388.45,3082.6268,0.0001,46,0.0,0.0,trending,,925.0882472583301,0.0,0.0,,,925.0882472583301,0.0,,trending,0.0,{},,497.0,,,,,,,933.2005678924072,0.0,0.0,0.0,933.2005678924072,0.0,0.0,0.0,-0.45820094434872943,0.0,1.0,0.0,,
2024-06-26 01:00:00,3388.45,3422.5,3386.0,3415.95,9869.7943,0.0001,46,0.0,0.0,trending,,925.0882472583301,0.0,0.0,,,925.0882472583301,0.0,,trending,0.0,{},,498.0,,,,,,,933.2005678924072,0.0,0.0,0.0,933.2005678924072,0.0,0.0,0.0,-3.3317559904471836,0.0,1.0,0.0,,
2024-06-26 02:00:00,3415.95,3426.75,3402.39,3404.51,6958.2928,0.0001,46,0.0,0.0,trending,,925.0882472583301,0.0,0.0,,,925.0882472583301,0.0,,trending,0.0,{},,499.0,,,,,,,933.2005678924072,0.0,0.0,0.0,933.2005678924072,0.0,0.0,0.0,-1.889716121396748,0.0,1.0,0.0,,
2024-06-26 03:00:00,3404.51,3408.66,3387.64,3395.15,6908.8061,0.0001,46,0.0,0.0,trending,,925.0882472583301,0.0,0.0,,,925.0882472583301,0.0,,trending,0.0,{},,500.0,,,,,,,933.2005678924072,0.0,0.0,0.0,933.2005678924072,0.0,0.0,0.0,-0.7592460054253707,0.0,1.0,0.0,,
2024-06-26 04:00:00,3395.15,3398.0,3385.8,3387.42,6219.3453,0.0001,46,0.0,0.0,trending,,925.0882472583301,0.0,0.0,,,925.0882472583301,0.0,,trending,0.0,{},,501.0,,,,,,,933.2005678924072,0.0,0.0,0.0,933.2005678924072,0.0,0.0,0.0,0.152396125537382,0.0,1.0,0.0,,
2024-06-26 05:00:00,3387.41,3395.0,3376.81,3388.12,7102.9149,0.0001,46,0.0,0.0,trending,,925.0882472583301,0.0,0.0,,,925.0882472583301,0.0,,trending,0.0,{},,502.0,,,,,,,933.2005678924072,0.0,0.0,0.0,933.2005678924072,0.0,0.0,0.0,0.06646800199353323,0.0,1.0,0.0,,
2024-06-26 06:00:00,3388.13,3394.8,3385.95,3388.61,4550.3168,0.0001,46,0.0,0.0,trending,,925.0882472583301,0.0,0.0,,,925.0882472583301,0.0,,trending,0.0,{},,503.0,,,,,,,933.2005678924072,0.0,0.0,0.0,933.2005678924072,0.0,0.0,0.0,0.002173489321947386,0.0,1.0,0.0,,
2024-06-26 07:00:00,3388.61,3406.0,3384.11,3401.8,8796.6733,0.0001,46,0.0,0.0,trending,,925.0882472583301,0.0,0.0,,,925.0882472583301,0.0,,trending,0.0,{},,504.0,,,,,,,933.2005678924072,0.0,0.0,0.0,933.2005678924072,0.0,0.0,0.0,-1.6979395424986308,0.0,1.0,0.0,,
2024-06-26 08:00:00,3401.8,3402.85,3376.4,3384.21,8846.3507,0.0001,46,0.0,0.0,trending,,925.0882472583301,0.0,0.0,,,925.0882472583301,0.0,,trending,0.0,{},,505.0,,,,,,,933.2005678924072,0.0,0.0,0.0,933.2005678924072,0.0,0.0,0.0,0.6625638947938285,0.0,1.0,0.0,,
2024-06-26 09:00:00,3384.2,3386.96,3371.0,3379.0,10414.0222,0.0001,46,0.0,0.0,trending,,925.0882472583301,0.0,0.0,,,925.0882472583301,0.0,,trending,0.0,{},,506.0,,,,,,,933.2005678924072,0.0,0.0,0.0,933.2005678924072,0.0,0.0,0.0,1.311100253573187,0.0,1.0,0.0,,
2024-06-26 10:00:00,3378.99,3381.91,3366.37,3374.5,8568.2084,0.0001,46,0.0,0.0,trending,,925.0882472583301,0.0,0.0,,,925.0882472583301,0.0,,trending,0.0,{},,507.0,,,,,,,933.2005678924072,0.0,0.0,0.0,933.2005678924072,0.0,0.0,0.0,1.876478121692503,0.0,1.0,0.0,,
2024-06-26 11:00:00,3374.5,3383.94,3374.43,3381.44,4117.7959,0.0001,46,0.0,0.0,trending,,925.0882472583301,0.0,0.0,,,925.0882472583301,0.0,,trending,0.0,{},,508.0,,,,,,,933.2005678924072,0.0,0.0,0.0,933.2005678924072,0.0,0.0,0.0,0.8299184623857884,0.0,1.0,0.0,,
2024-06-26 12:00:00,3381.44,3386.67,3370.0,3372.01,5542.3619,0.0001,46,0.0,0.0,trending,,925.0882472583301,0.0,0.0,,,925.0882472583301,0.0,,trending,0.0,{},,509.0,,,,,,,933.2005678924072,0.0,0.0,0.0,933.2005678924072,0.0,0.0,0.0,2.084130652803444,0.0,1.0,0.0,,
2024-06-26 13:00:00,3372.0,3391.0,3367.75,3388.71,7621.4752,0.0001,46,0.0,0.0,trending,,925.0882472583301,0.0,0.0,,,925.0882472583301,0.0,,trending,0.0,{},,510.0,,,,,,,933.2005678924072,0.0,0.0,0.0,933.2005678924072,0.0,0.0,0.0,-0.36580080538115284,0.0,1.0,0.0,,
2024-06-26 14:00:00,3388.71,3396.53,3371.36,3378.01,10128.212,0.0001,46,0.0,0.0,trending,,925.0882472583301,0.0,0.0,,,925.0882472583301,0.0,,trending,0.0,{},,511.0,,,,,,,933.2005678924072,0.0,0.0,0.0,933.2005678924072,0.0,0.0,0.0,1.0822674156647083,0.0,1.0,0.0,,
2024-06-26 15:00:00,3378.01,3379.8,3346.0,3361.69,14979.4059,0.0001,46,0.0,0.0,trending,,925.0882472583301,0.0,0.0,,,925.0882472583301,0.0,,trending,0.0,{},,512.0,,,,,,,933.2005678924072,0.0,0.0,0.0,933.2005678924072,0.0,0.0,0.0,3.060628483936256,0.0,1.0,0.0,,
2024-06-26 16:00:00,3361.68,3365.62,3347.81,3352.78,8558.8075,0.0001,46,0.0,0.0,trending,,925.0882472583301,0.0,0.0,,,925.0882472583301,0.0,,trending,0.0,{},,513.0,,,,,,,933.2005678924072,0.0,0.0,0.0,933.2005678924072,0.0,0.0,0.0,4.041838918770961,0.0,1.0,0.0,,
2024-06-26 17:00:00,3352.78,3372.34,3325.01,3372.06,19429.5778,0.0001,46,0.0,0.0,trending,,925.0882472583301,0.0,0.0,,,925.0882472583301,0.0,,trending,0.0,{},,514.0,,,,,,,933.2005678924072,0.0,0.0,0.0,933.2005678924072,0.0,0.0,0.0,1.1825658218377384,0.0,1.0,0.0,,
2024-06-26 18:00:00,3372.06,3372.32,3354.82,3364.61,8696.293,0.0001,46,0.0,0.0,trending,,925.0882472583301,0.0,0.0,,,925.0882472583301,0.0,,trending,0.0,{},,515.0,,,,,,,933.2005678924072,0.0,0.0,0.0,933.2005678924072,0.0,0.0,0.0,2.06992804091029,0.0,1.0,0.0,,
2024-06-26 19:00:00,3364.6,3410.0,3356.75,3408.08,21235.2985,0.0001,46,0.0,0.0,trending,,925.0882472583301,0.0,0.0,,,925.0882472583301,0.0,,trending,0.0,{},,516.0,,,,,,,933.2005678924072,0.0,0.0,0.0,933.2005678924072,0.0,0.0,0.0,-2.974944754386931,0.0,1.0,0.0,,
2024-06-26 20:00:00,3408.08,3417.43,3376.26,3391.59,10885.6629,0.0001,46,0.0,0.0,trending,,925.0882472583301,0.0,0.0,,,925.0882472583301,0.0,,trending,0.0,{},,517.0,,,,,,,933.2005678924072,0.0,0.0,0.0,933.2005678924072,0.0,0.0,0.0,-1.0127170897658602,0.0,1.0,0.0,,
2024-06-26 21:00:00,3391.59,3394.0,3381.7,3390.17,3213.2317,0.0001,46,0.0,0.0,trending,,925.0882472583301,0.0,0.0,,,925.0882472583301,0.0,,trending,0.0,{},,518.0,,,,,,,933.2005678924072,0.0,0.0,0.0,933.2005678924072,0.0,0.0,0.0,-0.8476016001890543,0.0,1.0,0.0,,
2024-06-26 22:00:00,3390.18,3393.95,3375.89,3380.34,7366.8757,0.0001,46,0.0,0.0,trending,,925.0882472583301,0.0,0.0,,,925.0882472583301,0.0,,trending,0.0,{},,519.0,,,,,,,933.2005678924072,0.0,0.0,0.0,933.2005678924072,0.0,0.0,0.0,0.3061208886012196,0.0,1.0,0.0,,
2024-06-26 23:00:00,3380.34,3381.67,3367.15,3371.44,3856.9922,0.0001,46,0.0,0.0,trending,,925.0882472583301,0.0,0.0,,,925.0882472583301,0.0,,trending,0.0,{},,520.0,,,,,,,933.2005678924072,0.0,0.0,0.0,933.2005678924072,0.0,0.0,0.0,1.3143792291188845,0.0,1.0,0.0,,
2024-06-27 00:00:00,3371.77,3375.42,3361.74,3372.35,4541.8407,0.0001,40,0.0,0.0,trending,,925.0882472583301,0.0,0.0,,,925.0882472583301,0.0,,trending,0.0,{},,521.0,,,,,,,933.2005678924072,0.0,0.0,0.0,933.2005678924072,0.0,0.0,0.0,1.1948996652598738,0.0,1.0,0.0,,
2024-06-27 01:00:00,3372.36,3382.41,3365.33,3380.2,4858.4503,0.0001,40,0.0,0.0,trending,,925.0882472583301,0.0,0.0,,,925.0882472583301,0.0,,trending,0.0,{},,522.0,,,,,,,933.2005678924072,0.0,0.0,0.0,933.2005678924072,0.0,0.0,0.0,0.1457492744088114,0.0,1.0,0.0,,
2024-06-27 02:00:00,3380.2,3388.0,3367.82,3387.21,5744.5371,0.0001,40,0.0,0.0,trending,,925.0882472583301,0.0,0.0,,,925.0882472583301,0.0,,trending,0.0,{},,523.0,,,,,,,933.2005678924072,0.0,0.0,0.0,933.2005678924072,0.0,0.0,0.0,-0.769678949033775,0.0,1.0,0.0,,
2024-06-27 03:00:00,3387.21,3393.0,3379.4,3383.8,6162.1319,0.0001,40,0.0,0.0,trending,,925.0882472583301,0.0,0.0,,,925.0882472583301,0.0,,trending,0.0,{},,524.0,,,,,,,933.2005678924072,0.0,0.0,0.0,933.2005678924072,0.0,0.0,0.0,-0.2867510096457863,0.0,1.0,0.0,,
2024-06-27 04:00:00,3383.79,3388.41,3381.0,3385.44,4230.4326,0.0001,40,0.0,0.0,trending,,925.0882472583301,0.0,0.0,,,925.0882472583301,0.0,,trending,0.0,{},,525.0,,,,,,,933.2005678924072,0.0,0.0,0.0,933.2005678924072,0.0,0.0,0.0,-0.5213150674629304,0.0,1.0,0.0,,
2024-06-27 05:00:00,3385.45,3387.8,3368.6,3369.21,4766.2571,0.0001,40,0.0,0.0,trending,,925.0882472583301,0.0,0.0,,,925.0882472583301,0.0,,trending,0.0,{},,526.0,,,,,,,933.2005678924072,0.0,0.0,0.0,933.2005678924072,0.0,0.0,0.0,1.7882371449777879,0.0,1.0,0.0,,
2024-06-27 06:00:00,3369.21,3377.19,3366.05,3373.23,7169.4535,0.0001,40,0.0,0.0,trending,,925.0882472583301,0.0,0.0,,,925.0882472583301,0.0,,trending,0.0,{},,527.0,,,,,,,933.2005678924072,0.0,0.0,0.0,933.2005678924072,0.0,0.0,0.0,1.153194504411286,0.0,1.0,0.0,,
2024-06-27 07:00:00,3373.23,3380.42,3367.95,3374.98,5930.304,0.0001,40,0.0,0.0,trending,,925.0882472583301,0.0,0.0,,,925.0882472583301,0.0,,trending,0.0,{},,528.0,,,,,,,933.2005678924072,0.0,0.0,0.0,933.2005678924072,0.0,0.0,0.0,0.8680501980592737,0.0,1.0,0.0,,
2024-06-27 08:00:00,3374.98,3379.46,3368.7,3376.8,4994.0904,0.0001,40,0.0,0.0,trending,,925.0882472583301,0.0,0.0,,,925.0882472583301,0.0,,trending,0.0,{},,529.0,,,,,,,933.2005678924072,0.0,0.0,0.0,933.2005678924072,0.0,0.0,0.0,0.5577088115747728,0.0,1.0,0.0,,
2024-06-27 09:00:00,3376.79,3405.0,3374.21,3398.85,15510.1295,0.0001,40,0.0,0.0,trending,,925.0882472583301,0.0,0.0,,,925.0882472583301,0.0,,trending,0.0,{},,530.0,,,,,,,933.2005678924072,0.0,0.0,0.0,933.2005678924072,0.0,0.0,0.0,-2.7831510158550716,0.0,1.0,0.0,,
2024-06-27 10:00:00,3398.85,3414.05,3394.37,3394.38,13854.906,0.0001,40,0.0,0.0,trending,,925.0882472583301,0.0,0.0,,,925.0882472583301,0.0,,trending,0.0,{},,531.0,,,,,,,933.2005678924072,0.0,0.0,0.0,933.2005678924072,0.0,0.0,0.0,-2.0025282619082363,0.0,1.0,0.0,,
2024-06-27 11:00:00,3394.38,3409.5,3392.0,3403.46,7436.4329,0.0001,40,0.0,0.0,trending,,925.0882472583301,0.0,0.0,,,925.0882472583301,0.0,,trending,0.0,{},,532.0,,,,,,,933.2005678924072,0.0,0.0,0.0,933.2005678924072,0.0,0.0,0.0,-3.257438412268374,0.0,1.0,0.0,,
2024-06-27 12:00:00,3403.46,3445.12,3403.45,3435.96,24623.1481,0.0001,40,0.0,0.0,trending,,925.0882472583301,0.0,0.0,,,925.0882472583301,0.0,,trending,0.0,{},,533.0,,,,,,,933.2005678924072,0.0,0.0,0.0,933.2005678924072,0.0,0.0,0.0,-6.804112301216936,0.0,1.0,0.0,,
2024-06-27 13:00:00,3435.96,3466.69,3433.2,3461.39,23480.2826,0.0001,40,-8.802841912961425,0.0,trending,,925.0882472583301,0.0,-0.8802841912961424,True,True,924.2739066987145,-0.8810597742870344,,trending,-8.802841912961425,{},,534.0,ETHUSDT,2024-06-27 13:00:00,ETHUSDT,3461.39,0.23526402965726628,SHORT,933.2005678924072,0.0,0.0,0.0,933.2005678924072,0.0,0.0,0.0,-8.802841912961425,-8.802841912961425,1.0,-8.802841912961425,True,True
2024-06-27 14:00:00,3461.39,3477.0,3446.55,3448.31,16401.5496,0.0001,40,0.0,0.0,trending,,927.3511602066316,-0.874817804645527,0.874817804645527,True,True,926.5390848251426,0.0,,trending,8.802841912961425,{},,535.0,ETHUSDT,2024-06-27 14:00:00,ETHUSDT,3448.31,-0.23526402965726628,CLOSE,933.2005678924072,0.0,0.0,0.0,933.2005678924072,0.0,0.0,0.0,-6.573341681437592,0.0,1.0,0.0,True,True
2024-06-27 15:00:00,3448.3,3455.97,3442.58,3452.75,9396.3608,0.0001,40,0.0,0.0,trending,,926.5390848251426,0.0,0.0,,,926.5390848251426,0.0,,trending,0.0,{},,536.0,,,,,,,933.2005678924072,0.0,0.0,0.0,933.2005678924072,0.0,0.0,0.0,-6.9428025728253715,0.0,1.0,0.0,,
2024-06-27 16:00:00,3452.75,3457.0,3439.0,3451.33,6343.4978,0.0001,40,0.0,0.0,trending,,926.5390848251426,0.0,0.0,,,926.5390848251426,0.0,,trending,0.0,{},,537.0,,,,,,,933.2005678924072,0.0,0.0,0.0,933.2005678924072,0.0,0.0,0.0,-6.68983996892938,0.0,1.0,0.0,,
2024-06-27 17:00:00,3451.34,3464.23,3450.0,3461.84,4474.7536,0.0001,40,0.0,0.0,trending,,926.5390848251426,0.0,0.0,,,926.5390848251426,0.0,,trending,0.0,{},,538.0,,,,,,,933.2005678924072,0.0,0.0,0.0,933.2005678924072,0.0,0.0,0.0,-7.616569347753824,0.0,1.0,0.0,,
2024-06-27 18:00:00,3461.84,3467.5,3451.56,3454.99,5626.3695,0.0001,40,0.0,0.0,trending,,926.5390848251426,0.0,0.0,,,926.5390848251426,0.0,,trending,0.0,{},,539.0,,,,,,,933.2005678924072,0.0,0.0,0.0,933.2005678924072,0.0,0.0,0.0,-6.329829605442114,0.0,1.0,0.0,,
2024-06-27 19:00:00,3455.0,3457.58,3445.57,3449.79,7776.3547,0.0001,40,0.0,0.0,trending,,926.5390848251426,0.0,0.0,,,926.5390848251426,0.0,,trending,0.0,{},,540.0,,,,,,,933.2005678924072,0.0,0.0,0.0,933.2005678924072,0.0,0.0,0.0,-5.3637236616669846,0.0,1.0,0.0,,
2024-06-27 20:00:00,3449.78,3453.11,3440.53,3444.01,8036.8159,0.0001,40,0.0,0.0,trending,,926.5390848251426,0.0,0.0,,,926.5390848251426,0.0,,trending,0.0,{},,541.0,,,,,,,933.2005678924072,0.0,0.0,0.0,933.2005678924072,0.0,0.0,0.0,-4.296567632919803,0.0,1.0,0.0,,
2024-06-27 21:00:00,3444.01,3449.68,3440.97,3448.21,3864.5461,0.0001,40,0.0,0.0,trending,,926.5390848251426,0.0,0.0,,,926.5390848251426,0.0,,trending,0.0,{},,542.0,,,,,,,933.2005678924072,0.0,0.0,0.0,933.2005678924072,0.0,0.0,0.0,-4.79713203888401,0.0,1.0,0.0,,
2024-06-27 22:00:00,3448.22,3455.06,3445.66,3451.26,3396.7725,0.0001,40,0.0,0.0,trending,,926.5390848251426,0.0,0.0,,,926.5390848251426,0.0,,trending,0.0,{},,543.0,,,,,,,933.2005678924072,0.0,0.0,0.0,933.2005678924072,0.0,0.0,0.0,-5.166865668085356,0.0,1.0,0.0,,
2024-06-27 23:00:00,3451.26,3452.8,3446.38,3450.44,2422.2437,0.0001,40,0.0,0.0,trending,,926.5390848251426,0.0,0.0,,,926.5390848251426,0.0,,trending,0.0,{},,544.0,,,,,,,933.2005678924072,0.0,0.0,0.0,933.2005678924072,0.0,0.0,0.0,-4.99090324082982,0.0,1.0,0.0,,
2024-06-28 00:00:00,3450.44,3454.33,3435.95,3439.58,5236.5897,0.0001,47,0.0,0.0,trending,,926.5390848251426,0.0,0.0,,,926.5390848251426,0.0,,trending,0.0,{},,545.0,,,,,,,933.2005678924072,0.0,0.0,0.0,933.2005678924072,0.0,0.0,0.0,-2.7244562708262494,0.0,1.0,0.0,,
2024-06-28 01:00:00,3439.58,3487.7,3436.65,3484.23,14383.9025,0.0001,47,0.0,0.0,trending,,926.5390848251426,0.0,0.0,,,926.5390848251426,0.0,,trending,0.0,{},,546.0,,,,,,,933.2005678924072,0.0,0.0,0.0,933.2005678924072,0.0,0.0,0.0,-7.673950315742059,0.0,1.0,0.0,,
2024-06-28 02:00:00,3484.23,3485.28,3445.46,3450.06,9873.5536,0.0001,47,0.0,0.0,trending,,926.5390848251426,0.0,0.0,,,926.5390848251426,0.0,,trending,0.0,{},,547.0,,,,,,,933.2005678924072,0.0,0.0,0.0,933.2005678924072,0.0,0.0,0.0,-2.387715894081876,0.0,1.0,0.0,,
2024-06-28 03:00:00,3450.05,3466.34,3446.31,3460.5,6222.1813,0.0001,47,0.0,0.0,trending,,926.5390848251426,0.0,0.0,,,926.5390848251426,0.0,,trending,0.0,{},,548.0,,,,,,,933.2005678924072,0.0,0.0,0.0,933.2005678924072,0.0,0.0,0.0,-3.429219931739229,0.0,1.0,0.0,,
2024-06-28 04:00:00,3460.5,3461.07,3445.01,3459.6,6259.4606,0.0001,47,0.0,0.0,trending,,926.5390848251426,0.0,0.0,,,926.5390848251426,0.0,,trending,0.0,{},,549.0,,,,,,,933.2005678924072,0.0,0.0,0.0,933.2005678924072,0.0,0.0,0.0,-3.301295309297638,0.0,1.0,0.0,,
2024-06-28 05:00:00,3459.61,3459.61,3445.99,3448.61,5324.5009,0.0001,47,0.0,0.0,trending,,926.5390848251426,0.0,0.0,,,926.5390848251426,0.0,,trending,0.0,{},,550.0,,,,,,,933.2005678924072,0.0,0.0,0.0,933.2005678924072,0.0,0.0,0.0,-1.74030103259299,0.0,1.0,0.0,,
2024-06-28 06:00:00,3448.62,3455.79,3446.31,3455.19,4666.9911,0.0001,47,0.0,0.0,trending,,926.5390848251426,0.0,0.0,,,926.5390848251426,0.0,,trending,0.0,{},,551.0,,,,,,,933.2005678924072,0.0,0.0,0.0,933.2005678924072,0.0,0.0,0.0,-2.496366588761623,0.0,1.0,0.0,,
2024-06-28 07:00:00,3455.2,3455.2,3427.01,3431.82,10715.7939,0.0001,47,0.0,0.0,trending,,926.5390848251426,0.0,0.0,,,926.5390848251426,0.0,,trending,0.0,{},,552.0,,,,,,,933.2005678924072,0.0,0.0,0.0,933.2005678924072,0.0,0.0,0.0,0.5793491196034125,0.0,1.0,0.0,,
2024-06-28 08:00:00,3431.82,3439.2,3420.24,3439.0,9869.7243,0.0001,47,0.0,0.0,trending,,926.5390848251426,0.0,0.0,,,926.5390848251426,0.0,,trending,0.0,{},,553.0,,,,,,,933.2005678924072,0.0,0.0,0.0,933.2005678924072,0.0,0.0,0.0,-0.31129584154033696,0.0,1.0,0.0,,
2024-06-28 09:00:00,3439.01,3443.96,3433.27,3441.36,5435.1741,0.0001,47,0.0,0.0,trending,,926.5390848251426,0.0,0.0,,,926.5390848251426,0.0,,trending,0.0,{},,554.0,,,,,,,933.2005678924072,0.0,0.0,0.0,933.2005678924072,0.0,0.0,0.0,-0.6083504990988189,0.0,1.0,0.0,,
2024-06-28 10:00:00,3441.35,3451.27,3438.88,3446.81,8112.5401,0.0001,47,0.0,0.0,trending,,926.5390848251426,0.0,0.0,,,926.5390848251426,0.0,,trending,0.0,{},,555.0,,,,,,,933.2005678924072,0.0,0.0,0.0,933.2005678924072,0.0,0.0,0.0,-1.3096948434672613,0.0,1.0,0.0,,
2024-06-28 11:00:00,3446.8,3461.39,3443.16,3452.78,7033.4663,0.0001,47,0.0,0.0,trending,,926.5390848251426,0.0,0.0,,,926.5390848251426,0.0,,trending,0.0,{},,556.0,,,,,,,933.2005678924072,0.0,0.0,0.0,933.2005678924072,0.0,0.0,0.0,-2.0744899921303928,0.0,1.0,0.0,,
2024-06-28 12:00:00,3452.79,3473.21,3438.28,3440.48,21544.4566,0.0001,47,0.0,0.0,trending,,926.5390848251426,0.0,0.0,,,926.5390848251426,0.0,,trending,0.0,{},,557.0,,,,,,,933.2005678924072,0.0,0.0,0.0,933.2005678924072,0.0,0.0,0.0,-0.23713019235952404,0.0,1.0,0.0,,
2024-06-28 13:00:00,3440.48,3476.73,3431.05,3445.91,13290.7516,0.0001,47,0.0,0.0,trending,,926.5390848251426,0.0,0.0,,,926.5390848251426,0.0,,trending,0.0,{},,558.0,,,,,,,933.2005678924072,0.0,0.0,0.0,933.2005678924072,0.0,0.0,0.0,-0.9894051490017746,0.0,1.0,0.0,,
2024-06-28 14:00:00,3446.0,3459.94,3403.06,3412.9,21955.2497,0.0001,47,0.0,0.0,trending,,926.5390848251426,0.0,0.0,,,926.5390848251426,0.0,,trending,0.0,{},,559.0,,,,,,,933.2005678924072,0.0,0.0,0.0,933.2005678924072,0.0,0.0,0.0,3.1977967552991147,0.0,1.0,0.0,,
2024-06-28 15:00:00,3412.89,3420.0,3404.18,3413.61,10752.9981,0.0001,47,0.0,0.0,trending,,926.5390848251426,0.0,0.0,,,926.5390848251426,0.0,,trending,0.0,{},,560.0,,,,,,,933.2005678924072,0.0,0.0,0.0,933.2005678924072,0.0,0.0,0.0,3.091087417179057,0.0,1.0,0.0,,
2024-06-28 16:00:00,3413.6,3416.6,3373.04,3397.77,21187.2266,0.0001,47,0.0,0.0,trending,,926.5390848251426,0.0,0.0,,,926.5390848251426,0.0,,trending,0.0,{},,561.0,,,,,,,933.2005678924072,0.0,0.0,0.0,933.2005678924072,0.0,0.0,0.0,4.773742985564835,0.0,1.0,0.0,,
2024-06-28 17:00:00,3397.77,3405.2,3380.56,3385.4,7596.0714,0.0001,47,0.0,0.0,trending,,926.5390848251426,0.0,0.0,,,926.5390848251426,0.0,,trending,0.0,{},,562.0,,,,,,,933.2005678924072,0.0,0.0,0.0,933.2005678924072,0.0,0.0,0.0,5.949636437854526,0.0,1.0,0.0,,
2024-06-28 18:00:00,3385.4,3390.31,3378.69,3384.77,3970.6623,0.0001,47,0.0,0.0,trending,,926.5390848251426,0.0,0.0,,,926.5390848251426,0.0,,trending,0.0,{},,563.0,,,,,,,933.2005678924072,0.0,0.0,0.0,933.2005678924072,0.0,0.0,0.0,6.008880309086243,0.0,1.0,0.0,,
2024-06-28 19:00:00,3384.77,3386.9,3365.22,3379.74,11454.1148,0.0001,47,0.0,0.0,trending,,926.5390848251426,0.0,0.0,,,926.5390848251426,0.0,,trending,0.0,{},,564.0,,,,,,,933.2005678924072,0.0,0.0,0.0,933.2005678924072,0.0,0.0,0.0,6.498556413631587,0.0,1.0,0.0,,
2024-06-28 20:00:00,3379.74,3394.15,3378.03,3390.19,4676.1663,0.0001,47,0.0,0.0,trending,,926.5390848251426,0.0,0.0,,,926.5390848251426,0.0,,trending,0.0,{},,565.0,,,,,,,933.2005678924072,0.0,0.0,0.0,933.2005678924072,0.0,0.0,0.0,4.574359944257864,0.0,1.0,0.0,,
2024-06-28 21:00:00,3390.2,3390.2,3373.0,3383.01,3456.7618,0.0001,47,0.0,0.0,trending,,926.5390848251426,0.0,0.0,,,926.5390848251426,0.0,,trending,0.0,{},,566.0,,,,,,,933.2005678924072,0.0,0.0,0.0,933.2005678924072,0.0,0.0,0.0,5.360902165857562,0.0,1.0,0.0,,
2024-06-28 22:00:00,3383.0,3384.54,3368.73,3374.32,4830.5739,0.0001,47,0.0,0.0,trending,,926.5390848251426,0.0,0.0,,,926.5390848251426,0.0,,trending,0.0,{},,567.0,,,,,,,933.2005678924072,0.0,0.0,0.0,933.2005678924072,0.0,0.0,0.0,6.2732234382688326,0.0,1.0,0.0,,
2024-06-28 23:00:00,3374.33,3384.25,3371.17,3380.15,3785.432,0.0001,47,0.0,0.0,trending,,926.5390848251426,0.0,0.0,,,926.5390848251426,0.0,,trending,0.0,{},,568.0,,,,,,,933.2005678924072,0.0,0.0,0.0,933.2005678924072,0.0,0.0,0.0,5.141230391590915,0.0,1.0,0.0,,
2024-06-29 00:00:00,3380.15,3391.62,3380.01,3389.92,5753.1085,0.0001,30,0.0,0.0,trending,,926.5390848251426,0.0,0.0,,,926.5390848251426,0.0,,trending,0.0,{},,569.0,,,,,,,933.2005678924072,0.0,0.0,0.0,933.2005678924072,0.0,0.0,0.0,3.3273790248689323,0.0,1.0,0.0,,
2024-06-29 01:00:00,3389.91,3399.98,3387.76,3396.18,4735.1342,0.0001,30,0.0,0.0,trending,,926.5390848251426,0.0,0.0,,,926.5390848251426,0.0,,trending,0.0,{},,570.0,,,,,,,933.2005678924072,0.0,0.0,0.0,933.2005678924072,0.0,0.0,0.0,2.221110993016134,0.0,1.0,0.0,,
2024-06-29 02:00:00,3396.18,3399.3,3384.13,3388.96,3551.2926,0.0001,30,0.0,0.0,trending,,926.5390848251426,0.0,0.0,,,926.5390848251426,0.0,,trending,0.0,{},,571.0,,,,,,,933.2005678924072,0.0,0.0,0.0,933.2005678924072,0.0,0.0,0.0,3.210079783260912,0.0,1.0,0.0,,
2024-06-29 03:00:00,3388.97,3391.55,3384.01,3386.07,3706.4455,0.0001,30,0.0,0.0,trending,,926.5390848251426,0.0,0.0,,,926.5390848251426,0.0,,trending,0.0,{},,572.0,,,,,,,933.2005678924072,0.0,0.0,0.0,933.2005678924072,0.0,0.0,0.0,3.603235151884198,0.0,1.0,0.0,,
2024-06-29 04:00:00,3386.06,3391.16,3383.21,3388.62,3093.2501,0.0001,30,0.0,0.0,trending,,926.5390848251426,0.0,0.0,,,926.5390848251426,0.0,,trending,0.0,{},,573.0,,,,,,,933.2005678924072,0.0,0.0,0.0,933.2005678924072,0.0,0.0,0.0,3.089463009023493,0.0,1.0,0.0,,
2024-06-29 05:00:00,3388.63,3390.19,3381.56,3385.65,2396.0782,0.0001,30,0.0,0.0,trending,,926.5390848251426,0.0,0.0,,,926.5390848251426,0.0,,trending,0.0,{},,574.0,,,,,,,933.2005678924072,0.0,0.0,0.0,933.2005678924072,0.0,0.0,0.0,3.5388937436920997,0.0,1.0,0.0,,
2024-06-29 06:00:00,3385.66,3388.37,3383.4,3388.0,2600.9139,0.0001,30,0.0,0.0,trending,,926.5390848251426,0.0,0.0,,,926.5390848251426,0.0,,trending,0.0,{},,575.0,,,,,,,933.2005678924072,0.0,0.0,0.0,933.2005678924072,0.0,0.0,0.0,3.017622660302374,0.0,1.0,0.0,,
2024-06-29 07:00:00,3388.0,3408.32,3387.99,3399.72,10862.7173,0.0001,30,0.0,0.0,trending,,926.5390848251426,0.0,0.0,,,926.5390848251426,0.0,,trending,0.0,{},,576.0,,,,,,,933.2005678924072,0.0,0.0,0.0,933.2005678924072,0.0,0.0,0.0,0.5709794354489759,0.0,1.0,0.0,,
2024-06-29 08:00:00,3399.72,3400.93,3387.59,3392.45,5012.5341,0.0001,30,0.0,0.0,trending,,926.5390848251426,0.0,0.0,,,926.5390848251426,0.0,,trending,0.0,{},,577.0,,,,,,,933.2005678924072,0.0,0.0,0.0,933.2005678924072,0.0,0.0,0.0,1.8591168232337054,0.0,1.0,0.0,,
2024-06-29 09:00:00,3392.45,3394.8,3387.2,3394.79,2846.1267,0.0001,30,0.0,0.0,trending,,926.5390848251426,0.0,0.0,,,926.5390848251426,0.0,,trending,0.0,{},,578.0,,,,,,,933.2005678924072,0.0,0.0,0.0,933.2005678924072,0.0,0.0,0.0,1.3680393718872494,0.0,1.0,0.0,,
2024-06-29 10:00:00,3394.8,3401.36,3393.61,3397.2,3188.1074,0.0001,30,0.0,0.0,trending,,926.5390848251426,0.0,0.0,,,926.5390848251426,0.0,,trending,0.0,{},,579.0,,,,,,,933.2005678924072,0.0,0.0,0.0,933.2005678924072,0.0,0.0,0.0,0.8485626047982976,0.0,1.0,0.0,,
2024-06-29 11:00:00,3397.21,3406.05,3394.22,3400.45,4302.0378,0.0001,30,0.0,0.0,trending,,926.5390848251426,0.0,0.0,,,926.5390848251426,0.0,,trending,0.0,{},,580.0,,,,,,,933.2005678924072,0.0,0.0,0.0,933.2005678924072,0.0,0.0,0.0,0.13757531580857574,0.0,1.0,0.0,,
2024-06-29 12:00:00,3400.45,3403.2,3390.0,3392.63,2628.3418,0.0001,30,0.0,0.0,trending,,926.5390848251426,0.0,0.0,,,926.5390848251426,0.0,,trending,0.0,{},,581.0,,,,,,,933.2005678924072,0.0,0.0,0.0,933.2005678924072,0.0,0.0,0.0,1.7502407067263848,0.0,1.0,0.0,,
2024-06-29 13:00:00,3392.62,3400.53,3390.95,3393.55,2949.6218,0.0001,30,0.0,0.0,trending,,926.5390848251426,0.0,0.0,,,926.5390848251426,0.0,,trending,0.0,{},,582.0,,,,,,,933.2005678924072,0.0,0.0,0.0,933.2005678924072,0.0,0.0,0.0,1.528815732280782,0.0,1.0,0.0,,
2024-06-29 14:00:00,3393.56,3395.86,3383.0,3388.0,4630.7707,0.0001,30,0.0,0.0,trending,,926.5390848251426,0.0,0.0,,,926.5390848251426,0.0,,trending,0.0,{},,583.0,,,,,,,933.2005678924072,0.0,0.0,0.0,933.2005678924072,0.0,0.0,0.0,2.6748693773043755,0.0,1.0,0.0,,
2024-06-29 15:00:00,3388.0,3395.59,3383.29,3394.62,2743.3223,0.0001,30,0.0,0.0,trending,,926.5390848251426,0.0,0.0,,,926.5390848251426,0.0,,trending,0.0,{},,584.0,,,,,,,933.2005678924072,0.0,0.0,0.0,933.2005678924072,0.0,0.0,0.0,1.001044733807811,0.0,1.0,0.0,,
2024-06-29 16:00:00,3394.62,3396.53,3383.0,3386.66,2424.189,0.0001,30,0.0,0.0,trending,,926.5390848251426,0.0,0.0,,,926.5390848251426,0.0,,trending,0.0,{},,585.0,,,,,,,933.2005678924072,0.0,0.0,0.0,933.2005678924072,0.0,0.0,0.0,2.6586680097794586,0.0,1.0,0.0,,
2024-06-29 17:00:00,3386.65,3390.5,3381.56,3389.25,2137.4476,0.0001,30,0.0,0.0,trending,,926.5390848251426,0.0,0.0,,,926.5390848251426,0.0,,trending,0.0,{},,586.0,,,,,,,933.2005678924072,0.0,0.0,0.0,933.2005678924072,0.0,0.0,0.0,1.9865032964918783,0.0,1.0,0.0,,
2024-06-29 18:00:00,3389.26,3390.1,3383.66,3390.01,1904.2071,0.0001,30,0.0,0.0,trending,,926.5390848251426,0.0,0.0,,,926.5390848251426,0.0,,trending,0.0,{},,587.0,,,,,,,933.2005678924072,0.0,0.0,0.0,933.2005678924072,0.0,0.0,0.0,1.782332483257787,0.0,1.0,0.0,,
2024-06-29 19:00:00,3390.01,3392.31,3376.81,3387.02,3241.4928,0.0001,30,0.0,0.0,trending,,926.5390848251426,0.0,0.0,,,926.5390848251426,0.0,,trending,0.0,{},,588.0,,,,,,,933.2005678924072,0.0,0.0,0.0,933.2005678924072,0.0,0.0,0.0,2.472022018553281,0.0,1.0,0.0,,
2024-06-29 20:00:00,3387.02,3389.71,3379.69,3384.22,3556.0666,0.0001,30,0.0,0.0,trending,,926.5390848251426,0.0,0.0,,,926.5390848251426,0.0,,trending,0.0,{},,589.0,,,,,,,933.2005678924072,0.0,0.0,0.0,933.2005678924072,0.0,0.0,0.0,3.1165640401747936,0.0,1.0,0.0,,
2024-06-29 21:00:00,3384.21,3389.01,3377.88,3389.0,4398.2761,0.0001,30,0.0,0.0,trending,,926.5390848251426,0.0,0.0,,,926.5390848251426,0.0,,trending,0.0,{},,590.0,,,,,,,933.2005678924072,0.0,0.0,0.0,933.2005678924072,0.0,0.0,0.0,1.6526623970256766,0.0,1.0,0.0,,
2024-06-29 22:00:00,3389.01,3389.01,3371.86,3376.67,4097.4869,0.0001,30,0.0,0.0,trending,,926.5390848251426,0.0,0.0,,,926.5390848251426,0.0,,trending,0.0,{},,591.0,,,,,,,933.2005678924072,0.0,0.0,0.0,933.2005678924072,0.0,0.0,0.0,4.3975312197215315,0.0,1.0,0.0,,
2024-06-29 23:00:00,3376.68,3383.4,3376.0,3378.8,1570.7961,0.0001,30,0.0,0.0,trending,,926.5390848251426,0.0,0.0,,,926.5390848251426,0.0,,trending,0.0,{},,592.0,,,,,,,933.2005678924072,0.0,0.0,0.0,933.2005678924072,0.0,0.0,0.0,3.7368867518009754,0.0,1.0,0.0,,
2024-06-30 00:00:00,3378.8,3389.61,3376.32,3385.99,4143.2095,0.0001,47,0.0,0.0,trending,,926.5390848251426,0.0,0.0,,,926.5390848251426,0.0,,trending,0.0,{},,593.0,,,,,,,933.2005678924072,0.0,0.0,0.0,933.2005678924072,0.0,0.0,0.0,1.6096753791086287,0.0,1.0,0.0,,
2024-06-30 01:00:00,3385.99,3387.54,3373.07,3376.15,5629.5622,0.0001,47,0.0,0.0,trending,,926.5390848251426,0.0,0.0,,,926.5390848251426,0.0,,trending,0.0,{},,594.0,,,,,,,933.2005678924072,0.0,0.0,0.0,933.2005678924072,0.0,0.0,0.0,3.7552344017418875,0.0,1.0,0.0,,
2024-06-30 02:00:00,3376.16,3377.44,3352.66,3362.36,9693.6014,0.0001,47,0.0,0.0,trending,,926.5390848251426,0.0,0.0,,,926.5390848251426,0.0,,trending,0.0,{},,595.0,,,,,,,933.2005678924072,0.0,0.0,0.0,933.2005678924072,0.0,0.0,0.0,6.187444486152242,0.0,1.0,0.0,,
2024-06-30 03:00:00,3362.37,3373.86,3360.01,3371.28,4025.6047,0.0001,47,0.0,0.0,trending,,926.5390848251426,0.0,0.0,,,926.5390848251426,0.0,,trending,0.0,{},,596.0,,,,,,,933.2005678924072,0.0,0.0,0.0,933.2005678924072,0.0,0.0,0.0,3.714162304320377,0.0,1.0,0.0,,
2024-06-30 04:00:00,3371.28,3373.0,3362.96,3363.57,2170.6346,0.0001,47,0.0,0.0,trending,,926.5390848251426,0.0,0.0,,,926.5390848251426,0.0,,trending,0.0,{},,597.0,,,,,,,933.2005678924072,0.0,0.0,0.0,933.2005678924072,0.0,0.0,0.0,5.0302057799139055,0.0,1.0,0.0,,
2024-06-30 05:00:00,3363.56,3367.77,3358.49,3367.09,3149.0748,0.0001,47,0.0,0.0,trending,,926.5390848251426,0.0,0.0,,,926.5390848251426,0.0,,trending,0.0,{},,598.0,,,,,,,933.2005678924072,0.0,0.0,0.0,933.2005678924072,0.0,0.0,0.0,4.073675835183048,0.0,1.0,0.0,,
2024-06-30 06:00:00,3367.1,3377.63,3362.0,3377.63,3051.6972,0.0001,47,0.0,0.0,trending,,926.5390848251426,0.0,0.0,,,926.5390848251426,0.0,,trending,0.0,{},,599.0,,,,,,,933.2005678924072,0.0,0.0,0.0,933.2005678924072,0.0,0.0,0.0,1.4327010450774538,0.0,1.0,0.0,,
2024-06-30 07:00:00,3377.65,3400.0,3377.0,3394.03,12319.077,0.0001,47,0.0,0.0,trending,,926.5390848251426,0.0,0.0,,,926.5390848251426,0.0,,trending,0.0,{},,600.0,,,,,,,933.2005678924072,0.0,0.0,0.0,933.2005678924072,0.0,0.0,0.0,-1.895430891860383,0.0,1.0,0.0,,
2024-06-30 08:00:00,3394.03,3399.38,3389.8,3395.07,4828.3215,0.0001,47,0.0,0.0,trending,,926.5390848251426,0.0,0.0,,,926.5390848251426,0.0,,trending,0.0,{},,601.0,,,,,,,933.2005678924072,0.0,0.0,0.0,933.2005678924072,0.0,0.0,0.0,-2.0854174032293487,0.0,1.0,0.0,,
2024-06-30 09:00:00,3395.08,3399.23,3389.34,3390.13,3974.1758,0.0001,47,0.0,0.0,trending,,926.5390848251426,0.0,0.0,,,926.5390848251426,0.0,,trending,0.0,{},,602.0,,,,,,,933.2005678924072,0.0,0.0,0.0,933.2005678924072,0.0,0.0,0.0,-0.9603160981819656,0.0,1.0,0.0,,
2024-06-30 10:00:00,3390.13,3393.48,3386.02,3387.95,4214.7915,0.0001,47,0.0,0.0,trending,,926.5390848251426,0.0,0.0,,,926.5390848251426,0.0,,trending,0.0,{},,603.0,,,,,,,933.2005678924072,0.0,0.0,0.0,933.2005678924072,0.0,0.0,0.0,-0.46484315484520383,0.0,1.0,0.0,,
2024-06-30 11:00:00,3387.97,3395.72,3387.53,3389.19,3459.8063,0.0001,47,0.0,0.0,trending,,926.5390848251426,0.0,0.0,,,926.5390848251426,0.0,,trending,0.0,{},,604.0,,,,,,,933.2005678924072,0.0,0.0,0.0,933.2005678924072,0.0,0.0,0.0,-0.7436609410280227,0.0,1.0,0.0,,
2024-06-30 12:00:00,3389.19,3396.38,3379.81,3385.78,4748.0394,0.0001,47,0.0,0.0,trending,,926.5390848251426,0.0,0.0,,,926.5390848251426,0.0,,trending,0.0,{},,605.0,,,,,,,933.2005678924072,0.0,0.0,0.0,933.2005678924072,0.0,0.0,0.0,0.09760635047143183,0.0,1.0,0.0,,
2024-06-30 13:00:00,3385.79,3399.66,3385.79,3396.89,5341.6807,0.0001,47,0.0,0.0,trending,,926.5390848251426,0.0,0.0,,,926.5390848251426,0.0,,trending,0.0,{},,606.0,,,,,,,933.2005678924072,0.0,0.0,0.0,933.2005678924072,0.0,0.0,0.0,-2.40600342399232,0.0,1.0,0.0,,
2024-06-30 14:00:00,3396.89,3404.88,3391.73,3393.45,8073.4494,0.0001,47,0.0,0.0,trending,,926.5390848251426,0.0,0.0,,,926.5390848251426,0.0,,trending,0.0,{},,607.0,,,,,,,933.2005678924072,0.0,0.0,0.0,933.2005678924072,0.0,0.0,0.0,-1.5124084890623353,0.0,1.0,0.0,,
2024-06-30 15:00:00,3393.46,3401.91,3393.45,3399.8,4384.757,0.0001,47,0.0,0.0,trending,,926.5390848251426,0.0,0.0,,,926.5390848251426,0.0,,trending,0.0,{},,608.0,,,,,,,933.2005678924072,0.0,0.0,0.0,933.2005678924072,0.0,0.0,0.0,-2.8704761717597025,0.0,1.0,0.0,,
2024-06-30 16:00:00,3399.81,3402.38,3391.99,3393.0,3854.7296,0.0001,47,0.0,0.0,trending,,926.5390848251426,0.0,0.0,,,926.5390848251426,0.0,,trending,0.0,{},,609.0,,,,,,,933.2005678924072,0.0,0.0,0.0,933.2005678924072,0.0,0.0,0.0,-1.0843147983011392,0.0,1.0,0.0,,
2024-06-30 17:00:00,3393.01,3421.31,3393.01,3413.39,10034.4893,0.0001,47,0.0,0.0,trending,,926.5390848251426,0.0,0.0,,,926.5390848251426,0.0,,trending,0.0,{},,610.0,,,,,,,933.2005678924072,0.0,0.0,0.0,933.2005678924072,0.0,0.0,0.0,-4.893984090705638,0.0,1.0,0.0,,
2024-06-30 18:00:00,3413.4,3427.64,3408.32,3424.36,6158.1908,0.0001,47,0.0,0.0,trending,,926.5390848251426,0.0,0.0,,,926.5390848251426,0.0,,trending,0.0,{},,611.0,,,,,,,933.2005678924072,0.0,0.0,0.0,933.2005678924072,0.0,0.0,0.0,-6.47252349630744,0.0,1.0,0.0,,
2024-06-30 19:00:00,3424.37,3434.0,3418.53,3428.41,5350.9924,0.0001,47,0.0,0.0,trending,,926.5390848251426,0.0,0.0,,,926.5390848251426,0.0,,trending,0.0,{},,612.0,,,,,,,933.2005678924072,0.0,0.0,0.0,933.2005678924072,0.0,0.0,0.0,-7.012130459056204,0.0,1.0,0.0,,
2024-06-30 20:00:00,3428.4,3435.0,3420.7,3420.7,5924.1914,0.0001,47,0.0,0.0,trending,,926.5390848251426,0.0,0.0,,,926.5390848251426,0.0,,trending,0.0,{},,613.0,,,,,,,933.2005678924072,0.0,0.0,0.0,933.2005678924072,0.0,0.0,0.0,-4.9701011702334945,0.0,1.0,0.0,,
2024-06-30 21:00:00,3420.71,3422.82,3408.96,3413.22,4950.9261,0.0001,47,0.0,0.0,trending,,926.5390848251426,0.0,0.0,,,926.5390848251426,0.0,,trending,0.0,{},,614.0,,,,,,,933.2005678924072,0.0,0.0,0.0,933.2005678924072,0.0,0.0,0.0,-3.142237583059594,0.0,1.0,0.0,,
2024-06-30 22:00:00,3413.21,3460.0,3413.21,3450.65,14657.6942,0.0001,47,0.0,0.0,trending,,926.5390848251426,0.0,0.0,,,926.5390848251426,0.0,,trending,0.0,{},,615.0,,,,,,,933.2005678924072,0.0,0.0,0.0,933.2005678924072,0.0,0.0,0.0,-7.911078872478573,0.0,1.0,0.0,,
2024-06-30 23:00:00,3450.61,3456.4,3437.8,3438.16,7082.9217,0.0001,47,0.0,0.0,trending,,926.5390848251426,0.0,0.0,,,926.5390848251426,0.0,,trending,0.0,{},,616.0,,,,,,,933.2005678924072,0.0,0.0,0.0,933.2005678924072,0.0,0.0,0.0,-5.335524846846861,0.0,1.0,0.0,,
2024-07-01 00:00:00,3438.16,3445.41,3432.55,3443.02,6813.9913,0.0001,53,0.0,0.0,trending,,926.5390848251426,0.0,0.0,,,926.5390848251426,0.0,,trending,0.0,{},,617.0,,,,,,,933.2005678924072,0.0,0.0,0.0,933.2005678924072,0.0,0.0,0.0,-5.881470180032977,0.0,1.0,0.0,,
2024-07-01 01:00:00,3443.02,3520.0,3440.5,3519.4,35324.2734,0.0001,53,-11.338809890691227,0.0,trending,,926.5390848251426,0.0,-1.1338809890691226,True,True,925.4884997712297,-1.135168134636384,,trending,-11.338809890691227,{},,618.0,ETHUSDT,2024-07-01 01:00:00,ETHUSDT,3519.4,0.2985125458637075,SHORT,933.2005678924072,0.0,0.0,0.0,933.2005678924072,0.0,0.0,0.0,-11.338809890691227,-11.338809890691227,1.0,-11.338809890691227,True,True
2024-07-01 02:00:00,3519.4,3524.94,3494.4,3502.28,18288.9898,0.0001,53,-8.664313199804457,0.0,trending,,930.5990345564164,-1.1234425142358828,0.25701119425543706,True,True,930.359620773389,-0.8666542827954887,,trending,2.6744966908867696,{},,619.0,ETHUSDT,2024-07-01 02:00:00,ETHUSDT,3502.28,0.06829104733039656,REDUCE_SHORT,933.2005678924072,0.0,0.0,0.0,933.2005678924072,0.0,0.0,0.0,-8.664313199804457,-8.664313199804457,1.0,-8.664313199804457,True,True
2024-07-01 03:00:00,3502.36,3508.38,3495.12,3498.23,7796.249,0.0001,53,-8.054359805478482,0.0,trending,,931.292017842449,-0.8647854135805898,0.05934943303274165,False,,931.292017842449,-0.8647854135805898,,trending,0.6099533943259754,{},,620.0,ETHUSDT,2024-07-01 03:00:00,,,,,933.2005678924072,0.0,0.0,0.0,933.2005678924072,0.0,0.0,0.0,-8.054359805478482,-8.054359805478482,1.0,-8.054359805478482,True,False
2024-07-01 04:00:00,3498.23,3499.73,3485.04,3486.45,6267.5152,0.0001,53,0.0,0.0,trending,,934.0040270951714,-0.8593707524557326,0.8593707524557326,True,True,933.2005678924072,0.0,,trending,8.054359805478482,{},,621.0,ETHUSDT,2024-07-01 04:00:00,ETHUSDT,3486.45,-0.23022149853331095,CLOSE,933.2005678924072,0.0,0.0,0.0,933.2005678924072,0.0,0.0,0.0,-6.3012597794586895,0.0,1.0,0.0,True,True
2024-07-01 05:00:00,3486.45,3494.35,3485.03,3490.99,9360.3448,0.0001,53,0.0,0.0,trending,,933.2005678924072,0.0,0.0,,,933.2005678924072,0.0,,trending,0.0,{},,622.0,,,,,,,933.2005678924072,0.0,0.0,0.0,933.2005678924072,0.0,0.0,0.0,-6.647567877568633,0.0,1.0,0.0,,
2024-07-01 06:00:00,3490.99,3493.52,3484.44,3488.84,5797.0016,0.0001,53,0.0,0.0,trending,,933.2005678924072,0.0,0.0,,,933.2005678924072,0.0,,trending,0.0,{},,623.0,,,,,,,933.2005678924072,0.0,0.0,0.0,933.2005678924072,0.0,0.0,0.0,-6.308380604453032,0.0,1.0,0.0,,
2024-07-01 07:00:00,3488.84,3494.16,3486.13,3490.58,7000.0932,0.0001,53,0.0,0.0,trending,,933.2005678924072,0.0,0.0,,,933.2005678924072,0.0,,trending,0.0,{},,624.0,,,,,,,933.2005678924072,0.0,0.0,0.0,933.2005678924072,0.0,0.0,0.0,-6.458608474679591,0.0,1.0,0.0,,
2024-07-01 08:00:00,3490.59,3495.0,3473.0,3483.61,14116.0436,0.0001,53,0.0,0.0,trending,,933.2005678924072,0.0,0.0,,,933.2005678924072,0.0,,trending,0.0,{},,625.0,,,,,,,933.2005678924072,0.0,0.0,0.0,933.2005678924072,0.0,0.0,0.0,-5.262863772772073,0.0,1.0,0.0,,
2024-07-01 09:00:00,3483.61,3490.0,3476.06,3481.74,7182.1474,0.0001,53,0.0,0.0,trending,,933.2005678924072,0.0,0.0,,,933.2005678924072,0.0,,trending,0.0,{},,626.0,,,,,,,933.2005678924072,0.0,0.0,0.0,933.2005678924072,0.0,0.0,0.0,-4.937235362766893,0.0,1.0,0.0,,
2024-07-01 10:00:00,3481.74,3483.35,3465.93,3469.22,6155.1561,0.0001,53,0.0,0.0,trending,,933.2005678924072,0.0,0.0,,,933.2005678924072,0.0,,trending,0.0,{},,627.0,,,,,,,933.2005678924072,0.0,0.0,0.0,933.2005678924072,0.0,0.0,0.0,-2.8167596040283174,0.0,1.0,0.0,,
2024-07-01 11:00:00,3469.21,3470.6,3457.59,3459.6,7610.4108,0.0001,53,0.0,0.0,trending,,933.2005678924072,0.0,0.0,,,933.2005678924072,0.0,,trending,0.0,{},,628.0,,,,,,,933.2005678924072,0.0,0.0,0.0,933.2005678924072,0.0,0.0,0.0,-1.3168662415312724,0.0,1.0,0.0,,
2024-07-01 12:00:00,3459.61,3477.13,3458.61,3472.42,6678.5794,0.0001,53,0.0,0.0,trending,,933.2005678924072,0.0,0.0,,,933.2005678924072,0.0,,trending,0.0,{},,629.0,,,,,,,933.2005678924072,0.0,0.0,0.0,933.2005678924072,0.0,0.0,0.0,-2.92751902262836,0.0,1.0,0.0,,
2024-07-01 13:00:00,3472.43,3481.27,3453.0,3460.45,10922.2593,0.0001,53,0.0,0.0,trending,,933.2005678924072,0.0,0.0,,,933.2005678924072,0.0,,trending,0.0,{},,630.0,,,,,,,933.2005678924072,0.0,0.0,0.0,933.2005678924072,0.0,0.0,0.0,-1.0985879712296054,0.0,1.0,0.0,,
2024-07-01 14:00:00,3460.46,3472.54,3453.71,3469.2,10544.5667,0.0001,53,0.0,0.0,trending,,933.2005678924072,0.0,0.0,,,933.2005678924072,0.0,,trending,0.0,{},,631.0,,,,,,,933.2005678924072,0.0,0.0,0.0,933.2005678924072,0.0,0.0,0.0,-2.215408281762899,0.0,1.0,0.0,,
2024-07-01 15:00:00,3469.21,3479.07,3465.38,3474.35,8422.5181,0.0001,53,0.0,0.0,trending,,933.2005678924072,0.0,0.0,,,933.2005678924072,0.0,,trending,0.0,{},,632.0,,,,,,,933.2005678924072,0.0,0.0,0.0,933.2005678924072,0.0,0.0,0.0,-2.8574232644316826,0.0,1.0,0.0,,
2024-07-01 16:00:00,3474.35,3476.69,3463.81,3467.33,6975.8667,0.0001,53,0.0,0.0,trending,,933.2005678924072,0.0,0.0,,,933.2005678924072,0.0,,trending,0.0,{},,633.0,,,,,,,933.2005678924072,0.0,0.0,0.0,933.2005678924072,0.0,0.0,0.0,-1.707096502421507,0.0,1.0,0.0,,
2024-07-01 17:00:00,3467.33,3493.11,3462.09,3491.03,9890.5626,0.0001,53,0.0,0.0,trending,,933.2005678924072,0.0,0.0,,,933.2005678924072,0.0,,trending,0.0,{},,634.0,,,,,,,933.2005678924072,0.0,0.0,0.0,933.2005678924072,0.0,0.0,0.0,-4.536516761514088,0.0,1.0,0.0,,
2024-07-01 18:00:00,3491.03,3499.0,3472.14,3482.14,9135.1841,0.0001,53,0.0,0.0,trending,,933.2005678924072,0.0,0.0,,,933.2005678924072,0.0,,trending,0.0,{},,635.0,,,,,,,933.2005678924072,0.0,0.0,0.0,933.2005678924072,0.0,0.0,0.0,-3.093593921052812,0.0,1.0,0.0,,
2024-07-01 19:00:00,3482.15,3486.38,3467.02,3471.47,5601.7632,0.0001,53,0.0,0.0,trending,,933.2005678924072,0.0,0.0,,,933.2005678924072,0.0,,trending,0.0,{},,636.0,,,,,,,933.2005678924072,0.0,0.0,0.0,933.2005678924072,0.0,0.0,0.0,-1.4622152724644424,0.0,1.0,0.0,,
2024-07-01 20:00:00,3471.47,3475.91,3465.25,3466.44,2984.603,0.0001,53,0.0,0.0,trending,,933.2005678924072,0.0,0.0,,,933.2005678924072,0.0,,trending,0.0,{},,637.0,,,,,,,933.2005678924072,0.0,0.0,0.0,933.2005678924072,0.0,0.0,0.0,-0.7191597390413365,0.0,1.0,0.0,,
2024-07-01 21:00:00,3466.44,3468.31,3453.78,3459.8,3535.6688,0.0001,53,0.0,0.0,trending,,933.2005678924072,0.0,0.0,,,933.2005678924072,0.0,,trending,0.0,{},,638.0,,,,,,,933.2005678924072,0.0,0.0,0.0,933.2005678924072,0.0,0.0,0.0,0.2527803900283658,0.0,1.0,0.0,,
