timestamp,open,high,low,close,volume,funding_rate,fear_greed,forecast,confidence,regime,strategy,total_portfolio_value,previous_allocation,allocation_change,approved_rebalance,succcess_execute_portfolio_rebalance,postRebalance_total_value,postRebalance_current_allocation,portfolio_value,debug_info.error,debug_info.regime,debug_info.forecast_delta,debug_info.regime_scores,debug_info.regime_margin,debug_info.bars_in_regime,debug_approve_allocation_change.symbol,debug_approve_allocation_change.time,debug_execute_portfolio_rebalance.symbol,debug_execute_portfolio_rebalance.price,debug_execute_portfolio_rebalance.quantity,debug_execute_portfolio_rebalance.trade_type,balances.USDT.free,balances.USDT.locked,balances.ETHUSDT.free,balances.ETHUSDT.locked,postRebalance_balances.USDT.free,postRebalance_balances.USDT.locked,postRebalance_balances.ETHUSDT.free,postRebalance_balances.ETHUSDT.locked,debug_info.components.keltner_lower.last_history_value,debug_info.components.keltner_lower.post_pipeline_value,debug_info.components.keltner_lower.weight_normalized,debug_info.components.keltner_lower.weighted_contribution,debug_approve_allocation_change.controls.max_allocation_change.passed,debug_approve_allocation_change.controls.min_allocation_change.passed
2024-05-01 00:00:00,3014.04,3023.24,2988.0,2999.05,15150.6747,1.9e-05,54,0.0,0.0,NOT_READY,,1000.0,0.0,0.0,,,1000.0,0.0,1000.0,Strategy not ready,,,,,,,,,,,,644.693408,0.0,0.0,0.0,644.693408,0.0,0.0,0.0,,,,,,
2024-05-01 01:00:00,2999.05,3014.7,2978.27,3002.33,16442.8693,1.9e-05,54,0.0,0.0,NOT_READY,,1000.0,0.0,0.0,,,1000.0,0.0,1000.0,Strategy not ready,,,,,,,,,,,,644.693408,0.0,0.0,0.0,644.693408,0.0,0.0,0.0,,,,,,
2024-05-01 02:00:00,3002.33,3003.8,2960.03,2987.81,18023.4567,1.9e-05,54,0.0,0.0,NOT_READY,,1000.0,0.0,0.0,,,1000.0,0.0,1000.0,Strategy not ready,,,,,,,,,,,,644.693408,0.0,0.0,0.0,644.693408,0.0,0.0,0.0,,,,,,
2024-05-01 03:00:00,2987.81,3008.0,2985.9,3004.37,6505.3377,1.9e-05,54,0.0,0.0,NOT_READY,,1000.0,0.0,0.0,,,1000.0,0.0,1000.0,Strategy not ready,,,,,,,,,,,,644.693408,0.0,0.0,0.0,644.693408,0.0,0.0,0.0,,,,,,
2024-05-01 04:00:00,3004.37,3013.87,3002.4,3006.19,7007.863,1.9e-05,54,0.0,0.0,NOT_READY,,1000.0,0.0,0.0,,,1000.0,0.0,1000.0,Strategy not ready,,,,,,,,,,,,644.693408,0.0,0.0,0.0,644.693408,0.0,0.0,0.0,,,,,,
2024-05-01 05:00:00,3006.19,3010.75,2986.21,2995.0,10166.2717,1.9e-05,54,0.0,0.0,NOT_READY,,1000.0,0.0,0.0,,,1000.0,0.0,1000.0,Strategy not ready,,,,,,,,,,,,644.693408,0.0,0.0,0.0,644.693408,0.0,0.0,0.0,,,,,,
2024-05-01 06:00:00,2995.0,2997.11,2950.0,2954.16,19114.9671,1.9e-05,54,0.0,0.0,NOT_READY,,1000.0,0.0,0.0,,,1000.0,0.0,1000.0,Strategy not ready,,,,,,,,,,,,644.693408,0.0,0.0,0.0,644.693408,0.0,0.0,0.0,,,,,,
2024-05-01 07:00:00,2954.16,2957.25,2859.0,2869.71,87637.0947,1.9e-05,54,0.0,0.0,NOT_READY,,1000.0,0.0,0.0,,,1000.0,0.0,1000.0,Strategy not ready,,,,,,,,,,,,644.693408,0.0,0.0,0.0,644.693408,0.0,0.0,0.0,,,,,,
2024-05-01 08:00:00,2869.7,2874.53,2817.0,2862.59,74822.1237,4.9e-05,54,0.0,0.0,NOT_READY,,1000.0,0.0,0.0,,,1000.0,0.0,1000.0,Strategy not ready,,,,,,,,,,,,644.693408,0.0,0.0,0.0,644.693408,0.0,0.0,0.0,,,,,,
2024-05-01 09:00:00,2862.59,2891.75,2857.36,2875.97,30422.4319,4.9e-05,54,0.0,0.0,NOT_READY,,1000.0,0.0,0.0,,,1000.0,0.0,1000.0,Strategy not ready,,,,,,,,,,,,644.693408,0.0,0.0,0.0,644.693408,0.0,0.0,0.0,,,,,,
2024-05-01 10:00:00,2875.98,2897.66,2860.0,2894.45,16754.9809,4.9e-05,54,0.0,0.0,NOT_READY,,1000.0,0.0,0.0,,,1000.0,0.0,1000.0,Strategy not ready,,,,,,,,,,,,644.693408,0.0,0.0,0.0,644.693408,0.0,0.0,0.0,,,,,,
2024-05-01 11:00:00,2894.44,2906.27,2880.0,2905.39,21421.4789,4.9e-05,54,0.0,0.0,NOT_READY,,1000.0,0.0,0.0,,,1000.0,0.0,1000.0,Strategy not ready,,,,,,,,,,,,644.693408,0.0,0.0,0.0,644.693408,0.0,0.0,0.0,,,,,,
2024-05-01 12:00:00,2905.4,2934.0,2898.32,2917.01,21260.1043,4.9e-05,54,0.0,0.0,NOT_READY,,1000.0,0.0,0.0,,,1000.0,0.0,1000.0,Strategy not ready,,,,,,,,,,,,644.693408,0.0,0.0,0.0,644.693408,0.0,0.0,0.0,,,,,,
2024-05-01 13:00:00,2917.0,2921.35,2880.0,2889.64,17983.557,4.9e-05,54,0.0,0.0,NOT_READY,,1000.0,0.0,0.0,,,1000.0,0.0,1000.0,Strategy not ready,,,,,,,,,,,,644.693408,0.0,0.0,0.0,644.693408,0.0,0.0,0.0,,,,,,
2024-05-01 14:00:00,2889.64,2912.42,2882.03,2906.0,15255.1265,4.9e-05,54,0.0,0.0,NOT_READY,,1000.0,0.0,0.0,,,1000.0,0.0,1000.0,Strategy not ready,,,,,,,,,,,,644.693408,0.0,0.0,0.0,644.693408,0.0,0.0,0.0,,,,,,
2024-05-01 15:00:00,2906.0,2907.56,2865.91,2885.45,21544.1511,4.9e-05,54,0.0,0.0,NOT_READY,,1000.0,0.0,0.0,,,1000.0,0.0,1000.0,Strategy not ready,,,,,,,,,,,,644.693408,0.0,0.0,0.0,644.693408,0.0,0.0,0.0,,,,,,
2024-05-01 16:00:00,2885.46,2913.23,2875.63,2891.01,15208.6603,7.3e-05,54,0.0,0.0,NOT_READY,,1000.0,0.0,0.0,,,1000.0,0.0,1000.0,Strategy not ready,,,,,,,,,,,,644.693408,0.0,0.0,0.0,644.693408,0.0,0.0,0.0,,,,,,
2024-05-01 17:00:00,2891.0,2933.63,2868.72,2921.92,19072.6721,7.3e-05,54,0.0,0.0,NOT_READY,,1000.0,0.0,0.0,,,1000.0,0.0,1000.0,Strategy not ready,,,,,,,,,,,,644.693408,0.0,0.0,0.0,644.693408,0.0,0.0,0.0,,,,,,
2024-05-01 18:00:00,2921.92,3015.73,2918.14,2990.04,89485.8691,7.3e-05,54,0.0,0.0,NOT_READY,,1000.0,0.0,0.0,,,1000.0,0.0,1000.0,Strategy not ready,,,,,,,,,,,,644.693408,0.0,0.0,0.0,644.693408,0.0,0.0,0.0,,,,,,
2024-05-01 19:00:00,2990.04,3001.2,2909.97,2926.06,48675.7621,7.3e-05,54,0.0,0.0,NOT_READY,,1000.0,0.0,0.0,,,1000.0,0.0,1000.0,Strategy not ready,,,,,,,,,,,,644.693408,0.0,0.0,0.0,644.693408,0.0,0.0,0.0,,,,,,
2024-05-01 20:00:00,2926.05,2948.0,2914.42,2941.19,16862.7516,7.3e-05,54,0.0,0.0,NOT_READY,,1000.0,0.0,0.0,,,1000.0,0.0,1000.0,Strategy not ready,,,,,,,,,,,,644.693408,0.0,0.0,0.0,644.693408,0.0,0.0,0.0,,,,,,
2024-05-01 21:00:00,2941.2,2976.5,2935.81,2967.99,14539.1633,7.3e-05,54,0.0,0.0,NOT_READY,,1000.0,0.0,0.0,,,1000.0,0.0,1000.0,Strategy not ready,,,,,,,,,,,,644.693408,0.0,0.0,0.0,644.693408,0.0,0.0,0.0,,,,,,
2024-05-01 22:00:00,2968.0,2980.49,2966.07,2969.56,10787.2408,7.3e-05,54,0.0,0.0,NOT_READY,,1000.0,0.0,0.0,,,1000.0,0.0,1000.0,Strategy not ready,,,,,,,,,,,,644.693408,0.0,0.0,0.0,644.693408,0.0,0.0,0.0,,,,,,
2024-05-01 23:00:00,2969.56,2984.89,2962.61,2972.46,10819.1688,7.3e-05,54,0.0,0.0,NOT_READY,,1000.0,0.0,0.0,,,1000.0,0.0,1000.0,Strategy not ready,,,,,,,,,,,,644.693408,0.0,0.0,0.0,644.693408,0.0,0.0,0.0,,,,,,
2024-05-02 00:00:00,2972.46,2982.18,2944.68,2948.4,13371.6959,-1e-06,43,0.0,0.0,NOT_READY,,1000.0,0.0,0.0,,,1000.0,0.0,1000.0,Strategy not ready,,,,,,,,,,,,644.693408,0.0,0.0,0.0,644.693408,0.0,0.0,0.0,,,,,,
2024-05-02 01:00:00,2948.41,2957.05,2893.26,2906.02,23929.1852,-1e-06,43,0.0,0.0,NOT_READY,,1000.0,0.0,0.0,,,1000.0,0.0,1000.0,Strategy not ready,,,,,,,,,,,,644.693408,0.0,0.0,0.0,644.693408,0.0,0.0,0.0,,,,,,
2024-05-02 02:00:00,2906.01,2929.49,2901.55,2917.2,23550.3966,-1e-06,43,0.0,0.0,NOT_READY,,1000.0,0.0,0.0,,,1000.0,0.0,1000.0,Strategy not ready,,,,,,,,,,,,644.693408,0.0,0.0,0.0,644.693408,0.0,0.0,0.0,,,,,,
2024-05-02 03:00:00,2917.19,2934.0,2917.19,2929.33,13593.5634,-1e-06,43,0.0,0.0,NOT_READY,,1000.0,0.0,0.0,,,1000.0,0.0,1000.0,Strategy not ready,,,,,,,,,,,,644.693408,0.0,0.0,0.0,644.693408,0.0,0.0,0.0,,,,,,
2024-05-02 04:00:00,2929.34,2938.0,2917.54,2922.8,10692.1103,-1e-06,43,0.0,0.0,NOT_READY,,1000.0,0.0,0.0,,,1000.0,0.0,1000.0,Strategy not ready,,,,,,,,,,,,644.693408,0.0,0.0,0.0,644.693408,0.0,0.0,0.0,,,,,,
2024-05-02 05:00:00,2922.8,2923.19,2898.2,2916.06,10234.1064,-1e-06,43,0.0,0.0,NOT_READY,,1000.0,0.0,0.0,,,1000.0,0.0,1000.0,Strategy not ready,,,,,,,,,,,,644.693408,0.0,0.0,0.0,644.693408,0.0,0.0,0.0,,,,,,
2024-05-02 06:00:00,2916.05,2925.22,2910.14,2914.6,7378.494,-1e-06,43,0.0,0.0,NOT_READY,,1000.0,0.0,0.0,,,1000.0,0.0,1000.0,Strategy not ready,,,,,,,,,,,,644.693408,0.0,0.0,0.0,644.693408,0.0,0.0,0.0,,,,,,
2024-05-02 07:00:00,2914.6,2936.61,2914.05,2921.22,11471.4695,-1e-06,43,0.0,0.0,NOT_READY,,1000.0,0.0,0.0,,,1000.0,0.0,1000.0,Strategy not ready,,,,,,,,,,,,644.693408,0.0,0.0,0.0,644.693408,0.0,0.0,0.0,,,,,,
2024-05-02 08:00:00,2921.22,2946.16,2916.73,2941.8,13350.7474,9.6e-05,43,0.0,0.0,NOT_READY,,1000.0,0.0,0.0,,,1000.0,0.0,1000.0,Strategy not ready,,,,,,,,,,,,644.693408,0.0,0.0,0.0,644.693408,0.0,0.0,0.0,,,,,,
2024-05-02 09:00:00,2941.8,2948.4,2934.6,2946.35,7557.1775,9.6e-05,43,0.0,0.0,NOT_READY,,1000.0,0.0,0.0,,,1000.0,0.0,1000.0,Strategy not ready,,,,,,,,,,,,644.693408,0.0,0.0,0.0,644.693408,0.0,0.0,0.0,,,,,,
2024-05-02 10:00:00,2946.36,2968.0,2937.54,2965.66,15119.4854,9.6e-05,43,0.0,0.0,NOT_READY,,1000.0,0.0,0.0,,,1000.0,0.0,1000.0,Strategy not ready,,,,,,,,,,,,644.693408,0.0,0.0,0.0,644.693408,0.0,0.0,0.0,,,,,,
2024-05-02 11:00:00,2965.66,3002.51,2965.21,2995.55,43060.2839,9.6e-05,43,0.0,0.0,NOT_READY,,1000.0,0.0,0.0,,,1000.0,0.0,1000.0,Strategy not ready,,,,,,,,,,,,644.693408,0.0,0.0,0.0,644.693408,0.0,0.0,0.0,,,,,,
2024-05-02 12:00:00,2995.54,3013.0,2980.52,2982.61,22415.576,9.6e-05,43,0.0,0.0,NOT_READY,,1000.0,0.0,0.0,,,1000.0,0.0,1000.0,Strategy not ready,,,,,,,,,,,,644.693408,0.0,0.0,0.0,644.693408,0.0,0.0,0.0,,,,,,
2024-05-02 13:00:00,2982.61,2988.88,2957.6,2965.81,20809.9176,9.6e-05,43,0.0,0.0,NOT_READY,,1000.0,0.0,0.0,,,1000.0,0.0,1000.0,Strategy not ready,,,,,,,,,,,,644.693408,0.0,0.0,0.0,644.693408,0.0,0.0,0.0,,,,,,
2024-05-02 14:00:00,2965.8,2997.94,2952.4,2992.26,25160.6418,9.6e-05,43,0.0,0.0,NOT_READY,,1000.0,0.0,0.0,,,1000.0,0.0,1000.0,Strategy not ready,,,,,,,,,,,,644.693408,0.0,0.0,0.0,644.693408,0.0,0.0,0.0,,,,,,
2024-05-02 15:00:00,2992.25,3001.45,2985.8,2990.17,20554.3486,9.6e-05,43,0.0,0.0,NOT_READY,,1000.0,0.0,0.0,,,1000.0,0.0,1000.0,Strategy not ready,,,,,,,,,,,,644.693408,0.0,0.0,0.0,644.693408,0.0,0.0,0.0,,,,,,
2024-05-02 16:00:00,2990.16,2995.0,2976.81,2981.36,11939.2938,9.6e-05,43,0.0,0.0,NOT_READY,,1000.0,0.0,0.0,,,1000.0,0.0,1000.0,Strategy not ready,,,,,,,,,,,,644.693408,0.0,0.0,0.0,644.693408,0.0,0.0,0.0,,,,,,
2024-05-02 17:00:00,2981.36,2999.0,2975.63,2992.51,8669.2251,7.8e-05,43,0.0,0.0,NOT_READY,,1000.0,0.0,0.0,,,1000.0,0.0,1000.0,Strategy not ready,,,,,,,,,,,,644.693408,0.0,0.0,0.0,644.693408,0.0,0.0,0.0,,,,,,
2024-05-02 18:00:00,2992.51,3006.0,2972.0,2991.78,15391.0917,7.8e-05,43,0.0,0.0,NOT_READY,,1000.0,0.0,0.0,,,1000.0,0.0,1000.0,Strategy not ready,,,,,,,,,,,,644.693408,0.0,0.0,0.0,644.693408,0.0,0.0,0.0,,,,,,
2024-05-02 19:00:00,2991.78,3000.99,2980.46,2999.81,7031.5584,7.8e-05,43,0.0,0.0,NOT_READY,,1000.0,0.0,0.0,,,1000.0,0.0,1000.0,Strategy not ready,,,,,,,,,,,,644.693408,0.0,0.0,0.0,644.693408,0.0,0.0,0.0,,,,,,
2024-05-02 20:00:00,2999.8,3002.0,2968.84,2986.01,14304.6254,7.8e-05,43,0.0,0.0,NOT_READY,,1000.0,0.0,0.0,,,1000.0,0.0,1000.0,Strategy not ready,,,,,,,,,,,,644.693408,0.0,0.0,0.0,644.693408,0.0,0.0,0.0,,,,,,
2024-05-02 21:00:00,2986.01,3016.72,2984.52,2996.48,10971.5951,7.8e-05,43,0.0,0.0,NOT_READY,,1000.0,0.0,0.0,,,1000.0,0.0,1000.0,Strategy not ready,,,,,,,,,,,,644.693408,0.0,0.0,0.0,644.693408,0.0,0.0,0.0,,,,,,
2024-05-02 22:00:00,2996.49,3015.45,2989.85,2997.41,9738.4207,7.8e-05,43,0.0,0.0,NOT_READY,,1000.0,0.0,0.0,,,1000.0,0.0,1000.0,Strategy not ready,,,,,,,,,,,,644.693408,0.0,0.0,0.0,644.693408,0.0,0.0,0.0,,,,,,
2024-05-02 23:00:00,2997.41,2999.0,2984.45,2986.19,5644.7094,7.8e-05,43,0.0,0.0,NOT_READY,,1000.0,0.0,0.0,,,1000.0,0.0,1000.0,Strategy not ready,,,,,,,,,,,,644.693408,0.0,0.0,0.0,644.693408,0.0,0.0,0.0,,,,,,
2024-05-03 00:00:00,2986.19,2995.35,2977.7,2983.59,7945.1354,4e-05,48,0.0,0.0,NOT_READY,,1000.0,0.0,0.0,,,1000.0,0.0,1000.0,Strategy not ready,,,,,,,,,,,,644.693408,0.0,0.0,0.0,644.693408,0.0,0.0,0.0,,,,,,
2024-05-03 01:00:00,2983.6,3015.76,2981.25,3006.99,11579.4794,4e-05,48,0.0,0.0,NOT_READY,,1000.0,0.0,0.0,,,1000.0,0.0,1000.0,Strategy not ready,,,,,,,,,,,,644.693408,0.0,0.0,0.0,644.693408,0.0,0.0,0.0,,,,,,
2024-05-03 02:00:00,3006.99,3036.17,3002.89,3012.2,13633.7731,4e-05,48,0.0,0.0,NOT_READY,,1000.0,0.0,0.0,,,1000.0,0.0,1000.0,Strategy not ready,,,,,,,,,,,,644.693408,0.0,0.0,0.0,644.693408,0.0,0.0,0.0,,,,,,
2024-05-03 03:00:00,3012.19,3023.8,3006.15,3010.15,7861.5913,4e-05,48,0.0,0.0,NOT_READY,,1000.0,0.0,0.0,,,1000.0,0.0,1000.0,Strategy not ready,,,,,,,,,,,,644.693408,0.0,0.0,0.0,644.693408,0.0,0.0,0.0,,,,,,
2024-05-03 04:00:00,3010.14,3017.2,2997.1,3004.01,7962.0799,4e-05,48,0.0,0.0,NOT_READY,,1000.0,0.0,0.0,,,1000.0,0.0,1000.0,Strategy not ready,,,,,,,,,,,,644.693408,0.0,0.0,0.0,644.693408,0.0,0.0,0.0,,,,,,
2024-05-03 05:00:00,3004.0,3005.31,2995.11,2997.18,6504.7594,4e-05,48,0.0,0.0,NOT_READY,,1000.0,0.0,0.0,,,1000.0,0.0,1000.0,Strategy not ready,,,,,,,,,,,,644.693408,0.0,0.0,0.0,644.693408,0.0,0.0,0.0,,,,,,
2024-05-03 06:00:00,2997.19,2999.2,2981.8,2982.01,8790.7417,4e-05,48,0.0,0.0,NOT_READY,,1000.0,0.0,0.0,,,1000.0,0.0,1000.0,Strategy not ready,,,,,,,,,,,,644.693408,0.0,0.0,0.0,644.693408,0.0,0.0,0.0,,,,,,
2024-05-03 07:00:00,2982.01,2991.69,2958.71,2969.0,14158.4388,4e-05,48,0.0,0.0,NOT_READY,,1000.0,0.0,0.0,,,1000.0,0.0,1000.0,Strategy not ready,,,,,,,,,,,,644.693408,0.0,0.0,0.0,644.693408,0.0,0.0,0.0,,,,,,
2024-05-03 08:00:00,2969.0,2983.92,2964.4,2972.11,7303.6658,2.2e-05,48,0.0,0.0,NOT_READY,,1000.0,0.0,0.0,,,1000.0,0.0,1000.0,Strategy not ready,,,,,,,,,,,,644.693408,0.0,0.0,0.0,644.693408,0.0,0.0,0.0,,,,,,
2024-05-03 09:00:00,2972.11,2990.62,2970.15,2983.2,5248.3697,2.2e-05,48,0.0,0.0,NOT_READY,,1000.0,0.0,0.0,,,1000.0,0.0,1000.0,Strategy not ready,,,,,,,,,,,,644.693408,0.0,0.0,0.0,644.693408,0.0,0.0,0.0,,,,,,
2024-05-03 10:00:00,2983.2,2986.15,2958.32,2971.01,10351.3667,2.2e-05,48,0.0,0.0,NOT_READY,,1000.0,0.0,0.0,,,1000.0,0.0,1000.0,Strategy not ready,,,,,,,,,,,,644.693408,0.0,0.0,0.0,644.693408,0.0,0.0,0.0,,,,,,
2024-05-03 11:00:00,2971.01,2985.17,2963.25,2979.5,11671.1222,2.2e-05,48,0.0,0.0,NOT_READY,,1000.0,0.0,0.0,,,1000.0,0.0,1000.0,Strategy not ready,,,,,,,,,,,,644.693408,0.0,0.0,0.0,644.693408,0.0,0.0,0.0,,,,,,
2024-05-03 12:00:00,2979.49,3045.0,2969.75,3035.01,49430.6031,2.2e-05,48,0.0,0.0,NOT_READY,,1000.0,0.0,0.0,,,1000.0,0.0,1000.0,Strategy not ready,,,,,,,,,,,,644.693408,0.0,0.0,0.0,644.693408,0.0,0.0,0.0,,,,,,
2024-05-03 13:00:00,3035.0,3064.56,3030.6,3061.05,53810.6574,2.2e-05,48,0.0,0.0,NOT_READY,,1000.0,0.0,0.0,,,1000.0,0.0,1000.0,Strategy not ready,,,,,,,,,,,,644.693408,0.0,0.0,0.0,644.693408,0.0,0.0,0.0,,,,,,
2024-05-03 14:00:00,3061.05,3073.73,3044.35,3055.0,25297.7626,2.2e-05,48,0.0,0.0,NOT_READY,,1000.0,0.0,0.0,,,1000.0,0.0,1000.0,Strategy not ready,,,,,,,,,,,,644.693408,0.0,0.0,0.0,644.693408,0.0,0.0,0.0,,,,,,
2024-05-03 15:00:00,3055.01,3086.0,3048.99,3075.52,23900.9093,2.2e-05,48,0.0,0.0,NOT_READY,,1000.0,0.0,0.0,,,1000.0,0.0,1000.0,Strategy not ready,,,,,,,,,,,,644.693408,0.0,0.0,0.0,644.693408,0.0,0.0,0.0,,,,,,
2024-05-03 16:00:00,3075.52,3087.99,3063.2,3067.6,16747.2797,3.5e-05,48,0.0,0.0,NOT_READY,,1000.0,0.0,0.0,,,1000.0,0.0,1000.0,Strategy not ready,,,,,,,,,,,,644.693408,0.0,0.0,0.0,644.693408,0.0,0.0,0.0,,,,,,
2024-05-03 17:00:00,3067.61,3083.5,3062.61,3079.35,7892.4179,3.5e-05,48,0.0,0.0,NOT_READY,,1000.0,0.0,0.0,,,1000.0,0.0,1000.0,Strategy not ready,,,,,,,,,,,,644.693408,0.0,0.0,0.0,644.693408,0.0,0.0,0.0,,,,,,
2024-05-03 18:00:00,3079.35,3083.09,3066.85,3069.2,7218.294,3.5e-05,48,0.0,0.0,NOT_READY,,1000.0,0.0,0.0,,,1000.0,0.0,1000.0,Strategy not ready,,,,,,,,,,,,644.693408,0.0,0.0,0.0,644.693408,0.0,0.0,0.0,,,,,,
2024-05-03 19:00:00,3069.2,3074.19,3062.61,3072.5,6391.1167,3.5e-05,48,0.0,0.0,NOT_READY,,1000.0,0.0,0.0,,,1000.0,0.0,1000.0,Strategy not ready,,,,,,,,,,,,644.693408,0.0,0.0,0.0,644.693408,0.0,0.0,0.0,,,,,,
2024-05-03 20:00:00,3072.51,3126.99,3068.59,3113.0,27495.2082,3.5e-05,48,0.0,0.0,NOT_READY,,1000.0,0.0,0.0,,,1000.0,0.0,1000.0,Strategy not ready,,,,,,,,,,,,644.693408,0.0,0.0,0.0,644.693408,0.0,0.0,0.0,,,,,,
2024-05-03 21:00:00,3112.99,3116.53,3094.2,3109.95,7942.1625,3.5e-05,48,0.0,0.0,NOT_READY,,1000.0,0.0,0.0,,,1000.0,0.0,1000.0,Strategy not ready,,,,,,,,,,,,644.693408,0.0,0.0,0.0,644.693408,0.0,0.0,0.0,,,,,,
2024-05-03 22:00:00,3109.95,3116.6,3104.01,3106.0,6868.5122,3.5e-05,48,0.0,0.0,NOT_READY,,1000.0,0.0,0.0,,,1000.0,0.0,1000.0,Strategy not ready,,,,,,,,,,,,644.693408,0.0,0.0,0.0,644.693408,0.0,0.0,0.0,,,,,,
2024-05-03 23:00:00,3106.0,3120.0,3098.8,3102.61,9820.3921,3.5e-05,48,0.0,0.0,NOT_READY,,1000.0,0.0,0.0,,,1000.0,0.0,1000.0,Strategy not ready,,,,,,,,,,,,644.693408,0.0,0.0,0.0,644.693408,0.0,0.0,0.0,,,,,,
2024-05-04 00:00:00,3102.61,3125.86,3098.55,3117.34,8475.8617,4.3e-05,67,0.0,0.0,NOT_READY,,1000.0,0.0,0.0,,,1000.0,0.0,1000.0,Strategy not ready,,,,,,,,,,,,644.693408,0.0,0.0,0.0,644.693408,0.0,0.0,0.0,,,,,,
2024-05-04 01:00:00,3117.33,3130.85,3105.0,3105.2,10276.4931,4.3e-05,67,0.0,0.0,NOT_READY,,1000.0,0.0,0.0,,,1000.0,0.0,1000.0,Strategy not ready,,,,,,,,,,,,644.693408,0.0,0.0,0.0,644.693408,0.0,0.0,0.0,,,,,,
2024-05-04 02:00:00,3105.21,3106.59,3092.85,3100.79,6304.9829,4.3e-05,67,0.0,0.0,NOT_READY,,1000.0,0.0,0.0,,,1000.0,0.0,1000.0,Strategy not ready,,,,,,,,,,,,644.693408,0.0,0.0,0.0,644.693408,0.0,0.0,0.0,,,,,,
2024-05-04 03:00:00,3100.79,3113.94,3099.42,3112.0,6150.4791,4.3e-05,67,0.0,0.0,NOT_READY,,1000.0,0.0,0.0,,,1000.0,0.0,1000.0,Strategy not ready,,,,,,,,,,,,644.693408,0.0,0.0,0.0,644.693408,0.0,0.0,0.0,,,,,,
2024-05-04 04:00:00,3112.0,3123.06,3105.07,3116.99,8549.9268,4.3e-05,67,0.0,0.0,NOT_READY,,1000.0,0.0,0.0,,,1000.0,0.0,1000.0,Strategy not ready,,,,,,,,,,,,644.693408,0.0,0.0,0.0,644.693408,0.0,0.0,0.0,,,,,,
2024-05-04 05:00:00,3116.99,3122.83,3106.21,3118.6,5875.5777,4.3e-05,67,0.0,0.0,NOT_READY,,1000.0,0.0,0.0,,,1000.0,0.0,1000.0,Strategy not ready,,,,,,,,,,,,644.693408,0.0,0.0,0.0,644.693408,0.0,0.0,0.0,,,,,,
2024-05-04 06:00:00,3118.6,3118.6,3104.13,3106.34,5221.0429,4.3e-05,67,0.0,0.0,NOT_READY,,1000.0,0.0,0.0,,,1000.0,0.0,1000.0,Strategy not ready,,,,,,,,,,,,644.693408,0.0,0.0,0.0,644.693408,0.0,0.0,0.0,,,,,,
2024-05-04 07:00:00,3106.33,3109.05,3095.37,3095.94,6006.6754,4.3e-05,67,0.0,0.0,NOT_READY,,1000.0,0.0,0.0,,,1000.0,0.0,1000.0,Strategy not ready,,,,,,,,,,,,644.693408,0.0,0.0,0.0,644.693408,0.0,0.0,0.0,,,,,,
2024-05-04 08:00:00,3095.94,3111.28,3095.68,3108.4,5162.3158,8.5e-05,67,0.0,0.0,NOT_READY,,1000.0,0.0,0.0,,,1000.0,0.0,1000.0,Strategy not ready,,,,,,,,,,,,644.693408,0.0,0.0,0.0,644.693408,0.0,0.0,0.0,,,,,,
2024-05-04 09:00:00,3108.41,3112.89,3102.0,3106.34,4224.0425,8.5e-05,67,0.0,0.0,NOT_READY,,1000.0,0.0,0.0,,,1000.0,0.0,1000.0,Strategy not ready,,,,,,,,,,,,644.693408,0.0,0.0,0.0,644.693408,0.0,0.0,0.0,,,,,,
2024-05-04 10:00:00,3106.35,3168.0,3101.08,3165.34,23801.3968,8.5e-05,67,0.0,0.0,NOT_READY,,1000.0,0.0,0.0,,,1000.0,0.0,1000.0,Strategy not ready,,,,,,,,,,,,644.693408,0.0,0.0,0.0,644.693408,0.0,0.0,0.0,,,,,,
2024-05-04 11:00:00,3165.34,3167.8,3120.32,3130.45,21885.717,8.5e-05,67,0.0,0.0,NOT_READY,,1000.0,0.0,0.0,,,1000.0,0.0,1000.0,Strategy not ready,,,,,,,,,,,,644.693408,0.0,0.0,0.0,644.693408,0.0,0.0,0.0,,,,,,
2024-05-04 12:00:00,3130.45,3152.88,3125.0,3150.81,8507.2612,8.5e-05,67,0.0,0.0,NOT_READY,,1000.0,0.0,0.0,,,1000.0,0.0,1000.0,Strategy not ready,,,,,,,,,,,,644.693408,0.0,0.0,0.0,644.693408,0.0,0.0,0.0,,,,,,
2024-05-04 13:00:00,3150.8,3158.95,3117.57,3129.61,14218.1204,8.5e-05,67,0.0,0.0,NOT_READY,,1000.0,0.0,0.0,,,1000.0,0.0,1000.0,Strategy not ready,,,,,,,,,,,,644.693408,0.0,0.0,0.0,644.693408,0.0,0.0,0.0,,,,,,
2024-05-04 14:00:00,3129.61,3135.91,3119.49,3130.6,7683.6783,8.5e-05,67,0.0,0.0,NOT_READY,,1000.0,0.0,0.0,,,1000.0,0.0,1000.0,Strategy not ready,,,,,,,,,,,,644.693408,0.0,0.0,0.0,644.693408,0.0,0.0,0.0,,,,,,
2024-05-04 15:00:00,3130.6,3131.4,3115.08,3126.81,6959.7548,8.5e-05,67,0.0,0.0,NOT_READY,,1000.0,0.0,0.0,,,1000.0,0.0,1000.0,Strategy not ready,,,,,,,,,,,,644.693408,0.0,0.0,0.0,644.693408,0.0,0.0,0.0,,,,,,
2024-05-04 16:00:00,3126.8,3129.58,3115.1,3128.41,6783.8323,7e-05,67,0.0,0.0,NOT_READY,,1000.0,0.0,0.0,,,1000.0,0.0,1000.0,Strategy not ready,,,,,,,,,,,,644.693408,0.0,0.0,0.0,644.693408,0.0,0.0,0.0,,,,,,
2024-05-04 17:00:00,3128.4,3135.42,3114.08,3122.21,6026.4085,7e-05,67,0.0,0.0,NOT_READY,,1000.0,0.0,0.0,,,1000.0,0.0,1000.0,Strategy not ready,,,,,,,,,,,,644.693408,0.0,0.0,0.0,644.693408,0.0,0.0,0.0,,,,,,
2024-05-04 18:00:00,3122.21,3131.61,3118.31,3124.51,5370.9968,7e-05,67,0.0,0.0,NOT_READY,,1000.0,0.0,0.0,,,1000.0,0.0,1000.0,Strategy not ready,,,,,,,,,,,,644.693408,0.0,0.0,0.0,644.693408,0.0,0.0,0.0,,,,,,
2024-05-04 19:00:00,3124.5,3140.0,3119.38,3137.01,5365.3022,7e-05,67,0.0,0.0,NOT_READY,,1000.0,0.0,0.0,,,1000.0,0.0,1000.0,Strategy not ready,,,,,,,,,,,,644.693408,0.0,0.0,0.0,644.693408,0.0,0.0,0.0,,,,,,
2024-05-04 20:00:00,3137.02,3147.0,3127.63,3127.63,7184.8065,7e-05,67,0.0,0.0,NOT_READY,,1000.0,0.0,0.0,,,1000.0,0.0,1000.0,Strategy not ready,,,,,,,,,,,,644.693408,0.0,0.0,0.0,644.693408,0.0,0.0,0.0,,,,,,
2024-05-04 21:00:00,3127.63,3130.0,3104.34,3121.53,8831.7368,7e-05,67,0.0,0.0,NOT_READY,,1000.0,0.0,0.0,,,1000.0,0.0,1000.0,Strategy not ready,,,,,,,,,,,,644.693408,0.0,0.0,0.0,644.693408,0.0,0.0,0.0,,,,,,
2024-05-04 22:00:00,3121.54,3124.01,3106.07,3107.4,4051.2232,7e-05,67,0.0,0.0,NOT_READY,,1000.0,0.0,0.0,,,1000.0,0.0,1000.0,Strategy not ready,,,,,,,,,,,,644.693408,0.0,0.0,0.0,644.693408,0.0,0.0,0.0,,,,,,
2024-05-04 23:00:00,3107.4,3119.65,3106.47,3117.23,3346.3161,7e-05,67,0.0,0.0,NOT_READY,,1000.0,0.0,0.0,,,1000.0,0.0,1000.0,Strategy not ready,,,,,,,,,,,,644.693408,0.0,0.0,0.0,644.693408,0.0,0.0,0.0,,,,,,
2024-05-05 00:00:00,3117.24,3126.41,3086.11,3108.3,18146.3477,8.8e-05,69,0.0,0.0,NOT_READY,,1000.0,0.0,0.0,,,1000.0,0.0,1000.0,Strategy not ready,,,,,,,,,,,,644.693408,0.0,0.0,0.0,644.693408,0.0,0.0,0.0,,,,,,
2024-05-05 01:00:00,3108.3,3113.94,3072.99,3090.2,18492.4282,8.8e-05,69,0.0,0.0,NOT_READY,,1000.0,0.0,0.0,,,1000.0,0.0,1000.0,Strategy not ready,,,,,,,,,,,,644.693408,0.0,0.0,0.0,644.693408,0.0,0.0,0.0,,,,,,
2024-05-05 02:00:00,3090.2,3096.2,3080.88,3080.89,5919.3423,8.8e-05,69,0.0,0.0,NOT_READY,,1000.0,0.0,0.0,,,1000.0,0.0,1000.0,Strategy not ready,,,,,,,,,,,,644.693408,0.0,0.0,0.0,644.693408,0.0,0.0,0.0,,,,,,
2024-05-05 03:00:00,3080.88,3087.73,3074.0,3086.91,7984.7256,8.8e-05,69,0.0,0.0,NOT_READY,,1000.0,0.0,0.0,,,1000.0,0.0,1000.0,Strategy not ready,,,,,,,,,,,,644.693408,0.0,0.0,0.0,644.693408,0.0,0.0,0.0,,,,,,
2024-05-05 04:00:00,3086.9,3095.4,3085.69,3089.0,6034.0935,8.8e-05,69,0.0,0.0,NOT_READY,,1000.0,0.0,0.0,,,1000.0,0.0,1000.0,Strategy not ready,,,,,,,,,,,,644.693408,0.0,0.0,0.0,644.693408,0.0,0.0,0.0,,,,,,
2024-05-05 05:00:00,3089.0,3097.86,3080.83,3085.71,4263.8199,8.8e-05,69,0.0,0.0,NOT_READY,,1000.0,0.0,0.0,,,1000.0,0.0,1000.0,Strategy not ready,,,,,,,,,,,,644.693408,0.0,0.0,0.0,644.693408,0.0,0.0,0.0,,,,,,
2024-05-05 06:00:00,3085.71,3096.45,3081.47,3092.44,3628.1836,8.8e-05,69,0.0,0.0,NOT_READY,,1000.0,0.0,0.0,,,1000.0,0.0,1000.0,Strategy not ready,,,,,,,,,,,,644.693408,0.0,0.0,0.0,644.693408,0.0,0.0,0.0,,,,,,
2024-05-05 07:00:00,3092.43,3114.8,3090.4,3105.7,7654.6502,8.8e-05,69,0.0,0.0,NOT_READY,,1000.0,0.0,0.0,,,1000.0,0.0,1000.0,Strategy not ready,,,,,,,,,,,,644.693408,0.0,0.0,0.0,644.693408,0.0,0.0,0.0,,,,,,
2024-05-05 08:00:00,3105.7,3171.93,3103.52,3155.79,36786.3106,9.4e-05,69,-20.0,0.0,trending,,1000.0,0.0,-2.0,True,True,998.0,-2.004008,1000.0,,trending,-20.0,{},,1.0,ETHUSDT,2024-05-05 08:00:00,ETHUSDT,3155.79,0.633756,SHORT,644.693408,0.0,0.0,0.0,644.693408,0.0,0.0,0.0,-24.0,-24.0,1.0,-24.0,True,True
2024-05-05 09:00:00,3155.79,3157.33,3130.04,3143.92,17320.1768,9.4e-05,69,-18.951863,0.0,trending,,1005.522681,-1.981534,0.086348,False,,1005.522681,-1.981534,1005.522681,,trending,1.048137,{},,2.0,ETHUSDT,2024-05-05 09:00:00,,,,,644.693408,0.0,0.0,0.0,644.693408,0.0,0.0,0.0,-18.951863,-18.951863,1.0,-18.951863,True,False
2024-05-05 10:00:00,3143.93,3152.08,3129.0,3134.37,8007.4089,9.4e-05,69,-11.859927,0.0,trending,,1011.575048,-1.963695,0.777702,True,True,1010.787556,-1.186917,1011.575048,,trending,7.091937,{},,3.0,ETHUSDT,2024-05-05 10:00:00,ETHUSDT,3134.37,0.250993,REDUCE_SHORT,644.693408,0.0,0.0,0.0,644.693408,0.0,0.0,0.0,-11.859927,-11.859927,1.0,-11.859927,True,True
2024-05-05 11:00:00,3134.38,3141.17,3127.89,3138.1,4613.9973,9.4e-05,69,-12.782827,0.0,trending,,1009.35985,-1.19001,-0.088273,False,,1009.35985,-1.19001,1009.35985,,trending,-0.922901,{},,4.0,ETHUSDT,2024-05-05 11:00:00,,,,,644.693408,0.0,0.0,0.0,644.693408,0.0,0.0,0.0,-12.782827,-12.782827,1.0,-12.782827,True,False
2024-05-05 12:00:00,3138.1,3141.04,3129.43,3137.2,3747.8082,9.4e-05,69,-11.157995,0.0,trending,,1009.704337,-1.189263,0.073463,False,,1009.704337,-1.189263,1009.704337,,trending,1.624832,{},,5.0,ETHUSDT,2024-05-05 12:00:00,,,,,644.693408,0.0,0.0,0.0,644.693408,0.0,0.0,0.0,-11.157995,-11.157995,1.0,-11.157995,True,False
2024-05-05 13:00:00,3137.19,3155.0,3127.04,3147.59,11927.452,9.4e-05,69,-15.421363,0.0,trending,,1005.72743,-1.19792,-0.344217,True,True,1005.381242,-1.542667,1005.72743,,trending,-4.263368,{},,6.0,ETHUSDT,2024-05-05 13:00:00,ETHUSDT,3147.59,0.109985,SHORT,644.693408,0.0,0.0,0.0,644.693408,0.0,0.0,0.0,-15.421363,-15.421363,1.0,-15.421363,True,True
2024-05-05 14:00:00,3147.59,3154.83,3128.6,3153.27,8515.3906,9.4e-05,69,-16.478943,0.0,trending,,1002.582433,-1.549765,-0.098129,False,,1002.582433,-1.549765,1002.582433,,trending,-1.05758,{},,7.0,ETHUSDT,2024-05-05 14:00:00,,,,,644.693408,0.0,0.0,0.0,644.693408,0.0,0.0,0.0,-16.478943,-16.478943,1.0,-16.478943,True,False
2024-05-05 15:00:00,3153.27,3168.0,3144.44,3160.19,12649.1048,9.4e-05,69,-18.339451,0.0,trending,,999.172617,-1.558467,-0.275478,True,True,998.897367,-1.83445,999.172617,,trending,-1.860509,{},,8.0,ETHUSDT,2024-05-05 15:00:00,ETHUSDT,3160.19,0.087099,SHORT,644.693408,0.0,0.0,0.0,644.693408,0.0,0.0,0.0,-18.339451,-18.339451,1.0,-18.339451,True,True
2024-05-05 16:00:00,3160.18,3166.34,3142.89,3148.22,11493.6446,5.6e-05,69,-10.410272,0.0,trending,,1005.838139,-1.814891,0.773864,True,True,1005.058978,-1.041834,1005.838139,,trending,7.929179,{},,9.0,ETHUSDT,2024-05-05 16:00:00,ETHUSDT,3148.22,0.247245,REDUCE_SHORT,644.693408,0.0,0.0,0.0,644.693408,0.0,0.0,0.0,-10.410272,-10.410272,1.0,-10.410272,True,True
2024-05-05 17:00:00,3148.22,3160.95,3143.67,3147.8,4571.403,5.6e-05,69,-9.371119,0.0,trending,,1005.198671,-1.041551,0.104439,False,,1005.198671,-1.041551,1005.198671,,trending,1.039153,{},,10.0,ETHUSDT,2024-05-05 17:00:00,,,,,644.693408,0.0,0.0,0.0,644.693408,0.0,0.0,0.0,-9.371119,-9.371119,1.0,-9.371119,True,False
2024-05-05 18:00:00,3147.81,3147.94,3130.68,3139.66,6062.9838,5.6e-05,69,-4.303516,0.0,trending,,1007.906053,-1.036067,0.605715,True,True,1007.294938,-0.430613,1007.906053,,trending,5.067603,{},,11.0,ETHUSDT,2024-05-05 18:00:00,ETHUSDT,3139.66,0.194449,REDUCE_SHORT,644.693408,0.0,0.0,0.0,644.693408,0.0,0.0,0.0,-4.303516,-4.303516,1.0,-4.303516,True,True
2024-05-05 19:00:00,3139.65,3145.78,3132.95,3142.45,3600.6407,5.6e-05,69,-5.332879,0.0,trending,,1006.909491,-0.43116,-0.102128,False,,1006.909491,-0.43116,1006.909491,,trending,-1.029363,{},,12.0,ETHUSDT,2024-05-05 19:00:00,,,,,644.693408,0.0,0.0,0.0,644.693408,0.0,0.0,0.0,-5.332879,-5.332879,1.0,-5.332879,True,False
2024-05-05 20:00:00,3142.45,3144.72,3133.3,3137.47,5750.1361,5.6e-05,69,-2.409736,0.0,trending,,1007.597493,-0.430183,0.189209,False,,1007.597493,-0.430183,1007.597493,,trending,2.923142,{},,13.0,ETHUSDT,2024-05-05 20:00:00,,,,,644.693408,0.0,0.0,0.0,644.693408,0.0,0.0,0.0,-2.409736,-2.409736,1.0,-2.409736,True,False
2024-05-05 21:00:00,3137.47,3137.72,3122.89,3136.3,3771.5277,5.6e-05,69,-1.635496,0.0,trending,,1007.759132,-0.429954,0.266404,True,True,1007.490393,-0.163593,1007.759132,,trending,0.774241,{},,14.0,ETHUSDT,2024-05-05 21:00:00,ETHUSDT,3136.3,0.085601,REDUCE_SHORT,644.693408,0.0,0.0,0.0,644.693408,0.0,0.0,0.0,-1.635496,-1.635496,1.0,-1.635496,True,True
2024-05-05 22:00:00,3136.3,3136.84,3126.0,3131.99,2552.3091,5.6e-05,69,1.045423,0.0,trending,,1007.716891,-0.163332,0.267874,True,True,1007.446785,0.104466,1007.716891,,trending,2.680919,{},,15.0,ETHUSDT,2024-05-05 22:00:00,ETHUSDT,3131.99,0.033636,LONG,644.693408,0.0,0.0,0.0,644.693408,0.0,0.0,0.0,1.045423,1.045423,1.0,1.045423,True,True
2024-05-05 23:00:00,3132.0,3146.66,3130.41,3136.41,5266.381,5.6e-05,69,-1.650197,0.0,trending,,1007.59531,0.104598,-0.269617,True,True,1007.323645,-0.165064,1007.59531,,trending,-2.69562,{},,16.0,ETHUSDT,2024-05-05 23:00:00,ETHUSDT,3136.41,0.053014,SHORT,644.693408,0.0,0.0,0.0,644.693408,0.0,0.0,0.0,-1.650197,-1.650197,1.0,-1.650197,True,True
2024-05-06 00:00:00,3136.4,3157.83,3136.4,3147.97,5614.0369,5.6e-05,71,-8.038737,0.0,trending,,1006.710805,-0.165773,-0.6381,True,True,1006.068422,-0.804387,1006.710805,,trending,-6.38854,{},,17.0,ETHUSDT,2024-05-06 00:00:00,ETHUSDT,3147.97,0.204062,SHORT,644.693408,0.0,0.0,0.0,644.693408,0.0,0.0,0.0,-8.038737,-8.038737,1.0,-8.038737,True,True
2024-05-06 01:00:00,3147.98,3165.97,3137.16,3143.8,8132.173,5.6e-05,71,-4.764474,0.0,trending,,1007.14043,-0.802466,0.326019,True,True,1006.811755,-0.476603,1007.14043,,trending,3.274263,{},,18.0,ETHUSDT,2024-05-06 01:00:00,ETHUSDT,3143.8,0.104443,REDUCE_SHORT,644.693408,0.0,0.0,0.0,644.693408,0.0,0.0,0.0,-4.764474,-4.764474,1.0,-4.764474,True,True
2024-05-06 02:00:00,3143.8,3153.5,3132.21,3132.54,5654.3035,5.6e-05,71,1.904092,0.0,trending,,1008.530409,-0.474087,0.664496,True,True,1007.859766,0.190345,1008.530409,,trending,6.668565,{},,19.0,ETHUSDT,2024-05-06 02:00:00,ETHUSDT,3132.54,0.061303,LONG,644.693408,0.0,0.0,0.0,644.693408,0.0,0.0,0.0,1.904092,1.904092,1.0,1.904092,True,True
2024-05-06 03:00:00,3132.54,3139.2,3124.38,3134.61,6847.5248,5.6e-05,71,0.604687,0.0,trending,,1007.986536,0.190447,-0.129978,False,,1007.986536,0.190447,1007.986536,,trending,-1.299404,{},,20.0,ETHUSDT,2024-05-06 03:00:00,,,,,644.693408,0.0,0.0,0.0,644.693408,0.0,0.0,0.0,0.604687,0.604687,1.0,0.604687,True,False
2024-05-06 04:00:00,3134.61,3148.1,3127.94,3148.1,5715.8549,5.6e-05,71,-7.86703,0.0,trending,,1008.812683,0.19111,-0.977813,True,True,1007.826253,-0.787473,1008.812683,,trending,-8.471717,{},,21.0,ETHUSDT,2024-05-06 04:00:00,ETHUSDT,3148.1,0.2521,SHORT,644.693408,0.0,0.0,0.0,644.693408,0.0,0.0,0.0,-7.86703,-7.86703,1.0,-7.86703,True,True
2024-05-06 05:00:00,3148.09,3178.58,3141.28,3178.52,14823.9998,5.6e-05,71,-20.0,0.0,trending,,1000.157371,-0.801179,-1.198821,True,True,998.958361,-2.002401,1000.157371,,trending,-12.13297,{},,22.0,ETHUSDT,2024-05-06 05:00:00,ETHUSDT,3178.52,0.377223,SHORT,644.693408,0.0,0.0,0.0,644.693408,0.0,0.0,0.0,-24.0,-24.0,1.0,-24.0,True,True
2024-05-06 06:00:00,3178.52,3191.94,3172.36,3176.41,17475.1794,5.6e-05,71,-20.0,0.0,trending,,1000.286232,-1.998415,-0.001585,False,,1000.286232,-1.998415,1000.286232,,trending,0.0,{},,23.0,ETHUSDT,2024-05-06 06:00:00,,,,,644.693408,0.0,0.0,0.0,644.693408,0.0,0.0,0.0,-22.04623,-22.04623,1.0,-22.04623,True,False
2024-05-06 07:00:00,3176.42,3184.34,3168.64,3180.53,8045.5024,5.6e-05,71,-20.0,0.0,trending,,997.693423,-2.006207,0.006207,False,,997.693423,-2.006207,997.693423,,trending,0.0,{},,24.0,ETHUSDT,2024-05-06 07:00:00,,,,,644.693408,0.0,0.0,0.0,644.693408,0.0,0.0,0.0,-22.355496,-22.355496,1.0,-22.355496,True,False
2024-05-06 08:00:00,3180.54,3221.4,3175.96,3197.61,30001.7282,0.0001,71,-20.0,0.0,trending,,986.944591,-2.038948,0.038948,False,,986.944591,-2.038948,986.944591,,trending,0.0,{},,25.0,ETHUSDT,2024-05-06 08:00:00,,,,,644.693408,0.0,0.0,0.0,644.693408,0.0,0.0,0.0,-24.0,-24.0,1.0,-24.0,True,False
2024-05-06 09:00:00,3197.61,3207.45,3192.09,3202.19,9844.0256,0.0001,71,-20.0,0.0,trending,,984.062294,-2.047849,0.047849,False,,984.062294,-2.047849,984.062294,,trending,0.0,{},,26.0,ETHUSDT,2024-05-06 09:00:00,,,,,644.693408,0.0,0.0,0.0,644.693408,0.0,0.0,0.0,-24.0,-24.0,1.0,-24.0,True,False
2024-05-06 10:00:00,3202.2,3204.1,3131.2,3145.96,31687.6869,0.0001,71,5.847787,0.0,trending,,1019.449108,-1.942053,2.526831,True,True,1016.87115,0.585675,1019.449108,,trending,25.847787,{},,27.0,ETHUSDT,2024-05-06 10:00:00,ETHUSDT,3145.96,0.189498,LONG,644.693408,0.0,0.0,0.0,644.693408,0.0,0.0,0.0,5.847787,5.847787,1.0,5.847787,True,True
2024-05-06 11:00:00,3145.96,3164.3,3138.97,3149.23,26789.9961,0.0001,71,3.563942,0.0,trending,,1017.490188,0.585927,-0.229533,True,True,1017.256641,0.356476,1017.490188,,trending,-2.283845,{},,28.0,ETHUSDT,2024-05-06 11:00:00,ETHUSDT,3149.23,0.07416,REDUCE_LONG,644.693408,0.0,0.0,0.0,644.693408,0.0,0.0,0.0,3.563942,3.563942,1.0,3.563942,True,True
2024-05-06 12:00:00,3149.23,3154.99,3085.23,3102.94,42512.0408,0.0001,71,20.0,0.0,trending,,1011.926439,0.353086,1.646914,True,True,1010.259884,2.00165,1011.926439,,trending,16.436058,{},,29.0,ETHUSDT,2024-05-06 12:00:00,ETHUSDT,3102.94,0.537089,LONG,644.693408,0.0,0.0,0.0,644.693408,0.0,0.0,0.0,24.0,24.0,1.0,24.0,True,True
2024-05-06 13:00:00,3102.94,3121.06,3095.07,3116.97,23147.9311,0.0001,71,15.597092,0.0,trending,,1019.403236,1.992666,-0.432956,True,True,1018.961879,1.560385,1019.403236,,trending,-4.402908,{},,30.0,ETHUSDT,2024-05-06 13:00:00,ETHUSDT,3116.97,0.141598,REDUCE_LONG,644.693408,0.0,0.0,0.0,644.693408,0.0,0.0,0.0,15.597092,15.597092,1.0,15.597092,True,True
2024-05-06 14:00:00,3116.97,3124.26,3073.77,3077.46,27735.8761,0.0001,71,20.0,0.0,trending,,998.80775,1.571692,0.428308,True,True,998.379953,2.000428,998.80775,,trending,4.402908,{},,31.0,ETHUSDT,2024-05-06 14:00:00,ETHUSDT,3077.46,0.13901,LONG,644.693408,0.0,0.0,0.0,644.693408,0.0,0.0,0.0,24.0,24.0,1.0,24.0,True,True
2024-05-06 15:00:00,3077.46,3094.07,3056.61,3089.25,25388.5572,0.0001,71,20.0,0.0,trending,,1006.031341,1.99282,0.00718,False,,1006.031341,1.99282,1006.031341,,trending,0.0,{},,32.0,ETHUSDT,2024-05-06 15:00:00,,,,,644.693408,0.0,0.0,0.0,644.693408,0.0,0.0,0.0,21.532896,21.532896,1.0,21.532896,True,False
2024-05-06 16:00:00,3089.25,3096.36,3069.32,3072.26,11303.2261,9e-05,71,20.0,0.0,trending,,995.005294,2.003822,-0.003822,False,,995.005294,2.003822,995.005294,,trending,0.0,{},,33.0,ETHUSDT,2024-05-06 16:00:00,,,,,644.693408,0.0,0.0,0.0,644.693408,0.0,0.0,0.0,24.0,24.0,1.0,24.0,True,False
2024-05-06 17:00:00,3072.25,3089.55,3060.0,3070.5,8835.5456,9e-05,71,20.0,0.0,trending,,993.863102,2.004975,-0.004975,False,,993.863102,2.004975,993.863102,,trending,0.0,{},,34.0,ETHUSDT,2024-05-06 17:00:00,,,,,644.693408,0.0,0.0,0.0,644.693408,0.0,0.0,0.0,23.569919,23.569919,1.0,23.569919,True,False
2024-05-06 18:00:00,3070.49,3084.98,3061.38,3076.5,8137.3897,9e-05,71,18.543603,0.0,trending,,997.756939,2.001053,-0.146693,False,,997.756939,2.001053,997.756939,,trending,-1.456397,{},,35.0,ETHUSDT,2024-05-06 18:00:00,,,,,644.693408,0.0,0.0,0.0,644.693408,0.0,0.0,0.0,18.543603,18.543603,1.0,18.543603,True,False
2024-05-06 19:00:00,3076.5,3076.71,3046.35,3069.84,14245.0289,9e-05,71,18.944198,0.0,trending,,993.43478,2.005408,-0.110989,False,,993.43478,2.005408,993.43478,,trending,0.400595,{},,36.0,ETHUSDT,2024-05-06 19:00:00,,,,,644.693408,0.0,0.0,0.0,644.693408,0.0,0.0,0.0,18.944198,18.944198,1.0,18.944198,True,False
2024-05-06 20:00:00,3069.83,3081.24,3062.01,3077.42,7555.8301,9e-05,71,14.297712,0.0,trending,,998.353994,2.000455,-0.570683,True,True,997.78425,1.430588,998.353994,,trending,-4.646486,{},,37.0,ETHUSDT,2024-05-06 20:00:00,ETHUSDT,3077.42,0.185137,REDUCE_LONG,644.693408,0.0,0.0,0.0,644.693408,0.0,0.0,0.0,14.297712,14.297712,1.0,14.297712,True,True
2024-05-06 21:00:00,3077.43,3089.11,3076.65,3085.11,5435.4647,9e-05,71,10.257942,0.0,trending,,1001.351148,1.429054,-0.40326,True,True,1000.947343,1.026208,1001.351148,,trending,-4.03977,{},,38.0,ETHUSDT,2024-05-06 21:00:00,ETHUSDT,3085.11,0.130888,REDUCE_LONG,644.693408,0.0,0.0,0.0,644.693408,0.0,0.0,0.0,10.257942,10.257942,1.0,10.257942,True,True
2024-05-06 22:00:00,3085.12,3086.53,3078.27,3081.79,4925.0076,9e-05,71,10.815554,0.0,trending,,999.841957,1.026237,0.055318,False,,999.841957,1.026237,999.841957,,trending,0.557611,{},,39.0,ETHUSDT,2024-05-06 22:00:00,,,,,644.693408,0.0,0.0,0.0,644.693408,0.0,0.0,0.0,10.815554,10.815554,1.0,10.815554,True,False
2024-05-06 23:00:00,3081.79,3081.8,3060.98,3062.6,5281.3933,9e-05,71,17.319005,0.0,trending,,993.452691,1.026406,0.705495,True,True,992.751815,1.732417,993.452691,,trending,6.503452,{},,40.0,ETHUSDT,2024-05-06 23:00:00,ETHUSDT,3062.6,0.22885,LONG,644.693408,0.0,0.0,0.0,644.693408,0.0,0.0,0.0,17.319005,17.319005,1.0,17.319005,True,True
2024-05-07 00:00:00,3062.59,3083.82,3048.52,3071.99,11077.0604,7.3e-05,68,11.645392,0.0,trending,,998.024946,1.728547,-0.564008,True,True,997.462051,1.165196,998.024946,,trending,-5.673614,{},,41.0,ETHUSDT,2024-05-07 00:00:00,ETHUSDT,3071.99,0.183234,REDUCE_LONG,644.693408,0.0,0.0,0.0,644.693408,0.0,0.0,0.0,11.645392,11.645392,1.0,11.645392,True,True
2024-05-07 01:00:00,3071.99,3096.8,3068.4,3094.56,8389.7843,7.3e-05,68,1.806412,0.0,trending,,1006.001056,1.163794,-0.983153,True,True,1005.012003,0.180819,1006.001056,,trending,-9.838979,{},,42.0,ETHUSDT,2024-05-07 01:00:00,ETHUSDT,3094.56,0.31961,REDUCE_LONG,644.693408,0.0,0.0,0.0,644.693408,0.0,0.0,0.0,1.806412,1.806412,1.0,1.806412,True,True
2024-05-07 02:00:00,3094.56,3095.4,3082.36,3086.1,5461.6714,7.3e-05,68,5.017498,0.0,trending,,1004.515197,0.180414,0.321336,True,True,1004.19241,0.50159,1004.515197,,trending,3.211086,{},,43.0,ETHUSDT,2024-05-07 02:00:00,ETHUSDT,3086.1,0.104594,LONG,644.693408,0.0,0.0,0.0,644.693408,0.0,0.0,0.0,5.017498,5.017498,1.0,5.017498,True,True
2024-05-07 03:00:00,3086.1,3087.9,3021.34,3049.19,23290.2617,7.3e-05,68,17.735631,0.0,trending,,998.168208,0.498582,1.274981,True,True,996.895562,1.774551,998.168208,,trending,12.718133,{},,44.0,ETHUSDT,2024-05-07 03:00:00,ETHUSDT,3049.19,0.417372,LONG,644.693408,0.0,0.0,0.0,644.693408,0.0,0.0,0.0,17.735631,17.735631,1.0,17.735631,True,True
2024-05-07 04:00:00,3049.19,3067.65,3044.01,3066.17,8773.3135,7.3e-05,68,10.150924,0.0,trending,,1006.74681,1.766971,-0.751879,True,True,1005.989858,1.015856,1006.74681,,trending,-7.584706,{},,45.0,ETHUSDT,2024-05-07 04:00:00,ETHUSDT,3066.17,0.246872,REDUCE_LONG,644.693408,0.0,0.0,0.0,644.693408,0.0,0.0,0.0,10.150924,10.150924,1.0,10.150924,True,True
2024-05-07 05:00:00,3066.18,3081.55,3055.32,3069.39,7582.3918,7.3e-05,68,7.827899,0.0,trending,,1007.06307,1.015839,-0.233049,True,True,1006.828374,0.782972,1007.06307,,trending,-2.323026,{},,46.0,ETHUSDT,2024-05-07 05:00:00,ETHUSDT,3069.39,0.076463,REDUCE_LONG,644.693408,0.0,0.0,0.0,644.693408,0.0,0.0,0.0,7.827899,7.827899,1.0,7.827899,True,True
2024-05-07 06:00:00,3069.38,3075.99,3058.15,3069.36,6225.9808,7.3e-05,68,7.754047,0.0,trending,,1006.820669,0.782971,-0.007566,False,,1006.820669,0.782971,1006.820669,,trending,-0.073852,{},,47.0,ETHUSDT,2024-05-07 06:00:00,,,,,644.693408,0.0,0.0,0.0,644.693408,0.0,0.0,0.0,7.754047,7.754047,1.0,7.754047,True,False
2024-05-07 07:00:00,3069.36,3082.5,3064.0,3077.4,6780.6722,7.3e-05,68,3.77896,0.0,trending,,1008.885602,0.783415,-0.405519,True,True,1008.47648,0.378049,1008.885602,,trending,-3.975086,{},,48.0,ETHUSDT,2024-05-07 07:00:00,ETHUSDT,3077.4,0.132944,REDUCE_LONG,644.693408,0.0,0.0,0.0,644.693408,0.0,0.0,0.0,3.77896,3.77896,1.0,3.77896,True,True
2024-05-07 08:00:00,3077.4,3125.54,3074.21,3119.4,39142.1376,4e-05,68,-14.369883,0.0,trending,,1013.679788,0.381242,-1.81823,True,True,1011.836685,-1.439606,1013.679788,,trending,-18.148843,{},,49.0,ETHUSDT,2024-05-07 08:00:00,ETHUSDT,3119.4,0.466964,SHORT,644.693408,0.0,0.0,0.0,644.693408,0.0,0.0,0.0,-14.369883,-14.369883,1.0,-14.369883,True,True
2024-05-07 09:00:00,3119.39,3129.85,3108.71,3113.01,11248.977,4e-05,68,-10.366743,0.0,trending,,1014.820582,-1.432433,0.395758,True,True,1014.418556,-1.037085,1014.820582,,trending,4.00314,{},,50.0,ETHUSDT,2024-05-07 09:00:00,ETHUSDT,3113.01,0.129015,REDUCE_SHORT,644.693408,0.0,0.0,0.0,644.693408,0.0,0.0,0.0,-10.366743,-10.366743,1.0,-10.366743,True,True
2024-05-07 10:00:00,3113.02,3115.0,3089.79,3100.01,12974.2882,4e-05,68,-3.969811,0.0,trending,,1018.811892,-1.028301,0.63132,True,True,1018.168052,-0.397232,1018.811892,,trending,6.396932,{},,51.0,ETHUSDT,2024-05-07 10:00:00,ETHUSDT,3100.01,0.207482,REDUCE_SHORT,644.693408,0.0,0.0,0.0,644.693408,0.0,0.0,0.0,-3.969811,-3.969811,1.0,-3.969811,True,True
2024-05-07 11:00:00,3100.01,3105.49,3059.09,3063.39,15731.3103,4e-05,68,12.681434,0.0,trending,,1022.945754,-0.390706,1.65885,True,True,1021.248441,1.268981,1022.945754,,trending,16.651245,{},,52.0,ETHUSDT,2024-05-07 11:00:00,ETHUSDT,3063.39,0.423466,LONG,644.693408,0.0,0.0,0.0,644.693408,0.0,0.0,0.0,12.681434,12.681434,1.0,12.681434,True,True
2024-05-07 12:00:00,3063.4,3083.49,3063.22,3075.91,9548.9296,4e-05,68,6.004801,0.0,trending,,1026.544935,1.267593,-0.667113,True,True,1025.860114,0.600881,1026.544935,,trending,-6.676633,{},,53.0,ETHUSDT,2024-05-07 12:00:00,ETHUSDT,3075.91,0.22264,REDUCE_LONG,644.693408,0.0,0.0,0.0,644.693408,0.0,0.0,0.0,6.004801,6.004801,1.0,6.004801,True,True
2024-05-07 13:00:00,3075.91,3081.45,3048.62,3060.62,14548.9859,4e-05,68,12.213596,0.0,trending,,1022.795961,0.599685,0.621674,True,True,1022.160115,1.221497,1022.795961,,trending,6.208794,{},,54.0,ETHUSDT,2024-05-07 13:00:00,ETHUSDT,3060.62,0.207751,LONG,644.693408,0.0,0.0,0.0,644.693408,0.0,0.0,0.0,12.213596,12.213596,1.0,12.213596,True,True
2024-05-07 14:00:00,3060.63,3092.73,3045.7,3091.79,15430.3032,4e-05,68,-2.721918,0.0,trending,,1034.875772,1.218776,-1.490968,True,True,1033.332806,-0.272598,1034.875772,,trending,-14.935514,{},,55.0,ETHUSDT,2024-05-07 14:00:00,ETHUSDT,3091.79,0.091107,SHORT,644.693408,0.0,0.0,0.0,644.693408,0.0,0.0,0.0,-2.721918,-2.721918,1.0,-2.721918,True,True
2024-05-07 15:00:00,3091.8,3106.0,3068.4,3071.41,20242.9105,4e-05,68,6.163418,0.0,trending,,1035.189573,-0.270316,0.886658,True,True,1034.271435,0.616272,1035.189573,,trending,8.885337,{},,56.0,ETHUSDT,2024-05-07 15:00:00,ETHUSDT,3071.41,0.207732,LONG,644.693408,0.0,0.0,0.0,644.693408,0.0,0.0,0.0,6.163418,6.163418,1.0,6.163418,True,True
2024-05-07 16:00:00,3071.41,3079.41,3061.0,3071.3,7247.3797,7e-05,68,5.630888,0.0,trending,,1034.248607,0.616264,-0.053175,False,,1034.248607,0.616264,1034.248607,,trending,-0.532531,{},,57.0,ETHUSDT,2024-05-07 16:00:00,,,,,644.693408,0.0,0.0,0.0,644.693408,0.0,0.0,0.0,5.630888,5.630888,1.0,5.630888,True,False
2024-05-07 17:00:00,3071.3,3071.78,3054.9,3059.39,7354.9948,7e-05,68,10.046941,0.0,trending,,1031.776991,0.615344,0.38935,True,True,1031.375269,1.004696,1031.776991,,trending,4.416053,{},,58.0,ETHUSDT,2024-05-07 17:00:00,ETHUSDT,3059.39,0.131308,LONG,644.693408,0.0,0.0,0.0,644.693408,0.0,0.0,0.0,10.046941,10.046941,1.0,10.046941,True,True
2024-05-07 18:00:00,3059.39,3059.88,3027.0,3047.92,12967.4213,7e-05,68,13.327179,0.0,trending,,1027.490368,1.004714,0.328004,True,True,1027.153347,1.332827,1027.490368,,trending,3.280238,{},,59.0,ETHUSDT,2024-05-07 18:00:00,ETHUSDT,3047.92,0.110574,LONG,644.693408,0.0,0.0,0.0,644.693408,0.0,0.0,0.0,13.327179,13.327179,1.0,13.327179,True,True
2024-05-07 19:00:00,3047.92,3055.41,3044.4,3049.62,6351.5846,7e-05,68,11.563647,0.0,trending,,1027.916927,1.33258,-0.176215,False,,1027.916927,1.33258,1027.916927,,trending,-1.763532,{},,60.0,ETHUSDT,2024-05-07 19:00:00,,,,,644.693408,0.0,0.0,0.0,644.693408,0.0,0.0,0.0,11.563647,11.563647,1.0,11.563647,True,False
2024-05-07 20:00:00,3049.61,3059.1,3034.54,3048.16,6779.9188,7e-05,68,11.263747,0.0,trending,,1027.261146,1.332792,-0.206417,True,True,1027.049102,1.126607,1027.261146,,trending,-0.2999,{},,61.0,ETHUSDT,2024-05-07 20:00:00,ETHUSDT,3048.16,0.069565,REDUCE_LONG,644.693408,0.0,0.0,0.0,644.693408,0.0,0.0,0.0,11.263747,11.263747,1.0,11.263747,True,True
2024-05-07 21:00:00,3048.15,3061.44,3035.89,3051.2,6716.2213,7e-05,68,8.969994,0.0,trending,,1028.203085,1.126465,-0.229466,True,True,1027.967148,0.897205,1028.203085,,trending,-2.293753,{},,62.0,ETHUSDT,2024-05-07 21:00:00,ETHUSDT,3051.2,0.077326,REDUCE_LONG,644.693408,0.0,0.0,0.0,644.693408,0.0,0.0,0.0,8.969994,8.969994,1.0,8.969994,True,True
2024-05-07 22:00:00,3051.2,3052.85,3028.06,3036.64,7366.7564,7e-05,68,13.921317,0.0,trending,,1023.566043,0.896763,0.495368,True,True,1023.059,1.392326,1023.566043,,trending,4.951323,{},,63.0,ETHUSDT,2024-05-07 22:00:00,ETHUSDT,3036.64,0.166975,LONG,644.693408,0.0,0.0,0.0,644.693408,0.0,0.0,0.0,13.921317,13.921317,1.0,13.921317,True,True
2024-05-07 23:00:00,3036.64,3037.8,2998.0,3005.69,27563.4276,7e-05,68,20.0,0.0,trending,,1008.540928,1.397974,0.602026,True,True,1007.93376,2.000602,1008.540928,,trending,6.078683,{},,64.0,ETHUSDT,2024-05-07 23:00:00,ETHUSDT,3005.69,0.202006,LONG,644.693408,0.0,0.0,0.0,644.693408,0.0,0.0,0.0,24.0,24.0,1.0,24.0,True,True
2024-05-08 00:00:00,3005.69,3023.74,2994.58,3020.25,13053.1786,7.8e-05,64,17.538254,0.0,trending,,1017.701857,1.990998,-0.237173,True,True,1017.460485,1.754241,1017.701857,,trending,-2.461746,{},,65.0,ETHUSDT,2024-05-08 00:00:00,ETHUSDT,3020.25,0.079918,REDUCE_LONG,644.693408,0.0,0.0,0.0,644.693408,0.0,0.0,0.0,17.538254,17.538254,1.0,17.538254,True,True
2024-05-08 01:00:00,3020.26,3030.0,3015.01,3024.25,7544.5726,7.8e-05,64,14.453432,0.0,trending,,1019.824358,1.752493,-0.30715,True,True,1019.511118,1.445787,1019.824358,,trending,-3.084823,{},,66.0,ETHUSDT,2024-05-08 01:00:00,ETHUSDT,3024.25,0.103576,REDUCE_LONG,644.693408,0.0,0.0,0.0,644.693408,0.0,0.0,0.0,14.453432,14.453432,1.0,14.453432,True,True
2024-05-08 02:00:00,3024.24,3034.35,3024.24,3026.1,5555.1107,7.8e-05,64,12.447386,0.0,trending,,1020.412794,1.445393,-0.200655,True,True,1020.208044,1.244988,1020.412794,,trending,-2.006045,{},,67.0,ETHUSDT,2024-05-08 02:00:00,ETHUSDT,3026.1,0.067662,REDUCE_LONG,644.693408,0.0,0.0,0.0,644.693408,0.0,0.0,0.0,12.447386,12.447386,1.0,12.447386,True,True
2024-05-08 03:00:00,3026.11,3038.15,3018.94,3032.33,4872.0455,7.8e-05,64,8.510251,0.0,trending,,1022.822966,1.244362,-0.393337,True,True,1022.420652,0.85136,1022.822966,,trending,-3.937135,{},,68.0,ETHUSDT,2024-05-08 03:00:00,ETHUSDT,3032.33,0.132675,REDUCE_LONG,644.693408,0.0,0.0,0.0,644.693408,0.0,0.0,0.0,8.510251,8.510251,1.0,8.510251,True,True
2024-05-08 04:00:00,3032.32,3036.52,3000.28,3012.81,10382.9796,7.8e-05,64,16.735601,0.0,trending,,1016.817322,0.850541,0.823019,True,True,1015.980462,1.674115,1016.817322,,trending,8.22535,{},,69.0,ETHUSDT,2024-05-08 04:00:00,ETHUSDT,3012.81,0.277767,LONG,644.693408,0.0,0.0,0.0,644.693408,0.0,0.0,0.0,16.735601,16.735601,1.0,16.735601,True,True
2024-05-08 05:00:00,3012.8,3028.9,3004.6,3025.81,6239.3149,7.8e-05,64,9.214374,0.0,trending,,1023.319552,1.66928,-0.747843,True,True,1022.55427,0.922127,1023.319552,,trending,-7.521227,{},,70.0,ETHUSDT,2024-05-08 05:00:00,ETHUSDT,3025.81,0.252918,REDUCE_LONG,644.693408,0.0,0.0,0.0,644.693408,0.0,0.0,0.0,9.214374,9.214374,1.0,9.214374,True,True
2024-05-08 06:00:00,3025.8,3030.43,2994.66,3015.19,18190.7537,7.8e-05,64,12.853598,0.0,trending,,1019.244788,0.921874,0.363486,True,True,1018.874308,1.285464,1019.244788,,trending,3.639224,{},,71.0,ETHUSDT,2024-05-08 06:00:00,ETHUSDT,3015.19,0.122871,LONG,644.693408,0.0,0.0,0.0,644.693408,0.0,0.0,0.0,12.853598,12.853598,1.0,12.853598,True,True
2024-05-08 07:00:00,3015.19,3022.0,2989.56,2995.01,13511.4866,7.8e-05,64,20.0,0.0,trending,,1010.108602,1.287941,0.712059,True,True,1009.389345,2.000713,1010.108602,,trending,7.146402,{},,72.0,ETHUSDT,2024-05-08 07:00:00,ETHUSDT,2995.01,0.240152,LONG,644.693408,0.0,0.0,0.0,644.693408,0.0,0.0,0.0,21.054118,21.054118,1.0,21.054118,True,True
2024-05-08 08:00:00,2995.01,3009.33,2982.89,3001.28,12875.5451,7.2e-05,64,16.029901,0.0,trending,,1013.617128,1.996539,-0.393549,True,True,1013.21822,1.603621,1013.617128,,trending,-3.970099,{},,73.0,ETHUSDT,2024-05-08 08:00:00,ETHUSDT,3001.28,0.132912,REDUCE_LONG,644.693408,0.0,0.0,0.0,644.693408,0.0,0.0,0.0,16.029901,16.029901,1.0,16.029901,True,True
2024-05-08 09:00:00,3001.28,3006.1,2978.4,2998.42,13765.3314,7.2e-05,64,15.932438,0.0,trending,,1011.669888,1.604545,-0.011301,False,,1011.669888,1.604545,1011.669888,,trending,-0.097462,{},,74.0,ETHUSDT,2024-05-08 09:00:00,,,,,644.693408,0.0,0.0,0.0,644.693408,0.0,0.0,0.0,15.932438,15.932438,1.0,15.932438,True,False
2024-05-08 10:00:00,2998.43,3011.4,2996.06,3004.53,11363.3221,7.2e-05,64,12.393231,0.0,trending,,1014.977689,1.602575,-0.363252,True,True,1014.608997,1.239773,1014.977689,,trending,-3.539207,{},,75.0,ETHUSDT,2024-05-08 10:00:00,ETHUSDT,3004.53,0.122712,REDUCE_LONG,644.693408,0.0,0.0,0.0,644.693408,0.0,0.0,0.0,12.393231,12.393231,1.0,12.393231,True,True
2024-05-08 11:00:00,3004.53,3006.2,2982.0,2990.31,8332.3361,7.2e-05,64,18.524595,0.0,trending,,1008.65561,1.241189,0.611271,True,True,1008.039049,1.852981,1008.65561,,trending,6.131363,{},,76.0,ETHUSDT,2024-05-08 11:00:00,ETHUSDT,2990.31,0.206187,LONG,644.693408,0.0,0.0,0.0,644.693408,0.0,0.0,0.0,18.524595,18.524595,1.0,18.524595,True,True
2024-05-08 12:00:00,2990.31,3006.96,2985.0,3002.26,9694.1256,7.2e-05,64,10.795428,0.0,trending,,1015.503536,1.846711,-0.767168,True,True,1014.724474,1.080372,1015.503536,,trending,-7.729167,{},,77.0,ETHUSDT,2024-05-08 12:00:00,ETHUSDT,3002.26,0.259492,REDUCE_LONG,644.693408,0.0,0.0,0.0,644.693408,0.0,0.0,0.0,10.795428,10.795428,1.0,10.795428,True,True
2024-05-08 13:00:00,3002.26,3032.42,2988.89,3027.79,18780.9259,7.2e-05,64,-2.579178,0.0,trending,,1024.04679,1.07964,-1.337558,True,True,1022.677068,-0.258263,1024.04679,,trending,-13.374606,{},,78.0,ETHUSDT,2024-05-08 13:00:00,ETHUSDT,3027.79,0.087232,SHORT,644.693408,0.0,0.0,0.0,644.693408,0.0,0.0,0.0,-2.579178,-2.579178,1.0,-2.579178,True,True
2024-05-08 14:00:00,3027.8,3032.5,3008.4,3020.22,15738.6462,7.2e-05,64,1.199174,0.0,trending,,1023.337414,-0.257451,0.377369,True,True,1022.950974,0.119843,1023.337414,,trending,3.778352,{},,79.0,ETHUSDT,2024-05-08 14:00:00,ETHUSDT,3020.22,0.040631,LONG,644.693408,0.0,0.0,0.0,644.693408,0.0,0.0,0.0,1.199174,1.199174,1.0,1.199174,True,True
2024-05-08 15:00:00,3020.22,3023.08,2986.0,3006.98,15447.9581,7.2e-05,64,6.977958,0.0,trending,,1022.413552,0.11938,0.578416,True,True,1021.822172,0.697621,1022.413552,,trending,5.778785,{},,80.0,ETHUSDT,2024-05-08 15:00:00,ETHUSDT,3006.98,0.196669,LONG,644.693408,0.0,0.0,0.0,644.693408,0.0,0.0,0.0,6.977958,6.977958,1.0,6.977958,True,True
2024-05-08 16:00:00,3006.99,3016.16,2992.45,3016.15,7254.095,0.0001,64,2.198932,0.0,trending,,1023.996042,0.698263,-0.47837,True,True,1023.506193,0.219998,1023.996042,,trending,-4.779026,{},,81.0,ETHUSDT,2024-05-08 16:00:00,ETHUSDT,3016.15,0.162409,REDUCE_LONG,644.693408,0.0,0.0,0.0,644.693408,0.0,0.0,0.0,2.198932,2.198932,1.0,2.198932,True,True
2024-05-08 17:00:00,3016.15,3024.11,3005.38,3011.09,6506.7325,0.0001,64,4.320314,0.0,trending,,1023.128441,0.21971,0.212321,True,True,1022.911209,0.431911,1023.128441,,trending,2.121382,{},,82.0,ETHUSDT,2024-05-08 17:00:00,ETHUSDT,3011.09,0.072144,LONG,644.693408,0.0,0.0,0.0,644.693408,0.0,0.0,0.0,4.320314,4.320314,1.0,4.320314,True,True
2024-05-08 18:00:00,3011.1,3022.16,3008.94,3009.5,4298.0477,0.0001,64,4.736693,0.0,trending,,1022.677914,0.431781,0.041888,False,,1022.677914,0.431781,1022.677914,,trending,0.416379,{},,83.0,ETHUSDT,2024-05-08 18:00:00,,,,,644.693408,0.0,0.0,0.0,644.693408,0.0,0.0,0.0,4.736693,4.736693,1.0,4.736693,True,False
2024-05-08 19:00:00,3009.5,3015.4,2986.58,2999.38,7955.7136,0.0001,64,9.193786,0.0,trending,,1021.193043,0.430955,0.488424,True,True,1020.694268,0.919339,1021.193043,,trending,4.457094,{},,84.0,ETHUSDT,2024-05-08 19:00:00,ETHUSDT,2999.38,0.166293,LONG,644.693408,0.0,0.0,0.0,644.693408,0.0,0.0,0.0,9.193786,9.193786,1.0,9.193786,True,True
2024-05-08 20:00:00,2999.39,3004.0,2936.48,2951.61,25973.955,0.0001,64,20.0,0.0,trending,,1005.749292,0.918141,1.081859,True,True,1004.661213,2.001083,1005.749292,,trending,10.806214,{},,85.0,ETHUSDT,2024-05-08 20:00:00,ETHUSDT,2951.61,0.368639,LONG,644.693408,0.0,0.0,0.0,644.693408,0.0,0.0,0.0,24.0,24.0,1.0,24.0,True,True
2024-05-08 21:00:00,2951.61,2982.31,2942.74,2972.01,12376.9259,0.0001,64,16.354568,0.0,trending,,1018.55613,1.987426,-0.35197,True,True,1018.197629,1.636033,1018.55613,,trending,-3.645432,{},,86.0,ETHUSDT,2024-05-08 21:00:00,ETHUSDT,2972.01,0.120626,REDUCE_LONG,644.693408,0.0,0.0,0.0,644.693408,0.0,0.0,0.0,16.354568,16.354568,1.0,16.354568,True,True
2024-05-08 22:00:00,2972.0,2974.75,2953.92,2969.18,9259.0068,0.0001,64,15.699627,0.0,trending,,1016.61142,1.637025,-0.067062,False,,1016.61142,1.637025,1016.61142,,trending,-0.654942,{},,87.0,ETHUSDT,2024-05-08 22:00:00,,,,,644.693408,0.0,0.0,0.0,644.693408,0.0,0.0,0.0,15.699627,15.699627,1.0,15.699627,True,False
2024-05-08 23:00:00,2969.17,2977.5,2961.73,2974.21,7962.7033,0.0001,64,12.186782,0.0,trending,,1019.430723,1.635263,-0.416585,True,True,1019.006044,1.219186,1019.430723,,trending,-3.512844,{},,88.0,ETHUSDT,2024-05-08 23:00:00,ETHUSDT,2974.21,0.142787,REDUCE_LONG,644.693408,0.0,0.0,0.0,644.693408,0.0,0.0,0.0,12.186782,12.186782,1.0,12.186782,True,True
2024-05-09 00:00:00,2974.2,2990.0,2972.2,2987.4,6426.1629,0.0001,55,5.695307,0.0,trending,,1024.515642,1.218007,-0.648477,True,True,1023.851268,0.5699,1024.515642,,trending,-6.491475,{},,89.0,ETHUSDT,2024-05-09 00:00:00,ETHUSDT,2987.4,0.222392,REDUCE_LONG,644.693408,0.0,0.0,0.0,644.693408,0.0,0.0,0.0,5.695307,5.695307,1.0,5.695307,True,True
2024-05-09 01:00:00,2987.41,2999.49,2987.2,2997.33,7149.5851,0.0001,55,0.884722,0.0,trending,,1025.790776,0.570714,-0.482241,True,True,1025.296097,0.088515,1025.790776,,trending,-4.810585,{},,90.0,ETHUSDT,2024-05-09 01:00:00,ETHUSDT,2997.33,0.16504,REDUCE_LONG,644.693408,0.0,0.0,0.0,644.693408,0.0,0.0,0.0,0.884722,0.884722,1.0,0.884722,True,True
2024-05-09 02:00:00,2997.33,3005.1,2993.0,2998.49,5358.4552,0.0001,55,0.301704,0.0,trending,,1025.33122,0.088546,-0.058376,False,,1025.33122,0.088546,1025.33122,,trending,-0.583019,{},,91.0,ETHUSDT,2024-05-09 02:00:00,,,,,644.693408,0.0,0.0,0.0,644.693408,0.0,0.0,0.0,0.301704,0.301704,1.0,0.301704,True,False
2024-05-09 03:00:00,2998.49,3003.0,2987.98,2997.9,5873.5436,0.0001,55,0.563845,0.0,trending,,1025.313356,0.08853,-0.032146,False,,1025.313356,0.08853,1025.313356,,trending,0.262142,{},,92.0,ETHUSDT,2024-05-09 03:00:00,,,,,644.693408,0.0,0.0,0.0,644.693408,0.0,0.0,0.0,0.563845,0.563845,1.0,0.563845,True,False
2024-05-09 04:00:00,2997.91,3004.61,2992.69,2993.19,7961.8872,0.0001,55,2.838657,0.0,trending,,1025.170745,0.088403,0.195462,False,,1025.170745,0.088403,1025.170745,,trending,2.274812,{},,93.0,ETHUSDT,2024-05-09 04:00:00,,,,,644.693408,0.0,0.0,0.0,644.693408,0.0,0.0,0.0,2.838657,2.838657,1.0,2.838657,True,False
2024-05-09 05:00:00,2993.19,3014.96,2992.57,3004.25,12133.4843,0.0001,55,-2.89538,0.0,trending,,1025.505623,0.088701,-0.378239,True,True,1025.117737,-0.289648,1025.505623,,trending,-5.734038,{},,94.0,ETHUSDT,2024-05-09 05:00:00,ETHUSDT,3004.25,0.098834,SHORT,644.693408,0.0,0.0,0.0,644.693408,0.0,0.0,0.0,-2.89538,-2.89538,1.0,-2.89538,True,True
2024-05-09 06:00:00,3004.25,3013.04,2997.4,3001.0,5902.9978,0.0001,55,-1.005247,0.0,trending,,1025.438948,-0.289244,0.188719,False,,1025.438948,-0.289244,1025.438948,,trending,1.890133,{},,95.0,ETHUSDT,2024-05-09 06:00:00,,,,,644.693408,0.0,0.0,0.0,644.693408,0.0,0.0,0.0,-1.005247,-1.005247,1.0,-1.005247,True,False
2024-05-09 07:00:00,3000.99,3002.0,2975.7,2983.59,19324.6945,0.0001,55,7.696712,0.0,trending,,1027.159653,-0.287084,1.056755,True,True,1026.073901,0.769715,1027.159653,,trending,8.701959,{},,96.0,ETHUSDT,2024-05-09 07:00:00,ETHUSDT,2983.59,0.264974,LONG,644.693408,0.0,0.0,0.0,644.693408,0.0,0.0,0.0,7.696712,7.696712,1.0,7.696712,True,True
2024-05-09 08:00:00,2983.59,2991.8,2975.07,2984.81,7137.9329,0.0001,55,6.429755,0.0,trending,,1026.396847,0.769788,-0.126812,False,,1026.396847,0.769788,1026.396847,,trending,-1.266958,{},,97.0,ETHUSDT,2024-05-09 08:00:00,,,,,644.693408,0.0,0.0,0.0,644.693408,0.0,0.0,0.0,6.429755,6.429755,1.0,6.429755,True,False
2024-05-09 09:00:00,2984.8,2986.99,2964.06,2982.54,9874.8155,0.0001,55,7.260779,0.0,trending,,1025.795956,0.769653,-0.043575,False,,1025.795956,0.769653,1025.795956,,trending,0.831025,{},,98.0,ETHUSDT,2024-05-09 09:00:00,,,,,644.693408,0.0,0.0,0.0,644.693408,0.0,0.0,0.0,7.260779,7.260779,1.0,7.260779,True,False
2024-05-09 10:00:00,2982.54,2984.33,2952.96,2955.19,11440.5007,0.0001,55,20.0,0.0,trending,,1018.556152,0.768015,1.231985,True,True,1017.301306,2.001234,1018.556152,,trending,12.739221,{},,99.0,ETHUSDT,2024-05-09 10:00:00,ETHUSDT,2955.19,0.424624,LONG,644.693408,0.0,0.0,0.0,644.693408,0.0,0.0,0.0,20.515228,20.515228,1.0,20.515228,True,True
2024-05-09 11:00:00,2955.2,2985.19,2950.77,2977.2,11177.3739,0.0001,55,7.297854,0.0,trending,,1032.464197,1.986529,-1.256744,True,True,1031.166654,0.730704,1032.464197,,trending,-12.702146,{},,100.0,ETHUSDT,2024-05-09 11:00:00,ETHUSDT,2977.2,0.435827,REDUCE_LONG,644.693408,0.0,0.0,0.0,644.693408,0.0,0.0,0.0,7.297854,7.297854,1.0,7.297854,True,True
2024-05-09 12:00:00,2977.2,2998.21,2975.6,2988.15,11378.7499,0.0001,55,0.94884,0.0,trending,,1033.937907,0.731425,-0.636541,True,True,1033.279763,0.094944,1033.937907,,trending,-6.349014,{},,101.0,ETHUSDT,2024-05-09 12:00:00,ETHUSDT,2988.15,0.220251,REDUCE_LONG,644.693408,0.0,0.0,0.0,644.693408,0.0,0.0,0.0,0.94884,0.94884,1.0,0.94884,True,True
2024-05-09 13:00:00,2988.15,2990.19,2955.86,2973.61,18369.2077,0.0001,55,8.115153,0.0,trending,,1032.802399,0.094526,0.716989,True,True,1032.061891,0.81138,1032.802399,,trending,7.166313,{},,102.0,ETHUSDT,2024-05-09 13:00:00,ETHUSDT,2973.61,0.249027,LONG,644.693408,0.0,0.0,0.0,644.693408,0.0,0.0,0.0,8.115153,8.115153,1.0,8.115153,True,True
2024-05-09 14:00:00,2973.61,2989.3,2968.24,2987.2,12528.946,0.0001,55,0.52519,0.0,trending,,1035.888953,0.812077,-0.759558,True,True,1035.102135,0.052559,1035.888953,,trending,-7.589963,{},,103.0,ETHUSDT,2024-05-09 14:00:00,ETHUSDT,2987.2,0.263396,REDUCE_LONG,644.693408,0.0,0.0,0.0,644.693408,0.0,0.0,0.0,0.52519,0.52519,1.0,0.52519,True,True
2024-05-09 15:00:00,2987.21,3019.28,2980.79,3005.99,20229.5363,0.0001,55,-8.617487,0.0,trending,,1035.444345,0.052872,-0.914621,True,True,1034.497306,-0.862538,1035.444345,,trending,-9.142677,{},,104.0,ETHUSDT,2024-05-09 15:00:00,ETHUSDT,3005.99,0.296838,SHORT,644.693408,0.0,0.0,0.0,644.693408,0.0,0.0,0.0,-8.617487,-8.617487,1.0,-8.617487,True,True
2024-05-09 16:00:00,3005.99,3025.98,2992.34,2994.61,15148.4765,0.0001,55,-2.462632,0.0,trending,,1037.875325,-0.856476,0.610212,True,True,1037.241367,-0.246414,1037.875325,,trending,6.154855,{},,105.0,ETHUSDT,2024-05-09 16:00:00,ETHUSDT,2994.61,0.211488,REDUCE_SHORT,644.693408,0.0,0.0,0.0,644.693408,0.0,0.0,0.0,-2.462632,-2.462632,1.0,-2.462632,True,True
2024-05-09 17:00:00,2994.61,3012.26,2989.59,3003.8,8126.0213,0.0001,55,-7.257929,0.0,trending,,1036.456999,-0.247357,-0.478436,True,True,1035.961121,-0.72614,1036.456999,,trending,-4.795297,{},,106.0,ETHUSDT,2024-05-09 17:00:00,ETHUSDT,3003.8,0.165084,SHORT,644.693408,0.0,0.0,0.0,644.693408,0.0,0.0,0.0,-7.257929,-7.257929,1.0,-7.257929,True,True
2024-05-09 18:00:00,3003.79,3016.8,3001.67,3016.8,5172.5902,0.0001,55,-13.737657,0.0,trending,,1032.705481,-0.731582,-0.642184,True,True,1032.042294,-1.374648,1032.705481,,trending,-6.479728,{},,107.0,ETHUSDT,2024-05-09 18:00:00,ETHUSDT,3016.8,0.219831,SHORT,644.693408,0.0,0.0,0.0,644.693408,0.0,0.0,0.0,-13.737657,-13.737657,1.0,-13.737657,True,True
2024-05-09 19:00:00,3016.8,3023.78,3013.06,3021.41,5692.8521,0.0001,55,-15.114705,0.0,trending,,1029.874373,-1.379647,-0.131823,False,,1029.874373,-1.379647,1029.874373,,trending,-1.377048,{},,108.0,ETHUSDT,2024-05-09 19:00:00,,,,,644.693408,0.0,0.0,0.0,644.693408,0.0,0.0,0.0,-15.114705,-15.114705,1.0,-15.114705,True,False
2024-05-09 20:00:00,3021.4,3029.18,3015.66,3021.8,4841.2261,0.0001,55,-14.027464,0.0,trending,,1029.690969,-1.380071,-0.022675,False,,1029.690969,-1.380071,1029.690969,,trending,1.087241,{},,109.0,ETHUSDT,2024-05-09 20:00:00,,,,,644.693408,0.0,0.0,0.0,644.693408,0.0,0.0,0.0,-14.027464,-14.027464,1.0,-14.027464,True,False
2024-05-09 21:00:00,3021.81,3029.85,3016.04,3020.39,4375.9301,0.0001,55,-11.864741,0.0,trending,,1030.354043,-1.378539,0.192065,False,,1030.354043,-1.378539,1030.354043,,trending,2.162724,{},,110.0,ETHUSDT,2024-05-09 21:00:00,,,,,644.693408,0.0,0.0,0.0,644.693408,0.0,0.0,0.0,-11.864741,-11.864741,1.0,-11.864741,True,False
2024-05-09 22:00:00,3020.39,3059.0,3016.61,3054.34,12498.0201,0.0001,55,-20.0,0.0,trending,,1014.388547,-1.415975,-0.584025,True,True,1013.796119,-2.001169,1014.388547,,trending,-8.135259,{},,111.0,ETHUSDT,2024-05-09 22:00:00,ETHUSDT,3054.34,0.193963,SHORT,644.693408,0.0,0.0,0.0,644.693408,0.0,0.0,0.0,-24.0,-24.0,1.0,-24.0,True,True
2024-05-09 23:00:00,3054.35,3055.6,3028.4,3036.23,10438.7563,0.0001,55,-15.221076,0.0,trending,,1025.825282,-1.965976,0.443868,True,True,1025.369495,-1.522784,1025.825282,,trending,4.778924,{},,112.0,ETHUSDT,2024-05-09 23:00:00,ETHUSDT,3036.23,0.149966,REDUCE_SHORT,644.693408,0.0,0.0,0.0,644.693408,0.0,0.0,0.0,-15.221076,-15.221076,1.0,-15.221076,True,True
2024-05-10 00:00:00,3036.24,3037.39,3021.9,3026.0,6840.9643,9e-05,66,-8.536123,0.0,trending,,1030.630391,-1.509907,0.656294,True,True,1029.953317,-0.854173,1030.630391,,trending,6.684953,{},,113.0,ETHUSDT,2024-05-10 00:00:00,ETHUSDT,3026.0,0.223528,REDUCE_SHORT,644.693408,0.0,0.0,0.0,644.693408,0.0,0.0,0.0,-8.536123,-8.536123,1.0,-8.536123,True,True
2024-05-10 01:00:00,3026.0,3044.0,3018.23,3037.2,18740.6182,9e-05,66,-13.249816,0.0,trending,,1026.697105,-0.860054,-0.464928,True,True,1026.219765,-1.325598,1026.697105,,trending,-4.713693,{},,114.0,ETHUSDT,2024-05-10 01:00:00,ETHUSDT,3037.2,0.157164,SHORT,644.693408,0.0,0.0,0.0,644.693408,0.0,0.0,0.0,-13.249816,-13.249816,1.0,-13.249816,True,True
2024-05-10 02:00:00,3037.2,3037.21,3024.81,3030.84,7006.2163,9e-05,66,-8.878371,0.0,trending,,1029.068394,-1.31916,0.431323,True,True,1028.624089,-0.888221,1029.068394,,trending,4.371445,{},,115.0,ETHUSDT,2024-05-10 02:00:00,ETHUSDT,3030.84,0.146448,REDUCE_SHORT,644.693408,0.0,0.0,0.0,644.693408,0.0,0.0,0.0,-8.878371,-8.878371,1.0,-8.878371,True,True
2024-05-10 03:00:00,3030.84,3030.84,3022.91,3028.95,4527.8504,9e-05,66,-7.366079,0.0,trending,,1029.193828,-0.887175,0.150567,False,,1029.193828,-0.887175,1029.193828,,trending,1.512292,{},,116.0,ETHUSDT,2024-05-10 03:00:00,,,,,644.693408,0.0,0.0,0.0,644.693408,0.0,0.0,0.0,-7.366079,-7.366079,1.0,-7.366079,True,False
2024-05-10 04:00:00,3028.95,3033.82,3024.55,3031.59,6532.6739,9e-05,66,-8.173215,0.0,trending,,1028.398002,-0.888636,0.071314,False,,1028.398002,-0.888636,1028.398002,,trending,-0.807136,{},,117.0,ETHUSDT,2024-05-10 04:00:00,,,,,644.693408,0.0,0.0,0.0,644.693408,0.0,0.0,0.0,-8.173215,-8.173215,1.0,-8.173215,True,False
2024-05-10 05:00:00,3031.6,3033.78,3021.64,3029.8,6927.1359,9e-05,66,-6.602476,0.0,trending,,1028.937596,-0.887645,0.227398,True,True,1028.703384,-0.660398,1028.937596,,trending,1.570739,{},,118.0,ETHUSDT,2024-05-10 05:00:00,ETHUSDT,3029.8,0.077226,REDUCE_SHORT,644.693408,0.0,0.0,0.0,644.693408,0.0,0.0,0.0,-6.602476,-6.602476,1.0,-6.602476,True,True
2024-05-10 06:00:00,3029.8,3049.79,3027.82,3046.59,13572.7766,9e-05,66,-15.416084,0.0,trending,,1024.938665,-0.666497,-0.875112,True,True,1024.041729,-1.542959,1024.938665,,trending,-8.813608,{},,119.0,ETHUSDT,2024-05-10 06:00:00,ETHUSDT,3046.59,0.294406,SHORT,644.693408,0.0,0.0,0.0,644.693408,0.0,0.0,0.0,-15.416084,-15.416084,1.0,-15.416084,True,True
2024-05-10 07:00:00,3046.6,3053.89,3039.46,3042.26,12444.8999,9e-05,66,-12.102258,0.0,trending,,1026.287398,-1.537394,0.327169,True,True,1025.951293,-1.210622,1026.287398,,trending,3.313826,{},,120.0,ETHUSDT,2024-05-10 07:00:00,ETHUSDT,3042.26,0.110368,REDUCE_SHORT,644.693408,0.0,0.0,0.0,644.693408,0.0,0.0,0.0,-12.102258,-12.102258,1.0,-12.102258,True,True
2024-05-10 08:00:00,3042.27,3045.23,3029.31,3036.99,10710.5963,0.0001,66,-8.014816,0.0,trending,,1028.102835,-1.205996,0.404514,True,True,1027.686536,-0.801806,1028.102835,,trending,4.087442,{},,121.0,ETHUSDT,2024-05-10 08:00:00,ETHUSDT,3036.99,0.136939,REDUCE_SHORT,644.693408,0.0,0.0,0.0,644.693408,0.0,0.0,0.0,-8.014816,-8.014816,1.0,-8.014816,True,True
2024-05-10 09:00:00,3037.0,3037.0,3024.49,3033.18,8273.8988,0.0001,66,-5.282318,0.0,trending,,1028.720277,-0.799996,0.271764,True,True,1028.440428,-0.528376,1028.720277,,trending,2.732499,{},,122.0,ETHUSDT,2024-05-10 09:00:00,ETHUSDT,3033.18,0.09217,REDUCE_SHORT,644.693408,0.0,0.0,0.0,644.693408,0.0,0.0,0.0,-5.282318,-5.282318,1.0,-5.282318,True,True
2024-05-10 10:00:00,3033.18,3035.07,3023.82,3029.95,3812.1041,0.0001,66,-2.834683,0.0,trending,,1029.019092,-0.527516,0.244048,True,True,1028.767711,-0.283538,1029.019092,,trending,2.447634,{},,123.0,ETHUSDT,2024-05-10 10:00:00,ETHUSDT,3029.95,0.082882,REDUCE_SHORT,644.693408,0.0,0.0,0.0,644.693408,0.0,0.0,0.0,-2.834683,-2.834683,1.0,-2.834683,True,True
2024-05-10 11:00:00,3029.95,3038.94,3022.0,3037.85,6651.9233,0.0001,66,-8.08795,0.0,trending,,1028.007175,-0.284487,-0.524308,True,True,1027.468183,-0.809219,1028.007175,,trending,-5.253267,{},,124.0,ETHUSDT,2024-05-10 11:00:00,ETHUSDT,3037.85,0.177426,SHORT,644.693408,0.0,0.0,0.0,644.693408,0.0,0.0,0.0,-8.08795,-8.08795,1.0,-8.08795,True,True
2024-05-10 12:00:00,3037.85,3044.53,3023.1,3028.0,6526.5127,0.0001,66,-0.647427,0.0,trending,,1030.164087,-0.804485,0.739742,True,True,1029.401269,-0.064791,1030.164087,,trending,7.440523,{},,125.0,ETHUSDT,2024-05-10 12:00:00,ETHUSDT,3028.0,0.25167,REDUCE_SHORT,644.693408,0.0,0.0,0.0,644.693408,0.0,0.0,0.0,-0.647427,-0.647427,1.0,-0.647427,True,True
2024-05-10 13:00:00,3028.0,3031.0,3016.54,3020.66,6809.2207,0.0001,66,4.691248,0.0,trending,,1029.562942,-0.064624,0.533748,True,True,1029.013348,0.468906,1029.562942,,trending,5.338675,{},,126.0,ETHUSDT,2024-05-10 13:00:00,ETHUSDT,3020.66,0.159897,LONG,644.693408,0.0,0.0,0.0,644.693408,0.0,0.0,0.0,4.691248,4.691248,1.0,4.691248,True,True
2024-05-10 14:00:00,3020.65,3025.05,2924.18,2935.78,62539.3609,0.0001,66,20.0,0.0,trending,,1015.454891,0.461815,1.538185,True,True,1013.892933,2.001541,1015.454891,,trending,15.308752,{},,127.0,ETHUSDT,2024-05-10 14:00:00,ETHUSDT,2935.78,0.532042,LONG,644.693408,0.0,0.0,0.0,644.693408,0.0,0.0,0.0,24.0,24.0,1.0,24.0,True,True
2024-05-10 15:00:00,2935.79,2946.11,2907.79,2918.54,36829.5605,0.0001,66,20.0,0.0,trending,,1001.975842,2.013452,-0.013452,False,,1001.975842,2.013452,1001.975842,,trending,0.0,{},,128.0,ETHUSDT,2024-05-10 15:00:00,,,,,644.693408,0.0,0.0,0.0,644.693408,0.0,0.0,0.0,24.0,24.0,1.0,24.0,True,False
2024-05-10 16:00:00,2918.54,2935.0,2888.47,2921.7,36631.0902,5.1e-05,66,20.0,0.0,trending,,1004.160181,2.011248,-0.011248,False,,1004.160181,2.011248,1004.160181,,trending,0.0,{},,129.0,ETHUSDT,2024-05-10 16:00:00,,,,,644.693408,0.0,0.0,0.0,644.693408,0.0,0.0,0.0,24.0,24.0,1.0,24.0,True,False
2024-05-10 17:00:00,2921.71,2921.71,2878.03,2892.77,27946.45,5.1e-05,66,20.0,0.0,trending,,984.162418,2.031796,-0.031796,False,,984.162418,2.031796,984.162418,,trending,0.0,{},,130.0,ETHUSDT,2024-05-10 17:00:00,,,,,644.693408,0.0,0.0,0.0,644.693408,0.0,0.0,0.0,24.0,24.0,1.0,24.0,True,False
2024-05-10 18:00:00,2892.77,2909.4,2885.4,2907.64,11597.5009,5.1e-05,66,20.0,0.0,trending,,994.441255,2.021131,-0.021131,False,,994.441255,2.021131,994.441255,,trending,0.0,{},,131.0,ETHUSDT,2024-05-10 18:00:00,,,,,644.693408,0.0,0.0,0.0,644.693408,0.0,0.0,0.0,24.0,24.0,1.0,24.0,True,False
2024-05-10 19:00:00,2907.63,2916.55,2897.39,2901.6,7866.6196,5.1e-05,66,20.0,0.0,trending,,990.266125,2.025436,-0.025436,False,,990.266125,2.025436,990.266125,,trending,0.0,{},,132.0,ETHUSDT,2024-05-10 19:00:00,,,,,644.693408,0.0,0.0,0.0,644.693408,0.0,0.0,0.0,24.0,24.0,1.0,24.0,True,False
2024-05-10 20:00:00,2901.6,2912.59,2888.19,2893.37,7220.0358,5.1e-05,66,20.0,0.0,trending,,984.577166,2.031361,-0.031361,False,,984.577166,2.031361,984.577166,,trending,0.0,{},,133.0,ETHUSDT,2024-05-10 20:00:00,,,,,644.693408,0.0,0.0,0.0,644.693408,0.0,0.0,0.0,24.0,24.0,1.0,24.0,True,False
2024-05-10 21:00:00,2893.36,2906.53,2887.4,2906.52,7038.1068,5.1e-05,66,20.0,0.0,trending,,993.667059,2.021927,-0.021927,False,,993.667059,2.021927,993.667059,,trending,0.0,{},,134.0,ETHUSDT,2024-05-10 21:00:00,,,,,644.693408,0.0,0.0,0.0,644.693408,0.0,0.0,0.0,24.0,24.0,1.0,24.0,True,False
2024-05-10 22:00:00,2906.52,2910.4,2896.55,2905.56,6617.9039,5.1e-05,66,20.0,0.0,trending,,993.003462,2.02261,-0.02261,False,,993.003462,2.02261,993.003462,,trending,0.0,{},,135.0,ETHUSDT,2024-05-10 22:00:00,,,,,644.693408,0.0,0.0,0.0,644.693408,0.0,0.0,0.0,24.0,24.0,1.0,24.0,True,False
2024-05-10 23:00:00,2905.56,2916.11,2905.18,2909.99,4191.8558,5.1e-05,66,20.0,0.0,trending,,996.065684,2.019466,-0.019466,False,,996.065684,2.019466,996.065684,,trending,0.0,{},,136.0,ETHUSDT,2024-05-10 23:00:00,,,,,644.693408,0.0,0.0,0.0,644.693408,0.0,0.0,0.0,22.457092,22.457092,1.0,22.457092,True,False
2024-05-11 00:00:00,2909.98,2920.0,2907.61,2914.46,7043.4987,7.6e-05,53,18.008295,0.0,trending,,999.155556,2.016313,-0.215484,True,True,998.940255,1.801218,999.155556,,trending,-1.991705,{},,137.0,ETHUSDT,2024-05-11 00:00:00,ETHUSDT,2914.46,0.073874,REDUCE_LONG,644.693408,0.0,0.0,0.0,644.693408,0.0,0.0,0.0,18.008295,18.008295,1.0,18.008295,True,True
2024-05-11 01:00:00,2914.45,2936.59,2913.93,2919.49,10169.923,7.6e-05,53,13.549737,0.0,trending,,1002.04564,1.798735,-0.443761,True,True,1001.600972,1.355575,1002.04564,,trending,-4.458558,{},,138.0,ETHUSDT,2024-05-11 01:00:00,ETHUSDT,2919.49,0.15231,REDUCE_LONG,644.693408,0.0,0.0,0.0,644.693408,0.0,0.0,0.0,13.549737,13.549737,1.0,13.549737,True,True
2024-05-11 02:00:00,2919.5,2924.66,2912.23,2918.79,6128.2051,7.6e-05,53,12.836407,0.0,trending,,1001.275428,1.355691,-0.07205,False,,1001.275428,1.355691,1001.275428,,trending,-0.71333,{},,139.0,ETHUSDT,2024-05-11 02:00:00,,,,,644.693408,0.0,0.0,0.0,644.693408,0.0,0.0,0.0,12.836407,12.836407,1.0,12.836407,True,False
2024-05-11 03:00:00,2918.8,2919.91,2905.2,2911.0,4354.8276,7.6e-05,53,15.399917,0.0,trending,,997.652591,1.356983,0.183009,False,,997.652591,1.356983,997.652591,,trending,2.56351,{},,140.0,ETHUSDT,2024-05-11 03:00:00,,,,,644.693408,0.0,0.0,0.0,644.693408,0.0,0.0,0.0,15.399917,15.399917,1.0,15.399917,True,False
2024-05-11 04:00:00,2911.0,2916.16,2905.9,2913.01,4009.0617,7.6e-05,53,13.104351,0.0,trending,,998.587366,1.356648,-0.046213,False,,998.587366,1.356648,998.587366,,trending,-2.295566,{},,141.0,ETHUSDT,2024-05-11 04:00:00,,,,,644.693408,0.0,0.0,0.0,644.693408,0.0,0.0,0.0,13.104351,13.104351,1.0,13.104351,True,False
2024-05-11 05:00:00,2913.0,2922.69,2913.0,2918.86,3593.5395,7.6e-05,53,9.027284,0.0,trending,,1001.307982,1.355679,-0.452951,True,True,1000.854439,0.903137,1001.307982,,trending,-4.077067,{},,142.0,ETHUSDT,2024-05-11 05:00:00,ETHUSDT,2918.86,0.155384,REDUCE_LONG,644.693408,0.0,0.0,0.0,644.693408,0.0,0.0,0.0,9.027284,9.027284,1.0,9.027284,True,True
2024-05-11 06:00:00,2918.85,2927.74,2916.33,2920.27,4891.3266,7.6e-05,53,7.466676,0.0,trending,,1001.291086,0.90318,-0.156512,False,,1001.291086,0.90318,1001.291086,,trending,-1.560608,{},,143.0,ETHUSDT,2024-05-11 06:00:00,,,,,644.693408,0.0,0.0,0.0,644.693408,0.0,0.0,0.0,7.466676,7.466676,1.0,7.466676,True,False
2024-05-11 07:00:00,2920.27,2924.59,2915.13,2921.79,4569.5927,7.6e-05,53,6.096501,0.0,trending,,1001.761798,0.903225,-0.293575,True,True,1001.467706,0.609829,1001.761798,,trending,-1.370175,{},,144.0,ETHUSDT,2024-05-11 07:00:00,ETHUSDT,2921.79,0.100655,REDUCE_LONG,644.693408,0.0,0.0,0.0,644.693408,0.0,0.0,0.0,6.096501,6.096501,1.0,6.096501,True,True
2024-05-11 08:00:00,2921.8,2925.38,2909.84,2910.56,7823.0358,6.7e-05,53,11.302049,0.0,trending,,999.120366,0.608912,0.521292,True,True,998.599532,1.130273,999.120366,,trending,5.205548,{},,145.0,ETHUSDT,2024-05-11 08:00:00,ETHUSDT,2910.56,0.178946,LONG,644.693408,0.0,0.0,0.0,644.693408,0.0,0.0,0.0,11.302049,11.302049,1.0,11.302049,True,True
2024-05-11 09:00:00,2910.56,2911.88,2897.73,2911.28,8221.118,6.7e-05,53,9.865539,0.0,trending,,998.878742,1.130236,-0.143683,False,,998.878742,1.130236,998.878742,,trending,-1.43651,{},,146.0,ETHUSDT,2024-05-11 09:00:00,,,,,644.693408,0.0,0.0,0.0,644.693408,0.0,0.0,0.0,9.865539,9.865539,1.0,9.865539,True,False
2024-05-11 10:00:00,2911.29,2911.43,2900.0,2906.88,2985.8547,6.7e-05,53,13.76788,0.0,trending,,997.17246,1.130459,0.246329,True,True,996.926828,1.376881,997.17246,,trending,3.902342,{},,147.0,ETHUSDT,2024-05-11 10:00:00,ETHUSDT,2906.88,0.0845,LONG,644.693408,0.0,0.0,0.0,644.693408,0.0,0.0,0.0,13.76788,13.76788,1.0,13.76788,True,True
2024-05-11 11:00:00,2906.87,2910.25,2886.46,2903.4,7241.9415,6.7e-05,53,15.218056,0.0,trending,,995.283547,1.377503,0.144302,False,,995.283547,1.377503,995.283547,,trending,1.450175,{},,148.0,ETHUSDT,2024-05-11 11:00:00,,,,,644.693408,0.0,0.0,0.0,644.693408,0.0,0.0,0.0,15.218056,15.218056,1.0,15.218056,True,False
2024-05-11 12:00:00,2903.4,2910.52,2897.75,2900.19,4567.6163,6.7e-05,53,17.458891,0.0,trending,,993.767762,1.378079,0.36781,True,True,993.402244,1.746164,993.767762,,trending,2.240835,{},,149.0,ETHUSDT,2024-05-11 12:00:00,ETHUSDT,2900.19,0.126032,LONG,644.693408,0.0,0.0,0.0,644.693408,0.0,0.0,0.0,17.458891,17.458891,1.0,17.458891,True,True
2024-05-11 13:00:00,2900.2,2916.44,2896.0,2913.84,5888.8831,6.7e-05,53,6.435196,0.0,trending,,1001.566494,1.740081,-1.096562,True,True,1000.468214,0.644226,1001.566494,,trending,-11.023695,{},,150.0,ETHUSDT,2024-05-11 13:00:00,ETHUSDT,2913.84,0.376918,REDUCE_LONG,644.693408,0.0,0.0,0.0,644.693408,0.0,0.0,0.0,6.435196,6.435196,1.0,6.435196,True,True
2024-05-11 14:00:00,2913.84,2915.15,2900.62,2902.34,6349.3328,6.7e-05,53,15.157393,0.0,trending,,997.924469,0.643319,0.87242,True,True,997.053859,1.51619,997.924469,,trending,8.722197,{},,151.0,ETHUSDT,2024-05-11 14:00:00,ETHUSDT,2902.34,0.299968,LONG,644.693408,0.0,0.0,0.0,644.693408,0.0,0.0,0.0,15.157393,15.157393,1.0,15.157393,True,True
2024-05-11 15:00:00,2902.33,2945.67,2902.33,2925.72,18000.1078,6.7e-05,53,-4.533363,0.0,trending,,1009.231646,1.509961,-1.963297,True,True,1007.250224,-0.454228,1009.231646,,trending,-19.690756,{},,152.0,ETHUSDT,2024-05-11 15:00:00,ETHUSDT,2925.72,0.156379,SHORT,644.693408,0.0,0.0,0.0,644.693408,0.0,0.0,0.0,-4.533363,-4.533363,1.0,-4.533363,True,True
2024-05-11 16:00:00,2925.72,2931.72,2917.43,2924.45,5526.717,8.5e-05,53,-3.266352,0.0,trending,,1007.448825,-0.453941,0.127306,False,,1007.448825,-0.453941,1007.448825,,trending,1.267012,{},,153.0,ETHUSDT,2024-05-11 16:00:00,,,,,644.693408,0.0,0.0,0.0,644.693408,0.0,0.0,0.0,-3.266352,-3.266352,1.0,-3.266352,True,False
2024-05-11 17:00:00,2924.46,2932.44,2918.4,2930.28,4175.1478,8.5e-05,53,-7.510221,0.0,trending,,1006.537135,-0.455258,-0.295764,True,True,1006.239438,-0.751244,1006.537135,,trending,-4.243869,{},,154.0,ETHUSDT,2024-05-11 17:00:00,ETHUSDT,2930.28,0.101593,SHORT,644.693408,0.0,0.0,0.0,644.693408,0.0,0.0,0.0,-7.510221,-7.510221,1.0,-7.510221,True,True
2024-05-11 18:00:00,2930.27,2940.37,2923.06,2932.79,4509.4327,8.5e-05,53,-8.639487,0.0,trending,,1005.591927,-0.752372,-0.111577,False,,1005.591927,-0.752372,1005.591927,,trending,-1.129266,{},,155.0,ETHUSDT,2024-05-11 18:00:00,,,,,644.693408,0.0,0.0,0.0,644.693408,0.0,0.0,0.0,-8.639487,-8.639487,1.0,-8.639487,True,False
2024-05-11 19:00:00,2932.79,2933.61,2925.6,2930.61,1780.1141,8.5e-05,53,-6.207391,0.0,trending,,1006.154307,-0.751392,0.130653,False,,1006.154307,-0.751392,1006.154307,,trending,2.432095,{},,156.0,ETHUSDT,2024-05-11 19:00:00,,,,,644.693408,0.0,0.0,0.0,644.693408,0.0,0.0,0.0,-6.207391,-6.207391,1.0,-6.207391,True,False
2024-05-11 20:00:00,2930.61,2930.96,2912.41,2922.84,4705.9177,8.5e-05,53,0.372505,0.0,trending,,1008.158753,-0.74791,0.785161,True,True,1007.366432,0.037242,1008.158753,,trending,6.579896,{},,157.0,ETHUSDT,2024-05-11 20:00:00,ETHUSDT,2922.84,0.012849,LONG,644.693408,0.0,0.0,0.0,644.693408,0.0,0.0,0.0,0.372505,0.372505,1.0,0.372505,True,True
2024-05-11 21:00:00,2922.84,2922.85,2915.85,2918.76,2071.374,8.5e-05,53,3.601613,0.0,trending,,1007.314062,0.037192,0.322969,True,True,1006.988731,0.359955,1007.314062,,trending,3.229108,{},,158.0,ETHUSDT,2024-05-11 21:00:00,ETHUSDT,2918.76,0.111462,LONG,644.693408,0.0,0.0,0.0,644.693408,0.0,0.0,0.0,3.601613,3.601613,1.0,3.601613,True,True
2024-05-11 22:00:00,2918.75,2921.98,2915.6,2915.99,3968.9121,8.5e-05,53,5.574428,0.0,trending,,1006.644735,0.359736,0.197707,False,,1006.644735,0.359736,1006.644735,,trending,1.972816,{},,159.0,ETHUSDT,2024-05-11 22:00:00,,,,,644.693408,0.0,0.0,0.0,644.693408,0.0,0.0,0.0,5.574428,5.574428,1.0,5.574428,True,False
2024-05-11 23:00:00,2915.99,2919.59,2906.48,2912.45,5587.6284,8.5e-05,53,7.961178,0.0,trending,,1006.205115,0.359456,0.436662,True,True,1005.765744,0.796029,1006.205115,,trending,2.38675,{},,160.0,ETHUSDT,2024-05-11 23:00:00,ETHUSDT,2912.45,0.15086,LONG,644.693408,0.0,0.0,0.0,644.693408,0.0,0.0,0.0,7.961178,7.961178,1.0,7.961178,True,True
2024-05-12 00:00:00,2912.45,2925.33,2911.2,2920.75,3462.9143,8e-05,56,0.420677,0.0,trending,,1008.047374,0.79649,-0.754423,True,True,1007.28688,0.042099,1008.047374,,trending,-7.540501,{},,161.0,ETHUSDT,2024-05-12 00:00:00,ETHUSDT,2920.75,0.260376,REDUCE_LONG,644.693408,0.0,0.0,0.0,644.693408,0.0,0.0,0.0,0.420677,0.420677,1.0,0.420677,True,True
2024-05-12 01:00:00,2920.74,2924.98,2912.21,2912.51,1866.896,8e-05,56,6.949934,0.0,trending,,1007.167244,0.041986,0.653008,True,True,1006.509556,0.694794,1007.167244,,trending,6.529257,{},,162.0,ETHUSDT,2024-05-12 01:00:00,ETHUSDT,2912.51,0.225815,LONG,644.693408,0.0,0.0,0.0,644.693408,0.0,0.0,0.0,6.949934,6.949934,1.0,6.949934,True,True
2024-05-12 02:00:00,2912.51,2924.17,2909.11,2919.6,2918.5801,8e-05,56,0.624675,0.0,trending,,1008.211921,0.695309,-0.632842,True,True,1007.573883,0.062507,1008.211921,,trending,-6.325259,{},,163.0,ETHUSDT,2024-05-12 02:00:00,ETHUSDT,2919.6,0.218536,REDUCE_LONG,644.693408,0.0,0.0,0.0,644.693408,0.0,0.0,0.0,0.624675,0.624675,1.0,0.624675,True,True
2024-05-12 03:00:00,2919.59,2923.4,2916.45,2921.13,2753.1977,8e-05,56,-0.64607,0.0,trending,,1007.606887,0.062538,-0.127145,False,,1007.606887,0.062538,1007.606887,,trending,-1.270746,{},,164.0,ETHUSDT,2024-05-12 03:00:00,,,,,644.693408,0.0,0.0,0.0,644.693408,0.0,0.0,0.0,-0.64607,-0.64607,1.0,-0.64607,True,False
2024-05-12 04:00:00,2921.12,2932.26,2920.6,2928.82,3096.6665,8e-05,56,-6.782642,0.0,trending,,1007.772773,0.062692,-0.740956,True,True,1007.026057,-0.678767,1007.772773,,trending,-6.136571,{},,165.0,ETHUSDT,2024-05-12 04:00:00,ETHUSDT,2928.82,0.233383,SHORT,644.693408,0.0,0.0,0.0,644.693408,0.0,0.0,0.0,-6.782642,-6.782642,1.0,-6.782642,True,True
2024-05-12 05:00:00,2928.82,2928.97,2922.89,2925.93,2155.3365,8e-05,56,-3.915626,0.0,trending,,1007.700534,-0.677643,0.286081,True,True,1007.411961,-0.391675,1007.700534,,trending,2.867015,{},,166.0,ETHUSDT,2024-05-12 05:00:00,ETHUSDT,2925.93,0.098527,REDUCE_SHORT,644.693408,0.0,0.0,0.0,644.693408,0.0,0.0,0.0,-3.915626,-3.915626,1.0,-3.915626,True,True
2024-05-12 06:00:00,2925.94,2927.2,2917.33,2919.75,2646.1594,8e-05,56,1.578364,0.0,trending,,1008.245369,-0.390524,0.548361,True,True,1007.692092,0.157765,1008.245369,,trending,5.49399,{},,167.0,ETHUSDT,2024-05-12 06:00:00,ETHUSDT,2919.75,0.054504,LONG,644.693408,0.0,0.0,0.0,644.693408,0.0,0.0,0.0,1.578364,1.578364,1.0,1.578364,True,True
2024-05-12 07:00:00,2919.74,2922.28,2901.17,2907.8,6282.8052,8e-05,56,11.473283,0.0,trending,,1007.041422,0.157221,0.990107,True,True,1006.044342,1.147474,1007.041422,,trending,9.894919,{},,168.0,ETHUSDT,2024-05-12 07:00:00,ETHUSDT,2907.8,0.342898,LONG,644.693408,0.0,0.0,0.0,644.693408,0.0,0.0,0.0,11.473283,11.473283,1.0,11.473283,True,True
2024-05-12 08:00:00,2907.8,2918.12,2902.68,2915.8,4718.7531,7.3e-05,56,3.630926,0.0,trending,,1009.220379,1.14701,-0.783918,True,True,1008.429234,0.363377,1009.220379,,trending,-7.842357,{},,169.0,ETHUSDT,2024-05-12 08:00:00,ETHUSDT,2915.8,0.271331,REDUCE_LONG,644.693408,0.0,0.0,0.0,644.693408,0.0,0.0,0.0,3.630926,3.630926,1.0,3.630926,True,True
2024-05-12 09:00:00,2915.79,2918.15,2910.0,2915.69,4019.813,7.3e-05,56,3.526011,0.0,trending,,1008.41541,0.363369,-0.010768,False,,1008.41541,0.363369,1008.41541,,trending,-0.104915,{},,170.0,ETHUSDT,2024-05-12 09:00:00,,,,,644.693408,0.0,0.0,0.0,644.693408,0.0,0.0,0.0,3.526011,3.526011,1.0,3.526011,True,False
2024-05-12 10:00:00,2915.7,2943.73,2914.02,2930.63,11027.9009,7.3e-05,56,-9.279074,0.0,trending,,1010.29298,0.364552,-1.292459,True,True,1008.987218,-0.929108,1010.29298,,trending,-12.805085,{},,171.0,ETHUSDT,2024-05-12 10:00:00,ETHUSDT,2930.63,0.319883,SHORT,644.693408,0.0,0.0,0.0,644.693408,0.0,0.0,0.0,-9.279074,-9.279074,1.0,-9.279074,True,True
2024-05-12 11:00:00,2930.64,2934.2,2925.0,2928.0,3078.7852,7.3e-05,56,-7.051089,0.0,trending,,1009.82851,-0.927501,0.222392,True,True,1009.603707,-0.705266,1009.82851,,trending,2.227985,{},,172.0,ETHUSDT,2024-05-12 11:00:00,ETHUSDT,2928.0,0.0767,REDUCE_SHORT,644.693408,0.0,0.0,0.0,644.693408,0.0,0.0,0.0,-7.051089,-7.051089,1.0,-7.051089,True,True
2024-05-12 12:00:00,2928.0,2934.2,2925.41,2929.7,3958.7305,7.3e-05,56,-8.1372,0.0,trending,,1009.190296,-0.705964,-0.107756,False,,1009.190296,-0.705964,1009.190296,,trending,-1.086111,{},,173.0,ETHUSDT,2024-05-12 12:00:00,,,,,644.693408,0.0,0.0,0.0,644.693408,0.0,0.0,0.0,-8.1372,-8.1372,1.0,-8.1372,True,False
2024-05-12 13:00:00,2929.71,2937.98,2927.6,2936.2,3810.1071,7.3e-05,56,-13.751717,0.0,trending,,1007.609608,-0.708641,-0.666531,True,True,1006.938005,-1.376089,1007.609608,,trending,-5.614517,{},,174.0,ETHUSDT,2024-05-12 13:00:00,ETHUSDT,2936.2,0.228732,SHORT,644.693408,0.0,0.0,0.0,644.693408,0.0,0.0,0.0,-13.751717,-13.751717,1.0,-13.751717,True,True
2024-05-12 14:00:00,2936.21,2939.57,2927.0,2929.53,4748.028,7.3e-05,56,-6.11223,0.0,trending,,1010.085677,-1.368684,0.757461,True,True,1009.31981,-0.611687,1010.085677,,trending,7.639487,{},,175.0,ETHUSDT,2024-05-12 14:00:00,ETHUSDT,2929.53,0.261169,REDUCE_SHORT,644.693408,0.0,0.0,0.0,644.693408,0.0,0.0,0.0,-6.11223,-6.11223,1.0,-6.11223,True,True
2024-05-12 15:00:00,2929.53,2943.77,2926.62,2938.0,5714.4534,7.3e-05,56,-13.374757,0.0,trending,,1007.534789,-0.614542,-0.722934,True,True,1006.806408,-1.338443,1007.534789,,trending,-7.262527,{},,176.0,ETHUSDT,2024-05-12 15:00:00,ETHUSDT,2938.0,0.247917,SHORT,644.693408,0.0,0.0,0.0,644.693408,0.0,0.0,0.0,-13.374757,-13.374757,1.0,-13.374757,True,True
2024-05-12 16:00:00,2937.99,2955.2,2929.58,2929.59,11529.7508,6.3e-05,56,-4.002961,0.0,trending,,1010.663768,-1.329518,0.929222,True,True,1009.723697,-0.400669,1010.663768,,trending,9.371796,{},,177.0,ETHUSDT,2024-05-12 16:00:00,ETHUSDT,2929.59,0.320567,REDUCE_SHORT,644.693408,0.0,0.0,0.0,644.693408,0.0,0.0,0.0,-4.002961,-4.002961,1.0,-4.002961,True,True
2024-05-12 17:00:00,2929.59,2943.2,2921.25,2941.61,6925.5413,6.3e-05,56,-13.930038,0.0,trending,,1008.063783,-0.402975,-0.990029,True,True,1007.065771,-1.394384,1008.063783,,trending,-9.927077,{},,178.0,ETHUSDT,2024-05-12 17:00:00,ETHUSDT,2941.61,0.339274,SHORT,644.693408,0.0,0.0,0.0,644.693408,0.0,0.0,0.0,-13.930038,-13.930038,1.0,-13.930038,True,True
2024-05-12 18:00:00,2941.62,2941.8,2927.8,2929.01,2647.9571,6.3e-05,56,-1.549305,0.0,trending,,1013.080634,-1.380168,1.225238,True,True,1011.838127,-0.155121,1013.080634,,trending,12.380733,{},,179.0,ETHUSDT,2024-05-12 18:00:00,ETHUSDT,2929.01,0.423783,REDUCE_SHORT,644.693408,0.0,0.0,0.0,644.693408,0.0,0.0,0.0,-1.549305,-1.549305,1.0,-1.549305,True,True
2024-05-12 19:00:00,2929.0,2930.8,2921.62,2929.59,3121.1264,6.3e-05,56,-1.921627,0.0,trending,,1011.807046,-0.155156,-0.037006,False,,1011.807046,-0.155156,1011.807046,,trending,-0.372322,{},,180.0,ETHUSDT,2024-05-12 19:00:00,,,,,644.693408,0.0,0.0,0.0,644.693408,0.0,0.0,0.0,-1.921627,-1.921627,1.0,-1.921627,True,False
2024-05-12 20:00:00,2929.6,2930.3,2923.06,2923.6,2128.8732,6.3e-05,56,3.51361,0.0,trending,,1012.128033,-0.15479,0.506151,True,True,1011.615587,0.351187,1012.128033,,trending,5.435238,{},,181.0,ETHUSDT,2024-05-12 20:00:00,ETHUSDT,2923.6,0.121639,LONG,644.693408,0.0,0.0,0.0,644.693408,0.0,0.0,0.0,3.51361,3.51361,1.0,3.51361,True,True
2024-05-12 21:00:00,2923.6,2934.23,2913.78,2929.21,7174.2067,6.3e-05,56,-1.732405,0.0,trending,,1012.297296,0.351624,-0.524865,True,True,1011.765977,-0.173331,1012.297296,,trending,-5.246015,{},,182.0,ETHUSDT,2024-05-12 21:00:00,ETHUSDT,2929.21,0.05987,SHORT,644.693408,0.0,0.0,0.0,644.693408,0.0,0.0,0.0,-1.732405,-1.732405,1.0,-1.732405,True,True
2024-05-12 22:00:00,2929.21,2934.6,2926.49,2931.97,4645.6632,6.3e-05,56,-4.041001,0.0,trending,,1011.600737,-0.173523,-0.230577,True,True,1011.367485,-0.404193,1011.600737,,trending,-2.308597,{},,183.0,ETHUSDT,2024-05-12 22:00:00,ETHUSDT,2931.97,0.079555,SHORT,644.693408,0.0,0.0,0.0,644.693408,0.0,0.0,0.0,-4.041001,-4.041001,1.0,-4.041001,True,True
2024-05-12 23:00:00,2931.96,2936.27,2928.9,2929.29,3238.3867,6.3e-05,56,-1.290933,0.0,trending,,1011.741142,-0.403675,0.274581,True,True,1011.463059,-0.129129,1011.741142,,trending,2.750068,{},,184.0,ETHUSDT,2024-05-12 23:00:00,ETHUSDT,2929.29,0.094837,REDUCE_SHORT,644.693408,0.0,0.0,0.0,644.693408,0.0,0.0,0.0,-1.290933,-1.290933,1.0,-1.290933,True,True
2024-05-13 00:00:00,2929.3,2942.97,2929.29,2932.91,4546.2925,6.3e-05,57,-4.323348,0.0,trending,,1011.301653,-0.129309,-0.303026,True,True,1010.995202,-0.432466,1011.301653,,trending,-3.032415,{},,185.0,ETHUSDT,2024-05-13 00:00:00,ETHUSDT,2932.91,0.104487,SHORT,644.693408,0.0,0.0,0.0,644.693408,0.0,0.0,0.0,-4.323348,-4.323348,1.0,-4.323348,True,True
2024-05-13 01:00:00,2932.91,2935.4,2906.71,2917.73,14707.5005,5.8e-05,57,8.647555,0.0,trending,,1013.258147,-0.429267,1.294022,True,True,1011.946533,0.86501,1013.258147,,trending,12.970903,{},,186.0,ETHUSDT,2024-05-13 01:00:00,ETHUSDT,2917.73,0.300309,LONG,644.693408,0.0,0.0,0.0,644.693408,0.0,0.0,0.0,8.647555,8.647555,1.0,8.647555,True,True
2024-05-13 02:00:00,2917.74,2923.28,2874.0,2885.35,28524.2756,5.8e-05,57,20.0,0.0,trending,,1002.232252,0.863702,1.136298,True,True,1001.093418,2.001138,1002.232252,,trending,11.352445,{},,187.0,ETHUSDT,2024-05-13 02:00:00,ETHUSDT,2885.35,0.394695,LONG,644.693408,0.0,0.0,0.0,644.693408,0.0,0.0,0.0,24.0,24.0,1.0,24.0,True,True
2024-05-13 03:00:00,2885.35,2890.65,2864.76,2889.92,35381.2239,5.8e-05,57,20.0,0.0,trending,,1004.266412,1.997974,0.002026,False,,1004.266412,1.997974,1004.266412,,trending,0.0,{},,188.0,ETHUSDT,2024-05-13 03:00:00,,,,,644.693408,0.0,0.0,0.0,644.693408,0.0,0.0,0.0,23.566719,23.566719,1.0,23.566719,True,False
2024-05-13 04:00:00,2889.92,2889.93,2878.46,2885.75,9801.6127,5.8e-05,57,20.0,0.0,trending,,1001.371141,2.00086,-0.00086,False,,1001.371141,2.00086,1001.371141,,trending,0.0,{},,189.0,ETHUSDT,2024-05-13 04:00:00,,,,,644.693408,0.0,0.0,0.0,644.693408,0.0,0.0,0.0,24.0,24.0,1.0,24.0,True,False
2024-05-13 05:00:00,2885.74,2894.25,2870.37,2875.42,8407.8459,5.8e-05,57,20.0,0.0,trending,,994.198925,2.00808,-0.00808,False,,994.198925,2.00808,994.198925,,trending,0.0,{},,190.0,ETHUSDT,2024-05-13 05:00:00,,,,,644.693408,0.0,0.0,0.0,644.693408,0.0,0.0,0.0,24.0,24.0,1.0,24.0,True,False
2024-05-13 06:00:00,2875.42,2922.66,2872.6,2919.19,15514.4506,5.8e-05,57,-3.994138,0.0,trending,,1024.588848,1.97818,-2.377594,True,True,1022.152792,-0.400366,1024.588848,,trending,-23.994138,{},,191.0,ETHUSDT,2024-05-13 06:00:00,ETHUSDT,2919.19,0.140188,SHORT,644.693408,0.0,0.0,0.0,644.693408,0.0,0.0,0.0,-3.994138,-3.994138,1.0,-3.994138,True,True
2024-05-13 07:00:00,2919.2,2958.0,2915.46,2953.99,23266.7089,5.8e-05,57,-20.0,0.0,trending,,1017.274255,-0.407081,-1.592919,True,True,1015.65382,-2.003191,1017.274255,,trending,-16.005862,{},,192.0,ETHUSDT,2024-05-13 07:00:00,ETHUSDT,2953.99,0.548558,SHORT,644.693408,0.0,0.0,0.0,644.693408,0.0,0.0,0.0,-23.882439,-23.882439,1.0,-23.882439,True,True
2024-05-13 08:00:00,2953.99,2987.97,2953.99,2972.96,34194.8256,5.8e-05,57,-20.0,0.0,trending,,1002.58831,-2.042328,0.042328,False,,1002.58831,-2.042328,1002.58831,,trending,0.0,{},,193.0,ETHUSDT,2024-05-13 08:00:00,,,,,644.693408,0.0,0.0,0.0,644.693408,0.0,0.0,0.0,-24.0,-24.0,1.0,-24.0,True,False
2024-05-13 09:00:00,2972.97,2996.4,2972.96,2985.89,12248.4291,0.0001,57,-20.0,0.0,trending,,993.682826,-2.069593,0.069593,False,,993.682826,-2.069593,993.682826,,trending,0.0,{},,194.0,ETHUSDT,2024-05-13 09:00:00,,,,,644.693408,0.0,0.0,0.0,644.693408,0.0,0.0,0.0,-24.0,-24.0,1.0,-24.0,True,False
2024-05-13 10:00:00,2985.88,2987.6,2948.4,2963.0,14042.6577,0.0001,57,-17.474361,0.0,trending,,1009.44822,-2.021653,0.274217,True,True,1009.171135,-1.747916,1009.44822,,trending,2.525639,{},,195.0,ETHUSDT,2024-05-13 10:00:00,ETHUSDT,2963.0,0.093421,REDUCE_SHORT,644.693408,0.0,0.0,0.0,644.693408,0.0,0.0,0.0,-17.474361,-17.474361,1.0,-17.474361,True,True
2024-05-13 11:00:00,2963.0,2969.55,2954.38,2965.57,7848.1057,0.0001,57,-17.192495,0.0,trending,,1007.641151,-1.752088,0.032839,False,,1007.641151,-1.752088,1007.641151,,trending,0.281866,{},,196.0,ETHUSDT,2024-05-13 11:00:00,,,,,644.693408,0.0,0.0,0.0,644.693408,0.0,0.0,0.0,-17.192495,-17.192495,1.0,-17.192495,True,False
2024-05-13 12:00:00,2965.57,2973.0,2954.83,2965.71,16952.1219,0.0001,57,-15.877839,0.0,trending,,1007.557806,-1.752316,0.164532,False,,1007.557806,-1.752316,1007.557806,,trending,1.314656,{},,197.0,ETHUSDT,2024-05-13 12:00:00,,,,,644.693408,0.0,0.0,0.0,644.693408,0.0,0.0,0.0,-15.877839,-15.877839,1.0,-15.877839,True,False
2024-05-13 13:00:00,2965.72,2987.0,2962.03,2964.81,24900.0071,0.0001,57,-13.807515,0.0,trending,,1008.093598,-1.750853,0.370102,True,True,1007.720127,-1.381263,1008.093598,,trending,2.070324,{},,198.0,ETHUSDT,2024-05-13 13:00:00,ETHUSDT,2964.81,0.125842,REDUCE_SHORT,644.693408,0.0,0.0,0.0,644.693408,0.0,0.0,0.0,-13.807515,-13.807515,1.0,-13.807515,True,True
2024-05-13 14:00:00,2964.81,2973.56,2949.26,2951.92,30167.6054,0.0001,57,-5.703906,0.0,trending,,1013.771758,-1.367048,0.796658,True,True,1012.96332,-0.570846,1013.771758,,trending,8.103609,{},,199.0,ETHUSDT,2024-05-13 14:00:00,ETHUSDT,2951.92,0.273595,REDUCE_SHORT,644.693408,0.0,0.0,0.0,644.693408,0.0,0.0,0.0,-5.703906,-5.703906,1.0,-5.703906,True,True
2024-05-13 15:00:00,2951.93,2973.45,2950.0,2961.22,15776.2887,0.0001,57,-9.57751,0.0,trending,,1011.141561,-0.573676,-0.384075,True,True,1010.753207,-0.958119,1011.141561,,trending,-3.873604,{},,200.0,ETHUSDT,2024-05-13 15:00:00,ETHUSDT,2961.22,0.131147,SHORT,644.693408,0.0,0.0,0.0,644.693408,0.0,0.0,0.0,-9.57751,-9.57751,1.0,-9.57751,True,True
2024-05-13 16:00:00,2961.21,2976.91,2954.52,2976.33,19006.39,0.0001,57,-15.603917,0.0,trending,,1005.811712,-0.967739,-0.592653,True,True,1005.215615,-1.561317,1005.811712,,trending,-6.026408,{},,201.0,ETHUSDT,2024-05-13 16:00:00,ETHUSDT,2976.33,0.200279,SHORT,644.693408,0.0,0.0,0.0,644.693408,0.0,0.0,0.0,-15.603917,-15.603917,1.0,-15.603917,True,True
2024-05-13 17:00:00,2976.33,2977.89,2935.2,2940.97,16202.7855,0.0001,57,2.611469,0.0,trending,,1023.861436,-1.514672,1.775819,True,True,1022.041691,0.26135,1023.861436,,trending,18.215386,{},,202.0,ETHUSDT,2024-05-13 17:00:00,ETHUSDT,2940.97,0.090915,LONG,644.693408,0.0,0.0,0.0,644.693408,0.0,0.0,0.0,2.611469,2.611469,1.0,2.611469,True,True
2024-05-13 18:00:00,2940.96,2944.99,2928.66,2943.52,8713.8923,0.0001,57,1.180785,0.0,trending,,1022.273292,0.261518,-0.143439,False,,1022.273292,0.261518,1022.273292,,trending,-1.430683,{},,203.0,ETHUSDT,2024-05-13 18:00:00,,,,,644.693408,0.0,0.0,0.0,644.693408,0.0,0.0,0.0,1.180785,1.180785,1.0,1.180785,True,False
2024-05-13 19:00:00,2943.51,2957.7,2943.31,2956.7,7961.6588,0.0001,57,-4.791251,0.0,trending,,1023.470353,0.262381,-0.741506,True,True,1022.711444,-0.479481,1023.470353,,trending,-5.972037,{},,204.0,ETHUSDT,2024-05-13 19:00:00,ETHUSDT,2956.7,0.165851,SHORT,644.693408,0.0,0.0,0.0,644.693408,0.0,0.0,0.0,-4.791251,-4.791251,1.0,-4.791251,True,True
2024-05-13 20:00:00,2956.69,2960.0,2950.6,2954.39,4558.1365,0.0001,57,-3.336628,0.0,trending,,1023.094558,-0.478927,0.145264,False,,1023.094558,-0.478927,1023.094558,,trending,1.454623,{},,205.0,ETHUSDT,2024-05-13 20:00:00,,,,,644.693408,0.0,0.0,0.0,644.693408,0.0,0.0,0.0,-3.336628,-3.336628,1.0,-3.336628,True,False
2024-05-13 21:00:00,2954.4,2956.28,2944.74,2951.39,3624.9707,0.0001,57,-1.732759,0.0,trending,,1023.59211,-0.478208,0.304932,True,True,1023.279672,-0.173329,1023.59211,,trending,1.603869,{},,206.0,ETHUSDT,2024-05-13 21:00:00,ETHUSDT,2951.39,0.105756,REDUCE_SHORT,644.693408,0.0,0.0,0.0,644.693408,0.0,0.0,0.0,-1.732759,-1.732759,1.0,-1.732759,True,True
2024-05-13 22:00:00,2951.39,2954.6,2938.0,2940.27,8305.2271,0.0001,57,3.804591,0.0,trending,,1023.947928,-0.172563,0.553022,True,True,1023.381486,0.380289,1023.947928,,trending,5.53735,{},,207.0,ETHUSDT,2024-05-13 22:00:00,ETHUSDT,2940.27,0.132495,LONG,644.693408,0.0,0.0,0.0,644.693408,0.0,0.0,0.0,3.804591,3.804591,1.0,3.804591,True,True
2024-05-13 23:00:00,2940.28,2952.94,2940.27,2950.99,4011.7521,0.0001,57,-1.888622,0.0,trending,,1024.800409,0.381147,-0.570009,True,True,1024.216263,-0.18897,1024.800409,,trending,-5.693213,{},,208.0,ETHUSDT,2024-05-13 23:00:00,ETHUSDT,2950.99,0.065587,SHORT,644.693408,0.0,0.0,0.0,644.693408,0.0,0.0,0.0,-1.888622,-1.888622,1.0,-1.888622,True,True
2024-05-14 00:00:00,2950.99,2958.76,2937.51,2945.8,8841.4449,0.0001,66,0.899902,0.0,trending,,1024.556659,-0.188575,0.278565,True,True,1024.27106,0.089925,1024.556659,,trending,2.788524,{},,209.0,ETHUSDT,2024-05-14 00:00:00,ETHUSDT,2945.8,0.031299,LONG,644.693408,0.0,0.0,0.0,644.693408,0.0,0.0,0.0,0.899902,0.899902,1.0,0.899902,True,True
2024-05-14 01:00:00,2945.8,2960.6,2938.16,2946.4,7608.3556,0.0001,66,0.518124,0.0,trending,,1024.28982,0.089942,-0.03813,False,,1024.28982,0.089942,1024.28982,,trending,-0.381778,{},,210.0,ETHUSDT,2024-05-14 01:00:00,,,,,644.693408,0.0,0.0,0.0,644.693408,0.0,0.0,0.0,0.518124,0.518124,1.0,0.518124,True,False
2024-05-14 02:00:00,2946.39,2955.88,2938.51,2949.18,7903.6694,0.0001,66,-0.980304,0.0,trending,,1024.376744,0.090019,-0.18805,False,,1024.376744,0.090019,1024.376744,,trending,-1.498428,{},,211.0,ETHUSDT,2024-05-14 02:00:00,,,,,644.693408,0.0,0.0,0.0,644.693408,0.0,0.0,0.0,-0.980304,-0.980304,1.0,-0.980304,True,False
2024-05-14 03:00:00,2949.18,2956.81,2936.66,2940.99,5395.5951,0.0001,66,3.663282,0.0,trending,,1024.120663,0.089792,0.276537,True,True,1023.837456,0.366153,1024.120663,,trending,4.643586,{},,212.0,ETHUSDT,2024-05-14 03:00:00,ETHUSDT,2940.99,0.096296,LONG,644.693408,0.0,0.0,0.0,644.693408,0.0,0.0,0.0,3.663282,3.663282,1.0,3.663282,True,True
2024-05-14 04:00:00,2940.99,2947.62,2931.01,2937.29,5061.2712,0.0001,66,5.617915,0.0,trending,,1023.365826,0.365861,0.195931,False,,1023.365826,0.365861,1023.365826,,trending,1.954632,{},,213.0,ETHUSDT,2024-05-14 04:00:00,,,,,644.693408,0.0,0.0,0.0,644.693408,0.0,0.0,0.0,5.617915,5.617915,1.0,5.617915,True,False
2024-05-14 05:00:00,2937.29,2949.07,2936.0,2942.69,4078.4047,0.0001,66,1.974292,0.0,trending,,1024.054151,0.366287,-0.168858,False,,1024.054151,0.366287,1024.054151,,trending,-3.643622,{},,214.0,ETHUSDT,2024-05-14 05:00:00,,,,,644.693408,0.0,0.0,0.0,644.693408,0.0,0.0,0.0,1.974292,1.974292,1.0,1.974292,True,False
2024-05-14 06:00:00,2942.69,2942.69,2882.29,2916.03,28100.9364,0.0001,66,16.89016,0.0,trending,,1020.655863,0.364177,1.324839,True,True,1019.303659,1.68993,1020.655863,,trending,14.915868,{},,215.0,ETHUSDT,2024-05-14 06:00:00,ETHUSDT,2916.03,0.463714,LONG,644.693408,0.0,0.0,0.0,644.693408,0.0,0.0,0.0,16.89016,16.89016,1.0,16.89016,True,True
2024-05-14 07:00:00,2916.04,2920.6,2913.06,2920.03,8258.7181,0.0001,66,13.240631,0.0,trending,,1021.666531,1.688334,-0.364271,True,True,1021.294367,1.324546,1021.666531,,trending,-3.649529,{},,216.0,ETHUSDT,2024-05-14 07:00:00,ETHUSDT,2920.03,0.127452,REDUCE_LONG,644.693408,0.0,0.0,0.0,644.693408,0.0,0.0,0.0,13.240631,13.240631,1.0,13.240631,True,True
2024-05-14 08:00:00,2920.02,2920.03,2905.84,2914.06,7522.1618,8.1e-05,66,15.593607,0.0,trending,,1018.528669,1.325427,0.233934,True,True,1018.2904,1.559492,1018.528669,,trending,2.352976,{},,217.0,ETHUSDT,2024-05-14 08:00:00,ETHUSDT,2914.06,0.081765,LONG,644.693408,0.0,0.0,0.0,644.693408,0.0,0.0,0.0,15.593607,15.593607,1.0,15.593607,True,True
2024-05-14 09:00:00,2914.06,2918.58,2906.49,2912.59,4880.0059,8.1e-05,66,15.453261,0.0,trending,,1017.489325,1.559932,-0.014606,False,,1017.489325,1.559932,1017.489325,,trending,-0.140346,{},,218.0,ETHUSDT,2024-05-14 09:00:00,,,,,644.693408,0.0,0.0,0.0,644.693408,0.0,0.0,0.0,15.453261,15.453261,1.0,15.453261,True,False
2024-05-14 10:00:00,2912.6,2914.67,2897.53,2903.92,7753.8079,8.1e-05,66,19.577287,0.0,trending,,1012.764613,1.562544,0.395184,True,True,1012.364385,1.958107,1012.764613,,trending,4.124026,{},,219.0,ETHUSDT,2024-05-14 10:00:00,ETHUSDT,2903.92,0.137824,LONG,644.693408,0.0,0.0,0.0,644.693408,0.0,0.0,0.0,19.577287,19.577287,1.0,19.577287,True,True
2024-05-14 11:00:00,2903.92,2912.61,2903.1,2907.94,3940.7395,8.1e-05,66,15.798951,0.0,trending,,1015.108578,1.955517,-0.375622,True,True,1014.727281,1.580489,1015.108578,,trending,-3.778336,{},,220.0,ETHUSDT,2024-05-14 11:00:00,ETHUSDT,2907.94,0.131123,REDUCE_LONG,644.693408,0.0,0.0,0.0,644.693408,0.0,0.0,0.0,15.798951,15.798951,1.0,15.798951,True,True
2024-05-14 12:00:00,2907.94,2920.0,2887.92,2894.61,27329.4071,8.1e-05,66,20.0,0.0,trending,,1007.37562,1.584725,0.415275,True,True,1006.957282,2.000415,1007.37562,,trending,4.201049,{},,221.0,ETHUSDT,2024-05-14 12:00:00,ETHUSDT,2894.61,0.144523,LONG,644.693408,0.0,0.0,0.0,644.693408,0.0,0.0,0.0,22.237342,22.237342,1.0,22.237342,True,True
2024-05-14 13:00:00,2894.6,2912.43,2889.57,2896.78,13024.9351,8.1e-05,66,19.78061,0.0,trending,,1008.467366,1.998917,-0.020856,False,,1008.467366,1.998917,1008.467366,,trending,-0.21939,{},,222.0,ETHUSDT,2024-05-14 13:00:00,,,,,644.693408,0.0,0.0,0.0,644.693408,0.0,0.0,0.0,19.78061,19.78061,1.0,19.78061,True,False
2024-05-14 14:00:00,2896.79,2924.14,2870.25,2894.3,46163.6681,8.1e-05,66,17.714477,0.0,trending,,1006.741556,2.00063,-0.229182,True,True,1006.510829,1.771854,1006.741556,,trending,-2.066134,{},,223.0,ETHUSDT,2024-05-14 14:00:00,ETHUSDT,2894.3,0.079718,REDUCE_LONG,644.693408,0.0,0.0,0.0,644.693408,0.0,0.0,0.0,17.714477,17.714477,1.0,17.714477,True,True
2024-05-14 15:00:00,2894.29,2915.94,2887.29,2898.93,23456.1617,8.1e-05,66,12.819302,0.0,trending,,1009.363711,1.769672,-0.487742,True,True,1008.871402,1.282556,1009.363711,,trending,-4.895175,{},,224.0,ETHUSDT,2024-05-14 15:00:00,ETHUSDT,2898.93,0.169824,REDUCE_LONG,644.693408,0.0,0.0,0.0,644.693408,0.0,0.0,0.0,12.819302,12.819302,1.0,12.819302,True,True
2024-05-14 16:00:00,2898.94,2900.67,2884.82,2892.88,10511.5175,9.1e-05,66,14.850054,0.0,trending,,1006.170992,1.283314,0.201691,True,True,1005.968056,1.485103,1006.170992,,trending,2.030752,{},,225.0,ETHUSDT,2024-05-14 16:00:00,ETHUSDT,2892.88,0.07015,LONG,644.693408,0.0,0.0,0.0,644.693408,0.0,0.0,0.0,14.850054,14.850054,1.0,14.850054,True,True
2024-05-14 17:00:00,2892.88,2894.95,2862.0,2876.07,17010.097,9.1e-05,66,20.0,0.0,trending,,997.286888,1.489326,0.510674,True,True,996.7776,2.000511,997.286888,,trending,5.149946,{},,226.0,ETHUSDT,2024-05-14 17:00:00,ETHUSDT,2876.07,0.177078,LONG,644.693408,0.0,0.0,0.0,644.693408,0.0,0.0,0.0,21.859645,21.859645,1.0,21.859645,True,True
2024-05-14 18:00:00,2876.06,2890.42,2870.86,2887.57,6610.1904,9.1e-05,66,13.48567,0.0,trending,,1004.75089,1.992571,-0.644004,True,True,1004.103826,1.349436,1004.75089,,trending,-6.51433,{},,227.0,ETHUSDT,2024-05-14 18:00:00,ETHUSDT,2887.57,0.224086,REDUCE_LONG,644.693408,0.0,0.0,0.0,644.693408,0.0,0.0,0.0,13.48567,13.48567,1.0,13.48567,True,True
2024-05-14 19:00:00,2887.58,2897.85,2886.21,2893.74,6005.9144,9.1e-05,66,8.915622,0.0,trending,,1006.99906,1.348431,-0.456869,True,True,1006.538993,0.89197,1006.99906,,trending,-4.570049,{},,228.0,ETHUSDT,2024-05-14 19:00:00,ETHUSDT,2893.74,0.158987,REDUCE_LONG,644.693408,0.0,0.0,0.0,644.693408,0.0,0.0,0.0,8.915622,8.915622,1.0,8.915622,True,True
2024-05-14 20:00:00,2893.73,2900.71,2888.01,2892.5,6251.8842,9.1e-05,66,8.901894,0.0,trending,,1006.154274,0.891928,-0.001739,False,,1006.154274,0.891928,1006.154274,,trending,-0.013728,{},,229.0,ETHUSDT,2024-05-14 20:00:00,,,,,644.693408,0.0,0.0,0.0,644.693408,0.0,0.0,0.0,8.901894,8.901894,1.0,8.901894,True,False
2024-05-14 21:00:00,2892.51,2903.0,2887.5,2896.0,4634.4347,9.1e-05,66,6.236114,0.0,trending,,1007.240173,0.892045,-0.268433,True,True,1006.969796,0.623779,1007.240173,,trending,-2.66578,{},,230.0,ETHUSDT,2024-05-14 21:00:00,ETHUSDT,2896.0,0.093362,REDUCE_LONG,644.693408,0.0,0.0,0.0,644.693408,0.0,0.0,0.0,6.236114,6.236114,1.0,6.236114,True,True
2024-05-14 22:00:00,2895.99,2898.6,2887.77,2889.59,5341.375,9.1e-05,66,9.348665,0.0,trending,,1005.579502,0.623259,0.311608,True,True,1005.266156,0.934846,1005.579502,,trending,3.112551,{},,231.0,ETHUSDT,2024-05-14 22:00:00,ETHUSDT,2889.59,0.10844,LONG,644.693408,0.0,0.0,0.0,644.693408,0.0,0.0,0.0,9.348665,9.348665,1.0,9.348665,True,True
2024-05-14 23:00:00,2889.58,2890.78,2878.65,2881.93,3990.608,9.1e-05,66,13.028947,0.0,trending,,1002.774926,0.934684,0.36821,True,True,1002.405694,1.303006,1002.774926,,trending,3.680282,{},,232.0,ETHUSDT,2024-05-14 23:00:00,ETHUSDT,2881.93,0.12812,LONG,644.693408,0.0,0.0,0.0,644.693408,0.0,0.0,0.0,13.028947,13.028947,1.0,13.028947,True,True
2024-05-15 00:00:00,2881.93,2894.99,2863.75,2869.59,7442.2624,0.0001,64,18.253472,0.0,trending,,996.812991,1.304706,0.520641,True,True,996.294009,1.825777,996.812991,,trending,5.224525,{},,233.0,ETHUSDT,2024-05-15 00:00:00,ETHUSDT,2869.59,0.180856,LONG,644.693408,0.0,0.0,0.0,644.693408,0.0,0.0,0.0,18.253472,18.253472,1.0,18.253472,True,True
2024-05-15 01:00:00,2869.59,2887.47,2868.73,2885.85,4972.0174,0.0001,64,7.375617,0.0,trending,,1006.601097,1.817322,-1.07976,True,True,1005.51421,0.738359,1006.601097,,trending,-10.877856,{},,234.0,ETHUSDT,2024-05-15 01:00:00,ETHUSDT,2885.85,0.376626,REDUCE_LONG,644.693408,0.0,0.0,0.0,644.693408,0.0,0.0,0.0,7.375617,7.375617,1.0,7.375617,True,True
2024-05-15 02:00:00,2885.86,2893.53,2884.19,2888.39,5335.9052,0.0001,64,5.972683,0.0,trending,,1006.167665,0.738529,-0.141261,False,,1006.167665,0.738529,1006.167665,,trending,-1.402934,{},,235.0,ETHUSDT,2024-05-15 02:00:00,,,,,644.693408,0.0,0.0,0.0,644.693408,0.0,0.0,0.0,5.972683,5.972683,1.0,5.972683,True,False
2024-05-15 03:00:00,2888.39,2903.08,2888.38,2902.64,6360.4515,0.0001,64,-3.385009,0.0,trending,,1009.833702,0.739478,-1.077979,True,True,1008.745122,-0.338866,1009.833702,,trending,-9.357691,{},,236.0,ETHUSDT,2024-05-15 03:00:00,ETHUSDT,2902.64,0.117765,SHORT,644.693408,0.0,0.0,0.0,644.693408,0.0,0.0,0.0,-3.385009,-3.385009,1.0,-3.385009,True,True
2024-05-15 04:00:00,2902.65,2904.73,2897.98,2903.81,4157.357,0.0001,64,-3.84859,0.0,trending,,1008.607337,-0.339049,-0.04581,False,,1008.607337,-0.339049,1008.607337,,trending,-0.463582,{},,237.0,ETHUSDT,2024-05-15 04:00:00,,,,,644.693408,0.0,0.0,0.0,644.693408,0.0,0.0,0.0,-3.84859,-3.84859,1.0,-3.84859,True,False
2024-05-15 05:00:00,2903.81,2913.22,2900.26,2906.98,10504.6567,0.0001,64,-5.440302,0.0,trending,,1008.234022,-0.339545,-0.204485,True,True,1008.027853,-0.544141,1008.234022,,trending,-1.591711,{},,238.0,ETHUSDT,2024-05-15 05:00:00,ETHUSDT,2906.98,0.070922,SHORT,644.693408,0.0,0.0,0.0,644.693408,0.0,0.0,0.0,-5.440302,-5.440302,1.0,-5.440302,True,True
2024-05-15 06:00:00,2906.98,2910.6,2900.86,2906.15,4854.6573,0.0001,64,-4.492877,0.0,trending,,1008.184463,-0.543902,0.094614,False,,1008.184463,-0.543902,1008.184463,,trending,0.947425,{},,239.0,ETHUSDT,2024-05-15 06:00:00,,,,,644.693408,0.0,0.0,0.0,644.693408,0.0,0.0,0.0,-4.492877,-4.492877,1.0,-4.492877,True,False
2024-05-15 07:00:00,2906.15,2922.0,2902.63,2916.51,11966.001,0.0001,64,-10.347488,0.0,trending,,1006.229664,-0.546901,-0.487848,True,True,1005.738777,-1.035254,1006.229664,,trending,-5.854611,{},,240.0,ETHUSDT,2024-05-15 07:00:00,ETHUSDT,2916.51,0.168313,SHORT,644.693408,0.0,0.0,0.0,644.693408,0.0,0.0,0.0,-10.347488,-10.347488,1.0,-10.347488,True,True
2024-05-15 08:00:00,2916.5,2919.0,2903.32,2905.2,7202.2635,8.2e-05,64,-2.496211,0.0,trending,,1009.776451,-1.027116,0.777495,True,True,1008.990569,-0.249816,1009.776451,,trending,7.851277,{},,241.0,ETHUSDT,2024-05-15 08:00:00,ETHUSDT,2905.2,0.270238,REDUCE_SHORT,644.693408,0.0,0.0,0.0,644.693408,0.0,0.0,0.0,-2.496211,-2.496211,1.0,-2.496211,True,True
2024-05-15 09:00:00,2905.2,2933.8,2894.29,2920.16,14420.0666,8.2e-05,64,-11.376474,0.0,trending,,1007.692607,-0.251425,-0.886222,True,True,1006.799567,-1.138657,1007.692607,,trending,-8.880263,{},,242.0,ETHUSDT,2024-05-15 09:00:00,ETHUSDT,2920.16,0.305819,SHORT,644.693408,0.0,0.0,0.0,644.693408,0.0,0.0,0.0,-11.376474,-11.376474,1.0,-11.376474,True,True
2024-05-15 10:00:00,2920.16,2923.76,2906.29,2907.28,13941.6206,8.2e-05,64,-2.602014,0.0,trending,,1011.856009,-1.127969,0.867768,True,True,1010.977074,-0.260428,1011.856009,,trending,8.77446,{},,243.0,ETHUSDT,2024-05-15 10:00:00,ETHUSDT,2907.28,0.30202,REDUCE_SHORT,644.693408,0.0,0.0,0.0,644.693408,0.0,0.0,0.0,-2.602014,-2.602014,1.0,-2.602014,True,True
2024-05-15 11:00:00,2907.28,2908.79,2886.81,2898.74,15547.9154,8.2e-05,64,3.510706,0.0,trending,,1011.750465,-0.259464,0.610535,True,True,1011.132493,0.350934,1011.750465,,trending,6.11272,{},,244.0,ETHUSDT,2024-05-15 11:00:00,ETHUSDT,2898.74,0.122535,LONG,644.693408,0.0,0.0,0.0,644.693408,0.0,0.0,0.0,3.510706,3.510706,1.0,3.510706,True,True
2024-05-15 12:00:00,2898.74,2958.7,2893.02,2947.35,44690.675,8.2e-05,64,-20.0,0.0,trending,,1017.082942,0.354731,-2.354731,True,True,1014.687985,-2.004721,1017.082942,,trending,-23.510706,{},,245.0,ETHUSDT,2024-05-15 12:00:00,ETHUSDT,2947.35,0.690168,SHORT,644.693408,0.0,0.0,0.0,644.693408,0.0,0.0,0.0,-24.0,-24.0,1.0,-24.0,True,True
2024-05-15 13:00:00,2947.34,2982.0,2935.43,2950.48,35917.8836,8.2e-05,64,-20.0,0.0,trending,,1012.52776,-2.011131,0.011131,False,,1012.52776,-2.011131,1012.52776,,trending,0.0,{},,246.0,ETHUSDT,2024-05-15 13:00:00,,,,,644.693408,0.0,0.0,0.0,644.693408,0.0,0.0,0.0,-24.0,-24.0,1.0,-24.0,True,False
2024-05-15 14:00:00,2950.49,2976.66,2945.0,2976.08,19583.5458,8.2e-05,64,-20.0,0.0,trending,,994.859466,-2.064608,0.064608,False,,994.859466,-2.064608,994.859466,,trending,0.0,{},,247.0,ETHUSDT,2024-05-15 14:00:00,,,,,644.693408,0.0,0.0,0.0,644.693408,0.0,0.0,0.0,-24.0,-24.0,1.0,-24.0,True,False
2024-05-15 15:00:00,2976.09,2992.99,2969.19,2976.81,32677.7183,8.2e-05,64,-20.0,0.0,trending,,994.355644,-2.06616,0.06616,False,,994.355644,-2.06616,994.355644,,trending,0.0,{},,248.0,ETHUSDT,2024-05-15 15:00:00,,,,,644.693408,0.0,0.0,0.0,644.693408,0.0,0.0,0.0,-24.0,-24.0,1.0,-24.0,True,False
2024-05-15 16:00:00,2976.8,2989.73,2970.0,2974.18,12435.793,9.2e-05,64,-20.0,0.0,trending,,996.170785,-2.060573,0.060573,False,,996.170785,-2.060573,996.170785,,trending,0.0,{},,249.0,ETHUSDT,2024-05-15 16:00:00,,,,,644.693408,0.0,0.0,0.0,644.693408,0.0,0.0,0.0,-24.0,-24.0,1.0,-24.0,True,False
2024-05-15 17:00:00,2974.19,2989.98,2973.17,2983.45,7088.4923,9.2e-05,64,-20.0,0.0,trending,,989.77293,-2.080357,0.080357,False,,989.77293,-2.080357,989.77293,,trending,0.0,{},,250.0,ETHUSDT,2024-05-15 17:00:00,,,,,644.693408,0.0,0.0,0.0,644.693408,0.0,0.0,0.0,-24.0,-24.0,1.0,-24.0,True,False
2024-05-15 18:00:00,2983.45,3008.63,2982.55,3003.56,16626.8738,9.2e-05,64,-20.0,0.0,trending,,975.893657,-2.124166,0.124166,False,,975.893657,-2.124166,975.893657,,trending,0.0,{},,251.0,ETHUSDT,2024-05-15 18:00:00,,,,,644.693408,0.0,0.0,0.0,644.693408,0.0,0.0,0.0,-24.0,-24.0,1.0,-24.0,True,False
2024-05-15 19:00:00,3003.57,3025.96,2991.18,3024.56,19664.4904,9.2e-05,64,-20.0,0.0,trending,,961.400134,-2.171264,0.171264,False,,961.400134,-2.171264,961.400134,,trending,0.0,{},,252.0,ETHUSDT,2024-05-15 19:00:00,,,,,644.693408,0.0,0.0,0.0,644.693408,0.0,0.0,0.0,-24.0,-24.0,1.0,-24.0,True,False
2024-05-15 20:00:00,3024.55,3029.0,3010.56,3021.27,11879.6607,9.2e-05,64,-20.0,0.0,trending,,963.670786,-2.163792,0.163792,False,,963.670786,-2.163792,963.670786,,trending,0.0,{},,253.0,ETHUSDT,2024-05-15 20:00:00,,,,,644.693408,0.0,0.0,0.0,644.693408,0.0,0.0,0.0,-24.0,-24.0,1.0,-24.0,True,False
2024-05-15 21:00:00,3021.27,3023.52,3011.83,3013.45,6759.9004,9.2e-05,64,-20.0,0.0,trending,,969.067898,-2.146172,0.146172,False,,969.067898,-2.146172,969.067898,,trending,0.0,{},,254.0,ETHUSDT,2024-05-15 21:00:00,,,,,644.693408,0.0,0.0,0.0,644.693408,0.0,0.0,0.0,-24.0,-24.0,1.0,-24.0,True,False
2024-05-15 22:00:00,3013.45,3022.73,3009.49,3013.35,7222.6279,9.2e-05,64,-20.0,0.0,trending,,969.136914,-2.145948,0.145948,False,,969.136914,-2.145948,969.136914,,trending,0.0,{},,255.0,ETHUSDT,2024-05-15 22:00:00,,,,,644.693408,0.0,0.0,0.0,644.693408,0.0,0.0,0.0,-24.0,-24.0,1.0,-24.0,True,False
2024-05-15 23:00:00,3013.36,3041.36,3013.35,3032.55,29001.483,9.2e-05,64,-20.0,0.0,trending,,955.885694,-2.189559,0.189559,False,,955.885694,-2.189559,955.885694,,trending,0.0,{},,256.0,ETHUSDT,2024-05-15 23:00:00,,,,,644.693408,0.0,0.0,0.0,644.693408,0.0,0.0,0.0,-24.0,-24.0,1.0,-24.0,True,False
2024-05-16 00:00:00,3032.55,3041.24,3016.39,3021.54,30500.3785,9.2e-05,70,-20.0,0.0,trending,,963.484441,-2.164404,0.164404,False,,963.484441,-2.164404,963.484441,,trending,0.0,{},,257.0,ETHUSDT,2024-05-16 00:00:00,,,,,644.693408,0.0,0.0,0.0,644.693408,0.0,0.0,0.0,-23.959135,-23.959135,1.0,-23.959135,True,False
2024-05-16 01:00:00,3021.54,3024.58,3008.95,3014.99,11328.5553,0.0001,70,-18.405632,0.0,trending,,968.005039,-2.149626,0.309063,True,True,967.705565,-1.841133,968.005039,,trending,1.594368,{},,258.0,ETHUSDT,2024-05-16 01:00:00,ETHUSDT,3014.99,0.099229,REDUCE_SHORT,644.693408,0.0,0.0,0.0,644.693408,0.0,0.0,0.0,-18.405632,-18.405632,1.0,-18.405632,True,True
2024-05-16 02:00:00,3014.99,3016.79,2997.0,3003.8,9052.5956,0.0001,70,-11.039289,0.0,trending,,974.31817,-1.82185,0.717921,True,True,973.617986,-1.104723,974.31817,,trending,7.366343,{},,259.0,ETHUSDT,2024-05-16 02:00:00,ETHUSDT,3003.8,0.232866,REDUCE_SHORT,644.693408,0.0,0.0,0.0,644.693408,0.0,0.0,0.0,-11.039289,-11.039289,1.0,-11.039289,True,True
2024-05-16 03:00:00,3003.8,3018.55,2999.0,3013.44,9958.9888,0.0001,70,-14.536403,0.0,trending,,970.166168,-1.112211,-0.341429,True,True,969.834925,-1.454137,970.166168,,trending,-3.497114,{},,260.0,ETHUSDT,2024-05-16 03:00:00,ETHUSDT,3013.44,0.109922,SHORT,644.693408,0.0,0.0,0.0,644.693408,0.0,0.0,0.0,-14.536403,-14.536403,1.0,-14.536403,True,True
2024-05-16 04:00:00,3013.45,3014.89,3004.46,3008.05,6500.9762,0.0001,70,-10.71695,0.0,trending,,972.357414,-1.44777,0.376075,True,True,971.991368,-1.072099,972.357414,,trending,3.819453,{},,261.0,ETHUSDT,2024-05-16 04:00:00,ETHUSDT,3008.05,0.121567,REDUCE_SHORT,644.693408,0.0,0.0,0.0,644.693408,0.0,0.0,0.0,-10.71695,-10.71695,1.0,-10.71695,True,True
2024-05-16 05:00:00,3008.06,3010.65,3004.81,3006.48,5948.4439,0.0001,70,-9.585449,0.0,trending,,972.535259,-1.07094,0.112395,False,,972.535259,-1.07094,972.535259,,trending,1.131502,{},,262.0,ETHUSDT,2024-05-16 05:00:00,,,,,644.693408,0.0,0.0,0.0,644.693408,0.0,0.0,0.0,-9.585449,-9.585449,1.0,-9.585449,True,False
2024-05-16 06:00:00,3006.48,3019.55,3004.4,3015.46,6659.7147,0.0001,70,-13.328025,0.0,trending,,969.424342,-1.077586,-0.255217,True,True,969.176929,-1.333143,969.424342,,trending,-3.742576,{},,263.0,ETHUSDT,2024-05-16 06:00:00,ETHUSDT,3015.46,0.082048,SHORT,644.693408,0.0,0.0,0.0,644.693408,0.0,0.0,0.0,-13.328025,-13.328025,1.0,-13.328025,True,True
2024-05-16 07:00:00,3015.46,3021.37,3012.89,3016.31,9543.3062,0.0001,70,-12.865054,0.0,trending,,968.812724,-1.33402,0.047514,False,,968.812724,-1.33402,968.812724,,trending,0.462971,{},,264.0,ETHUSDT,2024-05-16 07:00:00,,,,,644.693408,0.0,0.0,0.0,644.693408,0.0,0.0,0.0,-12.865054,-12.865054,1.0,-12.865054,True,False
2024-05-16 08:00:00,3016.31,3027.85,3005.5,3009.19,11475.6163,6.5e-05,70,-8.700728,0.0,trending,,971.863471,-1.326693,0.45662,True,True,971.419254,-0.870471,971.863471,,trending,4.164325,{},,265.0,ETHUSDT,2024-05-16 08:00:00,ETHUSDT,3009.19,0.147472,REDUCE_SHORT,644.693408,0.0,0.0,0.0,644.693408,0.0,0.0,0.0,-8.700728,-8.700728,1.0,-8.700728,True,True
2024-05-16 09:00:00,3009.18,3010.0,2999.4,3010.0,10276.5331,6.5e-05,70,-9.141854,0.0,trending,,971.191642,-0.870909,-0.043276,False,,971.191642,-0.870909,971.191642,,trending,-0.441125,{},,266.0,ETHUSDT,2024-05-16 09:00:00,,,,,644.693408,0.0,0.0,0.0,644.693408,0.0,0.0,0.0,-9.141854,-9.141854,1.0,-9.141854,True,False
2024-05-16 10:00:00,3009.99,3010.4,2989.72,2998.31,13675.4458,6.5e-05,70,-0.811778,0.0,trending,,974.476569,-0.864602,0.783425,True,True,973.712376,-0.081241,974.476569,,trending,8.330076,{},,267.0,ETHUSDT,2024-05-16 10:00:00,ETHUSDT,2998.31,0.25462,REDUCE_SHORT,644.693408,0.0,0.0,0.0,644.693408,0.0,0.0,0.0,-0.811778,-0.811778,1.0,-0.811778,True,True
2024-05-16 11:00:00,2998.31,3009.2,2992.2,3006.45,7755.4168,6.5e-05,70,-6.216968,0.0,trending,,973.497614,-0.08148,-0.540217,True,True,972.971715,-0.622033,973.497614,,trending,-5.40519,{},,268.0,ETHUSDT,2024-05-16 11:00:00,ETHUSDT,3006.45,0.174924,SHORT,644.693408,0.0,0.0,0.0,644.693408,0.0,0.0,0.0,-6.216968,-6.216968,1.0,-6.216968,True,True
2024-05-16 12:00:00,3006.45,3009.12,2973.84,2980.0,26479.0093,6.5e-05,70,11.640669,0.0,trending,,978.296292,-0.613205,1.777271,True,True,976.556994,1.164974,978.296292,,trending,17.857636,{},,269.0,ETHUSDT,2024-05-16 12:00:00,ETHUSDT,2980.0,0.382148,LONG,644.693408,0.0,0.0,0.0,644.693408,0.0,0.0,0.0,11.640669,11.640669,1.0,11.640669,True,True
2024-05-16 13:00:00,2980.01,2987.87,2967.0,2983.14,18564.9339,6.5e-05,70,8.41885,0.0,trending,,977.75574,1.164772,-0.322887,True,True,977.440036,0.842157,977.75574,,trending,-3.221819,{},,270.0,ETHUSDT,2024-05-16 13:00:00,ETHUSDT,2983.14,0.10583,REDUCE_LONG,644.693408,0.0,0.0,0.0,644.693408,0.0,0.0,0.0,8.41885,8.41885,1.0,8.41885,True,True
2024-05-16 14:00:00,2983.15,2987.27,2937.7,2941.27,25846.5044,6.5e-05,70,20.0,0.0,trending,,965.886565,0.840269,1.159731,True,True,964.766397,2.001161,965.886565,,trending,11.58115,{},,271.0,ETHUSDT,2024-05-16 14:00:00,ETHUSDT,2941.27,0.380845,LONG,644.693408,0.0,0.0,0.0,644.693408,0.0,0.0,0.0,24.0,24.0,1.0,24.0,True,True
2024-05-16 15:00:00,2941.28,2961.7,2931.05,2956.57,18371.3602,6.5e-05,70,20.0,0.0,trending,,974.809334,1.990847,0.009153,False,,974.809334,1.990847,974.809334,,trending,0.0,{},,272.0,ETHUSDT,2024-05-16 15:00:00,,,,,644.693408,0.0,0.0,0.0,644.693408,0.0,0.0,0.0,20.242602,20.242602,1.0,20.242602,True,False
2024-05-16 16:00:00,2956.57,2960.64,2943.39,2946.62,20053.4883,5.4e-05,70,20.0,0.0,trending,,968.278143,1.99753,0.00247,False,,968.278143,1.99753,968.278143,,trending,0.0,{},,273.0,ETHUSDT,2024-05-16 16:00:00,,,,,644.693408,0.0,0.0,0.0,644.693408,0.0,0.0,0.0,24.0,24.0,1.0,24.0,True,False
2024-05-16 17:00:00,2946.62,2952.42,2925.02,2947.24,14508.8812,5.4e-05,70,20.0,0.0,trending,,968.685111,1.997111,0.002889,False,,968.685111,1.997111,968.685111,,trending,0.0,{},,274.0,ETHUSDT,2024-05-16 17:00:00,,,,,644.693408,0.0,0.0,0.0,644.693408,0.0,0.0,0.0,20.888764,20.888764,1.0,20.888764,True,False
2024-05-16 18:00:00,2947.24,2954.35,2946.39,2949.01,6901.1179,5.4e-05,70,18.095953,0.0,trending,,969.846941,1.995916,-0.186321,False,,969.846941,1.995916,969.846941,,trending,-1.904047,{},,275.0,ETHUSDT,2024-05-16 18:00:00,,,,,644.693408,0.0,0.0,0.0,644.693408,0.0,0.0,0.0,18.095953,18.095953,1.0,18.095953,True,False
2024-05-16 19:00:00,2949.0,2956.17,2943.41,2944.76,6824.4725,5.4e-05,70,19.624532,0.0,trending,,967.057237,1.998789,-0.036336,False,,967.057237,1.998789,967.057237,,trending,1.528579,{},,276.0,ETHUSDT,2024-05-16 19:00:00,,,,,644.693408,0.0,0.0,0.0,644.693408,0.0,0.0,0.0,19.624532,19.624532,1.0,19.624532,True,False
2024-05-16 20:00:00,2944.75,2945.93,2933.51,2937.37,5444.6223,5.4e-05,70,20.0,0.0,trending,,962.206432,2.003825,-0.003825,False,,962.206432,2.003825,962.206432,,trending,0.375468,{},,277.0,ETHUSDT,2024-05-16 20:00:00,,,,,644.693408,0.0,0.0,0.0,644.693408,0.0,0.0,0.0,23.033107,23.033107,1.0,23.033107,True,False
2024-05-16 21:00:00,2937.37,2941.44,2927.1,2940.59,6267.345,5.4e-05,70,18.857275,0.0,trending,,964.320044,2.001624,-0.115897,False,,964.320044,2.001624,964.320044,,trending,-1.142725,{},,278.0,ETHUSDT,2024-05-16 21:00:00,,,,,644.693408,0.0,0.0,0.0,644.693408,0.0,0.0,0.0,18.857275,18.857275,1.0,18.857275,True,False
2024-05-16 22:00:00,2940.59,2940.8,2922.8,2939.54,5394.5438,5.4e-05,70,17.815163,0.0,trending,,963.630823,2.002341,-0.220825,True,True,963.418029,1.78191,963.630823,,trending,-1.042112,{},,279.0,ETHUSDT,2024-05-16 22:00:00,ETHUSDT,2939.54,0.07239,REDUCE_LONG,644.693408,0.0,0.0,0.0,644.693408,0.0,0.0,0.0,17.815163,17.815163,1.0,17.815163,True,True
2024-05-16 23:00:00,2939.54,2946.1,2931.81,2944.7,6541.9013,5.4e-05,70,12.994035,0.0,trending,,966.431527,1.779472,-0.480068,True,True,965.967574,1.300028,966.431527,,trending,-4.821128,{},,280.0,ETHUSDT,2024-05-16 23:00:00,ETHUSDT,2944.7,0.157555,REDUCE_LONG,644.693408,0.0,0.0,0.0,644.693408,0.0,0.0,0.0,12.994035,12.994035,1.0,12.994035,True,True
2024-05-17 00:00:00,2944.7,2953.13,2940.96,2952.65,6770.1314,5.3e-05,74,6.560155,0.0,trending,,969.357898,1.298978,-0.642963,True,True,968.734637,0.656438,969.357898,,trending,-6.43388,{},,281.0,ETHUSDT,2024-05-17 00:00:00,ETHUSDT,2952.65,0.211085,REDUCE_LONG,644.693408,0.0,0.0,0.0,644.693408,0.0,0.0,0.0,6.560155,6.560155,1.0,6.560155,True,True
2024-05-17 01:00:00,2952.65,2952.99,2933.06,2945.27,7558.0652,5.3e-05,74,10.318542,0.0,trending,,967.145202,0.655873,0.375981,True,True,966.781574,1.031866,967.145202,,trending,3.758387,{},,282.0,ETHUSDT,2024-05-17 01:00:00,ETHUSDT,2945.27,0.123462,LONG,644.693408,0.0,0.0,0.0,644.693408,0.0,0.0,0.0,10.318542,10.318542,1.0,10.318542,True,True
2024-05-17 02:00:00,2945.26,2956.03,2940.62,2950.21,6386.9951,5.3e-05,74,6.253042,0.0,trending,,968.454796,1.031811,-0.406507,True,True,968.061112,0.625559,968.454796,,trending,-4.0655,{},,283.0,ETHUSDT,2024-05-17 02:00:00,ETHUSDT,2950.21,0.133443,REDUCE_LONG,644.693408,0.0,0.0,0.0,644.693408,0.0,0.0,0.0,6.253042,6.253042,1.0,6.253042,True,True
2024-05-17 03:00:00,2950.21,2956.28,2948.14,2950.49,8279.9689,5.3e-05,74,5.487954,0.0,trending,,968.118587,0.625581,-0.076785,False,,968.118587,0.625581,968.118587,,trending,-0.765089,{},,284.0,ETHUSDT,2024-05-17 03:00:00,,,,,644.693408,0.0,0.0,0.0,644.693408,0.0,0.0,0.0,5.487954,5.487954,1.0,5.487954,True,False
2024-05-17 04:00:00,2950.5,2957.0,2944.56,2945.32,6333.5765,5.3e-05,74,8.403013,0.0,trending,,967.05736,0.62517,0.215131,True,True,966.849315,0.840267,967.05736,,trending,2.915059,{},,285.0,ETHUSDT,2024-05-17 04:00:00,ETHUSDT,2945.32,0.070636,LONG,644.693408,0.0,0.0,0.0,644.693408,0.0,0.0,0.0,8.403013,8.403013,1.0,8.403013,True,True
2024-05-17 05:00:00,2945.32,2949.94,2941.0,2947.34,4853.1661,5.3e-05,74,6.338426,0.0,trending,,967.406494,0.840359,-0.206516,True,True,967.206709,0.633974,967.406494,,trending,-2.064587,{},,286.0,ETHUSDT,2024-05-17 05:00:00,ETHUSDT,2947.34,0.067785,REDUCE_LONG,644.693408,0.0,0.0,0.0,644.693408,0.0,0.0,0.0,6.338426,6.338426,1.0,6.338426,True,True
2024-05-17 06:00:00,2947.35,2967.99,2940.0,2960.47,14836.5258,5.3e-05,74,-2.650057,0.0,trending,,969.938358,0.635004,-0.90001,True,True,969.065404,-0.265244,969.938358,,trending,-8.988483,{},,287.0,ETHUSDT,2024-05-17 06:00:00,ETHUSDT,2960.47,0.086824,SHORT,644.693408,0.0,0.0,0.0,644.693408,0.0,0.0,0.0,-2.650057,-2.650057,1.0,-2.650057,True,True
2024-05-17 07:00:00,2960.46,3033.0,2960.45,3024.67,57064.5765,5.3e-05,74,-20.0,0.0,trending,,963.491319,-0.272564,-1.727436,True,True,961.826949,-2.003461,963.491319,,trending,-17.349943,{},,288.0,ETHUSDT,2024-05-17 07:00:00,ETHUSDT,3024.67,0.550265,SHORT,644.693408,0.0,0.0,0.0,644.693408,0.0,0.0,0.0,-24.0,-24.0,1.0,-24.0,True,True
2024-05-17 08:00:00,3024.66,3059.53,3017.74,3028.15,33359.9847,8.5e-05,74,-20.0,0.0,trending,,959.609881,-2.0104,0.0104,False,,959.609881,-2.0104,959.609881,,trending,0.0,{},,289.0,ETHUSDT,2024-05-17 08:00:00,,,,,644.693408,0.0,0.0,0.0,644.693408,0.0,0.0,0.0,-24.0,-24.0,1.0,-24.0,True,False
2024-05-17 09:00:00,3028.14,3035.71,3023.38,3028.01,10685.374,8.5e-05,74,-20.0,0.0,trending,,959.699073,-2.01012,0.01012,False,,959.699073,-2.01012,959.699073,,trending,0.0,{},,290.0,ETHUSDT,2024-05-17 09:00:00,,,,,644.693408,0.0,0.0,0.0,644.693408,0.0,0.0,0.0,-24.0,-24.0,1.0,-24.0,True,False
2024-05-17 10:00:00,3028.0,3039.75,3018.0,3037.1,15510.154,8.5e-05,74,-20.0,0.0,trending,,953.907938,-2.028395,0.028395,False,,953.907938,-2.028395,953.907938,,trending,0.0,{},,291.0,ETHUSDT,2024-05-17 10:00:00,,,,,644.693408,0.0,0.0,0.0,644.693408,0.0,0.0,0.0,-24.0,-24.0,1.0,-24.0,True,False
2024-05-17 11:00:00,3037.1,3037.81,3024.22,3030.4,9042.1341,8.5e-05,74,-20.0,0.0,trending,,958.176432,-2.014904,0.014904,False,,958.176432,-2.014904,958.176432,,trending,0.0,{},,292.0,ETHUSDT,2024-05-17 11:00:00,,,,,644.693408,0.0,0.0,0.0,644.693408,0.0,0.0,0.0,-24.0,-24.0,1.0,-24.0,True,False
2024-05-17 12:00:00,3030.4,3084.9,3020.1,3079.79,26334.5705,8.5e-05,74,-20.0,0.0,trending,,926.710628,-2.117273,0.117273,False,,926.710628,-2.117273,926.710628,,trending,0.0,{},,293.0,ETHUSDT,2024-05-17 12:00:00,,,,,644.693408,0.0,0.0,0.0,644.693408,0.0,0.0,0.0,-24.0,-24.0,1.0,-24.0,True,False
2024-05-17 13:00:00,3079.79,3088.59,3053.48,3059.48,21973.2716,8.5e-05,74,-20.0,0.0,trending,,939.649897,-2.074347,0.074347,False,,939.649897,-2.074347,939.649897,,trending,0.0,{},,294.0,ETHUSDT,2024-05-17 13:00:00,,,,,644.693408,0.0,0.0,0.0,644.693408,0.0,0.0,0.0,-24.0,-24.0,1.0,-24.0,True,False
2024-05-17 14:00:00,3059.49,3094.55,3057.24,3092.0,24088.3533,8.5e-05,74,-20.0,0.0,trending,,918.931777,-2.143661,0.143661,False,,918.931777,-2.143661,918.931777,,trending,0.0,{},,295.0,ETHUSDT,2024-05-17 14:00:00,,,,,644.693408,0.0,0.0,0.0,644.693408,0.0,0.0,0.0,-24.0,-24.0,1.0,-24.0,True,False
2024-05-17 15:00:00,3092.0,3118.54,3076.2,3111.54,36567.9275,8.5e-05,74,-20.0,0.0,trending,,906.483066,-2.186832,0.186832,False,,906.483066,-2.186832,906.483066,,trending,0.0,{},,296.0,ETHUSDT,2024-05-17 15:00:00,,,,,644.693408,0.0,0.0,0.0,644.693408,0.0,0.0,0.0,-24.0,-24.0,1.0,-24.0,True,False
2024-05-17 16:00:00,3111.54,3120.0,3093.74,3095.75,16142.2248,4.3e-05,74,-20.0,0.0,trending,,916.542695,-2.151855,0.151855,False,,916.542695,-2.151855,916.542695,,trending,0.0,{},,297.0,ETHUSDT,2024-05-17 16:00:00,,,,,644.693408,0.0,0.0,0.0,644.693408,0.0,0.0,0.0,-24.0,-24.0,1.0,-24.0,True,False
2024-05-17 17:00:00,3095.76,3102.79,3084.0,3085.44,17473.9102,4.3e-05,74,-20.0,0.0,trending,,923.111078,-2.129428,0.129428,False,,923.111078,-2.129428,923.111078,,trending,0.0,{},,298.0,ETHUSDT,2024-05-17 17:00:00,,,,,644.693408,0.0,0.0,0.0,644.693408,0.0,0.0,0.0,-24.0,-24.0,1.0,-24.0,True,False
2024-05-17 18:00:00,3085.43,3089.61,3067.16,3087.41,14203.5753,4.3e-05,74,-20.0,0.0,trending,,921.856013,-2.133688,0.133688,False,,921.856013,-2.133688,921.856013,,trending,0.0,{},,299.0,ETHUSDT,2024-05-17 18:00:00,,,,,644.693408,0.0,0.0,0.0,644.693408,0.0,0.0,0.0,-24.0,-24.0,1.0,-24.0,True,False
2024-05-17 19:00:00,3087.41,3089.58,3079.18,3085.16,4631.3132,4.3e-05,74,-20.0,0.0,trending,,923.289462,-2.128823,0.128823,False,,923.289462,-2.128823,923.289462,,trending,0.0,{},,300.0,ETHUSDT,2024-05-17 19:00:00,,,,,644.693408,0.0,0.0,0.0,644.693408,0.0,0.0,0.0,-22.002875,-22.002875,1.0,-22.002875,True,False
2024-05-17 20:00:00,3085.16,3091.99,3080.59,3088.99,3643.4138,4.3e-05,74,-20.0,0.0,trending,,920.849413,-2.137114,0.137114,False,,920.849413,-2.137114,920.849413,,trending,0.0,{},,301.0,ETHUSDT,2024-05-17 20:00:00,,,,,644.693408,0.0,0.0,0.0,644.693408,0.0,0.0,0.0,-21.701054,-21.701054,1.0,-21.701054,True,False
2024-05-17 21:00:00,3088.99,3094.0,3085.43,3086.19,4055.6018,4.3e-05,74,-18.7511,0.0,trending,,922.633261,-2.131049,0.255939,True,True,922.396887,-1.87559,922.633261,,trending,1.2489,{},,302.0,ETHUSDT,2024-05-17 21:00:00,ETHUSDT,3086.19,0.076514,REDUCE_SHORT,644.693408,0.0,0.0,0.0,644.693408,0.0,0.0,0.0,-18.7511,-18.7511,1.0,-18.7511,True,True
2024-05-17 22:00:00,3086.19,3095.76,3085.95,3090.99,4128.1185,4.3e-05,74,-19.43805,0.0,trending,,919.706131,-1.884004,-0.059802,False,,919.706131,-1.884004,919.706131,,trending,-0.686951,{},,303.0,ETHUSDT,2024-05-17 22:00:00,,,,,644.693408,0.0,0.0,0.0,644.693408,0.0,0.0,0.0,-19.43805,-19.43805,1.0,-19.43805,True,False
2024-05-17 23:00:00,3090.98,3094.34,3087.72,3092.01,3801.8403,4.3e-05,74,-18.126803,0.0,trending,,919.134345,-1.885798,0.073117,False,,919.134345,-1.885798,919.134345,,trending,1.311248,{},,304.0,ETHUSDT,2024-05-17 23:00:00,,,,,644.693408,0.0,0.0,0.0,644.693408,0.0,0.0,0.0,-18.126803,-18.126803,1.0,-18.126803,True,False
2024-05-18 00:00:00,3092.0,3098.8,3086.12,3096.45,6069.8337,7.5e-05,73,-18.511903,0.0,trending,,916.645395,-1.893633,0.042443,False,,916.645395,-1.893633,916.645395,,trending,-0.3851,{},,305.0,ETHUSDT,2024-05-18 00:00:00,,,,,644.693408,0.0,0.0,0.0,644.693408,0.0,0.0,0.0,-18.511903,-18.511903,1.0,-18.511903,True,False
2024-05-18 01:00:00,3096.45,3114.0,3083.61,3108.19,11371.189,7.5e-05,73,-20.0,0.0,trending,,910.064253,-1.914559,-0.085441,False,,910.064253,-1.914559,910.064253,,trending,-1.488097,{},,306.0,ETHUSDT,2024-05-18 01:00:00,,,,,644.693408,0.0,0.0,0.0,644.693408,0.0,0.0,0.0,-21.442552,-21.442552,1.0,-21.442552,True,False
2024-05-18 02:00:00,3108.19,3109.4,3092.23,3099.06,9378.3659,7.5e-05,73,-15.539054,0.0,trending,,915.182296,-1.898259,0.344354,True,True,914.866834,-1.554441,915.182296,,trending,4.460946,{},,307.0,ETHUSDT,2024-05-18 02:00:00,ETHUSDT,3099.06,0.101691,REDUCE_SHORT,644.693408,0.0,0.0,0.0,644.693408,0.0,0.0,0.0,-15.539054,-15.539054,1.0,-15.539054,True,True
2024-05-18 03:00:00,3099.06,3126.66,3098.6,3114.4,19575.3142,7.5e-05,73,-20.0,0.0,trending,,907.827565,-1.574248,-0.425752,True,True,907.441056,-2.000852,907.827565,,trending,-4.460946,{},,308.0,ETHUSDT,2024-05-18 03:00:00,ETHUSDT,3114.4,0.124104,SHORT,644.693408,0.0,0.0,0.0,644.693408,0.0,0.0,0.0,-23.232994,-23.232994,1.0,-23.232994,True,True
2024-05-18 04:00:00,3114.39,3119.94,3099.16,3101.84,6957.4088,7.5e-05,73,-15.275421,0.0,trending,,914.763374,-1.976831,0.449289,True,True,914.351969,-1.528229,914.763374,,trending,4.724579,{},,309.0,ETHUSDT,2024-05-18 04:00:00,ETHUSDT,3101.84,0.1325,REDUCE_SHORT,644.693408,0.0,0.0,0.0,644.693408,0.0,0.0,0.0,-15.275421,-15.275421,1.0,-15.275421,True,True
2024-05-18 05:00:00,3101.84,3102.29,3093.27,3097.39,7530.2247,7.5e-05,73,-11.522599,0.0,trending,,916.356638,-1.522699,0.370439,True,True,916.016844,-1.152687,916.356638,,trending,3.752822,{},,310.0,ETHUSDT,2024-05-18 05:00:00,ETHUSDT,3097.39,0.109594,REDUCE_SHORT,644.693408,0.0,0.0,0.0,644.693408,0.0,0.0,0.0,-11.522599,-11.522599,1.0,-11.522599,True,True
2024-05-18 06:00:00,3097.38,3100.35,3090.71,3099.01,6199.1549,7.5e-05,73,-11.61344,0.0,trending,,915.464596,-1.153986,-0.007358,False,,915.464596,-1.153986,915.464596,,trending,-0.090841,{},,311.0,ETHUSDT,2024-05-18 06:00:00,,,,,644.693408,0.0,0.0,0.0,644.693408,0.0,0.0,0.0,-11.61344,-11.61344,1.0,-11.61344,True,False
2024-05-18 07:00:00,3099.01,3114.0,3095.81,3101.99,9348.0281,7.5e-05,73,-12.032331,0.0,trending,,914.448733,-1.156379,-0.046854,False,,914.448733,-1.156379,914.448733,,trending,-0.418891,{},,312.0,ETHUSDT,2024-05-18 07:00:00,,,,,644.693408,0.0,0.0,0.0,644.693408,0.0,0.0,0.0,-12.032331,-12.032331,1.0,-12.032331,True,False
2024-05-18 08:00:00,3102.0,3120.37,3100.27,3117.1,8862.2099,3.4e-05,73,-20.0,0.0,trending,,909.297828,-1.168594,-0.831406,True,True,908.541832,-2.001664,909.297828,,trending,-7.967669,{},,313.0,ETHUSDT,2024-05-18 08:00:00,ETHUSDT,3117.1,0.242532,SHORT,644.693408,0.0,0.0,0.0,644.693408,0.0,0.0,0.0,-21.3453,-21.3453,1.0,-21.3453,True,True
2024-05-18 09:00:00,3117.1,3128.83,3112.2,3126.75,9916.9599,3.4e-05,73,-20.0,0.0,trending,,902.911776,-2.020381,0.020381,False,,902.911776,-2.020381,902.911776,,trending,0.0,{},,314.0,ETHUSDT,2024-05-18 09:00:00,,,,,644.693408,0.0,0.0,0.0,644.693408,0.0,0.0,0.0,-24.0,-24.0,1.0,-24.0,True,False
2024-05-18 10:00:00,3126.74,3143.45,3120.4,3137.19,16978.4458,3.4e-05,73,-20.0,0.0,trending,,896.820814,-2.040895,0.040895,False,,896.820814,-2.040895,896.820814,,trending,0.0,{},,315.0,ETHUSDT,2024-05-18 10:00:00,,,,,644.693408,0.0,0.0,0.0,644.693408,0.0,0.0,0.0,-24.0,-24.0,1.0,-24.0,True,False
2024-05-18 11:00:00,3137.2,3146.98,3132.15,3133.79,12112.509,3.4e-05,73,-20.0,0.0,trending,,898.80446,-2.034183,0.034183,False,,898.80446,-2.034183,898.80446,,trending,0.0,{},,316.0,ETHUSDT,2024-05-18 11:00:00,,,,,644.693408,0.0,0.0,0.0,644.693408,0.0,0.0,0.0,-24.0,-24.0,1.0,-24.0,True,False
2024-05-18 12:00:00,3133.79,3135.0,3116.31,3117.59,11322.4986,3.4e-05,73,-14.626065,0.0,trending,,908.255954,-2.002609,0.540002,True,True,907.765002,-1.463398,908.255954,,trending,5.373935,{},,317.0,ETHUSDT,2024-05-18 12:00:00,ETHUSDT,3117.59,0.15732,REDUCE_SHORT,644.693408,0.0,0.0,0.0,644.693408,0.0,0.0,0.0,-14.626065,-14.626065,1.0,-14.626065,True,True
2024-05-18 13:00:00,3117.6,3121.75,3106.02,3108.01,11311.9149,3.4e-05,73,-6.228783,0.0,trending,,911.847089,-1.45237,0.829491,True,True,911.089963,-0.623396,911.847089,,trending,8.397282,{},,318.0,ETHUSDT,2024-05-18 13:00:00,ETHUSDT,3108.01,0.243361,REDUCE_SHORT,644.693408,0.0,0.0,0.0,644.693408,0.0,0.0,0.0,-6.228783,-6.228783,1.0,-6.228783,True,True
2024-05-18 14:00:00,3108.0,3114.99,3095.71,3105.06,13002.9756,3.4e-05,73,-3.474211,0.0,trending,,911.629057,-0.622436,0.275015,True,True,911.378095,-0.347517,911.629057,,trending,2.754572,{},,319.0,ETHUSDT,2024-05-18 14:00:00,ETHUSDT,3105.06,0.080743,REDUCE_SHORT,644.693408,0.0,0.0,0.0,644.693408,0.0,0.0,0.0,-3.474211,-3.474211,1.0,-3.474211,True,True
2024-05-18 15:00:00,3105.05,3115.0,3101.58,3110.89,7300.7299,3.4e-05,73,-7.454604,0.0,trending,,910.783429,-0.348397,-0.397064,True,True,910.42179,-0.745757,910.783429,,trending,-3.980393,{},,320.0,ETHUSDT,2024-05-18 15:00:00,ETHUSDT,3110.89,0.116249,SHORT,644.693408,0.0,0.0,0.0,644.693408,0.0,0.0,0.0,-7.454604,-7.454604,1.0,-7.454604,True,True
2024-05-18 16:00:00,3110.89,3121.2,3105.88,3110.96,8173.0127,7.8e-05,73,-6.715524,0.0,trending,,910.406513,-0.745786,0.074233,False,,910.406513,-0.745786,910.406513,,trending,0.73908,{},,321.0,ETHUSDT,2024-05-18 16:00:00,,,,,644.693408,0.0,0.0,0.0,644.693408,0.0,0.0,0.0,-6.715524,-6.715524,1.0,-6.715524,True,False
2024-05-18 17:00:00,3110.96,3118.6,3109.8,3114.24,3833.2545,7.8e-05,73,-8.482847,0.0,trending,,909.690651,-0.74716,-0.101125,False,,909.690651,-0.74716,909.690651,,trending,-1.767323,{},,322.0,ETHUSDT,2024-05-18 17:00:00,,,,,644.693408,0.0,0.0,0.0,644.693408,0.0,0.0,0.0,-8.482847,-8.482847,1.0,-8.482847,True,False
2024-05-18 18:00:00,3114.25,3117.4,3110.07,3112.23,3203.0902,7.8e-05,73,-6.244574,0.0,trending,,910.129335,-0.746318,0.12186,False,,910.129335,-0.746318,910.129335,,trending,2.238273,{},,323.0,ETHUSDT,2024-05-18 18:00:00,,,,,644.693408,0.0,0.0,0.0,644.693408,0.0,0.0,0.0,-6.244574,-6.244574,1.0,-6.244574,True,False
2024-05-18 19:00:00,3112.22,3120.69,3110.61,3119.69,2561.307,7.8e-05,73,-11.05805,0.0,trending,,908.501187,-0.749447,-0.356358,True,True,908.177435,-1.106199,908.501187,,trending,-4.813476,{},,324.0,ETHUSDT,2024-05-18 19:00:00,ETHUSDT,3119.69,0.103777,SHORT,644.693408,0.0,0.0,0.0,644.693408,0.0,0.0,0.0,-11.05805,-11.05805,1.0,-11.05805,True,True
2024-05-18 20:00:00,3119.69,3126.89,3114.25,3120.0,4589.7017,7.8e-05,73,-10.233351,0.0,trending,,908.077606,-1.106431,0.083096,False,,908.077606,-1.106431,908.077606,,trending,0.824699,{},,325.0,ETHUSDT,2024-05-18 20:00:00,,,,,644.693408,0.0,0.0,0.0,644.693408,0.0,0.0,0.0,-10.233351,-10.233351,1.0,-10.233351,True,False
2024-05-18 21:00:00,3120.0,3121.78,3106.05,3115.79,4775.5687,7.8e-05,73,-6.460525,0.0,trending,,909.433341,-1.103291,0.457238,True,True,909.017097,-0.646348,909.433341,,trending,3.772827,{},,326.0,ETHUSDT,2024-05-18 21:00:00,ETHUSDT,3115.79,0.133458,REDUCE_SHORT,644.693408,0.0,0.0,0.0,644.693408,0.0,0.0,0.0,-6.460525,-6.460525,1.0,-6.460525,True,True
2024-05-18 22:00:00,3115.8,3126.38,3113.8,3117.92,3028.9715,7.8e-05,73,-7.590104,0.0,trending,,908.615445,-0.647076,-0.111934,False,,908.615445,-0.647076,908.615445,,trending,-1.129579,{},,327.0,ETHUSDT,2024-05-18 22:00:00,,,,,644.693408,0.0,0.0,0.0,644.693408,0.0,0.0,0.0,-7.590104,-7.590104,1.0,-7.590104,True,False
2024-05-18 23:00:00,3117.91,3124.77,3115.7,3122.94,2573.8764,7.8e-05,73,-11.478915,0.0,trending,,907.668828,-0.648794,-0.499098,True,True,907.215813,-1.148465,907.668828,,trending,-3.888812,{},,328.0,ETHUSDT,2024-05-18 23:00:00,ETHUSDT,3122.94,0.145061,SHORT,644.693408,0.0,0.0,0.0,644.693408,0.0,0.0,0.0,-11.478915,-11.478915,1.0,-11.478915,True,True
2024-05-19 00:00:00,3122.94,3125.5,3112.61,3112.97,4333.8595,7.4e-05,72,-2.175957,0.0,trending,,910.542101,-1.140616,0.92302,True,True,909.70081,-0.217797,910.542101,,trending,9.302958,{},,329.0,ETHUSDT,2024-05-19 00:00:00,ETHUSDT,3112.97,0.269983,REDUCE_SHORT,644.693408,0.0,0.0,0.0,644.693408,0.0,0.0,0.0,-2.175957,-2.175957,1.0,-2.175957,True,True
2024-05-19 01:00:00,3112.96,3120.77,3112.96,3117.93,2742.167,7.4e-05,72,-6.223649,0.0,trending,,909.385123,-0.21822,-0.404145,True,True,909.017599,-0.622617,909.385123,,trending,-4.047692,{},,330.0,ETHUSDT,2024-05-19 01:00:00,ETHUSDT,3117.93,0.117874,SHORT,644.693408,0.0,0.0,0.0,644.693408,0.0,0.0,0.0,-6.223649,-6.223649,1.0,-6.223649,True,True
2024-05-19 02:00:00,3117.93,3136.64,3117.66,3133.2,7461.8525,7.4e-05,72,-18.104208,0.0,trending,,906.245776,-0.627579,-1.182841,True,True,905.173831,-1.812565,906.245776,,trending,-11.880559,{},,331.0,ETHUSDT,2024-05-19 02:00:00,ETHUSDT,3133.2,0.342125,SHORT,644.693408,0.0,0.0,0.0,644.693408,0.0,0.0,0.0,-18.104208,-18.104208,1.0,-18.104208,True,True
2024-05-19 03:00:00,3133.21,3134.12,3126.2,3129.36,4301.0635,7.4e-05,72,-13.680434,0.0,trending,,907.18463,-1.806331,0.438287,True,True,906.786624,-1.368644,907.18463,,trending,4.423775,{},,332.0,ETHUSDT,2024-05-19 03:00:00,ETHUSDT,3129.36,0.127057,REDUCE_SHORT,644.693408,0.0,0.0,0.0,644.693408,0.0,0.0,0.0,-13.680434,-13.680434,1.0,-13.680434,True,True
2024-05-19 04:00:00,3129.35,3130.52,3114.28,3123.3,4403.4365,7.4e-05,72,-7.272063,0.0,trending,,909.18995,-1.362383,0.635176,True,True,908.611876,-0.727669,909.18995,,trending,6.408371,{},,333.0,ETHUSDT,2024-05-19 04:00:00,ETHUSDT,3123.3,0.184899,REDUCE_SHORT,644.693408,0.0,0.0,0.0,644.693408,0.0,0.0,0.0,-7.272063,-7.272063,1.0,-7.272063,True,True
2024-05-19 05:00:00,3123.31,3124.7,3117.34,3119.29,3528.796,7.4e-05,72,-3.193864,0.0,trending,,909.460749,-0.726056,0.40667,True,True,909.090528,-0.319516,909.460749,,trending,4.078199,{},,334.0,ETHUSDT,2024-05-19 05:00:00,ETHUSDT,3119.29,0.118569,REDUCE_SHORT,644.693408,0.0,0.0,0.0,644.693408,0.0,0.0,0.0,-3.193864,-3.193864,1.0,-3.193864,True,True
2024-05-19 06:00:00,3119.28,3119.29,3103.33,3110.0,4662.599,7.4e-05,72,5.630643,0.0,trending,,909.955616,-0.318262,0.881326,True,True,909.153359,0.562998,909.955616,,trending,8.824506,{},,335.0,ETHUSDT,2024-05-19 06:00:00,ETHUSDT,3110.0,0.164747,LONG,644.693408,0.0,0.0,0.0,644.693408,0.0,0.0,0.0,5.630643,5.630643,1.0,5.630643,True,True
2024-05-19 07:00:00,3110.0,3118.26,3104.32,3115.81,5478.6373,7.4e-05,72,-0.284381,0.0,trending,,910.109582,0.563457,-0.591895,True,True,909.570893,-0.028455,910.109582,,trending,-5.915024,{},,336.0,ETHUSDT,2024-05-19 07:00:00,ETHUSDT,3115.81,0.008307,SHORT,644.693408,0.0,0.0,0.0,644.693408,0.0,0.0,0.0,-0.284381,-0.284381,1.0,-0.284381,True,True
2024-05-19 08:00:00,3115.8,3116.6,3103.75,3107.55,5503.9369,3.5e-05,72,7.584967,0.0,trending,,909.639506,-0.028377,0.786874,True,True,908.923708,0.758335,909.639506,,trending,7.869349,{},,337.0,ETHUSDT,2024-05-19 08:00:00,ETHUSDT,3107.55,0.222027,LONG,644.693408,0.0,0.0,0.0,644.693408,0.0,0.0,0.0,7.584967,7.584967,1.0,7.584967,True,True
2024-05-19 09:00:00,3107.56,3110.76,3098.13,3110.1,8831.0808,3.5e-05,72,4.494595,0.0,trending,,909.48931,0.758485,-0.309026,True,True,909.208254,0.449598,909.48931,,trending,-3.090372,{},,338.0,ETHUSDT,2024-05-19 09:00:00,ETHUSDT,3110.1,0.090369,REDUCE_LONG,644.693408,0.0,0.0,0.0,644.693408,0.0,0.0,0.0,4.494595,4.494595,1.0,4.494595,True,True
2024-05-19 10:00:00,3110.11,3125.0,3101.11,3104.66,10061.0323,3.5e-05,72,9.131372,0.0,trending,,908.493243,0.449165,0.463972,True,True,908.071728,0.913097,908.493243,,trending,4.636777,{},,339.0,ETHUSDT,2024-05-19 10:00:00,ETHUSDT,3104.66,0.135769,LONG,644.693408,0.0,0.0,0.0,644.693408,0.0,0.0,0.0,9.131372,9.131372,1.0,9.131372,True,True
2024-05-19 11:00:00,3104.65,3107.31,3082.04,3102.58,17787.6404,3.5e-05,72,9.77296,0.0,trending,,907.516225,0.913044,0.064252,False,,907.516225,0.913044,907.516225,,trending,0.641588,{},,340.0,ETHUSDT,2024-05-19 11:00:00,,,,,644.693408,0.0,0.0,0.0,644.693408,0.0,0.0,0.0,9.77296,9.77296,1.0,9.77296,True,False
2024-05-19 12:00:00,3102.59,3103.0,3074.57,3077.5,16697.7037,3.5e-05,72,20.0,0.0,trending,,900.818142,0.912397,1.087603,True,True,899.83841,2.001089,900.818142,,trending,10.22704,{},,341.0,ETHUSDT,2024-05-19 12:00:00,ETHUSDT,3077.5,0.318353,LONG,644.693408,0.0,0.0,0.0,644.693408,0.0,0.0,0.0,24.0,24.0,1.0,24.0,True,True
2024-05-19 13:00:00,3077.49,3090.89,3068.03,3085.35,9742.5201,3.5e-05,72,19.422443,0.0,trending,,904.431473,1.996005,-0.053761,False,,904.431473,1.996005,904.431473,,trending,-0.577557,{},,342.0,ETHUSDT,2024-05-19 13:00:00,,,,,644.693408,0.0,0.0,0.0,644.693408,0.0,0.0,0.0,19.422443,19.422443,1.0,19.422443,True,False
2024-05-19 14:00:00,3085.35,3087.98,3074.27,3079.35,5327.3894,3.5e-05,72,20.0,0.0,trending,,900.920851,1.999886,0.000114,False,,900.920851,1.999886,900.920851,,trending,0.577557,{},,343.0,ETHUSDT,2024-05-19 14:00:00,,,,,644.693408,0.0,0.0,0.0,644.693408,0.0,0.0,0.0,22.011941,22.011941,1.0,22.011941,True,False
2024-05-19 15:00:00,3079.35,3079.36,3063.26,3077.25,8999.0923,3.5e-05,72,20.0,0.0,trending,,899.692134,2.001252,-0.001252,False,,899.692134,2.001252,899.692134,,trending,0.0,{},,344.0,ETHUSDT,2024-05-19 15:00:00,,,,,644.693408,0.0,0.0,0.0,644.693408,0.0,0.0,0.0,21.175993,21.175993,1.0,21.175993,True,False
2024-05-19 16:00:00,3077.25,3080.79,3057.82,3062.25,8227.0971,8.8e-05,72,20.0,0.0,trending,,890.915579,2.011115,-0.011115,False,,890.915579,2.011115,890.915579,,trending,0.0,{},,345.0,ETHUSDT,2024-05-19 16:00:00,,,,,644.693408,0.0,0.0,0.0,644.693408,0.0,0.0,0.0,24.0,24.0,1.0,24.0,True,False
2024-05-19 17:00:00,3062.26,3076.59,3059.55,3072.91,5018.6664,8.8e-05,72,18.906493,0.0,trending,,897.152784,2.004086,-0.113436,False,,897.152784,2.004086,897.152784,,trending,-1.093507,{},,346.0,ETHUSDT,2024-05-19 17:00:00,,,,,644.693408,0.0,0.0,0.0,644.693408,0.0,0.0,0.0,18.906493,18.906493,1.0,18.906493,True,False
2024-05-19 18:00:00,3072.91,3077.21,3067.9,3072.03,3738.8504,8.8e-05,72,17.956852,0.0,trending,,896.637893,2.004662,-0.208977,True,True,896.450516,1.796061,896.637893,,trending,-0.949641,{},,347.0,ETHUSDT,2024-05-19 18:00:00,ETHUSDT,3072.03,0.060994,REDUCE_LONG,644.693408,0.0,0.0,0.0,644.693408,0.0,0.0,0.0,17.956852,17.956852,1.0,17.956852,True,True
2024-05-19 19:00:00,3072.03,3083.9,3059.14,3065.2,10657.9564,8.8e-05,72,20.0,0.0,trending,,892.87085,1.799252,0.200748,True,True,892.691608,2.000201,892.87085,,trending,2.043148,{},,348.0,ETHUSDT,2024-05-19 19:00:00,ETHUSDT,3065.2,0.058476,LONG,644.693408,0.0,0.0,0.0,644.693408,0.0,0.0,0.0,20.456039,20.456039,1.0,20.456039,True,True
2024-05-19 20:00:00,3065.2,3082.41,3062.31,3075.04,5672.4347,8.8e-05,72,11.091949,0.0,trending,,898.423676,1.993819,-0.884624,True,True,897.628908,1.110177,898.423676,,trending,-8.908051,{},,349.0,ETHUSDT,2024-05-19 20:00:00,ETHUSDT,3075.04,0.258458,REDUCE_LONG,644.693408,0.0,0.0,0.0,644.693408,0.0,0.0,0.0,11.091949,11.091949,1.0,11.091949,True,True
2024-05-19 21:00:00,3075.05,3079.6,3053.38,3070.19,5546.4959,8.8e-05,72,12.799369,0.0,trending,,896.05717,1.11037,0.169567,False,,896.05717,1.11037,896.05717,,trending,1.70742,{},,350.0,ETHUSDT,2024-05-19 21:00:00,,,,,644.693408,0.0,0.0,0.0,644.693408,0.0,0.0,0.0,12.799369,12.799369,1.0,12.799369,True,False
2024-05-19 22:00:00,3070.18,3079.7,3067.94,3077.05,3939.497,8.8e-05,72,7.081639,0.0,trending,,898.280288,1.110097,-0.401933,True,True,897.919239,0.708449,898.280288,,trending,-5.71773,{},,351.0,ETHUSDT,2024-05-19 22:00:00,ETHUSDT,3077.05,0.117336,REDUCE_LONG,644.693408,0.0,0.0,0.0,644.693408,0.0,0.0,0.0,7.081639,7.081639,1.0,7.081639,True,True
2024-05-19 23:00:00,3077.05,3077.55,3068.14,3071.19,3481.2051,8.8e-05,72,10.410203,0.0,trending,,896.70778,0.708055,0.332966,True,True,896.409207,1.041034,896.70778,,trending,3.328564,{},,352.0,ETHUSDT,2024-05-19 23:00:00,ETHUSDT,3071.19,0.097217,LONG,644.693408,0.0,0.0,0.0,644.693408,0.0,0.0,0.0,10.410203,10.410203,1.0,10.410203,True,True
2024-05-20 00:00:00,3071.2,3084.67,3060.36,3079.59,7742.1685,9.7e-05,70,3.559761,0.0,trending,,898.961579,1.040917,-0.684941,True,True,898.345843,0.35622,898.961579,,trending,-6.850443,{},,353.0,ETHUSDT,2024-05-20 00:00:00,ETHUSDT,3079.59,0.199941,REDUCE_LONG,644.693408,0.0,0.0,0.0,644.693408,0.0,0.0,0.0,3.559761,3.559761,1.0,3.559761,True,True
2024-05-20 01:00:00,3079.59,3084.0,3047.67,3079.2,13383.6452,9.7e-05,70,3.222774,0.0,trending,,898.305317,0.356191,-0.033914,False,,898.305317,0.356191,898.305317,,trending,-0.336987,{},,354.0,ETHUSDT,2024-05-20 01:00:00,,,,,644.693408,0.0,0.0,0.0,644.693408,0.0,0.0,0.0,3.222774,3.222774,1.0,3.222774,True,False
2024-05-20 02:00:00,3079.21,3093.59,3077.22,3092.61,11934.7759,9.7e-05,70,-5.420385,0.0,trending,,899.698787,0.357188,-0.899227,True,True,898.889754,-0.542526,899.698787,,trending,-8.643159,{},,355.0,ETHUSDT,2024-05-20 02:00:00,ETHUSDT,3092.61,0.157689,SHORT,644.693408,0.0,0.0,0.0,644.693408,0.0,0.0,0.0,-5.420385,-5.420385,1.0,-5.420385,True,True
2024-05-20 03:00:00,3092.6,3100.67,3085.73,3087.21,5754.1233,9.7e-05,70,-1.544549,0.0,trending,,899.741276,-0.541067,0.386612,True,True,899.393077,-0.154515,899.741276,,trending,3.875836,{},,356.0,ETHUSDT,2024-05-20 03:00:00,ETHUSDT,3087.21,0.112675,REDUCE_SHORT,644.693408,0.0,0.0,0.0,644.693408,0.0,0.0,0.0,-1.544549,-1.544549,1.0,-1.544549,True,True
2024-05-20 04:00:00,3087.2,3126.99,3085.27,3123.6,17261.458,9.7e-05,70,-20.0,0.0,trending,,897.754997,-0.156621,-1.843379,True,True,896.100094,-2.003694,897.754997,,trending,-18.455451,{},,357.0,ETHUSDT,2024-05-20 04:00:00,ETHUSDT,3123.6,0.529806,SHORT,644.693408,0.0,0.0,0.0,644.693408,0.0,0.0,0.0,-22.29876,-22.29876,1.0,-22.29876,True,True
2024-05-20 05:00:00,3123.6,3140.0,3123.05,3124.94,19138.2095,9.7e-05,70,-20.0,0.0,trending,,895.329834,-2.006278,0.006278,False,,895.329834,-2.006278,895.329834,,trending,0.0,{},,358.0,ETHUSDT,2024-05-20 05:00:00,,,,,644.693408,0.0,0.0,0.0,644.693408,0.0,0.0,0.0,-20.734059,-20.734059,1.0,-20.734059,True,False
2024-05-20 06:00:00,3124.94,3125.62,3065.0,3073.65,19569.0477,9.7e-05,70,9.690813,0.0,trending,,924.812389,-1.910439,2.87952,True,True,922.147604,0.97091,924.812389,,trending,29.690813,{},,359.0,ETHUSDT,2024-05-20 06:00:00,ETHUSDT,3073.65,0.291581,LONG,644.693408,0.0,0.0,0.0,644.693408,0.0,0.0,0.0,9.690813,9.690813,1.0,9.690813,True,True
2024-05-20 07:00:00,3073.64,3098.73,3068.96,3091.73,10705.2607,9.7e-05,70,-0.724906,0.0,trending,,927.41412,0.971075,-1.043566,True,True,926.446302,-0.072566,927.41412,,trending,-10.415719,{},,360.0,ETHUSDT,2024-05-20 07:00:00,ETHUSDT,3091.73,0.021745,SHORT,644.693408,0.0,0.0,0.0,644.693408,0.0,0.0,0.0,-0.724906,-0.724906,1.0,-0.724906,True,True
2024-05-20 08:00:00,3091.72,3107.29,3091.72,3098.5,9818.1208,1.9e-05,70,-4.297745,0.0,trending,,926.29909,-0.072737,-0.357038,True,True,925.968367,-0.429928,926.29909,,trending,-3.572839,{},,361.0,ETHUSDT,2024-05-20 08:00:00,ETHUSDT,3098.5,0.106737,SHORT,644.693408,0.0,0.0,0.0,644.693408,0.0,0.0,0.0,-4.297745,-4.297745,1.0,-4.297745,True,True
2024-05-20 09:00:00,3098.51,3108.38,3095.41,3097.35,8199.7827,1.9e-05,70,-3.346392,0.0,trending,,926.11612,-0.4297,0.095061,False,,926.11612,-0.4297,926.11612,,trending,0.951354,{},,362.0,ETHUSDT,2024-05-20 09:00:00,,,,,644.693408,0.0,0.0,0.0,644.693408,0.0,0.0,0.0,-3.346392,-3.346392,1.0,-3.346392,True,False
2024-05-20 10:00:00,3097.35,3113.94,3093.45,3104.15,13747.5217,1.9e-05,70,-6.646341,0.0,trending,,925.242446,-0.43105,-0.233584,True,True,925.026324,-0.664789,925.242446,,trending,-3.299949,{},,363.0,ETHUSDT,2024-05-20 10:00:00,ETHUSDT,3104.15,0.069624,SHORT,644.693408,0.0,0.0,0.0,644.693408,0.0,0.0,0.0,-6.646341,-6.646341,1.0,-6.646341,True,True
2024-05-20 11:00:00,3104.15,3110.39,3086.5,3093.8,13653.3288,1.9e-05,70,-0.428313,0.0,trending,,927.076711,-0.661107,0.618276,True,True,926.502948,-0.042858,927.076711,,trending,6.218027,{},,364.0,ETHUSDT,2024-05-20 11:00:00,ETHUSDT,3093.8,0.18527,REDUCE_SHORT,644.693408,0.0,0.0,0.0,644.693408,0.0,0.0,0.0,-0.428313,-0.428313,1.0,-0.428313,True,True
2024-05-20 12:00:00,3093.79,3097.05,3077.51,3085.39,9855.0868,1.9e-05,70,4.097957,0.0,trending,,926.610888,-0.042736,0.452532,True,True,926.191527,0.409571,926.610888,,trending,4.52627,{},,365.0,ETHUSDT,2024-05-20 12:00:00,ETHUSDT,3085.39,0.123071,LONG,644.693408,0.0,0.0,0.0,644.693408,0.0,0.0,0.0,4.097957,4.097957,1.0,4.097957,True,True
2024-05-20 13:00:00,3085.39,3100.0,3077.0,3094.92,8402.0403,1.9e-05,70,-1.36055,0.0,trending,,927.363218,0.410317,-0.546372,True,True,926.856533,-0.136129,927.363218,,trending,-5.458507,{},,366.0,ETHUSDT,2024-05-20 13:00:00,ETHUSDT,3094.92,0.040768,SHORT,644.693408,0.0,0.0,0.0,644.693408,0.0,0.0,0.0,-1.36055,-1.36055,1.0,-1.36055,True,True
2024-05-20 14:00:00,3094.91,3095.74,3076.69,3090.76,8970.8246,1.9e-05,70,0.940333,0.0,trending,,927.026126,-0.135922,0.229955,True,True,926.812825,0.093961,927.026126,,trending,2.300883,{},,367.0,ETHUSDT,2024-05-20 14:00:00,ETHUSDT,3090.76,0.028204,LONG,644.693408,0.0,0.0,0.0,644.693408,0.0,0.0,0.0,0.940333,0.940333,1.0,0.940333,True,True
2024-05-20 15:00:00,3090.77,3121.0,3086.6,3118.53,16455.9183,1.9e-05,70,-13.200594,0.0,trending,,927.595263,0.094725,-1.414784,True,True,926.282915,-1.32193,927.595263,,trending,-14.140926,{},,368.0,ETHUSDT,2024-05-20 15:00:00,ETHUSDT,3118.53,0.392647,SHORT,644.693408,0.0,0.0,0.0,644.693408,0.0,0.0,0.0,-13.200594,-13.200594,1.0,-13.200594,True,True
2024-05-20 16:00:00,3118.52,3148.87,3110.85,3135.4,30112.7658,1.9e-05,70,-19.7285,0.0,trending,,919.658964,-1.338654,-0.634196,True,True,919.07572,-1.974102,919.658964,,trending,-6.527907,{},,369.0,ETHUSDT,2024-05-20 16:00:00,ETHUSDT,3135.4,0.186019,SHORT,644.693408,0.0,0.0,0.0,644.693408,0.0,0.0,0.0,-19.7285,-19.7285,1.0,-19.7285,True,True
2024-05-20 17:00:00,3135.4,3151.44,3126.0,3143.63,17520.3398,4.6e-05,70,-20.0,0.0,trending,,914.313299,-1.989593,-0.010407,False,,914.313299,-1.989593,914.313299,,trending,-0.2715,{},,370.0,ETHUSDT,2024-05-20 17:00:00,,,,,644.693408,0.0,0.0,0.0,644.693408,0.0,0.0,0.0,-21.892814,-21.892814,1.0,-21.892814,True,False
2024-05-20 18:00:00,3143.64,3154.52,3135.44,3148.78,13524.7728,4.6e-05,70,-20.0,0.0,trending,,911.333169,-1.99937,-0.00063,False,,911.333169,-1.99937,911.333169,,trending,0.0,{},,371.0,ETHUSDT,2024-05-20 18:00:00,,,,,644.693408,0.0,0.0,0.0,644.693408,0.0,0.0,0.0,-21.994698,-21.994698,1.0,-21.994698,True,False
2024-05-20 19:00:00,3148.79,3457.12,3141.49,3438.87,217850.5317,4.6e-05,70,-20.0,0.0,trending,,743.467964,-2.676587,0.676587,True,True,742.964439,-2.001355,743.467964,,trending,0.0,{},,372.0,ETHUSDT,2024-05-20 19:00:00,ETHUSDT,3438.87,0.146275,REDUCE_SHORT,644.693408,0.0,0.0,0.0,644.693408,0.0,0.0,0.0,-24.0,-24.0,1.0,-24.0,True,True
2024-05-20 20:00:00,3438.86,3580.0,3420.37,3500.07,131745.8895,4.6e-05,70,-20.0,0.0,trending,,716.502119,-2.112203,0.112203,False,,716.502119,-2.112203,716.502119,,trending,0.0,{},,373.0,ETHUSDT,2024-05-20 20:00:00,,,,,644.693408,0.0,0.0,0.0,644.693408,0.0,0.0,0.0,-24.0,-24.0,1.0,-24.0,True,False
2024-05-20 21:00:00,3500.07,3648.91,3485.02,3646.08,104978.8229,4.6e-05,70,-20.0,0.0,trending,,653.368731,-2.412928,0.412928,True,True,653.098666,-2.000827,653.368731,,trending,0.0,{},,374.0,ETHUSDT,2024-05-20 21:00:00,ETHUSDT,3646.08,0.073996,REDUCE_SHORT,644.693408,0.0,0.0,0.0,644.693408,0.0,0.0,0.0,-24.0,-24.0,1.0,-24.0,True,True
2024-05-20 22:00:00,3646.09,3683.34,3606.78,3611.96,87434.1571,4.6e-05,70,-20.0,0.0,trending,,665.32711,-1.945673,-0.054327,False,,665.32711,-1.945673,665.32711,,trending,0.0,{},,375.0,ETHUSDT,2024-05-20 22:00:00,,,,,644.693408,0.0,0.0,0.0,644.693408,0.0,0.0,0.0,-24.0,-24.0,1.0,-24.0,True,False
2024-05-20 23:00:00,3611.96,3694.0,3610.95,3661.78,49349.2904,4.6e-05,70,-20.0,0.0,trending,,647.471862,-2.026905,0.026905,False,,647.471862,-2.026905,647.471862,,trending,0.0,{},,376.0,ETHUSDT,2024-05-20 23:00:00,,,,,644.693408,0.0,0.0,0.0,644.693408,0.0,0.0,0.0,-24.0,-24.0,1.0,-24.0,True,False
2024-05-21 00:00:00,3661.79,3721.0,3661.78,3688.9,61078.2593,0.0001,76,-20.0,0.0,trending,,637.752185,-2.073037,0.073037,False,,637.752185,-2.073037,637.752185,,trending,0.0,{},,377.0,ETHUSDT,2024-05-21 00:00:00,,,,,644.693408,0.0,0.0,0.0,644.693408,0.0,0.0,0.0,-24.0,-24.0,1.0,-24.0,True,False
2024-05-21 01:00:00,3688.9,3693.7,3638.8,3686.99,51556.8902,0.0001,76,-20.0,0.0,trending,,638.43672,-2.069742,0.069742,False,,638.43672,-2.069742,638.43672,,trending,0.0,{},,378.0,ETHUSDT,2024-05-21 01:00:00,,,,,644.693408,0.0,0.0,0.0,644.693408,0.0,0.0,0.0,-24.0,-24.0,1.0,-24.0,True,False
2024-05-21 02:00:00,3687.0,3689.74,3655.4,3675.06,36263.0777,0.0001,76,-20.0,0.0,trending,,642.712374,-2.049321,0.049321,False,,642.712374,-2.049321,642.712374,,trending,0.0,{},,379.0,ETHUSDT,2024-05-21 02:00:00,,,,,644.693408,0.0,0.0,0.0,644.693408,0.0,0.0,0.0,-24.0,-24.0,1.0,-24.0,True,False
2024-05-21 03:00:00,3675.06,3708.48,3674.1,3695.9,27539.6174,0.0001,76,-20.0,0.0,trending,,635.243419,-2.085173,0.085173,False,,635.243419,-2.085173,635.243419,,trending,0.0,{},,380.0,ETHUSDT,2024-05-21 03:00:00,,,,,644.693408,0.0,0.0,0.0,644.693408,0.0,0.0,0.0,-24.0,-24.0,1.0,-24.0,True,False
2024-05-21 04:00:00,3695.9,3699.6,3657.24,3658.55,26759.7858,0.0001,76,-20.0,0.0,trending,,648.629479,-2.021503,0.021503,False,,648.629479,-2.021503,648.629479,,trending,0.0,{},,381.0,ETHUSDT,2024-05-21 04:00:00,,,,,644.693408,0.0,0.0,0.0,644.693408,0.0,0.0,0.0,-24.0,-24.0,1.0,-24.0,True,False
2024-05-21 05:00:00,3658.54,3659.0,3624.28,3646.27,31825.3305,0.0001,76,-20.0,0.0,trending,,653.030571,-2.00114,0.00114,False,,653.030571,-2.00114,653.030571,,trending,0.0,{},,382.0,ETHUSDT,2024-05-21 05:00:00,,,,,644.693408,0.0,0.0,0.0,644.693408,0.0,0.0,0.0,-24.0,-24.0,1.0,-24.0,True,False
2024-05-21 06:00:00,3646.28,3687.44,3644.51,3669.74,33646.1854,0.0001,76,-20.0,0.0,trending,,644.619037,-2.040301,0.040301,False,,644.619037,-2.040301,644.619037,,trending,0.0,{},,383.0,ETHUSDT,2024-05-21 06:00:00,,,,,644.693408,0.0,0.0,0.0,644.693408,0.0,0.0,0.0,-24.0,-24.0,1.0,-24.0,True,False
2024-05-21 07:00:00,3669.73,3674.27,3651.13,3660.49,25141.4639,0.0001,76,-20.0,0.0,trending,,647.934192,-2.024746,0.024746,False,,647.934192,-2.024746,647.934192,,trending,0.0,{},,384.0,ETHUSDT,2024-05-21 07:00:00,,,,,644.693408,0.0,0.0,0.0,644.693408,0.0,0.0,0.0,-24.0,-24.0,1.0,-24.0,True,False
2024-05-21 08:00:00,3660.5,3663.0,3649.36,3658.57,21186.6085,0.0001,76,-20.0,0.0,trending,,648.622311,-2.021537,0.021537,False,,648.622311,-2.021537,648.622311,,trending,0.0,{},,385.0,ETHUSDT,2024-05-21 08:00:00,,,,,644.693408,0.0,0.0,0.0,644.693408,0.0,0.0,0.0,-24.0,-24.0,1.0,-24.0,True,False
2024-05-21 09:00:00,3658.58,3685.3,3658.3,3681.86,21844.7416,0.000194,76,-20.0,0.0,trending,,640.275287,-2.060927,0.060927,False,,640.275287,-2.060927,640.275287,,trending,0.0,{},,386.0,ETHUSDT,2024-05-21 09:00:00,,,,,644.693408,0.0,0.0,0.0,644.693408,0.0,0.0,0.0,-24.0,-24.0,1.0,-24.0,True,False
2024-05-21 10:00:00,3681.87,3731.35,3676.5,3717.0,50339.454,0.000194,76,-20.0,0.0,trending,,627.681281,-2.122343,0.122343,False,,627.681281,-2.122343,627.681281,,trending,0.0,{},,387.0,ETHUSDT,2024-05-21 10:00:00,,,,,644.693408,0.0,0.0,0.0,644.693408,0.0,0.0,0.0,-24.0,-24.0,1.0,-24.0,True,False
2024-05-21 11:00:00,3717.0,3823.5,3711.21,3777.97,92407.1921,0.000194,76,-20.0,0.0,trending,,605.829927,-2.234961,0.234961,True,True,605.687439,-2.000471,605.829927,,trending,0.0,{},,388.0,ETHUSDT,2024-05-21 11:00:00,ETHUSDT,3777.97,0.037678,REDUCE_SHORT,644.693408,0.0,0.0,0.0,644.693408,0.0,0.0,0.0,-24.0,-24.0,1.0,-24.0,True,True
2024-05-21 12:00:00,3777.98,3811.3,3748.57,3794.0,67595.7319,0.000194,76,-20.0,0.0,trending,,600.546342,-2.026157,0.026157,False,,600.546342,-2.026157,600.546342,,trending,0.0,{},,389.0,ETHUSDT,2024-05-21 12:00:00,,,,,644.693408,0.0,0.0,0.0,644.693408,0.0,0.0,0.0,-24.0,-24.0,1.0,-24.0,True,False
2024-05-21 13:00:00,3793.99,3836.0,3760.89,3768.75,65504.4893,0.000194,76,-20.0,0.0,trending,,608.644451,-1.985893,-0.014107,False,,608.644451,-1.985893,608.644451,,trending,0.0,{},,390.0,ETHUSDT,2024-05-21 13:00:00,,,,,644.693408,0.0,0.0,0.0,644.693408,0.0,0.0,0.0,-24.0,-24.0,1.0,-24.0,True,False
2024-05-21 14:00:00,3768.75,3831.39,3765.77,3776.0,58789.089,0.000194,76,-20.0,0.0,trending,,606.319251,-1.997344,-0.002656,False,,606.319251,-1.997344,606.319251,,trending,0.0,{},,391.0,ETHUSDT,2024-05-21 14:00:00,,,,,644.693408,0.0,0.0,0.0,644.693408,0.0,0.0,0.0,-24.0,-24.0,1.0,-24.0,True,False
2024-05-21 15:00:00,3775.99,3805.9,3766.76,3777.68,32543.682,0.000194,76,-20.0,0.0,trending,,605.780447,-2.00001,1e-05,False,,605.780447,-2.00001,605.780447,,trending,0.0,{},,392.0,ETHUSDT,2024-05-21 15:00:00,,,,,644.693408,0.0,0.0,0.0,644.693408,0.0,0.0,0.0,-24.0,-24.0,1.0,-24.0,True,False
2024-05-21 16:00:00,3777.69,3841.54,3766.75,3774.1,60030.2608,0.0001,76,-20.0,0.0,trending,,606.928614,-1.994335,-0.005665,False,,606.928614,-1.994335,606.928614,,trending,0.0,{},,393.0,ETHUSDT,2024-05-21 16:00:00,,,,,644.693408,0.0,0.0,0.0,644.693408,0.0,0.0,0.0,-24.0,-24.0,1.0,-24.0,True,False
2024-05-21 17:00:00,3774.11,3779.25,3723.25,3748.78,56817.5276,0.0001,76,-20.0,0.0,trending,,615.049173,-1.9548,-0.0452,False,,615.049173,-1.9548,615.049173,,trending,0.0,{},,394.0,ETHUSDT,2024-05-21 17:00:00,,,,,644.693408,0.0,0.0,0.0,644.693408,0.0,0.0,0.0,-21.740174,-21.740174,1.0,-21.740174,True,False
2024-05-21 18:00:00,3748.78,3759.25,3721.87,3731.51,20098.4287,0.0001,76,-16.364791,0.0,trending,,620.587958,-1.928428,0.291949,True,True,620.406597,-1.636957,620.587958,,trending,3.635209,{},,395.0,ETHUSDT,2024-05-21 18:00:00,ETHUSDT,3731.51,0.048554,REDUCE_SHORT,644.693408,0.0,0.0,0.0,644.693408,0.0,0.0,0.0,-16.364791,-16.364791,1.0,-16.364791,True,True
2024-05-21 19:00:00,3731.51,3739.25,3680.68,3712.27,32826.997,0.0001,76,-10.539932,0.0,trending,,625.643014,-1.614887,0.560894,True,True,625.291744,-1.054585,625.643014,,trending,5.824858,{},,396.0,ETHUSDT,2024-05-21 19:00:00,ETHUSDT,3712.27,0.09453,REDUCE_SHORT,644.693408,0.0,0.0,0.0,644.693408,0.0,0.0,0.0,-10.539932,-10.539932,1.0,-10.539932,True,True
2024-05-21 20:00:00,3712.26,3749.95,3709.13,3746.88,17736.2709,0.0001,76,-18.194327,0.0,trending,,619.143848,-1.074987,-0.744446,True,True,618.682929,-1.820788,619.143848,,trending,-7.654395,{},,397.0,ETHUSDT,2024-05-21 20:00:00,ETHUSDT,3746.88,0.123014,SHORT,644.693408,0.0,0.0,0.0,644.693408,0.0,0.0,0.0,-18.194327,-18.194327,1.0,-18.194327,True,True
2024-05-21 21:00:00,3746.88,3760.5,3737.35,3749.27,14345.1652,0.0001,76,-17.615086,0.0,trending,,617.964381,-1.824068,0.06256,False,,617.964381,-1.824068,617.964381,,trending,0.579241,{},,398.0,ETHUSDT,2024-05-21 21:00:00,,,,,644.693408,0.0,0.0,0.0,644.693408,0.0,0.0,0.0,-17.615086,-17.615086,1.0,-17.615086,True,False
2024-05-21 22:00:00,3749.28,3821.5,3749.27,3813.8,30481.1009,0.0001,76,-20.0,0.0,trending,,598.56359,-1.915603,-0.084397,False,,598.56359,-1.915603,598.56359,,trending,-2.384914,{},,399.0,ETHUSDT,2024-05-21 22:00:00,,,,,644.693408,0.0,0.0,0.0,644.693408,0.0,0.0,0.0,-24.0,-24.0,1.0,-24.0,True,False
2024-05-21 23:00:00,3813.79,3816.66,3785.5,3789.6,16079.9197,0.0001,76,-20.0,0.0,trending,,605.839263,-1.880588,-0.119412,False,,605.839263,-1.880588,605.839263,,trending,0.0,{},,400.0,ETHUSDT,2024-05-21 23:00:00,,,,,644.693408,0.0,0.0,0.0,644.693408,0.0,0.0,0.0,-22.264354,-22.264354,1.0,-22.264354,True,False
2024-05-22 00:00:00,3789.59,3803.5,3775.21,3782.0,14278.9454,0.000125,76,-18.551613,0.0,trending,,608.124185,-1.869765,0.014604,False,,608.124185,-1.869765,608.124185,,trending,1.448387,{},,401.0,ETHUSDT,2024-05-22 00:00:00,,,,,644.693408,0.0,0.0,0.0,644.693408,0.0,0.0,0.0,-18.551613,-18.551613,1.0,-18.551613,True,False
2024-05-22 01:00:00,3782.01,3789.06,3775.6,3789.05,10438.1778,0.000125,76,-18.945663,0.0,trending,,606.004619,-1.879802,-0.014764,False,,606.004619,-1.879802,606.004619,,trending,-0.39405,{},,402.0,ETHUSDT,2024-05-22 01:00:00,,,,,644.693408,0.0,0.0,0.0,644.693408,0.0,0.0,0.0,-18.945663,-18.945663,1.0,-18.945663,True,False
2024-05-22 02:00:00,3789.06,3807.54,3774.91,3793.15,17273.4304,0.000125,76,-18.378854,0.0,trending,,604.771964,-1.885672,0.047787,False,,604.771964,-1.885672,604.771964,,trending,0.56681,{},,403.0,ETHUSDT,2024-05-22 02:00:00,,,,,644.693408,0.0,0.0,0.0,644.693408,0.0,0.0,0.0,-18.378854,-18.378854,1.0,-18.378854,True,False
2024-05-22 03:00:00,3793.15,3813.69,3784.35,3793.43,16669.7957,0.000125,76,-16.591004,0.0,trending,,604.687782,-1.886074,0.226973,True,True,604.550397,-1.659477,604.687782,,trending,1.78785,{},,404.0,ETHUSDT,2024-05-22 03:00:00,ETHUSDT,3793.43,0.03618,REDUCE_SHORT,644.693408,0.0,0.0,0.0,644.693408,0.0,0.0,0.0,-16.591004,-16.591004,1.0,-16.591004,True,True
2024-05-22 04:00:00,3793.42,3795.07,3720.01,3749.5,39861.1741,0.000125,76,-3.59973,0.0,trending,,616.16844,-1.609332,1.249359,True,True,615.397854,-0.360424,616.16844,,trending,12.991274,{},,405.0,ETHUSDT,2024-05-22 04:00:00,ETHUSDT,3749.5,0.205312,REDUCE_SHORT,644.693408,0.0,0.0,0.0,644.693408,0.0,0.0,0.0,-3.59973,-3.59973,1.0,-3.59973,True,True
2024-05-22 05:00:00,3749.49,3766.15,3737.57,3758.39,18633.2093,0.000125,76,-5.372942,0.0,trending,,614.87196,-0.361587,-0.175707,False,,614.87196,-0.361587,614.87196,,trending,-1.773212,{},,406.0,ETHUSDT,2024-05-22 05:00:00,,,,,644.693408,0.0,0.0,0.0,644.693408,0.0,0.0,0.0,-5.372942,-5.372942,1.0,-5.372942,True,False
2024-05-22 06:00:00,3758.4,3772.35,3754.15,3765.6,13481.8878,0.000125,76,-6.829033,0.0,trending,,614.445448,-0.362532,-0.320371,True,True,614.248598,-0.683122,614.445448,,trending,-1.456092,{},,407.0,ETHUSDT,2024-05-22 06:00:00,ETHUSDT,3765.6,0.052276,SHORT,644.693408,0.0,0.0,0.0,644.693408,0.0,0.0,0.0,-6.829033,-6.829033,1.0,-6.829033,True,True
2024-05-22 07:00:00,3765.6,3769.5,3735.1,3746.79,11722.6931,0.000125,76,-1.654046,0.0,trending,,616.344626,-0.677398,0.511994,True,True,616.028746,-0.165489,616.344626,,trending,5.174987,{},,408.0,ETHUSDT,2024-05-22 07:00:00,ETHUSDT,3746.79,0.084223,REDUCE_SHORT,644.693408,0.0,0.0,0.0,644.693408,0.0,0.0,0.0,-1.654046,-1.654046,1.0,-1.654046,True,True
2024-05-22 08:00:00,3746.8,3779.8,3734.38,3767.43,13259.5485,0.000152,76,-7.189034,0.0,trending,,615.467153,-0.166553,-0.552351,True,True,615.1272,-0.719301,615.467153,,trending,-5.534988,{},,409.0,ETHUSDT,2024-05-22 08:00:00,ETHUSDT,3767.43,0.090235,SHORT,644.693408,0.0,0.0,0.0,644.693408,0.0,0.0,0.0,-7.189034,-7.189034,1.0,-7.189034,True,True
2024-05-22 09:00:00,3767.43,3768.65,3729.07,3731.79,14777.9399,0.000152,76,3.412155,0.0,trending,,619.312898,-0.707681,1.048896,True,True,618.662864,0.341232,619.312898,,trending,10.601189,{},,410.0,ETHUSDT,2024-05-22 09:00:00,ETHUSDT,3731.79,0.056627,LONG,644.693408,0.0,0.0,0.0,644.693408,0.0,0.0,0.0,3.412155,3.412155,1.0,3.412155,True,True
2024-05-22 10:00:00,3731.79,3748.32,3724.8,3740.02,12790.7102,0.000152,76,0.772564,0.0,trending,,619.128436,0.341728,-0.264471,True,True,618.964695,0.077277,619.128436,,trending,-2.639591,{},,411.0,ETHUSDT,2024-05-22 10:00:00,ETHUSDT,3740.02,0.043781,REDUCE_LONG,644.693408,0.0,0.0,0.0,644.693408,0.0,0.0,0.0,0.772564,0.772564,1.0,0.772564,True,True
2024-05-22 11:00:00,3740.01,3749.91,3690.0,3690.6,24894.9077,0.000152,76,15.178236,0.0,trending,,618.332655,0.076334,1.44149,True,True,617.441335,1.518571,618.332655,,trending,14.405672,{},,412.0,ETHUSDT,2024-05-22 11:00:00,ETHUSDT,3690.6,0.241511,LONG,644.693408,0.0,0.0,0.0,644.693408,0.0,0.0,0.0,15.178236,15.178236,1.0,15.178236,True,True
2024-05-22 12:00:00,3690.59,3722.76,3653.15,3666.96,44576.763,0.000152,76,20.0,0.0,trending,,611.435391,1.523665,0.476335,True,True,611.144142,2.000477,611.435391,,trending,4.821764,{},,413.0,ETHUSDT,2024-05-22 12:00:00,ETHUSDT,3666.96,0.079425,LONG,644.693408,0.0,0.0,0.0,644.693408,0.0,0.0,0.0,20.798251,20.798251,1.0,20.798251,True,True
2024-05-22 13:00:00,3666.97,3704.59,3666.01,3695.79,28286.2028,0.000152,76,10.531314,0.0,trending,,620.756183,1.984985,-0.931853,True,True,620.177729,1.054114,620.756183,,trending,-9.468686,{},,414.0,ETHUSDT,2024-05-22 13:00:00,ETHUSDT,3695.79,0.156517,REDUCE_LONG,644.693408,0.0,0.0,0.0,644.693408,0.0,0.0,0.0,10.531314,10.531314,1.0,10.531314,True,True
2024-05-22 14:00:00,3695.79,3754.61,3679.35,3744.53,57260.0229,0.000152,76,-4.939153,0.0,trending,,628.79921,1.053372,-1.547287,True,True,627.826277,-0.494681,628.79921,,trending,-15.470468,{},,415.0,ETHUSDT,2024-05-22 14:00:00,ETHUSDT,3744.53,0.082941,SHORT,644.693408,0.0,0.0,0.0,644.693408,0.0,0.0,0.0,-4.939153,-4.939153,1.0,-4.939153,True,True
2024-05-22 15:00:00,3744.53,3773.88,3723.08,3762.66,37323.8408,0.000152,76,-9.780739,0.0,trending,,626.322564,-0.498269,-0.479805,True,True,626.022052,-0.978543,626.322564,,trending,-4.841586,{},,416.0,ETHUSDT,2024-05-22 15:00:00,ETHUSDT,3762.66,0.079867,SHORT,644.693408,0.0,0.0,0.0,644.693408,0.0,0.0,0.0,-9.780739,-9.780739,1.0,-9.780739,True,True
2024-05-22 16:00:00,3762.65,3779.73,3745.41,3762.36,34386.632,0.0001,76,-8.831194,0.0,trending,,626.070894,-0.978389,0.09527,False,,626.070894,-0.978389,626.070894,,trending,0.949545,{},,417.0,ETHUSDT,2024-05-22 16:00:00,,,,,644.693408,0.0,0.0,0.0,644.693408,0.0,0.0,0.0,-8.831194,-8.831194,1.0,-8.831194,True,False
2024-05-22 17:00:00,3762.41,3798.0,3728.21,3740.01,29283.5832,0.0001,76,-1.364711,0.0,trending,,629.709645,-0.966957,0.830486,True,True,629.186156,-0.136585,629.709645,,trending,7.466483,{},,418.0,ETHUSDT,2024-05-22 17:00:00,ETHUSDT,3740.01,0.13983,REDUCE_SHORT,644.693408,0.0,0.0,0.0,644.693408,0.0,0.0,0.0,-1.364711,-1.364711,1.0,-1.364711,True,True
2024-05-22 18:00:00,3740.0,3744.0,3700.6,3733.43,24245.1277,0.0001,76,0.609954,0.0,trending,,629.33735,-0.136312,0.197307,False,,629.33735,-0.136312,629.33735,,trending,1.974665,{},,419.0,ETHUSDT,2024-05-22 18:00:00,,,,,644.693408,0.0,0.0,0.0,644.693408,0.0,0.0,0.0,0.609954,0.609954,1.0,0.609954,True,False
2024-05-22 19:00:00,3733.44,3747.3,3721.8,3736.61,22914.962,0.0001,76,-0.362532,0.0,trending,,629.26428,-0.136444,0.10019,False,,629.26428,-0.136444,629.26428,,trending,-0.972486,{},,420.0,ETHUSDT,2024-05-22 19:00:00,,,,,644.693408,0.0,0.0,0.0,644.693408,0.0,0.0,0.0,-0.362532,-0.362532,1.0,-0.362532,True,False
2024-05-22 20:00:00,3736.61,3771.0,3729.71,3749.23,25417.256,0.0001,76,-3.910827,0.0,trending,,628.974301,-0.136967,-0.254115,True,True,628.814469,-0.391182,628.974301,,trending,-3.548294,{},,421.0,ETHUSDT,2024-05-22 20:00:00,ETHUSDT,3749.23,0.042631,SHORT,644.693408,0.0,0.0,0.0,644.693408,0.0,0.0,0.0,-3.910827,-3.910827,1.0,-3.910827,True,True
2024-05-22 21:00:00,3749.23,3781.0,3723.38,3774.5,30106.9841,0.0001,76,-10.192229,0.0,trending,,627.156545,-0.39486,-0.624363,True,True,626.764971,-1.01986,627.156545,,trending,-6.281402,{},,422.0,ETHUSDT,2024-05-22 21:00:00,ETHUSDT,3774.5,0.103742,SHORT,644.693408,0.0,0.0,0.0,644.693408,0.0,0.0,0.0,-10.192229,-10.192229,1.0,-10.192229,True,True
2024-05-22 22:00:00,3774.5,3779.79,3736.72,3744.95,22866.5732,0.0001,76,-1.221766,0.0,trending,,631.76927,-1.00386,0.881684,True,True,631.211691,-0.122285,631.76927,,trending,8.970463,{},,423.0,ETHUSDT,2024-05-22 22:00:00,ETHUSDT,3744.95,0.148739,REDUCE_SHORT,644.693408,0.0,0.0,0.0,644.693408,0.0,0.0,0.0,-1.221766,-1.221766,1.0,-1.221766,True,True
2024-05-22 23:00:00,3744.95,3748.76,3734.45,3737.73,10187.9423,0.0001,76,0.837078,0.0,trending,,631.360503,-0.12202,0.205728,True,True,631.230538,0.083641,631.360503,,trending,2.058844,{},,424.0,ETHUSDT,2024-05-22 23:00:00,ETHUSDT,3737.73,0.01414,LONG,644.693408,0.0,0.0,0.0,644.693408,0.0,0.0,0.0,0.837078,0.837078,1.0,0.837078,True,True
2024-05-23 00:00:00,3737.72,3771.61,3737.72,3761.04,9679.1392,0.0001,76,-5.845347,0.0,trending,,631.559801,0.084119,-0.668654,True,True,631.137506,-0.584926,631.559801,,trending,-6.682425,{},,425.0,ETHUSDT,2024-05-23 00:00:00,ETHUSDT,3761.04,0.098156,SHORT,644.693408,0.0,0.0,0.0,644.693408,0.0,0.0,0.0,-5.845347,-5.845347,1.0,-5.845347,True,True
2024-05-23 01:00:00,3761.03,3773.11,3736.67,3759.49,15046.0903,0.0001,76,-4.802588,0.0,trending,,631.289648,-0.584544,0.104285,False,,631.289648,-0.584544,631.289648,,trending,1.042759,{},,426.0,ETHUSDT,2024-05-23 01:00:00,,,,,644.693408,0.0,0.0,0.0,644.693408,0.0,0.0,0.0,-4.802588,-4.802588,1.0,-4.802588,True,False
2024-05-23 02:00:00,3759.49,3776.4,3757.5,3769.63,13289.6871,0.0001,76,-7.200979,0.0,trending,,630.294346,-0.587046,-0.133052,False,,630.294346,-0.587046,630.294346,,trending,-2.398391,{},,427.0,ETHUSDT,2024-05-23 02:00:00,,,,,644.693408,0.0,0.0,0.0,644.693408,0.0,0.0,0.0,-7.200979,-7.200979,1.0,-7.200979,True,False
2024-05-23 03:00:00,3769.63,3788.86,3757.15,3782.11,13390.5606,0.0001,76,-10.066001,0.0,trending,,629.069359,-0.590136,-0.416464,True,True,628.807375,-1.00702,629.069359,,trending,-2.865022,{},,428.0,ETHUSDT,2024-05-23 03:00:00,ETHUSDT,3782.11,0.069269,SHORT,644.693408,0.0,0.0,0.0,644.693408,0.0,0.0,0.0,-10.066001,-10.066001,1.0,-10.066001,True,True
2024-05-23 04:00:00,3782.1,3794.75,3765.8,3790.4,12927.0509,0.0001,76,-11.67787,0.0,trending,,627.419418,-1.011459,-0.156328,False,,627.419418,-1.011459,627.419418,,trending,-1.611869,{},,429.0,ETHUSDT,2024-05-23 04:00:00,,,,,644.693408,0.0,0.0,0.0,644.693408,0.0,0.0,0.0,-11.67787,-11.67787,1.0,-11.67787,True,False
2024-05-23 05:00:00,3790.41,3790.41,3762.82,3768.02,10161.3323,0.0001,76,-4.170068,0.0,trending,,631.166399,-0.999518,0.582511,True,True,630.798369,-0.41725,631.166399,,trending,7.507802,{},,430.0,ETHUSDT,2024-05-23 05:00:00,ETHUSDT,3768.02,0.097574,REDUCE_SHORT,644.693408,0.0,0.0,0.0,644.693408,0.0,0.0,0.0,-4.170068,-4.170068,1.0,-4.170068,True,True
2024-05-23 06:00:00,3768.01,3800.0,3759.41,3790.19,14660.6841,0.0001,76,-10.05261,0.0,trending,,629.249768,-0.420738,-0.584523,True,True,628.881957,-1.005849,629.249768,,trending,-5.882542,{},,431.0,ETHUSDT,2024-05-23 06:00:00,ETHUSDT,3790.19,0.097043,SHORT,644.693408,0.0,0.0,0.0,644.693408,0.0,0.0,0.0,-10.05261,-10.05261,1.0,-10.05261,True,True
2024-05-23 07:00:00,3790.2,3833.65,3780.09,3814.0,32416.3415,0.0001,76,-16.04269,0.0,trending,,624.908209,-1.018604,-0.585665,True,True,624.542223,-1.605209,624.908209,,trending,-5.99008,{},,432.0,ETHUSDT,2024-05-23 07:00:00,ETHUSDT,3814.0,0.095959,SHORT,644.693408,0.0,0.0,0.0,644.693408,0.0,0.0,0.0,-16.04269,-16.04269,1.0,-16.04269,True,True
2024-05-23 08:00:00,3813.99,3814.28,3790.94,3811.82,17615.3032,0.0001,76,-14.699414,0.0,trending,,625.115242,-1.602821,0.13288,False,,625.115242,-1.602821,625.115242,,trending,1.343276,{},,433.0,ETHUSDT,2024-05-23 08:00:00,,,,,644.693408,0.0,0.0,0.0,644.693408,0.0,0.0,0.0,-14.699414,-14.699414,1.0,-14.699414,True,False
2024-05-23 09:00:00,3811.82,3846.19,3803.58,3808.6,29490.2443,0.0001,76,-12.25212,0.0,trending,,625.961628,-1.599302,0.37409,True,True,625.727228,-1.225671,625.961628,,trending,2.447294,{},,434.0,ETHUSDT,2024-05-23 09:00:00,ETHUSDT,3808.6,0.061483,REDUCE_SHORT,644.693408,0.0,0.0,0.0,644.693408,0.0,0.0,0.0,-12.25212,-12.25212,1.0,-12.25212,True,True
2024-05-23 10:00:00,3808.6,3848.63,3801.12,3828.22,34813.4719,0.0001,76,-17.673589,0.0,trending,,621.776359,-1.239813,-0.527546,True,True,621.448344,-1.768292,621.776359,,trending,-5.421469,{},,435.0,ETHUSDT,2024-05-23 10:00:00,ETHUSDT,3828.22,0.085684,SHORT,644.693408,0.0,0.0,0.0,644.693408,0.0,0.0,0.0,-17.673589,-17.673589,1.0,-17.673589,True,True
2024-05-23 11:00:00,3828.21,3925.24,3827.49,3918.46,58069.1493,0.0001,76,-20.0,0.0,trending,,595.544682,-1.888701,-0.111299,False,,595.544682,-1.888701,595.544682,,trending,-2.326411,{},,436.0,ETHUSDT,2024-05-23 11:00:00,,,,,644.693408,0.0,0.0,0.0,644.693408,0.0,0.0,0.0,-24.0,-24.0,1.0,-24.0,True,False
2024-05-23 12:00:00,3918.45,3949.29,3723.0,3865.46,79899.9391,0.0001,76,-17.908128,0.0,trending,,610.758491,-1.816744,0.025931,False,,610.758491,-1.816744,610.758491,,trending,2.091872,{},,437.0,ETHUSDT,2024-05-23 12:00:00,,,,,644.693408,0.0,0.0,0.0,644.693408,0.0,0.0,0.0,-17.908128,-17.908128,1.0,-17.908128,True,False
2024-05-23 13:00:00,3865.45,3901.74,3730.0,3781.61,121056.9919,0.0001,76,3.581444,0.0,trending,,634.827884,-1.709948,2.068092,True,True,633.513914,0.358528,634.827884,,trending,21.489572,{},,438.0,ETHUSDT,2024-05-23 13:00:00,ETHUSDT,3781.61,0.060123,LONG,644.693408,0.0,0.0,0.0,644.693408,0.0,0.0,0.0,3.581444,3.581444,1.0,3.581444,True,True
2024-05-23 14:00:00,3781.62,3824.24,3752.78,3763.99,53595.1024,0.0001,76,6.908617,0.0,trending,,632.455614,0.357455,0.333407,True,True,632.24475,0.690759,632.455614,,trending,3.327173,{},,439.0,ETHUSDT,2024-05-23 14:00:00,ETHUSDT,3763.99,0.056022,LONG,644.693408,0.0,0.0,0.0,644.693408,0.0,0.0,0.0,6.908617,6.908617,1.0,6.908617,True,True
2024-05-23 15:00:00,3763.98,3840.0,3759.0,3812.95,35589.6539,0.0001,76,-3.970663,0.0,trending,,637.925484,0.693512,-1.090579,True,True,637.229776,-0.3975,637.925484,,trending,-10.87928,{},,440.0,ETHUSDT,2024-05-23 15:00:00,ETHUSDT,3812.95,0.066431,SHORT,644.693408,0.0,0.0,0.0,644.693408,0.0,0.0,0.0,-3.970663,-3.970663,1.0,-3.970663,True,True
2024-05-23 16:00:00,3812.96,3821.57,3770.7,3796.42,20988.391,0.0001,76,-0.238096,0.0,trending,,638.327883,-0.395096,0.371286,True,True,638.090644,-0.023818,638.327883,,trending,3.732567,{},,441.0,ETHUSDT,2024-05-23 16:00:00,ETHUSDT,3796.42,0.062428,REDUCE_SHORT,644.693408,0.0,0.0,0.0,644.693408,0.0,0.0,0.0,-0.238096,-0.238096,1.0,-0.238096,True,True
2024-05-23 17:00:00,3796.42,3827.77,3779.92,3784.33,19816.5675,0.0001,76,2.235205,0.0,trending,,638.139044,-0.023741,0.247261,True,True,637.981242,0.223352,638.139044,,trending,2.473302,{},,442.0,ETHUSDT,2024-05-23 17:00:00,ETHUSDT,3784.33,0.037692,LONG,644.693408,0.0,0.0,0.0,644.693408,0.0,0.0,0.0,2.235205,2.235205,1.0,2.235205,True,True
2024-05-23 18:00:00,3784.34,3794.37,3685.0,3776.58,83658.1035,0.0001,76,3.404601,0.0,trending,,637.689424,0.222997,0.117463,False,,637.689424,0.222997,637.689424,,trending,1.169396,{},,443.0,ETHUSDT,2024-05-23 18:00:00,,,,,644.693408,0.0,0.0,0.0,644.693408,0.0,0.0,0.0,3.404601,3.404601,1.0,3.404601,True,False
2024-05-23 19:00:00,3776.57,3824.0,3751.1,3791.34,31908.1499,0.0001,76,0.233542,0.0,trending,,638.245195,0.223673,-0.200319,True,True,638.117342,0.023359,638.245195,,trending,-3.171059,{},,444.0,ETHUSDT,2024-05-23 19:00:00,ETHUSDT,3791.34,0.033722,REDUCE_LONG,644.693408,0.0,0.0,0.0,644.693408,0.0,0.0,0.0,0.233542,0.233542,1.0,0.233542,True,True
2024-05-23 20:00:00,3791.33,3791.45,3498.0,3756.01,139094.7226,0.0001,76,5.592408,0.0,trending,,637.978442,0.023146,0.536095,True,True,637.636425,0.559004,637.978442,,trending,5.358866,{},,445.0,ETHUSDT,2024-05-23 20:00:00,ETHUSDT,3756.01,0.091059,LONG,644.693408,0.0,0.0,0.0,644.693408,0.0,0.0,0.0,5.592408,5.592408,1.0,5.592408,True,True
2024-05-23 21:00:00,3756.01,3901.0,3720.0,3843.4,217905.0329,0.0001,76,-7.635447,0.0,trending,,645.929648,0.564666,-1.328211,True,True,645.071717,-0.76456,645.929648,,trending,-13.227855,{},,446.0,ETHUSDT,2024-05-23 21:00:00,ETHUSDT,3843.4,0.128323,SHORT,644.693408,0.0,0.0,0.0,644.693408,0.0,0.0,0.0,-7.635447,-7.635447,1.0,-7.635447,True,True
2024-05-23 22:00:00,3843.4,3847.19,3795.98,3811.0,31129.2354,0.0001,76,-2.315744,0.0,trending,,649.229378,-0.75326,0.521685,True,True,648.890346,-0.231695,649.229378,,trending,5.319702,{},,447.0,ETHUSDT,2024-05-23 22:00:00,ETHUSDT,3811.0,0.088873,REDUCE_SHORT,644.693408,0.0,0.0,0.0,644.693408,0.0,0.0,0.0,-2.315744,-2.315744,1.0,-2.315744,True,True
2024-05-23 23:00:00,3811.0,3813.04,3751.68,3783.61,31665.1312,0.0001,76,1.651435,0.0,trending,,649.970888,-0.229648,0.394791,True,True,649.714136,0.165044,649.970888,,trending,3.967179,{},,448.0,ETHUSDT,2024-05-23 23:00:00,ETHUSDT,3783.61,0.028369,LONG,644.693408,0.0,0.0,0.0,644.693408,0.0,0.0,0.0,1.651435,1.651435,1.0,1.651435,True,True
2024-05-24 00:00:00,3783.6,3829.61,3744.34,3813.21,23867.7749,0.0001,74,-2.439889,0.0,trending,,650.553028,0.16612,-0.410109,True,True,650.28623,-0.244089,650.553028,,trending,-4.091324,{},,449.0,ETHUSDT,2024-05-24 00:00:00,ETHUSDT,3813.21,0.041626,SHORT,644.693408,0.0,0.0,0.0,644.693408,0.0,0.0,0.0,-2.439889,-2.439889,1.0,-2.439889,True,True
2024-05-24 01:00:00,3813.2,3826.41,3795.08,3810.2,13232.6968,0.0001,74,-1.808446,0.0,trending,,650.411524,-0.243849,0.063005,False,,650.411524,-0.243849,650.411524,,trending,0.631444,{},,450.0,ETHUSDT,2024-05-24 01:00:00,,,,,644.693408,0.0,0.0,0.0,644.693408,0.0,0.0,0.0,-1.808446,-1.808446,1.0,-1.808446,True,False
2024-05-24 02:00:00,3810.2,3828.91,3794.04,3822.0,12722.1312,0.0001,74,-3.193024,0.0,trending,,649.92034,-0.244789,-0.074513,False,,649.92034,-0.244789,649.92034,,trending,-1.384578,{},,451.0,ETHUSDT,2024-05-24 02:00:00,,,,,644.693408,0.0,0.0,0.0,644.693408,0.0,0.0,0.0,-3.193024,-3.193024,1.0,-3.193024,True,False
2024-05-24 03:00:00,3822.0,3825.79,3798.89,3803.82,9694.9958,0.0001,74,-0.505587,0.0,trending,,650.677096,-0.243342,0.192783,False,,650.677096,-0.243342,650.677096,,trending,2.687436,{},,452.0,ETHUSDT,2024-05-24 03:00:00,,,,,644.693408,0.0,0.0,0.0,644.693408,0.0,0.0,0.0,-0.505587,-0.505587,1.0,-0.505587,True,False
2024-05-24 04:00:00,3803.82,3815.63,3795.02,3804.22,10370.3763,0.0001,74,-0.511585,0.0,trending,,650.660446,-0.243374,0.192215,False,,650.660446,-0.243374,650.660446,,trending,-0.005997,{},,453.0,ETHUSDT,2024-05-24 04:00:00,,,,,644.693408,0.0,0.0,0.0,644.693408,0.0,0.0,0.0,-0.511585,-0.511585,1.0,-0.511585,True,False
2024-05-24 05:00:00,3804.22,3812.38,3726.06,3728.47,32202.816,0.0001,74,9.432123,0.0,trending,,653.813597,-0.237377,1.180589,True,True,653.041556,0.943383,653.813597,,trending,9.943708,{},,454.0,ETHUSDT,2024-05-24 05:00:00,ETHUSDT,3728.47,0.165399,LONG,644.693408,0.0,0.0,0.0,644.693408,0.0,0.0,0.0,9.432123,9.432123,1.0,9.432123,True,True
2024-05-24 06:00:00,3728.47,3741.48,3670.08,3672.7,44839.2596,0.0001,74,15.609159,0.0,trending,,643.82648,0.942573,0.618343,True,True,643.428374,1.561263,643.82648,,trending,6.177036,{},,455.0,ETHUSDT,2024-05-24 06:00:00,ETHUSDT,3672.7,0.108396,LONG,644.693408,0.0,0.0,0.0,644.693408,0.0,0.0,0.0,15.609159,15.609159,1.0,15.609159,True,True
2024-05-24 07:00:00,3672.69,3691.22,3651.0,3679.24,35232.6467,0.0001,74,13.700944,0.0,trending,,645.217202,1.559707,-0.189613,False,,645.217202,1.559707,645.217202,,trending,-1.908215,{},,456.0,ETHUSDT,2024-05-24 07:00:00,,,,,644.693408,0.0,0.0,0.0,644.693408,0.0,0.0,0.0,13.700944,13.700944,1.0,13.700944,True,False
2024-05-24 08:00:00,3679.24,3682.0,3626.1,3674.0,32026.0607,0.0001,74,14.448592,0.0,trending,,643.783952,1.560953,-0.116094,False,,643.783952,1.560953,643.783952,,trending,0.747648,{},,457.0,ETHUSDT,2024-05-24 08:00:00,,,,,644.693408,0.0,0.0,0.0,644.693408,0.0,0.0,0.0,14.448592,14.448592,1.0,14.448592,True,False
2024-05-24 09:00:00,3674.0,3691.55,3645.04,3684.8,15080.5876,0.0001,74,12.435189,0.0,trending,,646.73798,1.558391,-0.314872,True,True,646.53434,1.243911,646.73798,,trending,-2.013404,{},,458.0,ETHUSDT,2024-05-24 09:00:00,ETHUSDT,3684.8,0.055265,REDUCE_LONG,644.693408,0.0,0.0,0.0,644.693408,0.0,0.0,0.0,12.435189,12.435189,1.0,12.435189,True,True
2024-05-24 10:00:00,3684.8,3713.28,3681.21,3699.63,23292.4796,0.0001,74,9.133323,0.0,trending,,649.771081,1.242696,-0.329363,True,True,649.557071,0.913633,649.771081,,trending,-3.301865,{},,459.0,ETHUSDT,2024-05-24 10:00:00,ETHUSDT,3699.63,0.057847,REDUCE_LONG,644.693408,0.0,0.0,0.0,644.693408,0.0,0.0,0.0,9.133323,9.133323,1.0,9.133323,True,True
2024-05-24 11:00:00,3699.63,3717.67,3693.23,3712.62,11190.5174,0.0001,74,6.390594,0.0,trending,,651.640794,0.913909,-0.27485,True,True,651.46169,0.639235,651.640794,,trending,-2.742729,{},,460.0,ETHUSDT,2024-05-24 11:00:00,ETHUSDT,3712.62,0.048242,REDUCE_LONG,644.693408,0.0,0.0,0.0,644.693408,0.0,0.0,0.0,6.390594,6.390594,1.0,6.390594,True,True
2024-05-24 12:00:00,3712.62,3725.8,3699.07,3714.69,15786.3771,0.0001,74,5.524876,0.0,trending,,651.693878,0.639364,-0.086876,False,,651.693878,0.639364,651.693878,,trending,-0.865718,{},,461.0,ETHUSDT,2024-05-24 12:00:00,,,,,644.693408,0.0,0.0,0.0,644.693408,0.0,0.0,0.0,5.524876,5.524876,1.0,5.524876,True,False
2024-05-24 13:00:00,3714.69,3726.0,3678.99,3684.14,19209.3203,0.0001,74,10.270804,0.0,trending,,648.267146,0.637457,0.389623,True,True,648.014566,1.027091,648.267146,,trending,4.745929,{},,462.0,ETHUSDT,2024-05-24 13:00:00,ETHUSDT,3684.14,0.068559,LONG,644.693408,0.0,0.0,0.0,644.693408,0.0,0.0,0.0,10.270804,10.270804,1.0,10.270804,True,True
2024-05-24 14:00:00,3684.14,3731.87,3671.15,3708.86,23825.6061,0.0001,74,5.210258,0.0,trending,,652.480435,1.026906,-0.50588,True,True,652.150359,0.521289,652.480435,,trending,-5.060546,{},,463.0,ETHUSDT,2024-05-24 14:00:00,ETHUSDT,3708.86,0.088997,REDUCE_LONG,644.693408,0.0,0.0,0.0,644.693408,0.0,0.0,0.0,5.210258,5.210258,1.0,5.210258,True,True
2024-05-24 15:00:00,3708.87,3732.83,3688.39,3693.67,26574.1218,0.0001,74,7.588279,0.0,trending,,650.758023,0.520265,0.238563,True,True,650.602776,0.75877,650.758023,,trending,2.378021,{},,464.0,ETHUSDT,2024-05-24 15:00:00,ETHUSDT,3693.67,0.04203,LONG,644.693408,0.0,0.0,0.0,644.693408,0.0,0.0,0.0,7.588279,7.588279,1.0,7.588279,True,True
2024-05-24 16:00:00,3693.66,3700.6,3655.26,3665.2,29671.9404,0.0001,74,14.849913,0.0,trending,,646.797767,0.757351,0.72764,True,True,646.327131,1.485344,646.797767,,trending,7.261634,{},,465.0,ETHUSDT,2024-05-24 16:00:00,ETHUSDT,3665.2,0.128407,LONG,644.693408,0.0,0.0,0.0,644.693408,0.0,0.0,0.0,14.849913,14.849913,1.0,14.849913,True,True
2024-05-24 17:00:00,3665.2,3712.16,3664.75,3711.36,18647.005,0.0001,74,3.497813,0.0,trending,,658.417727,1.476432,-1.126651,True,True,657.67592,0.350176,658.417727,,trending,-11.3521,{},,466.0,ETHUSDT,2024-05-24 17:00:00,ETHUSDT,3711.36,0.199875,REDUCE_LONG,644.693408,0.0,0.0,0.0,644.693408,0.0,0.0,0.0,3.497813,3.497813,1.0,3.497813,True,True
2024-05-24 18:00:00,3711.36,3759.0,3708.37,3732.85,27447.015,0.0001,74,-2.35225,0.0,trending,,659.009446,0.351491,-0.586716,True,True,658.622795,-0.235363,659.009446,,trending,-5.850064,{},,467.0,ETHUSDT,2024-05-24 18:00:00,ETHUSDT,3732.85,0.041527,SHORT,644.693408,0.0,0.0,0.0,644.693408,0.0,0.0,0.0,-2.35225,-2.35225,1.0,-2.35225,True,True
2024-05-24 19:00:00,3732.85,3748.75,3720.57,3744.4,17070.7512,0.0001,74,-5.280915,0.0,trending,,658.143153,-0.236263,-0.291828,True,True,657.951089,-0.528246,658.143153,,trending,-2.928664,{},,468.0,ETHUSDT,2024-05-24 19:00:00,ETHUSDT,3744.4,0.051294,SHORT,644.693408,0.0,0.0,0.0,644.693408,0.0,0.0,0.0,-5.280915,-5.280915,1.0,-5.280915,True,True
2024-05-24 20:00:00,3744.4,3755.05,3731.4,3732.11,22139.4546,0.0001,74,-1.616077,0.0,trending,,659.091862,-0.5256,0.363993,True,True,658.851717,-0.161667,659.091862,,trending,3.664837,{},,469.0,ETHUSDT,2024-05-24 20:00:00,ETHUSDT,3732.11,0.064281,REDUCE_SHORT,644.693408,0.0,0.0,0.0,644.693408,0.0,0.0,0.0,-1.616077,-1.616077,1.0,-1.616077,True,True
2024-05-24 21:00:00,3732.1,3747.0,3725.74,3736.34,6927.6681,0.0001,74,-2.702619,0.0,trending,,658.730993,-0.16188,-0.108382,False,,658.730993,-0.16188,658.730993,,trending,-1.086542,{},,470.0,ETHUSDT,2024-05-24 21:00:00,,,,,644.693408,0.0,0.0,0.0,644.693408,0.0,0.0,0.0,-2.702619,-2.702619,1.0,-2.702619,True,False
2024-05-24 22:00:00,3736.35,3741.79,3730.19,3737.38,3542.3404,0.0001,74,-2.824625,0.0,trending,,658.701311,-0.161932,-0.120531,False,,658.701311,-0.161932,658.701311,,trending,-0.122006,{},,471.0,ETHUSDT,2024-05-24 22:00:00,,,,,644.693408,0.0,0.0,0.0,644.693408,0.0,0.0,0.0,-2.824625,-2.824625,1.0,-2.824625,True,False
2024-05-24 23:00:00,3737.37,3739.28,3723.01,3728.28,4824.4892,0.0001,74,0.15247,0.0,trending,,658.961025,-0.161474,0.176721,False,,658.961025,-0.161474,658.961025,,trending,2.977095,{},,472.0,ETHUSDT,2024-05-24 23:00:00,,,,,644.693408,0.0,0.0,0.0,644.693408,0.0,0.0,0.0,0.15247,0.15247,1.0,0.15247,True,False
2024-05-25 00:00:00,3728.28,3728.93,3709.03,3711.73,5603.6622,0.0001,76,5.129341,0.0,trending,,659.433362,-0.160642,0.673576,True,True,658.989077,0.512767,659.433362,,trending,4.976871,{},,473.0,ETHUSDT,2024-05-25 00:00:00,ETHUSDT,3711.73,0.091129,LONG,644.693408,0.0,0.0,0.0,644.693408,0.0,0.0,0.0,5.129341,5.129341,1.0,5.129341,True,True
2024-05-25 01:00:00,3711.73,3728.29,3710.81,3717.12,5393.0808,0.0001,76,3.299171,0.0,trending,,659.479771,0.513129,-0.183212,False,,659.479771,0.513129,659.479771,,trending,-1.830171,{},,474.0,ETHUSDT,2024-05-25 01:00:00,,,,,644.693408,0.0,0.0,0.0,644.693408,0.0,0.0,0.0,3.299171,3.299171,1.0,3.299171,True,False
2024-05-25 02:00:00,3717.13,3736.51,3715.0,3732.99,6108.5257,0.0001,76,-2.41676,0.0,trending,,660.92454,0.514193,-0.755869,True,True,660.424967,-0.241859,660.92454,,trending,-5.715931,{},,475.0,ETHUSDT,2024-05-25 02:00:00,ETHUSDT,3732.99,0.042789,SHORT,644.693408,0.0,0.0,0.0,644.693408,0.0,0.0,0.0,-2.41676,-2.41676,1.0,-2.41676,True,True
2024-05-25 03:00:00,3732.99,3747.72,3726.0,3745.26,8151.574,0.0001,76,-6.714306,0.0,trending,,659.89995,-0.242847,-0.428584,True,True,659.617128,-0.671719,659.89995,,trending,-4.297546,{},,476.0,ETHUSDT,2024-05-25 03:00:00,ETHUSDT,3745.26,0.075515,SHORT,644.693408,0.0,0.0,0.0,644.693408,0.0,0.0,0.0,-6.714306,-6.714306,1.0,-6.714306,True,True
2024-05-25 04:00:00,3745.26,3779.43,3745.26,3769.11,15544.1386,0.0001,76,-15.257259,0.0,trending,,656.795592,-0.6789,-0.846826,True,True,656.2394,-1.527019,656.795592,,trending,-8.542952,{},,477.0,ETHUSDT,2024-05-25 04:00:00,ETHUSDT,3769.11,0.147566,SHORT,644.693408,0.0,0.0,0.0,644.693408,0.0,0.0,0.0,-15.257259,-15.257259,1.0,-15.257259,True,True
2024-05-25 05:00:00,3769.1,3771.51,3750.22,3752.55,5773.2607,0.0001,76,-7.881535,0.0,trending,,660.642193,-1.510178,0.722024,True,True,660.164716,-0.788724,660.642193,,trending,7.375723,{},,478.0,ETHUSDT,2024-05-25 05:00:00,ETHUSDT,3752.55,0.127113,REDUCE_SHORT,644.693408,0.0,0.0,0.0,644.693408,0.0,0.0,0.0,-7.881535,-7.881535,1.0,-7.881535,True,True
2024-05-25 06:00:00,3752.55,3758.94,3744.4,3748.21,7340.481,0.0001,76,-5.589677,0.0,trending,,660.766915,-0.787093,0.228126,True,True,660.616027,-0.559095,660.766915,,trending,2.291859,{},,479.0,ETHUSDT,2024-05-25 06:00:00,ETHUSDT,3748.21,0.040216,REDUCE_SHORT,644.693408,0.0,0.0,0.0,644.693408,0.0,0.0,0.0,-5.589677,-5.589677,1.0,-5.589677,True,True
2024-05-25 07:00:00,3748.2,3759.64,3744.6,3746.6,5245.3255,0.0001,76,-4.478431,0.0,trending,,660.774675,-0.558721,0.110878,False,,660.774675,-0.558721,660.774675,,trending,1.111245,{},,480.0,ETHUSDT,2024-05-25 07:00:00,,,,,644.693408,0.0,0.0,0.0,644.693408,0.0,0.0,0.0,-4.478431,-4.478431,1.0,-4.478431,True,False
2024-05-25 08:00:00,3746.6,3754.39,3741.0,3742.82,5278.3092,0.0001,76,-2.561257,0.0,trending,,661.147155,-0.557843,0.301717,True,True,660.947476,-0.256203,661.147155,,trending,1.917174,{},,481.0,ETHUSDT,2024-05-25 08:00:00,ETHUSDT,3742.82,0.053297,REDUCE_SHORT,644.693408,0.0,0.0,0.0,644.693408,0.0,0.0,0.0,-2.561257,-2.561257,1.0,-2.561257,True,True
2024-05-25 09:00:00,3742.82,3760.93,3737.02,3759.0,8543.7506,0.0001,76,-9.480468,0.0,trending,,660.215443,-0.257596,-0.690451,True,True,659.759596,-0.948702,660.215443,,trending,-6.91921,{},,482.0,ETHUSDT,2024-05-25 09:00:00,ETHUSDT,3759.0,0.121268,SHORT,644.693408,0.0,0.0,0.0,644.693408,0.0,0.0,0.0,-9.480468,-9.480468,1.0,-9.480468,True,True
2024-05-25 10:00:00,3759.01,3773.42,3750.9,3767.07,7669.1592,0.0001,76,-13.000921,0.0,trending,,658.415852,-0.952679,-0.347413,True,True,658.18711,-1.300544,658.415852,,trending,-3.520454,{},,483.0,ETHUSDT,2024-05-25 10:00:00,ETHUSDT,3767.07,0.060722,SHORT,644.693408,0.0,0.0,0.0,644.693408,0.0,0.0,0.0,-13.000921,-13.000921,1.0,-13.000921,True,True
2024-05-25 11:00:00,3767.07,3775.0,3736.42,3739.39,11060.1358,0.0001,76,1.237949,0.0,trending,,664.476909,-1.278768,1.402562,True,True,663.544088,0.123845,664.476909,,trending,14.238871,{},,484.0,ETHUSDT,2024-05-25 11:00:00,ETHUSDT,3739.39,0.021998,LONG,644.693408,0.0,0.0,0.0,644.693408,0.0,0.0,0.0,1.237949,1.237949,1.0,1.237949,True,True
2024-05-25 12:00:00,3739.39,3743.2,3719.8,3737.47,16680.0902,0.0001,76,2.122849,0.0,trending,,663.501895,0.123789,0.088496,False,,663.501895,0.123789,663.501895,,trending,0.8849,{},,485.0,ETHUSDT,2024-05-25 12:00:00,,,,,644.693408,0.0,0.0,0.0,644.693408,0.0,0.0,0.0,2.122849,2.122849,1.0,2.122849,True,False
2024-05-25 13:00:00,3737.47,3747.1,3725.4,3734.17,6026.0455,0.0001,76,3.755918,0.0,trending,,663.429374,0.123693,0.251898,True,True,663.262257,0.375435,663.429374,,trending,1.633069,{},,486.0,ETHUSDT,2024-05-25 13:00:00,ETHUSDT,3734.17,0.044753,LONG,644.693408,0.0,0.0,0.0,644.693408,0.0,0.0,0.0,3.755918,3.755918,1.0,3.755918,True,True
2024-05-25 14:00:00,3734.18,3753.73,3730.25,3747.95,7176.8422,0.0001,76,-4.056842,0.0,trending,,664.181171,0.376299,-0.781983,True,True,663.661792,-0.406002,664.181171,,trending,-7.812761,{},,487.0,ETHUSDT,2024-05-25 14:00:00,ETHUSDT,3747.95,0.071892,SHORT,644.693408,0.0,0.0,0.0,644.693408,0.0,0.0,0.0,-4.056842,-4.056842,1.0,-4.056842,True,True
2024-05-25 15:00:00,3747.95,3758.2,3741.63,3743.79,5843.8638,0.0001,76,-1.392955,0.0,trending,,663.960863,-0.405368,0.266073,True,True,663.784025,-0.139333,663.960863,,trending,2.663887,{},,488.0,ETHUSDT,2024-05-25 15:00:00,ETHUSDT,3743.79,0.047188,REDUCE_SHORT,644.693408,0.0,0.0,0.0,644.693408,0.0,0.0,0.0,-1.392955,-1.392955,1.0,-1.392955,True,True
2024-05-25 16:00:00,3743.8,3755.85,3742.2,3748.46,4456.8271,0.0001,76,-4.025799,0.0,trending,,663.668657,-0.139531,-0.263049,True,True,663.494079,-0.402686,663.668657,,trending,-2.632843,{},,489.0,ETHUSDT,2024-05-25 16:00:00,ETHUSDT,3748.46,0.046573,SHORT,644.693408,0.0,0.0,0.0,644.693408,0.0,0.0,0.0,-4.025799,-4.025799,1.0,-4.025799,True,True
2024-05-25 17:00:00,3748.45,3752.0,3736.68,3741.06,3970.4809,0.0001,76,0.701422,0.0,trending,,664.02153,-0.401572,0.471714,True,True,663.708035,0.070105,664.02153,,trending,4.72722,{},,490.0,ETHUSDT,2024-05-25 17:00:00,ETHUSDT,3741.06,0.01245,LONG,644.693408,0.0,0.0,0.0,644.693408,0.0,0.0,0.0,0.701422,0.701422,1.0,0.701422,True,True
2024-05-25 18:00:00,3741.06,3760.0,3740.0,3759.62,3736.3411,0.0001,76,-10.183108,0.0,trending,,663.938875,0.070428,-1.088739,True,True,663.216018,-1.019421,663.938875,,trending,-10.88453,{},,491.0,ETHUSDT,2024-05-25 18:00:00,ETHUSDT,3759.62,0.179831,SHORT,644.693408,0.0,0.0,0.0,644.693408,0.0,0.0,0.0,-10.183108,-10.183108,1.0,-10.183108,True,True
2024-05-25 19:00:00,3759.61,3766.02,3754.22,3757.64,4494.5457,0.0001,76,-8.148501,0.0,trending,,663.572084,-1.018337,0.203487,True,True,663.43692,-0.815016,663.572084,,trending,2.034607,{},,492.0,ETHUSDT,2024-05-25 19:00:00,ETHUSDT,3757.64,0.035934,REDUCE_SHORT,644.693408,0.0,0.0,0.0,644.693408,0.0,0.0,0.0,-8.148501,-8.148501,1.0,-8.148501,True,True
2024-05-25 20:00:00,3757.65,3760.28,3743.73,3745.36,3011.2923,0.0001,76,-0.146798,0.0,trending,,665.203971,-0.810195,0.795515,True,True,664.674262,-0.014691,665.203971,,trending,8.001703,{},,493.0,ETHUSDT,2024-05-25 20:00:00,ETHUSDT,3745.36,0.141289,REDUCE_SHORT,644.693408,0.0,0.0,0.0,644.693408,0.0,0.0,0.0,-0.146798,-0.146798,1.0,-0.146798,True,True
2024-05-25 21:00:00,3745.35,3747.7,3739.32,3746.03,2437.4052,0.0001,76,-0.542506,0.0,trending,,664.672515,-0.014694,-0.039556,False,,664.672515,-0.014694,664.672515,,trending,-0.395708,{},,494.0,ETHUSDT,2024-05-25 21:00:00,,,,,644.693408,0.0,0.0,0.0,644.693408,0.0,0.0,0.0,-0.542506,-0.542506,1.0,-0.542506,True,False
2024-05-25 22:00:00,3746.03,3746.15,3730.12,3737.66,5366.1386,0.0001,76,4.653378,0.0,trending,,664.694337,-0.014661,0.479999,True,True,664.375275,0.465096,664.694337,,trending,5.195884,{},,495.0,ETHUSDT,2024-05-25 22:00:00,ETHUSDT,3737.66,0.082754,LONG,644.693408,0.0,0.0,0.0,644.693408,0.0,0.0,0.0,4.653378,4.653378,1.0,4.653378,True,True
2024-05-25 23:00:00,3737.66,3751.93,3737.58,3749.26,3800.6233,0.0001,76,-2.984802,0.0,trending,,665.334265,0.465867,-0.764347,True,True,664.825719,-0.298708,665.334265,,trending,-7.63818,{},,496.0,ETHUSDT,2024-05-25 23:00:00,ETHUSDT,3749.26,0.052968,SHORT,644.693408,0.0,0.0,0.0,644.693408,0.0,0.0,0.0,-2.984802,-2.984802,1.0,-2.984802,True,True
2024-05-26 00:00:00,3749.25,3750.4,3741.73,3745.21,3035.0496,0.0001,75,-0.171706,0.0,trending,,665.040238,-0.29829,0.281119,True,True,664.853095,-0.017175,665.040238,,trending,2.813095,{},,497.0,ETHUSDT,2024-05-26 00:00:00,ETHUSDT,3745.21,0.049919,REDUCE_SHORT,644.693408,0.0,0.0,0.0,644.693408,0.0,0.0,0.0,-0.171706,-0.171706,1.0,-0.171706,True,True
2024-05-26 01:00:00,3745.2,3760.49,3745.2,3757.99,4556.914,0.0001,75,-8.888713,0.0,trending,,664.814129,-0.017235,-0.871636,True,True,664.234653,-0.889647,664.814129,,trending,-8.717007,{},,498.0,ETHUSDT,2024-05-26 01:00:00,ETHUSDT,3757.99,0.154198,SHORT,644.693408,0.0,0.0,0.0,644.693408,0.0,0.0,0.0,-8.888713,-8.888713,1.0,-8.888713,True,True
2024-05-26 02:00:00,3757.99,3760.2,3731.17,3737.6,6373.029,0.0001,75,5.655332,0.0,trending,,667.440927,-0.880569,1.446102,True,True,666.475151,0.565786,667.440927,,trending,14.544045,{},,499.0,ETHUSDT,2024-05-26 02:00:00,ETHUSDT,3737.6,0.10099,LONG,644.693408,0.0,0.0,0.0,644.693408,0.0,0.0,0.0,5.655332,5.655332,1.0,5.655332,True,True
2024-05-26 03:00:00,3737.6,3772.93,3734.44,3771.59,14756.1107,0.0001,75,-16.157975,0.0,trending,,669.904366,0.568009,-2.183806,True,True,668.441425,-1.619334,669.904366,,trending,-21.813306,{},,500.0,ETHUSDT,2024-05-26 03:00:00,ETHUSDT,3771.59,0.286996,SHORT,644.693408,0.0,0.0,0.0,644.693408,0.0,0.0,0.0,-16.157975,-16.157975,1.0,-16.157975,True,True
2024-05-26 04:00:00,3771.59,3771.6,3745.0,3748.34,5321.7436,0.0001,75,-0.267511,0.0,trending,,675.114073,-1.593445,1.566694,True,True,674.055317,-0.026793,675.114073,,trending,15.890463,{},,501.0,ETHUSDT,2024-05-26 04:00:00,ETHUSDT,3748.34,0.282177,REDUCE_SHORT,644.693408,0.0,0.0,0.0,644.693408,0.0,0.0,0.0,-0.267511,-0.267511,1.0,-0.267511,True,True
2024-05-26 05:00:00,3748.34,3762.39,3741.16,3760.53,3950.5098,0.0001,75,-7.566325,0.0,trending,,673.996584,-0.026883,-0.72975,True,True,673.504735,-0.757185,673.996584,,trending,-7.298813,{},,502.0,ETHUSDT,2024-05-26 05:00:00,ETHUSDT,3760.53,0.130792,SHORT,644.693408,0.0,0.0,0.0,644.693408,0.0,0.0,0.0,-7.566325,-7.566325,1.0,-7.566325,True,True
2024-05-26 06:00:00,3760.54,3762.58,3752.55,3759.95,3613.3762,0.0001,75,-6.705844,0.0,trending,,673.583389,-0.75698,0.086395,False,,673.583389,-0.75698,673.583389,,trending,0.86048,{},,503.0,ETHUSDT,2024-05-26 06:00:00,,,,,644.693408,0.0,0.0,0.0,644.693408,0.0,0.0,0.0,-6.705844,-6.705844,1.0,-6.705844,True,False
2024-05-26 07:00:00,3759.96,3795.06,3759.0,3786.02,17391.6824,0.0001,75,-20.0,0.0,trending,,670.048021,-0.76625,-1.23375,True,True,669.221349,-2.002471,670.048021,,trending,-13.294156,{},,504.0,ETHUSDT,2024-05-26 07:00:00,ETHUSDT,3786.02,0.218348,SHORT,644.693408,0.0,0.0,0.0,644.693408,0.0,0.0,0.0,-22.375276,-22.375276,1.0,-22.375276,True,True
2024-05-26 08:00:00,3786.01,3816.57,3777.22,3794.46,17766.0895,0.0001,75,-20.0,0.0,trending,,666.233935,-2.015934,0.015934,False,,666.233935,-2.015934,666.233935,,trending,0.0,{},,505.0,ETHUSDT,2024-05-26 08:00:00,,,,,644.693408,0.0,0.0,0.0,644.693408,0.0,0.0,0.0,-24.0,-24.0,1.0,-24.0,True,False
2024-05-26 09:00:00,3794.45,3816.79,3788.85,3800.0,19029.635,0.0001,75,-20.0,0.0,trending,,664.273002,-2.024837,0.024837,False,,664.273002,-2.024837,664.273002,,trending,0.0,{},,506.0,ETHUSDT,2024-05-26 09:00:00,,,,,644.693408,0.0,0.0,0.0,644.693408,0.0,0.0,0.0,-24.0,-24.0,1.0,-24.0,True,False
2024-05-26 10:00:00,3800.0,3811.0,3790.52,3804.61,8676.8471,0.0001,75,-20.0,0.0,trending,,662.641251,-2.032285,0.032285,False,,662.641251,-2.032285,662.641251,,trending,0.0,{},,507.0,ETHUSDT,2024-05-26 10:00:00,,,,,644.693408,0.0,0.0,0.0,644.693408,0.0,0.0,0.0,-24.0,-24.0,1.0,-24.0,True,False
2024-05-26 11:00:00,3804.61,3822.4,3803.28,3813.79,18358.4356,0.0001,75,-20.0,0.0,trending,,659.391906,-2.047228,0.047228,False,,659.391906,-2.047228,659.391906,,trending,0.0,{},,508.0,ETHUSDT,2024-05-26 11:00:00,,,,,644.693408,0.0,0.0,0.0,644.693408,0.0,0.0,0.0,-24.0,-24.0,1.0,-24.0,True,False
2024-05-26 12:00:00,3813.79,3813.8,3800.0,3803.31,11883.8506,0.0001,75,-19.546799,0.0,trending,,663.101397,-2.030181,0.075501,False,,663.101397,-2.030181,663.101397,,trending,0.453201,{},,509.0,ETHUSDT,2024-05-26 12:00:00,,,,,644.693408,0.0,0.0,0.0,644.693408,0.0,0.0,0.0,-19.546799,-19.546799,1.0,-19.546799,True,False
2024-05-26 13:00:00,3803.31,3811.45,3792.14,3808.9,9264.866,0.0001,75,-20.0,0.0,trending,,661.122766,-2.03925,0.03925,False,,661.122766,-2.03925,661.122766,,trending,-0.453201,{},,510.0,ETHUSDT,2024-05-26 13:00:00,,,,,644.693408,0.0,0.0,0.0,644.693408,0.0,0.0,0.0,-20.783632,-20.783632,1.0,-20.783632,True,False
2024-05-26 14:00:00,3808.89,3865.59,3803.3,3862.4,28227.1016,0.0001,75,-20.0,0.0,trending,,642.185957,-2.128872,0.128872,False,,642.185957,-2.128872,642.185957,,trending,0.0,{},,511.0,ETHUSDT,2024-05-26 14:00:00,,,,,644.693408,0.0,0.0,0.0,644.693408,0.0,0.0,0.0,-24.0,-24.0,1.0,-24.0,True,False
2024-05-26 15:00:00,3862.4,3875.8,3825.6,3833.05,37197.5086,0.0001,75,-20.0,0.0,trending,,652.574655,-2.079061,0.079061,False,,652.574655,-2.079061,652.574655,,trending,0.0,{},,512.0,ETHUSDT,2024-05-26 15:00:00,,,,,644.693408,0.0,0.0,0.0,644.693408,0.0,0.0,0.0,-23.551338,-23.551338,1.0,-23.551338,True,False
2024-05-26 16:00:00,3833.06,3884.2,3831.26,3863.87,27384.882,0.0001,75,-20.0,0.0,trending,,641.665637,-2.131409,0.131409,False,,641.665637,-2.131409,641.665637,,trending,0.0,{},,513.0,ETHUSDT,2024-05-26 16:00:00,,,,,644.693408,0.0,0.0,0.0,644.693408,0.0,0.0,0.0,-24.0,-24.0,1.0,-24.0,True,False
2024-05-26 17:00:00,3863.87,3865.4,3841.83,3844.57,7645.2479,0.0001,75,-20.0,0.0,trending,,648.497047,-2.098422,0.098422,False,,648.497047,-2.098422,648.497047,,trending,0.0,{},,514.0,ETHUSDT,2024-05-26 17:00:00,,,,,644.693408,0.0,0.0,0.0,644.693408,0.0,0.0,0.0,-21.255627,-21.255627,1.0,-21.255627,True,False
2024-05-26 18:00:00,3844.58,3850.9,3832.2,3847.7,7237.1903,0.0001,75,-20.0,0.0,trending,,647.389155,-2.103724,0.103724,False,,647.389155,-2.103724,647.389155,,trending,0.0,{},,515.0,ETHUSDT,2024-05-26 18:00:00,,,,,644.693408,0.0,0.0,0.0,644.693408,0.0,0.0,0.0,-20.516928,-20.516928,1.0,-20.516928,True,False
2024-05-26 19:00:00,3847.7,3878.87,3847.69,3878.86,8611.1058,0.0001,75,-20.0,0.0,trending,,636.359791,-2.157518,0.157518,False,,636.359791,-2.157518,636.359791,,trending,0.0,{},,516.0,ETHUSDT,2024-05-26 19:00:00,,,,,644.693408,0.0,0.0,0.0,644.693408,0.0,0.0,0.0,-24.0,-24.0,1.0,-24.0,True,False
2024-05-26 20:00:00,3878.86,3879.63,3857.91,3860.74,5550.3338,0.0001,75,-20.0,0.0,trending,,642.773529,-2.126011,0.126011,False,,642.773529,-2.126011,642.773529,,trending,0.0,{},,517.0,ETHUSDT,2024-05-26 20:00:00,,,,,644.693408,0.0,0.0,0.0,644.693408,0.0,0.0,0.0,-20.135112,-20.135112,1.0,-20.135112,True,False
2024-05-26 21:00:00,3860.74,3860.75,3823.11,3852.54,9857.7588,0.0001,75,-14.239405,0.0,trending,,645.675993,-2.111959,0.688019,True,True,645.231311,-1.424922,645.675993,,trending,5.760595,{},,518.0,ETHUSDT,2024-05-26 21:00:00,ETHUSDT,3852.54,0.11531,REDUCE_SHORT,644.693408,0.0,0.0,0.0,644.693408,0.0,0.0,0.0,-14.239405,-14.239405,1.0,-14.239405,True,True
2024-05-26 22:00:00,3852.55,3854.78,3835.67,3838.06,7255.9611,0.0001,75,-7.176229,0.0,trending,,648.686947,-1.412004,0.694381,True,True,648.23606,-0.718122,648.686947,,trending,7.063176,{},,519.0,ETHUSDT,2024-05-26 22:00:00,ETHUSDT,3838.06,0.11736,REDUCE_SHORT,644.693408,0.0,0.0,0.0,644.693408,0.0,0.0,0.0,-7.176229,-7.176229,1.0,-7.176229,True,True
2024-05-26 23:00:00,3838.07,3840.94,3817.39,3826.47,9263.0647,0.0001,75,-1.796847,0.0,trending,,649.641794,-0.714404,0.53472,True,True,649.29407,-0.179781,649.641794,,trending,5.379382,{},,520.0,ETHUSDT,2024-05-26 23:00:00,ETHUSDT,3826.47,0.090782,REDUCE_SHORT,644.693408,0.0,0.0,0.0,644.693408,0.0,0.0,0.0,-1.796847,-1.796847,1.0,-1.796847,True,True
2024-05-27 00:00:00,3826.47,3857.5,3823.37,3843.0,9421.9553,0.0001,74,-8.45314,0.0,trending,,648.789804,-0.180698,-0.664616,True,True,648.358608,-0.845876,648.789804,,trending,-6.656293,{},,521.0,ETHUSDT,2024-05-27 00:00:00,ETHUSDT,3843.0,0.112203,SHORT,644.693408,0.0,0.0,0.0,644.693408,0.0,0.0,0.0,-8.45314,-8.45314,1.0,-8.45314,True,True
2024-05-27 01:00:00,3843.0,3889.0,3837.24,3883.73,11809.2563,0.0001,74,-20.0,0.0,trending,,642.546066,-0.862574,-1.137426,True,True,641.815217,-2.002277,642.546066,,trending,-11.54686,{},,522.0,ETHUSDT,2024-05-27 01:00:00,ETHUSDT,3883.73,0.188182,SHORT,644.693408,0.0,0.0,0.0,644.693408,0.0,0.0,0.0,-23.301102,-23.301102,1.0,-23.301102,True,True
2024-05-27 02:00:00,3883.72,3939.59,3878.62,3914.49,34844.4837,0.0001,74,-20.0,0.0,trending,,631.637003,-2.050656,0.050656,False,,631.637003,-2.050656,631.637003,,trending,0.0,{},,523.0,ETHUSDT,2024-05-27 02:00:00,,,,,644.693408,0.0,0.0,0.0,644.693408,0.0,0.0,0.0,-24.0,-24.0,1.0,-24.0,True,False
2024-05-27 03:00:00,3914.49,3938.05,3905.75,3919.58,31067.7428,0.0001,74,-20.0,0.0,trending,,629.952767,-2.058812,0.058812,False,,629.952767,-2.058812,629.952767,,trending,0.0,{},,524.0,ETHUSDT,2024-05-27 03:00:00,,,,,644.693408,0.0,0.0,0.0,644.693408,0.0,0.0,0.0,-24.0,-24.0,1.0,-24.0,True,False
2024-05-27 04:00:00,3919.59,3935.0,3908.0,3919.43,11177.533,0.0001,74,-20.0,0.0,trending,,630.002401,-2.058571,0.058571,False,,630.002401,-2.058571,630.002401,,trending,0.0,{},,525.0,ETHUSDT,2024-05-27 04:00:00,,,,,644.693408,0.0,0.0,0.0,644.693408,0.0,0.0,0.0,-24.0,-24.0,1.0,-24.0,True,False
2024-05-27 05:00:00,3919.43,3923.39,3888.71,3904.68,12750.5246,0.0001,74,-19.069273,0.0,trending,,634.883046,-2.035059,0.128131,False,,634.883046,-2.035059,634.883046,,trending,0.930727,{},,526.0,ETHUSDT,2024-05-27 05:00:00,,,,,644.693408,0.0,0.0,0.0,644.693408,0.0,0.0,0.0,-19.069273,-19.069273,1.0,-19.069273,True,False
2024-05-27 06:00:00,3904.67,3917.26,3891.0,3894.13,9425.9842,0.0001,74,-13.24679,0.0,trending,,638.373949,-2.018462,0.693783,True,True,637.930612,-1.3256,638.373949,,trending,5.822483,{},,527.0,ETHUSDT,2024-05-27 06:00:00,ETHUSDT,3894.13,0.113733,REDUCE_SHORT,644.693408,0.0,0.0,0.0,644.693408,0.0,0.0,0.0,-13.24679,-13.24679,1.0,-13.24679,True,True
2024-05-27 07:00:00,3894.14,3920.75,3892.39,3914.01,8187.543,0.0001,74,-18.984312,0.0,trending,,633.613516,-1.341445,-0.556986,True,True,633.260602,-1.899489,633.613516,,trending,-5.737522,{},,528.0,ETHUSDT,2024-05-27 07:00:00,ETHUSDT,3914.01,0.090167,SHORT,644.693408,0.0,0.0,0.0,644.693408,0.0,0.0,0.0,-18.984312,-18.984312,1.0,-18.984312,True,True
2024-05-27 08:00:00,3914.01,3954.35,3905.68,3911.49,24111.9282,0.0001,74,-15.462711,0.0,trending,,634.03506,-1.895948,0.349676,True,True,633.813131,-1.546812,634.03506,,trending,3.521601,{},,529.0,ETHUSDT,2024-05-27 08:00:00,ETHUSDT,3911.49,0.056681,REDUCE_SHORT,644.693408,0.0,0.0,0.0,644.693408,0.0,0.0,0.0,-15.462711,-15.462711,1.0,-15.462711,True,True
2024-05-27 09:00:00,3911.48,3924.13,3901.6,3910.99,11367.9005,0.0001,74,-13.755911,0.0,trending,,633.938453,-1.546309,0.170718,False,,633.938453,-1.546309,633.938453,,trending,1.7068,{},,530.0,ETHUSDT,2024-05-27 09:00:00,,,,,644.693408,0.0,0.0,0.0,644.693408,0.0,0.0,0.0,-13.755911,-13.755911,1.0,-13.755911,True,False
2024-05-27 10:00:00,3910.99,3911.0,3884.17,3906.4,13291.3691,0.0001,74,-11.454752,0.0,trending,,635.088907,-1.541696,0.396221,True,True,634.837019,-1.14593,635.088907,,trending,2.301159,{},,531.0,ETHUSDT,2024-05-27 10:00:00,ETHUSDT,3906.4,0.064416,REDUCE_SHORT,644.693408,0.0,0.0,0.0,644.693408,0.0,0.0,0.0,-11.454752,-11.454752,1.0,-11.454752,True,True
2024-05-27 11:00:00,3906.41,3915.51,3885.3,3900.49,9364.4223,0.0001,74,-8.494917,0.0,trending,,635.937623,-1.142216,0.292724,True,True,635.751283,-0.849741,635.937623,,trending,2.959834,{},,532.0,ETHUSDT,2024-05-27 11:00:00,ETHUSDT,3900.49,0.047726,REDUCE_SHORT,644.693408,0.0,0.0,0.0,644.693408,0.0,0.0,0.0,-8.494917,-8.494917,1.0,-8.494917,True,True
2024-05-27 12:00:00,3900.5,3915.02,3891.81,3911.99,10677.9065,0.0001,74,-12.511072,0.0,trending,,634.158515,-0.854387,-0.396721,True,True,633.906931,-1.251604,634.158515,,trending,-4.016154,{},,533.0,ETHUSDT,2024-05-27 12:00:00,ETHUSDT,3911.99,0.064311,SHORT,644.693408,0.0,0.0,0.0,644.693408,0.0,0.0,0.0,-12.511072,-12.511072,1.0,-12.511072,True,True
2024-05-27 13:00:00,3912.0,3939.94,3908.6,3930.89,18061.6266,0.0001,74,-18.416339,0.0,trending,,630.073776,-1.265302,-0.576332,True,True,629.710644,-1.842696,630.073776,,trending,-5.905267,{},,534.0,ETHUSDT,2024-05-27 13:00:00,ETHUSDT,3930.89,0.092379,SHORT,644.693408,0.0,0.0,0.0,644.693408,0.0,0.0,0.0,-18.416339,-18.416339,1.0,-18.416339,True,True
2024-05-27 14:00:00,3930.89,3953.4,3919.0,3943.85,22072.1188,0.0001,74,-20.0,0.0,trending,,625.884963,-1.860072,-0.139928,False,,625.884963,-1.860072,625.884963,,trending,-1.583661,{},,535.0,ETHUSDT,2024-05-27 14:00:00,,,,,644.693408,0.0,0.0,0.0,644.693408,0.0,0.0,0.0,-21.098815,-21.098815,1.0,-21.098815,True,False
2024-05-27 15:00:00,3943.86,3977.0,3928.15,3963.39,29999.1646,0.0001,74,-20.0,0.0,trending,,620.116921,-1.886675,-0.113325,False,,620.116921,-1.886675,620.116921,,trending,0.0,{},,536.0,ETHUSDT,2024-05-27 15:00:00,,,,,644.693408,0.0,0.0,0.0,644.693408,0.0,0.0,0.0,-24.0,-24.0,1.0,-24.0,True,False
2024-05-27 16:00:00,3963.39,3974.3,3943.01,3946.2,16458.3203,0.0001,74,-16.747692,0.0,trending,,625.191263,-1.863245,0.188476,False,,625.191263,-1.863245,625.191263,,trending,3.252308,{},,537.0,ETHUSDT,2024-05-27 16:00:00,,,,,644.693408,0.0,0.0,0.0,644.693408,0.0,0.0,0.0,-16.747692,-16.747692,1.0,-16.747692,True,False
2024-05-27 17:00:00,3946.2,3951.5,3924.39,3938.01,9660.3143,0.0001,74,-12.411122,0.0,trending,,627.608881,-1.852216,0.611103,True,True,627.224963,-1.241872,627.608881,,trending,4.33657,{},,538.0,ETHUSDT,2024-05-27 17:00:00,ETHUSDT,3938.01,0.097393,REDUCE_SHORT,644.693408,0.0,0.0,0.0,644.693408,0.0,0.0,0.0,-12.411122,-12.411122,1.0,-12.411122,True,True
2024-05-27 18:00:00,3938.02,3942.32,3924.35,3926.65,6345.448,0.0001,74,-7.104614,0.0,trending,,629.471956,-1.233869,0.523408,True,True,629.142156,-0.710834,629.471956,,trending,5.306508,{},,539.0,ETHUSDT,2024-05-27 18:00:00,ETHUSDT,3926.65,0.083906,REDUCE_SHORT,644.693408,0.0,0.0,0.0,644.693408,0.0,0.0,0.0,-7.104614,-7.104614,1.0,-7.104614,True,True
2024-05-27 19:00:00,3926.64,3929.85,3854.16,3873.25,24286.0072,0.0001,74,12.097388,0.0,trending,,635.224009,-0.694454,1.904193,True,True,634.013979,1.210836,635.224009,,trending,19.202002,{},,540.0,ETHUSDT,2024-05-27 19:00:00,ETHUSDT,3873.25,0.198401,LONG,644.693408,0.0,0.0,0.0,644.693408,0.0,0.0,0.0,12.097388,12.097388,1.0,12.097388,True,True
2024-05-27 20:00:00,3873.26,3897.74,3860.71,3892.92,19760.1436,0.0001,74,4.277027,0.0,trending,,637.912616,1.209547,-0.781844,True,True,637.413868,0.428037,637.912616,,trending,-7.820361,{},,541.0,ETHUSDT,2024-05-27 20:00:00,ETHUSDT,3892.92,0.128117,REDUCE_LONG,644.693408,0.0,0.0,0.0,644.693408,0.0,0.0,0.0,4.277027,4.277027,1.0,4.277027,True,True
2024-05-27 21:00:00,3892.91,3905.14,3879.15,3890.64,6540.067,0.0001,74,4.810514,0.0,trending,,637.254073,0.427894,0.053157,False,,637.254073,0.427894,637.254073,,trending,0.533487,{},,542.0,ETHUSDT,2024-05-27 21:00:00,,,,,644.693408,0.0,0.0,0.0,644.693408,0.0,0.0,0.0,4.810514,4.810514,1.0,4.810514,True,False
2024-05-27 22:00:00,3890.64,3901.94,3884.05,3887.86,8389.6158,0.0001,74,5.677597,0.0,trending,,637.059235,0.427719,0.140041,False,,637.059235,0.427719,637.059235,,trending,0.867083,{},,543.0,ETHUSDT,2024-05-27 22:00:00,,,,,644.693408,0.0,0.0,0.0,644.693408,0.0,0.0,0.0,5.677597,5.677597,1.0,5.677597,True,False
2024-05-27 23:00:00,3887.87,3898.76,3883.1,3894.22,4646.2716,0.0001,74,2.840412,0.0,trending,,637.504979,0.428119,-0.144078,False,,637.504979,0.428119,637.504979,,trending,-2.837186,{},,544.0,ETHUSDT,2024-05-27 23:00:00,,,,,644.693408,0.0,0.0,0.0,644.693408,0.0,0.0,0.0,2.840412,2.840412,1.0,2.840412,True,False
2024-05-28 00:00:00,3894.21,3895.33,3864.0,3877.2,12271.3167,0.0001,72,9.016119,0.0,trending,,636.312125,0.427047,0.474565,True,True,636.010153,0.901565,636.312125,,trending,6.175707,{},,545.0,ETHUSDT,2024-05-28 00:00:00,ETHUSDT,3877.2,0.077884,LONG,644.693408,0.0,0.0,0.0,644.693408,0.0,0.0,0.0,9.016119,9.016119,1.0,9.016119,True,True
2024-05-28 01:00:00,3877.2,3910.0,3838.0,3847.94,20497.8377,0.0001,72,18.200436,0.0,trending,,631.682851,0.900891,0.919153,True,True,631.102238,1.820798,631.682851,,trending,9.184318,{},,546.0,ETHUSDT,2024-05-28 01:00:00,ETHUSDT,3847.94,0.150889,LONG,644.693408,0.0,0.0,0.0,644.693408,0.0,0.0,0.0,18.200436,18.200436,1.0,18.200436,True,True
2024-05-28 02:00:00,3847.95,3872.0,3834.74,3862.61,17860.6952,0.0001,72,11.024614,0.0,trending,,635.483138,1.81514,-0.712678,True,True,635.030242,1.103248,635.483138,,trending,-7.175823,{},,547.0,ETHUSDT,2024-05-28 02:00:00,ETHUSDT,3862.61,0.117251,REDUCE_LONG,644.693408,0.0,0.0,0.0,644.693408,0.0,0.0,0.0,11.024614,11.024614,1.0,11.024614,True,True
2024-05-28 03:00:00,3862.61,3866.05,3827.41,3849.71,17786.9636,0.0001,72,14.312223,0.0,trending,,632.690456,1.103629,0.327593,True,True,632.483191,1.431364,632.690456,,trending,3.287609,{},,548.0,ETHUSDT,2024-05-28 03:00:00,ETHUSDT,3849.71,0.053839,LONG,644.693408,0.0,0.0,0.0,644.693408,0.0,0.0,0.0,14.312223,14.312223,1.0,14.312223,True,True
2024-05-28 04:00:00,3849.72,3854.65,3821.63,3836.59,15671.0154,0.0001,72,17.915044,0.0,trending,,629.397839,1.433478,0.358026,True,True,629.172498,1.791788,629.397839,,trending,3.602821,{},,549.0,ETHUSDT,2024-05-28 04:00:00,ETHUSDT,3836.59,0.058735,LONG,644.693408,0.0,0.0,0.0,644.693408,0.0,0.0,0.0,17.915044,17.915044,1.0,17.915044,True,True
2024-05-28 05:00:00,3836.58,3860.58,3831.3,3860.57,8059.8509,0.0001,72,7.602921,0.0,trending,,636.218781,1.783019,-1.022726,True,True,635.568103,0.76107,636.218781,,trending,-10.312122,{},,550.0,ETHUSDT,2024-05-28 05:00:00,ETHUSDT,3860.57,0.168544,REDUCE_LONG,644.693408,0.0,0.0,0.0,644.693408,0.0,0.0,0.0,7.602921,7.602921,1.0,7.602921,True,True
2024-05-28 06:00:00,3860.58,3864.85,3845.99,3858.0,11746.3135,0.0001,72,7.875669,0.0,trending,,635.246094,0.760949,0.026618,False,,635.246094,0.760949,635.246094,,trending,0.272748,{},,551.0,ETHUSDT,2024-05-28 06:00:00,,,,,644.693408,0.0,0.0,0.0,644.693408,0.0,0.0,0.0,7.875669,7.875669,1.0,7.875669,True,False
2024-05-28 07:00:00,3857.99,3861.19,3842.86,3847.29,14559.0725,0.0001,72,11.137711,0.0,trending,,633.904179,0.760443,0.353328,True,True,633.680203,1.113811,633.904179,,trending,3.262042,{},,552.0,ETHUSDT,2024-05-28 07:00:00,ETHUSDT,3847.29,0.058217,LONG,644.693408,0.0,0.0,0.0,644.693408,0.0,0.0,0.0,11.137711,11.137711,1.0,11.137711,True,True
2024-05-28 08:00:00,3847.3,3881.01,3839.0,3876.61,16157.6985,0.0001,72,-0.542921,0.0,trending,,639.05907,1.112853,-1.167145,True,True,638.313195,-0.054355,639.05907,,trending,-11.680632,{},,553.0,ETHUSDT,2024-05-28 08:00:00,ETHUSDT,3876.61,0.00895,SHORT,644.693408,0.0,0.0,0.0,644.693408,0.0,0.0,0.0,-0.542921,-0.542921,1.0,-0.542921,True,True
2024-05-28 09:00:00,3876.6,3893.5,3868.2,3881.0,15084.4973,0.0001,72,-2.058002,0.0,trending,,638.273904,-0.05442,-0.15138,False,,638.273904,-0.05442,638.273904,,trending,-1.515082,{},,554.0,ETHUSDT,2024-05-28 09:00:00,,,,,644.693408,0.0,0.0,0.0,644.693408,0.0,0.0,0.0,-2.058002,-2.058002,1.0,-2.058002,True,False
2024-05-28 10:00:00,3881.01,3931.09,3878.6,3899.33,24040.5209,0.0001,72,-8.167738,0.0,trending,,638.10985,-0.054691,-0.762082,True,True,637.623558,-0.817397,638.10985,,trending,-6.109736,{},,555.0,ETHUSDT,2024-05-28 10:00:00,ETHUSDT,3899.33,0.124712,SHORT,644.693408,0.0,0.0,0.0,644.693408,0.0,0.0,0.0,-8.167738,-8.167738,1.0,-8.167738,True,True
2024-05-28 11:00:00,3899.33,3913.88,3890.15,3904.34,14837.0313,0.0001,72,-9.468315,0.0,trending,,636.953912,-0.819307,-0.127524,False,,636.953912,-0.819307,636.953912,,trending,-1.300577,{},,556.0,ETHUSDT,2024-05-28 11:00:00,,,,,644.693408,0.0,0.0,0.0,644.693408,0.0,0.0,0.0,-9.468315,-9.468315,1.0,-9.468315,True,False
2024-05-28 12:00:00,3904.34,3911.62,3891.2,3893.09,12465.0995,0.0001,72,-4.595166,0.0,trending,,638.457607,-0.815023,0.355506,True,True,638.230405,-0.45968,638.457607,,trending,4.873149,{},,557.0,ETHUSDT,2024-05-28 12:00:00,ETHUSDT,3893.09,0.058302,REDUCE_SHORT,644.693408,0.0,0.0,0.0,644.693408,0.0,0.0,0.0,-4.595166,-4.595166,1.0,-4.595166,True,True
2024-05-28 13:00:00,3893.1,3912.0,3853.0,3861.15,29796.804,0.0001,72,7.171768,0.0,trending,,640.637392,-0.454196,1.171373,True,True,639.886675,0.7173,640.637392,,trending,11.766934,{},,558.0,ETHUSDT,2024-05-28 13:00:00,ETHUSDT,3861.15,0.118993,LONG,644.693408,0.0,0.0,0.0,644.693408,0.0,0.0,0.0,7.171768,7.171768,1.0,7.171768,True,True
2024-05-28 14:00:00,3861.15,3884.49,3841.05,3856.99,26771.4333,0.0001,72,7.657476,0.0,trending,,639.392159,0.717082,0.048666,False,,639.392159,0.717082,639.392159,,trending,0.485708,{},,559.0,ETHUSDT,2024-05-28 14:00:00,,,,,644.693408,0.0,0.0,0.0,644.693408,0.0,0.0,0.0,7.657476,7.657476,1.0,7.657476,True,False
2024-05-28 15:00:00,3856.99,3871.23,3831.29,3861.1,27211.7572,0.0001,72,5.836769,0.0,trending,,639.880731,0.717298,-0.133621,False,,639.880731,0.717298,639.880731,,trending,-1.820707,{},,560.0,ETHUSDT,2024-05-28 15:00:00,,,,,644.693408,0.0,0.0,0.0,644.693408,0.0,0.0,0.0,5.836769,5.836769,1.0,5.836769,True,False
2024-05-28 16:00:00,3861.1,3869.14,3820.04,3825.63,22354.677,0.000122,72,17.525695,0.0,trending,,635.664266,0.715422,1.037147,True,True,635.004989,1.753351,635.664266,,trending,11.688925,{},,561.0,ETHUSDT,2024-05-28 16:00:00,ETHUSDT,3825.63,0.172332,LONG,644.693408,0.0,0.0,0.0,644.693408,0.0,0.0,0.0,17.525695,17.525695,1.0,17.525695,True,True
2024-05-28 17:00:00,3825.64,3846.1,3818.48,3825.1,13066.8633,0.000122,72,16.003314,0.0,trending,,634.850741,1.753534,-0.153202,False,,634.850741,1.753534,634.850741,,trending,-1.52238,{},,562.0,ETHUSDT,2024-05-28 17:00:00,,,,,644.693408,0.0,0.0,0.0,644.693408,0.0,0.0,0.0,16.003314,16.003314,1.0,16.003314,True,False
2024-05-28 18:00:00,3825.11,3840.5,3773.9,3800.0,32534.7063,0.000122,72,20.0,0.0,trending,,627.5458,1.762305,0.237695,True,True,627.396636,2.000238,627.5458,,trending,3.996686,{},,563.0,ETHUSDT,2024-05-28 18:00:00,ETHUSDT,3800.0,0.039254,LONG,644.693408,0.0,0.0,0.0,644.693408,0.0,0.0,0.0,21.670555,21.670555,1.0,21.670555,True,True
2024-05-28 19:00:00,3800.0,3847.95,3795.19,3840.81,20471.2248,0.000122,72,6.070366,0.0,trending,,640.874057,1.979203,-1.372166,True,True,639.994671,0.607871,640.874057,,trending,-13.929634,{},,564.0,ETHUSDT,2024-05-28 19:00:00,ETHUSDT,3840.81,0.228958,REDUCE_LONG,644.693408,0.0,0.0,0.0,644.693408,0.0,0.0,0.0,6.070366,6.070366,1.0,6.070366,True,True
2024-05-28 20:00:00,3840.8,3850.0,3823.0,3833.01,7927.7145,0.000122,72,7.945488,0.0,trending,,639.204612,0.607386,0.187163,False,,639.204612,0.607386,639.204612,,trending,1.875122,{},,565.0,ETHUSDT,2024-05-28 20:00:00,,,,,644.693408,0.0,0.0,0.0,644.693408,0.0,0.0,0.0,7.945488,7.945488,1.0,7.945488,True,False
2024-05-28 21:00:00,3833.01,3852.1,3827.11,3843.43,5468.4862,0.000122,72,4.206975,0.0,trending,,640.26005,0.608033,-0.187336,False,,640.26005,0.608033,640.26005,,trending,-3.738513,{},,566.0,ETHUSDT,2024-05-28 21:00:00,,,,,644.693408,0.0,0.0,0.0,644.693408,0.0,0.0,0.0,4.206975,4.206975,1.0,4.206975,True,False
2024-05-28 22:00:00,3843.43,3864.85,3842.53,3863.0,22729.3958,0.000122,72,-2.719232,0.0,trending,,642.242287,0.609243,-0.881166,True,True,641.676365,-0.272163,642.242287,,trending,-6.926207,{},,567.0,ETHUSDT,2024-05-28 22:00:00,ETHUSDT,3863.0,0.045209,SHORT,644.693408,0.0,0.0,0.0,644.693408,0.0,0.0,0.0,-2.719232,-2.719232,1.0,-2.719232,True,True
2024-05-28 23:00:00,3862.99,3871.76,3841.6,3844.69,6878.859,0.000122,72,3.764225,0.0,trending,,642.504133,-0.270524,0.646947,True,True,642.088293,0.37629,642.504133,,trending,6.483457,{},,568.0,ETHUSDT,2024-05-28 23:00:00,ETHUSDT,3844.69,0.062906,LONG,644.693408,0.0,0.0,0.0,644.693408,0.0,0.0,0.0,3.764225,3.764225,1.0,3.764225,True,True
2024-05-29 00:00:00,3844.69,3855.19,3842.25,3848.59,4388.562,0.000122,72,2.134304,0.0,trending,,642.33338,0.376528,-0.163097,False,,642.33338,0.376528,642.33338,,trending,-1.629921,{},,569.0,ETHUSDT,2024-05-29 00:00:00,,,,,644.693408,0.0,0.0,0.0,644.693408,0.0,0.0,0.0,2.134304,2.134304,1.0,2.134304,True,False
2024-05-29 01:00:00,3848.6,3854.58,3835.15,3844.41,9124.1567,0.000175,72,3.450061,0.0,trending,,642.070697,0.376273,-0.031266,False,,642.070697,0.376273,642.070697,,trending,1.315757,{},,570.0,ETHUSDT,2024-05-29 01:00:00,,,,,644.693408,0.0,0.0,0.0,644.693408,0.0,0.0,0.0,3.450061,3.450061,1.0,3.450061,True,False
2024-05-29 02:00:00,3844.41,3862.41,3836.04,3847.41,10477.9291,0.000175,72,2.02893,0.0,trending,,642.259226,0.376456,-0.173563,False,,642.259226,0.376456,642.259226,,trending,-1.421131,{},,571.0,ETHUSDT,2024-05-29 02:00:00,,,,,644.693408,0.0,0.0,0.0,644.693408,0.0,0.0,0.0,2.02893,2.02893,1.0,2.02893,True,False
2024-05-29 03:00:00,3847.41,3861.59,3844.0,3851.0,11984.5899,0.000175,72,0.569909,0.0,trending,,642.484831,0.376675,-0.319684,True,True,642.279439,0.057009,642.484831,,trending,-1.459021,{},,572.0,ETHUSDT,2024-05-29 03:00:00,ETHUSDT,3851.0,0.053335,REDUCE_LONG,644.693408,0.0,0.0,0.0,644.693408,0.0,0.0,0.0,0.569909,0.569909,1.0,0.569909,True,True
2024-05-29 04:00:00,3850.99,3888.55,3847.22,3871.79,21983.8702,0.000175,72,-6.832982,0.0,trending,,642.477113,0.057299,-0.740597,True,True,642.001296,-0.683805,642.477113,,trending,-7.402891,{},,573.0,ETHUSDT,2024-05-29 04:00:00,ETHUSDT,3871.79,0.113385,SHORT,644.693408,0.0,0.0,0.0,644.693408,0.0,0.0,0.0,-6.832982,-6.832982,1.0,-6.832982,True,True
2024-05-29 05:00:00,3871.79,3881.64,3861.32,3868.25,14221.5244,0.000175,72,-4.967097,0.0,trending,,642.40268,-0.682753,0.186043,False,,642.40268,-0.682753,642.40268,,trending,1.865885,{},,574.0,ETHUSDT,2024-05-29 05:00:00,,,,,644.693408,0.0,0.0,0.0,644.693408,0.0,0.0,0.0,-4.967097,-4.967097,1.0,-4.967097,True,False
2024-05-29 06:00:00,3868.24,3871.91,3856.36,3858.24,8182.2609,0.000175,72,-0.983166,0.0,trending,,643.537665,-0.679785,0.581468,True,True,643.163094,-0.098374,643.537665,,trending,3.983931,{},,575.0,ETHUSDT,2024-05-29 06:00:00,ETHUSDT,3858.24,0.096986,REDUCE_SHORT,644.693408,0.0,0.0,0.0,644.693408,0.0,0.0,0.0,-0.983166,-0.983166,1.0,-0.983166,True,True
2024-05-29 07:00:00,3858.24,3859.92,3818.48,3820.0,18194.795,0.000175,72,13.149101,0.0,trending,,643.790183,-0.097304,1.412214,True,True,642.880951,1.315453,643.790183,,trending,14.132267,{},,576.0,ETHUSDT,2024-05-29 07:00:00,ETHUSDT,3820.0,0.221604,LONG,644.693408,0.0,0.0,0.0,644.693408,0.0,0.0,0.0,13.149101,13.149101,1.0,13.149101,True,True
2024-05-29 08:00:00,3819.99,3827.05,3781.0,3801.01,30086.0825,0.0001,72,18.149894,0.0,trending,,638.676904,1.31753,0.49746,True,True,638.359188,1.815395,638.676904,,trending,5.000792,{},,577.0,ETHUSDT,2024-05-29 08:00:00,ETHUSDT,3801.01,0.083587,LONG,644.693408,0.0,0.0,0.0,644.693408,0.0,0.0,0.0,18.149894,18.149894,1.0,18.149894,True,True
2024-05-29 09:00:00,3801.01,3817.38,3792.43,3805.61,16056.8829,0.0001,72,15.573979,0.0,trending,,639.761663,1.813607,-0.25621,True,True,639.59775,1.557797,639.761663,,trending,-2.575915,{},,578.0,ETHUSDT,2024-05-29 09:00:00,ETHUSDT,3805.61,0.043071,REDUCE_LONG,644.693408,0.0,0.0,0.0,644.693408,0.0,0.0,0.0,15.573979,15.573979,1.0,15.573979,True,True
2024-05-29 10:00:00,3805.62,3825.36,3803.01,3824.92,8796.8563,0.0001,72,7.154233,0.0,trending,,644.653386,1.553423,-0.837999,True,True,644.113167,0.716023,644.653386,,trending,-8.419746,{},,579.0,ETHUSDT,2024-05-29 10:00:00,ETHUSDT,3824.92,0.141237,REDUCE_LONG,644.693408,0.0,0.0,0.0,644.693408,0.0,0.0,0.0,7.154233,7.154233,1.0,7.154233,True,True
2024-05-29 11:00:00,3824.92,3828.88,3808.45,3811.16,9154.3171,0.0001,72,12.128809,0.0,trending,,642.454018,0.71529,0.497591,True,True,642.134338,1.212987,642.454018,,trending,4.974576,{},,580.0,ETHUSDT,2024-05-29 11:00:00,ETHUSDT,3811.16,0.08388,LONG,644.693408,0.0,0.0,0.0,644.693408,0.0,0.0,0.0,12.128809,12.128809,1.0,12.128809,True,True
2024-05-29 12:00:00,3811.15,3828.87,3794.0,3815.4,13373.5215,0.0001,72,9.517001,0.0,trending,,643.000882,1.2127,-0.261,True,True,642.833059,0.951949,643.000882,,trending,-2.611808,{},,581.0,ETHUSDT,2024-05-29 12:00:00,ETHUSDT,3815.4,0.043986,REDUCE_LONG,644.693408,0.0,0.0,0.0,644.693408,0.0,0.0,0.0,9.517001,9.517001,1.0,9.517001,True,True
2024-05-29 13:00:00,3815.41,3838.83,3780.2,3798.04,27445.1392,0.0001,72,14.874083,0.0,trending,,640.048725,0.951739,0.535669,True,True,639.705871,1.48767,640.048725,,trending,5.357082,{},,582.0,ETHUSDT,2024-05-29 13:00:00,ETHUSDT,3798.04,0.090271,LONG,644.693408,0.0,0.0,0.0,644.693408,0.0,0.0,0.0,14.874083,14.874083,1.0,14.874083,True,True
2024-05-29 14:00:00,3798.04,3802.94,3763.38,3778.21,21685.8267,0.0001,72,20.0,0.0,trending,,634.737089,1.491487,0.508513,True,True,634.414317,2.000509,634.737089,,trending,5.125917,{},,583.0,ETHUSDT,2024-05-29 14:00:00,ETHUSDT,3778.21,0.08543,LONG,644.693408,0.0,0.0,0.0,644.693408,0.0,0.0,0.0,22.051707,22.051707,1.0,22.051707,True,True
2024-05-29 15:00:00,3778.21,3799.56,3750.6,3759.85,24697.4771,0.0001,72,20.0,0.0,trending,,628.246947,2.010331,-0.010331,False,,628.246947,2.010331,628.246947,,trending,0.0,{},,584.0,ETHUSDT,2024-05-29 15:00:00,,,,,644.693408,0.0,0.0,0.0,644.693408,0.0,0.0,0.0,24.0,24.0,1.0,24.0,True,False
2024-05-29 16:00:00,3759.84,3770.58,3744.41,3764.36,20925.5922,0.000177,72,20.0,0.0,trending,,629.761916,2.0079,-0.0079,False,,629.761916,2.0079,629.761916,,trending,0.0,{},,585.0,ETHUSDT,2024-05-29 16:00:00,,,,,644.693408,0.0,0.0,0.0,644.693408,0.0,0.0,0.0,23.10395,23.10395,1.0,23.10395,True,False
2024-05-29 17:00:00,3764.26,3780.0,3750.82,3766.2,8709.9054,0.000177,72,20.0,0.0,trending,,630.379997,2.006912,-0.006912,False,,630.379997,2.006912,630.379997,,trending,0.0,{},,586.0,ETHUSDT,2024-05-29 17:00:00,,,,,644.693408,0.0,0.0,0.0,644.693408,0.0,0.0,0.0,20.015631,20.015631,1.0,20.015631,True,False
2024-05-29 18:00:00,3766.2,3769.75,3745.95,3758.28,8110.9011,0.000177,72,20.0,0.0,trending,,627.719563,2.011179,-0.011179,False,,627.719563,2.011179,627.719563,,trending,0.0,{},,587.0,ETHUSDT,2024-05-29 18:00:00,,,,,644.693408,0.0,0.0,0.0,644.693408,0.0,0.0,0.0,21.249054,21.249054,1.0,21.249054,True,False
2024-05-29 19:00:00,3758.28,3772.0,3747.64,3749.66,6699.1728,0.000177,72,20.0,0.0,trending,,624.823989,2.015865,-0.015865,False,,624.823989,2.015865,624.823989,,trending,0.0,{},,588.0,ETHUSDT,2024-05-29 19:00:00,,,,,644.693408,0.0,0.0,0.0,644.693408,0.0,0.0,0.0,22.912575,22.912575,1.0,22.912575,True,False
2024-05-29 20:00:00,3749.66,3759.82,3742.59,3753.6,10251.9968,0.000177,72,18.993724,0.0,trending,,626.147488,2.013718,-0.114346,False,,626.147488,2.013718,626.147488,,trending,-1.006276,{},,589.0,ETHUSDT,2024-05-29 20:00:00,,,,,644.693408,0.0,0.0,0.0,644.693408,0.0,0.0,0.0,18.993724,18.993724,1.0,18.993724,True,False
2024-05-29 21:00:00,3753.61,3792.99,3749.2,3777.68,14024.4221,0.000177,72,7.186244,0.0,trending,,634.236283,2.00079,-1.282165,True,True,633.423087,0.719547,634.236283,,trending,-11.80748,{},,590.0,ETHUSDT,2024-05-29 21:00:00,ETHUSDT,3777.68,0.215263,REDUCE_LONG,644.693408,0.0,0.0,0.0,644.693408,0.0,0.0,0.0,7.186244,7.186244,1.0,7.186244,True,True
2024-05-29 22:00:00,3777.69,3789.79,3765.96,3779.34,8362.3483,0.000177,72,5.882885,0.0,trending,,633.623366,0.719636,-0.131347,False,,633.623366,0.719636,633.623366,,trending,-1.303359,{},,591.0,ETHUSDT,2024-05-29 22:00:00,,,,,644.693408,0.0,0.0,0.0,644.693408,0.0,0.0,0.0,5.882885,5.882885,1.0,5.882885,True,False
2024-05-29 23:00:00,3779.34,3788.55,3763.93,3767.43,7821.5046,0.000177,72,9.842877,0.0,trending,,632.186423,0.718998,0.265289,True,True,632.018711,0.984284,632.186423,,trending,3.959992,{},,592.0,ETHUSDT,2024-05-29 23:00:00,ETHUSDT,3767.43,0.044516,LONG,644.693408,0.0,0.0,0.0,644.693408,0.0,0.0,0.0,9.842877,9.842877,1.0,9.842877,True,True
2024-05-30 00:00:00,3767.44,3782.77,3751.9,3758.0,7176.3478,0.000254,73,12.744163,0.0,trending,,630.46161,0.984245,0.290172,True,True,630.278668,1.274496,630.46161,,trending,2.901285,{},,593.0,ETHUSDT,2024-05-30 00:00:00,ETHUSDT,3758.0,0.048681,LONG,644.693408,0.0,0.0,0.0,644.693408,0.0,0.0,0.0,12.744163,12.744163,1.0,12.744163,True,True
2024-05-30 01:00:00,3757.99,3778.33,3750.75,3775.55,7428.7478,0.000254,73,4.613005,0.0,trending,,634.030051,1.272872,-0.811571,True,True,633.51549,0.461675,634.030051,,trending,-8.131157,{},,594.0,ETHUSDT,2024-05-30 01:00:00,ETHUSDT,3775.55,0.136288,REDUCE_LONG,644.693408,0.0,0.0,0.0,644.693408,0.0,0.0,0.0,4.613005,4.613005,1.0,4.613005,True,True
2024-05-30 02:00:00,3775.55,3791.78,3775.18,3779.81,9435.497,0.000254,73,2.522878,0.0,trending,,633.845497,0.461955,-0.209668,True,True,633.7126,0.252341,633.845497,,trending,-2.090128,{},,595.0,ETHUSDT,2024-05-30 02:00:00,ETHUSDT,3779.81,0.03516,REDUCE_LONG,644.693408,0.0,0.0,0.0,644.693408,0.0,0.0,0.0,2.522878,2.522878,1.0,2.522878,True,True
2024-05-30 03:00:00,3779.81,3797.79,3777.08,3791.31,6121.7816,0.000254,73,-2.228735,0.0,trending,,634.199128,0.252914,-0.475788,True,True,633.897384,-0.22298,634.199128,,trending,-4.751613,{},,596.0,ETHUSDT,2024-05-30 03:00:00,ETHUSDT,3791.31,0.037282,SHORT,644.693408,0.0,0.0,0.0,644.693408,0.0,0.0,0.0,-2.228735,-2.228735,1.0,-2.228735,True,True
2024-05-30 04:00:00,3791.3,3801.65,3780.55,3782.6,6081.6476,0.000254,73,1.522491,0.0,trending,,634.222107,-0.222353,0.374603,True,True,633.984384,0.152154,634.222107,,trending,3.751226,{},,597.0,ETHUSDT,2024-05-30 04:00:00,ETHUSDT,3782.6,0.025527,LONG,644.693408,0.0,0.0,0.0,644.693408,0.0,0.0,0.0,1.522491,1.522491,1.0,1.522491,True,True
2024-05-30 05:00:00,3782.59,3786.51,3770.72,3784.61,5878.1356,0.000254,73,0.549459,0.0,trending,,634.035643,0.152222,-0.097276,False,,634.035643,0.152222,634.035643,,trending,-0.973032,{},,598.0,ETHUSDT,2024-05-30 05:00:00,,,,,644.693408,0.0,0.0,0.0,644.693408,0.0,0.0,0.0,0.549459,0.549459,1.0,0.549459,True,False
2024-05-30 06:00:00,3784.6,3786.0,3734.0,3740.34,18295.2739,0.000254,73,18.271887,0.0,trending,,632.906677,0.15071,1.676478,True,True,631.845623,1.828578,632.906677,,trending,17.722427,{},,599.0,ETHUSDT,2024-05-30 06:00:00,ETHUSDT,3740.34,0.283679,LONG,644.693408,0.0,0.0,0.0,644.693408,0.0,0.0,0.0,18.271887,18.271887,1.0,18.271887,True,True
2024-05-30 07:00:00,3740.33,3755.55,3712.73,3720.32,26708.0995,0.000254,73,20.0,0.0,trending,,625.66151,1.836768,0.163232,False,,625.66151,1.836768,625.66151,,trending,1.728113,{},,600.0,ETHUSDT,2024-05-30 07:00:00,,,,,644.693408,0.0,0.0,0.0,644.693408,0.0,0.0,0.0,23.696835,23.696835,1.0,23.696835,True,False
2024-05-30 08:00:00,3720.32,3737.5,3702.58,3735.8,17662.7947,0.000142,73,15.438694,0.0,trending,,630.443232,1.830421,-0.286552,True,True,630.262577,1.544312,630.443232,,trending,-4.561306,{},,601.0,ETHUSDT,2024-05-30 08:00:00,ETHUSDT,3735.8,0.048358,REDUCE_LONG,644.693408,0.0,0.0,0.0,644.693408,0.0,0.0,0.0,15.438694,15.438694,1.0,15.438694,True,True
2024-05-30 09:00:00,3735.8,3737.96,3717.76,3734.49,7873.4203,0.000142,73,15.428506,0.0,trending,,629.921271,1.544607,-0.001756,False,,629.921271,1.544607,629.921271,,trending,-0.010188,{},,602.0,ETHUSDT,2024-05-30 09:00:00,,,,,644.693408,0.0,0.0,0.0,644.693408,0.0,0.0,0.0,15.428506,15.428506,1.0,15.428506,True,False
2024-05-30 10:00:00,3734.5,3743.61,3715.0,3741.53,12695.3066,0.000142,73,11.262248,0.0,trending,,631.755466,1.543026,-0.416801,True,True,631.49215,1.126694,631.755466,,trending,-4.166257,{},,603.0,ETHUSDT,2024-05-30 10:00:00,ETHUSDT,3741.53,0.070377,REDUCE_LONG,644.693408,0.0,0.0,0.0,644.693408,0.0,0.0,0.0,11.262248,11.262248,1.0,11.262248,True,True
2024-05-30 11:00:00,3741.53,3757.25,3733.4,3737.0,11513.0328,0.000142,73,12.650859,0.0,trending,,630.630714,1.126868,0.138218,False,,630.630714,1.126868,630.630714,,trending,1.388611,{},,604.0,ETHUSDT,2024-05-30 11:00:00,,,,,644.693408,0.0,0.0,0.0,644.693408,0.0,0.0,0.0,12.650859,12.650859,1.0,12.650859,True,False
2024-05-30 12:00:00,3737.01,3771.61,3733.39,3765.29,14697.6229,0.000142,73,-0.986938,0.0,trending,,636.010411,1.125794,-1.224488,True,True,635.231624,-0.098815,636.010411,,trending,-13.637797,{},,605.0,ETHUSDT,2024-05-30 12:00:00,ETHUSDT,3765.29,0.016671,SHORT,644.693408,0.0,0.0,0.0,644.693408,0.0,0.0,0.0,-0.986938,-0.986938,1.0,-0.986938,True,True
2024-05-30 13:00:00,3765.29,3794.84,3760.48,3788.56,14724.4293,0.000142,73,-10.817091,0.0,trending,,634.843695,-0.099486,-0.982223,True,True,634.220137,-1.082773,634.843695,,trending,-9.830154,{},,606.0,ETHUSDT,2024-05-30 13:00:00,ETHUSDT,3788.56,0.16459,SHORT,644.693408,0.0,0.0,0.0,644.693408,0.0,0.0,0.0,-10.817091,-10.817091,1.0,-10.817091,True,True
2024-05-30 14:00:00,3788.55,3798.97,3762.0,3767.2,13715.9634,0.000142,73,-0.654556,0.0,trending,,638.091861,-1.070135,1.004679,True,True,637.450142,-0.065521,638.091861,,trending,10.162535,{},,607.0,ETHUSDT,2024-05-30 14:00:00,ETHUSDT,3767.2,0.170174,REDUCE_SHORT,644.693408,0.0,0.0,0.0,644.693408,0.0,0.0,0.0,-0.654556,-0.654556,1.0,-0.654556,True,True
2024-05-30 15:00:00,3767.19,3786.66,3756.12,3776.12,9151.905,0.000142,73,-4.267261,0.0,trending,,637.351246,-0.065687,-0.361039,True,True,637.121138,-0.42688,637.351246,,trending,-3.612705,{},,608.0,ETHUSDT,2024-05-30 15:00:00,ETHUSDT,3776.12,0.060938,SHORT,644.693408,0.0,0.0,0.0,644.693408,0.0,0.0,0.0,-4.267261,-4.267261,1.0,-4.267261,True,True
2024-05-30 16:00:00,3776.12,3788.55,3769.81,3788.4,6800.7015,0.000187,73,-8.905835,0.0,trending,,636.236673,-0.428864,-0.46172,True,True,635.94291,-0.890995,636.236673,,trending,-4.638574,{},,609.0,ETHUSDT,2024-05-30 16:00:00,ETHUSDT,3788.4,0.077543,SHORT,644.693408,0.0,0.0,0.0,644.693408,0.0,0.0,0.0,-8.905835,-8.905835,1.0,-8.905835,True,True
2024-05-30 17:00:00,3788.4,3825.35,3778.91,3811.92,17885.1196,0.000187,73,-17.659566,0.0,trending,,632.42508,-0.901513,-0.864443,True,True,631.878384,-1.767484,632.42508,,trending,-8.753731,{},,610.0,ETHUSDT,2024-05-30 17:00:00,ETHUSDT,3811.92,0.143417,SHORT,644.693408,0.0,0.0,0.0,644.693408,0.0,0.0,0.0,-17.659566,-17.659566,1.0,-17.659566,True,True
2024-05-30 18:00:00,3811.92,3819.8,3794.16,3815.6,15295.1135,0.000187,73,-17.432126,0.0,trending,,630.8002,-1.772215,0.029002,False,,630.8002,-1.772215,630.8002,,trending,0.22744,{},,611.0,ETHUSDT,2024-05-30 18:00:00,,,,,644.693408,0.0,0.0,0.0,644.693408,0.0,0.0,0.0,-17.432126,-17.432126,1.0,-17.432126,True,False
2024-05-30 19:00:00,3815.61,3816.5,3752.24,3762.01,17208.9158,0.000187,73,5.736201,0.0,trending,,646.501264,-1.704888,2.278508,True,True,645.027102,0.574356,646.501264,,trending,23.168326,{},,612.0,ETHUSDT,2024-05-30 19:00:00,ETHUSDT,3762.01,0.098577,LONG,644.693408,0.0,0.0,0.0,644.693408,0.0,0.0,0.0,5.736201,5.736201,1.0,5.736201,True,True
2024-05-30 20:00:00,3762.0,3762.4,3719.3,3737.69,16450.772,0.000187,73,14.224389,0.0,trending,,642.632117,0.57277,0.849669,True,True,642.086092,1.422798,642.632117,,trending,8.488188,{},,613.0,ETHUSDT,2024-05-30 20:00:00,ETHUSDT,3737.69,0.146086,LONG,644.693408,0.0,0.0,0.0,644.693408,0.0,0.0,0.0,14.224389,14.224389,1.0,14.224389,True,True
2024-05-30 21:00:00,3737.69,3755.97,3734.33,3751.36,4507.3176,0.000187,73,7.808158,0.0,trending,,645.427287,1.420609,-0.639794,True,True,645.014346,0.781316,645.427287,,trending,-6.416231,{},,614.0,ETHUSDT,2024-05-30 21:00:00,ETHUSDT,3751.36,0.110077,REDUCE_LONG,644.693408,0.0,0.0,0.0,644.693408,0.0,0.0,0.0,7.808158,7.808158,1.0,7.808158,True,True
2024-05-30 22:00:00,3751.37,3754.07,3744.16,3747.44,5119.8154,0.000187,73,8.641227,0.0,trending,,644.487731,0.781137,0.082986,False,,644.487731,0.781137,644.487731,,trending,0.833069,{},,615.0,ETHUSDT,2024-05-30 22:00:00,,,,,644.693408,0.0,0.0,0.0,644.693408,0.0,0.0,0.0,8.641227,8.641227,1.0,8.641227,True,False
2024-05-30 23:00:00,3747.43,3751.99,3744.77,3747.91,4606.5282,0.000187,73,7.805389,0.0,trending,,644.550872,0.781158,-0.00062,False,,644.550872,0.781158,644.550872,,trending,-0.835838,{},,616.0,ETHUSDT,2024-05-30 23:00:00,,,,,644.693408,0.0,0.0,0.0,644.693408,0.0,0.0,0.0,7.805389,7.805389,1.0,7.805389,True,False
2024-05-31 00:00:00,3747.9,3753.0,3743.95,3752.74,3990.5267,0.0001,73,5.274377,0.0,trending,,645.199736,0.781378,-0.253941,True,True,645.035894,0.527572,645.199736,,trending,-2.531012,{},,617.0,ETHUSDT,2024-05-31 00:00:00,ETHUSDT,3752.74,0.043659,REDUCE_LONG,644.693408,0.0,0.0,0.0,644.693408,0.0,0.0,0.0,5.274377,5.274377,1.0,5.274377,True,True
2024-05-31 01:00:00,3752.75,3766.35,3740.45,3748.49,6650.6278,0.0001,73,6.362497,0.0,trending,,644.650499,0.527289,0.10896,False,,644.650499,0.527289,644.650499,,trending,1.08812,{},,618.0,ETHUSDT,2024-05-31 01:00:00,,,,,644.693408,0.0,0.0,0.0,644.693408,0.0,0.0,0.0,6.362497,6.362497,1.0,6.362497,True,False
2024-05-31 02:00:00,3748.49,3770.0,3746.5,3752.95,5789.749,0.0001,73,4.199935,0.0,trending,,645.054937,0.527586,-0.107592,False,,645.054937,0.527586,645.054937,,trending,-2.162562,{},,619.0,ETHUSDT,2024-05-31 02:00:00,,,,,644.693408,0.0,0.0,0.0,644.693408,0.0,0.0,0.0,4.199935,4.199935,1.0,4.199935,True,False
2024-05-31 03:00:00,3752.95,3766.72,3752.94,3760.21,4128.8652,0.0001,73,0.852525,0.0,trending,,645.713282,0.528067,-0.442815,True,True,645.427351,0.08529,645.713282,,trending,-3.34741,{},,620.0,ETHUSDT,2024-05-31 03:00:00,ETHUSDT,3760.21,0.076041,REDUCE_LONG,644.693408,0.0,0.0,0.0,644.693408,0.0,0.0,0.0,0.852525,0.852525,1.0,0.852525,True,True
2024-05-31 04:00:00,3760.21,3766.55,3756.11,3762.61,3974.9284,0.0001,73,-0.280878,0.0,trending,,645.462486,0.08534,-0.113428,False,,645.462486,0.08534,645.462486,,trending,-1.133404,{},,621.0,ETHUSDT,2024-05-31 04:00:00,,,,,644.693408,0.0,0.0,0.0,644.693408,0.0,0.0,0.0,-0.280878,-0.280878,1.0,-0.280878,True,False
2024-05-31 05:00:00,3762.6,3763.5,3735.02,3746.65,6930.9797,0.0001,73,6.872055,0.0,trending,,645.228835,0.085009,0.602197,True,True,644.84028,0.687017,645.228835,,trending,7.152933,{},,622.0,ETHUSDT,2024-05-31 05:00:00,ETHUSDT,3746.65,0.103707,LONG,644.693408,0.0,0.0,0.0,644.693408,0.0,0.0,0.0,6.872055,6.872055,1.0,6.872055,True,True
2024-05-31 06:00:00,3746.64,3751.0,3735.4,3739.09,6277.0059,0.0001,73,9.827783,0.0,trending,,643.946361,0.686583,0.296196,True,True,643.755627,0.982773,643.946361,,trending,2.955727,{},,623.0,ETHUSDT,2024-05-31 06:00:00,ETHUSDT,3739.09,0.051011,LONG,644.693408,0.0,0.0,0.0,644.693408,0.0,0.0,0.0,9.827783,9.827783,1.0,9.827783,True,True
2024-05-31 07:00:00,3739.09,3749.95,3724.41,3729.11,10434.3407,0.0001,73,13.412321,0.0,trending,,642.06698,0.982728,0.358504,True,True,641.836796,1.341355,642.06698,,trending,3.584539,{},,624.0,ETHUSDT,2024-05-31 07:00:00,ETHUSDT,3729.11,0.061726,LONG,644.693408,0.0,0.0,0.0,644.693408,0.0,0.0,0.0,13.412321,13.412321,1.0,13.412321,True,True
2024-05-31 08:00:00,3729.11,3743.62,3726.45,3735.21,7285.6892,0.000108,73,9.741975,0.0,trending,,643.245088,1.340607,-0.36641,True,True,643.009397,0.974555,643.245088,,trending,-3.670346,{},,625.0,ETHUSDT,2024-05-31 08:00:00,ETHUSDT,3735.21,0.0631,REDUCE_LONG,644.693408,0.0,0.0,0.0,644.693408,0.0,0.0,0.0,9.741975,9.741975,1.0,9.741975,True,True
2024-05-31 09:00:00,3735.21,3748.43,3730.01,3747.08,6459.4048,0.000108,73,3.282675,0.0,trending,,645.0008,0.974633,-0.646366,True,True,644.583894,0.32848,645.0008,,trending,-6.4593,{},,626.0,ETHUSDT,2024-05-31 09:00:00,ETHUSDT,3747.08,0.111262,REDUCE_LONG,644.693408,0.0,0.0,0.0,644.693408,0.0,0.0,0.0,3.282675,3.282675,1.0,3.282675,True,True
2024-05-31 10:00:00,3747.09,3785.8,3747.08,3784.68,17620.6299,0.000108,73,-15.400994,0.0,trending,,646.708522,0.330686,-1.870785,True,True,645.498669,-1.542986,646.708522,,trending,-18.683669,{},,627.0,ETHUSDT,2024-05-31 10:00:00,ETHUSDT,3784.68,0.263165,SHORT,644.693408,0.0,0.0,0.0,644.693408,0.0,0.0,0.0,-15.400994,-15.400994,1.0,-15.400994,True,True
2024-05-31 11:00:00,3784.68,3813.2,3779.5,3802.62,15341.8786,0.000108,73,-20.0,0.0,trending,,640.777489,-1.561722,-0.438278,True,True,640.496651,-2.000877,640.777489,,trending,-4.599006,{},,628.0,ETHUSDT,2024-05-31 11:00:00,ETHUSDT,3802.62,0.073854,SHORT,644.693408,0.0,0.0,0.0,644.693408,0.0,0.0,0.0,-22.550318,-22.550318,1.0,-22.550318,True,True
2024-05-31 12:00:00,3802.62,3849.94,3801.29,3825.08,31697.1399,0.000108,73,-20.0,0.0,trending,,632.927205,-2.036766,0.036766,False,,632.927205,-2.036766,632.927205,,trending,0.0,{},,629.0,ETHUSDT,2024-05-31 12:00:00,,,,,644.693408,0.0,0.0,0.0,644.693408,0.0,0.0,0.0,-24.0,-24.0,1.0,-24.0,True,False
2024-05-31 13:00:00,3825.07,3832.32,3781.35,3786.34,20719.9951,0.000108,73,-8.905667,0.0,trending,,645.983319,-1.975389,1.084822,True,True,645.281841,-0.891535,645.983319,,trending,11.094333,{},,630.0,ETHUSDT,2024-05-31 13:00:00,ETHUSDT,3786.34,0.18508,REDUCE_SHORT,644.693408,0.0,0.0,0.0,644.693408,0.0,0.0,0.0,-8.905667,-8.905667,1.0,-8.905667,True,True
2024-05-31 14:00:00,3786.34,3798.59,3757.99,3773.39,22409.6389,0.000108,73,-2.12138,0.0,trending,,647.249446,-0.885785,0.673647,True,True,646.812992,-0.212281,647.249446,,trending,6.784288,{},,631.0,ETHUSDT,2024-05-31 14:00:00,ETHUSDT,3773.39,0.115551,REDUCE_SHORT,644.693408,0.0,0.0,0.0,644.693408,0.0,0.0,0.0,-2.12138,-2.12138,1.0,-2.12138,True,True
2024-05-31 15:00:00,3773.38,3777.59,3742.35,3744.77,14221.4837,0.000108,73,11.312972,0.0,trending,,647.854417,-0.210332,1.34163,True,True,646.9851,1.131684,647.854417,,trending,13.434352,{},,632.0,ETHUSDT,2024-05-31 15:00:00,ETHUSDT,3744.77,0.195717,LONG,644.693408,0.0,0.0,0.0,644.693408,0.0,0.0,0.0,11.312972,11.312972,1.0,11.312972,True,True
2024-05-31 16:00:00,3744.77,3758.42,3723.75,3754.16,22972.6297,0.000123,73,5.955817,0.0,trending,,648.821046,1.131312,-0.53573,True,True,648.473453,0.595901,648.821046,,trending,-5.357155,{},,633.0,ETHUSDT,2024-05-31 16:00:00,ETHUSDT,3754.16,0.092589,REDUCE_LONG,644.693408,0.0,0.0,0.0,644.693408,0.0,0.0,0.0,5.955817,5.955817,1.0,5.955817,True,True
2024-05-31 17:00:00,3754.16,3770.74,3750.43,3768.16,8070.4107,0.000123,73,-1.248163,0.0,trending,,649.914512,0.596797,-0.721613,True,True,649.445525,-0.124906,649.914512,,trending,-7.20398,{},,634.0,ETHUSDT,2024-05-31 17:00:00,ETHUSDT,3768.16,0.021528,SHORT,644.693408,0.0,0.0,0.0,644.693408,0.0,0.0,0.0,-1.248163,-1.248163,1.0,-1.248163,True,True
2024-05-31 18:00:00,3768.16,3788.62,3764.02,3785.89,13462.0592,0.000123,73,-9.283617,0.0,trending,,649.063838,-0.125568,-0.802794,True,True,648.542774,-0.929108,649.063838,,trending,-8.035454,{},,635.0,ETHUSDT,2024-05-31 18:00:00,ETHUSDT,3785.89,0.137633,SHORT,644.693408,0.0,0.0,0.0,644.693408,0.0,0.0,0.0,-9.283617,-9.283617,1.0,-9.283617,True,True
2024-05-31 19:00:00,3785.89,3794.62,3775.1,3785.45,12105.5931,0.000123,73,-8.007824,0.0,trending,,648.612804,-0.928899,0.128117,False,,648.612804,-0.928899,648.612804,,trending,1.275793,{},,636.0,ETHUSDT,2024-05-31 19:00:00,,,,,644.693408,0.0,0.0,0.0,644.693408,0.0,0.0,0.0,-8.007824,-8.007824,1.0,-8.007824,True,False
2024-05-31 20:00:00,3785.45,3800.94,3778.2,3794.56,5965.1538,0.000123,73,-11.071228,0.0,trending,,647.162848,-0.933221,-0.173902,False,,647.162848,-0.933221,647.162848,,trending,-3.063404,{},,637.0,ETHUSDT,2024-05-31 20:00:00,,,,,644.693408,0.0,0.0,0.0,644.693408,0.0,0.0,0.0,-11.071228,-11.071228,1.0,-11.071228,True,False
2024-05-31 21:00:00,3794.56,3795.59,3779.93,3785.51,9950.0125,0.000123,73,-6.151172,0.0,trending,,648.603255,-0.928928,0.313811,True,True,648.399513,-0.615311,648.603255,,trending,4.920056,{},,638.0,ETHUSDT,2024-05-31 21:00:00,ETHUSDT,3785.51,0.053768,REDUCE_SHORT,644.693408,0.0,0.0,0.0,644.693408,0.0,0.0,0.0,-6.151172,-6.151172,1.0,-6.151172,True,True
2024-05-31 22:00:00,3785.51,3790.65,3767.36,3770.38,5125.4409,0.000123,73,1.216375,0.0,trending,,649.994112,-0.611348,0.732985,True,True,649.517278,0.121605,649.994112,,trending,7.367547,{},,639.0,ETHUSDT,2024-05-31 22:00:00,ETHUSDT,3770.38,0.02097,LONG,644.693408,0.0,0.0,0.0,644.693408,0.0,0.0,0.0,1.216375,1.216375,1.0,1.216375,True,True
2024-05-31 23:00:00,3770.38,3774.14,3742.0,3762.29,11822.5826,0.000123,73,4.571879,0.0,trending,,649.347803,0.121376,0.335812,True,True,649.129744,0.457006,649.347803,,trending,3.355505,{},,640.0,ETHUSDT,2024-05-31 23:00:00,ETHUSDT,3762.29,0.057959,LONG,644.693408,0.0,0.0,0.0,644.693408,0.0,0.0,0.0,4.571879,4.571879,1.0,4.571879,True,True
2024-06-01 00:00:00,3762.29,3768.66,3752.67,3764.15,6432.9727,0.000171,72,3.297119,0.0,trending,,649.276405,0.457128,-0.127416,False,,649.276405,0.457128,649.276405,,trending,-1.27476,{},,641.0,ETHUSDT,2024-06-01 00:00:00,,,,,644.693408,0.0,0.0,0.0,644.693408,0.0,0.0,0.0,3.297119,3.297119,1.0,3.297119,True,False
2024-06-01 01:00:00,3764.15,3776.19,3759.22,3766.79,5351.1208,0.000171,72,1.888436,0.0,trending,,649.484568,0.457302,-0.268459,True,True,649.310208,0.188894,649.484568,,trending,-1.408683,{},,642.0,ETHUSDT,2024-06-01 01:00:00,ETHUSDT,3766.79,0.046289,REDUCE_LONG,644.693408,0.0,0.0,0.0,644.693408,0.0,0.0,0.0,1.888436,1.888436,1.0,1.888436,True,True
2024-06-01 02:00:00,3766.79,3779.36,3766.0,3777.79,3479.6136,0.000171,72,-3.125146,0.0,trending,,649.668381,0.189341,-0.501856,True,True,649.342341,-0.312671,649.668381,,trending,-5.013581,{},,643.0,ETHUSDT,2024-06-01 02:00:00,ETHUSDT,3777.79,0.053743,SHORT,644.693408,0.0,0.0,0.0,644.693408,0.0,0.0,0.0,-3.125146,-3.125146,1.0,-3.125146,True,True
2024-06-01 03:00:00,3777.79,3782.07,3774.51,3778.98,3898.7589,0.000171,72,-3.464817,0.0,trending,,649.278387,-0.312801,-0.033681,False,,649.278387,-0.312801,649.278387,,trending,-0.339671,{},,644.0,ETHUSDT,2024-06-01 03:00:00,,,,,644.693408,0.0,0.0,0.0,644.693408,0.0,0.0,0.0,-3.464817,-3.464817,1.0,-3.464817,True,False
2024-06-01 04:00:00,3778.98,3785.26,3771.19,3784.35,3846.3542,0.000171,72,-5.610909,0.0,trending,,648.989785,-0.313385,-0.247706,True,True,648.829026,-0.56123,648.989785,,trending,-2.146092,{},,645.0,ETHUSDT,2024-06-01 04:00:00,ETHUSDT,3784.35,0.04248,SHORT,644.693408,0.0,0.0,0.0,644.693408,0.0,0.0,0.0,-5.610909,-5.610909,1.0,-5.610909,True,True
2024-06-01 05:00:00,3784.35,3794.11,3778.33,3789.79,6063.0824,0.000171,72,-7.604295,0.0,trending,,648.305572,-0.562491,-0.197939,False,,648.305572,-0.562491,648.305572,,trending,-1.993385,{},,646.0,ETHUSDT,2024-06-01 05:00:00,,,,,644.693408,0.0,0.0,0.0,644.693408,0.0,0.0,0.0,-7.604295,-7.604295,1.0,-7.604295,True,False
2024-06-01 06:00:00,3789.79,3791.81,3782.31,3788.84,5030.0455,0.000171,72,-6.823203,0.0,trending,,648.396984,-0.56227,-0.12005,False,,648.396984,-0.56227,648.396984,,trending,0.781092,{},,647.0,ETHUSDT,2024-06-01 06:00:00,,,,,644.693408,0.0,0.0,0.0,644.693408,0.0,0.0,0.0,-6.823203,-6.823203,1.0,-6.823203,True,False
2024-06-01 07:00:00,3788.84,3790.67,3770.31,3773.0,4903.5483,0.000171,72,1.584959,0.0,trending,,649.92116,-0.558606,0.717102,True,True,649.454736,0.158451,649.92116,,trending,8.408162,{},,648.0,ETHUSDT,2024-06-01 07:00:00,ETHUSDT,3773.0,0.027302,LONG,644.693408,0.0,0.0,0.0,644.693408,0.0,0.0,0.0,1.584959,1.584959,1.0,1.584959,True,True
2024-06-01 08:00:00,3772.99,3802.0,3772.43,3799.11,11748.8694,0.00013,72,-12.115772,0.0,trending,,650.166875,0.159373,-1.37095,True,True,649.275528,-1.213241,650.166875,,trending,-13.700732,{},,649.0,ETHUSDT,2024-06-01 08:00:00,ETHUSDT,3799.11,0.207345,SHORT,644.693408,0.0,0.0,0.0,644.693408,0.0,0.0,0.0,-12.115772,-12.115772,1.0,-12.115772,True,True
2024-06-01 09:00:00,3799.11,3809.55,3788.48,3793.14,8704.6185,0.00013,72,-8.392327,0.0,trending,,650.513379,-1.209029,0.369796,True,True,650.272581,-0.839543,650.513379,,trending,3.723445,{},,650.0,ETHUSDT,2024-06-01 09:00:00,ETHUSDT,3793.14,0.063419,REDUCE_SHORT,644.693408,0.0,0.0,0.0,644.693408,0.0,0.0,0.0,-8.392327,-8.392327,1.0,-8.392327,True,True
2024-06-01 10:00:00,3793.14,3796.05,3784.07,3785.99,3260.1453,0.00013,72,-3.864471,0.0,trending,,651.301653,-0.836637,0.45019,True,True,651.00815,-0.386621,651.301653,,trending,4.527856,{},,651.0,ETHUSDT,2024-06-01 10:00:00,ETHUSDT,3785.99,0.077446,REDUCE_SHORT,644.693408,0.0,0.0,0.0,644.693408,0.0,0.0,0.0,-3.864471,-3.864471,1.0,-3.864471,True,True
2024-06-01 11:00:00,3785.99,3793.39,3782.07,3788.28,4303.1593,0.00013,72,-5.168461,0.0,trending,,650.85591,-0.386946,-0.1299,False,,650.85591,-0.386946,650.85591,,trending,-1.30399,{},,652.0,ETHUSDT,2024-06-01 11:00:00,,,,,644.693408,0.0,0.0,0.0,644.693408,0.0,0.0,0.0,-5.168461,-5.168461,1.0,-5.168461,True,False
2024-06-01 12:00:00,3788.28,3806.97,3787.0,3795.71,6240.3949,0.00013,72,-9.765289,0.0,trending,,650.361962,-0.387999,-0.58853,True,True,649.979205,-0.977104,650.361962,,trending,-4.596828,{},,653.0,ETHUSDT,2024-06-01 12:00:00,ETHUSDT,3795.71,0.100839,SHORT,644.693408,0.0,0.0,0.0,644.693408,0.0,0.0,0.0,-9.765289,-9.765289,1.0,-9.765289,True,True
2024-06-01 13:00:00,3795.71,3809.8,3795.3,3802.01,5232.4455,0.00013,72,-13.200681,0.0,trending,,648.92509,-0.980316,-0.339753,True,True,648.704616,-1.320517,648.92509,,trending,-3.435392,{},,654.0,ETHUSDT,2024-06-01 13:00:00,ETHUSDT,3802.01,0.057989,SHORT,644.693408,0.0,0.0,0.0,644.693408,0.0,0.0,0.0,-13.200681,-13.200681,1.0,-13.200681,True,True
2024-06-01 14:00:00,3802.01,3814.67,3797.0,3809.66,5739.4996,0.00013,72,-17.406287,0.0,trending,,646.981006,-1.326699,-0.41393,True,True,646.713201,-1.74135,646.981006,,trending,-4.205606,{},,655.0,ETHUSDT,2024-06-01 14:00:00,ETHUSDT,3809.66,0.070296,SHORT,644.693408,0.0,0.0,0.0,644.693408,0.0,0.0,0.0,-17.406287,-17.406287,1.0,-17.406287,True,True
2024-06-01 15:00:00,3809.66,3812.69,3798.17,3798.6,5988.1808,0.00013,72,-8.307302,0.0,trending,,649.98259,-1.727561,0.89683,True,True,649.399082,-0.831477,649.98259,,trending,9.098986,{},,656.0,ETHUSDT,2024-06-01 15:00:00,ETHUSDT,3798.6,0.153458,REDUCE_SHORT,644.693408,0.0,0.0,0.0,644.693408,0.0,0.0,0.0,-8.307302,-8.307302,1.0,-8.307302,True,True
2024-06-01 16:00:00,3798.6,3806.43,3794.15,3799.0,5596.9092,0.00013,72,-8.034932,0.0,trending,,649.342223,-0.831637,0.028144,False,,649.342223,-0.831637,649.342223,,trending,0.27237,{},,657.0,ETHUSDT,2024-06-01 16:00:00,,,,,644.693408,0.0,0.0,0.0,644.693408,0.0,0.0,0.0,-8.034932,-8.034932,1.0,-8.034932,True,False
2024-06-01 17:00:00,3799.0,3809.09,3790.21,3807.01,5935.6776,0.000116,72,-12.872033,0.0,trending,,648.203625,-0.834854,-0.452349,True,True,647.910411,-1.287786,648.203625,,trending,-4.837101,{},,658.0,ETHUSDT,2024-06-01 17:00:00,ETHUSDT,3807.01,0.07702,SHORT,644.693408,0.0,0.0,0.0,644.693408,0.0,0.0,0.0,-12.872033,-12.872033,1.0,-12.872033,True,True
2024-06-01 18:00:00,3807.01,3809.81,3797.71,3802.0,4140.3878,0.000116,72,-8.374054,0.0,trending,,649.008436,-1.283915,0.44651,True,True,648.718357,-0.83778,649.008436,,trending,4.497978,{},,659.0,ETHUSDT,2024-06-01 18:00:00,ETHUSDT,3802.0,0.07622,REDUCE_SHORT,644.693408,0.0,0.0,0.0,644.693408,0.0,0.0,0.0,-8.374054,-8.374054,1.0,-8.374054,True,True
2024-06-01 19:00:00,3801.99,3806.73,3797.15,3804.51,2493.4532,0.000116,72,-10.105639,0.0,trending,,648.359561,-0.838797,-0.171767,False,,648.359561,-0.838797,648.359561,,trending,-1.731584,{},,660.0,ETHUSDT,2024-06-01 19:00:00,,,,,644.693408,0.0,0.0,0.0,644.693408,0.0,0.0,0.0,-10.105639,-10.105639,1.0,-10.105639,True,False
2024-06-01 20:00:00,3804.5,3807.5,3799.0,3806.78,3852.6661,0.000116,72,-11.200235,0.0,trending,,648.035072,-0.839718,-0.280306,True,True,647.853424,-1.120338,648.035072,,trending,-1.094596,{},,661.0,ETHUSDT,2024-06-01 20:00:00,ETHUSDT,3806.78,0.047717,SHORT,644.693408,0.0,0.0,0.0,644.693408,0.0,0.0,0.0,-11.200235,-11.200235,1.0,-11.200235,True,True
2024-06-01 21:00:00,3806.78,3822.0,3805.5,3815.51,7398.4506,0.000116,72,-17.192256,0.0,trending,,646.188931,-1.125799,-0.593426,True,True,645.805465,-1.720246,646.188931,,trending,-5.992021,{},,662.0,ETHUSDT,2024-06-01 21:00:00,ETHUSDT,3815.51,0.100502,SHORT,644.693408,0.0,0.0,0.0,644.693408,0.0,0.0,0.0,-17.192256,-17.192256,1.0,-17.192256,True,True
2024-06-01 21:00:00,3806.78,3822.0,3805.5,3815.51,7398.4506,0.000116,72,,,,,645.805465,-1.720246,1.720246,,True,644.693408,0.0,645.805465,,,,,,,,,ETHUSDT,3815.51,-0.291165,CLOSE,644.693408,0.0,0.0,0.0,644.693408,0.0,0.0,0.0,,,,,,
