timestamp,open,high,low,close,volume,funding_rate,fear_greed,forecast,confidence,regime,strategy,total_portfolio_value,previous_allocation,allocation_change,approved_rebalance,debug_approve_allocation_change,succcess_execute_portfolio_rebalance,debug_execute_portfolio_rebalance,postRebalance_total_value,postRebalance_current_allocation,portfolio_value,debug_info.error,debug_info.regime,debug_info.forecast_delta,debug_info.regime_margin,debug_info.bars_in_regime,debug_info.components,debug_info.regime_scores.trending,balances.USDT.free,balances.USDT.locked,postRebalance_balances.USDT.free,postRebalance_balances.USDT.locked
2024-07-01 00:00:00,146.61,148.22,145.97,147.83,130743.758,8.7e-05,53,0.0,0.0,NOT_READY,,1000.0,0.0,0.0,,{},,{},1000.0,0.0,1000.0,Strategy not ready,,,,,,,1000,0,1000,0
2024-07-01 01:00:00,147.83,149.13,147.38,148.26,164894.196,8.7e-05,53,0.0,0.0,NOT_READY,,1000.0,0.0,0.0,,{},,{},1000.0,0.0,1000.0,Strategy not ready,,,,,,,1000,0,1000,0
2024-07-01 02:00:00,148.26,148.85,147.0,147.42,128138.574,8.7e-05,53,0.0,0.0,NOT_READY,,1000.0,0.0,0.0,,{},,{},1000.0,0.0,1000.0,Strategy not ready,,,,,,,1000,0,1000,0
2024-07-01 03:00:00,147.42,147.99,147.3,147.61,56788.424,8.7e-05,53,0.0,0.0,NOT_READY,,1000.0,0.0,0.0,,{},,{},1000.0,0.0,1000.0,Strategy not ready,,,,,,,1000,0,1000,0
2024-07-01 04:00:00,147.61,148.14,147.21,147.45,48379.585,8.7e-05,53,0.0,0.0,NOT_READY,,1000.0,0.0,0.0,,{},,{},1000.0,0.0,1000.0,Strategy not ready,,,,,,,1000,0,1000,0
2024-07-01 05:00:00,147.46,148.49,147.46,148.01,64277.297,8.7e-05,53,0.0,0.0,NOT_READY,,1000.0,0.0,0.0,,{},,{},1000.0,0.0,1000.0,Strategy not ready,,,,,,,1000,0,1000,0
2024-07-01 06:00:00,148.01,148.29,147.17,148.0,51378.705,8.7e-05,53,0.0,0.0,NOT_READY,,1000.0,0.0,0.0,,{},,{},1000.0,0.0,1000.0,Strategy not ready,,,,,,,1000,0,1000,0
2024-07-01 07:00:00,148.0,148.71,147.49,148.3,60549.911,8.7e-05,53,0.0,0.0,NOT_READY,,1000.0,0.0,0.0,,{},,{},1000.0,0.0,1000.0,Strategy not ready,,,,,,,1000,0,1000,0
2024-07-01 08:00:00,148.3,149.09,146.78,147.44,188680.461,5.8e-05,53,0.0,0.0,NOT_READY,,1000.0,0.0,0.0,,{},,{},1000.0,0.0,1000.0,Strategy not ready,,,,,,,1000,0,1000,0
2024-07-01 09:00:00,147.45,148.03,146.85,147.8,67928.401,5.8e-05,53,0.0,0.0,NOT_READY,,1000.0,0.0,0.0,,{},,{},1000.0,0.0,1000.0,Strategy not ready,,,,,,,1000,0,1000,0
2024-07-01 10:00:00,147.8,147.97,146.64,146.86,69995.977,5.8e-05,53,0.0,0.0,NOT_READY,,1000.0,0.0,0.0,,{},,{},1000.0,0.0,1000.0,Strategy not ready,,,,,,,1000,0,1000,0
2024-07-01 11:00:00,146.85,146.97,145.87,146.14,81625.173,5.8e-05,53,0.0,0.0,NOT_READY,,1000.0,0.0,0.0,,{},,{},1000.0,0.0,1000.0,Strategy not ready,,,,,,,1000,0,1000,0
2024-07-01 12:00:00,146.15,147.49,146.04,147.49,72431.265,5.8e-05,53,0.0,0.0,NOT_READY,,1000.0,0.0,0.0,,{},,{},1000.0,0.0,1000.0,Strategy not ready,,,,,,,1000,0,1000,0
2024-07-01 13:00:00,147.48,148.72,146.3,146.99,167220.686,5.8e-05,53,0.0,0.0,NOT_READY,,1000.0,0.0,0.0,,{},,{},1000.0,0.0,1000.0,Strategy not ready,,,,,,,1000,0,1000,0
2024-07-01 14:00:00,146.99,148.06,146.19,147.84,141247.724,5.8e-05,53,0.0,0.0,NOT_READY,,1000.0,0.0,0.0,,{},,{},1000.0,0.0,1000.0,Strategy not ready,,,,,,,1000,0,1000,0
2024-07-01 15:00:00,147.85,148.67,147.38,148.5,146909.288,5.8e-05,53,0.0,0.0,NOT_READY,,1000.0,0.0,0.0,,{},,{},1000.0,0.0,1000.0,Strategy not ready,,,,,,,1000,0,1000,0
2024-07-01 16:00:00,148.51,149.36,147.67,147.98,137844.787,5.8e-05,53,0.0,0.0,NOT_READY,,1000.0,0.0,0.0,,{},,{},1000.0,0.0,1000.0,Strategy not ready,,,,,,,1000,0,1000,0
2024-07-01 17:00:00,147.98,148.45,147.06,148.06,104333.969,0.0001,53,0.0,0.0,NOT_READY,,1000.0,0.0,0.0,,{},,{},1000.0,0.0,1000.0,Strategy not ready,,,,,,,1000,0,1000,0
2024-07-01 18:00:00,148.06,148.85,147.2,147.75,113192.675,0.0001,53,0.0,0.0,NOT_READY,,1000.0,0.0,0.0,,{},,{},1000.0,0.0,1000.0,Strategy not ready,,,,,,,1000,0,1000,0
2024-07-01 19:00:00,147.75,147.88,146.6,147.32,63333.351,0.0001,53,0.0,0.0,NOT_READY,,1000.0,0.0,0.0,,{},,{},1000.0,0.0,1000.0,Strategy not ready,,,,,,,1000,0,1000,0
2024-07-01 20:00:00,147.33,148.01,147.18,147.53,30443.076,0.0001,53,0.0,0.0,NOT_READY,,1000.0,0.0,0.0,,{},,{},1000.0,0.0,1000.0,Strategy not ready,,,,,,,1000,0,1000,0
2024-07-01 21:00:00,147.53,148.26,147.2,147.57,36910.799,0.0001,53,0.0,0.0,NOT_READY,,1000.0,0.0,0.0,,{},,{},1000.0,0.0,1000.0,Strategy not ready,,,,,,,1000,0,1000,0
2024-07-01 22:00:00,147.58,147.78,146.0,146.79,106297.355,0.0001,53,0.0,0.0,NOT_READY,,1000.0,0.0,0.0,,{},,{},1000.0,0.0,1000.0,Strategy not ready,,,,,,,1000,0,1000,0
2024-07-01 23:00:00,146.8,147.1,146.02,146.67,46707.399,0.0001,53,0.0,0.0,NOT_READY,,1000.0,0.0,0.0,,{},,{},1000.0,0.0,1000.0,Strategy not ready,,,,,,,1000,0,1000,0
2024-07-02 00:00:00,146.68,147.65,146.14,147.34,55324.043,0.0001,51,0.0,0.0,NOT_READY,,1000.0,0.0,0.0,,{},,{},1000.0,0.0,1000.0,Strategy not ready,,,,,,,1000,0,1000,0
2024-07-02 01:00:00,147.34,147.84,146.96,147.62,41009.19,0.0001,51,0.0,0.0,NOT_READY,,1000.0,0.0,0.0,,{},,{},1000.0,0.0,1000.0,Strategy not ready,,,,,,,1000,0,1000,0
2024-07-02 02:00:00,147.63,149.09,147.62,149.07,88656.24,0.0001,51,0.0,0.0,NOT_READY,,1000.0,0.0,0.0,,{},,{},1000.0,0.0,1000.0,Strategy not ready,,,,,,,1000,0,1000,0
2024-07-02 03:00:00,149.07,149.91,148.46,149.16,93607.467,0.0001,51,0.0,0.0,NOT_READY,,1000.0,0.0,0.0,,{},,{},1000.0,0.0,1000.0,Strategy not ready,,,,,,,1000,0,1000,0
2024-07-02 04:00:00,149.17,149.95,148.8,148.9,144002.31,0.0001,51,0.0,0.0,NOT_READY,,1000.0,0.0,0.0,,{},,{},1000.0,0.0,1000.0,Strategy not ready,,,,,,,1000,0,1000,0
2024-07-02 05:00:00,148.9,149.3,148.67,149.08,44510.432,0.0001,51,0.0,0.0,NOT_READY,,1000.0,0.0,0.0,,{},,{},1000.0,0.0,1000.0,Strategy not ready,,,,,,,1000,0,1000,0
2024-07-02 06:00:00,149.09,149.17,147.56,147.76,71432.151,0.0001,51,0.0,0.0,NOT_READY,,1000.0,0.0,0.0,,{},,{},1000.0,0.0,1000.0,Strategy not ready,,,,,,,1000,0,1000,0
2024-07-02 07:00:00,147.76,147.86,146.98,147.43,111667.881,0.0001,51,0.0,0.0,NOT_READY,,1000.0,0.0,0.0,,{},,{},1000.0,0.0,1000.0,Strategy not ready,,,,,,,1000,0,1000,0
2024-07-02 08:00:00,147.43,148.4,146.88,148.0,77030.523,7.6e-05,51,0.0,0.0,NOT_READY,,1000.0,0.0,0.0,,{},,{},1000.0,0.0,1000.0,Strategy not ready,,,,,,,1000,0,1000,0
2024-07-02 09:00:00,148.01,148.5,147.7,148.29,46025.163,7.6e-05,51,0.0,0.0,NOT_READY,,1000.0,0.0,0.0,,{},,{},1000.0,0.0,1000.0,Strategy not ready,,,,,,,1000,0,1000,0
2024-07-02 10:00:00,148.3,148.92,147.72,148.82,52794.978,7.6e-05,51,0.0,0.0,NOT_READY,,1000.0,0.0,0.0,,{},,{},1000.0,0.0,1000.0,Strategy not ready,,,,,,,1000,0,1000,0
2024-07-02 11:00:00,148.83,150.1,148.46,149.68,178877.51,7.6e-05,51,0.0,0.0,NOT_READY,,1000.0,0.0,0.0,,{},,{},1000.0,0.0,1000.0,Strategy not ready,,,,,,,1000,0,1000,0
2024-07-02 12:00:00,149.68,151.61,148.95,150.53,161768.445,7.6e-05,51,0.0,0.0,NOT_READY,,1000.0,0.0,0.0,,{},,{},1000.0,0.0,1000.0,Strategy not ready,,,,,,,1000,0,1000,0
2024-07-02 13:00:00,150.53,151.87,148.45,148.87,210915.351,7.6e-05,51,0.0,0.0,NOT_READY,,1000.0,0.0,0.0,,{},,{},1000.0,0.0,1000.0,Strategy not ready,,,,,,,1000,0,1000,0
2024-07-02 14:00:00,148.87,149.23,147.22,148.28,221936.186,7.6e-05,51,0.0,0.0,NOT_READY,,1000.0,0.0,0.0,,{},,{},1000.0,0.0,1000.0,Strategy not ready,,,,,,,1000,0,1000,0
2024-07-02 15:00:00,148.28,149.05,147.63,148.39,106614.421,7.6e-05,51,0.0,0.0,NOT_READY,,1000.0,0.0,0.0,,{},,{},1000.0,0.0,1000.0,Strategy not ready,,,,,,,1000,0,1000,0
2024-07-02 16:00:00,148.4,149.08,147.65,149.01,71344.926,2.8e-05,51,0.0,0.0,NOT_READY,,1000.0,0.0,0.0,,{},,{},1000.0,0.0,1000.0,Strategy not ready,,,,,,,1000,0,1000,0
2024-07-02 17:00:00,149.02,150.01,148.22,149.98,100903.244,2.8e-05,51,0.0,0.0,NOT_READY,,1000.0,0.0,0.0,,{},,{},1000.0,0.0,1000.0,Strategy not ready,,,,,,,1000,0,1000,0
2024-07-02 18:00:00,149.98,153.82,149.97,152.95,318655.175,2.8e-05,51,0.0,0.0,NOT_READY,,1000.0,0.0,0.0,,{},,{},1000.0,0.0,1000.0,Strategy not ready,,,,,,,1000,0,1000,0
2024-07-02 19:00:00,152.96,153.66,152.13,152.79,139343.041,2.8e-05,51,0.0,0.0,NOT_READY,,1000.0,0.0,0.0,,{},,{},1000.0,0.0,1000.0,Strategy not ready,,,,,,,1000,0,1000,0
2024-07-02 20:00:00,152.8,153.5,152.33,153.09,82480.407,2.8e-05,51,0.0,0.0,NOT_READY,,1000.0,0.0,0.0,,{},,{},1000.0,0.0,1000.0,Strategy not ready,,,,,,,1000,0,1000,0
2024-07-02 21:00:00,153.09,154.02,152.95,153.69,92421.266,2.8e-05,51,0.0,0.0,NOT_READY,,1000.0,0.0,0.0,,{},,{},1000.0,0.0,1000.0,Strategy not ready,,,,,,,1000,0,1000,0
2024-07-02 22:00:00,153.7,154.85,153.7,154.72,152793.308,2.8e-05,51,0.0,0.0,NOT_READY,,1000.0,0.0,0.0,,{},,{},1000.0,0.0,1000.0,Strategy not ready,,,,,,,1000,0,1000,0
2024-07-02 23:00:00,154.72,155.0,153.7,154.03,111947.634,2.8e-05,51,0.0,0.0,NOT_READY,,1000.0,0.0,0.0,,{},,{},1000.0,0.0,1000.0,Strategy not ready,,,,,,,1000,0,1000,0
2024-07-03 00:00:00,154.03,154.5,153.4,153.47,77308.848,0.0001,50,0.0,0.0,NOT_READY,,1000.0,0.0,0.0,,{},,{},1000.0,0.0,1000.0,Strategy not ready,,,,,,,1000,0,1000,0
2024-07-03 01:00:00,153.47,153.91,151.75,152.24,169260.219,0.0001,50,0.0,0.0,NOT_READY,,1000.0,0.0,0.0,,{},,{},1000.0,0.0,1000.0,Strategy not ready,,,,,,,1000,0,1000,0
2024-07-03 02:00:00,152.24,152.84,151.5,152.14,142836.302,0.0001,50,0.0,0.0,NOT_READY,,1000.0,0.0,0.0,,{},,{},1000.0,0.0,1000.0,Strategy not ready,,,,,,,1000,0,1000,0
2024-07-03 03:00:00,152.14,152.17,149.2,150.56,228975.028,0.0001,50,0.0,0.0,NOT_READY,,1000.0,0.0,0.0,,{},,{},1000.0,0.0,1000.0,Strategy not ready,,,,,,,1000,0,1000,0
2024-07-03 04:00:00,150.57,150.57,147.78,148.17,242893.255,0.0001,50,0.0,0.0,NOT_READY,,1000.0,0.0,0.0,,{},,{},1000.0,0.0,1000.0,Strategy not ready,,,,,,,1000,0,1000,0
2024-07-03 05:00:00,148.17,149.47,148.06,149.41,142151.426,0.0001,50,0.0,0.0,NOT_READY,,1000.0,0.0,0.0,,{},,{},1000.0,0.0,1000.0,Strategy not ready,,,,,,,1000,0,1000,0
2024-07-03 06:00:00,149.4,149.66,148.69,148.89,90467.779,0.0001,50,0.0,0.0,NOT_READY,,1000.0,0.0,0.0,,{},,{},1000.0,0.0,1000.0,Strategy not ready,,,,,,,1000,0,1000,0
2024-07-03 07:00:00,148.9,149.0,146.39,146.4,198624.682,0.0001,50,0.0,0.0,NOT_READY,,1000.0,0.0,0.0,,{},,{},1000.0,0.0,1000.0,Strategy not ready,,,,,,,1000,0,1000,0
2024-07-03 08:00:00,146.39,146.81,145.03,146.39,220485.636,0.0001,50,0.0,0.0,NOT_READY,,1000.0,0.0,0.0,,{},,{},1000.0,0.0,1000.0,Strategy not ready,,,,,,,1000,0,1000,0
2024-07-03 09:00:00,146.39,147.28,146.04,146.47,120388.247,0.0001,50,0.0,0.0,NOT_READY,,1000.0,0.0,0.0,,{},,{},1000.0,0.0,1000.0,Strategy not ready,,,,,,,1000,0,1000,0
2024-07-03 10:00:00,146.46,146.46,143.45,144.17,347704.062,0.0001,50,0.0,0.0,NOT_READY,,1000.0,0.0,0.0,,{},,{},1000.0,0.0,1000.0,Strategy not ready,,,,,,,1000,0,1000,0
2024-07-03 11:00:00,144.17,144.55,142.77,144.07,165001.629,0.0001,50,0.0,0.0,NOT_READY,,1000.0,0.0,0.0,,{},,{},1000.0,0.0,1000.0,Strategy not ready,,,,,,,1000,0,1000,0
2024-07-03 12:00:00,144.07,144.08,141.23,141.52,254618.654,0.0001,50,0.0,0.0,NOT_READY,,1000.0,0.0,0.0,,{},,{},1000.0,0.0,1000.0,Strategy not ready,,,,,,,1000,0,1000,0
2024-07-03 13:00:00,141.51,144.22,141.11,144.17,266368.52,0.0001,50,0.0,0.0,NOT_READY,,1000.0,0.0,0.0,,{},,{},1000.0,0.0,1000.0,Strategy not ready,,,,,,,1000,0,1000,0
2024-07-03 14:00:00,144.16,144.34,141.6,141.7,160322.714,0.0001,50,0.0,0.0,NOT_READY,,1000.0,0.0,0.0,,{},,{},1000.0,0.0,1000.0,Strategy not ready,,,,,,,1000,0,1000,0
2024-07-03 15:00:00,141.71,142.73,140.94,141.68,154665.978,0.0001,50,0.0,0.0,NOT_READY,,1000.0,0.0,0.0,,{},,{},1000.0,0.0,1000.0,Strategy not ready,,,,,,,1000,0,1000,0
2024-07-03 16:00:00,141.68,143.23,141.1,142.58,219246.175,0.0001,50,0.0,0.0,NOT_READY,,1000.0,0.0,0.0,,{},,{},1000.0,0.0,1000.0,Strategy not ready,,,,,,,1000,0,1000,0
2024-07-03 17:00:00,142.59,142.81,141.28,142.04,103730.414,0.0001,50,0.0,0.0,NOT_READY,,1000.0,0.0,0.0,,{},,{},1000.0,0.0,1000.0,Strategy not ready,,,,,,,1000,0,1000,0
2024-07-03 18:00:00,142.03,142.56,141.26,141.79,97727.141,0.0001,50,0.0,0.0,NOT_READY,,1000.0,0.0,0.0,,{},,{},1000.0,0.0,1000.0,Strategy not ready,,,,,,,1000,0,1000,0
2024-07-03 19:00:00,141.79,141.9,139.12,140.43,229104.702,0.0001,50,0.0,0.0,NOT_READY,,1000.0,0.0,0.0,,{},,{},1000.0,0.0,1000.0,Strategy not ready,,,,,,,1000,0,1000,0
2024-07-03 20:00:00,140.43,141.55,139.79,140.02,215689.292,0.0001,50,0.0,0.0,NOT_READY,,1000.0,0.0,0.0,,{},,{},1000.0,0.0,1000.0,Strategy not ready,,,,,,,1000,0,1000,0
2024-07-03 21:00:00,140.03,142.05,139.01,141.69,198347.866,0.0001,50,0.0,0.0,NOT_READY,,1000.0,0.0,0.0,,{},,{},1000.0,0.0,1000.0,Strategy not ready,,,,,,,1000,0,1000,0
2024-07-03 22:00:00,141.69,141.97,140.61,141.36,76427.344,0.0001,50,0.0,0.0,NOT_READY,,1000.0,0.0,0.0,,{},,{},1000.0,0.0,1000.0,Strategy not ready,,,,,,,1000,0,1000,0
2024-07-03 23:00:00,141.35,141.4,140.47,140.84,66996.02,0.0001,50,0.0,0.0,NOT_READY,,1000.0,0.0,0.0,,{},,{},1000.0,0.0,1000.0,Strategy not ready,,,,,,,1000,0,1000,0
2024-07-04 00:00:00,140.84,142.75,140.78,141.4,152322.657,0.0001,44,0.0,0.0,NOT_READY,,1000.0,0.0,0.0,,{},,{},1000.0,0.0,1000.0,Strategy not ready,,,,,,,1000,0,1000,0
2024-07-04 01:00:00,141.41,141.61,132.21,134.16,651074.548,0.0001,44,0.0,0.0,NOT_READY,,1000.0,0.0,0.0,,{},,{},1000.0,0.0,1000.0,Strategy not ready,,,,,,,1000,0,1000,0
2024-07-04 02:00:00,134.15,136.88,132.55,136.24,437910.268,0.0001,44,0.0,0.0,NOT_READY,,1000.0,0.0,0.0,,{},,{},1000.0,0.0,1000.0,Strategy not ready,,,,,,,1000,0,1000,0
2024-07-04 03:00:00,136.25,137.31,135.56,137.08,109562.465,0.0001,44,0.0,0.0,NOT_READY,,1000.0,0.0,0.0,,{},,{},1000.0,0.0,1000.0,Strategy not ready,,,,,,,1000,0,1000,0
2024-07-04 04:00:00,137.07,137.35,136.17,136.68,92313.83,0.0001,44,0.0,0.0,NOT_READY,,1000.0,0.0,0.0,,{},,{},1000.0,0.0,1000.0,Strategy not ready,,,,,,,1000,0,1000,0
2024-07-04 05:00:00,136.69,136.81,135.95,136.04,66823.324,0.0001,44,0.0,0.0,NOT_READY,,1000.0,0.0,0.0,,{},,{},1000.0,0.0,1000.0,Strategy not ready,,,,,,,1000,0,1000,0
2024-07-04 06:00:00,136.05,136.08,133.82,134.64,177366.385,0.0001,44,0.0,0.0,NOT_READY,,1000.0,0.0,0.0,,{},,{},1000.0,0.0,1000.0,Strategy not ready,,,,,,,1000,0,1000,0
2024-07-04 07:00:00,134.64,135.26,133.91,134.38,158602.645,0.0001,44,0.0,0.0,NOT_READY,,1000.0,0.0,0.0,,{},,{},1000.0,0.0,1000.0,Strategy not ready,,,,,,,1000,0,1000,0
2024-07-04 08:00:00,134.4,135.73,132.56,135.39,239086.489,8.9e-05,44,0.0,0.0,NOT_READY,,1000.0,0.0,0.0,,{},,{},1000.0,0.0,1000.0,Strategy not ready,,,,,,,1000,0,1000,0
2024-07-04 09:00:00,135.39,135.95,133.6,134.27,266035.366,8.9e-05,44,0.0,0.0,NOT_READY,,1000.0,0.0,0.0,,{},,{},1000.0,0.0,1000.0,Strategy not ready,,,,,,,1000,0,1000,0
2024-07-04 10:00:00,134.27,134.45,132.25,134.33,200517.364,8.9e-05,44,0.0,0.0,NOT_READY,,1000.0,0.0,0.0,,{},,{},1000.0,0.0,1000.0,Strategy not ready,,,,,,,1000,0,1000,0
2024-07-04 11:00:00,134.33,134.62,132.55,132.73,119339.798,8.9e-05,44,0.0,0.0,NOT_READY,,1000.0,0.0,0.0,,{},,{},1000.0,0.0,1000.0,Strategy not ready,,,,,,,1000,0,1000,0
2024-07-04 12:00:00,132.73,134.48,132.3,133.17,217758.423,8.9e-05,44,0.0,0.0,NOT_READY,,1000.0,0.0,0.0,,{},,{},1000.0,0.0,1000.0,Strategy not ready,,,,,,,1000,0,1000,0
2024-07-04 13:00:00,133.18,133.63,129.58,133.22,502616.201,8.9e-05,44,0.0,0.0,NOT_READY,,1000.0,0.0,0.0,,{},,{},1000.0,0.0,1000.0,Strategy not ready,,,,,,,1000,0,1000,0
2024-07-04 14:00:00,133.21,135.42,132.28,134.29,316517.295,8.9e-05,44,0.0,0.0,NOT_READY,,1000.0,0.0,0.0,,{},,{},1000.0,0.0,1000.0,Strategy not ready,,,,,,,1000,0,1000,0
2024-07-04 15:00:00,134.29,135.96,133.59,135.4,242106.241,8.9e-05,44,0.0,0.0,NOT_READY,,1000.0,0.0,0.0,,{},,{},1000.0,0.0,1000.0,Strategy not ready,,,,,,,1000,0,1000,0
2024-07-04 16:00:00,135.4,135.45,133.94,135.24,209248.644,5e-05,44,0.0,0.0,NOT_READY,,1000.0,0.0,0.0,,{},,{},1000.0,0.0,1000.0,Strategy not ready,,,,,,,1000,0,1000,0
2024-07-04 17:00:00,135.24,135.6,134.68,135.27,93674.626,5e-05,44,0.0,0.0,NOT_READY,,1000.0,0.0,0.0,,{},,{},1000.0,0.0,1000.0,Strategy not ready,,,,,,,1000,0,1000,0
2024-07-04 18:00:00,135.27,135.28,133.66,134.08,109051.426,5e-05,44,0.0,0.0,NOT_READY,,1000.0,0.0,0.0,,{},,{},1000.0,0.0,1000.0,Strategy not ready,,,,,,,1000,0,1000,0
2024-07-04 19:00:00,134.07,135.98,133.91,134.0,124748.129,5e-05,44,0.0,0.0,NOT_READY,,1000.0,0.0,0.0,,{},,{},1000.0,0.0,1000.0,Strategy not ready,,,,,,,1000,0,1000,0
2024-07-04 20:00:00,134.0,135.1,133.34,135.07,85438.116,5e-05,44,0.0,0.0,NOT_READY,,1000.0,0.0,0.0,,{},,{},1000.0,0.0,1000.0,Strategy not ready,,,,,,,1000,0,1000,0
2024-07-04 21:00:00,135.07,135.66,134.35,134.98,68712.93,5e-05,44,0.0,0.0,NOT_READY,,1000.0,0.0,0.0,,{},,{},1000.0,0.0,1000.0,Strategy not ready,,,,,,,1000,0,1000,0
2024-07-04 22:00:00,134.98,135.36,132.46,132.46,108708.54,5e-05,44,0.0,0.0,NOT_READY,,1000.0,0.0,0.0,,{},,{},1000.0,0.0,1000.0,Strategy not ready,,,,,,,1000,0,1000,0
2024-07-04 23:00:00,132.45,132.56,127.2,127.86,481276.448,5e-05,44,0.0,0.0,NOT_READY,,1000.0,0.0,0.0,,{},,{},1000.0,0.0,1000.0,Strategy not ready,,,,,,,1000,0,1000,0
2024-07-05 00:00:00,127.85,129.16,125.0,128.59,702484.035,-9e-06,29,0.0,0.0,NOT_READY,,1000.0,0.0,0.0,,{},,{},1000.0,0.0,1000.0,Strategy not ready,,,,,,,1000,0,1000,0
2024-07-05 01:00:00,128.6,129.07,126.48,128.63,248744.593,-9e-06,29,0.0,0.0,NOT_READY,,1000.0,0.0,0.0,,{},,{},1000.0,0.0,1000.0,Strategy not ready,,,,,,,1000,0,1000,0
2024-07-05 02:00:00,128.63,128.69,122.0,122.82,662524.203,-9e-06,29,0.0,0.0,NOT_READY,,1000.0,0.0,0.0,,{},,{},1000.0,0.0,1000.0,Strategy not ready,,,,,,,1000,0,1000,0
2024-07-05 03:00:00,122.9,124.49,121.0,123.67,673505.736,-9e-06,29,0.0,0.0,NOT_READY,,1000.0,0.0,0.0,,{},,{},1000.0,0.0,1000.0,Strategy not ready,,,,,,,1000,0,1000,0
2024-07-05 04:00:00,123.68,126.8,121.0,125.5,588948.868,-9e-06,29,0.0,0.0,NOT_READY,,1000.0,0.0,0.0,,{},,{},1000.0,0.0,1000.0,Strategy not ready,,,,,,,1000,0,1000,0
2024-07-05 05:00:00,125.5,127.72,125.28,127.29,360208.571,-9e-06,29,0.0,0.0,NOT_READY,,1000.0,0.0,0.0,,{},,{},1000.0,0.0,1000.0,Strategy not ready,,,,,,,1000,0,1000,0
2024-07-05 06:00:00,127.29,127.3,124.4,125.05,305245.426,-9e-06,29,0.0,0.0,NOT_READY,,1000.0,0.0,0.0,,{},,{},1000.0,0.0,1000.0,Strategy not ready,,,,,,,1000,0,1000,0
2024-07-05 07:00:00,125.04,127.05,124.23,126.72,287737.848,-9e-06,29,0.0,0.0,NOT_READY,,1000.0,0.0,0.0,,{},,{},1000.0,0.0,1000.0,Strategy not ready,,,,,,,1000,0,1000,0
2024-07-05 08:00:00,126.72,127.69,122.56,122.84,267479.029,5.2e-05,29,0.0,0.0,NOT_READY,,1000.0,0.0,0.0,,{},,{},1000.0,0.0,1000.0,Strategy not ready,,,,,,,1000,0,1000,0
2024-07-05 09:00:00,122.84,126.57,122.07,126.19,321161.184,5.2e-05,29,0.0,0.0,NOT_READY,,1000.0,0.0,0.0,,{},,{},1000.0,0.0,1000.0,Strategy not ready,,,,,,,1000,0,1000,0
2024-07-05 10:00:00,126.19,129.72,125.7,128.59,437131.353,5.2e-05,29,0.0,0.0,NOT_READY,,1000.0,0.0,0.0,,{},,{},1000.0,0.0,1000.0,Strategy not ready,,,,,,,1000,0,1000,0
2024-07-05 11:00:00,128.6,130.86,128.4,130.13,383469.925,5.2e-05,29,0.0,0.0,NOT_READY,,1000.0,0.0,0.0,,{},,{},1000.0,0.0,1000.0,Strategy not ready,,,,,,,1000,0,1000,0
2024-07-05 12:00:00,130.13,133.0,128.73,128.78,476239.38,5.2e-05,29,0.0,0.0,NOT_READY,,1000.0,0.0,0.0,,{},,{},1000.0,0.0,1000.0,Strategy not ready,,,,,,,1000,0,1000,0
2024-07-05 13:00:00,128.79,133.53,128.36,133.19,319952.741,5.2e-05,29,0.0,0.0,NOT_READY,,1000.0,0.0,0.0,,{},,{},1000.0,0.0,1000.0,Strategy not ready,,,,,,,1000,0,1000,0
2024-07-05 14:00:00,133.19,133.76,130.87,132.7,242571.281,5.2e-05,29,0.0,0.0,NOT_READY,,1000.0,0.0,0.0,,{},,{},1000.0,0.0,1000.0,Strategy not ready,,,,,,,1000,0,1000,0
2024-07-05 15:00:00,132.69,134.99,132.05,134.93,331657.048,5.2e-05,29,0.0,0.0,NOT_READY,,1000.0,0.0,0.0,,{},,{},1000.0,0.0,1000.0,Strategy not ready,,,,,,,1000,0,1000,0
2024-07-05 16:00:00,134.94,136.58,134.0,134.6,376740.429,-0.000114,29,0.0,0.0,NOT_READY,,1000.0,0.0,0.0,,{},,{},1000.0,0.0,1000.0,Strategy not ready,,,,,,,1000,0,1000,0
2024-07-05 17:00:00,134.6,135.57,133.71,134.92,143846.547,-0.000114,29,0.0,0.0,NOT_READY,,1000.0,0.0,0.0,,{},,{},1000.0,0.0,1000.0,Strategy not ready,,,,,,,1000,0,1000,0
2024-07-05 18:00:00,134.93,135.96,134.01,135.72,161412.094,-0.000114,29,0.0,0.0,NOT_READY,,1000.0,0.0,0.0,,{},,{},1000.0,0.0,1000.0,Strategy not ready,,,,,,,1000,0,1000,0
2024-07-05 19:00:00,135.72,135.9,134.49,134.97,88606.532,-0.000114,29,0.0,0.0,NOT_READY,,1000.0,0.0,0.0,,{},,{},1000.0,0.0,1000.0,Strategy not ready,,,,,,,1000,0,1000,0
2024-07-05 20:00:00,134.97,135.45,134.22,135.35,78886.305,-0.000114,29,0.0,0.0,NOT_READY,,1000.0,0.0,0.0,,{},,{},1000.0,0.0,1000.0,Strategy not ready,,,,,,,1000,0,1000,0
2024-07-05 21:00:00,135.35,135.79,134.49,134.71,74711.508,-0.000114,29,0.0,0.0,NOT_READY,,1000.0,0.0,0.0,,{},,{},1000.0,0.0,1000.0,Strategy not ready,,,,,,,1000,0,1000,0
2024-07-05 22:00:00,134.71,135.38,133.92,134.24,76798.035,-0.000114,29,0.0,0.0,NOT_READY,,1000.0,0.0,0.0,,{},,{},1000.0,0.0,1000.0,Strategy not ready,,,,,,,1000,0,1000,0
2024-07-05 23:00:00,134.24,134.98,134.18,134.32,59408.56,-0.000114,29,0.0,0.0,NOT_READY,,1000.0,0.0,0.0,,{},,{},1000.0,0.0,1000.0,Strategy not ready,,,,,,,1000,0,1000,0
2024-07-06 00:00:00,134.32,137.83,133.51,135.07,198682.111,7.4e-05,26,0.0,0.0,NOT_READY,,1000.0,0.0,0.0,,{},,{},1000.0,0.0,1000.0,Strategy not ready,,,,,,,1000,0,1000,0
2024-07-06 01:00:00,135.06,135.31,133.27,133.51,135719.453,7.4e-05,26,0.0,0.0,NOT_READY,,1000.0,0.0,0.0,,{},,{},1000.0,0.0,1000.0,Strategy not ready,,,,,,,1000,0,1000,0
2024-07-06 02:00:00,133.51,134.04,132.33,133.62,96226.038,7.4e-05,26,0.0,0.0,NOT_READY,,1000.0,0.0,0.0,,{},,{},1000.0,0.0,1000.0,Strategy not ready,,,,,,,1000,0,1000,0
2024-07-06 03:00:00,133.61,134.93,133.52,134.44,76546.721,7.4e-05,26,0.0,0.0,NOT_READY,,1000.0,0.0,0.0,,{},,{},1000.0,0.0,1000.0,Strategy not ready,,,,,,,1000,0,1000,0
2024-07-06 04:00:00,134.44,134.89,133.57,133.59,84633.273,7.4e-05,26,0.0,0.0,NOT_READY,,1000.0,0.0,0.0,,{},,{},1000.0,0.0,1000.0,Strategy not ready,,,,,,,1000,0,1000,0
2024-07-06 05:00:00,133.6,134.91,133.55,134.45,89642.09,7.4e-05,26,0.0,0.0,NOT_READY,,1000.0,0.0,0.0,,{},,{},1000.0,0.0,1000.0,Strategy not ready,,,,,,,1000,0,1000,0
2024-07-06 06:00:00,134.44,136.79,134.35,135.9,93075.443,7.4e-05,26,0.0,0.0,NOT_READY,,1000.0,0.0,0.0,,{},,{},1000.0,0.0,1000.0,Strategy not ready,,,,,,,1000,0,1000,0
2024-07-06 07:00:00,135.89,137.38,135.59,136.94,108614.022,7.4e-05,26,0.0,0.0,NOT_READY,,1000.0,0.0,0.0,,{},,{},1000.0,0.0,1000.0,Strategy not ready,,,,,,,1000,0,1000,0
2024-07-06 08:00:00,136.93,138.12,136.44,137.13,75764.558,4.3e-05,26,0.0,0.0,NOT_READY,,1000.0,0.0,0.0,,{},,{},1000.0,0.0,1000.0,Strategy not ready,,,,,,,1000,0,1000,0
2024-07-06 09:00:00,137.13,140.0,136.77,139.91,305683.435,4.3e-05,26,0.0,0.0,NOT_READY,,1000.0,0.0,0.0,,{},,{},1000.0,0.0,1000.0,Strategy not ready,,,,,,,1000,0,1000,0
2024-07-06 10:00:00,139.89,140.62,139.43,139.71,230875.27,4.3e-05,26,0.0,0.0,NOT_READY,,1000.0,0.0,0.0,,{},,{},1000.0,0.0,1000.0,Strategy not ready,,,,,,,1000,0,1000,0
2024-07-06 11:00:00,139.71,139.88,138.55,138.75,93635.926,4.3e-05,26,0.0,0.0,NOT_READY,,1000.0,0.0,0.0,,{},,{},1000.0,0.0,1000.0,Strategy not ready,,,,,,,1000,0,1000,0
2024-07-06 12:00:00,138.74,139.2,137.8,138.79,125931.577,4.3e-05,26,0.0,0.0,NOT_READY,,1000.0,0.0,0.0,,{},,{},1000.0,0.0,1000.0,Strategy not ready,,,,,,,1000,0,1000,0
2024-07-06 13:00:00,138.79,140.47,138.21,139.38,99637.402,4.3e-05,26,0.0,0.0,NOT_READY,,1000.0,0.0,0.0,,{},,{},1000.0,0.0,1000.0,Strategy not ready,,,,,,,1000,0,1000,0
2024-07-06 14:00:00,139.38,140.17,138.22,139.82,128285.845,4.3e-05,26,0.0,0.0,NOT_READY,,1000.0,0.0,0.0,,{},,{},1000.0,0.0,1000.0,Strategy not ready,,,,,,,1000,0,1000,0
2024-07-06 15:00:00,139.83,142.15,139.26,141.88,200579.432,4.3e-05,26,0.0,0.0,NOT_READY,,1000.0,0.0,0.0,,{},,{},1000.0,0.0,1000.0,Strategy not ready,,,,,,,1000,0,1000,0
2024-07-06 16:00:00,141.88,143.54,140.72,142.52,185859.043,-0.00013,26,0.0,0.0,NOT_READY,,1000.0,0.0,0.0,,{},,{},1000.0,0.0,1000.0,Strategy not ready,,,,,,,1000,0,1000,0
2024-07-06 17:00:00,142.52,143.03,141.8,142.44,98065.004,-0.00013,26,0.0,0.0,NOT_READY,,1000.0,0.0,0.0,,{},,{},1000.0,0.0,1000.0,Strategy not ready,,,,,,,1000,0,1000,0
2024-07-06 18:00:00,142.44,142.66,141.71,142.46,78584.457,-0.00013,26,0.0,0.0,NOT_READY,,1000.0,0.0,0.0,,{},,{},1000.0,0.0,1000.0,Strategy not ready,,,,,,,1000,0,1000,0
2024-07-06 19:00:00,142.46,143.1,142.05,142.82,51973.241,-0.00013,26,0.0,0.0,NOT_READY,,1000.0,0.0,0.0,,{},,{},1000.0,0.0,1000.0,Strategy not ready,,,,,,,1000,0,1000,0
2024-07-06 20:00:00,142.82,143.8,142.17,142.53,84291.657,-0.00013,26,0.0,0.0,NOT_READY,,1000.0,0.0,0.0,,{},,{},1000.0,0.0,1000.0,Strategy not ready,,,,,,,1000,0,1000,0
2024-07-06 21:00:00,142.53,144.35,142.53,143.04,90416.176,-0.00013,26,0.0,0.0,NOT_READY,,1000.0,0.0,0.0,,{},,{},1000.0,0.0,1000.0,Strategy not ready,,,,,,,1000,0,1000,0
2024-07-06 22:00:00,143.04,144.03,142.94,143.87,62762.008,-0.00013,26,0.0,0.0,NOT_READY,,1000.0,0.0,0.0,,{},,{},1000.0,0.0,1000.0,Strategy not ready,,,,,,,1000,0,1000,0
2024-07-06 23:00:00,143.88,144.12,142.72,143.05,78434.954,-0.00013,26,0.0,0.0,NOT_READY,,1000.0,0.0,0.0,,{},,{},1000.0,0.0,1000.0,Strategy not ready,,,,,,,1000,0,1000,0
2024-07-07 00:00:00,143.05,143.33,141.05,141.23,112849.731,-0.00013,29,0.0,0.0,NOT_READY,,1000.0,0.0,0.0,,{},,{},1000.0,0.0,1000.0,Strategy not ready,,,,,,,1000,0,1000,0
2024-07-07 01:00:00,141.22,141.66,140.29,141.16,152534.811,4e-06,29,0.0,0.0,NOT_READY,,1000.0,0.0,0.0,,{},,{},1000.0,0.0,1000.0,Strategy not ready,,,,,,,1000,0,1000,0
2024-07-07 02:00:00,141.16,143.03,141.12,142.6,83541.177,4e-06,29,0.0,0.0,NOT_READY,,1000.0,0.0,0.0,,{},,{},1000.0,0.0,1000.0,Strategy not ready,,,,,,,1000,0,1000,0
2024-07-07 03:00:00,142.61,142.63,140.77,142.12,78808.964,4e-06,29,0.0,0.0,NOT_READY,,1000.0,0.0,0.0,,{},,{},1000.0,0.0,1000.0,Strategy not ready,,,,,,,1000,0,1000,0
2024-07-07 04:00:00,142.11,142.11,139.24,139.49,189038.861,4e-06,29,0.0,0.0,NOT_READY,,1000.0,0.0,0.0,,{},,{},1000.0,0.0,1000.0,Strategy not ready,,,,,,,1000,0,1000,0
2024-07-07 05:00:00,139.48,140.44,138.61,140.14,162062.456,4e-06,29,0.0,0.0,NOT_READY,,1000.0,0.0,0.0,,{},,{},1000.0,0.0,1000.0,Strategy not ready,,,,,,,1000,0,1000,0
2024-07-07 06:00:00,140.14,140.99,139.6,139.78,56836.214,4e-06,29,0.0,0.0,NOT_READY,,1000.0,0.0,0.0,,{},,{},1000.0,0.0,1000.0,Strategy not ready,,,,,,,1000,0,1000,0
2024-07-07 07:00:00,139.79,140.53,138.06,139.09,123902.149,4e-06,29,0.0,0.0,NOT_READY,,1000.0,0.0,0.0,,{},,{},1000.0,0.0,1000.0,Strategy not ready,,,,,,,1000,0,1000,0
2024-07-07 08:00:00,139.09,139.7,138.75,139.48,60268.849,0.0001,29,0.0,0.0,NOT_READY,,1000.0,0.0,0.0,,{},,{},1000.0,0.0,1000.0,Strategy not ready,,,,,,,1000,0,1000,0
2024-07-07 09:00:00,139.48,140.44,139.14,139.95,48805.598,0.0001,29,0.0,0.0,NOT_READY,,1000.0,0.0,0.0,,{},,{},1000.0,0.0,1000.0,Strategy not ready,,,,,,,1000,0,1000,0
2024-07-07 10:00:00,139.94,140.68,139.17,139.66,67907.346,0.0001,29,0.0,0.0,NOT_READY,,1000.0,0.0,0.0,,{},,{},1000.0,0.0,1000.0,Strategy not ready,,,,,,,1000,0,1000,0
2024-07-07 11:00:00,139.66,140.17,139.15,139.89,43923.761,0.0001,29,0.0,0.0,NOT_READY,,1000.0,0.0,0.0,,{},,{},1000.0,0.0,1000.0,Strategy not ready,,,,,,,1000,0,1000,0
2024-07-07 12:00:00,139.88,140.8,138.67,139.71,69025.982,0.0001,29,0.0,0.0,NOT_READY,,1000.0,0.0,0.0,,{},,{},1000.0,0.0,1000.0,Strategy not ready,,,,,,,1000,0,1000,0
2024-07-07 13:00:00,139.71,139.72,136.35,136.79,208637.668,0.0001,29,0.0,0.0,NOT_READY,,1000.0,0.0,0.0,,{},,{},1000.0,0.0,1000.0,Strategy not ready,,,,,,,1000,0,1000,0
2024-07-07 14:00:00,136.79,137.18,135.47,136.97,190976.145,0.0001,29,0.0,0.0,NOT_READY,,1000.0,0.0,0.0,,{},,{},1000.0,0.0,1000.0,Strategy not ready,,,,,,,1000,0,1000,0
2024-07-07 15:00:00,136.98,138.13,136.4,137.07,99790.976,0.0001,29,0.0,0.0,NOT_READY,,1000.0,0.0,0.0,,{},,{},1000.0,0.0,1000.0,Strategy not ready,,,,,,,1000,0,1000,0
2024-07-07 16:00:00,137.08,138.77,136.76,138.36,121299.894,0.0001,29,0.0,0.0,NOT_READY,,1000.0,0.0,0.0,,{},,{},1000.0,0.0,1000.0,Strategy not ready,,,,,,,1000,0,1000,0
2024-07-07 17:00:00,138.37,138.91,137.2,138.71,53122.961,0.0001,29,0.0,0.0,NOT_READY,,1000.0,0.0,0.0,,{},,{},1000.0,0.0,1000.0,Strategy not ready,,,,,,,1000,0,1000,0
2024-07-07 18:00:00,138.72,139.6,137.82,138.0,71777.829,0.0001,29,0.0,0.0,NOT_READY,,1000.0,0.0,0.0,,{},,{},1000.0,0.0,1000.0,Strategy not ready,,,,,,,1000,0,1000,0
2024-07-07 19:00:00,138.0,138.38,137.1,137.33,42142.273,0.0001,29,0.0,0.0,NOT_READY,,1000.0,0.0,0.0,,{},,{},1000.0,0.0,1000.0,Strategy not ready,,,,,,,1000,0,1000,0
2024-07-07 20:00:00,137.33,137.85,136.44,136.86,73677.099,0.0001,29,0.0,0.0,NOT_READY,,1000.0,0.0,0.0,,{},,{},1000.0,0.0,1000.0,Strategy not ready,,,,,,,1000,0,1000,0
2024-07-07 21:00:00,136.86,136.9,133.65,134.27,174686.746,0.0001,29,0.0,0.0,NOT_READY,,1000.0,0.0,0.0,,{},,{},1000.0,0.0,1000.0,Strategy not ready,,,,,,,1000,0,1000,0
2024-07-07 22:00:00,134.27,135.2,133.04,133.05,121272.56,0.0001,29,0.0,0.0,NOT_READY,,1000.0,0.0,0.0,,{},,{},1000.0,0.0,1000.0,Strategy not ready,,,,,,,1000,0,1000,0
2024-07-07 23:00:00,133.04,133.8,131.23,131.64,183915.319,0.0001,29,0.0,0.0,NOT_READY,,1000.0,0.0,0.0,,{},,{},1000.0,0.0,1000.0,Strategy not ready,,,,,,,1000,0,1000,0
2024-07-08 00:00:00,131.64,132.97,128.75,129.14,341570.725,0.0001,28,0.0,0.0,NOT_READY,,1000.0,0.0,0.0,,{},,{},1000.0,0.0,1000.0,Strategy not ready,,,,,,,1000,0,1000,0
2024-07-08 01:00:00,129.14,129.88,127.77,129.72,360782.202,0.0001,28,0.0,0.0,NOT_READY,,1000.0,0.0,0.0,,{},,{},1000.0,0.0,1000.0,Strategy not ready,,,,,,,1000,0,1000,0
2024-07-08 02:00:00,129.72,132.19,128.54,131.01,365000.143,0.0001,28,0.0,0.0,NOT_READY,,1000.0,0.0,0.0,,{},,{},1000.0,0.0,1000.0,Strategy not ready,,,,,,,1000,0,1000,0
2024-07-08 03:00:00,131.01,132.08,130.1,130.71,129084.117,0.0001,28,0.0,0.0,NOT_READY,,1000.0,0.0,0.0,,{},,{},1000.0,0.0,1000.0,Strategy not ready,,,,,,,1000,0,1000,0
2024-07-08 04:00:00,130.7,133.5,129.88,133.11,165080.945,0.0001,28,0.0,0.0,NOT_READY,,1000.0,0.0,0.0,,{},,{},1000.0,0.0,1000.0,Strategy not ready,,,,,,,1000,0,1000,0
2024-07-08 05:00:00,133.12,134.01,131.93,132.81,135269.201,0.0001,28,0.0,0.0,NOT_READY,,1000.0,0.0,0.0,,{},,{},1000.0,0.0,1000.0,Strategy not ready,,,,,,,1000,0,1000,0
2024-07-08 06:00:00,132.81,133.73,132.03,132.58,146040.791,0.0001,28,0.0,0.0,NOT_READY,,1000.0,0.0,0.0,,{},,{},1000.0,0.0,1000.0,Strategy not ready,,,,,,,1000,0,1000,0
2024-07-08 07:00:00,132.59,132.96,131.6,132.59,85402.306,0.0001,28,0.0,0.0,NOT_READY,,1000.0,0.0,0.0,,{},,{},1000.0,0.0,1000.0,Strategy not ready,,,,,,,1000,0,1000,0
2024-07-08 08:00:00,132.6,140.66,132.35,140.55,635180.334,-5.6e-05,28,0.0,0.0,NOT_READY,,1000.0,0.0,0.0,,{},,{},1000.0,0.0,1000.0,Strategy not ready,,,,,,,1000,0,1000,0
2024-07-08 09:00:00,140.54,142.0,138.81,139.68,366156.093,-5.6e-05,28,0.0,0.0,NOT_READY,,1000.0,0.0,0.0,,{},,{},1000.0,0.0,1000.0,Strategy not ready,,,,,,,1000,0,1000,0
2024-07-08 10:00:00,139.68,140.96,137.82,138.43,233075.227,-5.6e-05,28,0.0,0.0,NOT_READY,,1000.0,0.0,0.0,,{},,{},1000.0,0.0,1000.0,Strategy not ready,,,,,,,1000,0,1000,0
2024-07-08 11:00:00,138.43,141.88,138.3,140.61,223517.019,-5.6e-05,28,0.0,0.0,NOT_READY,,1000.0,0.0,0.0,,{},,{},1000.0,0.0,1000.0,Strategy not ready,,,,,,,1000,0,1000,0
2024-07-08 12:00:00,140.6,141.99,139.37,140.54,222735.183,-5.6e-05,28,0.0,0.0,NOT_READY,,1000.0,0.0,0.0,,{},,{},1000.0,0.0,1000.0,Strategy not ready,,,,,,,1000,0,1000,0
2024-07-08 13:00:00,140.55,141.48,139.74,140.76,186289.023,-5.6e-05,28,0.0,0.0,NOT_READY,,1000.0,0.0,0.0,,{},,{},1000.0,0.0,1000.0,Strategy not ready,,,,,,,1000,0,1000,0
2024-07-08 14:00:00,140.76,141.61,133.53,138.27,788260.223,-5.6e-05,28,0.0,0.0,NOT_READY,,1000.0,0.0,0.0,,{},,{},1000.0,0.0,1000.0,Strategy not ready,,,,,,,1000,0,1000,0
2024-07-08 15:00:00,138.28,140.0,136.66,137.43,301982.335,-5.6e-05,28,0.0,0.0,NOT_READY,,1000.0,0.0,0.0,,{},,{},1000.0,0.0,1000.0,Strategy not ready,,,,,,,1000,0,1000,0
2024-07-08 16:00:00,137.44,138.61,135.0,136.57,205711.429,0.0001,28,0.0,0.0,NOT_READY,,1000.0,0.0,0.0,,{},,{},1000.0,0.0,1000.0,Strategy not ready,,,,,,,1000,0,1000,0
2024-07-08 17:00:00,136.56,137.89,135.7,137.02,157630.841,0.0001,28,0.0,0.0,NOT_READY,,1000.0,0.0,0.0,,{},,{},1000.0,0.0,1000.0,Strategy not ready,,,,,,,1000,0,1000,0
2024-07-08 18:00:00,137.01,138.18,136.37,137.83,94923.326,0.0001,28,0.0,0.0,NOT_READY,,1000.0,0.0,0.0,,{},,{},1000.0,0.0,1000.0,Strategy not ready,,,,,,,1000,0,1000,0
2024-07-08 19:00:00,137.82,138.49,137.12,138.29,64171.867,0.0001,28,0.0,0.0,NOT_READY,,1000.0,0.0,0.0,,{},,{},1000.0,0.0,1000.0,Strategy not ready,,,,,,,1000,0,1000,0
2024-07-08 20:00:00,138.3,141.0,137.2,138.65,183181.514,0.0001,28,0.0,0.0,NOT_READY,,1000.0,0.0,0.0,,{},,{},1000.0,0.0,1000.0,Strategy not ready,,,,,,,1000,0,1000,0
2024-07-08 21:00:00,138.66,141.0,138.37,140.06,147661.034,0.0001,28,0.0,0.0,NOT_READY,,1000.0,0.0,0.0,,{},,{},1000.0,0.0,1000.0,Strategy not ready,,,,,,,1000,0,1000,0
2024-07-08 22:00:00,140.06,141.0,139.64,140.3,83133.336,0.0001,28,0.0,0.0,NOT_READY,,1000.0,0.0,0.0,,{},,{},1000.0,0.0,1000.0,Strategy not ready,,,,,,,1000,0,1000,0
2024-07-08 23:00:00,140.3,140.56,139.02,139.81,86518.794,0.0001,28,0.0,0.0,NOT_READY,,1000.0,0.0,0.0,,{},,{},1000.0,0.0,1000.0,Strategy not ready,,,,,,,1000,0,1000,0
2024-07-09 00:00:00,139.81,139.84,137.9,138.25,119686.869,0.0001,27,0.0,0.0,NOT_READY,,1000.0,0.0,0.0,,{},,{},1000.0,0.0,1000.0,Strategy not ready,,,,,,,1000,0,1000,0
2024-07-09 01:00:00,138.26,141.2,137.0,137.22,230160.945,0.0001,27,0.0,0.0,NOT_READY,,1000.0,0.0,0.0,,{},,{},1000.0,0.0,1000.0,Strategy not ready,,,,,,,1000,0,1000,0
2024-07-09 02:00:00,137.22,139.99,136.45,139.78,169690.878,0.0001,27,0.0,0.0,NOT_READY,,1000.0,0.0,0.0,,{},,{},1000.0,0.0,1000.0,Strategy not ready,,,,,,,1000,0,1000,0
2024-07-09 03:00:00,139.77,140.79,138.56,140.44,113841.879,0.0001,27,0.0,0.0,NOT_READY,,1000.0,0.0,0.0,,{},,{},1000.0,0.0,1000.0,Strategy not ready,,,,,,,1000,0,1000,0
2024-07-09 04:00:00,140.44,141.77,140.06,140.77,173083.335,0.0001,27,0.0,0.0,NOT_READY,,1000.0,0.0,0.0,,{},,{},1000.0,0.0,1000.0,Strategy not ready,,,,,,,1000,0,1000,0
2024-07-09 05:00:00,140.77,141.6,140.45,141.56,130112.832,0.0001,27,0.0,0.0,NOT_READY,,1000.0,0.0,0.0,,{},,{},1000.0,0.0,1000.0,Strategy not ready,,,,,,,1000,0,1000,0
2024-07-09 06:00:00,141.55,143.45,140.99,142.66,189336.178,0.0001,27,0.0,0.0,NOT_READY,,1000.0,0.0,0.0,,{},,{},1000.0,0.0,1000.0,Strategy not ready,,,,,,,1000,0,1000,0
2024-07-09 07:00:00,142.66,143.42,141.83,142.12,193741.834,0.0001,27,0.0,0.0,NOT_READY,,1000.0,0.0,0.0,,{},,{},1000.0,0.0,1000.0,Strategy not ready,,,,,,,1000,0,1000,0
2024-07-09 08:00:00,142.13,144.33,141.46,142.53,203445.263,0.0001,27,0.0,0.0,NOT_READY,,1000.0,0.0,0.0,,{},,{},1000.0,0.0,1000.0,Strategy not ready,,,,,,,1000,0,1000,0
2024-07-09 09:00:00,142.54,143.25,141.71,141.74,174239.966,5.6e-05,27,0.0,0.0,NOT_READY,,1000.0,0.0,0.0,,{},,{},1000.0,0.0,1000.0,Strategy not ready,,,,,,,1000,0,1000,0
2024-07-09 10:00:00,141.75,142.23,140.8,141.43,158304.175,5.6e-05,27,0.0,0.0,NOT_READY,,1000.0,0.0,0.0,,{},,{},1000.0,0.0,1000.0,Strategy not ready,,,,,,,1000,0,1000,0
2024-07-09 11:00:00,141.43,142.14,140.19,141.92,212635.93,5.6e-05,27,0.0,0.0,NOT_READY,,1000.0,0.0,0.0,,{},,{},1000.0,0.0,1000.0,Strategy not ready,,,,,,,1000,0,1000,0
2024-07-09 12:00:00,141.92,142.33,140.83,141.02,68993.048,5.6e-05,27,0.0,0.0,NOT_READY,,1000.0,0.0,0.0,,{},,{},1000.0,0.0,1000.0,Strategy not ready,,,,,,,1000,0,1000,0
2024-07-09 13:00:00,141.02,141.5,139.65,140.64,100921.681,5.6e-05,27,0.0,0.0,NOT_READY,,1000.0,0.0,0.0,,{},,{},1000.0,0.0,1000.0,Strategy not ready,,,,,,,1000,0,1000,0
2024-07-09 14:00:00,140.65,143.08,138.91,138.98,229343.937,5.6e-05,27,0.0,0.0,NOT_READY,,1000.0,0.0,0.0,,{},,{},1000.0,0.0,1000.0,Strategy not ready,,,,,,,1000,0,1000,0
2024-07-09 15:00:00,138.97,140.67,138.61,140.52,156397.033,5.6e-05,27,0.0,0.0,NOT_READY,,1000.0,0.0,0.0,,{},,{},1000.0,0.0,1000.0,Strategy not ready,,,,,,,1000,0,1000,0
2024-07-09 16:00:00,140.52,142.67,140.08,142.61,161877.451,4.2e-05,27,0.0,0.0,unknown,,1000.0,0.0,0.0,,{},,{},1000.0,0.0,1000.0,,unknown,0.0,1.0,1.0,{},0.0879,1000,0,1000,0
2024-07-09 17:00:00,142.6,143.13,140.95,141.42,119690.657,4.2e-05,27,0.0,0.0,unknown,,1000.0,0.0,0.0,,{},,{},1000.0,0.0,1000.0,,unknown,0.0,1.0,2.0,{},0.0962,1000,0,1000,0
2024-07-09 18:00:00,141.43,143.05,141.03,142.6,104000.106,4.2e-05,27,0.0,0.0,unknown,,1000.0,0.0,0.0,,{},,{},1000.0,0.0,1000.0,,unknown,0.0,1.0,3.0,{},0.1001,1000,0,1000,0
2024-07-09 19:00:00,142.6,142.71,141.71,142.12,58643.045,4.2e-05,27,0.0,0.0,unknown,,1000.0,0.0,0.0,,{},,{},1000.0,0.0,1000.0,,unknown,0.0,1.0,4.0,{},0.0972,1000,0,1000,0
2024-07-09 20:00:00,142.13,143.54,141.93,142.62,71535.162,4.2e-05,27,0.0,0.0,unknown,,1000.0,0.0,0.0,,{},,{},1000.0,0.0,1000.0,,unknown,0.0,1.0,5.0,{},0.0951,1000,0,1000,0
2024-07-09 21:00:00,142.62,143.36,141.82,142.02,64787.895,4.2e-05,27,0.0,0.0,unknown,,1000.0,0.0,0.0,,{},,{},1000.0,0.0,1000.0,,unknown,0.0,1.0,6.0,{},0.0764,1000,0,1000,0
2024-07-09 22:00:00,142.03,142.49,140.85,141.34,88401.212,4.2e-05,27,0.0,0.0,unknown,,1000.0,0.0,0.0,,{},,{},1000.0,0.0,1000.0,,unknown,0.0,1.0,7.0,{},0.0584,1000,0,1000,0
2024-07-09 23:00:00,141.34,142.0,141.0,141.42,70802.295,4.2e-05,27,0.0,0.0,unknown,,1000.0,0.0,0.0,,{},,{},1000.0,0.0,1000.0,,unknown,0.0,1.0,8.0,{},0.0516,1000,0,1000,0
2024-07-10 00:00:00,141.43,141.46,139.09,139.15,111893.012,8.8e-05,28,0.0,0.0,unknown,,1000.0,0.0,0.0,,{},,{},1000.0,0.0,1000.0,,unknown,0.0,1.0,9.0,{},0.0406,1000,0,1000,0
2024-07-10 01:00:00,139.15,140.73,138.6,140.26,95324.572,8.8e-05,28,0.0,0.0,unknown,,1000.0,0.0,0.0,,{},,{},1000.0,0.0,1000.0,,unknown,0.0,1.0,10.0,{},0.0498,1000,0,1000,0
2024-07-10 02:00:00,140.26,141.14,139.42,141.03,59465.785,8.8e-05,28,0.0,0.0,unknown,,1000.0,0.0,0.0,,{},,{},1000.0,0.0,1000.0,,unknown,0.0,1.0,11.0,{},0.0433,1000,0,1000,0
2024-07-10 03:00:00,141.04,141.81,140.7,141.73,49422.053,8.8e-05,28,0.0,0.0,unknown,,1000.0,0.0,0.0,,{},,{},1000.0,0.0,1000.0,,unknown,0.0,1.0,12.0,{},0.039,1000,0,1000,0
2024-07-10 04:00:00,141.73,145.65,141.69,145.22,351268.849,8.8e-05,28,0.0,0.0,unknown,,1000.0,0.0,0.0,,{},,{},1000.0,0.0,1000.0,,unknown,0.0,1.0,13.0,{},0.0549,1000,0,1000,0
2024-07-10 05:00:00,145.21,146.2,143.78,144.0,196604.709,8.8e-05,28,0.0,0.0,unknown,,1000.0,0.0,0.0,,{},,{},1000.0,0.0,1000.0,,unknown,0.0,1.0,14.0,{},0.0539,1000,0,1000,0
2024-07-10 06:00:00,144.01,145.07,143.41,144.89,105596.954,8.8e-05,28,0.0,0.0,unknown,,1000.0,0.0,0.0,,{},,{},1000.0,0.0,1000.0,,unknown,0.0,1.0,15.0,{},0.0518,1000,0,1000,0
2024-07-10 07:00:00,144.89,145.04,143.28,144.17,78649.734,8.8e-05,28,0.0,0.0,unknown,,1000.0,0.0,0.0,,{},,{},1000.0,0.0,1000.0,,unknown,0.0,1.0,16.0,{},0.0487,1000,0,1000,0
2024-07-10 08:00:00,144.17,144.5,143.31,143.96,98612.796,9e-05,28,0.0,0.0,unknown,,1000.0,0.0,0.0,,{},,{},1000.0,0.0,1000.0,,unknown,0.0,1.0,17.0,{},0.0426,1000,0,1000,0
2024-07-10 09:00:00,143.96,144.0,142.4,143.08,89763.533,9e-05,28,0.0,0.0,unknown,,1000.0,0.0,0.0,,{},,{},1000.0,0.0,1000.0,,unknown,0.0,1.0,18.0,{},0.0378,1000,0,1000,0
2024-07-10 10:00:00,143.09,143.96,143.0,143.92,58174.99,9e-05,28,0.0,0.0,unknown,,1000.0,0.0,0.0,,{},,{},1000.0,0.0,1000.0,,unknown,0.0,1.0,19.0,{},0.0423,1000,0,1000,0
2024-07-10 11:00:00,143.91,144.0,142.27,142.79,86962.207,9e-05,28,0.0,0.0,unknown,,1000.0,0.0,0.0,,{},,{},1000.0,0.0,1000.0,,unknown,0.0,1.0,20.0,{},0.0337,1000,0,1000,0
2024-07-10 12:00:00,142.79,143.17,140.57,142.07,423609.894,9e-05,28,0.0,0.0,unknown,,1000.0,0.0,0.0,,{},,{},1000.0,0.0,1000.0,,unknown,0.0,1.0,21.0,{},0.0294,1000,0,1000,0
2024-07-10 13:00:00,142.06,142.93,141.05,141.8,222800.17,9e-05,28,0.0,0.0,unknown,,1000.0,0.0,0.0,,{},,{},1000.0,0.0,1000.0,,unknown,0.0,1.0,22.0,{},0.0276,1000,0,1000,0
2024-07-10 14:00:00,141.8,142.52,140.09,140.81,119586.079,9e-05,28,0.0,0.0,unknown,,1000.0,0.0,0.0,,{},,{},1000.0,0.0,1000.0,,unknown,0.0,1.0,23.0,{},0.0302,1000,0,1000,0
2024-07-10 15:00:00,140.81,141.81,139.97,141.18,127126.785,9e-05,28,0.0,0.0,unknown,,1000.0,0.0,0.0,,{},,{},1000.0,0.0,1000.0,,unknown,0.0,1.0,24.0,{},0.0251,1000,0,1000,0
2024-07-10 16:00:00,141.17,142.68,140.85,141.25,116618.306,7.4e-05,28,0.0,0.0,unknown,,1000.0,0.0,0.0,,{},,{},1000.0,0.0,1000.0,,unknown,0.0,1.0,25.0,{},0.0272,1000,0,1000,0
2024-07-10 17:00:00,141.24,141.27,140.31,141.02,59914.727,7.4e-05,28,0.0,0.0,unknown,,1000.0,0.0,0.0,,{},,{},1000.0,0.0,1000.0,,unknown,0.0,1.0,26.0,{},0.0214,1000,0,1000,0
2024-07-10 18:00:00,141.03,141.61,140.52,140.86,36080.393,7.4e-05,28,0.0,0.0,unknown,,1000.0,0.0,0.0,,{},,{},1000.0,0.0,1000.0,,unknown,0.0,1.0,27.0,{},0.0294,1000,0,1000,0
2024-07-10 19:00:00,140.86,141.44,140.31,141.07,33240.311,7.4e-05,28,0.0,0.0,unknown,,1000.0,0.0,0.0,,{},,{},1000.0,0.0,1000.0,,unknown,0.0,1.0,28.0,{},0.0291,1000,0,1000,0
2024-07-10 20:00:00,141.08,141.58,140.59,140.88,51457.197,7.4e-05,28,0.0,0.0,unknown,,1000.0,0.0,0.0,,{},,{},1000.0,0.0,1000.0,,unknown,0.0,1.0,29.0,{},0.0346,1000,0,1000,0
2024-07-10 21:00:00,140.88,141.29,140.21,141.18,45113.813,7.4e-05,28,0.0,0.0,unknown,,1000.0,0.0,0.0,,{},,{},1000.0,0.0,1000.0,,unknown,0.0,1.0,30.0,{},0.0303,1000,0,1000,0
2024-07-10 22:00:00,141.19,142.0,141.11,141.57,46030.083,7.4e-05,28,0.0,0.0,unknown,,1000.0,0.0,0.0,,{},,{},1000.0,0.0,1000.0,,unknown,0.0,1.0,31.0,{},0.022,1000,0,1000,0
2024-07-10 23:00:00,141.56,142.47,141.26,141.98,37508.941,7.4e-05,28,0.0,0.0,unknown,,1000.0,0.0,0.0,,{},,{},1000.0,0.0,1000.0,,unknown,0.0,1.0,32.0,{},0.0194,1000,0,1000,0
2024-07-11 00:00:00,141.99,141.99,140.38,141.71,52293.194,7.4e-05,29,0.0,0.0,unknown,,1000.0,0.0,0.0,,{},,{},1000.0,0.0,1000.0,,unknown,0.0,1.0,33.0,{},0.038,1000,0,1000,0
2024-07-11 01:00:00,141.72,143.17,140.83,142.81,87426.859,0.0001,29,0.0,0.0,unknown,,1000.0,0.0,0.0,,{},,{},1000.0,0.0,1000.0,,unknown,0.0,1.0,34.0,{},0.0502,1000,0,1000,0
2024-07-11 02:00:00,142.81,143.23,141.7,141.74,83844.117,0.0001,29,0.0,0.0,unknown,,1000.0,0.0,0.0,,{},,{},1000.0,0.0,1000.0,,unknown,0.0,1.0,35.0,{},0.0401,1000,0,1000,0
2024-07-11 03:00:00,141.73,141.9,139.08,140.3,149025.273,0.0001,29,0.0,0.0,unknown,,1000.0,0.0,0.0,,{},,{},1000.0,0.0,1000.0,,unknown,0.0,1.0,36.0,{},0.0396,1000,0,1000,0
2024-07-11 04:00:00,140.31,140.96,140.1,140.62,73238.575,0.0001,29,0.0,0.0,unknown,,1000.0,0.0,0.0,,{},,{},1000.0,0.0,1000.0,,unknown,0.0,1.0,37.0,{},0.0788,1000,0,1000,0
2024-07-11 05:00:00,140.62,141.34,140.2,141.18,86572.629,0.0001,29,0.0,0.0,unknown,,1000.0,0.0,0.0,,{},,{},1000.0,0.0,1000.0,,unknown,0.0,1.0,38.0,{},0.0855,1000,0,1000,0
2024-07-11 06:00:00,141.17,141.78,140.81,141.49,53851.541,0.0001,29,0.0,0.0,unknown,,1000.0,0.0,0.0,,{},,{},1000.0,0.0,1000.0,,unknown,0.0,1.0,39.0,{},0.1001,1000,0,1000,0
2024-07-11 07:00:00,141.48,142.53,141.1,142.1,103262.652,0.0001,29,0.0,0.0,unknown,,1000.0,0.0,0.0,,{},,{},1000.0,0.0,1000.0,,unknown,0.0,1.0,40.0,{},0.0923,1000,0,1000,0
2024-07-11 08:00:00,142.1,142.94,142.1,142.49,102042.169,0.0001,29,0.0,0.0,unknown,,1000.0,0.0,0.0,,{},,{},1000.0,0.0,1000.0,,unknown,0.0,1.0,41.0,{},0.082,1000,0,1000,0
2024-07-11 09:00:00,142.49,142.95,142.31,142.71,58922.611,2.2e-05,29,0.0,0.0,unknown,,1000.0,0.0,0.0,,{},,{},1000.0,0.0,1000.0,,unknown,0.0,1.0,42.0,{},0.0599,1000,0,1000,0
2024-07-11 10:00:00,142.71,143.1,142.13,142.99,131162.822,2.2e-05,29,0.0,0.0,unknown,,1000.0,0.0,0.0,,{},,{},1000.0,0.0,1000.0,,unknown,0.0,1.0,43.0,{},0.0531,1000,0,1000,0
2024-07-11 11:00:00,143.0,143.98,142.95,143.52,96135.087,2.2e-05,29,0.0,0.0,unknown,,1000.0,0.0,0.0,,{},,{},1000.0,0.0,1000.0,,unknown,0.0,1.0,44.0,{},0.0458,1000,0,1000,0
2024-07-11 12:00:00,143.52,146.1,142.76,143.72,435445.554,2.2e-05,29,0.0,0.0,unknown,,1000.0,0.0,0.0,,{},,{},1000.0,0.0,1000.0,,unknown,0.0,1.0,45.0,{},0.0556,1000,0,1000,0
2024-07-11 13:00:00,143.72,143.84,141.89,142.36,216049.303,2.2e-05,29,0.0,0.0,unknown,,1000.0,0.0,0.0,,{},,{},1000.0,0.0,1000.0,,unknown,0.0,1.0,46.0,{},0.0444,1000,0,1000,0
2024-07-11 14:00:00,142.35,142.64,140.0,140.79,213199.975,2.2e-05,29,0.0,0.0,unknown,,1000.0,0.0,0.0,,{},,{},1000.0,0.0,1000.0,,unknown,0.0,1.0,47.0,{},0.0298,1000,0,1000,0
2024-07-11 15:00:00,140.79,141.21,137.68,138.45,265350.771,2.2e-05,29,0.0,0.0,unknown,,1000.0,0.0,0.0,,{},,{},1000.0,0.0,1000.0,,unknown,0.0,1.0,48.0,{},0.0504,1000,0,1000,0
2024-07-11 16:00:00,138.44,138.97,137.35,138.29,162799.953,2.2e-05,29,0.0,0.0,unknown,,1000.0,0.0,0.0,,{},,{},1000.0,0.0,1000.0,,unknown,0.0,1.0,49.0,{},0.0683,1000,0,1000,0
2024-07-11 17:00:00,138.29,139.01,137.97,138.21,66711.867,-1.4e-05,29,0.0,0.0,unknown,,1000.0,0.0,0.0,,{},,{},1000.0,0.0,1000.0,,unknown,0.0,1.0,50.0,{},0.0837,1000,0,1000,0
2024-07-11 18:00:00,138.22,138.9,137.9,138.67,62126.102,-1.4e-05,29,0.0,0.0,unknown,,1000.0,0.0,0.0,,{},,{},1000.0,0.0,1000.0,,unknown,0.0,1.0,51.0,{},0.083,1000,0,1000,0
2024-07-11 19:00:00,138.67,138.78,136.4,136.57,263478.144,-1.4e-05,29,0.0,0.0,unknown,,1000.0,0.0,0.0,,{},,{},1000.0,0.0,1000.0,,unknown,0.0,1.0,52.0,{},0.1025,1000,0,1000,0
2024-07-11 20:00:00,136.55,137.43,135.64,136.97,343623.653,-1.4e-05,29,0.0,0.0,unknown,,1000.0,0.0,0.0,,{},,{},1000.0,0.0,1000.0,,unknown,0.0,1.0,53.0,{},0.1105,1000,0,1000,0
2024-07-11 21:00:00,136.97,137.64,135.9,136.68,78855.585,-1.4e-05,29,0.0,0.0,unknown,,1000.0,0.0,0.0,,{},,{},1000.0,0.0,1000.0,,unknown,0.0,1.0,54.0,{},0.1216,1000,0,1000,0
2024-07-11 22:00:00,136.68,137.16,135.94,136.77,93527.519,-1.4e-05,29,0.0,0.0,unknown,,1000.0,0.0,0.0,,{},,{},1000.0,0.0,1000.0,,unknown,0.0,1.0,55.0,{},0.1335,1000,0,1000,0
2024-07-11 23:00:00,136.77,137.01,135.71,135.73,84148.175,-1.4e-05,29,0.0,0.0,unknown,,1000.0,0.0,0.0,,{},,{},1000.0,0.0,1000.0,,unknown,0.0,1.0,56.0,{},0.1552,1000,0,1000,0
2024-07-12 00:00:00,135.73,137.2,135.42,135.84,135275.427,0.0001,25,0.0,0.0,unknown,,1000.0,0.0,0.0,,{},,{},1000.0,0.0,1000.0,,unknown,0.0,1.0,57.0,{},0.1662,1000,0,1000,0
2024-07-12 01:00:00,135.84,136.53,134.05,136.26,179012.574,0.0001,25,0.0,0.0,unknown,,1000.0,0.0,0.0,,{},,{},1000.0,0.0,1000.0,,unknown,0.0,1.0,58.0,{},0.1873,1000,0,1000,0
2024-07-12 02:00:00,136.26,138.19,135.78,137.99,198515.66,0.0001,25,0.0,0.0,unknown,,1000.0,0.0,0.0,,{},,{},1000.0,0.0,1000.0,,unknown,0.0,1.0,59.0,{},0.1595,1000,0,1000,0
2024-07-12 03:00:00,137.98,138.04,136.09,136.53,91466.724,0.0001,25,0.0,0.0,unknown,,1000.0,0.0,0.0,,{},,{},1000.0,0.0,1000.0,,unknown,0.0,1.0,60.0,{},0.139,1000,0,1000,0
2024-07-12 04:00:00,136.52,136.84,135.4,136.1,103735.261,0.0001,25,0.0,0.0,unknown,,1000.0,0.0,0.0,,{},,{},1000.0,0.0,1000.0,,unknown,0.0,1.0,61.0,{},0.1314,1000,0,1000,0
2024-07-12 05:00:00,136.1,136.31,135.06,135.58,114574.335,0.0001,25,0.0,0.0,unknown,,1000.0,0.0,0.0,,{},,{},1000.0,0.0,1000.0,,unknown,0.0,1.0,62.0,{},0.1313,1000,0,1000,0
2024-07-12 06:00:00,135.59,137.07,135.41,136.28,81514.396,0.0001,25,0.0,0.0,unknown,,1000.0,0.0,0.0,,{},,{},1000.0,0.0,1000.0,,unknown,0.0,1.0,63.0,{},0.1313,1000,0,1000,0
2024-07-12 07:00:00,136.29,136.79,134.11,135.41,142689.471,0.0001,25,0.0,0.0,unknown,,1000.0,0.0,0.0,,{},,{},1000.0,0.0,1000.0,,unknown,0.0,1.0,64.0,{},0.1435,1000,0,1000,0
2024-07-12 08:00:00,135.41,135.85,134.98,135.82,73516.184,4.6e-05,25,0.0,0.0,unknown,,1000.0,0.0,0.0,,{},,{},1000.0,0.0,1000.0,,unknown,0.0,1.0,65.0,{},0.1571,1000,0,1000,0
2024-07-12 09:00:00,135.82,135.93,134.27,134.7,168881.116,4.6e-05,25,0.0,0.0,unknown,,1000.0,0.0,0.0,,{},,{},1000.0,0.0,1000.0,,unknown,0.0,1.0,66.0,{},0.1676,1000,0,1000,0
2024-07-12 10:00:00,134.7,135.62,133.92,135.61,222195.844,4.6e-05,25,0.0,0.0,unknown,,1000.0,0.0,0.0,,{},,{},1000.0,0.0,1000.0,,unknown,0.0,1.0,67.0,{},0.167,1000,0,1000,0
2024-07-12 11:00:00,135.62,135.88,135.14,135.65,138940.908,4.6e-05,25,0.0,0.0,unknown,,1000.0,0.0,0.0,,{},,{},1000.0,0.0,1000.0,,unknown,0.0,1.0,68.0,{},0.1734,1000,0,1000,0
2024-07-12 12:00:00,135.65,136.9,135.44,136.76,240723.052,4.6e-05,25,0.0,0.0,unknown,,1000.0,0.0,0.0,,{},,{},1000.0,0.0,1000.0,,unknown,0.0,1.0,69.0,{},0.2366,1000,0,1000,0
2024-07-12 13:00:00,136.76,139.3,136.6,138.75,208563.785,4.6e-05,25,0.0,0.0,unknown,,1000.0,0.0,0.0,,{},,{},1000.0,0.0,1000.0,,unknown,0.0,1.0,70.0,{},0.1785,1000,0,1000,0
2024-07-12 14:00:00,138.76,139.17,137.68,137.9,150525.402,4.6e-05,25,0.0,0.0,unknown,,1000.0,0.0,0.0,,{},,{},1000.0,0.0,1000.0,,unknown,0.0,1.0,71.0,{},0.143,1000,0,1000,0
2024-07-12 15:00:00,137.89,139.36,137.78,138.85,116042.096,4.6e-05,25,0.0,0.0,unknown,,1000.0,0.0,0.0,,{},,{},1000.0,0.0,1000.0,,unknown,0.0,1.0,72.0,{},0.0935,1000,0,1000,0
2024-07-12 16:00:00,138.85,139.45,137.72,138.39,102998.003,-1.1e-05,25,0.0,0.0,unknown,,1000.0,0.0,0.0,,{},,{},1000.0,0.0,1000.0,,unknown,0.0,1.0,73.0,{},0.0561,1000,0,1000,0
2024-07-12 17:00:00,138.39,139.16,137.91,138.88,49745.946,-1.1e-05,25,0.0,0.0,unknown,,1000.0,0.0,0.0,,{},,{},1000.0,0.0,1000.0,,unknown,0.0,1.0,74.0,{},0.0433,1000,0,1000,0
2024-07-12 18:00:00,138.89,140.55,138.57,139.88,115011.886,-1.1e-05,25,0.0,0.0,unknown,,1000.0,0.0,0.0,,{},,{},1000.0,0.0,1000.0,,unknown,0.0,1.0,75.0,{},0.0406,1000,0,1000,0
2024-07-12 19:00:00,139.87,140.11,138.39,138.49,85468.113,-1.1e-05,25,0.0,0.0,unknown,,1000.0,0.0,0.0,,{},,{},1000.0,0.0,1000.0,,unknown,0.0,1.0,76.0,{},0.0435,1000,0,1000,0
2024-07-12 20:00:00,138.49,138.65,136.66,138.07,92939.268,-1.1e-05,25,0.0,0.0,unknown,,1000.0,0.0,0.0,,{},,{},1000.0,0.0,1000.0,,unknown,0.0,1.0,77.0,{},0.0375,1000,0,1000,0
2024-07-12 21:00:00,138.06,138.28,137.54,138.19,39623.381,-1.1e-05,25,0.0,0.0,unknown,,1000.0,0.0,0.0,,{},,{},1000.0,0.0,1000.0,,unknown,0.0,1.0,78.0,{},0.037,1000,0,1000,0
2024-07-12 22:00:00,138.18,138.8,137.97,138.78,39750.382,-1.1e-05,25,0.0,0.0,unknown,,1000.0,0.0,0.0,,{},,{},1000.0,0.0,1000.0,,unknown,0.0,1.0,79.0,{},0.0402,1000,0,1000,0
2024-07-12 23:00:00,138.78,139.53,138.53,139.46,37819.217,-1.1e-05,25,0.0,0.0,unknown,,1000.0,0.0,0.0,,{},,{},1000.0,0.0,1000.0,,unknown,0.0,1.0,80.0,{},0.057,1000,0,1000,0
2024-07-13 00:00:00,139.47,139.5,138.63,139.03,61193.549,1.7e-05,25,0.0,0.0,unknown,,1000.0,0.0,0.0,,{},,{},1000.0,0.0,1000.0,,unknown,0.0,1.0,81.0,{},0.0631,1000,0,1000,0
2024-07-13 01:00:00,139.03,139.97,138.84,139.1,53079.26,1.7e-05,25,0.0,0.0,unknown,,1000.0,0.0,0.0,,{},,{},1000.0,0.0,1000.0,,unknown,0.0,1.0,82.0,{},0.0648,1000,0,1000,0
2024-07-13 02:00:00,139.1,139.17,138.28,139.01,26941.988,1.7e-05,25,0.0,0.0,unknown,,1000.0,0.0,0.0,,{},,{},1000.0,0.0,1000.0,,unknown,0.0,1.0,83.0,{},0.0509,1000,0,1000,0
2024-07-13 03:00:00,139.0,139.32,138.7,138.75,37513.264,1.7e-05,25,0.0,0.0,unknown,,1000.0,0.0,0.0,,{},,{},1000.0,0.0,1000.0,,unknown,0.0,1.0,84.0,{},0.0539,1000,0,1000,0
2024-07-13 04:00:00,138.76,138.89,137.99,138.16,49860.017,1.7e-05,25,0.0,0.0,unknown,,1000.0,0.0,0.0,,{},,{},1000.0,0.0,1000.0,,unknown,0.0,1.0,85.0,{},0.0561,1000,0,1000,0
2024-07-13 05:00:00,138.15,139.2,137.94,139.16,43256.973,1.7e-05,25,0.0,0.0,unknown,,1000.0,0.0,0.0,,{},,{},1000.0,0.0,1000.0,,unknown,0.0,1.0,86.0,{},0.0695,1000,0,1000,0
2024-07-13 06:00:00,139.17,139.5,138.72,138.94,32078.857,1.7e-05,25,0.0,0.0,unknown,,1000.0,0.0,0.0,,{},,{},1000.0,0.0,1000.0,,unknown,0.0,1.0,87.0,{},0.0763,1000,0,1000,0
2024-07-13 07:00:00,138.94,139.39,138.64,139.38,34332.301,1.7e-05,25,0.0,0.0,unknown,,1000.0,0.0,0.0,,{},,{},1000.0,0.0,1000.0,,unknown,0.0,1.0,88.0,{},0.092,1000,0,1000,0
2024-07-13 08:00:00,139.38,139.62,138.48,138.64,34029.033,8.3e-05,25,0.0,0.0,unknown,,1000.0,0.0,0.0,,{},,{},1000.0,0.0,1000.0,,unknown,0.0,1.0,89.0,{},0.0892,1000,0,1000,0
2024-07-13 09:00:00,138.64,140.7,138.43,140.62,73672.419,8.3e-05,25,0.0,0.0,unknown,,1000.0,0.0,0.0,,{},,{},1000.0,0.0,1000.0,,unknown,0.0,1.0,90.0,{},0.1103,1000,0,1000,0
2024-07-13 10:00:00,140.61,140.94,139.23,139.84,86458.711,8.3e-05,25,0.0,0.0,unknown,,1000.0,0.0,0.0,,{},,{},1000.0,0.0,1000.0,,unknown,0.0,1.0,91.0,{},0.105,1000,0,1000,0
2024-07-13 11:00:00,139.84,140.2,139.36,140.12,24983.087,8.3e-05,25,0.0,0.0,unknown,,1000.0,0.0,0.0,,{},,{},1000.0,0.0,1000.0,,unknown,0.0,1.0,92.0,{},0.1068,1000,0,1000,0
2024-07-13 12:00:00,140.13,140.62,139.74,140.25,59420.876,8.3e-05,25,0.0,0.0,unknown,,1000.0,0.0,0.0,,{},,{},1000.0,0.0,1000.0,,unknown,0.0,1.0,93.0,{},0.1013,1000,0,1000,0
2024-07-13 13:00:00,140.25,140.49,139.63,140.11,39720.634,8.3e-05,25,0.0,0.0,unknown,,1000.0,0.0,0.0,,{},,{},1000.0,0.0,1000.0,,unknown,0.0,1.0,94.0,{},0.082,1000,0,1000,0
2024-07-13 14:00:00,140.1,140.12,139.25,139.91,43931.98,8.3e-05,25,0.0,0.0,unknown,,1000.0,0.0,0.0,,{},,{},1000.0,0.0,1000.0,,unknown,0.0,1.0,95.0,{},0.0759,1000,0,1000,0
2024-07-13 15:00:00,139.9,140.52,139.51,140.37,45099.629,8.3e-05,25,0.0,0.0,unknown,,1000.0,0.0,0.0,,{},,{},1000.0,0.0,1000.0,,unknown,0.0,1.0,96.0,{},0.0672,1000,0,1000,0
2024-07-13 16:00:00,140.37,140.83,139.25,139.62,111314.229,4.1e-05,25,0.0,0.0,unknown,,1000.0,0.0,0.0,,{},,{},1000.0,0.0,1000.0,,unknown,0.0,1.0,97.0,{},0.0579,1000,0,1000,0
2024-07-13 17:00:00,139.61,139.87,139.3,139.68,34961.23,4.1e-05,25,0.0,0.0,unknown,,1000.0,0.0,0.0,,{},,{},1000.0,0.0,1000.0,,unknown,0.0,1.0,98.0,{},0.0473,1000,0,1000,0
2024-07-13 18:00:00,139.69,139.92,139.2,139.36,28811.602,4.1e-05,25,0.0,0.0,unknown,,1000.0,0.0,0.0,,{},,{},1000.0,0.0,1000.0,,unknown,0.0,1.0,99.0,{},0.038,1000,0,1000,0
2024-07-13 19:00:00,139.35,140.0,139.34,139.82,28107.382,4.1e-05,25,0.0,0.0,unknown,,1000.0,0.0,0.0,,{},,{},1000.0,0.0,1000.0,,unknown,0.0,1.0,100.0,{},0.0433,1000,0,1000,0
2024-07-13 20:00:00,139.82,140.22,139.66,139.73,31569.604,4.1e-05,25,0.0,0.0,unknown,,1000.0,0.0,0.0,,{},,{},1000.0,0.0,1000.0,,unknown,0.0,1.0,101.0,{},0.0538,1000,0,1000,0
2024-07-13 21:00:00,139.72,140.25,139.42,140.24,20240.63,4.1e-05,25,0.0,0.0,unknown,,1000.0,0.0,0.0,,{},,{},1000.0,0.0,1000.0,,unknown,0.0,1.0,102.0,{},0.0648,1000,0,1000,0
2024-07-13 22:00:00,140.24,142.24,139.1,142.2,137792.096,4.1e-05,25,0.0,0.0,unknown,,1000.0,0.0,0.0,,{},,{},1000.0,0.0,1000.0,,unknown,0.0,1.0,103.0,{},0.0834,1000,0,1000,0
2024-07-13 23:00:00,142.2,143.6,141.47,141.9,218808.27,4.1e-05,25,0.0,0.0,unknown,,1000.0,0.0,0.0,,{},,{},1000.0,0.0,1000.0,,unknown,0.0,1.0,104.0,{},0.0854,1000,0,1000,0
2024-07-14 00:00:00,141.89,145.05,141.87,144.9,295091.172,8.1e-05,33,0.0,0.0,unknown,,1000.0,0.0,0.0,,{},,{},1000.0,0.0,1000.0,,unknown,0.0,1.0,105.0,{},0.112,1000,0,1000,0
2024-07-14 01:00:00,144.91,145.16,143.7,144.93,220232.466,8.1e-05,33,0.0,0.0,unknown,,1000.0,0.0,0.0,,{},,{},1000.0,0.0,1000.0,,unknown,0.0,1.0,106.0,{},0.141,1000,0,1000,0
2024-07-14 02:00:00,144.94,145.18,143.16,143.67,110552.832,8.1e-05,33,0.0,0.0,unknown,,1000.0,0.0,0.0,,{},,{},1000.0,0.0,1000.0,,unknown,0.0,1.0,107.0,{},0.1412,1000,0,1000,0
2024-07-14 03:00:00,143.66,144.61,143.65,143.96,50712.833,8.1e-05,33,0.0,0.0,unknown,,1000.0,0.0,0.0,,{},,{},1000.0,0.0,1000.0,,unknown,0.0,1.0,108.0,{},0.1456,1000,0,1000,0
2024-07-14 04:00:00,143.96,145.97,143.88,144.95,161921.959,8.1e-05,33,0.0,0.0,unknown,,1000.0,0.0,0.0,,{},,{},1000.0,0.0,1000.0,,unknown,0.0,1.0,109.0,{},0.1702,1000,0,1000,0
2024-07-14 05:00:00,144.95,145.98,144.0,145.6,154929.26,8.1e-05,33,0.0,0.0,unknown,,1000.0,0.0,0.0,,{},,{},1000.0,0.0,1000.0,,unknown,0.0,1.0,110.0,{},0.1789,1000,0,1000,0
2024-07-14 06:00:00,145.59,145.97,144.33,144.56,103679.79,8.1e-05,33,0.0,0.0,unknown,,1000.0,0.0,0.0,,{},,{},1000.0,0.0,1000.0,,unknown,0.0,1.0,111.0,{},0.1725,1000,0,1000,0
2024-07-14 07:00:00,144.56,145.2,144.29,144.77,53571.326,8.1e-05,33,0.0,0.0,unknown,,1000.0,0.0,0.0,,{},,{},1000.0,0.0,1000.0,,unknown,0.0,1.0,112.0,{},0.1688,1000,0,1000,0
2024-07-14 08:00:00,144.78,145.63,144.78,145.33,77481.576,4.1e-05,33,0.0,0.0,unknown,,1000.0,0.0,0.0,,{},,{},1000.0,0.0,1000.0,,unknown,0.0,1.0,113.0,{},0.2004,1000,0,1000,0
2024-07-14 09:00:00,145.33,147.0,145.03,146.58,424583.809,4.1e-05,33,0.0,0.0,unknown,,1000.0,0.0,0.0,,{},,{},1000.0,0.0,1000.0,,unknown,0.0,1.0,114.0,{},0.1937,1000,0,1000,0
2024-07-14 10:00:00,146.58,146.8,145.03,145.08,145292.886,4.1e-05,33,0.0,0.0,unknown,,1000.0,0.0,0.0,,{},,{},1000.0,0.0,1000.0,,unknown,0.0,1.0,115.0,{},0.1728,1000,0,1000,0
2024-07-14 11:00:00,145.08,145.66,144.66,144.88,72725.964,4.1e-05,33,0.0,0.0,unknown,,1000.0,0.0,0.0,,{},,{},1000.0,0.0,1000.0,,unknown,0.0,1.0,116.0,{},0.1598,1000,0,1000,0
2024-07-14 12:00:00,144.88,144.99,143.54,143.94,135504.342,4.1e-05,33,0.0,0.0,unknown,,1000.0,0.0,0.0,,{},,{},1000.0,0.0,1000.0,,unknown,0.0,1.0,117.0,{},0.1382,1000,0,1000,0
2024-07-14 13:00:00,143.95,144.82,143.9,144.4,94654.008,4.1e-05,33,0.0,0.0,unknown,,1000.0,0.0,0.0,,{},,{},1000.0,0.0,1000.0,,unknown,0.0,1.0,118.0,{},0.1302,1000,0,1000,0
2024-07-14 14:00:00,144.4,145.18,143.43,145.02,101869.483,4.1e-05,33,0.0,0.0,unknown,,1000.0,0.0,0.0,,{},,{},1000.0,0.0,1000.0,,unknown,0.0,1.0,119.0,{},0.1331,1000,0,1000,0
2024-07-14 15:00:00,145.02,146.04,144.62,145.9,139967.069,4.1e-05,33,0.0,0.0,unknown,,1000.0,0.0,0.0,,{},,{},1000.0,0.0,1000.0,,unknown,0.0,1.0,120.0,{},0.1361,1000,0,1000,0
2024-07-14 16:00:00,145.9,145.98,145.09,145.55,62439.112,2e-05,33,0.0,0.0,unknown,,1000.0,0.0,0.0,,{},,{},1000.0,0.0,1000.0,,unknown,0.0,1.0,121.0,{},0.1419,1000,0,1000,0
2024-07-14 17:00:00,145.56,145.66,144.69,145.13,53286.914,2e-05,33,0.0,0.0,unknown,,1000.0,0.0,0.0,,{},,{},1000.0,0.0,1000.0,,unknown,0.0,1.0,122.0,{},0.1397,1000,0,1000,0
2024-07-14 18:00:00,145.13,145.3,144.8,145.07,38293.501,2e-05,33,0.0,0.0,unknown,,1000.0,0.0,0.0,,{},,{},1000.0,0.0,1000.0,,unknown,0.0,1.0,123.0,{},0.142,1000,0,1000,0
2024-07-14 19:00:00,145.08,145.32,144.59,145.22,37669.833,2e-05,33,0.0,0.0,unknown,,1000.0,0.0,0.0,,{},,{},1000.0,0.0,1000.0,,unknown,0.0,1.0,124.0,{},0.1387,1000,0,1000,0
2024-07-14 20:00:00,145.23,146.4,145.09,145.61,46068.31,2e-05,33,0.0,0.0,unknown,,1000.0,0.0,0.0,,{},,{},1000.0,0.0,1000.0,,unknown,0.0,1.0,125.0,{},0.1404,1000,0,1000,0
2024-07-14 21:00:00,145.6,148.31,145.45,148.1,178251.234,2e-05,33,0.0,0.0,unknown,,1000.0,0.0,0.0,,{},,{},1000.0,0.0,1000.0,,unknown,0.0,1.0,126.0,{},0.1438,1000,0,1000,0
2024-07-14 22:00:00,148.11,148.29,146.61,147.18,103100.493,2e-05,33,0.0,0.0,unknown,,1000.0,0.0,0.0,,{},,{},1000.0,0.0,1000.0,,unknown,0.0,1.0,127.0,{},0.1323,1000,0,1000,0
2024-07-14 23:00:00,147.19,148.56,147.03,147.66,135586.585,2e-05,33,0.0,0.0,unknown,,1000.0,0.0,0.0,,{},,{},1000.0,0.0,1000.0,,unknown,0.0,1.0,128.0,{},0.1321,1000,0,1000,0
2024-07-15 00:00:00,147.66,150.91,147.0,150.33,206717.254,-1e-05,52,0.0,0.0,unknown,,1000.0,0.0,0.0,,{},,{},1000.0,0.0,1000.0,,unknown,0.0,1.0,129.0,{},0.1275,1000,0,1000,0
2024-07-15 01:00:00,150.33,151.5,149.72,150.9,173457.68,-1e-05,52,0.0,0.0,unknown,,1000.0,0.0,0.0,,{},,{},1000.0,0.0,1000.0,,unknown,0.0,1.0,130.0,{},0.1356,1000,0,1000,0
2024-07-15 02:00:00,150.91,152.18,150.45,151.9,195125.528,-1e-05,52,0.0,0.0,unknown,,1000.0,0.0,0.0,,{},,{},1000.0,0.0,1000.0,,unknown,0.0,1.0,131.0,{},0.1572,1000,0,1000,0
2024-07-15 03:00:00,151.91,152.1,150.78,151.39,107269.938,-1e-05,52,0.0,0.0,unknown,,1000.0,0.0,0.0,,{},,{},1000.0,0.0,1000.0,,unknown,0.0,1.0,132.0,{},0.1675,1000,0,1000,0
2024-07-15 04:00:00,151.4,152.04,150.72,151.91,88360.911,-1e-05,52,0.0,0.0,unknown,,1000.0,0.0,0.0,,{},,{},1000.0,0.0,1000.0,,unknown,0.0,1.0,133.0,{},0.1742,1000,0,1000,0
2024-07-15 05:00:00,151.92,152.2,151.44,151.98,102424.345,-1e-05,52,0.0,0.0,unknown,,1000.0,0.0,0.0,,{},,{},1000.0,0.0,1000.0,,unknown,0.0,1.0,134.0,{},0.1736,1000,0,1000,0
2024-07-15 06:00:00,151.98,153.8,151.67,153.03,154580.891,-1e-05,52,0.0,0.0,unknown,,1000.0,0.0,0.0,,{},,{},1000.0,0.0,1000.0,,unknown,0.0,1.0,135.0,{},0.1929,1000,0,1000,0
2024-07-15 07:00:00,153.04,154.5,152.97,153.23,171558.209,-1e-05,52,0.0,0.0,unknown,,1000.0,0.0,0.0,,{},,{},1000.0,0.0,1000.0,,unknown,0.0,1.0,136.0,{},0.2088,1000,0,1000,0
2024-07-15 08:00:00,153.23,154.45,152.44,152.77,147589.708,2.4e-05,52,0.0,0.0,unknown,,1000.0,0.0,0.0,,{},,{},1000.0,0.0,1000.0,,unknown,0.0,1.0,137.0,{},0.2056,1000,0,1000,0
2024-07-15 09:00:00,152.76,152.93,151.95,152.21,148391.893,2.4e-05,52,0.0,0.0,unknown,,1000.0,0.0,0.0,,{},,{},1000.0,0.0,1000.0,,unknown,0.0,1.0,138.0,{},0.1895,1000,0,1000,0
2024-07-15 10:00:00,152.2,152.6,151.26,151.34,133630.702,2.4e-05,52,0.0,0.0,unknown,,1000.0,0.0,0.0,,{},,{},1000.0,0.0,1000.0,,unknown,0.0,1.0,139.0,{},0.1849,1000,0,1000,0
2024-07-15 11:00:00,151.34,152.04,150.93,151.64,112810.909,2.4e-05,52,0.0,0.0,unknown,,1000.0,0.0,0.0,,{},,{},1000.0,0.0,1000.0,,unknown,0.0,1.0,140.0,{},0.1901,1000,0,1000,0
2024-07-15 12:00:00,151.65,152.95,151.63,152.3,97055.11,2.4e-05,52,0.0,0.0,unknown,,1000.0,0.0,0.0,,{},,{},1000.0,0.0,1000.0,,unknown,0.0,1.0,141.0,{},0.208,1000,0,1000,0
2024-07-15 13:00:00,152.3,153.93,151.68,153.23,138258.416,2.4e-05,52,0.0,0.0,unknown,,1000.0,0.0,0.0,,{},,{},1000.0,0.0,1000.0,,unknown,0.0,1.0,142.0,{},0.2201,1000,0,1000,0
2024-07-15 14:00:00,153.24,153.54,151.82,153.41,110494.782,2.4e-05,52,0.0,0.0,unknown,,1000.0,0.0,0.0,,{},,{},1000.0,0.0,1000.0,,unknown,0.0,1.0,143.0,{},0.2272,1000,0,1000,0
2024-07-15 15:00:00,153.41,154.3,152.28,152.94,122877.332,2.4e-05,52,0.0,0.0,unknown,,1000.0,0.0,0.0,,{},,{},1000.0,0.0,1000.0,,unknown,0.0,1.0,144.0,{},0.2201,1000,0,1000,0
2024-07-15 16:00:00,152.94,154.92,152.53,153.85,169470.386,3.8e-05,52,0.0,0.0,unknown,,1000.0,0.0,0.0,,{},,{},1000.0,0.0,1000.0,,unknown,0.0,1.0,145.0,{},0.225,1000,0,1000,0
2024-07-15 17:00:00,153.85,154.89,153.41,154.18,151670.335,3.8e-05,52,0.0,0.0,unknown,,1000.0,0.0,0.0,,{},,{},1000.0,0.0,1000.0,,unknown,0.0,1.0,146.0,{},0.2425,1000,0,1000,0
2024-07-15 18:00:00,154.17,156.29,153.67,155.74,179716.998,3.8e-05,52,0.0,0.0,unknown,,1000.0,0.0,0.0,,{},,{},1000.0,0.0,1000.0,,unknown,0.0,1.0,147.0,{},0.2594,1000,0,1000,0
2024-07-15 19:00:00,155.73,157.0,154.46,155.33,192306.678,3.8e-05,52,0.0,0.0,unknown,,1000.0,0.0,0.0,,{},,{},1000.0,0.0,1000.0,,unknown,0.0,1.0,148.0,{},0.2666,1000,0,1000,0
2024-07-15 20:00:00,155.34,157.1,155.22,156.68,126560.294,3.8e-05,52,0.0,0.0,unknown,,1000.0,0.0,0.0,,{},,{},1000.0,0.0,1000.0,,unknown,0.0,1.0,149.0,{},0.251,1000,0,1000,0
2024-07-15 21:00:00,156.69,157.49,155.92,155.96,85215.295,3.8e-05,52,0.0,0.0,unknown,,1000.0,0.0,0.0,,{},,{},1000.0,0.0,1000.0,,unknown,0.0,1.0,150.0,{},0.2098,1000,0,1000,0
2024-07-15 22:00:00,155.97,159.49,155.94,158.78,202744.043,3.8e-05,52,0.0,0.0,unknown,,1000.0,0.0,0.0,,{},,{},1000.0,0.0,1000.0,,unknown,0.0,1.0,151.0,{},0.2011,1000,0,1000,0
2024-07-15 23:00:00,158.79,159.95,158.29,159.38,110560.885,3.8e-05,52,0.0,0.0,unknown,,1000.0,0.0,0.0,,{},,{},1000.0,0.0,1000.0,,unknown,0.0,1.0,152.0,{},0.2076,1000,0,1000,0
2024-07-16 00:00:00,159.37,160.22,157.77,158.06,207698.37,-3.8e-05,65,0.0,0.0,unknown,,1000.0,0.0,0.0,,{},,{},1000.0,0.0,1000.0,,unknown,0.0,1.0,153.0,{},0.1841,1000,0,1000,0
2024-07-16 01:00:00,158.06,158.67,157.29,158.27,111924.846,-3.8e-05,65,0.0,0.0,unknown,,1000.0,0.0,0.0,,{},,{},1000.0,0.0,1000.0,,unknown,0.0,1.0,154.0,{},0.1684,1000,0,1000,0
2024-07-16 02:00:00,158.27,158.31,156.21,156.55,170380.635,-3.8e-05,65,0.0,0.0,unknown,,1000.0,0.0,0.0,,{},,{},1000.0,0.0,1000.0,,unknown,0.0,1.0,155.0,{},0.1337,1000,0,1000,0
2024-07-16 03:00:00,156.55,158.1,156.08,157.88,119658.965,-3.8e-05,65,0.0,0.0,unknown,,1000.0,0.0,0.0,,{},,{},1000.0,0.0,1000.0,,unknown,0.0,1.0,156.0,{},0.1211,1000,0,1000,0
2024-07-16 04:00:00,157.89,158.53,157.33,158.13,98220.502,-3.8e-05,65,0.0,0.0,unknown,,1000.0,0.0,0.0,,{},,{},1000.0,0.0,1000.0,,unknown,0.0,1.0,157.0,{},0.1158,1000,0,1000,0
2024-07-16 05:00:00,158.13,158.81,154.69,155.49,325283.587,-3.8e-05,65,0.0,0.0,unknown,,1000.0,0.0,0.0,,{},,{},1000.0,0.0,1000.0,,unknown,0.0,1.0,158.0,{},0.0901,1000,0,1000,0
2024-07-16 06:00:00,155.5,157.0,153.68,154.03,215520.18,-3.8e-05,65,0.0,0.0,unknown,,1000.0,0.0,0.0,,{},,{},1000.0,0.0,1000.0,,unknown,0.0,1.0,159.0,{},0.0704,1000,0,1000,0
2024-07-16 07:00:00,154.03,155.72,153.79,154.49,219261.132,-3.8e-05,65,0.0,0.0,unknown,,1000.0,0.0,0.0,,{},,{},1000.0,0.0,1000.0,,unknown,0.0,1.0,160.0,{},0.056,1000,0,1000,0
2024-07-16 08:00:00,154.48,155.5,152.57,154.45,234274.586,0.0001,65,0.0,0.0,unknown,,1000.0,0.0,0.0,,{},,{},1000.0,0.0,1000.0,,unknown,0.0,1.0,161.0,{},0.0489,1000,0,1000,0
2024-07-16 09:00:00,154.45,155.87,153.94,155.15,153013.213,0.0001,65,0.0,0.0,unknown,,1000.0,0.0,0.0,,{},,{},1000.0,0.0,1000.0,,unknown,0.0,1.0,162.0,{},0.0509,1000,0,1000,0
2024-07-16 10:00:00,155.15,156.65,154.61,156.46,153595.102,0.0001,65,0.0,0.0,unknown,,1000.0,0.0,0.0,,{},,{},1000.0,0.0,1000.0,,unknown,0.0,1.0,163.0,{},0.0624,1000,0,1000,0
2024-07-16 11:00:00,156.46,157.63,155.72,157.32,143708.237,0.0001,65,0.0,0.0,unknown,,1000.0,0.0,0.0,,{},,{},1000.0,0.0,1000.0,,unknown,0.0,1.0,164.0,{},0.0715,1000,0,1000,0
2024-07-16 12:00:00,157.32,157.95,155.62,155.84,129623.902,0.0001,65,0.0,0.0,unknown,,1000.0,0.0,0.0,,{},,{},1000.0,0.0,1000.0,,unknown,0.0,1.0,165.0,{},0.064,1000,0,1000,0
2024-07-16 13:00:00,155.84,157.27,155.55,155.63,132157.778,0.0001,65,0.0,0.0,unknown,,1000.0,0.0,0.0,,{},,{},1000.0,0.0,1000.0,,unknown,0.0,1.0,166.0,{},0.0552,1000,0,1000,0
2024-07-16 14:00:00,155.62,156.35,154.47,155.92,127440.711,0.0001,65,0.0,0.0,unknown,,1000.0,0.0,0.0,,{},,{},1000.0,0.0,1000.0,,unknown,0.0,1.0,167.0,{},0.0498,1000,0,1000,0
2024-07-16 15:00:00,155.91,161.6,155.6,160.98,316948.341,0.0001,65,0.0,0.0,unknown,,1000.0,0.0,0.0,,{},,{},1000.0,0.0,1000.0,,unknown,0.0,1.0,168.0,{},0.0573,1000,0,1000,0
2024-07-16 16:00:00,160.98,161.89,158.88,160.99,359746.138,7.8e-05,65,0.0,0.0,unknown,,1000.0,0.0,0.0,,{},,{},1000.0,0.0,1000.0,,unknown,0.0,1.0,169.0,{},0.0664,1000,0,1000,0
2024-07-16 17:00:00,160.99,162.49,160.1,162.13,160470.152,7.8e-05,65,0.0,0.0,unknown,,1000.0,0.0,0.0,,{},,{},1000.0,0.0,1000.0,,unknown,0.0,1.0,170.0,{},0.08,1000,0,1000,0
2024-07-16 18:00:00,162.13,162.35,161.1,162.05,123226.624,7.8e-05,65,0.0,0.0,unknown,,1000.0,0.0,0.0,,{},,{},1000.0,0.0,1000.0,,unknown,0.0,1.0,171.0,{},0.0849,1000,0,1000,0
2024-07-16 19:00:00,162.06,162.49,160.91,161.94,122099.273,7.8e-05,65,0.0,0.0,unknown,,1000.0,0.0,0.0,,{},,{},1000.0,0.0,1000.0,,unknown,0.0,1.0,172.0,{},0.0902,1000,0,1000,0
2024-07-16 20:00:00,161.93,162.01,159.65,159.69,96325.257,7.8e-05,65,0.0,0.0,unknown,,1000.0,0.0,0.0,,{},,{},1000.0,0.0,1000.0,,unknown,0.0,1.0,173.0,{},0.0712,1000,0,1000,0
2024-07-16 21:00:00,159.69,161.27,159.55,160.51,78405.003,7.8e-05,65,0.0,0.0,unknown,,1000.0,0.0,0.0,,{},,{},1000.0,0.0,1000.0,,unknown,0.0,1.0,174.0,{},0.0677,1000,0,1000,0
2024-07-16 22:00:00,160.5,160.78,159.06,159.92,92252.605,7.8e-05,65,0.0,0.0,unknown,,1000.0,0.0,0.0,,{},,{},1000.0,0.0,1000.0,,unknown,0.0,1.0,175.0,{},0.0519,1000,0,1000,0
2024-07-16 23:00:00,159.92,161.86,159.74,160.62,96870.315,7.8e-05,65,0.0,0.0,unknown,,1000.0,0.0,0.0,,{},,{},1000.0,0.0,1000.0,,unknown,0.0,1.0,176.0,{},0.0423,1000,0,1000,0
2024-07-17 00:00:00,160.62,161.63,160.34,161.28,81683.814,0.0001,69,0.0,0.0,unknown,,1000.0,0.0,0.0,,{},,{},1000.0,0.0,1000.0,,unknown,0.0,1.0,177.0,{},0.0452,1000,0,1000,0
2024-07-17 01:00:00,161.27,163.8,161.19,161.91,253569.514,0.0001,69,0.0,0.0,unknown,,1000.0,0.0,0.0,,{},,{},1000.0,0.0,1000.0,,unknown,0.0,1.0,178.0,{},0.0487,1000,0,1000,0
2024-07-17 02:00:00,161.91,162.49,161.0,161.04,71356.53,0.0001,69,0.0,0.0,unknown,,1000.0,0.0,0.0,,{},,{},1000.0,0.0,1000.0,,unknown,0.0,1.0,179.0,{},0.0557,1000,0,1000,0
2024-07-17 03:00:00,161.05,161.11,160.02,160.92,72656.806,0.0001,69,0.0,0.0,unknown,,1000.0,0.0,0.0,,{},,{},1000.0,0.0,1000.0,,unknown,0.0,1.0,180.0,{},0.0537,1000,0,1000,0
2024-07-17 04:00:00,160.93,161.61,160.1,161.34,85014.352,0.0001,69,0.0,0.0,unknown,,1000.0,0.0,0.0,,{},,{},1000.0,0.0,1000.0,,unknown,0.0,1.0,181.0,{},0.0536,1000,0,1000,0
2024-07-17 05:00:00,161.35,162.56,161.05,161.4,86005.037,0.0001,69,0.0,0.0,unknown,,1000.0,0.0,0.0,,{},,{},1000.0,0.0,1000.0,,unknown,0.0,1.0,182.0,{},0.0727,1000,0,1000,0
2024-07-17 06:00:00,161.41,162.26,160.79,161.2,79209.905,0.0001,69,0.0,0.0,unknown,,1000.0,0.0,0.0,,{},,{},1000.0,0.0,1000.0,,unknown,0.0,1.0,183.0,{},0.0966,1000,0,1000,0
2024-07-17 07:00:00,161.21,161.28,160.07,160.6,75013.682,0.0001,69,0.0,0.0,unknown,,1000.0,0.0,0.0,,{},,{},1000.0,0.0,1000.0,,unknown,0.0,1.0,184.0,{},0.1048,1000,0,1000,0
2024-07-17 08:00:00,160.59,162.76,159.53,161.95,151320.025,0.0001,69,0.0,0.0,unknown,,1000.0,0.0,0.0,,{},,{},1000.0,0.0,1000.0,,unknown,0.0,1.0,185.0,{},0.1143,1000,0,1000,0
2024-07-17 09:00:00,161.95,163.61,161.46,163.52,138495.962,5.1e-05,69,0.0,0.0,unknown,,1000.0,0.0,0.0,,{},,{},1000.0,0.0,1000.0,,unknown,0.0,1.0,186.0,{},0.1242,1000,0,1000,0
2024-07-17 10:00:00,163.52,163.53,162.32,162.6,102078.566,5.1e-05,69,0.0,0.0,unknown,,1000.0,0.0,0.0,,{},,{},1000.0,0.0,1000.0,,unknown,0.0,1.0,187.0,{},0.1175,1000,0,1000,0
2024-07-17 11:00:00,162.6,162.6,160.2,160.84,176945.978,5.1e-05,69,0.0,0.0,unknown,,1000.0,0.0,0.0,,{},,{},1000.0,0.0,1000.0,,unknown,0.0,1.0,188.0,{},0.0957,1000,0,1000,0
2024-07-17 12:00:00,160.84,161.48,160.47,160.88,88724.595,5.1e-05,69,0.0,0.0,unknown,,1000.0,0.0,0.0,,{},,{},1000.0,0.0,1000.0,,unknown,0.0,1.0,189.0,{},0.0937,1000,0,1000,0
2024-07-17 13:00:00,160.88,162.16,159.67,161.81,137594.19,5.1e-05,69,0.0,0.0,unknown,,1000.0,0.0,0.0,,{},,{},1000.0,0.0,1000.0,,unknown,0.0,1.0,190.0,{},0.1002,1000,0,1000,0
2024-07-17 14:00:00,161.81,162.08,159.96,160.31,144495.341,5.1e-05,69,0.0,0.0,unknown,,1000.0,0.0,0.0,,{},,{},1000.0,0.0,1000.0,,unknown,0.0,1.0,191.0,{},0.0933,1000,0,1000,0
2024-07-17 15:00:00,160.31,160.63,157.82,158.08,197951.003,5.1e-05,69,0.0,0.0,unknown,,1000.0,0.0,0.0,,{},,{},1000.0,0.0,1000.0,,unknown,0.0,1.0,192.0,{},0.0824,1000,0,1000,0
2024-07-17 16:00:00,158.09,158.31,154.68,155.93,376615.38,0.0001,69,0.0,0.0,unknown,,1000.0,0.0,0.0,,{},,{},1000.0,0.0,1000.0,,unknown,0.0,1.0,193.0,{},0.0872,1000,0,1000,0
2024-07-17 17:00:00,155.93,157.4,155.6,156.48,112837.355,0.0001,69,0.0,0.0,unknown,,1000.0,0.0,0.0,,{},,{},1000.0,0.0,1000.0,,unknown,0.0,1.0,194.0,{},0.0981,1000,0,1000,0
2024-07-17 18:00:00,156.48,157.35,156.1,156.6,72404.65,0.0001,69,0.0,0.0,unknown,,1000.0,0.0,0.0,,{},,{},1000.0,0.0,1000.0,,unknown,0.0,1.0,195.0,{},0.1072,1000,0,1000,0
2024-07-17 19:00:00,156.61,157.4,156.07,156.83,85677.556,0.0001,69,0.0,0.0,unknown,,1000.0,0.0,0.0,,{},,{},1000.0,0.0,1000.0,,unknown,0.0,1.0,196.0,{},0.1102,1000,0,1000,0
2024-07-17 20:00:00,156.83,157.28,156.1,156.2,44685.811,0.0001,69,0.0,0.0,unknown,,1000.0,0.0,0.0,,{},,{},1000.0,0.0,1000.0,,unknown,0.0,1.0,197.0,{},0.1016,1000,0,1000,0
2024-07-17 21:00:00,156.21,156.89,154.87,156.44,87012.607,0.0001,69,0.0,0.0,unknown,,1000.0,0.0,0.0,,{},,{},1000.0,0.0,1000.0,,unknown,0.0,1.0,198.0,{},0.1001,1000,0,1000,0
2024-07-17 22:00:00,156.44,156.96,155.68,156.0,53095.562,0.0001,69,0.0,0.0,unknown,,1000.0,0.0,0.0,,{},,{},1000.0,0.0,1000.0,,unknown,0.0,1.0,199.0,{},0.0982,1000,0,1000,0
2024-07-17 23:00:00,155.99,156.3,155.23,155.5,66138.869,0.0001,69,0.0,0.0,unknown,,1000.0,0.0,0.0,,{},,{},1000.0,0.0,1000.0,,unknown,0.0,1.0,200.0,{},0.1074,1000,0,1000,0
2024-07-18 00:00:00,155.5,158.25,155.5,157.86,101283.196,6.5e-05,61,0.0,0.0,unknown,,1000.0,0.0,0.0,,{},,{},1000.0,0.0,1000.0,,unknown,0.0,1.0,201.0,{},0.0935,1000,0,1000,0
2024-07-18 01:00:00,157.86,159.25,157.54,159.16,101998.873,6.5e-05,61,0.0,0.0,unknown,,1000.0,0.0,0.0,,{},,{},1000.0,0.0,1000.0,,unknown,0.0,1.0,202.0,{},0.0814,1000,0,1000,0
2024-07-18 02:00:00,159.17,159.94,156.96,158.58,158566.344,6.5e-05,61,0.0,0.0,unknown,,1000.0,0.0,0.0,,{},,{},1000.0,0.0,1000.0,,unknown,0.0,1.0,203.0,{},0.0732,1000,0,1000,0
2024-07-18 03:00:00,158.57,159.48,158.35,158.93,66397.86,6.5e-05,61,0.0,0.0,unknown,,1000.0,0.0,0.0,,{},,{},1000.0,0.0,1000.0,,unknown,0.0,1.0,204.0,{},0.0632,1000,0,1000,0
2024-07-18 04:00:00,158.93,159.1,157.46,157.73,62969.121,6.5e-05,61,0.0,0.0,unknown,,1000.0,0.0,0.0,,{},,{},1000.0,0.0,1000.0,,unknown,0.0,1.0,205.0,{},0.0686,1000,0,1000,0
2024-07-18 05:00:00,157.74,159.68,157.06,159.14,108362.447,6.5e-05,61,0.0,0.0,unknown,,1000.0,0.0,0.0,,{},,{},1000.0,0.0,1000.0,,unknown,0.0,1.0,206.0,{},0.0578,1000,0,1000,0
2024-07-18 06:00:00,159.13,160.0,158.45,159.7,108692.173,6.5e-05,61,0.0,0.0,unknown,,1000.0,0.0,0.0,,{},,{},1000.0,0.0,1000.0,,unknown,0.0,1.0,207.0,{},0.048,1000,0,1000,0
2024-07-18 07:00:00,159.7,159.92,158.56,158.66,63614.416,6.5e-05,61,0.0,0.0,unknown,,1000.0,0.0,0.0,,{},,{},1000.0,0.0,1000.0,,unknown,0.0,1.0,208.0,{},0.0434,1000,0,1000,0
2024-07-18 08:00:00,158.66,159.6,158.1,159.42,82185.796,8.4e-05,61,0.0,0.0,unknown,,1000.0,0.0,0.0,,{},,{},1000.0,0.0,1000.0,,unknown,0.0,1.0,209.0,{},0.0443,1000,0,1000,0
2024-07-18 09:00:00,159.41,159.87,158.97,159.42,50251.109,8.4e-05,61,0.0,0.0,unknown,,1000.0,0.0,0.0,,{},,{},1000.0,0.0,1000.0,,unknown,0.0,1.0,210.0,{},0.0568,1000,0,1000,0
2024-07-18 10:00:00,159.42,159.43,158.26,159.18,64184.581,8.4e-05,61,0.0,0.0,unknown,,1000.0,0.0,0.0,,{},,{},1000.0,0.0,1000.0,,unknown,0.0,1.0,211.0,{},0.0618,1000,0,1000,0
2024-07-18 11:00:00,159.17,159.68,158.0,159.45,89154.36,8.4e-05,61,0.0,0.0,unknown,,1000.0,0.0,0.0,,{},,{},1000.0,0.0,1000.0,,unknown,0.0,1.0,212.0,{},0.0517,1000,0,1000,0
2024-07-18 12:00:00,159.44,161.56,159.41,160.94,195510.242,8.4e-05,61,0.0,0.0,unknown,,1000.0,0.0,0.0,,{},,{},1000.0,0.0,1000.0,,unknown,0.0,1.0,213.0,{},0.0346,1000,0,1000,0
2024-07-18 13:00:00,160.95,161.6,160.18,160.68,90498.51,8.4e-05,61,0.0,0.0,unknown,,1000.0,0.0,0.0,,{},,{},1000.0,0.0,1000.0,,unknown,0.0,1.0,214.0,{},0.0314,1000,0,1000,0
2024-07-18 14:00:00,160.68,161.16,157.33,157.96,231466.94,8.4e-05,61,0.0,0.0,unknown,,1000.0,0.0,0.0,,{},,{},1000.0,0.0,1000.0,,unknown,0.0,1.0,215.0,{},0.0356,1000,0,1000,0
2024-07-18 15:00:00,157.95,157.98,156.01,156.37,240112.29,8.4e-05,61,0.0,0.0,unknown,,1000.0,0.0,0.0,,{},,{},1000.0,0.0,1000.0,,unknown,0.0,1.0,216.0,{},0.0353,1000,0,1000,0
2024-07-18 16:00:00,156.37,157.7,155.07,157.53,154167.371,0.0001,61,0.0,0.0,unknown,,1000.0,0.0,0.0,,{},,{},1000.0,0.0,1000.0,,unknown,0.0,1.0,217.0,{},0.0351,1000,0,1000,0
2024-07-18 17:00:00,157.54,157.67,155.78,156.02,60306.864,0.0001,61,0.0,0.0,unknown,,1000.0,0.0,0.0,,{},,{},1000.0,0.0,1000.0,,unknown,0.0,1.0,218.0,{},0.0273,1000,0,1000,0
2024-07-18 18:00:00,156.01,157.44,155.3,156.41,235333.363,0.0001,61,0.0,0.0,unknown,,1000.0,0.0,0.0,,{},,{},1000.0,0.0,1000.0,,unknown,0.0,1.0,219.0,{},0.0202,1000,0,1000,0
2024-07-18 19:00:00,156.41,157.52,155.52,156.98,63575.708,0.0001,61,0.0,0.0,unknown,,1000.0,0.0,0.0,,{},,{},1000.0,0.0,1000.0,,unknown,0.0,1.0,220.0,{},0.0145,1000,0,1000,0
2024-07-18 20:00:00,156.98,158.02,156.36,157.96,55457.27,0.0001,61,0.0,0.0,unknown,,1000.0,0.0,0.0,,{},,{},1000.0,0.0,1000.0,,unknown,0.0,1.0,221.0,{},0.0219,1000,0,1000,0
2024-07-18 21:00:00,157.97,158.48,157.44,158.38,46764.657,0.0001,61,0.0,0.0,unknown,,1000.0,0.0,0.0,,{},,{},1000.0,0.0,1000.0,,unknown,0.0,1.0,222.0,{},0.028,1000,0,1000,0
2024-07-18 22:00:00,158.39,160.62,157.92,159.97,104013.567,0.0001,61,0.0,0.0,unknown,,1000.0,0.0,0.0,,{},,{},1000.0,0.0,1000.0,,unknown,0.0,1.0,223.0,{},0.0449,1000,0,1000,0
2024-07-18 23:00:00,159.97,160.24,158.87,159.22,49837.066,0.0001,61,0.0,0.0,unknown,,1000.0,0.0,0.0,,{},,{},1000.0,0.0,1000.0,,unknown,0.0,1.0,224.0,{},0.0543,1000,0,1000,0
2024-07-19 00:00:00,159.22,159.41,157.74,158.06,84840.348,7.4e-05,60,0.0,0.0,unknown,,1000.0,0.0,0.0,,{},,{},1000.0,0.0,1000.0,,unknown,0.0,1.0,225.0,{},0.0371,1000,0,1000,0
2024-07-19 01:00:00,158.07,158.6,156.07,158.57,102853.608,7.4e-05,60,0.0,0.0,unknown,,1000.0,0.0,0.0,,{},,{},1000.0,0.0,1000.0,,unknown,0.0,1.0,226.0,{},0.0299,1000,0,1000,0
2024-07-19 02:00:00,158.56,159.8,157.92,158.76,79140.291,7.4e-05,60,0.0,0.0,unknown,,1000.0,0.0,0.0,,{},,{},1000.0,0.0,1000.0,,unknown,0.0,1.0,227.0,{},0.0213,1000,0,1000,0
2024-07-19 03:00:00,158.75,162.1,158.66,161.83,203148.599,7.4e-05,60,0.0,0.0,unknown,,1000.0,0.0,0.0,,{},,{},1000.0,0.0,1000.0,,unknown,0.0,1.0,228.0,{},0.0315,1000,0,1000,0
2024-07-19 04:00:00,161.84,162.42,160.78,160.8,109862.244,7.4e-05,60,0.0,0.0,unknown,,1000.0,0.0,0.0,,{},,{},1000.0,0.0,1000.0,,unknown,0.0,1.0,229.0,{},0.0406,1000,0,1000,0
2024-07-19 05:00:00,160.79,162.6,160.66,162.29,142492.716,7.4e-05,60,0.0,0.0,unknown,,1000.0,0.0,0.0,,{},,{},1000.0,0.0,1000.0,,unknown,0.0,1.0,230.0,{},0.0454,1000,0,1000,0
2024-07-19 06:00:00,162.28,165.62,162.12,164.47,365374.732,7.4e-05,60,0.0,0.0,unknown,,1000.0,0.0,0.0,,{},,{},1000.0,0.0,1000.0,,unknown,0.0,1.0,231.0,{},0.0577,1000,0,1000,0
2024-07-19 07:00:00,164.47,164.51,160.84,161.42,319515.501,7.4e-05,60,0.0,0.0,unknown,,1000.0,0.0,0.0,,{},,{},1000.0,0.0,1000.0,,unknown,0.0,1.0,232.0,{},0.0492,1000,0,1000,0
2024-07-19 08:00:00,161.42,162.37,159.14,161.87,253537.737,0.0001,60,0.0,0.0,unknown,,1000.0,0.0,0.0,,{},,{},1000.0,0.0,1000.0,,unknown,0.0,1.0,233.0,{},0.0439,1000,0,1000,0
2024-07-19 09:00:00,161.86,164.0,160.37,160.58,217553.242,0.0001,60,0.0,0.0,unknown,,1000.0,0.0,0.0,,{},,{},1000.0,0.0,1000.0,,unknown,0.0,1.0,234.0,{},0.0342,1000,0,1000,0
2024-07-19 10:00:00,160.57,163.0,160.32,162.03,154135.311,0.0001,60,0.0,0.0,unknown,,1000.0,0.0,0.0,,{},,{},1000.0,0.0,1000.0,,unknown,0.0,1.0,235.0,{},0.0351,1000,0,1000,0
2024-07-19 11:00:00,162.03,162.91,161.7,162.65,67878.724,0.0001,60,0.0,0.0,unknown,,1000.0,0.0,0.0,,{},,{},1000.0,0.0,1000.0,,unknown,0.0,1.0,236.0,{},0.0374,1000,0,1000,0
2024-07-19 12:00:00,162.66,164.32,162.27,163.85,149074.318,0.0001,60,0.0,0.0,unknown,,1000.0,0.0,0.0,,{},,{},1000.0,0.0,1000.0,,unknown,0.0,1.0,237.0,{},0.0377,1000,0,1000,0
2024-07-19 13:00:00,163.85,167.87,162.28,167.04,415622.794,0.0001,60,0.0,0.0,unknown,,1000.0,0.0,0.0,,{},,{},1000.0,0.0,1000.0,,unknown,0.0,1.0,238.0,{},0.0495,1000,0,1000,0
2024-07-19 14:00:00,167.04,168.9,166.57,168.71,398124.735,0.0001,60,0.0,0.0,unknown,,1000.0,0.0,0.0,,{},,{},1000.0,0.0,1000.0,,unknown,0.0,1.0,239.0,{},0.0819,1000,0,1000,0
2024-07-19 15:00:00,168.7,169.09,167.08,168.8,254838.727,0.0001,60,0.0,0.0,unknown,,1000.0,0.0,0.0,,{},,{},1000.0,0.0,1000.0,,unknown,0.0,1.0,240.0,{},0.1158,1000,0,1000,0
2024-07-19 16:00:00,168.8,172.42,168.78,169.33,599084.815,5.1e-05,60,0.0,0.0,unknown,,1000.0,0.0,0.0,,{},,{},1000.0,0.0,1000.0,,unknown,0.0,1.0,241.0,{},0.1398,1000,0,1000,0
2024-07-19 17:00:00,169.34,170.71,168.86,170.57,164425.643,5.1e-05,60,0.0,0.0,unknown,,1000.0,0.0,0.0,,{},,{},1000.0,0.0,1000.0,,unknown,0.0,1.0,242.0,{},0.1739,1000,0,1000,0
2024-07-19 18:00:00,170.56,170.63,168.25,169.85,119888.645,5.1e-05,60,0.0,0.0,unknown,,1000.0,0.0,0.0,,{},,{},1000.0,0.0,1000.0,,unknown,0.0,1.0,243.0,{},0.1861,1000,0,1000,0
2024-07-19 19:00:00,169.85,170.95,169.2,170.46,184160.771,5.1e-05,60,0.0,0.0,unknown,,1000.0,0.0,0.0,,{},,{},1000.0,0.0,1000.0,,unknown,0.0,1.0,244.0,{},0.1947,1000,0,1000,0
2024-07-19 20:00:00,170.46,170.54,168.72,169.13,100957.225,5.1e-05,60,0.0,0.0,unknown,,1000.0,0.0,0.0,,{},,{},1000.0,0.0,1000.0,,unknown,0.0,1.0,245.0,{},0.1856,1000,0,1000,0
2024-07-19 21:00:00,169.12,169.92,167.79,168.06,86335.999,5.1e-05,60,0.0,0.0,unknown,,1000.0,0.0,0.0,,{},,{},1000.0,0.0,1000.0,,unknown,0.0,1.0,246.0,{},0.1714,1000,0,1000,0
2024-07-19 22:00:00,168.07,169.35,168.06,168.79,66072.102,5.1e-05,60,0.0,0.0,unknown,,1000.0,0.0,0.0,,{},,{},1000.0,0.0,1000.0,,unknown,0.0,1.0,247.0,{},0.1617,1000,0,1000,0
2024-07-19 23:00:00,168.78,169.64,168.69,169.13,46594.413,5.1e-05,60,0.0,0.0,unknown,,1000.0,0.0,0.0,,{},,{},1000.0,0.0,1000.0,,unknown,0.0,1.0,248.0,{},0.1603,1000,0,1000,0
2024-07-20 00:00:00,169.12,169.81,168.26,169.42,79767.476,5.1e-05,74,0.0,0.0,unknown,,1000.0,0.0,0.0,,{},,{},1000.0,0.0,1000.0,,unknown,0.0,1.0,249.0,{},0.1688,1000,0,1000,0
2024-07-20 01:00:00,169.41,170.86,169.28,170.21,79115.986,0.0001,74,0.0,0.0,unknown,,1000.0,0.0,0.0,,{},,{},1000.0,0.0,1000.0,,unknown,0.0,1.0,250.0,{},0.1752,1000,0,1000,0
2024-07-20 02:00:00,170.21,171.8,169.8,170.93,94699.448,0.0001,74,0.0,0.0,unknown,,1000.0,0.0,0.0,,{},,{},1000.0,0.0,1000.0,,unknown,0.0,1.0,251.0,{},0.1862,1000,0,1000,0
2024-07-20 03:00:00,170.93,171.5,169.5,169.57,74743.659,0.0001,74,0.0,0.0,unknown,,1000.0,0.0,0.0,,{},,{},1000.0,0.0,1000.0,,unknown,0.0,1.0,252.0,{},0.1653,1000,0,1000,0
2024-07-20 04:00:00,169.57,170.39,169.51,170.33,46393.81,0.0001,74,0.0,0.0,unknown,,1000.0,0.0,0.0,,{},,{},1000.0,0.0,1000.0,,unknown,0.0,1.0,253.0,{},0.1655,1000,0,1000,0
2024-07-20 05:00:00,170.33,170.33,169.25,169.92,38502.975,0.0001,74,0.0,0.0,unknown,,1000.0,0.0,0.0,,{},,{},1000.0,0.0,1000.0,,unknown,0.0,1.0,254.0,{},0.1555,1000,0,1000,0
2024-07-20 06:00:00,169.91,170.3,168.95,169.25,55516.336,0.0001,74,0.0,0.0,unknown,,1000.0,0.0,0.0,,{},,{},1000.0,0.0,1000.0,,unknown,0.0,1.0,255.0,{},0.1366,1000,0,1000,0
2024-07-20 07:00:00,169.24,169.48,168.5,168.57,88076.161,0.0001,74,0.0,0.0,unknown,,1000.0,0.0,0.0,,{},,{},1000.0,0.0,1000.0,,unknown,0.0,1.0,256.0,{},0.1441,1000,0,1000,0
2024-07-20 08:00:00,168.56,169.4,168.3,168.64,62159.826,2.4e-05,74,0.0,0.0,unknown,,1000.0,0.0,0.0,,{},,{},1000.0,0.0,1000.0,,unknown,0.0,1.0,257.0,{},0.1456,1000,0,1000,0
2024-07-20 09:00:00,168.64,169.84,168.24,169.06,51514.26,2.4e-05,74,0.0,0.0,unknown,,1000.0,0.0,0.0,,{},,{},1000.0,0.0,1000.0,,unknown,0.0,1.0,258.0,{},0.1686,1000,0,1000,0
2024-07-20 10:00:00,169.06,169.48,168.45,168.66,41816.455,2.4e-05,74,0.0,0.0,unknown,,1000.0,0.0,0.0,,{},,{},1000.0,0.0,1000.0,,unknown,0.0,1.0,259.0,{},0.166,1000,0,1000,0
2024-07-20 11:00:00,168.66,168.82,167.65,168.03,55295.532,2.4e-05,74,0.0,0.0,unknown,,1000.0,0.0,0.0,,{},,{},1000.0,0.0,1000.0,,unknown,0.0,1.0,260.0,{},0.1538,1000,0,1000,0
2024-07-20 12:00:00,168.04,168.95,167.96,168.39,54987.644,2.4e-05,74,0.0,0.0,unknown,,1000.0,0.0,0.0,,{},,{},1000.0,0.0,1000.0,,unknown,0.0,1.0,261.0,{},0.1383,1000,0,1000,0
2024-07-20 13:00:00,168.39,168.73,167.27,168.22,76726.137,2.4e-05,74,0.0,0.0,unknown,,1000.0,0.0,0.0,,{},,{},1000.0,0.0,1000.0,,unknown,0.0,1.0,262.0,{},0.1024,1000,0,1000,0
2024-07-20 14:00:00,168.22,169.43,168.04,169.07,55925.316,2.4e-05,74,0.0,0.0,unknown,,1000.0,0.0,0.0,,{},,{},1000.0,0.0,1000.0,,unknown,0.0,1.0,263.0,{},0.0726,1000,0,1000,0
2024-07-20 15:00:00,169.07,169.73,168.72,169.28,65785.68,2.4e-05,74,0.0,0.0,unknown,,1000.0,0.0,0.0,,{},,{},1000.0,0.0,1000.0,,unknown,0.0,1.0,264.0,{},0.053,1000,0,1000,0
2024-07-20 16:00:00,169.28,170.47,168.87,169.66,124123.357,3e-06,74,0.0,0.0,unknown,,1000.0,0.0,0.0,,{},,{},1000.0,0.0,1000.0,,unknown,0.0,1.0,265.0,{},0.0395,1000,0,1000,0
2024-07-20 17:00:00,169.67,174.5,169.32,174.24,360706.836,3e-06,74,0.0,0.0,unknown,,1000.0,0.0,0.0,,{},,{},1000.0,0.0,1000.0,,unknown,0.0,1.0,266.0,{},0.0537,1000,0,1000,0
2024-07-20 18:00:00,174.24,174.56,173.08,173.56,111982.145,3e-06,74,0.0,0.0,unknown,,1000.0,0.0,0.0,,{},,{},1000.0,0.0,1000.0,,unknown,0.0,1.0,267.0,{},0.0671,1000,0,1000,0
2024-07-20 19:00:00,173.55,174.11,172.17,172.42,86001.72,3e-06,74,0.0,0.0,unknown,,1000.0,0.0,0.0,,{},,{},1000.0,0.0,1000.0,,unknown,0.0,1.0,268.0,{},0.0693,1000,0,1000,0
2024-07-20 20:00:00,172.42,174.07,172.42,173.66,55323.514,3e-06,74,0.0,0.0,unknown,,1000.0,0.0,0.0,,{},,{},1000.0,0.0,1000.0,,unknown,0.0,1.0,269.0,{},0.0875,1000,0,1000,0
2024-07-20 21:00:00,173.67,174.51,172.7,174.49,113913.356,3e-06,74,0.0,0.0,unknown,,1000.0,0.0,0.0,,{},,{},1000.0,0.0,1000.0,,unknown,0.0,1.0,270.0,{},0.1161,1000,0,1000,0
2024-07-20 22:00:00,174.49,175.1,172.9,173.38,126467.543,3e-06,74,0.0,0.0,unknown,,1000.0,0.0,0.0,,{},,{},1000.0,0.0,1000.0,,unknown,0.0,1.0,271.0,{},0.1123,1000,0,1000,0
2024-07-20 23:00:00,173.38,174.33,173.2,173.6,48250.874,3e-06,74,0.0,0.0,unknown,,1000.0,0.0,0.0,,{},,{},1000.0,0.0,1000.0,,unknown,0.0,1.0,272.0,{},0.1084,1000,0,1000,0
2024-07-21 00:00:00,173.6,174.17,172.74,172.96,75977.302,0.0001,74,0.0,0.0,unknown,,1000.0,0.0,0.0,,{},,{},1000.0,0.0,1000.0,,unknown,0.0,1.0,273.0,{},0.1037,1000,0,1000,0
2024-07-21 01:00:00,172.96,174.51,172.96,174.08,72825.183,0.0001,74,0.0,0.0,unknown,,1000.0,0.0,0.0,,{},,{},1000.0,0.0,1000.0,,unknown,0.0,1.0,274.0,{},0.1002,1000,0,1000,0
2024-07-21 02:00:00,174.07,175.5,173.52,173.53,79398.359,0.0001,74,0.0,0.0,unknown,,1000.0,0.0,0.0,,{},,{},1000.0,0.0,1000.0,,unknown,0.0,1.0,275.0,{},0.0873,1000,0,1000,0
2024-07-21 03:00:00,173.53,174.07,173.07,173.14,46999.811,0.0001,74,0.0,0.0,unknown,,1000.0,0.0,0.0,,{},,{},1000.0,0.0,1000.0,,unknown,0.0,1.0,276.0,{},0.0881,1000,0,1000,0
2024-07-21 04:00:00,173.13,173.8,172.94,173.11,81502.265,0.0001,74,0.0,0.0,unknown,,1000.0,0.0,0.0,,{},,{},1000.0,0.0,1000.0,,unknown,0.0,1.0,277.0,{},0.0834,1000,0,1000,0
2024-07-21 05:00:00,173.11,173.45,172.47,173.13,43850.599,0.0001,74,0.0,0.0,unknown,,1000.0,0.0,0.0,,{},,{},1000.0,0.0,1000.0,,unknown,0.0,1.0,278.0,{},0.0845,1000,0,1000,0
2024-07-21 06:00:00,173.13,173.41,171.13,171.34,97483.592,0.0001,74,0.0,0.0,unknown,,1000.0,0.0,0.0,,{},,{},1000.0,0.0,1000.0,,unknown,0.0,1.0,279.0,{},0.074,1000,0,1000,0
2024-07-21 07:00:00,171.33,171.94,170.97,171.33,68474.029,0.0001,74,0.0,0.0,unknown,,1000.0,0.0,0.0,,{},,{},1000.0,0.0,1000.0,,unknown,0.0,1.0,280.0,{},0.0746,1000,0,1000,0
2024-07-21 08:00:00,171.33,171.98,171.24,171.45,43680.359,0.0001,74,0.0,0.0,unknown,,1000.0,0.0,0.0,,{},,{},1000.0,0.0,1000.0,,unknown,0.0,1.0,281.0,{},0.0752,1000,0,1000,0
2024-07-21 09:00:00,171.45,172.75,171.27,172.65,50254.12,0.0001,74,0.0,0.0,unknown,,1000.0,0.0,0.0,,{},,{},1000.0,0.0,1000.0,,unknown,0.0,1.0,282.0,{},0.0803,1000,0,1000,0
2024-07-21 10:00:00,172.66,173.03,172.15,172.2,49034.146,0.0001,74,0.0,0.0,unknown,,1000.0,0.0,0.0,,{},,{},1000.0,0.0,1000.0,,unknown,0.0,1.0,283.0,{},0.0837,1000,0,1000,0
2024-07-21 11:00:00,172.2,172.98,172.01,172.88,51944.636,0.0001,74,0.0,0.0,unknown,,1000.0,0.0,0.0,,{},,{},1000.0,0.0,1000.0,,unknown,0.0,1.0,284.0,{},0.0971,1000,0,1000,0
2024-07-21 12:00:00,172.87,173.39,172.35,172.72,51329.046,0.0001,74,0.0,0.0,unknown,,1000.0,0.0,0.0,,{},,{},1000.0,0.0,1000.0,,unknown,0.0,1.0,285.0,{},0.1028,1000,0,1000,0
2024-07-21 13:00:00,172.71,173.41,171.56,172.18,101042.267,0.0001,74,0.0,0.0,unknown,,1000.0,0.0,0.0,,{},,{},1000.0,0.0,1000.0,,unknown,0.0,1.0,286.0,{},0.103,1000,0,1000,0
2024-07-21 14:00:00,172.18,174.53,171.31,174.02,130795.144,0.0001,74,0.0,0.0,unknown,,1000.0,0.0,0.0,,{},,{},1000.0,0.0,1000.0,,unknown,0.0,1.0,287.0,{},0.1077,1000,0,1000,0
2024-07-21 15:00:00,174.03,176.66,173.35,175.4,342411.18,0.0001,74,0.0,0.0,unknown,,1000.0,0.0,0.0,,{},,{},1000.0,0.0,1000.0,,unknown,0.0,1.0,288.0,{},0.1211,1000,0,1000,0
2024-07-21 16:00:00,175.4,177.27,174.5,176.99,210321.624,5.5e-05,74,0.0,0.0,unknown,,1000.0,0.0,0.0,,{},,{},1000.0,0.0,1000.0,,unknown,0.0,1.0,289.0,{},0.1349,1000,0,1000,0
2024-07-21 17:00:00,176.98,177.19,172.45,173.53,244943.935,5.5e-05,74,0.0,0.0,unknown,,1000.0,0.0,0.0,,{},,{},1000.0,0.0,1000.0,,unknown,0.0,1.0,290.0,{},0.0889,1000,0,1000,0
2024-07-21 18:00:00,173.54,178.18,170.27,175.0,546850.78,5.5e-05,74,0.0,0.0,unknown,,1000.0,0.0,0.0,,{},,{},1000.0,0.0,1000.0,,unknown,0.0,1.0,291.0,{},0.0687,1000,0,1000,0
2024-07-21 19:00:00,175.0,178.1,174.28,177.98,175621.163,5.5e-05,74,0.0,0.0,unknown,,1000.0,0.0,0.0,,{},,{},1000.0,0.0,1000.0,,unknown,0.0,1.0,292.0,{},0.0788,1000,0,1000,0
2024-07-21 20:00:00,177.98,184.87,177.42,182.29,627884.137,5.5e-05,74,0.0,0.0,unknown,,1000.0,0.0,0.0,,{},,{},1000.0,0.0,1000.0,,unknown,0.0,1.0,293.0,{},0.0945,1000,0,1000,0
2024-07-21 21:00:00,182.3,184.81,181.5,184.27,176266.242,5.5e-05,74,0.0,0.0,unknown,,1000.0,0.0,0.0,,{},,{},1000.0,0.0,1000.0,,unknown,0.0,1.0,294.0,{},0.1106,1000,0,1000,0
2024-07-21 22:00:00,184.27,184.45,182.73,183.95,124358.297,5.5e-05,74,0.0,0.0,unknown,,1000.0,0.0,0.0,,{},,{},1000.0,0.0,1000.0,,unknown,0.0,1.0,295.0,{},0.1329,1000,0,1000,0
2024-07-21 23:00:00,183.95,185.17,183.55,184.49,191288.195,5.5e-05,74,0.0,0.0,unknown,,1000.0,0.0,0.0,,{},,{},1000.0,0.0,1000.0,,unknown,0.0,1.0,296.0,{},0.1522,1000,0,1000,0
2024-07-22 00:00:00,184.49,185.0,182.8,183.01,132243.102,0.0001,70,0.0,0.0,unknown,,1000.0,0.0,0.0,,{},,{},1000.0,0.0,1000.0,,unknown,0.0,1.0,297.0,{},0.1533,1000,0,1000,0
2024-07-22 01:00:00,183.01,183.33,181.22,181.34,137295.504,0.0001,70,0.0,0.0,unknown,,1000.0,0.0,0.0,,{},,{},1000.0,0.0,1000.0,,unknown,0.0,1.0,298.0,{},0.1379,1000,0,1000,0
2024-07-22 02:00:00,181.35,183.28,181.05,182.36,112618.575,0.0001,70,0.0,0.0,unknown,,1000.0,0.0,0.0,,{},,{},1000.0,0.0,1000.0,,unknown,0.0,1.0,299.0,{},0.1372,1000,0,1000,0
2024-07-22 03:00:00,182.36,182.57,180.33,180.94,117126.796,0.0001,70,0.0,0.0,unknown,,1000.0,0.0,0.0,,{},,{},1000.0,0.0,1000.0,,unknown,0.0,1.0,300.0,{},0.1299,1000,0,1000,0
2024-07-22 04:00:00,180.94,181.81,180.57,181.27,69440.157,0.0001,70,0.0,0.0,unknown,,1000.0,0.0,0.0,,{},,{},1000.0,0.0,1000.0,,unknown,0.0,1.0,301.0,{},0.1328,1000,0,1000,0
2024-07-22 05:00:00,181.28,181.56,178.16,179.3,161101.251,0.0001,70,0.0,0.0,unknown,,1000.0,0.0,0.0,,{},,{},1000.0,0.0,1000.0,,unknown,0.0,1.0,302.0,{},0.1188,1000,0,1000,0
2024-07-22 06:00:00,179.31,180.24,178.25,179.49,142485.0,0.0001,70,0.0,0.0,unknown,,1000.0,0.0,0.0,,{},,{},1000.0,0.0,1000.0,,unknown,0.0,1.0,303.0,{},0.122,1000,0,1000,0
2024-07-22 07:00:00,179.49,179.5,177.65,178.39,148555.977,0.0001,70,0.0,0.0,unknown,,1000.0,0.0,0.0,,{},,{},1000.0,0.0,1000.0,,unknown,0.0,1.0,304.0,{},0.1176,1000,0,1000,0
2024-07-22 08:00:00,178.39,179.37,176.71,177.23,167213.969,0.0001,70,0.0,0.0,unknown,,1000.0,0.0,0.0,,{},,{},1000.0,0.0,1000.0,,unknown,0.0,1.0,305.0,{},0.1092,1000,0,1000,0
2024-07-22 09:00:00,177.23,178.96,176.73,178.96,126370.351,0.0001,70,0.0,0.0,unknown,,1000.0,0.0,0.0,,{},,{},1000.0,0.0,1000.0,,unknown,0.0,1.0,306.0,{},0.1049,1000,0,1000,0
2024-07-22 10:00:00,178.96,180.98,178.7,179.55,206197.717,0.0001,70,0.0,0.0,unknown,,1000.0,0.0,0.0,,{},,{},1000.0,0.0,1000.0,,unknown,0.0,1.0,307.0,{},0.1063,1000,0,1000,0
2024-07-22 11:00:00,179.56,180.9,179.24,180.59,107616.974,0.0001,70,0.0,0.0,unknown,,1000.0,0.0,0.0,,{},,{},1000.0,0.0,1000.0,,unknown,0.0,1.0,308.0,{},0.1092,1000,0,1000,0
2024-07-22 12:00:00,180.59,181.2,179.37,180.44,139970.888,0.0001,70,0.0,0.0,unknown,,1000.0,0.0,0.0,,{},,{},1000.0,0.0,1000.0,,unknown,0.0,1.0,309.0,{},0.1109,1000,0,1000,0
2024-07-22 13:00:00,180.44,181.86,178.13,178.73,213737.236,0.0001,70,0.0,0.0,unknown,,1000.0,0.0,0.0,,{},,{},1000.0,0.0,1000.0,,unknown,0.0,1.0,310.0,{},0.1032,1000,0,1000,0
2024-07-22 14:00:00,178.73,180.18,177.24,178.16,195204.114,0.0001,70,0.0,0.0,unknown,,1000.0,0.0,0.0,,{},,{},1000.0,0.0,1000.0,,unknown,0.0,1.0,311.0,{},0.0889,1000,0,1000,0
2024-07-22 15:00:00,178.16,180.62,177.0,179.88,233867.578,0.0001,70,0.0,0.0,unknown,,1000.0,0.0,0.0,,{},,{},1000.0,0.0,1000.0,,unknown,0.0,1.0,312.0,{},0.0797,1000,0,1000,0
2024-07-22 16:00:00,179.87,180.75,178.9,179.14,115313.779,7.1e-05,70,0.0,0.0,unknown,,1000.0,0.0,0.0,,{},,{},1000.0,0.0,1000.0,,unknown,0.0,1.0,313.0,{},0.0643,1000,0,1000,0
2024-07-22 17:00:00,179.14,181.45,178.61,181.21,115415.617,7.1e-05,70,0.0,0.0,unknown,,1000.0,0.0,0.0,,{},,{},1000.0,0.0,1000.0,,unknown,0.0,1.0,314.0,{},0.0809,1000,0,1000,0
2024-07-22 18:00:00,181.2,182.96,180.8,181.0,114736.601,7.1e-05,70,0.0,0.0,unknown,,1000.0,0.0,0.0,,{},,{},1000.0,0.0,1000.0,,unknown,0.0,1.0,315.0,{},0.0894,1000,0,1000,0
2024-07-22 19:00:00,181.0,183.0,180.72,182.86,88499.018,7.1e-05,70,0.0,0.0,unknown,,1000.0,0.0,0.0,,{},,{},1000.0,0.0,1000.0,,unknown,0.0,1.0,316.0,{},0.0877,1000,0,1000,0
2024-07-22 20:00:00,182.85,183.38,181.69,182.52,125972.373,7.1e-05,70,0.0,0.0,unknown,,1000.0,0.0,0.0,,{},,{},1000.0,0.0,1000.0,,unknown,0.0,1.0,317.0,{},0.0597,1000,0,1000,0
2024-07-22 21:00:00,182.51,182.51,179.21,180.15,139249.658,7.1e-05,70,0.0,0.0,unknown,,1000.0,0.0,0.0,,{},,{},1000.0,0.0,1000.0,,unknown,0.0,1.0,318.0,{},0.0625,1000,0,1000,0
2024-07-22 22:00:00,180.16,180.21,178.1,178.52,129499.151,7.1e-05,70,0.0,0.0,unknown,,1000.0,0.0,0.0,,{},,{},1000.0,0.0,1000.0,,unknown,0.0,1.0,319.0,{},0.0702,1000,0,1000,0
2024-07-22 23:00:00,178.51,179.41,177.11,178.9,105878.139,7.1e-05,70,0.0,0.0,unknown,,1000.0,0.0,0.0,,{},,{},1000.0,0.0,1000.0,,unknown,0.0,1.0,320.0,{},0.0787,1000,0,1000,0
2024-07-23 00:00:00,178.9,180.54,178.63,178.79,84706.6,0.0001,71,0.0,0.0,unknown,,1000.0,0.0,0.0,,{},,{},1000.0,0.0,1000.0,,unknown,0.0,1.0,321.0,{},0.0801,1000,0,1000,0
2024-07-23 01:00:00,178.79,179.49,177.64,178.28,95138.649,0.0001,71,0.0,0.0,unknown,,1000.0,0.0,0.0,,{},,{},1000.0,0.0,1000.0,,unknown,0.0,1.0,322.0,{},0.075,1000,0,1000,0
2024-07-23 02:00:00,178.27,179.56,177.14,179.52,86716.116,0.0001,71,0.0,0.0,unknown,,1000.0,0.0,0.0,,{},,{},1000.0,0.0,1000.0,,unknown,0.0,1.0,323.0,{},0.0685,1000,0,1000,0
2024-07-23 03:00:00,179.52,179.91,178.91,179.1,59330.402,0.0001,71,0.0,0.0,unknown,,1000.0,0.0,0.0,,{},,{},1000.0,0.0,1000.0,,unknown,0.0,1.0,324.0,{},0.0581,1000,0,1000,0
2024-07-23 04:00:00,179.09,179.1,175.6,175.63,163513.105,0.0001,71,0.0,0.0,unknown,,1000.0,0.0,0.0,,{},,{},1000.0,0.0,1000.0,,unknown,0.0,1.0,325.0,{},0.07,1000,0,1000,0
2024-07-23 05:00:00,175.63,175.92,173.73,174.43,242318.417,0.0001,71,0.0,0.0,unknown,,1000.0,0.0,0.0,,{},,{},1000.0,0.0,1000.0,,unknown,0.0,1.0,326.0,{},0.0773,1000,0,1000,0
2024-07-23 06:00:00,174.43,176.0,174.04,175.03,186699.877,0.0001,71,0.0,0.0,unknown,,1000.0,0.0,0.0,,{},,{},1000.0,0.0,1000.0,,unknown,0.0,1.0,327.0,{},0.0794,1000,0,1000,0
2024-07-23 07:00:00,175.02,176.37,174.67,176.06,107750.558,0.0001,71,0.0,0.0,unknown,,1000.0,0.0,0.0,,{},,{},1000.0,0.0,1000.0,,unknown,0.0,1.0,328.0,{},0.0718,1000,0,1000,0
2024-07-23 08:00:00,176.06,178.03,175.76,177.31,230804.121,0.0001,71,0.0,0.0,unknown,,1000.0,0.0,0.0,,{},,{},1000.0,0.0,1000.0,,unknown,0.0,1.0,329.0,{},0.0488,1000,0,1000,0
2024-07-23 09:00:00,177.31,178.28,176.66,177.85,149185.287,0.0001,71,0.0,0.0,unknown,,1000.0,0.0,0.0,,{},,{},1000.0,0.0,1000.0,,unknown,0.0,1.0,330.0,{},0.04,1000,0,1000,0
2024-07-23 10:00:00,177.84,178.73,177.23,177.24,99769.786,0.0001,71,0.0,0.0,unknown,,1000.0,0.0,0.0,,{},,{},1000.0,0.0,1000.0,,unknown,0.0,1.0,331.0,{},0.042,1000,0,1000,0
2024-07-23 11:00:00,177.22,177.24,174.1,175.62,209777.967,0.0001,71,0.0,0.0,unknown,,1000.0,0.0,0.0,,{},,{},1000.0,0.0,1000.0,,unknown,0.0,1.0,332.0,{},0.0638,1000,0,1000,0
2024-07-23 12:00:00,175.62,176.05,174.18,175.35,139168.159,0.0001,71,0.0,0.0,unknown,,1000.0,0.0,0.0,,{},,{},1000.0,0.0,1000.0,,unknown,0.0,1.0,333.0,{},0.0778,1000,0,1000,0
2024-07-23 13:00:00,175.34,175.9,172.18,173.82,258327.378,0.0001,71,0.0,0.0,unknown,,1000.0,0.0,0.0,,{},,{},1000.0,0.0,1000.0,,unknown,0.0,1.0,334.0,{},0.0873,1000,0,1000,0
2024-07-23 14:00:00,173.83,178.39,173.57,178.22,238351.249,0.0001,71,0.0,0.0,unknown,,1000.0,0.0,0.0,,{},,{},1000.0,0.0,1000.0,,unknown,0.0,1.0,335.0,{},0.0538,1000,0,1000,0
2024-07-23 15:00:00,178.22,178.28,175.49,176.49,273704.477,0.0001,71,0.0,0.0,unknown,,1000.0,0.0,0.0,,{},,{},1000.0,0.0,1000.0,,unknown,0.0,1.0,336.0,{},0.0538,1000,0,1000,0
2024-07-23 16:00:00,176.48,176.99,169.72,171.57,352403.356,0.0001,71,0.0,0.0,unknown,,1000.0,0.0,0.0,,{},,{},1000.0,0.0,1000.0,,unknown,0.0,1.0,337.0,{},0.0661,1000,0,1000,0
2024-07-23 17:00:00,171.57,174.03,169.96,173.8,327921.454,0.0001,71,0.0,0.0,unknown,,1000.0,0.0,0.0,,{},,{},1000.0,0.0,1000.0,,unknown,0.0,1.0,338.0,{},0.0773,1000,0,1000,0
2024-07-23 18:00:00,173.79,174.5,172.29,172.61,111807.057,0.0001,71,0.0,0.0,unknown,,1000.0,0.0,0.0,,{},,{},1000.0,0.0,1000.0,,unknown,0.0,1.0,339.0,{},0.0829,1000,0,1000,0
2024-07-23 19:00:00,172.61,173.83,171.47,171.98,132631.087,0.0001,71,0.0,0.0,unknown,,1000.0,0.0,0.0,,{},,{},1000.0,0.0,1000.0,,unknown,0.0,1.0,340.0,{},0.1009,1000,0,1000,0
2024-07-23 20:00:00,171.99,174.24,171.78,173.72,100299.661,0.0001,71,0.0,0.0,unknown,,1000.0,0.0,0.0,,{},,{},1000.0,0.0,1000.0,,unknown,0.0,1.0,341.0,{},0.0977,1000,0,1000,0
2024-07-23 21:00:00,173.72,174.73,173.0,173.01,66642.721,0.0001,71,0.0,0.0,unknown,,1000.0,0.0,0.0,,{},,{},1000.0,0.0,1000.0,,unknown,0.0,1.0,342.0,{},0.0896,1000,0,1000,0
2024-07-23 22:00:00,173.0,173.73,172.38,172.91,88176.039,0.0001,71,0.0,0.0,unknown,,1000.0,0.0,0.0,,{},,{},1000.0,0.0,1000.0,,unknown,0.0,1.0,343.0,{},0.0819,1000,0,1000,0
2024-07-23 23:00:00,172.9,173.39,171.16,173.03,90683.809,0.0001,71,0.0,0.0,unknown,,1000.0,0.0,0.0,,{},,{},1000.0,0.0,1000.0,,unknown,0.0,1.0,344.0,{},0.0782,1000,0,1000,0
2024-07-24 00:00:00,173.03,174.4,170.9,171.07,124409.679,4.6e-05,69,0.0,0.0,unknown,,1000.0,0.0,0.0,,{},,{},1000.0,0.0,1000.0,,unknown,0.0,1.0,345.0,{},0.081,1000,0,1000,0
2024-07-24 01:00:00,171.07,173.33,170.97,171.6,99678.55,4.6e-05,69,0.0,0.0,unknown,,1000.0,0.0,0.0,,{},,{},1000.0,0.0,1000.0,,unknown,0.0,1.0,346.0,{},0.08,1000,0,1000,0
2024-07-24 02:00:00,171.6,173.48,171.09,173.36,68738.849,4.6e-05,69,0.0,0.0,unknown,,1000.0,0.0,0.0,,{},,{},1000.0,0.0,1000.0,,unknown,0.0,1.0,347.0,{},0.0753,1000,0,1000,0
2024-07-24 03:00:00,173.37,174.49,172.76,173.65,85134.935,4.6e-05,69,0.0,0.0,unknown,,1000.0,0.0,0.0,,{},,{},1000.0,0.0,1000.0,,unknown,0.0,1.0,348.0,{},0.0704,1000,0,1000,0
2024-07-24 04:00:00,173.64,173.87,172.78,173.53,83574.012,4.6e-05,69,0.0,0.0,unknown,,1000.0,0.0,0.0,,{},,{},1000.0,0.0,1000.0,,unknown,0.0,1.0,349.0,{},0.0553,1000,0,1000,0
2024-07-24 05:00:00,173.52,173.57,172.21,173.08,75698.269,4.6e-05,69,0.0,0.0,unknown,,1000.0,0.0,0.0,,{},,{},1000.0,0.0,1000.0,,unknown,0.0,1.0,350.0,{},0.0428,1000,0,1000,0
2024-07-24 06:00:00,173.08,174.2,172.7,173.82,102007.08,4.6e-05,69,0.0,0.0,unknown,,1000.0,0.0,0.0,,{},,{},1000.0,0.0,1000.0,,unknown,0.0,1.0,351.0,{},0.0336,1000,0,1000,0
2024-07-24 07:00:00,173.83,174.6,173.44,174.25,115586.652,4.6e-05,69,0.0,0.0,unknown,,1000.0,0.0,0.0,,{},,{},1000.0,0.0,1000.0,,unknown,0.0,1.0,352.0,{},0.0304,1000,0,1000,0
2024-07-24 08:00:00,174.25,177.42,173.66,176.7,252375.406,0.0001,69,0.0,0.0,unknown,,1000.0,0.0,0.0,,{},,{},1000.0,0.0,1000.0,,unknown,0.0,1.0,353.0,{},0.0225,1000,0,1000,0
2024-07-24 09:00:00,176.7,177.0,175.9,176.42,80006.548,0.0001,69,0.0,0.0,unknown,,1000.0,0.0,0.0,,{},,{},1000.0,0.0,1000.0,,unknown,0.0,1.0,354.0,{},0.0211,1000,0,1000,0
2024-07-24 10:00:00,176.42,177.74,176.27,177.5,113490.093,0.0001,69,0.0,0.0,unknown,,1000.0,0.0,0.0,,{},,{},1000.0,0.0,1000.0,,unknown,0.0,1.0,355.0,{},0.0153,1000,0,1000,0
2024-07-24 11:00:00,177.49,178.52,177.45,177.76,127511.281,0.0001,69,0.0,0.0,unknown,,1000.0,0.0,0.0,,{},,{},1000.0,0.0,1000.0,,unknown,0.0,1.0,356.0,{},0.0197,1000,0,1000,0
2024-07-24 12:00:00,177.77,178.0,176.21,176.42,127130.685,0.0001,69,0.0,0.0,unknown,,1000.0,0.0,0.0,,{},,{},1000.0,0.0,1000.0,,unknown,0.0,1.0,357.0,{},0.0175,1000,0,1000,0
2024-07-24 13:00:00,176.43,179.0,176.31,177.37,127955.722,0.0001,69,0.0,0.0,unknown,,1000.0,0.0,0.0,,{},,{},1000.0,0.0,1000.0,,unknown,0.0,1.0,358.0,{},0.0267,1000,0,1000,0
2024-07-24 14:00:00,177.37,182.08,177.04,180.91,428435.656,0.0001,69,0.0,0.0,unknown,,1000.0,0.0,0.0,,{},,{},1000.0,0.0,1000.0,,unknown,0.0,1.0,359.0,{},0.0287,1000,0,1000,0
2024-07-24 15:00:00,180.92,181.95,177.7,177.76,287152.368,0.0001,69,0.0,0.0,unknown,,1000.0,0.0,0.0,,{},,{},1000.0,0.0,1000.0,,unknown,0.0,1.0,360.0,{},0.0232,1000,0,1000,0
2024-07-24 16:00:00,177.77,180.69,176.44,180.5,328096.108,7.1e-05,69,0.0,0.0,unknown,,1000.0,0.0,0.0,,{},,{},1000.0,0.0,1000.0,,unknown,0.0,1.0,361.0,{},0.0516,1000,0,1000,0
2024-07-24 17:00:00,180.5,182.5,180.38,181.55,203323.392,7.1e-05,69,0.0,0.0,unknown,,1000.0,0.0,0.0,,{},,{},1000.0,0.0,1000.0,,unknown,0.0,1.0,362.0,{},0.0686,1000,0,1000,0
2024-07-24 18:00:00,181.55,181.73,177.4,177.86,352124.731,7.1e-05,69,0.0,0.0,unknown,,1000.0,0.0,0.0,,{},,{},1000.0,0.0,1000.0,,unknown,0.0,1.0,363.0,{},0.0632,1000,0,1000,0
2024-07-24 19:00:00,177.86,180.08,177.27,178.2,124928.78,7.1e-05,69,0.0,0.0,unknown,,1000.0,0.0,0.0,,{},,{},1000.0,0.0,1000.0,,unknown,0.0,1.0,364.0,{},0.0666,1000,0,1000,0
2024-07-24 20:00:00,178.2,180.3,177.97,180.1,114749.57,7.1e-05,69,0.0,0.0,unknown,,1000.0,0.0,0.0,,{},,{},1000.0,0.0,1000.0,,unknown,0.0,1.0,365.0,{},0.0682,1000,0,1000,0
2024-07-24 21:00:00,180.1,180.33,175.53,177.49,163808.774,7.1e-05,69,0.0,0.0,unknown,,1000.0,0.0,0.0,,{},,{},1000.0,0.0,1000.0,,unknown,0.0,1.0,366.0,{},0.0637,1000,0,1000,0
2024-07-24 22:00:00,177.5,179.26,177.13,177.37,135481.977,7.1e-05,69,0.0,0.0,unknown,,1000.0,0.0,0.0,,{},,{},1000.0,0.0,1000.0,,unknown,0.0,1.0,367.0,{},0.0586,1000,0,1000,0
2024-07-24 23:00:00,177.36,178.25,176.0,178.06,123778.596,7.1e-05,69,0.0,0.0,unknown,,1000.0,0.0,0.0,,{},,{},1000.0,0.0,1000.0,,unknown,0.0,1.0,368.0,{},0.0569,1000,0,1000,0
2024-07-25 00:00:00,178.07,179.59,177.11,178.49,104807.99,8.1e-05,68,0.0,0.0,unknown,,1000.0,0.0,0.0,,{},,{},1000.0,0.0,1000.0,,unknown,0.0,1.0,369.0,{},0.0649,1000,0,1000,0
2024-07-25 01:00:00,178.48,178.51,172.01,175.43,688659.915,8.1e-05,68,0.0,0.0,unknown,,1000.0,0.0,0.0,,{},,{},1000.0,0.0,1000.0,,unknown,0.0,1.0,370.0,{},0.0547,1000,0,1000,0
2024-07-25 02:00:00,175.43,175.43,167.95,170.84,435331.657,8.1e-05,68,0.0,0.0,unknown,,1000.0,0.0,0.0,,{},,{},1000.0,0.0,1000.0,,unknown,0.0,1.0,371.0,{},0.0432,1000,0,1000,0
2024-07-25 03:00:00,170.85,171.0,169.33,170.53,145719.308,8.1e-05,68,0.0,0.0,unknown,,1000.0,0.0,0.0,,{},,{},1000.0,0.0,1000.0,,unknown,0.0,1.0,372.0,{},0.0402,1000,0,1000,0
2024-07-25 04:00:00,170.53,172.85,169.29,172.08,193811.952,8.1e-05,68,0.0,0.0,unknown,,1000.0,0.0,0.0,,{},,{},1000.0,0.0,1000.0,,unknown,0.0,1.0,373.0,{},0.0321,1000,0,1000,0
2024-07-25 05:00:00,172.09,172.99,170.28,170.53,118315.089,8.1e-05,68,0.0,0.0,unknown,,1000.0,0.0,0.0,,{},,{},1000.0,0.0,1000.0,,unknown,0.0,1.0,374.0,{},0.0308,1000,0,1000,0
2024-07-25 06:00:00,170.53,172.0,169.73,171.65,138025.406,8.1e-05,68,0.0,0.0,unknown,,1000.0,0.0,0.0,,{},,{},1000.0,0.0,1000.0,,unknown,0.0,1.0,375.0,{},0.0279,1000,0,1000,0
2024-07-25 07:00:00,171.65,172.09,169.29,169.4,132007.951,8.1e-05,68,0.0,0.0,unknown,,1000.0,0.0,0.0,,{},,{},1000.0,0.0,1000.0,,unknown,0.0,1.0,376.0,{},0.0329,1000,0,1000,0
2024-07-25 08:00:00,169.4,171.0,168.5,170.3,177503.119,9.8e-05,68,0.0,0.0,unknown,,1000.0,0.0,0.0,,{},,{},1000.0,0.0,1000.0,,unknown,0.0,1.0,377.0,{},0.0417,1000,0,1000,0
2024-07-25 09:00:00,170.3,171.28,169.59,169.95,89880.083,9.8e-05,68,0.0,0.0,unknown,,1000.0,0.0,0.0,,{},,{},1000.0,0.0,1000.0,,unknown,0.0,1.0,378.0,{},0.0482,1000,0,1000,0
2024-07-25 10:00:00,169.95,170.04,167.04,168.04,227062.075,9.8e-05,68,0.0,0.0,unknown,,1000.0,0.0,0.0,,{},,{},1000.0,0.0,1000.0,,unknown,0.0,1.0,379.0,{},0.0609,1000,0,1000,0
2024-07-25 11:00:00,168.05,169.3,167.68,168.81,117663.452,9.8e-05,68,0.0,0.0,unknown,,1000.0,0.0,0.0,,{},,{},1000.0,0.0,1000.0,,unknown,0.0,1.0,380.0,{},0.0676,1000,0,1000,0
2024-07-25 12:00:00,168.81,169.79,166.26,167.51,193723.92,9.8e-05,68,0.0,0.0,unknown,,1000.0,0.0,0.0,,{},,{},1000.0,0.0,1000.0,,unknown,0.0,1.0,381.0,{},0.0716,1000,0,1000,0
2024-07-25 13:00:00,167.51,168.84,166.46,168.14,159606.912,9.8e-05,68,0.0,0.0,unknown,,1000.0,0.0,0.0,,{},,{},1000.0,0.0,1000.0,,unknown,0.0,1.0,382.0,{},0.0763,1000,0,1000,0
2024-07-25 14:00:00,168.13,171.48,165.71,171.31,399986.435,9.8e-05,68,0.0,0.0,unknown,,1000.0,0.0,0.0,,{},,{},1000.0,0.0,1000.0,,unknown,0.0,1.0,383.0,{},0.0778,1000,0,1000,0
2024-07-25 15:00:00,171.31,172.06,169.6,170.43,203057.82,9.8e-05,68,0.0,0.0,unknown,,1000.0,0.0,0.0,,{},,{},1000.0,0.0,1000.0,,unknown,0.0,1.0,384.0,{},0.0751,1000,0,1000,0
2024-07-25 16:00:00,170.44,172.5,169.38,170.83,152933.116,7.8e-05,68,0.0,0.0,unknown,,1000.0,0.0,0.0,,{},,{},1000.0,0.0,1000.0,,unknown,0.0,1.0,385.0,{},0.0828,1000,0,1000,0
2024-07-25 17:00:00,170.83,171.74,169.62,170.3,220355.028,7.8e-05,68,0.0,0.0,unknown,,1000.0,0.0,0.0,,{},,{},1000.0,0.0,1000.0,,unknown,0.0,1.0,386.0,{},0.0945,1000,0,1000,0
2024-07-25 18:00:00,170.3,170.94,167.0,167.65,190123.543,7.8e-05,68,0.0,0.0,unknown,,1000.0,0.0,0.0,,{},,{},1000.0,0.0,1000.0,,unknown,0.0,1.0,387.0,{},0.0979,1000,0,1000,0
2024-07-25 19:00:00,167.65,168.79,166.66,168.13,155355.036,7.8e-05,68,0.0,0.0,unknown,,1000.0,0.0,0.0,,{},,{},1000.0,0.0,1000.0,,unknown,0.0,1.0,388.0,{},0.1009,1000,0,1000,0
2024-07-25 20:00:00,168.13,170.66,165.42,170.65,195705.454,7.8e-05,68,0.0,0.0,unknown,,1000.0,0.0,0.0,,{},,{},1000.0,0.0,1000.0,,unknown,0.0,1.0,389.0,{},0.0968,1000,0,1000,0
2024-07-25 21:00:00,170.66,172.65,170.15,171.91,199648.587,7.8e-05,68,0.0,0.0,unknown,,1000.0,0.0,0.0,,{},,{},1000.0,0.0,1000.0,,unknown,0.0,1.0,390.0,{},0.0868,1000,0,1000,0
2024-07-25 22:00:00,171.91,172.85,171.08,172.29,95588.347,7.8e-05,68,0.0,0.0,unknown,,1000.0,0.0,0.0,,{},,{},1000.0,0.0,1000.0,,unknown,0.0,1.0,391.0,{},0.0762,1000,0,1000,0
2024-07-25 23:00:00,172.28,172.9,171.21,171.85,124515.233,7.8e-05,68,0.0,0.0,unknown,,1000.0,0.0,0.0,,{},,{},1000.0,0.0,1000.0,,unknown,0.0,1.0,392.0,{},0.0756,1000,0,1000,0
2024-07-26 00:00:00,171.86,173.56,171.69,172.9,201126.444,7.5e-05,68,0.0,0.0,unknown,,1000.0,0.0,0.0,,{},,{},1000.0,0.0,1000.0,,unknown,0.0,1.0,393.0,{},0.0737,1000,0,1000,0
2024-07-26 01:00:00,172.9,174.28,172.57,174.05,176438.165,7.5e-05,68,0.0,0.0,unknown,,1000.0,0.0,0.0,,{},,{},1000.0,0.0,1000.0,,unknown,0.0,1.0,394.0,{},0.0531,1000,0,1000,0
2024-07-26 02:00:00,174.06,176.04,173.85,175.61,223441.24,7.5e-05,68,0.0,0.0,unknown,,1000.0,0.0,0.0,,{},,{},1000.0,0.0,1000.0,,unknown,0.0,1.0,395.0,{},0.0503,1000,0,1000,0
2024-07-26 03:00:00,175.61,176.94,175.01,175.75,184342.492,7.5e-05,68,0.0,0.0,unknown,,1000.0,0.0,0.0,,{},,{},1000.0,0.0,1000.0,,unknown,0.0,1.0,396.0,{},0.0495,1000,0,1000,0
2024-07-26 04:00:00,175.74,177.4,175.6,177.18,120990.578,7.5e-05,68,0.0,0.0,unknown,,1000.0,0.0,0.0,,{},,{},1000.0,0.0,1000.0,,unknown,0.0,1.0,397.0,{},0.0516,1000,0,1000,0
2024-07-26 05:00:00,177.19,177.73,175.66,177.05,127063.157,7.5e-05,68,0.0,0.0,unknown,,1000.0,0.0,0.0,,{},,{},1000.0,0.0,1000.0,,unknown,0.0,1.0,398.0,{},0.0611,1000,0,1000,0
2024-07-26 06:00:00,177.06,177.77,176.84,177.22,76731.047,7.5e-05,68,0.0,0.0,unknown,,1000.0,0.0,0.0,,{},,{},1000.0,0.0,1000.0,,unknown,0.0,1.0,399.0,{},0.0644,1000,0,1000,0
2024-07-26 07:00:00,177.22,177.75,176.66,176.75,87479.788,7.5e-05,68,0.0,0.0,unknown,,1000.0,0.0,0.0,,{},,{},1000.0,0.0,1000.0,,unknown,0.0,1.0,400.0,{},0.0755,1000,0,1000,0
2024-07-26 08:00:00,176.75,178.34,176.75,178.19,93517.893,3.2e-05,68,0.0,0.0,unknown,,1000.0,0.0,0.0,,{},,{},1000.0,0.0,1000.0,,unknown,0.0,1.0,401.0,{},0.0838,1000,0,1000,0
2024-07-26 09:00:00,178.18,180.06,178.1,178.98,167988.853,3.2e-05,68,0.0,0.0,unknown,,1000.0,0.0,0.0,,{},,{},1000.0,0.0,1000.0,,unknown,0.0,1.0,402.0,{},0.0942,1000,0,1000,0
2024-07-26 10:00:00,178.98,179.62,178.19,178.65,93720.5,3.2e-05,68,0.0,0.0,unknown,,1000.0,0.0,0.0,,{},,{},1000.0,0.0,1000.0,,unknown,0.0,1.0,403.0,{},0.1106,1000,0,1000,0
2024-07-26 11:00:00,178.65,179.04,178.01,178.81,54778.924,3.2e-05,68,0.0,0.0,unknown,,1000.0,0.0,0.0,,{},,{},1000.0,0.0,1000.0,,unknown,0.0,1.0,404.0,{},0.1189,1000,0,1000,0
2024-07-26 12:00:00,178.8,179.44,177.7,178.2,83521.941,3.2e-05,68,0.0,0.0,unknown,,1000.0,0.0,0.0,,{},,{},1000.0,0.0,1000.0,,unknown,0.0,1.0,405.0,{},0.1287,1000,0,1000,0
2024-07-26 13:00:00,178.21,185.01,177.49,182.74,331675.071,3.2e-05,68,0.0,0.0,unknown,,1000.0,0.0,0.0,,{},,{},1000.0,0.0,1000.0,,unknown,0.0,1.0,406.0,{},0.1381,1000,0,1000,0
2024-07-26 14:00:00,182.74,183.2,179.1,180.98,322928.348,3.2e-05,68,0.0,0.0,unknown,,1000.0,0.0,0.0,,{},,{},1000.0,0.0,1000.0,,unknown,0.0,1.0,407.0,{},0.1305,1000,0,1000,0
2024-07-26 15:00:00,180.98,182.27,180.71,181.53,132401.919,3.2e-05,68,0.0,0.0,unknown,,1000.0,0.0,0.0,,{},,{},1000.0,0.0,1000.0,,unknown,0.0,1.0,408.0,{},0.1335,1000,0,1000,0
2024-07-26 16:00:00,181.53,182.07,180.71,181.15,79681.92,6.1e-05,68,0.0,0.0,unknown,,1000.0,0.0,0.0,,{},,{},1000.0,0.0,1000.0,,unknown,0.0,1.0,409.0,{},0.1317,1000,0,1000,0
2024-07-26 17:00:00,181.15,182.63,181.03,181.79,66677.527,6.1e-05,68,0.0,0.0,unknown,,1000.0,0.0,0.0,,{},,{},1000.0,0.0,1000.0,,unknown,0.0,1.0,410.0,{},0.1377,1000,0,1000,0
2024-07-26 18:00:00,181.78,182.72,181.49,182.46,88122.407,6.1e-05,68,0.0,0.0,unknown,,1000.0,0.0,0.0,,{},,{},1000.0,0.0,1000.0,,unknown,0.0,1.0,411.0,{},0.159,1000,0,1000,0
2024-07-26 19:00:00,182.47,182.97,181.93,182.21,71256.145,6.1e-05,68,0.0,0.0,unknown,,1000.0,0.0,0.0,,{},,{},1000.0,0.0,1000.0,,unknown,0.0,1.0,412.0,{},0.1725,1000,0,1000,0
2024-07-26 20:00:00,182.22,182.33,181.11,181.47,81819.328,6.1e-05,68,0.0,0.0,unknown,,1000.0,0.0,0.0,,{},,{},1000.0,0.0,1000.0,,unknown,0.0,1.0,413.0,{},0.169,1000,0,1000,0
2024-07-26 21:00:00,181.47,182.9,181.15,182.32,50508.94,6.1e-05,68,0.0,0.0,unknown,,1000.0,0.0,0.0,,{},,{},1000.0,0.0,1000.0,,unknown,0.0,1.0,414.0,{},0.1681,1000,0,1000,0
2024-07-26 22:00:00,182.32,183.42,181.94,183.24,72381.939,6.1e-05,68,0.0,0.0,unknown,,1000.0,0.0,0.0,,{},,{},1000.0,0.0,1000.0,,unknown,0.0,1.0,415.0,{},0.1665,1000,0,1000,0
2024-07-26 23:00:00,183.23,183.7,182.8,183.06,42008.68,6.1e-05,68,0.0,0.0,unknown,,1000.0,0.0,0.0,,{},,{},1000.0,0.0,1000.0,,unknown,0.0,1.0,416.0,{},0.1662,1000,0,1000,0
2024-07-27 00:00:00,183.07,183.4,181.87,182.44,59283.937,4.8e-05,72,0.0,0.0,unknown,,1000.0,0.0,0.0,,{},,{},1000.0,0.0,1000.0,,unknown,0.0,1.0,417.0,{},0.1586,1000,0,1000,0
2024-07-27 01:00:00,182.44,182.48,181.52,181.64,41235.65,4.8e-05,72,0.0,0.0,unknown,,1000.0,0.0,0.0,,{},,{},1000.0,0.0,1000.0,,unknown,0.0,1.0,418.0,{},0.1474,1000,0,1000,0
2024-07-27 02:00:00,181.64,184.22,181.29,184.03,83251.669,4.8e-05,72,0.0,0.0,unknown,,1000.0,0.0,0.0,,{},,{},1000.0,0.0,1000.0,,unknown,0.0,1.0,419.0,{},0.1388,1000,0,1000,0
2024-07-27 03:00:00,184.03,184.29,182.47,182.66,62870.773,4.8e-05,72,0.0,0.0,unknown,,1000.0,0.0,0.0,,{},,{},1000.0,0.0,1000.0,,unknown,0.0,1.0,420.0,{},0.1238,1000,0,1000,0
2024-07-27 04:00:00,182.66,184.01,182.53,183.97,67089.155,4.8e-05,72,0.0,0.0,unknown,,1000.0,0.0,0.0,,{},,{},1000.0,0.0,1000.0,,unknown,0.0,1.0,421.0,{},0.1115,1000,0,1000,0
2024-07-27 05:00:00,183.97,185.06,183.58,183.72,118057.972,4.8e-05,72,0.0,0.0,unknown,,1000.0,0.0,0.0,,{},,{},1000.0,0.0,1000.0,,unknown,0.0,1.0,422.0,{},0.1026,1000,0,1000,0
2024-07-27 06:00:00,183.71,184.94,183.54,184.78,52194.711,4.8e-05,72,0.0,0.0,unknown,,1000.0,0.0,0.0,,{},,{},1000.0,0.0,1000.0,,unknown,0.0,1.0,423.0,{},0.1018,1000,0,1000,0
2024-07-27 07:00:00,184.78,186.22,183.85,185.84,148951.632,4.8e-05,72,0.0,0.0,unknown,,1000.0,0.0,0.0,,{},,{},1000.0,0.0,1000.0,,unknown,0.0,1.0,424.0,{},0.1062,1000,0,1000,0
2024-07-27 08:00:00,185.83,187.37,185.8,187.24,159440.388,3.4e-05,72,0.0,0.0,unknown,,1000.0,0.0,0.0,,{},,{},1000.0,0.0,1000.0,,unknown,0.0,1.0,425.0,{},0.1142,1000,0,1000,0
2024-07-27 09:00:00,187.23,187.24,186.2,186.45,70623.021,3.4e-05,72,0.0,0.0,unknown,,1000.0,0.0,0.0,,{},,{},1000.0,0.0,1000.0,,unknown,0.0,1.0,426.0,{},0.1072,1000,0,1000,0
2024-07-27 10:00:00,186.45,186.51,185.25,185.41,75285.096,3.4e-05,72,0.0,0.0,unknown,,1000.0,0.0,0.0,,{},,{},1000.0,0.0,1000.0,,unknown,0.0,1.0,427.0,{},0.098,1000,0,1000,0
2024-07-27 11:00:00,185.4,185.57,184.21,185.4,119003.709,3.4e-05,72,0.0,0.0,unknown,,1000.0,0.0,0.0,,{},,{},1000.0,0.0,1000.0,,unknown,0.0,1.0,428.0,{},0.0913,1000,0,1000,0
2024-07-27 12:00:00,185.4,186.84,185.39,186.05,97763.353,3.4e-05,72,0.0,0.0,unknown,,1000.0,0.0,0.0,,{},,{},1000.0,0.0,1000.0,,unknown,0.0,1.0,429.0,{},0.0928,1000,0,1000,0
2024-07-27 13:00:00,186.05,188.33,185.84,187.47,249937.717,3.4e-05,72,0.0,0.0,unknown,,1000.0,0.0,0.0,,{},,{},1000.0,0.0,1000.0,,unknown,0.0,1.0,430.0,{},0.0833,1000,0,1000,0
2024-07-27 14:00:00,187.48,187.73,184.32,185.23,206355.776,3.4e-05,72,0.0,0.0,unknown,,1000.0,0.0,0.0,,{},,{},1000.0,0.0,1000.0,,unknown,0.0,1.0,431.0,{},0.0733,1000,0,1000,0
2024-07-27 15:00:00,185.23,185.53,181.54,182.52,292097.448,3.4e-05,72,0.0,0.0,unknown,,1000.0,0.0,0.0,,{},,{},1000.0,0.0,1000.0,,unknown,0.0,1.0,432.0,{},0.0527,1000,0,1000,0
2024-07-27 16:00:00,182.53,183.33,181.42,181.81,149417.436,8.7e-05,72,0.0,0.0,unknown,,1000.0,0.0,0.0,,{},,{},1000.0,0.0,1000.0,,unknown,0.0,1.0,433.0,{},0.0384,1000,0,1000,0
2024-07-27 17:00:00,181.81,182.56,180.36,180.83,115112.354,8.7e-05,72,0.0,0.0,unknown,,1000.0,0.0,0.0,,{},,{},1000.0,0.0,1000.0,,unknown,0.0,1.0,434.0,{},0.03,1000,0,1000,0
2024-07-27 18:00:00,180.82,182.95,180.67,181.2,145020.894,8.7e-05,72,0.0,0.0,unknown,,1000.0,0.0,0.0,,{},,{},1000.0,0.0,1000.0,,unknown,0.0,1.0,435.0,{},0.0284,1000,0,1000,0
2024-07-27 19:00:00,181.2,181.63,179.42,181.48,198896.611,8.7e-05,72,0.0,0.0,unknown,,1000.0,0.0,0.0,,{},,{},1000.0,0.0,1000.0,,unknown,0.0,1.0,436.0,{},0.0229,1000,0,1000,0
2024-07-27 20:00:00,181.47,183.55,178.11,183.11,439971.067,8.7e-05,72,0.0,0.0,unknown,,1000.0,0.0,0.0,,{},,{},1000.0,0.0,1000.0,,unknown,0.0,1.0,437.0,{},0.0246,1000,0,1000,0
2024-07-27 21:00:00,183.1,186.7,181.94,185.95,343655.761,8.7e-05,72,0.0,0.0,unknown,,1000.0,0.0,0.0,,{},,{},1000.0,0.0,1000.0,,unknown,0.0,1.0,438.0,{},0.0332,1000,0,1000,0
2024-07-27 22:00:00,185.96,186.81,185.26,185.69,106711.439,8.7e-05,72,0.0,0.0,unknown,,1000.0,0.0,0.0,,{},,{},1000.0,0.0,1000.0,,unknown,0.0,1.0,439.0,{},0.0345,1000,0,1000,0
2024-07-27 23:00:00,185.68,185.71,183.6,183.92,116624.487,8.7e-05,72,0.0,0.0,unknown,,1000.0,0.0,0.0,,{},,{},1000.0,0.0,1000.0,,unknown,0.0,1.0,440.0,{},0.0253,1000,0,1000,0
2024-07-28 00:00:00,183.92,185.22,182.39,184.91,144760.975,0.0001,71,0.0,0.0,unknown,,1000.0,0.0,0.0,,{},,{},1000.0,0.0,1000.0,,unknown,0.0,1.0,441.0,{},0.0275,1000,0,1000,0
2024-07-28 01:00:00,184.92,186.77,184.85,185.74,91310.164,0.0001,71,0.0,0.0,unknown,,1000.0,0.0,0.0,,{},,{},1000.0,0.0,1000.0,,unknown,0.0,1.0,442.0,{},0.0359,1000,0,1000,0
2024-07-28 02:00:00,185.74,186.25,184.7,185.05,50753.221,0.0001,71,0.0,0.0,unknown,,1000.0,0.0,0.0,,{},,{},1000.0,0.0,1000.0,,unknown,0.0,1.0,443.0,{},0.0286,1000,0,1000,0
2024-07-28 03:00:00,185.04,185.16,183.97,184.31,57764.269,0.0001,71,0.0,0.0,unknown,,1000.0,0.0,0.0,,{},,{},1000.0,0.0,1000.0,,unknown,0.0,1.0,444.0,{},0.0267,1000,0,1000,0
2024-07-28 04:00:00,184.31,184.86,182.13,182.26,78915.756,0.0001,71,0.0,0.0,unknown,,1000.0,0.0,0.0,,{},,{},1000.0,0.0,1000.0,,unknown,0.0,1.0,445.0,{},0.0256,1000,0,1000,0
2024-07-28 05:00:00,182.26,183.0,181.16,182.65,108641.727,0.0001,71,0.0,0.0,unknown,,1000.0,0.0,0.0,,{},,{},1000.0,0.0,1000.0,,unknown,0.0,1.0,446.0,{},0.0218,1000,0,1000,0
2024-07-28 06:00:00,182.66,182.9,181.66,182.18,63064.281,0.0001,71,0.0,0.0,unknown,,1000.0,0.0,0.0,,{},,{},1000.0,0.0,1000.0,,unknown,0.0,1.0,447.0,{},0.0273,1000,0,1000,0
2024-07-28 07:00:00,182.17,184.17,181.7,183.84,59542.514,0.0001,71,0.0,0.0,unknown,,1000.0,0.0,0.0,,{},,{},1000.0,0.0,1000.0,,unknown,0.0,1.0,448.0,{},0.0273,1000,0,1000,0
2024-07-28 08:00:00,183.85,184.6,183.01,183.82,82136.796,0.0001,71,0.0,0.0,unknown,,1000.0,0.0,0.0,,{},,{},1000.0,0.0,1000.0,,unknown,0.0,1.0,449.0,{},0.035,1000,0,1000,0
2024-07-28 09:00:00,183.82,184.65,183.52,183.72,59847.286,0.0001,71,0.0,0.0,unknown,,1000.0,0.0,0.0,,{},,{},1000.0,0.0,1000.0,,unknown,0.0,1.0,450.0,{},0.037,1000,0,1000,0
2024-07-28 10:00:00,183.73,184.86,183.47,184.51,54433.368,0.0001,71,0.0,0.0,unknown,,1000.0,0.0,0.0,,{},,{},1000.0,0.0,1000.0,,unknown,0.0,1.0,451.0,{},0.0292,1000,0,1000,0
2024-07-28 11:00:00,184.51,186.0,184.43,185.26,98772.046,0.0001,71,0.0,0.0,unknown,,1000.0,0.0,0.0,,{},,{},1000.0,0.0,1000.0,,unknown,0.0,1.0,452.0,{},0.0203,1000,0,1000,0
2024-07-28 12:00:00,185.26,186.47,184.74,185.85,140736.292,0.0001,71,0.0,0.0,unknown,,1000.0,0.0,0.0,,{},,{},1000.0,0.0,1000.0,,unknown,0.0,1.0,453.0,{},0.0148,1000,0,1000,0
2024-07-28 13:00:00,185.85,186.63,185.2,186.41,117691.835,0.0001,71,0.0,0.0,unknown,,1000.0,0.0,0.0,,{},,{},1000.0,0.0,1000.0,,unknown,0.0,1.0,454.0,{},0.0153,1000,0,1000,0
2024-07-28 14:00:00,186.42,186.6,184.1,184.76,143132.557,0.0001,71,0.0,0.0,unknown,,1000.0,0.0,0.0,,{},,{},1000.0,0.0,1000.0,,unknown,0.0,1.0,455.0,{},0.0124,1000,0,1000,0
2024-07-28 15:00:00,184.76,185.06,183.69,184.11,101757.31,0.0001,71,0.0,0.0,unknown,,1000.0,0.0,0.0,,{},,{},1000.0,0.0,1000.0,,unknown,0.0,1.0,456.0,{},0.0171,1000,0,1000,0
2024-07-28 16:00:00,184.12,185.04,183.35,183.63,49259.213,0.0001,71,0.0,0.0,unknown,,1000.0,0.0,0.0,,{},,{},1000.0,0.0,1000.0,,unknown,0.0,1.0,457.0,{},0.0218,1000,0,1000,0
2024-07-28 17:00:00,183.63,184.35,183.13,183.94,50398.768,8.9e-05,71,0.0,0.0,unknown,,1000.0,0.0,0.0,,{},,{},1000.0,0.0,1000.0,,unknown,0.0,1.0,458.0,{},0.0331,1000,0,1000,0
2024-07-28 18:00:00,183.94,185.54,183.55,185.16,80557.955,8.9e-05,71,0.0,0.0,unknown,,1000.0,0.0,0.0,,{},,{},1000.0,0.0,1000.0,,unknown,0.0,1.0,459.0,{},0.0461,1000,0,1000,0
2024-07-28 19:00:00,185.15,185.59,184.34,184.78,51242.401,8.9e-05,71,0.0,0.0,unknown,,1000.0,0.0,0.0,,{},,{},1000.0,0.0,1000.0,,unknown,0.0,1.0,460.0,{},0.0524,1000,0,1000,0
2024-07-28 20:00:00,184.78,185.4,184.4,185.3,31142.211,8.9e-05,71,0.0,0.0,unknown,,1000.0,0.0,0.0,,{},,{},1000.0,0.0,1000.0,,unknown,0.0,1.0,461.0,{},0.0505,1000,0,1000,0
2024-07-28 21:00:00,185.29,185.4,183.55,184.55,60390.342,8.9e-05,71,0.0,0.0,unknown,,1000.0,0.0,0.0,,{},,{},1000.0,0.0,1000.0,,unknown,0.0,1.0,462.0,{},0.0429,1000,0,1000,0
2024-07-28 22:00:00,184.55,185.08,182.61,183.43,74695.317,8.9e-05,71,0.0,0.0,unknown,,1000.0,0.0,0.0,,{},,{},1000.0,0.0,1000.0,,unknown,0.0,1.0,463.0,{},0.0471,1000,0,1000,0
2024-07-28 23:00:00,183.44,185.01,183.0,184.9,50527.353,8.9e-05,71,0.0,0.0,unknown,,1000.0,0.0,0.0,,{},,{},1000.0,0.0,1000.0,,unknown,0.0,1.0,464.0,{},0.0379,1000,0,1000,0
2024-07-29 00:00:00,184.91,189.24,184.4,188.1,298018.528,8.9e-05,74,0.0,0.0,unknown,,1000.0,0.0,0.0,,{},,{},1000.0,0.0,1000.0,,unknown,0.0,1.0,465.0,{},0.045,1000,0,1000,0
2024-07-29 01:00:00,188.1,189.1,187.15,187.53,140192.404,3.7e-05,74,0.0,0.0,unknown,,1000.0,0.0,0.0,,{},,{},1000.0,0.0,1000.0,,unknown,0.0,1.0,466.0,{},0.0427,1000,0,1000,0
2024-07-29 02:00:00,187.53,192.69,187.3,192.25,324828.228,3.7e-05,74,0.0,0.0,unknown,,1000.0,0.0,0.0,,{},,{},1000.0,0.0,1000.0,,unknown,0.0,1.0,467.0,{},0.0647,1000,0,1000,0
2024-07-29 03:00:00,192.23,193.35,191.65,192.25,222616.905,3.7e-05,74,0.0,0.0,unknown,,1000.0,0.0,0.0,,{},,{},1000.0,0.0,1000.0,,unknown,0.0,1.0,468.0,{},0.0927,1000,0,1000,0
2024-07-29 04:00:00,192.25,193.76,191.91,193.6,121698.543,3.7e-05,74,0.0,0.0,unknown,,1000.0,0.0,0.0,,{},,{},1000.0,0.0,1000.0,,unknown,0.0,1.0,469.0,{},0.1375,1000,0,1000,0
2024-07-29 05:00:00,193.59,193.98,192.96,193.48,122655.821,3.7e-05,74,0.0,0.0,unknown,,1000.0,0.0,0.0,,{},,{},1000.0,0.0,1000.0,,unknown,0.0,1.0,470.0,{},0.1681,1000,0,1000,0
2024-07-29 06:00:00,193.48,193.73,192.59,192.64,133045.219,3.7e-05,74,0.0,0.0,unknown,,1000.0,0.0,0.0,,{},,{},1000.0,0.0,1000.0,,unknown,0.0,1.0,471.0,{},0.196,1000,0,1000,0
2024-07-29 07:00:00,192.64,193.0,189.87,192.35,284395.634,3.7e-05,74,0.0,0.0,unknown,,1000.0,0.0,0.0,,{},,{},1000.0,0.0,1000.0,,unknown,0.0,1.0,472.0,{},0.182,1000,0,1000,0
2024-07-29 08:00:00,192.35,192.41,191.28,191.59,86365.348,0.0001,74,0.0,0.0,unknown,,1000.0,0.0,0.0,,{},,{},1000.0,0.0,1000.0,,unknown,0.0,1.0,473.0,{},0.1659,1000,0,1000,0
2024-07-29 09:00:00,191.58,192.15,191.34,192.01,73528.4,0.0001,74,0.0,0.0,unknown,,1000.0,0.0,0.0,,{},,{},1000.0,0.0,1000.0,,unknown,0.0,1.0,474.0,{},0.1507,1000,0,1000,0
2024-07-29 10:00:00,192.01,192.02,190.57,190.8,95632.034,0.0001,74,0.0,0.0,unknown,,1000.0,0.0,0.0,,{},,{},1000.0,0.0,1000.0,,unknown,0.0,1.0,475.0,{},0.1341,1000,0,1000,0
2024-07-29 11:00:00,190.8,191.84,190.26,190.84,88031.777,0.0001,74,0.0,0.0,unknown,,1000.0,0.0,0.0,,{},,{},1000.0,0.0,1000.0,,unknown,0.0,1.0,476.0,{},0.1269,1000,0,1000,0
2024-07-29 12:00:00,190.84,193.2,190.68,192.48,128934.181,0.0001,74,0.0,0.0,unknown,,1000.0,0.0,0.0,,{},,{},1000.0,0.0,1000.0,,unknown,0.0,1.0,477.0,{},0.1222,1000,0,1000,0
2024-07-29 13:00:00,192.48,192.8,190.31,190.7,148531.802,0.0001,74,0.0,0.0,unknown,,1000.0,0.0,0.0,,{},,{},1000.0,0.0,1000.0,,unknown,0.0,1.0,478.0,{},0.1021,1000,0,1000,0
2024-07-29 14:00:00,190.69,190.93,186.9,187.66,323905.021,0.0001,74,0.0,0.0,unknown,,1000.0,0.0,0.0,,{},,{},1000.0,0.0,1000.0,,unknown,0.0,1.0,479.0,{},0.0822,1000,0,1000,0
2024-07-29 15:00:00,187.65,188.23,184.89,186.95,310297.548,0.0001,74,0.0,0.0,unknown,,1000.0,0.0,0.0,,{},,{},1000.0,0.0,1000.0,,unknown,0.0,1.0,480.0,{},0.0694,1000,0,1000,0
2024-07-29 16:00:00,186.95,187.49,184.1,184.76,272795.713,0.0001,74,0.0,0.0,unknown,,1000.0,0.0,0.0,,{},,{},1000.0,0.0,1000.0,,unknown,0.0,1.0,481.0,{},0.0536,1000,0,1000,0
2024-07-29 17:00:00,184.77,187.0,184.28,186.65,219510.941,0.0001,74,0.0,0.0,unknown,,1000.0,0.0,0.0,,{},,{},1000.0,0.0,1000.0,,unknown,0.0,1.0,482.0,{},0.0497,1000,0,1000,0
2024-07-29 18:00:00,186.65,187.44,185.65,185.71,98502.376,0.0001,74,0.0,0.0,unknown,,1000.0,0.0,0.0,,{},,{},1000.0,0.0,1000.0,,unknown,0.0,1.0,483.0,{},0.0393,1000,0,1000,0
2024-07-29 19:00:00,185.71,186.85,185.0,186.84,67918.498,0.0001,74,0.0,0.0,unknown,,1000.0,0.0,0.0,,{},,{},1000.0,0.0,1000.0,,unknown,0.0,1.0,484.0,{},0.0369,1000,0,1000,0
2024-07-29 20:00:00,186.85,186.89,185.64,185.76,45962.517,0.0001,74,0.0,0.0,unknown,,1000.0,0.0,0.0,,{},,{},1000.0,0.0,1000.0,,unknown,0.0,1.0,485.0,{},0.0267,1000,0,1000,0
2024-07-29 21:00:00,185.76,185.84,182.92,183.84,164022.752,0.0001,74,0.0,0.0,unknown,,1000.0,0.0,0.0,,{},,{},1000.0,0.0,1000.0,,unknown,0.0,1.0,486.0,{},0.0207,1000,0,1000,0
2024-07-29 22:00:00,183.84,185.19,183.13,183.31,99059.728,0.0001,74,0.0,0.0,unknown,,1000.0,0.0,0.0,,{},,{},1000.0,0.0,1000.0,,unknown,0.0,1.0,487.0,{},0.0153,1000,0,1000,0
2024-07-29 23:00:00,183.3,183.64,181.57,182.57,154110.396,0.0001,74,0.0,0.0,unknown,,1000.0,0.0,0.0,,{},,{},1000.0,0.0,1000.0,,unknown,0.0,1.0,488.0,{},0.0224,1000,0,1000,0
2024-07-30 00:00:00,182.57,183.95,181.32,182.9,199196.927,7.8e-05,67,0.0,0.0,unknown,,1000.0,0.0,0.0,,{},,{},1000.0,0.0,1000.0,,unknown,0.0,1.0,489.0,{},0.0478,1000,0,1000,0
2024-07-30 01:00:00,182.9,183.72,180.25,180.41,139861.32,7.8e-05,67,0.0,0.0,unknown,,1000.0,0.0,0.0,,{},,{},1000.0,0.0,1000.0,,unknown,0.0,1.0,490.0,{},0.0735,1000,0,1000,0
2024-07-30 02:00:00,180.4,181.64,179.3,180.85,203805.115,7.8e-05,67,0.0,0.0,unknown,,1000.0,0.0,0.0,,{},,{},1000.0,0.0,1000.0,,unknown,0.0,1.0,491.0,{},0.1278,1000,0,1000,0
2024-07-30 03:00:00,180.83,182.75,180.54,182.58,117307.84,7.8e-05,67,0.0,0.0,unknown,,1000.0,0.0,0.0,,{},,{},1000.0,0.0,1000.0,,unknown,0.0,1.0,492.0,{},0.1431,1000,0,1000,0
2024-07-30 04:00:00,182.58,184.32,182.21,184.23,98903.297,7.8e-05,67,0.0,0.0,unknown,,1000.0,0.0,0.0,,{},,{},1000.0,0.0,1000.0,,unknown,0.0,1.0,493.0,{},0.1489,1000,0,1000,0
2024-07-30 05:00:00,184.22,184.95,181.25,182.01,228724.694,7.8e-05,67,0.0,0.0,unknown,,1000.0,0.0,0.0,,{},,{},1000.0,0.0,1000.0,,unknown,0.0,1.0,494.0,{},0.1584,1000,0,1000,0
2024-07-30 06:00:00,182.0,182.93,181.74,182.56,62626.802,7.8e-05,67,0.0,0.0,unknown,,1000.0,0.0,0.0,,{},,{},1000.0,0.0,1000.0,,unknown,0.0,1.0,495.0,{},0.161,1000,0,1000,0
2024-07-30 07:00:00,182.56,183.73,182.3,182.39,83340.613,7.8e-05,67,0.0,0.0,unknown,,1000.0,0.0,0.0,,{},,{},1000.0,0.0,1000.0,,unknown,0.0,1.0,496.0,{},0.1605,1000,0,1000,0
2024-07-30 08:00:00,182.38,182.89,180.75,181.02,94203.176,7.8e-05,67,0.0,0.0,unknown,,1000.0,0.0,0.0,,{},,{},1000.0,0.0,1000.0,,unknown,0.0,1.0,497.0,{},0.1591,1000,0,1000,0
2024-07-30 09:00:00,181.01,182.06,181.01,181.6,51620.622,0.0001,67,0.0,0.0,unknown,,1000.0,0.0,0.0,,{},,{},1000.0,0.0,1000.0,,unknown,0.0,1.0,498.0,{},0.1584,1000,0,1000,0
2024-07-30 10:00:00,181.6,181.75,180.29,180.87,86637.903,0.0001,67,0.0,0.0,unknown,,1000.0,0.0,0.0,,{},,{},1000.0,0.0,1000.0,,unknown,0.0,1.0,499.0,{},0.1554,1000,0,1000,0
2024-07-30 11:00:00,180.86,181.19,180.07,181.02,76418.748,0.0001,67,0.0,0.0,unknown,,1000.0,0.0,0.0,,{},,{},1000.0,0.0,1000.0,,unknown,0.0,1.0,500.0,{},0.1546,1000,0,1000,0
2024-07-30 12:00:00,181.01,181.54,179.29,181.41,138820.877,0.0001,67,0.0,0.0,unknown,,1000.0,0.0,0.0,,{},,{},1000.0,0.0,1000.0,,unknown,0.0,1.0,501.0,{},0.1635,1000,0,1000,0
2024-07-30 13:00:00,181.42,182.66,179.33,179.59,166989.771,0.0001,67,0.0,0.0,unknown,,1000.0,0.0,0.0,,{},,{},1000.0,0.0,1000.0,,unknown,0.0,1.0,502.0,{},0.1664,1000,0,1000,0
2024-07-30 14:00:00,179.58,182.55,178.7,180.67,276006.456,0.0001,67,0.0,0.0,unknown,,1000.0,0.0,0.0,,{},,{},1000.0,0.0,1000.0,,unknown,0.0,1.0,503.0,{},0.1498,1000,0,1000,0
2024-07-30 15:00:00,180.66,181.98,179.04,181.01,135627.35,0.0001,67,0.0,0.0,unknown,,1000.0,0.0,0.0,,{},,{},1000.0,0.0,1000.0,,unknown,0.0,1.0,504.0,{},0.1336,1000,0,1000,0
2024-07-30 16:00:00,181.0,181.59,179.83,179.83,90044.708,0.0001,67,0.0,0.0,unknown,,1000.0,0.0,0.0,,{},,{},1000.0,0.0,1000.0,,unknown,0.0,1.0,505.0,{},0.1179,1000,0,1000,0
2024-07-30 17:00:00,179.83,179.97,177.16,177.38,219164.907,0.0001,67,0.0,0.0,unknown,,1000.0,0.0,0.0,,{},,{},1000.0,0.0,1000.0,,unknown,0.0,1.0,506.0,{},0.1432,1000,0,1000,0
2024-07-30 18:00:00,177.38,178.46,176.63,177.91,126260.896,0.0001,67,0.0,0.0,unknown,,1000.0,0.0,0.0,,{},,{},1000.0,0.0,1000.0,,unknown,0.0,1.0,507.0,{},0.1472,1000,0,1000,0
2024-07-30 19:00:00,177.9,178.18,176.28,177.97,99658.528,0.0001,67,0.0,0.0,unknown,,1000.0,0.0,0.0,,{},,{},1000.0,0.0,1000.0,,unknown,0.0,1.0,508.0,{},0.158,1000,0,1000,0
2024-07-30 20:00:00,177.96,179.94,175.39,179.7,200405.644,0.0001,67,0.0,0.0,unknown,,1000.0,0.0,0.0,,{},,{},1000.0,0.0,1000.0,,unknown,0.0,1.0,509.0,{},0.1417,1000,0,1000,0
2024-07-30 21:00:00,179.7,179.9,178.95,179.53,71316.226,0.0001,67,0.0,0.0,unknown,,1000.0,0.0,0.0,,{},,{},1000.0,0.0,1000.0,,unknown,0.0,1.0,510.0,{},0.1224,1000,0,1000,0
2024-07-30 22:00:00,179.53,179.57,178.58,179.33,58244.541,0.0001,67,0.0,0.0,unknown,,1000.0,0.0,0.0,,{},,{},1000.0,0.0,1000.0,,unknown,0.0,1.0,511.0,{},0.1099,1000,0,1000,0
2024-07-30 23:00:00,179.33,179.9,178.82,179.16,49311.532,0.0001,67,0.0,0.0,unknown,,1000.0,0.0,0.0,,{},,{},1000.0,0.0,1000.0,,unknown,0.0,1.0,512.0,{},0.0976,1000,0,1000,0
2024-07-31 00:00:00,179.16,180.94,178.08,180.76,97679.147,3.2e-05,61,0.0,0.0,unknown,,1000.0,0.0,0.0,,{},,{},1000.0,0.0,1000.0,,unknown,0.0,1.0,513.0,{},0.0793,1000,0,1000,0
2024-07-31 01:00:00,180.77,181.62,179.8,181.37,91774.801,3.2e-05,61,0.0,0.0,unknown,,1000.0,0.0,0.0,,{},,{},1000.0,0.0,1000.0,,unknown,0.0,1.0,514.0,{},0.0601,1000,0,1000,0
2024-07-31 02:00:00,181.37,181.72,180.02,180.38,47256.593,3.2e-05,61,0.0,0.0,unknown,,1000.0,0.0,0.0,,{},,{},1000.0,0.0,1000.0,,unknown,0.0,1.0,515.0,{},0.0434,1000,0,1000,0
2024-07-31 03:00:00,180.37,181.5,180.2,180.91,52458.741,3.2e-05,61,0.0,0.0,unknown,,1000.0,0.0,0.0,,{},,{},1000.0,0.0,1000.0,,unknown,0.0,1.0,516.0,{},0.0416,1000,0,1000,0
2024-07-31 04:00:00,180.91,181.04,178.09,179.15,77962.256,3.2e-05,61,0.0,0.0,unknown,,1000.0,0.0,0.0,,{},,{},1000.0,0.0,1000.0,,unknown,0.0,1.0,517.0,{},0.0647,1000,0,1000,0
2024-07-31 05:00:00,179.14,181.87,178.21,181.73,102872.189,3.2e-05,61,0.0,0.0,unknown,,1000.0,0.0,0.0,,{},,{},1000.0,0.0,1000.0,,unknown,0.0,1.0,518.0,{},0.0436,1000,0,1000,0
2024-07-31 06:00:00,181.72,185.1,181.51,183.43,273663.427,3.2e-05,61,0.0,0.0,unknown,,1000.0,0.0,0.0,,{},,{},1000.0,0.0,1000.0,,unknown,0.0,1.0,519.0,{},0.0355,1000,0,1000,0
2024-07-31 07:00:00,183.43,183.9,182.88,183.13,84711.443,3.2e-05,61,0.0,0.0,unknown,,1000.0,0.0,0.0,,{},,{},1000.0,0.0,1000.0,,unknown,0.0,1.0,520.0,{},0.0294,1000,0,1000,0
2024-07-31 08:00:00,183.13,184.09,182.48,183.97,127487.043,7.7e-05,61,0.0,0.0,unknown,,1000.0,0.0,0.0,,{},,{},1000.0,0.0,1000.0,,unknown,0.0,1.0,521.0,{},0.041,1000,0,1000,0
2024-07-31 09:00:00,183.97,184.57,183.11,183.55,104895.17,7.7e-05,61,0.0,0.0,unknown,,1000.0,0.0,0.0,,{},,{},1000.0,0.0,1000.0,,unknown,0.0,1.0,522.0,{},0.0423,1000,0,1000,0
2024-07-31 10:00:00,183.55,183.66,182.1,182.17,67036.526,7.7e-05,61,0.0,0.0,unknown,,1000.0,0.0,0.0,,{},,{},1000.0,0.0,1000.0,,unknown,0.0,1.0,523.0,{},0.0368,1000,0,1000,0
2024-07-31 11:00:00,182.17,182.74,181.34,181.72,61743.723,7.7e-05,61,0.0,0.0,unknown,,1000.0,0.0,0.0,,{},,{},1000.0,0.0,1000.0,,unknown,0.0,1.0,524.0,{},0.0295,1000,0,1000,0
2024-07-31 12:00:00,181.71,182.47,181.12,181.22,64472.589,7.7e-05,61,0.0,0.0,unknown,,1000.0,0.0,0.0,,{},,{},1000.0,0.0,1000.0,,unknown,0.0,1.0,525.0,{},0.0207,1000,0,1000,0
2024-07-31 13:00:00,181.22,184.28,181.15,182.62,205882.276,7.7e-05,61,0.0,0.0,unknown,,1000.0,0.0,0.0,,{},,{},1000.0,0.0,1000.0,,unknown,0.0,1.0,526.0,{},0.0345,1000,0,1000,0
2024-07-31 14:00:00,182.61,183.8,180.09,180.56,188408.262,7.7e-05,61,0.0,0.0,unknown,,1000.0,0.0,0.0,,{},,{},1000.0,0.0,1000.0,,unknown,0.0,1.0,527.0,{},0.0234,1000,0,1000,0
2024-07-31 15:00:00,180.56,181.2,179.73,180.08,105237.586,7.7e-05,61,0.0,0.0,unknown,,1000.0,0.0,0.0,,{},,{},1000.0,0.0,1000.0,,unknown,0.0,1.0,528.0,{},0.0216,1000,0,1000,0
2024-07-31 16:00:00,180.08,182.0,179.45,180.19,101400.441,8.9e-05,61,0.0,0.0,unknown,,1000.0,0.0,0.0,,{},,{},1000.0,0.0,1000.0,,unknown,0.0,1.0,529.0,{},0.0169,1000,0,1000,0
2024-07-31 17:00:00,180.18,182.68,179.75,181.93,85187.023,8.9e-05,61,0.0,0.0,unknown,,1000.0,0.0,0.0,,{},,{},1000.0,0.0,1000.0,,unknown,0.0,1.0,530.0,{},0.0432,1000,0,1000,0
2024-07-31 18:00:00,181.93,182.31,178.85,180.78,171508.706,8.9e-05,61,0.0,0.0,unknown,,1000.0,0.0,0.0,,{},,{},1000.0,0.0,1000.0,,unknown,0.0,1.0,531.0,{},0.0496,1000,0,1000,0
2024-07-31 19:00:00,180.78,181.49,174.99,176.59,383291.924,8.9e-05,61,0.0,0.0,unknown,,1000.0,0.0,0.0,,{},,{},1000.0,0.0,1000.0,,unknown,0.0,1.0,532.0,{},0.039,1000,0,1000,0
2024-07-31 20:00:00,176.58,177.0,173.41,173.5,226511.804,8.9e-05,61,0.0,0.0,unknown,,1000.0,0.0,0.0,,{},,{},1000.0,0.0,1000.0,,unknown,0.0,1.0,533.0,{},0.0584,1000,0,1000,0
2024-07-31 21:00:00,173.5,175.22,172.63,173.87,256587.67,8.9e-05,61,0.0,0.0,unknown,,1000.0,0.0,0.0,,{},,{},1000.0,0.0,1000.0,,unknown,0.0,1.0,534.0,{},0.0699,1000,0,1000,0
2024-07-31 22:00:00,173.87,173.89,171.7,173.33,169773.366,8.9e-05,61,0.0,0.0,unknown,,1000.0,0.0,0.0,,{},,{},1000.0,0.0,1000.0,,unknown,0.0,1.0,535.0,{},0.0817,1000,0,1000,0
2024-07-31 23:00:00,173.32,173.44,171.61,171.71,103059.821,8.9e-05,61,0.0,0.0,unknown,,1000.0,0.0,0.0,,{},,{},1000.0,0.0,1000.0,,unknown,0.0,1.0,536.0,{},0.0992,1000,0,1000,0
2024-08-01 00:00:00,171.7,172.91,171.12,172.0,184671.961,9.3e-05,52,0.0,0.0,unknown,,1000.0,0.0,0.0,,{},,{},1000.0,0.0,1000.0,,unknown,0.0,1.0,537.0,{},0.1208,1000,0,1000,0
2024-08-01 01:00:00,172.0,172.39,170.0,171.19,168668.094,9.3e-05,52,0.0,0.0,unknown,,1000.0,0.0,0.0,,{},,{},1000.0,0.0,1000.0,,unknown,0.0,1.0,538.0,{},0.1449,1000,0,1000,0
2024-08-01 02:00:00,171.19,171.62,169.21,170.04,236296.488,9.3e-05,52,0.0,0.0,unknown,,1000.0,0.0,0.0,,{},,{},1000.0,0.0,1000.0,,unknown,0.0,1.0,539.0,{},0.1558,1000,0,1000,0
2024-08-01 03:00:00,170.04,170.04,168.52,168.62,170374.585,9.3e-05,52,0.0,0.0,unknown,,1000.0,0.0,0.0,,{},,{},1000.0,0.0,1000.0,,unknown,0.0,1.0,540.0,{},0.1769,1000,0,1000,0
2024-08-01 04:00:00,168.63,169.2,166.0,166.63,246133.869,9.3e-05,52,0.0,0.0,unknown,,1000.0,0.0,0.0,,{},,{},1000.0,0.0,1000.0,,unknown,0.0,1.0,541.0,{},0.1887,1000,0,1000,0
2024-08-01 05:00:00,166.63,169.55,166.04,169.04,311639.506,9.3e-05,52,0.0,0.0,unknown,,1000.0,0.0,0.0,,{},,{},1000.0,0.0,1000.0,,unknown,0.0,1.0,542.0,{},0.191,1000,0,1000,0
2024-08-01 06:00:00,169.04,169.74,168.33,168.42,124376.044,9.3e-05,52,0.0,0.0,unknown,,1000.0,0.0,0.0,,{},,{},1000.0,0.0,1000.0,,unknown,0.0,1.0,543.0,{},0.2145,1000,0,1000,0
2024-08-01 07:00:00,168.41,169.45,167.92,168.23,134503.565,9.3e-05,52,0.0,0.0,unknown,,1000.0,0.0,0.0,,{},,{},1000.0,0.0,1000.0,,unknown,0.0,1.0,544.0,{},0.2301,1000,0,1000,0
2024-08-01 08:00:00,168.23,169.41,168.14,169.39,96921.276,0.0001,52,0.0,0.0,unknown,,1000.0,0.0,0.0,,{},,{},1000.0,0.0,1000.0,,unknown,0.0,1.0,545.0,{},0.2395,1000,0,1000,0
2024-08-01 09:00:00,169.39,169.94,168.18,168.23,121787.499,0.0001,52,0.0,0.0,unknown,,1000.0,0.0,0.0,,{},,{},1000.0,0.0,1000.0,,unknown,0.0,1.0,546.0,{},0.2463,1000,0,1000,0
2024-08-01 10:00:00,168.23,169.22,168.01,169.16,147370.916,0.0001,52,0.0,0.0,unknown,,1000.0,0.0,0.0,,{},,{},1000.0,0.0,1000.0,,unknown,0.0,1.0,547.0,{},0.2361,1000,0,1000,0
2024-08-01 11:00:00,169.15,169.9,168.52,169.69,141869.43,0.0001,52,0.0,0.0,unknown,,1000.0,0.0,0.0,,{},,{},1000.0,0.0,1000.0,,unknown,0.0,1.0,548.0,{},0.2295,1000,0,1000,0
2024-08-01 12:00:00,169.69,171.46,169.47,171.04,226686.888,0.0001,52,0.0,0.0,unknown,,1000.0,0.0,0.0,,{},,{},1000.0,0.0,1000.0,,unknown,0.0,1.0,549.0,{},0.2102,1000,0,1000,0
2024-08-01 13:00:00,171.04,171.44,169.05,169.75,135119.486,0.0001,52,0.0,0.0,unknown,,1000.0,0.0,0.0,,{},,{},1000.0,0.0,1000.0,,unknown,0.0,1.0,550.0,{},0.2102,1000,0,1000,0
2024-08-01 14:00:00,169.75,170.07,164.53,164.89,308540.944,0.0001,52,0.0,0.0,unknown,,1000.0,0.0,0.0,,{},,{},1000.0,0.0,1000.0,,unknown,0.0,1.0,551.0,{},0.1956,1000,0,1000,0
2024-08-01 15:00:00,164.88,165.05,161.25,162.67,641213.331,0.0001,52,0.0,0.0,unknown,,1000.0,0.0,0.0,,{},,{},1000.0,0.0,1000.0,,unknown,0.0,1.0,552.0,{},0.2066,1000,0,1000,0
2024-08-01 16:00:00,162.68,162.91,160.35,162.23,434811.81,0.0001,52,0.0,0.0,unknown,,1000.0,0.0,0.0,,{},,{},1000.0,0.0,1000.0,,unknown,0.0,1.0,553.0,{},0.2246,1000,0,1000,0
2024-08-01 17:00:00,162.24,162.46,159.55,162.25,272725.106,0.0001,52,0.0,0.0,unknown,,1000.0,0.0,0.0,,{},,{},1000.0,0.0,1000.0,,unknown,0.0,1.0,554.0,{},0.2569,1000,0,1000,0
2024-08-01 18:00:00,162.24,162.3,157.91,159.95,383557.904,0.0001,52,0.0,0.0,unknown,,1000.0,0.0,0.0,,{},,{},1000.0,0.0,1000.0,,unknown,0.0,1.0,555.0,{},0.2883,1000,0,1000,0
2024-08-01 19:00:00,159.95,162.71,159.82,162.4,207934.13,0.0001,52,0.0,0.0,unknown,,1000.0,0.0,0.0,,{},,{},1000.0,0.0,1000.0,,unknown,0.0,1.0,556.0,{},0.259,1000,0,1000,0
2024-08-01 20:00:00,162.39,165.11,161.2,164.82,285221.521,0.0001,52,0.0,0.0,unknown,,1000.0,0.0,0.0,,{},,{},1000.0,0.0,1000.0,,unknown,0.0,1.0,557.0,{},0.2136,1000,0,1000,0
2024-08-01 21:00:00,164.83,167.75,164.61,166.37,255744.77,0.0001,52,0.0,0.0,unknown,,1000.0,0.0,0.0,,{},,{},1000.0,0.0,1000.0,,unknown,0.0,1.0,558.0,{},0.1821,1000,0,1000,0
