timestamp,open,high,low,close,volume,funding_rate,fear_greed,forecast,confidence,regime,strategy,total_portfolio_value,previous_allocation,allocation_change,approved_rebalance,succcess_execute_portfolio_rebalance,postRebalance_total_value,postRebalance_current_allocation,portfolio_value,debug_info.error,debug_info.regime,debug_info.forecast_delta,debug_info.regime_scores,debug_info.regime_margin,debug_info.bars_in_regime,debug_approve_allocation_change.symbol,debug_approve_allocation_change.time,debug_execute_portfolio_rebalance.symbol,debug_execute_portfolio_rebalance.price,debug_execute_portfolio_rebalance.quantity,debug_execute_portfolio_rebalance.trade_type,balances.USDT.free,balances.USDT.locked,balances.AVAXUSDT.free,balances.AVAXUSDT.locked,postRebalance_balances.USDT.free,postRebalance_balances.USDT.locked,postRebalance_balances.AVAXUSDT.free,postRebalance_balances.AVAXUSDT.locked,debug_info.components.keltner.last_history_value,debug_info.components.keltner.post_pipeline_value,debug_info.components.keltner.weight_normalized,debug_info.components.keltner.weighted_contribution,debug_approve_allocation_change.controls.max_allocation_change.passed,debug_approve_allocation_change.controls.min_allocation_change.passed
2024-09-01 00:00:00,22.8,22.84,22.73,22.78,18831.26,-2.8e-05,26,0.0,0.0,NOT_READY,,1000.0,0.0,0.0,,,1000.0,0.0,1000.0,Strategy not ready,,,,,,,,,,,,981.769968,0.0,0.0,0.0,981.769968,0.0,0.0,0.0,,,,,,
2024-09-01 01:00:00,22.78,22.78,22.53,22.55,19298.79,-2.8e-05,26,0.0,0.0,NOT_READY,,1000.0,0.0,0.0,,,1000.0,0.0,1000.0,Strategy not ready,,,,,,,,,,,,981.769968,0.0,0.0,0.0,981.769968,0.0,0.0,0.0,,,,,,
2024-09-01 02:00:00,22.55,22.56,22.25,22.44,64032.63,-2.8e-05,26,0.0,0.0,NOT_READY,,1000.0,0.0,0.0,,,1000.0,0.0,1000.0,Strategy not ready,,,,,,,,,,,,981.769968,0.0,0.0,0.0,981.769968,0.0,0.0,0.0,,,,,,
2024-09-01 03:00:00,22.44,22.57,22.4,22.48,25257.29,-2.8e-05,26,0.0,0.0,NOT_READY,,1000.0,0.0,0.0,,,1000.0,0.0,1000.0,Strategy not ready,,,,,,,,,,,,981.769968,0.0,0.0,0.0,981.769968,0.0,0.0,0.0,,,,,,
2024-09-01 04:00:00,22.48,22.5,22.33,22.4,27176.81,-2.8e-05,26,0.0,0.0,NOT_READY,,1000.0,0.0,0.0,,,1000.0,0.0,1000.0,Strategy not ready,,,,,,,,,,,,981.769968,0.0,0.0,0.0,981.769968,0.0,0.0,0.0,,,,,,
2024-09-01 05:00:00,22.4,22.44,21.92,21.94,172382.27,-2.8e-05,26,0.0,0.0,NOT_READY,,1000.0,0.0,0.0,,,1000.0,0.0,1000.0,Strategy not ready,,,,,,,,,,,,981.769968,0.0,0.0,0.0,981.769968,0.0,0.0,0.0,,,,,,
2024-09-01 06:00:00,21.95,22.18,21.9,22.06,37945.23,-2.8e-05,26,0.0,0.0,NOT_READY,,1000.0,0.0,0.0,,,1000.0,0.0,1000.0,Strategy not ready,,,,,,,,,,,,981.769968,0.0,0.0,0.0,981.769968,0.0,0.0,0.0,,,,,,
2024-09-01 07:00:00,22.06,22.28,21.99,22.27,78004.83,-2.8e-05,26,0.0,0.0,NOT_READY,,1000.0,0.0,0.0,,,1000.0,0.0,1000.0,Strategy not ready,,,,,,,,,,,,981.769968,0.0,0.0,0.0,981.769968,0.0,0.0,0.0,,,,,,
2024-09-01 08:00:00,22.28,22.28,22.04,22.07,38612.86,-2.8e-05,26,0.0,0.0,NOT_READY,,1000.0,0.0,0.0,,,1000.0,0.0,1000.0,Strategy not ready,,,,,,,,,,,,981.769968,0.0,0.0,0.0,981.769968,0.0,0.0,0.0,,,,,,
2024-09-01 09:00:00,22.07,22.59,22.03,22.39,142003.05,-0.000101,26,0.0,0.0,NOT_READY,,1000.0,0.0,0.0,,,1000.0,0.0,1000.0,Strategy not ready,,,,,,,,,,,,981.769968,0.0,0.0,0.0,981.769968,0.0,0.0,0.0,,,,,,
2024-09-01 10:00:00,22.38,22.39,22.2,22.22,48789.17,-0.000101,26,0.0,0.0,NOT_READY,,1000.0,0.0,0.0,,,1000.0,0.0,1000.0,Strategy not ready,,,,,,,,,,,,981.769968,0.0,0.0,0.0,981.769968,0.0,0.0,0.0,,,,,,
2024-09-01 11:00:00,22.22,22.36,22.18,22.36,27280.76,-0.000101,26,0.0,0.0,NOT_READY,,1000.0,0.0,0.0,,,1000.0,0.0,1000.0,Strategy not ready,,,,,,,,,,,,981.769968,0.0,0.0,0.0,981.769968,0.0,0.0,0.0,,,,,,
2024-09-01 12:00:00,22.35,22.43,22.22,22.28,29870.0,-0.000101,26,0.0,0.0,NOT_READY,,1000.0,0.0,0.0,,,1000.0,0.0,1000.0,Strategy not ready,,,,,,,,,,,,981.769968,0.0,0.0,0.0,981.769968,0.0,0.0,0.0,,,,,,
2024-09-01 13:00:00,22.27,22.39,22.09,22.3,86263.54,-0.000101,26,0.0,0.0,NOT_READY,,1000.0,0.0,0.0,,,1000.0,0.0,1000.0,Strategy not ready,,,,,,,,,,,,981.769968,0.0,0.0,0.0,981.769968,0.0,0.0,0.0,,,,,,
2024-09-01 14:00:00,22.31,22.31,21.86,22.18,138036.68,-0.000101,26,0.0,0.0,NOT_READY,,1000.0,0.0,0.0,,,1000.0,0.0,1000.0,Strategy not ready,,,,,,,,,,,,981.769968,0.0,0.0,0.0,981.769968,0.0,0.0,0.0,,,,,,
2024-09-01 15:00:00,22.18,22.53,22.1,22.42,107892.51,-0.000101,26,0.0,0.0,NOT_READY,,1000.0,0.0,0.0,,,1000.0,0.0,1000.0,Strategy not ready,,,,,,,,,,,,981.769968,0.0,0.0,0.0,981.769968,0.0,0.0,0.0,,,,,,
2024-09-01 16:00:00,22.42,22.49,22.22,22.24,51183.72,-6e-05,26,0.0,0.0,NOT_READY,,1000.0,0.0,0.0,,,1000.0,0.0,1000.0,Strategy not ready,,,,,,,,,,,,981.769968,0.0,0.0,0.0,981.769968,0.0,0.0,0.0,,,,,,
2024-09-01 17:00:00,22.24,22.34,21.76,21.91,125705.18,-6e-05,26,0.0,0.0,NOT_READY,,1000.0,0.0,0.0,,,1000.0,0.0,1000.0,Strategy not ready,,,,,,,,,,,,981.769968,0.0,0.0,0.0,981.769968,0.0,0.0,0.0,,,,,,
2024-09-01 18:00:00,21.91,22.36,21.84,22.18,94614.98,-6e-05,26,0.0,0.0,NOT_READY,,1000.0,0.0,0.0,,,1000.0,0.0,1000.0,Strategy not ready,,,,,,,,,,,,981.769968,0.0,0.0,0.0,981.769968,0.0,0.0,0.0,,,,,,
2024-09-01 19:00:00,22.19,22.35,22.08,22.15,53730.17,-6e-05,26,0.0,0.0,NOT_READY,,1000.0,0.0,0.0,,,1000.0,0.0,1000.0,Strategy not ready,,,,,,,,,,,,981.769968,0.0,0.0,0.0,981.769968,0.0,0.0,0.0,,,,,,
2024-09-01 20:00:00,22.16,22.31,22.11,22.16,39608.83,-6e-05,26,0.0,0.0,NOT_READY,,1000.0,0.0,0.0,,,1000.0,0.0,1000.0,Strategy not ready,,,,,,,,,,,,981.769968,0.0,0.0,0.0,981.769968,0.0,0.0,0.0,,,,,,
2024-09-01 21:00:00,22.17,22.17,21.85,21.96,35585.34,-6e-05,26,0.0,0.0,NOT_READY,,1000.0,0.0,0.0,,,1000.0,0.0,1000.0,Strategy not ready,,,,,,,,,,,,981.769968,0.0,0.0,0.0,981.769968,0.0,0.0,0.0,,,,,,
2024-09-01 22:00:00,21.96,22.0,21.09,21.24,167633.28,-6e-05,26,0.0,0.0,NOT_READY,,1000.0,0.0,0.0,,,1000.0,0.0,1000.0,Strategy not ready,,,,,,,,,,,,981.769968,0.0,0.0,0.0,981.769968,0.0,0.0,0.0,,,,,,
2024-09-01 23:00:00,21.23,21.49,21.2,21.42,71978.37,-6e-05,26,0.0,0.0,NOT_READY,,1000.0,0.0,0.0,,,1000.0,0.0,1000.0,Strategy not ready,,,,,,,,,,,,981.769968,0.0,0.0,0.0,981.769968,0.0,0.0,0.0,,,,,,
2024-09-02 00:00:00,21.42,21.66,21.37,21.63,50179.11,-6e-05,26,0.0,0.0,NOT_READY,,1000.0,0.0,0.0,,,1000.0,0.0,1000.0,Strategy not ready,,,,,,,,,,,,981.769968,0.0,0.0,0.0,981.769968,0.0,0.0,0.0,,,,,,
2024-09-02 01:00:00,21.63,21.87,21.57,21.76,52347.92,-0.000203,26,0.0,0.0,NOT_READY,,1000.0,0.0,0.0,,,1000.0,0.0,1000.0,Strategy not ready,,,,,,,,,,,,981.769968,0.0,0.0,0.0,981.769968,0.0,0.0,0.0,,,,,,
2024-09-02 02:00:00,21.75,21.91,21.65,21.73,47112.68,-0.000203,26,0.0,0.0,NOT_READY,,1000.0,0.0,0.0,,,1000.0,0.0,1000.0,Strategy not ready,,,,,,,,,,,,981.769968,0.0,0.0,0.0,981.769968,0.0,0.0,0.0,,,,,,
2024-09-02 03:00:00,21.73,21.88,21.73,21.82,26198.79,-0.000203,26,0.0,0.0,NOT_READY,,1000.0,0.0,0.0,,,1000.0,0.0,1000.0,Strategy not ready,,,,,,,,,,,,981.769968,0.0,0.0,0.0,981.769968,0.0,0.0,0.0,,,,,,
2024-09-02 04:00:00,21.82,21.87,21.56,21.58,32915.74,-0.000203,26,0.0,0.0,NOT_READY,,1000.0,0.0,0.0,,,1000.0,0.0,1000.0,Strategy not ready,,,,,,,,,,,,981.769968,0.0,0.0,0.0,981.769968,0.0,0.0,0.0,,,,,,
2024-09-02 05:00:00,21.58,22.07,21.56,21.92,69629.04,-0.000203,26,0.0,0.0,NOT_READY,,1000.0,0.0,0.0,,,1000.0,0.0,1000.0,Strategy not ready,,,,,,,,,,,,981.769968,0.0,0.0,0.0,981.769968,0.0,0.0,0.0,,,,,,
2024-09-02 06:00:00,21.93,22.03,21.74,21.76,37310.43,-0.000203,26,0.0,0.0,NOT_READY,,1000.0,0.0,0.0,,,1000.0,0.0,1000.0,Strategy not ready,,,,,,,,,,,,981.769968,0.0,0.0,0.0,981.769968,0.0,0.0,0.0,,,,,,
2024-09-02 07:00:00,21.75,21.81,21.52,21.59,51915.44,-0.000203,26,0.0,0.0,NOT_READY,,1000.0,0.0,0.0,,,1000.0,0.0,1000.0,Strategy not ready,,,,,,,,,,,,981.769968,0.0,0.0,0.0,981.769968,0.0,0.0,0.0,,,,,,
2024-09-02 08:00:00,21.6,22.13,21.6,21.94,93940.85,-0.000203,26,0.0,0.0,NOT_READY,,1000.0,0.0,0.0,,,1000.0,0.0,1000.0,Strategy not ready,,,,,,,,,,,,981.769968,0.0,0.0,0.0,981.769968,0.0,0.0,0.0,,,,,,
2024-09-02 09:00:00,21.94,22.19,21.79,22.18,60099.49,-9.6e-05,26,0.0,0.0,NOT_READY,,1000.0,0.0,0.0,,,1000.0,0.0,1000.0,Strategy not ready,,,,,,,,,,,,981.769968,0.0,0.0,0.0,981.769968,0.0,0.0,0.0,,,,,,
2024-09-02 10:00:00,22.17,22.36,22.12,22.28,84177.92,-9.6e-05,26,0.0,0.0,NOT_READY,,1000.0,0.0,0.0,,,1000.0,0.0,1000.0,Strategy not ready,,,,,,,,,,,,981.769968,0.0,0.0,0.0,981.769968,0.0,0.0,0.0,,,,,,
2024-09-02 11:00:00,22.28,22.35,22.17,22.19,39494.37,-9.6e-05,26,0.0,0.0,NOT_READY,,1000.0,0.0,0.0,,,1000.0,0.0,1000.0,Strategy not ready,,,,,,,,,,,,981.769968,0.0,0.0,0.0,981.769968,0.0,0.0,0.0,,,,,,
2024-09-02 12:00:00,22.18,22.25,22.06,22.13,43295.79,-9.6e-05,26,0.0,0.0,NOT_READY,,1000.0,0.0,0.0,,,1000.0,0.0,1000.0,Strategy not ready,,,,,,,,,,,,981.769968,0.0,0.0,0.0,981.769968,0.0,0.0,0.0,,,,,,
2024-09-02 13:00:00,22.13,22.17,21.93,21.95,38302.93,-9.6e-05,26,0.0,0.0,NOT_READY,,1000.0,0.0,0.0,,,1000.0,0.0,1000.0,Strategy not ready,,,,,,,,,,,,981.769968,0.0,0.0,0.0,981.769968,0.0,0.0,0.0,,,,,,
2024-09-02 14:00:00,21.96,22.26,21.84,22.2,70746.1,-9.6e-05,26,0.0,0.0,NOT_READY,,1000.0,0.0,0.0,,,1000.0,0.0,1000.0,Strategy not ready,,,,,,,,,,,,981.769968,0.0,0.0,0.0,981.769968,0.0,0.0,0.0,,,,,,
2024-09-02 15:00:00,22.21,22.24,22.06,22.06,36420.77,-9.6e-05,26,0.0,0.0,NOT_READY,,1000.0,0.0,0.0,,,1000.0,0.0,1000.0,Strategy not ready,,,,,,,,,,,,981.769968,0.0,0.0,0.0,981.769968,0.0,0.0,0.0,,,,,,
2024-09-02 16:00:00,22.07,22.18,21.95,21.98,35993.4,-0.000197,26,0.0,0.0,NOT_READY,,1000.0,0.0,0.0,,,1000.0,0.0,1000.0,Strategy not ready,,,,,,,,,,,,981.769968,0.0,0.0,0.0,981.769968,0.0,0.0,0.0,,,,,,
2024-09-02 17:00:00,21.98,22.19,21.98,22.14,40739.02,-0.000197,26,0.0,0.0,NOT_READY,,1000.0,0.0,0.0,,,1000.0,0.0,1000.0,Strategy not ready,,,,,,,,,,,,981.769968,0.0,0.0,0.0,981.769968,0.0,0.0,0.0,,,,,,
2024-09-02 18:00:00,22.14,22.21,22.04,22.12,56274.07,-0.000197,26,0.0,0.0,NOT_READY,,1000.0,0.0,0.0,,,1000.0,0.0,1000.0,Strategy not ready,,,,,,,,,,,,981.769968,0.0,0.0,0.0,981.769968,0.0,0.0,0.0,,,,,,
2024-09-02 19:00:00,22.11,22.16,22.05,22.09,19652.68,-0.000197,26,0.0,0.0,NOT_READY,,1000.0,0.0,0.0,,,1000.0,0.0,1000.0,Strategy not ready,,,,,,,,,,,,981.769968,0.0,0.0,0.0,981.769968,0.0,0.0,0.0,,,,,,
2024-09-02 20:00:00,22.1,22.53,22.1,22.43,91671.54,-0.000197,26,0.0,0.0,NOT_READY,,1000.0,0.0,0.0,,,1000.0,0.0,1000.0,Strategy not ready,,,,,,,,,,,,981.769968,0.0,0.0,0.0,981.769968,0.0,0.0,0.0,,,,,,
2024-09-02 21:00:00,22.44,22.57,22.34,22.43,76981.95,-0.000197,26,0.0,0.0,NOT_READY,,1000.0,0.0,0.0,,,1000.0,0.0,1000.0,Strategy not ready,,,,,,,,,,,,981.769968,0.0,0.0,0.0,981.769968,0.0,0.0,0.0,,,,,,
2024-09-02 22:00:00,22.43,22.49,22.37,22.47,33698.86,-0.000197,26,0.0,0.0,NOT_READY,,1000.0,0.0,0.0,,,1000.0,0.0,1000.0,Strategy not ready,,,,,,,,,,,,981.769968,0.0,0.0,0.0,981.769968,0.0,0.0,0.0,,,,,,
2024-09-02 23:00:00,22.47,22.51,22.32,22.37,24630.31,-0.000197,26,0.0,0.0,NOT_READY,,1000.0,0.0,0.0,,,1000.0,0.0,1000.0,Strategy not ready,,,,,,,,,,,,981.769968,0.0,0.0,0.0,981.769968,0.0,0.0,0.0,,,,,,
2024-09-03 00:00:00,22.37,22.46,22.29,22.45,26653.78,-0.000167,26,0.0,0.0,NOT_READY,,1000.0,0.0,0.0,,,1000.0,0.0,1000.0,Strategy not ready,,,,,,,,,,,,981.769968,0.0,0.0,0.0,981.769968,0.0,0.0,0.0,,,,,,
2024-09-03 01:00:00,22.46,22.55,22.39,22.54,38438.89,-0.000167,26,0.0,0.0,NOT_READY,,1000.0,0.0,0.0,,,1000.0,0.0,1000.0,Strategy not ready,,,,,,,,,,,,981.769968,0.0,0.0,0.0,981.769968,0.0,0.0,0.0,,,,,,
2024-09-03 02:00:00,22.54,22.73,22.51,22.53,77163.28,-0.000167,26,0.0,0.0,NOT_READY,,1000.0,0.0,0.0,,,1000.0,0.0,1000.0,Strategy not ready,,,,,,,,,,,,981.769968,0.0,0.0,0.0,981.769968,0.0,0.0,0.0,,,,,,
2024-09-03 03:00:00,22.53,22.65,22.46,22.52,60436.2,-0.000167,26,0.0,0.0,NOT_READY,,1000.0,0.0,0.0,,,1000.0,0.0,1000.0,Strategy not ready,,,,,,,,,,,,981.769968,0.0,0.0,0.0,981.769968,0.0,0.0,0.0,,,,,,
2024-09-03 04:00:00,22.52,22.54,22.35,22.41,30120.38,-0.000167,26,0.0,0.0,NOT_READY,,1000.0,0.0,0.0,,,1000.0,0.0,1000.0,Strategy not ready,,,,,,,,,,,,981.769968,0.0,0.0,0.0,981.769968,0.0,0.0,0.0,,,,,,
2024-09-03 05:00:00,22.41,22.51,22.34,22.5,21985.97,-0.000167,26,0.0,0.0,NOT_READY,,1000.0,0.0,0.0,,,1000.0,0.0,1000.0,Strategy not ready,,,,,,,,,,,,981.769968,0.0,0.0,0.0,981.769968,0.0,0.0,0.0,,,,,,
2024-09-03 06:00:00,22.5,22.5,22.28,22.29,38681.67,-0.000167,26,0.0,0.0,NOT_READY,,1000.0,0.0,0.0,,,1000.0,0.0,1000.0,Strategy not ready,,,,,,,,,,,,981.769968,0.0,0.0,0.0,981.769968,0.0,0.0,0.0,,,,,,
2024-09-03 07:00:00,22.29,22.55,22.28,22.52,43547.32,-0.000167,26,0.0,0.0,NOT_READY,,1000.0,0.0,0.0,,,1000.0,0.0,1000.0,Strategy not ready,,,,,,,,,,,,981.769968,0.0,0.0,0.0,981.769968,0.0,0.0,0.0,,,,,,
2024-09-03 08:00:00,22.52,22.53,22.14,22.19,46244.49,-0.000167,26,0.0,0.0,NOT_READY,,1000.0,0.0,0.0,,,1000.0,0.0,1000.0,Strategy not ready,,,,,,,,,,,,981.769968,0.0,0.0,0.0,981.769968,0.0,0.0,0.0,,,,,,
2024-09-03 09:00:00,22.19,22.31,22.17,22.22,38677.61,-0.000134,26,0.0,0.0,NOT_READY,,1000.0,0.0,0.0,,,1000.0,0.0,1000.0,Strategy not ready,,,,,,,,,,,,981.769968,0.0,0.0,0.0,981.769968,0.0,0.0,0.0,,,,,,
2024-09-03 10:00:00,22.23,22.43,22.19,22.35,30936.87,-0.000134,26,0.0,0.0,NOT_READY,,1000.0,0.0,0.0,,,1000.0,0.0,1000.0,Strategy not ready,,,,,,,,,,,,981.769968,0.0,0.0,0.0,981.769968,0.0,0.0,0.0,,,,,,
2024-09-03 11:00:00,22.35,22.43,22.27,22.39,31495.26,-0.000134,26,0.0,0.0,NOT_READY,,1000.0,0.0,0.0,,,1000.0,0.0,1000.0,Strategy not ready,,,,,,,,,,,,981.769968,0.0,0.0,0.0,981.769968,0.0,0.0,0.0,,,,,,
2024-09-03 12:00:00,22.4,22.51,22.37,22.39,37622.53,-0.000134,26,0.0,0.0,NOT_READY,,1000.0,0.0,0.0,,,1000.0,0.0,1000.0,Strategy not ready,,,,,,,,,,,,981.769968,0.0,0.0,0.0,981.769968,0.0,0.0,0.0,,,,,,
2024-09-03 13:00:00,22.39,22.5,21.9,21.99,97850.29,-0.000134,26,0.0,0.0,NOT_READY,,1000.0,0.0,0.0,,,1000.0,0.0,1000.0,Strategy not ready,,,,,,,,,,,,981.769968,0.0,0.0,0.0,981.769968,0.0,0.0,0.0,,,,,,
2024-09-03 14:00:00,21.99,21.99,21.68,21.75,100249.07,-0.000134,26,0.0,0.0,NOT_READY,,1000.0,0.0,0.0,,,1000.0,0.0,1000.0,Strategy not ready,,,,,,,,,,,,981.769968,0.0,0.0,0.0,981.769968,0.0,0.0,0.0,,,,,,
2024-09-03 15:00:00,21.74,21.85,21.54,21.6,83701.04,-0.000134,26,0.0,0.0,NOT_READY,,1000.0,0.0,0.0,,,1000.0,0.0,1000.0,Strategy not ready,,,,,,,,,,,,981.769968,0.0,0.0,0.0,981.769968,0.0,0.0,0.0,,,,,,
2024-09-03 16:00:00,21.59,21.69,21.52,21.57,54335.66,-0.000123,26,0.0,0.0,NOT_READY,,1000.0,0.0,0.0,,,1000.0,0.0,1000.0,Strategy not ready,,,,,,,,,,,,981.769968,0.0,0.0,0.0,981.769968,0.0,0.0,0.0,,,,,,
2024-09-03 17:00:00,21.57,21.78,21.54,21.62,34155.84,-0.000123,26,0.0,0.0,NOT_READY,,1000.0,0.0,0.0,,,1000.0,0.0,1000.0,Strategy not ready,,,,,,,,,,,,981.769968,0.0,0.0,0.0,981.769968,0.0,0.0,0.0,,,,,,
2024-09-03 18:00:00,21.62,21.75,21.55,21.73,39347.72,-0.000123,26,0.0,0.0,NOT_READY,,1000.0,0.0,0.0,,,1000.0,0.0,1000.0,Strategy not ready,,,,,,,,,,,,981.769968,0.0,0.0,0.0,981.769968,0.0,0.0,0.0,,,,,,
2024-09-03 19:00:00,21.73,21.88,21.67,21.82,52388.98,-0.000123,26,0.0,0.0,NOT_READY,,1000.0,0.0,0.0,,,1000.0,0.0,1000.0,Strategy not ready,,,,,,,,,,,,981.769968,0.0,0.0,0.0,981.769968,0.0,0.0,0.0,,,,,,
2024-09-03 20:00:00,21.82,21.83,21.62,21.7,44014.87,-0.000123,26,0.0,0.0,NOT_READY,,1000.0,0.0,0.0,,,1000.0,0.0,1000.0,Strategy not ready,,,,,,,,,,,,981.769968,0.0,0.0,0.0,981.769968,0.0,0.0,0.0,,,,,,
2024-09-03 21:00:00,21.7,21.7,21.52,21.63,35762.33,-0.000123,26,0.0,0.0,NOT_READY,,1000.0,0.0,0.0,,,1000.0,0.0,1000.0,Strategy not ready,,,,,,,,,,,,981.769968,0.0,0.0,0.0,981.769968,0.0,0.0,0.0,,,,,,
2024-09-03 22:00:00,21.62,21.63,21.49,21.51,29072.58,-0.000123,26,0.0,0.0,NOT_READY,,1000.0,0.0,0.0,,,1000.0,0.0,1000.0,Strategy not ready,,,,,,,,,,,,981.769968,0.0,0.0,0.0,981.769968,0.0,0.0,0.0,,,,,,
2024-09-03 23:00:00,21.51,21.53,21.33,21.38,72616.38,-0.000123,26,0.0,0.0,NOT_READY,,1000.0,0.0,0.0,,,1000.0,0.0,1000.0,Strategy not ready,,,,,,,,,,,,981.769968,0.0,0.0,0.0,981.769968,0.0,0.0,0.0,,,,,,
2024-09-04 00:00:00,21.38,21.6,21.19,21.23,73721.99,-0.000118,27,0.0,0.0,NOT_READY,,1000.0,0.0,0.0,,,1000.0,0.0,1000.0,Strategy not ready,,,,,,,,,,,,981.769968,0.0,0.0,0.0,981.769968,0.0,0.0,0.0,,,,,,
2024-09-04 01:00:00,21.23,21.29,20.48,21.25,326728.62,-0.000118,27,0.0,0.0,NOT_READY,,1000.0,0.0,0.0,,,1000.0,0.0,1000.0,Strategy not ready,,,,,,,,,,,,981.769968,0.0,0.0,0.0,981.769968,0.0,0.0,0.0,,,,,,
2024-09-04 02:00:00,21.24,21.38,21.1,21.24,140405.29,-0.000118,27,0.0,0.0,NOT_READY,,1000.0,0.0,0.0,,,1000.0,0.0,1000.0,Strategy not ready,,,,,,,,,,,,981.769968,0.0,0.0,0.0,981.769968,0.0,0.0,0.0,,,,,,
2024-09-04 03:00:00,21.25,21.5,21.23,21.45,46950.39,-0.000118,27,0.0,0.0,NOT_READY,,1000.0,0.0,0.0,,,1000.0,0.0,1000.0,Strategy not ready,,,,,,,,,,,,981.769968,0.0,0.0,0.0,981.769968,0.0,0.0,0.0,,,,,,
2024-09-04 04:00:00,21.44,21.49,21.36,21.49,25549.35,-0.000118,27,0.0,0.0,NOT_READY,,1000.0,0.0,0.0,,,1000.0,0.0,1000.0,Strategy not ready,,,,,,,,,,,,981.769968,0.0,0.0,0.0,981.769968,0.0,0.0,0.0,,,,,,
2024-09-04 05:00:00,21.48,21.48,21.19,21.2,47147.82,-0.000118,27,0.0,0.0,NOT_READY,,1000.0,0.0,0.0,,,1000.0,0.0,1000.0,Strategy not ready,,,,,,,,,,,,981.769968,0.0,0.0,0.0,981.769968,0.0,0.0,0.0,,,,,,
2024-09-04 06:00:00,21.2,21.5,21.19,21.41,52370.76,-0.000118,27,0.0,0.0,NOT_READY,,1000.0,0.0,0.0,,,1000.0,0.0,1000.0,Strategy not ready,,,,,,,,,,,,981.769968,0.0,0.0,0.0,981.769968,0.0,0.0,0.0,,,,,,
2024-09-04 07:00:00,21.4,21.76,21.37,21.68,82046.58,-0.000118,27,0.0,0.0,NOT_READY,,1000.0,0.0,0.0,,,1000.0,0.0,1000.0,Strategy not ready,,,,,,,,,,,,981.769968,0.0,0.0,0.0,981.769968,0.0,0.0,0.0,,,,,,
2024-09-04 08:00:00,21.68,21.74,21.6,21.68,40593.88,-6.9e-05,27,0.0,0.0,NOT_READY,,1000.0,0.0,0.0,,,1000.0,0.0,1000.0,Strategy not ready,,,,,,,,,,,,981.769968,0.0,0.0,0.0,981.769968,0.0,0.0,0.0,,,,,,
2024-09-04 09:00:00,21.67,21.8,21.55,21.56,65077.95,-6.9e-05,27,0.0,0.0,NOT_READY,,1000.0,0.0,0.0,,,1000.0,0.0,1000.0,Strategy not ready,,,,,,,,,,,,981.769968,0.0,0.0,0.0,981.769968,0.0,0.0,0.0,,,,,,
2024-09-04 10:00:00,21.55,21.62,21.41,21.41,44115.1,-6.9e-05,27,0.0,0.0,NOT_READY,,1000.0,0.0,0.0,,,1000.0,0.0,1000.0,Strategy not ready,,,,,,,,,,,,981.769968,0.0,0.0,0.0,981.769968,0.0,0.0,0.0,,,,,,
2024-09-04 11:00:00,21.41,21.61,21.41,21.48,33372.31,-6.9e-05,27,0.0,0.0,NOT_READY,,1000.0,0.0,0.0,,,1000.0,0.0,1000.0,Strategy not ready,,,,,,,,,,,,981.769968,0.0,0.0,0.0,981.769968,0.0,0.0,0.0,,,,,,
2024-09-04 12:00:00,21.49,21.63,21.42,21.48,42869.43,-6.9e-05,27,0.0,0.0,NOT_READY,,1000.0,0.0,0.0,,,1000.0,0.0,1000.0,Strategy not ready,,,,,,,,,,,,981.769968,0.0,0.0,0.0,981.769968,0.0,0.0,0.0,,,,,,
2024-09-04 13:00:00,21.48,21.56,21.32,21.53,85605.74,-6.9e-05,27,0.0,0.0,NOT_READY,,1000.0,0.0,0.0,,,1000.0,0.0,1000.0,Strategy not ready,,,,,,,,,,,,981.769968,0.0,0.0,0.0,981.769968,0.0,0.0,0.0,,,,,,
2024-09-04 14:00:00,21.53,21.99,21.36,21.91,177562.93,-6.9e-05,27,0.0,0.0,NOT_READY,,1000.0,0.0,0.0,,,1000.0,0.0,1000.0,Strategy not ready,,,,,,,,,,,,981.769968,0.0,0.0,0.0,981.769968,0.0,0.0,0.0,,,,,,
2024-09-04 15:00:00,21.92,22.06,21.77,22.03,106265.49,-6.9e-05,27,0.0,0.0,NOT_READY,,1000.0,0.0,0.0,,,1000.0,0.0,1000.0,Strategy not ready,,,,,,,,,,,,981.769968,0.0,0.0,0.0,981.769968,0.0,0.0,0.0,,,,,,
2024-09-04 16:00:00,22.04,22.32,21.96,22.14,123864.94,-5.5e-05,27,0.0,0.0,NOT_READY,,1000.0,0.0,0.0,,,1000.0,0.0,1000.0,Strategy not ready,,,,,,,,,,,,981.769968,0.0,0.0,0.0,981.769968,0.0,0.0,0.0,,,,,,
2024-09-04 17:00:00,22.13,22.2,21.91,21.98,75117.74,-5.5e-05,27,0.0,0.0,NOT_READY,,1000.0,0.0,0.0,,,1000.0,0.0,1000.0,Strategy not ready,,,,,,,,,,,,981.769968,0.0,0.0,0.0,981.769968,0.0,0.0,0.0,,,,,,
2024-09-04 18:00:00,21.98,22.09,21.86,21.88,37269.03,-5.5e-05,27,0.0,0.0,NOT_READY,,1000.0,0.0,0.0,,,1000.0,0.0,1000.0,Strategy not ready,,,,,,,,,,,,981.769968,0.0,0.0,0.0,981.769968,0.0,0.0,0.0,,,,,,
2024-09-04 19:00:00,21.88,21.95,21.8,21.89,41542.95,-5.5e-05,27,0.0,0.0,NOT_READY,,1000.0,0.0,0.0,,,1000.0,0.0,1000.0,Strategy not ready,,,,,,,,,,,,981.769968,0.0,0.0,0.0,981.769968,0.0,0.0,0.0,,,,,,
2024-09-04 20:00:00,21.9,21.98,21.77,21.95,37239.56,-5.5e-05,27,0.0,0.0,NOT_READY,,1000.0,0.0,0.0,,,1000.0,0.0,1000.0,Strategy not ready,,,,,,,,,,,,981.769968,0.0,0.0,0.0,981.769968,0.0,0.0,0.0,,,,,,
2024-09-04 21:00:00,21.96,22.05,21.9,22.02,18787.28,-5.5e-05,27,0.0,0.0,NOT_READY,,1000.0,0.0,0.0,,,1000.0,0.0,1000.0,Strategy not ready,,,,,,,,,,,,981.769968,0.0,0.0,0.0,981.769968,0.0,0.0,0.0,,,,,,
2024-09-04 22:00:00,22.03,22.12,21.94,22.03,36488.4,-5.5e-05,27,0.0,0.0,NOT_READY,,1000.0,0.0,0.0,,,1000.0,0.0,1000.0,Strategy not ready,,,,,,,,,,,,981.769968,0.0,0.0,0.0,981.769968,0.0,0.0,0.0,,,,,,
2024-09-04 23:00:00,22.03,22.07,21.83,21.9,22430.91,-5.5e-05,27,0.0,0.0,NOT_READY,,1000.0,0.0,0.0,,,1000.0,0.0,1000.0,Strategy not ready,,,,,,,,,,,,981.769968,0.0,0.0,0.0,981.769968,0.0,0.0,0.0,,,,,,
2024-09-05 00:00:00,21.91,22.02,21.84,21.88,34990.07,-4.9e-05,29,0.0,0.0,NOT_READY,,1000.0,0.0,0.0,,,1000.0,0.0,1000.0,Strategy not ready,,,,,,,,,,,,981.769968,0.0,0.0,0.0,981.769968,0.0,0.0,0.0,,,,,,
2024-09-05 01:00:00,21.88,22.19,21.84,22.11,53980.85,-4.9e-05,29,0.0,0.0,NOT_READY,,1000.0,0.0,0.0,,,1000.0,0.0,1000.0,Strategy not ready,,,,,,,,,,,,981.769968,0.0,0.0,0.0,981.769968,0.0,0.0,0.0,,,,,,
2024-09-05 02:00:00,22.1,22.14,21.9,21.93,32887.51,-4.9e-05,29,0.0,0.0,NOT_READY,,1000.0,0.0,0.0,,,1000.0,0.0,1000.0,Strategy not ready,,,,,,,,,,,,981.769968,0.0,0.0,0.0,981.769968,0.0,0.0,0.0,,,,,,
2024-09-05 03:00:00,21.92,21.92,21.64,21.72,65690.58,-4.9e-05,29,0.0,0.0,NOT_READY,,1000.0,0.0,0.0,,,1000.0,0.0,1000.0,Strategy not ready,,,,,,,,,,,,981.769968,0.0,0.0,0.0,981.769968,0.0,0.0,0.0,,,,,,
2024-09-05 04:00:00,21.71,21.94,21.66,21.88,31258.32,-4.9e-05,29,0.0,0.0,NOT_READY,,1000.0,0.0,0.0,,,1000.0,0.0,1000.0,Strategy not ready,,,,,,,,,,,,981.769968,0.0,0.0,0.0,981.769968,0.0,0.0,0.0,,,,,,
2024-09-05 05:00:00,21.89,21.94,21.82,21.85,21999.1,-4.9e-05,29,0.0,0.0,NOT_READY,,1000.0,0.0,0.0,,,1000.0,0.0,1000.0,Strategy not ready,,,,,,,,,,,,981.769968,0.0,0.0,0.0,981.769968,0.0,0.0,0.0,,,,,,
2024-09-05 06:00:00,21.85,21.87,21.54,21.74,56568.36,-4.9e-05,29,0.0,0.0,NOT_READY,,1000.0,0.0,0.0,,,1000.0,0.0,1000.0,Strategy not ready,,,,,,,,,,,,981.769968,0.0,0.0,0.0,981.769968,0.0,0.0,0.0,,,,,,
2024-09-05 07:00:00,21.73,21.92,21.72,21.79,40811.33,-4.9e-05,29,0.0,0.0,NOT_READY,,1000.0,0.0,0.0,,,1000.0,0.0,1000.0,Strategy not ready,,,,,,,,,,,,981.769968,0.0,0.0,0.0,981.769968,0.0,0.0,0.0,,,,,,
2024-09-05 08:00:00,21.78,21.87,21.68,21.72,34006.75,-8.9e-05,29,0.0,0.0,unknown,,1000.0,0.0,0.0,,,1000.0,0.0,1000.0,,unknown,0.0,{},,1.0,,,,,,,981.769968,0.0,0.0,0.0,981.769968,0.0,0.0,0.0,,,,,,
2024-09-05 09:00:00,21.72,21.74,21.57,21.64,39329.86,-8.9e-05,29,0.0,0.0,unknown,,1000.0,0.0,0.0,,,1000.0,0.0,1000.0,,unknown,0.0,{},,2.0,,,,,,,981.769968,0.0,0.0,0.0,981.769968,0.0,0.0,0.0,,,,,,
2024-09-05 10:00:00,21.64,21.69,21.57,21.66,26112.31,-8.9e-05,29,0.0,0.0,unknown,,1000.0,0.0,0.0,,,1000.0,0.0,1000.0,,unknown,0.0,{},,3.0,,,,,,,981.769968,0.0,0.0,0.0,981.769968,0.0,0.0,0.0,,,,,,
2024-09-05 11:00:00,21.67,21.77,21.63,21.71,23424.74,-8.9e-05,29,0.0,0.0,unknown,,1000.0,0.0,0.0,,,1000.0,0.0,1000.0,,unknown,0.0,{},,4.0,,,,,,,981.769968,0.0,0.0,0.0,981.769968,0.0,0.0,0.0,,,,,,
2024-09-05 12:00:00,21.71,21.84,21.61,21.74,66226.1,-8.9e-05,29,0.0,0.0,unknown,,1000.0,0.0,0.0,,,1000.0,0.0,1000.0,,unknown,0.0,{},,5.0,,,,,,,981.769968,0.0,0.0,0.0,981.769968,0.0,0.0,0.0,,,,,,
2024-09-05 13:00:00,21.74,21.93,21.72,21.91,64554.47,-8.9e-05,29,0.0,0.0,unknown,,1000.0,0.0,0.0,,,1000.0,0.0,1000.0,,unknown,0.0,{},,6.0,,,,,,,981.769968,0.0,0.0,0.0,981.769968,0.0,0.0,0.0,,,,,,
2024-09-05 14:00:00,21.92,22.03,21.5,21.52,102331.04,-8.9e-05,29,0.0,0.0,unknown,,1000.0,0.0,0.0,,,1000.0,0.0,1000.0,,unknown,0.0,{},,7.0,,,,,,,981.769968,0.0,0.0,0.0,981.769968,0.0,0.0,0.0,,,,,,
2024-09-05 15:00:00,21.52,21.57,21.25,21.42,113990.75,-8.9e-05,29,0.0,0.0,unknown,,1000.0,0.0,0.0,,,1000.0,0.0,1000.0,,unknown,0.0,{},,8.0,,,,,,,981.769968,0.0,0.0,0.0,981.769968,0.0,0.0,0.0,,,,,,
2024-09-05 16:00:00,21.41,21.52,21.29,21.48,50692.06,-8.9e-05,29,0.0,0.0,unknown,,1000.0,0.0,0.0,,,1000.0,0.0,1000.0,,unknown,0.0,{},,9.0,,,,,,,981.769968,0.0,0.0,0.0,981.769968,0.0,0.0,0.0,,,,,,
2024-09-05 17:00:00,21.48,21.74,21.41,21.72,42565.07,-0.000109,29,0.0,0.0,unknown,,1000.0,0.0,0.0,,,1000.0,0.0,1000.0,,unknown,0.0,{},,10.0,,,,,,,981.769968,0.0,0.0,0.0,981.769968,0.0,0.0,0.0,,,,,,
2024-09-05 18:00:00,21.73,21.76,21.61,21.61,26622.01,-0.000109,29,0.0,0.0,unknown,,1000.0,0.0,0.0,,,1000.0,0.0,1000.0,,unknown,0.0,{},,11.0,,,,,,,981.769968,0.0,0.0,0.0,981.769968,0.0,0.0,0.0,,,,,,
2024-09-05 19:00:00,21.61,21.61,21.23,21.32,57676.09,-0.000109,29,0.0,0.0,unknown,,1000.0,0.0,0.0,,,1000.0,0.0,1000.0,,unknown,0.0,{},,12.0,,,,,,,981.769968,0.0,0.0,0.0,981.769968,0.0,0.0,0.0,,,,,,
2024-09-05 20:00:00,21.32,21.49,21.31,21.35,50000.16,-0.000109,29,0.0,0.0,unknown,,1000.0,0.0,0.0,,,1000.0,0.0,1000.0,,unknown,0.0,{},,13.0,,,,,,,981.769968,0.0,0.0,0.0,981.769968,0.0,0.0,0.0,,,,,,
2024-09-05 21:00:00,21.35,21.45,21.27,21.41,42958.52,-0.000109,29,0.0,0.0,unknown,,1000.0,0.0,0.0,,,1000.0,0.0,1000.0,,unknown,0.0,{},,14.0,,,,,,,981.769968,0.0,0.0,0.0,981.769968,0.0,0.0,0.0,,,,,,
2024-09-05 22:00:00,21.41,21.46,21.26,21.46,31962.06,-0.000109,29,0.0,0.0,unknown,,1000.0,0.0,0.0,,,1000.0,0.0,1000.0,,unknown,0.0,{},,15.0,,,,,,,981.769968,0.0,0.0,0.0,981.769968,0.0,0.0,0.0,,,,,,
2024-09-05 23:00:00,21.45,21.48,21.35,21.38,19923.38,-0.000109,29,0.0,0.0,unknown,,1000.0,0.0,0.0,,,1000.0,0.0,1000.0,,unknown,0.0,{},,16.0,,,,,,,981.769968,0.0,0.0,0.0,981.769968,0.0,0.0,0.0,,,,,,
2024-09-06 00:00:00,21.38,21.46,21.26,21.36,34321.45,-4e-06,22,0.0,0.0,unknown,,1000.0,0.0,0.0,,,1000.0,0.0,1000.0,,unknown,0.0,{},,17.0,,,,,,,981.769968,0.0,0.0,0.0,981.769968,0.0,0.0,0.0,,,,,,
2024-09-06 01:00:00,21.35,21.57,21.29,21.52,28276.99,-4e-06,22,0.0,0.0,unknown,,1000.0,0.0,0.0,,,1000.0,0.0,1000.0,,unknown,0.0,{},,18.0,,,,,,,981.769968,0.0,0.0,0.0,981.769968,0.0,0.0,0.0,,,,,,
2024-09-06 02:00:00,21.52,21.74,21.47,21.69,38070.64,-4e-06,22,0.0,0.0,unknown,,1000.0,0.0,0.0,,,1000.0,0.0,1000.0,,unknown,0.0,{},,19.0,,,,,,,981.769968,0.0,0.0,0.0,981.769968,0.0,0.0,0.0,,,,,,
2024-09-06 03:00:00,21.7,21.74,21.59,21.62,36876.03,-4e-06,22,0.0,0.0,unknown,,1000.0,0.0,0.0,,,1000.0,0.0,1000.0,,unknown,0.0,{},,20.0,,,,,,,981.769968,0.0,0.0,0.0,981.769968,0.0,0.0,0.0,,,,,,
2024-09-06 04:00:00,21.62,21.72,21.57,21.58,18579.16,-4e-06,22,0.0,0.0,unknown,,1000.0,0.0,0.0,,,1000.0,0.0,1000.0,,unknown,0.0,{},,21.0,,,,,,,981.769968,0.0,0.0,0.0,981.769968,0.0,0.0,0.0,,,,,,
2024-09-06 05:00:00,21.58,21.61,21.43,21.55,25731.29,-4e-06,22,0.0,0.0,unknown,,1000.0,0.0,0.0,,,1000.0,0.0,1000.0,,unknown,0.0,{},,22.0,,,,,,,981.769968,0.0,0.0,0.0,981.769968,0.0,0.0,0.0,,,,,,
2024-09-06 06:00:00,21.56,21.91,21.47,21.81,117637.52,-4e-06,22,0.0,0.0,unknown,,1000.0,0.0,0.0,,,1000.0,0.0,1000.0,,unknown,0.0,{},,23.0,,,,,,,981.769968,0.0,0.0,0.0,981.769968,0.0,0.0,0.0,,,,,,
2024-09-06 07:00:00,21.8,21.81,21.35,21.51,105765.72,-4e-06,22,0.0,0.0,unknown,,1000.0,0.0,0.0,,,1000.0,0.0,1000.0,,unknown,0.0,{},,24.0,,,,,,,981.769968,0.0,0.0,0.0,981.769968,0.0,0.0,0.0,,,,,,
2024-09-06 08:00:00,21.51,21.73,21.48,21.55,43684.18,-4e-06,22,0.0,0.0,unknown,,1000.0,0.0,0.0,,,1000.0,0.0,1000.0,,unknown,0.0,{},,25.0,,,,,,,981.769968,0.0,0.0,0.0,981.769968,0.0,0.0,0.0,,,,,,
2024-09-06 09:00:00,21.55,21.7,21.35,21.39,106458.96,-6.8e-05,22,0.0,0.0,unknown,,1000.0,0.0,0.0,,,1000.0,0.0,1000.0,,unknown,0.0,{},,26.0,,,,,,,981.769968,0.0,0.0,0.0,981.769968,0.0,0.0,0.0,,,,,,
2024-09-06 10:00:00,21.39,21.59,21.38,21.52,39782.07,-6.8e-05,22,0.0,0.0,unknown,,1000.0,0.0,0.0,,,1000.0,0.0,1000.0,,unknown,0.0,{},,27.0,,,,,,,981.769968,0.0,0.0,0.0,981.769968,0.0,0.0,0.0,,,,,,
2024-09-06 11:00:00,21.53,21.56,21.43,21.52,33132.6,-6.8e-05,22,0.0,0.0,unknown,,1000.0,0.0,0.0,,,1000.0,0.0,1000.0,,unknown,0.0,{},,28.0,,,,,,,981.769968,0.0,0.0,0.0,981.769968,0.0,0.0,0.0,,,,,,
2024-09-06 12:00:00,21.52,21.93,21.42,21.9,186817.86,-6.8e-05,22,0.0,0.0,unknown,,1000.0,0.0,0.0,,,1000.0,0.0,1000.0,,unknown,0.0,{},,29.0,,,,,,,981.769968,0.0,0.0,0.0,981.769968,0.0,0.0,0.0,,,,,,
2024-09-06 13:00:00,21.9,22.19,21.6,21.65,283867.04,-6.8e-05,22,0.0,0.0,unknown,,1000.0,0.0,0.0,,,1000.0,0.0,1000.0,,unknown,0.0,{},,30.0,,,,,,,981.769968,0.0,0.0,0.0,981.769968,0.0,0.0,0.0,,,,,,
2024-09-06 14:00:00,21.64,21.67,21.28,21.4,209185.07,-6.8e-05,22,0.0,0.0,unknown,,1000.0,0.0,0.0,,,1000.0,0.0,1000.0,,unknown,0.0,{},,31.0,,,,,,,981.769968,0.0,0.0,0.0,981.769968,0.0,0.0,0.0,,,,,,
2024-09-06 15:00:00,21.41,21.59,21.09,21.35,153331.43,-6.8e-05,22,0.0,0.0,unknown,,1000.0,0.0,0.0,,,1000.0,0.0,1000.0,,unknown,0.0,{},,32.0,,,,,,,981.769968,0.0,0.0,0.0,981.769968,0.0,0.0,0.0,,,,,,
2024-09-06 16:00:00,21.34,21.35,20.9,21.05,125449.48,-2.9e-05,22,0.0,0.0,unknown,,1000.0,0.0,0.0,,,1000.0,0.0,1000.0,,unknown,0.0,{},,33.0,,,,,,,981.769968,0.0,0.0,0.0,981.769968,0.0,0.0,0.0,,,,,,
2024-09-06 17:00:00,21.05,21.42,20.97,21.18,271783.22,-2.9e-05,22,0.0,0.0,unknown,,1000.0,0.0,0.0,,,1000.0,0.0,1000.0,,unknown,0.0,{},,34.0,,,,,,,981.769968,0.0,0.0,0.0,981.769968,0.0,0.0,0.0,,,,,,
2024-09-06 18:00:00,21.18,21.2,20.9,20.91,84864.2,-2.9e-05,22,0.0,0.0,unknown,,1000.0,0.0,0.0,,,1000.0,0.0,1000.0,,unknown,0.0,{},,35.0,,,,,,,981.769968,0.0,0.0,0.0,981.769968,0.0,0.0,0.0,,,,,,
2024-09-06 19:00:00,20.9,21.08,20.73,20.98,144517.04,-2.9e-05,22,0.0,0.0,unknown,,1000.0,0.0,0.0,,,1000.0,0.0,1000.0,,unknown,0.0,{},,36.0,,,,,,,981.769968,0.0,0.0,0.0,981.769968,0.0,0.0,0.0,,,,,,
2024-09-06 20:00:00,20.98,21.12,20.59,20.61,149119.79,-2.9e-05,22,0.0,0.0,unknown,,1000.0,0.0,0.0,,,1000.0,0.0,1000.0,,unknown,0.0,{},,37.0,,,,,,,981.769968,0.0,0.0,0.0,981.769968,0.0,0.0,0.0,,,,,,
2024-09-06 21:00:00,20.61,21.03,20.48,21.03,175991.03,-2.9e-05,22,0.0,0.0,unknown,,1000.0,0.0,0.0,,,1000.0,0.0,1000.0,,unknown,0.0,{},,38.0,,,,,,,981.769968,0.0,0.0,0.0,981.769968,0.0,0.0,0.0,,,,,,
2024-09-06 22:00:00,21.03,21.17,21.01,21.08,51683.02,-2.9e-05,22,0.0,0.0,unknown,,1000.0,0.0,0.0,,,1000.0,0.0,1000.0,,unknown,0.0,{},,39.0,,,,,,,981.769968,0.0,0.0,0.0,981.769968,0.0,0.0,0.0,,,,,,
2024-09-06 23:00:00,21.08,21.17,21.03,21.17,26129.87,-2.9e-05,22,0.0,0.0,unknown,,1000.0,0.0,0.0,,,1000.0,0.0,1000.0,,unknown,0.0,{},,40.0,,,,,,,981.769968,0.0,0.0,0.0,981.769968,0.0,0.0,0.0,,,,,,
2024-09-07 00:00:00,21.16,21.26,21.14,21.14,35171.77,-0.000123,23,0.0,0.0,unknown,,1000.0,0.0,0.0,,,1000.0,0.0,1000.0,,unknown,0.0,{},,41.0,,,,,,,981.769968,0.0,0.0,0.0,981.769968,0.0,0.0,0.0,,,,,,
2024-09-07 01:00:00,21.14,21.18,21.05,21.1,28904.15,-0.000123,23,0.0,0.0,unknown,,1000.0,0.0,0.0,,,1000.0,0.0,1000.0,,unknown,0.0,{},,42.0,,,,,,,981.769968,0.0,0.0,0.0,981.769968,0.0,0.0,0.0,,,,,,
2024-09-07 02:00:00,21.09,21.24,21.06,21.18,29654.89,-0.000123,23,0.0,0.0,unknown,,1000.0,0.0,0.0,,,1000.0,0.0,1000.0,,unknown,0.0,{},,43.0,,,,,,,981.769968,0.0,0.0,0.0,981.769968,0.0,0.0,0.0,,,,,,
2024-09-07 03:00:00,21.19,21.29,21.18,21.24,15276.5,-0.000123,23,0.0,0.0,unknown,,1000.0,0.0,0.0,,,1000.0,0.0,1000.0,,unknown,0.0,{},,44.0,,,,,,,981.769968,0.0,0.0,0.0,981.769968,0.0,0.0,0.0,,,,,,
2024-09-07 04:00:00,21.24,21.34,21.22,21.32,18141.79,-0.000123,23,0.0,0.0,unknown,,1000.0,0.0,0.0,,,1000.0,0.0,1000.0,,unknown,0.0,{},,45.0,,,,,,,981.769968,0.0,0.0,0.0,981.769968,0.0,0.0,0.0,,,,,,
2024-09-07 05:00:00,21.33,21.53,21.29,21.47,129575.39,-0.000123,23,0.0,0.0,unknown,,1000.0,0.0,0.0,,,1000.0,0.0,1000.0,,unknown,0.0,{},,46.0,,,,,,,981.769968,0.0,0.0,0.0,981.769968,0.0,0.0,0.0,,,,,,
2024-09-07 06:00:00,21.47,21.54,21.37,21.52,41789.61,-0.000123,23,0.0,0.0,unknown,,1000.0,0.0,0.0,,,1000.0,0.0,1000.0,,unknown,0.0,{},,47.0,,,,,,,981.769968,0.0,0.0,0.0,981.769968,0.0,0.0,0.0,,,,,,
2024-09-07 07:00:00,21.52,21.7,21.48,21.68,47857.29,-0.000123,23,0.0,0.0,unknown,,1000.0,0.0,0.0,,,1000.0,0.0,1000.0,,unknown,0.0,{},,48.0,,,,,,,981.769968,0.0,0.0,0.0,981.769968,0.0,0.0,0.0,,,,,,
2024-09-07 08:00:00,21.68,21.71,21.58,21.69,31265.33,-6.2e-05,23,0.0,0.0,unknown,,1000.0,0.0,0.0,,,1000.0,0.0,1000.0,,unknown,0.0,{},,49.0,,,,,,,981.769968,0.0,0.0,0.0,981.769968,0.0,0.0,0.0,,,,,,
2024-09-07 09:00:00,21.69,21.7,21.46,21.46,66781.24,-6.2e-05,23,0.0,0.0,unknown,,1000.0,0.0,0.0,,,1000.0,0.0,1000.0,,unknown,0.0,{},,50.0,,,,,,,981.769968,0.0,0.0,0.0,981.769968,0.0,0.0,0.0,,,,,,
2024-09-07 10:00:00,21.47,21.56,21.45,21.48,47302.08,-6.2e-05,23,0.0,0.0,unknown,,1000.0,0.0,0.0,,,1000.0,0.0,1000.0,,unknown,0.0,{},,51.0,,,,,,,981.769968,0.0,0.0,0.0,981.769968,0.0,0.0,0.0,,,,,,
2024-09-07 11:00:00,21.49,21.62,21.47,21.61,23276.06,-6.2e-05,23,0.0,0.0,unknown,,1000.0,0.0,0.0,,,1000.0,0.0,1000.0,,unknown,0.0,{},,52.0,,,,,,,981.769968,0.0,0.0,0.0,981.769968,0.0,0.0,0.0,,,,,,
2024-09-07 12:00:00,21.61,21.74,21.59,21.66,36076.67,-6.2e-05,23,0.0,0.0,unknown,,1000.0,0.0,0.0,,,1000.0,0.0,1000.0,,unknown,0.0,{},,53.0,,,,,,,981.769968,0.0,0.0,0.0,981.769968,0.0,0.0,0.0,,,,,,
2024-09-07 13:00:00,21.67,21.74,21.62,21.68,36838.31,-6.2e-05,23,0.0,0.0,unknown,,1000.0,0.0,0.0,,,1000.0,0.0,1000.0,,unknown,0.0,{},,54.0,,,,,,,981.769968,0.0,0.0,0.0,981.769968,0.0,0.0,0.0,,,,,,
2024-09-07 14:00:00,21.69,21.9,21.67,21.82,46955.64,-6.2e-05,23,0.0,0.0,unknown,,1000.0,0.0,0.0,,,1000.0,0.0,1000.0,,unknown,0.0,{},,55.0,,,,,,,981.769968,0.0,0.0,0.0,981.769968,0.0,0.0,0.0,,,,,,
2024-09-07 15:00:00,21.83,22.0,21.82,21.84,81419.21,-6.2e-05,23,0.0,0.0,unknown,,1000.0,0.0,0.0,,,1000.0,0.0,1000.0,,unknown,0.0,{},,56.0,,,,,,,981.769968,0.0,0.0,0.0,981.769968,0.0,0.0,0.0,,,,,,
2024-09-07 16:00:00,21.84,21.91,21.74,21.78,44591.68,-4.2e-05,23,0.0,0.0,unknown,,1000.0,0.0,0.0,,,1000.0,0.0,1000.0,,unknown,0.0,{},,57.0,,,,,,,981.769968,0.0,0.0,0.0,981.769968,0.0,0.0,0.0,,,,,,
2024-09-07 17:00:00,21.78,21.82,21.6,21.72,40682.71,-4.2e-05,23,0.0,0.0,unknown,,1000.0,0.0,0.0,,,1000.0,0.0,1000.0,,unknown,0.0,{},,58.0,,,,,,,981.769968,0.0,0.0,0.0,981.769968,0.0,0.0,0.0,,,,,,
2024-09-07 18:00:00,21.71,21.85,21.63,21.8,34302.62,-4.2e-05,23,0.0,0.0,unknown,,1000.0,0.0,0.0,,,1000.0,0.0,1000.0,,unknown,0.0,{},,59.0,,,,,,,981.769968,0.0,0.0,0.0,981.769968,0.0,0.0,0.0,,,,,,
2024-09-07 19:00:00,21.81,21.88,21.77,21.84,20728.3,-4.2e-05,23,0.0,0.0,unknown,,1000.0,0.0,0.0,,,1000.0,0.0,1000.0,,unknown,0.0,{},,60.0,,,,,,,981.769968,0.0,0.0,0.0,981.769968,0.0,0.0,0.0,,,,,,
2024-09-07 20:00:00,21.84,21.86,21.7,21.71,23849.12,-4.2e-05,23,0.0,0.0,unknown,,1000.0,0.0,0.0,,,1000.0,0.0,1000.0,,unknown,0.0,{},,61.0,,,,,,,981.769968,0.0,0.0,0.0,981.769968,0.0,0.0,0.0,,,,,,
2024-09-07 21:00:00,21.71,21.76,21.63,21.65,36641.88,-4.2e-05,23,0.0,0.0,unknown,,1000.0,0.0,0.0,,,1000.0,0.0,1000.0,,unknown,0.0,{},,62.0,,,,,,,981.769968,0.0,0.0,0.0,981.769968,0.0,0.0,0.0,,,,,,
2024-09-07 22:00:00,21.66,21.71,21.62,21.65,17122.33,-4.2e-05,23,0.0,0.0,unknown,,1000.0,0.0,0.0,,,1000.0,0.0,1000.0,,unknown,0.0,{},,63.0,,,,,,,981.769968,0.0,0.0,0.0,981.769968,0.0,0.0,0.0,,,,,,
2024-09-07 23:00:00,21.65,21.82,21.6,21.8,17339.92,-4.2e-05,23,0.0,0.0,unknown,,1000.0,0.0,0.0,,,1000.0,0.0,1000.0,,unknown,0.0,{},,64.0,,,,,,,981.769968,0.0,0.0,0.0,981.769968,0.0,0.0,0.0,,,,,,
2024-09-08 00:00:00,21.8,21.86,21.71,21.81,25282.14,2e-05,29,0.0,0.0,unknown,,1000.0,0.0,0.0,,,1000.0,0.0,1000.0,,unknown,0.0,{},,65.0,,,,,,,981.769968,0.0,0.0,0.0,981.769968,0.0,0.0,0.0,,,,,,
2024-09-08 01:00:00,21.82,21.95,21.82,21.88,27698.6,2e-05,29,0.0,0.0,unknown,,1000.0,0.0,0.0,,,1000.0,0.0,1000.0,,unknown,0.0,{},,66.0,,,,,,,981.769968,0.0,0.0,0.0,981.769968,0.0,0.0,0.0,,,,,,
2024-09-08 02:00:00,21.87,22.25,21.87,22.2,98127.0,2e-05,29,0.0,0.0,unknown,,1000.0,0.0,0.0,,,1000.0,0.0,1000.0,,unknown,0.0,{},,67.0,,,,,,,981.769968,0.0,0.0,0.0,981.769968,0.0,0.0,0.0,,,,,,
2024-09-08 03:00:00,22.21,22.38,22.15,22.38,71501.89,2e-05,29,0.0,0.0,unknown,,1000.0,0.0,0.0,,,1000.0,0.0,1000.0,,unknown,0.0,{},,68.0,,,,,,,981.769968,0.0,0.0,0.0,981.769968,0.0,0.0,0.0,,,,,,
2024-09-08 04:00:00,22.37,22.52,22.35,22.47,60910.38,2e-05,29,0.0,0.0,unknown,,1000.0,0.0,0.0,,,1000.0,0.0,1000.0,,unknown,0.0,{},,69.0,,,,,,,981.769968,0.0,0.0,0.0,981.769968,0.0,0.0,0.0,,,,,,
2024-09-08 05:00:00,22.47,22.65,22.42,22.57,79622.6,2e-05,29,0.0,0.0,unknown,,1000.0,0.0,0.0,,,1000.0,0.0,1000.0,,unknown,0.0,{},,70.0,,,,,,,981.769968,0.0,0.0,0.0,981.769968,0.0,0.0,0.0,,,,,,
2024-09-08 06:00:00,22.58,22.67,22.5,22.56,46725.55,2e-05,29,0.0,0.0,unknown,,1000.0,0.0,0.0,,,1000.0,0.0,1000.0,,unknown,0.0,{},,71.0,,,,,,,981.769968,0.0,0.0,0.0,981.769968,0.0,0.0,0.0,,,,,,
2024-09-08 07:00:00,22.57,23.24,22.54,23.08,325701.09,2e-05,29,0.0,0.0,unknown,,1000.0,0.0,0.0,,,1000.0,0.0,1000.0,,unknown,0.0,{},,72.0,,,,,,,981.769968,0.0,0.0,0.0,981.769968,0.0,0.0,0.0,,,,,,
2024-09-08 08:00:00,23.08,23.17,22.84,23.01,92092.24,0.0001,29,0.0,0.0,unknown,,1000.0,0.0,0.0,,,1000.0,0.0,1000.0,,unknown,0.0,{},,73.0,,,,,,,981.769968,0.0,0.0,0.0,981.769968,0.0,0.0,0.0,,,,,,
2024-09-08 09:00:00,23.02,23.11,22.89,22.92,57730.99,0.0001,29,0.0,0.0,unknown,,1000.0,0.0,0.0,,,1000.0,0.0,1000.0,,unknown,0.0,{},,74.0,,,,,,,981.769968,0.0,0.0,0.0,981.769968,0.0,0.0,0.0,,,,,,
2024-09-08 10:00:00,22.92,23.01,22.83,22.96,70347.1,0.0001,29,0.0,0.0,unknown,,1000.0,0.0,0.0,,,1000.0,0.0,1000.0,,unknown,0.0,{},,75.0,,,,,,,981.769968,0.0,0.0,0.0,981.769968,0.0,0.0,0.0,,,,,,
2024-09-08 11:00:00,22.96,23.09,22.89,23.05,42302.2,0.0001,29,0.0,0.0,unknown,,1000.0,0.0,0.0,,,1000.0,0.0,1000.0,,unknown,0.0,{},,76.0,,,,,,,981.769968,0.0,0.0,0.0,981.769968,0.0,0.0,0.0,,,,,,
2024-09-08 12:00:00,23.06,23.1,22.68,22.71,106363.2,0.0001,29,0.0,0.0,unknown,,1000.0,0.0,0.0,,,1000.0,0.0,1000.0,,unknown,0.0,{},,77.0,,,,,,,981.769968,0.0,0.0,0.0,981.769968,0.0,0.0,0.0,,,,,,
2024-09-08 13:00:00,22.72,22.77,22.61,22.75,68347.9,0.0001,29,0.0,0.0,unknown,,1000.0,0.0,0.0,,,1000.0,0.0,1000.0,,unknown,0.0,{},,78.0,,,,,,,981.769968,0.0,0.0,0.0,981.769968,0.0,0.0,0.0,,,,,,
2024-09-08 14:00:00,22.75,22.77,22.54,22.62,48108.57,0.0001,29,0.0,0.0,unknown,,1000.0,0.0,0.0,,,1000.0,0.0,1000.0,,unknown,0.0,{},,79.0,,,,,,,981.769968,0.0,0.0,0.0,981.769968,0.0,0.0,0.0,,,,,,
2024-09-08 15:00:00,22.62,22.69,22.44,22.46,77486.23,0.0001,29,0.0,0.0,unknown,,1000.0,0.0,0.0,,,1000.0,0.0,1000.0,,unknown,0.0,{},,80.0,,,,,,,981.769968,0.0,0.0,0.0,981.769968,0.0,0.0,0.0,,,,,,
2024-09-08 16:00:00,22.46,22.72,22.37,22.59,77318.88,8.2e-05,29,0.0,0.0,unknown,,1000.0,0.0,0.0,,,1000.0,0.0,1000.0,,unknown,0.0,{},,81.0,,,,,,,981.769968,0.0,0.0,0.0,981.769968,0.0,0.0,0.0,,,,,,
2024-09-08 17:00:00,22.59,23.01,22.59,22.99,76847.4,8.2e-05,29,0.0,0.0,unknown,,1000.0,0.0,0.0,,,1000.0,0.0,1000.0,,unknown,0.0,{},,82.0,,,,,,,981.769968,0.0,0.0,0.0,981.769968,0.0,0.0,0.0,,,,,,
2024-09-08 18:00:00,22.98,23.03,22.85,22.97,51219.19,8.2e-05,29,0.0,0.0,unknown,,1000.0,0.0,0.0,,,1000.0,0.0,1000.0,,unknown,0.0,{},,83.0,,,,,,,981.769968,0.0,0.0,0.0,981.769968,0.0,0.0,0.0,,,,,,
2024-09-08 19:00:00,22.98,23.08,22.91,22.95,49832.22,8.2e-05,29,0.0,0.0,unknown,,1000.0,0.0,0.0,,,1000.0,0.0,1000.0,,unknown,0.0,{},,84.0,,,,,,,981.769968,0.0,0.0,0.0,981.769968,0.0,0.0,0.0,,,,,,
2024-09-08 20:00:00,22.96,23.01,22.88,22.96,50238.28,8.2e-05,29,0.0,0.0,unknown,,1000.0,0.0,0.0,,,1000.0,0.0,1000.0,,unknown,0.0,{},,85.0,,,,,,,981.769968,0.0,0.0,0.0,981.769968,0.0,0.0,0.0,,,,,,
2024-09-08 21:00:00,22.97,23.3,22.92,23.23,79896.18,8.2e-05,29,0.0,0.0,unknown,,1000.0,0.0,0.0,,,1000.0,0.0,1000.0,,unknown,0.0,{},,86.0,,,,,,,981.769968,0.0,0.0,0.0,981.769968,0.0,0.0,0.0,,,,,,
2024-09-08 22:00:00,23.24,23.52,23.05,23.08,184827.1,8.2e-05,29,0.0,0.0,unknown,,1000.0,0.0,0.0,,,1000.0,0.0,1000.0,,unknown,0.0,{},,87.0,,,,,,,981.769968,0.0,0.0,0.0,981.769968,0.0,0.0,0.0,,,,,,
2024-09-08 23:00:00,23.08,23.25,23.02,23.25,44849.4,8.2e-05,29,0.0,0.0,unknown,,1000.0,0.0,0.0,,,1000.0,0.0,1000.0,,unknown,0.0,{},,88.0,,,,,,,981.769968,0.0,0.0,0.0,981.769968,0.0,0.0,0.0,,,,,,
2024-09-09 00:00:00,23.25,23.47,23.14,23.34,68584.13,-9e-06,26,0.0,0.0,unknown,,1000.0,0.0,0.0,,,1000.0,0.0,1000.0,,unknown,0.0,{},,89.0,,,,,,,981.769968,0.0,0.0,0.0,981.769968,0.0,0.0,0.0,,,,,,
2024-09-09 01:00:00,23.35,23.54,23.24,23.33,55275.29,-9e-06,26,0.0,0.0,unknown,,1000.0,0.0,0.0,,,1000.0,0.0,1000.0,,unknown,0.0,{},,90.0,,,,,,,981.769968,0.0,0.0,0.0,981.769968,0.0,0.0,0.0,,,,,,
2024-09-09 02:00:00,23.33,23.54,23.22,23.54,52403.76,-9e-06,26,0.0,0.0,unknown,,1000.0,0.0,0.0,,,1000.0,0.0,1000.0,,unknown,0.0,{},,91.0,,,,,,,981.769968,0.0,0.0,0.0,981.769968,0.0,0.0,0.0,,,,,,
2024-09-09 03:00:00,23.53,23.54,23.3,23.5,55335.54,-9e-06,26,0.0,0.0,unknown,,1000.0,0.0,0.0,,,1000.0,0.0,1000.0,,unknown,0.0,{},,92.0,,,,,,,981.769968,0.0,0.0,0.0,981.769968,0.0,0.0,0.0,,,,,,
2024-09-09 04:00:00,23.49,23.65,23.36,23.36,45361.71,-9e-06,26,0.0,0.0,unknown,,1000.0,0.0,0.0,,,1000.0,0.0,1000.0,,unknown,0.0,{},,93.0,,,,,,,981.769968,0.0,0.0,0.0,981.769968,0.0,0.0,0.0,,,,,,
2024-09-09 05:00:00,23.36,23.37,23.18,23.24,65442.98,-9e-06,26,0.0,0.0,unknown,,1000.0,0.0,0.0,,,1000.0,0.0,1000.0,,unknown,0.0,{},,94.0,,,,,,,981.769968,0.0,0.0,0.0,981.769968,0.0,0.0,0.0,,,,,,
2024-09-09 06:00:00,23.23,23.5,23.21,23.5,48297.92,-9e-06,26,0.0,0.0,unknown,,1000.0,0.0,0.0,,,1000.0,0.0,1000.0,,unknown,0.0,{},,95.0,,,,,,,981.769968,0.0,0.0,0.0,981.769968,0.0,0.0,0.0,,,,,,
2024-09-09 07:00:00,23.49,23.72,23.42,23.7,74095.98,-9e-06,26,0.0,0.0,unknown,,1000.0,0.0,0.0,,,1000.0,0.0,1000.0,,unknown,0.0,{},,96.0,,,,,,,981.769968,0.0,0.0,0.0,981.769968,0.0,0.0,0.0,,,,,,
2024-09-09 08:00:00,23.7,24.37,23.68,24.21,236810.12,6.1e-05,26,0.0,0.0,unknown,,1000.0,0.0,0.0,,,1000.0,0.0,1000.0,,unknown,0.0,{},,97.0,,,,,,,981.769968,0.0,0.0,0.0,981.769968,0.0,0.0,0.0,,,,,,
2024-09-09 09:00:00,24.21,24.31,23.81,23.82,102254.88,6.1e-05,26,0.0,0.0,unknown,,1000.0,0.0,0.0,,,1000.0,0.0,1000.0,,unknown,0.0,{},,98.0,,,,,,,981.769968,0.0,0.0,0.0,981.769968,0.0,0.0,0.0,,,,,,
2024-09-09 10:00:00,23.82,24.0,23.76,23.93,74005.84,6.1e-05,26,0.0,0.0,unknown,,1000.0,0.0,0.0,,,1000.0,0.0,1000.0,,unknown,0.0,{},,99.0,,,,,,,981.769968,0.0,0.0,0.0,981.769968,0.0,0.0,0.0,,,,,,
2024-09-09 11:00:00,23.93,23.93,23.69,23.72,37321.47,6.1e-05,26,0.0,0.0,unknown,,1000.0,0.0,0.0,,,1000.0,0.0,1000.0,,unknown,0.0,{},,100.0,,,,,,,981.769968,0.0,0.0,0.0,981.769968,0.0,0.0,0.0,,,,,,
2024-09-09 12:00:00,23.71,23.79,23.39,23.74,144211.26,6.1e-05,26,0.0,0.0,unknown,,1000.0,0.0,0.0,,,1000.0,0.0,1000.0,,unknown,0.0,{},,101.0,,,,,,,981.769968,0.0,0.0,0.0,981.769968,0.0,0.0,0.0,,,,,,
2024-09-09 13:00:00,23.74,23.91,23.63,23.75,87596.17,6.1e-05,26,0.0,0.0,unknown,,1000.0,0.0,0.0,,,1000.0,0.0,1000.0,,unknown,0.0,{},,102.0,,,,,,,981.769968,0.0,0.0,0.0,981.769968,0.0,0.0,0.0,,,,,,
2024-09-09 14:00:00,23.75,23.78,23.28,23.45,99709.37,6.1e-05,26,0.0,0.0,unknown,,1000.0,0.0,0.0,,,1000.0,0.0,1000.0,,unknown,0.0,{},,103.0,,,,,,,981.769968,0.0,0.0,0.0,981.769968,0.0,0.0,0.0,,,,,,
2024-09-09 15:00:00,23.44,23.74,23.4,23.58,71806.22,6.1e-05,26,0.0,0.0,unknown,,1000.0,0.0,0.0,,,1000.0,0.0,1000.0,,unknown,0.0,{},,104.0,,,,,,,981.769968,0.0,0.0,0.0,981.769968,0.0,0.0,0.0,,,,,,
2024-09-09 16:00:00,23.59,24.27,23.58,24.17,159748.72,6.1e-05,26,0.0,0.0,unknown,,1000.0,0.0,0.0,,,1000.0,0.0,1000.0,,unknown,0.0,{},,105.0,,,,,,,981.769968,0.0,0.0,0.0,981.769968,0.0,0.0,0.0,,,,,,
2024-09-09 17:00:00,24.17,24.31,23.98,24.07,97637.31,-7e-06,26,0.0,0.0,unknown,,1000.0,0.0,0.0,,,1000.0,0.0,1000.0,,unknown,0.0,{},,106.0,,,,,,,981.769968,0.0,0.0,0.0,981.769968,0.0,0.0,0.0,,,,,,
2024-09-09 18:00:00,24.08,24.15,23.95,24.02,56054.31,-7e-06,26,0.0,0.0,unknown,,1000.0,0.0,0.0,,,1000.0,0.0,1000.0,,unknown,0.0,{},,107.0,,,,,,,981.769968,0.0,0.0,0.0,981.769968,0.0,0.0,0.0,,,,,,
2024-09-09 19:00:00,24.01,24.25,23.97,24.19,53596.95,-7e-06,26,0.0,0.0,unknown,,1000.0,0.0,0.0,,,1000.0,0.0,1000.0,,unknown,0.0,{},,108.0,,,,,,,981.769968,0.0,0.0,0.0,981.769968,0.0,0.0,0.0,,,,,,
2024-09-09 20:00:00,24.19,24.44,23.9,24.06,194093.64,-7e-06,26,0.0,0.0,unknown,,1000.0,0.0,0.0,,,1000.0,0.0,1000.0,,unknown,0.0,{},,109.0,,,,,,,981.769968,0.0,0.0,0.0,981.769968,0.0,0.0,0.0,,,,,,
2024-09-09 21:00:00,24.07,24.42,24.0,24.05,103777.43,-7e-06,26,0.0,0.0,unknown,,1000.0,0.0,0.0,,,1000.0,0.0,1000.0,,unknown,0.0,{},,110.0,,,,,,,981.769968,0.0,0.0,0.0,981.769968,0.0,0.0,0.0,,,,,,
2024-09-09 22:00:00,24.04,24.09,23.84,23.97,72438.34,-7e-06,26,0.0,0.0,unknown,,1000.0,0.0,0.0,,,1000.0,0.0,1000.0,,unknown,0.0,{},,111.0,,,,,,,981.769968,0.0,0.0,0.0,981.769968,0.0,0.0,0.0,,,,,,
2024-09-09 23:00:00,23.97,23.99,23.83,23.84,26336.03,-7e-06,26,0.0,0.0,unknown,,1000.0,0.0,0.0,,,1000.0,0.0,1000.0,,unknown,0.0,{},,112.0,,,,,,,981.769968,0.0,0.0,0.0,981.769968,0.0,0.0,0.0,,,,,,
2024-09-10 00:00:00,23.85,23.87,23.68,23.77,70798.93,-1.5e-05,33,0.0,0.0,unknown,,1000.0,0.0,0.0,,,1000.0,0.0,1000.0,,unknown,0.0,{},,113.0,,,,,,,981.769968,0.0,0.0,0.0,981.769968,0.0,0.0,0.0,,,,,,
2024-09-10 01:00:00,23.76,23.82,23.63,23.71,34806.58,-1.5e-05,33,0.0,0.0,unknown,,1000.0,0.0,0.0,,,1000.0,0.0,1000.0,,unknown,0.0,{},,114.0,,,,,,,981.769968,0.0,0.0,0.0,981.769968,0.0,0.0,0.0,,,,,,
2024-09-10 02:00:00,23.72,23.72,23.61,23.69,25429.65,-1.5e-05,33,0.0,0.0,unknown,,1000.0,0.0,0.0,,,1000.0,0.0,1000.0,,unknown,0.0,{},,115.0,,,,,,,981.769968,0.0,0.0,0.0,981.769968,0.0,0.0,0.0,,,,,,
2024-09-10 03:00:00,23.69,23.7,23.58,23.6,27560.76,-1.5e-05,33,0.0,0.0,unknown,,1000.0,0.0,0.0,,,1000.0,0.0,1000.0,,unknown,0.0,{},,116.0,,,,,,,981.769968,0.0,0.0,0.0,981.769968,0.0,0.0,0.0,,,,,,
2024-09-10 04:00:00,23.61,23.78,23.57,23.68,39104.6,-1.5e-05,33,0.0,0.0,unknown,,1000.0,0.0,0.0,,,1000.0,0.0,1000.0,,unknown,0.0,{},,117.0,,,,,,,981.769968,0.0,0.0,0.0,981.769968,0.0,0.0,0.0,,,,,,
2024-09-10 05:00:00,23.68,23.81,23.66,23.79,23913.25,-1.5e-05,33,0.0,0.0,unknown,,1000.0,0.0,0.0,,,1000.0,0.0,1000.0,,unknown,0.0,{},,118.0,,,,,,,981.769968,0.0,0.0,0.0,981.769968,0.0,0.0,0.0,,,,,,
2024-09-10 06:00:00,23.79,23.79,23.62,23.63,24877.88,-1.5e-05,33,0.0,0.0,unknown,,1000.0,0.0,0.0,,,1000.0,0.0,1000.0,,unknown,0.0,{},,119.0,,,,,,,981.769968,0.0,0.0,0.0,981.769968,0.0,0.0,0.0,,,,,,
2024-09-10 07:00:00,23.63,23.84,23.59,23.8,40545.45,-1.5e-05,33,0.0,0.0,unknown,,1000.0,0.0,0.0,,,1000.0,0.0,1000.0,,unknown,0.0,{},,120.0,,,,,,,981.769968,0.0,0.0,0.0,981.769968,0.0,0.0,0.0,,,,,,
2024-09-10 08:00:00,23.8,23.99,23.64,23.69,94625.32,-0.000161,33,0.0,0.0,unknown,,1000.0,0.0,0.0,,,1000.0,0.0,1000.0,,unknown,0.0,{},,121.0,,,,,,,981.769968,0.0,0.0,0.0,981.769968,0.0,0.0,0.0,,,,,,
2024-09-10 09:00:00,23.7,23.86,23.62,23.78,59653.71,-0.000161,33,0.0,0.0,unknown,,1000.0,0.0,0.0,,,1000.0,0.0,1000.0,,unknown,0.0,{},,122.0,,,,,,,981.769968,0.0,0.0,0.0,981.769968,0.0,0.0,0.0,,,,,,
2024-09-10 10:00:00,23.78,23.97,23.74,23.94,68519.69,-0.000161,33,0.0,0.0,unknown,,1000.0,0.0,0.0,,,1000.0,0.0,1000.0,,unknown,0.0,{},,123.0,,,,,,,981.769968,0.0,0.0,0.0,981.769968,0.0,0.0,0.0,,,,,,
2024-09-10 11:00:00,23.94,24.12,23.92,24.08,79730.08,-0.000161,33,0.0,0.0,unknown,,1000.0,0.0,0.0,,,1000.0,0.0,1000.0,,unknown,0.0,{},,124.0,,,,,,,981.769968,0.0,0.0,0.0,981.769968,0.0,0.0,0.0,,,,,,
2024-09-10 12:00:00,24.07,24.12,23.88,23.88,65225.0,-0.000161,33,0.0,0.0,unknown,,1000.0,0.0,0.0,,,1000.0,0.0,1000.0,,unknown,0.0,{},,125.0,,,,,,,981.769968,0.0,0.0,0.0,981.769968,0.0,0.0,0.0,,,,,,
2024-09-10 13:00:00,23.88,23.92,23.73,23.82,89312.57,-0.000161,33,0.0,0.0,unknown,,1000.0,0.0,0.0,,,1000.0,0.0,1000.0,,unknown,0.0,{},,126.0,,,,,,,981.769968,0.0,0.0,0.0,981.769968,0.0,0.0,0.0,,,,,,
2024-09-10 14:00:00,23.82,24.13,23.75,23.95,88002.18,-0.000161,33,0.0,0.0,unknown,,1000.0,0.0,0.0,,,1000.0,0.0,1000.0,,unknown,0.0,{},,127.0,,,,,,,981.769968,0.0,0.0,0.0,981.769968,0.0,0.0,0.0,,,,,,
2024-09-10 15:00:00,23.95,24.13,23.75,23.75,85285.32,-0.000161,33,0.0,0.0,unknown,,1000.0,0.0,0.0,,,1000.0,0.0,1000.0,,unknown,0.0,{},,128.0,,,,,,,981.769968,0.0,0.0,0.0,981.769968,0.0,0.0,0.0,,,,,,
2024-09-10 16:00:00,23.75,23.98,23.75,23.9,40136.41,-3.6e-05,33,0.0,0.0,unknown,,1000.0,0.0,0.0,,,1000.0,0.0,1000.0,,unknown,0.0,{},,129.0,,,,,,,981.769968,0.0,0.0,0.0,981.769968,0.0,0.0,0.0,,,,,,
2024-09-10 17:00:00,23.9,24.09,23.89,23.95,70210.67,-3.6e-05,33,0.0,0.0,unknown,,1000.0,0.0,0.0,,,1000.0,0.0,1000.0,,unknown,0.0,{},,130.0,,,,,,,981.769968,0.0,0.0,0.0,981.769968,0.0,0.0,0.0,,,,,,
2024-09-10 18:00:00,23.95,24.35,23.94,24.24,89573.55,-3.6e-05,33,0.0,0.0,unknown,,1000.0,0.0,0.0,,,1000.0,0.0,1000.0,,unknown,0.0,{},,131.0,,,,,,,981.769968,0.0,0.0,0.0,981.769968,0.0,0.0,0.0,,,,,,
2024-09-10 19:00:00,24.24,24.52,24.15,24.41,128032.01,-3.6e-05,33,0.0,0.0,unknown,,1000.0,0.0,0.0,,,1000.0,0.0,1000.0,,unknown,0.0,{},,132.0,,,,,,,981.769968,0.0,0.0,0.0,981.769968,0.0,0.0,0.0,,,,,,
2024-09-10 20:00:00,24.41,24.59,24.3,24.36,82882.07,-3.6e-05,33,0.0,0.0,unknown,,1000.0,0.0,0.0,,,1000.0,0.0,1000.0,,unknown,0.0,{},,133.0,,,,,,,981.769968,0.0,0.0,0.0,981.769968,0.0,0.0,0.0,,,,,,
2024-09-10 21:00:00,24.37,24.43,24.26,24.28,41572.94,-3.6e-05,33,0.0,0.0,unknown,,1000.0,0.0,0.0,,,1000.0,0.0,1000.0,,unknown,0.0,{},,134.0,,,,,,,981.769968,0.0,0.0,0.0,981.769968,0.0,0.0,0.0,,,,,,
2024-09-10 22:00:00,24.29,24.53,24.29,24.47,33675.28,-3.6e-05,33,0.0,0.0,unknown,,1000.0,0.0,0.0,,,1000.0,0.0,1000.0,,unknown,0.0,{},,135.0,,,,,,,981.769968,0.0,0.0,0.0,981.769968,0.0,0.0,0.0,,,,,,
2024-09-10 23:00:00,24.46,24.48,24.31,24.36,37753.43,-3.6e-05,33,0.0,0.0,unknown,,1000.0,0.0,0.0,,,1000.0,0.0,1000.0,,unknown,0.0,{},,136.0,,,,,,,981.769968,0.0,0.0,0.0,981.769968,0.0,0.0,0.0,,,,,,
2024-09-11 00:00:00,24.36,24.52,24.28,24.43,59413.32,5e-05,37,0.0,0.0,unknown,,1000.0,0.0,0.0,,,1000.0,0.0,1000.0,,unknown,0.0,{},,137.0,,,,,,,981.769968,0.0,0.0,0.0,981.769968,0.0,0.0,0.0,,,,,,
2024-09-11 01:00:00,24.44,24.47,23.9,23.96,118940.61,5e-05,37,0.0,0.0,unknown,,1000.0,0.0,0.0,,,1000.0,0.0,1000.0,,unknown,0.0,{},,138.0,,,,,,,981.769968,0.0,0.0,0.0,981.769968,0.0,0.0,0.0,,,,,,
2024-09-11 02:00:00,23.96,24.12,23.95,23.95,54712.78,5e-05,37,0.0,0.0,unknown,,1000.0,0.0,0.0,,,1000.0,0.0,1000.0,,unknown,0.0,{},,139.0,,,,,,,981.769968,0.0,0.0,0.0,981.769968,0.0,0.0,0.0,,,,,,
2024-09-11 03:00:00,23.95,23.98,23.78,23.85,66870.78,5e-05,37,0.0,0.0,unknown,,1000.0,0.0,0.0,,,1000.0,0.0,1000.0,,unknown,0.0,{},,140.0,,,,,,,981.769968,0.0,0.0,0.0,981.769968,0.0,0.0,0.0,,,,,,
2024-09-11 04:00:00,23.85,23.85,23.44,23.59,147140.77,5e-05,37,0.0,0.0,unknown,,1000.0,0.0,0.0,,,1000.0,0.0,1000.0,,unknown,0.0,{},,141.0,,,,,,,981.769968,0.0,0.0,0.0,981.769968,0.0,0.0,0.0,,,,,,
2024-09-11 05:00:00,23.59,23.59,23.27,23.4,100563.98,5e-05,37,0.0,0.0,unknown,,1000.0,0.0,0.0,,,1000.0,0.0,1000.0,,unknown,0.0,{},,142.0,,,,,,,981.769968,0.0,0.0,0.0,981.769968,0.0,0.0,0.0,,,,,,
2024-09-11 06:00:00,23.4,23.6,23.33,23.5,85301.51,5e-05,37,0.0,0.0,unknown,,1000.0,0.0,0.0,,,1000.0,0.0,1000.0,,unknown,0.0,{},,143.0,,,,,,,981.769968,0.0,0.0,0.0,981.769968,0.0,0.0,0.0,,,,,,
2024-09-11 07:00:00,23.5,23.67,23.49,23.64,51298.48,5e-05,37,0.0,0.0,unknown,,1000.0,0.0,0.0,,,1000.0,0.0,1000.0,,unknown,0.0,{},,144.0,,,,,,,981.769968,0.0,0.0,0.0,981.769968,0.0,0.0,0.0,,,,,,
2024-09-11 08:00:00,23.63,23.64,23.4,23.45,32365.55,-1.5e-05,37,0.0,0.0,unknown,,1000.0,0.0,0.0,,,1000.0,0.0,1000.0,,unknown,0.0,{},,145.0,,,,,,,981.769968,0.0,0.0,0.0,981.769968,0.0,0.0,0.0,,,,,,
2024-09-11 09:00:00,23.45,23.57,23.42,23.51,31451.18,-1.5e-05,37,0.0,0.0,unknown,,1000.0,0.0,0.0,,,1000.0,0.0,1000.0,,unknown,0.0,{},,146.0,,,,,,,981.769968,0.0,0.0,0.0,981.769968,0.0,0.0,0.0,,,,,,
2024-09-11 10:00:00,23.51,23.52,23.35,23.43,44204.59,-1.5e-05,37,0.0,0.0,unknown,,1000.0,0.0,0.0,,,1000.0,0.0,1000.0,,unknown,0.0,{},,147.0,,,,,,,981.769968,0.0,0.0,0.0,981.769968,0.0,0.0,0.0,,,,,,
2024-09-11 11:00:00,23.43,23.66,23.43,23.63,42591.23,-1.5e-05,37,0.0,0.0,unknown,,1000.0,0.0,0.0,,,1000.0,0.0,1000.0,,unknown,0.0,{},,148.0,,,,,,,981.769968,0.0,0.0,0.0,981.769968,0.0,0.0,0.0,,,,,,
2024-09-11 12:00:00,23.62,23.66,23.29,23.52,99421.5,-1.5e-05,37,0.0,0.0,unknown,,1000.0,0.0,0.0,,,1000.0,0.0,1000.0,,unknown,0.0,{},,149.0,,,,,,,981.769968,0.0,0.0,0.0,981.769968,0.0,0.0,0.0,,,,,,
2024-09-11 13:00:00,23.51,23.79,23.09,23.11,165898.42,-1.5e-05,37,0.0,0.0,unknown,,1000.0,0.0,0.0,,,1000.0,0.0,1000.0,,unknown,0.0,{},,150.0,,,,,,,981.769968,0.0,0.0,0.0,981.769968,0.0,0.0,0.0,,,,,,
2024-09-11 14:00:00,23.11,23.26,22.87,23.09,183497.24,-1.5e-05,37,0.0,0.0,unknown,,1000.0,0.0,0.0,,,1000.0,0.0,1000.0,,unknown,0.0,{},,151.0,,,,,,,981.769968,0.0,0.0,0.0,981.769968,0.0,0.0,0.0,,,,,,
2024-09-11 15:00:00,23.08,23.49,22.99,23.33,74895.52,-1.5e-05,37,0.0,0.0,unknown,,1000.0,0.0,0.0,,,1000.0,0.0,1000.0,,unknown,0.0,{},,152.0,,,,,,,981.769968,0.0,0.0,0.0,981.769968,0.0,0.0,0.0,,,,,,
2024-09-11 16:00:00,23.32,23.61,23.27,23.51,71643.45,-5.7e-05,37,0.0,0.0,unknown,,1000.0,0.0,0.0,,,1000.0,0.0,1000.0,,unknown,0.0,{},,153.0,,,,,,,981.769968,0.0,0.0,0.0,981.769968,0.0,0.0,0.0,,,,,,
2024-09-11 17:00:00,23.51,23.68,23.49,23.53,70288.06,-5.7e-05,37,0.0,0.0,unknown,,1000.0,0.0,0.0,,,1000.0,0.0,1000.0,,unknown,0.0,{},,154.0,,,,,,,981.769968,0.0,0.0,0.0,981.769968,0.0,0.0,0.0,,,,,,
2024-09-11 18:00:00,23.53,23.65,23.42,23.45,54328.04,-5.7e-05,37,0.0,0.0,unknown,,1000.0,0.0,0.0,,,1000.0,0.0,1000.0,,unknown,0.0,{},,155.0,,,,,,,981.769968,0.0,0.0,0.0,981.769968,0.0,0.0,0.0,,,,,,
2024-09-11 19:00:00,23.44,23.49,23.34,23.43,37590.13,-5.7e-05,37,0.0,0.0,unknown,,1000.0,0.0,0.0,,,1000.0,0.0,1000.0,,unknown,0.0,{},,156.0,,,,,,,981.769968,0.0,0.0,0.0,981.769968,0.0,0.0,0.0,,,,,,
2024-09-11 20:00:00,23.43,23.53,23.41,23.45,24016.0,-5.7e-05,37,0.0,0.0,unknown,,1000.0,0.0,0.0,,,1000.0,0.0,1000.0,,unknown,0.0,{},,157.0,,,,,,,981.769968,0.0,0.0,0.0,981.769968,0.0,0.0,0.0,,,,,,
2024-09-11 21:00:00,23.45,23.52,23.39,23.4,21420.45,-5.7e-05,37,0.0,0.0,unknown,,1000.0,0.0,0.0,,,1000.0,0.0,1000.0,,unknown,0.0,{},,158.0,,,,,,,981.769968,0.0,0.0,0.0,981.769968,0.0,0.0,0.0,,,,,,
2024-09-11 22:00:00,23.4,23.45,23.34,23.37,25972.95,-5.7e-05,37,0.0,0.0,unknown,,1000.0,0.0,0.0,,,1000.0,0.0,1000.0,,unknown,0.0,{},,159.0,,,,,,,981.769968,0.0,0.0,0.0,981.769968,0.0,0.0,0.0,,,,,,
2024-09-11 23:00:00,23.37,23.39,23.26,23.28,21446.11,-5.7e-05,37,0.0,0.0,unknown,,1000.0,0.0,0.0,,,1000.0,0.0,1000.0,,unknown,0.0,{},,160.0,,,,,,,981.769968,0.0,0.0,0.0,981.769968,0.0,0.0,0.0,,,,,,
2024-09-12 00:00:00,23.28,23.55,23.27,23.42,66771.51,-6.7e-05,31,0.0,0.0,unknown,,1000.0,0.0,0.0,,,1000.0,0.0,1000.0,,unknown,0.0,{},,161.0,,,,,,,981.769968,0.0,0.0,0.0,981.769968,0.0,0.0,0.0,,,,,,
2024-09-12 01:00:00,23.42,23.74,23.41,23.7,67869.63,-6.7e-05,31,0.0,0.0,unknown,,1000.0,0.0,0.0,,,1000.0,0.0,1000.0,,unknown,0.0,{},,162.0,,,,,,,981.769968,0.0,0.0,0.0,981.769968,0.0,0.0,0.0,,,,,,
2024-09-12 02:00:00,23.71,24.1,23.64,23.75,176418.15,-6.7e-05,31,0.0,0.0,unknown,,1000.0,0.0,0.0,,,1000.0,0.0,1000.0,,unknown,0.0,{},,163.0,,,,,,,981.769968,0.0,0.0,0.0,981.769968,0.0,0.0,0.0,,,,,,
2024-09-12 03:00:00,23.75,23.84,23.71,23.71,45535.98,-6.7e-05,31,0.0,0.0,unknown,,1000.0,0.0,0.0,,,1000.0,0.0,1000.0,,unknown,0.0,{},,164.0,,,,,,,981.769968,0.0,0.0,0.0,981.769968,0.0,0.0,0.0,,,,,,
2024-09-12 04:00:00,23.71,23.82,23.59,23.6,68197.39,-6.7e-05,31,0.0,0.0,unknown,,1000.0,0.0,0.0,,,1000.0,0.0,1000.0,,unknown,0.0,{},,165.0,,,,,,,981.769968,0.0,0.0,0.0,981.769968,0.0,0.0,0.0,,,,,,
2024-09-12 05:00:00,23.61,23.61,23.47,23.51,65638.02,-6.7e-05,31,0.0,0.0,unknown,,1000.0,0.0,0.0,,,1000.0,0.0,1000.0,,unknown,0.0,{},,166.0,,,,,,,981.769968,0.0,0.0,0.0,981.769968,0.0,0.0,0.0,,,,,,
2024-09-12 06:00:00,23.52,23.58,23.45,23.53,49837.5,-6.7e-05,31,0.0,0.0,unknown,,1000.0,0.0,0.0,,,1000.0,0.0,1000.0,,unknown,0.0,{},,167.0,,,,,,,981.769968,0.0,0.0,0.0,981.769968,0.0,0.0,0.0,,,,,,
2024-09-12 07:00:00,23.54,23.6,23.45,23.53,44622.67,-6.7e-05,31,0.0,0.0,unknown,,1000.0,0.0,0.0,,,1000.0,0.0,1000.0,,unknown,0.0,{},,168.0,,,,,,,981.769968,0.0,0.0,0.0,981.769968,0.0,0.0,0.0,,,,,,
2024-09-12 08:00:00,23.52,23.7,23.47,23.63,45156.99,-0.000316,31,0.0,0.0,unknown,,1000.0,0.0,0.0,,,1000.0,0.0,1000.0,,unknown,0.0,{},,169.0,,,,,,,981.769968,0.0,0.0,0.0,981.769968,0.0,0.0,0.0,,,,,,
2024-09-12 09:00:00,23.63,23.77,23.55,23.56,62245.24,-0.000316,31,0.0,0.0,unknown,,1000.0,0.0,0.0,,,1000.0,0.0,1000.0,,unknown,0.0,{},,170.0,,,,,,,981.769968,0.0,0.0,0.0,981.769968,0.0,0.0,0.0,,,,,,
2024-09-12 10:00:00,23.57,23.66,23.54,23.59,32242.58,-0.000316,31,0.0,0.0,unknown,,1000.0,0.0,0.0,,,1000.0,0.0,1000.0,,unknown,0.0,{},,171.0,,,,,,,981.769968,0.0,0.0,0.0,981.769968,0.0,0.0,0.0,,,,,,
2024-09-12 11:00:00,23.58,23.6,23.53,23.6,23620.29,-0.000316,31,0.0,0.0,unknown,,1000.0,0.0,0.0,,,1000.0,0.0,1000.0,,unknown,0.0,{},,172.0,,,,,,,981.769968,0.0,0.0,0.0,981.769968,0.0,0.0,0.0,,,,,,
2024-09-12 12:00:00,23.6,23.65,23.44,23.58,87837.34,-0.000316,31,0.0,0.0,unknown,,1000.0,0.0,0.0,,,1000.0,0.0,1000.0,,unknown,0.0,{},,173.0,,,,,,,981.769968,0.0,0.0,0.0,981.769968,0.0,0.0,0.0,,,,,,
2024-09-12 13:00:00,23.58,23.67,23.43,23.58,61026.6,-0.000316,31,0.0,0.0,unknown,,1000.0,0.0,0.0,,,1000.0,0.0,1000.0,,unknown,0.0,{},,174.0,,,,,,,981.769968,0.0,0.0,0.0,981.769968,0.0,0.0,0.0,,,,,,
2024-09-12 14:00:00,23.58,23.94,23.54,23.55,94911.89,-0.000316,31,0.0,0.0,unknown,,1000.0,0.0,0.0,,,1000.0,0.0,1000.0,,unknown,0.0,{},,175.0,,,,,,,981.769968,0.0,0.0,0.0,981.769968,0.0,0.0,0.0,,,,,,
2024-09-12 15:00:00,23.56,23.8,23.44,23.48,61143.87,-0.000316,31,0.0,0.0,unknown,,1000.0,0.0,0.0,,,1000.0,0.0,1000.0,,unknown,0.0,{},,176.0,,,,,,,981.769968,0.0,0.0,0.0,981.769968,0.0,0.0,0.0,,,,,,
2024-09-12 16:00:00,23.47,23.79,23.46,23.78,42055.71,-0.000145,31,0.0,0.0,unknown,,1000.0,0.0,0.0,,,1000.0,0.0,1000.0,,unknown,0.0,{},,177.0,,,,,,,981.769968,0.0,0.0,0.0,981.769968,0.0,0.0,0.0,,,,,,
2024-09-12 17:00:00,23.77,23.87,23.73,23.82,48149.68,-0.000145,31,0.0,0.0,unknown,,1000.0,0.0,0.0,,,1000.0,0.0,1000.0,,unknown,0.0,{},,178.0,,,,,,,981.769968,0.0,0.0,0.0,981.769968,0.0,0.0,0.0,,,,,,
2024-09-12 18:00:00,23.83,24.04,23.72,23.8,185386.14,-0.000145,31,0.0,0.0,unknown,,1000.0,0.0,0.0,,,1000.0,0.0,1000.0,,unknown,0.0,{},,179.0,,,,,,,981.769968,0.0,0.0,0.0,981.769968,0.0,0.0,0.0,,,,,,
2024-09-12 19:00:00,23.79,23.94,23.77,23.86,44021.58,-0.000145,31,0.0,0.0,unknown,,1000.0,0.0,0.0,,,1000.0,0.0,1000.0,,unknown,0.0,{},,180.0,,,,,,,981.769968,0.0,0.0,0.0,981.769968,0.0,0.0,0.0,,,,,,
2024-09-12 20:00:00,23.86,23.87,23.74,23.81,23461.35,-0.000145,31,0.0,0.0,unknown,,1000.0,0.0,0.0,,,1000.0,0.0,1000.0,,unknown,0.0,{},,181.0,,,,,,,981.769968,0.0,0.0,0.0,981.769968,0.0,0.0,0.0,,,,,,
2024-09-12 21:00:00,23.82,23.89,23.72,23.78,29841.52,-0.000145,31,0.0,0.0,unknown,,1000.0,0.0,0.0,,,1000.0,0.0,1000.0,,unknown,0.0,{},,182.0,,,,,,,981.769968,0.0,0.0,0.0,981.769968,0.0,0.0,0.0,,,,,,
2024-09-12 22:00:00,23.78,24.1,23.77,24.03,48422.91,-0.000145,31,0.0,0.0,unknown,,1000.0,0.0,0.0,,,1000.0,0.0,1000.0,,unknown,0.0,{},,183.0,,,,,,,981.769968,0.0,0.0,0.0,981.769968,0.0,0.0,0.0,,,,,,
2024-09-12 23:00:00,24.03,24.06,23.97,24.02,58272.64,-0.000145,31,0.0,0.0,unknown,,1000.0,0.0,0.0,,,1000.0,0.0,1000.0,,unknown,0.0,{},,184.0,,,,,,,981.769968,0.0,0.0,0.0,981.769968,0.0,0.0,0.0,,,,,,
2024-09-13 00:00:00,24.02,24.1,23.88,23.89,33627.82,1e-06,32,0.0,0.0,unknown,,1000.0,0.0,0.0,,,1000.0,0.0,1000.0,,unknown,0.0,{},,185.0,,,,,,,981.769968,0.0,0.0,0.0,981.769968,0.0,0.0,0.0,,,,,,
2024-09-13 01:00:00,23.89,24.0,23.79,23.93,23664.2,1e-06,32,0.0,0.0,unknown,,1000.0,0.0,0.0,,,1000.0,0.0,1000.0,,unknown,0.0,{},,186.0,,,,,,,981.769968,0.0,0.0,0.0,981.769968,0.0,0.0,0.0,,,,,,
2024-09-13 02:00:00,23.93,23.95,23.78,23.79,23991.37,1e-06,32,0.0,0.0,unknown,,1000.0,0.0,0.0,,,1000.0,0.0,1000.0,,unknown,0.0,{},,187.0,,,,,,,981.769968,0.0,0.0,0.0,981.769968,0.0,0.0,0.0,,,,,,
2024-09-13 03:00:00,23.8,23.84,23.68,23.68,28648.03,1e-06,32,0.0,0.0,unknown,,1000.0,0.0,0.0,,,1000.0,0.0,1000.0,,unknown,0.0,{},,188.0,,,,,,,981.769968,0.0,0.0,0.0,981.769968,0.0,0.0,0.0,,,,,,
2024-09-13 04:00:00,23.68,23.77,23.67,23.67,25793.32,1e-06,32,0.0,0.0,unknown,,1000.0,0.0,0.0,,,1000.0,0.0,1000.0,,unknown,0.0,{},,189.0,,,,,,,981.769968,0.0,0.0,0.0,981.769968,0.0,0.0,0.0,,,,,,
2024-09-13 05:00:00,23.67,23.86,23.67,23.8,16453.85,1e-06,32,0.0,0.0,unknown,,1000.0,0.0,0.0,,,1000.0,0.0,1000.0,,unknown,0.0,{},,190.0,,,,,,,981.769968,0.0,0.0,0.0,981.769968,0.0,0.0,0.0,,,,,,
2024-09-13 06:00:00,23.8,23.82,23.68,23.68,21610.46,1e-06,32,0.0,0.0,unknown,,1000.0,0.0,0.0,,,1000.0,0.0,1000.0,,unknown,0.0,{},,191.0,,,,,,,981.769968,0.0,0.0,0.0,981.769968,0.0,0.0,0.0,,,,,,
2024-09-13 07:00:00,23.68,23.86,23.68,23.83,29996.97,1e-06,32,0.0,0.0,unknown,,1000.0,0.0,0.0,,,1000.0,0.0,1000.0,,unknown,0.0,{},,192.0,,,,,,,981.769968,0.0,0.0,0.0,981.769968,0.0,0.0,0.0,,,,,,
2024-09-13 08:00:00,23.83,23.85,23.69,23.69,19217.51,1e-06,32,0.0,0.0,unknown,,1000.0,0.0,0.0,,,1000.0,0.0,1000.0,,unknown,0.0,{},,193.0,,,,,,,981.769968,0.0,0.0,0.0,981.769968,0.0,0.0,0.0,,,,,,
2024-09-13 09:00:00,23.69,23.81,23.68,23.75,17115.79,3e-06,32,0.0,0.0,unknown,,1000.0,0.0,0.0,,,1000.0,0.0,1000.0,,unknown,0.0,{},,194.0,,,,,,,981.769968,0.0,0.0,0.0,981.769968,0.0,0.0,0.0,,,,,,
2024-09-13 10:00:00,23.75,24.18,23.71,24.09,131702.98,3e-06,32,0.0,0.0,unknown,,1000.0,0.0,0.0,,,1000.0,0.0,1000.0,,unknown,0.0,{},,195.0,,,,,,,981.769968,0.0,0.0,0.0,981.769968,0.0,0.0,0.0,,,,,,
2024-09-13 11:00:00,24.08,24.25,23.83,23.86,152376.82,3e-06,32,0.0,0.0,unknown,,1000.0,0.0,0.0,,,1000.0,0.0,1000.0,,unknown,0.0,{},,196.0,,,,,,,981.769968,0.0,0.0,0.0,981.769968,0.0,0.0,0.0,,,,,,
2024-09-13 12:00:00,23.86,23.95,23.66,23.84,254869.16,3e-06,32,0.0,0.0,unknown,,1000.0,0.0,0.0,,,1000.0,0.0,1000.0,,unknown,0.0,{},,197.0,,,,,,,981.769968,0.0,0.0,0.0,981.769968,0.0,0.0,0.0,,,,,,
2024-09-13 13:00:00,23.85,24.14,23.76,24.09,117234.67,3e-06,32,0.0,0.0,unknown,,1000.0,0.0,0.0,,,1000.0,0.0,1000.0,,unknown,0.0,{},,198.0,,,,,,,981.769968,0.0,0.0,0.0,981.769968,0.0,0.0,0.0,,,,,,
2024-09-13 14:00:00,24.09,24.27,23.94,24.24,156491.2,3e-06,32,0.0,0.0,unknown,,1000.0,0.0,0.0,,,1000.0,0.0,1000.0,,unknown,0.0,{},,199.0,,,,,,,981.769968,0.0,0.0,0.0,981.769968,0.0,0.0,0.0,,,,,,
2024-09-13 15:00:00,24.25,24.73,24.19,24.69,239861.44,3e-06,32,0.0,0.0,unknown,,1000.0,0.0,0.0,,,1000.0,0.0,1000.0,,unknown,0.0,{},,200.0,,,,,,,981.769968,0.0,0.0,0.0,981.769968,0.0,0.0,0.0,,,,,,
2024-09-13 16:00:00,24.7,24.82,24.51,24.61,125590.99,3e-06,32,0.0,0.0,unknown,,1000.0,0.0,0.0,,,1000.0,0.0,1000.0,,unknown,0.0,{},,201.0,,,,,,,981.769968,0.0,0.0,0.0,981.769968,0.0,0.0,0.0,,,,,,
2024-09-13 17:00:00,24.62,24.74,24.56,24.6,82719.96,7.3e-05,32,0.0,0.0,unknown,,1000.0,0.0,0.0,,,1000.0,0.0,1000.0,,unknown,0.0,{},,202.0,,,,,,,981.769968,0.0,0.0,0.0,981.769968,0.0,0.0,0.0,,,,,,
2024-09-13 18:00:00,24.61,24.74,24.58,24.71,56829.13,7.3e-05,32,0.0,0.0,unknown,,1000.0,0.0,0.0,,,1000.0,0.0,1000.0,,unknown,0.0,{},,203.0,,,,,,,981.769968,0.0,0.0,0.0,981.769968,0.0,0.0,0.0,,,,,,
2024-09-13 19:00:00,24.7,24.74,24.63,24.71,39239.56,7.3e-05,32,0.0,0.0,unknown,,1000.0,0.0,0.0,,,1000.0,0.0,1000.0,,unknown,0.0,{},,204.0,,,,,,,981.769968,0.0,0.0,0.0,981.769968,0.0,0.0,0.0,,,,,,
2024-09-13 20:00:00,24.71,24.79,24.68,24.73,45347.9,7.3e-05,32,0.0,0.0,unknown,,1000.0,0.0,0.0,,,1000.0,0.0,1000.0,,unknown,0.0,{},,205.0,,,,,,,981.769968,0.0,0.0,0.0,981.769968,0.0,0.0,0.0,,,,,,
2024-09-13 21:00:00,24.72,25.07,24.72,25.01,123977.86,7.3e-05,32,0.0,0.0,unknown,,1000.0,0.0,0.0,,,1000.0,0.0,1000.0,,unknown,0.0,{},,206.0,,,,,,,981.769968,0.0,0.0,0.0,981.769968,0.0,0.0,0.0,,,,,,
2024-09-13 22:00:00,25.0,25.1,24.97,25.05,70073.85,7.3e-05,32,0.0,0.0,unknown,,1000.0,0.0,0.0,,,1000.0,0.0,1000.0,,unknown,0.0,{},,207.0,,,,,,,981.769968,0.0,0.0,0.0,981.769968,0.0,0.0,0.0,,,,,,
2024-09-13 23:00:00,25.05,25.07,24.82,24.91,47346.75,7.3e-05,32,0.0,0.0,unknown,,1000.0,0.0,0.0,,,1000.0,0.0,1000.0,,unknown,0.0,{},,208.0,,,,,,,981.769968,0.0,0.0,0.0,981.769968,0.0,0.0,0.0,,,,,,
2024-09-14 00:00:00,24.91,24.99,24.87,24.91,33861.27,3.7e-05,50,0.0,0.0,unknown,,1000.0,0.0,0.0,,,1000.0,0.0,1000.0,,unknown,0.0,{},,209.0,,,,,,,981.769968,0.0,0.0,0.0,981.769968,0.0,0.0,0.0,,,,,,
2024-09-14 01:00:00,24.91,24.97,24.87,24.88,31608.1,3.7e-05,50,0.0,0.0,unknown,,1000.0,0.0,0.0,,,1000.0,0.0,1000.0,,unknown,0.0,{},,210.0,,,,,,,981.769968,0.0,0.0,0.0,981.769968,0.0,0.0,0.0,,,,,,
2024-09-14 02:00:00,24.88,25.0,24.88,24.9,28117.37,3.7e-05,50,0.0,0.0,unknown,,1000.0,0.0,0.0,,,1000.0,0.0,1000.0,,unknown,0.0,{},,211.0,,,,,,,981.769968,0.0,0.0,0.0,981.769968,0.0,0.0,0.0,,,,,,
2024-09-14 03:00:00,24.91,25.1,24.9,25.05,39564.73,3.7e-05,50,0.0,0.0,unknown,,1000.0,0.0,0.0,,,1000.0,0.0,1000.0,,unknown,0.0,{},,212.0,,,,,,,981.769968,0.0,0.0,0.0,981.769968,0.0,0.0,0.0,,,,,,
2024-09-14 04:00:00,25.05,25.05,24.97,25.0,25109.09,3.7e-05,50,0.0,0.0,unknown,,1000.0,0.0,0.0,,,1000.0,0.0,1000.0,,unknown,0.0,{},,213.0,,,,,,,981.769968,0.0,0.0,0.0,981.769968,0.0,0.0,0.0,,,,,,
2024-09-14 05:00:00,25.01,25.03,24.87,24.88,64331.95,3.7e-05,50,0.0,0.0,unknown,,1000.0,0.0,0.0,,,1000.0,0.0,1000.0,,unknown,0.0,{},,214.0,,,,,,,981.769968,0.0,0.0,0.0,981.769968,0.0,0.0,0.0,,,,,,
2024-09-14 06:00:00,24.88,24.97,24.83,24.92,36142.56,3.7e-05,50,0.0,0.0,unknown,,1000.0,0.0,0.0,,,1000.0,0.0,1000.0,,unknown,0.0,{},,215.0,,,,,,,981.769968,0.0,0.0,0.0,981.769968,0.0,0.0,0.0,,,,,,
2024-09-14 07:00:00,24.92,24.99,24.86,24.93,32346.47,3.7e-05,50,0.0,0.0,unknown,,1000.0,0.0,0.0,,,1000.0,0.0,1000.0,,unknown,0.0,{},,216.0,,,,,,,981.769968,0.0,0.0,0.0,981.769968,0.0,0.0,0.0,,,,,,
2024-09-14 08:00:00,24.93,24.99,24.78,24.79,39611.57,7.8e-05,50,0.0,0.0,unknown,,1000.0,0.0,0.0,,,1000.0,0.0,1000.0,,unknown,0.0,{},,217.0,,,,,,,981.769968,0.0,0.0,0.0,981.769968,0.0,0.0,0.0,,,,,,
2024-09-14 09:00:00,24.78,24.88,24.74,24.87,28548.37,7.8e-05,50,0.0,0.0,unknown,,1000.0,0.0,0.0,,,1000.0,0.0,1000.0,,unknown,0.0,{},,218.0,,,,,,,981.769968,0.0,0.0,0.0,981.769968,0.0,0.0,0.0,,,,,,
2024-09-14 10:00:00,24.87,24.88,24.69,24.72,26884.13,7.8e-05,50,0.0,0.0,unknown,,1000.0,0.0,0.0,,,1000.0,0.0,1000.0,,unknown,0.0,{},,219.0,,,,,,,981.769968,0.0,0.0,0.0,981.769968,0.0,0.0,0.0,,,,,,
2024-09-14 11:00:00,24.72,24.77,24.62,24.66,38879.68,7.8e-05,50,0.0,0.0,unknown,,1000.0,0.0,0.0,,,1000.0,0.0,1000.0,,unknown,0.0,{},,220.0,,,,,,,981.769968,0.0,0.0,0.0,981.769968,0.0,0.0,0.0,,,,,,
2024-09-14 12:00:00,24.67,24.84,24.61,24.74,50003.71,7.8e-05,50,0.0,0.0,unknown,,1000.0,0.0,0.0,,,1000.0,0.0,1000.0,,unknown,0.0,{},,221.0,,,,,,,981.769968,0.0,0.0,0.0,981.769968,0.0,0.0,0.0,,,,,,
2024-09-14 13:00:00,24.75,24.92,24.75,24.9,33596.66,7.8e-05,50,0.0,0.0,unknown,,1000.0,0.0,0.0,,,1000.0,0.0,1000.0,,unknown,0.0,{},,222.0,,,,,,,981.769968,0.0,0.0,0.0,981.769968,0.0,0.0,0.0,,,,,,
2024-09-14 14:00:00,24.89,25.34,24.88,25.25,115076.16,7.8e-05,50,0.0,0.0,unknown,,1000.0,0.0,0.0,,,1000.0,0.0,1000.0,,unknown,0.0,{},,223.0,,,,,,,981.769968,0.0,0.0,0.0,981.769968,0.0,0.0,0.0,,,,,,
2024-09-14 15:00:00,25.24,25.6,25.19,25.47,147971.57,7.8e-05,50,0.0,0.0,unknown,,1000.0,0.0,0.0,,,1000.0,0.0,1000.0,,unknown,0.0,{},,224.0,,,,,,,981.769968,0.0,0.0,0.0,981.769968,0.0,0.0,0.0,,,,,,
2024-09-14 16:00:00,25.48,25.58,25.41,25.55,53934.48,7.8e-05,50,0.0,0.0,unknown,,1000.0,0.0,0.0,,,1000.0,0.0,1000.0,,unknown,0.0,{},,225.0,,,,,,,981.769968,0.0,0.0,0.0,981.769968,0.0,0.0,0.0,,,,,,
2024-09-14 17:00:00,25.54,25.66,25.42,25.52,54963.37,3.6e-05,50,0.0,0.0,unknown,,1000.0,0.0,0.0,,,1000.0,0.0,1000.0,,unknown,0.0,{},,226.0,,,,,,,981.769968,0.0,0.0,0.0,981.769968,0.0,0.0,0.0,,,,,,
2024-09-14 18:00:00,25.52,25.52,25.17,25.34,110679.01,3.6e-05,50,0.0,0.0,unknown,,1000.0,0.0,0.0,,,1000.0,0.0,1000.0,,unknown,0.0,{},,227.0,,,,,,,981.769968,0.0,0.0,0.0,981.769968,0.0,0.0,0.0,,,,,,
2024-09-14 19:00:00,25.35,25.37,25.24,25.27,24621.18,3.6e-05,50,0.0,0.0,unknown,,1000.0,0.0,0.0,,,1000.0,0.0,1000.0,,unknown,0.0,{},,228.0,,,,,,,981.769968,0.0,0.0,0.0,981.769968,0.0,0.0,0.0,,,,,,
2024-09-14 20:00:00,25.26,25.38,25.19,25.36,64293.74,3.6e-05,50,0.0,0.0,unknown,,1000.0,0.0,0.0,,,1000.0,0.0,1000.0,,unknown,0.0,{},,229.0,,,,,,,981.769968,0.0,0.0,0.0,981.769968,0.0,0.0,0.0,,,,,,
2024-09-14 21:00:00,25.37,25.47,25.34,25.35,32286.84,3.6e-05,50,0.0,0.0,unknown,,1000.0,0.0,0.0,,,1000.0,0.0,1000.0,,unknown,0.0,{},,230.0,,,,,,,981.769968,0.0,0.0,0.0,981.769968,0.0,0.0,0.0,,,,,,
2024-09-14 22:00:00,25.35,25.39,25.08,25.2,62720.07,3.6e-05,50,0.0,0.0,unknown,,1000.0,0.0,0.0,,,1000.0,0.0,1000.0,,unknown,0.0,{},,231.0,,,,,,,981.769968,0.0,0.0,0.0,981.769968,0.0,0.0,0.0,,,,,,
2024-09-14 23:00:00,25.21,25.35,25.19,25.32,23978.78,3.6e-05,50,0.0,0.0,unknown,,1000.0,0.0,0.0,,,1000.0,0.0,1000.0,,unknown,0.0,{},,232.0,,,,,,,981.769968,0.0,0.0,0.0,981.769968,0.0,0.0,0.0,,,,,,
2024-09-15 00:00:00,25.33,25.38,25.23,25.26,26863.07,6.4e-05,51,0.0,0.0,unknown,,1000.0,0.0,0.0,,,1000.0,0.0,1000.0,,unknown,0.0,{},,233.0,,,,,,,981.769968,0.0,0.0,0.0,981.769968,0.0,0.0,0.0,,,,,,
2024-09-15 01:00:00,25.25,25.29,24.97,25.1,95624.92,6.4e-05,51,0.0,0.0,unknown,,1000.0,0.0,0.0,,,1000.0,0.0,1000.0,,unknown,0.0,{},,234.0,,,,,,,981.769968,0.0,0.0,0.0,981.769968,0.0,0.0,0.0,,,,,,
2024-09-15 02:00:00,25.09,25.18,25.02,25.13,32704.28,6.4e-05,51,0.0,0.0,unknown,,1000.0,0.0,0.0,,,1000.0,0.0,1000.0,,unknown,0.0,{},,235.0,,,,,,,981.769968,0.0,0.0,0.0,981.769968,0.0,0.0,0.0,,,,,,
2024-09-15 03:00:00,25.12,25.16,25.04,25.07,21629.49,6.4e-05,51,0.0,0.0,unknown,,1000.0,0.0,0.0,,,1000.0,0.0,1000.0,,unknown,0.0,{},,236.0,,,,,,,981.769968,0.0,0.0,0.0,981.769968,0.0,0.0,0.0,,,,,,
2024-09-15 04:00:00,25.07,25.08,24.85,24.86,67844.16,6.4e-05,51,0.0,0.0,unknown,,1000.0,0.0,0.0,,,1000.0,0.0,1000.0,,unknown,0.0,{},,237.0,,,,,,,981.769968,0.0,0.0,0.0,981.769968,0.0,0.0,0.0,,,,,,
2024-09-15 05:00:00,24.86,24.95,24.84,24.86,22466.57,6.4e-05,51,0.0,0.0,unknown,,1000.0,0.0,0.0,,,1000.0,0.0,1000.0,,unknown,0.0,{},,238.0,,,,,,,981.769968,0.0,0.0,0.0,981.769968,0.0,0.0,0.0,,,,,,
2024-09-15 06:00:00,24.87,24.94,24.84,24.92,17082.84,6.4e-05,51,0.0,0.0,unknown,,1000.0,0.0,0.0,,,1000.0,0.0,1000.0,,unknown,0.0,{},,239.0,,,,,,,981.769968,0.0,0.0,0.0,981.769968,0.0,0.0,0.0,,,,,,
2024-09-15 07:00:00,24.92,24.98,24.77,24.88,52813.65,6.4e-05,51,0.0,0.0,unknown,,1000.0,0.0,0.0,,,1000.0,0.0,1000.0,,unknown,0.0,{},,240.0,,,,,,,981.769968,0.0,0.0,0.0,981.769968,0.0,0.0,0.0,,,,,,
2024-09-15 08:00:00,24.88,24.88,24.72,24.75,49465.98,-3.5e-05,51,0.0,0.0,unknown,,1000.0,0.0,0.0,,,1000.0,0.0,1000.0,,unknown,0.0,{},,241.0,,,,,,,981.769968,0.0,0.0,0.0,981.769968,0.0,0.0,0.0,,,,,,
2024-09-15 09:00:00,24.74,24.81,24.7,24.73,39832.93,-3.5e-05,51,0.0,0.0,unknown,,1000.0,0.0,0.0,,,1000.0,0.0,1000.0,,unknown,0.0,{},,242.0,,,,,,,981.769968,0.0,0.0,0.0,981.769968,0.0,0.0,0.0,,,,,,
2024-09-15 10:00:00,24.73,24.75,24.59,24.67,80478.81,-3.5e-05,51,0.0,0.0,unknown,,1000.0,0.0,0.0,,,1000.0,0.0,1000.0,,unknown,0.0,{},,243.0,,,,,,,981.769968,0.0,0.0,0.0,981.769968,0.0,0.0,0.0,,,,,,
2024-09-15 11:00:00,24.67,24.67,24.55,24.63,35801.24,-3.5e-05,51,0.0,0.0,unknown,,1000.0,0.0,0.0,,,1000.0,0.0,1000.0,,unknown,0.0,{},,244.0,,,,,,,981.769968,0.0,0.0,0.0,981.769968,0.0,0.0,0.0,,,,,,
2024-09-15 12:00:00,24.62,24.73,24.58,24.73,35830.62,-3.5e-05,51,0.0,0.0,unknown,,1000.0,0.0,0.0,,,1000.0,0.0,1000.0,,unknown,0.0,{},,245.0,,,,,,,981.769968,0.0,0.0,0.0,981.769968,0.0,0.0,0.0,,,,,,
2024-09-15 13:00:00,24.73,24.9,24.73,24.77,64376.0,-3.5e-05,51,0.0,0.0,unknown,,1000.0,0.0,0.0,,,1000.0,0.0,1000.0,,unknown,0.0,{},,246.0,,,,,,,981.769968,0.0,0.0,0.0,981.769968,0.0,0.0,0.0,,,,,,
2024-09-15 14:00:00,24.77,24.81,24.6,24.75,45484.45,-3.5e-05,51,0.0,0.0,unknown,,1000.0,0.0,0.0,,,1000.0,0.0,1000.0,,unknown,0.0,{},,247.0,,,,,,,981.769968,0.0,0.0,0.0,981.769968,0.0,0.0,0.0,,,,,,
2024-09-15 15:00:00,24.75,24.83,24.67,24.74,55264.1,-3.5e-05,51,0.0,0.0,unknown,,1000.0,0.0,0.0,,,1000.0,0.0,1000.0,,unknown,0.0,{},,248.0,,,,,,,981.769968,0.0,0.0,0.0,981.769968,0.0,0.0,0.0,,,,,,
2024-09-15 16:00:00,24.74,24.76,24.42,24.45,86568.01,-3e-05,51,0.0,0.0,unknown,,1000.0,0.0,0.0,,,1000.0,0.0,1000.0,,unknown,0.0,{},,249.0,,,,,,,981.769968,0.0,0.0,0.0,981.769968,0.0,0.0,0.0,,,,,,
2024-09-15 17:00:00,24.45,24.51,24.34,24.45,89493.17,-3e-05,51,0.0,0.0,unknown,,1000.0,0.0,0.0,,,1000.0,0.0,1000.0,,unknown,0.0,{},,250.0,,,,,,,981.769968,0.0,0.0,0.0,981.769968,0.0,0.0,0.0,,,,,,
2024-09-15 18:00:00,24.45,24.54,24.34,24.43,73963.85,-3e-05,51,0.0,0.0,unknown,,1000.0,0.0,0.0,,,1000.0,0.0,1000.0,,unknown,0.0,{},,251.0,,,,,,,981.769968,0.0,0.0,0.0,981.769968,0.0,0.0,0.0,,,,,,
2024-09-15 19:00:00,24.43,24.54,24.34,24.37,53791.45,-3e-05,51,0.0,0.0,unknown,,1000.0,0.0,0.0,,,1000.0,0.0,1000.0,,unknown,0.0,{},,252.0,,,,,,,981.769968,0.0,0.0,0.0,981.769968,0.0,0.0,0.0,,,,,,
2024-09-15 20:00:00,24.37,24.4,24.13,24.15,111522.03,-3e-05,51,0.0,0.0,unknown,,1000.0,0.0,0.0,,,1000.0,0.0,1000.0,,unknown,0.0,{},,253.0,,,,,,,981.769968,0.0,0.0,0.0,981.769968,0.0,0.0,0.0,,,,,,
2024-09-15 21:00:00,24.15,24.15,23.77,23.99,146715.23,-3e-05,51,0.0,0.0,unknown,,1000.0,0.0,0.0,,,1000.0,0.0,1000.0,,unknown,0.0,{},,254.0,,,,,,,981.769968,0.0,0.0,0.0,981.769968,0.0,0.0,0.0,,,,,,
2024-09-15 22:00:00,23.98,24.07,23.86,23.96,41244.3,-3e-05,51,0.0,0.0,unknown,,1000.0,0.0,0.0,,,1000.0,0.0,1000.0,,unknown,0.0,{},,255.0,,,,,,,981.769968,0.0,0.0,0.0,981.769968,0.0,0.0,0.0,,,,,,
2024-09-15 23:00:00,23.96,23.97,23.64,23.8,105031.14,-3e-05,51,0.0,0.0,unknown,,1000.0,0.0,0.0,,,1000.0,0.0,1000.0,,unknown,0.0,{},,256.0,,,,,,,981.769968,0.0,0.0,0.0,981.769968,0.0,0.0,0.0,,,,,,
2024-09-16 00:00:00,23.8,23.87,23.65,23.78,91650.81,-3.6e-05,39,0.0,0.0,unknown,,1000.0,0.0,0.0,,,1000.0,0.0,1000.0,,unknown,0.0,{},,257.0,,,,,,,981.769968,0.0,0.0,0.0,981.769968,0.0,0.0,0.0,,,,,,
2024-09-16 01:00:00,23.77,23.77,23.53,23.6,100487.1,-3.6e-05,39,0.0,0.0,unknown,,1000.0,0.0,0.0,,,1000.0,0.0,1000.0,,unknown,0.0,{},,258.0,,,,,,,981.769968,0.0,0.0,0.0,981.769968,0.0,0.0,0.0,,,,,,
2024-09-16 02:00:00,23.6,23.63,23.32,23.38,139564.48,-3.6e-05,39,0.0,0.0,unknown,,1000.0,0.0,0.0,,,1000.0,0.0,1000.0,,unknown,0.0,{},,259.0,,,,,,,981.769968,0.0,0.0,0.0,981.769968,0.0,0.0,0.0,,,,,,
2024-09-16 03:00:00,23.38,23.69,23.34,23.66,36311.15,-3.6e-05,39,0.0,0.0,unknown,,1000.0,0.0,0.0,,,1000.0,0.0,1000.0,,unknown,0.0,{},,260.0,,,,,,,981.769968,0.0,0.0,0.0,981.769968,0.0,0.0,0.0,,,,,,
2024-09-16 04:00:00,23.67,23.71,23.53,23.55,52799.63,-3.6e-05,39,0.0,0.0,unknown,,1000.0,0.0,0.0,,,1000.0,0.0,1000.0,,unknown,0.0,{},,261.0,,,,,,,981.769968,0.0,0.0,0.0,981.769968,0.0,0.0,0.0,,,,,,
2024-09-16 05:00:00,23.56,23.83,23.54,23.81,60751.03,-3.6e-05,39,0.0,0.0,unknown,,1000.0,0.0,0.0,,,1000.0,0.0,1000.0,,unknown,0.0,{},,262.0,,,,,,,981.769968,0.0,0.0,0.0,981.769968,0.0,0.0,0.0,,,,,,
2024-09-16 06:00:00,23.8,23.9,23.73,23.75,47109.92,-3.6e-05,39,0.0,0.0,unknown,,1000.0,0.0,0.0,,,1000.0,0.0,1000.0,,unknown,0.0,{},,263.0,,,,,,,981.769968,0.0,0.0,0.0,981.769968,0.0,0.0,0.0,,,,,,
2024-09-16 07:00:00,23.75,24.14,23.73,24.06,78170.23,-3.6e-05,39,0.0,0.0,unknown,,1000.0,0.0,0.0,,,1000.0,0.0,1000.0,,unknown,0.0,{},,264.0,,,,,,,981.769968,0.0,0.0,0.0,981.769968,0.0,0.0,0.0,,,,,,
2024-09-16 08:00:00,24.06,24.24,23.98,24.05,117241.61,-3.6e-05,39,0.0,0.0,unknown,,1000.0,0.0,0.0,,,1000.0,0.0,1000.0,,unknown,0.0,{},,265.0,,,,,,,981.769968,0.0,0.0,0.0,981.769968,0.0,0.0,0.0,,,,,,
2024-09-16 09:00:00,24.05,24.15,23.87,23.91,53569.92,-0.00017,39,0.0,0.0,unknown,,1000.0,0.0,0.0,,,1000.0,0.0,1000.0,,unknown,0.0,{},,266.0,,,,,,,981.769968,0.0,0.0,0.0,981.769968,0.0,0.0,0.0,,,,,,
2024-09-16 10:00:00,23.91,24.05,23.83,23.94,68829.6,-0.00017,39,0.0,0.0,unknown,,1000.0,0.0,0.0,,,1000.0,0.0,1000.0,,unknown,0.0,{},,267.0,,,,,,,981.769968,0.0,0.0,0.0,981.769968,0.0,0.0,0.0,,,,,,
2024-09-16 11:00:00,23.93,23.97,23.85,23.87,38231.07,-0.00017,39,0.0,0.0,unknown,,1000.0,0.0,0.0,,,1000.0,0.0,1000.0,,unknown,0.0,{},,268.0,,,,,,,981.769968,0.0,0.0,0.0,981.769968,0.0,0.0,0.0,,,,,,
2024-09-16 12:00:00,23.87,23.89,23.7,23.72,63011.26,-0.00017,39,0.0,0.0,unknown,,1000.0,0.0,0.0,,,1000.0,0.0,1000.0,,unknown,0.0,{},,269.0,,,,,,,981.769968,0.0,0.0,0.0,981.769968,0.0,0.0,0.0,,,,,,
2024-09-16 13:00:00,23.72,23.78,23.49,23.71,118510.03,-0.00017,39,0.0,0.0,unknown,,1000.0,0.0,0.0,,,1000.0,0.0,1000.0,,unknown,0.0,{},,270.0,,,,,,,981.769968,0.0,0.0,0.0,981.769968,0.0,0.0,0.0,,,,,,
2024-09-16 14:00:00,23.71,23.74,23.3,23.4,124724.82,-0.00017,39,0.0,0.0,unknown,,1000.0,0.0,0.0,,,1000.0,0.0,1000.0,,unknown,0.0,{},,271.0,,,,,,,981.769968,0.0,0.0,0.0,981.769968,0.0,0.0,0.0,,,,,,
2024-09-16 15:00:00,23.41,23.68,23.37,23.51,102214.19,-0.00017,39,0.0,0.0,unknown,,1000.0,0.0,0.0,,,1000.0,0.0,1000.0,,unknown,0.0,{},,272.0,,,,,,,981.769968,0.0,0.0,0.0,981.769968,0.0,0.0,0.0,,,,,,
2024-09-16 16:00:00,23.51,23.53,23.32,23.4,74704.4,-4e-06,39,0.0,0.0,unknown,,1000.0,0.0,0.0,,,1000.0,0.0,1000.0,,unknown,0.0,{},,273.0,,,,,,,981.769968,0.0,0.0,0.0,981.769968,0.0,0.0,0.0,,,,,,
2024-09-16 17:00:00,23.4,23.58,23.22,23.54,104710.61,-4e-06,39,0.0,0.0,unknown,,1000.0,0.0,0.0,,,1000.0,0.0,1000.0,,unknown,0.0,{},,274.0,,,,,,,981.769968,0.0,0.0,0.0,981.769968,0.0,0.0,0.0,,,,,,
2024-09-16 18:00:00,23.55,23.55,23.33,23.39,51810.81,-4e-06,39,0.0,0.0,unknown,,1000.0,0.0,0.0,,,1000.0,0.0,1000.0,,unknown,0.0,{},,275.0,,,,,,,981.769968,0.0,0.0,0.0,981.769968,0.0,0.0,0.0,,,,,,
2024-09-16 19:00:00,23.4,23.56,23.34,23.47,64947.59,-4e-06,39,0.0,0.0,unknown,,1000.0,0.0,0.0,,,1000.0,0.0,1000.0,,unknown,0.0,{},,276.0,,,,,,,981.769968,0.0,0.0,0.0,981.769968,0.0,0.0,0.0,,,,,,
2024-09-16 20:00:00,23.48,23.5,23.35,23.39,66252.91,-4e-06,39,0.0,0.0,unknown,,1000.0,0.0,0.0,,,1000.0,0.0,1000.0,,unknown,0.0,{},,277.0,,,,,,,981.769968,0.0,0.0,0.0,981.769968,0.0,0.0,0.0,,,,,,
2024-09-16 21:00:00,23.39,23.5,23.31,23.5,49795.53,-4e-06,39,0.0,0.0,unknown,,1000.0,0.0,0.0,,,1000.0,0.0,1000.0,,unknown,0.0,{},,278.0,,,,,,,981.769968,0.0,0.0,0.0,981.769968,0.0,0.0,0.0,,,,,,
2024-09-16 22:00:00,23.49,23.49,23.31,23.33,24133.53,-4e-06,39,0.0,0.0,unknown,,1000.0,0.0,0.0,,,1000.0,0.0,1000.0,,unknown,0.0,{},,279.0,,,,,,,981.769968,0.0,0.0,0.0,981.769968,0.0,0.0,0.0,,,,,,
2024-09-16 23:00:00,23.33,23.59,23.33,23.52,21630.11,-4e-06,39,0.0,0.0,unknown,,1000.0,0.0,0.0,,,1000.0,0.0,1000.0,,unknown,0.0,{},,280.0,,,,,,,981.769968,0.0,0.0,0.0,981.769968,0.0,0.0,0.0,,,,,,
2024-09-17 00:00:00,23.52,23.55,23.25,23.26,37103.54,-4e-06,33,0.0,0.0,unknown,,1000.0,0.0,0.0,,,1000.0,0.0,1000.0,,unknown,0.0,{},,281.0,,,,,,,981.769968,0.0,0.0,0.0,981.769968,0.0,0.0,0.0,,,,,,
2024-09-17 01:00:00,23.26,23.33,23.16,23.29,39524.45,-8.5e-05,33,0.0,0.0,unknown,,1000.0,0.0,0.0,,,1000.0,0.0,1000.0,,unknown,0.0,{},,282.0,,,,,,,981.769968,0.0,0.0,0.0,981.769968,0.0,0.0,0.0,,,,,,
2024-09-17 02:00:00,23.29,23.45,23.29,23.38,15719.46,-8.5e-05,33,0.0,0.0,unknown,,1000.0,0.0,0.0,,,1000.0,0.0,1000.0,,unknown,0.0,{},,283.0,,,,,,,981.769968,0.0,0.0,0.0,981.769968,0.0,0.0,0.0,,,,,,
2024-09-17 03:00:00,23.39,23.54,23.34,23.49,24720.13,-8.5e-05,33,0.0,0.0,unknown,,1000.0,0.0,0.0,,,1000.0,0.0,1000.0,,unknown,0.0,{},,284.0,,,,,,,981.769968,0.0,0.0,0.0,981.769968,0.0,0.0,0.0,,,,,,
2024-09-17 04:00:00,23.49,23.67,23.46,23.64,29218.59,-8.5e-05,33,0.0,0.0,unknown,,1000.0,0.0,0.0,,,1000.0,0.0,1000.0,,unknown,0.0,{},,285.0,,,,,,,981.769968,0.0,0.0,0.0,981.769968,0.0,0.0,0.0,,,,,,
2024-09-17 05:00:00,23.65,24.04,23.63,24.0,91028.14,-8.5e-05,33,0.0,0.0,unknown,,1000.0,0.0,0.0,,,1000.0,0.0,1000.0,,unknown,0.0,{},,286.0,,,,,,,981.769968,0.0,0.0,0.0,981.769968,0.0,0.0,0.0,,,,,,
2024-09-17 06:00:00,24.0,24.03,23.74,23.74,34487.01,-8.5e-05,33,0.0,0.0,unknown,,1000.0,0.0,0.0,,,1000.0,0.0,1000.0,,unknown,0.0,{},,287.0,,,,,,,981.769968,0.0,0.0,0.0,981.769968,0.0,0.0,0.0,,,,,,
2024-09-17 07:00:00,23.75,23.85,23.66,23.8,38908.5,-8.5e-05,33,0.0,0.0,unknown,,1000.0,0.0,0.0,,,1000.0,0.0,1000.0,,unknown,0.0,{},,288.0,,,,,,,981.769968,0.0,0.0,0.0,981.769968,0.0,0.0,0.0,,,,,,
2024-09-17 08:00:00,23.8,23.89,23.69,23.72,34748.91,-0.000125,33,0.0,0.0,unknown,,1000.0,0.0,0.0,,,1000.0,0.0,1000.0,,unknown,0.0,{},,289.0,,,,,,,981.769968,0.0,0.0,0.0,981.769968,0.0,0.0,0.0,,,,,,
2024-09-17 09:00:00,23.72,23.96,23.68,23.9,51004.82,-0.000125,33,0.0,0.0,unknown,,1000.0,0.0,0.0,,,1000.0,0.0,1000.0,,unknown,0.0,{},,290.0,,,,,,,981.769968,0.0,0.0,0.0,981.769968,0.0,0.0,0.0,,,,,,
2024-09-17 10:00:00,23.9,24.03,23.85,24.02,56595.2,-0.000125,33,0.0,0.0,unknown,,1000.0,0.0,0.0,,,1000.0,0.0,1000.0,,unknown,0.0,{},,291.0,,,,,,,981.769968,0.0,0.0,0.0,981.769968,0.0,0.0,0.0,,,,,,
2024-09-17 11:00:00,24.01,24.04,23.78,23.84,65718.67,-0.000125,33,0.0,0.0,unknown,,1000.0,0.0,0.0,,,1000.0,0.0,1000.0,,unknown,0.0,{},,292.0,,,,,,,981.769968,0.0,0.0,0.0,981.769968,0.0,0.0,0.0,,,,,,
2024-09-17 12:00:00,23.84,23.94,23.78,23.9,30921.99,-0.000125,33,0.0,0.0,unknown,,1000.0,0.0,0.0,,,1000.0,0.0,1000.0,,unknown,0.0,{},,293.0,,,,,,,981.769968,0.0,0.0,0.0,981.769968,0.0,0.0,0.0,,,,,,
2024-09-17 13:00:00,23.9,23.94,23.62,23.64,60763.86,-0.000125,33,0.0,0.0,unknown,,1000.0,0.0,0.0,,,1000.0,0.0,1000.0,,unknown,0.0,{},,294.0,,,,,,,981.769968,0.0,0.0,0.0,981.769968,0.0,0.0,0.0,,,,,,
2024-09-17 14:00:00,23.64,24.32,23.62,24.15,225489.45,-0.000125,33,0.0,0.0,unknown,,1000.0,0.0,0.0,,,1000.0,0.0,1000.0,,unknown,0.0,{},,295.0,,,,,,,981.769968,0.0,0.0,0.0,981.769968,0.0,0.0,0.0,,,,,,
2024-09-17 15:00:00,24.16,24.49,24.15,24.4,212243.39,-0.000125,33,0.0,0.0,unknown,,1000.0,0.0,0.0,,,1000.0,0.0,1000.0,,unknown,0.0,{},,296.0,,,,,,,981.769968,0.0,0.0,0.0,981.769968,0.0,0.0,0.0,,,,,,
2024-09-17 16:00:00,24.4,24.48,24.06,24.1,203011.19,1e-05,33,0.0,0.0,unknown,,1000.0,0.0,0.0,,,1000.0,0.0,1000.0,,unknown,0.0,{},,297.0,,,,,,,981.769968,0.0,0.0,0.0,981.769968,0.0,0.0,0.0,,,,,,
2024-09-17 17:00:00,24.09,24.23,24.05,24.09,48515.65,1e-05,33,0.0,0.0,unknown,,1000.0,0.0,0.0,,,1000.0,0.0,1000.0,,unknown,0.0,{},,298.0,,,,,,,981.769968,0.0,0.0,0.0,981.769968,0.0,0.0,0.0,,,,,,
2024-09-17 18:00:00,24.08,24.14,23.87,23.94,60686.57,1e-05,33,0.0,0.0,unknown,,1000.0,0.0,0.0,,,1000.0,0.0,1000.0,,unknown,0.0,{},,299.0,,,,,,,981.769968,0.0,0.0,0.0,981.769968,0.0,0.0,0.0,,,,,,
2024-09-17 19:00:00,23.94,24.04,23.71,23.86,81568.91,1e-05,33,0.0,0.0,unknown,,1000.0,0.0,0.0,,,1000.0,0.0,1000.0,,unknown,0.0,{},,300.0,,,,,,,981.769968,0.0,0.0,0.0,981.769968,0.0,0.0,0.0,,,,,,
2024-09-17 20:00:00,23.86,23.96,23.79,23.82,57374.04,1e-05,33,0.0,0.0,unknown,,1000.0,0.0,0.0,,,1000.0,0.0,1000.0,,unknown,0.0,{},,301.0,,,,,,,981.769968,0.0,0.0,0.0,981.769968,0.0,0.0,0.0,,,,,,
2024-09-17 21:00:00,23.83,23.98,23.82,23.9,29491.29,1e-05,33,0.0,0.0,unknown,,1000.0,0.0,0.0,,,1000.0,0.0,1000.0,,unknown,0.0,{},,302.0,,,,,,,981.769968,0.0,0.0,0.0,981.769968,0.0,0.0,0.0,,,,,,
2024-09-17 22:00:00,23.91,23.92,23.79,23.79,29894.72,1e-05,33,0.0,0.0,unknown,,1000.0,0.0,0.0,,,1000.0,0.0,1000.0,,unknown,0.0,{},,303.0,,,,,,,981.769968,0.0,0.0,0.0,981.769968,0.0,0.0,0.0,,,,,,
2024-09-17 23:00:00,23.79,23.79,23.69,23.77,24487.32,1e-05,33,0.0,0.0,unknown,,1000.0,0.0,0.0,,,1000.0,0.0,1000.0,,unknown,0.0,{},,304.0,,,,,,,981.769968,0.0,0.0,0.0,981.769968,0.0,0.0,0.0,,,,,,
2024-09-18 00:00:00,23.78,23.78,23.5,23.72,77729.52,1.3e-05,45,0.0,0.0,unknown,,1000.0,0.0,0.0,,,1000.0,0.0,1000.0,,unknown,0.0,{},,305.0,,,,,,,981.769968,0.0,0.0,0.0,981.769968,0.0,0.0,0.0,,,,,,
2024-09-18 01:00:00,23.72,23.75,23.61,23.67,34633.37,1.3e-05,45,0.0,0.0,unknown,,1000.0,0.0,0.0,,,1000.0,0.0,1000.0,,unknown,0.0,{},,306.0,,,,,,,981.769968,0.0,0.0,0.0,981.769968,0.0,0.0,0.0,,,,,,
2024-09-18 02:00:00,23.67,23.81,23.63,23.79,42706.3,1.3e-05,45,0.0,0.0,unknown,,1000.0,0.0,0.0,,,1000.0,0.0,1000.0,,unknown,0.0,{},,307.0,,,,,,,981.769968,0.0,0.0,0.0,981.769968,0.0,0.0,0.0,,,,,,
2024-09-18 03:00:00,23.79,23.9,23.79,23.86,28654.36,1.3e-05,45,0.0,0.0,unknown,,1000.0,0.0,0.0,,,1000.0,0.0,1000.0,,unknown,0.0,{},,308.0,,,,,,,981.769968,0.0,0.0,0.0,981.769968,0.0,0.0,0.0,,,,,,
2024-09-18 04:00:00,23.85,23.87,23.6,23.67,27595.89,1.3e-05,45,0.0,0.0,unknown,,1000.0,0.0,0.0,,,1000.0,0.0,1000.0,,unknown,0.0,{},,309.0,,,,,,,981.769968,0.0,0.0,0.0,981.769968,0.0,0.0,0.0,,,,,,
2024-09-18 05:00:00,23.67,23.69,23.58,23.68,22717.84,1.3e-05,45,0.0,0.0,unknown,,1000.0,0.0,0.0,,,1000.0,0.0,1000.0,,unknown,0.0,{},,310.0,,,,,,,981.769968,0.0,0.0,0.0,981.769968,0.0,0.0,0.0,,,,,,
2024-09-18 06:00:00,23.68,23.7,23.5,23.63,85900.63,1.3e-05,45,0.0,0.0,unknown,,1000.0,0.0,0.0,,,1000.0,0.0,1000.0,,unknown,0.0,{},,311.0,,,,,,,981.769968,0.0,0.0,0.0,981.769968,0.0,0.0,0.0,,,,,,
2024-09-18 07:00:00,23.63,23.71,23.6,23.61,31034.1,1.3e-05,45,0.0,0.0,unknown,,1000.0,0.0,0.0,,,1000.0,0.0,1000.0,,unknown,0.0,{},,312.0,,,,,,,981.769968,0.0,0.0,0.0,981.769968,0.0,0.0,0.0,,,,,,
2024-09-18 08:00:00,23.61,23.62,23.45,23.47,59203.2,-0.000114,45,0.0,0.0,unknown,,1000.0,0.0,0.0,,,1000.0,0.0,1000.0,,unknown,0.0,{},,313.0,,,,,,,981.769968,0.0,0.0,0.0,981.769968,0.0,0.0,0.0,,,,,,
2024-09-18 09:00:00,23.46,23.47,23.2,23.2,57237.76,-0.000114,45,0.0,0.0,unknown,,1000.0,0.0,0.0,,,1000.0,0.0,1000.0,,unknown,0.0,{},,314.0,,,,,,,981.769968,0.0,0.0,0.0,981.769968,0.0,0.0,0.0,,,,,,
2024-09-18 10:00:00,23.2,23.32,23.07,23.31,89662.94,-0.000114,45,0.0,0.0,unknown,,1000.0,0.0,0.0,,,1000.0,0.0,1000.0,,unknown,0.0,{},,315.0,,,,,,,981.769968,0.0,0.0,0.0,981.769968,0.0,0.0,0.0,,,,,,
2024-09-18 11:00:00,23.32,23.37,23.25,23.25,47379.42,-0.000114,45,0.0,0.0,unknown,,1000.0,0.0,0.0,,,1000.0,0.0,1000.0,,unknown,0.0,{},,316.0,,,,,,,981.769968,0.0,0.0,0.0,981.769968,0.0,0.0,0.0,,,,,,
2024-09-18 12:00:00,23.26,23.33,23.16,23.31,23066.53,-0.000114,45,0.0,0.0,unknown,,1000.0,0.0,0.0,,,1000.0,0.0,1000.0,,unknown,0.0,{},,317.0,,,,,,,981.769968,0.0,0.0,0.0,981.769968,0.0,0.0,0.0,,,,,,
2024-09-18 13:00:00,23.31,23.37,23.0,23.1,112331.6,-0.000114,45,0.0,0.0,unknown,,1000.0,0.0,0.0,,,1000.0,0.0,1000.0,,unknown,0.0,{},,318.0,,,,,,,981.769968,0.0,0.0,0.0,981.769968,0.0,0.0,0.0,,,,,,
2024-09-18 14:00:00,23.09,23.18,22.99,23.06,77941.78,-0.000114,45,0.0,0.0,unknown,,1000.0,0.0,0.0,,,1000.0,0.0,1000.0,,unknown,0.0,{},,319.0,,,,,,,981.769968,0.0,0.0,0.0,981.769968,0.0,0.0,0.0,,,,,,
2024-09-18 15:00:00,23.07,23.12,22.85,22.92,67276.79,-0.000114,45,0.0,0.0,unknown,,1000.0,0.0,0.0,,,1000.0,0.0,1000.0,,unknown,0.0,{},,320.0,,,,,,,981.769968,0.0,0.0,0.0,981.769968,0.0,0.0,0.0,,,,,,
2024-09-18 16:00:00,22.92,23.15,22.79,23.13,70340.12,-0.000114,45,0.0,0.0,unknown,,1000.0,0.0,0.0,,,1000.0,0.0,1000.0,,unknown,0.0,{},,321.0,,,,,,,981.769968,0.0,0.0,0.0,981.769968,0.0,0.0,0.0,,,,,,
2024-09-18 17:00:00,23.13,23.24,22.98,23.15,93759.56,-0.00025,45,0.0,0.0,unknown,,1000.0,0.0,0.0,,,1000.0,0.0,1000.0,,unknown,0.0,{},,322.0,,,,,,,981.769968,0.0,0.0,0.0,981.769968,0.0,0.0,0.0,,,,,,
2024-09-18 18:00:00,23.13,23.8,23.08,23.56,446142.82,-0.00025,45,0.0,0.0,unknown,,1000.0,0.0,0.0,,,1000.0,0.0,1000.0,,unknown,0.0,{},,323.0,,,,,,,981.769968,0.0,0.0,0.0,981.769968,0.0,0.0,0.0,,,,,,
2024-09-18 19:00:00,23.56,23.62,23.3,23.39,142174.31,-0.00025,45,0.0,0.0,unknown,,1000.0,0.0,0.0,,,1000.0,0.0,1000.0,,unknown,0.0,{},,324.0,,,,,,,981.769968,0.0,0.0,0.0,981.769968,0.0,0.0,0.0,,,,,,
2024-09-18 20:00:00,23.39,23.63,23.18,23.61,98289.63,-0.00025,45,0.0,0.0,unknown,,1000.0,0.0,0.0,,,1000.0,0.0,1000.0,,unknown,0.0,{},,325.0,,,,,,,981.769968,0.0,0.0,0.0,981.769968,0.0,0.0,0.0,,,,,,
2024-09-18 21:00:00,23.61,23.77,23.6,23.7,83916.55,-0.00025,45,0.0,0.0,unknown,,1000.0,0.0,0.0,,,1000.0,0.0,1000.0,,unknown,0.0,{},,326.0,,,,,,,981.769968,0.0,0.0,0.0,981.769968,0.0,0.0,0.0,,,,,,
2024-09-18 22:00:00,23.71,24.0,23.71,23.99,65004.13,-0.00025,45,0.0,0.0,unknown,,1000.0,0.0,0.0,,,1000.0,0.0,1000.0,,unknown,0.0,{},,327.0,,,,,,,981.769968,0.0,0.0,0.0,981.769968,0.0,0.0,0.0,,,,,,
2024-09-18 23:00:00,23.99,24.73,23.99,24.68,189021.75,-0.00025,45,0.0,0.0,unknown,,1000.0,0.0,0.0,,,1000.0,0.0,1000.0,,unknown,0.0,{},,328.0,,,,,,,981.769968,0.0,0.0,0.0,981.769968,0.0,0.0,0.0,,,,,,
2024-09-19 00:00:00,24.7,26.03,24.69,26.02,460475.71,7.9e-05,49,0.0,0.0,unknown,,1000.0,0.0,0.0,,,1000.0,0.0,1000.0,,unknown,0.0,{},,329.0,,,,,,,981.769968,0.0,0.0,0.0,981.769968,0.0,0.0,0.0,,,,,,
2024-09-19 01:00:00,26.01,26.2,25.66,26.0,255576.85,7.9e-05,49,0.0,0.0,unknown,,1000.0,0.0,0.0,,,1000.0,0.0,1000.0,,unknown,0.0,{},,330.0,,,,,,,981.769968,0.0,0.0,0.0,981.769968,0.0,0.0,0.0,,,,,,
2024-09-19 02:00:00,26.01,26.05,25.76,25.81,127834.9,7.9e-05,49,0.0,0.0,unknown,,1000.0,0.0,0.0,,,1000.0,0.0,1000.0,,unknown,0.0,{},,331.0,,,,,,,981.769968,0.0,0.0,0.0,981.769968,0.0,0.0,0.0,,,,,,
2024-09-19 03:00:00,25.81,25.92,25.6,25.62,81732.52,7.9e-05,49,0.0,0.0,unknown,,1000.0,0.0,0.0,,,1000.0,0.0,1000.0,,unknown,0.0,{},,332.0,,,,,,,981.769968,0.0,0.0,0.0,981.769968,0.0,0.0,0.0,,,,,,
2024-09-19 04:00:00,25.63,25.83,25.59,25.81,89359.17,7.9e-05,49,0.0,0.0,unknown,,1000.0,0.0,0.0,,,1000.0,0.0,1000.0,,unknown,0.0,{},,333.0,,,,,,,981.769968,0.0,0.0,0.0,981.769968,0.0,0.0,0.0,,,,,,
2024-09-19 05:00:00,25.81,25.86,25.65,25.75,61832.7,7.9e-05,49,0.0,0.0,unknown,,1000.0,0.0,0.0,,,1000.0,0.0,1000.0,,unknown,0.0,{},,334.0,,,,,,,981.769968,0.0,0.0,0.0,981.769968,0.0,0.0,0.0,,,,,,
2024-09-19 06:00:00,25.75,25.95,25.7,25.75,127711.09,7.9e-05,49,0.0,0.0,unknown,,1000.0,0.0,0.0,,,1000.0,0.0,1000.0,,unknown,0.0,{},,335.0,,,,,,,981.769968,0.0,0.0,0.0,981.769968,0.0,0.0,0.0,,,,,,
2024-09-19 07:00:00,25.74,25.93,25.68,25.9,55649.88,7.9e-05,49,0.0,0.0,unknown,,1000.0,0.0,0.0,,,1000.0,0.0,1000.0,,unknown,0.0,{},,336.0,,,,,,,981.769968,0.0,0.0,0.0,981.769968,0.0,0.0,0.0,,,,,,
2024-09-19 08:00:00,25.91,26.09,25.87,25.94,117216.49,0.0001,49,0.0,0.0,unknown,,1000.0,0.0,0.0,,,1000.0,0.0,1000.0,,unknown,0.0,{},,337.0,,,,,,,981.769968,0.0,0.0,0.0,981.769968,0.0,0.0,0.0,,,,,,
2024-09-19 09:00:00,25.94,26.26,25.94,26.09,92328.98,0.0001,49,0.0,0.0,unknown,,1000.0,0.0,0.0,,,1000.0,0.0,1000.0,,unknown,0.0,{},,338.0,,,,,,,981.769968,0.0,0.0,0.0,981.769968,0.0,0.0,0.0,,,,,,
2024-09-19 10:00:00,26.08,26.38,26.06,26.14,152873.22,0.0001,49,-20.0,0.0,trending,,1000.0,0.0,-2.0,True,True,998.0,-2.004008,1000.0,,trending,-20.0,{},,1.0,AVAXUSDT,2024-09-19 10:00:00,AVAXUSDT,26.14,76.511094,SHORT,981.769968,0.0,0.0,0.0,981.769968,0.0,0.0,0.0,-24.0,-24.0,1.0,-24.0,True,True
2024-09-19 11:00:00,26.13,26.29,26.01,26.25,113333.34,0.0001,49,-20.0,0.0,trending,,989.58378,-2.029557,0.029557,False,,989.58378,-2.029557,989.58378,,trending,0.0,{},,2.0,AVAXUSDT,2024-09-19 11:00:00,,,,,981.769968,0.0,0.0,0.0,981.769968,0.0,0.0,0.0,-24.0,-24.0,1.0,-24.0,True,False
2024-09-19 12:00:00,26.25,26.54,26.2,26.4,149349.34,0.0001,49,-20.0,0.0,trending,,978.107116,-2.065104,0.065104,False,,978.107116,-2.065104,978.107116,,trending,0.0,{},,3.0,AVAXUSDT,2024-09-19 12:00:00,,,,,981.769968,0.0,0.0,0.0,981.769968,0.0,0.0,0.0,-24.0,-24.0,1.0,-24.0,True,False
2024-09-19 13:00:00,26.4,26.44,26.16,26.3,103254.67,0.0001,49,-20.0,0.0,trending,,985.758225,-2.041314,0.041314,False,,985.758225,-2.041314,985.758225,,trending,0.0,{},,4.0,AVAXUSDT,2024-09-19 13:00:00,,,,,981.769968,0.0,0.0,0.0,981.769968,0.0,0.0,0.0,-21.433164,-21.433164,1.0,-21.433164,True,False
2024-09-19 14:00:00,26.3,26.48,26.17,26.19,100073.57,0.0001,49,-17.798033,0.0,trending,,994.174445,-2.015567,0.235764,True,True,993.93982,-1.780223,994.174445,,trending,2.201967,{},,5.0,AVAXUSDT,2024-09-19 14:00:00,AVAXUSDT,26.19,8.949623,REDUCE_SHORT,981.769968,0.0,0.0,0.0,981.769968,0.0,0.0,0.0,-17.798033,-17.798033,1.0,-17.798033,True,True
2024-09-19 15:00:00,26.2,26.44,26.03,26.38,105537.78,0.0001,49,-20.0,0.0,trending,,981.10314,-1.8166,-0.1834,False,,981.10314,-1.8166,981.10314,,trending,-2.201967,{},,6.0,AVAXUSDT,2024-09-19 15:00:00,,,,,981.769968,0.0,0.0,0.0,981.769968,0.0,0.0,0.0,-20.441807,-20.441807,1.0,-20.441807,True,False
2024-09-19 16:00:00,26.39,26.61,26.26,26.48,135367.89,0.0001,49,-20.0,0.0,trending,,974.346993,-1.83613,-0.16387,False,,974.346993,-1.83613,974.346993,,trending,0.0,{},,7.0,AVAXUSDT,2024-09-19 16:00:00,,,,,981.769968,0.0,0.0,0.0,981.769968,0.0,0.0,0.0,-21.157817,-21.157817,1.0,-21.157817,True,False
2024-09-19 17:00:00,26.47,26.59,26.34,26.5,67094.7,6.1e-05,49,-19.418563,0.0,trending,,972.995764,-1.840069,-0.101788,False,,972.995764,-1.840069,972.995764,,trending,0.581437,{},,8.0,AVAXUSDT,2024-09-19 17:00:00,,,,,981.769968,0.0,0.0,0.0,981.769968,0.0,0.0,0.0,-19.418563,-19.418563,1.0,-19.418563,True,False
2024-09-19 18:00:00,26.5,26.6,26.4,26.46,61958.5,6.1e-05,49,-16.835417,0.0,trending,,975.698223,-1.832202,0.148661,False,,975.698223,-1.832202,975.698223,,trending,2.583146,{},,9.0,AVAXUSDT,2024-09-19 18:00:00,,,,,981.769968,0.0,0.0,0.0,981.769968,0.0,0.0,0.0,-16.835417,-16.835417,1.0,-16.835417,True,False
2024-09-19 19:00:00,26.46,26.56,26.31,26.41,63730.85,6.1e-05,49,-15.005122,0.0,trending,,979.076296,-1.82243,0.321918,True,True,978.760798,-1.500996,979.076296,,trending,1.830295,{},,10.0,AVAXUSDT,2024-09-19 19:00:00,AVAXUSDT,26.41,11.934212,REDUCE_SHORT,981.769968,0.0,0.0,0.0,981.769968,0.0,0.0,0.0,-15.005122,-15.005122,1.0,-15.005122,True,True
2024-09-19 20:00:00,26.41,26.63,26.4,26.44,96862.8,6.1e-05,49,-17.097182,0.0,trending,,977.091981,-1.505267,-0.204451,True,True,976.892213,-1.710068,977.091981,,trending,-2.092061,{},,11.0,AVAXUSDT,2024-09-19 20:00:00,AVAXUSDT,26.44,7.555493,SHORT,981.769968,0.0,0.0,0.0,981.769968,0.0,0.0,0.0,-17.097182,-17.097182,1.0,-17.097182,True,True
2024-09-19 21:00:00,26.45,26.6,26.15,26.15,123728.1,6.1e-05,49,-6.615501,0.0,trending,,995.215212,-1.660173,0.998622,True,True,994.220372,-0.662212,995.215212,,trending,10.481681,{},,12.0,AVAXUSDT,2024-09-19 21:00:00,AVAXUSDT,26.15,38.005516,REDUCE_SHORT,981.769968,0.0,0.0,0.0,981.769968,0.0,0.0,0.0,-6.615501,-6.615501,1.0,-6.615501,True,True
2024-09-19 22:00:00,26.15,26.74,26.1,26.7,134609.67,6.1e-05,49,-20.0,0.0,trending,,980.372892,-0.68569,-1.31431,True,True,979.084379,-2.002632,980.372892,,trending,-13.384499,{},,13.0,AVAXUSDT,2024-09-19 22:00:00,AVAXUSDT,26.7,48.258935,SHORT,981.769968,0.0,0.0,0.0,981.769968,0.0,0.0,0.0,-21.905209,-21.905209,1.0,-21.905209,True,True
2024-09-19 23:00:00,26.69,26.79,26.56,26.66,49856.47,6.1e-05,49,-18.914457,0.0,trending,,982.021825,-1.993651,0.102205,False,,982.021825,-1.993651,982.021825,,trending,1.085543,{},,14.0,AVAXUSDT,2024-09-19 23:00:00,,,,,981.769968,0.0,0.0,0.0,981.769968,0.0,0.0,0.0,-18.914457,-18.914457,1.0,-18.914457,True,False
2024-09-20 00:00:00,26.67,26.99,26.67,26.71,122118.95,0.0001,54,0.0,0.0,unknown,,978.350017,-2.004886,2.004886,True,True,976.386573,0.0,978.350017,,unknown,18.914457,{},,1.0,AVAXUSDT,2024-09-20 00:00:00,AVAXUSDT,26.71,-73.436172,CLOSE,981.769968,0.0,0.0,0.0,981.769968,0.0,0.0,0.0,,,,,True,True
2024-09-20 01:00:00,26.71,26.85,26.48,26.75,108772.43,0.0001,54,0.0,0.0,unknown,,976.386573,0.0,0.0,,,976.386573,0.0,976.386573,,unknown,0.0,{},,2.0,,,,,,,981.769968,0.0,0.0,0.0,981.769968,0.0,0.0,0.0,,,,,,
2024-09-20 02:00:00,26.75,27.14,26.59,27.13,134508.97,0.0001,54,0.0,0.0,unknown,,976.386573,0.0,0.0,,,976.386573,0.0,976.386573,,unknown,0.0,{},,3.0,,,,,,,981.769968,0.0,0.0,0.0,981.769968,0.0,0.0,0.0,,,,,,
2024-09-20 03:00:00,27.13,27.87,27.08,27.86,210854.49,0.0001,54,0.0,0.0,unknown,,976.386573,0.0,0.0,,,976.386573,0.0,976.386573,,unknown,0.0,{},,4.0,,,,,,,981.769968,0.0,0.0,0.0,981.769968,0.0,0.0,0.0,,,,,,
2024-09-20 04:00:00,27.85,28.14,27.68,28.1,258182.38,0.0001,54,0.0,0.0,unknown,,976.386573,0.0,0.0,,,976.386573,0.0,976.386573,,unknown,0.0,{},,5.0,,,,,,,981.769968,0.0,0.0,0.0,981.769968,0.0,0.0,0.0,,,,,,
2024-09-20 05:00:00,28.09,28.27,28.0,28.23,134136.33,0.0001,54,-20.0,0.0,trending,,976.386573,0.0,-2.0,True,True,974.4338,-2.004008,976.386573,,trending,-20.0,{},,1.0,AVAXUSDT,2024-09-20 05:00:00,AVAXUSDT,28.23,69.173686,SHORT,981.769968,0.0,0.0,0.0,981.769968,0.0,0.0,0.0,-24.0,-24.0,1.0,-24.0,True,True
2024-09-20 06:00:00,28.23,28.4,28.06,28.28,170603.85,0.0001,54,-20.0,0.0,trending,,970.975116,-2.014709,0.014709,False,,970.975116,-2.014709,970.975116,,trending,0.0,{},,2.0,AVAXUSDT,2024-09-20 06:00:00,,,,,981.769968,0.0,0.0,0.0,981.769968,0.0,0.0,0.0,-24.0,-24.0,1.0,-24.0,True,False
2024-09-20 07:00:00,28.28,28.33,28.02,28.2,136133.67,0.0001,54,-20.0,0.0,trending,,976.509011,-1.997624,-0.002376,False,,976.509011,-1.997624,976.509011,,trending,0.0,{},,3.0,AVAXUSDT,2024-09-20 07:00:00,,,,,981.769968,0.0,0.0,0.0,981.769968,0.0,0.0,0.0,-24.0,-24.0,1.0,-24.0,True,False
2024-09-20 08:00:00,28.2,28.8,28.16,28.47,218885.31,0.0001,54,-20.0,0.0,trending,,957.832116,-2.056075,0.056075,False,,957.832116,-2.056075,957.832116,,trending,0.0,{},,4.0,AVAXUSDT,2024-09-20 08:00:00,,,,,981.769968,0.0,0.0,0.0,981.769968,0.0,0.0,0.0,-24.0,-24.0,1.0,-24.0,True,False
2024-09-20 09:00:00,28.47,28.65,28.32,28.38,143434.53,1.1e-05,54,-20.0,0.0,trending,,964.057747,-2.03634,0.03634,False,,964.057747,-2.03634,964.057747,,trending,0.0,{},,5.0,AVAXUSDT,2024-09-20 09:00:00,,,,,981.769968,0.0,0.0,0.0,981.769968,0.0,0.0,0.0,-24.0,-24.0,1.0,-24.0,True,False
2024-09-20 10:00:00,28.39,28.62,28.34,28.6,81961.2,1.1e-05,54,-20.0,0.0,trending,,948.839536,-2.085039,0.085039,False,,948.839536,-2.085039,948.839536,,trending,0.0,{},,6.0,AVAXUSDT,2024-09-20 10:00:00,,,,,981.769968,0.0,0.0,0.0,981.769968,0.0,0.0,0.0,-24.0,-24.0,1.0,-24.0,True,False
2024-09-20 11:00:00,28.6,28.6,28.12,28.13,125631.85,1.1e-05,54,-16.942447,0.0,trending,,981.351169,-1.982833,0.288589,True,True,981.067679,-1.694734,981.351169,,trending,3.057553,{},,7.0,AVAXUSDT,2024-09-20 11:00:00,AVAXUSDT,28.13,10.067782,REDUCE_SHORT,981.769968,0.0,0.0,0.0,981.769968,0.0,0.0,0.0,-16.942447,-16.942447,1.0,-16.942447,True,True
2024-09-20 12:00:00,28.13,28.25,28.04,28.09,79303.62,1.1e-05,54,0.0,0.0,unknown,,983.431915,-1.688256,1.688256,True,True,981.769968,0.0,983.431915,,unknown,16.942447,{},,1.0,AVAXUSDT,2024-09-20 12:00:00,AVAXUSDT,28.09,-59.105903,CLOSE,981.769968,0.0,0.0,0.0,981.769968,0.0,0.0,0.0,,,,,True,True
2024-09-20 13:00:00,28.08,28.13,27.55,27.58,261692.07,1.1e-05,54,0.0,0.0,unknown,,981.769968,0.0,0.0,,,981.769968,0.0,981.769968,,unknown,0.0,{},,2.0,,,,,,,981.769968,0.0,0.0,0.0,981.769968,0.0,0.0,0.0,,,,,,
2024-09-20 14:00:00,27.57,27.7,27.21,27.54,344501.27,1.1e-05,54,0.0,0.0,unknown,,981.769968,0.0,0.0,,,981.769968,0.0,981.769968,,unknown,0.0,{},,3.0,,,,,,,981.769968,0.0,0.0,0.0,981.769968,0.0,0.0,0.0,,,,,,
2024-09-20 15:00:00,27.54,27.59,27.12,27.2,181956.99,1.1e-05,54,0.0,0.0,unknown,,981.769968,0.0,0.0,,,981.769968,0.0,981.769968,,unknown,0.0,{},,4.0,,,,,,,981.769968,0.0,0.0,0.0,981.769968,0.0,0.0,0.0,,,,,,
2024-09-20 16:00:00,27.19,27.36,27.0,27.0,125879.08,0.0001,54,0.0,0.0,unknown,,981.769968,0.0,0.0,,,981.769968,0.0,981.769968,,unknown,0.0,{},,5.0,,,,,,,981.769968,0.0,0.0,0.0,981.769968,0.0,0.0,0.0,,,,,,
2024-09-20 17:00:00,27.0,27.07,26.84,26.92,103455.44,0.0001,54,0.0,0.0,unknown,,981.769968,0.0,0.0,,,981.769968,0.0,981.769968,,unknown,0.0,{},,6.0,,,,,,,981.769968,0.0,0.0,0.0,981.769968,0.0,0.0,0.0,,,,,,
2024-09-20 18:00:00,26.92,27.23,26.78,27.18,90110.49,0.0001,54,0.0,0.0,unknown,,981.769968,0.0,0.0,,,981.769968,0.0,981.769968,,unknown,0.0,{},,7.0,,,,,,,981.769968,0.0,0.0,0.0,981.769968,0.0,0.0,0.0,,,,,,
2024-09-20 19:00:00,27.19,27.29,27.08,27.11,54539.01,0.0001,54,0.0,0.0,unknown,,981.769968,0.0,0.0,,,981.769968,0.0,981.769968,,unknown,0.0,{},,8.0,,,,,,,981.769968,0.0,0.0,0.0,981.769968,0.0,0.0,0.0,,,,,,
2024-09-20 20:00:00,27.11,27.36,27.11,27.33,64801.49,0.0001,54,0.0,0.0,unknown,,981.769968,0.0,0.0,,,981.769968,0.0,981.769968,,unknown,0.0,{},,9.0,,,,,,,981.769968,0.0,0.0,0.0,981.769968,0.0,0.0,0.0,,,,,,
2024-09-20 21:00:00,27.32,27.54,27.31,27.51,108122.77,0.0001,54,0.0,0.0,unknown,,981.769968,0.0,0.0,,,981.769968,0.0,981.769968,,unknown,0.0,{},,10.0,,,,,,,981.769968,0.0,0.0,0.0,981.769968,0.0,0.0,0.0,,,,,,
2024-09-20 22:00:00,27.51,27.66,27.5,27.59,69500.76,0.0001,54,0.0,0.0,unknown,,981.769968,0.0,0.0,,,981.769968,0.0,981.769968,,unknown,0.0,{},,11.0,,,,,,,981.769968,0.0,0.0,0.0,981.769968,0.0,0.0,0.0,,,,,,
2024-09-20 23:00:00,27.58,27.68,27.43,27.67,46656.35,0.0001,54,0.0,0.0,unknown,,981.769968,0.0,0.0,,,981.769968,0.0,981.769968,,unknown,0.0,{},,12.0,,,,,,,981.769968,0.0,0.0,0.0,981.769968,0.0,0.0,0.0,,,,,,
2024-09-21 00:00:00,27.67,27.77,27.52,27.68,62926.85,0.0001,54,0.0,0.0,unknown,,981.769968,0.0,0.0,,,981.769968,0.0,981.769968,,unknown,0.0,{},,13.0,,,,,,,981.769968,0.0,0.0,0.0,981.769968,0.0,0.0,0.0,,,,,,
2024-09-21 01:00:00,27.68,27.75,27.24,27.24,54573.53,-8e-06,54,0.0,0.0,unknown,,981.769968,0.0,0.0,,,981.769968,0.0,981.769968,,unknown,0.0,{},,14.0,,,,,,,981.769968,0.0,0.0,0.0,981.769968,0.0,0.0,0.0,,,,,,
2024-09-21 02:00:00,27.24,27.33,27.15,27.23,32511.73,-8e-06,54,0.0,0.0,unknown,,981.769968,0.0,0.0,,,981.769968,0.0,981.769968,,unknown,0.0,{},,15.0,,,,,,,981.769968,0.0,0.0,0.0,981.769968,0.0,0.0,0.0,,,,,,
2024-09-21 03:00:00,27.22,27.37,27.14,27.18,35104.3,-8e-06,54,0.0,0.0,unknown,,981.769968,0.0,0.0,,,981.769968,0.0,981.769968,,unknown,0.0,{},,16.0,,,,,,,981.769968,0.0,0.0,0.0,981.769968,0.0,0.0,0.0,,,,,,
2024-09-21 04:00:00,27.17,27.24,27.0,27.12,58314.07,-8e-06,54,0.0,0.0,unknown,,981.769968,0.0,0.0,,,981.769968,0.0,981.769968,,unknown,0.0,{},,17.0,,,,,,,981.769968,0.0,0.0,0.0,981.769968,0.0,0.0,0.0,,,,,,
2024-09-21 05:00:00,27.14,27.33,27.08,27.12,37694.58,-8e-06,54,0.0,0.0,unknown,,981.769968,0.0,0.0,,,981.769968,0.0,981.769968,,unknown,0.0,{},,18.0,,,,,,,981.769968,0.0,0.0,0.0,981.769968,0.0,0.0,0.0,,,,,,
2024-09-21 06:00:00,27.12,27.23,26.99,27.11,40394.92,-8e-06,54,0.0,0.0,unknown,,981.769968,0.0,0.0,,,981.769968,0.0,981.769968,,unknown,0.0,{},,19.0,,,,,,,981.769968,0.0,0.0,0.0,981.769968,0.0,0.0,0.0,,,,,,
2024-09-21 07:00:00,27.12,27.3,27.11,27.26,23646.28,-8e-06,54,0.0,0.0,unknown,,981.769968,0.0,0.0,,,981.769968,0.0,981.769968,,unknown,0.0,{},,20.0,,,,,,,981.769968,0.0,0.0,0.0,981.769968,0.0,0.0,0.0,,,,,,
2024-09-21 08:00:00,27.26,27.44,27.18,27.42,33516.05,0.0001,54,0.0,0.0,unknown,,981.769968,0.0,0.0,,,981.769968,0.0,981.769968,,unknown,0.0,{},,21.0,,,,,,,981.769968,0.0,0.0,0.0,981.769968,0.0,0.0,0.0,,,,,,
2024-09-21 09:00:00,27.43,27.58,27.42,27.57,43071.36,0.0001,54,0.0,0.0,unknown,,981.769968,0.0,0.0,,,981.769968,0.0,981.769968,,unknown,0.0,{},,22.0,,,,,,,981.769968,0.0,0.0,0.0,981.769968,0.0,0.0,0.0,,,,,,
2024-09-21 10:00:00,27.57,27.59,27.42,27.47,40125.86,0.0001,54,0.0,0.0,unknown,,981.769968,0.0,0.0,,,981.769968,0.0,981.769968,,unknown,0.0,{},,23.0,,,,,,,981.769968,0.0,0.0,0.0,981.769968,0.0,0.0,0.0,,,,,,
2024-09-21 11:00:00,27.46,27.62,27.45,27.59,30489.01,0.0001,54,0.0,0.0,unknown,,981.769968,0.0,0.0,,,981.769968,0.0,981.769968,,unknown,0.0,{},,24.0,,,,,,,981.769968,0.0,0.0,0.0,981.769968,0.0,0.0,0.0,,,,,,
2024-09-21 12:00:00,27.59,27.61,27.52,27.61,24900.66,0.0001,54,0.0,0.0,unknown,,981.769968,0.0,0.0,,,981.769968,0.0,981.769968,,unknown,0.0,{},,25.0,,,,,,,981.769968,0.0,0.0,0.0,981.769968,0.0,0.0,0.0,,,,,,
2024-09-21 13:00:00,27.6,27.78,27.45,27.73,39810.27,0.0001,54,0.0,0.0,unknown,,981.769968,0.0,0.0,,,981.769968,0.0,981.769968,,unknown,0.0,{},,26.0,,,,,,,981.769968,0.0,0.0,0.0,981.769968,0.0,0.0,0.0,,,,,,
2024-09-21 14:00:00,27.73,28.13,27.72,27.89,107908.31,0.0001,54,0.0,0.0,unknown,,981.769968,0.0,0.0,,,981.769968,0.0,981.769968,,unknown,0.0,{},,27.0,,,,,,,981.769968,0.0,0.0,0.0,981.769968,0.0,0.0,0.0,,,,,,
2024-09-21 15:00:00,27.9,27.9,27.56,27.58,68943.56,0.0001,54,0.0,0.0,unknown,,981.769968,0.0,0.0,,,981.769968,0.0,981.769968,,unknown,0.0,{},,28.0,,,,,,,981.769968,0.0,0.0,0.0,981.769968,0.0,0.0,0.0,,,,,,
2024-09-21 16:00:00,27.58,27.71,27.47,27.53,54610.27,0.0001,54,0.0,0.0,unknown,,981.769968,0.0,0.0,,,981.769968,0.0,981.769968,,unknown,0.0,{},,29.0,,,,,,,981.769968,0.0,0.0,0.0,981.769968,0.0,0.0,0.0,,,,,,
2024-09-21 17:00:00,27.54,27.61,27.45,27.47,47244.37,0.0001,54,0.0,0.0,unknown,,981.769968,0.0,0.0,,,981.769968,0.0,981.769968,,unknown,0.0,{},,30.0,,,,,,,981.769968,0.0,0.0,0.0,981.769968,0.0,0.0,0.0,,,,,,
2024-09-21 18:00:00,27.48,27.59,27.47,27.49,22562.03,0.0001,54,0.0,0.0,unknown,,981.769968,0.0,0.0,,,981.769968,0.0,981.769968,,unknown,0.0,{},,31.0,,,,,,,981.769968,0.0,0.0,0.0,981.769968,0.0,0.0,0.0,,,,,,
2024-09-21 19:00:00,27.5,27.6,27.35,27.37,36326.91,0.0001,54,0.0,0.0,unknown,,981.769968,0.0,0.0,,,981.769968,0.0,981.769968,,unknown,0.0,{},,32.0,,,,,,,981.769968,0.0,0.0,0.0,981.769968,0.0,0.0,0.0,,,,,,
2024-09-21 20:00:00,27.38,27.52,27.33,27.4,40491.94,0.0001,54,0.0,0.0,unknown,,981.769968,0.0,0.0,,,981.769968,0.0,981.769968,,unknown,0.0,{},,33.0,,,,,,,981.769968,0.0,0.0,0.0,981.769968,0.0,0.0,0.0,,,,,,
2024-09-21 21:00:00,27.39,27.46,27.34,27.36,18868.66,0.0001,54,0.0,0.0,unknown,,981.769968,0.0,0.0,,,981.769968,0.0,981.769968,,unknown,0.0,{},,34.0,,,,,,,981.769968,0.0,0.0,0.0,981.769968,0.0,0.0,0.0,,,,,,
2024-09-21 22:00:00,27.36,27.72,27.35,27.71,61225.53,0.0001,54,0.0,0.0,unknown,,981.769968,0.0,0.0,,,981.769968,0.0,981.769968,,unknown,0.0,{},,35.0,,,,,,,981.769968,0.0,0.0,0.0,981.769968,0.0,0.0,0.0,,,,,,
2024-09-21 23:00:00,27.7,27.98,27.63,27.79,59110.12,0.0001,54,0.0,0.0,unknown,,981.769968,0.0,0.0,,,981.769968,0.0,981.769968,,unknown,0.0,{},,36.0,,,,,,,981.769968,0.0,0.0,0.0,981.769968,0.0,0.0,0.0,,,,,,
2024-09-22 00:00:00,27.79,27.8,27.55,27.62,62285.03,9.2e-05,52,0.0,0.0,unknown,,981.769968,0.0,0.0,,,981.769968,0.0,981.769968,,unknown,0.0,{},,37.0,,,,,,,981.769968,0.0,0.0,0.0,981.769968,0.0,0.0,0.0,,,,,,
2024-09-22 01:00:00,27.62,27.67,27.34,27.35,66640.69,9.2e-05,52,0.0,0.0,unknown,,981.769968,0.0,0.0,,,981.769968,0.0,981.769968,,unknown,0.0,{},,38.0,,,,,,,981.769968,0.0,0.0,0.0,981.769968,0.0,0.0,0.0,,,,,,
2024-09-22 02:00:00,27.36,27.45,27.09,27.15,79377.03,9.2e-05,52,0.0,0.0,unknown,,981.769968,0.0,0.0,,,981.769968,0.0,981.769968,,unknown,0.0,{},,39.0,,,,,,,981.769968,0.0,0.0,0.0,981.769968,0.0,0.0,0.0,,,,,,
2024-09-22 03:00:00,27.16,27.34,27.11,27.26,46446.4,9.2e-05,52,0.0,0.0,unknown,,981.769968,0.0,0.0,,,981.769968,0.0,981.769968,,unknown,0.0,{},,40.0,,,,,,,981.769968,0.0,0.0,0.0,981.769968,0.0,0.0,0.0,,,,,,
2024-09-22 04:00:00,27.26,27.42,27.25,27.35,24938.89,9.2e-05,52,0.0,0.0,unknown,,981.769968,0.0,0.0,,,981.769968,0.0,981.769968,,unknown,0.0,{},,41.0,,,,,,,981.769968,0.0,0.0,0.0,981.769968,0.0,0.0,0.0,,,,,,
2024-09-22 05:00:00,27.35,27.39,27.21,27.32,27192.9,9.2e-05,52,0.0,0.0,unknown,,981.769968,0.0,0.0,,,981.769968,0.0,981.769968,,unknown,0.0,{},,42.0,,,,,,,981.769968,0.0,0.0,0.0,981.769968,0.0,0.0,0.0,,,,,,
2024-09-22 06:00:00,27.31,27.49,27.16,27.2,39886.47,9.2e-05,52,0.0,0.0,unknown,,981.769968,0.0,0.0,,,981.769968,0.0,981.769968,,unknown,0.0,{},,43.0,,,,,,,981.769968,0.0,0.0,0.0,981.769968,0.0,0.0,0.0,,,,,,
2024-09-22 07:00:00,27.2,27.42,27.14,27.39,24508.19,9.2e-05,52,0.0,0.0,unknown,,981.769968,0.0,0.0,,,981.769968,0.0,981.769968,,unknown,0.0,{},,44.0,,,,,,,981.769968,0.0,0.0,0.0,981.769968,0.0,0.0,0.0,,,,,,
2024-09-22 08:00:00,27.38,27.45,27.25,27.35,30891.92,4.9e-05,52,0.0,0.0,unknown,,981.769968,0.0,0.0,,,981.769968,0.0,981.769968,,unknown,0.0,{},,45.0,,,,,,,981.769968,0.0,0.0,0.0,981.769968,0.0,0.0,0.0,,,,,,
2024-09-22 09:00:00,27.35,27.35,27.02,27.04,53681.39,4.9e-05,52,0.0,0.0,unknown,,981.769968,0.0,0.0,,,981.769968,0.0,981.769968,,unknown,0.0,{},,46.0,,,,,,,981.769968,0.0,0.0,0.0,981.769968,0.0,0.0,0.0,,,,,,
2024-09-22 10:00:00,27.04,27.14,26.86,26.94,36036.35,4.9e-05,52,0.0,0.0,unknown,,981.769968,0.0,0.0,,,981.769968,0.0,981.769968,,unknown,0.0,{},,47.0,,,,,,,981.769968,0.0,0.0,0.0,981.769968,0.0,0.0,0.0,,,,,,
2024-09-22 11:00:00,26.95,27.02,26.83,26.91,65785.97,4.9e-05,52,0.0,0.0,unknown,,981.769968,0.0,0.0,,,981.769968,0.0,981.769968,,unknown,0.0,{},,48.0,,,,,,,981.769968,0.0,0.0,0.0,981.769968,0.0,0.0,0.0,,,,,,
2024-09-22 12:00:00,26.91,27.06,26.9,27.0,27739.86,4.9e-05,52,0.0,0.0,unknown,,981.769968,0.0,0.0,,,981.769968,0.0,981.769968,,unknown,0.0,{},,49.0,,,,,,,981.769968,0.0,0.0,0.0,981.769968,0.0,0.0,0.0,,,,,,
2024-09-22 13:00:00,27.0,27.05,26.69,26.75,60675.87,4.9e-05,52,0.0,0.0,unknown,,981.769968,0.0,0.0,,,981.769968,0.0,981.769968,,unknown,0.0,{},,50.0,,,,,,,981.769968,0.0,0.0,0.0,981.769968,0.0,0.0,0.0,,,,,,
2024-09-22 14:00:00,26.75,26.95,26.63,26.77,63596.39,4.9e-05,52,0.0,0.0,unknown,,981.769968,0.0,0.0,,,981.769968,0.0,981.769968,,unknown,0.0,{},,51.0,,,,,,,981.769968,0.0,0.0,0.0,981.769968,0.0,0.0,0.0,,,,,,
2024-09-22 15:00:00,26.76,26.89,26.68,26.87,36401.25,4.9e-05,52,0.0,0.0,unknown,,981.769968,0.0,0.0,,,981.769968,0.0,981.769968,,unknown,0.0,{},,52.0,,,,,,,981.769968,0.0,0.0,0.0,981.769968,0.0,0.0,0.0,,,,,,
2024-09-22 16:00:00,26.87,27.01,26.64,26.94,50713.98,0.0001,52,0.0,0.0,unknown,,981.769968,0.0,0.0,,,981.769968,0.0,981.769968,,unknown,0.0,{},,53.0,,,,,,,981.769968,0.0,0.0,0.0,981.769968,0.0,0.0,0.0,,,,,,
2024-09-22 17:00:00,26.94,27.17,26.93,27.1,38146.72,0.0001,52,0.0,0.0,unknown,,981.769968,0.0,0.0,,,981.769968,0.0,981.769968,,unknown,0.0,{},,54.0,,,,,,,981.769968,0.0,0.0,0.0,981.769968,0.0,0.0,0.0,,,,,,
2024-09-22 18:00:00,27.1,27.14,26.95,27.09,42139.41,0.0001,52,0.0,0.0,unknown,,981.769968,0.0,0.0,,,981.769968,0.0,981.769968,,unknown,0.0,{},,55.0,,,,,,,981.769968,0.0,0.0,0.0,981.769968,0.0,0.0,0.0,,,,,,
2024-09-22 19:00:00,27.08,27.15,26.86,27.12,34673.34,0.0001,52,0.0,0.0,unknown,,981.769968,0.0,0.0,,,981.769968,0.0,981.769968,,unknown,0.0,{},,56.0,,,,,,,981.769968,0.0,0.0,0.0,981.769968,0.0,0.0,0.0,,,,,,
2024-09-22 20:00:00,27.11,27.25,27.09,27.19,46147.8,0.0001,52,0.0,0.0,unknown,,981.769968,0.0,0.0,,,981.769968,0.0,981.769968,,unknown,0.0,{},,57.0,,,,,,,981.769968,0.0,0.0,0.0,981.769968,0.0,0.0,0.0,,,,,,
2024-09-22 21:00:00,27.18,27.27,26.69,26.74,47573.91,0.0001,52,0.0,0.0,unknown,,981.769968,0.0,0.0,,,981.769968,0.0,981.769968,,unknown,0.0,{},,58.0,,,,,,,981.769968,0.0,0.0,0.0,981.769968,0.0,0.0,0.0,,,,,,
2024-09-22 22:00:00,26.73,27.47,26.45,27.44,161776.21,0.0001,52,0.0,0.0,unknown,,981.769968,0.0,0.0,,,981.769968,0.0,981.769968,,unknown,0.0,{},,59.0,,,,,,,981.769968,0.0,0.0,0.0,981.769968,0.0,0.0,0.0,,,,,,
2024-09-22 23:00:00,27.43,27.5,27.19,27.29,65249.37,0.0001,52,0.0,0.0,unknown,,981.769968,0.0,0.0,,,981.769968,0.0,981.769968,,unknown,0.0,{},,60.0,,,,,,,981.769968,0.0,0.0,0.0,981.769968,0.0,0.0,0.0,,,,,,
2024-09-23 00:00:00,27.3,27.34,26.56,27.18,182011.36,5e-05,50,0.0,0.0,unknown,,981.769968,0.0,0.0,,,981.769968,0.0,981.769968,,unknown,0.0,{},,61.0,,,,,,,981.769968,0.0,0.0,0.0,981.769968,0.0,0.0,0.0,,,,,,
2024-09-23 01:00:00,27.19,27.44,27.12,27.38,84543.5,5e-05,50,0.0,0.0,unknown,,981.769968,0.0,0.0,,,981.769968,0.0,981.769968,,unknown,0.0,{},,62.0,,,,,,,981.769968,0.0,0.0,0.0,981.769968,0.0,0.0,0.0,,,,,,
2024-09-23 02:00:00,27.38,27.6,27.28,27.54,74560.34,5e-05,50,0.0,0.0,unknown,,981.769968,0.0,0.0,,,981.769968,0.0,981.769968,,unknown,0.0,{},,63.0,,,,,,,981.769968,0.0,0.0,0.0,981.769968,0.0,0.0,0.0,,,,,,
2024-09-23 03:00:00,27.54,28.18,27.5,27.86,219493.43,5e-05,50,0.0,0.0,unknown,,981.769968,0.0,0.0,,,981.769968,0.0,981.769968,,unknown,0.0,{},,64.0,,,,,,,981.769968,0.0,0.0,0.0,981.769968,0.0,0.0,0.0,,,,,,
2024-09-23 04:00:00,27.87,27.97,27.57,27.61,84512.45,5e-05,50,0.0,0.0,unknown,,981.769968,0.0,0.0,,,981.769968,0.0,981.769968,,unknown,0.0,{},,65.0,,,,,,,981.769968,0.0,0.0,0.0,981.769968,0.0,0.0,0.0,,,,,,
2024-09-23 05:00:00,27.61,27.72,27.41,27.62,66502.61,5e-05,50,0.0,0.0,unknown,,981.769968,0.0,0.0,,,981.769968,0.0,981.769968,,unknown,0.0,{},,66.0,,,,,,,981.769968,0.0,0.0,0.0,981.769968,0.0,0.0,0.0,,,,,,
2024-09-23 06:00:00,27.62,27.86,27.56,27.82,90019.98,5e-05,50,0.0,0.0,unknown,,981.769968,0.0,0.0,,,981.769968,0.0,981.769968,,unknown,0.0,{},,67.0,,,,,,,981.769968,0.0,0.0,0.0,981.769968,0.0,0.0,0.0,,,,,,
2024-09-23 07:00:00,27.82,27.88,27.51,27.66,124227.37,5e-05,50,0.0,0.0,unknown,,981.769968,0.0,0.0,,,981.769968,0.0,981.769968,,unknown,0.0,{},,68.0,,,,,,,981.769968,0.0,0.0,0.0,981.769968,0.0,0.0,0.0,,,,,,
2024-09-23 08:00:00,27.67,27.7,27.24,27.35,145009.26,3.5e-05,50,0.0,0.0,unknown,,981.769968,0.0,0.0,,,981.769968,0.0,981.769968,,unknown,0.0,{},,69.0,,,,,,,981.769968,0.0,0.0,0.0,981.769968,0.0,0.0,0.0,,,,,,
2024-09-23 09:00:00,27.36,27.55,27.34,27.47,59076.18,3.5e-05,50,0.0,0.0,unknown,,981.769968,0.0,0.0,,,981.769968,0.0,981.769968,,unknown,0.0,{},,70.0,,,,,,,981.769968,0.0,0.0,0.0,981.769968,0.0,0.0,0.0,,,,,,
2024-09-23 10:00:00,27.46,27.53,27.28,27.4,54026.66,3.5e-05,50,0.0,0.0,unknown,,981.769968,0.0,0.0,,,981.769968,0.0,981.769968,,unknown,0.0,{},,71.0,,,,,,,981.769968,0.0,0.0,0.0,981.769968,0.0,0.0,0.0,,,,,,
2024-09-23 11:00:00,27.4,27.44,27.24,27.34,56192.7,3.5e-05,50,0.0,0.0,unknown,,981.769968,0.0,0.0,,,981.769968,0.0,981.769968,,unknown,0.0,{},,72.0,,,,,,,981.769968,0.0,0.0,0.0,981.769968,0.0,0.0,0.0,,,,,,
2024-09-23 12:00:00,27.33,27.65,27.29,27.39,88373.6,3.5e-05,50,0.0,0.0,unknown,,981.769968,0.0,0.0,,,981.769968,0.0,981.769968,,unknown,0.0,{},,73.0,,,,,,,981.769968,0.0,0.0,0.0,981.769968,0.0,0.0,0.0,,,,,,
2024-09-23 13:00:00,27.39,27.52,27.27,27.39,80848.29,3.5e-05,50,0.0,0.0,unknown,,981.769968,0.0,0.0,,,981.769968,0.0,981.769968,,unknown,0.0,{},,74.0,,,,,,,981.769968,0.0,0.0,0.0,981.769968,0.0,0.0,0.0,,,,,,
2024-09-23 14:00:00,27.38,27.74,27.33,27.5,133320.36,3.5e-05,50,0.0,0.0,unknown,,981.769968,0.0,0.0,,,981.769968,0.0,981.769968,,unknown,0.0,{},,75.0,,,,,,,981.769968,0.0,0.0,0.0,981.769968,0.0,0.0,0.0,,,,,,
2024-09-23 15:00:00,27.5,27.72,27.29,27.57,85839.38,3.5e-05,50,0.0,0.0,unknown,,981.769968,0.0,0.0,,,981.769968,0.0,981.769968,,unknown,0.0,{},,76.0,,,,,,,981.769968,0.0,0.0,0.0,981.769968,0.0,0.0,0.0,,,,,,
2024-09-23 16:00:00,27.57,27.73,27.25,27.25,98748.22,6.8e-05,50,0.0,0.0,unknown,,981.769968,0.0,0.0,,,981.769968,0.0,981.769968,,unknown,0.0,{},,77.0,,,,,,,981.769968,0.0,0.0,0.0,981.769968,0.0,0.0,0.0,,,,,,
2024-09-23 17:00:00,27.24,27.42,27.18,27.38,78265.87,6.8e-05,50,0.0,0.0,unknown,,981.769968,0.0,0.0,,,981.769968,0.0,981.769968,,unknown,0.0,{},,78.0,,,,,,,981.769968,0.0,0.0,0.0,981.769968,0.0,0.0,0.0,,,,,,
2024-09-23 18:00:00,27.38,27.55,27.37,27.4,46705.4,6.8e-05,50,0.0,0.0,unknown,,981.769968,0.0,0.0,,,981.769968,0.0,981.769968,,unknown,0.0,{},,79.0,,,,,,,981.769968,0.0,0.0,0.0,981.769968,0.0,0.0,0.0,,,,,,
2024-09-23 19:00:00,27.4,27.49,27.33,27.37,32558.42,6.8e-05,50,0.0,0.0,unknown,,981.769968,0.0,0.0,,,981.769968,0.0,981.769968,,unknown,0.0,{},,80.0,,,,,,,981.769968,0.0,0.0,0.0,981.769968,0.0,0.0,0.0,,,,,,
2024-09-23 20:00:00,27.38,27.45,27.27,27.28,29934.12,6.8e-05,50,0.0,0.0,unknown,,981.769968,0.0,0.0,,,981.769968,0.0,981.769968,,unknown,0.0,{},,81.0,,,,,,,981.769968,0.0,0.0,0.0,981.769968,0.0,0.0,0.0,,,,,,
2024-09-23 21:00:00,27.28,27.39,27.1,27.33,83511.44,6.8e-05,50,0.0,0.0,unknown,,981.769968,0.0,0.0,,,981.769968,0.0,981.769968,,unknown,0.0,{},,82.0,,,,,,,981.769968,0.0,0.0,0.0,981.769968,0.0,0.0,0.0,,,,,,
2024-09-23 22:00:00,27.33,27.4,27.23,27.32,21155.22,6.8e-05,50,0.0,0.0,unknown,,981.769968,0.0,0.0,,,981.769968,0.0,981.769968,,unknown,0.0,{},,83.0,,,,,,,981.769968,0.0,0.0,0.0,981.769968,0.0,0.0,0.0,,,,,,
2024-09-23 23:00:00,27.32,27.48,27.26,27.39,24804.26,6.8e-05,50,0.0,0.0,unknown,,981.769968,0.0,0.0,,,981.769968,0.0,981.769968,,unknown,0.0,{},,84.0,,,,,,,981.769968,0.0,0.0,0.0,981.769968,0.0,0.0,0.0,,,,,,
2024-09-24 00:00:00,27.39,27.4,27.0,27.0,99800.47,0.0001,54,0.0,0.0,unknown,,981.769968,0.0,0.0,,,981.769968,0.0,981.769968,,unknown,0.0,{},,85.0,,,,,,,981.769968,0.0,0.0,0.0,981.769968,0.0,0.0,0.0,,,,,,
2024-09-24 01:00:00,27.01,27.18,26.84,27.07,81825.96,0.0001,54,0.0,0.0,unknown,,981.769968,0.0,0.0,,,981.769968,0.0,981.769968,,unknown,0.0,{},,86.0,,,,,,,981.769968,0.0,0.0,0.0,981.769968,0.0,0.0,0.0,,,,,,
2024-09-24 02:00:00,27.06,27.24,26.88,27.22,37799.54,0.0001,54,0.0,0.0,unknown,,981.769968,0.0,0.0,,,981.769968,0.0,981.769968,,unknown,0.0,{},,87.0,,,,,,,981.769968,0.0,0.0,0.0,981.769968,0.0,0.0,0.0,,,,,,
2024-09-24 03:00:00,27.22,27.3,27.09,27.29,33599.97,0.0001,54,0.0,0.0,unknown,,981.769968,0.0,0.0,,,981.769968,0.0,981.769968,,unknown,0.0,{},,88.0,,,,,,,981.769968,0.0,0.0,0.0,981.769968,0.0,0.0,0.0,,,,,,
2024-09-24 04:00:00,27.28,27.31,27.03,27.08,21736.95,0.0001,54,0.0,0.0,unknown,,981.769968,0.0,0.0,,,981.769968,0.0,981.769968,,unknown,0.0,{},,89.0,,,,,,,981.769968,0.0,0.0,0.0,981.769968,0.0,0.0,0.0,,,,,,
2024-09-24 05:00:00,27.08,27.21,27.07,27.14,30560.49,0.0001,54,0.0,0.0,unknown,,981.769968,0.0,0.0,,,981.769968,0.0,981.769968,,unknown,0.0,{},,90.0,,,,,,,981.769968,0.0,0.0,0.0,981.769968,0.0,0.0,0.0,,,,,,
2024-09-24 06:00:00,27.14,27.31,27.13,27.25,27301.62,0.0001,54,0.0,0.0,unknown,,981.769968,0.0,0.0,,,981.769968,0.0,981.769968,,unknown,0.0,{},,91.0,,,,,,,981.769968,0.0,0.0,0.0,981.769968,0.0,0.0,0.0,,,,,,
2024-09-24 07:00:00,27.25,27.44,27.23,27.4,52230.22,0.0001,54,0.0,0.0,unknown,,981.769968,0.0,0.0,,,981.769968,0.0,981.769968,,unknown,0.0,{},,92.0,,,,,,,981.769968,0.0,0.0,0.0,981.769968,0.0,0.0,0.0,,,,,,
2024-09-24 08:00:00,27.39,27.78,27.36,27.73,84442.1,0.0001,54,0.0,0.0,unknown,,981.769968,0.0,0.0,,,981.769968,0.0,981.769968,,unknown,0.0,{},,93.0,,,,,,,981.769968,0.0,0.0,0.0,981.769968,0.0,0.0,0.0,,,,,,
2024-09-24 09:00:00,27.73,27.78,27.43,27.45,55346.86,0.0001,54,0.0,0.0,unknown,,981.769968,0.0,0.0,,,981.769968,0.0,981.769968,,unknown,0.0,{},,94.0,,,,,,,981.769968,0.0,0.0,0.0,981.769968,0.0,0.0,0.0,,,,,,
2024-09-24 10:00:00,27.46,27.71,27.43,27.56,48415.44,0.0001,54,0.0,0.0,unknown,,981.769968,0.0,0.0,,,981.769968,0.0,981.769968,,unknown,0.0,{},,95.0,,,,,,,981.769968,0.0,0.0,0.0,981.769968,0.0,0.0,0.0,,,,,,
2024-09-24 11:00:00,27.56,27.73,27.45,27.68,46128.31,0.0001,54,0.0,0.0,unknown,,981.769968,0.0,0.0,,,981.769968,0.0,981.769968,,unknown,0.0,{},,96.0,,,,,,,981.769968,0.0,0.0,0.0,981.769968,0.0,0.0,0.0,,,,,,
2024-09-24 12:00:00,27.69,27.81,27.5,27.55,74665.85,0.0001,54,0.0,0.0,unknown,,981.769968,0.0,0.0,,,981.769968,0.0,981.769968,,unknown,0.0,{},,97.0,,,,,,,981.769968,0.0,0.0,0.0,981.769968,0.0,0.0,0.0,,,,,,
2024-09-24 13:00:00,27.55,27.7,27.51,27.57,65813.17,0.0001,54,0.0,0.0,unknown,,981.769968,0.0,0.0,,,981.769968,0.0,981.769968,,unknown,0.0,{},,98.0,,,,,,,981.769968,0.0,0.0,0.0,981.769968,0.0,0.0,0.0,,,,,,
2024-09-24 14:00:00,27.57,27.58,26.93,27.17,248421.34,0.0001,54,0.0,0.0,unknown,,981.769968,0.0,0.0,,,981.769968,0.0,981.769968,,unknown,0.0,{},,99.0,,,,,,,981.769968,0.0,0.0,0.0,981.769968,0.0,0.0,0.0,,,,,,
2024-09-24 15:00:00,27.16,27.29,27.02,27.15,89730.73,0.0001,54,0.0,0.0,unknown,,981.769968,0.0,0.0,,,981.769968,0.0,981.769968,,unknown,0.0,{},,100.0,,,,,,,981.769968,0.0,0.0,0.0,981.769968,0.0,0.0,0.0,,,,,,
2024-09-24 16:00:00,27.16,27.3,27.11,27.23,63324.12,0.0001,54,0.0,0.0,unknown,,981.769968,0.0,0.0,,,981.769968,0.0,981.769968,,unknown,0.0,{},,101.0,,,,,,,981.769968,0.0,0.0,0.0,981.769968,0.0,0.0,0.0,,,,,,
2024-09-24 17:00:00,27.22,27.59,27.19,27.47,100836.37,-4.3e-05,54,0.0,0.0,unknown,,981.769968,0.0,0.0,,,981.769968,0.0,981.769968,,unknown,0.0,{},,102.0,,,,,,,981.769968,0.0,0.0,0.0,981.769968,0.0,0.0,0.0,,,,,,
2024-09-24 18:00:00,27.48,27.57,27.28,27.36,36701.16,-4.3e-05,54,0.0,0.0,unknown,,981.769968,0.0,0.0,,,981.769968,0.0,981.769968,,unknown,0.0,{},,103.0,,,,,,,981.769968,0.0,0.0,0.0,981.769968,0.0,0.0,0.0,,,,,,
2024-09-24 19:00:00,27.36,27.74,27.33,27.7,82722.08,-4.3e-05,54,0.0,0.0,unknown,,981.769968,0.0,0.0,,,981.769968,0.0,981.769968,,unknown,0.0,{},,104.0,,,,,,,981.769968,0.0,0.0,0.0,981.769968,0.0,0.0,0.0,,,,,,
2024-09-24 20:00:00,27.69,27.79,27.5,27.59,90145.11,-4.3e-05,54,0.0,0.0,unknown,,981.769968,0.0,0.0,,,981.769968,0.0,981.769968,,unknown,0.0,{},,105.0,,,,,,,981.769968,0.0,0.0,0.0,981.769968,0.0,0.0,0.0,,,,,,
2024-09-24 21:00:00,27.58,27.7,27.5,27.62,41574.14,-4.3e-05,54,0.0,0.0,unknown,,981.769968,0.0,0.0,,,981.769968,0.0,981.769968,,unknown,0.0,{},,106.0,,,,,,,981.769968,0.0,0.0,0.0,981.769968,0.0,0.0,0.0,,,,,,
2024-09-24 22:00:00,27.62,28.33,27.61,28.29,205411.0,-4.3e-05,54,0.0,0.0,unknown,,981.769968,0.0,0.0,,,981.769968,0.0,981.769968,,unknown,0.0,{},,107.0,,,,,,,981.769968,0.0,0.0,0.0,981.769968,0.0,0.0,0.0,,,,,,
2024-09-24 23:00:00,28.3,28.55,28.15,28.46,173080.31,-4.3e-05,54,0.0,0.0,unknown,,981.769968,0.0,0.0,,,981.769968,0.0,981.769968,,unknown,0.0,{},,108.0,,,,,,,981.769968,0.0,0.0,0.0,981.769968,0.0,0.0,0.0,,,,,,
2024-09-25 00:00:00,28.46,28.5,27.48,27.77,555046.11,0.0001,59,0.0,0.0,unknown,,981.769968,0.0,0.0,,,981.769968,0.0,981.769968,,unknown,0.0,{},,109.0,,,,,,,981.769968,0.0,0.0,0.0,981.769968,0.0,0.0,0.0,,,,,,
2024-09-25 01:00:00,27.77,28.22,27.76,27.92,140912.71,0.0001,59,0.0,0.0,unknown,,981.769968,0.0,0.0,,,981.769968,0.0,981.769968,,unknown,0.0,{},,110.0,,,,,,,981.769968,0.0,0.0,0.0,981.769968,0.0,0.0,0.0,,,,,,
2024-09-25 02:00:00,27.92,28.0,27.84,27.89,68950.27,0.0001,59,0.0,0.0,unknown,,981.769968,0.0,0.0,,,981.769968,0.0,981.769968,,unknown,0.0,{},,111.0,,,,,,,981.769968,0.0,0.0,0.0,981.769968,0.0,0.0,0.0,,,,,,
2024-09-25 03:00:00,27.88,27.99,27.72,27.97,71823.76,0.0001,59,0.0,0.0,unknown,,981.769968,0.0,0.0,,,981.769968,0.0,981.769968,,unknown,0.0,{},,112.0,,,,,,,981.769968,0.0,0.0,0.0,981.769968,0.0,0.0,0.0,,,,,,
2024-09-25 04:00:00,27.97,27.98,27.6,27.62,48047.14,0.0001,59,0.0,0.0,unknown,,981.769968,0.0,0.0,,,981.769968,0.0,981.769968,,unknown,0.0,{},,113.0,,,,,,,981.769968,0.0,0.0,0.0,981.769968,0.0,0.0,0.0,,,,,,
2024-09-25 05:00:00,27.62,27.78,27.61,27.66,36102.75,0.0001,59,0.0,0.0,unknown,,981.769968,0.0,0.0,,,981.769968,0.0,981.769968,,unknown,0.0,{},,114.0,,,,,,,981.769968,0.0,0.0,0.0,981.769968,0.0,0.0,0.0,,,,,,
2024-09-25 06:00:00,27.65,27.68,27.42,27.46,87805.64,0.0001,59,0.0,0.0,unknown,,981.769968,0.0,0.0,,,981.769968,0.0,981.769968,,unknown,0.0,{},,115.0,,,,,,,981.769968,0.0,0.0,0.0,981.769968,0.0,0.0,0.0,,,,,,
2024-09-25 07:00:00,27.45,27.64,27.35,27.62,64900.35,0.0001,59,0.0,0.0,unknown,,981.769968,0.0,0.0,,,981.769968,0.0,981.769968,,unknown,0.0,{},,116.0,,,,,,,981.769968,0.0,0.0,0.0,981.769968,0.0,0.0,0.0,,,,,,
2024-09-25 08:00:00,27.61,27.76,27.57,27.71,48523.23,0.0001,59,0.0,0.0,unknown,,981.769968,0.0,0.0,,,981.769968,0.0,981.769968,,unknown,0.0,{},,117.0,,,,,,,981.769968,0.0,0.0,0.0,981.769968,0.0,0.0,0.0,,,,,,
2024-09-25 09:00:00,27.71,27.79,27.57,27.58,118977.65,8.2e-05,59,0.0,0.0,unknown,,981.769968,0.0,0.0,,,981.769968,0.0,981.769968,,unknown,0.0,{},,118.0,,,,,,,981.769968,0.0,0.0,0.0,981.769968,0.0,0.0,0.0,,,,,,
2024-09-25 10:00:00,27.59,27.79,27.53,27.67,43202.11,8.2e-05,59,0.0,0.0,unknown,,981.769968,0.0,0.0,,,981.769968,0.0,981.769968,,unknown,0.0,{},,119.0,,,,,,,981.769968,0.0,0.0,0.0,981.769968,0.0,0.0,0.0,,,,,,
2024-09-25 11:00:00,27.67,27.85,27.57,27.83,55586.68,8.2e-05,59,0.0,0.0,unknown,,981.769968,0.0,0.0,,,981.769968,0.0,981.769968,,unknown,0.0,{},,120.0,,,,,,,981.769968,0.0,0.0,0.0,981.769968,0.0,0.0,0.0,,,,,,
2024-09-25 12:00:00,27.83,27.87,27.64,27.64,53956.46,8.2e-05,59,0.0,0.0,unknown,,981.769968,0.0,0.0,,,981.769968,0.0,981.769968,,unknown,0.0,{},,121.0,,,,,,,981.769968,0.0,0.0,0.0,981.769968,0.0,0.0,0.0,,,,,,
2024-09-25 13:00:00,27.64,27.83,27.52,27.8,58301.78,8.2e-05,59,0.0,0.0,unknown,,981.769968,0.0,0.0,,,981.769968,0.0,981.769968,,unknown,0.0,{},,122.0,,,,,,,981.769968,0.0,0.0,0.0,981.769968,0.0,0.0,0.0,,,,,,
2024-09-25 14:00:00,27.8,28.02,27.76,27.95,92034.85,8.2e-05,59,0.0,0.0,unknown,,981.769968,0.0,0.0,,,981.769968,0.0,981.769968,,unknown,0.0,{},,123.0,,,,,,,981.769968,0.0,0.0,0.0,981.769968,0.0,0.0,0.0,,,,,,
2024-09-25 15:00:00,27.96,28.08,27.66,27.68,102662.35,8.2e-05,59,0.0,0.0,unknown,,981.769968,0.0,0.0,,,981.769968,0.0,981.769968,,unknown,0.0,{},,124.0,,,,,,,981.769968,0.0,0.0,0.0,981.769968,0.0,0.0,0.0,,,,,,
2024-09-25 16:00:00,27.68,27.73,27.49,27.6,111914.89,0.0001,59,0.0,0.0,unknown,,981.769968,0.0,0.0,,,981.769968,0.0,981.769968,,unknown,0.0,{},,125.0,,,,,,,981.769968,0.0,0.0,0.0,981.769968,0.0,0.0,0.0,,,,,,
2024-09-25 17:00:00,27.6,27.66,27.25,27.32,112765.87,0.0001,59,0.0,0.0,unknown,,981.769968,0.0,0.0,,,981.769968,0.0,981.769968,,unknown,0.0,{},,126.0,,,,,,,981.769968,0.0,0.0,0.0,981.769968,0.0,0.0,0.0,,,,,,
2024-09-25 18:00:00,27.31,27.62,27.28,27.6,61566.92,0.0001,59,0.0,0.0,unknown,,981.769968,0.0,0.0,,,981.769968,0.0,981.769968,,unknown,0.0,{},,127.0,,,,,,,981.769968,0.0,0.0,0.0,981.769968,0.0,0.0,0.0,,,,,,
2024-09-25 19:00:00,27.59,27.67,27.47,27.49,40829.29,0.0001,59,0.0,0.0,unknown,,981.769968,0.0,0.0,,,981.769968,0.0,981.769968,,unknown,0.0,{},,128.0,,,,,,,981.769968,0.0,0.0,0.0,981.769968,0.0,0.0,0.0,,,,,,
2024-09-25 20:00:00,27.49,27.65,27.48,27.58,36069.33,0.0001,59,0.0,0.0,unknown,,981.769968,0.0,0.0,,,981.769968,0.0,981.769968,,unknown,0.0,{},,129.0,,,,,,,981.769968,0.0,0.0,0.0,981.769968,0.0,0.0,0.0,,,,,,
2024-09-25 21:00:00,27.59,27.66,27.48,27.49,25160.28,0.0001,59,0.0,0.0,unknown,,981.769968,0.0,0.0,,,981.769968,0.0,981.769968,,unknown,0.0,{},,130.0,,,,,,,981.769968,0.0,0.0,0.0,981.769968,0.0,0.0,0.0,,,,,,
2024-09-25 22:00:00,27.48,27.52,27.28,27.43,46865.14,0.0001,59,0.0,0.0,unknown,,981.769968,0.0,0.0,,,981.769968,0.0,981.769968,,unknown,0.0,{},,131.0,,,,,,,981.769968,0.0,0.0,0.0,981.769968,0.0,0.0,0.0,,,,,,
2024-09-25 23:00:00,27.42,27.44,27.15,27.28,54044.86,0.0001,59,0.0,0.0,unknown,,981.769968,0.0,0.0,,,981.769968,0.0,981.769968,,unknown,0.0,{},,132.0,,,,,,,981.769968,0.0,0.0,0.0,981.769968,0.0,0.0,0.0,,,,,,
2024-09-26 00:00:00,27.29,27.36,27.0,27.07,90561.56,0.0001,50,0.0,0.0,unknown,,981.769968,0.0,0.0,,,981.769968,0.0,981.769968,,unknown,0.0,{},,133.0,,,,,,,981.769968,0.0,0.0,0.0,981.769968,0.0,0.0,0.0,,,,,,
2024-09-26 01:00:00,27.07,27.33,26.96,27.33,56032.31,-1e-06,50,0.0,0.0,unknown,,981.769968,0.0,0.0,,,981.769968,0.0,981.769968,,unknown,0.0,{},,134.0,,,,,,,981.769968,0.0,0.0,0.0,981.769968,0.0,0.0,0.0,,,,,,
2024-09-26 02:00:00,27.32,27.5,27.31,27.49,32754.45,-1e-06,50,0.0,0.0,unknown,,981.769968,0.0,0.0,,,981.769968,0.0,981.769968,,unknown,0.0,{},,135.0,,,,,,,981.769968,0.0,0.0,0.0,981.769968,0.0,0.0,0.0,,,,,,
2024-09-26 03:00:00,27.5,27.59,27.41,27.54,29390.0,-1e-06,50,0.0,0.0,unknown,,981.769968,0.0,0.0,,,981.769968,0.0,981.769968,,unknown,0.0,{},,136.0,,,,,,,981.769968,0.0,0.0,0.0,981.769968,0.0,0.0,0.0,,,,,,
2024-09-26 04:00:00,27.53,27.58,27.46,27.48,20839.47,-1e-06,50,0.0,0.0,unknown,,981.769968,0.0,0.0,,,981.769968,0.0,981.769968,,unknown,0.0,{},,137.0,,,,,,,981.769968,0.0,0.0,0.0,981.769968,0.0,0.0,0.0,,,,,,
2024-09-26 05:00:00,27.48,27.81,27.45,27.75,44377.05,-1e-06,50,0.0,0.0,unknown,,981.769968,0.0,0.0,,,981.769968,0.0,981.769968,,unknown,0.0,{},,138.0,,,,,,,981.769968,0.0,0.0,0.0,981.769968,0.0,0.0,0.0,,,,,,
2024-09-26 06:00:00,27.75,28.01,27.75,27.93,90540.86,-1e-06,50,0.0,0.0,unknown,,981.769968,0.0,0.0,,,981.769968,0.0,981.769968,,unknown,0.0,{},,139.0,,,,,,,981.769968,0.0,0.0,0.0,981.769968,0.0,0.0,0.0,,,,,,
2024-09-26 07:00:00,27.93,28.02,27.79,28.0,78328.71,-1e-06,50,0.0,0.0,unknown,,981.769968,0.0,0.0,,,981.769968,0.0,981.769968,,unknown,0.0,{},,140.0,,,,,,,981.769968,0.0,0.0,0.0,981.769968,0.0,0.0,0.0,,,,,,
2024-09-26 08:00:00,28.01,28.23,27.75,27.8,130779.98,0.0001,50,0.0,0.0,unknown,,981.769968,0.0,0.0,,,981.769968,0.0,981.769968,,unknown,0.0,{},,141.0,,,,,,,981.769968,0.0,0.0,0.0,981.769968,0.0,0.0,0.0,,,,,,
2024-09-26 09:00:00,27.79,27.98,27.74,27.83,56701.99,0.0001,50,0.0,0.0,unknown,,981.769968,0.0,0.0,,,981.769968,0.0,981.769968,,unknown,0.0,{},,142.0,,,,,,,981.769968,0.0,0.0,0.0,981.769968,0.0,0.0,0.0,,,,,,
2024-09-26 10:00:00,27.82,28.2,27.81,28.12,92612.4,0.0001,50,0.0,0.0,unknown,,981.769968,0.0,0.0,,,981.769968,0.0,981.769968,,unknown,0.0,{},,143.0,,,,,,,981.769968,0.0,0.0,0.0,981.769968,0.0,0.0,0.0,,,,,,
2024-09-26 11:00:00,28.12,28.24,28.04,28.24,96552.84,0.0001,50,0.0,0.0,unknown,,981.769968,0.0,0.0,,,981.769968,0.0,981.769968,,unknown,0.0,{},,144.0,,,,,,,981.769968,0.0,0.0,0.0,981.769968,0.0,0.0,0.0,,,,,,
2024-09-26 12:00:00,28.24,28.55,28.24,28.43,246659.25,0.0001,50,0.0,0.0,unknown,,981.769968,0.0,0.0,,,981.769968,0.0,981.769968,,unknown,0.0,{},,145.0,,,,,,,981.769968,0.0,0.0,0.0,981.769968,0.0,0.0,0.0,,,,,,
2024-09-26 13:00:00,28.44,28.84,28.38,28.54,300170.04,0.0001,50,0.0,0.0,unknown,,981.769968,0.0,0.0,,,981.769968,0.0,981.769968,,unknown,0.0,{},,146.0,,,,,,,981.769968,0.0,0.0,0.0,981.769968,0.0,0.0,0.0,,,,,,
2024-09-26 14:00:00,28.55,29.07,28.55,28.65,428549.59,0.0001,50,0.0,0.0,unknown,,981.769968,0.0,0.0,,,981.769968,0.0,981.769968,,unknown,0.0,{},,147.0,,,,,,,981.769968,0.0,0.0,0.0,981.769968,0.0,0.0,0.0,,,,,,
2024-09-26 15:00:00,28.64,29.33,28.61,29.18,298593.55,0.0001,50,0.0,0.0,unknown,,981.769968,0.0,0.0,,,981.769968,0.0,981.769968,,unknown,0.0,{},,148.0,,,,,,,981.769968,0.0,0.0,0.0,981.769968,0.0,0.0,0.0,,,,,,
2024-09-26 16:00:00,29.19,29.42,29.12,29.19,166782.48,0.0001,50,0.0,0.0,unknown,,981.769968,0.0,0.0,,,981.769968,0.0,981.769968,,unknown,0.0,{},,149.0,,,,,,,981.769968,0.0,0.0,0.0,981.769968,0.0,0.0,0.0,,,,,,
2024-09-26 17:00:00,29.19,29.4,28.85,28.86,189719.1,0.0001,50,0.0,0.0,unknown,,981.769968,0.0,0.0,,,981.769968,0.0,981.769968,,unknown,0.0,{},,150.0,,,,,,,981.769968,0.0,0.0,0.0,981.769968,0.0,0.0,0.0,,,,,,
2024-09-26 18:00:00,28.86,29.11,28.85,29.11,51970.61,0.0001,50,0.0,0.0,unknown,,981.769968,0.0,0.0,,,981.769968,0.0,981.769968,,unknown,0.0,{},,151.0,,,,,,,981.769968,0.0,0.0,0.0,981.769968,0.0,0.0,0.0,,,,,,
2024-09-26 19:00:00,29.11,29.12,28.92,28.92,49559.83,0.0001,50,0.0,0.0,unknown,,981.769968,0.0,0.0,,,981.769968,0.0,981.769968,,unknown,0.0,{},,152.0,,,,,,,981.769968,0.0,0.0,0.0,981.769968,0.0,0.0,0.0,,,,,,
2024-09-26 20:00:00,28.92,29.08,28.79,28.8,78002.52,0.0001,50,0.0,0.0,unknown,,981.769968,0.0,0.0,,,981.769968,0.0,981.769968,,unknown,0.0,{},,153.0,,,,,,,981.769968,0.0,0.0,0.0,981.769968,0.0,0.0,0.0,,,,,,
2024-09-26 21:00:00,28.8,29.2,28.77,29.12,76994.0,0.0001,50,0.0,0.0,unknown,,981.769968,0.0,0.0,,,981.769968,0.0,981.769968,,unknown,0.0,{},,154.0,,,,,,,981.769968,0.0,0.0,0.0,981.769968,0.0,0.0,0.0,,,,,,
2024-09-26 22:00:00,29.13,29.32,29.09,29.18,65126.63,0.0001,50,0.0,0.0,unknown,,981.769968,0.0,0.0,,,981.769968,0.0,981.769968,,unknown,0.0,{},,155.0,,,,,,,981.769968,0.0,0.0,0.0,981.769968,0.0,0.0,0.0,,,,,,
2024-09-26 23:00:00,29.17,29.2,28.89,29.16,62549.6,0.0001,50,0.0,0.0,unknown,,981.769968,0.0,0.0,,,981.769968,0.0,981.769968,,unknown,0.0,{},,156.0,,,,,,,981.769968,0.0,0.0,0.0,981.769968,0.0,0.0,0.0,,,,,,
2024-09-27 00:00:00,29.15,29.3,29.08,29.24,70050.27,0.0001,61,0.0,0.0,unknown,,981.769968,0.0,0.0,,,981.769968,0.0,981.769968,,unknown,0.0,{},,157.0,,,,,,,981.769968,0.0,0.0,0.0,981.769968,0.0,0.0,0.0,,,,,,
2024-09-27 01:00:00,29.24,29.31,28.93,29.12,72885.67,0.0001,61,0.0,0.0,unknown,,981.769968,0.0,0.0,,,981.769968,0.0,981.769968,,unknown,0.0,{},,158.0,,,,,,,981.769968,0.0,0.0,0.0,981.769968,0.0,0.0,0.0,,,,,,
2024-09-27 02:00:00,29.12,29.22,28.95,29.04,50750.82,0.0001,61,0.0,0.0,unknown,,981.769968,0.0,0.0,,,981.769968,0.0,981.769968,,unknown,0.0,{},,159.0,,,,,,,981.769968,0.0,0.0,0.0,981.769968,0.0,0.0,0.0,,,,,,
2024-09-27 03:00:00,29.04,29.43,28.97,29.42,84733.99,0.0001,61,0.0,0.0,unknown,,981.769968,0.0,0.0,,,981.769968,0.0,981.769968,,unknown,0.0,{},,160.0,,,,,,,981.769968,0.0,0.0,0.0,981.769968,0.0,0.0,0.0,,,,,,
2024-09-27 04:00:00,29.42,29.52,29.28,29.43,98881.17,0.0001,61,0.0,0.0,unknown,,981.769968,0.0,0.0,,,981.769968,0.0,981.769968,,unknown,0.0,{},,161.0,,,,,,,981.769968,0.0,0.0,0.0,981.769968,0.0,0.0,0.0,,,,,,
2024-09-27 05:00:00,29.42,29.54,29.29,29.52,69348.76,0.0001,61,0.0,0.0,unknown,,981.769968,0.0,0.0,,,981.769968,0.0,981.769968,,unknown,0.0,{},,162.0,,,,,,,981.769968,0.0,0.0,0.0,981.769968,0.0,0.0,0.0,,,,,,
2024-09-27 06:00:00,29.52,29.75,29.5,29.58,112415.68,0.0001,61,0.0,0.0,unknown,,981.769968,0.0,0.0,,,981.769968,0.0,981.769968,,unknown,0.0,{},,163.0,,,,,,,981.769968,0.0,0.0,0.0,981.769968,0.0,0.0,0.0,,,,,,
2024-09-27 07:00:00,29.58,29.69,29.46,29.64,57809.58,0.0001,61,0.0,0.0,unknown,,981.769968,0.0,0.0,,,981.769968,0.0,981.769968,,unknown,0.0,{},,164.0,,,,,,,981.769968,0.0,0.0,0.0,981.769968,0.0,0.0,0.0,,,,,,
2024-09-27 08:00:00,29.63,29.91,29.62,29.83,97595.41,0.0001,61,0.0,0.0,unknown,,981.769968,0.0,0.0,,,981.769968,0.0,981.769968,,unknown,0.0,{},,165.0,,,,,,,981.769968,0.0,0.0,0.0,981.769968,0.0,0.0,0.0,,,,,,
2024-09-27 09:00:00,29.83,30.1,29.78,29.89,135984.16,0.0001,61,0.0,0.0,unknown,,981.769968,0.0,0.0,,,981.769968,0.0,981.769968,,unknown,0.0,{},,166.0,,,,,,,981.769968,0.0,0.0,0.0,981.769968,0.0,0.0,0.0,,,,,,
2024-09-27 10:00:00,29.89,29.96,29.6,29.61,78816.85,0.0001,61,0.0,0.0,unknown,,981.769968,0.0,0.0,,,981.769968,0.0,981.769968,,unknown,0.0,{},,167.0,,,,,,,981.769968,0.0,0.0,0.0,981.769968,0.0,0.0,0.0,,,,,,
2024-09-27 11:00:00,29.61,29.97,29.6,29.88,78446.15,0.0001,61,0.0,0.0,unknown,,981.769968,0.0,0.0,,,981.769968,0.0,981.769968,,unknown,0.0,{},,168.0,,,,,,,981.769968,0.0,0.0,0.0,981.769968,0.0,0.0,0.0,,,,,,
2024-09-27 12:00:00,29.87,30.18,29.72,30.12,105983.2,0.0001,61,0.0,0.0,unknown,,981.769968,0.0,0.0,,,981.769968,0.0,981.769968,,unknown,0.0,{},,169.0,,,,,,,981.769968,0.0,0.0,0.0,981.769968,0.0,0.0,0.0,,,,,,
2024-09-27 13:00:00,30.13,30.16,29.85,30.14,117985.58,0.0001,61,0.0,0.0,unknown,,981.769968,0.0,0.0,,,981.769968,0.0,981.769968,,unknown,0.0,{},,170.0,,,,,,,981.769968,0.0,0.0,0.0,981.769968,0.0,0.0,0.0,,,,,,
2024-09-27 14:00:00,30.15,30.85,30.04,30.7,254096.32,0.0001,61,0.0,0.0,unknown,,981.769968,0.0,0.0,,,981.769968,0.0,981.769968,,unknown,0.0,{},,171.0,,,,,,,981.769968,0.0,0.0,0.0,981.769968,0.0,0.0,0.0,,,,,,
2024-09-27 15:00:00,30.69,30.7,30.11,30.16,222191.22,0.0001,61,0.0,0.0,unknown,,981.769968,0.0,0.0,,,981.769968,0.0,981.769968,,unknown,0.0,{},,172.0,,,,,,,981.769968,0.0,0.0,0.0,981.769968,0.0,0.0,0.0,,,,,,
2024-09-27 16:00:00,30.16,30.56,30.04,30.55,147014.24,0.0001,61,0.0,0.0,unknown,,981.769968,0.0,0.0,,,981.769968,0.0,981.769968,,unknown,0.0,{},,173.0,,,,,,,981.769968,0.0,0.0,0.0,981.769968,0.0,0.0,0.0,,,,,,
2024-09-27 17:00:00,30.55,30.6,30.15,30.44,94454.82,0.0001,61,0.0,0.0,unknown,,981.769968,0.0,0.0,,,981.769968,0.0,981.769968,,unknown,0.0,{},,174.0,,,,,,,981.769968,0.0,0.0,0.0,981.769968,0.0,0.0,0.0,,,,,,
2024-09-27 18:00:00,30.44,30.46,30.13,30.26,59299.08,0.0001,61,0.0,0.0,unknown,,981.769968,0.0,0.0,,,981.769968,0.0,981.769968,,unknown,0.0,{},,175.0,,,,,,,981.769968,0.0,0.0,0.0,981.769968,0.0,0.0,0.0,,,,,,
2024-09-27 19:00:00,30.26,30.3,30.03,30.21,55620.1,0.0001,61,0.0,0.0,unknown,,981.769968,0.0,0.0,,,981.769968,0.0,981.769968,,unknown,0.0,{},,176.0,,,,,,,981.769968,0.0,0.0,0.0,981.769968,0.0,0.0,0.0,,,,,,
2024-09-27 20:00:00,30.2,30.31,30.03,30.28,49229.73,0.0001,61,0.0,0.0,unknown,,981.769968,0.0,0.0,,,981.769968,0.0,981.769968,,unknown,0.0,{},,177.0,,,,,,,981.769968,0.0,0.0,0.0,981.769968,0.0,0.0,0.0,,,,,,
2024-09-27 21:00:00,30.28,30.4,30.25,30.3,29465.83,0.0001,61,0.0,0.0,unknown,,981.769968,0.0,0.0,,,981.769968,0.0,981.769968,,unknown,0.0,{},,178.0,,,,,,,981.769968,0.0,0.0,0.0,981.769968,0.0,0.0,0.0,,,,,,
2024-09-27 22:00:00,30.31,30.57,30.22,30.4,48031.5,0.0001,61,0.0,0.0,unknown,,981.769968,0.0,0.0,,,981.769968,0.0,981.769968,,unknown,0.0,{},,179.0,,,,,,,981.769968,0.0,0.0,0.0,981.769968,0.0,0.0,0.0,,,,,,
2024-09-27 23:00:00,30.39,30.48,30.32,30.43,25748.01,0.0001,61,0.0,0.0,unknown,,981.769968,0.0,0.0,,,981.769968,0.0,981.769968,,unknown,0.0,{},,180.0,,,,,,,981.769968,0.0,0.0,0.0,981.769968,0.0,0.0,0.0,,,,,,
2024-09-28 00:00:00,30.44,30.76,30.41,30.6,57096.98,0.0001,64,0.0,0.0,unknown,,981.769968,0.0,0.0,,,981.769968,0.0,981.769968,,unknown,0.0,{},,181.0,,,,,,,981.769968,0.0,0.0,0.0,981.769968,0.0,0.0,0.0,,,,,,
2024-09-28 01:00:00,30.59,30.74,30.44,30.69,73622.35,0.0001,64,0.0,0.0,unknown,,981.769968,0.0,0.0,,,981.769968,0.0,981.769968,,unknown,0.0,{},,182.0,,,,,,,981.769968,0.0,0.0,0.0,981.769968,0.0,0.0,0.0,,,,,,
2024-09-28 02:00:00,30.69,30.72,30.49,30.49,58197.79,0.0001,64,0.0,0.0,unknown,,981.769968,0.0,0.0,,,981.769968,0.0,981.769968,,unknown,0.0,{},,183.0,,,,,,,981.769968,0.0,0.0,0.0,981.769968,0.0,0.0,0.0,,,,,,
2024-09-28 03:00:00,30.49,30.5,30.14,30.19,73915.9,0.0001,64,0.0,0.0,unknown,,981.769968,0.0,0.0,,,981.769968,0.0,981.769968,,unknown,0.0,{},,184.0,,,,,,,981.769968,0.0,0.0,0.0,981.769968,0.0,0.0,0.0,,,,,,
2024-09-28 04:00:00,30.2,30.23,30.09,30.11,26713.73,0.0001,64,0.0,0.0,unknown,,981.769968,0.0,0.0,,,981.769968,0.0,981.769968,,unknown,0.0,{},,185.0,,,,,,,981.769968,0.0,0.0,0.0,981.769968,0.0,0.0,0.0,,,,,,
2024-09-28 05:00:00,30.11,30.12,29.85,29.85,74337.95,0.0001,64,0.0,0.0,unknown,,981.769968,0.0,0.0,,,981.769968,0.0,981.769968,,unknown,0.0,{},,186.0,,,,,,,981.769968,0.0,0.0,0.0,981.769968,0.0,0.0,0.0,,,,,,
2024-09-28 06:00:00,29.85,29.88,29.38,29.52,153683.62,0.0001,64,0.0,0.0,unknown,,981.769968,0.0,0.0,,,981.769968,0.0,981.769968,,unknown,0.0,{},,187.0,,,,,,,981.769968,0.0,0.0,0.0,981.769968,0.0,0.0,0.0,,,,,,
2024-09-28 07:00:00,29.51,29.58,29.4,29.46,44298.8,0.0001,64,0.0,0.0,unknown,,981.769968,0.0,0.0,,,981.769968,0.0,981.769968,,unknown,0.0,{},,188.0,,,,,,,981.769968,0.0,0.0,0.0,981.769968,0.0,0.0,0.0,,,,,,
2024-09-28 08:00:00,29.47,29.48,29.21,29.24,68858.87,0.0001,64,0.0,0.0,unknown,,981.769968,0.0,0.0,,,981.769968,0.0,981.769968,,unknown,0.0,{},,189.0,,,,,,,981.769968,0.0,0.0,0.0,981.769968,0.0,0.0,0.0,,,,,,
2024-09-28 09:00:00,29.24,29.45,29.03,29.4,99811.4,0.0001,64,0.0,0.0,unknown,,981.769968,0.0,0.0,,,981.769968,0.0,981.769968,,unknown,0.0,{},,190.0,,,,,,,981.769968,0.0,0.0,0.0,981.769968,0.0,0.0,0.0,,,,,,
2024-09-28 10:00:00,29.4,29.72,29.33,29.64,53358.74,0.0001,64,0.0,0.0,unknown,,981.769968,0.0,0.0,,,981.769968,0.0,981.769968,,unknown,0.0,{},,191.0,,,,,,,981.769968,0.0,0.0,0.0,981.769968,0.0,0.0,0.0,,,,,,
2024-09-28 11:00:00,29.62,29.62,29.43,29.51,32491.55,0.0001,64,0.0,0.0,unknown,,981.769968,0.0,0.0,,,981.769968,0.0,981.769968,,unknown,0.0,{},,192.0,,,,,,,981.769968,0.0,0.0,0.0,981.769968,0.0,0.0,0.0,,,,,,
2024-09-28 12:00:00,29.5,29.5,29.23,29.3,54527.86,0.0001,64,0.0,0.0,unknown,,981.769968,0.0,0.0,,,981.769968,0.0,981.769968,,unknown,0.0,{},,193.0,,,,,,,981.769968,0.0,0.0,0.0,981.769968,0.0,0.0,0.0,,,,,,
2024-09-28 13:00:00,29.31,29.35,29.12,29.29,44023.46,0.0001,64,0.0,0.0,unknown,,981.769968,0.0,0.0,,,981.769968,0.0,981.769968,,unknown,0.0,{},,194.0,,,,,,,981.769968,0.0,0.0,0.0,981.769968,0.0,0.0,0.0,,,,,,
2024-09-28 14:00:00,29.3,29.63,29.29,29.61,48244.31,0.0001,64,0.0,0.0,unknown,,981.769968,0.0,0.0,,,981.769968,0.0,981.769968,,unknown,0.0,{},,195.0,,,,,,,981.769968,0.0,0.0,0.0,981.769968,0.0,0.0,0.0,,,,,,
2024-09-28 15:00:00,29.62,29.65,29.4,29.47,41566.51,0.0001,64,0.0,0.0,unknown,,981.769968,0.0,0.0,,,981.769968,0.0,981.769968,,unknown,0.0,{},,196.0,,,,,,,981.769968,0.0,0.0,0.0,981.769968,0.0,0.0,0.0,,,,,,
2024-09-28 16:00:00,29.47,29.47,29.18,29.23,51029.13,0.0001,64,0.0,0.0,unknown,,981.769968,0.0,0.0,,,981.769968,0.0,981.769968,,unknown,0.0,{},,197.0,,,,,,,981.769968,0.0,0.0,0.0,981.769968,0.0,0.0,0.0,,,,,,
2024-09-28 17:00:00,29.23,29.44,29.22,29.37,25027.03,0.0001,64,0.0,0.0,unknown,,981.769968,0.0,0.0,,,981.769968,0.0,981.769968,,unknown,0.0,{},,198.0,,,,,,,981.769968,0.0,0.0,0.0,981.769968,0.0,0.0,0.0,,,,,,
2024-09-28 18:00:00,29.37,29.49,29.31,29.37,24809.81,0.0001,64,0.0,0.0,unknown,,981.769968,0.0,0.0,,,981.769968,0.0,981.769968,,unknown,0.0,{},,199.0,,,,,,,981.769968,0.0,0.0,0.0,981.769968,0.0,0.0,0.0,,,,,,
2024-09-28 19:00:00,29.37,29.47,29.36,29.37,17446.94,0.0001,64,0.0,0.0,unknown,,981.769968,0.0,0.0,,,981.769968,0.0,981.769968,,unknown,0.0,{},,200.0,,,,,,,981.769968,0.0,0.0,0.0,981.769968,0.0,0.0,0.0,,,,,,
2024-09-28 20:00:00,29.37,29.42,29.3,29.3,17185.13,0.0001,64,0.0,0.0,unknown,,981.769968,0.0,0.0,,,981.769968,0.0,981.769968,,unknown,0.0,{},,201.0,,,,,,,981.769968,0.0,0.0,0.0,981.769968,0.0,0.0,0.0,,,,,,
2024-09-28 21:00:00,29.31,29.34,29.11,29.33,73339.66,0.0001,64,0.0,0.0,unknown,,981.769968,0.0,0.0,,,981.769968,0.0,981.769968,,unknown,0.0,{},,202.0,,,,,,,981.769968,0.0,0.0,0.0,981.769968,0.0,0.0,0.0,,,,,,
2024-09-28 22:00:00,29.32,29.36,29.21,29.26,24127.49,0.0001,64,0.0,0.0,unknown,,981.769968,0.0,0.0,,,981.769968,0.0,981.769968,,unknown,0.0,{},,203.0,,,,,,,981.769968,0.0,0.0,0.0,981.769968,0.0,0.0,0.0,,,,,,
2024-09-28 23:00:00,29.26,29.36,29.14,29.28,27397.66,0.0001,64,0.0,0.0,unknown,,981.769968,0.0,0.0,,,981.769968,0.0,981.769968,,unknown,0.0,{},,204.0,,,,,,,981.769968,0.0,0.0,0.0,981.769968,0.0,0.0,0.0,,,,,,
2024-09-29 00:00:00,29.29,29.47,29.12,29.16,40154.72,0.0001,63,0.0,0.0,unknown,,981.769968,0.0,0.0,,,981.769968,0.0,981.769968,,unknown,0.0,{},,205.0,,,,,,,981.769968,0.0,0.0,0.0,981.769968,0.0,0.0,0.0,,,,,,
2024-09-29 01:00:00,29.16,29.25,29.08,29.23,32353.94,8.4e-05,63,0.0,0.0,unknown,,981.769968,0.0,0.0,,,981.769968,0.0,981.769968,,unknown,0.0,{},,206.0,,,,,,,981.769968,0.0,0.0,0.0,981.769968,0.0,0.0,0.0,,,,,,
2024-09-29 02:00:00,29.23,29.35,29.14,29.19,28467.56,8.4e-05,63,0.0,0.0,unknown,,981.769968,0.0,0.0,,,981.769968,0.0,981.769968,,unknown,0.0,{},,207.0,,,,,,,981.769968,0.0,0.0,0.0,981.769968,0.0,0.0,0.0,,,,,,
2024-09-29 03:00:00,29.18,29.2,29.04,29.13,22173.36,8.4e-05,63,0.0,0.0,unknown,,981.769968,0.0,0.0,,,981.769968,0.0,981.769968,,unknown,0.0,{},,208.0,,,,,,,981.769968,0.0,0.0,0.0,981.769968,0.0,0.0,0.0,,,,,,
2024-09-29 04:00:00,29.12,29.12,28.95,29.06,47783.09,8.4e-05,63,0.0,0.0,unknown,,981.769968,0.0,0.0,,,981.769968,0.0,981.769968,,unknown,0.0,{},,209.0,,,,,,,981.769968,0.0,0.0,0.0,981.769968,0.0,0.0,0.0,,,,,,
2024-09-29 05:00:00,29.06,29.18,28.95,28.99,26846.54,8.4e-05,63,0.0,0.0,unknown,,981.769968,0.0,0.0,,,981.769968,0.0,981.769968,,unknown,0.0,{},,210.0,,,,,,,981.769968,0.0,0.0,0.0,981.769968,0.0,0.0,0.0,,,,,,
2024-09-29 06:00:00,29.0,29.02,28.7,28.78,68946.39,8.4e-05,63,0.0,0.0,unknown,,981.769968,0.0,0.0,,,981.769968,0.0,981.769968,,unknown,0.0,{},,211.0,,,,,,,981.769968,0.0,0.0,0.0,981.769968,0.0,0.0,0.0,,,,,,
2024-09-29 07:00:00,28.78,28.86,28.56,28.62,71203.02,8.4e-05,63,0.0,0.0,unknown,,981.769968,0.0,0.0,,,981.769968,0.0,981.769968,,unknown,0.0,{},,212.0,,,,,,,981.769968,0.0,0.0,0.0,981.769968,0.0,0.0,0.0,,,,,,
2024-09-29 08:00:00,28.62,28.73,28.53,28.62,81589.26,0.0001,63,0.0,0.0,unknown,,981.769968,0.0,0.0,,,981.769968,0.0,981.769968,,unknown,0.0,{},,213.0,,,,,,,981.769968,0.0,0.0,0.0,981.769968,0.0,0.0,0.0,,,,,,
2024-09-29 09:00:00,28.62,28.84,28.6,28.7,37292.79,0.0001,63,0.0,0.0,unknown,,981.769968,0.0,0.0,,,981.769968,0.0,981.769968,,unknown,0.0,{},,214.0,,,,,,,981.769968,0.0,0.0,0.0,981.769968,0.0,0.0,0.0,,,,,,
2024-09-29 10:00:00,28.7,28.73,28.56,28.61,31113.1,0.0001,63,0.0,0.0,unknown,,981.769968,0.0,0.0,,,981.769968,0.0,981.769968,,unknown,0.0,{},,215.0,,,,,,,981.769968,0.0,0.0,0.0,981.769968,0.0,0.0,0.0,,,,,,
2024-09-29 11:00:00,28.6,28.73,28.59,28.69,29582.8,0.0001,63,0.0,0.0,unknown,,981.769968,0.0,0.0,,,981.769968,0.0,981.769968,,unknown,0.0,{},,216.0,,,,,,,981.769968,0.0,0.0,0.0,981.769968,0.0,0.0,0.0,,,,,,
2024-09-29 12:00:00,28.68,28.72,28.34,28.36,80970.52,0.0001,63,0.0,0.0,unknown,,981.769968,0.0,0.0,,,981.769968,0.0,981.769968,,unknown,0.0,{},,217.0,,,,,,,981.769968,0.0,0.0,0.0,981.769968,0.0,0.0,0.0,,,,,,
2024-09-29 13:00:00,28.37,28.71,28.24,28.67,75525.4,0.0001,63,0.0,0.0,unknown,,981.769968,0.0,0.0,,,981.769968,0.0,981.769968,,unknown,0.0,{},,218.0,,,,,,,981.769968,0.0,0.0,0.0,981.769968,0.0,0.0,0.0,,,,,,
2024-09-29 14:00:00,28.67,28.68,28.49,28.53,51177.54,0.0001,63,0.0,0.0,unknown,,981.769968,0.0,0.0,,,981.769968,0.0,981.769968,,unknown,0.0,{},,219.0,,,,,,,981.769968,0.0,0.0,0.0,981.769968,0.0,0.0,0.0,,,,,,
2024-09-29 15:00:00,28.53,28.87,28.46,28.84,72621.54,0.0001,63,0.0,0.0,unknown,,981.769968,0.0,0.0,,,981.769968,0.0,981.769968,,unknown,0.0,{},,220.0,,,,,,,981.769968,0.0,0.0,0.0,981.769968,0.0,0.0,0.0,,,,,,
2024-09-29 16:00:00,28.84,28.96,28.63,28.92,62641.26,-6.8e-05,63,0.0,0.0,unknown,,981.769968,0.0,0.0,,,981.769968,0.0,981.769968,,unknown,0.0,{},,221.0,,,,,,,981.769968,0.0,0.0,0.0,981.769968,0.0,0.0,0.0,,,,,,
2024-09-29 17:00:00,28.91,29.19,28.9,29.03,80825.82,-6.8e-05,63,0.0,0.0,unknown,,981.769968,0.0,0.0,,,981.769968,0.0,981.769968,,unknown,0.0,{},,222.0,,,,,,,981.769968,0.0,0.0,0.0,981.769968,0.0,0.0,0.0,,,,,,
2024-09-29 18:00:00,29.03,29.1,28.94,28.98,47471.28,-6.8e-05,63,0.0,0.0,unknown,,981.769968,0.0,0.0,,,981.769968,0.0,981.769968,,unknown,0.0,{},,223.0,,,,,,,981.769968,0.0,0.0,0.0,981.769968,0.0,0.0,0.0,,,,,,
2024-09-29 19:00:00,28.98,29.27,28.97,29.27,40819.94,-6.8e-05,63,0.0,0.0,unknown,,981.769968,0.0,0.0,,,981.769968,0.0,981.769968,,unknown,0.0,{},,224.0,,,,,,,981.769968,0.0,0.0,0.0,981.769968,0.0,0.0,0.0,,,,,,
2024-09-29 20:00:00,29.27,29.38,29.04,29.15,77882.34,-6.8e-05,63,0.0,0.0,unknown,,981.769968,0.0,0.0,,,981.769968,0.0,981.769968,,unknown,0.0,{},,225.0,,,,,,,981.769968,0.0,0.0,0.0,981.769968,0.0,0.0,0.0,,,,,,
2024-09-29 21:00:00,29.15,29.44,29.12,29.23,84586.51,-6.8e-05,63,0.0,0.0,unknown,,981.769968,0.0,0.0,,,981.769968,0.0,981.769968,,unknown,0.0,{},,226.0,,,,,,,981.769968,0.0,0.0,0.0,981.769968,0.0,0.0,0.0,,,,,,
2024-09-29 22:00:00,29.23,29.3,29.04,29.08,65728.89,-6.8e-05,63,0.0,0.0,unknown,,981.769968,0.0,0.0,,,981.769968,0.0,981.769968,,unknown,0.0,{},,227.0,,,,,,,981.769968,0.0,0.0,0.0,981.769968,0.0,0.0,0.0,,,,,,
2024-09-29 23:00:00,29.08,29.14,28.9,29.04,51817.89,-6.8e-05,63,0.0,0.0,unknown,,981.769968,0.0,0.0,,,981.769968,0.0,981.769968,,unknown,0.0,{},,228.0,,,,,,,981.769968,0.0,0.0,0.0,981.769968,0.0,0.0,0.0,,,,,,
2024-09-30 00:00:00,29.04,29.12,28.55,28.94,105780.79,-6.8e-05,61,0.0,0.0,unknown,,981.769968,0.0,0.0,,,981.769968,0.0,981.769968,,unknown,0.0,{},,229.0,,,,,,,981.769968,0.0,0.0,0.0,981.769968,0.0,0.0,0.0,,,,,,
2024-09-30 01:00:00,28.94,29.02,28.38,28.41,99045.33,-6.8e-05,61,0.0,0.0,unknown,,981.769968,0.0,0.0,,,981.769968,0.0,981.769968,,unknown,0.0,{},,230.0,,,,,,,981.769968,0.0,0.0,0.0,981.769968,0.0,0.0,0.0,,,,,,
2024-09-30 02:00:00,28.41,28.48,28.26,28.3,110583.09,-6.8e-05,61,0.0,0.0,unknown,,981.769968,0.0,0.0,,,981.769968,0.0,981.769968,,unknown,0.0,{},,231.0,,,,,,,981.769968,0.0,0.0,0.0,981.769968,0.0,0.0,0.0,,,,,,
2024-09-30 03:00:00,28.3,28.6,28.14,28.59,110607.73,-6.8e-05,61,0.0,0.0,unknown,,981.769968,0.0,0.0,,,981.769968,0.0,981.769968,,unknown,0.0,{},,232.0,,,,,,,981.769968,0.0,0.0,0.0,981.769968,0.0,0.0,0.0,,,,,,
2024-09-30 04:00:00,28.6,28.6,28.34,28.49,42970.21,-6.8e-05,61,0.0,0.0,unknown,,981.769968,0.0,0.0,,,981.769968,0.0,981.769968,,unknown,0.0,{},,233.0,,,,,,,981.769968,0.0,0.0,0.0,981.769968,0.0,0.0,0.0,,,,,,
2024-09-30 05:00:00,28.48,28.74,28.4,28.72,41745.62,-6.8e-05,61,0.0,0.0,unknown,,981.769968,0.0,0.0,,,981.769968,0.0,981.769968,,unknown,0.0,{},,234.0,,,,,,,981.769968,0.0,0.0,0.0,981.769968,0.0,0.0,0.0,,,,,,
2024-09-30 06:00:00,28.72,28.85,28.51,28.52,65158.44,-6.8e-05,61,0.0,0.0,unknown,,981.769968,0.0,0.0,,,981.769968,0.0,981.769968,,unknown,0.0,{},,235.0,,,,,,,981.769968,0.0,0.0,0.0,981.769968,0.0,0.0,0.0,,,,,,
2024-09-30 07:00:00,28.51,28.99,28.5,28.97,58049.79,-6.8e-05,61,0.0,0.0,unknown,,981.769968,0.0,0.0,,,981.769968,0.0,981.769968,,unknown,0.0,{},,236.0,,,,,,,981.769968,0.0,0.0,0.0,981.769968,0.0,0.0,0.0,,,,,,
2024-09-30 08:00:00,28.96,29.01,28.59,28.86,91143.81,-6.8e-05,61,0.0,0.0,unknown,,981.769968,0.0,0.0,,,981.769968,0.0,981.769968,,unknown,0.0,{},,237.0,,,,,,,981.769968,0.0,0.0,0.0,981.769968,0.0,0.0,0.0,,,,,,
2024-09-30 09:00:00,28.86,28.88,28.23,28.24,113580.21,5.9e-05,61,0.0,0.0,unknown,,981.769968,0.0,0.0,,,981.769968,0.0,981.769968,,unknown,0.0,{},,238.0,,,,,,,981.769968,0.0,0.0,0.0,981.769968,0.0,0.0,0.0,,,,,,
2024-09-30 10:00:00,28.23,28.32,27.96,28.15,160316.08,5.9e-05,61,0.0,0.0,unknown,,981.769968,0.0,0.0,,,981.769968,0.0,981.769968,,unknown,0.0,{},,239.0,,,,,,,981.769968,0.0,0.0,0.0,981.769968,0.0,0.0,0.0,,,,,,
2024-09-30 11:00:00,28.15,28.33,28.01,28.33,74297.23,5.9e-05,61,0.0,0.0,unknown,,981.769968,0.0,0.0,,,981.769968,0.0,981.769968,,unknown,0.0,{},,240.0,,,,,,,981.769968,0.0,0.0,0.0,981.769968,0.0,0.0,0.0,,,,,,
2024-09-30 12:00:00,28.33,28.57,28.25,28.49,64789.55,5.9e-05,61,0.0,0.0,unknown,,981.769968,0.0,0.0,,,981.769968,0.0,981.769968,,unknown,0.0,{},,241.0,,,,,,,981.769968,0.0,0.0,0.0,981.769968,0.0,0.0,0.0,,,,,,
2024-09-30 13:00:00,28.49,28.59,28.3,28.32,83345.75,5.9e-05,61,0.0,0.0,unknown,,981.769968,0.0,0.0,,,981.769968,0.0,981.769968,,unknown,0.0,{},,242.0,,,,,,,981.769968,0.0,0.0,0.0,981.769968,0.0,0.0,0.0,,,,,,
2024-09-30 14:00:00,28.31,28.4,28.04,28.16,181297.84,5.9e-05,61,0.0,0.0,unknown,,981.769968,0.0,0.0,,,981.769968,0.0,981.769968,,unknown,0.0,{},,243.0,,,,,,,981.769968,0.0,0.0,0.0,981.769968,0.0,0.0,0.0,,,,,,
2024-09-30 15:00:00,28.16,28.4,27.94,27.96,76975.34,5.9e-05,61,0.0,0.0,unknown,,981.769968,0.0,0.0,,,981.769968,0.0,981.769968,,unknown,0.0,{},,244.0,,,,,,,981.769968,0.0,0.0,0.0,981.769968,0.0,0.0,0.0,,,,,,
2024-09-30 16:00:00,27.95,28.3,27.94,28.21,70832.73,4.1e-05,61,0.0,0.0,unknown,,981.769968,0.0,0.0,,,981.769968,0.0,981.769968,,unknown,0.0,{},,245.0,,,,,,,981.769968,0.0,0.0,0.0,981.769968,0.0,0.0,0.0,,,,,,
2024-09-30 17:00:00,28.21,28.29,28.06,28.23,44884.89,4.1e-05,61,0.0,0.0,unknown,,981.769968,0.0,0.0,,,981.769968,0.0,981.769968,,unknown,0.0,{},,246.0,,,,,,,981.769968,0.0,0.0,0.0,981.769968,0.0,0.0,0.0,,,,,,
2024-09-30 18:00:00,28.24,28.28,27.96,28.17,67275.77,4.1e-05,61,0.0,0.0,unknown,,981.769968,0.0,0.0,,,981.769968,0.0,981.769968,,unknown,0.0,{},,247.0,,,,,,,981.769968,0.0,0.0,0.0,981.769968,0.0,0.0,0.0,,,,,,
2024-09-30 19:00:00,28.16,28.23,27.93,27.95,116980.26,4.1e-05,61,0.0,0.0,unknown,,981.769968,0.0,0.0,,,981.769968,0.0,981.769968,,unknown,0.0,{},,248.0,,,,,,,981.769968,0.0,0.0,0.0,981.769968,0.0,0.0,0.0,,,,,,
2024-09-30 20:00:00,27.94,28.37,27.93,28.27,115680.57,4.1e-05,61,0.0,0.0,unknown,,981.769968,0.0,0.0,,,981.769968,0.0,981.769968,,unknown,0.0,{},,249.0,,,,,,,981.769968,0.0,0.0,0.0,981.769968,0.0,0.0,0.0,,,,,,
2024-09-30 21:00:00,28.27,28.28,28.07,28.11,28247.87,4.1e-05,61,0.0,0.0,unknown,,981.769968,0.0,0.0,,,981.769968,0.0,981.769968,,unknown,0.0,{},,250.0,,,,,,,981.769968,0.0,0.0,0.0,981.769968,0.0,0.0,0.0,,,,,,
2024-09-30 22:00:00,28.11,28.18,27.79,27.8,76844.75,4.1e-05,61,0.0,0.0,unknown,,981.769968,0.0,0.0,,,981.769968,0.0,981.769968,,unknown,0.0,{},,251.0,,,,,,,981.769968,0.0,0.0,0.0,981.769968,0.0,0.0,0.0,,,,,,
2024-09-30 23:00:00,27.8,27.98,27.56,27.71,117684.09,4.1e-05,61,0.0,0.0,unknown,,981.769968,0.0,0.0,,,981.769968,0.0,981.769968,,unknown,0.0,{},,252.0,,,,,,,981.769968,0.0,0.0,0.0,981.769968,0.0,0.0,0.0,,,,,,
2024-10-01 00:00:00,27.71,28.05,27.6,27.98,58780.8,-1.5e-05,50,0.0,0.0,unknown,,981.769968,0.0,0.0,,,981.769968,0.0,981.769968,,unknown,0.0,{},,253.0,,,,,,,981.769968,0.0,0.0,0.0,981.769968,0.0,0.0,0.0,,,,,,
2024-10-01 01:00:00,27.98,28.21,27.95,28.05,53559.35,-1.5e-05,50,0.0,0.0,unknown,,981.769968,0.0,0.0,,,981.769968,0.0,981.769968,,unknown,0.0,{},,254.0,,,,,,,981.769968,0.0,0.0,0.0,981.769968,0.0,0.0,0.0,,,,,,
2024-10-01 02:00:00,28.05,28.17,27.81,28.17,37762.35,-1.5e-05,50,0.0,0.0,unknown,,981.769968,0.0,0.0,,,981.769968,0.0,981.769968,,unknown,0.0,{},,255.0,,,,,,,981.769968,0.0,0.0,0.0,981.769968,0.0,0.0,0.0,,,,,,
2024-10-01 03:00:00,28.16,28.42,28.14,28.4,74311.68,-1.5e-05,50,0.0,0.0,unknown,,981.769968,0.0,0.0,,,981.769968,0.0,981.769968,,unknown,0.0,{},,256.0,,,,,,,981.769968,0.0,0.0,0.0,981.769968,0.0,0.0,0.0,,,,,,
2024-10-01 04:00:00,28.4,28.56,28.32,28.53,44347.64,-1.5e-05,50,0.0,0.0,unknown,,981.769968,0.0,0.0,,,981.769968,0.0,981.769968,,unknown,0.0,{},,257.0,,,,,,,981.769968,0.0,0.0,0.0,981.769968,0.0,0.0,0.0,,,,,,
2024-10-01 05:00:00,28.53,28.53,28.31,28.36,33998.67,-1.5e-05,50,0.0,0.0,unknown,,981.769968,0.0,0.0,,,981.769968,0.0,981.769968,,unknown,0.0,{},,258.0,,,,,,,981.769968,0.0,0.0,0.0,981.769968,0.0,0.0,0.0,,,,,,
2024-10-01 06:00:00,28.36,28.73,28.36,28.69,72009.46,-1.5e-05,50,0.0,0.0,unknown,,981.769968,0.0,0.0,,,981.769968,0.0,981.769968,,unknown,0.0,{},,259.0,,,,,,,981.769968,0.0,0.0,0.0,981.769968,0.0,0.0,0.0,,,,,,
2024-10-01 07:00:00,28.68,28.71,28.55,28.59,31330.56,-1.5e-05,50,0.0,0.0,unknown,,981.769968,0.0,0.0,,,981.769968,0.0,981.769968,,unknown,0.0,{},,260.0,,,,,,,981.769968,0.0,0.0,0.0,981.769968,0.0,0.0,0.0,,,,,,
2024-10-01 08:00:00,28.59,28.76,28.57,28.64,53365.67,2.3e-05,50,0.0,0.0,unknown,,981.769968,0.0,0.0,,,981.769968,0.0,981.769968,,unknown,0.0,{},,261.0,,,,,,,981.769968,0.0,0.0,0.0,981.769968,0.0,0.0,0.0,,,,,,
2024-10-01 09:00:00,28.65,28.8,28.62,28.65,38698.87,2.3e-05,50,0.0,0.0,unknown,,981.769968,0.0,0.0,,,981.769968,0.0,981.769968,,unknown,0.0,{},,262.0,,,,,,,981.769968,0.0,0.0,0.0,981.769968,0.0,0.0,0.0,,,,,,
2024-10-01 10:00:00,28.66,28.89,28.65,28.86,39264.21,2.3e-05,50,0.0,0.0,unknown,,981.769968,0.0,0.0,,,981.769968,0.0,981.769968,,unknown,0.0,{},,263.0,,,,,,,981.769968,0.0,0.0,0.0,981.769968,0.0,0.0,0.0,,,,,,
2024-10-01 11:00:00,28.86,28.89,28.63,28.66,38074.41,2.3e-05,50,0.0,0.0,unknown,,981.769968,0.0,0.0,,,981.769968,0.0,981.769968,,unknown,0.0,{},,264.0,,,,,,,981.769968,0.0,0.0,0.0,981.769968,0.0,0.0,0.0,,,,,,
2024-10-01 12:00:00,28.66,28.75,28.54,28.63,40340.08,2.3e-05,50,0.0,0.0,unknown,,981.769968,0.0,0.0,,,981.769968,0.0,981.769968,,unknown,0.0,{},,265.0,,,,,,,981.769968,0.0,0.0,0.0,981.769968,0.0,0.0,0.0,,,,,,
2024-10-01 13:00:00,28.63,28.65,27.68,27.96,226587.09,2.3e-05,50,0.0,0.0,unknown,,981.769968,0.0,0.0,,,981.769968,0.0,981.769968,,unknown,0.0,{},,266.0,,,,,,,981.769968,0.0,0.0,0.0,981.769968,0.0,0.0,0.0,,,,,,
2024-10-01 14:00:00,27.96,28.14,27.05,27.1,313717.69,2.3e-05,50,0.0,0.0,unknown,,981.769968,0.0,0.0,,,981.769968,0.0,981.769968,,unknown,0.0,{},,267.0,,,,,,,981.769968,0.0,0.0,0.0,981.769968,0.0,0.0,0.0,,,,,,
2024-10-01 15:00:00,27.1,27.15,25.98,26.69,582456.96,2.3e-05,50,0.0,0.0,unknown,,981.769968,0.0,0.0,,,981.769968,0.0,981.769968,,unknown,0.0,{},,268.0,,,,,,,981.769968,0.0,0.0,0.0,981.769968,0.0,0.0,0.0,,,,,,
2024-10-01 16:00:00,26.68,26.89,26.16,26.53,265363.9,2.3e-05,50,0.0,0.0,unknown,,981.769968,0.0,0.0,,,981.769968,0.0,981.769968,,unknown,0.0,{},,269.0,,,,,,,981.769968,0.0,0.0,0.0,981.769968,0.0,0.0,0.0,,,,,,
2024-10-01 17:00:00,26.53,26.53,25.0,26.35,712068.22,-8.9e-05,50,0.0,0.0,unknown,,981.769968,0.0,0.0,,,981.769968,0.0,981.769968,,unknown,0.0,{},,270.0,,,,,,,981.769968,0.0,0.0,0.0,981.769968,0.0,0.0,0.0,,,,,,
2024-10-01 18:00:00,26.34,26.53,26.03,26.17,168350.56,-8.9e-05,50,0.0,0.0,unknown,,981.769968,0.0,0.0,,,981.769968,0.0,981.769968,,unknown,0.0,{},,271.0,,,,,,,981.769968,0.0,0.0,0.0,981.769968,0.0,0.0,0.0,,,,,,
2024-10-01 19:00:00,26.16,26.33,25.89,25.92,114810.68,-8.9e-05,50,0.0,0.0,unknown,,981.769968,0.0,0.0,,,981.769968,0.0,981.769968,,unknown,0.0,{},,272.0,,,,,,,981.769968,0.0,0.0,0.0,981.769968,0.0,0.0,0.0,,,,,,
2024-10-01 20:00:00,25.91,25.97,25.4,25.9,252428.06,-8.9e-05,50,0.0,0.0,unknown,,981.769968,0.0,0.0,,,981.769968,0.0,981.769968,,unknown,0.0,{},,273.0,,,,,,,981.769968,0.0,0.0,0.0,981.769968,0.0,0.0,0.0,,,,,,
2024-10-01 21:00:00,25.9,26.24,25.68,26.22,94677.04,-8.9e-05,50,0.0,0.0,unknown,,981.769968,0.0,0.0,,,981.769968,0.0,981.769968,,unknown,0.0,{},,274.0,,,,,,,981.769968,0.0,0.0,0.0,981.769968,0.0,0.0,0.0,,,,,,
