timestamp,open,high,low,close,volume,funding_rate,fear_greed,forecast,confidence,regime,strategy,total_portfolio_value,previous_allocation,allocation_change,approved_rebalance,succcess_execute_portfolio_rebalance,postRebalance_total_value,postRebalance_current_allocation,portfolio_value,debug_info.error,debug_info.regime,debug_info.forecast_delta,debug_info.regime_scores,debug_info.regime_margin,debug_info.bars_in_regime,debug_approve_allocation_change.symbol,debug_approve_allocation_change.time,debug_execute_portfolio_rebalance.symbol,debug_execute_portfolio_rebalance.price,debug_execute_portfolio_rebalance.quantity,debug_execute_portfolio_rebalance.trade_type,balances.USDT.free,balances.USDT.locked,balances.AVAXUSDT.free,balances.AVAXUSDT.locked,postRebalance_balances.USDT.free,postRebalance_balances.USDT.locked,postRebalance_balances.AVAXUSDT.free,postRebalance_balances.AVAXUSDT.locked,debug_info.components.keltner.last_history_value,debug_info.components.keltner.post_pipeline_value,debug_info.components.keltner.weight_normalized,debug_info.components.keltner.weighted_contribution,debug_approve_allocation_change.controls.max_allocation_change.passed,debug_approve_allocation_change.controls.min_allocation_change.passed
2024-08-01 00:00:00,25.7,25.91,25.68,25.88,44177.71,-8.6e-05,52,0.0,0.0,NOT_READY,,1000.0,0.0,0.0,,,1000.0,0.0,1000.0,Strategy not ready,,,,,,,,,,,,801.990077,0.0,0.0,0.0,801.990077,0.0,0.0,0.0,,,,,,
2024-08-01 01:00:00,25.88,25.92,25.56,25.76,33769.48,-8.6e-05,52,0.0,0.0,NOT_READY,,1000.0,0.0,0.0,,,1000.0,0.0,1000.0,Strategy not ready,,,,,,,,,,,,801.990077,0.0,0.0,0.0,801.990077,0.0,0.0,0.0,,,,,,
2024-08-01 02:00:00,25.76,25.77,25.33,25.56,65613.61,-8.6e-05,52,0.0,0.0,NOT_READY,,1000.0,0.0,0.0,,,1000.0,0.0,1000.0,Strategy not ready,,,,,,,,,,,,801.990077,0.0,0.0,0.0,801.990077,0.0,0.0,0.0,,,,,,
2024-08-01 03:00:00,25.55,25.56,25.35,25.42,25319.38,-8.6e-05,52,0.0,0.0,NOT_READY,,1000.0,0.0,0.0,,,1000.0,0.0,1000.0,Strategy not ready,,,,,,,,,,,,801.990077,0.0,0.0,0.0,801.990077,0.0,0.0,0.0,,,,,,
2024-08-01 04:00:00,25.41,25.5,24.99,25.09,117252.76,-8.6e-05,52,0.0,0.0,NOT_READY,,1000.0,0.0,0.0,,,1000.0,0.0,1000.0,Strategy not ready,,,,,,,,,,,,801.990077,0.0,0.0,0.0,801.990077,0.0,0.0,0.0,,,,,,
2024-08-01 05:00:00,25.09,25.45,24.92,25.43,68042.06,-8.6e-05,52,0.0,0.0,NOT_READY,,1000.0,0.0,0.0,,,1000.0,0.0,1000.0,Strategy not ready,,,,,,,,,,,,801.990077,0.0,0.0,0.0,801.990077,0.0,0.0,0.0,,,,,,
2024-08-01 06:00:00,25.43,25.49,25.23,25.25,41837.23,-8.6e-05,52,0.0,0.0,NOT_READY,,1000.0,0.0,0.0,,,1000.0,0.0,1000.0,Strategy not ready,,,,,,,,,,,,801.990077,0.0,0.0,0.0,801.990077,0.0,0.0,0.0,,,,,,
2024-08-01 07:00:00,25.25,25.44,25.24,25.34,34564.53,-8.6e-05,52,0.0,0.0,NOT_READY,,1000.0,0.0,0.0,,,1000.0,0.0,1000.0,Strategy not ready,,,,,,,,,,,,801.990077,0.0,0.0,0.0,801.990077,0.0,0.0,0.0,,,,,,
2024-08-01 08:00:00,25.34,25.44,25.27,25.43,32219.54,-6.9e-05,52,0.0,0.0,NOT_READY,,1000.0,0.0,0.0,,,1000.0,0.0,1000.0,Strategy not ready,,,,,,,,,,,,801.990077,0.0,0.0,0.0,801.990077,0.0,0.0,0.0,,,,,,
2024-08-01 09:00:00,25.43,25.52,25.34,25.35,24906.88,-6.9e-05,52,0.0,0.0,NOT_READY,,1000.0,0.0,0.0,,,1000.0,0.0,1000.0,Strategy not ready,,,,,,,,,,,,801.990077,0.0,0.0,0.0,801.990077,0.0,0.0,0.0,,,,,,
2024-08-01 10:00:00,25.35,25.37,25.25,25.36,50600.6,-6.9e-05,52,0.0,0.0,NOT_READY,,1000.0,0.0,0.0,,,1000.0,0.0,1000.0,Strategy not ready,,,,,,,,,,,,801.990077,0.0,0.0,0.0,801.990077,0.0,0.0,0.0,,,,,,
2024-08-01 11:00:00,25.35,25.4,25.23,25.39,56490.58,-6.9e-05,52,0.0,0.0,NOT_READY,,1000.0,0.0,0.0,,,1000.0,0.0,1000.0,Strategy not ready,,,,,,,,,,,,801.990077,0.0,0.0,0.0,801.990077,0.0,0.0,0.0,,,,,,
2024-08-01 12:00:00,25.39,25.7,25.38,25.65,42913.96,-6.9e-05,52,0.0,0.0,NOT_READY,,1000.0,0.0,0.0,,,1000.0,0.0,1000.0,Strategy not ready,,,,,,,,,,,,801.990077,0.0,0.0,0.0,801.990077,0.0,0.0,0.0,,,,,,
2024-08-01 13:00:00,25.65,25.69,25.35,25.5,55149.48,-6.9e-05,52,0.0,0.0,NOT_READY,,1000.0,0.0,0.0,,,1000.0,0.0,1000.0,Strategy not ready,,,,,,,,,,,,801.990077,0.0,0.0,0.0,801.990077,0.0,0.0,0.0,,,,,,
2024-08-01 14:00:00,25.5,25.56,24.94,24.94,109392.63,-6.9e-05,52,0.0,0.0,NOT_READY,,1000.0,0.0,0.0,,,1000.0,0.0,1000.0,Strategy not ready,,,,,,,,,,,,801.990077,0.0,0.0,0.0,801.990077,0.0,0.0,0.0,,,,,,
2024-08-01 15:00:00,24.95,24.96,24.46,24.6,308088.12,-6.9e-05,52,0.0,0.0,NOT_READY,,1000.0,0.0,0.0,,,1000.0,0.0,1000.0,Strategy not ready,,,,,,,,,,,,801.990077,0.0,0.0,0.0,801.990077,0.0,0.0,0.0,,,,,,
2024-08-01 16:00:00,24.6,24.64,24.12,24.54,190772.55,-3.8e-05,52,0.0,0.0,NOT_READY,,1000.0,0.0,0.0,,,1000.0,0.0,1000.0,Strategy not ready,,,,,,,,,,,,801.990077,0.0,0.0,0.0,801.990077,0.0,0.0,0.0,,,,,,
2024-08-01 17:00:00,24.53,24.62,24.36,24.61,103587.14,-3.8e-05,52,0.0,0.0,NOT_READY,,1000.0,0.0,0.0,,,1000.0,0.0,1000.0,Strategy not ready,,,,,,,,,,,,801.990077,0.0,0.0,0.0,801.990077,0.0,0.0,0.0,,,,,,
2024-08-01 18:00:00,24.6,24.6,24.01,24.34,178111.68,-3.8e-05,52,0.0,0.0,NOT_READY,,1000.0,0.0,0.0,,,1000.0,0.0,1000.0,Strategy not ready,,,,,,,,,,,,801.990077,0.0,0.0,0.0,801.990077,0.0,0.0,0.0,,,,,,
2024-08-01 19:00:00,24.35,24.9,24.33,24.82,65944.18,-3.8e-05,52,0.0,0.0,NOT_READY,,1000.0,0.0,0.0,,,1000.0,0.0,1000.0,Strategy not ready,,,,,,,,,,,,801.990077,0.0,0.0,0.0,801.990077,0.0,0.0,0.0,,,,,,
2024-08-01 20:00:00,24.82,25.28,24.7,25.27,110254.75,-3.8e-05,52,0.0,0.0,NOT_READY,,1000.0,0.0,0.0,,,1000.0,0.0,1000.0,Strategy not ready,,,,,,,,,,,,801.990077,0.0,0.0,0.0,801.990077,0.0,0.0,0.0,,,,,,
2024-08-01 21:00:00,25.27,25.67,25.27,25.48,116060.13,-3.8e-05,52,0.0,0.0,NOT_READY,,1000.0,0.0,0.0,,,1000.0,0.0,1000.0,Strategy not ready,,,,,,,,,,,,801.990077,0.0,0.0,0.0,801.990077,0.0,0.0,0.0,,,,,,
2024-08-01 22:00:00,25.49,25.8,25.43,25.64,77275.76,-3.8e-05,52,0.0,0.0,NOT_READY,,1000.0,0.0,0.0,,,1000.0,0.0,1000.0,Strategy not ready,,,,,,,,,,,,801.990077,0.0,0.0,0.0,801.990077,0.0,0.0,0.0,,,,,,
2024-08-01 23:00:00,25.64,25.76,25.54,25.71,26886.2,-3.8e-05,52,0.0,0.0,NOT_READY,,1000.0,0.0,0.0,,,1000.0,0.0,1000.0,Strategy not ready,,,,,,,,,,,,801.990077,0.0,0.0,0.0,801.990077,0.0,0.0,0.0,,,,,,
2024-08-02 00:00:00,25.71,25.91,25.57,25.58,92694.58,-0.000235,57,0.0,0.0,NOT_READY,,1000.0,0.0,0.0,,,1000.0,0.0,1000.0,Strategy not ready,,,,,,,,,,,,801.990077,0.0,0.0,0.0,801.990077,0.0,0.0,0.0,,,,,,
2024-08-02 01:00:00,25.58,25.61,25.38,25.48,40054.24,-0.000235,57,0.0,0.0,NOT_READY,,1000.0,0.0,0.0,,,1000.0,0.0,1000.0,Strategy not ready,,,,,,,,,,,,801.990077,0.0,0.0,0.0,801.990077,0.0,0.0,0.0,,,,,,
2024-08-02 02:00:00,25.48,25.57,25.07,25.26,59247.94,-0.000235,57,0.0,0.0,NOT_READY,,1000.0,0.0,0.0,,,1000.0,0.0,1000.0,Strategy not ready,,,,,,,,,,,,801.990077,0.0,0.0,0.0,801.990077,0.0,0.0,0.0,,,,,,
2024-08-02 03:00:00,25.27,25.42,25.19,25.33,41017.32,-0.000235,57,0.0,0.0,NOT_READY,,1000.0,0.0,0.0,,,1000.0,0.0,1000.0,Strategy not ready,,,,,,,,,,,,801.990077,0.0,0.0,0.0,801.990077,0.0,0.0,0.0,,,,,,
2024-08-02 04:00:00,25.34,25.41,25.22,25.32,22973.54,-0.000235,57,0.0,0.0,NOT_READY,,1000.0,0.0,0.0,,,1000.0,0.0,1000.0,Strategy not ready,,,,,,,,,,,,801.990077,0.0,0.0,0.0,801.990077,0.0,0.0,0.0,,,,,,
2024-08-02 05:00:00,25.33,25.33,24.95,24.99,50396.09,-0.000235,57,0.0,0.0,NOT_READY,,1000.0,0.0,0.0,,,1000.0,0.0,1000.0,Strategy not ready,,,,,,,,,,,,801.990077,0.0,0.0,0.0,801.990077,0.0,0.0,0.0,,,,,,
2024-08-02 06:00:00,24.99,25.04,24.61,24.92,51718.62,-0.000235,57,0.0,0.0,NOT_READY,,1000.0,0.0,0.0,,,1000.0,0.0,1000.0,Strategy not ready,,,,,,,,,,,,801.990077,0.0,0.0,0.0,801.990077,0.0,0.0,0.0,,,,,,
2024-08-02 07:00:00,24.91,25.1,24.73,25.0,48485.25,-0.000235,57,0.0,0.0,NOT_READY,,1000.0,0.0,0.0,,,1000.0,0.0,1000.0,Strategy not ready,,,,,,,,,,,,801.990077,0.0,0.0,0.0,801.990077,0.0,0.0,0.0,,,,,,
2024-08-02 08:00:00,25.01,25.21,24.77,25.2,43868.15,-0.000235,57,0.0,0.0,NOT_READY,,1000.0,0.0,0.0,,,1000.0,0.0,1000.0,Strategy not ready,,,,,,,,,,,,801.990077,0.0,0.0,0.0,801.990077,0.0,0.0,0.0,,,,,,
2024-08-02 09:00:00,25.21,25.29,25.05,25.1,85693.85,1.4e-05,57,0.0,0.0,NOT_READY,,1000.0,0.0,0.0,,,1000.0,0.0,1000.0,Strategy not ready,,,,,,,,,,,,801.990077,0.0,0.0,0.0,801.990077,0.0,0.0,0.0,,,,,,
2024-08-02 10:00:00,25.1,25.12,24.9,25.06,98635.79,1.4e-05,57,0.0,0.0,NOT_READY,,1000.0,0.0,0.0,,,1000.0,0.0,1000.0,Strategy not ready,,,,,,,,,,,,801.990077,0.0,0.0,0.0,801.990077,0.0,0.0,0.0,,,,,,
2024-08-02 11:00:00,25.05,25.13,24.94,24.98,100146.29,1.4e-05,57,0.0,0.0,NOT_READY,,1000.0,0.0,0.0,,,1000.0,0.0,1000.0,Strategy not ready,,,,,,,,,,,,801.990077,0.0,0.0,0.0,801.990077,0.0,0.0,0.0,,,,,,
2024-08-02 12:00:00,24.97,25.06,24.66,24.98,101944.14,1.4e-05,57,0.0,0.0,NOT_READY,,1000.0,0.0,0.0,,,1000.0,0.0,1000.0,Strategy not ready,,,,,,,,,,,,801.990077,0.0,0.0,0.0,801.990077,0.0,0.0,0.0,,,,,,
2024-08-02 13:00:00,24.98,25.33,24.79,25.18,88147.15,1.4e-05,57,0.0,0.0,NOT_READY,,1000.0,0.0,0.0,,,1000.0,0.0,1000.0,Strategy not ready,,,,,,,,,,,,801.990077,0.0,0.0,0.0,801.990077,0.0,0.0,0.0,,,,,,
2024-08-02 14:00:00,25.17,25.24,23.9,23.95,256283.47,1.4e-05,57,0.0,0.0,NOT_READY,,1000.0,0.0,0.0,,,1000.0,0.0,1000.0,Strategy not ready,,,,,,,,,,,,801.990077,0.0,0.0,0.0,801.990077,0.0,0.0,0.0,,,,,,
2024-08-02 15:00:00,23.95,24.21,23.45,24.13,355606.49,1.4e-05,57,0.0,0.0,NOT_READY,,1000.0,0.0,0.0,,,1000.0,0.0,1000.0,Strategy not ready,,,,,,,,,,,,801.990077,0.0,0.0,0.0,801.990077,0.0,0.0,0.0,,,,,,
2024-08-02 16:00:00,24.13,24.22,23.95,24.11,99887.1,-0.000136,57,0.0,0.0,NOT_READY,,1000.0,0.0,0.0,,,1000.0,0.0,1000.0,Strategy not ready,,,,,,,,,,,,801.990077,0.0,0.0,0.0,801.990077,0.0,0.0,0.0,,,,,,
2024-08-02 17:00:00,24.1,24.28,24.02,24.07,68823.78,-0.000136,57,0.0,0.0,NOT_READY,,1000.0,0.0,0.0,,,1000.0,0.0,1000.0,Strategy not ready,,,,,,,,,,,,801.990077,0.0,0.0,0.0,801.990077,0.0,0.0,0.0,,,,,,
2024-08-02 18:00:00,24.07,24.1,23.88,23.93,61158.9,-0.000136,57,0.0,0.0,NOT_READY,,1000.0,0.0,0.0,,,1000.0,0.0,1000.0,Strategy not ready,,,,,,,,,,,,801.990077,0.0,0.0,0.0,801.990077,0.0,0.0,0.0,,,,,,
2024-08-02 19:00:00,23.94,24.03,23.74,23.84,73612.6,-0.000136,57,0.0,0.0,NOT_READY,,1000.0,0.0,0.0,,,1000.0,0.0,1000.0,Strategy not ready,,,,,,,,,,,,801.990077,0.0,0.0,0.0,801.990077,0.0,0.0,0.0,,,,,,
2024-08-02 20:00:00,23.84,24.01,23.55,23.82,135726.96,-0.000136,57,0.0,0.0,NOT_READY,,1000.0,0.0,0.0,,,1000.0,0.0,1000.0,Strategy not ready,,,,,,,,,,,,801.990077,0.0,0.0,0.0,801.990077,0.0,0.0,0.0,,,,,,
2024-08-02 21:00:00,23.81,23.81,23.35,23.73,121274.46,-0.000136,57,0.0,0.0,NOT_READY,,1000.0,0.0,0.0,,,1000.0,0.0,1000.0,Strategy not ready,,,,,,,,,,,,801.990077,0.0,0.0,0.0,801.990077,0.0,0.0,0.0,,,,,,
2024-08-02 22:00:00,23.73,23.78,23.52,23.58,65407.09,-0.000136,57,0.0,0.0,NOT_READY,,1000.0,0.0,0.0,,,1000.0,0.0,1000.0,Strategy not ready,,,,,,,,,,,,801.990077,0.0,0.0,0.0,801.990077,0.0,0.0,0.0,,,,,,
2024-08-02 23:00:00,23.58,23.73,23.43,23.6,72001.93,-0.000136,57,0.0,0.0,NOT_READY,,1000.0,0.0,0.0,,,1000.0,0.0,1000.0,Strategy not ready,,,,,,,,,,,,801.990077,0.0,0.0,0.0,801.990077,0.0,0.0,0.0,,,,,,
2024-08-03 00:00:00,23.6,23.75,23.35,23.49,79611.67,-0.000193,37,0.0,0.0,NOT_READY,,1000.0,0.0,0.0,,,1000.0,0.0,1000.0,Strategy not ready,,,,,,,,,,,,801.990077,0.0,0.0,0.0,801.990077,0.0,0.0,0.0,,,,,,
2024-08-03 01:00:00,23.5,23.64,23.0,23.56,203140.88,-0.000193,37,0.0,0.0,NOT_READY,,1000.0,0.0,0.0,,,1000.0,0.0,1000.0,Strategy not ready,,,,,,,,,,,,801.990077,0.0,0.0,0.0,801.990077,0.0,0.0,0.0,,,,,,
2024-08-03 02:00:00,23.56,23.74,23.42,23.49,40117.37,-0.000193,37,0.0,0.0,NOT_READY,,1000.0,0.0,0.0,,,1000.0,0.0,1000.0,Strategy not ready,,,,,,,,,,,,801.990077,0.0,0.0,0.0,801.990077,0.0,0.0,0.0,,,,,,
2024-08-03 03:00:00,23.49,23.73,23.44,23.73,55659.87,-0.000193,37,0.0,0.0,NOT_READY,,1000.0,0.0,0.0,,,1000.0,0.0,1000.0,Strategy not ready,,,,,,,,,,,,801.990077,0.0,0.0,0.0,801.990077,0.0,0.0,0.0,,,,,,
2024-08-03 04:00:00,23.72,23.73,23.62,23.7,27609.77,-0.000193,37,0.0,0.0,NOT_READY,,1000.0,0.0,0.0,,,1000.0,0.0,1000.0,Strategy not ready,,,,,,,,,,,,801.990077,0.0,0.0,0.0,801.990077,0.0,0.0,0.0,,,,,,
2024-08-03 05:00:00,23.7,23.78,23.63,23.74,21719.72,-0.000193,37,0.0,0.0,NOT_READY,,1000.0,0.0,0.0,,,1000.0,0.0,1000.0,Strategy not ready,,,,,,,,,,,,801.990077,0.0,0.0,0.0,801.990077,0.0,0.0,0.0,,,,,,
2024-08-03 06:00:00,23.73,23.86,23.7,23.78,87342.8,-0.000193,37,0.0,0.0,NOT_READY,,1000.0,0.0,0.0,,,1000.0,0.0,1000.0,Strategy not ready,,,,,,,,,,,,801.990077,0.0,0.0,0.0,801.990077,0.0,0.0,0.0,,,,,,
2024-08-03 07:00:00,23.78,23.84,23.69,23.73,31388.47,-0.000193,37,0.0,0.0,NOT_READY,,1000.0,0.0,0.0,,,1000.0,0.0,1000.0,Strategy not ready,,,,,,,,,,,,801.990077,0.0,0.0,0.0,801.990077,0.0,0.0,0.0,,,,,,
2024-08-03 08:00:00,23.73,23.73,23.51,23.62,40907.38,-6.4e-05,37,0.0,0.0,NOT_READY,,1000.0,0.0,0.0,,,1000.0,0.0,1000.0,Strategy not ready,,,,,,,,,,,,801.990077,0.0,0.0,0.0,801.990077,0.0,0.0,0.0,,,,,,
2024-08-03 09:00:00,23.61,23.7,23.48,23.68,33069.86,-6.4e-05,37,0.0,0.0,NOT_READY,,1000.0,0.0,0.0,,,1000.0,0.0,1000.0,Strategy not ready,,,,,,,,,,,,801.990077,0.0,0.0,0.0,801.990077,0.0,0.0,0.0,,,,,,
2024-08-03 10:00:00,23.69,24.14,23.6,23.89,124143.6,-6.4e-05,37,0.0,0.0,NOT_READY,,1000.0,0.0,0.0,,,1000.0,0.0,1000.0,Strategy not ready,,,,,,,,,,,,801.990077,0.0,0.0,0.0,801.990077,0.0,0.0,0.0,,,,,,
2024-08-03 11:00:00,23.89,24.0,23.88,23.94,33132.98,-6.4e-05,37,0.0,0.0,NOT_READY,,1000.0,0.0,0.0,,,1000.0,0.0,1000.0,Strategy not ready,,,,,,,,,,,,801.990077,0.0,0.0,0.0,801.990077,0.0,0.0,0.0,,,,,,
2024-08-03 12:00:00,23.94,24.07,23.86,23.93,42226.96,-6.4e-05,37,0.0,0.0,NOT_READY,,1000.0,0.0,0.0,,,1000.0,0.0,1000.0,Strategy not ready,,,,,,,,,,,,801.990077,0.0,0.0,0.0,801.990077,0.0,0.0,0.0,,,,,,
2024-08-03 13:00:00,23.93,24.15,23.85,23.99,67745.94,-6.4e-05,37,0.0,0.0,NOT_READY,,1000.0,0.0,0.0,,,1000.0,0.0,1000.0,Strategy not ready,,,,,,,,,,,,801.990077,0.0,0.0,0.0,801.990077,0.0,0.0,0.0,,,,,,
2024-08-03 14:00:00,23.98,24.11,23.84,23.87,28052.65,-6.4e-05,37,0.0,0.0,NOT_READY,,1000.0,0.0,0.0,,,1000.0,0.0,1000.0,Strategy not ready,,,,,,,,,,,,801.990077,0.0,0.0,0.0,801.990077,0.0,0.0,0.0,,,,,,
2024-08-03 15:00:00,23.86,23.9,23.35,23.35,97620.56,-6.4e-05,37,0.0,0.0,NOT_READY,,1000.0,0.0,0.0,,,1000.0,0.0,1000.0,Strategy not ready,,,,,,,,,,,,801.990077,0.0,0.0,0.0,801.990077,0.0,0.0,0.0,,,,,,
2024-08-03 16:00:00,23.35,23.4,22.86,23.05,166407.68,-6.4e-05,37,0.0,0.0,NOT_READY,,1000.0,0.0,0.0,,,1000.0,0.0,1000.0,Strategy not ready,,,,,,,,,,,,801.990077,0.0,0.0,0.0,801.990077,0.0,0.0,0.0,,,,,,
2024-08-03 17:00:00,23.06,23.08,22.47,22.55,159412.83,-0.000135,37,0.0,0.0,NOT_READY,,1000.0,0.0,0.0,,,1000.0,0.0,1000.0,Strategy not ready,,,,,,,,,,,,801.990077,0.0,0.0,0.0,801.990077,0.0,0.0,0.0,,,,,,
2024-08-03 18:00:00,22.55,22.75,22.38,22.61,131770.49,-0.000135,37,0.0,0.0,NOT_READY,,1000.0,0.0,0.0,,,1000.0,0.0,1000.0,Strategy not ready,,,,,,,,,,,,801.990077,0.0,0.0,0.0,801.990077,0.0,0.0,0.0,,,,,,
2024-08-03 19:00:00,22.61,22.72,22.41,22.48,84298.02,-0.000135,37,0.0,0.0,NOT_READY,,1000.0,0.0,0.0,,,1000.0,0.0,1000.0,Strategy not ready,,,,,,,,,,,,801.990077,0.0,0.0,0.0,801.990077,0.0,0.0,0.0,,,,,,
2024-08-03 20:00:00,22.47,22.72,22.36,22.49,62329.27,-0.000135,37,0.0,0.0,NOT_READY,,1000.0,0.0,0.0,,,1000.0,0.0,1000.0,Strategy not ready,,,,,,,,,,,,801.990077,0.0,0.0,0.0,801.990077,0.0,0.0,0.0,,,,,,
2024-08-03 21:00:00,22.48,22.65,22.2,22.64,144545.1,-0.000135,37,0.0,0.0,NOT_READY,,1000.0,0.0,0.0,,,1000.0,0.0,1000.0,Strategy not ready,,,,,,,,,,,,801.990077,0.0,0.0,0.0,801.990077,0.0,0.0,0.0,,,,,,
2024-08-03 22:00:00,22.63,22.71,22.5,22.64,37354.72,-0.000135,37,0.0,0.0,NOT_READY,,1000.0,0.0,0.0,,,1000.0,0.0,1000.0,Strategy not ready,,,,,,,,,,,,801.990077,0.0,0.0,0.0,801.990077,0.0,0.0,0.0,,,,,,
2024-08-03 23:00:00,22.64,22.81,22.55,22.67,51224.24,-0.000135,37,0.0,0.0,NOT_READY,,1000.0,0.0,0.0,,,1000.0,0.0,1000.0,Strategy not ready,,,,,,,,,,,,801.990077,0.0,0.0,0.0,801.990077,0.0,0.0,0.0,,,,,,
2024-08-04 00:00:00,22.68,22.76,22.53,22.73,34966.26,-0.000167,34,0.0,0.0,NOT_READY,,1000.0,0.0,0.0,,,1000.0,0.0,1000.0,Strategy not ready,,,,,,,,,,,,801.990077,0.0,0.0,0.0,801.990077,0.0,0.0,0.0,,,,,,
2024-08-04 01:00:00,22.73,22.75,22.48,22.7,39891.99,-0.000167,34,0.0,0.0,NOT_READY,,1000.0,0.0,0.0,,,1000.0,0.0,1000.0,Strategy not ready,,,,,,,,,,,,801.990077,0.0,0.0,0.0,801.990077,0.0,0.0,0.0,,,,,,
2024-08-04 02:00:00,22.69,22.96,22.67,22.83,45597.72,-0.000167,34,0.0,0.0,NOT_READY,,1000.0,0.0,0.0,,,1000.0,0.0,1000.0,Strategy not ready,,,,,,,,,,,,801.990077,0.0,0.0,0.0,801.990077,0.0,0.0,0.0,,,,,,
2024-08-04 03:00:00,22.83,22.85,22.75,22.82,22621.43,-0.000167,34,0.0,0.0,NOT_READY,,1000.0,0.0,0.0,,,1000.0,0.0,1000.0,Strategy not ready,,,,,,,,,,,,801.990077,0.0,0.0,0.0,801.990077,0.0,0.0,0.0,,,,,,
2024-08-04 04:00:00,22.82,22.88,22.73,22.73,14511.87,-0.000167,34,0.0,0.0,NOT_READY,,1000.0,0.0,0.0,,,1000.0,0.0,1000.0,Strategy not ready,,,,,,,,,,,,801.990077,0.0,0.0,0.0,801.990077,0.0,0.0,0.0,,,,,,
2024-08-04 05:00:00,22.73,22.91,22.71,22.8,34371.47,-0.000167,34,0.0,0.0,NOT_READY,,1000.0,0.0,0.0,,,1000.0,0.0,1000.0,Strategy not ready,,,,,,,,,,,,801.990077,0.0,0.0,0.0,801.990077,0.0,0.0,0.0,,,,,,
2024-08-04 06:00:00,22.8,22.86,22.76,22.84,17799.84,-0.000167,34,0.0,0.0,NOT_READY,,1000.0,0.0,0.0,,,1000.0,0.0,1000.0,Strategy not ready,,,,,,,,,,,,801.990077,0.0,0.0,0.0,801.990077,0.0,0.0,0.0,,,,,,
2024-08-04 07:00:00,22.84,22.89,22.56,22.59,35132.15,-0.000167,34,0.0,0.0,NOT_READY,,1000.0,0.0,0.0,,,1000.0,0.0,1000.0,Strategy not ready,,,,,,,,,,,,801.990077,0.0,0.0,0.0,801.990077,0.0,0.0,0.0,,,,,,
2024-08-04 08:00:00,22.59,22.76,22.33,22.63,57653.17,-0.000107,34,0.0,0.0,NOT_READY,,1000.0,0.0,0.0,,,1000.0,0.0,1000.0,Strategy not ready,,,,,,,,,,,,801.990077,0.0,0.0,0.0,801.990077,0.0,0.0,0.0,,,,,,
2024-08-04 09:00:00,22.63,22.7,22.51,22.54,34038.28,-0.000107,34,0.0,0.0,NOT_READY,,1000.0,0.0,0.0,,,1000.0,0.0,1000.0,Strategy not ready,,,,,,,,,,,,801.990077,0.0,0.0,0.0,801.990077,0.0,0.0,0.0,,,,,,
2024-08-04 10:00:00,22.53,22.63,22.4,22.6,54145.01,-0.000107,34,0.0,0.0,NOT_READY,,1000.0,0.0,0.0,,,1000.0,0.0,1000.0,Strategy not ready,,,,,,,,,,,,801.990077,0.0,0.0,0.0,801.990077,0.0,0.0,0.0,,,,,,
2024-08-04 11:00:00,22.61,22.65,22.46,22.54,22643.04,-0.000107,34,0.0,0.0,NOT_READY,,1000.0,0.0,0.0,,,1000.0,0.0,1000.0,Strategy not ready,,,,,,,,,,,,801.990077,0.0,0.0,0.0,801.990077,0.0,0.0,0.0,,,,,,
2024-08-04 12:00:00,22.53,22.63,22.44,22.58,67480.42,-0.000107,34,0.0,0.0,NOT_READY,,1000.0,0.0,0.0,,,1000.0,0.0,1000.0,Strategy not ready,,,,,,,,,,,,801.990077,0.0,0.0,0.0,801.990077,0.0,0.0,0.0,,,,,,
2024-08-04 13:00:00,22.58,22.67,22.49,22.5,44454.83,-0.000107,34,0.0,0.0,NOT_READY,,1000.0,0.0,0.0,,,1000.0,0.0,1000.0,Strategy not ready,,,,,,,,,,,,801.990077,0.0,0.0,0.0,801.990077,0.0,0.0,0.0,,,,,,
2024-08-04 14:00:00,22.49,22.53,21.82,21.88,178319.78,-0.000107,34,0.0,0.0,NOT_READY,,1000.0,0.0,0.0,,,1000.0,0.0,1000.0,Strategy not ready,,,,,,,,,,,,801.990077,0.0,0.0,0.0,801.990077,0.0,0.0,0.0,,,,,,
2024-08-04 15:00:00,21.88,21.94,21.56,21.59,199143.27,-0.000107,34,0.0,0.0,NOT_READY,,1000.0,0.0,0.0,,,1000.0,0.0,1000.0,Strategy not ready,,,,,,,,,,,,801.990077,0.0,0.0,0.0,801.990077,0.0,0.0,0.0,,,,,,
2024-08-04 16:00:00,21.59,21.76,21.2,21.26,191557.6,-0.000234,34,0.0,0.0,NOT_READY,,1000.0,0.0,0.0,,,1000.0,0.0,1000.0,Strategy not ready,,,,,,,,,,,,801.990077,0.0,0.0,0.0,801.990077,0.0,0.0,0.0,,,,,,
2024-08-04 17:00:00,21.25,21.31,20.58,20.91,333936.13,-0.000234,34,0.0,0.0,NOT_READY,,1000.0,0.0,0.0,,,1000.0,0.0,1000.0,Strategy not ready,,,,,,,,,,,,801.990077,0.0,0.0,0.0,801.990077,0.0,0.0,0.0,,,,,,
2024-08-04 18:00:00,20.92,21.48,20.79,21.46,195482.2,-0.000234,34,0.0,0.0,NOT_READY,,1000.0,0.0,0.0,,,1000.0,0.0,1000.0,Strategy not ready,,,,,,,,,,,,801.990077,0.0,0.0,0.0,801.990077,0.0,0.0,0.0,,,,,,
2024-08-04 19:00:00,21.46,22.0,21.25,21.83,167384.04,-0.000234,34,0.0,0.0,NOT_READY,,1000.0,0.0,0.0,,,1000.0,0.0,1000.0,Strategy not ready,,,,,,,,,,,,801.990077,0.0,0.0,0.0,801.990077,0.0,0.0,0.0,,,,,,
2024-08-04 20:00:00,21.82,22.09,21.61,21.76,107910.22,-0.000234,34,0.0,0.0,NOT_READY,,1000.0,0.0,0.0,,,1000.0,0.0,1000.0,Strategy not ready,,,,,,,,,,,,801.990077,0.0,0.0,0.0,801.990077,0.0,0.0,0.0,,,,,,
2024-08-04 21:00:00,21.76,21.78,21.58,21.63,36824.12,-0.000234,34,0.0,0.0,NOT_READY,,1000.0,0.0,0.0,,,1000.0,0.0,1000.0,Strategy not ready,,,,,,,,,,,,801.990077,0.0,0.0,0.0,801.990077,0.0,0.0,0.0,,,,,,
2024-08-04 22:00:00,21.64,21.9,21.54,21.59,86537.12,-0.000234,34,0.0,0.0,NOT_READY,,1000.0,0.0,0.0,,,1000.0,0.0,1000.0,Strategy not ready,,,,,,,,,,,,801.990077,0.0,0.0,0.0,801.990077,0.0,0.0,0.0,,,,,,
2024-08-04 23:00:00,21.59,21.59,21.2,21.25,59457.41,-0.000234,34,0.0,0.0,NOT_READY,,1000.0,0.0,0.0,,,1000.0,0.0,1000.0,Strategy not ready,,,,,,,,,,,,801.990077,0.0,0.0,0.0,801.990077,0.0,0.0,0.0,,,,,,
2024-08-05 00:00:00,21.26,21.38,20.04,20.28,359707.48,-8.4e-05,26,0.0,0.0,NOT_READY,,1000.0,0.0,0.0,,,1000.0,0.0,1000.0,Strategy not ready,,,,,,,,,,,,801.990077,0.0,0.0,0.0,801.990077,0.0,0.0,0.0,,,,,,
2024-08-05 01:00:00,20.27,20.33,18.14,19.0,1380341.79,-8.4e-05,26,0.0,0.0,NOT_READY,,1000.0,0.0,0.0,,,1000.0,0.0,1000.0,Strategy not ready,,,,,,,,,,,,801.990077,0.0,0.0,0.0,801.990077,0.0,0.0,0.0,,,,,,
2024-08-05 02:00:00,19.0,19.09,18.55,18.97,459519.82,-8.4e-05,26,0.0,0.0,NOT_READY,,1000.0,0.0,0.0,,,1000.0,0.0,1000.0,Strategy not ready,,,,,,,,,,,,801.990077,0.0,0.0,0.0,801.990077,0.0,0.0,0.0,,,,,,
2024-08-05 03:00:00,18.97,18.99,18.56,18.65,281604.48,-8.4e-05,26,0.0,0.0,NOT_READY,,1000.0,0.0,0.0,,,1000.0,0.0,1000.0,Strategy not ready,,,,,,,,,,,,801.990077,0.0,0.0,0.0,801.990077,0.0,0.0,0.0,,,,,,
2024-08-05 04:00:00,18.65,19.15,18.63,18.94,272190.17,-8.4e-05,26,0.0,0.0,NOT_READY,,1000.0,0.0,0.0,,,1000.0,0.0,1000.0,Strategy not ready,,,,,,,,,,,,801.990077,0.0,0.0,0.0,801.990077,0.0,0.0,0.0,,,,,,
2024-08-05 05:00:00,18.95,19.3,18.3,18.86,670370.04,-8.4e-05,26,0.0,0.0,NOT_READY,,1000.0,0.0,0.0,,,1000.0,0.0,1000.0,Strategy not ready,,,,,,,,,,,,801.990077,0.0,0.0,0.0,801.990077,0.0,0.0,0.0,,,,,,
2024-08-05 06:00:00,18.87,18.97,17.29,18.29,1179433.86,-8.4e-05,26,0.0,0.0,NOT_READY,,1000.0,0.0,0.0,,,1000.0,0.0,1000.0,Strategy not ready,,,,,,,,,,,,801.990077,0.0,0.0,0.0,801.990077,0.0,0.0,0.0,,,,,,
2024-08-05 07:00:00,18.29,19.22,18.15,19.04,445091.0,-8.4e-05,26,0.0,0.0,NOT_READY,,1000.0,0.0,0.0,,,1000.0,0.0,1000.0,Strategy not ready,,,,,,,,,,,,801.990077,0.0,0.0,0.0,801.990077,0.0,0.0,0.0,,,,,,
2024-08-05 08:00:00,19.04,19.1,18.61,18.75,240073.88,-0.000384,26,0.0,0.0,unknown,,1000.0,0.0,0.0,,,1000.0,0.0,1000.0,,unknown,0.0,{},,1.0,,,,,,,801.990077,0.0,0.0,0.0,801.990077,0.0,0.0,0.0,,,,,,
2024-08-05 09:00:00,18.75,18.9,18.43,18.7,160156.96,-0.000384,26,0.0,0.0,unknown,,1000.0,0.0,0.0,,,1000.0,0.0,1000.0,,unknown,0.0,{},,2.0,,,,,,,801.990077,0.0,0.0,0.0,801.990077,0.0,0.0,0.0,,,,,,
2024-08-05 10:00:00,18.71,18.74,18.12,18.2,281401.03,-0.000384,26,0.0,0.0,unknown,,1000.0,0.0,0.0,,,1000.0,0.0,1000.0,,unknown,0.0,{},,3.0,,,,,,,801.990077,0.0,0.0,0.0,801.990077,0.0,0.0,0.0,,,,,,
2024-08-05 11:00:00,18.21,18.28,17.55,18.23,456914.08,-0.000384,26,0.0,0.0,unknown,,1000.0,0.0,0.0,,,1000.0,0.0,1000.0,,unknown,0.0,{},,4.0,,,,,,,801.990077,0.0,0.0,0.0,801.990077,0.0,0.0,0.0,,,,,,
2024-08-05 12:00:00,18.22,18.42,17.67,17.71,551730.64,-0.000384,26,0.0,0.0,unknown,,1000.0,0.0,0.0,,,1000.0,0.0,1000.0,,unknown,0.0,{},,5.0,,,,,,,801.990077,0.0,0.0,0.0,801.990077,0.0,0.0,0.0,,,,,,
2024-08-05 13:00:00,17.7,18.98,17.43,18.83,851755.67,-0.000384,26,9.936945,0.0,mean_reversion,,1000.0,0.0,0.993695,True,True,999.006305,0.993688,1000.0,,mean_reversion,9.936945,{},,1.0,AVAXUSDT,2024-08-05 13:00:00,AVAXUSDT,18.83,52.77188,LONG,801.990077,0.0,0.0,0.0,801.990077,0.0,0.0,0.0,9.936945,9.936945,1.0,9.936945,True,True
2024-08-05 14:00:00,18.84,19.65,18.84,19.48,614031.31,-0.000384,26,-0.654984,0.0,mean_reversion,,1033.273726,0.993898,-1.059396,True,True,1032.17908,-0.065568,1033.273726,,mean_reversion,-10.591929,{},,2.0,AVAXUSDT,2024-08-05 14:00:00,AVAXUSDT,19.48,3.474221,SHORT,801.990077,0.0,0.0,0.0,801.990077,0.0,0.0,0.0,-0.654984,-0.654984,1.0,-0.654984,True,True
2024-08-05 15:00:00,19.48,19.79,19.27,19.74,253448.67,-0.000384,26,-4.485265,0.0,mean_reversion,,1031.275782,-0.066501,-0.382025,True,True,1030.881809,-0.448698,1031.275782,,mean_reversion,-3.83028,{},,3.0,AVAXUSDT,2024-08-05 15:00:00,AVAXUSDT,19.74,19.958125,SHORT,801.990077,0.0,0.0,0.0,801.990077,0.0,0.0,0.0,-4.485265,-4.485265,1.0,-4.485265,True,True
2024-08-05 16:00:00,19.74,20.23,19.62,19.72,299325.89,-0.000186,26,-3.729292,0.0,mean_reversion,,1031.350456,-0.44804,0.07511,False,,1031.350456,-0.44804,1031.350456,,mean_reversion,0.755973,{},,4.0,AVAXUSDT,2024-08-05 16:00:00,,,,,801.990077,0.0,0.0,0.0,801.990077,0.0,0.0,0.0,-3.729292,-3.729292,1.0,-3.729292,True,False
2024-08-05 17:00:00,19.72,20.09,19.61,19.94,136118.58,-0.000186,26,0.0,0.0,unknown,,1026.19534,-0.455314,0.455314,True,True,1025.727631,0.0,1026.19534,,unknown,3.729292,{},,1.0,AVAXUSDT,2024-08-05 17:00:00,AVAXUSDT,19.94,-23.432346,CLOSE,801.990077,0.0,0.0,0.0,801.990077,0.0,0.0,0.0,,,,,True,True
2024-08-05 18:00:00,19.94,19.98,19.31,19.33,172938.77,-0.000186,26,0.0,0.0,unknown,,1025.727631,0.0,0.0,,,1025.727631,0.0,1025.727631,,unknown,0.0,{},,2.0,,,,,,,801.990077,0.0,0.0,0.0,801.990077,0.0,0.0,0.0,,,,,,
2024-08-05 19:00:00,19.33,19.53,19.17,19.39,173743.28,-0.000186,26,0.0,0.0,unknown,,1025.727631,0.0,0.0,,,1025.727631,0.0,1025.727631,,unknown,0.0,{},,3.0,,,,,,,801.990077,0.0,0.0,0.0,801.990077,0.0,0.0,0.0,,,,,,
2024-08-05 20:00:00,19.39,19.76,19.37,19.7,124309.1,-0.000186,26,0.0,0.0,unknown,,1025.727631,0.0,0.0,,,1025.727631,0.0,1025.727631,,unknown,0.0,{},,4.0,,,,,,,801.990077,0.0,0.0,0.0,801.990077,0.0,0.0,0.0,,,,,,
2024-08-05 21:00:00,19.69,20.02,19.54,19.61,138784.24,-0.000186,26,0.0,0.0,unknown,,1025.727631,0.0,0.0,,,1025.727631,0.0,1025.727631,,unknown,0.0,{},,5.0,,,,,,,801.990077,0.0,0.0,0.0,801.990077,0.0,0.0,0.0,,,,,,
2024-08-05 22:00:00,19.61,19.91,19.54,19.79,78472.53,-0.000186,26,0.0,0.0,unknown,,1025.727631,0.0,0.0,,,1025.727631,0.0,1025.727631,,unknown,0.0,{},,6.0,,,,,,,801.990077,0.0,0.0,0.0,801.990077,0.0,0.0,0.0,,,,,,
2024-08-05 23:00:00,19.79,19.93,19.5,19.54,89068.31,-0.000186,26,0.0,0.0,unknown,,1025.727631,0.0,0.0,,,1025.727631,0.0,1025.727631,,unknown,0.0,{},,7.0,,,,,,,801.990077,0.0,0.0,0.0,801.990077,0.0,0.0,0.0,,,,,,
2024-08-06 00:00:00,19.54,20.52,19.51,20.51,165366.67,-0.00017,17,-15.910109,0.0,mean_reversion,,1025.727631,0.0,-1.591011,True,True,1024.095687,-1.593546,1025.727631,,mean_reversion,-15.910109,{},,1.0,AVAXUSDT,2024-08-06 00:00:00,AVAXUSDT,20.51,79.568205,SHORT,801.990077,0.0,0.0,0.0,801.990077,0.0,0.0,0.0,-15.910109,-15.910109,1.0,-15.910109,True,True
2024-08-06 01:00:00,20.51,20.85,20.46,20.63,115163.65,-0.00017,17,-17.111437,0.0,mean_reversion,,1014.547503,-1.617955,-0.093189,False,,1014.547503,-1.617955,1014.547503,,mean_reversion,-1.201328,{},,2.0,AVAXUSDT,2024-08-06 01:00:00,,,,,801.990077,0.0,0.0,0.0,801.990077,0.0,0.0,0.0,-17.111437,-17.111437,1.0,-17.111437,True,False
2024-08-06 02:00:00,20.63,20.69,20.34,20.51,102307.03,-0.00017,17,-14.816043,0.0,mean_reversion,,1024.095687,-1.593546,0.111942,False,,1024.095687,-1.593546,1024.095687,,mean_reversion,2.295395,{},,3.0,AVAXUSDT,2024-08-06 02:00:00,,,,,801.990077,0.0,0.0,0.0,801.990077,0.0,0.0,0.0,-14.816043,-14.816043,1.0,-14.816043,True,False
2024-08-06 03:00:00,20.5,20.55,20.35,20.42,89625.38,-0.00017,17,-12.545116,0.0,mean_reversion,,1031.256826,-1.575536,0.321025,True,True,1030.925435,-1.254915,1031.256826,,mean_reversion,2.270927,{},,4.0,AVAXUSDT,2024-08-06 03:00:00,AVAXUSDT,20.42,16.212495,REDUCE_SHORT,801.990077,0.0,0.0,0.0,801.990077,0.0,0.0,0.0,-12.545116,-12.545116,1.0,-12.545116,True,True
2024-08-06 04:00:00,20.42,20.66,20.28,20.57,117263.91,-0.00017,17,-14.583418,0.0,mean_reversion,,1021.422079,-1.275895,-0.182447,False,,1021.422079,-1.275895,1021.422079,,mean_reversion,-2.038303,{},,5.0,AVAXUSDT,2024-08-06 04:00:00,,,,,801.990077,0.0,0.0,0.0,801.990077,0.0,0.0,0.0,-14.583418,-14.583418,1.0,-14.583418,True,False
2024-08-06 05:00:00,20.57,20.8,20.5,20.77,75804.19,-0.00017,17,-17.620204,0.0,mean_reversion,,1008.750936,-1.304483,-0.457538,True,True,1008.289395,-1.762827,1008.750936,,mean_reversion,-3.036785,{},,6.0,AVAXUSDT,2024-08-06 05:00:00,AVAXUSDT,20.77,22.22155,SHORT,801.990077,0.0,0.0,0.0,801.990077,0.0,0.0,0.0,-17.620204,-17.620204,1.0,-17.620204,True,True
2024-08-06 06:00:00,20.76,20.98,20.62,20.93,127278.01,-0.00017,17,-19.776001,0.0,mean_reversion,,994.597033,-1.800862,-0.176738,False,,994.597033,-1.800862,994.597033,,mean_reversion,-2.155797,{},,7.0,AVAXUSDT,2024-08-06 06:00:00,,,,,801.990077,0.0,0.0,0.0,801.990077,0.0,0.0,0.0,-19.776001,-19.776001,1.0,-19.776001,True,False
2024-08-06 07:00:00,20.94,21.07,20.71,21.03,94431.69,-0.00017,17,-20.0,0.0,mean_reversion,,986.039307,-1.82517,-0.17483,False,,986.039307,-1.82517,986.039307,,mean_reversion,-0.223999,{},,8.0,AVAXUSDT,2024-08-06 07:00:00,,,,,801.990077,0.0,0.0,0.0,801.990077,0.0,0.0,0.0,-20.744821,-20.744821,1.0,-20.744821,True,False
2024-08-06 08:00:00,21.03,21.06,20.34,20.52,177947.98,-0.000455,17,-7.375212,0.0,mean_reversion,,1029.68371,-1.705422,0.967901,True,True,1028.68608,-0.738236,1029.68371,,mean_reversion,12.624788,{},,9.0,AVAXUSDT,2024-08-06 08:00:00,AVAXUSDT,20.52,48.568801,REDUCE_SHORT,801.990077,0.0,0.0,0.0,801.990077,0.0,0.0,0.0,-7.375212,-7.375212,1.0,-7.375212,True,True
2024-08-06 09:00:00,20.51,20.54,20.32,20.5,119154.98,-0.000455,17,-7.102688,0.0,mean_reversion,,1029.42625,-0.736987,0.026718,False,,1029.42625,-0.736987,1029.42625,,mean_reversion,0.272524,{},,10.0,AVAXUSDT,2024-08-06 09:00:00,,,,,801.990077,0.0,0.0,0.0,801.990077,0.0,0.0,0.0,-7.102688,-7.102688,1.0,-7.102688,True,False
2024-08-06 10:00:00,20.5,20.56,20.29,20.45,61765.26,-0.000455,17,-5.464679,0.0,mean_reversion,,1031.276673,-0.73387,0.187402,False,,1031.276673,-0.73387,1031.276673,,mean_reversion,1.638009,{},,11.0,AVAXUSDT,2024-08-06 10:00:00,,,,,801.990077,0.0,0.0,0.0,801.990077,0.0,0.0,0.0,-5.464679,-5.464679,1.0,-5.464679,True,False
2024-08-06 11:00:00,20.45,20.55,20.34,20.45,89535.42,-0.000455,17,-5.123289,0.0,mean_reversion,,1031.276673,-0.73387,0.221541,True,True,1031.047974,-0.512443,1031.276673,,mean_reversion,0.34139,{},,12.0,AVAXUSDT,2024-08-06 11:00:00,AVAXUSDT,20.45,11.172136,REDUCE_SHORT,801.990077,0.0,0.0,0.0,801.990077,0.0,0.0,0.0,-5.123289,-5.123289,1.0,-5.123289,True,True
2024-08-06 12:00:00,20.44,20.57,20.23,20.28,84183.54,-0.000455,17,0.161305,0.0,mean_reversion,,1035.440149,-0.506027,0.522158,True,True,1034.898961,0.016123,1035.440149,,mean_reversion,5.284594,{},,13.0,AVAXUSDT,2024-08-06 12:00:00,AVAXUSDT,20.28,0.823581,LONG,801.990077,0.0,0.0,0.0,801.990077,0.0,0.0,0.0,0.161305,0.161305,1.0,0.161305,True,True
2024-08-06 13:00:00,20.28,20.45,20.03,20.33,150843.43,-0.000455,17,-1.318788,0.0,mean_reversion,,1034.940099,0.016162,-0.148041,False,,1034.940099,0.016162,1034.940099,,mean_reversion,-1.480093,{},,14.0,AVAXUSDT,2024-08-06 13:00:00,,,,,801.990077,0.0,0.0,0.0,801.990077,0.0,0.0,0.0,-1.318788,-1.318788,1.0,-1.318788,True,False
2024-08-06 14:00:00,20.32,21.24,20.29,21.04,290780.43,-0.000455,17,-20.0,0.0,mean_reversion,,1035.524257,0.016717,-2.016717,True,True,1033.435897,-2.004042,1035.524257,,mean_reversion,-18.681212,{},,15.0,AVAXUSDT,2024-08-06 14:00:00,AVAXUSDT,21.04,98.433865,SHORT,801.990077,0.0,0.0,0.0,801.990077,0.0,0.0,0.0,-21.283376,-21.283376,1.0,-21.283376,True,True
2024-08-06 15:00:00,21.05,21.26,20.77,21.11,136687.5,-0.000455,17,-20.0,0.0,mean_reversion,,1026.545527,-2.024205,0.024205,False,,1026.545527,-2.024205,1026.545527,,mean_reversion,0.0,{},,16.0,AVAXUSDT,2024-08-06 15:00:00,,,,,801.990077,0.0,0.0,0.0,801.990077,0.0,0.0,0.0,-20.921383,-20.921383,1.0,-20.921383,True,False
2024-08-06 16:00:00,21.11,21.41,21.02,21.26,133073.51,-0.000238,17,-20.0,0.0,mean_reversion,,1011.780447,-2.068338,0.068338,False,,1011.780447,-2.068338,1011.780447,,mean_reversion,0.0,{},,17.0,AVAXUSDT,2024-08-06 16:00:00,,,,,801.990077,0.0,0.0,0.0,801.990077,0.0,0.0,0.0,-23.117583,-23.117583,1.0,-23.117583,True,False
2024-08-06 17:00:00,21.26,21.39,21.13,21.14,91002.45,-0.000238,17,-18.02388,0.0,mean_reversion,,1023.592511,-2.03293,0.230542,True,True,1023.356294,-1.802804,1023.592511,,mean_reversion,1.97612,{},,18.0,AVAXUSDT,2024-08-06 17:00:00,AVAXUSDT,21.14,11.162774,REDUCE_SHORT,801.990077,0.0,0.0,0.0,801.990077,0.0,0.0,0.0,-18.02388,-18.02388,1.0,-18.02388,True,True
2024-08-06 18:00:00,21.14,21.46,21.14,21.21,120429.25,-0.000238,17,0.0,0.0,unknown,,1017.247317,-1.819636,1.819636,True,True,1015.394445,0.0,1017.247317,,unknown,18.02388,{},,1.0,AVAXUSDT,2024-08-06 18:00:00,AVAXUSDT,21.21,-87.27109,CLOSE,801.990077,0.0,0.0,0.0,801.990077,0.0,0.0,0.0,,,,,True,True
2024-08-06 19:00:00,21.21,21.33,21.08,21.13,51377.27,-0.000238,17,0.0,0.0,unknown,,1015.394445,0.0,0.0,,,1015.394445,0.0,1015.394445,,unknown,0.0,{},,2.0,,,,,,,801.990077,0.0,0.0,0.0,801.990077,0.0,0.0,0.0,,,,,,
2024-08-06 20:00:00,21.12,21.23,20.91,21.07,93127.46,-0.000238,17,0.0,0.0,unknown,,1015.394445,0.0,0.0,,,1015.394445,0.0,1015.394445,,unknown,0.0,{},,3.0,,,,,,,801.990077,0.0,0.0,0.0,801.990077,0.0,0.0,0.0,,,,,,
2024-08-06 21:00:00,21.08,21.18,20.96,21.14,47125.59,-0.000238,17,0.0,0.0,unknown,,1015.394445,0.0,0.0,,,1015.394445,0.0,1015.394445,,unknown,0.0,{},,4.0,,,,,,,801.990077,0.0,0.0,0.0,801.990077,0.0,0.0,0.0,,,,,,
2024-08-06 22:00:00,21.14,21.37,20.92,21.06,74233.43,-0.000238,17,0.0,0.0,unknown,,1015.394445,0.0,0.0,,,1015.394445,0.0,1015.394445,,unknown,0.0,{},,5.0,,,,,,,801.990077,0.0,0.0,0.0,801.990077,0.0,0.0,0.0,,,,,,
2024-08-06 23:00:00,21.06,21.14,20.77,20.89,78741.79,-0.000238,17,0.0,0.0,unknown,,1015.394445,0.0,0.0,,,1015.394445,0.0,1015.394445,,unknown,0.0,{},,6.0,,,,,,,801.990077,0.0,0.0,0.0,801.990077,0.0,0.0,0.0,,,,,,
2024-08-07 00:00:00,20.88,21.04,20.67,20.86,56025.41,-0.000206,29,0.0,0.0,unknown,,1015.394445,0.0,0.0,,,1015.394445,0.0,1015.394445,,unknown,0.0,{},,7.0,,,,,,,801.990077,0.0,0.0,0.0,801.990077,0.0,0.0,0.0,,,,,,
2024-08-07 01:00:00,20.86,21.19,20.57,21.15,78327.7,-0.000206,29,0.0,0.0,unknown,,1015.394445,0.0,0.0,,,1015.394445,0.0,1015.394445,,unknown,0.0,{},,8.0,,,,,,,801.990077,0.0,0.0,0.0,801.990077,0.0,0.0,0.0,,,,,,
2024-08-07 02:00:00,21.15,21.47,20.89,21.01,129454.91,-0.000206,29,0.0,0.0,unknown,,1015.394445,0.0,0.0,,,1015.394445,0.0,1015.394445,,unknown,0.0,{},,9.0,,,,,,,801.990077,0.0,0.0,0.0,801.990077,0.0,0.0,0.0,,,,,,
2024-08-07 03:00:00,21.02,21.33,21.01,21.22,98453.9,-0.000206,29,0.0,0.0,unknown,,1015.394445,0.0,0.0,,,1015.394445,0.0,1015.394445,,unknown,0.0,{},,10.0,,,,,,,801.990077,0.0,0.0,0.0,801.990077,0.0,0.0,0.0,,,,,,
2024-08-07 04:00:00,21.21,21.61,21.17,21.45,96554.84,-0.000206,29,0.0,0.0,unknown,,1015.394445,0.0,0.0,,,1015.394445,0.0,1015.394445,,unknown,0.0,{},,11.0,,,,,,,801.990077,0.0,0.0,0.0,801.990077,0.0,0.0,0.0,,,,,,
2024-08-07 05:00:00,21.45,21.7,21.4,21.41,64382.17,-0.000206,29,0.0,0.0,unknown,,1015.394445,0.0,0.0,,,1015.394445,0.0,1015.394445,,unknown,0.0,{},,12.0,,,,,,,801.990077,0.0,0.0,0.0,801.990077,0.0,0.0,0.0,,,,,,
2024-08-07 06:00:00,21.4,21.54,21.23,21.27,105705.46,-0.000206,29,0.0,0.0,unknown,,1015.394445,0.0,0.0,,,1015.394445,0.0,1015.394445,,unknown,0.0,{},,13.0,,,,,,,801.990077,0.0,0.0,0.0,801.990077,0.0,0.0,0.0,,,,,,
2024-08-07 07:00:00,21.27,21.35,21.07,21.24,47422.12,-0.000206,29,0.0,0.0,unknown,,1015.394445,0.0,0.0,,,1015.394445,0.0,1015.394445,,unknown,0.0,{},,14.0,,,,,,,801.990077,0.0,0.0,0.0,801.990077,0.0,0.0,0.0,,,,,,
2024-08-07 08:00:00,21.24,21.41,21.15,21.26,45715.27,-0.000206,29,0.0,0.0,unknown,,1015.394445,0.0,0.0,,,1015.394445,0.0,1015.394445,,unknown,0.0,{},,15.0,,,,,,,801.990077,0.0,0.0,0.0,801.990077,0.0,0.0,0.0,,,,,,
2024-08-07 09:00:00,21.26,21.48,21.16,21.3,76921.18,-0.000284,29,0.0,0.0,unknown,,1015.394445,0.0,0.0,,,1015.394445,0.0,1015.394445,,unknown,0.0,{},,16.0,,,,,,,801.990077,0.0,0.0,0.0,801.990077,0.0,0.0,0.0,,,,,,
2024-08-07 10:00:00,21.29,21.53,21.19,21.21,67127.07,-0.000284,29,0.0,0.0,unknown,,1015.394445,0.0,0.0,,,1015.394445,0.0,1015.394445,,unknown,0.0,{},,17.0,,,,,,,801.990077,0.0,0.0,0.0,801.990077,0.0,0.0,0.0,,,,,,
2024-08-07 11:00:00,21.21,21.24,20.91,20.95,105185.68,-0.000284,29,0.0,0.0,unknown,,1015.394445,0.0,0.0,,,1015.394445,0.0,1015.394445,,unknown,0.0,{},,18.0,,,,,,,801.990077,0.0,0.0,0.0,801.990077,0.0,0.0,0.0,,,,,,
2024-08-07 12:00:00,20.95,21.1,20.85,21.05,70976.06,-0.000284,29,0.0,0.0,unknown,,1015.394445,0.0,0.0,,,1015.394445,0.0,1015.394445,,unknown,0.0,{},,19.0,,,,,,,801.990077,0.0,0.0,0.0,801.990077,0.0,0.0,0.0,,,,,,
2024-08-07 13:00:00,21.05,21.14,20.81,20.92,126775.1,-0.000284,29,0.0,0.0,unknown,,1015.394445,0.0,0.0,,,1015.394445,0.0,1015.394445,,unknown,0.0,{},,20.0,,,,,,,801.990077,0.0,0.0,0.0,801.990077,0.0,0.0,0.0,,,,,,
2024-08-07 14:00:00,20.92,20.98,20.11,20.37,193536.74,-0.000284,29,0.0,0.0,unknown,,1015.394445,0.0,0.0,,,1015.394445,0.0,1015.394445,,unknown,0.0,{},,21.0,,,,,,,801.990077,0.0,0.0,0.0,801.990077,0.0,0.0,0.0,,,,,,
2024-08-07 15:00:00,20.37,20.53,20.22,20.42,102750.52,-0.000284,29,0.0,0.0,unknown,,1015.394445,0.0,0.0,,,1015.394445,0.0,1015.394445,,unknown,0.0,{},,22.0,,,,,,,801.990077,0.0,0.0,0.0,801.990077,0.0,0.0,0.0,,,,,,
2024-08-07 16:00:00,20.41,20.47,20.25,20.38,61903.69,-0.000258,29,0.0,0.0,unknown,,1015.394445,0.0,0.0,,,1015.394445,0.0,1015.394445,,unknown,0.0,{},,23.0,,,,,,,801.990077,0.0,0.0,0.0,801.990077,0.0,0.0,0.0,,,,,,
2024-08-07 17:00:00,20.38,20.44,20.12,20.26,65410.59,-0.000258,29,0.0,0.0,unknown,,1015.394445,0.0,0.0,,,1015.394445,0.0,1015.394445,,unknown,0.0,{},,24.0,,,,,,,801.990077,0.0,0.0,0.0,801.990077,0.0,0.0,0.0,,,,,,
2024-08-07 18:00:00,20.26,20.3,19.84,19.89,122426.65,-0.000258,29,0.0,0.0,unknown,,1015.394445,0.0,0.0,,,1015.394445,0.0,1015.394445,,unknown,0.0,{},,25.0,,,,,,,801.990077,0.0,0.0,0.0,801.990077,0.0,0.0,0.0,,,,,,
2024-08-07 19:00:00,19.9,20.08,19.86,20.0,78571.1,-0.000258,29,0.0,0.0,unknown,,1015.394445,0.0,0.0,,,1015.394445,0.0,1015.394445,,unknown,0.0,{},,26.0,,,,,,,801.990077,0.0,0.0,0.0,801.990077,0.0,0.0,0.0,,,,,,
2024-08-07 20:00:00,19.99,20.16,19.71,19.99,190938.84,-0.000258,29,0.0,0.0,unknown,,1015.394445,0.0,0.0,,,1015.394445,0.0,1015.394445,,unknown,0.0,{},,27.0,,,,,,,801.990077,0.0,0.0,0.0,801.990077,0.0,0.0,0.0,,,,,,
2024-08-07 21:00:00,20.0,20.12,19.86,20.06,96569.19,-0.000258,29,0.0,0.0,unknown,,1015.394445,0.0,0.0,,,1015.394445,0.0,1015.394445,,unknown,0.0,{},,28.0,,,,,,,801.990077,0.0,0.0,0.0,801.990077,0.0,0.0,0.0,,,,,,
2024-08-07 22:00:00,20.05,20.08,19.71,19.99,54532.96,-0.000258,29,0.0,0.0,unknown,,1015.394445,0.0,0.0,,,1015.394445,0.0,1015.394445,,unknown,0.0,{},,29.0,,,,,,,801.990077,0.0,0.0,0.0,801.990077,0.0,0.0,0.0,,,,,,
2024-08-07 23:00:00,19.99,20.04,19.79,19.85,49965.38,-0.000258,29,0.0,0.0,unknown,,1015.394445,0.0,0.0,,,1015.394445,0.0,1015.394445,,unknown,0.0,{},,30.0,,,,,,,801.990077,0.0,0.0,0.0,801.990077,0.0,0.0,0.0,,,,,,
2024-08-08 00:00:00,19.86,19.97,19.52,19.85,100230.55,-0.000258,20,20.0,0.0,mean_reversion,,1015.394445,0.0,2.0,True,True,1013.363656,2.002004,1015.394445,,mean_reversion,20.0,{},,1.0,AVAXUSDT,2024-08-08 00:00:00,AVAXUSDT,19.85,102.306745,LONG,801.990077,0.0,0.0,0.0,801.990077,0.0,0.0,0.0,20.492146,20.492146,1.0,20.492146,True,True
2024-08-08 01:00:00,19.85,20.53,19.84,20.52,200917.72,-0.000103,20,-4.625686,0.0,mean_reversion,,1081.840629,1.93858,-2.401149,True,True,1079.242969,-0.463682,1081.840629,,mean_reversion,-24.625686,{},,2.0,AVAXUSDT,2024-08-08 01:00:00,AVAXUSDT,20.52,24.387209,SHORT,801.990077,0.0,0.0,0.0,801.990077,0.0,0.0,0.0,-4.625686,-4.625686,1.0,-4.625686,True,True
2024-08-08 02:00:00,20.51,20.94,20.51,20.86,120062.34,-0.000103,20,-15.18778,0.0,mean_reversion,,1070.951318,-0.475014,-1.043764,True,True,1069.833498,-1.520365,1070.951318,,mean_reversion,-10.562094,{},,3.0,AVAXUSDT,2024-08-08 02:00:00,AVAXUSDT,20.86,53.586775,SHORT,801.990077,0.0,0.0,0.0,801.990077,0.0,0.0,0.0,-15.18778,-15.18778,1.0,-15.18778,True,True
2024-08-08 03:00:00,20.86,20.91,20.65,20.66,58797.57,-0.000103,20,-7.248884,0.0,mean_reversion,,1085.428294,-1.484154,0.759265,True,True,1084.603341,-0.72544,1085.428294,,mean_reversion,7.938897,{},,4.0,AVAXUSDT,2024-08-08 03:00:00,AVAXUSDT,20.66,39.890038,REDUCE_SHORT,801.990077,0.0,0.0,0.0,801.990077,0.0,0.0,0.0,-7.248884,-7.248884,1.0,-7.248884,True,True
2024-08-08 04:00:00,20.65,20.85,20.62,20.64,34176.4,-0.000103,20,-5.929622,0.0,mean_reversion,,1085.36502,-0.724229,0.131267,False,,1085.36502,-0.724229,1085.36502,,mean_reversion,1.319261,{},,5.0,AVAXUSDT,2024-08-08 04:00:00,,,,,801.990077,0.0,0.0,0.0,801.990077,0.0,0.0,0.0,-5.929622,-5.929622,1.0,-5.929622,True,False
2024-08-08 05:00:00,20.63,20.83,20.61,20.76,29105.02,-0.000103,20,-9.426724,0.0,mean_reversion,,1080.794947,-0.73152,-0.211153,True,True,1080.566734,-0.942872,1080.794947,,mean_reversion,-3.497102,{},,6.0,AVAXUSDT,2024-08-08 05:00:00,AVAXUSDT,20.76,10.992912,SHORT,801.990077,0.0,0.0,0.0,801.990077,0.0,0.0,0.0,-9.426724,-9.426724,1.0,-9.426724,True,True
2024-08-08 06:00:00,20.76,20.85,20.65,20.75,49673.11,-0.000103,20,-8.357783,0.0,mean_reversion,,1081.057502,-0.941989,0.106211,False,,1081.057502,-0.941989,1081.057502,,mean_reversion,1.068941,{},,7.0,AVAXUSDT,2024-08-08 06:00:00,,,,,801.990077,0.0,0.0,0.0,801.990077,0.0,0.0,0.0,-8.357783,-8.357783,1.0,-8.357783,True,False
2024-08-08 07:00:00,20.74,20.78,20.57,20.58,50249.48,-0.000103,20,-1.832024,0.0,mean_reversion,,1089.400568,-0.927117,0.743915,True,True,1088.589336,-0.183339,1089.400568,,mean_reversion,6.525759,{},,8.0,AVAXUSDT,2024-08-08 07:00:00,AVAXUSDT,20.58,39.379056,REDUCE_SHORT,801.990077,0.0,0.0,0.0,801.990077,0.0,0.0,0.0,-1.832024,-1.832024,1.0,-1.832024,True,True
2024-08-08 08:00:00,20.58,20.65,20.5,20.58,49558.51,-0.000119,20,-1.681568,0.0,mean_reversion,,1088.589336,-0.183339,0.015182,False,,1088.589336,-0.183339,1088.589336,,mean_reversion,0.150456,{},,9.0,AVAXUSDT,2024-08-08 08:00:00,,,,,801.990077,0.0,0.0,0.0,801.990077,0.0,0.0,0.0,-1.681568,-1.681568,1.0,-1.681568,True,False
2024-08-08 09:00:00,20.58,20.71,20.5,20.61,34187.1,-0.000119,20,-2.615912,0.0,mean_reversion,,1088.298402,-0.183655,-0.077936,False,,1088.298402,-0.183655,1088.298402,,mean_reversion,-0.934344,{},,10.0,AVAXUSDT,2024-08-08 09:00:00,,,,,801.990077,0.0,0.0,0.0,801.990077,0.0,0.0,0.0,-2.615912,-2.615912,1.0,-2.615912,True,False
2024-08-08 10:00:00,20.61,20.66,20.48,20.6,44350.9,-0.000119,20,-2.238761,0.0,mean_reversion,,1088.39538,-0.18355,-0.040326,False,,1088.39538,-0.18355,1088.39538,,mean_reversion,0.377151,{},,11.0,AVAXUSDT,2024-08-08 10:00:00,,,,,801.990077,0.0,0.0,0.0,801.990077,0.0,0.0,0.0,-2.238761,-2.238761,1.0,-2.238761,True,False
2024-08-08 11:00:00,20.61,20.69,20.52,20.57,64420.2,-0.000119,20,-0.856719,0.0,mean_reversion,,1088.686314,-0.183233,0.097562,False,,1088.686314,-0.183233,1088.686314,,mean_reversion,1.382042,{},,12.0,AVAXUSDT,2024-08-08 11:00:00,,,,,801.990077,0.0,0.0,0.0,801.990077,0.0,0.0,0.0,-0.856719,-0.856719,1.0,-0.856719,True,False
2024-08-08 12:00:00,20.57,21.14,20.46,20.8,154894.52,-0.000119,20,-9.376609,0.0,mean_reversion,,1086.45582,-0.185663,-0.751998,True,True,1085.638807,-0.938367,1086.45582,,mean_reversion,-8.519891,{},,13.0,AVAXUSDT,2024-08-08 12:00:00,AVAXUSDT,20.8,39.279465,SHORT,801.990077,0.0,0.0,0.0,801.990077,0.0,0.0,0.0,-9.376609,-9.376609,1.0,-9.376609,True,True
2024-08-08 13:00:00,20.8,20.98,20.4,20.63,109538.21,-0.000119,20,-2.003598,0.0,mean_reversion,,1093.964942,-0.923614,0.723254,True,True,1093.172936,-0.200505,1093.964942,,mean_reversion,7.373012,{},,14.0,AVAXUSDT,2024-08-08 13:00:00,AVAXUSDT,20.63,38.352617,REDUCE_SHORT,801.990077,0.0,0.0,0.0,801.990077,0.0,0.0,0.0,-2.003598,-2.003598,1.0,-2.003598,True,True
2024-08-08 14:00:00,20.62,21.44,20.57,21.39,162680.87,-0.000119,20,-20.0,0.0,mean_reversion,,1085.098201,-0.209438,-1.790562,True,True,1083.155266,-2.003588,1085.098201,,mean_reversion,-17.996402,{},,15.0,AVAXUSDT,2024-08-08 14:00:00,AVAXUSDT,21.39,90.833806,SHORT,801.990077,0.0,0.0,0.0,801.990077,0.0,0.0,0.0,-24.0,-24.0,1.0,-24.0,True,True
2024-08-08 15:00:00,21.39,21.96,21.3,21.96,293479.17,-0.000119,20,-20.0,0.0,mean_reversion,,1025.323945,-2.172999,0.172999,False,,1025.323945,-2.172999,1025.323945,,mean_reversion,0.0,{},,16.0,AVAXUSDT,2024-08-08 15:00:00,,,,,801.990077,0.0,0.0,0.0,801.990077,0.0,0.0,0.0,-24.0,-24.0,1.0,-24.0,True,False
2024-08-08 16:00:00,21.96,22.23,21.93,22.0,232415.62,-9.2e-05,20,-20.0,0.0,mean_reversion,,1021.265607,-2.185608,0.185608,False,,1021.265607,-2.185608,1021.265607,,mean_reversion,0.0,{},,17.0,AVAXUSDT,2024-08-08 16:00:00,,,,,801.990077,0.0,0.0,0.0,801.990077,0.0,0.0,0.0,-24.0,-24.0,1.0,-24.0,True,False
2024-08-08 17:00:00,22.0,22.08,21.81,21.82,79078.52,-9.2e-05,20,-20.0,0.0,mean_reversion,,1039.528129,-2.129643,0.129643,False,,1039.528129,-2.129643,1039.528129,,mean_reversion,0.0,{},,18.0,AVAXUSDT,2024-08-08 17:00:00,,,,,801.990077,0.0,0.0,0.0,801.990077,0.0,0.0,0.0,-24.0,-24.0,1.0,-24.0,True,False
2024-08-08 18:00:00,21.82,21.89,21.7,21.77,50137.47,-9.2e-05,20,0.0,0.0,unknown,,1044.601052,-2.114444,2.114444,True,True,1042.39009,0.0,1044.601052,,unknown,20.0,{},,1.0,AVAXUSDT,2024-08-08 18:00:00,AVAXUSDT,21.77,-101.458457,CLOSE,801.990077,0.0,0.0,0.0,801.990077,0.0,0.0,0.0,,,,,True,True
2024-08-08 19:00:00,21.76,21.78,21.62,21.68,43771.09,-9.2e-05,20,0.0,0.0,unknown,,1042.39009,0.0,0.0,,,1042.39009,0.0,1042.39009,,unknown,0.0,{},,2.0,,,,,,,801.990077,0.0,0.0,0.0,801.990077,0.0,0.0,0.0,,,,,,
2024-08-08 20:00:00,21.67,21.9,21.66,21.75,61275.12,-9.2e-05,20,0.0,0.0,unknown,,1042.39009,0.0,0.0,,,1042.39009,0.0,1042.39009,,unknown,0.0,{},,3.0,,,,,,,801.990077,0.0,0.0,0.0,801.990077,0.0,0.0,0.0,,,,,,
2024-08-08 21:00:00,21.75,22.27,21.75,22.22,81893.01,-9.2e-05,20,-20.0,0.0,mean_reversion,,1042.39009,0.0,-2.0,True,True,1040.30531,-2.004008,1042.39009,,mean_reversion,-20.0,{},,1.0,AVAXUSDT,2024-08-08 21:00:00,AVAXUSDT,22.22,93.824491,SHORT,801.990077,0.0,0.0,0.0,801.990077,0.0,0.0,0.0,-24.0,-24.0,1.0,-24.0,True,True
2024-08-08 22:00:00,22.23,22.71,22.06,22.7,187522.25,-9.2e-05,20,-20.0,0.0,mean_reversion,,995.269555,-2.139939,0.139939,False,,995.269555,-2.139939,995.269555,,mean_reversion,0.0,{},,2.0,AVAXUSDT,2024-08-08 22:00:00,,,,,801.990077,0.0,0.0,0.0,801.990077,0.0,0.0,0.0,-24.0,-24.0,1.0,-24.0,True,False
2024-08-08 23:00:00,22.71,22.8,22.59,22.73,105864.81,-9.2e-05,20,0.0,0.0,unknown,,992.45482,-2.148844,2.148844,True,True,990.320055,0.0,992.45482,,unknown,20.0,{},,1.0,AVAXUSDT,2024-08-08 23:00:00,AVAXUSDT,22.73,-93.824491,CLOSE,801.990077,0.0,0.0,0.0,801.990077,0.0,0.0,0.0,,,,,True,True
2024-08-09 00:00:00,22.73,22.8,22.56,22.67,69631.07,-0.000137,48,0.0,0.0,unknown,,990.320055,0.0,0.0,,,990.320055,0.0,990.320055,,unknown,0.0,{},,2.0,,,,,,,801.990077,0.0,0.0,0.0,801.990077,0.0,0.0,0.0,,,,,,
2024-08-09 01:00:00,22.66,22.68,22.4,22.41,74686.52,-0.000137,48,0.0,0.0,unknown,,990.320055,0.0,0.0,,,990.320055,0.0,990.320055,,unknown,0.0,{},,3.0,,,,,,,801.990077,0.0,0.0,0.0,801.990077,0.0,0.0,0.0,,,,,,
2024-08-09 02:00:00,22.42,22.45,22.31,22.33,41734.59,-0.000137,48,0.0,0.0,unknown,,990.320055,0.0,0.0,,,990.320055,0.0,990.320055,,unknown,0.0,{},,4.0,,,,,,,801.990077,0.0,0.0,0.0,801.990077,0.0,0.0,0.0,,,,,,
2024-08-09 03:00:00,22.33,22.4,22.19,22.2,32323.01,-0.000137,48,0.0,0.0,unknown,,990.320055,0.0,0.0,,,990.320055,0.0,990.320055,,unknown,0.0,{},,5.0,,,,,,,801.990077,0.0,0.0,0.0,801.990077,0.0,0.0,0.0,,,,,,
2024-08-09 04:00:00,22.19,22.19,21.71,21.72,138395.03,-0.000137,48,0.0,0.0,unknown,,990.320055,0.0,0.0,,,990.320055,0.0,990.320055,,unknown,0.0,{},,6.0,,,,,,,801.990077,0.0,0.0,0.0,801.990077,0.0,0.0,0.0,,,,,,
2024-08-09 05:00:00,21.72,21.87,21.62,21.78,87777.22,-0.000137,48,0.0,0.0,unknown,,990.320055,0.0,0.0,,,990.320055,0.0,990.320055,,unknown,0.0,{},,7.0,,,,,,,801.990077,0.0,0.0,0.0,801.990077,0.0,0.0,0.0,,,,,,
2024-08-09 06:00:00,21.78,21.89,21.71,21.83,75344.13,-0.000137,48,0.0,0.0,unknown,,990.320055,0.0,0.0,,,990.320055,0.0,990.320055,,unknown,0.0,{},,8.0,,,,,,,801.990077,0.0,0.0,0.0,801.990077,0.0,0.0,0.0,,,,,,
2024-08-09 07:00:00,21.83,22.0,21.78,21.83,57279.62,-0.000137,48,-0.721607,0.0,mean_reversion,,990.320055,0.0,-0.072161,False,,990.320055,0.0,990.320055,,mean_reversion,-0.721607,{},,1.0,AVAXUSDT,2024-08-09 07:00:00,,,,,801.990077,0.0,0.0,0.0,801.990077,0.0,0.0,0.0,-0.721607,-0.721607,1.0,-0.721607,True,False
2024-08-09 08:00:00,21.82,21.88,21.62,21.84,198823.5,-4.8e-05,48,-1.041164,0.0,mean_reversion,,990.320055,0.0,-0.104116,False,,990.320055,0.0,990.320055,,mean_reversion,-0.319557,{},,2.0,AVAXUSDT,2024-08-09 08:00:00,,,,,801.990077,0.0,0.0,0.0,801.990077,0.0,0.0,0.0,-1.041164,-1.041164,1.0,-1.041164,True,False
2024-08-09 09:00:00,21.84,21.94,21.64,21.69,91647.11,-4.8e-05,48,4.468644,0.0,mean_reversion,,990.320055,0.0,0.446864,True,True,989.877516,0.446617,990.320055,,mean_reversion,5.509808,{},,3.0,AVAXUSDT,2024-08-09 09:00:00,AVAXUSDT,21.69,20.402895,LONG,801.990077,0.0,0.0,0.0,801.990077,0.0,0.0,0.0,4.468644,4.468644,1.0,4.468644,True,True
2024-08-09 10:00:00,21.7,21.74,21.49,21.64,90687.91,-4.8e-05,48,6.463356,0.0,mean_reversion,,988.858391,0.446047,0.200289,True,True,988.660334,0.646265,988.858391,,mean_reversion,1.994712,{},,4.0,AVAXUSDT,2024-08-09 10:00:00,AVAXUSDT,21.64,9.152369,LONG,801.990077,0.0,0.0,0.0,801.990077,0.0,0.0,0.0,6.463356,6.463356,1.0,6.463356,True,True
2024-08-09 11:00:00,21.64,21.75,21.58,21.74,30719.66,-4.8e-05,48,2.003031,0.0,mean_reversion,,991.612905,0.647318,-0.447015,True,True,991.169639,0.200393,991.612905,,mean_reversion,-4.460325,{},,5.0,AVAXUSDT,2024-08-09 11:00:00,AVAXUSDT,21.74,20.389409,REDUCE_LONG,801.990077,0.0,0.0,0.0,801.990077,0.0,0.0,0.0,2.003031,2.003031,1.0,2.003031,True,True
2024-08-09 12:00:00,21.73,21.79,21.57,21.71,54424.23,-4.8e-05,48,3.166959,0.0,mean_reversion,,990.89555,0.200172,0.116524,False,,990.89555,0.200172,990.89555,,mean_reversion,1.163928,{},,6.0,AVAXUSDT,2024-08-09 12:00:00,,,,,801.990077,0.0,0.0,0.0,801.990077,0.0,0.0,0.0,3.166959,3.166959,1.0,3.166959,True,False
2024-08-09 13:00:00,21.71,21.77,21.39,21.68,73119.58,-4.8e-05,48,4.110471,0.0,mean_reversion,,990.621461,0.19995,0.211097,True,True,990.412344,0.410923,990.621461,,mean_reversion,0.943512,{},,7.0,AVAXUSDT,2024-08-09 13:00:00,AVAXUSDT,21.68,9.645624,LONG,801.990077,0.0,0.0,0.0,801.990077,0.0,0.0,0.0,4.110471,4.110471,1.0,4.110471,True,True
2024-08-09 14:00:00,21.67,21.96,21.29,21.58,139321.12,-4.8e-05,48,7.417982,0.0,mean_reversion,,988.535116,0.409804,0.331994,True,True,988.206928,0.741712,988.535116,,mean_reversion,3.307511,{},,8.0,AVAXUSDT,2024-08-09 14:00:00,AVAXUSDT,21.58,15.207962,LONG,801.990077,0.0,0.0,0.0,801.990077,0.0,0.0,0.0,7.417982,7.417982,1.0,7.417982,True,True
2024-08-09 15:00:00,21.57,21.67,21.35,21.37,46039.23,-4.8e-05,48,14.71035,0.0,mean_reversion,,981.074272,0.739835,0.7312,True,True,980.35691,1.47138,981.074272,,mean_reversion,7.292368,{},,9.0,AVAXUSDT,2024-08-09 15:00:00,AVAXUSDT,21.37,33.568643,LONG,801.990077,0.0,0.0,0.0,801.990077,0.0,0.0,0.0,14.71035,14.71035,1.0,14.71035,True,True
2024-08-09 16:00:00,21.37,21.6,21.33,21.55,41417.51,-0.000157,48,6.274396,0.0,mean_reversion,,992.506929,1.465609,-0.83817,True,True,991.67504,0.627966,992.506929,,mean_reversion,-8.435954,{},,10.0,AVAXUSDT,2024-08-09 16:00:00,AVAXUSDT,21.55,38.602743,REDUCE_LONG,801.990077,0.0,0.0,0.0,801.990077,0.0,0.0,0.0,6.274396,6.274396,1.0,6.274396,True,True
2024-08-09 17:00:00,21.55,21.68,21.49,21.51,30483.74,-0.000157,48,0.0,0.0,unknown,,990.519145,0.627532,-0.627532,True,True,989.897563,0.0,990.519145,,unknown,-6.274396,{},,1.0,AVAXUSDT,2024-08-09 17:00:00,AVAXUSDT,21.51,28.897364,CLOSE,801.990077,0.0,0.0,0.0,801.990077,0.0,0.0,0.0,,,,,True,True
2024-08-09 18:00:00,21.51,21.57,21.37,21.42,47654.0,-0.000157,48,0.0,0.0,unknown,,989.897563,0.0,0.0,,,989.897563,0.0,989.897563,,unknown,0.0,{},,2.0,,,,,,,801.990077,0.0,0.0,0.0,801.990077,0.0,0.0,0.0,,,,,,
2024-08-09 19:00:00,21.42,21.53,21.36,21.49,62174.42,-0.000157,48,0.0,0.0,unknown,,989.897563,0.0,0.0,,,989.897563,0.0,989.897563,,unknown,0.0,{},,3.0,,,,,,,801.990077,0.0,0.0,0.0,801.990077,0.0,0.0,0.0,,,,,,
2024-08-09 20:00:00,21.48,21.67,21.45,21.6,46281.33,-0.000157,48,1.724768,0.0,mean_reversion,,989.897563,0.0,0.172477,False,,989.897563,0.0,989.897563,,mean_reversion,1.724768,{},,1.0,AVAXUSDT,2024-08-09 20:00:00,,,,,801.990077,0.0,0.0,0.0,801.990077,0.0,0.0,0.0,1.724768,1.724768,1.0,1.724768,True,False
2024-08-09 21:00:00,21.59,21.72,21.39,21.7,62367.73,-0.000157,48,-2.888946,0.0,mean_reversion,,989.897563,0.0,-0.288895,True,True,989.611587,-0.288978,989.897563,,mean_reversion,-4.613714,{},,2.0,AVAXUSDT,2024-08-09 21:00:00,AVAXUSDT,21.7,13.178622,SHORT,801.990077,0.0,0.0,0.0,801.990077,0.0,0.0,0.0,-2.888946,-2.888946,1.0,-2.888946,True,True
2024-08-09 22:00:00,21.71,21.81,21.55,21.69,75596.3,-0.000157,48,-2.123457,0.0,mean_reversion,,989.743373,-0.288806,0.076461,False,,989.743373,-0.288806,989.743373,,mean_reversion,0.765489,{},,3.0,AVAXUSDT,2024-08-09 22:00:00,,,,,801.990077,0.0,0.0,0.0,801.990077,0.0,0.0,0.0,-2.123457,-2.123457,1.0,-2.123457,True,False
2024-08-09 23:00:00,21.7,21.8,21.56,21.74,40570.96,-0.000157,48,-4.068961,0.0,mean_reversion,,989.084442,-0.289665,-0.117231,False,,989.084442,-0.289665,989.084442,,mean_reversion,-1.945504,{},,4.0,AVAXUSDT,2024-08-09 23:00:00,,,,,801.990077,0.0,0.0,0.0,801.990077,0.0,0.0,0.0,-4.068961,-4.068961,1.0,-4.068961,True,False
2024-08-10 00:00:00,21.75,22.05,21.58,21.6,120911.32,-0.000101,40,2.369573,0.0,mean_reversion,,990.929449,-0.287264,0.524221,True,True,990.409698,0.236845,990.929449,,mean_reversion,6.438534,{},,5.0,AVAXUSDT,2024-08-10 00:00:00,AVAXUSDT,21.6,10.870741,LONG,801.990077,0.0,0.0,0.0,801.990077,0.0,0.0,0.0,2.369573,2.369573,1.0,2.369573,True,True
2024-08-10 01:00:00,21.6,21.81,21.53,21.62,63177.15,-0.000101,40,1.270737,0.0,mean_reversion,,990.626895,0.237012,-0.109938,False,,990.626895,0.237012,990.626895,,mean_reversion,-1.098837,{},,6.0,AVAXUSDT,2024-08-10 01:00:00,,,,,801.990077,0.0,0.0,0.0,801.990077,0.0,0.0,0.0,1.270737,1.270737,1.0,1.270737,True,False
2024-08-10 02:00:00,21.61,21.74,21.58,21.66,18798.52,-0.000101,40,-0.575698,0.0,mean_reversion,,991.06129,0.237346,-0.294916,True,True,990.76901,-0.057587,991.06129,,mean_reversion,-1.846435,{},,7.0,AVAXUSDT,2024-08-10 02:00:00,AVAXUSDT,21.66,2.634128,SHORT,801.990077,0.0,0.0,0.0,801.990077,0.0,0.0,0.0,-0.575698,-0.575698,1.0,-0.575698,True,True
2024-08-10 03:00:00,21.67,21.67,21.51,21.59,28044.22,-0.000101,40,2.53305,0.0,mean_reversion,,990.953399,-0.05739,0.310695,True,True,990.645458,0.25313,990.953399,,mean_reversion,3.108748,{},,8.0,AVAXUSDT,2024-08-10 03:00:00,AVAXUSDT,21.59,11.626376,LONG,801.990077,0.0,0.0,0.0,801.990077,0.0,0.0,0.0,2.53305,2.53305,1.0,2.53305,True,True
2024-08-10 04:00:00,21.59,21.6,21.41,21.51,19696.67,-0.000101,40,0.0,0.0,unknown,,989.716278,0.252429,-0.252429,True,True,989.466444,0.0,989.716278,,unknown,-2.53305,{},,1.0,AVAXUSDT,2024-08-10 04:00:00,AVAXUSDT,21.51,11.614749,CLOSE,801.990077,0.0,0.0,0.0,801.990077,0.0,0.0,0.0,,,,,True,True
2024-08-10 05:00:00,21.51,21.55,21.4,21.5,24535.81,-0.000101,40,0.0,0.0,unknown,,989.466444,0.0,0.0,,,989.466444,0.0,989.466444,,unknown,0.0,{},,2.0,,,,,,,801.990077,0.0,0.0,0.0,801.990077,0.0,0.0,0.0,,,,,,
2024-08-10 06:00:00,21.5,21.64,21.45,21.61,25809.16,-0.000101,40,0.0,0.0,unknown,,989.466444,0.0,0.0,,,989.466444,0.0,989.466444,,unknown,0.0,{},,3.0,,,,,,,801.990077,0.0,0.0,0.0,801.990077,0.0,0.0,0.0,,,,,,
2024-08-10 07:00:00,21.61,21.69,21.57,21.67,18998.81,-0.000101,40,-2.475587,0.0,mean_reversion,,989.466444,0.0,-0.247559,True,True,989.221493,-0.24762,989.466444,,mean_reversion,-2.475587,{},,1.0,AVAXUSDT,2024-08-10 07:00:00,AVAXUSDT,21.67,11.303693,SHORT,801.990077,0.0,0.0,0.0,801.990077,0.0,0.0,0.0,-2.475587,-2.475587,1.0,-2.475587,True,True
2024-08-10 08:00:00,21.68,21.7,21.55,21.6,17921.04,-4.2e-05,40,1.028172,0.0,mean_reversion,,990.012752,-0.246623,0.34944,True,True,989.666557,0.10275,990.012752,,mean_reversion,3.503759,{},,2.0,AVAXUSDT,2024-08-10 08:00:00,AVAXUSDT,21.6,4.712515,LONG,801.990077,0.0,0.0,0.0,801.990077,0.0,0.0,0.0,1.028172,1.028172,1.0,1.028172,True,True
2024-08-10 09:00:00,21.6,21.76,21.58,21.7,27076.78,-4.2e-05,40,-3.935793,0.0,mean_reversion,,990.137338,0.103177,-0.496756,True,True,989.645481,-0.393775,990.137338,,mean_reversion,-4.963965,{},,3.0,AVAXUSDT,2024-08-10 09:00:00,AVAXUSDT,21.7,17.958412,SHORT,801.990077,0.0,0.0,0.0,801.990077,0.0,0.0,0.0,-3.935793,-3.935793,1.0,-3.935793,True,True
2024-08-10 10:00:00,21.7,21.76,21.62,21.71,18295.7,-4.2e-05,40,-4.540455,0.0,mean_reversion,,989.465897,-0.394028,-0.060018,False,,989.465897,-0.394028,989.465897,,mean_reversion,-0.604663,{},,4.0,AVAXUSDT,2024-08-10 10:00:00,,,,,801.990077,0.0,0.0,0.0,801.990077,0.0,0.0,0.0,-4.540455,-4.540455,1.0,-4.540455,True,False
2024-08-10 11:00:00,21.71,21.8,21.68,21.79,25221.39,-4.2e-05,40,-8.910702,0.0,mean_reversion,,988.029224,-0.396055,-0.495015,True,True,987.540134,-0.891512,988.029224,,mean_reversion,-4.370247,{},,5.0,AVAXUSDT,2024-08-10 11:00:00,AVAXUSDT,21.79,22.445601,SHORT,801.990077,0.0,0.0,0.0,801.990077,0.0,0.0,0.0,-8.910702,-8.910702,1.0,-8.910702,True,True
2024-08-10 12:00:00,21.8,21.82,21.7,21.73,33361.72,-4.2e-05,40,0.0,0.0,unknown,,989.964375,-0.88688,0.88688,True,True,989.085517,0.0,989.964375,,unknown,8.910702,{},,1.0,AVAXUSDT,2024-08-10 12:00:00,AVAXUSDT,21.73,-40.404013,CLOSE,801.990077,0.0,0.0,0.0,801.990077,0.0,0.0,0.0,,,,,True,True
2024-08-10 13:00:00,21.72,21.73,21.56,21.57,32075.42,-4.2e-05,40,0.0,0.0,unknown,,989.085517,0.0,0.0,,,989.085517,0.0,989.085517,,unknown,0.0,{},,2.0,,,,,,,801.990077,0.0,0.0,0.0,801.990077,0.0,0.0,0.0,,,,,,
2024-08-10 14:00:00,21.57,21.66,21.55,21.62,31704.98,-4.2e-05,40,0.0,0.0,unknown,,989.085517,0.0,0.0,,,989.085517,0.0,989.085517,,unknown,0.0,{},,3.0,,,,,,,801.990077,0.0,0.0,0.0,801.990077,0.0,0.0,0.0,,,,,,
2024-08-10 15:00:00,21.62,21.9,21.62,21.7,77526.79,-4.2e-05,40,-3.196266,0.0,mean_reversion,,989.085517,0.0,-0.319627,True,True,988.769379,-0.319729,989.085517,,mean_reversion,-3.196266,{},,1.0,AVAXUSDT,2024-08-10 15:00:00,AVAXUSDT,21.7,14.568573,SHORT,801.990077,0.0,0.0,0.0,801.990077,0.0,0.0,0.0,-3.196266,-3.196266,1.0,-3.196266,True,True
2024-08-10 16:00:00,21.7,21.82,21.64,21.72,44345.71,-0.000275,40,-4.127127,0.0,mean_reversion,,988.478007,-0.320118,-0.092595,False,,988.478007,-0.320118,988.478007,,mean_reversion,-0.930862,{},,2.0,AVAXUSDT,2024-08-10 16:00:00,,,,,801.990077,0.0,0.0,0.0,801.990077,0.0,0.0,0.0,-4.127127,-4.127127,1.0,-4.127127,True,False
2024-08-10 17:00:00,21.72,21.78,21.62,21.75,37798.15,-0.000275,40,-5.789652,0.0,mean_reversion,,988.04095,-0.320702,-0.258263,True,True,987.785775,-0.579115,988.04095,,mean_reversion,-1.662524,{},,3.0,AVAXUSDT,2024-08-10 17:00:00,AVAXUSDT,21.75,11.732176,SHORT,801.990077,0.0,0.0,0.0,801.990077,0.0,0.0,0.0,-5.789652,-5.789652,1.0,-5.789652,True,True
2024-08-10 18:00:00,21.75,21.79,21.63,21.66,68491.14,-0.000275,40,0.0,0.0,unknown,,990.152843,-0.57534,0.57534,True,True,989.582598,0.0,990.152843,,unknown,5.789652,{},,1.0,AVAXUSDT,2024-08-10 18:00:00,AVAXUSDT,21.66,-26.300749,CLOSE,801.990077,0.0,0.0,0.0,801.990077,0.0,0.0,0.0,,,,,True,True
2024-08-10 19:00:00,21.65,21.7,21.61,21.63,15334.73,-0.000275,40,0.0,0.0,unknown,,989.582598,0.0,0.0,,,989.582598,0.0,989.582598,,unknown,0.0,{},,2.0,,,,,,,801.990077,0.0,0.0,0.0,801.990077,0.0,0.0,0.0,,,,,,
2024-08-10 20:00:00,21.63,21.7,21.6,21.69,15839.75,-0.000275,40,0.0,0.0,unknown,,989.582598,0.0,0.0,,,989.582598,0.0,989.582598,,unknown,0.0,{},,3.0,,,,,,,801.990077,0.0,0.0,0.0,801.990077,0.0,0.0,0.0,,,,,,
2024-08-10 21:00:00,21.69,21.77,21.66,21.71,26572.01,-0.000275,40,0.0,0.0,unknown,,989.582598,0.0,0.0,,,989.582598,0.0,989.582598,,unknown,0.0,{},,4.0,,,,,,,801.990077,0.0,0.0,0.0,801.990077,0.0,0.0,0.0,,,,,,
2024-08-10 22:00:00,21.71,21.72,21.6,21.63,19501.37,-0.000275,40,3.184413,0.0,mean_reversion,,989.582598,0.0,0.318441,True,True,989.267474,0.318224,989.582598,,mean_reversion,3.184413,{},,1.0,AVAXUSDT,2024-08-10 22:00:00,AVAXUSDT,21.63,14.568839,LONG,801.990077,0.0,0.0,0.0,801.990077,0.0,0.0,0.0,3.184413,3.184413,1.0,3.184413,True,True
2024-08-10 23:00:00,21.62,21.62,21.51,21.59,18774.14,-0.000275,40,0.0,0.0,unknown,,988.685303,0.317823,-0.317823,True,True,988.371077,0.0,988.685303,,unknown,-3.184413,{},,1.0,AVAXUSDT,2024-08-10 23:00:00,AVAXUSDT,21.59,14.55427,CLOSE,801.990077,0.0,0.0,0.0,801.990077,0.0,0.0,0.0,,,,,True,True
2024-08-11 00:00:00,21.59,21.7,21.54,21.65,26986.87,-0.000324,39,0.0,0.0,unknown,,988.371077,0.0,0.0,,,988.371077,0.0,988.371077,,unknown,0.0,{},,2.0,,,,,,,801.990077,0.0,0.0,0.0,801.990077,0.0,0.0,0.0,,,,,,
2024-08-11 01:00:00,21.66,21.68,21.56,21.67,16393.77,-0.000324,39,0.0,0.0,unknown,,988.371077,0.0,0.0,,,988.371077,0.0,988.371077,,unknown,0.0,{},,3.0,,,,,,,801.990077,0.0,0.0,0.0,801.990077,0.0,0.0,0.0,,,,,,
2024-08-11 02:00:00,21.66,21.74,21.63,21.67,16998.77,-0.000324,39,0.0,0.0,unknown,,988.371077,0.0,0.0,,,988.371077,0.0,988.371077,,unknown,0.0,{},,4.0,,,,,,,801.990077,0.0,0.0,0.0,801.990077,0.0,0.0,0.0,,,,,,
2024-08-11 03:00:00,21.68,22.18,21.68,21.99,75554.06,-0.000324,39,-20.0,0.0,mean_reversion,,988.371077,0.0,-2.0,True,True,986.394335,-2.004008,988.371077,,mean_reversion,-20.0,{},,1.0,AVAXUSDT,2024-08-11 03:00:00,AVAXUSDT,21.99,89.892776,SHORT,801.990077,0.0,0.0,0.0,801.990077,0.0,0.0,0.0,-24.0,-24.0,1.0,-24.0,True,True
2024-08-11 04:00:00,21.98,22.07,21.92,21.96,50213.25,-0.000324,39,-20.0,0.0,mean_reversion,,989.091118,-1.995818,-0.004182,False,,989.091118,-1.995818,989.091118,,mean_reversion,0.0,{},,2.0,AVAXUSDT,2024-08-11 04:00:00,,,,,801.990077,0.0,0.0,0.0,801.990077,0.0,0.0,0.0,-20.186353,-20.186353,1.0,-20.186353,True,False
2024-08-11 05:00:00,21.96,21.97,21.82,21.91,21010.2,-0.000324,39,0.0,0.0,unknown,,993.585757,-1.982265,1.982265,True,True,991.614235,0.0,993.585757,,unknown,20.0,{},,1.0,AVAXUSDT,2024-08-11 05:00:00,AVAXUSDT,21.91,-89.892776,CLOSE,801.990077,0.0,0.0,0.0,801.990077,0.0,0.0,0.0,,,,,True,True
2024-08-11 06:00:00,21.91,22.12,21.89,22.08,42780.11,-0.000324,39,0.0,0.0,unknown,,991.614235,0.0,0.0,,,991.614235,0.0,991.614235,,unknown,0.0,{},,2.0,,,,,,,801.990077,0.0,0.0,0.0,801.990077,0.0,0.0,0.0,,,,,,
2024-08-11 07:00:00,22.08,22.14,22.04,22.07,32365.99,-0.000324,39,0.0,0.0,unknown,,991.614235,0.0,0.0,,,991.614235,0.0,991.614235,,unknown,0.0,{},,3.0,,,,,,,801.990077,0.0,0.0,0.0,801.990077,0.0,0.0,0.0,,,,,,
2024-08-11 08:00:00,22.08,22.25,22.03,22.11,37123.18,-9.4e-05,39,0.0,0.0,unknown,,991.614235,0.0,0.0,,,991.614235,0.0,991.614235,,unknown,0.0,{},,4.0,,,,,,,801.990077,0.0,0.0,0.0,801.990077,0.0,0.0,0.0,,,,,,
2024-08-11 09:00:00,22.12,22.37,22.01,22.1,72655.49,-9.4e-05,39,0.0,0.0,unknown,,991.614235,0.0,0.0,,,991.614235,0.0,991.614235,,unknown,0.0,{},,5.0,,,,,,,801.990077,0.0,0.0,0.0,801.990077,0.0,0.0,0.0,,,,,,
2024-08-11 10:00:00,22.1,22.25,22.01,22.04,58743.15,-9.4e-05,39,0.0,0.0,unknown,,991.614235,0.0,0.0,,,991.614235,0.0,991.614235,,unknown,0.0,{},,6.0,,,,,,,801.990077,0.0,0.0,0.0,801.990077,0.0,0.0,0.0,,,,,,
2024-08-11 11:00:00,22.04,22.05,21.69,21.78,76369.56,-9.4e-05,39,0.0,0.0,unknown,,991.614235,0.0,0.0,,,991.614235,0.0,991.614235,,unknown,0.0,{},,7.0,,,,,,,801.990077,0.0,0.0,0.0,801.990077,0.0,0.0,0.0,,,,,,
2024-08-11 12:00:00,21.77,21.79,21.47,21.61,61253.79,-9.4e-05,39,0.0,0.0,unknown,,991.614235,0.0,0.0,,,991.614235,0.0,991.614235,,unknown,0.0,{},,8.0,,,,,,,801.990077,0.0,0.0,0.0,801.990077,0.0,0.0,0.0,,,,,,
2024-08-11 13:00:00,21.61,21.61,21.41,21.52,55351.07,-9.4e-05,39,0.0,0.0,unknown,,991.614235,0.0,0.0,,,991.614235,0.0,991.614235,,unknown,0.0,{},,9.0,,,,,,,801.990077,0.0,0.0,0.0,801.990077,0.0,0.0,0.0,,,,,,
2024-08-11 14:00:00,21.53,21.64,21.24,21.35,69694.65,-9.4e-05,39,0.0,0.0,unknown,,991.614235,0.0,0.0,,,991.614235,0.0,991.614235,,unknown,0.0,{},,10.0,,,,,,,801.990077,0.0,0.0,0.0,801.990077,0.0,0.0,0.0,,,,,,
2024-08-11 15:00:00,21.35,21.4,21.17,21.3,69439.35,-9.4e-05,39,0.0,0.0,unknown,,991.614235,0.0,0.0,,,991.614235,0.0,991.614235,,unknown,0.0,{},,11.0,,,,,,,801.990077,0.0,0.0,0.0,801.990077,0.0,0.0,0.0,,,,,,
2024-08-11 16:00:00,21.3,21.3,21.07,21.2,75272.28,-9.4e-05,39,0.0,0.0,unknown,,991.614235,0.0,0.0,,,991.614235,0.0,991.614235,,unknown,0.0,{},,12.0,,,,,,,801.990077,0.0,0.0,0.0,801.990077,0.0,0.0,0.0,,,,,,
2024-08-11 17:00:00,21.19,21.31,21.13,21.25,27889.13,-0.000331,39,0.0,0.0,unknown,,991.614235,0.0,0.0,,,991.614235,0.0,991.614235,,unknown,0.0,{},,13.0,,,,,,,801.990077,0.0,0.0,0.0,801.990077,0.0,0.0,0.0,,,,,,
2024-08-11 18:00:00,21.24,21.27,21.14,21.18,29493.04,-0.000331,39,0.0,0.0,unknown,,991.614235,0.0,0.0,,,991.614235,0.0,991.614235,,unknown,0.0,{},,14.0,,,,,,,801.990077,0.0,0.0,0.0,801.990077,0.0,0.0,0.0,,,,,,
2024-08-11 19:00:00,21.18,21.18,20.82,20.85,100777.31,-0.000331,39,0.0,0.0,unknown,,991.614235,0.0,0.0,,,991.614235,0.0,991.614235,,unknown,0.0,{},,15.0,,,,,,,801.990077,0.0,0.0,0.0,801.990077,0.0,0.0,0.0,,,,,,
2024-08-11 20:00:00,20.84,20.85,20.45,20.56,139001.67,-0.000331,39,0.0,0.0,unknown,,991.614235,0.0,0.0,,,991.614235,0.0,991.614235,,unknown,0.0,{},,16.0,,,,,,,801.990077,0.0,0.0,0.0,801.990077,0.0,0.0,0.0,,,,,,
2024-08-11 21:00:00,20.56,20.67,20.41,20.64,64812.44,-0.000331,39,0.0,0.0,unknown,,991.614235,0.0,0.0,,,991.614235,0.0,991.614235,,unknown,0.0,{},,17.0,,,,,,,801.990077,0.0,0.0,0.0,801.990077,0.0,0.0,0.0,,,,,,
2024-08-11 22:00:00,20.64,20.74,20.39,20.55,72180.63,-0.000331,39,0.0,0.0,unknown,,991.614235,0.0,0.0,,,991.614235,0.0,991.614235,,unknown,0.0,{},,18.0,,,,,,,801.990077,0.0,0.0,0.0,801.990077,0.0,0.0,0.0,,,,,,
2024-08-11 23:00:00,20.55,20.56,20.39,20.4,24172.28,-0.000331,39,0.0,0.0,unknown,,991.614235,0.0,0.0,,,991.614235,0.0,991.614235,,unknown,0.0,{},,19.0,,,,,,,801.990077,0.0,0.0,0.0,801.990077,0.0,0.0,0.0,,,,,,
2024-08-12 00:00:00,20.4,20.63,20.3,20.52,78727.69,-0.000372,25,0.0,0.0,unknown,,991.614235,0.0,0.0,,,991.614235,0.0,991.614235,,unknown,0.0,{},,20.0,,,,,,,801.990077,0.0,0.0,0.0,801.990077,0.0,0.0,0.0,,,,,,
2024-08-12 01:00:00,20.52,20.69,20.46,20.64,54563.8,-0.000372,25,0.0,0.0,unknown,,991.614235,0.0,0.0,,,991.614235,0.0,991.614235,,unknown,0.0,{},,21.0,,,,,,,801.990077,0.0,0.0,0.0,801.990077,0.0,0.0,0.0,,,,,,
2024-08-12 02:00:00,20.63,20.74,20.58,20.69,21001.08,-0.000372,25,0.0,0.0,unknown,,991.614235,0.0,0.0,,,991.614235,0.0,991.614235,,unknown,0.0,{},,22.0,,,,,,,801.990077,0.0,0.0,0.0,801.990077,0.0,0.0,0.0,,,,,,
2024-08-12 03:00:00,20.69,20.76,20.59,20.69,20455.4,-0.000372,25,0.0,0.0,unknown,,991.614235,0.0,0.0,,,991.614235,0.0,991.614235,,unknown,0.0,{},,23.0,,,,,,,801.990077,0.0,0.0,0.0,801.990077,0.0,0.0,0.0,,,,,,
2024-08-12 04:00:00,20.68,20.78,20.6,20.63,35114.3,-0.000372,25,0.0,0.0,unknown,,991.614235,0.0,0.0,,,991.614235,0.0,991.614235,,unknown,0.0,{},,24.0,,,,,,,801.990077,0.0,0.0,0.0,801.990077,0.0,0.0,0.0,,,,,,
2024-08-12 05:00:00,20.64,20.73,20.62,20.71,20842.39,-0.000372,25,12.713774,0.0,trending,,991.614235,0.0,1.271377,True,True,990.353519,1.271723,991.614235,,trending,12.713774,{},,1.0,AVAXUSDT,2024-08-12 05:00:00,AVAXUSDT,20.71,60.874742,LONG,801.990077,0.0,0.0,0.0,801.990077,0.0,0.0,0.0,12.713774,12.713774,1.0,12.713774,True,True
2024-08-12 06:00:00,20.71,20.75,20.6,20.66,25227.5,-0.000372,25,14.165287,0.0,trending,,987.312825,1.27256,0.143969,False,,987.312825,1.27256,987.312825,,trending,1.451513,{},,2.0,AVAXUSDT,2024-08-12 06:00:00,,,,,801.990077,0.0,0.0,0.0,801.990077,0.0,0.0,0.0,14.165287,14.165287,1.0,14.165287,True,False
2024-08-12 07:00:00,20.65,21.11,20.45,21.05,121599.34,-0.000372,25,0.0,0.0,unknown,,1011.030234,1.266166,-1.266166,True,True,1009.750102,0.0,1011.030234,,unknown,-14.165287,{},,1.0,AVAXUSDT,2024-08-12 07:00:00,AVAXUSDT,21.05,60.813867,CLOSE,801.990077,0.0,0.0,0.0,801.990077,0.0,0.0,0.0,,,,,True,True
2024-08-12 08:00:00,21.06,21.38,20.91,20.97,76582.01,-0.00019,25,0.0,0.0,unknown,,1009.750102,0.0,0.0,,,1009.750102,0.0,1009.750102,,unknown,0.0,{},,2.0,,,,,,,801.990077,0.0,0.0,0.0,801.990077,0.0,0.0,0.0,,,,,,
2024-08-12 09:00:00,20.98,21.14,20.97,21.04,37724.86,-0.00019,25,0.0,0.0,unknown,,1009.750102,0.0,0.0,,,1009.750102,0.0,1009.750102,,unknown,0.0,{},,3.0,,,,,,,801.990077,0.0,0.0,0.0,801.990077,0.0,0.0,0.0,,,,,,
2024-08-12 10:00:00,21.04,21.24,20.92,21.23,62870.85,-0.00019,25,0.0,0.0,unknown,,1009.750102,0.0,0.0,,,1009.750102,0.0,1009.750102,,unknown,0.0,{},,4.0,,,,,,,801.990077,0.0,0.0,0.0,801.990077,0.0,0.0,0.0,,,,,,
2024-08-12 11:00:00,21.23,21.58,21.19,21.53,109041.1,-0.00019,25,0.0,0.0,unknown,,1009.750102,0.0,0.0,,,1009.750102,0.0,1009.750102,,unknown,0.0,{},,5.0,,,,,,,801.990077,0.0,0.0,0.0,801.990077,0.0,0.0,0.0,,,,,,
2024-08-12 12:00:00,21.53,21.61,21.41,21.51,67039.83,-0.00019,25,0.0,0.0,unknown,,1009.750102,0.0,0.0,,,1009.750102,0.0,1009.750102,,unknown,0.0,{},,6.0,,,,,,,801.990077,0.0,0.0,0.0,801.990077,0.0,0.0,0.0,,,,,,
2024-08-12 13:00:00,21.51,21.61,20.74,20.81,138708.21,-0.00019,25,10.429473,0.0,mean_reversion,,1009.750102,0.0,1.042947,True,True,1008.696985,1.042992,1009.750102,,mean_reversion,10.429473,{},,1.0,AVAXUSDT,2024-08-12 13:00:00,AVAXUSDT,20.81,50.606256,LONG,801.990077,0.0,0.0,0.0,801.990077,0.0,0.0,0.0,10.429473,10.429473,1.0,10.429473,True,True
2024-08-12 14:00:00,20.81,21.71,20.6,21.6,239778.55,-0.00019,25,-18.871266,0.0,mean_reversion,,1048.635949,1.041355,-2.928481,True,True,1045.565038,-1.892669,1048.635949,,mean_reversion,-29.300739,{},,2.0,AVAXUSDT,2024-08-12 14:00:00,AVAXUSDT,21.6,91.616148,SHORT,801.990077,0.0,0.0,0.0,801.990077,0.0,0.0,0.0,-18.871266,-18.871266,1.0,-18.871266,True,True
2024-08-12 15:00:00,21.6,21.68,21.09,21.36,171643.02,-0.00019,25,-8.592277,0.0,mean_reversion,,1067.552913,-1.83309,0.973863,True,True,1066.512223,-0.860066,1067.552913,,mean_reversion,10.278989,{},,3.0,AVAXUSDT,2024-08-12 15:00:00,AVAXUSDT,21.36,48.672749,REDUCE_SHORT,801.990077,0.0,0.0,0.0,801.990077,0.0,0.0,0.0,-8.592277,-8.592277,1.0,-8.592277,True,True
2024-08-12 16:00:00,21.36,21.43,21.2,21.26,64919.76,-0.000172,25,-4.570957,0.0,mean_reversion,,1070.806563,-0.852607,0.395511,True,True,1070.382623,-0.457277,1070.806563,,mean_reversion,4.021319,{},,4.0,AVAXUSDT,2024-08-12 16:00:00,AVAXUSDT,21.26,19.920768,REDUCE_SHORT,801.990077,0.0,0.0,0.0,801.990077,0.0,0.0,0.0,-4.570957,-4.570957,1.0,-4.570957,True,True
2024-08-12 17:00:00,21.25,21.33,21.15,21.15,52445.28,-0.000172,25,-0.412783,0.0,mean_reversion,,1072.915112,-0.453837,0.412559,True,True,1072.472029,-0.041295,1072.915112,,mean_reversion,4.158175,{},,5.0,AVAXUSDT,2024-08-12 17:00:00,AVAXUSDT,21.15,20.928632,REDUCE_SHORT,801.990077,0.0,0.0,0.0,801.990077,0.0,0.0,0.0,-0.412783,-0.412783,1.0,-0.412783,True,True
2024-08-12 18:00:00,21.15,21.28,20.8,20.83,78672.41,-0.000172,25,10.401272,0.0,mean_reversion,,1073.142108,-0.040645,1.080772,True,True,1071.982242,1.040211,1073.142108,,mean_reversion,10.814055,{},,6.0,AVAXUSDT,2024-08-12 18:00:00,AVAXUSDT,20.83,53.58638,LONG,801.990077,0.0,0.0,0.0,801.990077,0.0,0.0,0.0,10.401272,10.401272,1.0,10.401272,True,True
2024-08-12 19:00:00,20.83,21.14,20.82,21.04,54303.66,-0.000172,25,2.296157,0.0,mean_reversion,,1083.224129,1.039794,-0.810178,True,True,1082.346524,0.229802,1083.224129,,mean_reversion,-8.105115,{},,7.0,AVAXUSDT,2024-08-12 19:00:00,AVAXUSDT,21.04,41.71125,REDUCE_LONG,801.990077,0.0,0.0,0.0,801.990077,0.0,0.0,0.0,2.296157,2.296157,1.0,2.296157,True,True
2024-08-12 20:00:00,21.05,21.22,20.99,21.03,52932.81,-0.000172,25,2.440418,0.0,mean_reversion,,1082.228309,0.229718,0.014324,False,,1082.228309,0.229718,1082.228309,,mean_reversion,0.144261,{},,8.0,AVAXUSDT,2024-08-12 20:00:00,,,,,801.990077,0.0,0.0,0.0,801.990077,0.0,0.0,0.0,2.440418,2.440418,1.0,2.440418,True,False
2024-08-12 21:00:00,21.02,21.03,20.67,20.96,119744.95,-0.000172,25,4.466752,0.0,mean_reversion,,1081.400801,0.229128,0.217547,True,True,1081.165546,0.446555,1081.400801,,mean_reversion,2.026334,{},,9.0,AVAXUSDT,2024-08-12 21:00:00,AVAXUSDT,20.96,11.224017,LONG,801.990077,0.0,0.0,0.0,801.990077,0.0,0.0,0.0,4.466752,4.466752,1.0,4.466752,True,True
2024-08-12 22:00:00,20.95,21.14,20.9,21.0,40687.01,-0.000172,25,2.698938,0.0,mean_reversion,,1082.086919,0.447026,-0.177132,False,,1082.086919,0.447026,1082.086919,,mean_reversion,-1.767814,{},,10.0,AVAXUSDT,2024-08-12 22:00:00,,,,,801.990077,0.0,0.0,0.0,801.990077,0.0,0.0,0.0,2.698938,2.698938,1.0,2.698938,True,False
2024-08-12 23:00:00,20.99,21.36,20.98,21.26,83635.94,-0.000172,25,-5.835978,0.0,mean_reversion,,1088.075847,0.45007,-1.033667,True,True,1086.951138,-0.584202,1088.075847,,mean_reversion,-8.534916,{},,11.0,AVAXUSDT,2024-08-12 23:00:00,AVAXUSDT,21.26,29.868233,SHORT,801.990077,0.0,0.0,0.0,801.990077,0.0,0.0,0.0,-5.835978,-5.835978,1.0,-5.835978,True,True
2024-08-13 00:00:00,21.27,21.34,21.16,21.28,45747.28,-0.00029,31,-5.911767,0.0,mean_reversion,,1086.353773,-0.585073,-0.006104,False,,1086.353773,-0.585073,1086.353773,,mean_reversion,-0.075789,{},,12.0,AVAXUSDT,2024-08-13 00:00:00,,,,,801.990077,0.0,0.0,0.0,801.990077,0.0,0.0,0.0,-5.911767,-5.911767,1.0,-5.911767,True,False
2024-08-13 01:00:00,21.28,21.35,21.17,21.3,28965.98,-0.00029,31,-5.926042,0.0,mean_reversion,,1085.756409,-0.585945,-0.006659,False,,1085.756409,-0.585945,1085.756409,,mean_reversion,-0.014275,{},,13.0,AVAXUSDT,2024-08-13 01:00:00,,,,,801.990077,0.0,0.0,0.0,801.990077,0.0,0.0,0.0,-5.926042,-5.926042,1.0,-5.926042,True,False
2024-08-13 02:00:00,21.3,21.3,21.07,21.19,35965.02,-0.00029,31,-1.899703,0.0,mean_reversion,,1089.041914,-0.58116,0.39119,True,True,1088.615466,-0.190045,1089.041914,,mean_reversion,4.026338,{},,14.0,AVAXUSDT,2024-08-13 02:00:00,AVAXUSDT,21.19,20.104869,REDUCE_SHORT,801.990077,0.0,0.0,0.0,801.990077,0.0,0.0,0.0,-1.899703,-1.899703,1.0,-1.899703,True,True
2024-08-13 03:00:00,21.19,21.21,20.79,20.85,94088.55,-0.00029,31,9.091716,0.0,mean_reversion,,1091.935009,-0.186427,1.095599,True,True,1090.738483,0.909259,1091.935009,,mean_reversion,10.991419,{},,15.0,AVAXUSDT,2024-08-13 03:00:00,AVAXUSDT,20.85,47.61421,LONG,801.990077,0.0,0.0,0.0,801.990077,0.0,0.0,0.0,9.091716,9.091716,1.0,9.091716,True,True
2024-08-13 04:00:00,20.85,21.0,20.72,21.0,28505.98,-0.00029,31,3.521006,0.0,mean_reversion,,1097.873473,0.909848,-0.557748,True,True,1097.261136,0.352297,1097.873473,,mean_reversion,-5.57071,{},,16.0,AVAXUSDT,2024-08-13 04:00:00,AVAXUSDT,21.0,29.158888,REDUCE_LONG,801.990077,0.0,0.0,0.0,801.990077,0.0,0.0,0.0,3.521006,3.521006,1.0,3.521006,True,True
2024-08-13 05:00:00,20.99,21.08,20.93,21.03,31118.9,-0.00029,31,2.208236,0.0,mean_reversion,,1097.813367,0.352623,-0.131799,False,,1097.813367,0.352623,1097.813367,,mean_reversion,-1.31277,{},,17.0,AVAXUSDT,2024-08-13 05:00:00,,,,,801.990077,0.0,0.0,0.0,801.990077,0.0,0.0,0.0,2.208236,2.208236,1.0,2.208236,True,False
2024-08-13 06:00:00,21.02,21.11,20.91,21.07,26227.73,-0.00029,31,0.694459,0.0,mean_reversion,,1098.549675,0.353057,-0.283611,True,True,1098.238115,0.069466,1098.549675,,mean_reversion,-1.513777,{},,18.0,AVAXUSDT,2024-08-13 06:00:00,AVAXUSDT,21.07,14.786931,REDUCE_LONG,801.990077,0.0,0.0,0.0,801.990077,0.0,0.0,0.0,0.694459,0.694459,1.0,0.694459,True,True
2024-08-13 07:00:00,21.06,21.11,20.96,20.99,29437.15,-0.00029,31,3.415195,0.0,mean_reversion,,1097.948453,0.06922,0.272299,True,True,1097.649482,0.34134,1097.948453,,mean_reversion,2.720736,{},,19.0,AVAXUSDT,2024-08-13 07:00:00,AVAXUSDT,20.99,14.24348,LONG,801.990077,0.0,0.0,0.0,801.990077,0.0,0.0,0.0,3.415195,3.415195,1.0,3.415195,True,True
2024-08-13 08:00:00,20.99,21.01,20.81,20.9,30031.48,-0.000369,31,6.200867,0.0,mean_reversion,,1096.042981,0.340375,0.279712,True,True,1095.736404,0.61998,1096.042981,,mean_reversion,2.785673,{},,20.0,AVAXUSDT,2024-08-13 08:00:00,AVAXUSDT,20.9,14.668727,LONG,801.990077,0.0,0.0,0.0,801.990077,0.0,0.0,0.0,6.200867,6.200867,1.0,6.200867,True,True
2024-08-13 09:00:00,20.9,20.9,20.68,20.78,55712.5,-0.000369,31,10.760242,0.0,mean_reversion,,1091.835916,0.618623,0.457401,True,True,1091.336508,1.076059,1091.835916,,mean_reversion,4.559375,{},,21.0,AVAXUSDT,2024-08-13 09:00:00,AVAXUSDT,20.78,24.033073,LONG,801.990077,0.0,0.0,0.0,801.990077,0.0,0.0,0.0,10.760242,10.760242,1.0,10.760242,True,True
2024-08-13 10:00:00,20.78,20.79,20.6,20.71,69510.46,-0.000369,31,14.512816,0.0,mean_reversion,,1087.38059,1.076336,0.374946,True,True,1086.972882,1.451451,1087.38059,,mean_reversion,3.752574,{},,22.0,AVAXUSDT,2024-08-13 10:00:00,AVAXUSDT,20.71,19.686569,LONG,801.990077,0.0,0.0,0.0,801.990077,0.0,0.0,0.0,14.512816,14.512816,1.0,14.512816,True,True
2024-08-13 11:00:00,20.71,20.85,20.68,20.85,39378.42,-0.000369,31,7.466733,0.0,mean_reversion,,1097.638081,1.447064,-0.700391,True,True,1096.869305,0.747197,1097.638081,,mean_reversion,-7.046082,{},,23.0,AVAXUSDT,2024-08-13 11:00:00,AVAXUSDT,20.85,36.871742,REDUCE_LONG,801.990077,0.0,0.0,0.0,801.990077,0.0,0.0,0.0,7.466733,7.466733,1.0,7.466733,True,True
2024-08-13 12:00:00,20.86,20.99,20.77,20.93,96475.47,-0.000369,31,2.893361,0.0,mean_reversion,,1100.013966,0.747919,-0.458583,True,True,1099.509517,0.289469,1100.013966,,mean_reversion,-4.573373,{},,24.0,AVAXUSDT,2024-08-13 12:00:00,AVAXUSDT,20.93,24.101674,REDUCE_LONG,801.990077,0.0,0.0,0.0,801.990077,0.0,0.0,0.0,2.893361,2.893361,1.0,2.893361,True,True
2024-08-13 13:00:00,20.94,21.05,20.79,21.02,72636.28,-0.000369,31,-1.714947,0.0,mean_reversion,,1100.87811,0.290352,-0.461847,True,True,1100.369673,-0.171574,1100.87811,,mean_reversion,-4.608307,{},,25.0,AVAXUSDT,2024-08-13 13:00:00,AVAXUSDT,21.02,8.981671,SHORT,801.990077,0.0,0.0,0.0,801.990077,0.0,0.0,0.0,-1.714947,-1.714947,1.0,-1.714947,True,True
2024-08-13 14:00:00,21.02,21.07,20.75,21.01,69610.92,-0.000369,31,-1.109896,0.0,mean_reversion,,1100.459489,-0.171478,0.060489,False,,1100.459489,-0.171478,1100.459489,,mean_reversion,0.605051,{},,26.0,AVAXUSDT,2024-08-13 14:00:00,,,,,801.990077,0.0,0.0,0.0,801.990077,0.0,0.0,0.0,-1.109896,-1.109896,1.0,-1.109896,True,False
2024-08-13 15:00:00,21.02,21.09,20.9,21.04,57063.67,-0.000369,31,-2.54898,0.0,mean_reversion,,1100.190039,-0.171765,-0.083133,False,,1100.190039,-0.171765,1100.190039,,mean_reversion,-1.439084,{},,27.0,AVAXUSDT,2024-08-13 15:00:00,,,,,801.990077,0.0,0.0,0.0,801.990077,0.0,0.0,0.0,-2.54898,-2.54898,1.0,-2.54898,True,False
2024-08-13 16:00:00,21.04,21.56,21.02,21.54,119306.89,-0.000242,31,-20.0,0.0,mean_reversion,,1095.699204,-0.176568,-1.823432,True,True,1093.701271,-2.003654,1095.699204,,mean_reversion,-17.45102,{},,28.0,AVAXUSDT,2024-08-13 16:00:00,AVAXUSDT,21.54,92.75456,SHORT,801.990077,0.0,0.0,0.0,801.990077,0.0,0.0,0.0,-24.0,-24.0,1.0,-24.0,True,True
2024-08-13 17:00:00,21.54,21.62,21.42,21.54,118841.85,-0.000242,31,-20.0,0.0,mean_reversion,,1093.701271,-2.003654,0.003654,False,,1093.701271,-2.003654,1093.701271,,mean_reversion,0.0,{},,29.0,AVAXUSDT,2024-08-13 17:00:00,,,,,801.990077,0.0,0.0,0.0,801.990077,0.0,0.0,0.0,-24.0,-24.0,1.0,-24.0,True,False
2024-08-13 18:00:00,21.55,21.55,21.35,21.39,51896.79,-0.000242,31,-14.66509,0.0,mean_reversion,,1108.961705,-1.96232,0.495811,True,True,1108.411319,-1.467237,1108.961705,,mean_reversion,5.33491,{},,30.0,AVAXUSDT,2024-08-13 18:00:00,AVAXUSDT,21.39,25.705264,REDUCE_SHORT,801.990077,0.0,0.0,0.0,801.990077,0.0,0.0,0.0,-14.66509,-14.66509,1.0,-14.66509,True,True
2024-08-13 19:00:00,21.38,21.4,21.15,21.35,75744.89,-0.000242,31,-11.599805,0.0,mean_reversion,,1111.452558,-1.460486,0.300506,True,True,1111.118226,-1.16033,1111.452558,,mean_reversion,3.065286,{},,31.0,AVAXUSDT,2024-08-13 19:00:00,AVAXUSDT,21.35,15.643929,REDUCE_SHORT,801.990077,0.0,0.0,0.0,801.990077,0.0,0.0,0.0,-11.599805,-11.599805,1.0,-11.599805,True,True
2024-08-13 20:00:00,21.35,21.38,21.21,21.27,52187.55,-0.000242,31,-6.445138,0.0,mean_reversion,,1115.949189,-1.150977,0.506464,True,True,1115.383435,-0.644841,1115.949189,,mean_reversion,5.154667,{},,32.0,AVAXUSDT,2024-08-13 20:00:00,AVAXUSDT,21.27,26.572056,REDUCE_SHORT,801.990077,0.0,0.0,0.0,801.990077,0.0,0.0,0.0,-6.445138,-6.445138,1.0,-6.445138,True,True
2024-08-13 21:00:00,21.26,21.53,21.23,21.52,75692.43,-0.000242,31,-18.098332,0.0,mean_reversion,,1106.92969,-0.657403,-1.152431,True,True,1105.65403,-1.811921,1106.92969,,mean_reversion,-11.653194,{},,33.0,AVAXUSDT,2024-08-13 21:00:00,AVAXUSDT,21.52,59.277869,SHORT,801.990077,0.0,0.0,0.0,801.990077,0.0,0.0,0.0,-18.098332,-18.098332,1.0,-18.098332,True,True
2024-08-13 22:00:00,21.52,21.54,21.37,21.42,40413.91,-0.000242,31,-11.55291,0.0,mean_reversion,,1114.963315,-1.788443,0.633152,True,True,1114.256667,-1.156024,1114.963315,,mean_reversion,6.545422,{},,34.0,AVAXUSDT,2024-08-13 22:00:00,AVAXUSDT,21.42,32.957131,REDUCE_SHORT,801.990077,0.0,0.0,0.0,801.990077,0.0,0.0,0.0,-11.55291,-11.55291,1.0,-11.55291,True,True
2024-08-13 23:00:00,21.42,21.44,21.34,21.37,25260.2,-0.000242,31,-8.506506,0.0,mean_reversion,,1117.263453,-1.150221,0.299571,True,True,1116.928418,-0.850906,1117.263453,,mean_reversion,3.046404,{},,35.0,AVAXUSDT,2024-08-13 23:00:00,AVAXUSDT,21.37,15.66212,REDUCE_SHORT,801.990077,0.0,0.0,0.0,801.990077,0.0,0.0,0.0,-8.506506,-8.506506,1.0,-8.506506,True,True
2024-08-14 00:00:00,21.38,21.45,21.31,21.43,24788.04,-2.7e-05,30,-11.28016,0.0,mean_reversion,,1114.260002,-0.855338,-0.272678,True,True,1113.956168,-1.128324,1114.260002,,mean_reversion,-2.773654,{},,36.0,AVAXUSDT,2024-08-14 00:00:00,AVAXUSDT,21.43,14.177969,SHORT,801.990077,0.0,0.0,0.0,801.990077,0.0,0.0,0.0,-11.28016,-11.28016,1.0,-11.28016,True,True
2024-08-14 01:00:00,21.43,21.45,21.2,21.22,27573.04,-2.7e-05,30,1.435414,0.0,mean_reversion,,1126.272998,-1.105048,1.24859,True,True,1124.865499,0.143577,1126.272998,,mean_reversion,12.715574,{},,37.0,AVAXUSDT,2024-08-14 01:00:00,AVAXUSDT,21.22,7.618606,LONG,801.990077,0.0,0.0,0.0,801.990077,0.0,0.0,0.0,1.435414,1.435414,1.0,1.435414,True,True
2024-08-14 02:00:00,21.22,21.38,21.18,21.36,26278.48,-2.7e-05,30,-6.3089,0.0,mean_reversion,,1125.931037,0.144388,-0.775278,True,True,1125.058128,-0.631379,1125.931037,,mean_reversion,-7.744314,{},,38.0,AVAXUSDT,2024-08-14 02:00:00,AVAXUSDT,21.36,33.255552,SHORT,801.990077,0.0,0.0,0.0,801.990077,0.0,0.0,0.0,-6.3089,-6.3089,1.0,-6.3089,True,True
2024-08-14 03:00:00,21.36,21.48,21.29,21.3,36022.24,-2.7e-05,30,-2.425795,0.0,mean_reversion,,1127.053461,-0.628491,0.385912,True,True,1126.618082,-0.242673,1127.053461,,mean_reversion,3.883105,{},,39.0,AVAXUSDT,2024-08-14 03:00:00,AVAXUSDT,21.3,20.419869,REDUCE_SHORT,801.990077,0.0,0.0,0.0,801.990077,0.0,0.0,0.0,-2.425795,-2.425795,1.0,-2.425795,True,True
2024-08-14 04:00:00,21.31,21.37,21.28,21.32,22012.69,-2.7e-05,30,-3.354222,0.0,mean_reversion,,1126.361369,-0.242956,-0.092466,False,,1126.361369,-0.242956,1126.361369,,mean_reversion,-0.928428,{},,40.0,AVAXUSDT,2024-08-14 04:00:00,,,,,801.990077,0.0,0.0,0.0,801.990077,0.0,0.0,0.0,-3.354222,-3.354222,1.0,-3.354222,True,False
2024-08-14 05:00:00,21.32,21.46,21.24,21.25,29496.05,-2.7e-05,30,0.829962,0.0,mean_reversion,,1127.259867,-0.241966,0.324962,True,True,1126.893277,0.08294,1127.259867,,mean_reversion,4.184184,{},,41.0,AVAXUSDT,2024-08-14 05:00:00,AVAXUSDT,21.25,4.402742,LONG,801.990077,0.0,0.0,0.0,801.990077,0.0,0.0,0.0,0.829962,0.829962,1.0,0.829962,True,True
2024-08-14 06:00:00,21.25,21.43,21.16,21.33,38913.86,-2.7e-05,30,-3.600017,0.0,mean_reversion,,1127.245144,0.083226,-0.443228,True,True,1126.745517,-0.360161,1127.245144,,mean_reversion,-4.429979,{},,42.0,AVAXUSDT,2024-08-14 06:00:00,AVAXUSDT,21.33,19.025326,SHORT,801.990077,0.0,0.0,0.0,801.990077,0.0,0.0,0.0,-3.600017,-3.600017,1.0,-3.600017,True,True
2024-08-14 07:00:00,21.33,21.33,21.24,21.29,22480.07,-2.7e-05,30,-1.108366,0.0,mean_reversion,,1127.50653,-0.359243,0.248407,True,True,1127.22617,-0.110864,1127.50653,,mean_reversion,2.491651,{},,43.0,AVAXUSDT,2024-08-14 07:00:00,AVAXUSDT,21.29,13.155479,REDUCE_SHORT,801.990077,0.0,0.0,0.0,801.990077,0.0,0.0,0.0,-1.108366,-1.108366,1.0,-1.108366,True,True
2024-08-14 08:00:00,21.3,21.32,21.19,21.3,28466.59,-2.4e-05,30,-1.587609,0.0,mean_reversion,,1127.167471,-0.110922,-0.047839,False,,1127.167471,-0.110922,1127.167471,,mean_reversion,-0.479243,{},,44.0,AVAXUSDT,2024-08-14 08:00:00,,,,,801.990077,0.0,0.0,0.0,801.990077,0.0,0.0,0.0,-1.587609,-1.587609,1.0,-1.587609,True,False
2024-08-14 09:00:00,21.29,21.45,21.27,21.38,88652.42,-2.4e-05,30,-6.059385,0.0,mean_reversion,,1126.697884,-0.111385,-0.494553,True,True,1126.140671,-0.606238,1126.697884,,mean_reversion,-4.471775,{},,45.0,AVAXUSDT,2024-08-14 09:00:00,AVAXUSDT,21.38,26.062313,SHORT,801.990077,0.0,0.0,0.0,801.990077,0.0,0.0,0.0,-6.059385,-6.059385,1.0,-6.059385,True,True
2024-08-14 10:00:00,21.37,21.69,21.37,21.57,75082.8,-2.4e-05,30,-16.396888,0.0,mean_reversion,,1120.073561,-0.614939,-1.02475,True,True,1118.925765,-1.641371,1120.073561,,mean_reversion,-10.337504,{},,46.0,AVAXUSDT,2024-08-14 10:00:00,AVAXUSDT,21.57,53.212583,SHORT,801.990077,0.0,0.0,0.0,801.990077,0.0,0.0,0.0,-16.396888,-16.396888,1.0,-16.396888,True,True
2024-08-14 11:00:00,21.57,21.68,21.4,21.57,62389.97,-2.4e-05,30,-14.52405,0.0,mean_reversion,,1118.925765,-1.641371,0.188966,False,,1118.925765,-1.641371,1118.925765,,mean_reversion,1.872838,{},,47.0,AVAXUSDT,2024-08-14 11:00:00,,,,,801.990077,0.0,0.0,0.0,801.990077,0.0,0.0,0.0,-14.52405,-14.52405,1.0,-14.52405,True,False
2024-08-14 12:00:00,21.57,21.87,21.47,21.65,166791.02,-2.4e-05,30,-18.235097,0.0,mean_reversion,,1112.114186,-1.657549,-0.165961,False,,1112.114186,-1.657549,1112.114186,,mean_reversion,-3.711046,{},,48.0,AVAXUSDT,2024-08-14 12:00:00,,,,,801.990077,0.0,0.0,0.0,801.990077,0.0,0.0,0.0,-18.235097,-18.235097,1.0,-18.235097,True,False
2024-08-14 13:00:00,21.65,21.72,21.03,21.11,115122.44,-2.4e-05,30,13.322687,0.0,mean_reversion,,1158.092348,-1.55204,2.884309,True,True,1154.750253,1.334788,1158.092348,,mean_reversion,31.557784,{},,49.0,AVAXUSDT,2024-08-14 13:00:00,AVAXUSDT,21.11,73.088119,LONG,801.990077,0.0,0.0,0.0,801.990077,0.0,0.0,0.0,13.322687,13.322687,1.0,13.322687,True,True
2024-08-14 14:00:00,21.1,21.22,20.77,21.19,138357.58,-2.4e-05,30,7.490454,0.0,mean_reversion,,1160.591455,1.333103,-0.584058,True,True,1159.913602,0.749483,1160.591455,,mean_reversion,-5.832233,{},,50.0,AVAXUSDT,2024-08-14 14:00:00,AVAXUSDT,21.19,31.989277,REDUCE_LONG,801.990077,0.0,0.0,0.0,801.990077,0.0,0.0,0.0,7.490454,7.490454,1.0,7.490454,True,True
2024-08-14 15:00:00,21.18,21.45,21.08,21.29,72024.67,-2.4e-05,30,1.798987,0.0,mean_reversion,,1164.016178,0.750366,-0.570467,True,True,1163.352145,0.180001,1164.016178,,mean_reversion,-5.691467,{},,51.0,AVAXUSDT,2024-08-14 15:00:00,AVAXUSDT,21.29,31.189915,REDUCE_LONG,801.990077,0.0,0.0,0.0,801.990077,0.0,0.0,0.0,1.798987,1.798987,1.0,1.798987,True,True
2024-08-14 16:00:00,21.29,21.42,21.1,21.27,71886.21,-0.000192,30,2.515494,0.0,mean_reversion,,1163.155428,0.179863,0.071687,False,,1163.155428,0.179863,1163.155428,,mean_reversion,0.716507,{},,52.0,AVAXUSDT,2024-08-14 16:00:00,,,,,801.990077,0.0,0.0,0.0,801.990077,0.0,0.0,0.0,2.515494,2.515494,1.0,2.515494,True,False
2024-08-14 17:00:00,21.26,21.28,21.15,21.15,36561.91,-0.000192,30,8.15554,0.0,mean_reversion,,1161.975127,0.17903,0.636524,True,True,1161.235502,0.815437,1161.975127,,mean_reversion,5.640046,{},,53.0,AVAXUSDT,2024-08-14 17:00:00,AVAXUSDT,21.15,34.970471,LONG,801.990077,0.0,0.0,0.0,801.990077,0.0,0.0,0.0,8.15554,8.15554,1.0,8.15554,True,True
2024-08-14 18:00:00,21.15,21.19,20.97,21.06,41930.47,-0.000192,30,11.614009,0.0,mean_reversion,,1157.206081,0.814794,0.346607,True,True,1156.804985,1.161457,1157.206081,,mean_reversion,3.458469,{},,54.0,AVAXUSDT,2024-08-14 18:00:00,AVAXUSDT,21.06,19.045385,LONG,801.990077,0.0,0.0,0.0,801.990077,0.0,0.0,0.0,11.614009,11.614009,1.0,11.614009,True,True
2024-08-14 19:00:00,21.07,21.13,20.99,21.09,25673.61,-0.000192,30,9.000352,0.0,mean_reversion,,1158.718916,1.16119,-0.261155,True,True,1158.41631,0.90027,1158.718916,,mean_reversion,-2.613657,{},,55.0,AVAXUSDT,2024-08-14 19:00:00,AVAXUSDT,21.09,14.348282,REDUCE_LONG,801.990077,0.0,0.0,0.0,801.990077,0.0,0.0,0.0,9.000352,9.000352,1.0,9.000352,True,True
2024-08-14 20:00:00,21.08,21.14,21.04,21.08,13164.0,-0.000192,30,8.686514,0.0,mean_reversion,,1157.921816,0.900228,-0.031576,False,,1157.921816,0.900228,1157.921816,,mean_reversion,-0.313838,{},,56.0,AVAXUSDT,2024-08-14 20:00:00,,,,,801.990077,0.0,0.0,0.0,801.990077,0.0,0.0,0.0,8.686514,8.686514,1.0,8.686514,True,False
2024-08-14 21:00:00,21.08,21.08,20.93,20.94,29235.48,-0.000192,30,14.855927,0.0,mean_reversion,,1150.998901,0.899628,0.585965,True,True,1150.324455,1.485877,1150.998901,,mean_reversion,6.169413,{},,57.0,AVAXUSDT,2024-08-14 21:00:00,AVAXUSDT,20.94,32.208463,LONG,801.990077,0.0,0.0,0.0,801.990077,0.0,0.0,0.0,14.855927,14.855927,1.0,14.855927,True,True
2024-08-14 22:00:00,20.94,21.06,20.83,21.02,31701.08,-0.000192,30,9.476325,0.0,mean_reversion,,1156.854508,1.483135,-0.535502,True,True,1156.235009,0.94814,1156.854508,,mean_reversion,-5.379603,{},,58.0,AVAXUSDT,2024-08-14 22:00:00,AVAXUSDT,21.02,29.471851,REDUCE_LONG,801.990077,0.0,0.0,0.0,801.990077,0.0,0.0,0.0,9.476325,9.476325,1.0,9.476325,True,True
2024-08-14 23:00:00,21.03,21.06,20.94,20.95,14482.94,-0.000192,30,12.143013,0.0,mean_reversion,,1152.584243,0.947976,0.266325,True,True,1152.277281,1.214358,1152.584243,,mean_reversion,2.666688,{},,59.0,AVAXUSDT,2024-08-14 23:00:00,AVAXUSDT,20.95,14.652142,LONG,801.990077,0.0,0.0,0.0,801.990077,0.0,0.0,0.0,12.143013,12.143013,1.0,12.143013,True,True
2024-08-15 00:00:00,20.95,21.15,20.93,21.08,22480.69,-5.1e-05,29,4.466987,0.0,mean_reversion,,1160.960149,1.212755,-0.766056,True,True,1160.070788,0.447041,1160.960149,,mean_reversion,-7.676026,{},,60.0,AVAXUSDT,2024-08-15 00:00:00,AVAXUSDT,21.08,42.189803,REDUCE_LONG,801.990077,0.0,0.0,0.0,801.990077,0.0,0.0,0.0,4.466987,4.466987,1.0,4.466987,True,True
2024-08-15 01:00:00,21.08,21.1,20.82,20.85,54992.22,-5.1e-05,29,14.896092,0.0,mean_reversion,,1154.412446,0.444331,1.045278,True,True,1153.205763,1.490121,1154.412446,,mean_reversion,10.429105,{},,61.0,AVAXUSDT,2024-08-15 01:00:00,AVAXUSDT,20.85,57.874454,LONG,801.990077,0.0,0.0,0.0,801.990077,0.0,0.0,0.0,14.896092,14.896092,1.0,14.896092,True,True
2024-08-15 02:00:00,20.85,20.94,20.74,20.87,74379.98,-5.1e-05,29,12.704114,0.0,mean_reversion,,1154.854125,1.489422,-0.219011,True,True,1154.601199,1.27069,1154.854125,,mean_reversion,-2.191978,{},,62.0,AVAXUSDT,2024-08-15 02:00:00,AVAXUSDT,20.87,12.11908,REDUCE_LONG,801.990077,0.0,0.0,0.0,801.990077,0.0,0.0,0.0,12.704114,12.704114,1.0,12.704114,True,True
2024-08-15 03:00:00,20.87,21.0,20.86,20.95,17329.78,-5.1e-05,29,7.573824,0.0,mean_reversion,,1160.225118,1.269378,-0.511995,True,True,1159.631089,0.75777,1160.225118,,mean_reversion,-5.13029,{},,63.0,AVAXUSDT,2024-08-15 03:00:00,AVAXUSDT,20.95,28.354638,REDUCE_LONG,801.990077,0.0,0.0,0.0,801.990077,0.0,0.0,0.0,7.573824,7.573824,1.0,7.573824,True,True
2024-08-15 04:00:00,20.95,20.96,20.81,20.88,18886.07,-5.1e-05,29,10.143635,0.0,mean_reversion,,1156.694984,0.757156,0.257208,True,True,1156.397473,1.014367,1156.694984,,mean_reversion,2.569811,{},,64.0,AVAXUSDT,2024-08-15 04:00:00,AVAXUSDT,20.88,14.24862,LONG,801.990077,0.0,0.0,0.0,801.990077,0.0,0.0,0.0,10.143635,10.143635,1.0,10.143635,True,True
2024-08-15 05:00:00,20.88,20.92,20.67,20.72,36520.92,-5.1e-05,29,16.534308,0.0,mean_reversion,,1147.408878,1.01448,0.638951,True,True,1146.67574,1.653849,1147.408878,,mean_reversion,6.390673,{},,65.0,AVAXUSDT,2024-08-15 05:00:00,AVAXUSDT,20.72,35.383113,LONG,801.990077,0.0,0.0,0.0,801.990077,0.0,0.0,0.0,16.534308,16.534308,1.0,16.534308,True,True
2024-08-15 06:00:00,20.71,20.77,20.56,20.65,78040.89,-5.1e-05,29,18.629799,0.0,mean_reversion,,1140.268888,1.657522,0.205458,True,True,1140.034611,1.863157,1140.268888,,mean_reversion,2.095491,{},,66.0,AVAXUSDT,2024-08-15 06:00:00,AVAXUSDT,20.65,11.345127,LONG,801.990077,0.0,0.0,0.0,801.990077,0.0,0.0,0.0,18.629799,18.629799,1.0,18.629799,True,True
2024-08-15 07:00:00,20.65,21.0,20.53,20.96,163988.37,-5.1e-05,29,1.970761,0.0,mean_reversion,,1171.921283,1.839672,-1.642596,True,True,1169.99629,0.1974,1171.921283,,mean_reversion,-16.659038,{},,67.0,AVAXUSDT,2024-08-15 07:00:00,AVAXUSDT,20.96,91.841257,REDUCE_LONG,801.990077,0.0,0.0,0.0,801.990077,0.0,0.0,0.0,1.970761,1.970761,1.0,1.970761,True,True
2024-08-15 08:00:00,20.96,21.04,20.82,21.04,54532.6,-5e-05,29,-1.968044,0.0,mean_reversion,,1170.877808,0.198005,-0.394809,True,True,1170.415535,-0.196882,1170.877808,,mean_reversion,-3.938805,{},,68.0,AVAXUSDT,2024-08-15 08:00:00,AVAXUSDT,21.04,10.95218,SHORT,801.990077,0.0,0.0,0.0,801.990077,0.0,0.0,0.0,-1.968044,-1.968044,1.0,-1.968044,True,True
2024-08-15 09:00:00,21.04,21.07,20.9,20.92,30064.6,-5e-05,29,4.392619,0.0,mean_reversion,,1171.729797,-0.19554,0.634802,True,True,1170.985752,0.439101,1171.729797,,mean_reversion,6.360663,{},,69.0,AVAXUSDT,2024-08-15 09:00:00,AVAXUSDT,20.92,24.603071,LONG,801.990077,0.0,0.0,0.0,801.990077,0.0,0.0,0.0,4.392619,4.392619,1.0,4.392619,True,True
2024-08-15 10:00:00,20.92,20.93,20.79,20.83,27371.4,-5e-05,29,9.398934,0.0,mean_reversion,,1168.77369,0.43804,0.501854,True,True,1168.187137,0.939863,1168.77369,,mean_reversion,5.006315,{},,70.0,AVAXUSDT,2024-08-15 10:00:00,AVAXUSDT,20.83,28.159059,LONG,801.990077,0.0,0.0,0.0,801.990077,0.0,0.0,0.0,9.398934,9.398934,1.0,9.398934,True,True
2024-08-15 11:00:00,20.84,21.14,20.83,21.08,41060.43,-5e-05,29,-5.838465,0.0,mean_reversion,,1181.364478,0.940534,-1.52438,True,True,1179.563629,-0.584738,1181.364478,,mean_reversion,-15.237399,{},,71.0,AVAXUSDT,2024-08-15 11:00:00,AVAXUSDT,21.08,32.719899,SHORT,801.990077,0.0,0.0,0.0,801.990077,0.0,0.0,0.0,-5.838465,-5.838465,1.0,-5.838465,True,True
2024-08-15 12:00:00,21.08,21.12,20.77,20.85,142157.55,-5e-05,29,7.967707,0.0,mean_reversion,,1187.089206,-0.574691,1.371462,True,True,1185.460475,0.797068,1187.089206,,mean_reversion,13.806172,{},,72.0,AVAXUSDT,2024-08-15 12:00:00,AVAXUSDT,20.85,45.363929,LONG,801.990077,0.0,0.0,0.0,801.990077,0.0,0.0,0.0,7.967707,7.967707,1.0,7.967707,True,True
2024-08-15 13:00:00,20.86,21.09,20.78,21.09,64370.34,-5e-05,29,-6.307643,0.0,mean_reversion,,1196.336931,0.798913,-1.429677,True,True,1194.626556,-0.631667,1196.336931,,mean_reversion,-14.27535,{},,73.0,AVAXUSDT,2024-08-15 13:00:00,AVAXUSDT,21.09,35.780302,SHORT,801.990077,0.0,0.0,0.0,801.990077,0.0,0.0,0.0,-6.307643,-6.307643,1.0,-6.307643,True,True
2024-08-15 14:00:00,21.1,21.14,20.89,20.91,143121.95,-5e-05,29,4.179656,0.0,mean_reversion,,1201.06701,-0.622918,1.040884,True,True,1199.816091,0.417983,1201.06701,,mean_reversion,10.487299,{},,74.0,AVAXUSDT,2024-08-15 14:00:00,AVAXUSDT,20.91,24.007879,LONG,801.990077,0.0,0.0,0.0,801.990077,0.0,0.0,0.0,4.179656,4.179656,1.0,4.179656,True,True
2024-08-15 15:00:00,20.91,20.98,20.81,20.92,100186.56,-5e-05,29,3.212642,0.0,mean_reversion,,1200.055929,0.418099,-0.096835,False,,1200.055929,0.418099,1200.055929,,mean_reversion,-0.967014,{},,75.0,AVAXUSDT,2024-08-15 15:00:00,,,,,801.990077,0.0,0.0,0.0,801.990077,0.0,0.0,0.0,3.212642,3.212642,1.0,3.212642,True,False
2024-08-15 16:00:00,20.92,21.0,20.71,20.79,74961.13,-3.1e-05,29,9.561711,0.0,mean_reversion,,1196.938026,0.416584,0.539588,True,True,1196.292173,0.956147,1196.938026,,mean_reversion,6.349069,{},,76.0,AVAXUSDT,2024-08-15 16:00:00,AVAXUSDT,20.79,31.065554,LONG,801.990077,0.0,0.0,0.0,801.990077,0.0,0.0,0.0,9.561711,9.561711,1.0,9.561711,True,True
2024-08-15 17:00:00,20.79,20.79,20.35,20.37,91800.64,-3.1e-05,29,20.0,0.0,mean_reversion,,1173.184462,0.955284,1.044716,True,True,1171.958817,2.001046,1173.184462,,mean_reversion,10.438289,{},,77.0,AVAXUSDT,2024-08-15 17:00:00,AVAXUSDT,20.37,60.169118,LONG,801.990077,0.0,0.0,0.0,801.990077,0.0,0.0,0.0,24.0,24.0,1.0,24.0,True,True
2024-08-15 18:00:00,20.36,20.36,19.83,20.03,262506.41,-3.1e-05,29,20.0,0.0,mean_reversion,,1132.815532,2.035636,-0.035636,False,,1132.815532,2.035636,1132.815532,,mean_reversion,0.0,{},,78.0,AVAXUSDT,2024-08-15 18:00:00,,,,,801.990077,0.0,0.0,0.0,801.990077,0.0,0.0,0.0,24.0,24.0,1.0,24.0,True,False
2024-08-15 19:00:00,20.02,20.11,19.86,20.06,141654.06,-3.1e-05,29,20.0,0.0,mean_reversion,,1136.269352,2.032488,-0.032488,False,,1136.269352,2.032488,1136.269352,,mean_reversion,0.0,{},,79.0,AVAXUSDT,2024-08-15 19:00:00,,,,,801.990077,0.0,0.0,0.0,801.990077,0.0,0.0,0.0,24.0,24.0,1.0,24.0,True,False
2024-08-15 20:00:00,20.05,20.06,19.85,20.05,80059.67,-3.1e-05,29,20.0,0.0,mean_reversion,,1135.118078,2.033535,-0.033535,False,,1135.118078,2.033535,1135.118078,,mean_reversion,0.0,{},,80.0,AVAXUSDT,2024-08-15 20:00:00,,,,,801.990077,0.0,0.0,0.0,801.990077,0.0,0.0,0.0,24.0,24.0,1.0,24.0,True,False
2024-08-15 21:00:00,20.05,20.08,19.9,20.04,66910.22,-3.1e-05,29,20.0,0.0,mean_reversion,,1133.966805,2.034584,-0.034584,False,,1133.966805,2.034584,1133.966805,,mean_reversion,0.0,{},,81.0,AVAXUSDT,2024-08-15 21:00:00,,,,,801.990077,0.0,0.0,0.0,801.990077,0.0,0.0,0.0,24.0,24.0,1.0,24.0,True,False
2024-08-15 22:00:00,20.04,20.26,19.93,20.11,61931.38,-3.1e-05,29,20.0,0.0,mean_reversion,,1142.025717,2.027284,-0.027284,False,,1142.025717,2.027284,1142.025717,,mean_reversion,0.0,{},,82.0,AVAXUSDT,2024-08-15 22:00:00,,,,,801.990077,0.0,0.0,0.0,801.990077,0.0,0.0,0.0,22.787677,22.787677,1.0,22.787677,True,False
2024-08-15 23:00:00,20.11,20.2,20.06,20.14,42577.64,-3.1e-05,29,19.272052,0.0,mean_reversion,,1145.479536,2.024186,-0.096981,False,,1145.479536,2.024186,1145.479536,,mean_reversion,-0.727948,{},,83.0,AVAXUSDT,2024-08-15 23:00:00,,,,,801.990077,0.0,0.0,0.0,801.990077,0.0,0.0,0.0,19.272052,19.272052,1.0,19.272052,True,False
2024-08-16 00:00:00,20.14,20.22,20.09,20.16,33022.26,-0.000391,27,16.601419,0.0,mean_reversion,,1147.782082,2.022132,-0.36199,True,True,1147.366597,1.660743,1147.782082,,mean_reversion,-2.670632,{},,84.0,AVAXUSDT,2024-08-16 00:00:00,AVAXUSDT,20.16,20.609393,REDUCE_LONG,801.990077,0.0,0.0,0.0,801.990077,0.0,0.0,0.0,16.601419,16.601419,1.0,16.601419,True,True
2024-08-16 01:00:00,20.16,20.24,20.02,20.14,26912.45,-0.000391,27,16.010202,0.0,mean_reversion,,1145.476239,1.661834,-0.060813,False,,1145.476239,1.661834,1145.476239,,mean_reversion,-0.591218,{},,85.0,AVAXUSDT,2024-08-16 01:00:00,,,,,801.990077,0.0,0.0,0.0,801.990077,0.0,0.0,0.0,16.010202,16.010202,1.0,16.010202,True,False
2024-08-16 02:00:00,20.14,20.48,20.02,20.32,48232.35,-0.000391,27,6.053534,0.0,mean_reversion,,1162.489464,1.652147,-1.046794,True,True,1161.272576,0.605988,1162.489464,,mean_reversion,-9.956668,{},,86.0,AVAXUSDT,2024-08-16 02:00:00,AVAXUSDT,20.32,59.886175,REDUCE_LONG,801.990077,0.0,0.0,0.0,801.990077,0.0,0.0,0.0,6.053534,6.053534,1.0,6.053534,True,True
2024-08-16 03:00:00,20.32,20.34,20.16,20.2,17914.79,-0.000391,27,11.250299,0.0,mean_reversion,,1157.116768,0.604573,0.520457,True,True,1156.514538,1.125095,1157.116768,,mean_reversion,5.196765,{},,87.0,AVAXUSDT,2024-08-16 03:00:00,AVAXUSDT,20.2,29.813355,LONG,801.990077,0.0,0.0,0.0,801.990077,0.0,0.0,0.0,11.250299,11.250299,1.0,11.250299,True,True
2024-08-16 04:00:00,20.19,20.39,20.16,20.38,20241.27,-0.000391,27,1.965566,0.0,mean_reversion,,1168.109289,1.123853,-0.927297,True,True,1167.026105,0.196739,1168.109289,,mean_reversion,-9.284732,{},,88.0,AVAXUSDT,2024-08-16 04:00:00,AVAXUSDT,20.38,53.149354,REDUCE_LONG,801.990077,0.0,0.0,0.0,801.990077,0.0,0.0,0.0,1.965566,1.965566,1.0,1.965566,True,True
2024-08-16 05:00:00,20.38,20.41,20.31,20.34,13522.89,-0.000391,27,3.647448,0.0,mean_reversion,,1166.575468,0.196429,0.168316,False,,1166.575468,0.196429,1166.575468,,mean_reversion,1.681882,{},,89.0,AVAXUSDT,2024-08-16 05:00:00,,,,,801.990077,0.0,0.0,0.0,801.990077,0.0,0.0,0.0,3.647448,3.647448,1.0,3.647448,True,False
2024-08-16 06:00:00,20.35,20.61,20.33,20.57,37020.88,-0.000391,27,-7.119681,0.0,mean_reversion,,1169.166631,0.19821,-0.910178,True,True,1168.102482,-0.712617,1169.166631,,mean_reversion,-10.767129,{},,90.0,AVAXUSDT,2024-08-16 06:00:00,AVAXUSDT,20.57,40.467154,SHORT,801.990077,0.0,0.0,0.0,801.990077,0.0,0.0,0.0,-7.119681,-7.119681,1.0,-7.119681,True,True
2024-08-16 07:00:00,20.58,20.6,20.45,20.54,19938.31,-0.000391,27,-5.25017,0.0,mean_reversion,,1169.316496,-0.710839,0.185822,False,,1169.316496,-0.710839,1169.316496,,mean_reversion,1.869511,{},,91.0,AVAXUSDT,2024-08-16 07:00:00,,,,,801.990077,0.0,0.0,0.0,801.990077,0.0,0.0,0.0,-5.25017,-5.25017,1.0,-5.25017,True,False
2024-08-16 08:00:00,20.55,20.58,20.47,20.5,25749.56,-0.000244,27,-3.037728,0.0,mean_reversion,,1170.935183,-0.708474,0.404701,True,True,1170.46083,-0.303896,1170.935183,,mean_reversion,2.212442,{},,92.0,AVAXUSDT,2024-08-16 08:00:00,AVAXUSDT,20.5,23.116022,REDUCE_SHORT,801.990077,0.0,0.0,0.0,801.990077,0.0,0.0,0.0,-3.037728,-3.037728,1.0,-3.037728,True,True
2024-08-16 09:00:00,20.49,20.52,20.4,20.48,29548.1,-0.000244,27,-1.84817,0.0,mean_reversion,,1170.807852,-0.303509,0.118692,False,,1170.807852,-0.303509,1170.807852,,mean_reversion,1.189558,{},,93.0,AVAXUSDT,2024-08-16 09:00:00,,,,,801.990077,0.0,0.0,0.0,801.990077,0.0,0.0,0.0,-1.84817,-1.84817,1.0,-1.84817,True,False
2024-08-16 10:00:00,20.48,20.48,20.35,20.4,24414.12,-0.000244,27,2.426758,0.0,mean_reversion,,1172.195943,-0.301966,0.544642,True,True,1171.557162,0.242565,1172.195943,,mean_reversion,4.274928,{},,94.0,AVAXUSDT,2024-08-16 10:00:00,AVAXUSDT,20.4,13.944294,LONG,801.990077,0.0,0.0,0.0,801.990077,0.0,0.0,0.0,2.426758,2.426758,1.0,2.426758,True,True
2024-08-16 11:00:00,20.39,20.44,20.27,20.32,32478.22,-0.000244,27,6.33761,0.0,mean_reversion,,1170.442734,0.241844,0.391917,True,True,1169.984018,0.633617,1170.442734,,mean_reversion,3.910852,{},,95.0,AVAXUSDT,2024-08-16 11:00:00,AVAXUSDT,20.32,22.574617,LONG,801.990077,0.0,0.0,0.0,801.990077,0.0,0.0,0.0,6.33761,6.33761,1.0,6.33761,True,True
2024-08-16 12:00:00,20.33,20.36,19.83,20.02,100716.74,-0.000244,27,20.0,0.0,mean_reversion,,1159.0393,0.630158,1.369842,True,True,1157.451599,2.001372,1159.0393,,mean_reversion,13.66239,{},,96.0,AVAXUSDT,2024-08-16 12:00:00,AVAXUSDT,20.02,79.305749,LONG,801.990077,0.0,0.0,0.0,801.990077,0.0,0.0,0.0,20.224801,20.224801,1.0,20.224801,True,True
2024-08-16 13:00:00,20.01,20.42,19.96,20.19,124219.32,-0.000244,27,9.887685,0.0,mean_reversion,,1177.122101,1.984638,-0.99587,True,True,1175.949841,0.989754,1177.122101,,mean_reversion,-10.112315,{},,97.0,AVAXUSDT,2024-08-16 13:00:00,AVAXUSDT,20.19,58.061425,REDUCE_LONG,801.990077,0.0,0.0,0.0,801.990077,0.0,0.0,0.0,9.887685,9.887685,1.0,9.887685,True,True
2024-08-16 14:00:00,20.19,20.27,19.93,19.99,98560.49,-0.000244,27,19.548367,0.0,mean_reversion,,1164.420359,0.989653,0.965184,True,True,1163.296479,1.955759,1164.420359,,mean_reversion,9.660682,{},,98.0,AVAXUSDT,2024-08-16 14:00:00,AVAXUSDT,19.99,56.222105,LONG,801.990077,0.0,0.0,0.0,801.990077,0.0,0.0,0.0,19.548367,19.548367,1.0,19.548367,True,True
2024-08-16 15:00:00,20.0,20.09,19.78,19.95,113201.37,-0.000244,27,19.483604,0.0,mean_reversion,,1158.743947,1.959514,-0.011154,False,,1158.743947,1.959514,1158.743947,,mean_reversion,-0.064762,{},,99.0,AVAXUSDT,2024-08-16 15:00:00,,,,,801.990077,0.0,0.0,0.0,801.990077,0.0,0.0,0.0,19.483604,19.483604,1.0,19.483604,True,False
2024-08-16 16:00:00,19.95,20.39,19.94,20.23,133309.83,-0.00025,27,3.327967,0.0,mean_reversion,,1190.611669,1.933832,-1.601035,True,True,1188.705458,0.33333,1190.611669,,mean_reversion,-16.155637,{},,100.0,AVAXUSDT,2024-08-16 16:00:00,AVAXUSDT,20.23,94.226955,REDUCE_LONG,801.990077,0.0,0.0,0.0,801.990077,0.0,0.0,0.0,3.327967,3.327967,1.0,3.327967,True,True
2024-08-16 17:00:00,20.23,20.41,20.02,20.34,69148.5,-0.00025,27,-2.184393,0.0,mean_reversion,,1190.859955,0.334537,-0.552976,True,True,1190.201439,-0.21856,1190.859955,,mean_reversion,-5.51236,{},,101.0,AVAXUSDT,2024-08-16 17:00:00,AVAXUSDT,20.34,12.789114,SHORT,801.990077,0.0,0.0,0.0,801.990077,0.0,0.0,0.0,-2.184393,-2.184393,1.0,-2.184393,True,True
2024-08-16 18:00:00,20.34,20.46,20.26,20.37,53074.14,-0.00025,27,-3.445967,0.0,mean_reversion,,1189.817765,-0.218953,-0.125644,False,,1189.817765,-0.218953,1189.817765,,mean_reversion,-1.261575,{},,102.0,AVAXUSDT,2024-08-16 18:00:00,,,,,801.990077,0.0,0.0,0.0,801.990077,0.0,0.0,0.0,-3.445967,-3.445967,1.0,-3.445967,True,False
2024-08-16 19:00:00,20.37,20.46,20.35,20.41,36096.57,-0.00025,27,-5.039738,0.0,mean_reversion,,1189.306201,-0.219477,-0.284496,True,True,1188.967847,-0.504117,1189.306201,,mean_reversion,-1.593771,{},,103.0,AVAXUSDT,2024-08-16 19:00:00,AVAXUSDT,20.41,16.577822,SHORT,801.990077,0.0,0.0,0.0,801.990077,0.0,0.0,0.0,-5.039738,-5.039738,1.0,-5.039738,True,True
2024-08-16 20:00:00,20.42,20.72,20.41,20.52,170569.23,-0.00025,27,-9.458606,0.0,mean_reversion,,1185.737484,-0.508215,-0.437646,True,True,1185.218551,-0.946275,1185.737484,,mean_reversion,-4.418868,{},,104.0,AVAXUSDT,2024-08-16 20:00:00,AVAXUSDT,20.52,25.289124,SHORT,801.990077,0.0,0.0,0.0,801.990077,0.0,0.0,0.0,-9.458606,-9.458606,1.0,-9.458606,True,True
2024-08-16 21:00:00,20.52,20.58,20.44,20.47,24469.9,-0.00025,27,-6.356844,0.0,mean_reversion,,1187.951354,-0.941797,0.306113,True,True,1187.587343,-0.635879,1187.951354,,mean_reversion,3.101761,{},,105.0,AVAXUSDT,2024-08-16 21:00:00,AVAXUSDT,20.47,17.764893,REDUCE_SHORT,801.990077,0.0,0.0,0.0,801.990077,0.0,0.0,0.0,-6.356844,-6.356844,1.0,-6.356844,True,True
2024-08-16 22:00:00,20.47,20.56,20.44,20.45,21439.8,-0.00025,27,-5.157246,0.0,mean_reversion,,1188.325166,-0.634864,0.119139,False,,1188.325166,-0.634864,1188.325166,,mean_reversion,1.199598,{},,106.0,AVAXUSDT,2024-08-16 22:00:00,,,,,801.990077,0.0,0.0,0.0,801.990077,0.0,0.0,0.0,-5.157246,-5.157246,1.0,-5.157246,True,False
2024-08-16 23:00:00,20.46,20.46,20.35,20.36,19154.76,-0.00025,27,-0.172874,0.0,mean_reversion,,1191.645371,-0.630308,0.613021,True,True,1190.914137,-0.017298,1191.645371,,mean_reversion,4.984372,{},,107.0,AVAXUSDT,2024-08-16 23:00:00,AVAXUSDT,20.36,35.879357,REDUCE_SHORT,801.990077,0.0,0.0,0.0,801.990077,0.0,0.0,0.0,-0.172874,-0.172874,1.0,-0.172874,True,True
2024-08-17 00:00:00,20.36,20.42,20.23,20.37,36106.96,-4.9e-05,25,-0.6689,0.0,mean_reversion,,1190.904018,-0.017307,-0.049583,False,,1190.904018,-0.017307,1190.904018,,mean_reversion,-0.496026,{},,108.0,AVAXUSDT,2024-08-17 00:00:00,,,,,801.990077,0.0,0.0,0.0,801.990077,0.0,0.0,0.0,-0.6689,-0.6689,1.0,-0.6689,True,False
2024-08-17 01:00:00,20.38,20.48,20.35,20.44,18319.72,-4.9e-05,25,-4.156929,0.0,mean_reversion,,1190.833192,-0.017367,-0.398326,True,True,1190.358852,-0.415859,1190.833192,,mean_reversion,-3.488028,{},,109.0,AVAXUSDT,2024-08-17 01:00:00,AVAXUSDT,20.44,23.206432,SHORT,801.990077,0.0,0.0,0.0,801.990077,0.0,0.0,0.0,-4.156929,-4.156929,1.0,-4.156929,True,True
2024-08-17 02:00:00,20.45,20.54,20.41,20.43,18880.67,-4.9e-05,25,-3.359173,0.0,mean_reversion,,1190.601035,-0.415571,0.079653,False,,1190.601035,-0.415571,1190.601035,,mean_reversion,0.797755,{},,110.0,AVAXUSDT,2024-08-17 02:00:00,,,,,801.990077,0.0,0.0,0.0,801.990077,0.0,0.0,0.0,-3.359173,-3.359173,1.0,-3.359173,True,False
2024-08-17 03:00:00,20.44,20.45,20.32,20.43,9050.23,-4.9e-05,25,-3.052524,0.0,mean_reversion,,1190.601035,-0.415571,0.110318,False,,1190.601035,-0.415571,1190.601035,,mean_reversion,0.306649,{},,111.0,AVAXUSDT,2024-08-17 03:00:00,,,,,801.990077,0.0,0.0,0.0,801.990077,0.0,0.0,0.0,-3.052524,-3.052524,1.0,-3.052524,True,False
2024-08-17 04:00:00,20.43,20.47,20.39,20.47,11121.72,-4.9e-05,25,-4.901071,0.0,mean_reversion,,1189.632305,-0.416723,-0.073384,False,,1189.632305,-0.416723,1189.632305,,mean_reversion,-1.848547,{},,112.0,AVAXUSDT,2024-08-17 04:00:00,,,,,801.990077,0.0,0.0,0.0,801.990077,0.0,0.0,0.0,-4.901071,-4.901071,1.0,-4.901071,True,False
2024-08-17 05:00:00,20.46,20.56,20.46,20.55,7169.68,-4.9e-05,25,-8.714716,0.0,mean_reversion,,1187.694846,-0.419034,-0.452437,True,True,1187.157488,-0.871866,1187.694846,,mean_reversion,-3.813645,{},,113.0,AVAXUSDT,2024-08-17 05:00:00,AVAXUSDT,20.55,26.148778,SHORT,801.990077,0.0,0.0,0.0,801.990077,0.0,0.0,0.0,-8.714716,-8.714716,1.0,-8.714716,True,True
2024-08-17 06:00:00,20.54,20.6,20.53,20.56,15338.46,-4.9e-05,25,-8.530332,0.0,mean_reversion,,1186.653818,-0.872661,0.019627,False,,1186.653818,-0.872661,1186.653818,,mean_reversion,0.184384,{},,114.0,AVAXUSDT,2024-08-17 06:00:00,,,,,801.990077,0.0,0.0,0.0,801.990077,0.0,0.0,0.0,-8.530332,-8.530332,1.0,-8.530332,True,False
2024-08-17 07:00:00,20.55,20.6,20.47,20.57,35110.51,-4.9e-05,25,-8.332234,0.0,mean_reversion,,1186.150148,-0.873456,0.040232,False,,1186.150148,-0.873456,1186.150148,,mean_reversion,0.198098,{},,115.0,AVAXUSDT,2024-08-17 07:00:00,,,,,801.990077,0.0,0.0,0.0,801.990077,0.0,0.0,0.0,-8.332234,-8.332234,1.0,-8.332234,True,False
2024-08-17 08:00:00,20.57,20.59,20.43,20.5,16760.56,-9.7e-05,25,-4.065886,0.0,mean_reversion,,1189.675839,-0.867904,0.461315,True,True,1189.126475,-0.406776,1189.675839,,mean_reversion,4.266348,{},,116.0,AVAXUSDT,2024-08-17 08:00:00,AVAXUSDT,20.5,26.771475,REDUCE_SHORT,801.990077,0.0,0.0,0.0,801.990077,0.0,0.0,0.0,-4.065886,-4.065886,1.0,-4.065886,True,True
2024-08-17 09:00:00,20.5,20.57,20.45,20.53,18285.53,-9.7e-05,25,-5.960605,0.0,mean_reversion,,1188.418608,-0.407614,-0.188446,False,,1188.418608,-0.407614,1188.418608,,mean_reversion,-1.894719,{},,117.0,AVAXUSDT,2024-08-17 09:00:00,,,,,801.990077,0.0,0.0,0.0,801.990077,0.0,0.0,0.0,-5.960605,-5.960605,1.0,-5.960605,True,False
2024-08-17 10:00:00,20.53,20.56,20.42,20.44,12663.98,-9.7e-05,25,0.469486,0.0,mean_reversion,,1190.542207,-0.405104,0.452052,True,True,1190.003537,0.046923,1190.542207,,mean_reversion,6.430092,{},,118.0,AVAXUSDT,2024-08-17 10:00:00,AVAXUSDT,20.44,2.734556,LONG,801.990077,0.0,0.0,0.0,801.990077,0.0,0.0,0.0,0.469486,0.469486,1.0,0.469486,True,True
2024-08-17 11:00:00,20.43,20.52,20.37,20.48,21475.22,-9.7e-05,25,-2.427259,0.0,mean_reversion,,1190.11281,0.04701,-0.289736,True,True,1189.767991,-0.242796,1190.11281,,mean_reversion,-2.896746,{},,119.0,AVAXUSDT,2024-08-17 11:00:00,AVAXUSDT,20.48,14.105041,SHORT,801.990077,0.0,0.0,0.0,801.990077,0.0,0.0,0.0,-2.427259,-2.427259,1.0,-2.427259,True,True
2024-08-17 12:00:00,20.48,20.5,20.35,20.48,64329.56,-9.7e-05,25,-2.411395,0.0,mean_reversion,,1189.767991,-0.242796,0.001657,False,,1189.767991,-0.242796,1189.767991,,mean_reversion,0.015864,{},,120.0,AVAXUSDT,2024-08-17 12:00:00,,,,,801.990077,0.0,0.0,0.0,801.990077,0.0,0.0,0.0,-2.411395,-2.411395,1.0,-2.411395,True,False
2024-08-17 13:00:00,20.47,20.58,20.41,20.45,39625.64,-9.7e-05,25,0.197879,0.0,mean_reversion,,1190.191142,-0.242354,0.262142,True,True,1189.878854,0.019773,1190.191142,,mean_reversion,2.609274,{},,121.0,AVAXUSDT,2024-08-17 13:00:00,AVAXUSDT,20.45,1.151656,LONG,801.990077,0.0,0.0,0.0,801.990077,0.0,0.0,0.0,0.197879,0.197879,1.0,0.197879,True,True
2024-08-17 14:00:00,20.45,20.53,20.38,20.52,21049.76,-9.7e-05,25,-5.871123,0.0,mean_reversion,,1189.95939,0.01984,-0.606952,True,True,1189.237141,-0.587469,1189.95939,,mean_reversion,-6.069002,{},,122.0,AVAXUSDT,2024-08-17 14:00:00,AVAXUSDT,20.52,34.046776,SHORT,801.990077,0.0,0.0,0.0,801.990077,0.0,0.0,0.0,-5.871123,-5.871123,1.0,-5.871123,True,True
2024-08-17 15:00:00,20.52,20.65,20.45,20.47,77430.53,-9.7e-05,25,-0.957257,0.0,mean_reversion,,1190.93948,-0.5852,0.489474,True,True,1190.355963,-0.095773,1190.93948,,mean_reversion,4.913866,{},,123.0,AVAXUSDT,2024-08-17 15:00:00,AVAXUSDT,20.47,28.477477,REDUCE_SHORT,801.990077,0.0,0.0,0.0,801.990077,0.0,0.0,0.0,-0.957257,-0.957257,1.0,-0.957257,True,True
2024-08-17 16:00:00,20.48,20.62,20.46,20.57,17442.07,-5e-05,25,-9.7514,0.0,mean_reversion,,1189.799033,-0.096286,-0.878854,True,True,1188.753373,-0.975998,1189.799033,,mean_reversion,-8.794143,{},,124.0,AVAXUSDT,2024-08-17 16:00:00,AVAXUSDT,20.57,50.834235,SHORT,801.990077,0.0,0.0,0.0,801.990077,0.0,0.0,0.0,-9.7514,-9.7514,1.0,-9.7514,True,True
2024-08-17 17:00:00,20.58,20.68,20.53,20.58,37003.61,-5e-05,25,-9.671043,0.0,mean_reversion,,1188.189337,-0.976936,0.009832,False,,1188.189337,-0.976936,1188.189337,,mean_reversion,0.080358,{},,125.0,AVAXUSDT,2024-08-17 17:00:00,,,,,801.990077,0.0,0.0,0.0,801.990077,0.0,0.0,0.0,-9.671043,-9.671043,1.0,-9.671043,True,False
2024-08-17 18:00:00,20.59,20.59,20.5,20.52,12616.86,-5e-05,25,-3.505087,0.0,mean_reversion,,1191.573549,-0.971321,0.620812,True,True,1190.833065,-0.350727,1191.573549,,mean_reversion,6.165956,{},,126.0,AVAXUSDT,2024-08-17 18:00:00,AVAXUSDT,20.52,36.049884,REDUCE_SHORT,801.990077,0.0,0.0,0.0,801.990077,0.0,0.0,0.0,-3.505087,-3.505087,1.0,-3.505087,True,True
2024-08-17 19:00:00,20.52,20.6,20.49,20.57,17871.38,-5e-05,25,-7.622742,0.0,mean_reversion,,1189.815383,-0.351882,-0.410392,True,True,1189.327092,-0.762587,1189.815383,,mean_reversion,-4.117655,{},,127.0,AVAXUSDT,2024-08-17 19:00:00,AVAXUSDT,20.57,23.738018,SHORT,801.990077,0.0,0.0,0.0,801.990077,0.0,0.0,0.0,-7.622742,-7.622742,1.0,-7.622742,True,True
2024-08-17 20:00:00,20.57,20.63,20.5,20.55,43192.44,-5e-05,25,-5.232015,0.0,mean_reversion,,1190.208925,-0.761281,0.23808,True,True,1189.925277,-0.523326,1190.208925,,mean_reversion,2.390727,{},,128.0,AVAXUSDT,2024-08-17 20:00:00,AVAXUSDT,20.55,13.789032,REDUCE_SHORT,801.990077,0.0,0.0,0.0,801.990077,0.0,0.0,0.0,-5.232015,-5.232015,1.0,-5.232015,True,True
2024-08-17 21:00:00,20.56,20.59,20.5,20.59,13151.76,-5e-05,25,-8.503898,0.0,mean_reversion,,1188.713171,-0.52488,-0.32551,True,True,1188.326233,-0.850667,1188.713171,,mean_reversion,-3.271882,{},,129.0,AVAXUSDT,2024-08-17 21:00:00,AVAXUSDT,20.59,18.792535,SHORT,801.990077,0.0,0.0,0.0,801.990077,0.0,0.0,0.0,-8.503898,-8.503898,1.0,-8.503898,True,True
2024-08-17 22:00:00,20.59,20.67,20.55,20.56,18039.32,-5e-05,25,-4.939712,0.0,mean_reversion,,1189.799088,-0.848376,0.354405,True,True,1189.376996,-0.494147,1189.799088,,mean_reversion,3.564185,{},,130.0,AVAXUSDT,2024-08-17 22:00:00,AVAXUSDT,20.56,20.509249,REDUCE_SHORT,801.990077,0.0,0.0,0.0,801.990077,0.0,0.0,0.0,-4.939712,-4.939712,1.0,-4.939712,True,True
2024-08-17 23:00:00,20.57,20.71,20.56,20.7,12960.53,-5e-05,25,-17.327429,0.0,mean_reversion,,1185.374967,-0.499191,-1.233552,True,True,1183.912745,-1.734883,1185.374967,,mean_reversion,-12.387716,{},,131.0,AVAXUSDT,2024-08-17 23:00:00,AVAXUSDT,20.7,70.638718,SHORT,801.990077,0.0,0.0,0.0,801.990077,0.0,0.0,0.0,-17.327429,-17.327429,1.0,-17.327429,True,True
2024-08-18 00:00:00,20.7,20.87,20.67,20.75,27225.32,-0.000133,31,-19.393339,0.0,mean_reversion,,1178.951514,-1.746392,-0.192942,False,,1178.951514,-1.746392,1178.951514,,mean_reversion,-2.06591,{},,132.0,AVAXUSDT,2024-08-18 00:00:00,,,,,801.990077,0.0,0.0,0.0,801.990077,0.0,0.0,0.0,-19.393339,-19.393339,1.0,-19.393339,True,False
2024-08-18 01:00:00,20.76,20.8,20.58,20.59,19770.23,-0.000133,31,-3.31253,0.0,mean_reversion,,1194.827456,-1.7099,1.378647,True,True,1193.178562,-0.331711,1194.827456,,mean_reversion,16.080809,{},,133.0,AVAXUSDT,2024-08-18 01:00:00,AVAXUSDT,20.59,80.00219,REDUCE_SHORT,801.990077,0.0,0.0,0.0,801.990077,0.0,0.0,0.0,-3.31253,-3.31253,1.0,-3.31253,True,True
2024-08-18 02:00:00,20.59,20.85,20.55,20.8,28247.47,-0.000133,31,-19.170949,0.0,mean_reversion,,1189.141848,-0.336231,-1.580863,True,True,1187.261977,-1.92013,1189.141848,,mean_reversion,-15.858419,{},,134.0,AVAXUSDT,2024-08-18 02:00:00,AVAXUSDT,20.8,90.378407,SHORT,801.990077,0.0,0.0,0.0,801.990077,0.0,0.0,0.0,-19.170949,-19.170949,1.0,-19.170949,True,True
2024-08-18 03:00:00,20.81,20.86,20.62,20.62,22982.8,-0.000133,31,-3.177477,0.0,mean_reversion,,1206.990131,-1.872401,1.554653,True,True,1205.111801,-0.318243,1206.990131,,mean_reversion,15.993473,{},,135.0,AVAXUSDT,2024-08-18 03:00:00,AVAXUSDT,20.62,91.00152,REDUCE_SHORT,801.990077,0.0,0.0,0.0,801.990077,0.0,0.0,0.0,-3.177477,-3.177477,1.0,-3.177477,True,True
2024-08-18 04:00:00,20.61,20.7,20.56,20.67,23868.5,-0.000133,31,-6.686492,0.0,mean_reversion,,1204.181834,-0.319261,-0.349388,True,True,1203.761107,-0.668883,1204.181834,,mean_reversion,-3.509015,{},,136.0,AVAXUSDT,2024-08-18 04:00:00,AVAXUSDT,20.67,20.354471,SHORT,801.990077,0.0,0.0,0.0,801.990077,0.0,0.0,0.0,-6.686492,-6.686492,1.0,-6.686492,True,True
2024-08-18 05:00:00,20.68,20.81,20.66,20.78,24782.71,-0.000133,31,-14.260958,0.0,mean_reversion,,1199.476189,-0.674845,-0.751251,True,True,1198.575081,-1.427168,1199.476189,,mean_reversion,-7.574466,{},,137.0,AVAXUSDT,2024-08-18 05:00:00,AVAXUSDT,20.78,43.364188,SHORT,801.990077,0.0,0.0,0.0,801.990077,0.0,0.0,0.0,-14.260958,-14.260958,1.0,-14.260958,True,True
2024-08-18 06:00:00,20.78,20.93,20.76,20.78,27471.35,-0.000133,31,-12.783301,0.0,mean_reversion,,1198.575081,-1.427168,0.148838,False,,1198.575081,-1.427168,1198.575081,,mean_reversion,1.477657,{},,138.0,AVAXUSDT,2024-08-18 06:00:00,,,,,801.990077,0.0,0.0,0.0,801.990077,0.0,0.0,0.0,-12.783301,-12.783301,1.0,-12.783301,True,False
2024-08-18 07:00:00,20.78,20.81,20.63,20.74,63744.64,-0.000133,31,-8.508422,0.0,mean_reversion,,1201.867801,-1.420518,0.569676,True,True,1201.18244,-0.851328,1201.867801,,mean_reversion,4.274879,{},,139.0,AVAXUSDT,2024-08-18 07:00:00,AVAXUSDT,20.74,33.012311,REDUCE_SHORT,801.990077,0.0,0.0,0.0,801.990077,0.0,0.0,0.0,-8.508422,-8.508422,1.0,-8.508422,True,True
2024-08-18 08:00:00,20.74,20.78,20.69,20.73,12928.65,-8.8e-05,31,-7.090366,0.0,mean_reversion,,1201.675497,-0.850568,0.141531,False,,1201.675497,-0.850568,1201.675497,,mean_reversion,1.418056,{},,140.0,AVAXUSDT,2024-08-18 08:00:00,,,,,801.990077,0.0,0.0,0.0,801.990077,0.0,0.0,0.0,-7.090366,-7.090366,1.0,-7.090366,True,False
2024-08-18 09:00:00,20.73,20.93,20.71,20.86,64341.89,-8.8e-05,31,-15.937892,0.0,mean_reversion,,1195.265758,-0.860492,-0.733297,True,True,1194.389273,-1.594959,1195.265758,,mean_reversion,-8.847526,{},,141.0,AVAXUSDT,2024-08-18 09:00:00,AVAXUSDT,20.86,42.017505,SHORT,801.990077,0.0,0.0,0.0,801.990077,0.0,0.0,0.0,-15.937892,-15.937892,1.0,-15.937892,True,True
2024-08-18 10:00:00,20.86,21.07,20.86,21.01,71724.32,-8.8e-05,31,-20.0,0.0,mean_reversion,,1180.690795,-1.625066,-0.374934,True,True,1180.248113,-2.00075,1180.690795,,mean_reversion,-4.062108,{},,142.0,AVAXUSDT,2024-08-18 10:00:00,AVAXUSDT,21.01,21.070033,SHORT,801.990077,0.0,0.0,0.0,801.990077,0.0,0.0,0.0,-24.0,-24.0,1.0,-24.0,True,True
2024-08-18 11:00:00,21.01,21.05,20.9,21.02,39678.83,-8.8e-05,31,-20.0,0.0,mean_reversion,,1179.124181,-2.00361,0.00361,False,,1179.124181,-2.00361,1179.124181,,mean_reversion,0.0,{},,143.0,AVAXUSDT,2024-08-18 11:00:00,,,,,801.990077,0.0,0.0,0.0,801.990077,0.0,0.0,0.0,-23.757979,-23.757979,1.0,-23.757979,True,False
2024-08-18 12:00:00,21.03,21.22,20.97,21.12,59332.84,-8.8e-05,31,-20.0,0.0,mean_reversion,,1167.884859,-2.032516,0.032516,False,,1167.884859,-2.032516,1167.884859,,mean_reversion,0.0,{},,144.0,AVAXUSDT,2024-08-18 12:00:00,,,,,801.990077,0.0,0.0,0.0,801.990077,0.0,0.0,0.0,-24.0,-24.0,1.0,-24.0,True,False
2024-08-18 13:00:00,21.13,21.4,21.1,21.17,85757.91,-8.8e-05,31,-20.0,0.0,mean_reversion,,1162.265198,-2.047179,0.047179,False,,1162.265198,-2.047179,1162.265198,,mean_reversion,0.0,{},,145.0,AVAXUSDT,2024-08-18 13:00:00,,,,,801.990077,0.0,0.0,0.0,801.990077,0.0,0.0,0.0,-24.0,-24.0,1.0,-24.0,True,False
2024-08-18 14:00:00,21.18,21.35,21.17,21.18,60740.65,-8.8e-05,31,-20.0,0.0,mean_reversion,,1161.141265,-2.050128,0.050128,False,,1161.141265,-2.050128,1161.141265,,mean_reversion,0.0,{},,146.0,AVAXUSDT,2024-08-18 14:00:00,,,,,801.990077,0.0,0.0,0.0,801.990077,0.0,0.0,0.0,-24.0,-24.0,1.0,-24.0,True,False
2024-08-18 15:00:00,21.19,21.27,21.09,21.22,45357.99,-8.8e-05,31,-20.0,0.0,mean_reversion,,1156.645537,-2.061984,0.061984,False,,1156.645537,-2.061984,1156.645537,,mean_reversion,0.0,{},,147.0,AVAXUSDT,2024-08-18 15:00:00,,,,,801.990077,0.0,0.0,0.0,801.990077,0.0,0.0,0.0,-24.0,-24.0,1.0,-24.0,True,False
2024-08-18 16:00:00,21.23,21.3,21.19,21.22,27513.15,9e-06,31,-20.0,0.0,mean_reversion,,1156.645537,-2.061984,0.061984,False,,1156.645537,-2.061984,1156.645537,,mean_reversion,0.0,{},,148.0,AVAXUSDT,2024-08-18 16:00:00,,,,,801.990077,0.0,0.0,0.0,801.990077,0.0,0.0,0.0,-22.714949,-22.714949,1.0,-22.714949,True,False
2024-08-18 17:00:00,21.23,21.27,21.02,21.08,55187.2,9e-06,31,-10.823002,0.0,mean_reversion,,1172.380588,-2.020887,0.938587,True,True,1171.279105,-1.083318,1172.380588,,mean_reversion,9.176998,{},,149.0,AVAXUSDT,2024-08-18 17:00:00,AVAXUSDT,21.08,52.200255,REDUCE_SHORT,801.990077,0.0,0.0,0.0,801.990077,0.0,0.0,0.0,-10.823002,-10.823002,1.0,-10.823002,True,True
2024-08-18 18:00:00,21.08,21.24,21.05,21.23,33348.13,9e-06,31,-18.943018,0.0,mean_reversion,,1162.25016,-1.099502,-0.7948,True,True,1161.326404,-1.895809,1162.25016,,mean_reversion,-8.120016,{},,150.0,AVAXUSDT,2024-08-18 18:00:00,AVAXUSDT,21.23,43.511818,SHORT,801.990077,0.0,0.0,0.0,801.990077,0.0,0.0,0.0,-18.943018,-18.943018,1.0,-18.943018,True,True
2024-08-18 19:00:00,21.22,21.35,21.21,21.35,60188.16,9e-06,31,-20.0,0.0,mean_reversion,,1148.88183,-1.927176,-0.072824,False,,1148.88183,-1.927176,1148.88183,,mean_reversion,-1.056982,{},,151.0,AVAXUSDT,2024-08-18 19:00:00,,,,,801.990077,0.0,0.0,0.0,801.990077,0.0,0.0,0.0,-24.0,-24.0,1.0,-24.0,True,False
2024-08-18 20:00:00,21.35,21.48,21.35,21.46,48959.82,9e-06,31,-20.0,0.0,mean_reversion,,1137.474303,-1.956532,-0.043468,False,,1137.474303,-1.956532,1137.474303,,mean_reversion,0.0,{},,152.0,AVAXUSDT,2024-08-18 20:00:00,,,,,801.990077,0.0,0.0,0.0,801.990077,0.0,0.0,0.0,-24.0,-24.0,1.0,-24.0,True,False
2024-08-18 21:00:00,21.47,21.51,21.2,21.26,48425.78,9e-06,31,-13.854518,0.0,mean_reversion,,1158.21526,-1.903587,0.518135,True,True,1157.614547,-1.386171,1158.21526,,mean_reversion,6.145482,{},,153.0,AVAXUSDT,2024-08-18 21:00:00,AVAXUSDT,21.26,28.227296,REDUCE_SHORT,801.990077,0.0,0.0,0.0,801.990077,0.0,0.0,0.0,-13.854518,-13.854518,1.0,-13.854518,True,True
2024-08-18 22:00:00,21.27,21.36,21.23,21.24,26733.29,9e-06,31,-11.810728,0.0,mean_reversion,,1159.124097,-1.383063,0.20199,True,True,1158.889731,-1.181312,1159.124097,,mean_reversion,2.04379,{},,154.0,AVAXUSDT,2024-08-18 22:00:00,AVAXUSDT,21.24,11.023159,REDUCE_SHORT,801.990077,0.0,0.0,0.0,801.990077,0.0,0.0,0.0,-11.810728,-11.810728,1.0,-11.810728,True,True
2024-08-18 23:00:00,21.23,21.25,20.75,20.82,101976.53,9e-06,31,15.472813,0.0,mean_reversion,,1185.960549,-1.131521,2.678802,True,True,1182.782252,1.549888,1185.960549,,mean_reversion,27.283541,{},,155.0,AVAXUSDT,2024-08-18 23:00:00,AVAXUSDT,20.82,88.137109,LONG,801.990077,0.0,0.0,0.0,801.990077,0.0,0.0,0.0,15.472813,15.472813,1.0,15.472813,True,True
2024-08-19 00:00:00,20.83,20.84,20.65,20.68,76144.2,7.8e-05,28,20.0,0.0,mean_reversion,,1170.455396,1.555679,0.444321,True,True,1169.935338,2.000445,1170.455396,,mean_reversion,4.527187,{},,156.0,AVAXUSDT,2024-08-19 00:00:00,AVAXUSDT,20.68,25.147875,LONG,801.990077,0.0,0.0,0.0,801.990077,0.0,0.0,0.0,22.207107,22.207107,1.0,22.207107,True,True
2024-08-19 01:00:00,20.67,20.96,20.65,20.86,48190.8,7.8e-05,28,8.960089,0.0,mean_reversion,,1190.306244,1.983323,-1.087314,True,True,1189.012007,0.896984,1190.306244,,mean_reversion,-11.039911,{},,157.0,AVAXUSDT,2024-08-19 01:00:00,AVAXUSDT,20.86,62.043946,REDUCE_LONG,801.990077,0.0,0.0,0.0,801.990077,0.0,0.0,0.0,8.960089,8.960089,1.0,8.960089,True,True
2024-08-19 02:00:00,20.85,20.94,20.8,20.87,11428.92,7.8e-05,28,7.585233,0.0,mean_reversion,,1189.523285,0.897028,-0.138505,False,,1189.523285,0.897028,1189.523285,,mean_reversion,-1.374855,{},,158.0,AVAXUSDT,2024-08-19 02:00:00,,,,,801.990077,0.0,0.0,0.0,801.990077,0.0,0.0,0.0,7.585233,7.585233,1.0,7.585233,True,False
2024-08-19 03:00:00,20.88,20.93,20.84,20.89,12555.93,7.8e-05,28,5.828987,0.0,mean_reversion,,1190.54584,0.897117,-0.314218,True,True,1190.171749,0.583082,1190.54584,,mean_reversion,-1.756246,{},,159.0,AVAXUSDT,2024-08-19 03:00:00,AVAXUSDT,20.89,17.907667,REDUCE_LONG,801.990077,0.0,0.0,0.0,801.990077,0.0,0.0,0.0,5.828987,5.828987,1.0,5.828987,True,True
2024-08-19 04:00:00,20.89,20.9,20.71,20.77,21834.02,7.8e-05,28,12.090391,0.0,mean_reversion,,1186.185338,0.581681,0.627358,True,True,1185.441175,1.20917,1186.185338,,mean_reversion,6.261404,{},,160.0,AVAXUSDT,2024-08-19 04:00:00,AVAXUSDT,20.77,35.828757,LONG,801.990077,0.0,0.0,0.0,801.990077,0.0,0.0,0.0,12.090391,12.090391,1.0,12.090391,True,True
2024-08-19 05:00:00,20.78,20.78,20.57,20.63,72475.75,7.8e-05,28,19.084879,0.0,mean_reversion,,1175.779353,1.210889,0.697599,True,True,1174.959131,1.909122,1175.779353,,mean_reversion,6.994488,{},,161.0,AVAXUSDT,2024-08-19 05:00:00,AVAXUSDT,20.63,39.758709,LONG,801.990077,0.0,0.0,0.0,801.990077,0.0,0.0,0.0,19.084879,19.084879,1.0,19.084879,True,True
2024-08-19 06:00:00,20.62,20.77,20.56,20.72,42440.65,7.8e-05,28,12.047491,0.0,mean_reversion,,1184.745008,1.901613,-0.696864,True,True,1183.919402,1.205589,1184.745008,,mean_reversion,-7.037388,{},,162.0,AVAXUSDT,2024-08-19 06:00:00,AVAXUSDT,20.72,39.84584,REDUCE_LONG,801.990077,0.0,0.0,0.0,801.990077,0.0,0.0,0.0,12.047491,12.047491,1.0,12.047491,True,True
2024-08-19 07:00:00,20.71,20.79,20.68,20.68,39791.55,7.8e-05,28,13.348363,0.0,mean_reversion,,1181.163957,1.206069,0.128767,False,,1181.163957,1.206069,1181.163957,,mean_reversion,1.300872,{},,163.0,AVAXUSDT,2024-08-19 07:00:00,,,,,801.990077,0.0,0.0,0.0,801.990077,0.0,0.0,0.0,13.348363,13.348363,1.0,13.348363,True,False
2024-08-19 08:00:00,20.68,20.8,20.65,20.78,22087.37,-0.000108,28,6.375778,0.0,mean_reversion,,1188.052569,1.204874,-0.567296,True,True,1187.378592,0.63794,1188.052569,,mean_reversion,-6.972585,{},,164.0,AVAXUSDT,2024-08-19 08:00:00,AVAXUSDT,20.78,32.433961,REDUCE_LONG,801.990077,0.0,0.0,0.0,801.990077,0.0,0.0,0.0,6.375778,6.375778,1.0,6.375778,True,True
2024-08-19 09:00:00,20.78,20.85,20.58,20.6,76635.44,-0.000108,28,16.696288,0.0,mean_reversion,,1180.817202,0.635928,1.033701,True,True,1179.59659,1.670322,1180.817202,,mean_reversion,10.320509,{},,165.0,AVAXUSDT,2024-08-19 09:00:00,AVAXUSDT,20.6,59.252999,LONG,801.990077,0.0,0.0,0.0,801.990077,0.0,0.0,0.0,16.696288,16.696288,1.0,16.696288,True,True
2024-08-19 10:00:00,20.6,20.74,20.49,20.63,51968.72,-0.000108,28,13.062932,0.0,mean_reversion,,1182.465968,1.668695,-0.362402,True,True,1182.03744,1.306767,1182.465968,,mean_reversion,-3.633356,{},,166.0,AVAXUSDT,2024-08-19 10:00:00,AVAXUSDT,20.63,20.772075,REDUCE_LONG,801.990077,0.0,0.0,0.0,801.990077,0.0,0.0,0.0,13.062932,13.062932,1.0,13.062932,True,True
2024-08-19 11:00:00,20.63,20.73,20.57,20.72,29605.99,-0.000108,28,6.502529,0.0,mean_reversion,,1188.776085,1.305028,-0.654775,True,True,1187.997704,0.650679,1188.776085,,mean_reversion,-6.560403,{},,167.0,AVAXUSDT,2024-08-19 11:00:00,AVAXUSDT,20.72,37.56664,REDUCE_LONG,801.990077,0.0,0.0,0.0,801.990077,0.0,0.0,0.0,6.502529,6.502529,1.0,6.502529,True,True
2024-08-19 12:00:00,20.71,20.75,20.53,20.66,39528.46,-0.000108,28,9.215538,0.0,mean_reversion,,1185.759272,0.65002,0.271534,True,True,1185.437298,0.921532,1185.759272,,mean_reversion,2.713009,{},,168.0,AVAXUSDT,2024-08-19 12:00:00,AVAXUSDT,20.66,15.584428,LONG,801.990077,0.0,0.0,0.0,801.990077,0.0,0.0,0.0,9.215538,9.215538,1.0,9.215538,True,True
2024-08-19 13:00:00,20.67,20.83,20.52,20.54,67894.06,-0.000108,28,15.096088,0.0,mean_reversion,,1179.092173,0.92111,0.588499,True,True,1178.398279,1.509909,1179.092173,,mean_reversion,5.88055,{},,169.0,AVAXUSDT,2024-08-19 13:00:00,AVAXUSDT,20.54,33.782575,LONG,801.990077,0.0,0.0,0.0,801.990077,0.0,0.0,0.0,15.096088,15.096088,1.0,15.096088,True,True
2024-08-19 14:00:00,20.54,20.63,20.38,20.62,68712.1,-0.000108,28,8.946167,0.0,mean_reversion,,1185.328266,1.506928,-0.612311,True,True,1184.602476,0.895165,1185.328266,,mean_reversion,-6.149922,{},,170.0,AVAXUSDT,2024-08-19 14:00:00,AVAXUSDT,20.62,35.198333,REDUCE_LONG,801.990077,0.0,0.0,0.0,801.990077,0.0,0.0,0.0,8.946167,8.946167,1.0,8.946167,True,True
2024-08-19 15:00:00,20.62,20.69,20.51,20.58,27888.7,-0.000108,28,10.258194,0.0,mean_reversion,,1182.545416,0.894982,0.130837,False,,1182.545416,0.894982,1182.545416,,mean_reversion,1.312028,{},,171.0,AVAXUSDT,2024-08-19 15:00:00,,,,,801.990077,0.0,0.0,0.0,801.990077,0.0,0.0,0.0,10.258194,10.258194,1.0,10.258194,True,False
2024-08-19 16:00:00,20.58,20.64,20.44,20.64,60016.01,-0.000108,28,5.827827,0.0,mean_reversion,,1185.631006,0.895256,-0.312473,True,True,1185.260528,0.582965,1185.631006,,mean_reversion,-4.430367,{},,172.0,AVAXUSDT,2024-08-19 16:00:00,AVAXUSDT,20.64,17.949501,REDUCE_LONG,801.990077,0.0,0.0,0.0,801.990077,0.0,0.0,0.0,5.827827,5.827827,1.0,5.827827,True,True
2024-08-19 17:00:00,20.63,21.05,20.57,20.81,109681.14,-9.3e-05,28,-3.938687,0.0,mean_reversion,,1190.951618,0.584958,-0.978826,True,True,1189.785883,-0.394255,1190.951618,,mean_reversion,-9.766514,{},,173.0,AVAXUSDT,2024-08-19 17:00:00,AVAXUSDT,20.81,22.541018,SHORT,801.990077,0.0,0.0,0.0,801.990077,0.0,0.0,0.0,-3.938687,-3.938687,1.0,-3.938687,True,True
2024-08-19 18:00:00,20.81,20.96,20.72,20.85,36053.7,-9.3e-05,28,-5.550441,0.0,mean_reversion,,1188.884243,-0.395312,-0.159732,False,,1188.884243,-0.395312,1188.884243,,mean_reversion,-1.611754,{},,174.0,AVAXUSDT,2024-08-19 18:00:00,,,,,801.990077,0.0,0.0,0.0,801.990077,0.0,0.0,0.0,-5.550441,-5.550441,1.0,-5.550441,True,False
2024-08-19 19:00:00,20.85,20.93,20.77,20.83,26607.96,-9.3e-05,28,-4.300074,0.0,mean_reversion,,1189.335063,-0.394783,-0.035224,False,,1189.335063,-0.394783,1189.335063,,mean_reversion,1.250367,{},,175.0,AVAXUSDT,2024-08-19 19:00:00,,,,,801.990077,0.0,0.0,0.0,801.990077,0.0,0.0,0.0,-4.300074,-4.300074,1.0,-4.300074,True,False
2024-08-19 20:00:00,20.83,20.99,20.77,20.9,37681.02,-9.3e-05,28,-7.746215,0.0,mean_reversion,,1187.757192,-0.396636,-0.377985,True,True,1187.308237,-0.774914,1187.757192,,mean_reversion,-3.446141,{},,176.0,AVAXUSDT,2024-08-19 20:00:00,AVAXUSDT,20.9,21.4811,SHORT,801.990077,0.0,0.0,0.0,801.990077,0.0,0.0,0.0,-7.746215,-7.746215,1.0,-7.746215,True,True
2024-08-19 21:00:00,20.9,20.93,20.84,20.89,26913.57,-9.3e-05,28,0.0,0.0,unknown,,1187.748458,-0.774257,0.774257,True,True,1186.827915,0.0,1187.748458,,unknown,7.746215,{},,1.0,AVAXUSDT,2024-08-19 21:00:00,AVAXUSDT,20.89,-44.022119,CLOSE,801.990077,0.0,0.0,0.0,801.990077,0.0,0.0,0.0,,,,,True,True
2024-08-19 22:00:00,20.89,21.11,20.89,21.09,35985.69,-9.3e-05,28,-17.495113,0.0,mean_reversion,,1186.827915,0.0,-1.749511,True,True,1184.751546,-1.752577,1186.827915,,mean_reversion,-17.495113,{},,1.0,AVAXUSDT,2024-08-19 22:00:00,AVAXUSDT,21.09,98.452769,SHORT,801.990077,0.0,0.0,0.0,801.990077,0.0,0.0,0.0,-17.495113,-17.495113,1.0,-17.495113,True,True
2024-08-19 23:00:00,21.09,21.25,21.01,21.21,37776.01,-9.3e-05,28,-20.0,0.0,mean_reversion,,1172.937214,-1.780303,-0.219697,True,True,1172.679523,-2.000439,1172.937214,,mean_reversion,-2.504887,{},,2.0,AVAXUSDT,2024-08-19 23:00:00,AVAXUSDT,21.21,12.149515,SHORT,801.990077,0.0,0.0,0.0,801.990077,0.0,0.0,0.0,-21.924794,-21.924794,1.0,-21.924794,True,True
2024-08-20 00:00:00,21.22,21.62,21.16,21.43,111388.31,-0.000188,30,-20.0,0.0,mean_reversion,,1148.347021,-2.064016,0.064016,False,,1148.347021,-2.064016,1148.347021,,mean_reversion,0.0,{},,3.0,AVAXUSDT,2024-08-20 00:00:00,,,,,801.990077,0.0,0.0,0.0,801.990077,0.0,0.0,0.0,-24.0,-24.0,1.0,-24.0,True,False
2024-08-20 01:00:00,21.44,21.74,21.44,21.69,105793.96,-0.000188,30,-20.0,0.0,mean_reversion,,1119.590427,-2.142715,0.142715,False,,1119.590427,-2.142715,1119.590427,,mean_reversion,0.0,{},,4.0,AVAXUSDT,2024-08-20 01:00:00,,,,,801.990077,0.0,0.0,0.0,801.990077,0.0,0.0,0.0,-24.0,-24.0,1.0,-24.0,True,False
2024-08-20 02:00:00,21.7,21.74,21.56,21.67,37434.47,-0.000188,30,-20.0,0.0,mean_reversion,,1121.802473,-2.136518,0.136518,False,,1121.802473,-2.136518,1121.802473,,mean_reversion,0.0,{},,5.0,AVAXUSDT,2024-08-20 02:00:00,,,,,801.990077,0.0,0.0,0.0,801.990077,0.0,0.0,0.0,-24.0,-24.0,1.0,-24.0,True,False
2024-08-20 03:00:00,21.68,21.81,21.65,21.8,69742.99,-0.000188,30,-20.0,0.0,mean_reversion,,1107.424176,-2.177241,0.177241,False,,1107.424176,-2.177241,1107.424176,,mean_reversion,0.0,{},,6.0,AVAXUSDT,2024-08-20 03:00:00,,,,,801.990077,0.0,0.0,0.0,801.990077,0.0,0.0,0.0,-24.0,-24.0,1.0,-24.0,True,False
2024-08-20 04:00:00,21.8,21.85,21.71,21.82,82717.27,-0.000188,30,-20.0,0.0,mean_reversion,,1105.21213,-2.183601,0.183601,False,,1105.21213,-2.183601,1105.21213,,mean_reversion,0.0,{},,7.0,AVAXUSDT,2024-08-20 04:00:00,,,,,801.990077,0.0,0.0,0.0,801.990077,0.0,0.0,0.0,-24.0,-24.0,1.0,-24.0,True,False
2024-08-20 05:00:00,21.82,22.01,21.79,21.9,99520.89,-0.000188,30,-20.0,0.0,mean_reversion,,1096.363947,-2.209294,0.209294,True,True,1096.134256,-2.000419,1096.363947,,mean_reversion,0.0,{},,8.0,AVAXUSDT,2024-08-20 05:00:00,AVAXUSDT,21.9,10.477722,REDUCE_SHORT,801.990077,0.0,0.0,0.0,801.990077,0.0,0.0,0.0,-24.0,-24.0,1.0,-24.0,True,True
2024-08-20 06:00:00,21.9,21.99,21.85,21.88,62611.97,-0.000188,30,-20.0,0.0,mean_reversion,,1098.136747,-1.994948,-0.005052,False,,1098.136747,-1.994948,1098.136747,,mean_reversion,0.0,{},,9.0,AVAXUSDT,2024-08-20 06:00:00,,,,,801.990077,0.0,0.0,0.0,801.990077,0.0,0.0,0.0,-24.0,-24.0,1.0,-24.0,True,False
2024-08-20 07:00:00,21.88,22.09,21.85,22.08,124722.44,-0.000188,30,-20.0,0.0,mean_reversion,,1078.111835,-2.050576,0.050576,False,,1078.111835,-2.050576,1078.111835,,mean_reversion,0.0,{},,10.0,AVAXUSDT,2024-08-20 07:00:00,,,,,801.990077,0.0,0.0,0.0,801.990077,0.0,0.0,0.0,-24.0,-24.0,1.0,-24.0,True,False
2024-08-20 08:00:00,22.08,22.11,21.88,21.95,64265.89,7.9e-05,30,-20.0,0.0,mean_reversion,,1091.128028,-2.014185,0.014185,False,,1091.128028,-2.014185,1091.128028,,mean_reversion,0.0,{},,11.0,AVAXUSDT,2024-08-20 08:00:00,,,,,801.990077,0.0,0.0,0.0,801.990077,0.0,0.0,0.0,-24.0,-24.0,1.0,-24.0,True,False
2024-08-20 09:00:00,21.95,22.13,21.92,22.11,77533.93,7.9e-05,30,-20.0,0.0,mean_reversion,,1075.108098,-2.059099,0.059099,False,,1075.108098,-2.059099,1075.108098,,mean_reversion,0.0,{},,12.0,AVAXUSDT,2024-08-20 09:00:00,,,,,801.990077,0.0,0.0,0.0,801.990077,0.0,0.0,0.0,-24.0,-24.0,1.0,-24.0,True,False
2024-08-20 10:00:00,22.12,22.16,22.04,22.05,76954.61,7.9e-05,30,-20.0,0.0,mean_reversion,,1081.115571,-2.0421,0.0421,False,,1081.115571,-2.0421,1081.115571,,mean_reversion,0.0,{},,13.0,AVAXUSDT,2024-08-20 10:00:00,,,,,801.990077,0.0,0.0,0.0,801.990077,0.0,0.0,0.0,-24.0,-24.0,1.0,-24.0,True,False
2024-08-20 11:00:00,22.04,22.09,21.93,21.99,49700.31,7.9e-05,30,-20.0,0.0,mean_reversion,,1087.123045,-2.02529,0.02529,False,,1087.123045,-2.02529,1087.123045,,mean_reversion,0.0,{},,14.0,AVAXUSDT,2024-08-20 11:00:00,,,,,801.990077,0.0,0.0,0.0,801.990077,0.0,0.0,0.0,-23.70702,-23.70702,1.0,-23.70702,True,False
2024-08-20 12:00:00,21.99,22.15,21.98,22.12,60474.6,7.9e-05,30,-20.0,0.0,mean_reversion,,1074.106852,-2.061951,0.061951,False,,1074.106852,-2.061951,1074.106852,,mean_reversion,0.0,{},,15.0,AVAXUSDT,2024-08-20 12:00:00,,,,,801.990077,0.0,0.0,0.0,801.990077,0.0,0.0,0.0,-24.0,-24.0,1.0,-24.0,True,False
2024-08-20 13:00:00,22.12,22.23,22.01,22.2,118897.09,7.9e-05,30,-20.0,0.0,mean_reversion,,1066.096887,-2.084956,0.084956,False,,1066.096887,-2.084956,1066.096887,,mean_reversion,0.0,{},,16.0,AVAXUSDT,2024-08-20 13:00:00,,,,,801.990077,0.0,0.0,0.0,801.990077,0.0,0.0,0.0,-24.0,-24.0,1.0,-24.0,True,False
2024-08-20 14:00:00,22.19,22.22,21.77,21.78,168187.86,7.9e-05,30,-4.472927,0.0,mean_reversion,,1108.149203,-1.967887,1.520595,True,True,1106.46247,-0.447975,1108.149203,,mean_reversion,15.527073,{},,17.0,AVAXUSDT,2024-08-20 14:00:00,AVAXUSDT,21.78,77.366664,REDUCE_SHORT,801.990077,0.0,0.0,0.0,801.990077,0.0,0.0,0.0,-4.472927,-4.472927,1.0,-4.472927,True,True
2024-08-20 15:00:00,21.78,21.95,21.47,21.78,164971.29,7.9e-05,30,-3.769033,0.0,mean_reversion,,1106.46247,-0.447975,0.071071,False,,1106.46247,-0.447975,1106.46247,,mean_reversion,0.703894,{},,18.0,AVAXUSDT,2024-08-20 15:00:00,,,,,801.990077,0.0,0.0,0.0,801.990077,0.0,0.0,0.0,-3.769033,-3.769033,1.0,-3.769033,True,False
2024-08-20 16:00:00,21.78,22.01,21.75,21.89,94780.32,7.9e-05,30,-9.027796,0.0,mean_reversion,,1103.959102,-0.451258,-0.451522,True,True,1103.46064,-0.903187,1103.959102,,mean_reversion,-5.258764,{},,19.0,AVAXUSDT,2024-08-20 16:00:00,AVAXUSDT,21.89,22.771192,SHORT,801.990077,0.0,0.0,0.0,801.990077,0.0,0.0,0.0,-9.027796,-9.027796,1.0,-9.027796,True,True
2024-08-20 17:00:00,21.89,22.45,21.86,22.35,160334.6,3.4e-05,30,-20.0,0.0,mean_reversion,,1082.517259,-0.940008,-1.059992,True,True,1081.3698,-2.002122,1082.517259,,mean_reversion,-10.972204,{},,20.0,AVAXUSDT,2024-08-20 17:00:00,AVAXUSDT,22.35,51.340464,SHORT,801.990077,0.0,0.0,0.0,801.990077,0.0,0.0,0.0,-24.0,-24.0,1.0,-24.0,True,True
2024-08-20 18:00:00,22.35,22.63,22.31,22.43,142389.25,3.4e-05,30,-20.0,0.0,mean_reversion,,1073.620235,-2.023792,0.023792,False,,1073.620235,-2.023792,1073.620235,,mean_reversion,0.0,{},,21.0,AVAXUSDT,2024-08-20 18:00:00,,,,,801.990077,0.0,0.0,0.0,801.990077,0.0,0.0,0.0,-24.0,-24.0,1.0,-24.0,True,False
2024-08-20 19:00:00,22.43,22.66,22.4,22.56,90021.69,3.4e-05,30,-20.0,0.0,mean_reversion,,1061.027193,-2.059681,0.059681,False,,1061.027193,-2.059681,1061.027193,,mean_reversion,0.0,{},,22.0,AVAXUSDT,2024-08-20 19:00:00,,,,,801.990077,0.0,0.0,0.0,801.990077,0.0,0.0,0.0,-24.0,-24.0,1.0,-24.0,True,False
2024-08-20 20:00:00,22.57,22.79,22.5,22.51,147943.51,3.4e-05,30,-20.0,0.0,mean_reversion,,1065.870671,-2.045777,0.045777,False,,1065.870671,-2.045777,1065.870671,,mean_reversion,0.0,{},,23.0,AVAXUSDT,2024-08-20 20:00:00,,,,,801.990077,0.0,0.0,0.0,801.990077,0.0,0.0,0.0,-24.0,-24.0,1.0,-24.0,True,False
2024-08-20 21:00:00,22.51,22.52,22.33,22.47,54955.39,3.4e-05,30,-20.0,0.0,mean_reversion,,1069.745453,-2.034745,0.034745,False,,1069.745453,-2.034745,1069.745453,,mean_reversion,0.0,{},,24.0,AVAXUSDT,2024-08-20 21:00:00,,,,,801.990077,0.0,0.0,0.0,801.990077,0.0,0.0,0.0,-23.757471,-23.757471,1.0,-23.757471,True,False
2024-08-20 22:00:00,22.47,22.63,22.4,22.44,45372.97,3.4e-05,30,-19.858469,0.0,mean_reversion,,1072.65154,-2.026523,0.040676,False,,1072.65154,-2.026523,1072.65154,,mean_reversion,0.141531,{},,25.0,AVAXUSDT,2024-08-20 22:00:00,,,,,801.990077,0.0,0.0,0.0,801.990077,0.0,0.0,0.0,-19.858469,-19.858469,1.0,-19.858469,True,False
2024-08-20 23:00:00,22.44,22.44,22.22,22.26,46800.03,3.4e-05,30,-9.308314,0.0,mean_reversion,,1090.088059,-1.978112,1.047281,True,True,1088.945288,-0.931808,1090.088059,,mean_reversion,10.550155,{},,26.0,AVAXUSDT,2024-08-20 23:00:00,AVAXUSDT,22.26,51.286076,REDUCE_SHORT,801.990077,0.0,0.0,0.0,801.990077,0.0,0.0,0.0,-9.308314,-9.308314,1.0,-9.308314,True,True
2024-08-21 00:00:00,22.26,22.51,22.25,22.35,43879.78,3.4e-05,26,-12.357867,0.0,mean_reversion,,1084.842776,-0.939114,-0.296673,True,True,1084.520932,-1.236153,1084.842776,,mean_reversion,-3.049553,{},,27.0,AVAXUSDT,2024-08-21 00:00:00,AVAXUSDT,22.35,14.400158,SHORT,801.990077,0.0,0.0,0.0,801.990077,0.0,0.0,0.0,-12.357867,-12.357867,1.0,-12.357867,True,True
2024-08-21 01:00:00,22.36,22.52,22.27,22.51,41764.15,4.9e-05,26,-18.414906,0.0,mean_reversion,,1074.92355,-1.256119,-0.585372,True,True,1074.294321,-1.842569,1074.92355,,mean_reversion,-6.057039,{},,28.0,AVAXUSDT,2024-08-21 01:00:00,AVAXUSDT,22.51,27.953352,SHORT,801.990077,0.0,0.0,0.0,801.990077,0.0,0.0,0.0,-18.414906,-18.414906,1.0,-18.414906,True,True
2024-08-21 02:00:00,22.52,22.74,22.52,22.68,89358.11,4.9e-05,26,-20.0,0.0,mean_reversion,,1059.345033,-1.882683,-0.117317,False,,1059.345033,-1.882683,1059.345033,,mean_reversion,-1.585094,{},,29.0,AVAXUSDT,2024-08-21 02:00:00,,,,,801.990077,0.0,0.0,0.0,801.990077,0.0,0.0,0.0,-24.0,-24.0,1.0,-24.0,True,False
2024-08-21 03:00:00,22.67,23.19,22.66,23.19,102511.76,4.9e-05,26,-20.0,0.0,mean_reversion,,1014.49717,-2.010118,0.010118,False,,1014.49717,-2.010118,1014.49717,,mean_reversion,0.0,{},,30.0,AVAXUSDT,2024-08-21 03:00:00,,,,,801.990077,0.0,0.0,0.0,801.990077,0.0,0.0,0.0,-24.0,-24.0,1.0,-24.0,True,False
2024-08-21 04:00:00,23.2,23.47,23.15,23.28,139973.46,4.9e-05,26,-20.0,0.0,mean_reversion,,1006.582841,-2.033785,0.033785,False,,1006.582841,-2.033785,1006.582841,,mean_reversion,0.0,{},,31.0,AVAXUSDT,2024-08-21 04:00:00,,,,,801.990077,0.0,0.0,0.0,801.990077,0.0,0.0,0.0,-24.0,-24.0,1.0,-24.0,True,False
2024-08-21 05:00:00,23.27,23.35,22.94,23.13,83458.94,4.9e-05,26,-20.0,0.0,mean_reversion,,1019.773389,-1.994544,-0.005456,False,,1019.773389,-1.994544,1019.773389,,mean_reversion,0.0,{},,32.0,AVAXUSDT,2024-08-21 05:00:00,,,,,801.990077,0.0,0.0,0.0,801.990077,0.0,0.0,0.0,-24.0,-24.0,1.0,-24.0,True,False
2024-08-21 06:00:00,23.13,23.59,23.13,23.47,167521.19,4.9e-05,26,-20.0,0.0,mean_reversion,,989.874813,-2.084992,0.084992,False,,989.874813,-2.084992,989.874813,,mean_reversion,0.0,{},,33.0,AVAXUSDT,2024-08-21 06:00:00,,,,,801.990077,0.0,0.0,0.0,801.990077,0.0,0.0,0.0,-24.0,-24.0,1.0,-24.0,True,False
2024-08-21 07:00:00,23.47,23.5,23.24,23.3,73097.24,4.9e-05,26,-20.0,0.0,mean_reversion,,1004.824101,-2.039095,0.039095,False,,1004.824101,-2.039095,1004.824101,,mean_reversion,0.0,{},,34.0,AVAXUSDT,2024-08-21 07:00:00,,,,,801.990077,0.0,0.0,0.0,801.990077,0.0,0.0,0.0,-24.0,-24.0,1.0,-24.0,True,False
2024-08-21 08:00:00,23.29,23.41,23.01,23.03,83959.9,-4.1e-05,26,-14.795071,0.0,mean_reversion,,1028.567087,-1.968942,0.489435,True,True,1028.063167,-1.480232,1028.567087,,mean_reversion,5.204929,{},,35.0,AVAXUSDT,2024-08-21 08:00:00,AVAXUSDT,23.03,21.85916,REDUCE_SHORT,801.990077,0.0,0.0,0.0,801.990077,0.0,0.0,0.0,-14.795071,-14.795071,1.0,-14.795071,True,True
2024-08-21 09:00:00,23.03,23.06,22.86,23.0,71412.09,-4.1e-05,26,-12.331497,0.0,mean_reversion,,1030.045502,-1.475459,0.242309,True,True,1029.795662,-1.233449,1030.045502,,mean_reversion,2.463574,{},,36.0,AVAXUSDT,2024-08-21 09:00:00,AVAXUSDT,23.0,10.851725,REDUCE_SHORT,801.990077,0.0,0.0,0.0,801.990077,0.0,0.0,0.0,-12.331497,-12.331497,1.0,-12.331497,True,True
2024-08-21 10:00:00,23.0,23.1,22.94,22.97,62845.46,-4.1e-05,26,-10.523755,0.0,mean_reversion,,1031.452445,-1.229861,0.177486,False,,1031.452445,-1.229861,1031.452445,,mean_reversion,1.807742,{},,37.0,AVAXUSDT,2024-08-21 10:00:00,,,,,801.990077,0.0,0.0,0.0,801.990077,0.0,0.0,0.0,-10.523755,-10.523755,1.0,-10.523755,True,False
2024-08-21 11:00:00,22.97,23.04,22.85,22.89,80983.44,-4.1e-05,26,-6.778482,0.0,mean_reversion,,1035.870534,-1.220351,0.542503,True,True,1035.308008,-0.678216,1035.870534,,mean_reversion,3.745273,{},,38.0,AVAXUSDT,2024-08-21 11:00:00,AVAXUSDT,22.89,24.550568,REDUCE_SHORT,801.990077,0.0,0.0,0.0,801.990077,0.0,0.0,0.0,-6.778482,-6.778482,1.0,-6.778482,True,True
2024-08-21 12:00:00,22.88,23.15,22.83,23.11,71187.79,-4.1e-05,26,-14.788313,0.0,mean_reversion,,1028.559391,-0.689228,-0.789604,True,True,1027.747237,-1.48,1028.559391,,mean_reversion,-8.009831,{},,39.0,AVAXUSDT,2024-08-21 12:00:00,AVAXUSDT,23.11,35.142978,SHORT,801.990077,0.0,0.0,0.0,801.990077,0.0,0.0,0.0,-14.788313,-14.788313,1.0,-14.788313,True,True
2024-08-21 13:00:00,23.11,23.42,22.85,23.39,124509.09,-4.1e-05,26,-20.0,0.0,mean_reversion,,1009.318054,-1.525282,-0.474718,True,True,1008.838912,-2.00095,1009.318054,,mean_reversion,-5.211687,{},,40.0,AVAXUSDT,2024-08-21 13:00:00,AVAXUSDT,23.39,20.48487,SHORT,801.990077,0.0,0.0,0.0,801.990077,0.0,0.0,0.0,-24.0,-24.0,1.0,-24.0,True,True
2024-08-21 14:00:00,23.4,23.48,22.97,23.04,142092.93,-4.1e-05,26,-8.0512,0.0,mean_reversion,,1039.045096,-1.913709,1.108589,True,True,1037.892069,-0.806014,1039.045096,,mean_reversion,11.9488,{},,41.0,AVAXUSDT,2024-08-21 14:00:00,AVAXUSDT,23.04,49.99453,REDUCE_SHORT,801.990077,0.0,0.0,0.0,801.990077,0.0,0.0,0.0,-8.0512,-8.0512,1.0,-8.0512,True,True
2024-08-21 15:00:00,23.03,23.11,22.8,23.1,151098.04,-4.1e-05,26,-9.520864,0.0,mean_reversion,,1035.713538,-0.809813,-0.142273,False,,1035.713538,-0.809813,1035.713538,,mean_reversion,-1.469664,{},,42.0,AVAXUSDT,2024-08-21 15:00:00,,,,,801.990077,0.0,0.0,0.0,801.990077,0.0,0.0,0.0,-9.520864,-9.520864,1.0,-9.520864,True,False
2024-08-21 16:00:00,23.09,23.38,22.98,23.33,63037.5,-4.1e-05,26,-17.110145,0.0,mean_reversion,,1027.362502,-0.824524,-0.88649,True,True,1026.451756,-1.712533,1027.362502,,mean_reversion,-7.589281,{},,43.0,AVAXUSDT,2024-08-21 16:00:00,AVAXUSDT,23.33,39.037574,SHORT,801.990077,0.0,0.0,0.0,801.990077,0.0,0.0,0.0,-17.110145,-17.110145,1.0,-17.110145,True,True
2024-08-21 17:00:00,23.33,23.66,23.25,23.43,120650.1,-9e-06,26,-18.601277,0.0,mean_reversion,,1018.917113,-1.732591,-0.127537,False,,1018.917113,-1.732591,1018.917113,,mean_reversion,-1.491133,{},,44.0,AVAXUSDT,2024-08-21 17:00:00,,,,,801.990077,0.0,0.0,0.0,801.990077,0.0,0.0,0.0,-18.601277,-18.601277,1.0,-18.601277,True,False
2024-08-21 18:00:00,23.44,23.53,23.26,23.46,90407.53,-9e-06,26,-17.812498,0.0,mean_reversion,,1016.65672,-1.738667,-0.042583,False,,1016.65672,-1.738667,1016.65672,,mean_reversion,0.78878,{},,45.0,AVAXUSDT,2024-08-21 18:00:00,,,,,801.990077,0.0,0.0,0.0,801.990077,0.0,0.0,0.0,-17.812498,-17.812498,1.0,-17.812498,True,False
2024-08-21 19:00:00,23.45,23.66,23.35,23.63,63993.55,-9e-06,26,-20.0,0.0,mean_reversion,,1003.847828,-1.773611,-0.226389,True,True,1003.620568,-2.000453,1003.847828,,mean_reversion,-2.187502,{},,46.0,AVAXUSDT,2024-08-21 19:00:00,AVAXUSDT,23.63,9.617419,SHORT,801.990077,0.0,0.0,0.0,801.990077,0.0,0.0,0.0,-21.960298,-21.960298,1.0,-21.960298,True,True
2024-08-21 20:00:00,23.62,23.8,23.52,23.66,101379.91,-9e-06,26,-20.0,0.0,mean_reversion,,1001.071653,-2.008093,0.008093,False,,1001.071653,-2.008093,1001.071653,,mean_reversion,0.0,{},,47.0,AVAXUSDT,2024-08-21 20:00:00,,,,,801.990077,0.0,0.0,0.0,801.990077,0.0,0.0,0.0,-20.87631,-20.87631,1.0,-20.87631,True,False
2024-08-21 21:00:00,23.66,23.7,23.45,23.6,58731.17,-9e-06,26,-16.756104,0.0,mean_reversion,,1006.169484,-1.992852,0.317242,True,True,1005.849965,-1.676143,1006.169484,,mean_reversion,3.243896,{},,48.0,AVAXUSDT,2024-08-21 21:00:00,AVAXUSDT,23.6,13.52537,REDUCE_SHORT,801.990077,0.0,0.0,0.0,801.990077,0.0,0.0,0.0,-16.756104,-16.756104,1.0,-16.756104,True,True
2024-08-21 22:00:00,23.6,23.69,23.47,23.55,59834.2,-9e-06,26,-13.403368,0.0,mean_reversion,,1009.421889,-1.666673,0.326336,True,True,1009.092149,-1.340775,1009.421889,,mean_reversion,3.352735,{},,49.0,AVAXUSDT,2024-08-21 22:00:00,AVAXUSDT,23.55,13.987717,REDUCE_SHORT,801.990077,0.0,0.0,0.0,801.990077,0.0,0.0,0.0,-13.403368,-13.403368,1.0,-13.403368,True,True
2024-08-21 23:00:00,23.56,23.58,23.42,23.53,25626.73,-9e-06,26,-12.074055,0.0,mean_reversion,,1010.241164,-1.338112,0.130707,False,,1010.241164,-1.338112,1010.241164,,mean_reversion,1.329313,{},,50.0,AVAXUSDT,2024-08-21 23:00:00,,,,,801.990077,0.0,0.0,0.0,801.990077,0.0,0.0,0.0,-12.074055,-12.074055,1.0,-12.074055,True,False
2024-08-22 00:00:00,23.53,23.67,23.5,23.53,44785.84,-8.9e-05,39,-11.185906,0.0,mean_reversion,,1010.241164,-1.338112,0.219522,True,True,1010.019172,-1.118836,1010.241164,,mean_reversion,0.888149,{},,51.0,AVAXUSDT,2024-08-22 00:00:00,AVAXUSDT,23.53,9.424992,REDUCE_SHORT,801.990077,0.0,0.0,0.0,801.990077,0.0,0.0,0.0,-11.185906,-11.185906,1.0,-11.185906,True,True
2024-08-22 01:00:00,23.53,23.64,23.4,23.46,43646.41,-8.9e-05,39,-7.629877,0.0,mean_reversion,,1013.380975,-1.111807,0.34882,True,True,1013.027134,-0.763254,1013.380975,,mean_reversion,3.556029,{},,52.0,AVAXUSDT,2024-08-22 01:00:00,AVAXUSDT,23.46,15.067657,REDUCE_SHORT,801.990077,0.0,0.0,0.0,801.990077,0.0,0.0,0.0,-7.629877,-7.629877,1.0,-7.629877,True,True
2024-08-22 02:00:00,23.45,23.45,23.05,23.23,72109.39,-8.9e-05,39,2.22706,0.0,mean_reversion,,1020.607499,-0.750158,0.972864,True,True,1019.61382,0.2227,1020.607499,,mean_reversion,9.856937,{},,53.0,AVAXUSDT,2024-08-22 02:00:00,AVAXUSDT,23.23,9.784563,LONG,801.990077,0.0,0.0,0.0,801.990077,0.0,0.0,0.0,2.22706,2.22706,1.0,2.22706,True,True
2024-08-22 03:00:00,23.23,23.31,23.17,23.23,27951.17,-8.9e-05,39,2.055803,0.0,mean_reversion,,1019.61382,0.2227,-0.01712,False,,1019.61382,0.2227,1019.61382,,mean_reversion,-0.171257,{},,54.0,AVAXUSDT,2024-08-22 03:00:00,,,,,801.990077,0.0,0.0,0.0,801.990077,0.0,0.0,0.0,2.055803,2.055803,1.0,2.055803,True,False
2024-08-22 04:00:00,23.23,23.56,23.15,23.37,99356.4,-8.9e-05,39,-3.839209,0.0,mean_reversion,,1020.982289,0.223742,-0.607663,True,True,1020.361876,-0.384154,1020.982289,,mean_reversion,-5.895011,{},,55.0,AVAXUSDT,2024-08-22 04:00:00,AVAXUSDT,23.37,16.772632,SHORT,801.990077,0.0,0.0,0.0,801.990077,0.0,0.0,0.0,-3.839209,-3.839209,1.0,-3.839209,True,True
2024-08-22 05:00:00,23.38,23.42,23.23,23.26,48183.5,-8.9e-05,39,1.003617,0.0,mean_reversion,,1022.206866,-0.381656,0.482018,True,True,1021.713754,0.10031,1022.206866,,mean_reversion,4.842826,{},,56.0,AVAXUSDT,2024-08-22 05:00:00,AVAXUSDT,23.26,4.410595,LONG,801.990077,0.0,0.0,0.0,801.990077,0.0,0.0,0.0,1.003617,1.003617,1.0,1.003617,True,True
2024-08-22 06:00:00,23.26,23.34,23.23,23.27,50459.57,-8.9e-05,39,0.504747,0.0,mean_reversion,,1021.757815,0.100349,-0.049874,False,,1021.757815,0.100349,1021.757815,,mean_reversion,-0.49887,{},,57.0,AVAXUSDT,2024-08-22 06:00:00,,,,,801.990077,0.0,0.0,0.0,801.990077,0.0,0.0,0.0,0.504747,0.504747,1.0,0.504747,True,False
2024-08-22 07:00:00,23.27,23.33,23.2,23.26,36089.63,-8.9e-05,39,0.876659,0.0,mean_reversion,,1021.713754,0.10031,-0.012644,False,,1021.713754,0.10031,1021.713754,,mean_reversion,0.371911,{},,58.0,AVAXUSDT,2024-08-22 07:00:00,,,,,801.990077,0.0,0.0,0.0,801.990077,0.0,0.0,0.0,0.876659,0.876659,1.0,0.876659,True,False
2024-08-22 08:00:00,23.25,23.3,23.19,23.27,27012.79,-1.8e-05,39,0.392072,0.0,mean_reversion,,1021.757815,0.100349,-0.061141,False,,1021.757815,0.100349,1021.757815,,mean_reversion,-0.484587,{},,59.0,AVAXUSDT,2024-08-22 08:00:00,,,,,801.990077,0.0,0.0,0.0,801.990077,0.0,0.0,0.0,0.392072,0.392072,1.0,0.392072,True,False
2024-08-22 09:00:00,23.26,23.4,23.22,23.34,21822.11,-1.8e-05,39,-2.860344,0.0,mean_reversion,,1022.066248,0.10062,-0.386654,True,True,1021.671062,-0.286145,1022.066248,,mean_reversion,-3.252416,{},,60.0,AVAXUSDT,2024-08-22 09:00:00,AVAXUSDT,23.34,12.525538,SHORT,801.990077,0.0,0.0,0.0,801.990077,0.0,0.0,0.0,-2.860344,-2.860344,1.0,-2.860344,True,True
2024-08-22 10:00:00,23.35,23.54,23.29,23.51,31932.82,-1.8e-05,39,-11.009896,0.0,mean_reversion,,1019.54172,-0.288831,-0.812159,True,True,1018.713691,-1.101885,1019.54172,,mean_reversion,-8.149553,{},,61.0,AVAXUSDT,2024-08-22 10:00:00,AVAXUSDT,23.51,35.22031,SHORT,801.990077,0.0,0.0,0.0,801.990077,0.0,0.0,0.0,-11.009896,-11.009896,1.0,-11.009896,True,True
2024-08-22 11:00:00,23.51,23.57,23.39,23.54,36987.13,-1.8e-05,39,-11.731681,0.0,mean_reversion,,1017.281316,-1.104844,-0.068324,False,,1017.281316,-1.104844,1017.281316,,mean_reversion,-0.721785,{},,62.0,AVAXUSDT,2024-08-22 11:00:00,,,,,801.990077,0.0,0.0,0.0,801.990077,0.0,0.0,0.0,-11.731681,-11.731681,1.0,-11.731681,True,False
2024-08-22 12:00:00,23.53,23.75,23.52,23.69,88445.21,-1.8e-05,39,-18.785329,0.0,mean_reversion,,1010.119438,-1.119768,-0.758765,True,True,1009.352995,-1.879959,1010.119438,,mean_reversion,-7.053648,{},,63.0,AVAXUSDT,2024-08-22 12:00:00,AVAXUSDT,23.69,32.353037,SHORT,801.990077,0.0,0.0,0.0,801.990077,0.0,0.0,0.0,-18.785329,-18.785329,1.0,-18.785329,True,True
2024-08-22 13:00:00,23.7,25.35,23.7,24.9,895054.24,-1.8e-05,39,-20.0,0.0,mean_reversion,,912.433345,-2.185872,0.185872,False,,912.433345,-2.185872,912.433345,,mean_reversion,-1.214671,{},,64.0,AVAXUSDT,2024-08-22 13:00:00,,,,,801.990077,0.0,0.0,0.0,801.990077,0.0,0.0,0.0,-24.0,-24.0,1.0,-24.0,True,False
2024-08-22 14:00:00,24.9,25.06,24.57,24.82,267203.3,-1.8e-05,39,-20.0,0.0,mean_reversion,,918.841255,-2.163654,0.163654,False,,918.841255,-2.163654,918.841255,,mean_reversion,0.0,{},,65.0,AVAXUSDT,2024-08-22 14:00:00,,,,,801.990077,0.0,0.0,0.0,801.990077,0.0,0.0,0.0,-24.0,-24.0,1.0,-24.0,True,False
2024-08-22 15:00:00,24.82,24.95,24.55,24.61,113612.56,-1.8e-05,39,-20.0,0.0,mean_reversion,,935.662021,-2.106779,0.106779,False,,935.662021,-2.106779,935.662021,,mean_reversion,0.0,{},,66.0,AVAXUSDT,2024-08-22 15:00:00,,,,,801.990077,0.0,0.0,0.0,801.990077,0.0,0.0,0.0,-24.0,-24.0,1.0,-24.0,True,False
2024-08-22 16:00:00,24.61,24.63,24.33,24.38,106722.14,-1.8e-05,39,-20.0,0.0,mean_reversion,,954.084765,-2.04679,0.04679,False,,954.084765,-2.04679,954.084765,,mean_reversion,0.0,{},,67.0,AVAXUSDT,2024-08-22 16:00:00,,,,,801.990077,0.0,0.0,0.0,801.990077,0.0,0.0,0.0,-24.0,-24.0,1.0,-24.0,True,False
2024-08-22 17:00:00,24.38,24.49,24.21,24.23,69084.07,-4.3e-05,39,-16.999457,0.0,mean_reversion,,966.099597,-2.008898,0.308953,True,True,965.800819,-1.700472,966.099597,,mean_reversion,3.000543,{},,68.0,AVAXUSDT,2024-08-22 17:00:00,AVAXUSDT,24.23,12.318577,REDUCE_SHORT,801.990077,0.0,0.0,0.0,801.990077,0.0,0.0,0.0,-16.999457,-16.999457,1.0,-16.999457,True,True
2024-08-22 18:00:00,24.24,24.55,24.09,24.49,103601.87,-4.3e-05,39,-20.0,0.0,mean_reversion,,948.177939,-1.750663,-0.249337,True,True,947.941523,-2.000499,948.177939,,mean_reversion,-3.000543,{},,69.0,AVAXUSDT,2024-08-22 18:00:00,AVAXUSDT,24.49,9.653579,SHORT,801.990077,0.0,0.0,0.0,801.990077,0.0,0.0,0.0,-24.0,-24.0,1.0,-24.0,True,True
2024-08-22 19:00:00,24.48,24.55,24.37,24.47,34712.83,-4.3e-05,39,-20.0,0.0,mean_reversion,,949.490201,-1.995605,-0.004395,False,,949.490201,-1.995605,949.490201,,mean_reversion,0.0,{},,70.0,AVAXUSDT,2024-08-22 19:00:00,,,,,801.990077,0.0,0.0,0.0,801.990077,0.0,0.0,0.0,-21.325531,-21.325531,1.0,-21.325531,True,False
2024-08-22 20:00:00,24.47,24.79,24.47,24.78,36385.36,-4.3e-05,39,-20.0,0.0,mean_reversion,,925.485696,-2.073302,0.073302,False,,925.485696,-2.073302,925.485696,,mean_reversion,0.0,{},,71.0,AVAXUSDT,2024-08-22 20:00:00,,,,,801.990077,0.0,0.0,0.0,801.990077,0.0,0.0,0.0,-24.0,-24.0,1.0,-24.0,True,False
2024-08-22 21:00:00,24.78,24.81,24.63,24.7,40263.28,-4.3e-05,39,-20.0,0.0,mean_reversion,,931.680407,-2.052868,0.052868,False,,931.680407,-2.052868,931.680407,,mean_reversion,0.0,{},,72.0,AVAXUSDT,2024-08-22 21:00:00,,,,,801.990077,0.0,0.0,0.0,801.990077,0.0,0.0,0.0,-24.0,-24.0,1.0,-24.0,True,False
2024-08-22 22:00:00,24.71,24.89,24.64,24.86,41359.08,-4.3e-05,39,-20.0,0.0,mean_reversion,,919.290985,-2.094012,0.094012,False,,919.290985,-2.094012,919.290985,,mean_reversion,0.0,{},,73.0,AVAXUSDT,2024-08-22 22:00:00,,,,,801.990077,0.0,0.0,0.0,801.990077,0.0,0.0,0.0,-24.0,-24.0,1.0,-24.0,True,False
2024-08-22 23:00:00,24.87,25.31,24.8,25.22,114954.42,-4.3e-05,39,-20.0,0.0,mean_reversion,,891.414786,-2.190768,0.190768,False,,891.414786,-2.190768,891.414786,,mean_reversion,0.0,{},,74.0,AVAXUSDT,2024-08-22 23:00:00,,,,,801.990077,0.0,0.0,0.0,801.990077,0.0,0.0,0.0,-24.0,-24.0,1.0,-24.0,True,False
2024-08-23 00:00:00,25.22,26.0,25.22,25.84,177598.29,-9.6e-05,34,-20.0,0.0,mean_reversion,,843.405777,-2.372395,0.372395,True,True,843.091382,-2.000746,843.405777,,mean_reversion,0.0,{},,75.0,AVAXUSDT,2024-08-23 00:00:00,AVAXUSDT,25.84,12.154802,REDUCE_SHORT,801.990077,0.0,0.0,0.0,801.990077,0.0,0.0,0.0,-24.0,-24.0,1.0,-24.0,True,True
2024-08-23 01:00:00,25.84,26.42,25.83,26.39,201741.67,-9.6e-05,34,-20.0,0.0,mean_reversion,,807.187885,-2.134218,0.134218,False,,807.187885,-2.134218,807.187885,,mean_reversion,0.0,{},,76.0,AVAXUSDT,2024-08-23 01:00:00,,,,,801.990077,0.0,0.0,0.0,801.990077,0.0,0.0,0.0,-24.0,-24.0,1.0,-24.0,True,False
2024-08-23 02:00:00,26.39,26.49,26.06,26.24,147983.01,-9.6e-05,34,-20.0,0.0,mean_reversion,,816.979748,-2.096653,0.096653,False,,816.979748,-2.096653,816.979748,,mean_reversion,0.0,{},,77.0,AVAXUSDT,2024-08-23 02:00:00,,,,,801.990077,0.0,0.0,0.0,801.990077,0.0,0.0,0.0,-24.0,-24.0,1.0,-24.0,True,False
2024-08-23 03:00:00,26.24,26.63,26.19,26.46,146145.83,-9.6e-05,34,-20.0,0.0,mean_reversion,,802.618349,-2.152062,0.152062,False,,802.618349,-2.152062,802.618349,,mean_reversion,0.0,{},,78.0,AVAXUSDT,2024-08-23 03:00:00,,,,,801.990077,0.0,0.0,0.0,801.990077,0.0,0.0,0.0,-24.0,-24.0,1.0,-24.0,True,False
2024-08-23 04:00:00,26.46,26.56,26.04,26.19,132267.94,-9.6e-05,34,-20.0,0.0,mean_reversion,,820.243702,-2.084331,0.084331,False,,820.243702,-2.084331,820.243702,,mean_reversion,0.0,{},,79.0,AVAXUSDT,2024-08-23 04:00:00,,,,,801.990077,0.0,0.0,0.0,801.990077,0.0,0.0,0.0,-24.0,-24.0,1.0,-24.0,True,False
2024-08-23 05:00:00,26.2,26.31,25.65,25.75,221139.48,-9.6e-05,34,-18.747682,0.0,mean_reversion,,848.9665,-1.97998,0.105212,False,,848.9665,-1.97998,848.9665,,mean_reversion,1.252318,{},,80.0,AVAXUSDT,2024-08-23 05:00:00,,,,,801.990077,0.0,0.0,0.0,801.990077,0.0,0.0,0.0,-18.747682,-18.747682,1.0,-18.747682,True,False
2024-08-23 06:00:00,25.76,25.89,25.65,25.78,90342.64,-9.6e-05,34,-17.776223,0.0,mean_reversion,,847.008127,-1.98687,0.209247,True,True,846.830716,-1.777995,847.008127,,mean_reversion,0.971459,{},,81.0,AVAXUSDT,2024-08-23 06:00:00,AVAXUSDT,25.78,6.874875,REDUCE_SHORT,801.990077,0.0,0.0,0.0,801.990077,0.0,0.0,0.0,-17.776223,-17.776223,1.0,-17.776223,True,True
2024-08-23 07:00:00,25.78,25.8,25.65,25.76,67349.05,-9.6e-05,34,-15.604429,0.0,mean_reversion,,847.9988,-1.774168,0.213725,True,True,847.81738,-1.560777,847.9988,,mean_reversion,2.171794,{},,82.0,AVAXUSDT,2024-08-23 07:00:00,AVAXUSDT,25.76,7.035665,REDUCE_SHORT,801.990077,0.0,0.0,0.0,801.990077,0.0,0.0,0.0,-15.604429,-15.604429,1.0,-15.604429,True,True
2024-08-23 08:00:00,25.76,26.02,25.76,26.0,82006.01,-3.5e-05,34,-20.0,0.0,mean_reversion,,835.488929,-1.598564,-0.401436,True,True,835.153533,-2.000803,835.488929,,mean_reversion,-4.395571,{},,83.0,AVAXUSDT,2024-08-23 08:00:00,AVAXUSDT,26.0,12.899834,SHORT,801.990077,0.0,0.0,0.0,801.990077,0.0,0.0,0.0,-20.43491,-20.43491,1.0,-20.43491,True,True
2024-08-23 09:00:00,26.0,26.19,25.94,26.11,97639.21,-3.5e-05,34,-20.0,0.0,mean_reversion,,828.084011,-2.026422,0.026422,False,,828.084011,-2.026422,828.084011,,mean_reversion,0.0,{},,84.0,AVAXUSDT,2024-08-23 09:00:00,,,,,801.990077,0.0,0.0,0.0,801.990077,0.0,0.0,0.0,-24.0,-24.0,1.0,-24.0,True,False
2024-08-23 10:00:00,26.1,26.31,26.02,26.29,81335.27,-3.5e-05,34,-20.0,0.0,mean_reversion,,816.515703,-2.0693,0.0693,False,,816.515703,-2.0693,816.515703,,mean_reversion,0.0,{},,85.0,AVAXUSDT,2024-08-23 10:00:00,,,,,801.990077,0.0,0.0,0.0,801.990077,0.0,0.0,0.0,-24.0,-24.0,1.0,-24.0,True,False
2024-08-23 11:00:00,26.29,26.3,26.01,26.08,89982.27,-3.5e-05,34,-20.0,0.0,mean_reversion,,830.012063,-2.019392,0.019392,False,,830.012063,-2.019392,830.012063,,mean_reversion,0.0,{},,86.0,AVAXUSDT,2024-08-23 11:00:00,,,,,801.990077,0.0,0.0,0.0,801.990077,0.0,0.0,0.0,-20.064692,-20.064692,1.0,-20.064692,True,False
2024-08-23 12:00:00,26.08,26.39,26.07,26.34,81718.78,-3.5e-05,34,-20.0,0.0,mean_reversion,,813.302284,-2.081427,0.081427,False,,813.302284,-2.081427,813.302284,,mean_reversion,0.0,{},,87.0,AVAXUSDT,2024-08-23 12:00:00,,,,,801.990077,0.0,0.0,0.0,801.990077,0.0,0.0,0.0,-24.0,-24.0,1.0,-24.0,True,False
2024-08-23 13:00:00,26.34,26.48,26.15,26.37,121574.51,-3.5e-05,34,-20.0,0.0,mean_reversion,,811.374233,-2.088749,0.088749,False,,811.374233,-2.088749,811.374233,,mean_reversion,0.0,{},,88.0,AVAXUSDT,2024-08-23 13:00:00,,,,,801.990077,0.0,0.0,0.0,801.990077,0.0,0.0,0.0,-24.0,-24.0,1.0,-24.0,True,False
2024-08-23 14:00:00,26.37,26.85,25.86,26.1,464207.59,-3.5e-05,34,-12.835517,0.0,mean_reversion,,828.726695,-2.024075,0.740523,True,True,828.11239,-1.284504,828.726695,,mean_reversion,7.164483,{},,89.0,AVAXUSDT,2024-08-23 14:00:00,AVAXUSDT,26.1,23.513069,REDUCE_SHORT,801.990077,0.0,0.0,0.0,801.990077,0.0,0.0,0.0,-12.835517,-12.835517,1.0,-12.835517,True,True
2024-08-23 15:00:00,26.1,26.43,26.05,26.12,157133.74,-3.5e-05,34,-11.91905,0.0,mean_reversion,,827.297284,-1.286755,0.09485,False,,827.297284,-1.286755,827.297284,,mean_reversion,0.916467,{},,90.0,AVAXUSDT,2024-08-23 15:00:00,,,,,801.990077,0.0,0.0,0.0,801.990077,0.0,0.0,0.0,-11.91905,-11.91905,1.0,-11.91905,True,False
2024-08-23 16:00:00,26.13,26.35,26.04,26.17,73486.53,1.2e-05,34,-12.273662,0.0,mean_reversion,,825.259518,-1.292401,0.065035,False,,825.259518,-1.292401,825.259518,,mean_reversion,-0.354611,{},,91.0,AVAXUSDT,2024-08-23 16:00:00,,,,,801.990077,0.0,0.0,0.0,801.990077,0.0,0.0,0.0,-12.273662,-12.273662,1.0,-12.273662,True,False
2024-08-23 17:00:00,26.18,26.48,26.08,26.39,141598.5,1.2e-05,34,-17.14006,0.0,mean_reversion,,816.29335,-1.317581,-0.396425,True,True,815.969751,-1.714686,816.29335,,mean_reversion,-4.866398,{},,92.0,AVAXUSDT,2024-08-23 17:00:00,AVAXUSDT,26.39,12.262186,SHORT,801.990077,0.0,0.0,0.0,801.990077,0.0,0.0,0.0,-17.14006,-17.14006,1.0,-17.14006,True,True
2024-08-23 18:00:00,26.39,26.65,26.35,26.61,151509.62,1.2e-05,34,-20.0,0.0,mean_reversion,,804.305902,-1.754053,-0.245947,True,True,804.108086,-2.000492,804.305902,,mean_reversion,-2.85994,{},,93.0,AVAXUSDT,2024-08-23 18:00:00,AVAXUSDT,26.61,7.433907,SHORT,801.990077,0.0,0.0,0.0,801.990077,0.0,0.0,0.0,-21.704828,-21.704828,1.0,-21.704828,True,True
2024-08-23 19:00:00,26.62,26.81,26.53,26.7,157809.26,1.2e-05,34,-20.0,0.0,mean_reversion,,798.667459,-2.020932,0.020932,False,,798.667459,-2.020932,798.667459,,mean_reversion,0.0,{},,94.0,AVAXUSDT,2024-08-23 19:00:00,,,,,801.990077,0.0,0.0,0.0,801.990077,0.0,0.0,0.0,-22.832702,-22.832702,1.0,-22.832702,True,False
2024-08-23 20:00:00,26.71,26.9,26.56,26.62,76414.28,1.2e-05,34,-19.343874,0.0,mean_reversion,,803.503572,-2.002749,0.068362,False,,803.503572,-2.002749,803.503572,,mean_reversion,0.656126,{},,95.0,AVAXUSDT,2024-08-23 20:00:00,,,,,801.990077,0.0,0.0,0.0,801.990077,0.0,0.0,0.0,-19.343874,-19.343874,1.0,-19.343874,True,False
2024-08-23 21:00:00,26.63,27.01,26.54,26.69,220814.28,1.2e-05,34,-19.983833,0.0,mean_reversion,,799.271973,-2.018647,0.020264,False,,799.271973,-2.018647,799.271973,,mean_reversion,-0.639959,{},,96.0,AVAXUSDT,2024-08-23 21:00:00,,,,,801.990077,0.0,0.0,0.0,801.990077,0.0,0.0,0.0,-19.983833,-19.983833,1.0,-19.983833,True,False
2024-08-23 22:00:00,26.68,26.91,26.6,26.66,143634.78,1.2e-05,34,-17.407513,0.0,mean_reversion,,801.085515,-2.011813,0.271062,True,True,800.868154,-1.741224,801.085515,,mean_reversion,2.576319,{},,97.0,AVAXUSDT,2024-08-23 22:00:00,AVAXUSDT,26.66,8.144925,REDUCE_SHORT,801.990077,0.0,0.0,0.0,801.990077,0.0,0.0,0.0,-17.407513,-17.407513,1.0,-17.407513,True,True
2024-08-23 23:00:00,26.66,26.73,26.47,26.49,63548.02,1.2e-05,34,-10.55497,0.0,mean_reversion,,809.760256,-1.711122,0.655625,True,True,809.228825,-1.05619,809.760256,,mean_reversion,6.852543,{},,98.0,AVAXUSDT,2024-08-23 23:00:00,AVAXUSDT,26.49,20.04149,REDUCE_SHORT,801.990077,0.0,0.0,0.0,801.990077,0.0,0.0,0.0,-10.55497,-10.55497,1.0,-10.55497,True,True
2024-08-24 00:00:00,26.5,26.58,26.35,26.48,72399.95,-8.3e-05,56,-9.600262,0.0,mean_reversion,,809.551475,-1.055371,0.095344,False,,809.551475,-1.055371,809.551475,,mean_reversion,0.954708,{},,99.0,AVAXUSDT,2024-08-24 00:00:00,,,,,801.990077,0.0,0.0,0.0,801.990077,0.0,0.0,0.0,-9.600262,-9.600262,1.0,-9.600262,True,False
2024-08-24 01:00:00,26.48,26.49,26.19,26.38,62999.73,-8.3e-05,56,-5.551617,0.0,mean_reversion,,812.777974,-1.047211,0.49205,True,True,812.377646,-0.555435,812.777974,,mean_reversion,4.048645,{},,100.0,AVAXUSDT,2024-08-24 01:00:00,AVAXUSDT,26.38,15.160241,REDUCE_SHORT,801.990077,0.0,0.0,0.0,801.990077,0.0,0.0,0.0,-5.551617,-5.551617,1.0,-5.551617,True,True
2024-08-24 02:00:00,26.38,26.47,26.34,26.39,37342.98,-8.3e-05,56,-5.472848,0.0,mean_reversion,,812.206599,-0.555763,0.008478,False,,812.206599,-0.555763,812.206599,,mean_reversion,0.078768,{},,101.0,AVAXUSDT,2024-08-24 02:00:00,,,,,801.990077,0.0,0.0,0.0,801.990077,0.0,0.0,0.0,-5.472848,-5.472848,1.0,-5.472848,True,False
2024-08-24 03:00:00,26.39,26.39,26.22,26.25,47570.04,-8.3e-05,56,0.17346,0.0,mean_reversion,,814.601263,-0.551189,0.568535,True,True,814.137684,0.017339,814.601263,,mean_reversion,5.646308,{},,102.0,AVAXUSDT,2024-08-24 03:00:00,AVAXUSDT,26.25,0.538288,LONG,801.990077,0.0,0.0,0.0,801.990077,0.0,0.0,0.0,0.17346,0.17346,1.0,0.17346,True,True
2024-08-24 04:00:00,26.24,26.38,26.21,26.23,38726.63,-8.3e-05,56,0.899198,0.0,mean_reversion,,814.126929,0.017326,0.072594,False,,814.126929,0.017326,814.126929,,mean_reversion,0.725738,{},,103.0,AVAXUSDT,2024-08-24 04:00:00,,,,,801.990077,0.0,0.0,0.0,801.990077,0.0,0.0,0.0,0.899198,0.899198,1.0,0.899198,True,False
2024-08-24 05:00:00,26.23,26.44,26.22,26.32,58921.12,-8.3e-05,56,-2.528486,0.0,mean_reversion,,814.175326,0.017384,-0.270233,True,True,813.95531,-0.252917,814.175326,,mean_reversion,-3.427684,{},,104.0,AVAXUSDT,2024-08-24 05:00:00,AVAXUSDT,26.32,7.821546,SHORT,801.990077,0.0,0.0,0.0,801.990077,0.0,0.0,0.0,-2.528486,-2.528486,1.0,-2.528486,True,True
2024-08-24 06:00:00,26.32,26.49,26.29,26.31,54315.06,-8.3e-05,56,-1.942864,0.0,mean_reversion,,814.033525,-0.252797,0.05851,False,,814.033525,-0.252797,814.033525,,mean_reversion,0.585622,{},,105.0,AVAXUSDT,2024-08-24 06:00:00,,,,,801.990077,0.0,0.0,0.0,801.990077,0.0,0.0,0.0,-1.942864,-1.942864,1.0,-1.942864,True,False
2024-08-24 07:00:00,26.31,26.69,26.25,26.63,100165.13,-8.3e-05,56,-13.504803,0.0,mean_reversion,,811.53063,-0.25666,-1.09382,True,True,810.642962,-1.351959,811.53063,,mean_reversion,-11.561939,{},,106.0,AVAXUSDT,2024-08-24 07:00:00,AVAXUSDT,26.63,33.333396,SHORT,801.990077,0.0,0.0,0.0,801.990077,0.0,0.0,0.0,-13.504803,-13.504803,1.0,-13.504803,True,True
2024-08-24 08:00:00,26.62,26.65,26.46,26.64,78218.21,-8.3e-05,56,-12.841859,0.0,mean_reversion,,810.231413,-1.353154,0.068968,False,,810.231413,-1.353154,810.231413,,mean_reversion,0.662944,{},,107.0,AVAXUSDT,2024-08-24 08:00:00,,,,,801.990077,0.0,0.0,0.0,801.990077,0.0,0.0,0.0,-12.841859,-12.841859,1.0,-12.841859,True,False
2024-08-24 09:00:00,26.64,27.1,26.52,27.0,98328.46,-0.000154,56,-20.0,0.0,mean_reversion,,795.415633,-1.396985,-0.603015,True,True,794.935986,-2.001207,795.415633,,mean_reversion,-7.158141,{},,108.0,AVAXUSDT,2024-08-24 09:00:00,AVAXUSDT,27.0,17.764734,SHORT,801.990077,0.0,0.0,0.0,801.990077,0.0,0.0,0.0,-24.0,-24.0,1.0,-24.0,True,True
2024-08-24 10:00:00,27.0,27.43,26.9,27.22,138892.12,-0.000154,56,-20.0,0.0,mean_reversion,,781.973657,-2.050956,0.050956,False,,781.973657,-2.050956,781.973657,,mean_reversion,0.0,{},,109.0,AVAXUSDT,2024-08-24 10:00:00,,,,,801.990077,0.0,0.0,0.0,801.990077,0.0,0.0,0.0,-24.0,-24.0,1.0,-24.0,True,False
2024-08-24 11:00:00,27.22,27.71,27.22,27.49,159602.0,-0.000154,56,-20.0,0.0,mean_reversion,,766.065344,-2.114313,0.114313,False,,766.065344,-2.114313,766.065344,,mean_reversion,0.0,{},,110.0,AVAXUSDT,2024-08-24 11:00:00,,,,,801.990077,0.0,0.0,0.0,801.990077,0.0,0.0,0.0,-24.0,-24.0,1.0,-24.0,True,False
2024-08-24 12:00:00,27.49,27.8,27.4,27.48,172598.85,-0.000154,56,-20.0,0.0,mean_reversion,,766.654541,-2.11192,0.11192,False,,766.654541,-2.11192,766.654541,,mean_reversion,0.0,{},,111.0,AVAXUSDT,2024-08-24 12:00:00,,,,,801.990077,0.0,0.0,0.0,801.990077,0.0,0.0,0.0,-24.0,-24.0,1.0,-24.0,True,False
2024-08-24 13:00:00,27.48,27.62,27.2,27.35,119476.19,-0.000154,56,-20.0,0.0,mean_reversion,,774.314099,-2.081136,0.081136,False,,774.314099,-2.081136,774.314099,,mean_reversion,0.0,{},,112.0,AVAXUSDT,2024-08-24 13:00:00,,,,,801.990077,0.0,0.0,0.0,801.990077,0.0,0.0,0.0,-24.0,-24.0,1.0,-24.0,True,False
2024-08-24 14:00:00,27.35,27.51,27.25,27.51,44237.53,-0.000154,56,-20.0,0.0,mean_reversion,,764.88695,-2.119111,0.119111,False,,764.88695,-2.119111,764.88695,,mean_reversion,0.0,{},,113.0,AVAXUSDT,2024-08-24 14:00:00,,,,,801.990077,0.0,0.0,0.0,801.990077,0.0,0.0,0.0,-24.0,-24.0,1.0,-24.0,True,False
2024-08-24 15:00:00,27.5,27.82,27.47,27.76,183163.4,-0.000154,56,-20.0,0.0,mean_reversion,,750.157031,-2.180357,0.180357,False,,750.157031,-2.180357,750.157031,,mean_reversion,0.0,{},,114.0,AVAXUSDT,2024-08-24 15:00:00,,,,,801.990077,0.0,0.0,0.0,801.990077,0.0,0.0,0.0,-24.0,-24.0,1.0,-24.0,True,False
2024-08-24 16:00:00,27.76,28.0,27.59,27.61,207240.91,0.0,56,-20.0,0.0,mean_reversion,,758.994983,-2.143324,0.143324,False,,758.994983,-2.143324,758.994983,,mean_reversion,0.0,{},,115.0,AVAXUSDT,2024-08-24 16:00:00,,,,,801.990077,0.0,0.0,0.0,801.990077,0.0,0.0,0.0,-24.0,-24.0,1.0,-24.0,True,False
2024-08-24 17:00:00,27.61,27.72,27.41,27.51,115412.07,0.0,56,-20.0,0.0,mean_reversion,,764.88695,-2.119111,0.119111,False,,764.88695,-2.119111,764.88695,,mean_reversion,0.0,{},,116.0,AVAXUSDT,2024-08-24 17:00:00,,,,,801.990077,0.0,0.0,0.0,801.990077,0.0,0.0,0.0,-20.908508,-20.908508,1.0,-20.908508,True,False
2024-08-24 18:00:00,27.5,27.75,27.43,27.7,80819.05,0.0,56,-20.0,0.0,mean_reversion,,753.692212,-2.16544,0.16544,False,,753.692212,-2.16544,753.692212,,mean_reversion,0.0,{},,117.0,AVAXUSDT,2024-08-24 18:00:00,,,,,801.990077,0.0,0.0,0.0,801.990077,0.0,0.0,0.0,-24.0,-24.0,1.0,-24.0,True,False
2024-08-24 19:00:00,27.7,27.76,27.43,27.45,46484.2,0.0,56,-13.982051,0.0,mean_reversion,,768.422131,-2.104761,0.706556,True,True,767.878654,-1.399195,768.422131,,mean_reversion,6.017949,{},,118.0,AVAXUSDT,2024-08-24 19:00:00,AVAXUSDT,27.45,19.778995,REDUCE_SHORT,801.990077,0.0,0.0,0.0,801.990077,0.0,0.0,0.0,-13.982051,-13.982051,1.0,-13.982051,True,True
2024-08-24 20:00:00,27.45,27.54,27.25,27.34,53270.84,0.0,56,-8.457077,0.0,mean_reversion,,772.184129,-1.385817,0.54011,True,True,771.766647,-0.846165,772.184129,,mean_reversion,5.524974,{},,119.0,AVAXUSDT,2024-08-24 20:00:00,AVAXUSDT,27.34,15.254725,REDUCE_SHORT,801.990077,0.0,0.0,0.0,801.990077,0.0,0.0,0.0,-8.457077,-8.457077,1.0,-8.457077,True,True
2024-08-24 21:00:00,27.34,27.34,26.76,26.83,148613.06,0.0,56,10.785779,0.0,mean_reversion,,783.948485,-0.817477,1.896055,True,True,782.461434,1.079547,783.948485,,mean_reversion,19.242855,{},,120.0,AVAXUSDT,2024-08-24 21:00:00,AVAXUSDT,26.83,31.515076,LONG,801.990077,0.0,0.0,0.0,801.990077,0.0,0.0,0.0,10.785779,10.785779,1.0,10.785779,True,True
2024-08-24 22:00:00,26.82,27.14,26.82,26.95,162666.4,0.0,56,5.345022,0.0,mean_reversion,,786.239461,1.079165,-0.544663,True,True,785.811226,0.534793,786.239461,,mean_reversion,-5.440757,{},,121.0,AVAXUSDT,2024-08-24 22:00:00,AVAXUSDT,26.95,15.889991,REDUCE_LONG,801.990077,0.0,0.0,0.0,801.990077,0.0,0.0,0.0,5.345022,5.345022,1.0,5.345022,True,True
2024-08-24 23:00:00,26.96,27.18,26.96,27.11,48253.7,0.0,56,-0.688649,0.0,mean_reversion,,788.306197,0.536266,-0.605131,True,True,787.829169,-0.068907,788.306197,,mean_reversion,-6.033671,{},,122.0,AVAXUSDT,2024-08-24 23:00:00,AVAXUSDT,27.11,2.002458,SHORT,801.990077,0.0,0.0,0.0,801.990077,0.0,0.0,0.0,-0.688649,-0.688649,1.0,-0.688649,True,True
2024-08-25 00:00:00,27.12,27.18,26.73,26.8,87052.51,7.1e-05,54,9.618481,0.0,mean_reversion,,788.449931,-0.068065,1.029913,True,True,787.637842,0.961877,788.449931,,mean_reversion,10.30713,{},,123.0,AVAXUSDT,2024-08-25 00:00:00,AVAXUSDT,26.8,28.297355,LONG,801.990077,0.0,0.0,0.0,801.990077,0.0,0.0,0.0,9.618481,9.618481,1.0,9.618481,True,True
2024-08-25 01:00:00,26.81,27.01,26.5,26.74,104170.53,7.1e-05,54,10.273064,0.0,mean_reversion,,785.941699,0.961795,0.065512,False,,785.941699,0.961795,785.941699,,mean_reversion,0.654583,{},,124.0,AVAXUSDT,2024-08-25 01:00:00,,,,,801.990077,0.0,0.0,0.0,801.990077,0.0,0.0,0.0,10.273064,10.273064,1.0,10.273064,True,False
2024-08-25 02:00:00,26.73,27.03,26.7,26.95,40278.16,7.1e-05,54,2.592484,0.0,mean_reversion,,791.878201,0.962081,-0.702833,True,True,791.321643,0.259431,791.878201,,mean_reversion,-7.68058,{},,125.0,AVAXUSDT,2024-08-25 02:00:00,AVAXUSDT,26.95,20.6515,REDUCE_LONG,801.990077,0.0,0.0,0.0,801.990077,0.0,0.0,0.0,2.592484,2.592484,1.0,2.592484,True,True
2024-08-25 03:00:00,26.95,26.96,26.68,26.94,100699.43,7.1e-05,54,2.71339,0.0,mean_reversion,,791.245467,0.259359,0.01198,False,,791.245467,0.259359,791.245467,,mean_reversion,0.120906,{},,126.0,AVAXUSDT,2024-08-25 03:00:00,,,,,801.990077,0.0,0.0,0.0,801.990077,0.0,0.0,0.0,2.71339,2.71339,1.0,2.71339,True,False
2024-08-25 04:00:00,26.94,27.1,26.71,27.02,64488.44,7.1e-05,54,-0.089062,0.0,mean_reversion,,791.854872,0.259929,-0.268836,True,True,791.641993,-0.008909,791.854872,,mean_reversion,-2.802452,{},,127.0,AVAXUSDT,2024-08-25 04:00:00,AVAXUSDT,27.02,0.261007,SHORT,801.990077,0.0,0.0,0.0,801.990077,0.0,0.0,0.0,-0.089062,-0.089062,1.0,-0.089062,True,True
2024-08-25 05:00:00,27.03,27.08,26.86,26.92,42581.97,7.1e-05,54,3.167126,0.0,mean_reversion,,791.668094,-0.008875,0.325588,True,True,791.410329,0.316499,791.668094,,mean_reversion,3.256188,{},,128.0,AVAXUSDT,2024-08-25 05:00:00,AVAXUSDT,26.92,9.313939,LONG,801.990077,0.0,0.0,0.0,801.990077,0.0,0.0,0.0,3.167126,3.167126,1.0,3.167126,True,True
2024-08-25 06:00:00,26.92,26.97,26.69,26.73,93283.78,7.1e-05,54,9.35889,0.0,mean_reversion,,789.64245,0.314969,0.62092,True,True,789.152145,0.935849,789.64245,,mean_reversion,6.191764,{},,129.0,AVAXUSDT,2024-08-25 06:00:00,AVAXUSDT,26.73,18.342875,LONG,801.990077,0.0,0.0,0.0,801.990077,0.0,0.0,0.0,9.35889,9.35889,1.0,9.35889,True,True
2024-08-25 07:00:00,26.73,26.73,26.13,26.29,219693.62,7.1e-05,54,20.0,0.0,mean_reversion,,776.995316,0.934845,1.065155,True,True,776.167696,2.001066,776.995316,,mean_reversion,10.64111,{},,130.0,AVAXUSDT,2024-08-25 07:00:00,AVAXUSDT,26.29,31.480414,LONG,801.990077,0.0,0.0,0.0,801.990077,0.0,0.0,0.0,22.921866,22.921866,1.0,22.921866,True,True
2024-08-25 08:00:00,26.28,26.56,26.14,26.44,104920.1,1.3e-05,54,15.724413,0.0,mean_reversion,,785.02941,1.989766,-0.417325,True,True,784.701798,1.573098,785.02941,,mean_reversion,-4.275587,{},,131.0,AVAXUSDT,2024-08-25 08:00:00,AVAXUSDT,26.44,12.390774,REDUCE_LONG,801.990077,0.0,0.0,0.0,801.990077,0.0,0.0,0.0,15.724413,15.724413,1.0,15.724413,True,True
2024-08-25 09:00:00,26.44,26.5,26.31,26.45,73804.91,1.3e-05,54,14.348417,0.0,mean_reversion,,785.168671,1.572757,-0.137915,False,,785.168671,1.572757,785.168671,,mean_reversion,-1.375996,{},,132.0,AVAXUSDT,2024-08-25 09:00:00,,,,,801.990077,0.0,0.0,0.0,801.990077,0.0,0.0,0.0,14.348417,14.348417,1.0,14.348417,True,False
2024-08-25 10:00:00,26.45,26.5,26.31,26.36,35249.02,1.3e-05,54,16.213761,0.0,mean_reversion,,780.966812,1.575839,0.045537,False,,780.966812,1.575839,780.966812,,mean_reversion,1.865344,{},,133.0,AVAXUSDT,2024-08-25 10:00:00,,,,,801.990077,0.0,0.0,0.0,801.990077,0.0,0.0,0.0,16.213761,16.213761,1.0,16.213761,True,False
2024-08-25 11:00:00,26.35,26.66,26.34,26.62,54341.58,1.3e-05,54,5.73271,0.0,mean_reversion,,793.105515,1.567025,-0.993754,True,True,792.317363,0.573841,793.105515,,mean_reversion,-10.48105,{},,134.0,AVAXUSDT,2024-08-25 11:00:00,AVAXUSDT,26.62,29.607512,REDUCE_LONG,801.990077,0.0,0.0,0.0,801.990077,0.0,0.0,0.0,5.73271,5.73271,1.0,5.73271,True,True
2024-08-25 12:00:00,26.62,26.71,26.49,26.61,45139.88,1.3e-05,54,5.687944,0.0,mean_reversion,,792.146565,0.573749,-0.004955,False,,792.146565,0.573749,792.146565,,mean_reversion,-0.044766,{},,135.0,AVAXUSDT,2024-08-25 12:00:00,,,,,801.990077,0.0,0.0,0.0,801.990077,0.0,0.0,0.0,5.687944,5.687944,1.0,5.687944,True,False
2024-08-25 13:00:00,26.61,27.0,26.6,26.93,89382.97,1.3e-05,54,-6.15937,0.0,mean_reversion,,797.612103,0.57667,-1.192607,True,True,796.660865,-0.616672,797.612103,,mean_reversion,-11.847315,{},,136.0,AVAXUSDT,2024-08-25 13:00:00,AVAXUSDT,26.93,18.242808,SHORT,801.990077,0.0,0.0,0.0,801.990077,0.0,0.0,0.0,-6.15937,-6.15937,1.0,-6.15937,True,True
2024-08-25 14:00:00,26.94,27.05,26.8,27.0,63870.57,1.3e-05,54,-8.11379,0.0,mean_reversion,,795.383868,-0.619268,-0.192111,False,,795.383868,-0.619268,795.383868,,mean_reversion,-1.95442,{},,137.0,AVAXUSDT,2024-08-25 14:00:00,,,,,801.990077,0.0,0.0,0.0,801.990077,0.0,0.0,0.0,-8.11379,-8.11379,1.0,-8.11379,True,False
2024-08-25 15:00:00,26.99,27.18,26.93,27.04,96088.21,1.3e-05,54,-8.864572,0.0,mean_reversion,,794.654156,-0.620755,-0.265702,True,True,794.443015,-0.886693,794.654156,,mean_reversion,-0.750782,{},,138.0,AVAXUSDT,2024-08-25 15:00:00,AVAXUSDT,27.04,7.808482,SHORT,801.990077,0.0,0.0,0.0,801.990077,0.0,0.0,0.0,-8.864572,-8.864572,1.0,-8.864572,True,True
2024-08-25 16:00:00,27.04,27.26,26.81,26.87,110539.16,-5e-05,54,-1.872198,0.0,mean_reversion,,798.871734,-0.876233,0.689014,True,True,798.320749,-0.187349,798.871734,,mean_reversion,6.992374,{},,139.0,AVAXUSDT,2024-08-25 16:00:00,AVAXUSDT,26.87,20.485059,REDUCE_SHORT,801.990077,0.0,0.0,0.0,801.990077,0.0,0.0,0.0,-1.872198,-1.872198,1.0,-1.872198,True,True
2024-08-25 17:00:00,26.87,27.17,26.83,27.03,69334.13,-5e-05,54,-7.56885,0.0,mean_reversion,,797.430152,-0.188675,-0.56821,True,True,796.977045,-0.757315,797.430152,,mean_reversion,-5.696652,{},,140.0,AVAXUSDT,2024-08-25 17:00:00,AVAXUSDT,27.03,16.76314,SHORT,801.990077,0.0,0.0,0.0,801.990077,0.0,0.0,0.0,-7.56885,-7.56885,1.0,-7.56885,True,True
2024-08-25 18:00:00,27.03,27.22,26.93,27.05,86748.95,-5e-05,54,-7.609102,0.0,mean_reversion,,796.530457,-0.758301,-0.00261,False,,796.530457,-0.758301,796.530457,,mean_reversion,-0.040252,{},,141.0,AVAXUSDT,2024-08-25 18:00:00,,,,,801.990077,0.0,0.0,0.0,801.990077,0.0,0.0,0.0,-7.609102,-7.609102,1.0,-7.609102,True,False
2024-08-25 19:00:00,27.05,27.08,26.92,26.94,62925.78,-5e-05,54,-2.900057,0.0,mean_reversion,,798.986688,-0.752895,0.46289,True,True,798.616475,-0.29014,798.986688,,mean_reversion,4.709045,{},,142.0,AVAXUSDT,2024-08-25 19:00:00,AVAXUSDT,26.94,13.728382,REDUCE_SHORT,801.990077,0.0,0.0,0.0,801.990077,0.0,0.0,0.0,-2.900057,-2.900057,1.0,-2.900057,True,True
2024-08-25 20:00:00,26.95,27.05,26.88,26.89,29816.64,-5e-05,54,-0.814146,0.0,mean_reversion,,799.046525,-0.289446,0.208031,True,True,798.880132,-0.081432,799.046525,,mean_reversion,2.08591,{},,143.0,AVAXUSDT,2024-08-25 20:00:00,AVAXUSDT,26.89,6.181723,REDUCE_SHORT,801.990077,0.0,0.0,0.0,801.990077,0.0,0.0,0.0,-0.814146,-0.814146,1.0,-0.814146,True,True
2024-08-25 21:00:00,26.9,27.5,26.86,27.49,154208.39,-5e-05,54,-20.0,0.0,mean_reversion,,797.428572,-0.0834,-1.9166,True,True,795.90022,-2.003841,797.428572,,mean_reversion,-19.185854,{},,144.0,AVAXUSDT,2024-08-25 21:00:00,AVAXUSDT,27.49,55.596635,SHORT,801.990077,0.0,0.0,0.0,801.990077,0.0,0.0,0.0,-23.376068,-23.376068,1.0,-23.376068,True,True
2024-08-25 22:00:00,27.5,27.68,27.35,27.4,103565.31,-5e-05,54,-17.751609,0.0,mean_reversion,,801.121651,-1.984263,0.209102,True,True,800.953968,-1.775533,801.121651,,mean_reversion,2.248391,{},,145.0,AVAXUSDT,2024-08-25 22:00:00,AVAXUSDT,27.4,6.113718,REDUCE_SHORT,801.990077,0.0,0.0,0.0,801.990077,0.0,0.0,0.0,-17.751609,-17.751609,1.0,-17.751609,True,True
2024-08-25 23:00:00,27.41,27.5,26.92,26.92,88351.75,-5e-05,54,1.970084,0.0,mean_reversion,,825.867016,-1.691806,1.888814,True,True,824.305708,0.197184,825.867016,,mean_reversion,19.721693,{},,146.0,AVAXUSDT,2024-08-25 23:00:00,AVAXUSDT,26.92,6.043936,LONG,801.990077,0.0,0.0,0.0,801.990077,0.0,0.0,0.0,1.970084,1.970084,1.0,1.970084,True,True
2024-08-26 00:00:00,26.93,27.2,26.58,26.71,169537.13,-2.3e-05,55,9.044986,0.0,mean_reversion,,823.037751,0.195947,0.708551,True,True,822.454586,0.904431,823.037751,,mean_reversion,7.074902,{},,147.0,AVAXUSDT,2024-08-26 00:00:00,AVAXUSDT,26.71,21.833187,LONG,801.990077,0.0,0.0,0.0,801.990077,0.0,0.0,0.0,9.044986,9.044986,1.0,9.044986,True,True
2024-08-26 01:00:00,26.71,26.78,26.43,26.53,69570.38,-2.3e-05,55,14.192738,0.0,mean_reversion,,817.441722,0.903845,0.515429,True,True,817.020389,1.41949,817.441722,,mean_reversion,5.147751,{},,148.0,AVAXUSDT,2024-08-26 01:00:00,AVAXUSDT,26.53,15.881383,LONG,801.990077,0.0,0.0,0.0,801.990077,0.0,0.0,0.0,14.192738,14.192738,1.0,14.192738,True,True
2024-08-26 02:00:00,26.52,26.69,26.33,26.69,58052.46,-2.3e-05,55,7.282779,0.0,mean_reversion,,824.014748,1.415929,-0.687651,True,True,823.448114,0.728779,824.014748,,mean_reversion,-6.909958,{},,149.0,AVAXUSDT,2024-08-26 02:00:00,AVAXUSDT,26.69,21.230231,REDUCE_LONG,801.990077,0.0,0.0,0.0,801.990077,0.0,0.0,0.0,7.282779,7.282779,1.0,7.282779,True,True
2024-08-26 03:00:00,26.68,26.86,26.57,26.86,34444.78,-2.3e-05,55,0.874632,0.0,mean_reversion,,827.270481,0.730032,-0.642569,True,True,826.738903,0.087519,827.270481,,mean_reversion,-6.408147,{},,150.0,AVAXUSDT,2024-08-26 03:00:00,AVAXUSDT,26.86,19.790708,REDUCE_LONG,801.990077,0.0,0.0,0.0,801.990077,0.0,0.0,0.0,0.874632,0.874632,1.0,0.874632,True,True
2024-08-26 04:00:00,26.86,26.94,26.8,26.92,30366.0,-2.3e-05,55,-1.388272,0.0,mean_reversion,,826.900532,0.087698,-0.226525,True,True,826.713218,-0.138859,826.900532,,mean_reversion,-2.262903,{},,151.0,AVAXUSDT,2024-08-26 04:00:00,AVAXUSDT,26.92,4.264348,SHORT,801.990077,0.0,0.0,0.0,801.990077,0.0,0.0,0.0,-1.388272,-1.388272,1.0,-1.388272,True,True
2024-08-26 05:00:00,26.93,27.12,26.91,27.0,78359.86,-2.3e-05,55,-4.194541,0.0,mean_reversion,,826.37207,-0.139329,-0.280125,True,True,826.140582,-0.419572,826.37207,,mean_reversion,-2.806269,{},,152.0,AVAXUSDT,2024-08-26 05:00:00,AVAXUSDT,27.0,8.57362,SHORT,801.990077,0.0,0.0,0.0,801.990077,0.0,0.0,0.0,-4.194541,-4.194541,1.0,-4.194541,True,True
2024-08-26 06:00:00,27.0,27.05,26.61,26.88,98793.72,-2.3e-05,55,0.59571,0.0,mean_reversion,,827.681139,-0.416929,0.4765,True,True,827.286403,0.05954,827.681139,,mean_reversion,4.79025,{},,153.0,AVAXUSDT,2024-08-26 06:00:00,AVAXUSDT,26.88,1.834292,LONG,801.990077,0.0,0.0,0.0,801.990077,0.0,0.0,0.0,0.59571,0.59571,1.0,0.59571,True,True
2024-08-26 07:00:00,26.88,27.01,26.67,26.81,66931.01,-2.3e-05,55,3.010148,0.0,mean_reversion,,827.158131,0.059394,0.241621,True,True,826.958272,0.300846,827.158131,,mean_reversion,2.414438,{},,154.0,AVAXUSDT,2024-08-26 07:00:00,AVAXUSDT,26.81,7.454631,LONG,801.990077,0.0,0.0,0.0,801.990077,0.0,0.0,0.0,3.010148,3.010148,1.0,3.010148,True,True
2024-08-26 08:00:00,26.81,27.08,26.77,26.87,65717.5,-2.3e-05,55,0.596111,0.0,mean_reversion,,827.51505,0.301316,-0.241705,True,True,827.315035,0.059626,827.51505,,mean_reversion,-2.414037,{},,155.0,AVAXUSDT,2024-08-26 08:00:00,AVAXUSDT,26.87,7.44379,REDUCE_LONG,801.990077,0.0,0.0,0.0,801.990077,0.0,0.0,0.0,0.596111,0.596111,1.0,0.596111,True,True
2024-08-26 09:00:00,26.86,26.98,26.56,26.98,97151.24,6.2e-05,55,-3.286377,0.0,mean_reversion,,827.516978,0.059855,-0.388493,True,True,827.195494,-0.328765,827.516978,,mean_reversion,-3.882489,{},,156.0,AVAXUSDT,2024-08-26 09:00:00,AVAXUSDT,26.98,10.079811,SHORT,801.990077,0.0,0.0,0.0,801.990077,0.0,0.0,0.0,-3.286377,-3.286377,1.0,-3.286377,True,True
2024-08-26 10:00:00,26.97,27.09,26.9,26.91,90694.5,6.2e-05,55,-0.544539,0.0,mean_reversion,,827.901081,-0.327633,0.273179,True,True,827.674689,-0.054469,827.901081,,mean_reversion,2.741838,{},,157.0,AVAXUSDT,2024-08-26 10:00:00,AVAXUSDT,26.91,8.404505,REDUCE_SHORT,801.990077,0.0,0.0,0.0,801.990077,0.0,0.0,0.0,-0.544539,-0.544539,1.0,-0.544539,True,True
2024-08-26 11:00:00,26.91,27.05,26.85,26.86,47364.2,6.2e-05,55,1.269966,0.0,mean_reversion,,827.758454,-0.054362,0.181359,False,,827.758454,-0.054362,827.758454,,mean_reversion,1.814505,{},,158.0,AVAXUSDT,2024-08-26 11:00:00,,,,,801.990077,0.0,0.0,0.0,801.990077,0.0,0.0,0.0,1.269966,1.269966,1.0,1.269966,True,False
2024-08-26 12:00:00,26.86,26.92,26.42,26.47,100341.4,6.2e-05,55,14.8173,0.0,mean_reversion,,828.411823,-0.053531,1.53526,True,True,827.139951,1.482524,828.411823,,mean_reversion,13.547334,{},,159.0,AVAXUSDT,2024-08-26 12:00:00,AVAXUSDT,26.47,46.372596,LONG,801.990077,0.0,0.0,0.0,801.990077,0.0,0.0,0.0,14.8173,14.8173,1.0,14.8173,True,True
2024-08-26 13:00:00,26.47,26.72,26.38,26.48,75807.99,6.2e-05,55,13.055445,0.0,mean_reversion,,827.603213,1.482254,-0.17671,False,,827.603213,1.482254,827.603213,,mean_reversion,-1.761854,{},,160.0,AVAXUSDT,2024-08-26 13:00:00,,,,,801.990077,0.0,0.0,0.0,801.990077,0.0,0.0,0.0,13.055445,13.055445,1.0,13.055445,True,False
2024-08-26 14:00:00,26.48,26.68,26.25,26.52,130680.99,6.2e-05,55,10.201744,0.0,mean_reversion,,829.456262,1.481177,-0.461002,True,True,829.073881,1.020645,829.456262,,mean_reversion,-2.853701,{},,161.0,AVAXUSDT,2024-08-26 14:00:00,AVAXUSDT,26.52,14.418604,REDUCE_LONG,801.990077,0.0,0.0,0.0,801.990077,0.0,0.0,0.0,10.201744,10.201744,1.0,10.201744,True,True
2024-08-26 15:00:00,26.52,26.62,26.25,26.54,93918.4,6.2e-05,55,8.294641,0.0,mean_reversion,,829.712033,1.020629,-0.191165,False,,829.712033,1.020629,829.712033,,mean_reversion,-1.907103,{},,162.0,AVAXUSDT,2024-08-26 15:00:00,,,,,801.990077,0.0,0.0,0.0,801.990077,0.0,0.0,0.0,8.294641,8.294641,1.0,8.294641,True,False
2024-08-26 16:00:00,26.54,26.7,26.41,26.63,71763.54,4.3e-05,55,4.427825,0.0,mean_reversion,,832.583719,1.020558,-0.577775,True,True,832.102672,0.443038,832.583719,,mean_reversion,-3.866816,{},,163.0,AVAXUSDT,2024-08-26 16:00:00,AVAXUSDT,26.63,18.064078,REDUCE_LONG,801.990077,0.0,0.0,0.0,801.990077,0.0,0.0,0.0,4.427825,4.427825,1.0,4.427825,True,True
2024-08-26 17:00:00,26.63,26.74,26.24,26.32,104639.48,4.3e-05,55,0.0,0.0,unknown,,827.811175,0.440151,-0.440151,True,True,827.446813,0.0,827.811175,,unknown,-4.427825,{},,1.0,AVAXUSDT,2024-08-26 17:00:00,AVAXUSDT,26.32,13.843541,CLOSE,801.990077,0.0,0.0,0.0,801.990077,0.0,0.0,0.0,,,,,True,True
2024-08-26 18:00:00,26.32,26.64,26.16,26.52,113394.48,4.3e-05,55,0.0,0.0,unknown,,827.446813,0.0,0.0,,,827.446813,0.0,827.446813,,unknown,0.0,{},,2.0,,,,,,,801.990077,0.0,0.0,0.0,801.990077,0.0,0.0,0.0,,,,,,
2024-08-26 19:00:00,26.52,26.54,26.2,26.28,68677.88,4.3e-05,55,0.0,0.0,unknown,,827.446813,0.0,0.0,,,827.446813,0.0,827.446813,,unknown,0.0,{},,3.0,,,,,,,801.990077,0.0,0.0,0.0,801.990077,0.0,0.0,0.0,,,,,,
2024-08-26 20:00:00,26.27,26.47,26.15,26.43,57624.02,4.3e-05,55,0.0,0.0,unknown,,827.446813,0.0,0.0,,,827.446813,0.0,827.446813,,unknown,0.0,{},,4.0,,,,,,,801.990077,0.0,0.0,0.0,801.990077,0.0,0.0,0.0,,,,,,
2024-08-26 21:00:00,26.42,26.43,25.93,26.06,104344.55,4.3e-05,55,19.8046,0.0,mean_reversion,,827.446813,0.0,1.98046,True,True,825.808087,1.982406,827.446813,,mean_reversion,19.8046,{},,1.0,AVAXUSDT,2024-08-26 21:00:00,AVAXUSDT,26.06,62.882783,LONG,801.990077,0.0,0.0,0.0,801.990077,0.0,0.0,0.0,19.8046,19.8046,1.0,19.8046,True,True
2024-08-26 22:00:00,26.07,26.14,25.95,25.98,55805.88,4.3e-05,55,20.0,0.0,mean_reversion,,820.782495,1.988421,0.011579,False,,820.782495,1.988421,820.782495,,mean_reversion,0.1954,{},,2.0,AVAXUSDT,2024-08-26 22:00:00,,,,,801.990077,0.0,0.0,0.0,801.990077,0.0,0.0,0.0,21.204878,21.204878,1.0,21.204878,True,False
2024-08-26 23:00:00,25.99,26.22,25.89,25.94,52124.9,4.3e-05,55,0.0,0.0,unknown,,818.269699,1.991456,-1.991456,True,True,816.640151,0.0,818.269699,,unknown,-20.0,{},,1.0,AVAXUSDT,2024-08-26 23:00:00,AVAXUSDT,25.94,62.819901,CLOSE,801.990077,0.0,0.0,0.0,801.990077,0.0,0.0,0.0,,,,,True,True
2024-08-27 00:00:00,25.94,26.31,25.94,26.14,80777.68,4.3e-05,48,0.0,0.0,unknown,,816.640151,0.0,0.0,,,816.640151,0.0,816.640151,,unknown,0.0,{},,2.0,,,,,,,801.990077,0.0,0.0,0.0,801.990077,0.0,0.0,0.0,,,,,,
2024-08-27 01:00:00,26.14,26.38,26.07,26.18,65284.95,1e-05,48,0.0,0.0,unknown,,816.640151,0.0,0.0,,,816.640151,0.0,816.640151,,unknown,0.0,{},,3.0,,,,,,,801.990077,0.0,0.0,0.0,801.990077,0.0,0.0,0.0,,,,,,
2024-08-27 02:00:00,26.17,26.37,26.09,26.17,41996.63,1e-05,48,0.0,0.0,unknown,,816.640151,0.0,0.0,,,816.640151,0.0,816.640151,,unknown,0.0,{},,4.0,,,,,,,801.990077,0.0,0.0,0.0,801.990077,0.0,0.0,0.0,,,,,,
2024-08-27 03:00:00,26.17,26.35,26.05,26.29,30131.14,1e-05,48,0.0,0.0,unknown,,816.640151,0.0,0.0,,,816.640151,0.0,816.640151,,unknown,0.0,{},,5.0,,,,,,,801.990077,0.0,0.0,0.0,801.990077,0.0,0.0,0.0,,,,,,
2024-08-27 04:00:00,26.3,26.43,26.18,26.42,33248.51,1e-05,48,0.0,0.0,unknown,,816.640151,0.0,0.0,,,816.640151,0.0,816.640151,,unknown,0.0,{},,6.0,,,,,,,801.990077,0.0,0.0,0.0,801.990077,0.0,0.0,0.0,,,,,,
2024-08-27 05:00:00,26.43,26.68,26.42,26.67,39151.33,1e-05,48,0.0,0.0,unknown,,816.640151,0.0,0.0,,,816.640151,0.0,816.640151,,unknown,0.0,{},,7.0,,,,,,,801.990077,0.0,0.0,0.0,801.990077,0.0,0.0,0.0,,,,,,
2024-08-27 06:00:00,26.67,26.81,26.38,26.45,101365.55,1e-05,48,-1.398964,0.0,mean_reversion,,816.640151,0.0,-0.139896,False,,816.640151,0.0,816.640151,,mean_reversion,-1.398964,{},,1.0,AVAXUSDT,2024-08-27 06:00:00,,,,,801.990077,0.0,0.0,0.0,801.990077,0.0,0.0,0.0,-1.398964,-1.398964,1.0,-1.398964,True,False
2024-08-27 07:00:00,26.45,26.68,26.43,26.57,46468.54,1e-05,48,-5.369294,0.0,mean_reversion,,816.640151,0.0,-0.536929,True,True,816.201673,-0.537218,816.640151,,mean_reversion,-3.97033,{},,2.0,AVAXUSDT,2024-08-27 07:00:00,AVAXUSDT,26.57,16.502752,SHORT,801.990077,0.0,0.0,0.0,801.990077,0.0,0.0,0.0,-5.369294,-5.369294,1.0,-5.369294,True,True
2024-08-27 08:00:00,26.56,26.66,26.08,26.27,85674.37,3.1e-05,48,5.362515,0.0,mean_reversion,,821.152498,-0.52795,1.064201,True,True,820.278193,0.536286,821.152498,,mean_reversion,10.731809,{},,3.0,AVAXUSDT,2024-08-27 08:00:00,AVAXUSDT,26.27,16.762247,LONG,801.990077,0.0,0.0,0.0,801.990077,0.0,0.0,0.0,5.362515,5.362515,1.0,5.362515,True,True
2024-08-27 09:00:00,26.27,26.3,25.84,25.93,80029.68,3.1e-05,48,16.101734,0.0,mean_reversion,,814.584728,0.533045,1.077128,True,True,813.707316,1.610831,814.584728,,mean_reversion,10.739219,{},,4.0,AVAXUSDT,2024-08-27 09:00:00,AVAXUSDT,25.93,33.837726,LONG,801.990077,0.0,0.0,0.0,801.990077,0.0,0.0,0.0,16.101734,16.101734,1.0,16.101734,True,True
2024-08-27 10:00:00,25.93,25.94,25.56,25.59,103024.06,3.1e-05,48,20.0,0.0,mean_reversion,,796.520529,1.624011,0.375989,True,True,796.221046,2.000376,796.520529,,mean_reversion,3.898266,{},,5.0,AVAXUSDT,2024-08-27 10:00:00,AVAXUSDT,25.59,11.70311,LONG,801.990077,0.0,0.0,0.0,801.990077,0.0,0.0,0.0,24.0,24.0,1.0,24.0,True,True
2024-08-27 11:00:00,25.58,25.86,25.52,25.76,65962.38,3.1e-05,48,17.965392,0.0,mean_reversion,,806.801979,1.987257,-0.190717,False,,806.801979,1.987257,806.801979,,mean_reversion,-2.034608,{},,6.0,AVAXUSDT,2024-08-27 11:00:00,,,,,801.990077,0.0,0.0,0.0,801.990077,0.0,0.0,0.0,17.965392,17.965392,1.0,17.965392,True,False
2024-08-27 12:00:00,25.76,25.8,25.53,25.78,54501.93,3.1e-05,48,15.624107,0.0,mean_reversion,,808.046794,1.985736,-0.423325,True,True,807.704728,1.563072,808.046794,,mean_reversion,-2.341285,{},,7.0,AVAXUSDT,2024-08-27 12:00:00,AVAXUSDT,25.78,13.268672,REDUCE_LONG,801.990077,0.0,0.0,0.0,801.990077,0.0,0.0,0.0,15.624107,15.624107,1.0,15.624107,True,True
2024-08-27 13:00:00,25.79,25.79,25.49,25.64,100884.37,3.1e-05,48,19.410592,0.0,mean_reversion,,800.848633,1.567893,0.373166,True,True,800.549783,1.941411,800.848633,,mean_reversion,3.786485,{},,8.0,AVAXUSDT,2024-08-27 13:00:00,AVAXUSDT,25.64,11.655607,LONG,801.990077,0.0,0.0,0.0,801.990077,0.0,0.0,0.0,19.410592,19.410592,1.0,19.410592,True,True
2024-08-27 14:00:00,25.64,25.73,25.33,25.44,128979.05,3.1e-05,48,20.0,0.0,mean_reversion,,788.426571,1.955886,0.044114,False,,788.426571,1.955886,788.426571,,mean_reversion,0.589408,{},,9.0,AVAXUSDT,2024-08-27 14:00:00,,,,,801.990077,0.0,0.0,0.0,801.990077,0.0,0.0,0.0,24.0,24.0,1.0,24.0,True,False
2024-08-27 15:00:00,25.43,25.55,25.27,25.33,108828.16,3.1e-05,48,20.0,0.0,mean_reversion,,781.758805,1.964039,0.035961,False,,781.758805,1.964039,781.758805,,mean_reversion,0.0,{},,10.0,AVAXUSDT,2024-08-27 15:00:00,,,,,801.990077,0.0,0.0,0.0,801.990077,0.0,0.0,0.0,24.0,24.0,1.0,24.0,True,False
2024-08-27 16:00:00,25.32,25.59,25.19,25.35,113622.86,7.8e-05,48,20.0,0.0,mean_reversion,,782.971126,1.962546,0.037454,False,,782.971126,1.962546,782.971126,,mean_reversion,0.0,{},,11.0,AVAXUSDT,2024-08-27 16:00:00,,,,,801.990077,0.0,0.0,0.0,801.990077,0.0,0.0,0.0,23.031597,23.031597,1.0,23.031597,True,False
2024-08-27 17:00:00,25.35,25.5,25.29,25.49,52079.21,7.8e-05,48,16.629504,0.0,mean_reversion,,791.457374,1.952226,-0.289275,True,True,791.228425,1.663432,791.457374,,mean_reversion,-3.370496,{},,12.0,AVAXUSDT,2024-08-27 17:00:00,AVAXUSDT,25.49,8.981915,REDUCE_LONG,801.990077,0.0,0.0,0.0,801.990077,0.0,0.0,0.0,16.629504,16.629504,1.0,16.629504,True,True
2024-08-27 18:00:00,25.48,25.82,25.48,25.77,53406.68,7.8e-05,48,4.687816,0.0,mean_reversion,,805.685985,1.651527,-1.182745,True,True,804.733064,0.469337,805.685985,,mean_reversion,-11.941688,{},,13.0,AVAXUSDT,2024-08-27 18:00:00,AVAXUSDT,25.77,36.977925,REDUCE_LONG,801.990077,0.0,0.0,0.0,801.990077,0.0,0.0,0.0,4.687816,4.687816,1.0,4.687816,True,True
2024-08-27 19:00:00,25.76,25.77,25.48,25.57,46490.51,7.8e-05,48,11.468764,0.0,mean_reversion,,801.80182,0.467397,0.67948,True,True,801.257012,1.146976,801.80182,,mean_reversion,6.780948,{},,14.0,AVAXUSDT,2024-08-27 19:00:00,AVAXUSDT,25.57,21.306533,LONG,801.990077,0.0,0.0,0.0,801.990077,0.0,0.0,0.0,11.468764,11.468764,1.0,11.468764,True,True
2024-08-27 20:00:00,25.56,25.58,25.34,25.36,59082.7,7.8e-05,48,18.293641,0.0,mean_reversion,,793.709309,1.148374,0.68099,True,True,793.168801,1.829929,793.709309,,mean_reversion,6.824877,{},,15.0,AVAXUSDT,2024-08-27 20:00:00,AVAXUSDT,25.36,21.313417,LONG,801.990077,0.0,0.0,0.0,801.990077,0.0,0.0,0.0,18.293641,18.293641,1.0,18.293641,True,True
2024-08-27 21:00:00,25.37,25.47,24.53,24.65,212895.22,7.8e-05,48,20.0,0.0,mean_reversion,,752.532981,1.874744,0.125256,False,,752.532981,1.874744,752.532981,,mean_reversion,1.706359,{},,16.0,AVAXUSDT,2024-08-27 21:00:00,,,,,801.990077,0.0,0.0,0.0,801.990077,0.0,0.0,0.0,24.0,24.0,1.0,24.0,True,False
2024-08-27 22:00:00,24.65,24.65,23.66,24.14,410226.61,7.8e-05,48,20.0,0.0,mean_reversion,,723.343872,1.910043,0.089957,False,,723.343872,1.910043,723.343872,,mean_reversion,0.0,{},,17.0,AVAXUSDT,2024-08-27 22:00:00,,,,,801.990077,0.0,0.0,0.0,801.990077,0.0,0.0,0.0,24.0,24.0,1.0,24.0,True,False
2024-08-27 23:00:00,24.13,24.22,23.92,24.09,86112.98,7.8e-05,48,20.0,0.0,mean_reversion,,720.482194,1.913658,0.086342,False,,720.482194,1.913658,720.482194,,mean_reversion,0.0,{},,18.0,AVAXUSDT,2024-08-27 23:00:00,,,,,801.990077,0.0,0.0,0.0,801.990077,0.0,0.0,0.0,24.0,24.0,1.0,24.0,True,False
2024-08-28 00:00:00,24.08,24.09,23.66,23.84,98955.44,-5.9e-05,30,20.0,0.0,mean_reversion,,706.173807,1.93217,0.06783,False,,706.173807,1.93217,706.173807,,mean_reversion,0.0,{},,19.0,AVAXUSDT,2024-08-28 00:00:00,,,,,801.990077,0.0,0.0,0.0,801.990077,0.0,0.0,0.0,24.0,24.0,1.0,24.0,True,False
2024-08-28 01:00:00,23.85,23.95,23.64,23.92,66950.99,-5.9e-05,30,0.0,0.0,unknown,,710.752491,1.926165,-1.926165,True,True,709.383464,0.0,710.752491,,unknown,-20.0,{},,1.0,AVAXUSDT,2024-08-28 01:00:00,AVAXUSDT,23.92,57.233548,CLOSE,801.990077,0.0,0.0,0.0,801.990077,0.0,0.0,0.0,,,,,True,True
2024-08-28 02:00:00,23.91,23.92,23.59,23.83,81279.04,-5.9e-05,30,0.0,0.0,unknown,,709.383464,0.0,0.0,,,709.383464,0.0,709.383464,,unknown,0.0,{},,2.0,,,,,,,801.990077,0.0,0.0,0.0,801.990077,0.0,0.0,0.0,,,,,,
2024-08-28 03:00:00,23.83,24.26,23.81,24.23,72582.83,-5.9e-05,30,20.0,0.0,mean_reversion,,709.383464,0.0,2.0,True,True,707.964697,2.002004,709.383464,,mean_reversion,20.0,{},,1.0,AVAXUSDT,2024-08-28 03:00:00,AVAXUSDT,24.23,58.554145,LONG,801.990077,0.0,0.0,0.0,801.990077,0.0,0.0,0.0,22.853221,22.853221,1.0,22.853221,True,True
2024-08-28 04:00:00,24.22,24.27,24.04,24.06,48803.04,-5.9e-05,30,20.0,0.0,mean_reversion,,698.020447,2.016279,-0.016279,False,,698.020447,2.016279,698.020447,,mean_reversion,0.0,{},,2.0,AVAXUSDT,2024-08-28 04:00:00,,,,,801.990077,0.0,0.0,0.0,801.990077,0.0,0.0,0.0,24.0,24.0,1.0,24.0,True,False
2024-08-28 05:00:00,24.06,24.25,24.02,24.09,50079.58,-5.9e-05,30,20.0,0.0,mean_reversion,,699.775315,2.01373,-0.01373,False,,699.775315,2.01373,699.775315,,mean_reversion,0.0,{},,3.0,AVAXUSDT,2024-08-28 05:00:00,,,,,801.990077,0.0,0.0,0.0,801.990077,0.0,0.0,0.0,24.0,24.0,1.0,24.0,True,False
2024-08-28 06:00:00,24.09,24.14,23.92,23.94,47271.42,-5.9e-05,30,20.0,0.0,mean_reversion,,691.000976,2.026603,-0.026603,False,,691.000976,2.026603,691.000976,,mean_reversion,0.0,{},,4.0,AVAXUSDT,2024-08-28 06:00:00,,,,,801.990077,0.0,0.0,0.0,801.990077,0.0,0.0,0.0,24.0,24.0,1.0,24.0,True,False
2024-08-28 07:00:00,23.93,24.0,23.6,23.63,99579.04,-5.9e-05,30,20.0,0.0,mean_reversion,,672.867343,2.054269,-0.054269,False,,672.867343,2.054269,672.867343,,mean_reversion,0.0,{},,5.0,AVAXUSDT,2024-08-28 07:00:00,,,,,801.990077,0.0,0.0,0.0,801.990077,0.0,0.0,0.0,24.0,24.0,1.0,24.0,True,False
2024-08-28 08:00:00,23.63,24.11,23.47,23.95,145493.23,-9.8e-05,30,19.720263,0.0,mean_reversion,,691.585932,2.025734,-0.053708,False,,691.585932,2.025734,691.585932,,mean_reversion,-0.279737,{},,6.0,AVAXUSDT,2024-08-28 08:00:00,,,,,801.990077,0.0,0.0,0.0,801.990077,0.0,0.0,0.0,19.720263,19.720263,1.0,19.720263,True,False
2024-08-28 09:00:00,23.95,24.82,23.87,24.82,154327.56,-9.8e-05,30,-7.973959,0.0,mean_reversion,,742.477096,1.955428,-2.752824,True,True,740.433187,-0.799597,742.477096,,mean_reversion,-27.694222,{},,7.0,AVAXUSDT,2024-08-28 09:00:00,AVAXUSDT,24.82,23.853674,SHORT,801.990077,0.0,0.0,0.0,801.990077,0.0,0.0,0.0,-7.973959,-7.973959,1.0,-7.973959,True,True
2024-08-28 10:00:00,24.82,24.84,24.46,24.52,116104.56,-9.8e-05,30,1.224328,0.0,mean_reversion,,747.589289,-0.782371,0.904804,True,True,746.912282,0.122421,747.589289,,mean_reversion,9.198287,{},,8.0,AVAXUSDT,2024-08-28 10:00:00,AVAXUSDT,24.52,3.732849,LONG,801.990077,0.0,0.0,0.0,801.990077,0.0,0.0,0.0,1.224328,1.224328,1.0,1.224328,True,True
2024-08-28 11:00:00,24.51,24.74,24.46,24.68,54140.23,-9.8e-05,30,-3.401991,0.0,mean_reversion,,747.508941,0.123122,-0.463321,True,True,747.162605,-0.340357,747.508941,,mean_reversion,-4.626319,{},,9.0,AVAXUSDT,2024-08-28 11:00:00,AVAXUSDT,24.68,10.303966,SHORT,801.990077,0.0,0.0,0.0,801.990077,0.0,0.0,0.0,-3.401991,-3.401991,1.0,-3.401991,True,True
2024-08-28 12:00:00,24.68,24.83,24.57,24.6,76370.98,-9.8e-05,30,-0.83682,0.0,mean_reversion,,747.986922,-0.33888,0.255198,True,True,747.795846,-0.083703,747.986922,,mean_reversion,2.565171,{},,10.0,AVAXUSDT,2024-08-28 12:00:00,AVAXUSDT,24.6,7.759534,REDUCE_SHORT,801.990077,0.0,0.0,0.0,801.990077,0.0,0.0,0.0,-0.83682,-0.83682,1.0,-0.83682,True,True
2024-08-28 13:00:00,24.6,24.63,24.0,24.03,101673.09,-9.8e-05,30,14.835841,0.0,mean_reversion,,749.246173,-0.081606,1.56519,True,True,748.073399,1.484424,749.246173,,mean_reversion,15.672661,{},,11.0,AVAXUSDT,2024-08-28 13:00:00,AVAXUSDT,24.03,46.257583,LONG,801.990077,0.0,0.0,0.0,801.990077,0.0,0.0,0.0,14.835841,14.835841,1.0,14.835841,True,True
2024-08-28 14:00:00,24.03,24.43,23.88,24.01,132594.61,-9.8e-05,30,13.644626,0.0,mean_reversion,,747.149173,1.485023,-0.120561,False,,747.149173,1.485023,747.149173,,mean_reversion,-1.191215,{},,12.0,AVAXUSDT,2024-08-28 14:00:00,,,,,801.990077,0.0,0.0,0.0,801.990077,0.0,0.0,0.0,13.644626,13.644626,1.0,13.644626,True,False
2024-08-28 15:00:00,23.99,23.99,23.6,23.87,116896.94,-9.8e-05,30,15.867097,0.0,mean_reversion,,740.679587,1.48926,0.09745,False,,740.679587,1.48926,740.679587,,mean_reversion,2.22247,{},,13.0,AVAXUSDT,2024-08-28 15:00:00,,,,,801.990077,0.0,0.0,0.0,801.990077,0.0,0.0,0.0,15.867097,15.867097,1.0,15.867097,True,False
2024-08-28 16:00:00,23.87,23.93,23.19,23.84,217259.07,-9.8e-05,30,14.362162,0.0,mean_reversion,,739.293247,1.490177,-0.053961,False,,739.293247,1.490177,739.293247,,mean_reversion,-1.504935,{},,14.0,AVAXUSDT,2024-08-28 16:00:00,,,,,801.990077,0.0,0.0,0.0,801.990077,0.0,0.0,0.0,14.362162,14.362162,1.0,14.362162,True,False
2024-08-28 17:00:00,23.85,23.88,23.52,23.53,73974.32,-7e-05,30,20.0,0.0,mean_reversion,,724.967737,1.499863,0.500137,True,True,724.605154,2.0005,724.967737,,mean_reversion,5.637838,{},,15.0,AVAXUSDT,2024-08-28 17:00:00,AVAXUSDT,23.53,15.409392,LONG,801.990077,0.0,0.0,0.0,801.990077,0.0,0.0,0.0,22.051583,22.051583,1.0,22.051583,True,True
2024-08-28 18:00:00,23.52,24.11,23.45,24.1,104287.01,-7e-05,30,5.003962,0.0,mean_reversion,,759.720179,1.954256,-1.45386,True,True,758.615652,0.501125,759.720179,,mean_reversion,-14.996038,{},,16.0,AVAXUSDT,2024-08-28 18:00:00,AVAXUSDT,24.1,45.830987,REDUCE_LONG,801.990077,0.0,0.0,0.0,801.990077,0.0,0.0,0.0,5.003962,5.003962,1.0,5.003962,True,True
2024-08-28 19:00:00,24.1,24.26,23.74,23.81,154384.05,-7e-05,30,12.208043,0.0,mean_reversion,,754.041099,0.498098,0.722706,True,True,753.496149,1.220964,754.041099,,mean_reversion,7.204081,{},,17.0,AVAXUSDT,2024-08-28 19:00:00,AVAXUSDT,23.81,22.887446,LONG,801.990077,0.0,0.0,0.0,801.990077,0.0,0.0,0.0,12.208043,12.208043,1.0,12.208043,True,True
2024-08-28 20:00:00,23.81,24.15,23.62,23.74,190033.9,-7e-05,30,12.783737,0.0,mean_reversion,,750.791428,1.22176,0.056614,False,,750.791428,1.22176,750.791428,,mean_reversion,0.575694,{},,18.0,AVAXUSDT,2024-08-28 20:00:00,,,,,801.990077,0.0,0.0,0.0,801.990077,0.0,0.0,0.0,12.783737,12.783737,1.0,12.783737,True,False
2024-08-28 21:00:00,23.74,23.81,23.56,23.57,69557.9,-7e-05,30,16.19039,0.0,mean_reversion,,744.222818,1.223717,0.395322,True,True,743.928611,1.619284,744.222818,,mean_reversion,3.406653,{},,19.0,AVAXUSDT,2024-08-28 21:00:00,AVAXUSDT,23.57,12.482283,LONG,801.990077,0.0,0.0,0.0,801.990077,0.0,0.0,0.0,16.19039,16.19039,1.0,16.19039,True,True
2024-08-28 22:00:00,23.56,23.61,23.22,23.48,98216.41,-7e-05,30,16.943093,0.0,mean_reversion,,739.32883,1.623137,0.071173,False,,739.32883,1.623137,739.32883,,mean_reversion,0.752703,{},,20.0,AVAXUSDT,2024-08-28 22:00:00,,,,,801.990077,0.0,0.0,0.0,801.990077,0.0,0.0,0.0,16.943093,16.943093,1.0,16.943093,True,False
2024-08-28 23:00:00,23.48,23.61,23.28,23.45,56202.59,-7e-05,30,16.342594,0.0,mean_reversion,,737.79557,1.624432,0.009828,False,,737.79557,1.624432,737.79557,,mean_reversion,-0.600499,{},,21.0,AVAXUSDT,2024-08-28 23:00:00,,,,,801.990077,0.0,0.0,0.0,801.990077,0.0,0.0,0.0,16.342594,16.342594,1.0,16.342594,True,False
2024-08-29 00:00:00,23.44,23.64,23.41,23.55,46755.64,-5.8e-05,29,12.093413,0.0,mean_reversion,,742.906437,1.620136,-0.410795,True,True,742.601256,1.209838,742.906437,,mean_reversion,-4.249181,{},,22.0,AVAXUSDT,2024-08-29 00:00:00,AVAXUSDT,23.55,12.958895,REDUCE_LONG,801.990077,0.0,0.0,0.0,801.990077,0.0,0.0,0.0,12.093413,12.093413,1.0,12.093413,True,True
2024-08-29 01:00:00,23.55,23.63,23.28,23.34,51676.98,-5.8e-05,29,16.377085,0.0,mean_reversion,,734.589801,1.212127,0.425582,True,True,734.277173,1.63798,734.589801,,mean_reversion,4.283672,{},,23.0,AVAXUSDT,2024-08-29 01:00:00,AVAXUSDT,23.34,13.394516,LONG,801.990077,0.0,0.0,0.0,801.990077,0.0,0.0,0.0,16.377085,16.377085,1.0,16.377085,True,True
2024-08-29 02:00:00,23.34,23.56,23.3,23.54,59110.2,-5.8e-05,29,9.461369,0.0,mean_reversion,,744.583354,1.629149,-0.683012,True,True,744.074794,0.946784,744.583354,,mean_reversion,-6.915716,{},,24.0,AVAXUSDT,2024-08-29 02:00:00,AVAXUSDT,23.54,21.604067,REDUCE_LONG,801.990077,0.0,0.0,0.0,801.990077,0.0,0.0,0.0,9.461369,9.461369,1.0,9.461369,True,True
2024-08-29 03:00:00,23.54,23.64,23.46,23.48,28657.45,-5.8e-05,29,10.398427,0.0,mean_reversion,,742.279184,0.946655,0.093188,False,,742.279184,0.946655,742.279184,,mean_reversion,0.937058,{},,25.0,AVAXUSDT,2024-08-29 03:00:00,,,,,801.990077,0.0,0.0,0.0,801.990077,0.0,0.0,0.0,10.398427,10.398427,1.0,10.398427,True,False
2024-08-29 04:00:00,23.48,23.53,23.32,23.47,29877.83,-5.8e-05,29,10.170578,0.0,mean_reversion,,741.979916,0.946633,0.070424,False,,741.979916,0.946633,741.979916,,mean_reversion,-0.227849,{},,26.0,AVAXUSDT,2024-08-29 04:00:00,,,,,801.990077,0.0,0.0,0.0,801.990077,0.0,0.0,0.0,10.170578,10.170578,1.0,10.170578,True,False
2024-08-29 05:00:00,23.47,23.75,23.43,23.75,42240.55,-5.8e-05,29,1.324614,0.0,mean_reversion,,750.35943,0.947229,-0.814768,True,True,749.748062,0.132569,750.35943,,mean_reversion,-8.845964,{},,27.0,AVAXUSDT,2024-08-29 05:00:00,AVAXUSDT,23.75,25.741843,REDUCE_LONG,801.990077,0.0,0.0,0.0,801.990077,0.0,0.0,0.0,1.324614,1.324614,1.0,1.324614,True,True
2024-08-29 06:00:00,23.74,23.9,23.72,23.78,64860.39,-5.8e-05,29,0.282439,0.0,mean_reversion,,749.873611,0.132715,-0.104471,False,,749.873611,0.132715,749.873611,,mean_reversion,-1.042175,{},,28.0,AVAXUSDT,2024-08-29 06:00:00,,,,,801.990077,0.0,0.0,0.0,801.990077,0.0,0.0,0.0,0.282439,0.282439,1.0,0.282439,True,False
2024-08-29 07:00:00,23.78,23.93,23.78,23.84,42472.54,-5.8e-05,29,-1.667625,0.0,mean_reversion,,750.124711,0.133005,-0.299767,True,True,749.899848,-0.166813,750.124711,,mean_reversion,-1.950064,{},,29.0,AVAXUSDT,2024-08-29 07:00:00,AVAXUSDT,23.84,5.247177,SHORT,801.990077,0.0,0.0,0.0,801.990077,0.0,0.0,0.0,-1.667625,-1.667625,1.0,-1.667625,True,True
2024-08-29 08:00:00,23.84,23.89,23.62,23.66,51891.83,-5.8e-05,29,4.268279,0.0,mean_reversion,,750.84434,-0.165345,0.592173,True,True,750.399586,0.426654,750.84434,,mean_reversion,5.935904,{},,30.0,AVAXUSDT,2024-08-29 08:00:00,AVAXUSDT,23.66,13.545278,LONG,801.990077,0.0,0.0,0.0,801.990077,0.0,0.0,0.0,4.268279,4.268279,1.0,4.268279,True,True
2024-08-29 09:00:00,23.66,23.96,23.64,23.7,64152.95,-0.000135,29,2.689287,0.0,mean_reversion,,750.940856,0.427067,-0.158138,False,,750.940856,0.427067,750.940856,,mean_reversion,-1.578991,{},,31.0,AVAXUSDT,2024-08-29 09:00:00,,,,,801.990077,0.0,0.0,0.0,801.990077,0.0,0.0,0.0,2.689287,2.689287,1.0,2.689287,True,False
2024-08-29 10:00:00,23.7,23.77,23.48,23.49,47549.78,-0.000135,29,9.814357,0.0,mean_reversion,,748.099192,0.424891,0.556545,True,True,747.682841,0.981425,748.099192,,mean_reversion,7.12507,{},,32.0,AVAXUSDT,2024-08-29 10:00:00,AVAXUSDT,23.49,17.724601,LONG,801.990077,0.0,0.0,0.0,801.990077,0.0,0.0,0.0,9.814357,9.814357,1.0,9.814357,True,True
2024-08-29 11:00:00,23.48,23.85,23.45,23.6,69761.96,-0.000135,29,5.06829,0.0,mean_reversion,,751.119088,0.98151,-0.474681,True,True,750.762546,0.50707,751.119088,,mean_reversion,-4.746068,{},,33.0,AVAXUSDT,2024-08-29 11:00:00,AVAXUSDT,23.6,15.107723,REDUCE_LONG,801.990077,0.0,0.0,0.0,801.990077,0.0,0.0,0.0,5.06829,5.06829,1.0,5.06829,True,True
2024-08-29 12:00:00,23.6,23.91,23.55,23.75,67022.85,-0.000135,29,-0.665616,0.0,mean_reversion,,753.182179,0.508653,-0.575215,True,True,752.748937,-0.0666,753.182179,,mean_reversion,-5.733906,{},,34.0,AVAXUSDT,2024-08-29 12:00:00,AVAXUSDT,23.75,2.110865,SHORT,801.990077,0.0,0.0,0.0,801.990077,0.0,0.0,0.0,-0.665616,-0.665616,1.0,-0.665616,True,True
2024-08-29 13:00:00,23.75,24.15,23.74,24.13,119924.5,-0.000135,29,-14.467947,0.0,mean_reversion,,751.946808,-0.067738,-1.379057,True,True,750.909831,-1.448793,751.946808,,mean_reversion,-13.802331,{},,35.0,AVAXUSDT,2024-08-29 13:00:00,AVAXUSDT,24.13,42.974617,SHORT,801.990077,0.0,0.0,0.0,801.990077,0.0,0.0,0.0,-14.467947,-14.467947,1.0,-14.467947,True,True
2024-08-29 14:00:00,24.13,24.39,24.06,24.23,194442.76,-0.000135,29,-17.619777,0.0,mean_reversion,,746.401283,-1.463584,-0.298393,True,True,746.178561,-1.762504,746.401283,,mean_reversion,-3.15183,{},,36.0,AVAXUSDT,2024-08-29 14:00:00,AVAXUSDT,24.23,9.191959,SHORT,801.990077,0.0,0.0,0.0,801.990077,0.0,0.0,0.0,-17.619777,-17.619777,1.0,-17.619777,True,True
2024-08-29 15:00:00,24.24,24.68,24.19,24.35,144944.19,-0.000135,29,-20.0,0.0,mean_reversion,,739.665268,-1.786829,-0.213171,True,True,739.507594,-2.000426,739.665268,,mean_reversion,-2.380223,{},,37.0,AVAXUSDT,2024-08-29 15:00:00,AVAXUSDT,24.35,6.475353,SHORT,801.990077,0.0,0.0,0.0,801.990077,0.0,0.0,0.0,-20.650604,-20.650604,1.0,-20.650604,True,True
2024-08-29 16:00:00,24.35,24.55,24.03,24.07,117076.23,-0.000176,29,-7.887611,0.0,mean_reversion,,756.518376,-1.93296,1.144199,True,True,755.651902,-0.789666,756.518376,,mean_reversion,12.112389,{},,38.0,AVAXUSDT,2024-08-29 16:00:00,AVAXUSDT,24.07,35.962089,REDUCE_SHORT,801.990077,0.0,0.0,0.0,801.990077,0.0,0.0,0.0,-7.887611,-7.887611,1.0,-7.887611,True,True
2024-08-29 17:00:00,24.06,24.16,23.96,24.02,60720.12,-0.000176,29,-5.245187,0.0,mean_reversion,,756.891437,-0.786735,0.262216,True,True,756.69277,-0.524656,756.891437,,mean_reversion,2.642424,{},,39.0,AVAXUSDT,2024-08-29 17:00:00,AVAXUSDT,24.02,8.262658,REDUCE_SHORT,801.990077,0.0,0.0,0.0,801.990077,0.0,0.0,0.0,-5.245187,-5.245187,1.0,-5.245187,True,True
2024-08-29 18:00:00,24.02,24.03,23.06,23.11,194440.51,-0.000176,29,20.0,0.0,mean_reversion,,771.733293,-0.494942,2.494942,True,True,769.80748,2.002998,771.733293,,mean_reversion,25.245187,{},,40.0,AVAXUSDT,2024-08-29 18:00:00,AVAXUSDT,23.11,66.787823,LONG,801.990077,0.0,0.0,0.0,801.990077,0.0,0.0,0.0,24.0,24.0,1.0,24.0,True,True
2024-08-29 19:00:00,23.11,23.35,22.96,23.2,160070.49,-0.000176,29,20.0,0.0,mean_reversion,,775.812374,1.995235,0.004765,False,,775.812374,1.995235,775.812374,,mean_reversion,0.0,{},,41.0,AVAXUSDT,2024-08-29 19:00:00,,,,,801.990077,0.0,0.0,0.0,801.990077,0.0,0.0,0.0,22.013667,22.013667,1.0,22.013667,True,False
2024-08-29 20:00:00,23.2,23.27,23.02,23.2,47921.19,-0.000176,29,19.858975,0.0,mean_reversion,,775.812374,1.995235,-0.009338,False,,775.812374,1.995235,775.812374,,mean_reversion,-0.141025,{},,42.0,AVAXUSDT,2024-08-29 20:00:00,,,,,801.990077,0.0,0.0,0.0,801.990077,0.0,0.0,0.0,19.858975,19.858975,1.0,19.858975,True,False
2024-08-29 21:00:00,23.19,23.21,23.07,23.1,38448.25,-0.000176,29,20.0,0.0,mean_reversion,,769.14027,2.003868,-0.003868,False,,769.14027,2.003868,769.14027,,mean_reversion,0.141025,{},,43.0,AVAXUSDT,2024-08-29 21:00:00,,,,,801.990077,0.0,0.0,0.0,801.990077,0.0,0.0,0.0,22.16948,22.16948,1.0,22.16948,True,False
2024-08-29 22:00:00,23.11,23.11,22.83,22.91,94196.96,-0.000176,29,20.0,0.0,mean_reversion,,756.463273,2.020692,-0.020692,False,,756.463273,2.020692,756.463273,,mean_reversion,0.0,{},,44.0,AVAXUSDT,2024-08-29 22:00:00,,,,,801.990077,0.0,0.0,0.0,801.990077,0.0,0.0,0.0,24.0,24.0,1.0,24.0,True,False
2024-08-29 23:00:00,22.9,22.97,22.78,22.89,43706.59,-0.000176,29,20.0,0.0,mean_reversion,,755.128853,2.022495,-0.022495,False,,755.128853,2.022495,755.128853,,mean_reversion,0.0,{},,45.0,AVAXUSDT,2024-08-29 23:00:00,,,,,801.990077,0.0,0.0,0.0,801.990077,0.0,0.0,0.0,24.0,24.0,1.0,24.0,True,False
2024-08-30 00:00:00,22.9,23.11,22.77,23.05,103718.61,-3.9e-05,34,16.51664,0.0,mean_reversion,,765.804218,2.008242,-0.356578,True,True,765.53115,1.652253,765.804218,,mean_reversion,-3.48336,{},,46.0,AVAXUSDT,2024-08-30 00:00:00,AVAXUSDT,23.05,11.846792,REDUCE_LONG,801.990077,0.0,0.0,0.0,801.990077,0.0,0.0,0.0,16.51664,16.51664,1.0,16.51664,True,True
2024-08-30 01:00:00,23.05,23.12,22.9,23.07,46187.49,-3.9e-05,34,14.446458,0.0,mean_reversion,,766.628635,1.651319,-0.206674,True,True,766.470193,1.444944,766.628635,,mean_reversion,-2.070183,{},,47.0,AVAXUSDT,2024-08-30 01:00:00,AVAXUSDT,23.07,6.867878,REDUCE_LONG,801.990077,0.0,0.0,0.0,801.990077,0.0,0.0,0.0,14.446458,14.446458,1.0,14.446458,True,True
2024-08-30 02:00:00,23.08,23.15,22.95,23.12,19693.68,-3.9e-05,34,11.236542,0.0,mean_reversion,,768.870511,1.443555,-0.319901,True,True,768.624548,1.124014,768.870511,,mean_reversion,-3.209916,{},,48.0,AVAXUSDT,2024-08-30 02:00:00,AVAXUSDT,23.12,10.638521,REDUCE_LONG,801.990077,0.0,0.0,0.0,801.990077,0.0,0.0,0.0,11.236542,11.236542,1.0,11.236542,True,True
2024-08-30 03:00:00,23.13,23.13,22.94,22.98,30044.94,-3.9e-05,34,15.102951,0.0,mean_reversion,,763.39305,1.124864,0.385432,True,True,763.098814,1.510492,763.39305,,mean_reversion,3.86641,{},,49.0,AVAXUSDT,2024-08-30 03:00:00,AVAXUSDT,22.98,12.803993,LONG,801.990077,0.0,0.0,0.0,801.990077,0.0,0.0,0.0,15.102951,15.102951,1.0,15.102951,True,True
2024-08-30 04:00:00,22.98,23.18,22.98,23.08,34694.7,-3.9e-05,34,10.201127,0.0,mean_reversion,,768.114718,1.507158,-0.487046,True,True,767.740611,1.02061,768.114718,,mean_reversion,-4.901824,{},,50.0,AVAXUSDT,2024-08-30 04:00:00,AVAXUSDT,23.08,16.209136,REDUCE_LONG,801.990077,0.0,0.0,0.0,801.990077,0.0,0.0,0.0,10.201127,10.201127,1.0,10.201127,True,True
2024-08-30 05:00:00,23.08,23.13,22.88,23.03,53885.14,-3.9e-05,34,11.149465,0.0,mean_reversion,,766.043116,1.020655,0.094291,False,,766.043116,1.020655,766.043116,,mean_reversion,0.948338,{},,51.0,AVAXUSDT,2024-08-30 05:00:00,,,,,801.990077,0.0,0.0,0.0,801.990077,0.0,0.0,0.0,11.149465,11.149465,1.0,11.149465,True,False
2024-08-30 06:00:00,23.03,23.3,23.0,23.28,28710.77,-3.9e-05,34,0.97474,0.0,mean_reversion,,774.53059,1.020429,-0.922955,True,True,773.815733,0.097564,774.53059,,mean_reversion,-10.174725,{},,52.0,AVAXUSDT,2024-08-30 06:00:00,AVAXUSDT,23.28,30.706915,REDUCE_LONG,801.990077,0.0,0.0,0.0,801.990077,0.0,0.0,0.0,0.97474,0.97474,1.0,0.97474,True,True
2024-08-30 07:00:00,23.28,23.58,23.24,23.38,62129.51,-3.9e-05,34,-2.782334,0.0,mean_reversion,,774.140031,0.097942,-0.376176,True,True,773.848819,-0.278338,774.140031,,mean_reversion,-3.757074,{},,53.0,AVAXUSDT,2024-08-30 07:00:00,AVAXUSDT,23.38,9.212645,SHORT,801.990077,0.0,0.0,0.0,801.990077,0.0,0.0,0.0,-2.782334,-2.782334,1.0,-2.782334,True,True
2024-08-30 08:00:00,23.38,23.64,23.36,23.48,34361.97,-4e-05,34,-6.265944,0.0,mean_reversion,,772.927554,-0.279862,-0.346733,True,True,772.659555,-0.626812,772.927554,,mean_reversion,-3.483609,{},,54.0,AVAXUSDT,2024-08-30 08:00:00,AVAXUSDT,23.48,11.413933,SHORT,801.990077,0.0,0.0,0.0,801.990077,0.0,0.0,0.0,-6.265944,-6.265944,1.0,-6.265944,True,True
2024-08-30 09:00:00,23.48,23.58,23.43,23.46,29382.46,-4e-05,34,-5.13124,0.0,mean_reversion,,773.072087,-0.625944,0.11282,False,,773.072087,-0.625944,773.072087,,mean_reversion,1.134703,{},,55.0,AVAXUSDT,2024-08-30 09:00:00,,,,,801.990077,0.0,0.0,0.0,801.990077,0.0,0.0,0.0,-5.13124,-5.13124,1.0,-5.13124,True,False
2024-08-30 10:00:00,23.45,23.55,23.34,23.38,45370.54,-4e-05,34,-1.574714,0.0,mean_reversion,,774.722213,-0.62248,0.465009,True,True,774.3616,-0.157545,774.722213,,mean_reversion,3.556526,{},,56.0,AVAXUSDT,2024-08-30 10:00:00,AVAXUSDT,23.38,15.408588,REDUCE_SHORT,801.990077,0.0,0.0,0.0,801.990077,0.0,0.0,0.0,-1.574714,-1.574714,1.0,-1.574714,True,True
2024-08-30 11:00:00,23.37,23.44,23.19,23.22,38889.06,-4e-05,34,5.093357,0.0,mean_reversion,,775.196478,-0.156298,0.665634,True,True,774.68036,0.509165,775.196478,,mean_reversion,6.668071,{},,57.0,AVAXUSDT,2024-08-30 11:00:00,AVAXUSDT,23.22,17.004101,LONG,801.990077,0.0,0.0,0.0,801.990077,0.0,0.0,0.0,5.093357,5.093357,1.0,5.093357,True,True
2024-08-30 12:00:00,23.21,23.49,23.19,23.32,62905.21,-4e-05,34,0.51745,0.0,mean_reversion,,776.379069,0.510239,-0.458494,True,True,776.023104,0.051769,776.379069,,mean_reversion,-4.575907,{},,58.0,AVAXUSDT,2024-08-30 12:00:00,AVAXUSDT,23.32,15.264382,REDUCE_LONG,801.990077,0.0,0.0,0.0,801.990077,0.0,0.0,0.0,0.51745,0.51745,1.0,0.51745,True,True
2024-08-30 13:00:00,23.32,23.46,22.95,23.29,104898.97,-4e-05,34,1.658263,0.0,mean_reversion,,775.971423,0.051706,0.114121,False,,775.971423,0.051706,775.971423,,mean_reversion,1.140814,{},,59.0,AVAXUSDT,2024-08-30 13:00:00,,,,,801.990077,0.0,0.0,0.0,801.990077,0.0,0.0,0.0,1.658263,1.658263,1.0,1.658263,True,False
2024-08-30 14:00:00,23.29,23.44,22.52,22.55,150406.04,-4e-05,34,20.0,0.0,mean_reversion,,774.696613,0.050145,1.949855,True,True,773.186067,2.001954,774.696613,,mean_reversion,18.341737,{},,60.0,AVAXUSDT,2024-08-30 14:00:00,AVAXUSDT,22.55,66.986519,LONG,801.990077,0.0,0.0,0.0,801.990077,0.0,0.0,0.0,24.0,24.0,1.0,24.0,True,True
2024-08-30 15:00:00,22.54,22.64,22.18,22.38,227413.73,-4e-05,34,20.0,0.0,mean_reversion,,761.516885,2.017307,-0.017307,False,,761.516885,2.017307,761.516885,,mean_reversion,0.0,{},,61.0,AVAXUSDT,2024-08-30 15:00:00,,,,,801.990077,0.0,0.0,0.0,801.990077,0.0,0.0,0.0,24.0,24.0,1.0,24.0,True,False
2024-08-30 16:00:00,22.38,22.63,22.21,22.61,128496.23,-0.000119,34,20.0,0.0,mean_reversion,,777.304602,1.996645,0.003355,False,,777.304602,1.996645,777.304602,,mean_reversion,0.0,{},,62.0,AVAXUSDT,2024-08-30 16:00:00,,,,,801.990077,0.0,0.0,0.0,801.990077,0.0,0.0,0.0,21.965679,21.965679,1.0,21.965679,True,False
2024-08-30 17:00:00,22.61,22.8,22.57,22.73,67662.68,-0.000119,34,14.947265,0.0,mean_reversion,,785.541672,1.986194,-0.491468,True,True,785.155604,1.495461,785.541672,,mean_reversion,-5.052735,{},,63.0,AVAXUSDT,2024-08-30 17:00:00,AVAXUSDT,22.73,16.984969,REDUCE_LONG,801.990077,0.0,0.0,0.0,801.990077,0.0,0.0,0.0,14.947265,14.947265,1.0,14.947265,True,True
2024-08-30 18:00:00,22.73,23.25,22.7,23.18,145305.58,-0.000119,34,-3.714814,0.0,mean_reversion,,808.401379,1.481214,-1.852696,True,True,806.903657,-0.372171,808.401379,,mean_reversion,-18.662079,{},,64.0,AVAXUSDT,2024-08-30 18:00:00,AVAXUSDT,23.18,12.955397,SHORT,801.990077,0.0,0.0,0.0,801.990077,0.0,0.0,0.0,-3.714814,-3.714814,1.0,-3.714814,True,True
2024-08-30 19:00:00,23.17,23.18,22.9,23.0,58523.64,-0.000119,34,3.264896,0.0,mean_reversion,,809.235629,-0.368217,0.694706,True,True,808.673149,0.32639,809.235629,,mean_reversion,6.979711,{},,65.0,AVAXUSDT,2024-08-30 19:00:00,AVAXUSDT,23.0,11.487262,LONG,801.990077,0.0,0.0,0.0,801.990077,0.0,0.0,0.0,3.264896,3.264896,1.0,3.264896,True,True
2024-08-30 20:00:00,23.0,23.2,23.0,23.18,60381.1,-0.000119,34,-3.704718,0.0,mean_reversion,,810.738789,0.328106,-0.698578,True,True,810.172424,-0.370731,810.738789,,mean_reversion,-6.969614,{},,66.0,AVAXUSDT,2024-08-30 20:00:00,AVAXUSDT,23.18,12.957543,SHORT,801.990077,0.0,0.0,0.0,801.990077,0.0,0.0,0.0,-3.704718,-3.704718,1.0,-3.704718,True,True
2024-08-30 21:00:00,23.18,23.23,23.09,23.15,40233.93,-0.000119,34,-2.25942,0.0,mean_reversion,,810.561151,-0.370073,0.144131,False,,810.561151,-0.370073,810.561151,,mean_reversion,1.445298,{},,67.0,AVAXUSDT,2024-08-30 21:00:00,,,,,801.990077,0.0,0.0,0.0,801.990077,0.0,0.0,0.0,-2.25942,-2.25942,1.0,-2.25942,True,False
2024-08-30 22:00:00,23.15,23.3,23.13,23.26,43616.32,-0.000119,34,-6.233372,0.0,mean_reversion,,809.135821,-0.372487,-0.25085,True,True,808.932849,-0.623494,809.135821,,mean_reversion,-3.973953,{},,68.0,AVAXUSDT,2024-08-30 22:00:00,AVAXUSDT,23.26,8.726227,SHORT,801.990077,0.0,0.0,0.0,801.990077,0.0,0.0,0.0,-6.233372,-6.233372,1.0,-6.233372,True,True
2024-08-30 23:00:00,23.27,23.34,23.23,23.29,23916.17,-0.000119,34,-6.866077,0.0,mean_reversion,,808.282336,-0.6248,-0.061807,False,,808.282336,-0.6248,808.282336,,mean_reversion,-0.632705,{},,69.0,AVAXUSDT,2024-08-30 23:00:00,,,,,801.990077,0.0,0.0,0.0,801.990077,0.0,0.0,0.0,-6.866077,-6.866077,1.0,-6.866077,True,False
2024-08-31 00:00:00,23.29,23.4,23.25,23.26,47570.46,4e-05,29,-5.098421,0.0,mean_reversion,,808.932849,-0.623494,0.113652,False,,808.932849,-0.623494,808.932849,,mean_reversion,1.767656,{},,70.0,AVAXUSDT,2024-08-31 00:00:00,,,,,801.990077,0.0,0.0,0.0,801.990077,0.0,0.0,0.0,-5.098421,-5.098421,1.0,-5.098421,True,False
2024-08-31 01:00:00,23.27,23.31,23.18,23.18,23194.18,4e-05,29,-1.539407,0.0,mean_reversion,,810.66755,-0.62002,0.466079,True,True,810.289337,-0.154013,810.66755,,mean_reversion,3.559014,{},,71.0,AVAXUSDT,2024-08-31 01:00:00,AVAXUSDT,23.18,16.300045,REDUCE_SHORT,801.990077,0.0,0.0,0.0,801.990077,0.0,0.0,0.0,-1.539407,-1.539407,1.0,-1.539407,True,True
2024-08-31 02:00:00,23.2,23.21,23.14,23.19,18622.5,4e-05,29,-1.858392,0.0,mean_reversion,,810.2355,-0.154089,-0.03175,False,,810.2355,-0.154089,810.2355,,mean_reversion,-0.318985,{},,72.0,AVAXUSDT,2024-08-31 02:00:00,,,,,801.990077,0.0,0.0,0.0,801.990077,0.0,0.0,0.0,-1.858392,-1.858392,1.0,-1.858392,True,False
2024-08-31 03:00:00,23.19,23.27,23.14,23.19,8850.39,4e-05,29,-1.743786,0.0,mean_reversion,,810.2355,-0.154089,-0.020289,False,,810.2355,-0.154089,810.2355,,mean_reversion,0.114606,{},,73.0,AVAXUSDT,2024-08-31 03:00:00,,,,,801.990077,0.0,0.0,0.0,801.990077,0.0,0.0,0.0,-1.743786,-1.743786,1.0,-1.743786,True,False
2024-08-31 04:00:00,23.2,23.35,23.18,23.3,20172.88,4e-05,29,-6.390906,0.0,mean_reversion,,809.64329,-0.154933,-0.484157,True,True,809.251296,-0.6394,809.64329,,mean_reversion,-4.64712,{},,74.0,AVAXUSDT,2024-08-31 04:00:00,AVAXUSDT,23.3,16.823804,SHORT,801.990077,0.0,0.0,0.0,801.990077,0.0,0.0,0.0,-6.390906,-6.390906,1.0,-6.390906,True,True
2024-08-31 05:00:00,23.29,23.29,23.14,23.14,7712.6,4e-05,29,1.171168,0.0,mean_reversion,,812.8045,-0.632233,0.74935,True,True,812.194911,0.117088,812.8045,,mean_reversion,7.562074,{},,75.0,AVAXUSDT,2024-08-31 05:00:00,AVAXUSDT,23.14,4.113789,LONG,801.990077,0.0,0.0,0.0,801.990077,0.0,0.0,0.0,1.171168,1.171168,1.0,1.171168,True,True
2024-08-31 06:00:00,23.15,23.2,23.11,23.13,18717.09,4e-05,29,1.526513,0.0,mean_reversion,,812.153814,0.117043,0.035608,False,,812.153814,0.117043,812.153814,,mean_reversion,0.355345,{},,76.0,AVAXUSDT,2024-08-31 06:00:00,,,,,801.990077,0.0,0.0,0.0,801.990077,0.0,0.0,0.0,1.526513,1.526513,1.0,1.526513,True,False
2024-08-31 07:00:00,23.14,23.17,22.98,23.02,39944.23,4e-05,29,6.329561,0.0,mean_reversion,,811.701749,0.116551,0.516405,True,True,811.282583,0.632766,811.701749,,mean_reversion,4.803047,{},,77.0,AVAXUSDT,2024-08-31 07:00:00,AVAXUSDT,23.02,18.20881,LONG,801.990077,0.0,0.0,0.0,801.990077,0.0,0.0,0.0,6.329561,6.329561,1.0,6.329561,True,True
2024-08-31 08:00:00,23.02,23.11,22.8,22.81,39015.44,5.6e-05,29,15.116244,0.0,mean_reversion,,806.599525,0.630634,0.88099,True,True,805.888918,1.512076,806.599525,,mean_reversion,8.786684,{},,78.0,AVAXUSDT,2024-08-31 08:00:00,AVAXUSDT,22.81,31.153276,LONG,801.990077,0.0,0.0,0.0,801.990077,0.0,0.0,0.0,15.116244,15.116244,1.0,15.116244,True,True
2024-08-31 09:00:00,22.8,22.94,22.77,22.87,39484.61,5.6e-05,29,11.73083,0.0,mean_reversion,,809.094262,1.510047,-0.336964,True,True,808.821627,1.173478,809.094262,,mean_reversion,-3.385414,{},,79.0,AVAXUSDT,2024-08-31 09:00:00,AVAXUSDT,22.87,11.921098,REDUCE_LONG,801.990077,0.0,0.0,0.0,801.990077,0.0,0.0,0.0,11.73083,11.73083,1.0,11.73083,True,True
2024-08-31 10:00:00,22.87,23.11,22.85,23.06,44819.5,5.6e-05,29,1.767074,0.0,mean_reversion,,816.706874,1.171804,-0.995096,True,True,815.894172,0.176883,816.706874,,mean_reversion,-9.963757,{},,80.0,AVAXUSDT,2024-08-31 10:00:00,AVAXUSDT,23.06,35.242927,REDUCE_LONG,801.990077,0.0,0.0,0.0,801.990077,0.0,0.0,0.0,1.767074,1.767074,1.0,1.767074,True,True
2024-08-31 11:00:00,23.07,23.09,23.01,23.03,22467.95,5.6e-05,29,3.555298,0.0,mean_reversion,,815.706421,0.176694,0.178836,False,,815.706421,0.176694,815.706421,,mean_reversion,1.788224,{},,81.0,AVAXUSDT,2024-08-31 11:00:00,,,,,801.990077,0.0,0.0,0.0,801.990077,0.0,0.0,0.0,3.555298,3.555298,1.0,3.555298,True,False
2024-08-31 12:00:00,23.04,23.09,22.94,23.07,29779.85,5.6e-05,29,0.868493,0.0,mean_reversion,,815.956756,0.176947,-0.090097,False,,815.956756,0.176947,815.956756,,mean_reversion,-2.686804,{},,82.0,AVAXUSDT,2024-08-31 12:00:00,,,,,801.990077,0.0,0.0,0.0,801.990077,0.0,0.0,0.0,0.868493,0.868493,1.0,0.868493,True,False
2024-08-31 13:00:00,23.07,23.13,22.89,22.89,31943.07,5.6e-05,29,12.364637,0.0,mean_reversion,,814.830248,0.175809,1.060655,True,True,813.965995,1.236715,814.830248,,mean_reversion,11.496143,{},,83.0,AVAXUSDT,2024-08-31 13:00:00,AVAXUSDT,22.89,37.756828,LONG,801.990077,0.0,0.0,0.0,801.990077,0.0,0.0,0.0,12.364637,12.364637,1.0,12.364637,True,True
2024-08-31 14:00:00,22.89,23.05,22.87,23.0,28554.76,5.6e-05,29,4.559693,0.0,mean_reversion,,818.803514,1.235316,-0.779347,True,True,818.165382,0.456325,818.803514,,mean_reversion,-7.804943,{},,84.0,AVAXUSDT,2024-08-31 14:00:00,AVAXUSDT,23.0,27.744868,REDUCE_LONG,801.990077,0.0,0.0,0.0,801.990077,0.0,0.0,0.0,4.559693,4.559693,1.0,4.559693,True,True
2024-08-31 15:00:00,23.0,23.07,22.94,23.04,34927.31,5.6e-05,29,1.329159,0.0,mean_reversion,,818.814685,0.456756,-0.32384,True,True,818.54952,0.132959,818.814685,,mean_reversion,-3.230535,{},,85.0,AVAXUSDT,2024-08-31 15:00:00,AVAXUSDT,23.04,11.508903,REDUCE_LONG,801.990077,0.0,0.0,0.0,801.990077,0.0,0.0,0.0,1.329159,1.329159,1.0,1.329159,True,True
2024-08-31 16:00:00,23.04,23.04,22.76,22.78,39616.12,5.6e-05,29,20.0,0.0,mean_reversion,,817.321364,0.131656,1.868344,True,True,815.794327,2.001872,817.321364,,mean_reversion,18.670841,{},,86.0,AVAXUSDT,2024-08-31 16:00:00,AVAXUSDT,22.78,67.034127,LONG,801.990077,0.0,0.0,0.0,801.990077,0.0,0.0,0.0,20.125217,20.125217,1.0,20.125217,True,True
2024-08-31 17:00:00,22.78,22.85,22.47,22.56,93004.36,5.6e-05,29,20.0,0.0,mean_reversion,,800.022358,2.021623,-0.021623,False,,800.022358,2.021623,800.022358,,mean_reversion,0.0,{},,87.0,AVAXUSDT,2024-08-31 17:00:00,,,,,801.990077,0.0,0.0,0.0,801.990077,0.0,0.0,0.0,24.0,24.0,1.0,24.0,True,False
2024-08-31 18:00:00,22.56,22.77,22.52,22.63,43666.33,5.6e-05,29,20.0,0.0,mean_reversion,,805.040712,2.015255,-0.015255,False,,805.040712,2.015255,805.040712,,mean_reversion,0.0,{},,88.0,AVAXUSDT,2024-08-31 18:00:00,,,,,801.990077,0.0,0.0,0.0,801.990077,0.0,0.0,0.0,23.599314,23.599314,1.0,23.599314,True,False
2024-08-31 19:00:00,22.63,22.72,22.6,22.69,18364.46,5.6e-05,29,17.316126,0.0,mean_reversion,,809.342158,2.009859,-0.278246,True,True,809.116961,1.732095,809.342158,,mean_reversion,-2.683874,{},,89.0,AVAXUSDT,2024-08-31 19:00:00,AVAXUSDT,22.69,9.924921,REDUCE_LONG,801.990077,0.0,0.0,0.0,801.990077,0.0,0.0,0.0,17.316126,17.316126,1.0,17.316126,True,True
2024-08-31 20:00:00,22.7,22.79,22.61,22.75,17659.79,5.6e-05,29,11.594437,0.0,mean_reversion,,812.822912,1.728757,-0.569313,True,True,812.360162,1.160104,812.822912,,mean_reversion,-5.721689,{},,90.0,AVAXUSDT,2024-08-31 20:00:00,AVAXUSDT,22.75,20.340686,REDUCE_LONG,801.990077,0.0,0.0,0.0,801.990077,0.0,0.0,0.0,11.594437,11.594437,1.0,11.594437,True,True
2024-08-31 21:00:00,22.76,22.89,22.71,22.82,27592.94,5.6e-05,29,5.809184,0.0,mean_reversion,,815.259923,1.159535,-0.578616,True,True,814.7882,0.581255,815.259923,,mean_reversion,-5.785253,{},,91.0,AVAXUSDT,2024-08-31 21:00:00,AVAXUSDT,22.82,20.671459,REDUCE_LONG,801.990077,0.0,0.0,0.0,801.990077,0.0,0.0,0.0,5.809184,5.809184,1.0,5.809184,True,True
2024-08-31 22:00:00,22.83,22.87,22.75,22.76,14391.76,5.6e-05,29,9.026059,0.0,mean_reversion,,813.542978,0.580614,0.321992,True,True,813.281024,0.902575,813.542978,,mean_reversion,3.216875,{},,92.0,AVAXUSDT,2024-08-31 22:00:00,AVAXUSDT,22.76,11.509423,LONG,801.990077,0.0,0.0,0.0,801.990077,0.0,0.0,0.0,9.026059,9.026059,1.0,9.026059,True,True
2024-08-31 23:00:00,22.76,22.82,22.68,22.81,20962.31,5.6e-05,29,4.95343,0.0,mean_reversion,,814.893604,0.902767,-0.407424,True,True,814.561597,0.495545,814.893604,,mean_reversion,-4.072629,{},,93.0,AVAXUSDT,2024-08-31 23:00:00,AVAXUSDT,22.81,14.555348,REDUCE_LONG,801.990077,0.0,0.0,0.0,801.990077,0.0,0.0,0.0,4.95343,4.95343,1.0,4.95343,True,True
2024-09-01 00:00:00,22.8,22.84,22.73,22.78,18831.26,-2.8e-05,26,6.499684,0.0,mean_reversion,,814.030709,0.495216,0.154753,False,,814.030709,0.495216,814.030709,,mean_reversion,1.546254,{},,94.0,AVAXUSDT,2024-09-01 00:00:00,,,,,801.990077,0.0,0.0,0.0,801.990077,0.0,0.0,0.0,6.499684,6.499684,1.0,6.499684,True,False
2024-09-01 01:00:00,22.78,22.78,22.53,22.55,19298.79,-2.8e-05,26,20.0,0.0,mean_reversion,,809.960567,0.492679,1.507321,True,True,808.739697,2.00151,809.960567,,mean_reversion,13.500316,{},,95.0,AVAXUSDT,2024-09-01 01:00:00,AVAXUSDT,22.55,54.14059,LONG,801.990077,0.0,0.0,0.0,801.990077,0.0,0.0,0.0,20.3066,20.3066,1.0,20.3066,True,True
2024-09-01 02:00:00,22.55,22.56,22.25,22.44,64032.63,-2.8e-05,26,20.0,0.0,mean_reversion,,800.843598,2.011384,-0.011384,False,,800.843598,2.011384,800.843598,,mean_reversion,0.0,{},,96.0,AVAXUSDT,2024-09-01 02:00:00,,,,,801.990077,0.0,0.0,0.0,801.990077,0.0,0.0,0.0,23.955194,23.955194,1.0,23.955194,True,False
2024-09-01 03:00:00,22.44,22.57,22.4,22.48,25257.29,-2.8e-05,26,19.375164,0.0,mean_reversion,,803.714907,2.007771,-0.070255,False,,803.714907,2.007771,803.714907,,mean_reversion,-0.624836,{},,97.0,AVAXUSDT,2024-09-01 03:00:00,,,,,801.990077,0.0,0.0,0.0,801.990077,0.0,0.0,0.0,19.375164,19.375164,1.0,19.375164,True,False
2024-09-01 04:00:00,22.48,22.5,22.33,22.4,27176.81,-2.8e-05,26,20.0,0.0,mean_reversion,,797.97229,2.015023,-0.015023,False,,797.97229,2.015023,797.97229,,mean_reversion,0.624836,{},,98.0,AVAXUSDT,2024-09-01 04:00:00,,,,,801.990077,0.0,0.0,0.0,801.990077,0.0,0.0,0.0,23.151557,23.151557,1.0,23.151557,True,False
2024-09-01 05:00:00,22.4,22.44,21.92,21.94,172382.27,-2.8e-05,26,20.0,0.0,mean_reversion,,764.95224,2.058838,-0.058838,False,,764.95224,2.058838,764.95224,,mean_reversion,0.0,{},,99.0,AVAXUSDT,2024-09-01 05:00:00,,,,,801.990077,0.0,0.0,0.0,801.990077,0.0,0.0,0.0,24.0,24.0,1.0,24.0,True,False
2024-09-01 06:00:00,21.95,22.18,21.9,22.06,37945.23,-2.8e-05,26,20.0,0.0,mean_reversion,,773.566166,2.047048,-0.047048,False,,773.566166,2.047048,773.566166,,mean_reversion,0.0,{},,100.0,AVAXUSDT,2024-09-01 06:00:00,,,,,801.990077,0.0,0.0,0.0,801.990077,0.0,0.0,0.0,24.0,24.0,1.0,24.0,True,False
2024-09-01 07:00:00,22.06,22.28,21.99,22.27,78004.83,-2.8e-05,26,18.055595,0.0,mean_reversion,,788.640536,2.027034,-0.221474,True,True,788.465873,1.805959,788.640536,,mean_reversion,-1.944405,{},,101.0,AVAXUSDT,2024-09-01 07:00:00,AVAXUSDT,22.27,7.843004,REDUCE_LONG,801.990077,0.0,0.0,0.0,801.990077,0.0,0.0,0.0,18.055595,18.055595,1.0,18.055595,True,True
2024-09-01 08:00:00,22.28,22.28,22.04,22.07,38612.86,-2.8e-05,26,20.0,0.0,mean_reversion,,775.67793,1.819247,0.180753,False,,775.67793,1.819247,775.67793,,mean_reversion,1.944405,{},,102.0,AVAXUSDT,2024-09-01 08:00:00,,,,,801.990077,0.0,0.0,0.0,801.990077,0.0,0.0,0.0,24.0,24.0,1.0,24.0,True,False
2024-09-01 09:00:00,22.07,22.59,22.03,22.39,142003.05,-0.000101,26,6.630434,0.0,mean_reversion,,796.138638,1.798192,-1.135149,True,True,795.234902,0.663797,796.138638,,mean_reversion,-13.369566,{},,103.0,AVAXUSDT,2024-09-01 09:00:00,AVAXUSDT,22.39,40.363363,REDUCE_LONG,801.990077,0.0,0.0,0.0,801.990077,0.0,0.0,0.0,6.630434,6.630434,1.0,6.630434,True,True
2024-09-01 10:00:00,22.38,22.39,22.2,22.22,48789.17,-0.000101,26,14.408796,0.0,mean_reversion,,791.226923,0.662094,0.778786,True,True,790.610727,1.441223,791.226923,,mean_reversion,7.778362,{},,104.0,AVAXUSDT,2024-09-01 10:00:00,AVAXUSDT,22.22,27.731606,LONG,801.990077,0.0,0.0,0.0,801.990077,0.0,0.0,0.0,14.408796,14.408796,1.0,14.408796,True,True
2024-09-01 11:00:00,22.22,22.36,22.18,22.36,27280.76,-0.000101,26,6.038643,0.0,mean_reversion,,797.789958,1.437253,-0.833388,True,True,797.125089,0.604368,797.789958,,mean_reversion,-8.370153,{},,105.0,AVAXUSDT,2024-09-01 11:00:00,AVAXUSDT,22.36,29.734746,REDUCE_LONG,801.990077,0.0,0.0,0.0,801.990077,0.0,0.0,0.0,6.038643,6.038643,1.0,6.038643,True,True
2024-09-01 12:00:00,22.35,22.43,22.22,22.28,29870.0,-0.000101,26,9.522098,0.0,mean_reversion,,795.401451,0.603511,0.348699,True,True,795.124095,0.952193,795.401451,,mean_reversion,3.483455,{},,106.0,AVAXUSDT,2024-09-01 12:00:00,AVAXUSDT,22.28,12.448645,LONG,801.990077,0.0,0.0,0.0,801.990077,0.0,0.0,0.0,9.522098,9.522098,1.0,9.522098,True,True
2024-09-01 13:00:00,22.27,22.39,22.09,22.3,86263.54,-0.000101,26,7.748108,0.0,mean_reversion,,795.803729,0.952234,-0.177423,False,,795.803729,0.952234,795.803729,,mean_reversion,-1.77399,{},,107.0,AVAXUSDT,2024-09-01 13:00:00,,,,,801.990077,0.0,0.0,0.0,801.990077,0.0,0.0,0.0,7.748108,7.748108,1.0,7.748108,True,False
2024-09-01 14:00:00,22.31,22.31,21.86,22.18,138036.68,-0.000101,26,12.553522,0.0,mean_reversion,,791.725928,0.951988,0.303364,True,True,791.485746,1.25543,791.725928,,mean_reversion,4.805413,{},,108.0,AVAXUSDT,2024-09-01 14:00:00,AVAXUSDT,22.18,10.828734,LONG,801.990077,0.0,0.0,0.0,801.990077,0.0,0.0,0.0,12.553522,12.553522,1.0,12.553522,True,True
2024-09-01 15:00:00,22.18,22.53,22.1,22.42,107892.51,-0.000101,26,-0.275712,0.0,mean_reversion,,802.237645,1.252006,-1.279577,True,True,801.21112,-0.027607,802.237645,,mean_reversion,-12.829234,{},,109.0,AVAXUSDT,2024-09-01 15:00:00,AVAXUSDT,22.42,0.98656,SHORT,801.990077,0.0,0.0,0.0,801.990077,0.0,0.0,0.0,-0.275712,-0.275712,1.0,-0.275712,True,True
2024-09-01 16:00:00,22.42,22.49,22.22,22.24,51183.72,-6e-05,26,7.841984,0.0,mean_reversion,,801.388701,-0.027379,0.811577,True,True,800.73829,0.784051,801.388701,,mean_reversion,8.117696,{},,110.0,AVAXUSDT,2024-09-01 16:00:00,AVAXUSDT,22.24,28.257543,LONG,801.990077,0.0,0.0,0.0,801.990077,0.0,0.0,0.0,7.841984,7.841984,1.0,7.841984,True,True
2024-09-01 17:00:00,22.24,22.34,21.76,21.91,125705.18,-6e-05,26,20.0,0.0,mean_reversion,,791.422626,0.781509,1.218491,True,True,790.458284,2.00122,791.422626,,mean_reversion,12.158016,{},,111.0,AVAXUSDT,2024-09-01 17:00:00,AVAXUSDT,21.91,44.013766,LONG,801.990077,0.0,0.0,0.0,801.990077,0.0,0.0,0.0,20.40206,20.40206,1.0,20.40206,True,True
2024-09-01 18:00:00,21.91,22.36,21.84,22.18,94614.98,-6e-05,26,6.704313,0.0,mean_reversion,,809.952024,1.977123,-1.306692,True,True,808.893667,0.671309,809.952024,,mean_reversion,-13.295687,{},,112.0,AVAXUSDT,2024-09-01 18:00:00,AVAXUSDT,22.18,47.716747,REDUCE_LONG,801.990077,0.0,0.0,0.0,801.990077,0.0,0.0,0.0,6.704313,6.704313,1.0,6.704313,True,True
2024-09-01 19:00:00,22.19,22.35,22.08,22.15,53730.17,-6e-05,26,7.089544,0.0,mean_reversion,,808.159198,0.67101,0.037945,False,,808.159198,0.67101,808.159198,,mean_reversion,0.385231,{},,113.0,AVAXUSDT,2024-09-01 19:00:00,,,,,801.990077,0.0,0.0,0.0,801.990077,0.0,0.0,0.0,7.089544,7.089544,1.0,7.089544,True,False
2024-09-01 20:00:00,22.16,22.31,22.11,22.16,39608.83,-6e-05,26,5.946432,0.0,mean_reversion,,808.404021,0.671109,-0.076466,False,,808.404021,0.671109,808.404021,,mean_reversion,-1.143112,{},,114.0,AVAXUSDT,2024-09-01 20:00:00,,,,,801.990077,0.0,0.0,0.0,801.990077,0.0,0.0,0.0,5.946432,5.946432,1.0,5.946432,True,False
2024-09-01 21:00:00,22.17,22.17,21.85,21.96,35585.34,-6e-05,26,12.791461,0.0,mean_reversion,,803.507563,0.669105,0.610041,True,True,803.017391,1.279317,803.507563,,mean_reversion,6.845029,{},,115.0,AVAXUSDT,2024-09-01 21:00:00,AVAXUSDT,21.96,22.321152,LONG,801.990077,0.0,0.0,0.0,801.990077,0.0,0.0,0.0,12.791461,12.791461,1.0,12.791461,True,True
2024-09-01 21:00:00,22.17,22.17,21.85,21.96,35585.34,-6e-05,26,,,,,803.017391,1.279317,-1.279317,,True,801.990077,0.0,803.017391,,,,,,,,,AVAXUSDT,21.96,46.781122,CLOSE,801.990077,0.0,0.0,0.0,801.990077,0.0,0.0,0.0,,,,,,
